N,seed,dutyCycle,devId,registered,authSuccess,attempts,latencyMs,e2eMs,fullEnergyMJ,fullCpuEnergyMJ,fullTxEnergyMJ,fullRxEnergyMJ,idleListeningMs,regEnergyMJ,regCpuEnergyMJ,regTxEnergyMJ,regRxEnergyMJ,authEnergyMJ,authCpuEnergyMJ,authTxEnergyMJ,authRxEnergyMJ,sessionEnergyMJ,fallbackUsed,replayRejected,desync
1000,5,1,1,1,1,1,4321.31,18685.3,310.927,46.3844,0.482746,217.045,14823.6,98.6654,23.1957,0.267264,75.2024,49.0818,23.1887,0.0718272,25.8213,147.747,0,0,0
1000,5,1,2,1,1,1,4339.15,18656.7,444.602,46.3844,0.6264,350.965,12417.6,77.015,23.1957,0.267264,53.552,126.197,23.1887,0.0718272,102.937,203.212,0,0,0
1000,5,1,3,1,1,1,4316.3,18640.1,429.189,46.3844,0.482746,335.651,12675.4,129.746,23.1957,0.267264,106.283,73.4087,23.1887,0.0718272,50.1482,203.155,0,0,0
1000,5,1,4,1,1,1,4317.38,18734.4,539.237,46.3844,0.678182,445.824,10812.3,130.131,23.1957,0.462701,106.472,128.341,23.1887,0.0718272,105.081,258.472,0,0,0
1000,5,1,5,1,1,1,4319.85,24709.8,654.337,52.1883,0.714931,555.577,14840.5,277.644,28.9996,0.355795,248.189,90.9315,23.1887,0.0718272,67.671,368.576,0,0,0
1000,5,1,6,1,1,1,4316.04,18679.1,427.676,46.3844,0.482746,334.133,12741.4,130.378,23.1957,0.267264,106.915,72.3402,23.1887,0.0718272,49.0797,202.718,0,0,0
1000,5,1,7,1,1,1,4330.83,18650.8,407.685,46.3844,0.482746,314.084,13068.5,79.5832,23.1957,0.267264,56.1203,128.237,23.1887,0.0718272,104.976,207.82,0,0,0
1000,5,1,8,1,1,1,4341.86,18700.4,545.611,46.3844,0.482746,452.411,10665.5,125.366,23.1957,0.267264,101.903,126.999,23.1887,0.0718272,103.738,252.364,0,0,0
1000,5,1,9,1,1,1,4324.84,18638.7,351.215,46.3844,0.6264,257.307,14060.1,60.3621,23.1957,0.267264,36.8991,112.679,23.1887,0.0718272,89.4188,173.041,0,0,0
1000,5,1,10,1,1,1,4343.17,18675.7,544.657,46.3844,0.482746,451.454,10657.7,124.94,23.1957,0.267264,101.477,126.459,23.1887,0.0718272,103.198,251.399,0,0,0
1000,5,1,11,1,0,0,-1,-1,755.688,23.1957,0.302342,685.831,257164,-1,-1,-1,-1,-1,-1,-1,-1,-1,0,0,0
1000,5,1,12,1,1,1,4350.63,18671.8,521.879,46.3844,0.517824,428.575,11058.7,123.576,23.1957,0.302342,100.078,118.153,23.1887,0.0718272,94.8928,241.729,0,0,0
1000,5,1,13,1,1,1,4315.66,30651.5,751.187,57.9922,0.589651,647.189,19160.3,424.012,34.8035,0.37417,388.344,75.616,23.1887,0.0718272,52.3554,499.628,0,0,0
1000,5,1,14,1,1,1,4318.54,30665.4,475.331,57.9922,0.785088,370.336,24079,326.373,34.8035,0.569606,290.224,27.6823,23.1887,0.0718272,4.42176,354.056,0,0,0
1000,5,1,15,1,1,1,4321.99,18639,352.204,46.3844,0.482746,258.442,14043.3,60.4162,23.1957,0.267264,36.9533,112.862,23.1887,0.0718272,89.6011,173.278,0,0,0
1000,5,1,16,1,1,1,4333.26,18651.8,544.085,46.3844,0.517824,450.846,10643.7,122.687,23.1957,0.267264,99.2243,127.185,23.1887,0.106906,103.89,249.873,0,0,0
1000,5,1,17,1,1,1,4316.3,18669.6,405.878,46.3844,0.482746,312.272,13119.4,129.61,23.1957,0.267264,106.148,71.2754,23.1887,0.0718272,48.0149,200.886,0,0,0
1000,5,1,18,1,1,1,4325.6,18740.5,510.037,46.3844,0.482746,416.734,11338.2,128.582,23.1957,0.267264,105.119,103.098,23.1887,0.0718272,79.8371,231.679,0,0,0
1000,5,1,19,1,1,2,4368.9,18756.2,531.209,69.5741,0.856915,415.041,11339.3,127.701,23.1957,0.337421,104.168,125.871,46.3784,0.37584,79.117,253.572,1,0,0
1000,5,1,20,1,1,1,4385.74,18730.1,547.871,46.3844,0.927072,454.234,10653.4,124.816,23.1957,0.497779,101.123,128.836,23.1887,0.141984,105.505,253.652,0,0,0
1000,5,1,21,1,1,1,4319.77,18692.6,313.13,46.3844,0.482746,219.254,14791.7,99.7176,23.1957,0.267264,76.2546,49.376,23.1887,0.0718272,26.1155,149.094,0,0,0
1000,5,1,22,1,1,1,4326.54,18644.7,436.269,46.3844,0.482746,342.751,12554.1,77.1846,23.1957,0.267264,53.7217,124.286,23.1887,0.0718272,101.025,201.471,0,0,0
1000,5,1,23,1,1,1,4349.06,18710.4,551.692,46.3844,0.678182,458.315,10566.8,127.402,23.1957,0.462701,103.744,124.571,23.1887,0.0718272,101.311,251.973,0,0,0
1000,5,1,24,1,1,1,4374.33,18695.7,547.265,46.3844,0.517824,454.035,10631.2,124.396,23.1957,0.267264,100.933,128.378,23.1887,0.106906,105.083,252.775,0,0,0
1000,5,1,25,1,1,1,4316.62,18646.6,305.583,46.3844,0.482746,211.685,14879.9,94.0144,23.1957,0.267264,70.5514,46.6092,23.1887,0.0718272,23.3487,140.624,0,0,0
1000,5,1,26,1,1,1,4324.97,18651.7,425.831,46.3844,0.482746,332.284,12746.7,79.4136,23.1957,0.267264,55.9506,123.142,23.1887,0.0718272,99.8812,202.555,0,0,0
1000,5,1,27,1,1,1,4329.86,18675.6,504.412,46.3844,0.517824,411.058,11373.1,125.776,23.1957,0.302342,102.278,93.5629,23.1887,0.0718272,70.3024,219.339,0,0,0
1000,5,1,28,1,1,1,4336.9,18660.4,534.302,46.3844,0.482746,441.07,10826.6,109.124,23.1957,0.267264,85.6612,137.836,23.1887,0.0718272,114.576,246.961,0,0,0
1000,5,1,29,1,1,1,4326.94,18655.8,541.4,46.3844,0.482746,448.188,10695.8,132.202,23.1957,0.267264,108.739,122.633,23.1887,0.0718272,99.3723,254.835,0,0,0
1000,5,1,30,1,1,1,4344.66,18660.6,426.423,46.3844,0.536198,332.823,12744.6,78.965,23.1957,0.302342,55.4669,123.014,23.1887,0.0902016,99.7351,201.979,0,0,0
1000,5,1,31,0,0,0,-1,-1,389.801,23.206,0.942106,318.231,248284,-1,-1,-1,-1,-1,-1,-1,-1,-1,0,0,0
1000,5,1,32,1,1,1,4364.09,18695,544.776,46.3844,0.517824,451.539,10674.7,124.309,23.1957,0.302342,100.811,126.849,23.1887,0.0718272,103.588,251.158,0,0,0
1000,5,1,33,1,1,1,4323.91,18688.7,485.423,46.3844,0.517824,392.013,11723.8,117.376,23.1957,0.267264,93.9128,82.7836,23.1887,0.106906,59.488,200.159,0,0,0
1000,5,1,34,1,1,1,4320.58,18636.3,436.397,46.3844,0.482746,342.88,12543.4,76.5475,23.1957,0.267264,53.0846,123.232,23.1887,0.0718272,99.9715,199.78,0,0,0
1000,5,1,35,1,1,2,10328.5,24645.2,642.528,69.5741,0.554573,526.985,15286.1,76.8074,23.1957,0.267264,53.3445,307.839,46.3784,0.143654,261.317,384.647,1,0,0
1000,5,1,36,1,1,1,4314.38,18648.3,537.423,46.3844,0.482746,444.199,10759,127.649,23.1957,0.267264,104.186,126.89,23.1887,0.0718272,103.63,254.539,0,0,0
1000,5,1,37,1,1,1,4323.08,18681.7,538.458,46.3844,0.517824,445.203,10773.8,128.31,23.1957,0.302342,104.812,127.203,23.1887,0.0718272,103.942,255.513,0,0,0
1000,5,1,38,1,1,2,10349.5,24668,604.65,69.5741,0.519494,489.032,15982.7,79.0941,23.1957,0.267264,55.6312,295.493,46.3784,0.108576,249.006,374.588,1,0,0
1000,5,1,39,1,1,1,4318.54,18631.9,471.166,46.3844,0.482746,377.75,11920.7,118.442,23.1957,0.267264,94.9794,82.6023,23.1887,0.0718272,59.3418,201.045,0,0,0
1000,5,1,40,1,1,1,4335.5,48679.9,1145.72,75.404,1.21104,1025.31,30470.6,815.639,52.2153,0.995558,760.602,78.2492,23.1887,0.0718272,54.9886,893.889,0,0,0
1000,5,1,41,1,1,1,4353.62,18687.7,543.031,46.3844,0.587981,449.718,10698,129.235,23.1957,0.267264,105.772,119.184,23.1887,0.177062,95.8186,248.419,0,0,0
1000,5,1,42,1,0,0,-1,-1,638.497,23.1957,0.407578,568.194,254419,-1,-1,-1,-1,-1,-1,-1,-1,-1,0,0,0
1000,5,1,43,1,1,1,4323.5,18667.5,530.863,46.3844,0.482746,437.621,10894.9,125.319,23.1957,0.267264,101.856,126.957,23.1887,0.0718272,103.697,252.276,0,0,0
1000,5,1,44,1,1,2,4404.44,18739.2,561.924,69.5741,0.733306,445.968,10812.8,128.233,23.1957,0.267264,104.77,153.196,46.3784,0.178733,106.638,281.429,1,0,0
1000,5,1,45,1,1,1,4318.47,18695,549.672,46.3844,0.482746,456.484,10587.9,127.057,23.1957,0.267264,103.594,127.179,23.1887,0.0718272,103.919,254.236,0,0,0
1000,5,1,46,1,1,1,4317.9,18640.3,482.277,46.3844,0.482746,388.893,11731.6,115.908,23.1957,0.267264,92.4455,82.3479,23.1887,0.0718272,59.0873,198.256,0,0,0
1000,5,1,47,1,1,1,4316.1,18629,495.403,46.3844,0.482746,402.057,11486.9,86.7356,23.1957,0.267264,63.2727,132.361,23.1887,0.0718272,109.1,219.096,0,0,0
1000,5,1,48,1,1,1,4329.1,18715.6,407.218,46.3844,0.517824,313.58,13141.4,130.245,23.1957,0.302342,106.747,71.0805,23.1887,0.0718272,47.82,201.325,0,0,0
1000,5,1,49,1,1,1,4340.17,30729.1,779.453,58.003,2.27843,673.838,18730.1,364.819,34.8143,1.77564,327.559,118.846,23.1887,0.0718272,95.5858,483.665,0,0,0
1000,5,1,50,1,1,1,4352.16,18671.6,434.872,46.3844,0.6264,341.206,12605.4,79.789,23.1957,0.267264,56.326,124.452,23.1887,0.0718272,101.192,204.241,0,0,0
1000,5,1,51,1,1,1,4350.55,18666.8,506.799,46.3844,0.482746,413.487,11322,93.7545,23.1957,0.267264,70.2915,132.738,23.1887,0.0718272,109.477,226.492,0,0,0
1000,5,1,52,1,1,1,4315.98,18638.9,376.646,46.3844,0.482746,282.955,13608.5,129.047,23.1957,0.267264,105.584,70.1402,23.1887,0.0718272,46.8797,199.188,0,0,0
1000,5,1,53,1,1,2,4373.71,18698.6,567.79,69.5741,0.733306,451.852,10661.4,123.514,23.1957,0.267264,100.051,149.755,46.3784,0.322387,103.054,273.269,1,0,0
1000,5,1,54,1,1,1,4365.09,18685,499.875,46.3844,0.517824,406.508,11463.2,91.9551,23.1957,0.267264,68.4922,131.255,23.1887,0.106906,107.96,223.21,0,0,0
1000,5,1,55,1,1,1,4339.18,18717.6,546.199,46.3844,0.482746,453.001,10672.2,129.23,23.1957,0.267264,105.767,121.498,23.1887,0.0718272,98.2371,250.727,0,0,0
1000,5,1,56,1,1,1,4360.2,18672,542.755,46.3844,0.482746,449.547,10687.8,124.174,23.1957,0.267264,100.711,131.964,23.1887,0.0718272,108.703,256.138,0,0,0
1000,5,1,57,1,1,1,4319.94,18654.7,541.315,46.3844,0.482746,448.103,10696.2,133.065,23.1957,0.267264,109.602,121.924,23.1887,0.0718272,98.663,254.988,0,0,0
1000,5,1,58,1,1,3,16378.2,30693,811.089,92.7639,0.699898,673.338,18735.8,78.5419,23.1957,0.267264,55.0789,465.942,69.5682,0.288979,396.085,544.484,2,0,0
1000,5,1,59,1,1,1,4314.7,18638.1,401.021,46.3844,0.552902,307.33,13173.9,128.349,23.1957,0.337421,104.816,70.6076,23.1887,0.0718272,47.3471,198.956,0,0,0
1000,5,1,60,1,1,1,4336.59,18681.1,536.476,46.3844,0.482746,443.25,10808.6,112.965,23.1957,0.267264,89.5018,136.264,23.1887,0.0718272,113.004,249.229,0,0,0
1000,5,1,61,1,1,1,4314.7,18637,441.957,46.3844,0.482746,348.456,12445.3,128.719,23.1957,0.267264,105.256,74.6576,23.1887,0.0718272,51.3971,203.377,0,0,0
1000,5,1,62,1,1,1,4319.06,18637.2,407.355,46.3844,0.482746,313.754,13060.8,128.459,23.1957,0.267264,104.996,70.6509,23.1887,0.0718272,47.3904,199.11,0,0,0
1000,5,1,63,1,0,0,-1,-1,1027.22,23.1957,0.302342,958.152,263502,-1,-1,-1,-1,-1,-1,-1,-1,-1,0,0,0
1000,5,1,64,1,1,1,4320.26,18715.2,389.92,46.3844,0.517824,296.233,13448.5,129.923,23.1957,0.302342,106.425,70.6509,23.1887,0.0718272,47.3904,200.574,0,0,0
1000,5,1,65,1,1,1,4319.88,18664.1,308.93,46.3844,0.482746,215.042,14837.9,96.1368,23.1957,0.267264,72.6739,48.0224,23.1887,0.0718272,24.7619,144.159,0,0,0
1000,5,1,66,1,1,1,4324.11,18652.2,408.386,46.3844,0.482746,314.788,13057.4,79.4244,23.1957,0.267264,55.9614,127.589,23.1887,0.0718272,104.328,207.013,0,0,0
1000,5,1,67,1,1,1,4327.72,18670.4,448.765,46.3844,0.552902,355.214,12357.1,76.3488,23.1957,0.337421,52.8157,127.619,23.1887,0.0718272,104.359,203.968,0,0,0
1000,5,1,68,1,1,1,4321.44,18642.3,461.227,46.3844,0.482746,367.782,12107.9,78.1556,23.1957,0.267264,54.6927,129.617,23.1887,0.0718272,106.357,207.773,0,0,0
1000,5,1,69,1,1,1,4322.76,18676,543.3,46.3844,0.748339,449.828,10681.2,131.897,23.1957,0.497779,108.203,123.79,23.1887,0.106906,100.495,255.687,0,0,0
1000,5,1,70,1,1,1,4374.8,18726.1,537.914,46.3844,0.948787,444.226,10826.6,128.324,23.1957,0.267264,104.861,128.775,23.1887,0.106906,105.48,257.099,0,0,0
1000,5,1,71,1,1,1,4323.27,18644.3,538.283,46.3844,0.482746,445.062,10739.7,127.12,23.1957,0.267264,103.657,128.775,23.1887,0.0718272,105.514,255.894,0,0,0
1000,5,1,72,1,1,1,4337.41,18657.1,379.212,46.3844,0.482746,285.528,13581.1,72.5571,23.1957,0.267264,49.0942,121.617,23.1887,0.0718272,98.3562,194.174,0,0,0
1000,5,1,73,1,1,1,4322.31,18662.9,414.739,46.3844,0.482746,321.159,12955.2,131.377,23.1957,0.267264,107.914,71.6526,23.1887,0.0718272,48.3921,203.03,0,0,0
1000,5,1,74,1,1,1,4314.7,18698.9,349.445,46.3844,0.482746,255.675,14152.2,117.628,23.1957,0.267264,94.1654,58.2123,23.1887,0.0718272,34.9518,175.841,0,0,0
1000,5,1,75,1,0,0,-1,-1,581.207,23.1957,0.302342,510.843,253146,-1,-1,-1,-1,-1,-1,-1,-1,-1,0,0,0
1000,5,1,76,1,0,0,-1,-1,938.199,28.9996,1.24278,862.288,261216,-1,-1,-1,-1,-1,-1,-1,-1,-1,0,0,0
1000,5,1,77,1,1,1,4320.07,18642.1,378.235,46.3844,0.482746,284.548,13583.5,72.9073,23.1957,0.267264,49.4443,120.967,23.1887,0.0718272,97.7065,193.874,0,0,0
1000,5,1,78,1,0,0,-1,-1,1167.16,23.1957,0.267264,1098.54,268482,-1,-1,-1,-1,-1,-1,-1,-1,-1,0,0,0
1000,5,1,79,1,1,1,4327.11,18639.7,510.219,46.3844,0.482746,416.916,11234.1,96.4202,23.1957,0.267264,72.9572,130.621,23.1887,0.0718272,107.36,227.041,0,0,0
1000,5,1,80,1,1,1,4338.86,18654.6,449.685,46.3844,0.482746,356.206,12325.5,76.2191,23.1957,0.267264,52.7561,126.679,23.1887,0.0718272,103.419,202.898,0,0,0
1000,5,1,81,1,1,1,4332.18,18645.4,430.462,46.3844,0.482746,336.927,12658.1,129.571,23.1957,0.267264,106.108,71.2267,23.1887,0.0718272,47.9662,200.797,0,0,0
1000,5,1,82,1,1,1,4365.84,18692.1,540.493,46.3844,0.678182,447.083,10747.8,135.502,23.1957,0.462701,111.843,127.973,23.1887,0.0718272,104.713,263.475,0,0,0
1000,5,1,83,1,1,1,4317.06,24659,635.14,52.1991,0.75001,536.278,15131.2,216.323,29.0104,0.534528,186.508,132.552,23.1887,0.0718272,109.291,348.875,0,0,0
1000,5,1,84,1,1,1,4317.48,24634.8,691.334,52.1883,0.50112,592.895,14108.5,288.927,28.9996,0.285638,259.586,126.755,23.1887,0.0718272,103.494,415.682,0,0,0
1000,5,1,85,1,1,1,4320.07,18668.5,543.25,46.3844,0.482746,450.043,10675.6,130.562,23.1957,0.267264,107.099,119.884,23.1887,0.0718272,96.6236,250.446,0,0,0
1000,5,1,86,1,1,1,4340.07,18676.6,541.998,46.3844,0.713261,448.558,10705.2,119.642,23.1957,0.497779,95.9486,132.732,23.1887,0.0718272,109.472,252.375,0,0,0
1000,5,1,87,1,1,1,4365.02,18684.7,551.22,46.3844,0.482746,458.037,10550.1,126.71,23.1957,0.267264,103.247,127.453,23.1887,0.0718272,104.193,254.164,0,0,0
1000,5,1,88,1,1,1,4362.21,18708.4,552.005,46.3844,0.517824,458.789,10559.6,125.014,23.1957,0.302342,101.516,126.681,23.1887,0.0718272,103.42,251.695,0,0,0
1000,5,1,89,1,1,1,4380.86,18696.1,463.606,46.3844,0.948787,369.702,12118,76.2678,23.1957,0.267264,52.8048,130.461,23.1887,0.106906,107.165,206.729,0,0,0
1000,5,1,90,1,1,1,4331.4,18658.3,471.03,46.3844,0.678182,377.418,11949.2,119.914,23.1957,0.462701,96.2554,82.5121,23.1887,0.0718272,59.2516,202.426,0,0,0
1000,5,1,91,1,1,1,4320.39,18639.1,447.232,46.3844,0.482746,353.746,12353.5,75.3564,23.1957,0.267264,51.8934,127.271,23.1887,0.0718272,104.011,202.628,0,0,0
1000,5,1,92,1,1,1,4324.3,18689.1,335.016,46.3844,0.482746,241.204,14399,109.536,23.1957,0.267264,86.0727,56.1728,23.1887,0.0718272,32.9123,165.709,0,0,0
1000,5,1,93,1,1,1,4322.77,18652.8,538.286,46.3844,0.6264,444.921,10747.8,127.672,23.1957,0.267264,104.209,128.513,23.1887,0.0718272,105.252,256.185,0,0,0
1000,5,1,94,1,1,1,4354.32,24676.2,695.369,52.1883,0.536198,596.907,14077.9,290.141,28.9996,0.320717,260.768,131.552,23.1887,0.0718272,108.292,421.693,0,0,0
1000,5,1,95,1,1,1,4324.23,18639.4,354.853,46.3844,0.482746,261.099,13996.5,61.6832,23.1957,0.267264,38.2202,112.609,23.1887,0.0718272,89.3484,174.292,0,0,0
1000,5,1,96,1,1,1,4317.26,18668.1,404.756,46.3844,0.517824,311.111,13137.6,130.218,23.1957,0.302342,106.72,70.8639,23.1887,0.0718272,47.6034,201.082,0,0,0
1000,5,1,97,1,0,0,-1,-1,681.899,23.1957,0.267264,611.863,255692,-1,-1,-1,-1,-1,-1,-1,-1,-1,0,0,0
1000,5,1,98,1,1,1,4317.34,18715.5,310.744,46.3844,0.517824,216.827,14856.8,98.1518,23.1957,0.302342,74.6537,47.9051,23.1887,0.0718272,24.6445,146.057,0,0,0
1000,5,1,99,1,1,1,4348.76,18734.7,429.671,46.3844,0.805133,335.812,12760.4,131.332,23.1957,0.267264,107.869,72.693,23.1887,0.106906,49.3974,204.025,0,0,0
1000,5,1,100,1,1,1,4380.72,18713,540.094,46.3844,0.517824,446.843,10775.9,132.198,23.1957,0.302342,108.699,130.679,23.1887,0.0718272,107.418,262.876,0,0,0
1000,5,1,101,1,1,1,4337.38,18660.9,405.705,46.3844,0.482746,312.099,13113.8,80.8303,23.1957,0.267264,57.3674,127.464,23.1887,0.0718272,104.204,208.295,0,0,0
1000,5,1,102,1,1,1,4317.83,18644,364.47,46.3844,0.678182,270.549,13829.7,67.885,23.1957,0.462701,44.2266,114.237,23.1887,0.0718272,90.9764,182.122,0,0,0
1000,5,1,103,1,1,1,4352.77,18680.5,514.219,46.3844,0.482746,420.928,11203.8,124.896,23.1957,0.267264,101.433,108.696,23.1887,0.0718272,85.4356,233.592,0,0,0
1000,5,1,104,1,1,1,4334.18,18653,508.42,46.3844,0.644774,414.951,11278.8,94.6948,23.1957,0.267264,71.2318,132.318,23.1887,0.0902016,109.039,227.012,0,0,0
1000,5,1,105,1,1,1,4351.27,18681.2,551.818,46.3844,0.679853,458.439,10535.1,127.57,23.1957,0.302342,104.072,125.68,23.1887,0.0902016,102.401,253.25,0,0,0
1000,5,1,106,1,1,2,10341.6,24678.8,700.742,69.5741,0.554573,585.369,14284.5,114.129,23.1957,0.267264,90.6659,297.362,46.3784,0.143654,250.84,411.491,1,0,0
1000,5,1,107,1,1,1,4325.67,18719.4,541.755,46.3844,0.517824,448.509,10752.8,133.01,23.1957,0.302342,109.512,124.223,23.1887,0.0718272,100.962,257.233,0,0,0
1000,5,1,108,1,1,1,4329.48,18651.2,512.414,46.3844,0.482746,419.118,11206.6,97.8063,23.1957,0.267264,74.3433,131.012,23.1887,0.0718272,107.752,228.819,0,0,0
1000,5,1,109,1,1,1,4315.27,18655.4,538.256,46.3844,0.482746,445.035,10751.3,134.825,23.1957,0.267264,111.362,127.49,23.1887,0.0718272,104.229,262.314,0,0,0
1000,5,1,110,1,1,1,4332.14,18689.8,532.193,46.3844,1.01727,438.42,10892.1,126.233,23.1957,0.658138,102.379,126.555,23.1887,0.0718272,103.294,252.788,0,0,0
1000,5,1,111,1,1,1,4319.59,18641.1,425.659,46.3844,0.482746,332.11,12739.2,79.1428,23.1957,0.267264,55.6799,122.423,23.1887,0.0718272,99.1629,201.566,0,0,0
1000,5,1,112,1,1,2,10351.4,24669.3,657.413,69.5741,0.519494,541.949,15045.8,81.4638,23.1957,0.267264,58.0009,302.87,46.3784,0.108576,256.383,384.334,1,0,0
1000,5,1,113,1,1,1,4324.94,18689.5,541.286,46.3844,0.482746,448.074,10731.5,130.41,23.1957,0.267264,106.947,120.418,23.1887,0.0718272,97.1578,250.828,0,0,0
1000,5,1,114,1,1,1,4345.1,18730.5,538.744,46.3844,0.517824,445.49,10817.5,128.652,23.1957,0.267264,105.189,128.344,23.1887,0.106906,105.048,256.996,0,0,0
1000,5,1,115,1,1,1,4318.34,18699.2,412.843,46.3844,0.713261,319.027,13024.5,131.512,23.1957,0.497779,107.819,71.5317,23.1887,0.0718272,48.2712,203.044,0,0,0
1000,5,1,116,1,1,1,4336.33,18655.7,547.911,46.3844,0.482746,454.718,10579.9,127.715,23.1957,0.267264,104.252,125.419,23.1887,0.0718272,102.159,253.135,0,0,0
1000,5,1,117,1,0,0,-1,-1,769.025,23.1957,0.497779,699.012,257490,-1,-1,-1,-1,-1,-1,-1,-1,-1,0,0,0
1000,5,1,118,1,1,1,4315.98,18691.5,346.917,46.3844,0.482746,253.139,14189.8,116.749,23.1957,0.267264,93.2865,57.3893,23.1887,0.0718272,34.1288,174.139,0,0,0
1000,5,1,119,1,1,1,4329.49,18667.1,538.625,46.3844,0.482746,445.405,10756.4,134.765,23.1957,0.267264,111.302,127.816,23.1887,0.0718272,104.556,262.581,0,0,0
1000,5,1,120,1,1,1,4408.66,24792.1,693.616,52.1883,0.855245,594.83,14223.6,287.595,28.9996,0.516154,258.009,130.131,23.1887,0.195437,106.747,417.725,0,0,0
1000,5,1,121,1,1,1,4330.87,18661.7,545.303,46.3844,0.482746,452.102,10632.2,125.586,23.1957,0.267264,102.123,125.788,23.1887,0.0718272,102.527,251.373,0,0,0
1000,5,1,122,1,1,1,4347.7,18668.3,508.972,46.3844,0.482746,415.665,11284.9,94.3483,23.1957,0.267264,70.8853,132.377,23.1887,0.0718272,109.116,226.725,0,0,0
1000,5,1,123,1,1,1,4315.7,18633.7,333.708,46.3844,0.482746,239.892,14366.8,108.909,23.1957,0.267264,85.4465,55.691,23.1887,0.0718272,32.4305,164.6,0,0,0
1000,5,1,124,1,1,1,4334.7,18658.4,540.635,46.3844,0.482746,447.421,10712,136.988,23.1957,0.267264,113.526,129.89,23.1887,0.0718272,106.629,266.878,0,0,0
1000,5,1,125,1,1,1,4326.86,18694.4,475.949,46.3844,0.713261,382.316,11897.5,117.146,23.1957,0.497779,93.4525,83.068,23.1887,0.0718272,59.8075,200.214,0,0,0
1000,5,1,126,1,1,1,4318.86,18674.9,483.069,46.3844,0.482746,389.687,11752.1,116.291,23.1957,0.267264,92.8281,82.5843,23.1887,0.0718272,59.3238,198.875,0,0,0
1000,5,1,127,1,1,1,4322.44,18689,545.863,46.3844,0.587981,452.559,10648.9,125.251,23.1957,0.372499,101.682,126.367,23.1887,0.0718272,103.106,251.618,0,0,0
1000,5,1,128,1,1,1,4326.88,18685.5,505.191,46.3844,0.482746,411.873,11369.3,126.714,23.1957,0.267264,103.251,93.7993,23.1887,0.0718272,70.5388,220.513,0,0,0
1000,5,1,129,1,1,2,10350.7,24669.5,642.876,69.5741,0.589651,527.299,15304,76.6522,23.1957,0.267264,53.1893,308.394,46.3784,0.178733,261.837,385.046,1,0,0
1000,5,1,130,1,1,1,4333.3,18680.8,550.762,46.3844,0.517824,457.542,10554.1,126.097,23.1957,0.302342,102.599,127.444,23.1887,0.0718272,104.184,253.542,0,0,0
1000,5,1,131,1,1,1,4319.43,18646.2,437.187,46.3844,0.482746,343.672,12539.3,77.7062,23.1957,0.267264,54.2433,124.526,23.1887,0.0718272,101.266,202.232,0,0,0
1000,5,1,132,1,1,1,4317.9,18682.8,536.519,46.3844,0.482746,443.293,10809.5,128.625,23.1957,0.267264,105.162,127.598,23.1887,0.0718272,104.337,256.223,0,0,0
1000,5,1,133,1,1,1,4319.9,18643.3,424.933,46.3844,0.482746,331.383,12754.3,77.9751,23.1957,0.267264,54.5122,124.454,23.1887,0.0718272,101.193,202.429,0,0,0
1000,5,1,134,1,1,1,4358.96,18692.6,545.25,46.3844,0.517824,452.014,10663.9,127.041,23.1957,0.302342,103.543,123.389,23.1887,0.0718272,100.128,250.43,0,0,0
1000,5,1,135,1,1,1,4334.02,18648.5,360.714,46.3844,0.482746,266.977,13901.4,64.9174,23.1957,0.267264,41.4545,113.712,23.1887,0.0718272,90.4512,178.629,0,0,0
1000,5,1,136,1,1,1,4328.33,18687.5,538.731,46.3844,0.482746,445.511,10775,128.293,23.1957,0.267264,104.83,127.553,23.1887,0.0718272,104.292,255.846,0,0,0
1000,5,1,137,1,1,1,4336.33,18736,449.021,46.3844,0.517824,355.506,12418.4,125.653,23.1957,0.302342,102.155,76.5761,23.1887,0.0718272,53.3156,202.229,0,0,0
1000,5,1,138,1,1,1,4333.42,24662.9,641.57,52.1883,0.731635,542.756,15020.8,273.104,28.9996,0.481075,243.52,84.2996,23.1887,0.106906,61.004,357.404,0,0,0
1000,5,1,139,1,1,1,4324.99,18716.6,542.581,46.3844,0.6264,449.229,10735.2,131.765,23.1957,0.267264,108.302,119.211,23.1887,0.0718272,95.9504,250.976,0,0,0
1000,5,1,140,1,1,1,4377.32,18706.8,541.375,46.3844,0.482746,448.163,10747.2,135.512,23.1957,0.267264,112.049,128.462,23.1887,0.0718272,105.202,263.974,0,0,0
1000,5,1,141,1,1,1,4326.28,24675,669.815,52.1883,0.536198,571.279,14531.1,247.939,28.9996,0.320717,218.439,123.393,23.1887,0.0718272,100.132,371.331,0,0,0
1000,5,1,142,1,1,1,4324.49,18768.6,438.016,46.3844,0.482746,344.504,12646.9,131.796,23.1957,0.267264,108.333,72.4828,23.1887,0.0718272,49.2223,204.279,0,0,0
1000,5,1,143,1,1,1,4331.14,30721.3,662.212,57.9922,1.17596,557.369,20810.8,422.18,34.8035,0.96048,385.911,66.4999,23.1887,0.0718272,43.2394,488.68,0,0,0
1000,5,1,144,1,1,1,4358.1,18671.3,389.267,46.3844,0.6264,295.469,13416.1,75.1452,23.1957,0.267264,51.6823,123.907,23.1887,0.0718272,100.646,199.052,0,0,0
1000,5,1,145,1,1,1,4316.62,18672.1,547.472,46.3844,0.517824,454.243,10603.9,125.556,23.1957,0.302342,102.058,123.535,23.1887,0.0718272,100.275,249.091,0,0,0
1000,5,1,146,1,1,1,4318.86,18706,350.44,46.3952,0.50112,256.644,14141.6,118.719,23.2065,0.285638,95.2267,58.6039,23.1887,0.0718272,35.3434,177.323,0,0,0
1000,5,1,147,1,1,1,4342.73,18676.5,541.987,46.3844,0.678182,448.581,10705.6,122.11,23.1957,0.462701,98.4518,132.4,23.1887,0.0718272,109.14,254.511,0,0,0
1000,5,1,148,1,1,1,4326.44,18644.4,540.212,46.3844,0.482746,446.997,10705.5,136.099,23.1957,0.267264,112.636,129.54,23.1887,0.0718272,106.279,265.638,0,0,0
1000,5,1,149,1,0,0,-1,-1,974.231,23.1957,0.302342,905.01,262210,-1,-1,-1,-1,-1,-1,-1,-1,-1,0,0,0
1000,5,1,150,1,1,1,4333,18711.6,544.964,46.3844,0.552902,451.693,10687.7,129.653,23.1957,0.302342,106.155,120.923,23.1887,0.106906,97.627,250.575,0,0,0
1000,5,1,151,1,1,1,4353.71,18675.7,511.929,46.3844,0.517824,418.596,11239.5,96.4769,23.1957,0.302342,72.9789,131.772,23.1887,0.0718272,108.512,228.249,0,0,0
1000,5,1,152,1,1,1,4361.34,18687.6,392.115,46.3844,0.482746,298.469,13382.2,77.4716,23.1957,0.267264,54.0086,124.05,23.1887,0.0718272,100.789,201.521,0,0,0
1000,5,1,153,1,1,1,4337.74,18650.6,429.864,46.3844,0.482746,336.328,12673.9,80.538,23.1957,0.267264,57.075,122.194,23.1887,0.0718272,98.9337,202.732,0,0,0
1000,5,1,154,1,1,1,4321.99,18673.6,543.361,46.3844,0.482746,450.155,10678.7,130.708,23.1957,0.267264,107.245,119.536,23.1887,0.0718272,96.2753,250.244,0,0,0
1000,5,1,155,1,1,1,4319.18,18639.6,474.848,46.3844,0.482746,381.443,11863,78.078,23.1957,0.267264,54.6151,128.287,23.1887,0.0718272,105.027,206.365,0,0,0
1000,5,1,156,1,1,1,4321.47,18642.1,404.919,46.3844,0.482746,311.31,13109,81.2364,23.1957,0.267264,57.7735,127.313,23.1887,0.0718272,104.052,208.549,0,0,0
1000,5,1,157,1,1,1,4328.47,18645.2,405.968,46.3844,0.482746,312.362,13093.4,80.2167,23.1957,0.267264,56.7537,126.638,23.1887,0.0718272,103.377,206.854,0,0,0
1000,5,1,158,1,1,1,4320.87,18685.6,319.618,46.3844,0.678182,225.566,14668.8,102.032,23.1957,0.462701,78.3734,51.3576,23.1887,0.0718272,28.0971,153.389,0,0,0
1000,5,1,159,1,1,1,4341.52,18669.1,481.34,46.3844,0.891994,387.545,11775.9,80.6798,23.1957,0.658138,56.8259,130.859,23.1887,0.0902016,107.581,211.539,0,0,0
1000,5,1,160,1,1,1,4327.68,18689.4,406.486,46.3844,0.482746,312.882,13128.5,129.408,23.1957,0.267264,105.945,71.2754,23.1887,0.0718272,48.0149,200.684,0,0,0
1000,5,1,161,1,1,1,4324.87,18660.5,551.58,46.3844,0.482746,458.398,10519.5,126.169,23.1957,0.267264,102.706,126.62,23.1887,0.0718272,103.359,252.788,0,0,0
1000,5,1,162,1,1,1,4320.39,18684.1,384.104,46.3844,0.517824,290.4,13520.8,129.115,23.1957,0.302342,105.617,71.7104,23.1887,0.0718272,48.4499,200.825,0,0,0
1000,5,1,163,1,1,1,4316.3,18665.3,443.653,46.3844,0.482746,350.156,12443.4,127.104,23.1957,0.267264,103.641,74.5277,23.1887,0.0718272,51.2671,201.631,0,0,0
1000,5,1,164,1,1,1,4319.94,18637.8,380.923,46.3844,0.482746,287.245,13531.3,128.23,23.1957,0.267264,104.767,71.9143,23.1887,0.0718272,48.6538,200.144,0,0,0
1000,5,1,165,1,1,1,4315.98,18647.4,323.382,46.3844,0.482746,229.536,14564.1,103.629,23.1957,0.267264,80.1656,51.4623,23.1887,0.0718272,28.2018,155.091,0,0,0
1000,5,1,166,1,1,1,4318.22,18657.2,360.279,46.3844,0.482746,266.54,13917.9,123.693,23.1957,0.267264,100.23,62.0637,23.1887,0.0718272,38.8032,185.756,0,0,0
1000,5,1,167,1,1,1,4315.02,18629.8,480.513,46.3844,0.482746,387.124,11752.5,119.774,23.1957,0.267264,96.3113,83.2448,23.1887,0.0718272,59.9843,203.019,0,0,0
1000,5,1,168,1,1,1,4318.86,18633,375.933,46.3844,0.482746,282.24,13615.3,128.158,23.1957,0.267264,104.695,69.7088,23.1887,0.0718272,46.4483,197.866,0,0,0
1000,5,1,169,1,1,1,4346.16,18680.2,539.363,46.3844,0.517824,446.11,10756.2,120.761,23.1957,0.302342,97.2625,132.182,23.1887,0.0718272,108.921,252.943,0,0,0
1000,5,1,170,1,1,1,4326.07,18652.7,373.568,46.3844,0.482746,279.869,13677.1,127.028,23.1957,0.267264,103.565,68.3823,23.1887,0.0718272,45.1218,195.41,0,0,0
1000,5,1,171,1,1,1,4389.24,18730.8,539.255,46.3844,0.517824,446.002,10808.6,127.375,23.1957,0.302342,103.877,129.644,23.1887,0.0718272,106.384,257.02,0,0,0
1000,5,1,172,1,0,0,-1,-1,834.682,23.1957,0.302342,765.055,258964,-1,-1,-1,-1,-1,-1,-1,-1,-1,0,0,0
1000,5,1,173,1,1,1,4314.7,18648.5,471.899,46.3844,0.482746,378.485,11924.4,118.213,23.1957,0.267264,94.7502,82.994,23.1887,0.0718272,59.7335,201.207,0,0,0
1000,5,1,174,1,1,1,4321.09,18664.5,424.824,46.3844,0.482746,331.273,12777.4,129.179,23.1957,0.267264,105.716,72.0352,23.1887,0.0718272,48.7747,201.214,0,0,0
1000,5,1,175,1,1,1,4336.89,18681.9,548.476,46.3844,1.21271,454.555,10594.3,124.889,23.1957,0.853574,100.84,124.396,23.1887,0.0718272,101.136,249.285,0,0,0
1000,5,1,176,1,1,1,4366.96,18692.6,550.434,46.3844,0.965491,456.766,10570.6,126.42,23.1957,0.462701,102.762,127.962,23.1887,0.0718272,104.702,254.382,0,0,0
1000,5,1,177,1,1,1,4335.56,18677,538.4,46.3844,0.678182,444.984,10769.9,127.617,23.1957,0.462701,103.958,127.926,23.1887,0.0718272,104.666,255.543,0,0,0
1000,5,1,178,1,1,2,10376,24709.6,697.16,69.5741,0.663149,581.667,14378.9,133.984,23.1957,0.267264,110.521,287.256,46.3784,0.108576,240.769,421.24,1,0,0
1000,5,1,179,1,1,1,4366.91,18709.6,541.163,46.3952,0.641434,447.782,10752.7,129.868,23.2065,0.390874,106.27,121.045,23.1887,0.106906,97.7498,250.913,0,0,0
1000,5,1,180,1,1,1,4323.21,18641.8,547.036,46.3844,0.482746,453.84,10581.5,124.817,23.1957,0.267264,101.354,123.403,23.1887,0.0718272,100.143,248.22,0,0,0
1000,5,1,181,1,0,0,-1,-1,787.077,23.1957,0.337421,717.276,257923,-1,-1,-1,-1,-1,-1,-1,-1,-1,0,0,0
1000,5,1,182,1,0,0,-1,-1,1126.96,23.1957,0.337421,1058.15,266424,-1,-1,-1,-1,-1,-1,-1,-1,-1,0,0,0
1000,5,1,183,1,1,1,4318.86,18653.6,473.596,46.3844,0.517824,380.152,11899,118.88,23.1957,0.302342,95.3819,83.2503,23.1887,0.0718272,59.9897,202.13,0,0,0
1000,5,1,184,1,1,1,4345.29,18669.2,541.677,46.3844,0.482746,448.466,10704.2,133.778,23.1957,0.267264,110.315,130.475,23.1887,0.0718272,107.214,264.252,0,0,0
1000,5,1,185,1,1,1,4340.04,18673.1,414.692,46.3844,0.482746,321.112,12966.2,81.6894,23.1957,0.267264,58.2265,125.244,23.1887,0.0718272,101.984,206.934,0,0,0
1000,5,1,186,1,1,1,4327.02,18642.5,394.73,46.3844,0.482746,301.091,13290.5,78.3776,23.1957,0.267264,54.9146,122.734,23.1887,0.0718272,99.4734,201.111,0,0,0
1000,5,1,187,0,0,0,-1,-1,938.97,23.206,0.516154,869.423,261307,-1,-1,-1,-1,-1,-1,-1,-1,-1,0,0,0
1000,5,1,188,1,1,1,4355.89,18695.6,507.785,46.3844,0.517824,414.44,11333.1,125.999,23.1957,0.267264,102.536,101.683,23.1887,0.106906,78.3879,227.683,0,0,0
1000,5,1,189,1,1,1,4318.86,18658.4,490.971,46.3844,0.517824,397.578,11594.8,85.5092,23.1957,0.302342,62.0111,131.783,23.1887,0.0718272,108.523,217.292,0,0,0
1000,5,1,190,1,1,1,4321.5,30646.4,753.908,57.9922,1.05068,649.457,19105.3,424.994,34.8035,0.8352,388.869,77.4352,23.1887,0.0718272,54.1747,502.429,0,0,0
1000,5,1,191,1,1,2,10344.8,24667.8,604.749,69.5741,0.519494,489.131,15980.7,78.4949,23.1957,0.267264,55.032,295.295,46.3784,0.108576,248.808,373.79,1,0,0
1000,5,1,192,1,1,1,4317.61,18639.3,417.701,46.3844,0.482746,324.129,12878.9,82.2146,23.1957,0.267264,58.7517,123.977,23.1887,0.0718272,100.717,206.192,0,0,0
1000,5,1,193,1,1,1,4339.91,18690.2,540.347,46.3844,0.482746,447.132,10748.9,134.686,23.1957,0.267264,111.223,129.063,23.1887,0.0718272,105.803,263.749,0,0,0
1000,5,1,194,1,1,1,4328.43,18722.2,529.971,46.3844,0.482746,436.726,10965.4,127.833,23.1957,0.267264,104.37,123.739,23.1887,0.0718272,100.479,251.572,0,0,0
1000,5,1,195,1,1,1,4315.98,18674,430.021,46.3844,0.678182,336.29,12694.1,129.757,23.1957,0.462701,106.099,73.6451,23.1887,0.0718272,50.3846,203.402,0,0,0
1000,5,1,196,1,1,1,4331.76,18749,546.847,46.3844,0.552902,453.581,10691.6,130.303,23.1957,0.337421,106.77,121.779,23.1887,0.0718272,98.5186,252.082,0,0,0
1000,5,1,197,1,1,1,4317.26,18631.1,397.317,46.3844,0.482746,303.686,13233.2,78.2441,23.1957,0.267264,54.7811,124.075,23.1887,0.0718272,100.814,202.319,0,0,0
1000,5,1,198,1,1,1,4319.5,18687.1,472.383,46.3844,0.482746,378.97,11954.4,119.3,23.1957,0.267264,95.8367,82.8388,23.1887,0.0718272,59.5783,202.138,0,0,0
1000,5,1,199,1,1,1,4342.88,18706.2,438.868,46.3844,0.482746,345.358,12569.5,80.0777,23.1957,0.267264,56.6148,125.326,23.1887,0.0718272,102.065,205.403,0,0,0
1000,5,1,200,1,1,1,4318.34,18631.9,495.851,46.3844,0.482746,402.506,11481.8,86.9306,23.1957,0.267264,63.4676,132.009,23.1887,0.0718272,108.748,218.939,0,0,0
1000,5,1,201,1,1,1,4321.8,18687.6,551.257,46.3844,0.6264,457.93,10568.4,126.165,23.1957,0.267264,102.702,125.053,23.1887,0.0718272,101.793,251.218,0,0,0
1000,5,1,202,1,1,1,4323.08,18636.6,541.535,46.3844,0.517824,448.289,10673.9,136.234,23.1957,0.267264,112.771,128.927,23.1887,0.106906,105.631,265.161,0,0,0
1000,5,1,203,1,1,1,4315.98,18637.3,526.967,46.3844,0.482746,433.713,10933.9,101.474,23.1957,0.267264,78.0107,135.772,23.1887,0.0718272,112.511,237.245,0,0,0
1000,5,1,204,1,1,1,4328.85,18649.1,540.872,46.3844,0.482746,447.659,10698.4,131.612,23.1957,0.267264,108.149,120.879,23.1887,0.0718272,97.618,252.491,0,0,0
1000,5,1,205,1,1,1,4320.58,18641.9,539.139,46.3844,0.482746,445.921,10722.1,130.26,23.1957,0.267264,106.797,122.29,23.1887,0.0718272,99.0294,252.55,0,0,0
1000,5,1,206,1,0,0,-1,-1,1223.48,23.1957,0.532858,1154.75,272156,-1,-1,-1,-1,-1,-1,-1,-1,-1,0,0,0
1000,5,1,207,1,1,1,4329.29,18649.3,540.224,46.3844,0.517824,446.973,10709.9,131.266,23.1957,0.302342,107.768,118.949,23.1887,0.0718272,95.6887,250.215,0,0,0
1000,5,1,208,1,1,1,4340.85,18663.7,547.333,46.3844,0.770054,453.851,10597.3,123.359,23.1957,0.267264,99.8957,124.454,23.1887,0.0718272,101.193,247.812,0,0,0
1000,5,1,209,1,1,1,4325.15,18651.7,542.494,46.3844,0.482746,449.285,10672.2,132.312,23.1957,0.267264,108.849,122.564,23.1887,0.0718272,99.3037,254.876,0,0,0
1000,5,1,210,1,1,1,4338.38,24682.7,621.324,52.1883,1.3881,521.795,15398.7,265.642,28.9996,1.17262,235.342,83.6419,23.1887,0.0718272,60.3814,349.284,0,0,0
1000,5,1,211,1,1,1,4319.37,18638.8,373.071,46.3844,0.517824,279.334,13671.8,73.7635,23.1957,0.302342,50.2655,118.498,23.1887,0.0718272,95.2375,192.262,0,0,0
1000,5,1,212,1,1,1,4332.11,18656.1,414.402,46.3844,0.482746,320.821,12954.3,81.5342,23.1957,0.267264,58.0712,125.028,23.1887,0.0718272,101.767,206.562,0,0,0
1000,5,1,213,1,1,1,4318.47,18645.9,451.594,46.3844,0.482746,358.121,12282.8,75.9718,23.1957,0.267264,52.5089,127.71,23.1887,0.0718272,104.449,203.682,0,0,0
1000,5,1,214,1,1,1,4319.5,18700.5,310.594,46.3844,0.482746,216.711,14844.7,98.1564,23.1957,0.267264,74.6935,48.3165,23.1887,0.0718272,25.056,146.473,0,0,0
1000,5,1,215,1,1,1,4335.27,18659.8,530.53,46.3844,0.482746,437.287,10893.1,124.77,23.1957,0.267264,101.307,127.114,23.1887,0.0718272,103.854,251.884,0,0,0
1000,5,1,216,1,1,1,4319.11,18651.7,523.993,46.3844,0.678182,430.535,11000.8,100.743,23.1957,0.462701,77.0848,134.923,23.1887,0.0718272,111.663,235.667,0,0,0
1000,5,1,217,1,1,1,4317.57,18647,423.843,46.3844,0.482746,330.289,12777.4,128.661,23.1957,0.267264,105.198,71.6815,23.1887,0.0718272,48.421,200.343,0,0,0
1000,5,1,218,1,1,1,4338.53,24815.7,595.561,52.1883,0.927072,496.417,15991.3,273.563,28.9996,0.71159,243.726,76.6519,23.1887,0.0718272,53.3914,350.215,0,0,0
1000,5,1,219,1,1,1,4321.56,18677.3,545.532,46.3844,0.482746,452.332,10643.8,125.07,23.1957,0.267264,101.607,126.881,23.1887,0.0718272,103.621,251.951,0,0,0
1000,5,1,220,1,1,1,4316.87,24641.9,450.64,52.1883,0.571277,351.431,18395.1,243.158,28.9996,0.355795,213.613,45.8476,23.1887,0.0718272,22.5871,289.005,0,0,0
1000,5,1,221,1,1,1,4319.86,18716,369.751,46.3844,0.517824,276.004,13808,127.814,23.1957,0.302342,104.316,66.5992,23.1887,0.0718272,43.3387,194.413,0,0,0
1000,5,1,222,1,1,1,4348.86,24668.2,695.187,52.1883,0.87529,596.385,14072.3,289.439,28.9996,0.481075,259.904,130.688,23.1887,0.106906,107.393,420.127,0,0,0
1000,5,1,223,1,1,1,4315.98,18673.4,545.751,46.3844,0.482746,452.552,10636,125.236,23.1957,0.267264,101.773,126.5,23.1887,0.0718272,103.24,251.736,0,0,0
1000,5,1,224,1,1,1,4339.99,18656.1,506.263,46.3844,0.482746,412.949,11320.8,93.9873,23.1957,0.267264,70.5244,132.003,23.1887,0.0718272,108.743,225.991,0,0,0
1000,5,1,225,1,1,1,4349.17,18669.5,542.926,46.3844,0.482746,449.718,10682.3,132.702,23.1957,0.267264,109.239,122.936,23.1887,0.0718272,99.6755,255.638,0,0,0
1000,5,1,226,1,1,1,4334.14,18721.4,537.695,46.3844,0.517824,444.437,10827,133.338,23.1957,0.302342,109.84,127.865,23.1887,0.0718272,104.604,261.203,0,0,0
1000,5,1,227,1,1,1,4319.94,18661.1,540.85,46.3844,0.517824,447.601,10710.6,129.194,23.1957,0.302342,105.696,118.267,23.1887,0.0718272,95.0065,247.461,0,0,0
1000,5,1,228,1,1,1,4334.24,18667.6,542.022,46.3844,0.6264,448.668,10696.1,119.374,23.1957,0.267264,95.9107,132.317,23.1887,0.0718272,109.057,251.691,0,0,0
1000,5,1,229,1,1,1,4320.54,18636.3,450.95,46.3844,0.482746,357.475,12284.7,75.8563,23.1957,0.267264,52.3933,127.471,23.1887,0.0718272,104.211,203.328,0,0,0
1000,5,1,230,1,1,1,4315.34,18635,511.736,46.3844,0.517824,418.403,11202.2,97.3992,23.1957,0.302342,73.9011,130.818,23.1887,0.0718272,107.557,228.217,0,0,0
1000,5,1,231,1,1,1,4318.54,18638.5,465.249,46.3844,0.482746,371.816,12032.6,76.7461,23.1957,0.267264,53.2831,129.973,23.1887,0.0718272,106.712,206.719,0,0,0
1000,5,1,232,1,1,1,4338.76,18689.8,549.582,46.3844,0.482746,456.394,10584.3,125.158,23.1957,0.267264,101.695,125.789,23.1887,0.0718272,102.529,250.947,0,0,0
1000,5,1,233,1,1,1,4341.02,18692.4,507.165,46.3844,0.482746,413.853,11341.2,125.618,23.1957,0.267264,102.155,100.945,23.1887,0.0718272,77.684,226.563,0,0,0
1000,5,1,234,1,1,1,4345.01,18668.3,504.321,46.3844,0.482746,411.002,11367.6,125.624,23.1957,0.267264,102.161,93.5051,23.1887,0.0718272,70.2446,219.129,0,0,0
1000,5,1,235,1,1,1,4327.88,18646,550.571,46.3844,0.6264,457.242,10528.3,124.349,23.1957,0.267264,100.887,125.692,23.1887,0.0718272,102.431,250.041,0,0,0
1000,5,1,236,1,1,1,4345.83,18677.8,541.934,46.3844,0.552902,448.653,10707.8,131.232,23.1957,0.302342,107.734,127.822,23.1887,0.106906,104.527,259.054,0,0,0
1000,5,1,237,1,1,1,4344.07,24674.1,686.578,52.1883,0.679853,587.946,14231.7,277.987,28.9996,0.320717,248.577,124.712,23.1887,0.0718272,101.451,402.698,0,0,0
1000,5,1,238,1,1,1,4315.34,18649.7,511.815,46.406,0.714931,418.264,11215.2,127.033,23.2173,0.49945,103.316,104.762,23.1887,0.0718272,81.5012,231.794,0,0,0
1000,5,1,239,1,1,1,4314.7,18660.7,372.8,46.3844,0.482746,279.098,13698.8,127.165,23.1957,0.267264,103.702,67.2669,23.1887,0.0718272,44.0064,194.432,0,0,0
1000,5,1,240,1,1,1,4320.82,24658.2,487.738,52.1883,0.927072,388.281,17751.1,262.376,28.9996,0.71159,232.529,54.9817,23.1887,0.0718272,31.7212,317.357,0,0,0
1000,5,1,241,1,1,1,4370.62,18704.1,521.84,46.3844,0.482746,428.571,11091.8,123.985,23.1957,0.267264,100.522,116.475,23.1887,0.0718272,93.2143,240.46,0,0,0
1000,5,1,242,1,1,1,4333.47,18658.7,526.155,46.3844,0.517824,432.863,10969.5,101.117,23.1957,0.302342,77.619,135.781,23.1887,0.0718272,112.52,236.898,0,0,0
1000,5,1,243,1,1,1,4315.98,18664.8,466.623,46.3844,0.517824,373.159,12034.2,121.186,23.1957,0.302342,97.6884,82.6348,23.1887,0.0718272,59.3743,203.821,0,0,0
1000,5,1,244,1,1,1,4321.74,18651,545.316,46.3844,0.517824,452.081,10621,122.208,23.1957,0.302342,98.7099,125.533,23.1887,0.0718272,102.273,247.741,0,0,0
1000,5,1,245,1,1,1,4315.02,24634.7,450.432,52.1883,0.731635,351.062,18391.4,242.62,28.9996,0.516154,212.914,44.9632,23.1887,0.0718272,21.7027,287.583,0,0,0
1000,5,1,246,1,1,1,4327.37,18661.1,544.156,46.3844,0.517824,450.917,10651.8,129.62,23.1957,0.302342,106.122,119.05,23.1887,0.0718272,95.7898,248.671,0,0,0
1000,5,1,247,1,1,1,4325.45,18642.5,418.064,46.3844,0.517824,324.458,12875.4,82.3897,23.1957,0.267264,58.9267,124.677,23.1887,0.106906,101.381,207.066,0,0,0
1000,5,1,248,1,1,1,4316.21,18632.3,439.193,46.3844,0.482746,345.684,12489.7,76.7208,23.1957,0.267264,53.2578,124.732,23.1887,0.0718272,101.471,201.453,0,0,0
1000,5,1,249,1,1,1,4323.27,18639,438.816,46.3844,0.517824,345.271,12502.9,75.5098,23.1957,0.267264,52.0468,125.229,23.1887,0.106906,101.933,200.739,0,0,0
1000,5,1,250,1,1,1,4324.8,18663.4,541.423,46.3844,0.482746,448.211,10703,130.793,23.1957,0.267264,107.33,119.628,23.1887,0.0718272,96.3673,250.42,0,0,0
1000,5,1,251,1,1,1,4317.26,18778,438.994,46.3844,0.482746,345.484,12639,132.991,23.1957,0.267264,109.528,72.5442,23.1887,0.0718272,49.2837,205.535,0,0,0
1000,5,1,252,1,1,1,4322.61,18636.8,425.013,46.3844,0.482746,331.462,12746.4,78.7999,23.1957,0.267264,55.337,123.988,23.1887,0.0718272,100.728,202.788,0,0,0
1000,5,1,253,1,1,1,4335.79,18652.3,533.509,46.3844,0.50112,440.256,10832.3,108.621,23.1957,0.267264,85.1577,136.837,23.1887,0.0902016,113.558,245.458,0,0,0
1000,5,1,254,1,1,1,4319.66,18645.2,317.966,46.3844,0.50112,224.086,14658.1,100.878,23.1957,0.267264,77.4151,51.1432,23.1887,0.0902016,27.8643,152.021,0,0,0
1000,5,1,255,1,1,1,4317.96,18650.3,421.675,46.3844,0.517824,328.08,12818.9,80.9015,23.1957,0.302342,57.4035,126.038,23.1887,0.0718272,102.778,206.94,0,0,0
1000,5,1,256,1,1,1,4316.3,18635.4,377.491,46.3844,0.482746,283.803,13590,129.139,23.1957,0.267264,105.676,70.882,23.1887,0.0718272,47.6215,200.021,0,0,0
1000,5,1,257,1,1,1,4322.66,18644.6,462.993,46.3844,0.482746,369.553,12078.8,118.866,23.1957,0.267264,95.4035,81.9309,23.1887,0.0718272,58.6704,200.797,0,0,0
1000,5,1,258,1,1,1,4327.36,18704.3,549.701,46.3844,0.908698,456.087,10595.5,125.898,23.1957,0.693216,102.009,125.672,23.1887,0.0718272,102.412,251.57,0,0,0
1000,5,1,259,1,1,1,4325.26,18659.7,544.948,46.3844,0.482746,451.747,10636.5,125.061,23.1957,0.267264,101.598,124.371,23.1887,0.0718272,101.11,249.431,0,0,0
1000,5,1,260,1,1,1,4350.1,18669.2,479.607,46.3844,0.517824,386.18,11807.7,78.4245,23.1957,0.267264,54.9616,131.607,23.1887,0.106906,108.311,210.032,0,0,0
1000,5,1,261,1,1,1,4319.59,18635.4,356.665,46.3844,0.482746,262.916,13960.3,121.696,23.1957,0.267264,98.2335,61.0241,23.1887,0.0718272,37.7636,182.721,0,0,0
1000,5,1,262,1,1,1,4317.06,18636.8,470.932,46.3844,0.482746,377.515,11929.9,119.366,23.1957,0.267264,95.9035,81.8894,23.1887,0.0718272,58.6289,201.256,0,0,0
1000,5,1,263,1,1,1,4318.86,18634.9,455.389,46.3844,0.482746,361.927,12204.3,122.029,23.1957,0.267264,98.5655,77.4875,23.1887,0.0718272,54.227,199.516,0,0,0
1000,5,1,264,1,1,1,4323.91,18657.9,484.472,46.3844,0.482746,391.095,11710.1,116.908,23.1957,0.267264,93.4453,82.0248,23.1887,0.0718272,58.7643,198.933,0,0,0
1000,5,1,265,1,1,1,4346.15,18670.7,461.665,46.3844,0.6264,368.078,12128.1,77.9607,23.1957,0.267264,54.4977,129.592,23.1887,0.0718272,106.332,207.553,0,0,0
1000,5,1,266,1,1,1,4316.55,18691.6,545.141,46.3844,0.482746,451.94,10665.1,129.766,23.1957,0.267264,106.303,120.788,23.1887,0.0718272,97.5278,250.554,0,0,0
1000,5,1,267,1,1,1,4325.66,18667.9,531.351,46.3844,0.482746,438.11,10886.5,127.697,23.1957,0.267264,104.234,125.037,23.1887,0.0718272,101.776,252.734,0,0,0
1000,5,1,268,1,1,1,4339.94,18717.6,546.285,46.3844,0.908698,452.662,10669.5,129.296,23.1957,0.693216,105.408,122.025,23.1887,0.0718272,98.7641,251.321,0,0,0
1000,5,1,269,1,1,1,4324.14,18662.6,409.495,46.3844,0.482746,315.9,13048.1,79.3017,23.1957,0.267264,55.8387,124.16,23.1887,0.0718272,100.899,203.461,0,0,0
1000,5,1,270,1,0,0,-1,-1,1248.14,23.1957,0.337421,1179.68,273441,-1,-1,-1,-1,-1,-1,-1,-1,-1,0,0,0
1000,5,1,271,1,1,2,10323.8,24730.8,712.578,69.5741,1.14088,596.652,14124.6,134.594,23.1957,0.888653,110.51,291.635,46.3784,0.108576,245.148,426.229,1,0,0
1000,5,1,272,1,1,1,4321.93,18688.4,424.079,46.3844,0.517824,330.491,12814.4,79.732,23.1957,0.302342,56.234,125.798,23.1887,0.0718272,102.538,205.53,0,0,0
1000,5,1,273,1,1,1,4339.77,18699.5,491.004,46.406,0.659808,397.448,11634.5,121.003,23.2173,0.339091,97.4466,85.0087,23.1887,0.177062,61.6429,206.012,0,0,0
1000,5,1,274,1,1,1,4325.89,18663.8,542.052,46.3844,0.517824,448.807,10692,123.816,23.1957,0.302342,100.318,126.907,23.1887,0.0718272,103.646,250.723,0,0,0
1000,5,1,275,1,0,0,-1,-1,608.395,23.1957,0.302342,538.11,253833,-1,-1,-1,-1,-1,-1,-1,-1,-1,0,0,0
1000,5,1,276,1,1,1,4335.75,18652.1,542.197,46.3844,0.661478,448.809,10677.3,130.103,23.1957,0.267264,106.64,117.916,23.1887,0.106906,94.6202,248.019,0,0,0
1000,5,1,277,1,1,1,4324.55,18671.5,472.21,46.3844,0.482746,378.797,11941.8,118.785,23.1957,0.267264,95.3223,83.3261,23.1887,0.0718272,60.0655,202.111,0,0,0
1000,5,1,278,1,1,1,4339.2,18663.9,534.716,46.3844,0.482746,441.485,10822.7,109.047,23.1957,0.267264,85.5836,137.663,23.1887,0.0718272,114.403,246.71,0,0,0
1000,5,1,279,1,1,1,4329.06,18669,524.351,46.3844,0.661478,430.91,11011.5,100.7,23.1957,0.302342,77.2021,135.162,23.1887,0.0718272,111.901,235.862,0,0,0
1000,5,1,280,1,1,1,4328.33,18734.9,509.781,46.3844,0.713261,416.246,11336.4,127.981,23.1957,0.462701,104.323,103.111,23.1887,0.106906,79.8155,231.092,0,0,0
1000,5,1,281,1,1,1,4317.26,18664.4,541.883,46.3844,0.517824,448.637,10695.5,133.773,23.1957,0.302342,110.275,128.612,23.1887,0.0718272,105.352,262.385,0,0,0
1000,5,1,282,1,1,1,4320.01,18646.9,505.14,46.3844,0.482746,411.823,11331.7,126.438,23.1957,0.267264,102.975,94.4599,23.1887,0.0718272,71.1994,220.897,0,0,0
1000,5,1,283,1,1,1,4401.19,18729.6,542.018,46.3952,0.537869,448.742,10758.2,133.417,23.2065,0.285638,109.925,132.044,23.1887,0.108576,108.746,265.461,0,0,0
1000,5,1,284,1,1,1,4320.26,18668.8,422.261,46.3844,0.482746,328.703,12827.3,80.9242,23.1957,0.267264,57.4612,125.945,23.1887,0.0718272,102.684,206.869,0,0,0
1000,5,1,285,1,1,1,4320.96,18692.5,508.194,46.3844,1.06906,414.299,11321.6,127.221,23.1957,0.853574,103.171,101.665,23.1887,0.0718272,78.4041,228.885,0,0,0
1000,5,1,286,1,1,1,4325.45,18656.3,354.155,46.3844,0.482746,260.398,14025.9,61.5695,23.1957,0.267264,38.1065,112.519,23.1887,0.0718272,89.2582,174.088,0,0,0
1000,5,1,287,1,1,1,4317.29,18692.1,364.355,46.3844,0.50112,270.61,13880.1,124.992,23.1957,0.267264,101.529,63.7894,23.1887,0.0902016,40.5105,188.781,0,0,0
1000,5,1,288,1,1,1,4346.43,18671.3,506.278,46.3844,0.678182,412.769,11335.3,94.2044,23.1957,0.462701,70.546,131.971,23.1887,0.0718272,108.71,226.175,0,0,0
1000,5,1,289,1,1,1,4321.1,18651.4,540.478,46.3844,0.482746,447.264,10707.8,134.426,23.1957,0.267264,110.963,128.569,23.1887,0.0718272,105.308,262.994,0,0,0
1000,5,1,290,1,1,1,4318.86,18640.4,462.087,46.3844,0.482746,368.645,12090.7,76.7858,23.1957,0.267264,53.3228,129.415,23.1887,0.0718272,106.155,206.201,0,0,0
1000,5,1,291,1,1,1,4317.9,18659.6,494.993,46.3844,0.873619,401.256,11523.9,86.7565,23.1957,0.658138,62.9027,131.752,23.1887,0.0718272,108.492,218.509,0,0,0
1000,5,1,292,1,1,1,4333.93,24650.4,605.706,52.1883,1.08743,506.432,15645.3,181.974,28.9996,0.871949,151.737,135.326,23.1887,0.0718272,112.065,317.3,0,0,0
1000,5,1,293,1,1,1,4346.17,18696.1,485.494,46.3844,0.6264,391.975,11729.8,117.078,23.1957,0.267264,93.615,82.8676,23.1887,0.0718272,59.6071,199.946,0,0,0
1000,5,1,294,1,1,1,4335.56,18698.3,507.766,46.3844,0.482746,414.456,11336.4,125.826,23.1957,0.267264,102.363,101.177,23.1887,0.0718272,77.9168,227.003,0,0,0
1000,5,1,295,1,1,1,4331.27,18658,417.838,46.3952,0.50112,324.238,12895.2,128.584,23.2065,0.285638,105.092,71.418,23.1887,0.0718272,48.1575,200.002,0,0,0
1000,5,1,296,1,1,1,4318.15,18640.5,502.211,46.3844,0.482746,408.885,11377.4,93.038,23.1957,0.267264,69.575,129.863,23.1887,0.0718272,106.602,222.901,0,0,0
1000,5,1,297,1,1,1,4330.49,18651,548.026,46.3844,0.482746,454.833,10573.1,125.71,23.1957,0.267264,102.247,123.972,23.1887,0.0718272,100.711,249.682,0,0,0
1000,5,1,298,1,1,1,4323.33,18637.1,438.65,46.3844,0.482746,345.139,12504.1,76.6649,23.1957,0.267264,53.2019,125.304,23.1887,0.0718272,102.043,201.969,0,0,0
1000,5,1,299,1,1,1,4333.12,18659.5,474.611,46.3844,0.517824,381.17,11886.9,79.1761,23.1957,0.302342,55.6781,128.904,23.1887,0.0718272,105.644,208.081,0,0,0
1000,5,1,300,1,1,1,4321.67,18645,540.287,46.3844,0.517824,447.036,10704.5,132.62,23.1957,0.302342,109.122,123.867,23.1887,0.0718272,100.607,256.487,0,0,0
1000,5,1,301,1,1,1,4349.39,18709.4,382.976,46.3844,0.552902,289.234,13566,73.3781,23.1957,0.337421,49.845,122.602,23.1887,0.0718272,99.3416,195.98,0,0,0
1000,5,1,302,1,1,1,4321.29,18672.2,549.92,46.3844,0.552902,456.663,10560.2,126.612,23.1957,0.302342,103.114,126.768,23.1887,0.106906,103.473,253.38,0,0,0
1000,5,1,303,1,1,1,4315.98,18634.2,394.31,46.3844,0.482746,300.671,13289.7,127.937,23.1957,0.267264,104.474,71.0913,23.1887,0.0718272,47.8308,199.029,0,0,0
1000,5,1,304,1,1,2,10326.6,24641.1,659.411,69.5741,0.519494,543.952,14982,84.6836,23.1957,0.267264,61.2206,301.316,46.3784,0.108576,254.829,385.999,1,0,0
1000,5,1,305,1,1,1,4315.98,18631.4,515.421,46.3844,0.482746,422.134,11133.4,99.1671,23.1957,0.267264,75.7041,132.079,23.1887,0.0718272,108.819,231.246,0,0,0
1000,5,1,306,1,1,1,4336.24,18660.8,535.282,46.3952,0.644774,441.88,10809.2,130.066,23.2065,0.285638,106.573,127.208,23.1887,0.0718272,103.947,257.274,0,0,0
1000,5,1,307,1,1,1,4328.23,18644.3,401.615,46.3844,0.482746,307.996,13170,128.553,23.1957,0.267264,105.09,70.4488,23.1887,0.0718272,47.1883,199.002,0,0,0
1000,5,1,308,1,1,1,4321.67,18680.6,517.519,46.3844,0.482746,424.238,11145.2,124.719,23.1957,0.267264,101.256,111.51,23.1887,0.0718272,88.2493,236.229,0,0,0
1000,5,1,309,1,1,1,4318.34,18634.6,472.494,46.3844,0.482746,379.082,11899.8,78.8866,23.1957,0.267264,55.4236,129.242,23.1887,0.0718272,105.981,208.129,0,0,0
1000,5,1,310,1,1,1,4328.65,18650,395.398,46.3844,0.517824,301.726,13285.9,77.9092,23.1957,0.302342,54.4111,122.842,23.1887,0.0718272,99.5816,200.751,0,0,0
1000,5,1,311,1,1,1,4353.31,18668.7,534.262,46.3844,0.6264,440.886,10835.2,108.541,23.1957,0.267264,85.0783,137.122,23.1887,0.0718272,113.861,245.663,0,0,0
1000,5,1,312,1,1,1,4332.13,24682,690.12,52.1883,0.536198,591.642,14177.1,280.205,28.9996,0.320717,250.799,120.389,23.1887,0.0718272,97.1289,400.594,0,0,0
1000,5,1,313,1,1,1,4350.08,24707.6,690.214,52.1883,0.571277,591.702,14200.8,280.433,28.9996,0.320717,251.026,120.237,23.1887,0.106906,96.9412,400.67,0,0,0
1000,5,1,314,1,1,1,4350.63,18677.3,542.449,46.3844,0.661478,449.061,10698,116.303,23.1957,0.302342,92.8046,134.12,23.1887,0.0718272,110.86,250.423,0,0,0
1000,5,1,315,1,1,1,4321.83,18636.6,361.25,46.3844,0.6264,267.37,13879.7,65.5347,23.1957,0.267264,42.0717,113.771,23.1887,0.0718272,90.5107,179.306,0,0,0
1000,5,1,316,1,1,1,4317.9,24651.2,641.608,52.1883,0.75001,542.776,15008.2,273.391,28.9996,0.516154,243.773,84.254,23.1887,0.0902016,60.9752,357.646,0,0,0
1000,5,1,317,1,1,1,4320.97,18654.2,393.113,46.3844,1.06906,298.884,13329.6,78.002,23.1957,0.853574,53.9527,124.069,23.1887,0.0718272,100.809,202.071,0,0,0
1000,5,1,318,1,1,1,4338.86,18701,542.883,46.3844,0.482746,449.675,10714.6,129.861,23.1957,0.267264,106.398,116.496,23.1887,0.0718272,93.236,246.358,0,0,0
1000,5,1,319,1,1,1,4336.55,18652.4,424.448,46.3844,0.482746,330.896,12772.1,77.5709,23.1957,0.267264,54.1079,124.743,23.1887,0.0718272,101.482,202.313,0,0,0
1000,5,1,320,1,1,1,4329.99,18670.7,543.457,46.3844,0.517824,450.216,10673.9,130.526,23.1957,0.267264,107.063,117.006,23.1887,0.106906,93.7106,247.532,0,0,0
1000,5,1,321,1,1,1,4331.46,24697.7,683.037,52.1883,0.731635,584.344,14318.3,267.627,28.9996,0.516154,237.986,119.11,23.1887,0.0718272,95.8493,386.737,0,0,0
1000,5,1,322,1,1,1,4319.46,18730.2,354.89,52.1883,0.927072,255.047,14185.3,124.16,28.9996,0.71159,94.4488,57.9758,23.1887,0.0718272,34.7153,182.136,0,0,0
1000,5,1,323,1,1,1,4319.24,18639.5,365.181,46.3844,0.482746,271.456,13813.1,124.095,23.1957,0.267264,100.632,64.5002,23.1887,0.0718272,41.2397,188.595,0,0,0
1000,5,1,324,1,1,1,4338.45,24697.6,574.359,52.1883,0.606355,475.475,16250.6,269.452,28.9996,0.390874,239.943,72.0894,23.1887,0.0718272,48.8289,341.541,0,0,0
1000,5,1,325,1,1,2,10328.1,24706.5,709.789,69.5741,1.03732,593.96,14150.1,132.859,23.1957,0.497779,109.165,293.475,46.3784,0.25223,246.844,426.334,1,0,0
1000,5,1,326,1,1,1,4320.65,18698.3,490.182,46.3844,0.552902,396.751,11648.5,121.068,23.1957,0.337421,97.535,84.7518,23.1887,0.0718272,61.4913,205.82,0,0,0
1000,5,1,327,1,1,1,4328.04,18649.1,422.079,46.3844,0.482746,328.521,12810.8,81.5595,23.1957,0.267264,58.0965,126.436,23.1887,0.0718272,103.175,207.995,0,0,0
1000,5,1,328,1,0,0,-1,-1,1153.86,23.1957,0.267264,1085.2,267751,-1,-1,-1,-1,-1,-1,-1,-1,-1,0,0,0
1000,5,1,329,1,1,1,4329.8,18669.1,549.628,46.3844,0.587981,456.335,10562,126.225,23.1957,0.302342,102.727,123.641,23.1887,0.141984,100.311,249.867,0,0,0
1000,5,1,330,1,1,1,4333.61,18682.2,551.422,46.3844,0.517824,458.204,10543.7,125.807,23.1957,0.302342,102.309,125.271,23.1887,0.0718272,102.011,251.078,0,0,0
1000,5,1,331,1,1,1,4337.45,18655.5,542.893,46.3844,0.482746,449.686,10668.9,131.746,23.1957,0.267264,108.283,124.069,23.1887,0.0718272,100.809,255.815,0,0,0
1000,5,1,332,1,1,1,4324.47,18649.5,474.039,46.3844,0.517824,380.596,11887.1,78.151,23.1957,0.302342,54.653,128.414,23.1887,0.0718272,105.153,206.565,0,0,0
1000,5,1,333,1,1,1,4317.83,18663.8,539.55,46.3844,0.482746,446.332,10736.7,130.731,23.1957,0.267264,107.268,122.219,23.1887,0.0718272,98.959,252.951,0,0,0
1000,5,1,334,1,1,1,4328.49,18645,471.699,46.3844,0.552902,378.214,11923.9,79.6211,23.1957,0.267264,56.1582,128.92,23.1887,0.141984,105.59,208.542,0,0,0
1000,5,1,335,1,1,1,4364.58,18682.6,508.244,46.3844,0.913709,414.505,11310.9,94.2833,23.1957,0.267264,70.8204,131.922,23.1887,0.0718272,108.662,226.205,0,0,0
1000,5,1,336,1,1,1,4350.14,18671.2,515.101,46.3844,0.552902,421.742,11178.3,98.2322,23.1957,0.267264,74.7693,131.763,23.1887,0.141984,108.432,229.995,0,0,0
1000,5,1,337,1,1,1,4336.64,30746.5,779.757,57.9922,1.3714,675.06,18745.4,365.655,34.8035,1.15592,329.024,119.144,23.1887,0.0718272,95.8836,484.799,0,0,0
1000,5,1,338,1,1,1,4318.86,18638,406.177,46.3844,0.482746,312.572,13082.6,128.362,23.1957,0.267264,104.899,70.2395,23.1887,0.0718272,46.9789,198.601,0,0,0
1000,5,1,339,1,1,1,4322.18,30656.6,527.509,57.9922,1.24612,422.204,23140.9,358.106,34.8035,1.03064,321.59,34.8762,23.1887,0.0718272,11.6157,392.982,0,0,0
1000,5,1,340,1,1,1,4316.3,24697,519.367,52.1883,1.12251,419.807,17227,277.795,28.9996,0.907027,247.79,66.8555,23.1887,0.0718272,43.5949,344.65,0,0,0
1000,5,1,341,1,0,0,-1,-1,500.391,23.1957,0.267264,429.828,250864,-1,-1,-1,-1,-1,-1,-1,-1,-1,0,0,0
1000,5,1,342,1,1,1,4318.98,18633.6,493.922,46.3952,0.50112,400.543,11517.8,86.3154,23.2065,0.285638,62.8233,131.287,23.1887,0.0718272,108.026,217.602,0,0,0
1000,5,1,343,1,1,1,4317.51,18637.7,526.854,46.3844,0.482746,433.6,10936.3,126.429,23.1957,0.267264,102.966,123.021,23.1887,0.0718272,99.7603,249.449,0,0,0
1000,5,1,344,1,1,1,4315.59,18636.1,510.7,46.3844,0.517824,417.364,11221.7,96.4246,23.1957,0.302342,72.9266,130.895,23.1887,0.0718272,107.635,227.32,0,0,0
1000,5,1,345,1,1,1,4321.22,24665.3,374.432,52.1883,0.96215,274.611,19772.8,204.777,28.9996,0.746669,174.726,33.7843,23.1887,0.0718272,10.5238,238.561,0,0,0
1000,5,1,346,1,1,1,4367.98,18710.8,543.134,46.3844,0.6264,449.783,10719.5,132.883,23.1957,0.267264,109.42,122.131,23.1887,0.0718272,98.8706,255.014,0,0,0
1000,5,1,347,1,1,1,4321.61,18635.8,511.678,46.3844,0.482746,418.38,11204.3,96.3101,23.1957,0.267264,72.8471,131.233,23.1887,0.0718272,107.972,227.543,0,0,0
1000,5,1,348,1,1,1,4352.29,24685.6,584.827,52.1883,0.714931,485.865,16052.5,273.252,28.9996,0.481075,243.668,73.1636,23.1887,0.0902016,49.8847,346.416,0,0,0
1000,5,1,349,1,1,1,4324.6,24665.8,695.533,52.1883,0.731635,596.876,14064.1,291.334,28.9996,0.516154,261.766,131.067,23.1887,0.0718272,107.806,422.401,0,0,0
1000,5,1,350,1,1,1,4335.75,18673.5,540.292,46.3844,0.517824,447.042,10733,135.839,23.1957,0.267264,112.376,128.288,23.1887,0.106906,104.992,264.127,0,0,0
1000,5,1,351,1,1,1,4333.19,24689.1,617.302,52.1883,0.536198,518.613,15479,266.018,28.9996,0.320717,236.57,82.541,23.1887,0.0718272,59.2805,348.559,0,0,0
1000,5,1,352,1,1,1,4331.49,18654,542.402,46.3844,0.482746,449.193,10676.2,123.905,23.1957,0.267264,100.443,127.836,23.1887,0.0718272,104.576,251.742,0,0,0
1000,5,1,353,1,1,1,4353.71,18675,454.026,46.3844,0.678182,360.364,12268.2,76.2052,23.1957,0.462701,52.5468,128.405,23.1887,0.0718272,105.144,204.61,0,0,0
1000,5,1,354,1,1,1,4333.61,18682.8,523.434,46.3844,0.713261,429.939,11041.6,124.599,23.1957,0.462701,100.941,118.629,23.1887,0.106906,95.3331,243.228,0,0,0
1000,5,1,355,1,1,1,4315.34,18636.9,524.5,46.3844,0.482746,431.239,10977.4,125.474,23.1957,0.267264,102.011,121.091,23.1887,0.0718272,97.831,246.565,0,0,0
1000,5,1,356,1,0,0,-1,-1,1051.65,23.1957,0.372499,982.584,264109,-1,-1,-1,-1,-1,-1,-1,-1,-1,0,0,0
1000,5,1,357,1,1,1,4318.86,18642,357.846,46.3844,0.482746,264.1,13945.9,122.684,23.1957,0.267264,99.2207,61.4356,23.1887,0.0718272,38.1751,184.119,0,0,0
1000,5,1,358,1,1,1,4377.34,18712.9,551.899,46.3844,0.678182,458.522,10565.8,124.752,23.1957,0.462701,101.094,127.101,23.1887,0.0718272,103.841,251.854,0,0,0
1000,5,1,359,1,1,1,4317.26,18634.8,392.25,46.3844,0.482746,298.604,13326.9,76.701,23.1957,0.267264,53.238,122.896,23.1887,0.0718272,99.6358,199.597,0,0,0
1000,5,1,360,1,1,1,4337.58,18674.7,422.631,46.3844,0.678182,328.878,12826.1,81.0799,23.1957,0.462701,57.4215,126.76,23.1887,0.0718272,103.5,207.84,0,0,0
1000,5,1,361,1,1,1,4331.86,18734.3,544.716,46.3844,0.482746,451.514,10715.3,131.226,23.1957,0.267264,107.763,120.528,23.1887,0.0718272,97.2679,251.754,0,0,0
1000,5,1,362,1,1,1,4319.18,24732.2,582.415,52.1883,1.42318,482.737,16139.9,274.659,28.9996,1.2077,244.339,72.4991,23.1887,0.0718272,49.2386,347.158,0,0,0
1000,5,1,363,1,1,1,4318.54,18664.9,430.537,46.3844,0.482746,337.003,12676.2,127.279,23.1957,0.267264,103.816,71.344,23.1887,0.0718272,48.0835,198.623,0,0,0
1000,5,1,364,1,1,1,4362.76,18690.5,529.035,46.3844,0.552902,435.717,10949.9,103.472,23.1957,0.302342,79.9743,137.278,23.1887,0.106906,113.982,240.75,0,0,0
1000,5,1,365,1,1,1,4332.69,18652.8,543.497,46.3844,0.519494,450.254,10655,122.999,23.1957,0.267264,99.5365,127.333,23.1887,0.108576,104.036,250.333,0,0,0
1000,5,1,366,1,1,1,4323.21,18664.8,461.305,46.3844,0.517824,367.825,12128.8,124.399,23.1957,0.302342,100.901,78.5993,23.1887,0.0718272,55.3388,202.998,0,0,0
1000,5,1,367,1,1,1,4323,18670.4,480.533,46.3844,0.482746,387.144,11792.7,120.928,23.1957,0.267264,97.4646,83.243,23.1887,0.0718272,59.9825,204.171,0,0,0
1000,5,1,368,0,0,0,-1,-1,876.588,23.206,0.516154,806.859,259822,-1,-1,-1,-1,-1,-1,-1,-1,-1,0,0,0
1000,5,1,369,1,1,1,4318.01,24654.4,691.688,52.1883,0.50112,593.25,14121.8,288.613,28.9996,0.285638,259.269,126.784,23.1887,0.0718272,103.523,415.397,0,0,0
1000,5,1,370,1,1,1,4325.13,18678.5,550.873,46.3844,0.678182,457.493,10549.6,128.032,23.1957,0.462701,104.373,124.291,23.1887,0.0718272,101.031,252.323,0,0,0
1000,5,1,371,1,1,1,4316.62,18655.1,502.414,46.3844,0.482746,409.089,11388.3,124.7,23.1957,0.267264,101.237,91.8952,23.1887,0.0718272,68.6347,216.595,0,0,0
1000,5,1,372,1,1,1,4323.72,18635.6,455.773,46.3844,0.482746,362.312,12198.2,122.079,23.1957,0.267264,98.6161,77.4875,23.1887,0.0718272,54.227,199.567,0,0,0
1000,5,1,373,1,1,1,4323.59,18640,404.543,46.3844,0.482746,310.933,13113.6,80.565,23.1957,0.267264,57.1021,127.661,23.1887,0.0718272,104.4,208.226,0,0,0
1000,5,1,374,1,1,1,4324.55,18658.5,543.734,46.3844,0.482746,450.529,10656.9,122.718,23.1957,0.267264,99.255,127.504,23.1887,0.0718272,104.243,250.222,0,0,0
1000,5,1,375,1,1,1,4324.01,18641.2,378.41,46.3844,0.517824,284.689,13579.3,128.665,23.1957,0.267264,105.202,71.74,23.1887,0.106906,48.4444,200.405,0,0,0
1000,5,1,376,1,1,1,4321.26,18636.7,435.281,46.3844,0.482746,341.761,12563.7,78.7277,23.1957,0.267264,55.2648,123.716,23.1887,0.0718272,100.455,202.443,0,0,0
1000,5,1,377,1,1,1,4333.29,18677.5,531.093,46.3844,0.552902,437.781,10900.3,125.851,23.1957,0.267264,102.388,126.078,23.1887,0.141984,102.747,251.929,0,0,0
1000,5,1,378,1,1,1,4347.34,24724.4,689.986,52.1883,0.696557,591.348,14221.6,279.549,28.9996,0.481075,249.976,119.862,23.1887,0.0718272,96.6019,399.411,0,0,0
1000,5,1,379,1,1,1,4319.28,24720.4,552.692,52.1883,0.766714,453.584,16658.5,273.31,28.9996,0.551232,243.644,71.649,23.1887,0.0718272,48.3885,344.959,0,0,0
1000,5,1,380,1,1,1,4325.19,18643.3,542.233,46.3844,0.482746,449.023,10668.4,129.468,23.1957,0.267264,106.005,116.576,23.1887,0.0718272,93.3154,246.044,0,0,0
1000,5,1,381,1,1,1,4316.62,18632,493.771,46.3844,0.482746,400.42,11518.9,85.7899,23.1957,0.267264,62.327,131.348,23.1887,0.0718272,108.088,217.138,0,0,0
1000,5,1,382,1,1,1,4332.47,24664.3,694.918,52.1883,0.554573,596.436,14073.8,290.663,28.9996,0.320717,261.29,130.894,23.1887,0.0902016,107.615,421.557,0,0,0
1000,5,1,383,1,1,1,4320.9,18650.9,538.461,46.3844,0.482746,445.241,10743.1,130.937,23.1957,0.267264,107.474,128.309,23.1887,0.0718272,105.048,259.246,0,0,0
1000,5,1,384,1,1,1,4330.44,18661.1,334.357,46.3844,0.552902,240.473,14382.2,108.68,23.1957,0.337421,85.1469,56.4327,23.1887,0.0718272,33.1722,165.113,0,0,0
1000,5,1,385,1,1,1,4319.5,18649.9,423.312,46.3844,0.482746,329.757,12789.7,127.706,23.1957,0.267264,104.243,71.7789,23.1887,0.0718272,48.5184,199.485,0,0,0
1000,5,1,386,1,1,2,10339.4,24673.3,670.735,69.5741,0.589651,555.24,14812.4,131.496,23.1957,0.337421,107.963,261.554,46.3784,0.108576,215.067,393.05,1,0,0
1000,5,1,387,1,1,1,4320.75,18664.1,429.706,46.3844,0.482746,336.169,12690.2,130.145,23.1957,0.267264,106.682,72.8907,23.1887,0.0718272,49.6302,203.035,0,0,0
1000,5,1,388,1,1,2,10339.4,24726.1,649.268,69.5741,0.589651,533.71,15247,129.162,23.1957,0.302342,105.664,240.849,46.3784,0.143654,194.326,370.01,1,0,0
1000,5,1,389,1,1,2,10332.9,24648.1,669.765,69.5741,0.663149,554.193,14804.5,88.8509,23.1957,0.267264,65.3879,304.64,46.3784,0.108576,258.153,393.491,1,0,0
1000,5,1,390,1,1,1,4341.79,18667.5,446.672,46.3952,0.50112,353.156,12391.9,75.5606,23.2065,0.285638,52.0685,127.986,23.1887,0.0718272,104.725,203.546,0,0,0
1000,5,1,391,1,1,1,4334.49,18688,545.851,46.3844,0.517824,452.617,10648.6,126.086,23.1957,0.302342,102.588,126.481,23.1887,0.0718272,103.22,252.567,0,0,0
1000,5,1,392,1,1,1,4335.47,18685.5,550.458,46.3844,0.713261,457.042,10563.7,126.26,23.1957,0.497779,102.567,126.919,23.1887,0.0718272,103.659,253.179,0,0,0
1000,5,1,393,1,1,1,4317.83,18699.4,418.221,46.3844,1.06906,324.064,12928.3,130.392,23.1957,0.853574,106.342,72.0406,23.1887,0.0718272,48.7801,202.432,0,0,0
1000,5,1,394,1,1,1,4405.03,18728.1,510.823,46.3844,0.482746,417.522,11311.8,94.7111,23.1957,0.267264,71.2481,132.991,23.1887,0.0718272,109.73,227.702,0,0,0
1000,5,1,395,1,1,1,4323.88,18694.6,541.401,46.3844,0.6264,448.045,10734.1,131.282,23.1957,0.267264,107.819,116.256,23.1887,0.0718272,92.9959,247.538,0,0,0
1000,5,1,396,1,1,1,4352.35,18691.4,544.682,46.3844,0.823507,451.139,10671.7,123.46,23.1957,0.267264,99.9967,127.279,23.1887,0.12528,103.966,250.739,0,0,0
1000,5,1,397,1,1,1,4316.94,18657.9,487.083,46.3844,0.482746,393.714,11663.7,119.011,23.1957,0.267264,95.5479,83.4325,23.1887,0.0718272,60.172,202.443,0,0,0
1000,5,1,398,1,1,1,4371.84,18696.7,463.91,46.3844,0.552902,370.403,12114.1,76.0169,23.1957,0.267264,52.554,131.344,23.1887,0.141984,108.014,207.361,0,0,0
1000,5,1,399,1,1,1,4319.62,18634.8,362.643,46.3844,0.482746,268.912,13853.4,67.4261,23.1957,0.267264,43.9631,114.055,23.1887,0.0718272,90.7941,181.481,0,0,0
1000,5,1,400,1,1,1,4344.7,18682.7,382.039,46.3844,0.482746,288.364,13556.4,72.9795,23.1957,0.267264,49.5165,122.31,23.1887,0.0718272,99.0492,195.289,0,0,0
1000,5,1,401,1,1,1,4314.38,18699.4,391.177,46.3844,0.482746,297.528,13410.6,129.771,23.1957,0.267264,106.308,70.1221,23.1887,0.0718272,46.8616,199.893,0,0,0
1000,5,1,402,1,1,1,4353.1,18679.2,540.455,46.3844,0.482746,447.24,10736,135.649,23.1957,0.267264,112.186,129.417,23.1887,0.0718272,106.157,265.066,0,0,0
1000,5,1,403,1,1,1,4322.04,18671.8,551.834,46.3844,0.696557,458.439,10525.6,126.348,23.1957,0.462701,102.69,126.441,23.1887,0.0902016,103.162,252.789,0,0,0
1000,5,1,404,1,0,0,-1,-1,1172.7,23.1957,0.267264,1104.1,268851,-1,-1,-1,-1,-1,-1,-1,-1,-1,0,0,0
1000,5,1,405,1,1,1,4357.31,18750.4,545.44,46.3844,0.482746,452.24,10718.5,131.04,23.1957,0.267264,107.577,121.223,23.1887,0.0718272,97.9627,252.263,0,0,0
1000,5,1,406,1,1,1,4326.12,18650.7,491.008,46.3844,0.482746,397.65,11586.7,85.0572,23.1957,0.267264,61.5942,131.974,23.1887,0.0718272,108.714,217.032,0,0,0
1000,5,1,407,1,1,1,4315.34,18658.6,386.234,46.3844,0.482746,292.571,13457.8,129.632,23.1957,0.267264,106.169,72.2969,23.1887,0.0718272,49.0364,201.929,0,0,0
1000,5,1,408,1,1,1,4321.45,24664,570.795,52.1883,0.571277,471.935,16280.6,271.092,28.9996,0.355795,241.625,73.4628,23.1887,0.0718272,50.2023,344.554,0,0,0
1000,5,1,409,1,1,1,4321.25,18637.1,360.7,46.3844,0.482746,266.962,13890.3,123.234,23.1957,0.267264,99.7711,62.9589,23.1887,0.0718272,39.6984,186.193,0,0,0
1000,5,1,410,1,1,1,4317.9,18639,325.867,46.3844,0.482746,232.029,14511.6,104.711,23.1957,0.267264,81.2485,52.7906,23.1887,0.0718272,29.5301,157.502,0,0,0
1000,5,1,411,1,0,0,-1,-1,930.077,23.1957,0.302342,860.727,261150,-1,-1,-1,-1,-1,-1,-1,-1,-1,0,0,0
1000,5,1,412,1,1,1,4329.48,18652,422.223,46.3844,0.482746,328.665,12811.2,82.5431,23.1957,0.267264,59.0801,126.986,23.1887,0.0718272,103.725,209.529,0,0,0
1000,5,1,413,1,1,1,4316.62,18634.7,397.711,46.3844,0.482746,304.082,13229.7,78.6862,23.1957,0.267264,55.2233,124.25,23.1887,0.0718272,100.989,202.936,0,0,0
1000,5,1,414,1,1,1,4317.26,18679.9,374.56,46.3844,0.482746,280.863,13686.7,128.028,23.1957,0.267264,104.565,68.4816,23.1887,0.0718272,45.2211,196.509,0,0,0
1000,5,1,415,1,1,1,4315.66,18657.1,331.839,46.3844,0.517824,237.983,14423.3,108.643,23.1957,0.302342,85.145,54.3753,23.1887,0.0718272,31.1148,163.018,0,0,0
1000,5,1,416,1,1,1,4355.27,18672.3,424.277,46.3844,0.482746,330.724,12795,77.7441,23.1957,0.267264,54.2812,125.49,23.1887,0.0718272,102.229,203.234,0,0,0
1000,5,1,417,1,1,1,4320.89,18643.4,390.51,46.3844,0.517824,296.825,13366.3,77.8568,23.1957,0.302342,54.3588,123.669,23.1887,0.0718272,100.408,201.526,0,0,0
1000,5,1,418,1,1,3,16325.9,30640,854.638,92.7639,0.556243,717.157,17908.9,108.191,23.1957,0.267264,84.7281,460.501,69.5682,0.145325,390.788,568.693,2,0,0
1000,5,1,419,1,1,1,4339.56,18679.3,394.46,46.3844,0.661478,300.642,13331.5,127.454,23.1957,0.267264,103.991,70.9658,23.1887,0.106906,47.6702,198.42,0,0,0
1000,5,1,420,1,1,1,4333.36,18653.5,541.993,46.3844,0.517824,448.747,10682.7,131.753,23.1957,0.267264,108.29,118.383,23.1887,0.106906,95.0877,250.136,0,0,0
1000,5,1,421,1,1,1,4323.59,18639.7,539.435,46.3844,0.482746,446.217,10714.6,132.698,23.1957,0.267264,109.236,128.475,23.1887,0.0718272,105.214,261.173,0,0,0
1000,5,1,422,1,1,1,4322.82,24694.2,694.704,52.1883,0.927072,595.849,14106.8,285.909,28.9996,0.71159,256.125,127.952,23.1887,0.0718272,104.691,413.86,0,0,0
1000,5,1,423,1,1,1,4350.11,18781.1,450.449,46.3844,0.517824,356.937,12438.2,127.438,23.1957,0.302342,103.94,76.8865,23.1887,0.0718272,53.626,204.325,0,0,0
1000,5,1,424,1,1,1,4321.29,18650,544.353,46.3844,0.482746,451.149,10637.4,121.85,23.1957,0.267264,98.3869,124.943,23.1887,0.0718272,101.682,246.793,0,0,0
1000,5,1,425,1,1,1,4320.43,18646,494.472,46.3844,0.482746,401.124,11520.5,86.4216,23.1957,0.267264,62.9586,131.059,23.1887,0.0718272,107.799,217.481,0,0,0
1000,5,1,426,1,1,1,4393.1,24730.2,688.345,52.1883,1.05402,589.345,14255.3,278.243,28.9996,0.551232,248.602,125.993,23.1887,0.0718272,102.733,404.236,0,0,0
1000,5,1,427,1,1,1,4325.19,24644.8,578.235,52.1883,0.891994,479.077,16128.6,170.148,28.9996,0.676512,140.071,131.985,23.1887,0.0718272,108.725,302.133,0,0,0
1000,5,1,428,1,1,1,4317.58,18632.7,535.083,46.3844,0.482746,441.853,10785,112.562,23.1957,0.267264,89.0994,134.541,23.1887,0.0718272,111.28,247.103,0,0,0
1000,5,1,429,1,1,1,4327.67,18643.5,544.018,46.3844,0.482746,450.814,10636.9,131.368,23.1957,0.267264,107.905,118.04,23.1887,0.0718272,94.7791,249.408,0,0,0
1000,5,1,430,1,1,1,4325.77,18661.3,475.501,46.3844,0.482746,382.098,11873.1,116.793,23.1957,0.267264,93.3298,83.539,23.1887,0.0718272,60.2785,200.332,0,0,0
1000,5,1,431,1,1,1,4318.22,18662.9,399.239,46.3844,0.482746,305.614,13230.8,127.647,23.1957,0.267264,104.184,69.9182,23.1887,0.0718272,46.6577,197.565,0,0,0
1000,5,1,432,1,1,1,4329.16,18698,541.841,46.3844,0.482746,448.63,10730.2,137.068,23.1957,0.267264,113.605,129.617,23.1887,0.0718272,106.357,266.685,0,0,0
1000,5,1,433,1,1,1,4315.02,18652.7,457.51,46.3844,0.517824,364.019,12184.1,123.006,23.1957,0.302342,99.5076,78.5415,23.1887,0.0718272,55.281,201.547,0,0,0
1000,5,1,434,1,1,1,4340.14,18672.5,423.976,46.3844,0.482746,330.423,12800.6,78.0167,23.1957,0.267264,54.5537,126.14,23.1887,0.0718272,102.879,204.156,0,0,0
1000,5,1,435,1,1,1,4325.96,18642.8,495.835,46.3844,0.482746,402.49,11493,86.658,23.1957,0.267264,63.1951,133.018,23.1887,0.0718272,109.757,219.676,0,0,0
1000,5,1,436,1,0,0,-1,-1,1117.37,23.1957,0.337421,1048.53,266110,-1,-1,-1,-1,-1,-1,-1,-1,-1,0,0,0
1000,5,1,437,1,1,1,4335.42,18680.4,506.801,46.3844,0.482746,413.489,11335.6,125.322,23.1957,0.267264,101.859,100.982,23.1887,0.0718272,77.7219,226.305,0,0,0
1000,5,1,438,1,1,1,4341.1,18664.9,409.405,46.3844,0.856915,315.436,13050.9,79.5946,23.1957,0.462701,55.9362,124.855,23.1887,0.106906,101.56,204.45,0,0,0
1000,5,1,439,1,1,1,4317.87,18696.6,515.671,46.3844,1.13921,421.728,11192.2,124.362,23.1957,0.923731,100.242,108.411,23.1887,0.0718272,85.1505,232.773,0,0,0
1000,5,1,440,1,1,1,4329.07,18664.9,497.973,46.3844,0.517824,404.6,11476.8,120.598,23.1957,0.302342,97.1,89.3072,23.1887,0.0718272,66.0467,209.905,0,0,0
1000,5,1,441,1,1,1,4319.82,24647.4,352.059,52.1883,0.927072,252.208,20152.9,192.272,28.9996,0.71159,162.223,29.3373,23.1887,0.0718272,6.07676,221.609,0,0,0
1000,5,1,442,1,1,1,4351.99,18702.4,541.648,46.3844,0.908698,448.011,10736.8,136.221,23.1957,0.658138,112.367,127.947,23.1887,0.106906,104.651,264.168,0,0,0
1000,5,1,443,1,1,1,4325.58,18644,392.874,46.3844,0.482746,299.23,13325,78.0311,23.1957,0.267264,54.5681,123.44,23.1887,0.0718272,100.179,201.471,0,0,0
1000,5,1,444,1,1,1,4324.58,18644.1,521.613,46.3844,0.482746,428.344,11035.9,99.4414,23.1957,0.267264,75.9785,133.187,23.1887,0.0718272,109.927,232.629,0,0,0
1000,5,1,445,1,1,1,4315.02,18634.9,542.084,46.3844,0.482746,448.874,10662.7,123.299,23.1957,0.267264,99.8361,130.993,23.1887,0.0718272,107.732,254.292,0,0,0
1000,5,1,446,1,1,1,4317.58,18668.9,406.823,46.3844,0.482746,313.219,13101.9,129.172,23.1957,0.267264,105.709,70.826,23.1887,0.0718272,47.5655,199.998,0,0,0
1000,5,1,447,1,1,1,4319.95,18635.1,522.308,46.3844,0.482746,429.041,11014.5,100.001,23.1957,0.267264,76.538,133.662,23.1887,0.0718272,110.401,233.663,0,0,0
1000,5,1,448,1,1,1,4315.02,24631.5,426.477,52.1883,0.696557,327.073,18814.4,228.957,28.9996,0.481075,199.246,42.1712,23.1887,0.0718272,18.9107,271.128,0,0,0
1000,5,1,449,1,1,1,4317.58,18632.7,461.708,46.3844,0.482746,368.264,12089.8,77.2839,23.1957,0.267264,53.8209,128.636,23.1887,0.0718272,105.375,205.919,0,0,0
1000,5,1,450,1,1,1,4330.07,24707.1,695.303,52.1883,0.801792,596.575,14109,290.781,28.9996,0.551232,261.171,128.918,23.1887,0.106906,105.622,419.699,0,0,0
1000,5,1,451,1,1,1,4317.9,18638.4,381.845,46.3844,0.482746,288.169,13515.6,128.201,23.1957,0.267264,104.738,71.4126,23.1887,0.0718272,48.1521,199.613,0,0,0
1000,5,1,452,1,1,1,4328.2,18645.1,541.481,46.3844,0.482746,448.269,10683.6,132.846,23.1957,0.267264,109.384,122.216,23.1887,0.0718272,98.9554,255.062,0,0,0
1000,5,1,453,1,1,1,4315.34,18666.7,400.863,46.3844,0.678182,307.047,13205.3,128.654,23.1957,0.462701,104.996,70.1546,23.1887,0.0718272,46.8941,198.809,0,0,0
1000,5,1,454,1,1,1,4328.21,30731.4,840.762,57.9922,1.56684,736.048,17644.9,435.667,34.8035,1.35135,399.045,127.829,23.1887,0.0718272,104.568,563.496,0,0,0
1000,5,1,455,1,1,1,4333.21,18700.3,537.795,46.3844,1.01727,444.039,10803,132.598,23.1957,0.658138,108.745,127.991,23.1887,0.0718272,104.731,260.59,0,0,0
1000,5,1,456,1,0,0,-1,-1,1136.8,23.1957,0.267264,1068.08,266784,-1,-1,-1,-1,-1,-1,-1,-1,-1,0,0,0
1000,5,1,457,1,1,1,4333.33,18667.4,513.179,46.3844,0.678182,419.69,11208.7,124.588,23.1957,0.462701,100.93,106.399,23.1887,0.0718272,83.1381,230.987,0,0,0
1000,5,1,458,1,1,1,4332.94,18652.8,490.945,46.3844,0.552902,397.516,11589.5,85.0139,23.1957,0.267264,61.5509,131.593,23.1887,0.141984,108.263,216.607,0,0,0
1000,5,1,459,1,1,1,4350.6,18677.5,549.29,46.3844,0.805133,455.779,10586.4,125.309,23.1957,0.302342,101.811,127.177,23.1887,0.0718272,103.917,252.486,0,0,0
1000,5,1,460,1,1,1,4320.87,18804.4,451.821,46.3844,0.661478,358.17,12436.6,129.258,23.1957,0.302342,105.759,76.0888,23.1887,0.0718272,52.8283,205.346,0,0,0
1000,5,1,461,1,1,1,4320.7,18640.4,360.453,46.3844,0.482746,266.715,13898,122.985,23.1957,0.267264,99.5221,62.6701,23.1887,0.0718272,39.4096,185.655,0,0,0
1000,5,1,462,1,1,1,4357.93,18674.8,515.277,46.3844,0.913709,421.558,11178.1,97.8279,23.1957,0.267264,74.365,131.253,23.1887,0.0718272,107.992,229.08,0,0,0
1000,5,1,463,1,1,1,4332.77,18652.4,517.476,46.3844,0.482746,424.195,11117.7,99.4667,23.1957,0.267264,76.0037,133.128,23.1887,0.0718272,109.867,232.594,0,0,0
1000,5,1,464,1,1,2,4341.13,18661.5,553.159,69.5741,0.698227,437.213,10874.2,105.177,23.1957,0.267264,81.7141,159.724,46.3784,0.287309,113.058,264.901,1,0,0
1000,5,1,465,1,1,1,4325.45,18671.3,541.468,46.3844,0.552902,448.186,10709.6,115.935,23.1957,0.337421,92.4022,134.165,23.1887,0.0718272,110.905,250.101,0,0,0
1000,5,1,466,1,1,1,4317.9,24718.7,568.405,52.1883,0.731635,469.378,16377.6,271.526,28.9996,0.516154,241.89,72.3655,23.1887,0.0718272,49.105,343.891,0,0,0
1000,5,1,467,1,1,1,4317.9,18680,337.708,46.3844,0.873619,243.513,14341.1,111.446,23.1957,0.658138,87.5924,55.1567,23.1887,0.0718272,31.8962,166.603,0,0,0
1000,5,1,468,1,0,0,-1,-1,1001.68,23.1957,0.267264,932.569,263041,-1,-1,-1,-1,-1,-1,-1,-1,-1,0,0,0
1000,5,1,469,1,1,1,4335.04,18659.2,540.928,46.3844,0.482746,447.715,10707.5,132.661,23.1957,0.267264,109.198,124.535,23.1887,0.0718272,101.275,257.196,0,0,0
1000,5,1,470,1,1,2,4354.78,18669.9,409.871,69.5741,0.841882,293.365,13447.1,74.2988,23.1957,0.267264,50.8358,146.8,46.3784,0.143654,100.278,221.099,1,0,0
1000,5,1,471,1,1,1,4316.94,24637.9,354.216,52.1883,0.696557,254.601,20105.8,193.196,28.9996,0.481075,163.381,30.3877,23.1887,0.0718272,7.12716,223.584,0,0,0
1000,5,1,472,1,1,1,4318.98,18632.5,504.381,46.3844,0.482746,411.061,11330.8,93.02,23.1957,0.267264,69.557,131.687,23.1887,0.0718272,108.427,224.707,0,0,0
1000,5,1,473,1,1,1,4321.67,18638.4,351.723,46.3844,0.482746,257.96,14051.2,60.3025,23.1957,0.267264,36.8396,112.943,23.1887,0.0718272,89.6823,173.245,0,0,0
1000,5,1,474,1,1,1,4346.23,18662,535.352,46.3844,0.517824,442.088,10809.3,109.436,23.1957,0.267264,85.9735,137.655,23.1887,0.106906,114.359,247.091,0,0,0
1000,5,1,475,1,1,1,4339.3,18656.5,542.32,46.3844,0.6264,448.967,10679.7,130.672,23.1957,0.267264,107.209,119.335,23.1887,0.0718272,96.0749,250.007,0,0,0
1000,5,1,476,1,1,1,4330.35,18647.1,429.39,46.3844,0.6264,335.709,12678.4,80.5975,23.1957,0.267264,57.1346,121.884,23.1887,0.0718272,98.6233,202.481,0,0,0
1000,5,1,477,1,1,1,4332.07,24684.3,690.476,52.1883,0.536198,592,14173,285.44,28.9996,0.320717,256.049,127.675,23.1887,0.0718272,104.415,413.116,0,0,0
1000,5,1,478,1,1,1,4357.1,18686.5,411.998,46.3844,0.661478,318.231,13026.8,79.2176,23.1957,0.302342,55.7196,125.517,23.1887,0.0718272,102.256,204.734,0,0,0
1000,5,1,479,1,1,2,10330.6,24661.3,704.809,69.5741,0.554573,589.448,14194.7,131.565,23.1957,0.267264,108.102,290.777,46.3784,0.143654,244.254,422.342,1,0,0
1000,5,1,480,1,1,1,4317.26,18644.7,430.129,46.3844,0.482746,336.593,12663.3,127.243,23.1957,0.267264,103.78,71.3963,23.1887,0.0718272,48.1358,198.639,0,0,0
1000,5,1,481,1,1,1,4321.54,18644,492.945,46.3844,0.482746,399.592,11545.6,85.6113,23.1957,0.267264,62.1483,131.164,23.1887,0.0718272,107.904,216.775,0,0,0
1000,5,1,482,1,1,1,4342.28,24715.6,661.212,52.1883,0.96215,562.224,14723.5,279.661,28.9996,0.71159,249.858,100.155,23.1887,0.106906,76.8592,379.816,0,0,0
1000,5,1,483,1,1,1,4322.31,18672.8,498.855,46.3844,0.517824,405.484,11469.1,122.587,23.1957,0.302342,99.0889,89.7692,23.1887,0.0718272,66.5087,212.356,0,0,0
1000,5,1,484,0,0,0,-1,-1,610.392,29.0099,1.15592,533.605,253761,-1,-1,-1,-1,-1,-1,-1,-1,-1,0,0,0
1000,5,1,485,1,1,1,4349.42,18684.2,540.999,46.3844,0.678182,447.59,10730.8,136.413,23.1957,0.462701,112.755,129.094,23.1887,0.0718272,105.833,265.507,0,0,0
1000,5,1,486,1,1,1,4337.18,18652.4,427.758,46.3844,0.6264,334.072,12712.7,79.9821,23.1957,0.267264,56.5191,121.631,23.1887,0.0718272,98.3706,201.613,0,0,0
1000,5,1,487,1,1,1,4322.82,24640.4,693.127,52.1883,0.536198,594.658,14082,290.772,28.9996,0.320717,261.402,129.334,23.1887,0.0718272,106.074,420.106,0,0,0
1000,5,1,488,1,1,1,4328.54,18649.9,541.553,46.3844,0.482746,448.341,10687.2,122.676,23.1957,0.267264,99.2135,127.101,23.1887,0.0718272,103.841,249.778,0,0,0
1000,5,1,489,1,1,1,4316.65,18695.7,502.687,46.3844,0.552902,409.293,11423.6,125.73,23.1957,0.337421,102.197,91.0903,23.1887,0.0718272,67.8298,216.82,0,0,0
1000,5,1,490,1,1,1,4317.26,36755.5,929.168,63.7961,1.42485,819.208,22197.2,527.832,40.6075,1.20937,484.986,128.451,23.1887,0.0718272,105.191,656.284,0,0,0
1000,5,1,491,1,1,1,4319.45,18671.8,480.618,46.3844,0.517824,387.195,11792.3,121.205,23.1957,0.302342,97.7065,83.1059,23.1887,0.0718272,59.8454,204.31,0,0,0
1000,5,1,492,1,1,1,4338.57,24657.5,591.421,52.1883,0.536198,492.656,15907.6,177.659,28.9996,0.320717,147.959,132.817,23.1887,0.0718272,109.557,310.476,0,0,0
1000,5,1,493,1,1,1,4317.9,30633.3,359.292,57.9922,0.820166,253.925,26110,261.365,34.8035,0.604685,224.997,23.7704,23.1887,0.0718272,0.508954,285.135,0,0,0
1000,5,1,494,1,1,1,4324.87,18671.7,366.576,46.3844,0.678182,272.66,13819.9,125.747,23.1957,0.462701,102.089,65.3791,23.1887,0.0718272,42.1186,191.126,0,0,0
1000,5,1,495,1,1,1,4342.79,18662.4,539.622,46.3844,0.482746,446.405,10734,114.046,23.1957,0.267264,90.5829,134.75,23.1887,0.0718272,111.49,248.796,0,0,0
1000,5,1,496,1,1,1,4315.46,18657.7,517.205,46.3844,0.482746,423.922,11127.9,125.725,23.1957,0.267264,102.262,110.438,23.1887,0.0718272,87.1773,236.162,0,0,0
1000,5,1,497,1,1,1,4322.62,18723,541.668,46.3844,0.482746,448.457,10758.2,133.803,23.1957,0.267264,110.34,124.432,23.1887,0.0718272,101.172,258.235,0,0,0
1000,5,1,498,1,1,1,4317.9,18682.4,446.984,46.3844,0.482746,353.497,12401.2,126.189,23.1957,0.267264,102.726,75.4571,23.1887,0.0718272,52.1966,201.646,0,0,0
1000,5,1,499,1,1,1,4327,18647.7,418.655,46.3844,0.482746,325.086,12870.3,81.9493,23.1957,0.267264,58.4863,124.999,23.1887,0.0718272,101.738,206.948,0,0,0
1000,5,1,500,1,1,1,4324.57,18647.9,364.144,46.3844,0.482746,270.417,13839.8,67.6553,23.1957,0.267264,44.1923,114.937,23.1887,0.0718272,91.6766,182.592,0,0,0
1000,5,1,501,1,1,1,4340,18676.3,334.549,46.3844,0.587981,240.63,14393.7,108.875,23.1957,0.337421,85.3418,56.5472,23.1887,0.106906,33.2516,165.422,0,0,0
1000,5,1,502,1,1,1,4337.85,18677.3,391.68,46.3844,0.678182,297.837,13379.2,77.667,23.1957,0.462701,54.0086,123.427,23.1887,0.0718272,100.166,201.094,0,0,0
1000,5,1,503,1,1,1,4420.14,24764,593.543,52.1883,0.731635,494.589,15975.9,178.054,28.9996,0.516154,148.156,133.774,23.1887,0.0718272,110.513,311.828,0,0,0
1000,5,1,504,1,1,1,4330.9,24655.5,450.556,52.1883,0.871949,351.046,18409,242.919,28.9996,0.656467,213.073,45.9649,23.1887,0.0718272,22.7044,288.884,0,0,0
1000,5,1,505,1,1,1,4324.17,18821.5,452.178,46.3844,0.587981,358.601,12447.3,129.737,23.1957,0.372499,106.169,76.2061,23.1887,0.0718272,52.9456,205.943,0,0,0
1000,5,1,506,1,1,1,4325.58,18677.7,474.835,46.3844,0.482746,381.43,11901.4,118.728,23.1957,0.267264,95.2646,83.2412,23.1887,0.0718272,59.9807,201.969,0,0,0
1000,5,1,507,1,1,1,4331.08,18664.7,544.39,46.3844,0.552902,451.117,10651.1,128.509,23.1957,0.337421,104.976,120.42,23.1887,0.0718272,97.1596,248.929,0,0,0
1000,5,1,508,1,1,1,4345.61,18710.1,428.45,46.3844,0.552902,334.839,12758.1,130.452,23.1957,0.302342,106.954,72.7146,23.1887,0.106906,49.419,203.167,0,0,0
1000,5,1,509,1,1,1,4345.32,18697.4,540.631,46.3844,0.482746,447.417,10751.1,130.681,23.1957,0.267264,107.218,119.353,23.1887,0.0718272,96.093,250.034,0,0,0
1000,5,1,510,1,1,1,4331.94,18687.2,320.167,46.3952,0.714931,226.069,14660.2,102.344,23.2065,0.355795,78.7813,50.8108,23.1887,0.0718272,27.5503,153.154,0,0,0
1000,5,1,511,1,1,1,4385.84,18733.4,547.736,46.3844,0.482746,454.542,10660.7,124.765,23.1957,0.267264,101.302,128.11,23.1887,0.0718272,104.85,252.875,0,0,0
1000,5,1,512,1,1,1,4314.7,18628.9,389.998,46.3844,0.482746,296.346,13361.1,77.32,23.1957,0.267264,53.857,123.571,23.1887,0.0718272,100.311,200.891,0,0,0
1000,5,1,513,1,1,1,4319.69,18634.8,540.244,46.3844,0.482746,447.029,10695.3,130.944,23.1957,0.267264,107.481,125.977,23.1887,0.0718272,102.717,256.921,0,0,0
1000,5,1,514,1,1,1,4325.51,18665.8,340.258,46.3844,0.482746,246.462,14282.5,111.252,23.1957,0.267264,87.7891,56.3714,23.1887,0.0718272,33.1109,167.623,0,0,0
1000,5,1,515,1,1,1,4320.58,18669.9,542.194,46.3844,0.517824,448.949,10695.6,132.338,23.1957,0.302342,108.84,127.809,23.1887,0.0718272,104.548,260.147,0,0,0
1000,5,1,516,1,1,1,4346.88,18702.9,530.861,46.3844,0.482746,437.619,10930.3,127.743,23.1957,0.267264,104.28,124.945,23.1887,0.0718272,101.684,252.687,0,0,0
1000,5,1,517,1,0,0,-1,-1,1090.83,23.1957,0.462701,1021.78,265239,-1,-1,-1,-1,-1,-1,-1,-1,-1,0,0,0
1000,5,1,518,1,1,1,4323.85,18658.6,417.768,46.3844,0.517824,324.162,12896.8,129.931,23.1957,0.302342,106.433,72.3005,23.1887,0.0718272,49.04,202.231,0,0,0
1000,5,1,519,1,1,1,4334.44,18666.9,474.612,46.3844,0.821837,380.867,11893.6,118.553,23.1957,0.462701,94.8946,83.364,23.1887,0.0718272,60.1034,201.917,0,0,0
1000,5,1,520,1,1,1,4341.9,18679.5,518.42,46.3844,0.517824,425.106,11127.9,100.01,23.1957,0.267264,76.547,132.97,23.1887,0.106906,109.674,232.98,0,0,0
1000,5,1,521,1,1,1,4321.54,18641.3,475.599,46.3844,0.482746,382.195,11851.3,78.9281,23.1957,0.267264,55.4651,129.749,23.1887,0.0718272,106.489,208.677,0,0,0
1000,5,1,522,1,1,1,4330.19,30661.2,830.955,57.9922,0.980525,726.798,17750.6,428.722,34.8035,0.765043,392.678,126.733,23.1887,0.0718272,103.473,555.455,0,0,0
1000,5,1,523,1,1,1,4319.62,18718.2,543.292,46.3844,0.713261,449.855,10723.8,135.97,23.1957,0.497779,112.277,130.278,23.1887,0.0718272,107.017,266.248,0,0,0
1000,5,1,524,1,1,1,4371.31,18702.8,542.23,46.3844,0.678182,448.825,10727.6,132.024,23.1957,0.462701,108.366,125.576,23.1887,0.0718272,102.316,257.6,0,0,0
1000,5,1,525,1,1,1,4316.97,18634,540.48,46.3844,0.482746,447.266,10690.3,129.313,23.1957,0.267264,105.85,117.836,23.1887,0.0718272,94.5751,247.148,0,0,0
1000,5,1,526,1,1,1,4332.92,18676,476.881,46.3844,0.517824,383.446,11863,118.082,23.1957,0.302342,94.5842,84.7284,23.1887,0.0718272,61.4679,202.811,0,0,0
1000,5,1,527,1,1,1,4333.54,18668.3,439.262,46.3844,0.517824,345.718,12524.2,76.875,23.1957,0.302342,53.377,125.382,23.1887,0.0718272,102.121,202.257,0,0,0
1000,5,1,528,1,1,1,4320.46,18656.8,460.533,46.3844,0.482746,367.085,12134.7,124.371,23.1957,0.267264,100.908,78.3629,23.1887,0.0718272,55.1023,202.734,0,0,0
1000,5,1,529,1,1,1,4319.37,18649.9,464.295,46.3844,0.482746,370.859,12061,119.114,23.1957,0.267264,95.6508,82.8712,23.1887,0.0718272,59.6107,201.985,0,0,0
1000,5,1,530,1,1,2,10326.7,24642.5,701.254,69.5741,0.519494,585.917,14239.4,116.271,23.1957,0.267264,92.8082,295.105,46.3784,0.108576,248.618,411.377,1,0,0
1000,5,1,531,1,1,1,4316.62,18644.2,380.748,46.3952,0.536198,287.005,13540.6,73.1195,23.2065,0.320717,49.5923,121.554,23.1887,0.0718272,98.293,194.673,0,0,0
1000,5,1,532,1,1,1,4345.61,18663.1,444.821,46.3844,0.770054,351.041,12419.7,76.8399,23.1957,0.267264,53.377,126.197,23.1887,0.0718272,102.937,203.037,0,0,0
1000,5,1,533,1,1,1,4314.63,18633.7,496.914,46.3844,0.482746,403.573,11464.7,119.464,23.1957,0.267264,96.0009,88.2477,23.1887,0.0718272,64.9872,207.712,0,0,0
1000,5,1,534,1,1,1,4317.38,18707.7,525.121,46.3844,0.482746,431.862,11037.1,125.781,23.1957,0.267264,102.318,119.263,23.1887,0.0718272,96.0027,245.044,0,0,0
1000,5,1,535,1,1,1,4326.09,24679,646.399,52.1883,0.983866,547.347,14950.5,276.98,28.9996,0.481075,247.404,85.6759,23.1887,0.0718272,62.4154,362.656,0,0,0
1000,5,1,536,1,1,1,4381.4,18714.9,546.39,46.3844,0.552902,453.122,10665.6,126.402,23.1957,0.267264,102.939,125.464,23.1887,0.141984,102.134,251.866,0,0,0
1000,5,1,537,1,1,1,4330.29,18710.3,515.979,46.3844,0.678182,422.498,11201.8,123.906,23.1957,0.462701,100.248,109.557,23.1887,0.0718272,86.2965,233.463,0,0,0
1000,5,1,538,1,1,1,4321.22,18637,469.977,46.3844,0.482746,376.557,11947,78.8126,23.1957,0.267264,55.3496,128.186,23.1887,0.0718272,104.926,206.999,0,0,0
1000,5,1,539,1,1,1,4319.94,18695.7,432.45,46.3844,0.482746,338.922,12673.1,127.333,23.1957,0.267264,103.87,71.2646,23.1887,0.0718272,48.0041,198.597,0,0,0
1000,5,1,540,1,1,1,4319.82,18652.2,419.778,46.3844,0.678182,326.017,12854.3,129.061,23.1957,0.462701,105.402,71.5967,23.1887,0.0718272,48.3362,200.657,0,0,0
1000,5,1,541,1,1,1,4320.81,18657.1,547.185,46.3844,0.482746,453.99,10594.2,127.961,23.1957,0.267264,104.498,125.591,23.1887,0.0718272,102.33,253.552,0,0,0
1000,5,1,542,1,1,1,4317.54,18638.2,416.513,46.3844,0.482746,322.938,12898.9,131.61,23.1957,0.267264,108.147,72.1634,23.1887,0.0718272,48.9029,203.774,0,0,0
1000,5,1,543,1,1,1,4321.22,18636.8,466.482,46.3844,0.482746,373.052,12009,120.384,23.1957,0.267264,96.9214,82.4182,23.1887,0.0718272,59.1577,202.803,0,0,0
1000,5,1,544,1,1,1,4329.73,18643.3,514.54,46.3844,0.6264,421.107,11160.4,98.6365,23.1957,0.267264,75.1735,131.585,23.1887,0.0718272,108.324,230.221,0,0,0
1000,5,1,545,1,1,1,4329.73,18671.8,517.013,46.3844,0.517824,423.695,11145.2,125.372,23.1957,0.302342,101.874,110.638,23.1887,0.0718272,87.3776,236.01,0,0,0
1000,5,1,546,1,1,1,4325.06,24645.9,395.017,52.1883,0.766714,295.451,19387.8,215.468,28.9996,0.551232,185.647,37.8379,23.1887,0.0718272,14.5774,253.305,0,0,0
1000,5,1,547,1,1,1,4315.34,24648.3,506.363,52.1883,0.891994,406.995,17410.2,272.331,28.9996,0.676512,242.549,60.4376,23.1887,0.0718272,37.1771,332.769,0,0,0
1000,5,1,548,1,1,1,4317.9,24666.3,534.106,52.1883,0.696557,435.015,16935.4,271.304,28.9996,0.481075,241.711,69.9832,23.1887,0.0718272,46.7227,341.287,0,0,0
1000,5,1,549,1,1,1,4328.34,18665.8,539.932,46.3844,0.517824,446.681,10731.6,131.449,23.1957,0.302342,107.951,125.091,23.1887,0.0718272,101.83,256.539,0,0,0
1000,5,1,550,1,0,0,-1,-1,501.662,23.1957,0.267264,431.102,250906,-1,-1,-1,-1,-1,-1,-1,-1,-1,0,0,0
1000,5,1,551,1,1,1,4341.54,18895.1,454.469,46.3844,1.13921,360.348,12478.9,131.783,23.1957,0.923731,107.664,76.827,23.1887,0.0718272,53.5665,208.61,0,0,0
1000,5,1,552,1,1,1,4327.75,18657.3,541.953,46.3844,0.587981,448.637,10686.7,132.896,23.1957,0.302342,109.398,128.648,23.1887,0.141984,105.317,261.544,0,0,0
1000,5,1,553,1,1,1,4350.66,18662.9,424.6,46.3844,0.517824,331.013,12779.6,77.9751,23.1957,0.267264,54.5122,125.635,23.1887,0.106906,102.339,203.61,0,0,0
1000,5,1,554,1,1,1,4361.47,18677.2,412.242,46.3844,0.587981,318.549,13013.2,79.7781,23.1957,0.267264,56.3152,125.723,23.1887,0.177062,102.357,205.501,0,0,0
1000,5,1,555,1,1,2,10318,24636.4,700.269,69.5849,0.556243,584.882,14250.6,132.538,23.2065,0.285638,109.046,288.316,46.3784,0.12695,241.811,420.854,1,0,0
1000,5,1,556,1,1,1,4322.6,18642.9,540.098,46.3844,0.517824,446.847,10705.8,135.938,23.1957,0.267264,112.475,126.142,23.1887,0.106906,102.847,262.08,0,0,0
1000,5,1,557,1,1,1,4329.14,18652.5,405.623,46.3844,0.517824,311.981,13106.6,81.2166,23.1957,0.267264,57.7536,127.38,23.1887,0.106906,104.085,208.597,0,0,0
1000,5,1,558,1,1,1,4317.18,18651,404.732,46.3844,0.678182,310.927,13120.8,129.389,23.1957,0.462701,105.731,70.9217,23.1887,0.0718272,47.6612,200.311,0,0,0
1000,5,1,559,1,1,1,4344.89,18667.8,536.32,46.3844,0.770054,442.806,10797.3,113.243,23.1957,0.267264,89.7798,134.599,23.1887,0.0718272,111.338,247.841,0,0,0
1000,5,1,560,1,1,1,4323.85,18676.9,415.587,46.3844,0.678182,321.814,12953.6,132.228,23.1957,0.462701,108.57,71.8692,23.1887,0.0718272,48.6087,204.097,0,0,0
1000,5,1,561,1,1,1,4320.97,18653.5,364.702,46.3844,0.482746,270.976,13835.5,67.8845,23.1957,0.267264,44.4215,114.643,23.1887,0.0718272,91.3824,182.527,0,0,0
1000,5,1,562,1,1,1,4317.9,18645.9,401.426,46.3844,0.482746,307.807,13174.9,128.324,23.1957,0.267264,104.861,70.216,23.1887,0.0718272,46.9555,198.54,0,0,0
1000,5,1,563,1,1,1,4332.85,18654.9,536.183,46.3844,0.482746,442.956,10787.6,130.623,23.1957,0.267264,107.16,127.643,23.1887,0.0718272,104.382,258.266,0,0,0
1000,5,1,564,1,1,1,4326.37,18648.5,448.576,46.3844,0.482746,355.094,12339,76.7443,23.1957,0.267264,53.2813,128.188,23.1887,0.0718272,104.927,204.932,0,0,0
1000,5,1,565,1,1,1,4332.81,18655.2,433.062,46.3844,0.482746,339.535,12621.7,80.8267,23.1957,0.267264,57.3638,122.746,23.1887,0.0718272,99.486,203.573,0,0,0
1000,5,1,566,1,1,2,10317.3,30707.5,858.753,75.3781,0.733306,738.015,17603.1,277.33,28.9996,0.481075,247.749,290.124,46.3784,0.108576,243.637,567.454,1,0,0
1000,5,1,567,1,1,1,4319.94,18638.6,480.157,46.3844,0.482746,386.767,11767.6,80.2131,23.1957,0.267264,56.7501,130.121,23.1887,0.0718272,106.86,210.334,0,0,0
1000,5,1,568,1,1,1,4315.02,18647.1,474.384,46.3844,0.482746,380.977,11878.7,118.706,23.1957,0.267264,95.2429,83.1889,23.1887,0.0718272,59.9284,201.895,0,0,0
1000,5,1,569,1,1,1,4323.56,18678.5,429.685,46.3844,0.6264,336.005,12704.5,130.15,23.1957,0.267264,106.687,72.9394,23.1887,0.0718272,49.6789,203.09,0,0,0
1000,5,1,570,1,1,1,4319.3,18644.6,540.782,46.3844,0.482746,447.569,10695.6,128.387,23.1957,0.267264,104.924,117.22,23.1887,0.0718272,93.9597,245.607,0,0,0
1000,5,1,571,1,1,2,10358.2,24676.6,593.9,69.5741,0.806803,477.963,16181.7,82.7182,23.1957,0.267264,59.2552,298.663,46.3784,0.108576,252.176,381.381,1,0,0
1000,5,1,572,1,1,1,4318.54,24648,374.636,52.1991,0.554573,275.212,19753,204.192,29.0104,0.339091,174.539,34.3095,23.1887,0.0718272,11.049,238.501,0,0,0
1000,5,1,573,1,1,1,4322.44,18669,536.464,46.3844,0.482746,443.237,10796.8,113.107,23.1957,0.267264,89.6444,136.282,23.1887,0.0718272,113.022,249.39,0,0,0
1000,5,1,574,1,0,0,-1,-1,1063.38,23.1957,0.267264,994.457,264315,-1,-1,-1,-1,-1,-1,-1,-1,-1,0,0,0
1000,5,1,575,1,1,1,4316.94,18666.4,479.76,46.3844,0.678182,386.173,11802,79.5097,23.1957,0.462701,55.8513,131.586,23.1887,0.0718272,108.326,211.096,0,0,0
1000,5,1,576,1,1,1,4341.45,24678.4,633.64,52.1883,0.766714,534.768,15177.1,270.448,28.9996,0.516154,240.82,83.316,23.1887,0.106906,60.0204,353.764,0,0,0
1000,5,1,577,1,1,1,4383.67,18702.7,545.146,46.3844,0.840211,451.588,10674.8,129.21,23.1957,0.267264,105.747,120.725,23.1887,0.141984,97.3942,249.935,0,0,0
1000,5,1,578,1,1,1,4320.57,18683.1,413.435,46.3952,0.536198,319.787,12998.2,131.656,23.2065,0.320717,108.129,71.8854,23.1887,0.0718272,48.6249,203.542,0,0,0
1000,5,1,579,1,1,1,4333.18,18667.5,543.525,46.3844,0.678182,450.124,10669.2,123.561,23.1957,0.462701,99.9029,130.754,23.1887,0.0718272,107.494,254.316,0,0,0
1000,5,1,580,1,1,1,4336.68,18656.9,453.385,46.3844,0.517824,359.883,12261.7,122.424,23.1957,0.267264,98.9608,77.6309,23.1887,0.106906,54.3353,200.055,0,0,0
1000,5,1,581,0,0,0,-1,-1,1041.97,23.206,0.942106,972.293,263866,-1,-1,-1,-1,-1,-1,-1,-1,-1,0,0,0
1000,5,1,582,1,1,1,4319.69,18684.2,446.834,46.3844,0.482746,353.347,12405.7,77.0168,23.1957,0.267264,53.5538,126.76,23.1887,0.0718272,103.5,203.777,0,0,0
1000,5,1,583,1,0,0,-1,-1,953.819,23.1957,0.603014,884.238,261644,-1,-1,-1,-1,-1,-1,-1,-1,-1,0,0,0
1000,5,1,584,1,1,1,4323.05,18642.7,550.905,46.3844,0.482746,457.721,10513.7,127.567,23.1957,0.267264,104.104,125.383,23.1887,0.0718272,102.123,252.951,0,0,0
1000,5,1,585,1,1,1,4368.59,18700,424.315,46.3844,0.873619,330.372,12821,77.46,23.1957,0.658138,53.6062,126.118,23.1887,0.0718272,102.857,203.578,0,0,0
1000,5,1,586,1,1,1,4328.97,24665.9,690.002,52.1883,0.641434,591.419,14162.3,284.69,28.9996,0.425952,255.193,128,23.1887,0.0718272,104.74,412.69,0,0,0
1000,5,1,587,1,1,1,4317.7,18653.6,441.842,46.3844,0.482746,348.341,12463.9,128.621,23.1957,0.267264,105.158,74.4212,23.1887,0.0718272,51.1607,203.043,0,0,0
1000,5,1,588,1,1,1,4317.58,18650.8,400.315,46.3844,0.552902,306.623,13199.1,127.638,23.1957,0.337421,104.104,70.3911,23.1887,0.0718272,47.1305,198.029,0,0,0
1000,5,1,589,1,1,1,4347.05,18664.7,500.623,46.3844,0.482746,407.293,11429.8,92.7944,23.1957,0.267264,69.3314,130.325,23.1887,0.0718272,107.064,223.119,0,0,0
1000,5,1,590,1,1,1,4333.59,18649.4,543.476,46.3844,0.482746,450.271,10652.4,123.29,23.1957,0.267264,99.8271,130.292,23.1887,0.0718272,107.032,253.582,0,0,0
1000,5,1,591,1,1,1,4334.85,18670.1,462.528,46.3844,0.552902,369.017,12112.1,76.7639,23.1957,0.337421,53.2308,129.957,23.1887,0.0718272,106.696,206.721,0,0,0
1000,5,1,592,1,1,1,4340.94,18658.2,550.135,46.3844,0.482746,456.948,10542.8,125.824,23.1957,0.267264,102.361,123.896,23.1887,0.0718272,100.636,249.72,0,0,0
1000,5,1,593,1,1,1,4358.41,18677.1,551.36,46.3844,0.482746,458.177,10540,124.6,23.1957,0.267264,101.137,126.818,23.1887,0.0718272,103.558,251.418,0,0,0
1000,5,1,594,1,1,1,4352.45,18667.6,501.6,46.3844,0.644774,408.11,11414.7,92.6012,23.1957,0.267264,69.1383,130.289,23.1887,0.0902016,107.01,222.89,0,0,0
1000,5,1,595,1,1,1,4314.38,18642.9,306.94,46.3844,0.517824,213.012,14851.8,94.1415,23.1957,0.302342,70.6435,47.0406,23.1887,0.0718272,23.78,141.182,0,0,0
1000,5,1,596,1,1,1,4333.3,18677.3,462.863,46.3844,0.482746,369.423,12113.8,77.311,23.1957,0.267264,53.848,129.57,23.1887,0.0718272,106.31,206.881,0,0,0
1000,5,1,597,1,1,1,4352.72,18698.2,539.624,46.3844,0.482746,446.406,10769.8,135.112,23.1957,0.267264,111.649,128.242,23.1887,0.0718272,104.982,263.354,0,0,0
1000,5,1,598,1,1,1,4337.83,18657.9,405.347,46.3844,0.482746,311.739,13117.2,80.1373,23.1957,0.267264,56.6743,127.439,23.1887,0.0718272,104.178,207.576,0,0,0
1000,5,1,599,1,1,1,4319.18,18635.3,375.571,46.3844,0.482746,281.877,13624,73.0174,23.1957,0.267264,49.5544,118.482,23.1887,0.0718272,95.2212,191.499,0,0,0
1000,5,1,600,1,1,1,4321.1,18660.5,330.481,46.3844,0.482746,236.656,14451.1,108.321,23.1957,0.267264,84.8581,53.9836,23.1887,0.0718272,30.7231,162.305,0,0,0
1000,5,1,601,1,1,1,4316.62,18664,471.187,46.3844,0.873619,377.38,11951.6,119.701,23.1957,0.658138,95.8475,82.0483,23.1887,0.0718272,58.7878,201.75,0,0,0
1000,5,1,602,1,1,1,4323.85,18683,384.188,46.3844,0.678182,290.324,13518,129.024,23.1957,0.462701,105.366,71.8277,23.1887,0.0718272,48.5672,200.852,0,0,0
1000,5,1,603,1,1,1,4337.43,18700.5,430.188,46.3844,1.08743,336.048,12716.2,130.15,23.1957,0.693216,106.261,73.2344,23.1887,0.106906,49.9388,203.385,0,0,0
1000,5,1,604,1,1,1,4317.58,18676.7,498.066,46.3844,0.482746,404.728,11487.3,122.752,23.1957,0.267264,99.2893,89.1736,23.1887,0.0718272,65.9131,211.926,0,0,0
1000,5,1,605,1,1,1,4359.06,18693.5,479.822,46.3844,0.482746,386.431,11828.5,78.5761,23.1957,0.267264,55.1132,131.933,23.1887,0.0718272,108.672,210.509,0,0,0
1000,5,1,606,1,1,1,4356.38,18672.5,454.692,46.3844,0.6264,361.085,12253.9,76.2425,23.1957,0.267264,52.7796,128.363,23.1887,0.0718272,105.103,204.606,0,0,0
1000,5,1,607,1,1,1,4320.81,18698.3,525.403,46.3844,0.821837,431.806,11021.9,126.176,23.1957,0.462701,102.518,119.449,23.1887,0.0718272,96.1886,245.626,0,0,0
1000,5,1,608,1,1,1,4317.26,18631.1,400.826,46.3844,0.482746,307.206,13170.8,80.2745,23.1957,0.267264,56.8115,125.683,23.1887,0.0718272,102.422,205.957,0,0,0
1000,5,1,609,1,1,1,4336.52,18651.3,518.49,46.3844,0.6264,425.068,11098.3,99.5624,23.1957,0.267264,76.0994,133.402,23.1887,0.0718272,110.142,232.964,0,0,0
1000,5,1,610,1,1,1,4322.85,18654.8,543.01,46.3844,0.482746,449.803,10666.2,123.61,23.1957,0.267264,100.147,129.305,23.1887,0.0718272,106.045,252.915,0,0,0
1000,5,1,611,1,1,1,4434.66,18765.5,523.16,46.3844,0.517824,429.86,11129.6,123.983,23.1957,0.267264,100.52,118.407,23.1887,0.106906,95.1112,242.39,0,0,0
1000,5,1,612,1,1,1,4345.83,18667.6,528.705,46.3844,0.6264,435.312,10932.9,103.361,23.1957,0.267264,79.8985,136.97,23.1887,0.0718272,113.71,240.332,0,0,0
1000,5,1,613,1,1,1,4351.44,18667.3,544.543,46.3844,0.696557,451.126,10650.5,123.178,23.1957,0.267264,99.7152,127.48,23.1887,0.141984,104.15,250.658,0,0,0
1000,5,1,614,1,1,1,4317.26,18679.5,433.411,46.3844,0.482746,339.885,12639.7,127.89,23.1957,0.267264,104.428,72.0713,23.1887,0.0718272,48.8108,199.962,0,0,0
1000,5,1,615,1,1,1,4327.43,18663.3,542.099,46.3844,0.517824,448.854,10690.6,128.601,23.1957,0.302342,105.103,118.251,23.1887,0.0718272,94.9902,246.851,0,0,0
1000,5,1,616,1,1,1,4319.94,18646.1,504.132,46.3844,0.482746,410.812,11348.8,125.994,23.1957,0.267264,102.531,93.3319,23.1887,0.0718272,70.0714,219.326,0,0,0
1000,5,1,617,1,1,1,4379.43,24717.7,692.473,52.1883,0.83687,593.702,14169.7,286.608,28.9996,0.516154,257.027,128.91,23.1887,0.177062,105.545,415.519,0,0,0
1000,5,1,618,1,1,1,4329.99,24687.3,695.53,52.2099,0.838541,596.744,14085.1,289.902,29.0212,0.587981,260.234,128.853,23.1887,0.106906,105.557,418.755,0,0,0
1000,5,1,619,1,0,0,-1,-1,1114.36,23.1957,0.658138,1045.19,265972,-1,-1,-1,-1,-1,-1,-1,-1,-1,0,0,0
1000,5,1,620,1,1,1,4315.66,18679.8,540.786,46.3844,0.482746,447.572,10730.7,135.792,23.1957,0.267264,112.329,130.531,23.1887,0.0718272,107.27,266.323,0,0,0
1000,5,1,621,1,1,1,4372.19,18739.6,439.191,46.3844,0.821837,345.343,12596.2,79.905,23.1957,0.462701,56.2466,125.603,23.1887,0.0718272,102.343,205.508,0,0,0
1000,5,1,622,1,1,1,4319.5,36637,687.109,63.7961,0.963821,576.906,26384.4,509.541,40.6075,0.748339,467.122,38.2494,23.1887,0.0718272,14.9889,547.79,0,0,0
1000,5,1,623,1,1,1,4323.19,18678.8,540.247,46.3844,0.587981,446.926,10738.5,120.733,23.1957,0.372499,97.165,132.671,23.1887,0.0718272,109.411,253.404,0,0,0
1000,5,1,624,1,1,1,4324.39,18640.8,542.133,46.3844,0.517824,448.888,10667.5,116.778,23.1957,0.267264,93.3154,134.381,23.1887,0.106906,111.085,251.159,0,0,0
1000,5,1,625,1,1,1,4341.35,18661.7,444.939,46.3844,0.552902,351.377,12416.5,76.6829,23.1957,0.267264,53.2199,126.289,23.1887,0.141984,102.958,202.972,0,0,0
1000,5,1,626,1,1,1,4328.36,18692,542.693,46.3844,0.821837,449.146,10708.1,134.926,23.1957,0.462701,111.268,129.379,23.1887,0.0718272,106.119,264.305,0,0,0
1000,5,1,627,1,1,1,4315.02,24636.9,338.229,52.1883,0.536198,238.728,20389.3,184.798,28.9996,0.320717,155.119,28.5666,23.1887,0.0718272,5.30611,213.365,0,0,0
1000,5,1,628,1,0,0,-1,-1,512.777,23.1957,0.302342,442.214,251290,-1,-1,-1,-1,-1,-1,-1,-1,-1,0,0,0
1000,5,1,629,1,1,1,4324.01,18643,385.938,46.3844,0.6264,292.13,13447,73.6815,23.1957,0.267264,50.2186,122.766,23.1887,0.0718272,99.5058,196.448,0,0,0
1000,5,1,630,1,1,1,4317.9,18677.5,470.009,46.3844,0.482746,376.59,11986.9,120.563,23.1957,0.267264,97.1,82.2432,23.1887,0.0718272,58.9827,202.806,0,0,0
1000,5,1,631,1,1,1,4328.23,18665.7,536.909,46.3844,0.517824,443.649,10785.3,113.401,23.1957,0.302342,89.9025,134.898,23.1887,0.0718272,111.638,248.299,0,0,0
1000,5,1,632,1,1,1,4377.55,18715.9,538.295,46.3844,0.913709,444.643,10809.9,129.379,23.1957,0.267264,105.916,128.654,23.1887,0.0718272,105.393,258.033,0,0,0
1000,5,1,633,1,1,1,4346.82,18662.3,536.953,46.3844,0.482746,443.728,10781.3,112.044,23.1957,0.267264,88.5814,137.335,23.1887,0.0718272,114.074,249.379,0,0,0
1000,5,1,634,1,1,1,4316.26,30657.3,789.871,57.9922,0.910368,685.665,18477.8,427.854,34.8035,0.694886,391.876,83.0084,23.1887,0.0718272,59.7479,510.863,0,0,0
1000,5,1,635,1,1,1,4325.45,18643.1,319.938,46.3844,0.482746,226.082,14621.1,101.522,23.1957,0.267264,78.0594,51.3432,23.1887,0.0718272,28.0827,152.866,0,0,0
1000,5,1,636,1,1,1,4322.85,18655.2,391.137,46.3844,0.517824,297.453,13366.9,77.3749,23.1957,0.302342,53.8769,123.521,23.1887,0.0718272,100.26,200.896,0,0,0
1000,5,1,637,1,1,1,4320.42,18650.4,394.06,46.3844,0.482746,300.42,13310.4,127.862,23.1957,0.267264,104.399,70.8549,23.1887,0.0718272,47.5944,198.717,0,0,0
1000,5,1,638,1,1,1,4318.22,18675.8,370.957,46.3844,0.482746,277.25,13746.6,127.363,23.1957,0.267264,103.901,66.8555,23.1887,0.0718272,43.5949,194.219,0,0,0
1000,5,1,639,1,1,1,4338.63,18702.4,540.665,46.3844,0.482746,447.451,10755.4,135.121,23.1957,0.267264,111.658,128.811,23.1887,0.0718272,105.55,263.931,0,0,0
1000,5,1,640,1,1,1,4327.76,18643.8,438.431,46.3844,0.517824,344.885,12514.5,75.238,23.1957,0.302342,51.74,125.333,23.1887,0.0718272,102.072,200.571,0,0,0
1000,5,1,641,1,1,1,4327.43,18675.1,406.578,46.3844,0.482746,312.974,13112.5,129.055,23.1957,0.267264,105.592,71.1527,23.1887,0.0718272,47.8922,200.207,0,0,0
1000,5,1,642,1,1,1,4342.41,18704.7,505.406,46.3844,0.517824,412.054,11384.4,126.615,23.1957,0.302342,103.117,94.209,23.1887,0.0718272,70.9485,220.824,0,0,0
1000,5,1,643,1,1,1,4320.26,18724.3,538.787,46.3844,0.482746,445.567,10810.8,129.731,23.1957,0.267264,106.268,128.65,23.1887,0.0718272,105.389,258.381,0,0,0
1000,5,1,644,1,1,1,4332.94,18672.2,546.422,46.3844,0.482746,453.225,10622.8,123.081,23.1957,0.267264,99.6177,125.802,23.1887,0.0718272,102.542,248.883,0,0,0
1000,5,1,645,1,0,0,-1,-1,1153.79,23.1957,0.302342,1085.09,267750,-1,-1,-1,-1,-1,-1,-1,-1,-1,0,0,0
1000,5,1,646,1,1,1,4315.98,18693,534.286,46.3844,0.482746,441.053,10859.4,127.533,23.1957,0.267264,104.07,127.971,23.1887,0.0718272,104.711,255.505,0,0,0
1000,5,1,647,1,1,1,4320.71,18637.4,531.137,46.3844,0.482746,437.895,10859.9,106.583,23.1957,0.267264,83.1201,136.073,23.1887,0.0718272,112.813,242.656,0,0,0
1000,5,1,648,1,1,2,4372.69,18693.2,506.515,69.5741,0.733306,390.398,11742.3,81.7895,23.1957,0.302342,58.2914,153.829,46.3784,0.287309,107.164,235.619,1,0,0
1000,5,1,649,1,1,1,4336.33,18696.9,551.092,46.3844,0.482746,457.908,10564.5,126.448,23.1957,0.267264,102.985,126.959,23.1887,0.0718272,103.698,253.407,0,0,0
1000,5,1,650,1,1,1,4367.73,18682.2,484.923,46.3844,0.805133,391.225,11725.4,82.0811,23.1957,0.267264,58.6181,130.544,23.1887,0.106906,107.248,212.625,0,0,0
1000,5,1,651,1,0,0,-1,-1,792.22,28.9996,0.390874,716.737,257924,-1,-1,-1,-1,-1,-1,-1,-1,-1,0,0,0
1000,5,1,652,1,1,1,4325.51,18675.3,491.659,46.3844,0.517824,398.267,11599.5,120.64,23.1957,0.302342,97.1416,85.3709,23.1887,0.0718272,62.1104,206.01,0,0,0
1000,5,1,653,1,1,1,4346.95,18689,513.477,46.3844,0.517824,420.148,11225.2,124.794,23.1957,0.302342,101.296,106.899,23.1887,0.0718272,83.638,231.693,0,0,0
1000,5,1,654,1,1,1,4317.51,18631.6,444.437,46.3844,0.482746,350.943,12395.8,125.34,23.1957,0.267264,101.877,74.8182,23.1887,0.0718272,51.5577,200.159,0,0,0
1000,5,1,655,1,1,1,4329.8,18651.3,549.946,46.3844,0.482746,456.759,10539.3,123.462,23.1957,0.267264,99.9986,126.006,23.1887,0.0718272,102.745,249.467,0,0,0
1000,5,1,656,1,1,1,4325.45,30666,547.825,57.9922,1.30124,442.524,22789.5,367.834,34.8035,1.08576,331.291,39.3124,23.1887,0.0718272,16.0519,407.147,0,0,0
1000,5,1,657,1,1,1,4323.13,18645,474.247,46.3844,0.482746,380.84,11879.1,79.0057,23.1957,0.267264,55.5427,128.612,23.1887,0.0718272,105.352,207.618,0,0,0
1000,5,1,658,1,1,1,4315.98,18636.6,417.667,46.3844,0.482746,324.095,12876.8,128.302,23.1957,0.267264,104.839,71.5768,23.1887,0.0718272,48.3163,199.879,0,0,0
1000,5,1,659,1,1,1,4323.72,18650,393.589,46.3844,0.517824,299.913,13318.1,127.136,23.1957,0.267264,103.673,70.7546,23.1887,0.106906,47.459,197.891,0,0,0
1000,5,1,660,1,1,1,4344.06,18663.6,530.145,46.3844,0.482746,436.901,10903.7,104.004,23.1957,0.267264,80.541,136.153,23.1887,0.0718272,112.892,240.157,0,0,0
1000,5,1,661,1,1,1,4343.64,18689.1,543.825,46.3844,0.552902,450.55,10685.5,128.233,23.1957,0.267264,104.77,119.601,23.1887,0.141984,96.2698,247.834,0,0,0
1000,5,1,662,1,1,1,4359.08,18690.5,454.48,46.3844,0.552902,360.946,12275.6,76.3949,23.1957,0.302342,52.8969,128.575,23.1887,0.106906,105.279,204.97,0,0,0
1000,5,1,663,1,1,1,4318.86,42643.1,677.874,69.6001,1.03231,561.932,32653.3,571.968,46.4114,0.816826,523.033,24.7062,23.1887,0.0718272,1.44564,596.674,0,0,0
1000,5,1,664,1,1,1,4336.2,30688.7,548.226,57.9922,1.17596,443.051,22805.1,368.082,34.8035,0.96048,331.663,39.4297,23.1887,0.0718272,16.1692,407.512,0,0,0
1000,5,1,665,1,1,1,4316.62,18643.8,485.834,46.3844,0.482746,392.461,11671.8,118.296,23.1957,0.267264,94.8332,82.9073,23.1887,0.0718272,59.6468,201.204,0,0,0
1000,5,1,666,1,1,1,4327.77,18666.3,423.744,46.3844,0.482746,330.19,12798.4,78.152,23.1957,0.267264,54.689,125.811,23.1887,0.0718272,102.551,203.963,0,0,0
1000,5,1,667,1,1,1,4336.26,18656.3,461.128,46.3844,0.482746,367.683,12123.7,76.6288,23.1957,0.267264,53.1658,128.666,23.1887,0.0718272,105.406,205.295,0,0,0
1000,5,1,668,1,1,1,4329.59,18645.4,408.444,46.3844,0.482746,314.846,13049.6,79.2872,23.1957,0.267264,55.8243,127.361,23.1887,0.0718272,104.101,206.649,0,0,0
1000,5,1,669,1,1,2,4347.46,18662.6,402.507,69.5741,0.554573,286.267,13571.6,72.8459,23.1957,0.267264,49.3829,145.465,46.3784,0.143654,98.9427,218.311,1,0,0
1000,5,1,670,1,1,1,4343.37,18682.2,541.886,46.3844,0.517824,448.641,10713.2,115.253,23.1957,0.267264,91.7903,135.57,23.1887,0.106906,112.275,250.824,0,0,0
1000,5,1,671,1,1,1,4316.94,18635.2,325.385,46.3844,0.482746,231.545,14516.3,104.619,23.1957,0.267264,81.1564,52.2239,23.1887,0.0718272,28.9634,156.843,0,0,0
1000,5,1,672,1,1,1,4333.7,18676.9,540.537,46.3844,0.821837,446.984,10731.3,136.48,23.1957,0.462701,112.822,128.641,23.1887,0.0718272,105.38,265.121,0,0,0
1000,5,1,673,1,1,2,10346.3,24668.1,654.575,69.5741,0.589651,539.032,15094.5,126.557,23.1957,0.267264,103.094,246.738,46.3784,0.178733,200.181,373.295,1,0,0
1000,5,1,674,1,1,1,4324.29,18675.8,502.485,46.3844,0.678182,408.964,11407.3,124.828,23.1957,0.462701,101.17,91.8952,23.1887,0.0718272,68.6347,216.724,0,0,0
1000,5,1,675,1,1,1,4316.94,24639.6,437.15,52.1883,0.731635,337.741,18632.5,236.554,28.9996,0.516154,206.83,43.6854,23.1887,0.0718272,20.4249,280.24,0,0,0
1000,5,1,676,1,1,1,4316.94,18683.2,396.385,46.3844,0.482746,302.752,13301.9,128.948,23.1957,0.267264,105.485,70.7412,23.1887,0.0718272,47.4807,199.689,0,0,0
1000,5,1,677,1,1,1,4317.58,18641.2,386.736,46.3844,0.482746,293.074,13431.4,127.394,23.1957,0.267264,103.931,72.0406,23.1887,0.0718272,48.7801,199.435,0,0,0
1000,5,1,678,1,1,1,4325.96,18649.4,437.581,46.3844,0.482746,344.067,12535.5,79.9622,23.1957,0.267264,56.4993,124.93,23.1887,0.0718272,101.67,204.893,0,0,0
1000,5,1,679,1,1,1,4350.2,18672.5,515.994,46.3844,0.517824,422.673,11164,125.806,23.1957,0.267264,102.343,108.614,23.1887,0.106906,85.3183,234.42,0,0,0
1000,5,1,680,1,1,1,4321.54,18643.8,461.312,46.3844,0.482746,367.867,12107.9,121.391,23.1957,0.267264,97.9284,79.5486,23.1887,0.0718272,56.2881,200.94,0,0,0
1000,5,1,681,1,1,1,4352.35,18691.8,530.738,46.3844,0.517824,437.46,10921.1,127.325,23.1957,0.302342,103.827,125.024,23.1887,0.0718272,101.764,252.349,0,0,0
1000,5,1,682,1,1,1,4327.37,18735.3,438.662,46.3844,0.482746,345.152,12602.1,131.812,23.1957,0.267264,108.349,72.1327,23.1887,0.0718272,48.8722,203.945,0,0,0
1000,5,1,683,1,1,1,4316.94,24674,515.008,52.1883,0.891994,415.665,17282.2,275.087,28.9996,0.676512,245.308,65.2618,23.1887,0.0718272,42.0013,340.348,0,0,0
1000,5,1,684,1,1,1,4344.5,18674.3,538.704,46.3844,0.482746,445.484,10762.2,131.816,23.1957,0.267264,108.353,129.594,23.1887,0.0718272,106.333,261.41,0,0,0
1000,5,1,685,1,1,1,4330.19,18644.7,360.166,46.3844,0.517824,266.392,13907.1,64.6286,23.1957,0.267264,41.1657,113.687,23.1887,0.106906,90.3916,178.316,0,0,0
1000,5,1,686,1,1,2,4367.82,18693.9,538.36,69.5741,0.803462,422.265,11158.7,125.953,23.1957,0.302342,102.455,131.922,46.3784,0.357466,85.1866,257.875,1,0,0
1000,5,1,687,1,1,1,4319.28,18649.9,425.944,46.3844,0.517824,332.361,12742.7,79.8944,23.1957,0.302342,56.3964,123.005,23.1887,0.0718272,99.7441,202.899,0,0,0
1000,5,1,688,1,1,1,4319.56,18638.1,441.472,46.3844,0.482746,347.969,12455,128.596,23.1957,0.267264,105.133,74.5385,23.1887,0.0718272,51.278,203.135,0,0,0
1000,5,1,689,1,1,1,4316.3,24635.8,325.442,52.1883,0.766714,225.674,20614.8,174.586,28.9996,0.551232,144.648,27.9187,23.1887,0.0718272,4.65819,202.505,0,0,0
1000,5,1,690,1,1,1,4356.84,18679.8,423.925,46.3844,0.6264,330.228,12808.3,78.2495,23.1957,0.267264,54.7865,126.307,23.1887,0.0718272,103.047,204.557,0,0,0
1000,5,1,691,1,1,1,4331.37,18692.8,507.836,46.3844,0.482746,414.526,11329.6,126.855,23.1957,0.267264,103.392,102.381,23.1887,0.0718272,79.1206,229.236,0,0,0
1000,5,1,692,1,1,1,4390.9,24718.7,659.911,52.1883,0.571277,561.311,14750.7,277.412,28.9996,0.320717,248.001,100.229,23.1887,0.106906,76.9332,377.641,0,0,0
1000,5,1,693,1,1,1,4342.34,18678.8,539.657,46.3844,0.517824,446.405,10749.6,114.235,23.1957,0.267264,90.7724,135.805,23.1887,0.106906,112.509,250.04,0,0,0
1000,5,1,694,1,1,1,4321.67,18660.2,461.936,46.3844,0.482746,368.493,12113.2,121.5,23.1957,0.267264,98.0367,79.841,23.1887,0.0718272,56.5805,201.341,0,0,0
1000,5,1,695,1,1,1,4315.63,18658.3,407.976,46.3844,0.713261,314.145,13070.1,79.7921,23.1957,0.497779,56.0986,127.246,23.1887,0.0718272,103.985,207.038,0,0,0
1000,5,1,696,1,1,1,4329.53,18651.8,503.674,46.3844,0.482746,410.352,11362.6,125.265,23.1957,0.267264,101.802,92.8644,23.1887,0.0718272,69.6039,218.129,0,0,0
1000,5,1,697,1,1,1,4340.8,18656.3,382.434,46.3844,0.517824,288.725,13522.7,71.994,23.1957,0.267264,48.5311,121.143,23.1887,0.106906,97.8472,193.137,0,0,0
1000,5,1,698,1,1,1,4323.04,18656.8,317.85,46.3844,0.482746,223.988,14672,101.109,23.1957,0.267264,77.6461,50.836,23.1887,0.0718272,27.5755,151.945,0,0,0
1000,5,1,699,1,1,1,4348.36,18673.9,487.534,46.3844,0.517824,394.13,11671.4,82.969,23.1957,0.267264,59.5061,129.541,23.1887,0.106906,106.245,212.51,0,0,0
1000,5,1,700,1,1,1,4338.63,24728.7,695.823,52.1883,0.641434,597.257,14121.6,286.86,28.9996,0.425952,257.361,128.072,23.1887,0.0718272,104.812,414.932,0,0,0
1000,5,1,701,1,1,1,4352.38,18667.6,375.285,46.3844,0.482746,281.59,13661.4,72.9813,23.1957,0.267264,49.5183,119.572,23.1887,0.0718272,96.3113,192.553,0,0,0
1000,5,1,702,1,1,1,4324.96,18643.1,460.254,46.3844,0.482746,366.806,12126,76.9374,23.1957,0.267264,53.4744,128.569,23.1887,0.0718272,105.308,205.506,0,0,0
1000,5,1,703,1,1,1,4317.26,18659.6,362.676,46.3844,0.482746,268.944,13877.7,125.109,23.1957,0.267264,101.646,63.0419,23.1887,0.0718272,39.7814,188.151,0,0,0
1000,5,1,704,1,1,1,4343.48,18668.9,537.851,46.3844,0.482746,444.629,10772,131.175,23.1957,0.267264,107.712,128.379,23.1887,0.0718272,105.119,259.555,0,0,0
1000,5,1,705,1,1,1,4322.24,18663.2,543.061,46.3844,0.482746,449.854,10673.6,124.602,23.1957,0.267264,101.139,131.567,23.1887,0.0718272,108.306,256.169,0,0,0
1000,5,1,706,1,1,1,4314.06,18666.8,313.186,46.3844,0.482746,219.31,14764.9,99.3043,23.1957,0.267264,75.8413,49.6124,23.1887,0.0718272,26.3519,148.917,0,0,0
1000,5,1,707,1,1,1,4323.72,18640.8,468.794,46.3844,0.482746,375.371,11971.8,77.8506,23.1957,0.267264,54.3876,128.713,23.1887,0.0718272,105.453,206.564,0,0,0
1000,5,1,708,1,1,1,4316.94,18631.6,542.213,46.3844,0.482746,449.004,10657.1,132.661,23.1957,0.267264,109.198,122.039,23.1887,0.0718272,98.7785,254.7,0,0,0
1000,5,1,709,1,1,2,10371,24730.2,709.888,69.5741,0.858586,594.238,14172.7,132.149,23.1957,0.462701,108.49,288.498,46.3784,0.108576,242.011,420.647,1,0,0
1000,5,1,710,1,1,1,4317.58,18681.2,329.728,46.3844,0.517824,235.866,14484.9,107.585,23.1957,0.302342,84.0874,53.3772,23.1887,0.0718272,30.1167,160.963,0,0,0
1000,5,1,711,1,1,1,4320.87,18638.7,432.293,46.3844,0.6264,338.62,12618.4,80.8863,23.1957,0.267264,57.4233,122.12,23.1887,0.0718272,98.8597,203.007,0,0,0
1000,5,1,712,1,1,1,4323.56,18669.3,480.892,46.3844,0.517824,387.469,11785,121.148,23.1957,0.267264,97.6848,83.2962,23.1887,0.106906,60.0006,204.444,0,0,0
1000,5,1,713,1,1,1,4315.98,18651.8,542.053,46.3844,0.482746,448.843,10680.1,131.576,23.1957,0.267264,108.113,118.485,23.1887,0.0718272,95.2249,250.061,0,0,0
1000,5,1,714,1,1,1,4389.68,18723.4,542.788,46.3844,0.517824,449.545,10738.5,137.171,23.1957,0.267264,113.708,130.974,23.1887,0.106906,107.678,268.144,0,0,0
1000,5,1,715,1,1,1,4317.57,18662.5,505.18,46.3844,0.482746,411.863,11346.5,126.947,23.1957,0.267264,103.484,94.0285,23.1887,0.0718272,70.768,220.975,0,0,0
1000,5,1,716,1,1,1,4317.9,18670.5,378.483,46.3844,0.552902,284.727,13607,129.596,23.1957,0.337421,106.063,71.1382,23.1887,0.0718272,47.8777,200.734,0,0,0
1000,5,1,717,1,1,1,4317.38,18706.8,545.525,46.3844,0.748339,452.059,10672.5,130.484,23.1957,0.532858,106.756,120.5,23.1887,0.0718272,97.239,250.984,0,0,0
1000,5,1,718,1,1,1,4325.13,18639.6,449.554,46.3844,0.770054,355.787,12312,75.4105,23.1957,0.267264,51.9476,125.894,23.1887,0.0718272,102.634,201.305,0,0,0
1000,5,1,719,1,1,1,4335.2,18660.4,449.021,46.3844,0.482746,355.54,12343.1,76.7443,23.1957,0.267264,53.2813,128.345,23.1887,0.0718272,105.084,205.089,0,0,0
1000,5,1,720,1,1,1,4330.81,18700,531.642,46.3844,0.482746,438.402,10913.4,126.557,23.1957,0.267264,103.094,125.548,23.1887,0.0718272,102.287,252.104,0,0,0
1000,5,1,721,1,1,1,4336.01,18671.5,409.924,46.3844,0.873619,315.939,13048.4,78.9598,23.1957,0.658138,55.106,124.084,23.1887,0.0718272,100.823,203.044,0,0,0
1000,5,1,722,1,0,0,-1,-1,1039.14,23.1957,0.603014,969.802,263836,-1,-1,-1,-1,-1,-1,-1,-1,-1,0,0,0
1000,5,1,723,1,1,1,4342.82,18658.3,544.801,46.3844,0.770054,451.312,10637,123.474,23.1957,0.267264,100.011,125.235,23.1887,0.0718272,101.975,248.709,0,0,0
1000,5,1,724,1,0,0,-1,-1,1094.64,23.1957,0.337421,1025.73,265388,-1,-1,-1,-1,-1,-1,-1,-1,-1,0,0,0
1000,5,1,725,1,1,1,4327.24,18645.5,452.347,46.3844,0.6264,358.733,12268.6,75.952,23.1957,0.267264,52.489,127.466,23.1887,0.0718272,104.206,203.418,0,0,0
1000,5,1,726,1,1,1,4323.24,18643.5,402.136,46.3844,0.6264,308.375,13159.5,81.5865,23.1957,0.267264,58.1236,125.959,23.1887,0.0718272,102.699,207.546,0,0,0
1000,5,1,727,1,1,1,4320.26,18636.6,439.577,46.3844,0.482746,346.069,12487.2,76.6071,23.1957,0.267264,53.1441,124.697,23.1887,0.0718272,101.437,201.305,0,0,0
1000,5,1,728,1,1,1,4318.25,18633.1,392.809,46.3844,0.482746,299.165,13315.3,78.5148,23.1957,0.267264,55.0518,123.528,23.1887,0.0718272,100.267,202.043,0,0,0
1000,5,1,729,1,1,1,4319.25,18638.6,550.542,46.3844,0.517824,457.322,10515.8,128.27,23.1957,0.267264,104.807,125.397,23.1887,0.106906,102.101,253.666,0,0,0
1000,5,1,730,1,1,1,4322.47,18640.9,549.658,46.3844,0.482746,456.47,10534.1,126.448,23.1957,0.267264,102.985,125.925,23.1887,0.0718272,102.664,252.373,0,0,0
1000,5,1,731,1,1,1,4326.17,24651.5,599.868,52.1883,0.696557,500.967,15751.2,266.234,28.9996,0.481075,236.631,78.4278,23.1887,0.0718272,55.1673,344.662,0,0,0
1000,5,1,732,1,1,1,4343.54,18657.1,485.06,46.3844,0.517824,391.649,11698.6,82.0811,23.1957,0.267264,58.6181,129.71,23.1887,0.106906,106.415,211.791,0,0,0
1000,5,1,733,1,1,1,4324.81,24654.8,337.785,52.1883,0.571277,238.248,20414.8,183.771,28.9996,0.355795,154.052,28.859,23.1887,0.0718272,5.59849,212.63,0,0,0
1000,5,1,734,1,1,1,4336.6,24676,451.4,52.1883,1.12251,351.642,18414.6,243.571,28.9996,0.907027,213.474,46.0822,23.1887,0.0718272,22.8217,289.653,0,0,0
1000,5,1,735,1,1,1,4330.47,24655.2,525.211,52.1883,0.87529,425.915,17081.8,155.598,28.9996,0.516154,125.638,127.148,23.1887,0.0718272,103.888,282.746,0,0,0
1000,5,1,736,1,1,1,4315.98,18628.2,540.156,46.3844,0.482746,446.941,10690.3,136.772,23.1957,0.267264,113.309,129.682,23.1887,0.0718272,106.422,266.454,0,0,0
1000,5,1,737,1,1,1,4376.44,24725.1,696.672,52.1883,0.606355,598.143,14103.1,290.57,28.9996,0.320717,261.194,132.106,23.1887,0.141984,108.775,422.676,0,0,0
1000,5,1,738,1,1,1,4349.82,18681.4,549.938,46.3844,0.805133,456.429,10568.5,126.8,23.1957,0.267264,103.337,124.007,23.1887,0.106906,100.711,250.807,0,0,0
1000,5,1,739,1,1,1,4406.11,18748.8,541.12,46.3844,0.821837,447.569,10792.9,114.2,23.1957,0.462701,90.5414,136.743,23.1887,0.0718272,113.482,250.943,0,0,0
1000,5,1,740,1,1,1,4328.07,18641.6,408.35,46.3844,0.482746,314.752,13047.5,78.8812,23.1957,0.267264,55.4182,126.002,23.1887,0.0718272,102.742,204.884,0,0,0
1000,5,1,741,1,1,1,4318.66,18672.7,542.228,46.3844,0.678182,448.823,10697.5,137.323,23.1957,0.462701,113.664,129.672,23.1887,0.0718272,106.411,266.994,0,0,0
1000,5,1,742,1,1,1,4317.58,18683.4,532.245,46.3844,0.482746,439.007,10886.1,126.925,23.1957,0.267264,103.462,126.908,23.1887,0.0718272,103.648,253.833,0,0,0
1000,5,1,743,1,1,1,4321.25,18633.2,403.245,46.3844,0.482746,309.631,13129.8,80.621,23.1957,0.267264,57.158,126.712,23.1887,0.0718272,103.451,207.333,0,0,0
1000,5,1,744,1,1,1,4339.91,18694.6,485.79,46.3844,0.965491,391.934,11722.2,117.544,23.1957,0.462701,93.8857,82.4309,23.1887,0.0718272,59.1704,199.975,0,0,0
1000,5,1,745,1,1,1,4321.9,30655.1,789.729,57.9922,0.75001,685.683,18478.3,428.041,34.8035,0.534528,392.225,82.7196,23.1887,0.0718272,59.4591,510.76,0,0,0
1000,5,1,746,1,1,1,4326.86,18698,507.512,46.3844,0.748339,413.936,11339.6,126.149,23.1957,0.532858,102.421,100.641,23.1887,0.0718272,77.3808,226.79,0,0,0
1000,5,1,747,0,0,0,-1,-1,820.888,23.206,1.13754,750.376,258608,-1,-1,-1,-1,-1,-1,-1,-1,-1,0,0,0
1000,5,1,748,1,1,1,4318.22,18647.8,384.951,46.3844,0.482746,291.284,13469.8,73.501,23.1957,0.267264,50.0381,122.164,23.1887,0.0718272,98.903,195.665,0,0,0
1000,5,1,749,1,1,1,4318.15,18647.2,320.152,46.3844,0.678182,226.102,14621,101.913,23.1957,0.462701,78.2543,51.206,23.1887,0.0718272,27.9455,153.119,0,0,0
1000,5,1,750,1,0,0,-1,-1,1295.6,23.1957,0.372499,1227.25,276703,-1,-1,-1,-1,-1,-1,-1,-1,-1,0,0,0
1000,5,1,751,1,1,1,4321.54,18638.6,404.372,46.3844,0.482746,310.761,13115.2,80.8321,23.1957,0.267264,57.3692,127.157,23.1887,0.0718272,103.897,207.99,0,0,0
1000,5,1,752,1,1,1,4354.51,18710.5,551.198,46.3844,0.552902,457.945,10575.8,127.12,23.1957,0.267264,103.657,125.064,23.1887,0.141984,101.733,252.183,0,0,0
1000,5,1,753,1,1,1,4329.74,18676,540.603,46.3952,0.50112,447.359,10730.1,129.918,23.2065,0.285638,106.425,119.899,23.1887,0.0718272,96.638,249.816,0,0,0
1000,5,1,754,1,1,1,4315.66,18650.2,351.655,46.3844,0.482746,257.891,14064.2,118.863,23.1957,0.267264,95.3999,59.4467,23.1887,0.0718272,36.1862,178.31,0,0,0
1000,5,1,755,1,0,0,-1,-1,1113.97,34.8035,1.191,1032.98,265698,-1,-1,-1,-1,-1,-1,-1,-1,-1,0,0,0
1000,5,1,756,1,1,2,4399.24,18723.2,471.457,69.5741,0.768384,355.203,12369.6,75.8102,23.1957,0.302342,52.3121,151.044,46.3784,0.322387,104.343,226.854,1,0,0
1000,5,1,757,1,1,1,4332.33,18646.5,467.58,46.3844,0.482746,374.153,11999.1,77.5817,23.1957,0.267264,54.1187,129.478,23.1887,0.0718272,106.218,207.06,0,0,0
1000,5,1,758,1,1,1,4328.95,18648.7,354.135,46.3844,0.482746,260.378,14018.6,61.7446,23.1957,0.267264,38.2816,112.613,23.1887,0.0718272,89.352,174.357,0,0,0
1000,5,1,759,1,1,1,4322.73,18676.6,373.973,46.3844,0.552902,280.204,13693.3,127.609,23.1957,0.337421,104.076,68.3877,23.1887,0.0718272,45.1272,195.996,0,0,0
1000,5,1,760,1,1,1,4324.42,24639.9,619.89,52.1883,0.696557,521.048,15383.6,266.596,28.9996,0.481075,236.996,82.716,23.1887,0.0718272,59.4555,349.312,0,0,0
1000,5,1,761,1,1,1,4349.9,18668.9,447.606,46.3844,0.731635,353.873,12375.6,75.6586,23.1957,0.302342,52.1605,127.787,23.1887,0.141984,104.456,203.446,0,0,0
1000,5,1,762,1,1,1,4334.66,18702.5,439.047,46.3844,0.873619,345.146,12561.5,80.1744,23.1957,0.658138,56.3206,125.371,23.1887,0.0718272,102.11,205.545,0,0,0
1000,5,1,763,1,1,1,4322.28,18709.8,515.416,46.3844,0.50112,422.11,11211.6,126.947,23.1957,0.267264,103.484,108.478,23.1887,0.0902016,85.1992,235.425,0,0,0
1000,5,1,764,1,1,1,4318.86,24634,345.113,52.1883,0.731635,245.437,20263.5,187.159,28.9996,0.516154,157.292,28.9781,23.1887,0.0718272,5.71761,216.137,0,0,0
1000,5,1,765,1,1,1,4323.14,18642.7,318.162,46.3844,0.482746,224.301,14652.3,101.133,23.1957,0.267264,77.6696,51.5562,23.1887,0.0718272,28.2957,152.689,0,0,0
1000,5,1,766,1,0,0,-1,-1,746.213,23.1957,0.372499,676.259,256992,-1,-1,-1,-1,-1,-1,-1,-1,-1,0,0,0
1000,5,1,767,1,1,1,4315.02,18641.2,384.501,46.3844,0.482746,290.833,13471.2,73.7537,23.1957,0.267264,50.2908,121.871,23.1887,0.0718272,98.6107,195.625,0,0,0
1000,5,1,768,1,1,1,4320.75,18641.4,488.996,46.3844,0.482746,395.632,11613.3,84.375,23.1957,0.267264,60.912,130.2,23.1887,0.0718272,106.94,214.575,0,0,0
1000,5,1,769,1,1,1,4345.27,18676.8,543.437,46.3844,0.482746,450.231,10680.5,123.669,23.1957,0.267264,100.206,129.787,23.1887,0.0718272,106.527,253.456,0,0,0
1000,5,1,770,1,1,1,4326.51,18649.2,389.98,46.3844,0.482746,296.328,13381.8,77.7225,23.1957,0.267264,54.2595,123.2,23.1887,0.0718272,99.939,200.922,0,0,0
1000,5,1,771,1,1,1,4317.26,18657.3,374.463,46.3844,0.678182,280.571,13665.3,127.756,23.1957,0.462701,104.097,68.7379,23.1887,0.0718272,45.4774,196.494,0,0,0
1000,5,1,772,1,1,1,4318.22,18668.4,540.042,46.3844,0.678182,446.63,10732.1,133.932,23.1957,0.462701,110.273,128.271,23.1887,0.0718272,105.01,262.203,0,0,0
1000,5,1,773,1,1,1,4334.09,24660,395.014,52.1883,0.606355,295.608,19402.2,215.389,28.9996,0.355795,185.763,37.7773,23.1887,0.106906,14.4817,253.166,0,0,0
1000,5,1,774,1,1,1,4338.71,24696.3,603.184,52.1883,0.696557,504.294,15737,266.943,28.9996,0.481075,237.337,79.0469,23.1887,0.0718272,55.7864,345.99,0,0,0
1000,5,1,775,1,1,1,4358.46,18693.1,551.769,46.3844,0.50112,458.569,10548.4,125.681,23.1957,0.267264,102.218,126.925,23.1887,0.0902016,103.646,252.606,0,0,0
1000,5,1,776,1,1,1,4337.35,18653.4,542.524,46.3844,0.552902,449.245,10672.9,118.529,23.1957,0.267264,95.066,134.486,23.1887,0.141984,111.156,253.015,0,0,0
1000,5,1,777,1,1,1,4316.88,18640.2,419.605,46.3844,0.482746,326.039,12845.9,127.844,23.1957,0.267264,104.381,71.5967,23.1887,0.0718272,48.3362,199.44,0,0,0
1000,5,1,778,1,1,1,4318.22,18635.6,539.777,46.3844,0.482746,446.56,10704.4,131.155,23.1957,0.267264,107.692,124.371,23.1887,0.0718272,101.11,255.526,0,0,0
1000,5,1,779,1,1,1,4330.42,18659,381.28,46.3844,0.482746,287.602,13546.3,72.9795,23.1957,0.267264,49.5165,121.914,23.1887,0.0718272,98.654,194.894,0,0,0
1000,5,1,780,1,1,1,4326.99,18669.5,549.78,46.3844,0.482746,456.593,10560.5,126.717,23.1957,0.267264,103.254,123.943,23.1887,0.0718272,100.683,250.66,0,0,0
1000,5,1,781,1,1,1,4333.35,18663.9,452.207,46.3844,0.821837,358.397,12289.1,76.0138,23.1957,0.462701,52.3554,128.056,23.1887,0.0718272,104.796,204.07,0,0,0
1000,5,1,782,1,1,2,10333.4,24650.6,678.321,69.5741,0.519494,562.917,14655.3,135.079,23.1957,0.267264,111.616,268.817,46.3784,0.108576,222.33,403.896,1,0,0
1000,5,1,783,1,1,1,4317.58,30652.1,639.408,57.9922,0.910368,534.764,21148.1,411.664,34.8035,0.694886,375.64,57.1528,23.1887,0.0718272,33.8923,468.817,0,0,0
1000,5,1,784,0,0,0,-1,-1,718.569,23.206,0.551232,648.346,256514,-1,-1,-1,-1,-1,-1,-1,-1,-1,0,0,0
1000,5,1,785,1,1,2,10345.6,24664.2,538.41,69.5741,0.554573,422.565,17156.5,73.9793,23.1957,0.267264,50.5164,283.936,46.3784,0.143654,237.414,357.916,1,0,0
1000,5,1,786,1,1,1,4344.51,18675.2,491.532,46.3844,0.482746,398.175,11601.9,85.2882,23.1957,0.267264,61.8252,132.267,23.1887,0.0718272,109.006,217.555,0,0,0
1000,5,1,787,1,1,1,4337.37,18659.8,438.964,46.3844,0.6264,345.311,12520.9,75.4538,23.1957,0.267264,51.9909,125.179,23.1887,0.0718272,101.919,200.633,0,0,0
1000,5,1,788,1,1,1,4322.32,18637.4,548.738,46.3844,0.482746,455.548,10546.9,124.137,23.1957,0.267264,100.674,126.019,23.1887,0.0718272,102.758,250.155,0,0,0
1000,5,1,789,1,1,1,4330.99,18647.1,542.395,46.3844,0.482746,449.186,10669.4,130.785,23.1957,0.267264,107.322,117.722,23.1887,0.0718272,94.4614,248.507,0,0,0
1000,5,1,790,1,1,1,4316.87,18634.2,415.973,46.3844,0.482746,322.397,12904.5,82.2742,23.1957,0.267264,58.8112,123.95,23.1887,0.0718272,100.69,206.224,0,0,0
1000,5,1,791,1,1,1,4335.37,18744.6,545.369,46.3844,0.517824,452.133,10713.7,131.423,23.1957,0.302342,107.925,120.646,23.1887,0.0718272,97.3852,252.069,0,0,0
1000,5,1,792,1,1,1,4315.34,18654.6,540.244,46.3844,0.482746,447.029,10715.1,120.007,23.1957,0.267264,96.5442,131.092,23.1887,0.0718272,107.831,251.099,0,0,0
1000,5,1,793,1,1,1,4315.34,24645.3,639,52.1883,0.536198,540.373,15049.4,272.199,28.9996,0.320717,242.773,82.7648,23.1887,0.0718272,59.5043,354.964,0,0,0
1000,5,1,794,1,1,1,4343.05,18715.8,540.78,46.3844,0.517824,447.531,10766.5,115.61,23.1957,0.302342,92.1116,135.645,23.1887,0.0718272,112.385,251.255,0,0,0
1000,5,1,795,1,1,1,4330.9,18662.5,363.169,46.3844,0.482746,269.439,13871.7,123.878,23.1957,0.267264,100.415,63.8685,23.1887,0.0718272,40.608,187.747,0,0,0
1000,5,1,796,1,1,1,4319.21,24661.7,691.567,52.1883,0.731635,592.898,14130.5,288.585,28.9996,0.516154,259.009,129.478,23.1887,0.0718272,106.218,418.063,0,0,0
1000,5,1,797,1,1,1,4390.29,18741,522.171,46.3844,0.840211,428.546,11121.6,100.767,23.1957,0.302342,77.2689,134.928,23.1887,0.106906,111.632,235.695,0,0,0
1000,5,1,798,1,1,1,4332.25,18653.3,437.065,46.3844,0.537869,343.495,12547.9,77.302,23.1957,0.267264,53.839,124.83,23.1887,0.12695,101.515,202.132,0,0,0
1000,5,1,799,1,1,1,4366.88,18712.4,522.013,46.3844,0.482746,428.745,11097.1,124.454,23.1957,0.267264,100.991,116.067,23.1887,0.0718272,92.8064,240.521,0,0,0
1000,5,1,800,1,1,1,4364.54,18684.9,499.821,46.3844,0.517824,406.454,11464,92.1103,23.1957,0.267264,68.6474,131.111,23.1887,0.106906,107.815,223.221,0,0,0
1000,5,1,801,1,1,1,4330.12,18646.3,402.619,46.3844,0.482746,309.003,13154.1,81.0072,23.1957,0.267264,57.5442,126.638,23.1887,0.0718272,103.377,207.645,0,0,0
1000,5,1,802,1,1,1,4334.02,18687.2,505.112,46.3844,0.678182,411.599,11372,126.498,23.1957,0.462701,102.839,93.8607,23.1887,0.0718272,70.6002,220.358,0,0,0
1000,5,1,803,1,1,1,4323.23,18651.9,542.69,46.3844,0.482746,449.482,10668.9,124.061,23.1957,0.267264,100.598,127.93,23.1887,0.0718272,104.669,251.991,0,0,0
1000,5,1,804,1,1,1,4327.66,18716.7,542.762,46.3844,0.856915,449.18,10731.3,131.911,23.1957,0.497779,108.218,119.213,23.1887,0.0718272,95.9522,251.124,0,0,0
1000,5,1,805,1,1,1,4363.06,18697.2,507.611,46.3844,0.482746,414.301,11338,125.239,23.1957,0.267264,101.776,99.1433,23.1887,0.0718272,75.8828,224.383,0,0,0
1000,5,1,806,1,0,0,-1,-1,940.796,23.1957,0.267264,871.513,261388,-1,-1,-1,-1,-1,-1,-1,-1,-1,0,0,0
1000,5,1,807,1,1,1,4318.38,18659,491.069,46.3844,0.482746,397.711,11593.9,85.3532,23.1957,0.267264,61.8902,131.336,23.1887,0.0718272,108.075,216.689,0,0,0
1000,5,1,808,1,1,1,4316.3,18671.2,403.729,46.3844,0.482746,310.117,13159.2,130.141,23.1957,0.267264,106.678,70.8639,23.1887,0.0718272,47.6034,201.005,0,0,0
1000,5,1,809,1,1,1,4322.82,18657,541.387,46.3844,0.482746,448.175,10697.2,132.984,23.1957,0.267264,109.521,128.063,23.1887,0.0718272,104.803,261.047,0,0,0
1000,5,1,810,1,1,1,4326.82,18642.9,457.328,46.3844,0.482746,363.871,12177.9,77.4355,23.1957,0.267264,53.9725,129.101,23.1887,0.0718272,105.841,206.537,0,0,0
1000,5,1,811,1,1,1,4327.16,18672.2,540.706,46.3844,0.873619,447.101,10723.6,135.316,23.1957,0.658138,111.463,131.559,23.1887,0.0718272,108.299,266.876,0,0,0
1000,5,1,812,1,1,1,4316.62,18648.3,386.869,46.3844,0.482746,293.208,13436.1,127.854,23.1957,0.267264,104.391,72.2356,23.1887,0.0718272,48.9751,200.09,0,0,0
1000,5,1,813,1,1,1,4317.38,18642.5,456.892,46.3844,0.482746,363.434,12185.2,122.579,23.1957,0.267264,99.116,77.9135,23.1887,0.0718272,54.653,200.492,0,0,0
1000,5,1,814,1,0,0,-1,-1,659.948,23.1957,0.267264,589.848,255088,-1,-1,-1,-1,-1,-1,-1,-1,-1,0,0,0
1000,5,1,815,1,1,1,4334.32,18651.8,524.519,46.3844,0.6264,431.114,10991.5,100.012,23.1957,0.267264,76.5488,135.306,23.1887,0.0718272,112.046,235.318,0,0,0
1000,5,1,816,1,1,1,4365.67,18705.6,543.212,46.3844,0.748339,449.74,10712.4,129.517,23.1957,0.462701,105.859,118.864,23.1887,0.141984,95.5335,248.381,0,0,0
1000,5,1,817,1,1,2,4365.74,18682.7,569.075,69.5741,0.841882,453.032,10624.1,121.507,23.1957,0.267264,98.044,150.052,46.3784,0.287309,103.386,271.559,1,0,0
1000,5,1,818,1,1,1,4335.89,18661.3,431.639,46.3844,0.517824,338.073,12652.8,126.115,23.1957,0.302342,102.617,71.8529,23.1887,0.0718272,48.5924,197.968,0,0,0
1000,5,1,819,1,1,1,4317.26,18635.8,550.81,46.3952,0.50112,457.596,10508.5,125.956,23.2065,0.285638,102.464,125.158,23.1887,0.0718272,101.897,251.114,0,0,0
1000,5,1,820,1,1,1,4339.84,18725.9,546.654,46.3844,0.873619,453.066,10671.5,125.928,23.1957,0.658138,102.074,126.445,23.1887,0.0718272,103.184,252.372,0,0,0
1000,5,1,821,1,0,0,-1,-1,931.821,23.1957,0.302342,862.476,261201,-1,-1,-1,-1,-1,-1,-1,-1,-1,0,0,0
1000,5,1,822,1,1,1,4316.3,24647.6,620.332,52.1883,0.696557,521.492,15383.4,265.929,28.9996,0.481075,236.324,83.1275,23.1887,0.0718272,59.867,349.057,0,0,0
1000,5,1,823,1,1,1,4315.98,24636.4,352.317,52.1883,0.766714,252.627,20137.6,192.35,28.9996,0.551232,162.463,29.451,23.1887,0.0718272,6.19046,221.801,0,0,0
1000,5,1,824,1,1,1,4328.2,18645.8,460.324,46.3844,0.482746,366.876,12127.5,78.1737,23.1957,0.267264,54.7107,130.861,23.1887,0.0718272,107.6,209.035,0,0,0
1000,5,1,825,1,1,1,4361.21,18749.1,500.162,46.3844,0.873619,406.439,11521.5,123.049,23.1957,0.658138,99.1954,89.9226,23.1887,0.0718272,66.6621,212.972,0,0,0
1000,5,1,826,1,1,1,4326.35,18641.5,454.752,46.3844,0.482746,361.288,12222.2,122.792,23.1957,0.267264,99.329,77.3161,23.1887,0.0718272,54.0556,200.108,0,0,0
1000,5,1,827,1,1,1,4320.7,18645,526.542,46.3844,0.482746,433.287,10949.1,125.575,23.1957,0.267264,102.112,123.311,23.1887,0.0718272,100.051,248.886,0,0,0
1000,5,1,828,1,1,1,4318.5,30704.4,820.037,57.9922,0.910368,715.919,17988.4,437.637,34.8035,0.694886,401.68,103.96,23.1887,0.0718272,80.6998,541.597,0,0,0
1000,5,1,829,1,1,1,4358.08,18680.2,547.091,46.3844,0.519494,453.858,10618.6,124.548,23.1957,0.267264,101.085,127.555,23.1887,0.108576,104.258,252.103,0,0,0
1000,5,1,830,1,1,1,4333.19,18655.5,408.217,46.3844,0.482746,314.618,13063.8,78.5527,23.1957,0.267264,55.0897,125.732,23.1887,0.0718272,102.471,204.284,0,0,0
1000,5,1,831,1,1,1,4320.26,18651.6,549.811,46.3844,0.482746,456.623,10542,123.407,23.1957,0.267264,99.9444,126.417,23.1887,0.0718272,103.157,249.825,0,0,0
1000,5,1,832,1,1,1,4314.38,18642.3,339.116,46.3844,0.482746,245.316,14279.3,110.922,23.1957,0.267264,87.4588,55.9797,23.1887,0.0718272,32.7192,166.901,0,0,0
1000,5,1,833,1,1,1,4318.41,18676.2,368.15,46.3844,0.482746,274.434,13796.9,126.79,23.1957,0.267264,103.327,66.0938,23.1887,0.0718272,42.8333,192.883,0,0,0
1000,5,1,834,1,1,1,4318.02,18664.6,413.32,46.3844,0.517824,319.7,12981.8,131.463,23.1957,0.302342,107.965,71.7483,23.1887,0.0718272,48.4878,203.211,0,0,0
1000,5,1,835,1,1,1,4318.86,18673.7,480.576,46.3844,0.644774,387.025,11799.5,121.437,23.1957,0.267264,97.9736,82.7904,23.1887,0.0902016,59.5115,204.227,0,0,0
1000,5,1,836,1,1,1,4318.66,18640.1,443.365,46.3844,0.482746,349.868,12423.4,77.8831,23.1957,0.267264,54.4201,127.549,23.1887,0.0718272,104.289,205.432,0,0,0
1000,5,1,837,1,0,0,-1,-1,1196.79,23.1957,0.302342,1128.21,270360,-1,-1,-1,-1,-1,-1,-1,-1,-1,0,0,0
1000,5,1,838,1,1,1,4391.58,24732.1,685.766,52.1883,0.696557,587.116,14304.3,266.845,28.9996,0.481075,237.241,125.382,23.1887,0.0718272,102.121,392.227,0,0,0
1000,5,1,839,1,1,1,4317.9,24682.1,502.821,52.1883,1.15759,403.178,17506.1,271.174,28.9996,0.942106,241.118,59.0154,23.1887,0.0718272,35.7549,330.189,0,0,0
1000,5,1,840,1,1,1,4332.92,18648.4,461.759,46.3844,0.517824,368.28,12104.3,78.735,23.1957,0.267264,55.272,130.741,23.1887,0.106906,107.445,209.476,0,0,0
1000,5,1,841,1,1,1,4318.96,18672.8,489.551,46.3844,0.482746,396.188,11634.7,120.435,23.1957,0.267264,96.9719,84.6345,23.1887,0.0718272,61.374,205.069,0,0,0
1000,5,1,842,1,1,1,4366.51,18728.6,542.204,46.3844,0.552902,448.924,10753.8,133.193,23.1957,0.267264,109.73,124.984,23.1887,0.141984,101.654,258.177,0,0,0
1000,5,1,843,1,1,1,4347.27,18683.5,536.245,46.3844,0.6264,442.874,10814.7,127.986,23.1957,0.267264,104.523,128.484,23.1887,0.0718272,105.223,256.47,0,0,0
1000,5,1,844,1,1,1,4328.2,18678.9,538.316,46.3844,0.678182,444.899,10773.2,132.775,23.1957,0.462701,109.116,128.614,23.1887,0.0718272,105.353,261.389,0,0,0
1000,5,1,845,1,1,1,4334.46,18712.5,544.283,46.3844,0.482746,451.079,10701.2,124.68,23.1957,0.267264,101.217,128.811,23.1887,0.0718272,105.55,253.49,0,0,0
1000,5,1,846,1,0,0,-1,-1,687.14,23.1957,0.267264,617.119,255788,-1,-1,-1,-1,-1,-1,-1,-1,-1,0,0,0
1000,5,1,847,1,1,1,4317.26,18731.8,544.504,46.3844,0.482746,451.301,10716.6,134.823,23.1957,0.267264,111.36,122.1,23.1887,0.0718272,98.8399,256.923,0,0,0
1000,5,1,848,1,1,1,4388.02,18703.8,542.553,46.3844,0.482746,449.345,10723.3,137.241,23.1957,0.267264,113.778,130.684,23.1887,0.0718272,107.424,267.925,0,0,0
1000,5,1,849,1,1,2,4335.15,18745.3,567.484,69.5741,1.05569,451.222,10718.9,131.689,23.1957,0.337421,108.156,143.461,46.3784,0.287309,96.795,275.15,1,0,0
1000,5,1,850,1,1,1,4317.96,18637.4,407.861,46.3844,0.482746,314.261,13051.9,79.6374,23.1957,0.267264,56.1744,127.172,23.1887,0.0718272,103.911,206.809,0,0,0
1000,5,1,851,1,1,1,4355.08,18673.9,545.552,46.3844,0.517824,452.317,10639.8,124.059,23.1957,0.267264,100.596,127.591,23.1887,0.106906,104.296,251.65,0,0,0
1000,5,1,852,1,1,1,4317.58,18638,392.424,46.3844,0.482746,298.779,13327,77.1269,23.1957,0.267264,53.6639,122.864,23.1887,0.0718272,99.6033,199.991,0,0,0
1000,5,1,853,1,1,1,4319,18686.3,434.39,46.3844,0.482746,340.867,12629.1,128.482,23.1957,0.267264,105.02,72.0713,23.1887,0.0718272,48.8108,200.554,0,0,0
1000,5,1,854,1,1,1,4330.65,18675.8,441.247,46.3844,0.50112,347.725,12496.5,129.361,23.1957,0.267264,105.898,72.8134,23.1887,0.0902016,49.5345,202.175,0,0,0
1000,5,1,855,1,1,1,4337.19,18706.3,505.557,46.3844,0.517824,412.205,11383.4,126.846,23.1957,0.302342,103.348,93.7885,23.1887,0.0718272,70.528,220.635,0,0,0
1000,5,1,856,1,1,1,4319.5,24707.3,484.425,52.1883,0.571277,385.314,17859.8,261.425,28.9996,0.355795,231.922,54.8066,23.1887,0.0718272,31.5461,316.231,0,0,0
1000,5,1,857,1,1,1,4321.22,18659.7,380.979,46.3844,0.482746,287.301,13552.3,128.215,23.1957,0.267264,104.752,72.2879,23.1887,0.0718272,49.0274,200.503,0,0,0
1000,5,1,858,1,1,1,4317.26,18638.2,423.325,46.3844,0.482746,329.769,12777.8,79.9803,23.1957,0.267264,56.5173,125.721,23.1887,0.0718272,102.46,205.701,0,0,0
1000,5,1,859,1,1,1,4327.97,18643,538.403,46.3844,0.6264,445.038,10735.9,134.574,23.1957,0.267264,111.111,127.527,23.1887,0.0718272,104.267,262.101,0,0,0
1000,5,1,860,1,1,1,4356.24,18698.1,545.5,46.3844,0.517824,452.265,10665,127.601,23.1957,0.302342,104.103,123.311,23.1887,0.0718272,100.051,250.912,0,0,0
1000,5,1,861,1,1,1,4319.75,18678,475.333,46.3844,0.587981,381.823,11892,116.537,23.1957,0.372499,92.9689,82.7196,23.1887,0.0718272,59.4591,199.257,0,0,0
1000,5,1,862,1,1,1,4326.71,18666.9,484.686,46.3844,0.6264,391.165,11715,117.009,23.1957,0.267264,93.5464,82.3803,23.1887,0.0718272,59.1198,199.39,0,0,0
1000,5,1,863,1,1,1,4315.34,18653.1,366.564,46.3952,0.50112,272.815,13802,125.434,23.2065,0.285638,101.942,65.4982,23.1887,0.0718272,42.2377,190.933,0,0,0
1000,5,1,864,1,1,1,4324.42,18646.3,358.602,46.3844,0.517824,264.824,13936.6,64.5717,23.1957,0.302342,41.0736,114.416,23.1887,0.0718272,91.155,178.987,0,0,0
1000,5,1,865,1,1,1,4328.78,24667.3,374.659,52.1883,0.606355,275.194,19771.4,204.394,28.9996,0.390874,174.699,34.4268,23.1887,0.0718272,11.1663,238.821,0,0,0
1000,5,1,866,1,1,1,4319.94,24637.5,430.173,52.1883,0.731635,330.744,18754.5,231.551,28.9996,0.516154,201.813,42.7578,23.1887,0.0718272,19.4973,274.308,0,0,0
1000,5,1,867,1,1,1,4328.58,18713.2,529.945,46.3844,0.713261,436.469,10956.2,127.728,23.1957,0.497779,104.034,124.035,23.1887,0.0718272,100.775,251.763,0,0,0
1000,5,1,868,1,1,1,4362.76,18713.5,537.98,46.3844,0.6264,444.614,10813.9,131.621,23.1957,0.267264,108.158,128.576,23.1887,0.0718272,105.315,260.197,0,0,0
1000,5,1,869,1,1,1,4345.02,18660.2,455.349,46.3844,0.644774,361.725,12229.7,76.627,23.1957,0.267264,53.164,128.347,23.1887,0.0902016,105.068,204.974,0,0,0
1000,5,1,870,1,1,1,4342.81,18672.1,524.26,46.3844,0.517824,430.963,11016.6,125.745,23.1957,0.267264,102.282,120.361,23.1887,0.106906,97.0658,246.106,0,0,0
1000,5,1,871,1,1,1,4318.86,18632.1,542.102,46.3844,0.482746,448.892,10659.6,122.981,23.1957,0.267264,99.5185,126.863,23.1887,0.0718272,103.603,249.845,0,0,0
1000,5,1,872,1,1,1,4336.42,18650.3,375.246,46.3844,0.482746,281.551,13644.8,72.7863,23.1957,0.267264,49.3234,119.265,23.1887,0.0718272,96.0045,192.051,0,0,0
1000,5,1,873,1,1,1,4348.57,18713.5,539.174,46.3844,0.517824,445.921,10792.8,132.273,23.1957,0.302342,108.775,128.119,23.1887,0.0718272,104.859,260.393,0,0,0
1000,5,1,874,1,1,1,4349.44,18677.7,498.153,46.3844,0.482746,404.815,11486.7,87.5261,23.1957,0.267264,64.0632,132.994,23.1887,0.0718272,109.734,220.52,0,0,0
1000,5,1,875,1,1,1,4322.6,18649,544.955,46.3844,0.517824,451.718,10625.5,125.504,23.1957,0.302342,102.005,125.185,23.1887,0.0718272,101.924,250.688,0,0,0
1000,5,1,876,1,1,2,10333.3,24667.7,537.434,69.5741,0.768384,421.372,17176.5,73.9755,23.1957,0.337421,50.4424,283.089,46.3784,0.287309,236.423,357.065,1,0,0
1000,5,1,877,1,1,1,4329.67,18676.9,541.589,46.3844,0.482746,448.377,10713.5,131.93,23.1957,0.267264,108.467,127.554,23.1887,0.0718272,104.294,259.484,0,0,0
1000,5,1,878,1,1,1,4324.89,18637.5,365.449,46.3844,0.482746,271.725,13806.2,124.481,23.1957,0.267264,101.018,64.9117,23.1887,0.0718272,41.6512,189.393,0,0,0
1000,5,1,879,1,1,1,4326.09,18642.5,478.77,46.3844,0.770054,385.088,11795.4,118.881,23.1957,0.267264,95.418,83.1564,23.1887,0.0718272,59.8959,202.037,0,0,0
1000,5,1,880,1,1,1,4318.22,18651.9,481.433,46.3844,0.482746,388.046,11758.2,120.379,23.1957,0.267264,96.916,82.402,23.1887,0.0718272,59.1415,202.781,0,0,0
1000,5,1,881,1,1,1,4324.01,18706.4,437.612,46.3844,0.6264,343.955,12591.5,131.08,23.1957,0.267264,107.617,71.9396,23.1887,0.0718272,48.6791,203.019,0,0,0
1000,5,1,882,1,1,1,4327.5,18685.2,541.958,46.3844,0.482746,448.747,10715.3,131.058,23.1957,0.267264,107.595,123.806,23.1887,0.0718272,100.545,254.864,0,0,0
1000,5,1,883,1,1,1,4319.27,24647,337.695,52.1883,0.731635,237.997,20408.5,183.855,28.9996,0.516154,153.977,28.7417,23.1887,0.0718272,5.48118,212.597,0,0,0
1000,5,1,884,1,1,1,4326.6,18692.1,531.202,46.3844,0.587981,437.855,10912.6,126.29,23.1957,0.302342,102.792,125.684,23.1887,0.141984,102.354,251.975,0,0,0
1000,5,1,885,1,1,1,4334.92,18652.1,530.859,46.3844,0.517824,437.581,10879.3,105.229,23.1957,0.267264,81.7665,136.722,23.1887,0.106906,113.426,241.951,0,0,0
1000,5,1,886,1,1,1,4351.97,18691.4,546.34,46.3844,0.696557,452.929,10642.6,125.254,23.1957,0.267264,101.791,127.09,23.1887,0.141984,103.76,252.344,0,0,0
1000,5,1,887,1,1,1,4329.19,18651.4,540.154,46.3844,0.6264,446.794,10713.1,135.889,23.1957,0.267264,112.426,126.343,23.1887,0.0718272,103.083,262.233,0,0,0
1000,5,1,888,1,1,1,4335.05,18676.5,384.18,46.3844,0.713261,290.28,13511.5,128.919,23.1957,0.497779,105.225,71.714,23.1887,0.0718272,48.4535,200.633,0,0,0
1000,5,1,889,1,1,1,4330.12,18647.2,431.615,46.3844,0.482746,338.084,12639.3,80.7726,23.1957,0.267264,57.3096,121.323,23.1887,0.0718272,98.062,202.095,0,0,0
1000,5,1,890,1,1,1,4382.13,18707.3,509.701,46.3844,0.517824,416.362,11310.7,94.7317,23.1957,0.302342,71.2337,132.823,23.1887,0.0718272,109.562,227.554,0,0,0
1000,5,1,891,1,1,1,4329.42,18670.4,515.076,46.3844,0.482746,421.787,11178.5,124.38,23.1957,0.267264,100.917,108.24,23.1887,0.0718272,84.979,232.62,0,0,0
1000,5,1,892,1,1,1,4331.16,18649.6,424.208,46.3844,0.482746,330.656,12773.4,77.8019,23.1957,0.267264,54.3389,125.057,23.1887,0.0718272,101.796,202.859,0,0,0
1000,5,1,893,1,1,1,4349.25,18663.7,539.268,46.3844,0.6264,445.907,10741.2,134.668,23.1957,0.267264,111.205,128.475,23.1887,0.0718272,105.214,263.142,0,0,0
1000,5,1,894,1,1,1,4321.99,18638.2,471.247,46.3844,0.482746,377.831,11925.6,79.7962,23.1957,0.267264,56.3332,128.374,23.1887,0.0718272,105.113,208.17,0,0,0
1000,5,1,895,1,1,1,4336.77,18650,496.259,46.3844,0.482746,402.916,11492.6,86.9107,23.1957,0.267264,63.4477,132.359,23.1887,0.0718272,109.098,219.27,0,0,0
1000,5,1,896,1,1,1,4376.39,18691.5,467.659,46.3844,0.552902,374.162,12042.3,77.0366,23.1957,0.267264,53.5737,131.166,23.1887,0.141984,107.835,208.202,0,0,0
1000,5,1,897,1,1,1,4324.42,18655.9,533.975,46.3844,0.482746,440.741,10827.9,109.315,23.1957,0.267264,85.8525,137.216,23.1887,0.0718272,113.955,246.531,0,0,0
1000,5,1,898,1,1,1,4326.6,18691.2,477.537,46.3844,0.482746,384.139,11866.8,118.895,23.1957,0.267264,95.4324,84.5082,23.1887,0.0718272,61.2477,203.404,0,0,0
1000,5,1,899,1,1,1,4317.26,18665,360.05,46.3844,0.482746,266.311,13929.8,124.091,23.1957,0.267264,100.628,61.8273,23.1887,0.0718272,38.5668,185.919,0,0,0
1000,5,1,900,1,1,1,4342.78,18701.4,461.639,46.3844,0.552902,368.125,12159.2,77.7601,23.1957,0.337421,54.227,129.038,23.1887,0.0718272,105.778,206.798,0,0,0
1000,5,1,901,1,1,2,10337.8,24668.6,690.451,69.5741,0.589651,575.013,14457.1,100.228,23.1957,0.337421,76.695,302.363,46.3784,0.108576,255.876,402.591,1,0,0
1000,5,1,902,1,1,1,4330.7,18646.8,392.077,46.3844,0.482746,298.431,13342,78.6664,23.1957,0.267264,55.2034,122.496,23.1887,0.0718272,99.2351,201.162,0,0,0
1000,5,1,903,1,0,0,-1,-1,1071.52,23.1957,0.302342,1002.58,264534,-1,-1,-1,-1,-1,-1,-1,-1,-1,0,0,0
1000,5,1,904,1,1,1,4333.21,18683.5,537.204,46.3844,0.678182,443.784,10797.6,129.938,23.1957,0.462701,106.279,127.869,23.1887,0.0718272,104.608,257.806,0,0,0
1000,5,1,905,1,1,1,4329.93,18653.4,549.619,46.3844,0.587981,456.326,10546.5,127.062,23.1957,0.267264,103.599,123.864,23.1887,0.177062,100.498,250.926,0,0,0
1000,5,1,906,1,1,1,4322.03,18638.8,473.812,46.3844,0.482746,380.403,11880.6,79.6951,23.1957,0.267264,56.2322,129.693,23.1887,0.0718272,106.433,209.388,0,0,0
1000,5,1,907,1,1,1,4372.73,18698.4,542.755,46.3844,0.770054,449.26,10713.5,129.488,23.1957,0.267264,106.025,118.752,23.1887,0.0718272,95.492,248.24,0,0,0
1000,5,1,908,1,1,2,10344.4,30724.1,834.179,75.3781,0.87696,713.226,18056.3,292.114,28.9996,0.481075,262.577,268.95,46.3784,0.108576,222.463,561.064,1,0,0
1000,5,1,909,1,1,1,4314.7,18635.3,441.297,46.3844,0.482746,347.794,12455.3,77.4608,23.1957,0.267264,53.9978,126.221,23.1887,0.0718272,102.96,203.682,0,0,0
1000,5,1,910,1,1,1,4315.77,18690,498.334,46.3844,0.482746,404.997,11495.8,122.772,23.1957,0.267264,99.3091,89.2909,23.1887,0.0718272,66.0304,212.063,0,0,0
1000,5,1,911,1,1,1,4316.94,24632.3,452.192,52.1883,0.536198,353.022,18358.2,243.855,28.9996,0.320717,214.349,45.8476,23.1887,0.0718272,22.5871,289.703,0,0,0
1000,5,1,912,1,1,1,4319.5,30660.3,550.099,57.9922,1.0156,445.091,22743.6,368.266,34.8035,0.800122,332.009,39.6066,23.1887,0.0718272,16.3461,407.872,0,0,0
1000,5,1,913,1,1,1,4317.19,24649.2,635.841,52.1883,0.536198,537.206,15109.4,218.648,28.9996,0.320717,189.065,130.901,23.1887,0.0718272,107.64,349.548,0,0,0
1000,5,1,914,1,1,1,4316.94,18698.2,405.964,46.3844,0.482746,312.359,13146.5,129.634,23.1957,0.267264,106.171,71.1003,23.1887,0.0718272,47.8398,200.734,0,0,0
1000,5,1,915,1,1,1,4320.71,18637.4,338.005,46.3844,0.482746,244.202,14294.1,110.644,23.1957,0.267264,87.1809,55.7234,23.1887,0.0718272,32.4629,166.367,0,0,0
1000,5,1,916,1,1,1,4326.86,18665.6,540.321,46.3844,0.517824,447.071,10724.5,136.502,23.1957,0.302342,113.004,129.484,23.1887,0.0718272,106.223,265.986,0,0,0
1000,5,1,917,1,1,1,4339.06,18676.3,548.459,46.3844,0.482746,455.268,10590.8,124.667,23.1957,0.267264,101.204,124.831,23.1887,0.0718272,101.571,249.498,0,0,0
1000,5,1,918,1,1,1,4316.12,18657.5,536.195,46.3844,0.482746,442.968,10790,113.396,23.1957,0.267264,89.9332,134.501,23.1887,0.0718272,111.241,247.897,0,0,0
1000,5,1,919,1,1,1,4326.6,18664.6,540.178,46.3844,0.587981,446.858,10725.6,120.304,23.1957,0.372499,96.7355,131.04,23.1887,0.0718272,107.779,251.343,0,0,0
1000,5,1,920,1,1,1,4324.19,18646,500.104,46.3844,0.517824,406.737,11420,91.7187,23.1957,0.267264,68.2557,132.031,23.1887,0.106906,108.736,223.75,0,0,0
1000,5,1,921,1,0,0,-1,-1,698.927,23.1957,0.763373,628.444,256103,-1,-1,-1,-1,-1,-1,-1,-1,-1,0,0,0
1000,5,1,922,1,1,1,4334.79,18657.2,334.352,46.3844,0.482746,240.538,14378.9,109.144,23.1957,0.267264,85.6811,55.8462,23.1887,0.0718272,32.5857,164.99,0,0,0
1000,5,1,923,1,0,0,-1,-1,798.378,23.1957,0.267264,728.681,258120,-1,-1,-1,-1,-1,-1,-1,-1,-1,0,0,0
1000,5,1,924,1,1,1,4330.76,18664.1,411.301,46.3844,0.6264,317.567,13017.1,79.28,23.1957,0.267264,55.817,124.678,23.1887,0.0718272,101.417,203.958,0,0,0
1000,5,1,925,1,1,2,10380.8,24695.9,674.013,69.5741,0.806803,558.309,14776.4,93.1607,23.1957,0.267264,69.6978,304.999,46.3784,0.108576,258.512,398.16,1,0,0
1000,5,1,926,1,1,1,4426.74,18755.4,541.757,46.3844,0.517824,448.511,10788.8,113.887,23.1957,0.267264,90.4241,137.047,23.1887,0.106906,113.751,250.934,0,0,0
1000,5,1,927,1,1,1,4314.38,24643.7,395.836,52.1883,0.766714,296.272,19371,216.288,28.9996,0.551232,186.468,38.4858,23.1887,0.0718272,15.2253,254.773,0,0,0
1000,5,1,928,1,1,1,4317.9,18632.4,359.46,46.3844,0.482746,265.719,13907.6,64.8037,23.1957,0.267264,41.3407,113.759,23.1887,0.0718272,90.4981,178.562,0,0,0
1000,5,1,929,1,1,1,4315.98,18735.3,333.472,46.3844,0.713261,239.425,14471.9,109.156,23.1957,0.497779,85.4627,55.043,23.1887,0.0718272,31.7825,164.199,0,0,0
1000,5,1,930,1,1,1,4328.6,18643.1,422.015,46.3844,0.482746,328.456,12806,81.9836,23.1957,0.267264,58.5206,126.75,23.1887,0.0718272,103.489,208.733,0,0,0
1000,5,1,931,1,0,0,-1,-1,962.728,23.1957,0.302342,893.473,261934,-1,-1,-1,-1,-1,-1,-1,-1,-1,0,0,0
1000,5,1,932,1,1,1,4322.02,18658.4,547.767,46.3844,0.482746,454.573,10585.1,125.223,23.1957,0.267264,101.76,123.183,23.1887,0.0718272,99.9228,248.406,0,0,0
1000,5,1,933,1,1,1,4316.23,18677.3,415.886,46.3844,0.713261,322.079,12948.4,132.33,23.1957,0.497779,108.636,71.7717,23.1887,0.0718272,48.5112,204.102,0,0,0
1000,5,1,934,1,1,1,4314.7,18639.9,313.146,46.3844,0.482746,219.271,14738.7,99.0281,23.1957,0.267264,75.5652,49.8488,23.1887,0.0718272,26.5883,148.877,0,0,0
1000,5,1,935,1,1,1,4321.99,18644.3,407.819,46.3844,0.517824,314.183,13059.4,79.8096,23.1957,0.302342,56.3116,127.618,23.1887,0.0718272,104.357,207.427,0,0,0
1000,5,1,936,1,1,1,4320.73,18671.9,543.732,46.3844,1.08743,449.922,10668.8,131.242,23.1957,0.853574,107.192,117.027,23.1887,0.0902016,93.7485,248.269,0,0,0
1000,5,1,937,1,1,2,10338.6,24712.6,582.788,69.5741,0.62473,467.001,16415.4,80.4681,23.1957,0.372499,56.8999,296.307,46.3784,0.108576,249.82,376.776,1,0,0
1000,5,1,938,1,1,1,4338.76,18667.8,541.024,46.3844,0.482746,447.811,10714.5,130.314,23.1957,0.267264,106.851,116.798,23.1887,0.0718272,93.5374,247.112,0,0,0
1000,5,1,939,1,1,1,4324.62,18696.8,551.238,46.3844,0.552902,457.984,10561.3,126.311,23.1957,0.337421,102.778,125.401,23.1887,0.0718272,102.141,251.712,0,0,0
1000,5,1,940,1,1,1,4327.5,18644.2,443.624,46.3844,0.482746,350.128,12422.8,77.2081,23.1957,0.267264,53.7451,127.917,23.1887,0.0718272,104.657,205.125,0,0,0
1000,5,1,941,1,1,1,4325.76,18651.9,402.542,46.3844,0.6264,308.783,13160.7,81.3555,23.1957,0.267264,57.8926,126.246,23.1887,0.0718272,102.985,207.602,0,0,0
1000,5,1,942,1,1,1,4316.62,18660.2,472.014,46.3844,0.482746,378.6,11934,118.554,23.1957,0.267264,95.0913,83.1889,23.1887,0.0718272,59.9284,201.743,0,0,0
1000,5,1,943,1,1,1,4343.73,18679,525.009,46.3844,0.482746,431.75,11010.5,100.568,23.1957,0.267264,77.1047,135.47,23.1887,0.0718272,112.21,236.038,0,0,0
1000,5,1,944,1,1,1,4322.7,24647.8,549.772,52.1883,1.08743,450.336,16637.4,271.691,28.9996,0.871949,241.713,71.2375,23.1887,0.0718272,47.977,342.929,0,0,0
1000,5,1,945,1,1,1,4343.73,18672.9,497.872,46.3844,0.552902,404.463,11486.4,120.303,23.1957,0.337421,96.7698,89.7908,23.1887,0.0718272,66.5303,210.094,0,0,0
1000,5,1,946,1,1,1,4327.18,18679.5,542.898,46.3844,0.517824,449.655,10692.6,129.374,23.1957,0.267264,105.911,118.834,23.1887,0.106906,95.5389,248.209,0,0,0
1000,5,1,947,1,1,1,4315.02,24631.1,357.446,52.1883,0.696557,257.841,20041.6,194.083,28.9996,0.481075,164.271,30.7992,23.1887,0.0718272,7.53865,224.882,0,0,0
1000,5,1,948,1,1,1,4316.94,18714.1,390.64,46.3844,0.678182,296.794,13434.5,130.438,23.1957,0.462701,106.779,70.7087,23.1887,0.0718272,47.4482,201.146,0,0,0
1000,5,1,949,1,1,1,4316.62,18637.6,379.383,46.3844,0.482746,285.7,13558.6,128.362,23.1957,0.267264,104.899,71.9793,23.1887,0.0718272,48.7188,200.341,0,0,0
1000,5,1,950,1,1,1,4329.42,18659.6,457.398,46.3844,0.482746,363.942,12193.3,122.75,23.1957,0.267264,99.2875,78.4802,23.1887,0.0718272,55.2197,201.231,0,0,0
1000,5,1,951,1,1,1,4319.75,18780.7,438.504,46.3844,0.748339,344.728,12649.4,132.528,23.1957,0.497779,108.835,72.3627,23.1887,0.106906,49.0671,204.891,0,0,0
1000,5,1,952,1,1,1,4317.81,18633.9,393.679,46.3844,0.482746,300.037,13300.7,127.706,23.1957,0.267264,104.243,70.5697,23.1887,0.0718272,47.3092,198.276,0,0,0
1000,5,1,953,1,1,1,4377.65,18752,541.419,46.3844,0.536198,448.153,10791.2,115.421,23.1957,0.267264,91.9582,136.58,23.1887,0.12528,113.266,252.001,0,0,0
1000,5,1,954,1,1,1,4323.11,18643.7,541.398,46.3844,0.482746,448.186,10683.7,131.35,23.1957,0.267264,107.887,121.225,23.1887,0.0718272,97.9645,252.575,0,0,0
1000,5,1,955,1,1,1,4366.61,18700,424.122,46.3844,0.571277,330.481,12824.7,77.8785,23.1957,0.302342,54.3804,126.386,23.1887,0.12528,103.072,204.265,0,0,0
1000,5,1,956,1,1,1,4340.85,18672.1,479.063,46.3844,0.482746,385.67,11820.5,78.5761,23.1957,0.267264,55.1132,131.648,23.1887,0.0718272,108.387,210.224,0,0,0
1000,5,1,957,1,1,1,4326.6,18678.7,544.272,46.3844,0.482746,451.068,10667.7,122.925,23.1957,0.267264,99.4625,127.448,23.1887,0.0718272,104.187,250.373,0,0,0
1000,5,1,958,1,1,1,4349.06,18678,532.605,46.3844,0.713261,439.137,10873.7,107.432,23.1957,0.462701,83.7734,136.081,23.1887,0.106906,112.786,243.513,0,0,0
1000,5,1,959,1,1,1,4320.65,18721,411.115,46.3844,0.482746,317.524,13077.7,131.296,23.1957,0.267264,107.833,71.8241,23.1887,0.0718272,48.5636,203.12,0,0,0
1000,5,1,960,1,1,1,4329.35,24643.6,649.896,52.1883,0.536198,551.301,14853.9,275.2,28.9996,0.320717,245.785,87.4789,23.1887,0.0718272,64.2184,362.679,0,0,0
1000,5,1,961,1,1,1,4329.16,18648.8,478.978,46.3844,0.482746,385.585,11798.8,79.1627,23.1957,0.267264,55.6997,130.83,23.1887,0.0718272,107.57,209.993,0,0,0
1000,5,1,962,1,1,1,4370.48,24720.3,693.656,52.1883,0.696557,595.028,14152.2,288.871,28.9996,0.481075,259.33,127.93,23.1887,0.0718272,104.669,416.801,0,0,0
1000,5,1,963,1,1,1,4317.94,18649.1,393.144,46.3844,0.482746,299.501,13325.4,78.1881,23.1957,0.267264,54.7251,123.972,23.1887,0.0718272,100.711,202.16,0,0,0
1000,5,1,964,1,1,1,4320.62,18640.8,536.993,46.3844,0.482746,443.768,10759.1,113.129,23.1957,0.267264,89.6661,136.777,23.1887,0.0718272,113.517,249.906,0,0,0
1000,5,1,965,1,1,1,4316.62,18651.9,423.967,46.3844,0.482746,330.414,12780.1,128.353,23.1957,0.267264,104.89,71.7068,23.1887,0.0718272,48.4462,200.059,0,0,0
1000,5,1,966,1,1,1,4347.39,18707.5,516.871,46.3844,0.805133,423.265,11182.6,124.956,23.1957,0.267264,101.493,110.727,23.1887,0.106906,87.4317,235.683,0,0,0
1000,5,1,967,1,1,1,4350.33,18687.9,550.835,46.3844,0.50112,457.632,10559.9,126.555,23.1957,0.267264,103.092,124.606,23.1887,0.0902016,101.327,251.161,0,0,0
1000,5,1,968,1,1,1,4317.26,24643,458.885,52.1883,1.08743,359.184,18248.7,246.712,28.9996,0.871949,216.661,47.4322,23.1887,0.0718272,24.1717,294.144,0,0,0
1000,5,1,969,1,1,1,4324.33,18831.9,452.782,46.3844,0.821837,358.973,12446.8,130.396,23.1957,0.462701,106.738,76.2639,23.1887,0.0718272,53.0034,206.66,0,0,0
1000,5,1,970,1,0,0,-1,-1,1176.65,23.1957,0.267264,1108.05,269137,-1,-1,-1,-1,-1,-1,-1,-1,-1,0,0,0
1000,5,1,971,1,0,0,-1,-1,1282.42,23.1957,0.267264,1214.13,275715,-1,-1,-1,-1,-1,-1,-1,-1,-1,0,0,0
1000,5,1,972,1,1,2,10333.4,24671.2,685.897,69.5741,0.519494,570.515,14541.1,100.461,23.1957,0.267264,76.9982,301.074,46.3784,0.108576,254.587,401.535,1,0,0
1000,5,1,973,1,1,1,4352.08,18694.1,545.154,46.3844,0.770054,451.666,10666.5,123.739,23.1957,0.267264,100.276,127.165,23.1887,0.0718272,103.904,250.904,0,0,0
1000,5,1,974,1,1,1,4320.1,18636.5,463.419,46.3844,0.482746,369.98,12063.1,118.664,23.1957,0.267264,95.2014,82.2847,23.1887,0.0718272,59.0242,200.949,0,0,0
1000,5,1,975,1,1,2,10339.5,24658,658.335,69.5741,0.519494,542.873,15018.1,82.6424,23.1957,0.267264,59.1794,302.041,46.3784,0.108576,255.554,384.684,1,0,0
1000,5,1,976,1,1,1,4376.63,18704,538.365,46.3844,0.713261,444.914,10797.2,128.447,23.1957,0.462701,104.788,129.145,23.1887,0.106906,105.85,257.592,0,0,0
1000,5,1,977,1,1,1,4322.14,18710.7,512.175,46.3844,0.482746,418.878,11270.3,127.946,23.1957,0.267264,104.483,103.944,23.1887,0.0718272,80.6836,231.891,0,0,0
1000,5,1,978,1,0,0,-1,-1,861.622,23.1957,0.267264,792.109,259527,-1,-1,-1,-1,-1,-1,-1,-1,-1,0,0,0
1000,5,1,979,1,1,1,4317.58,18645.3,394.533,46.3844,0.482746,300.894,13296.9,128.259,23.1957,0.267264,104.796,70.974,23.1887,0.0718272,47.7135,199.233,0,0,0
1000,5,1,980,1,1,1,4384.36,24708,659.931,52.1883,0.731635,561.17,14739.4,277.555,28.9996,0.481075,247.985,100.229,23.1887,0.106906,76.9332,377.784,0,0,0
1000,5,1,981,1,1,1,4319.5,18656.9,551.616,46.3844,0.482746,458.434,10515.2,127.311,23.1957,0.267264,103.848,126.564,23.1887,0.0718272,103.303,253.875,0,0,0
1000,5,1,982,1,1,1,4317.26,18670.3,305.768,46.3844,0.552902,211.8,14899.8,94.6116,23.1957,0.337421,71.0784,46.3728,23.1887,0.0718272,23.1123,140.984,0,0,0
1000,5,1,983,1,1,1,4332.71,24652.9,631.548,52.1883,0.731635,532.705,15189,209.236,28.9996,0.481075,179.468,133.19,23.1887,0.106906,109.894,342.426,0,0,0
1000,5,1,984,1,1,2,10331.6,24695.4,707,69.5741,0.519494,591.68,14190.1,125.487,23.1957,0.267264,102.024,284.419,46.3784,0.108576,237.932,409.906,1,0,0
1000,5,1,985,1,1,1,4315.98,18629.2,426.737,46.3844,0.482746,333.191,12708.1,129.36,23.1957,0.267264,105.897,72.6958,23.1887,0.0718272,49.4353,202.055,0,0,0
1000,5,1,986,1,1,1,4315.98,18656.2,438.518,46.3844,0.482746,345.007,12525.6,130.563,23.1957,0.267264,107.1,72.2699,23.1887,0.0718272,49.0093,202.833,0,0,0
1000,5,1,987,1,0,0,-1,-1,1241.72,23.1957,0.302342,1173.28,272990,-1,-1,-1,-1,-1,-1,-1,-1,-1,0,0,0
1000,5,1,988,1,1,1,4318.54,18652.7,494.249,46.3844,0.713261,400.669,11530.4,120.097,23.1957,0.497779,96.4034,87.2822,23.1887,0.0718272,64.0217,207.379,0,0,0
1000,5,1,989,1,1,1,4313.42,24630.3,602.229,52.1883,0.731635,503.301,15687.8,266.702,28.9996,0.516154,237.066,78.1625,23.1887,0.0718272,54.902,344.864,0,0,0
1000,5,1,990,1,1,1,4325.45,18713.2,369.78,46.3844,1.06906,275.483,13803.5,128.073,23.1957,0.853574,104.023,66.7363,23.1887,0.0718272,43.4758,194.809,0,0,0
1000,5,1,991,1,1,1,4328.39,18662.8,502.884,46.3844,0.482746,409.56,11387.7,93.1138,23.1957,0.267264,69.6508,129.958,23.1887,0.0718272,106.698,223.072,0,0,0
1000,5,1,992,1,1,1,4318.86,18632.1,467.083,46.3844,0.482746,373.655,11993.5,119.54,23.1957,0.267264,96.0767,82.0067,23.1887,0.0718272,58.7462,201.546,0,0,0
1000,5,1,993,1,1,1,4333.26,18647.4,540.178,46.3844,0.482746,446.962,10709.1,131.224,23.1957,0.267264,107.761,125.387,23.1887,0.0718272,102.126,256.611,0,0,0
1000,5,1,994,1,1,1,4320.39,24675.6,399.236,52.1883,0.891994,299.557,19342.5,218.267,28.9996,0.676512,188.324,39.1951,23.1887,0.0718272,15.9346,257.462,0,0,0
1000,5,1,995,1,1,1,4391.52,18721.6,538.447,46.3844,0.661478,445.047,10813.4,129.009,23.1957,0.267264,105.547,129.449,23.1887,0.106906,106.153,258.458,0,0,0
1000,5,1,996,1,1,1,4329.84,18647.3,405.666,46.3844,0.482746,312.059,13100.9,81.296,23.1957,0.267264,57.833,127.692,23.1887,0.0718272,104.431,208.988,0,0,0
1000,5,1,997,1,1,1,4318.54,24685,603.276,52.1883,0.766714,504.315,15723.6,267.497,28.9996,0.551232,237.82,78.7166,23.1887,0.0718272,55.4561,346.213,0,0,0
1000,5,1,998,1,1,1,4323.91,18646.9,516.783,46.3844,0.482746,423.5,11124.7,125.304,23.1957,0.267264,101.841,110.311,23.1887,0.0718272,87.0509,235.616,0,0,0
1000,5,1,999,1,0,0,-1,-1,984.691,23.1957,0.267264,915.535,262486,-1,-1,-1,-1,-1,-1,-1,-1,-1,0,0,0
1000,5,1,1000,1,1,1,4318.96,18689.8,311.374,46.3844,0.482746,217.493,14820.1,99.288,23.1957,0.267264,75.8251,48.9645,23.1887,0.0718272,25.704,148.252,0,0,0
