N,seed,dutyCycle,devId,registered,authSuccess,attempts,latencyMs,e2eMs,fullEnergyMJ,fullCpuEnergyMJ,fullTxEnergyMJ,fullRxEnergyMJ,idleListeningMs,regEnergyMJ,regCpuEnergyMJ,regTxEnergyMJ,regRxEnergyMJ,authEnergyMJ,authCpuEnergyMJ,authTxEnergyMJ,authRxEnergyMJ,sessionEnergyMJ,fallbackUsed,replayRejected,desync
1000,4,0,1,1,1,1,4331.27,18670,1314.83,46.3844,0.482746,1223.87,278289,127.872,23.1957,0.267264,104.409,62.8326,23.1887,0.0718272,39.572,190.705,0,0,0
1000,4,0,2,1,1,1,4361.13,18692,1314.82,46.3844,0.482746,1223.86,278289,76.6703,23.1957,0.267264,53.2073,132.608,23.1887,0.0718272,109.347,209.278,0,0,0
1000,4,0,3,1,1,1,4347.91,18676.4,1314.67,46.3844,0.482746,1223.71,278292,124.057,23.1957,0.267264,100.594,85.3186,23.1887,0.0718272,62.058,209.376,0,0,0
1000,4,0,4,1,1,1,4357.85,18702.9,1314.93,46.3952,0.840211,1223.59,278287,91.6257,23.2065,0.481075,67.9381,132.005,23.1887,0.0718272,108.745,223.631,0,0,0
1000,4,0,5,1,1,1,4328.53,18644.7,1314.81,46.3844,0.6264,1223.7,278289,68.5342,23.1957,0.267264,45.0713,114.154,23.1887,0.0718272,90.8933,182.688,0,0,0
1000,4,0,6,1,1,1,4319.18,18681.2,1315.23,46.3844,0.678182,1224.07,278282,77.4108,23.1957,0.462701,53.7524,129.385,23.1887,0.0718272,106.124,206.795,0,0,0
1000,4,0,7,1,0,0,-1,-1,1292.31,23.1957,0.267264,1224.05,278291,-1,-1,-1,-1,-1,-1,-1,-1,-1,0,0,0
1000,4,0,8,1,1,1,4343.35,18680.7,1314.51,46.3844,0.517824,1223.51,278295,132.888,23.1957,0.267264,109.425,122.033,23.1887,0.106906,98.737,254.921,0,0,0
1000,4,0,9,1,1,1,4334.88,18709.5,1314.72,46.3844,0.482746,1223.76,278291,131.053,23.1957,0.267264,107.59,131.467,23.1887,0.0718272,108.207,262.52,0,0,0
1000,4,0,10,1,1,1,4327.67,24663.2,1320.49,52.1883,0.571277,1223.81,278288,293.074,28.9996,0.355795,263.672,64.6951,23.1887,0.0718272,41.4346,357.769,0,0,0
1000,4,0,11,1,1,1,4319.85,18655.8,1314.91,46.3844,0.661478,1223.77,278287,67.6218,23.1957,0.302342,44.1238,102.61,23.1887,0.0718272,79.3498,170.232,0,0,0
1000,4,0,12,1,1,2,4350.36,18669.7,1337.27,69.5741,0.698227,1223.61,278289,88.304,23.1957,0.267264,64.841,153.939,46.3784,0.287309,107.274,242.243,1,0,0
1000,4,0,13,1,1,1,4329.51,18681.6,1315.02,46.3844,0.873619,1223.67,278285,68.945,23.1957,0.658138,45.0911,114.789,23.1887,0.0718272,91.5286,183.734,0,0,0
1000,4,0,14,1,1,2,10327.4,30651.1,1342.82,75.3781,0.768384,1223.45,278290,286.575,28.9996,0.516154,256.996,312.498,46.3784,0.108576,266.011,599.074,1,0,0
1000,4,0,15,1,1,1,4333.12,18709.8,1314.68,46.3844,0.482746,1223.72,278292,123.24,23.1957,0.267264,99.7766,138.351,23.1887,0.0718272,115.09,261.59,0,0,0
1000,4,0,16,1,1,1,4343.63,18661.4,1314.67,46.3844,0.482746,1223.71,278292,90.3651,23.1957,0.267264,66.9021,130.632,23.1887,0.0718272,107.371,220.997,0,0,0
1000,4,0,17,1,1,1,4348.04,18669.8,1314.96,46.3844,0.770054,1223.7,278286,108.557,23.1957,0.267264,85.0945,125.021,23.1887,0.0718272,101.76,233.578,0,0,0
1000,4,0,18,1,1,1,4328.11,18685.6,1314.87,46.3844,1.05235,1223.34,278287,108.998,23.1957,0.693216,85.109,121.752,23.1887,0.0718272,98.4915,230.75,0,0,0
1000,4,0,19,1,1,1,4327.5,18733.6,1315.09,46.3844,0.770054,1223.84,278284,134.913,23.1957,0.267264,111.45,74.5782,23.1887,0.0718272,51.3177,209.491,0,0,0
1000,4,0,20,1,1,1,4340.89,18659,1314.55,46.3844,0.517824,1223.55,278294,123.469,23.1957,0.267264,100.006,78.8022,23.1887,0.106906,55.5066,202.271,0,0,0
1000,4,0,21,1,1,1,4325.38,18718.1,1315.07,46.3844,0.873619,1223.72,278284,134.862,23.1957,0.658138,111.008,75.4246,23.1887,0.0718272,52.1641,210.286,0,0,0
1000,4,0,22,1,1,1,4330.44,18643.3,1314.94,46.3844,0.482746,1223.98,278287,121.02,23.1957,0.267264,97.5567,125.842,23.1887,0.0718272,102.581,246.861,0,0,0
1000,4,0,23,1,1,1,4322.12,18638.2,1314.98,46.3844,0.482746,1224.02,278287,124.77,23.1957,0.267264,101.307,118.058,23.1887,0.0718272,94.7971,242.828,0,0,0
1000,4,0,24,1,1,1,4330.15,18684.4,1314.82,46.3844,0.482746,1223.86,278289,135.987,23.1957,0.267264,112.524,124.149,23.1887,0.0718272,100.888,260.136,0,0,0
1000,4,0,25,1,1,1,4315.66,18634.5,1314.79,46.3844,0.482746,1223.82,278290,127.497,23.1957,0.267264,104.034,110.488,23.1887,0.0718272,87.2278,237.985,0,0,0
1000,4,0,26,1,1,1,4320.78,24656.4,1320.47,52.1883,0.96215,1223.4,278287,187.983,28.9996,0.71159,157.92,27.3239,23.1887,0.106906,4.02831,215.307,0,0,0
1000,4,0,27,1,1,1,4318.86,18658.3,1314.63,46.3844,0.517824,1223.63,278293,135.392,23.1957,0.302342,111.894,75.2117,23.1887,0.0718272,51.9512,210.604,0,0,0
1000,4,0,28,1,1,1,4336.25,18660.3,1314.77,46.3844,0.482746,1223.81,278290,99.4432,23.1957,0.267264,75.9803,130.305,23.1887,0.0718272,107.044,229.748,0,0,0
1000,4,0,29,1,1,1,4322.6,18634.2,1314.64,46.3844,0.6264,1223.54,278292,129.955,23.1957,0.267264,106.492,134.193,23.1887,0.0718272,110.932,264.148,0,0,0
1000,4,0,30,1,1,1,4333.92,18672.1,1314.77,46.3844,0.696557,1223.59,278289,73.4034,23.1957,0.337421,49.8702,125.486,23.1887,0.0718272,102.226,198.89,0,0,0
1000,4,0,31,1,1,1,4316.94,18634,1314.77,46.3844,0.482746,1223.81,278290,123.638,23.1957,0.267264,100.175,77.9297,23.1887,0.0718272,54.6692,201.568,0,0,0
1000,4,0,32,1,1,1,4327.08,18645.1,1314.66,46.3844,0.6264,1223.55,278292,96.1639,23.1957,0.267264,72.701,133.404,23.1887,0.0718272,110.143,229.568,0,0,0
1000,4,0,33,1,1,1,4330.76,18646.1,1315.02,46.3844,0.482746,1224.06,278286,70.9617,23.1957,0.267264,47.4987,112.863,23.1887,0.0718272,89.6029,183.825,0,0,0
1000,4,0,34,1,1,1,4315.98,18643.8,1314.63,46.3844,0.482746,1223.67,278293,125.667,23.1957,0.267264,102.204,104.606,23.1887,0.0718272,81.3459,230.273,0,0,0
1000,4,0,35,1,1,1,4321.54,18681.4,1314.84,46.3844,0.748339,1223.61,278288,128.553,23.1957,0.532858,104.825,138.353,23.1887,0.0718272,115.092,266.906,0,0,0
1000,4,0,36,1,1,1,4319.63,18637.3,1314.77,46.3844,0.482746,1223.81,278290,81.5089,23.1957,0.267264,58.046,128.444,23.1887,0.0718272,105.184,209.953,0,0,0
1000,4,0,37,1,1,1,4325.35,18673,1315.04,46.3844,0.482746,1224.08,278285,126.393,23.1957,0.267264,102.93,132.386,23.1887,0.0718272,109.125,258.778,0,0,0
1000,4,0,38,1,0,0,-1,-1,1292.22,23.1957,0.267264,1223.96,278292,-1,-1,-1,-1,-1,-1,-1,-1,-1,0,0,0
1000,4,0,39,1,1,1,4316.66,18657.1,1314.71,46.3844,0.482746,1223.75,278291,134.927,23.1957,0.267264,111.464,75.0565,23.1887,0.0718272,51.796,209.984,0,0,0
1000,4,0,40,1,1,1,4314.7,18651.1,1314.86,46.3844,0.482746,1223.9,278289,72.0626,23.1957,0.267264,48.5997,105.839,23.1887,0.0718272,82.5786,177.902,0,0,0
1000,4,0,41,1,1,1,4331.76,18692.9,1314.87,46.3844,0.482746,1223.91,278289,138.47,23.1957,0.267264,115.007,75.125,23.1887,0.0718272,51.8645,213.595,0,0,0
1000,4,0,42,1,0,0,-1,-1,1297.99,28.9996,0.676512,1223.69,278289,-1,-1,-1,-1,-1,-1,-1,-1,-1,0,0,0
1000,4,0,43,1,1,1,4325.9,18679.9,1314.73,46.3844,0.482746,1223.77,278291,134.655,23.1957,0.267264,111.192,123.791,23.1887,0.0718272,100.531,258.446,0,0,0
1000,4,0,44,1,1,1,4369.13,18712.8,1314.72,46.3844,0.713261,1223.53,278290,124.739,23.1957,0.497779,101.045,82.9561,23.1887,0.0718272,59.6956,207.695,0,0,0
1000,4,0,45,1,1,2,10338.6,24655.2,1337.26,69.5741,0.663149,1223.63,278289,128.12,23.1957,0.267264,104.657,313.417,46.3784,0.108576,266.93,441.537,1,0,0
1000,4,0,46,1,1,1,4317.58,18646.6,1314.84,46.3844,0.482746,1223.88,278289,72.1655,23.1957,0.267264,48.7025,104.91,23.1887,0.0718272,81.6492,177.075,0,0,0
1000,4,0,47,1,1,2,10347.2,30708.6,1342.8,75.3781,0.838541,1223.37,278290,277.103,28.9996,0.58631,247.42,260.132,46.3784,0.108576,213.645,537.235,1,0,0
1000,4,0,48,1,1,1,4321.45,18637.8,1314.76,46.3844,0.6264,1223.65,278290,76.7226,23.1957,0.267264,53.2596,131.612,23.1887,0.0718272,108.351,208.334,0,0,0
1000,4,0,49,1,1,1,4318.22,24659.6,1320.2,52.1883,0.731635,1223.36,278293,283.229,28.9996,0.516154,253.638,132.334,23.1887,0.0718272,109.073,415.563,0,0,0
1000,4,0,50,1,1,1,4321.54,18657,1314.77,46.3844,0.482746,1223.81,278290,133.085,23.1957,0.267264,109.622,74.5818,23.1887,0.0718272,51.3213,207.667,0,0,0
1000,4,0,51,1,1,1,4319.3,18685.6,1315.26,46.3844,0.678182,1224.1,278281,132.033,23.1957,0.462701,108.375,124.183,23.1887,0.0718272,100.923,256.216,0,0,0
1000,4,0,52,1,1,2,4333.56,18680.9,1337.58,69.5741,0.841882,1223.77,278283,127.194,23.1957,0.267264,103.731,161.067,46.3784,0.287309,114.401,288.26,1,0,0
1000,4,0,53,1,1,1,4354.08,18680,1314.8,46.3844,0.517824,1223.8,278290,88.4051,23.1957,0.267264,64.9421,130.918,23.1887,0.106906,107.622,219.323,0,0,0
1000,4,0,54,1,1,2,10318.9,30679.7,1342.7,75.3781,0.572947,1223.53,278293,280.846,28.9996,0.320717,251.439,223.48,46.3784,0.108576,176.993,504.326,1,0,0
1000,4,0,55,1,1,1,4330.95,18654.6,1314.88,46.3844,0.552902,1223.85,278288,124.698,23.1957,0.267264,101.235,117.779,23.1887,0.141984,94.4488,242.477,0,0,0
1000,4,0,56,1,1,1,4328.52,18682.2,1314.65,46.3844,0.482746,1223.69,278292,130.372,23.1957,0.267264,106.909,125.58,23.1887,0.0718272,102.32,255.952,0,0,0
1000,4,0,57,1,1,1,4332.31,24659.3,1320.36,52.1883,0.696557,1223.56,278290,270.505,28.9996,0.481075,240.914,79.0685,23.1887,0.0718272,55.808,349.573,0,0,0
1000,4,0,58,1,1,1,4316.94,24632.1,1320.34,52.1883,0.696557,1223.54,278291,212.253,28.9996,0.481075,182.494,33.8132,23.1887,0.0718272,10.5527,246.066,0,0,0
1000,4,0,59,1,1,1,4323.72,18637.4,1314.72,46.3844,0.482746,1223.76,278291,105.058,23.1957,0.267264,81.595,124.968,23.1887,0.0718272,101.708,230.026,0,0,0
1000,4,0,60,1,0,0,-1,-1,1292.4,23.1957,0.267264,1224.14,278289,-1,-1,-1,-1,-1,-1,-1,-1,-1,0,0,0
1000,4,0,61,1,1,1,4321.61,18698.1,1314.72,46.3844,0.517824,1223.72,278291,123.515,23.1957,0.302342,100.017,61.0765,23.1887,0.0718272,37.816,184.591,0,0,0
1000,4,0,62,1,1,1,4320.39,18666.2,1314.85,46.3844,0.482746,1223.89,278289,137.813,23.1957,0.267264,114.35,68.2271,23.1887,0.0718272,44.9666,206.04,0,0,0
1000,4,0,63,1,1,1,4344.37,18663.3,1315.02,46.3844,0.661478,1223.88,278285,78.3253,23.1957,0.267264,54.8623,129.927,23.1887,0.106906,106.631,208.252,0,0,0
1000,4,0,64,1,1,1,4316.94,18640.1,1314.77,46.3844,0.6264,1223.67,278290,73.9631,23.1957,0.267264,50.5001,107.902,23.1887,0.0718272,84.6415,181.865,0,0,0
1000,4,0,65,1,1,1,4327.53,18719.1,1314.75,46.3844,0.696557,1223.57,278290,133.61,23.1957,0.337421,110.077,123.754,23.1887,0.0718272,100.493,257.363,0,0,0
1000,4,0,66,1,1,1,4333.83,18655,1314.67,46.3844,0.482746,1223.71,278292,129.883,23.1957,0.267264,106.42,135.034,23.1887,0.0718272,111.773,264.917,0,0,0
1000,4,0,67,1,1,1,4317.26,18634.7,1314.67,46.3844,0.482746,1223.7,278292,69.4601,23.1957,0.267264,45.9971,117.475,23.1887,0.0718272,94.2142,186.935,0,0,0
1000,4,0,68,1,1,1,4360.56,18676.8,1314.65,46.3844,0.517824,1223.65,278292,72.6564,23.1957,0.267264,49.1934,124.866,23.1887,0.106906,101.571,197.523,0,0,0
1000,4,0,69,1,1,1,4330.57,18686.5,1314.83,46.3844,0.678182,1223.67,278289,133.744,23.1957,0.462701,110.086,74.5457,23.1887,0.0718272,51.2852,208.29,0,0,0
1000,4,0,70,1,1,1,4316.3,18655.8,1314.74,46.3844,0.678182,1223.58,278290,77.6652,23.1957,0.462701,54.0068,128.791,23.1887,0.0718272,105.53,206.456,0,0,0
1000,4,0,71,1,1,1,4316.42,18694,1314.71,46.3844,0.482746,1223.75,278291,133.762,23.1957,0.267264,110.299,134.606,23.1887,0.0718272,111.345,268.367,0,0,0
1000,4,0,72,1,1,1,4323.77,18638.2,1314.8,46.3844,0.482746,1223.84,278290,77.1143,23.1957,0.267264,53.6513,131.597,23.1887,0.0718272,108.337,208.711,0,0,0
1000,4,0,73,1,1,1,4323.83,24637.7,1320.34,52.1883,0.696557,1223.53,278291,278.437,28.9996,0.481075,248.871,124.587,23.1887,0.0718272,101.327,403.024,0,0,0
1000,4,0,74,1,1,1,4349.71,18695.7,1314.72,46.3844,0.517824,1223.72,278291,124.465,23.1957,0.267264,101.002,83.7835,23.1887,0.106906,60.4879,208.248,0,0,0
1000,4,0,75,1,1,1,4356.53,24706.3,1320.36,52.1883,0.731635,1223.52,278290,280.827,28.9996,0.481075,251.262,135.48,23.1887,0.106906,112.185,416.308,0,0,0
1000,4,0,76,1,1,1,4346.5,18728.8,1314.69,46.3844,0.517824,1223.69,278292,137.113,23.1957,0.267264,113.65,74.292,23.1887,0.106906,50.9964,211.405,0,0,0
1000,4,0,77,1,1,1,4357.36,18697.6,1314.81,46.3844,0.517824,1223.81,278289,128.172,23.1957,0.267264,104.709,111.334,23.1887,0.106906,88.0381,239.506,0,0,0
1000,4,0,78,1,1,1,4322.31,18658.1,1314.8,46.3844,0.517824,1223.8,278290,138.969,23.1957,0.302342,115.471,71.0823,23.1887,0.0718272,47.8218,210.051,0,0,0
1000,4,0,79,1,1,1,4320.39,24683.4,1320.72,52.1883,1.28287,1223.33,278283,263.877,28.9996,1.06739,233.675,119.278,23.1887,0.0718272,96.0172,383.155,0,0,0
1000,4,0,80,1,1,1,4334.09,18695.1,1314.72,46.3844,0.482746,1223.76,278291,126.234,23.1957,0.267264,102.771,136.138,23.1887,0.0718272,112.878,262.372,0,0,0
1000,4,0,81,1,1,2,10325.6,24645.3,1337.17,69.5849,0.537869,1223.65,278291,68.0851,23.2065,0.285638,44.593,290.406,46.3784,0.108576,243.919,358.491,1,0,0
1000,4,0,82,1,1,1,4323.91,24744.7,1320.36,52.1883,0.536198,1223.71,278291,273.308,28.9996,0.320717,243.87,123.84,23.1887,0.0718272,100.58,397.148,0,0,0
1000,4,0,83,1,1,1,4327.84,18640.1,1314.87,46.3844,0.6264,1223.77,278288,74.5911,23.1957,0.267264,51.1282,104.953,23.1887,0.0718272,81.6925,179.544,0,0,0
1000,4,0,84,1,1,1,4320.21,18678.4,1314.78,46.3844,0.678182,1223.62,278290,105.979,23.1957,0.462701,82.3205,50.1051,23.1887,0.0718272,26.8446,156.084,0,0,0
1000,4,0,85,1,1,1,4333.77,18650.8,1314.84,46.3844,0.482746,1223.88,278289,69.0865,23.1957,0.267264,45.6235,121.927,23.1887,0.0718272,98.6666,191.014,0,0,0
1000,4,0,86,1,1,1,4318.22,18675.8,1315.05,46.3844,0.587981,1223.98,278285,133.396,23.1957,0.372499,109.827,74.21,23.1887,0.0718272,50.9495,207.606,0,0,0
1000,4,0,87,1,1,1,4336.78,24674,1320.52,52.1883,1.08743,1223.33,278286,281.989,28.9996,0.871949,252.039,135.624,23.1887,0.0718272,112.363,417.613,0,0,0
1000,4,0,88,1,1,1,4358.63,18674.3,1314.69,46.3844,0.50112,1223.7,278292,72.1095,23.1957,0.267264,48.6466,108.337,23.1887,0.0902016,85.0584,180.447,0,0,0
1000,4,0,89,1,1,1,4330.85,18656.9,1314.9,46.3844,0.482746,1223.94,278288,128.201,23.1957,0.267264,104.738,77.1266,23.1887,0.0718272,53.8661,205.327,0,0,0
1000,4,0,90,1,1,1,4324.42,18649.7,1314.9,46.3844,0.482746,1223.94,278288,125.997,23.1957,0.267264,102.534,99.2281,23.1887,0.0718272,75.9676,225.225,0,0,0
1000,4,0,91,1,1,1,4317.26,30681.9,1326.58,57.9922,1.3714,1223.47,278278,403.464,34.8035,1.15592,366.95,44.1745,23.1887,0.0718272,20.914,447.639,0,0,0
1000,4,0,92,1,1,1,4339.54,18655.6,1314.89,46.3844,0.6264,1223.79,278288,72.7629,23.1957,0.267264,49.2999,108.808,23.1887,0.0718272,85.5475,181.571,0,0,0
1000,4,0,93,1,1,1,4315.66,18691.2,1314.75,46.3844,0.482746,1223.79,278291,106.386,23.1957,0.267264,82.9233,49.6936,23.1887,0.0718272,26.4331,156.08,0,0,0
1000,4,0,94,1,1,1,4331.14,24669.9,1320.35,52.1883,0.766714,1223.47,278290,282.058,28.9996,0.551232,252.428,135.781,23.1887,0.0718272,112.52,417.839,0,0,0
1000,4,0,95,1,1,1,4336.5,18699.2,1314.6,46.3844,0.552902,1223.57,278293,100.142,23.1957,0.302342,76.6444,130.638,23.1887,0.106906,107.342,230.78,0,0,0
1000,4,0,96,1,1,1,4324.55,18637.5,1314.76,46.3844,0.482746,1223.8,278290,71.8876,23.1957,0.267264,48.4246,105.872,23.1887,0.0718272,82.6111,177.759,0,0,0
1000,4,0,97,1,1,1,4336.84,18661.6,1314.94,46.3844,0.482746,1223.98,278287,98.8224,23.1957,0.267264,75.3594,132.725,23.1887,0.0718272,109.465,231.548,0,0,0
1000,4,0,98,1,1,1,4333.93,18650.2,1314.67,46.3844,0.517824,1223.67,278292,125.118,23.1957,0.267264,101.655,102.882,23.1887,0.106906,79.5863,228,0,0,0
1000,4,0,99,1,1,1,4329.82,24647.2,1320.4,52.1883,0.696557,1223.59,278290,270.77,28.9996,0.481075,241.181,101.731,23.1887,0.0718272,78.4709,372.501,0,0,0
1000,4,0,100,1,1,1,4365.17,18695.4,1314.8,46.3844,0.482746,1223.84,278290,77.2045,23.1957,0.267264,53.7415,134.313,23.1887,0.0718272,111.053,211.518,0,0,0
1000,4,0,101,1,1,1,4315.34,18629.5,1314.79,46.3844,0.482746,1223.83,278290,81.4638,23.1957,0.267264,58.0009,128.702,23.1887,0.0718272,105.442,210.166,0,0,0
1000,4,0,102,1,1,1,4322.2,18645.1,1315.06,46.3844,0.482746,1224.1,278285,133.484,23.1957,0.267264,110.021,123.967,23.1887,0.0718272,100.706,257.45,0,0,0
1000,4,0,103,1,1,1,4384.39,18726.3,1314.91,46.3844,0.748339,1223.68,278287,89.1185,23.1957,0.462701,65.4601,131.126,23.1887,0.141984,107.795,220.244,0,0,0
1000,4,0,104,1,1,1,4351.19,18733,1314.89,46.3844,0.6264,1223.79,278288,131.782,23.1957,0.267264,108.319,120.79,23.1887,0.0718272,97.5296,252.572,0,0,0
1000,4,0,105,1,1,1,4339.75,18659.9,1314.74,46.3844,0.517824,1223.74,278291,125.476,23.1957,0.302342,101.978,116.125,23.1887,0.0718272,92.8642,241.601,0,0,0
1000,4,0,106,1,1,1,4342.44,18663.8,1314.77,46.3844,0.482746,1223.81,278290,106.708,23.1957,0.267264,83.2446,122.694,23.1887,0.0718272,99.4337,229.402,0,0,0
1000,4,0,107,1,1,1,4321.51,18659.4,1314.89,46.3844,0.6264,1223.79,278288,133.384,23.1957,0.267264,109.921,122.952,23.1887,0.0718272,99.6917,256.337,0,0,0
1000,4,0,108,1,1,1,4317.9,18670.8,1314.94,46.3844,0.517824,1223.94,278287,127.622,23.1957,0.302342,104.124,76.5075,23.1887,0.0718272,53.247,204.13,0,0,0
1000,4,0,109,1,1,1,4319.06,18660,1314.8,46.3844,0.482746,1223.84,278290,133.969,23.1957,0.267264,110.506,73.7173,23.1887,0.0718272,50.4568,207.686,0,0,0
1000,4,0,110,1,1,1,4346.47,18714,1315.06,46.3844,0.821837,1223.76,278284,132.01,23.1957,0.462701,108.351,120.436,23.1887,0.0718272,97.1758,252.446,0,0,0
1000,4,0,111,1,1,1,4315.98,18630.8,1314.71,46.3844,0.482746,1223.75,278291,74.223,23.1957,0.267264,50.76,104.52,23.1887,0.0718272,81.2593,178.743,0,0,0
1000,4,0,112,1,1,1,4323.59,18651.4,1314.81,46.3844,0.482746,1223.85,278290,77.7423,23.1957,0.267264,54.2794,133.877,23.1887,0.0718272,110.616,211.619,0,0,0
1000,4,0,113,1,1,1,4365.55,18681,1314.77,46.3844,0.552902,1223.73,278290,73.4108,23.1957,0.267264,49.9478,131.673,23.1887,0.141984,108.342,205.084,0,0,0
1000,4,0,114,1,1,1,4321.19,18681.8,1315.09,46.3844,0.6264,1223.98,278284,137.586,23.1957,0.267264,114.123,76.327,23.1887,0.0718272,53.0665,213.913,0,0,0
1000,4,0,115,1,1,1,4330.25,18652.7,1314.79,46.3844,0.482746,1223.83,278290,124.801,23.1957,0.267264,101.338,127.915,23.1887,0.0718272,104.655,252.716,0,0,0
1000,4,0,116,1,1,1,4328.07,18644.2,1314.68,46.3844,0.482746,1223.72,278292,86.2032,23.1957,0.267264,62.7403,126.127,23.1887,0.0718272,102.866,212.33,0,0,0
1000,4,0,117,1,1,1,4315.27,18662.7,1314.71,46.3844,0.482746,1223.75,278291,137.021,23.1957,0.267264,113.558,74.1144,23.1887,0.0718272,50.8538,211.135,0,0,0
1000,4,0,118,1,1,1,4317.38,18630.9,1314.75,46.3844,0.482746,1223.79,278291,72.965,23.1957,0.267264,49.5021,111.624,23.1887,0.0718272,88.363,184.589,0,0,0
1000,4,0,119,1,1,1,4339.18,18655.9,1314.67,46.3844,0.482746,1223.71,278292,77.9174,23.1957,0.267264,54.4544,133.019,23.1887,0.0718272,109.759,210.937,0,0,0
1000,4,0,120,1,1,1,4323.08,18681.7,1314.98,46.3844,0.482746,1224.02,278287,135.962,23.1957,0.267264,112.499,74.7081,23.1887,0.0718272,51.4476,210.67,0,0,0
1000,4,0,121,1,1,1,4329.82,18696.1,1314.68,46.3844,0.517824,1223.68,278292,126.213,23.1957,0.302342,102.715,127.006,23.1887,0.0718272,103.745,253.219,0,0,0
1000,4,0,122,1,1,1,4323.71,24705.2,1320.61,52.1883,0.927072,1223.57,278285,273.056,28.9996,0.71159,243.233,54.3843,23.1887,0.0718272,31.1238,327.44,0,0,0
1000,4,0,123,1,1,1,4337.43,18665,1314.96,46.3844,0.482746,1224,278287,135.285,23.1957,0.267264,111.822,125.71,23.1887,0.0718272,102.449,260.995,0,0,0
1000,4,0,124,1,1,1,4357.23,18692.9,1314.81,46.3844,0.482746,1223.85,278290,125.629,23.1957,0.267264,102.166,92.9222,23.1887,0.0718272,69.6617,218.551,0,0,0
1000,4,0,125,1,1,1,4323.59,18671.7,1314.68,46.3844,0.482746,1223.72,278292,133.55,23.1957,0.267264,110.087,121.974,23.1887,0.0718272,98.7135,255.524,0,0,0
1000,4,0,126,1,1,1,4317.26,18672.4,1314.86,46.3844,0.517824,1223.86,278289,106.084,23.1957,0.302342,82.5858,126.226,23.1887,0.0718272,102.966,232.31,0,0,0
1000,4,0,127,1,0,0,-1,-1,1292.04,23.1957,0.337421,1223.71,278295,-1,-1,-1,-1,-1,-1,-1,-1,-1,0,0,0
1000,4,0,128,1,1,1,4335.11,18654.9,1314.77,46.3844,0.482746,1223.81,278290,76.71,23.1957,0.267264,53.247,132.274,23.1887,0.0718272,109.014,208.984,0,0,0
1000,4,0,129,1,1,1,4323.78,18649,1314.67,46.3844,0.482746,1223.7,278292,102.93,23.1957,0.267264,79.4671,127.574,23.1887,0.0718272,104.314,230.504,0,0,0
1000,4,0,130,1,1,1,4331.06,18665.4,1314.77,46.3844,0.873619,1223.42,278289,137.132,23.1957,0.658138,113.278,69.1385,23.1887,0.0718272,45.878,206.271,0,0,0
1000,4,0,131,1,1,1,4359.04,18692,1314.65,46.3844,0.482746,1223.69,278292,124.151,23.1957,0.267264,100.688,88.2098,23.1887,0.0718272,64.9493,212.361,0,0,0
1000,4,0,132,1,1,1,4339.85,18671.6,1314.75,46.3844,0.482746,1223.79,278291,114.679,23.1957,0.267264,91.2164,57.2593,23.1887,0.0718272,33.9988,171.939,0,0,0
1000,4,0,133,1,1,1,4321.29,18665.6,1314.81,46.3844,0.517824,1223.82,278289,126.418,23.1957,0.267264,102.955,125.301,23.1887,0.106906,102.005,251.719,0,0,0
1000,4,0,134,1,1,1,4331.37,24660.9,1320.31,52.1883,0.571277,1223.63,278291,272.972,28.9996,0.355795,243.513,135.882,23.1887,0.0718272,112.621,408.854,0,0,0
1000,4,0,135,1,1,1,4324.01,18710.1,1314.96,46.3844,0.678182,1223.8,278286,139.705,23.1957,0.462701,116.047,73.5422,23.1887,0.0718272,50.2817,213.247,0,0,0
1000,4,0,136,1,0,0,-1,-1,1292.39,23.1957,0.267264,1224.13,278289,-1,-1,-1,-1,-1,-1,-1,-1,-1,0,0,0
1000,4,0,137,1,1,1,4333.42,18696.7,1314.75,46.3844,0.517824,1223.75,278290,133.103,23.1957,0.267264,109.64,124.146,23.1887,0.106906,100.85,257.249,0,0,0
1000,4,0,138,1,1,1,4346.94,18676.6,1314.59,46.3844,0.517824,1223.59,278293,121.489,23.1957,0.267264,98.0259,77.8529,23.1887,0.106906,54.5573,199.342,0,0,0
1000,4,0,139,1,1,1,4324.36,18638.8,1315,46.3844,0.482746,1224.04,278286,76.6991,23.1957,0.267264,53.2362,130.861,23.1887,0.0718272,107.6,207.56,0,0,0
1000,4,0,140,1,1,1,4321.19,18656,1314.97,46.3844,0.552902,1223.94,278286,133.307,23.1957,0.302342,109.809,135.163,23.1887,0.106906,111.867,268.47,0,0,0
1000,4,0,141,1,1,1,4334.15,18652,1314.72,46.3844,0.482746,1223.76,278291,85.2954,23.1957,0.267264,61.8324,131.216,23.1887,0.0718272,107.956,216.512,0,0,0
1000,4,0,142,1,1,1,4328.29,18675.4,1314.75,46.3844,0.482746,1223.79,278291,135.315,23.1957,0.267264,111.852,124.6,23.1887,0.0718272,101.34,259.915,0,0,0
1000,4,0,143,1,1,1,4315.98,18669.8,1314.75,46.3844,0.482746,1223.79,278291,114.566,23.1957,0.267264,91.1027,55.7325,23.1887,0.0718272,32.472,170.298,0,0,0
1000,4,0,144,1,1,1,4327.88,18656.3,1314.98,46.3844,0.482746,1224.02,278287,121.516,23.1957,0.267264,98.053,77.6427,23.1887,0.0718272,54.3822,199.159,0,0,0
1000,4,0,145,1,1,1,4337.31,18658.1,1314.68,46.3844,0.482746,1223.72,278292,79.188,23.1957,0.267264,55.725,129.753,23.1887,0.0718272,106.492,208.941,0,0,0
1000,4,0,146,1,1,1,4345.08,18662.3,1314.72,46.3844,0.482746,1223.76,278291,121.132,23.1957,0.267264,97.6686,78.1661,23.1887,0.0718272,54.9056,199.298,0,0,0
1000,4,0,147,1,1,1,4318.98,18639.7,1314.96,46.3844,0.482746,1224,278287,121.141,23.1957,0.267264,97.6776,125.858,23.1887,0.0718272,102.597,246.999,0,0,0
1000,4,0,148,1,1,1,4317.7,18688.2,1314.69,46.3844,0.482746,1223.73,278292,134.274,23.1957,0.267264,110.811,75.5383,23.1887,0.0718272,52.2778,209.812,0,0,0
1000,4,0,149,1,1,1,4330.15,18657.2,1314.63,46.3844,0.482746,1223.67,278293,125.348,23.1957,0.267264,101.885,134.996,23.1887,0.0718272,111.735,260.343,0,0,0
1000,4,0,150,1,1,1,4315.66,18632.9,1315.04,46.3844,0.482746,1224.08,278285,123.07,23.1957,0.267264,99.6069,76.2476,23.1887,0.0718272,52.9871,199.318,0,0,0
1000,4,0,151,1,1,1,4321.14,18645.7,1314.61,46.3844,0.517824,1223.61,278293,99.4079,23.1957,0.302342,75.9099,130.491,23.1887,0.0718272,107.23,229.899,0,0,0
1000,4,0,152,1,1,1,4345.06,18665.2,1314.75,46.3844,0.482746,1223.79,278291,108.92,23.1957,0.267264,85.4573,123.97,23.1887,0.0718272,100.71,232.89,0,0,0
1000,4,0,153,1,1,1,4347.2,18671.7,1314.68,46.3844,0.661478,1223.54,278291,78.9497,23.1957,0.267264,55.4868,128.755,23.1887,0.106906,105.46,207.705,0,0,0
1000,4,0,154,1,1,1,4326.87,18660.3,1314.88,46.3844,0.6264,1223.77,278288,69.7579,23.1957,0.267264,46.2949,120.171,23.1887,0.0718272,96.9105,189.929,0,0,0
1000,4,0,155,1,1,1,4322.5,18667.4,1314.65,46.3844,0.517824,1223.65,278292,128.568,23.1957,0.302342,105.07,134.951,23.1887,0.0718272,111.69,263.519,0,0,0
1000,4,0,156,1,1,1,4336.3,18661,1314.65,46.3844,0.482746,1223.69,278292,72.568,23.1957,0.267264,49.105,106.895,23.1887,0.0718272,83.6344,179.463,0,0,0
1000,4,0,157,1,1,1,4370.14,18688.2,1314.89,46.3844,0.517824,1223.89,278288,121.913,23.1957,0.267264,98.45,133.493,23.1887,0.106906,110.197,255.406,0,0,0
1000,4,0,158,1,1,1,4331.28,18652.7,1314.73,46.3844,0.482746,1223.77,278291,76.8742,23.1957,0.267264,53.4113,131.955,23.1887,0.0718272,108.694,208.829,0,0,0
1000,4,0,159,1,0,0,-1,-1,1292.28,23.1957,0.267264,1224.02,278291,-1,-1,-1,-1,-1,-1,-1,-1,-1,0,0,0
1000,4,0,160,1,1,1,4339.94,18660.5,1314.81,46.3844,0.482746,1223.85,278290,98.8819,23.1957,0.267264,75.419,130.522,23.1887,0.0718272,107.261,229.404,0,0,0
1000,4,0,161,1,0,0,-1,-1,1292.38,23.1957,0.302342,1224.08,278290,-1,-1,-1,-1,-1,-1,-1,-1,-1,0,0,0
1000,4,0,162,1,1,1,4359.95,18746.2,1314.95,46.3844,0.6264,1223.84,278287,131.59,23.1957,0.267264,108.127,126.645,23.1887,0.0718272,103.384,258.235,0,0,0
1000,4,0,163,1,0,0,-1,-1,1292.42,23.1957,0.267264,1224.16,278289,-1,-1,-1,-1,-1,-1,-1,-1,-1,0,0,0
1000,4,0,164,1,1,1,4316.66,18665.9,1314.48,46.3844,0.517824,1223.48,278295,138.31,23.1957,0.302342,114.812,74.7623,23.1887,0.0718272,51.5018,213.073,0,0,0
1000,4,0,165,1,1,1,4336.65,18654.3,1314.94,46.3844,0.552902,1223.9,278287,98.3892,23.1957,0.267264,74.9263,132.619,23.1887,0.141984,109.288,231.008,0,0,0
1000,4,0,166,1,1,1,4326.96,18664.4,1315.06,46.3844,0.482746,1224.1,278285,74.5713,23.1957,0.267264,51.1083,105.303,23.1887,0.0718272,82.0426,179.874,0,0,0
1000,4,0,167,1,1,1,4321.35,18650.3,1315.12,46.3844,0.678182,1223.96,278284,114.388,23.1957,0.462701,90.7291,56.144,23.1887,0.0718272,32.8835,170.531,0,0,0
1000,4,0,168,1,1,1,4320.14,18646.9,1314.85,46.3844,0.482746,1223.89,278289,113.088,23.1957,0.267264,89.6246,55.496,23.1887,0.0718272,32.2355,168.584,0,0,0
1000,4,0,169,1,0,0,-1,-1,1292.35,23.1957,0.462701,1223.89,278290,-1,-1,-1,-1,-1,-1,-1,-1,-1,0,0,0
1000,4,0,170,1,1,1,4330.58,18643.8,1314.81,46.3844,0.6264,1223.71,278289,71.772,23.1957,0.267264,48.3091,112.055,23.1887,0.0718272,88.7944,183.827,0,0,0
1000,4,0,171,1,1,1,4321.64,18642.9,1314.75,46.3844,0.482746,1223.79,278291,72.3929,23.1957,0.267264,48.9299,106.662,23.1887,0.0718272,83.4016,179.055,0,0,0
1000,4,0,172,1,1,1,4329.69,18667.6,1314.73,46.3844,0.6264,1223.63,278291,130.993,23.1957,0.267264,107.53,134.248,23.1887,0.0718272,110.988,265.241,0,0,0
1000,4,0,173,1,1,1,4330.92,18670.5,1314.96,46.3844,0.482746,1224,278287,79.5291,23.1957,0.267264,56.0661,128.771,23.1887,0.0718272,105.51,208.3,0,0,0
1000,4,0,174,1,1,1,4393.52,18710.3,1314.83,46.3844,0.517824,1223.83,278289,116.004,23.1957,0.267264,92.5411,126.721,23.1887,0.106906,103.426,242.726,0,0,0
1000,4,0,175,1,1,1,4318.54,18663.3,1314.74,46.3844,0.517824,1223.74,278291,135.383,23.1957,0.302342,111.885,73.7281,23.1887,0.0718272,50.4676,209.111,0,0,0
1000,4,0,176,1,1,1,4330.15,18657.1,1314.77,46.3844,0.517824,1223.77,278290,131.847,23.1957,0.302342,108.349,123.846,23.1887,0.0718272,100.585,255.693,0,0,0
1000,4,0,177,1,1,1,4318.15,18632.1,1314.84,46.3844,0.482746,1223.88,278289,69.4691,23.1957,0.267264,46.0062,119.687,23.1887,0.0718272,96.4269,189.156,0,0,0
1000,4,0,178,1,1,1,4316.94,24636.5,1320.4,52.1883,0.696557,1223.6,278290,281.353,28.9996,0.481075,251.795,73.3437,23.1887,0.0718272,50.0832,354.697,0,0,0
1000,4,0,179,1,1,1,4322.06,18638.1,1314.8,46.3844,0.517824,1223.8,278290,137.416,23.1957,0.267264,113.953,74.4093,23.1887,0.106906,51.1137,211.826,0,0,0
1000,4,0,180,1,1,1,4322.5,18640.6,1314.84,46.3844,0.482746,1223.88,278289,123.75,23.1957,0.267264,100.287,124.883,23.1887,0.0718272,101.623,248.634,0,0,0
1000,4,0,181,1,1,1,4323.31,18651.1,1314.68,46.3844,0.482746,1223.72,278292,126.725,23.1957,0.267264,103.262,98.8762,23.1887,0.0718272,75.6157,225.601,0,0,0
1000,4,0,182,1,1,1,4316.94,18648.2,1314.68,46.3844,0.482746,1223.72,278292,136.225,23.1957,0.267264,112.762,75.7603,23.1887,0.0718272,52.4998,211.985,0,0,0
1000,4,0,183,1,1,1,4327.27,18665.7,1314.65,46.3844,0.517824,1223.65,278292,127.751,23.1957,0.302342,104.252,112.921,23.1887,0.0718272,89.6607,240.672,0,0,0
1000,4,0,184,1,1,1,4387.71,18720,1314.87,46.3844,0.517824,1223.87,278288,88.6939,23.1957,0.267264,65.2309,131.246,23.1887,0.106906,107.951,219.94,0,0,0
1000,4,0,185,1,1,1,4316.42,18642.7,1314.85,46.3844,0.482746,1223.89,278289,133.283,23.1957,0.267264,109.82,122.414,23.1887,0.0718272,99.1539,255.698,0,0,0
1000,4,0,186,1,1,1,4320.14,18655.2,1314.46,46.3844,0.517824,1223.46,278296,125.195,23.1957,0.302342,101.697,77.8936,23.1887,0.0718272,54.6331,203.089,0,0,0
1000,4,0,187,1,1,1,4316.94,18632.4,1314.65,46.3844,0.482746,1223.69,278292,109.137,23.1957,0.267264,85.6739,124.851,23.1887,0.0718272,101.59,233.988,0,0,0
1000,4,0,188,1,1,1,4342.9,24673.5,1320.59,52.1883,0.927072,1223.56,278285,284.243,28.9996,0.71159,254.461,138.322,23.1887,0.0718272,115.061,422.565,0,0,0
1000,4,0,189,1,1,1,4331.25,18741,1314.53,46.3844,0.517824,1223.54,278294,137.119,23.1957,0.302342,113.621,74.8182,23.1887,0.0718272,51.5577,211.937,0,0,0
1000,4,0,190,1,1,1,4318.22,24634.3,1320.36,52.1883,0.536198,1223.71,278291,281.952,28.9996,0.320717,252.556,74.82,23.1887,0.0718272,51.5595,356.772,0,0,0
1000,4,0,191,1,1,1,4318.22,18644.8,1314.95,46.3844,0.678182,1223.79,278287,133.795,23.1957,0.462701,110.136,65.9855,23.1887,0.0718272,42.725,199.78,0,0,0
1000,4,0,192,1,1,1,4349.58,18667.3,1315.04,46.3844,0.482746,1224.08,278286,85.1637,23.1957,0.267264,61.7007,131.022,23.1887,0.0718272,107.761,216.185,0,0,0
1000,4,0,193,1,1,1,4379.21,18699.7,1314.71,46.3844,0.482746,1223.75,278291,98.2467,23.1957,0.267264,74.7837,132.933,23.1887,0.0718272,109.672,231.179,0,0,0
1000,4,0,194,1,1,1,4318.22,18631.1,1314.72,46.3844,0.482746,1223.76,278291,136.777,23.1957,0.267264,113.314,73.8166,23.1887,0.0718272,50.5561,210.594,0,0,0
1000,4,0,195,1,1,1,4353.55,18677.3,1315.09,46.3844,0.713261,1223.9,278284,104.004,23.1957,0.462701,80.3461,128.788,23.1887,0.106906,105.492,232.792,0,0,0
1000,4,0,196,0,0,0,-1,-1,1297.54,29.0099,0.870278,1223.04,278296,-1,-1,-1,-1,-1,-1,-1,-1,-1,0,0,0
1000,4,0,197,1,1,1,4343.8,18695.8,1314.97,46.3844,0.678182,1223.81,278286,125.474,23.1957,0.462701,101.816,103.792,23.1887,0.0718272,80.532,229.267,0,0,0
1000,4,0,198,1,1,1,4382.98,18719.9,1314.77,46.3844,0.482746,1223.81,278290,79.5652,23.1957,0.267264,56.1022,133.382,23.1887,0.0718272,110.122,212.947,0,0,0
1000,4,0,199,1,1,1,4319.82,18654.6,1314.77,46.3844,0.678182,1223.61,278290,137.729,23.1957,0.462701,114.071,73.6361,23.1887,0.0718272,50.3756,211.365,0,0,0
1000,4,0,200,1,1,1,4328.57,18646.4,1314.71,46.3952,0.50112,1223.72,278291,73.301,23.2065,0.285638,49.8089,108.415,23.1887,0.0718272,85.1541,181.716,0,0,0
1000,4,0,201,1,0,0,-1,-1,1292.19,23.1957,0.267264,1223.92,278293,-1,-1,-1,-1,-1,-1,-1,-1,-1,0,0,0
1000,4,0,202,1,0,0,-1,-1,1292.48,23.1957,0.462701,1224.02,278287,-1,-1,-1,-1,-1,-1,-1,-1,-1,0,0,0
1000,4,0,203,1,1,1,4352.42,18701.1,1314.69,46.3844,0.482746,1223.73,278292,137.223,23.1957,0.267264,113.76,126.704,23.1887,0.0718272,103.444,263.928,0,0,0
1000,4,0,204,1,1,1,4315.02,18628.5,1314.79,46.3844,0.482746,1223.83,278290,123.998,23.1957,0.267264,100.535,77.2818,23.1887,0.0718272,54.0213,201.279,0,0,0
1000,4,0,205,1,1,1,4335.6,24671.4,1320.38,52.1883,0.536198,1223.73,278290,271.682,28.9996,0.320717,242.253,81.6295,23.1887,0.0718272,58.369,353.311,0,0,0
1000,4,0,206,1,1,2,10351.1,24666.9,1337.19,69.5741,0.519494,1223.7,278291,78.1574,23.1957,0.267264,54.6945,302.85,46.3784,0.108576,256.363,381.007,1,0,0
1000,4,0,207,1,1,1,4362.09,18684.6,1314.67,46.3844,0.50112,1223.69,278292,112.979,23.1957,0.267264,89.5163,122.718,23.1887,0.0902016,99.4391,235.697,0,0,0
1000,4,0,208,1,1,1,4335.36,24648.9,1320.38,52.1883,0.696557,1223.58,278290,280.094,28.9996,0.481075,250.533,132.734,23.1887,0.0718272,109.474,412.829,0,0,0
1000,4,0,209,1,1,1,4319.29,18633.8,1314.72,46.3844,0.482746,1223.76,278291,95.886,23.1957,0.267264,72.423,133.294,23.1887,0.0718272,110.033,229.18,0,0,0
1000,4,0,210,1,1,1,4316.3,18659,1314.85,46.3844,0.482746,1223.89,278289,130.352,23.1957,0.267264,106.889,63.9335,23.1887,0.0718272,40.673,194.286,0,0,0
1000,4,0,211,1,1,1,4341.51,24703.4,1320.53,52.1883,0.927072,1223.49,278287,287.907,28.9996,0.71159,258.13,135.647,23.1887,0.0718272,112.387,423.554,0,0,0
1000,4,0,212,1,1,1,4322.09,18637.4,1314.73,46.3844,0.482746,1223.77,278291,72.743,23.1957,0.267264,49.2801,107.83,23.1887,0.0718272,84.5693,180.573,0,0,0
1000,4,0,213,1,1,1,4343.71,18664.3,1314.99,46.3844,0.770054,1223.74,278286,77.4157,23.1957,0.267264,53.9527,134.687,23.1887,0.0718272,111.427,212.103,0,0,0
1000,4,0,214,1,1,1,4317.26,18633,1314.59,46.3844,0.482746,1223.63,278293,72.9831,23.1957,0.267264,49.5201,125.363,23.1887,0.0718272,102.103,198.347,0,0,0
1000,4,0,215,1,1,1,4330.88,18670.6,1314.84,46.3844,0.482746,1223.88,278289,105.868,23.1957,0.267264,82.4054,128.155,23.1887,0.0718272,104.895,234.024,0,0,0
1000,4,0,216,1,1,2,10332.1,24675.1,1336.94,69.5741,0.733306,1223.24,278295,79.3349,23.1957,0.302342,55.8369,302.455,46.3784,0.143654,255.933,381.79,1,0,0
1000,4,0,217,1,1,1,4317.26,18671.9,1314.75,46.3844,0.482746,1223.79,278291,130.316,23.1957,0.267264,106.853,121.097,23.1887,0.0718272,97.8364,251.413,0,0,0
1000,4,0,218,1,1,1,4343.05,18666,1314.61,46.3844,0.661478,1223.46,278293,108.082,23.1957,0.302342,84.5838,122.548,23.1887,0.0718272,99.2875,230.63,0,0,0
1000,4,0,219,1,1,1,4316.94,18645.8,1314.94,46.3844,0.482746,1223.98,278287,139.089,23.1957,0.267264,115.626,71.196,23.1887,0.0718272,47.9355,210.285,0,0,0
1000,4,0,220,1,1,1,4323.91,18640.6,1314.71,46.3844,0.482746,1223.75,278291,73.0571,23.1957,0.267264,49.5941,109.035,23.1887,0.0718272,85.7749,182.092,0,0,0
1000,4,0,221,1,1,1,4343.85,18692.5,1314.6,46.3844,0.6264,1223.5,278293,130.856,23.1957,0.267264,107.393,132.453,23.1887,0.0718272,109.192,263.308,0,0,0
1000,4,0,222,1,1,1,4323.91,18646.7,1314.74,46.3844,0.678182,1223.58,278290,108.242,23.1957,0.462701,84.5838,121.122,23.1887,0.0718272,97.8617,229.364,0,0,0
1000,4,0,223,1,1,1,4315.66,18679,1314.77,46.3844,0.482746,1223.81,278290,135.418,23.1957,0.267264,111.955,74.1541,23.1887,0.0718272,50.8936,209.572,0,0,0
1000,4,0,224,1,1,1,4323.89,18637,1314.92,46.3844,0.482746,1223.96,278288,123.14,23.1957,0.267264,99.6773,138.529,23.1887,0.0718272,115.269,261.67,0,0,0
1000,4,0,225,1,1,1,4330.82,18654.7,1314.84,46.3844,0.482746,1223.88,278289,126.165,23.1957,0.267264,102.702,125.614,23.1887,0.0718272,102.354,251.779,0,0,0
1000,4,0,226,1,1,1,4328.99,18642.2,1314.84,46.3844,0.482746,1223.88,278289,69.5882,23.1957,0.267264,46.1253,104.487,23.1887,0.0718272,81.2268,174.076,0,0,0
1000,4,0,227,1,1,1,4356.06,18670.2,1314.74,46.3844,0.482746,1223.78,278291,102.647,23.1957,0.267264,79.1838,126.894,23.1887,0.0718272,103.633,229.541,0,0,0
1000,4,0,228,1,1,2,10350.1,24675.6,1337.12,69.5741,0.519494,1223.63,278292,68.8844,23.1957,0.267264,45.4214,290.754,46.3784,0.108576,244.267,359.638,1,0,0
1000,4,0,229,1,1,1,4316.62,18633.4,1314.98,46.3844,0.482746,1224.02,278287,135.133,23.1957,0.267264,111.67,74.7587,23.1887,0.0718272,51.4982,209.892,0,0,0
1000,4,0,230,1,1,1,4330.72,18658.2,1314.86,46.3844,0.482746,1223.9,278289,131.935,23.1957,0.267264,108.472,75.5383,23.1887,0.0718272,52.2778,207.473,0,0,0
1000,4,0,231,1,1,1,4322.06,18653.9,1314.71,46.3844,0.517824,1223.71,278291,128.451,23.1957,0.302342,104.953,76.8667,23.1887,0.0718272,53.6062,205.317,0,0,0
1000,4,0,232,1,1,1,4321.88,18673.8,1314.77,46.3844,0.482746,1223.81,278290,129.314,23.1957,0.267264,105.852,135.321,23.1887,0.0718272,112.06,264.635,0,0,0
1000,4,0,233,1,1,1,4334.84,18652.7,1314.76,46.3844,0.517824,1223.76,278290,97.2739,23.1957,0.267264,73.8109,133.477,23.1887,0.106906,110.181,230.751,0,0,0
1000,4,0,234,1,1,1,4321.54,18697.8,1314.69,46.3844,0.482746,1223.73,278292,122.85,23.1957,0.267264,99.3867,138.039,23.1887,0.0718272,114.778,260.888,0,0,0
1000,4,0,235,1,1,1,4341.42,18659.2,1315.15,46.3844,0.6264,1224.04,278283,133.04,23.1957,0.267264,109.577,123.773,23.1887,0.0718272,100.513,256.813,0,0,0
1000,4,0,236,1,1,1,4380.08,18697,1314.84,46.3844,0.482746,1223.88,278289,78.2423,23.1957,0.267264,54.7793,136.846,23.1887,0.0718272,113.585,215.088,0,0,0
1000,4,0,237,1,1,1,4349.02,18665,1314.82,46.3844,0.482746,1223.86,278289,88.7083,23.1957,0.267264,65.2453,129.865,23.1887,0.0718272,106.604,218.573,0,0,0
1000,4,0,238,1,1,1,4328.78,18669.1,1314.73,46.3844,0.517824,1223.73,278291,129.24,23.1957,0.267264,105.778,135.421,23.1887,0.106906,112.125,264.661,0,0,0
1000,4,0,239,1,1,1,4323.7,18638.5,1314.73,46.3844,0.482746,1223.76,278291,90.7224,23.1957,0.267264,67.2595,129.504,23.1887,0.0718272,106.243,220.226,0,0,0
1000,4,0,240,1,1,1,4316.62,18632.7,1314.71,46.3844,0.482746,1223.74,278291,127.948,23.1957,0.267264,104.485,137.479,23.1887,0.0718272,114.219,265.427,0,0,0
1000,4,0,241,1,1,1,4320.97,18637,1314.77,46.3844,0.482746,1223.81,278290,128.533,23.1957,0.267264,105.07,131.352,23.1887,0.0718272,108.091,259.885,0,0,0
1000,4,0,242,1,1,1,4366.09,18680.3,1314.82,46.3844,0.587981,1223.75,278289,72.1763,23.1957,0.267264,48.7134,113.472,23.1887,0.177062,90.1064,185.649,0,0,0
1000,4,0,243,1,0,0,-1,-1,1292.21,23.1957,0.302342,1223.92,278292,-1,-1,-1,-1,-1,-1,-1,-1,-1,0,0,0
1000,4,0,244,1,1,1,4352.14,18708.4,1315.04,46.3844,0.713261,1223.85,278285,125.765,23.1957,0.462701,102.107,103.443,23.1887,0.106906,80.1476,229.208,0,0,0
1000,4,0,245,1,1,1,4322.89,18669.8,1314.85,46.3844,0.678182,1223.69,278288,74.6296,23.1957,0.462701,50.9712,105.599,23.1887,0.0718272,82.3386,180.229,0,0,0
1000,4,0,246,1,1,1,4319.5,18649.9,1314.7,46.3844,0.678182,1223.54,278291,126.337,23.1957,0.462701,102.679,98.9159,23.1887,0.0718272,75.6554,225.253,0,0,0
1000,4,0,247,1,1,1,4319.18,18652.6,1314.63,46.3844,0.517824,1223.63,278293,116.088,23.1957,0.302342,92.5898,57.8098,23.1887,0.0718272,34.5493,173.898,0,0,0
1000,4,0,248,1,1,1,4342.05,18661.4,1314.75,46.3844,0.482746,1223.78,278291,127.058,23.1957,0.267264,103.596,123.602,23.1887,0.0718272,100.341,250.66,0,0,0
1000,4,0,249,1,1,1,4357.68,18684.2,1314.75,46.3844,0.482746,1223.79,278291,125.629,23.1957,0.267264,102.166,93.2362,23.1887,0.0718272,69.9757,218.865,0,0,0
1000,4,0,250,1,1,1,4320.21,18682.8,1314.72,46.3844,0.50112,1223.74,278291,131.024,23.1957,0.267264,107.561,124.725,23.1887,0.0902016,101.446,255.749,0,0,0
1000,4,0,251,1,1,1,4318.22,18644.6,1314.87,46.3844,0.482746,1223.91,278289,139.194,23.1957,0.267264,115.731,71.9576,23.1887,0.0718272,48.6971,211.152,0,0,0
1000,4,0,252,1,1,1,4321.15,18657.4,1314.82,46.3844,0.517824,1223.82,278289,132.878,23.1957,0.302342,109.38,123.734,23.1887,0.0718272,100.473,256.612,0,0,0
1000,4,0,253,1,1,1,4352.01,18678.5,1314.65,46.3844,0.517824,1223.65,278292,127.277,23.1957,0.267264,103.814,97.2581,23.1887,0.106906,73.9625,224.535,0,0,0
1000,4,0,254,1,1,1,4323.54,18638,1314.8,46.3844,0.517824,1223.8,278290,73.7952,23.1957,0.267264,50.3323,131.049,23.1887,0.106906,107.754,204.845,0,0,0
1000,4,0,255,1,1,1,4320.46,18659.3,1315.03,46.3844,0.678182,1223.88,278285,138.13,23.1957,0.462701,114.471,73.3997,23.1887,0.0718272,50.1391,211.529,0,0,0
1000,4,0,256,1,1,1,4328.14,18656.4,1314.77,46.3844,0.482746,1223.81,278290,73.2863,23.1957,0.267264,49.8233,109.095,23.1887,0.0718272,85.8345,182.381,0,0,0
1000,4,0,257,1,1,1,4347.9,18700.8,1314.49,46.3844,0.661478,1223.34,278295,127.102,23.1957,0.267264,103.639,135.332,23.1887,0.106906,112.037,262.434,0,0,0
1000,4,0,258,1,1,1,4318.53,18644.5,1314.75,46.3844,0.482746,1223.79,278291,120.336,23.1957,0.267264,96.8726,75.6232,23.1887,0.0718272,52.3627,195.959,0,0,0
1000,4,0,259,1,0,0,-1,-1,1292.3,23.1957,0.267264,1224.04,278291,-1,-1,-1,-1,-1,-1,-1,-1,-1,0,0,0
1000,4,0,260,1,1,1,4329.7,18654.2,1314.86,46.3844,0.482746,1223.9,278289,72.9379,23.1957,0.267264,49.475,107.947,23.1887,0.0718272,84.6866,180.885,0,0,0
1000,4,0,261,1,1,1,4332.42,18689.1,1314.89,46.3844,0.678182,1223.73,278288,104.694,23.1957,0.462701,81.0355,126.726,23.1887,0.0718272,103.466,231.42,0,0,0
1000,4,0,262,1,1,1,4323.14,18652.1,1314.58,46.3844,0.661478,1223.44,278293,127.769,23.1957,0.302342,104.271,136.066,23.1887,0.0718272,112.805,263.834,0,0,0
1000,4,0,263,1,1,1,4333.02,18644.3,1314.62,46.3844,0.6264,1223.52,278293,77.0493,23.1957,0.267264,53.5863,131.296,23.1887,0.0718272,108.035,208.345,0,0,0
1000,4,0,264,1,1,1,4334.09,30660.5,1326.11,57.9922,1.3714,1223,278286,426.672,34.8035,1.15592,390.232,85.8798,23.1887,0.0718272,62.6193,512.552,0,0,0
1000,4,0,265,1,1,1,4331.94,18665.5,1314.78,46.3844,0.6264,1223.67,278290,127.609,23.1957,0.267264,104.146,76.5472,23.1887,0.0718272,53.2867,204.156,0,0,0
1000,4,0,266,1,1,1,4317.58,18634,1314.72,46.3844,0.517824,1223.72,278291,74.3356,23.1957,0.302342,50.8376,105.088,23.1887,0.0718272,81.8278,179.424,0,0,0
1000,4,0,267,1,1,1,4324.23,30656,1326.22,57.9922,0.945446,1223.54,278285,430.899,34.8035,0.729965,394.896,98.4846,23.1887,0.0718272,75.2241,529.383,0,0,0
1000,4,0,268,1,1,1,4374.14,18688.3,1314.8,46.3844,0.517824,1223.8,278290,66.1302,23.1957,0.267264,42.6673,104.804,23.1887,0.106906,81.5084,170.934,0,0,0
1000,4,0,269,1,1,1,4328.01,18648.1,1314.9,46.3844,0.482746,1223.94,278288,73.3531,23.1957,0.267264,49.8901,124.394,23.1887,0.0718272,101.134,197.747,0,0,0
1000,4,0,270,1,1,1,4319.36,18658,1314.82,46.3844,0.517824,1223.82,278289,126.213,23.1957,0.302342,102.715,62.2496,23.1887,0.0718272,38.9891,188.462,0,0,0
1000,4,0,271,1,1,1,4324.04,18638,1314.77,46.3844,0.482746,1223.81,278290,130.114,23.1957,0.267264,106.651,125.656,23.1887,0.0718272,102.395,255.77,0,0,0
1000,4,0,272,1,1,1,4334.55,18677.2,1314.75,46.3844,0.482746,1223.79,278291,133.37,23.1957,0.267264,109.907,135.167,23.1887,0.0718272,111.907,268.537,0,0,0
1000,4,0,273,1,1,1,4318.86,18634,1314.67,46.3844,0.482746,1223.71,278292,134.658,23.1957,0.267264,111.196,74.9951,23.1887,0.0718272,51.7346,209.654,0,0,0
1000,4,0,274,1,1,1,4331.32,18652.8,1314.84,46.3844,0.6264,1223.73,278289,104.231,23.1957,0.267264,80.7684,125.744,23.1887,0.0718272,102.484,229.976,0,0,0
1000,4,0,275,1,1,1,4317.19,18648.1,1314.9,46.3844,0.517824,1223.9,278288,125.848,23.1957,0.302342,102.35,115.076,23.1887,0.0718272,91.8156,240.924,0,0,0
1000,4,0,276,1,1,1,4316.46,18644.9,1314.8,46.3844,0.482746,1223.84,278290,128.268,23.1957,0.267264,104.805,76.7728,23.1887,0.0718272,53.5123,205.041,0,0,0
1000,4,0,277,1,0,0,-1,-1,1292.28,23.1957,0.302342,1223.98,278291,-1,-1,-1,-1,-1,-1,-1,-1,-1,0,0,0
1000,4,0,278,1,1,1,4316.94,24693.3,1320.45,52.1883,0.536198,1223.81,278289,272.048,28.9996,0.320717,242.614,53.2635,23.1887,0.0718272,30.003,325.312,0,0,0
1000,4,0,279,1,1,2,10365,24694.5,1337.34,69.5741,0.519494,1223.85,278289,125.331,23.1957,0.267264,101.868,267.104,46.3784,0.108576,220.617,392.435,1,0,0
1000,4,0,280,1,1,1,4334.38,18661.7,1314.59,46.3844,0.696557,1223.41,278293,133.617,23.1957,0.267264,110.154,73.3363,23.1887,0.141984,50.0056,206.953,0,0,0
1000,4,0,281,1,1,1,4333.72,18658.4,1314.81,46.3844,0.482746,1223.85,278290,130.029,23.1957,0.267264,106.566,134.629,23.1887,0.0718272,111.369,264.658,0,0,0
1000,4,0,282,1,1,1,4335.75,18662.9,1314.73,46.3844,0.517824,1223.73,278291,67.4034,23.1957,0.302342,43.9054,103.401,23.1887,0.0718272,80.1403,170.804,0,0,0
1000,4,0,283,1,1,1,4357.34,18676.1,1314.77,46.3844,0.50112,1223.79,278290,90.9896,23.1957,0.267264,67.5266,131.769,23.1887,0.0902016,108.49,222.759,0,0,0
1000,4,0,284,1,1,1,4315.66,18709.3,1314.57,46.3952,0.571277,1223.51,278293,139.311,23.2065,0.355795,115.749,73.8671,23.1887,0.0718272,50.6066,213.178,0,0,0
1000,4,0,285,1,1,1,4333.43,18693.9,1314.85,46.3844,0.587981,1223.78,278288,127.293,23.1957,0.337421,103.76,135.625,23.1887,0.106906,112.329,262.917,0,0,0
1000,4,0,286,1,1,1,4332.04,18648.8,1314.73,46.3844,0.482746,1223.77,278291,88.073,23.1957,0.267264,64.61,128.157,23.1887,0.0718272,104.897,216.23,0,0,0
1000,4,0,287,1,1,1,4331.08,18685.5,1315.08,46.3844,0.873619,1223.73,278284,109.118,23.1957,0.658138,85.2642,121.543,23.1887,0.0718272,98.2822,230.661,0,0,0
1000,4,0,288,1,1,1,4320.11,24667.9,1320.66,52.1883,0.891994,1223.66,278285,281.547,28.9996,0.676512,251.789,129.105,23.1887,0.0718272,105.844,410.652,0,0,0
1000,4,0,289,1,1,1,4331.62,18677.7,1314.77,46.3844,0.482746,1223.81,278290,128.791,23.1957,0.267264,105.328,111.133,23.1887,0.0718272,87.8721,239.924,0,0,0
1000,4,0,290,1,1,1,4318.86,18661.2,1314.8,46.3844,0.517824,1223.8,278290,136.405,23.1957,0.302342,112.906,74.6468,23.1887,0.0718272,51.3863,211.051,0,0,0
1000,4,0,291,1,1,1,4317.58,18639.1,1314.94,46.3844,0.482746,1223.98,278287,135.768,23.1957,0.267264,112.305,70.7845,23.1887,0.0718272,47.524,206.553,0,0,0
1000,4,0,292,1,1,1,4314.95,18665.7,1314.79,46.3844,0.482746,1223.83,278290,106.695,23.1957,0.267264,83.232,51.576,23.1887,0.0718272,28.3155,158.271,0,0,0
1000,4,0,293,1,1,1,4335.88,18685,1314.9,46.3844,0.482746,1223.94,278288,125.093,23.1957,0.267264,101.63,125.764,23.1887,0.0718272,102.504,250.857,0,0,0
1000,4,0,294,1,1,1,4317.26,18656.9,1314.81,46.3844,0.517824,1223.81,278289,124.431,23.1957,0.302342,100.933,118.949,23.1887,0.0718272,95.6887,243.381,0,0,0
1000,4,0,295,1,1,1,4343.08,18672.8,1314.79,46.3844,0.482746,1223.83,278290,127.607,23.1957,0.267264,104.144,137.963,23.1887,0.0718272,114.702,265.57,0,0,0
1000,4,0,296,1,1,1,4313.1,24658.2,1320.3,52.1883,0.696557,1223.49,278291,280.724,28.9996,0.481075,251.16,60.0784,23.1887,0.0718272,36.8179,340.802,0,0,0
1000,4,0,297,1,1,1,4317.9,18638.6,1314.87,46.3844,0.482746,1223.91,278289,112.019,23.1957,0.267264,88.5561,121.326,23.1887,0.0718272,98.0656,233.345,0,0,0
1000,4,0,298,1,1,1,4320.83,18637.9,1314.75,46.3844,0.482746,1223.79,278291,73.1599,23.1957,0.267264,49.697,112.542,23.1887,0.0718272,89.2817,185.702,0,0,0
1000,4,0,299,1,1,1,4326.21,24671,1320.82,52.1883,0.766714,1223.94,278282,225.229,28.9996,0.551232,195.433,126.311,23.1887,0.0718272,103.05,351.54,0,0,0
1000,4,0,300,1,1,1,4313.74,18651.4,1314.72,46.3844,0.517824,1223.72,278291,136.645,23.1957,0.302342,113.147,75.9354,23.1887,0.0718272,52.6749,212.58,0,0,0
1000,4,0,301,1,1,1,4328.37,18733.1,1314.87,46.3844,0.482746,1223.91,278289,127.169,23.1957,0.267264,103.706,133.453,23.1887,0.0718272,110.192,260.621,0,0,0
1000,4,0,302,1,1,1,4316.62,18630.8,1314.9,46.3844,0.482746,1223.94,278288,69.5882,23.1957,0.267264,46.1253,103.874,23.1887,0.0718272,80.6132,173.462,0,0,0
1000,4,0,303,1,1,1,4313.42,18662.8,1314.76,46.3844,0.482746,1223.8,278290,133.902,23.1957,0.267264,110.439,123.636,23.1887,0.0718272,100.376,257.539,0,0,0
1000,4,0,304,1,1,1,4337.26,18660.7,1314.65,46.3844,0.482746,1223.69,278292,121.446,23.1957,0.267264,97.9826,77.9911,23.1887,0.0718272,54.7306,199.437,0,0,0
1000,4,0,305,1,1,1,4317.58,18663.2,1314.86,46.3844,0.482746,1223.9,278289,138.865,23.1957,0.267264,115.403,72.8131,23.1887,0.0718272,49.5526,211.679,0,0,0
1000,4,0,306,1,1,1,4317.7,18660.3,1314.63,46.3844,0.482746,1223.67,278293,122.976,23.1957,0.267264,99.5131,134.624,23.1887,0.0718272,111.363,257.6,0,0,0
1000,4,0,307,1,1,1,4335.36,18668.3,1314.81,46.3844,0.482746,1223.85,278290,125.331,23.1957,0.267264,101.868,90.1789,23.1887,0.0718272,66.9184,215.51,0,0,0
1000,4,0,308,1,1,1,4335.85,18655,1314.67,46.3844,0.50112,1223.68,278292,100.526,23.1957,0.267264,77.0632,129.888,23.1887,0.0902016,106.61,230.415,0,0,0
1000,4,0,309,1,1,1,4316.3,24656.4,1320.45,52.1883,0.927072,1223.42,278288,295.868,28.9996,0.71159,266.118,69.9615,23.1887,0.0718272,46.701,365.829,0,0,0
1000,4,0,310,1,1,1,4330.95,18647,1314.58,46.3844,0.587981,1223.52,278293,73.8963,23.1957,0.267264,50.4333,104.102,23.1887,0.177062,80.7359,177.998,0,0,0
1000,4,0,311,1,1,1,4325.77,30674.5,1326.04,57.9922,0.694886,1223.61,278288,443.187,34.8035,0.479405,407.468,72.7192,23.1887,0.0718272,49.4587,515.907,0,0,0
1000,4,0,312,1,1,1,4354.08,18680.9,1314.88,46.3844,0.517824,1223.88,278288,98.595,23.1957,0.267264,75.132,132.878,23.1887,0.106906,109.582,231.473,0,0,0
1000,4,0,313,1,1,1,4324.78,18680.6,1314.65,46.3844,0.482746,1223.69,278292,116.379,23.1957,0.267264,92.9165,125.549,23.1887,0.0718272,102.289,241.929,0,0,0
1000,4,0,314,1,1,1,4315.66,18646,1314.81,46.3844,0.482746,1223.85,278290,126.004,23.1957,0.267264,102.542,132.196,23.1887,0.0718272,108.936,258.201,0,0,0
1000,4,0,315,1,1,1,4328.97,18676.3,1314.73,46.3952,0.50112,1223.74,278291,126.247,23.2065,0.285638,102.754,126.963,23.1887,0.0718272,103.702,253.209,0,0,0
1000,4,0,316,1,1,1,4337.51,18719.9,1314.87,46.3844,0.482746,1223.91,278289,133.814,23.1957,0.267264,110.351,125.084,23.1887,0.0718272,101.823,258.898,0,0,0
1000,4,0,317,1,1,3,16328.2,30666,1360.06,92.7639,0.843552,1223.76,278283,78.9299,23.1957,0.267264,55.4669,466.721,69.5682,0.432634,396.72,545.651,2,0,0
1000,4,0,318,1,1,1,4322.22,18637.1,1314.77,46.3844,0.482746,1223.81,278290,105.197,23.1957,0.267264,81.734,126.107,23.1887,0.0718272,102.847,231.304,0,0,0
1000,4,0,319,1,1,1,4317.58,18647.8,1314.87,46.3844,0.482746,1223.91,278289,134.314,23.1957,0.267264,110.851,75.708,23.1887,0.0718272,52.4475,210.022,0,0,0
1000,4,0,320,1,1,1,4324.08,18690.9,1314.65,46.3844,0.678182,1223.49,278292,105.165,23.1957,0.462701,81.5066,126.84,23.1887,0.0718272,103.579,232.005,0,0,0
1000,4,0,321,1,1,1,4443.14,18849,1314.76,46.3844,0.517824,1223.77,278290,132.594,23.1957,0.267264,109.131,125.229,23.1887,0.106906,101.933,257.823,0,0,0
1000,4,0,322,1,1,1,4351.44,18716.1,1315.18,46.3844,0.943776,1223.76,278282,77.2883,23.1957,0.728294,53.3643,130.097,23.1887,0.0718272,106.837,207.386,0,0,0
1000,4,0,323,1,0,0,-1,-1,1292.08,23.1957,0.302342,1223.79,278295,-1,-1,-1,-1,-1,-1,-1,-1,-1,0,0,0
1000,4,0,324,1,1,1,4318.02,18645.8,1314.81,46.3844,0.482746,1223.85,278290,72.3532,23.1957,0.267264,48.8902,106.016,23.1887,0.0718272,82.7555,178.369,0,0,0
1000,4,0,325,1,1,1,4316.42,18675,1314.65,46.3844,0.552902,1223.61,278292,135.017,23.1957,0.337421,111.484,123.994,23.1887,0.0718272,100.733,259.011,0,0,0
1000,4,0,326,1,1,1,4322.41,18646.2,1314.94,46.3844,0.482746,1223.98,278287,131.274,23.1957,0.267264,107.812,123.315,23.1887,0.0718272,100.055,254.59,0,0,0
1000,4,0,327,1,1,1,4332.99,18663.6,1314.64,46.3844,0.517824,1223.64,278292,68.7498,23.1957,0.302342,45.2518,119.696,23.1887,0.0718272,96.4359,188.446,0,0,0
1000,4,0,328,1,1,1,4324.65,18649.6,1314.75,46.3844,0.482746,1223.79,278291,106.15,23.1957,0.267264,82.6869,126.322,23.1887,0.0718272,103.061,232.472,0,0,0
1000,4,0,329,1,1,2,10324.8,30646.5,1343.15,75.3781,0.572947,1223.98,278285,274.687,28.9996,0.320717,245.269,251.092,46.3784,0.108576,204.605,525.778,1,0,0
1000,4,0,330,1,1,1,4320.88,18673.2,1314.77,46.3844,0.482746,1223.81,278290,132.91,23.1957,0.267264,109.447,123.322,23.1887,0.0718272,100.062,256.232,0,0,0
1000,4,0,331,1,1,1,4320.84,18644.2,1314.98,46.3844,0.482746,1224.02,278287,134.66,23.1957,0.267264,111.197,74.2605,23.1887,0.0718272,51,208.921,0,0,0
1000,4,0,332,1,1,1,4408.03,24768.5,1320.31,52.1883,0.731635,1223.47,278291,278.459,28.9996,0.481075,248.886,134.699,23.1887,0.106906,111.403,413.158,0,0,0
1000,4,0,333,1,1,1,4366.29,18699.1,1314.74,46.3844,0.482746,1223.78,278291,130.307,23.1957,0.267264,106.844,123.387,23.1887,0.0718272,100.127,253.694,0,0,0
1000,4,0,334,1,1,1,4339.08,18669.3,1314.81,46.3844,0.482746,1223.85,278290,85.5138,23.1957,0.267264,62.0508,129.28,23.1887,0.0718272,106.019,214.794,0,0,0
1000,4,0,335,1,1,1,4326.38,18698.4,1314.96,46.3844,0.978854,1223.5,278285,128.739,23.1957,0.763373,104.779,137.421,23.1887,0.0718272,114.161,266.16,0,0,0
1000,4,0,336,1,1,1,4334.75,18648.6,1314.91,46.3844,0.6264,1223.8,278287,119.789,23.1957,0.267264,96.3258,123.97,23.1887,0.0718272,100.71,243.759,0,0,0
1000,4,0,337,1,1,1,4345.16,18706.8,1314.84,46.3844,0.517824,1223.84,278289,104.922,23.1957,0.302342,81.4236,128.334,23.1887,0.0718272,105.074,233.256,0,0,0
1000,4,0,338,1,1,1,4326.43,18698.5,1314.74,46.3844,0.805133,1223.45,278290,127.366,23.1957,0.302342,103.868,127.105,23.1887,0.0718272,103.845,254.471,0,0,0
1000,4,0,339,1,1,1,4329.07,18643.2,1314.61,46.3844,0.482746,1223.65,278293,72.1565,23.1957,0.267264,48.6935,112.279,23.1887,0.0718272,89.0182,184.435,0,0,0
1000,4,0,340,1,1,1,4325.93,18642.6,1314.8,46.3844,0.482746,1223.84,278290,76.6107,23.1957,0.267264,53.1478,131.164,23.1887,0.0718272,107.904,207.775,0,0,0
1000,4,0,341,1,1,1,4326.44,18649,1314.76,46.3844,0.6264,1223.65,278290,136.043,23.1957,0.267264,112.58,74.0025,23.1887,0.0718272,50.742,210.045,0,0,0
1000,4,0,342,1,1,1,4326.1,36717.6,1331.39,63.7961,1.03398,1222.99,278293,559.429,40.6075,0.818496,517.073,120.37,23.1887,0.0718272,97.1091,679.799,0,0,0
1000,4,0,343,1,1,1,4338.22,18656.7,1314.74,46.3844,0.6264,1223.63,278290,132.218,23.1957,0.267264,108.755,124.898,23.1887,0.0718272,101.637,257.116,0,0,0
1000,4,0,344,1,1,1,4322.18,18679.3,1314.89,46.3844,1.06906,1223.34,278287,131.61,23.1957,0.853574,107.561,76.1664,23.1887,0.0718272,52.9059,207.776,0,0,0
1000,4,0,345,1,1,1,4327.18,18644.5,1314.86,46.3844,0.517824,1223.86,278289,134.231,23.1957,0.267264,110.768,73.6585,23.1887,0.106906,50.3629,207.889,0,0,0
1000,4,0,346,1,1,1,4363.21,18698,1314.69,46.3844,0.6264,1223.59,278291,122.169,23.1957,0.267264,98.7063,138.502,23.1887,0.0718272,115.242,260.672,0,0,0
1000,4,0,347,1,1,1,4317.58,18676.1,1314.68,46.3844,0.587981,1223.61,278291,120.477,23.1957,0.372499,96.9087,75.8596,23.1887,0.0718272,52.5991,196.337,0,0,0
1000,4,0,348,1,1,1,4318.14,18635.8,1314.83,46.3844,0.482746,1223.87,278289,124.88,23.1957,0.267264,101.417,78.0687,23.1887,0.0718272,54.8082,202.949,0,0,0
1000,4,0,349,1,1,1,4331.91,18659,1314.76,46.3844,0.6264,1223.65,278290,105.677,23.1957,0.267264,82.2141,128.002,23.1887,0.0718272,104.742,233.679,0,0,0
1000,4,0,350,1,1,1,4320.14,18649,1314.81,46.3844,0.517824,1223.81,278289,112.55,23.1957,0.302342,89.0524,55.7902,23.1887,0.0718272,32.5297,168.341,0,0,0
1000,4,0,351,1,1,1,4315.66,18675.1,1314.65,46.3844,0.678182,1223.5,278292,138.377,23.1957,0.462701,114.719,73.5188,23.1887,0.0718272,50.2583,211.896,0,0,0
1000,4,0,352,1,1,1,4322.31,18637.8,1314.69,46.3844,0.517824,1223.69,278291,71.3678,23.1957,0.267264,47.9048,113.032,23.1887,0.106906,89.7365,184.4,0,0,0
1000,4,0,353,1,1,1,4326.87,18642.6,1314.75,46.3844,0.482746,1223.79,278291,77.2785,23.1957,0.267264,53.8155,131.951,23.1887,0.0718272,108.69,209.229,0,0,0
1000,4,0,354,1,1,1,4362.35,18704.2,1314.96,46.3844,0.482746,1224,278287,126.102,23.1957,0.267264,102.639,134.045,23.1887,0.0718272,110.784,260.146,0,0,0
1000,4,0,355,1,1,1,4318.32,18639.1,1314.79,46.3844,0.482746,1223.82,278290,106.502,23.1957,0.267264,83.0388,129.094,23.1887,0.0718272,105.833,235.596,0,0,0
1000,4,0,356,1,1,1,4328.14,18644.5,1314.99,46.3844,0.6264,1223.89,278286,70.7614,23.1957,0.267264,47.2984,119.104,23.1887,0.0718272,95.8439,189.866,0,0,0
1000,4,0,357,1,1,1,4336.95,18697,1314.81,46.3844,0.482746,1223.85,278290,108.628,23.1957,0.267264,85.1649,125.454,23.1887,0.0718272,102.193,234.082,0,0,0
1000,4,0,358,1,1,1,4344.59,18661,1315.02,46.3844,0.482746,1224.06,278286,77.3994,23.1957,0.267264,53.9364,134.882,23.1887,0.0718272,111.621,212.281,0,0,0
1000,4,0,359,1,1,1,4321.65,18701.4,1314.68,46.3844,0.748339,1223.45,278291,100.813,23.1957,0.532858,77.0848,130.608,23.1887,0.0718272,107.348,231.422,0,0,0
1000,4,0,360,1,0,0,-1,-1,1292.36,23.1957,0.267264,1224.1,278290,-1,-1,-1,-1,-1,-1,-1,-1,-1,0,0,0
1000,4,0,361,1,1,2,4352.34,18666.5,1337.16,69.5741,0.698227,1223.5,278291,108.032,23.1957,0.267264,84.5693,149.61,46.3784,0.287309,102.944,257.642,1,0,0
1000,4,0,362,1,1,1,4335.08,24674.7,1320.41,52.1883,0.571277,1223.73,278289,288.909,28.9996,0.355795,259.494,136.504,23.1887,0.0718272,113.244,425.413,0,0,0
1000,4,0,363,1,1,1,4331.58,18676,1314.88,46.3844,0.678182,1223.72,278288,106.472,23.1957,0.462701,82.8132,128.323,23.1887,0.0718272,105.063,234.795,0,0,0
1000,4,0,364,1,1,1,4327.34,24693.2,1320.41,52.1883,0.536198,1223.77,278290,285.468,28.9996,0.320717,256.074,134.207,23.1887,0.0718272,110.946,419.675,0,0,0
1000,4,0,365,1,1,1,4335.5,18650.3,1314.71,46.3844,0.6264,1223.61,278291,71.2902,23.1957,0.267264,47.8272,123.488,23.1887,0.0718272,100.228,194.778,0,0,0
1000,4,0,366,1,1,1,4367.5,18686.9,1315.04,46.3844,0.517824,1224.04,278285,128.329,23.1957,0.267264,104.866,136.87,23.1887,0.106906,113.574,265.199,0,0,0
1000,4,0,367,1,0,0,-1,-1,1292.63,23.1957,0.658138,1223.98,278284,-1,-1,-1,-1,-1,-1,-1,-1,-1,0,0,0
1000,4,0,368,1,1,1,4315.98,18635.4,1314.84,46.3844,0.482746,1223.88,278289,135.942,23.1957,0.267264,112.479,74.3057,23.1887,0.0718272,51.0452,210.247,0,0,0
1000,4,0,369,1,1,1,4327.49,18649.8,1315.04,46.3844,0.482746,1224.08,278285,131.022,23.1957,0.267264,107.559,120.743,23.1887,0.0718272,97.4827,251.765,0,0,0
1000,4,0,370,1,1,1,4343.62,18679.3,1314.6,46.3844,0.661478,1223.46,278293,107.305,23.1957,0.267264,83.842,128.793,23.1887,0.106906,105.498,236.098,0,0,0
1000,4,0,371,1,1,1,4329.03,18766,1314.99,46.3844,0.678182,1223.83,278286,124.126,23.1957,0.462701,100.468,137.663,23.1887,0.0718272,114.403,261.789,0,0,0
1000,4,0,372,0,0,0,-1,-1,1292.48,23.206,0.746669,1223.73,278286,-1,-1,-1,-1,-1,-1,-1,-1,-1,0,0,0
1000,4,0,373,1,1,2,10416.5,24731.6,1337.25,69.5741,0.554573,1223.73,278290,92.2385,23.1957,0.267264,68.7755,298.16,46.3784,0.143654,251.638,390.398,1,0,0
1000,4,0,374,1,1,1,4361.5,18679.8,1315.06,46.3844,0.482746,1224.1,278285,84.6331,23.1957,0.267264,61.1701,126.959,23.1887,0.0718272,103.698,211.592,0,0,0
1000,4,0,375,1,1,1,4340.41,18652,1315.04,46.3844,0.661478,1223.9,278285,69.6442,23.1957,0.267264,46.1812,120.103,23.1887,0.106906,96.8077,189.747,0,0,0
1000,4,0,376,1,1,1,4321.84,18719.9,1314.7,46.3844,0.587981,1223.63,278291,101.26,23.1957,0.337421,77.7273,129.456,23.1887,0.106906,106.16,230.716,0,0,0
1000,4,0,377,1,1,1,4317.38,18630.3,1314.73,46.3844,0.482746,1223.77,278291,77.0204,23.1957,0.267264,53.5574,132.362,23.1887,0.0718272,109.102,209.383,0,0,0
1000,4,0,378,1,1,1,4345.84,18661.3,1314.69,46.3844,0.552902,1223.65,278291,76.9284,23.1957,0.267264,53.4654,129.807,23.1887,0.141984,106.476,206.735,0,0,0
1000,4,0,379,1,1,1,4326.76,18640.6,1315.07,46.3844,0.482746,1224.11,278285,123.747,23.1957,0.267264,100.284,78.2492,23.1887,0.0718272,54.9886,201.996,0,0,0
1000,4,0,380,1,1,1,4335.21,18664.6,1315.03,46.4168,0.716602,1223.8,278285,77.2784,23.2281,0.357466,53.6928,129.24,23.1887,0.0718272,105.98,206.519,0,0,0
1000,4,0,381,1,1,1,4317.58,24631.5,1320.24,52.1883,0.83687,1223.3,278291,192.468,28.9996,0.621389,162.511,28.2634,23.1887,0.0718272,5.00291,220.731,0,0,0
1000,4,0,382,1,1,1,4356.45,18680.2,1314.76,46.3844,0.482746,1223.8,278290,72.7665,23.1957,0.267264,49.3035,109.23,23.1887,0.0718272,85.9698,181.997,0,0,0
1000,4,0,383,1,0,0,-1,-1,1292.3,23.1957,0.728294,1223.57,278290,-1,-1,-1,-1,-1,-1,-1,-1,-1,0,0,0
1000,4,0,384,1,1,1,4324.64,18650.8,1314.75,46.3844,0.517824,1223.75,278290,106.23,23.1957,0.302342,82.732,129.363,23.1887,0.0718272,106.102,235.593,0,0,0
1000,4,0,385,1,0,0,-1,-1,1292.35,23.1957,0.302342,1224.06,278290,-1,-1,-1,-1,-1,-1,-1,-1,-1,0,0,0
1000,4,0,386,1,1,1,4319.7,18716.9,1314.63,46.3844,0.783418,1223.37,278292,95.6939,23.1957,0.567936,71.9303,44.586,23.1887,0.0718272,21.3255,140.28,0,0,0
1000,4,0,387,1,1,1,4317.9,18654.9,1314.71,46.3844,0.482746,1223.74,278291,77.6972,23.1957,0.267264,54.2342,129.199,23.1887,0.0718272,105.938,206.896,0,0,0
1000,4,0,388,1,1,1,4333.87,18665.4,1314.77,46.3844,0.482746,1223.81,278290,133.119,23.1957,0.267264,109.656,121.873,23.1887,0.0718272,98.6125,254.992,0,0,0
1000,4,0,389,1,1,1,4350.27,18664.1,1314.86,46.3844,0.482746,1223.9,278289,77.0294,23.1957,0.267264,53.5665,134.057,23.1887,0.0718272,110.797,211.087,0,0,0
1000,4,0,390,1,1,2,10415.3,24759.3,1337.22,69.5849,0.572947,1223.67,278290,130.101,23.2065,0.320717,106.573,304.451,46.3784,0.108576,257.964,434.551,1,0,0
1000,4,0,391,1,1,1,4339.7,18688.4,1314.55,46.3844,0.552902,1223.52,278294,132.558,23.1957,0.302342,109.06,121.047,23.1887,0.106906,97.7516,253.606,0,0,0
1000,4,0,392,1,1,1,4325.7,18650.2,1315,46.3844,0.482746,1224.04,278286,70.7036,23.1957,0.267264,47.2406,119.458,23.1887,0.0718272,96.1976,190.162,0,0,0
1000,4,0,393,1,1,1,4331.76,18645,1315,46.3844,0.770054,1223.75,278285,111.171,23.1957,0.267264,87.7079,121.655,23.1887,0.0718272,98.3941,232.825,0,0,0
1000,4,0,394,1,1,1,4323.08,18645.1,1314.69,46.3844,0.482746,1223.73,278292,124.339,23.1957,0.267264,100.876,118.482,23.1887,0.0718272,95.2212,242.82,0,0,0
1000,4,0,395,1,1,1,4354.08,18720.3,1314.74,46.3844,0.6264,1223.63,278290,130.986,23.1957,0.267264,107.523,120.77,23.1887,0.0718272,97.5097,251.756,0,0,0
1000,4,0,396,1,1,1,4316.94,18631.4,1314.67,46.3844,0.482746,1223.71,278292,133.938,23.1957,0.267264,110.475,73.9212,23.1887,0.0718272,50.6607,207.86,0,0,0
1000,4,0,397,1,1,1,4328.07,18654.7,1314.72,46.3844,0.482746,1223.76,278291,137.398,23.1957,0.267264,113.935,74.7009,23.1887,0.0718272,51.4404,212.099,0,0,0
1000,4,0,398,1,1,1,4333.64,18661.6,1314.83,46.3844,0.517824,1223.83,278289,106.412,23.1957,0.302342,82.9143,51.0454,23.1887,0.0718272,27.7849,157.458,0,0,0
1000,4,0,399,1,1,1,4346.66,18664,1315.04,46.3844,0.913709,1223.64,278284,128.076,23.1957,0.267264,104.613,130.785,23.1887,0.0718272,107.525,258.861,0,0,0
1000,4,0,400,1,1,1,4339.29,18670.1,1314.81,46.3844,0.661478,1223.67,278289,123.655,23.1957,0.267264,100.192,85.7146,23.1887,0.106906,62.419,209.369,0,0,0
1000,4,0,401,1,1,1,4321.33,18770.8,1314.75,46.3844,1.17429,1223.09,278289,102.784,23.1957,0.95881,78.6297,46.7572,23.1887,0.0718272,23.4967,149.541,0,0,0
1000,4,0,402,1,1,1,4320.14,18641.2,1314.74,46.3844,0.517824,1223.74,278291,131.702,23.1957,0.267264,108.239,123.498,23.1887,0.106906,100.202,255.2,0,0,0
1000,4,0,403,1,1,1,4324.66,18648.7,1314.71,46.3844,0.482746,1223.74,278291,124.144,23.1957,0.267264,100.681,128.673,23.1887,0.0718272,105.413,252.817,0,0,0
1000,4,0,404,1,1,1,4318.63,18635.5,1314.73,46.3844,0.536198,1223.71,278291,131.36,23.1957,0.302342,107.862,123.566,23.1887,0.0902016,100.287,254.926,0,0,0
1000,4,0,405,1,1,1,4331.27,18672.2,1314.75,46.3844,0.482746,1223.79,278291,76.5782,23.1957,0.267264,53.1153,129.329,23.1887,0.0718272,106.068,205.907,0,0,0
1000,4,0,406,1,1,1,4317.58,18632.1,1314.72,46.3844,0.482746,1223.76,278291,74.4558,23.1957,0.267264,50.9928,104.446,23.1887,0.0718272,81.1853,178.902,0,0,0
1000,4,0,407,1,1,2,10351,24687.3,1337.26,69.5741,0.519494,1223.77,278290,69.9997,23.1957,0.267264,46.5368,288.614,46.3784,0.108576,242.127,358.613,1,0,0
1000,4,0,408,1,1,1,4317.26,18647.5,1314.75,46.3844,0.482746,1223.79,278291,137.344,23.1957,0.267264,113.881,67.7958,23.1887,0.0718272,44.5352,205.14,0,0,0
1000,4,0,409,1,1,1,4337.24,18654.2,1314.77,46.3844,0.517824,1223.77,278290,74.1028,23.1957,0.302342,50.6048,105.832,23.1887,0.0718272,82.5714,179.935,0,0,0
1000,4,0,410,1,1,1,4315.66,18648.9,1314.71,46.3844,0.482746,1223.75,278291,131.679,23.1957,0.267264,108.216,76.0112,23.1887,0.0718272,52.7507,207.69,0,0,0
1000,4,0,411,1,1,1,4345.72,18786.5,1314.99,46.3844,0.6264,1223.89,278286,139.824,23.1957,0.267264,116.361,74.3021,23.1887,0.0718272,51.0415,214.126,0,0,0
1000,4,0,412,1,1,1,4341.32,18668.7,1314.63,46.3844,0.517824,1223.63,278293,76.8317,23.1957,0.302342,53.3336,131.79,23.1887,0.0718272,108.53,208.622,0,0,0
1000,4,0,413,1,0,0,-1,-1,1297.89,28.9996,0.481075,1223.79,278291,-1,-1,-1,-1,-1,-1,-1,-1,-1,0,0,0
1000,4,0,414,1,1,1,4338.6,18682.1,1314.71,46.3844,0.661478,1223.57,278291,126.751,23.1957,0.302342,103.253,135.786,23.1887,0.0718272,112.526,262.537,0,0,0
1000,4,0,415,1,1,1,4321.48,18712.5,1314.81,46.3844,0.482746,1223.85,278290,137.487,23.1957,0.267264,114.024,73.7137,23.1887,0.0718272,50.4532,211.2,0,0,0
1000,4,0,416,1,1,1,4323.73,18639.8,1314.87,46.3844,0.482746,1223.91,278289,77.847,23.1957,0.267264,54.384,131.982,23.1887,0.0718272,108.721,209.829,0,0,0
1000,4,0,417,1,1,1,4317.26,18632.1,1315,46.3844,0.482746,1224.04,278286,112.144,23.1957,0.267264,88.6807,121.887,23.1887,0.0718272,98.6269,234.031,0,0,0
1000,4,0,418,1,1,1,4316.3,18632.8,1314.94,46.3844,0.482746,1223.98,278287,76.3364,23.1957,0.267264,52.8734,131.866,23.1887,0.0718272,108.606,208.203,0,0,0
1000,4,0,419,1,1,2,10335.3,24696.2,1337.28,69.5741,0.663149,1223.65,278289,130.625,23.1957,0.267264,107.162,306.721,46.3784,0.108576,260.234,437.346,1,0,0
1000,4,0,420,1,1,1,4335.12,18655.9,1314.96,46.3844,0.517824,1223.96,278287,132.96,23.1957,0.267264,109.497,122.466,23.1887,0.106906,99.1702,255.426,0,0,0
1000,4,0,421,1,1,1,4332.26,18664.3,1315.04,46.3844,1.10915,1223.45,278284,99.4889,23.1957,0.462701,75.8305,130.464,23.1887,0.0718272,107.203,229.953,0,0,0
1000,4,0,422,1,1,1,4332.14,18691.1,1315.08,46.3844,0.482746,1224.12,278285,126.836,23.1957,0.267264,103.374,119.139,23.1887,0.0718272,95.8782,245.975,0,0,0
1000,4,0,423,1,1,1,4336.94,18661.2,1314.71,46.3844,0.552902,1223.67,278291,78.317,23.1957,0.302342,54.819,133.498,23.1887,0.106906,110.203,211.816,0,0,0
1000,4,0,424,1,1,1,4316.62,24695.8,1325.94,57.9922,1.05068,1223.15,278290,262.702,34.8035,0.8352,227.064,43.763,23.1887,0.0718272,20.5025,306.465,0,0,0
1000,4,0,425,1,1,1,4324.4,18664.4,1314.65,46.3844,0.482746,1223.68,278293,134.938,23.1957,0.267264,111.475,76.0545,23.1887,0.0718272,52.794,210.993,0,0,0
1000,4,0,426,1,1,1,4331.94,18677.6,1314.95,46.3844,0.678182,1223.79,278287,133.502,23.1957,0.462701,109.844,122.395,23.1887,0.0718272,99.1341,255.897,0,0,0
1000,4,0,427,1,1,1,4338.59,18660.7,1315,46.3844,0.517824,1224,278286,96.9227,23.1957,0.302342,73.4247,134.03,23.1887,0.0718272,110.77,230.953,0,0,0
1000,4,0,428,1,1,1,4341.14,18677.3,1314.71,46.3844,0.517824,1223.71,278291,78.8332,23.1957,0.302342,55.3352,128.865,23.1887,0.0718272,105.604,207.698,0,0,0
1000,4,0,429,1,1,1,4318.73,18668.6,1314.84,46.3844,0.482746,1223.88,278289,116.675,23.1957,0.267264,93.2125,58.1437,23.1887,0.0718272,34.8832,174.819,0,0,0
1000,4,0,430,1,1,1,4315.66,18686.3,1314.78,46.3844,0.678182,1223.62,278290,139.272,23.1957,0.462701,115.614,73.7787,23.1887,0.0718272,50.5182,213.051,0,0,0
1000,4,0,431,1,1,1,4357.06,18716.8,1314.94,46.3844,0.517824,1223.94,278287,105.73,23.1957,0.302342,82.2321,126.204,23.1887,0.0718272,102.944,231.935,0,0,0
1000,4,0,432,1,1,1,4326.57,18657.5,1314.8,46.3844,0.6264,1223.69,278289,120.401,23.1957,0.267264,96.9376,125.647,23.1887,0.0718272,102.386,246.047,0,0,0
1000,4,0,433,1,1,1,4329.28,18695.2,1314.9,46.3844,0.873619,1223.55,278287,139.163,23.1957,0.658138,115.309,73.6595,23.1887,0.0718272,50.399,212.822,0,0,0
1000,4,0,434,1,1,1,4325.38,18644,1314.99,46.3844,0.571277,1223.94,278286,123.209,23.1957,0.267264,99.7459,85.9756,23.1887,0.160358,62.6266,209.184,0,0,0
1000,4,0,435,1,1,1,4327.11,18650.1,1315.02,46.3844,0.482746,1224.06,278286,132.072,23.1957,0.267264,108.609,64.9315,23.1887,0.0718272,41.671,197.004,0,0,0
1000,4,0,436,1,1,1,4331.98,18647.4,1314.75,46.3844,0.482746,1223.79,278291,134.222,23.1957,0.267264,110.759,135.705,23.1887,0.0718272,112.444,269.927,0,0,0
1000,4,0,437,1,1,1,4350.24,18665,1314.77,46.3844,0.517824,1223.77,278290,85.1799,23.1957,0.267264,61.7169,130.131,23.1887,0.106906,106.835,215.311,0,0,0
1000,4,0,438,1,1,1,4325,18640.1,1314.59,46.3844,0.482746,1223.63,278293,69.4691,23.1957,0.267264,46.0062,119.586,23.1887,0.0718272,96.3258,189.055,0,0,0
1000,4,0,439,1,1,1,4375.06,18690.2,1314.86,46.3844,0.482746,1223.9,278289,117.572,23.1957,0.267264,94.1095,125.47,23.1887,0.0718272,102.209,243.042,0,0,0
1000,4,0,440,1,1,1,4337.83,18656.2,1314.73,46.3844,0.482746,1223.76,278291,72.5156,23.1957,0.267264,49.0527,108.481,23.1887,0.0718272,85.2209,180.997,0,0,0
1000,4,0,441,1,1,1,4315.66,18651.3,1314.67,46.3844,0.482746,1223.71,278292,136.759,23.1957,0.267264,113.296,74.4067,23.1887,0.0718272,51.1462,211.166,0,0,0
1000,4,0,442,1,1,1,4334.16,18654.1,1314.79,46.3844,0.517824,1223.79,278290,76.5331,23.1957,0.267264,53.0701,129.918,23.1887,0.106906,106.622,206.451,0,0,0
1000,4,0,443,1,0,0,-1,-1,1292.05,23.1957,0.337421,1223.71,278295,-1,-1,-1,-1,-1,-1,-1,-1,-1,0,0,0
1000,4,0,444,1,1,1,4330.07,24672.2,1320.49,52.1883,0.696557,1223.69,278288,285.919,28.9996,0.481075,256.37,74.3779,23.1887,0.0718272,51.1174,360.297,0,0,0
1000,4,0,445,1,1,1,4379.5,18735.4,1314.58,46.3844,0.783418,1223.32,278292,128.346,23.1957,0.532858,104.617,136.908,23.1887,0.106906,113.612,265.253,0,0,0
1000,4,0,446,1,1,1,4317.16,18637.4,1315.04,46.3844,0.482746,1224.08,278285,86.8024,23.1957,0.267264,63.3395,126.309,23.1887,0.0718272,103.049,213.112,0,0,0
1000,4,0,447,1,1,1,4419.68,24739.4,1320.57,52.1883,0.50112,1223.96,278287,276.751,28.9996,0.285638,247.375,135.535,23.1887,0.0718272,112.275,412.287,0,0,0
1000,4,0,448,1,1,1,4321.67,18643.7,1314.72,46.3844,0.482746,1223.76,278291,132.948,23.1957,0.267264,109.485,74.3815,23.1887,0.0718272,51.121,207.329,0,0,0
1000,4,0,449,1,1,1,4350.94,18691.8,1314.75,46.3844,0.482746,1223.79,278291,129.887,23.1957,0.267264,106.424,133.22,23.1887,0.0718272,109.959,263.106,0,0,0
1000,4,0,450,1,0,0,-1,-1,1292.39,23.1957,0.302342,1224.09,278289,-1,-1,-1,-1,-1,-1,-1,-1,-1,0,0,0
1000,4,0,451,1,1,1,4315.66,24645,1320.26,52.1883,0.571277,1223.58,278292,183.386,28.9996,0.355795,153.666,26.7546,23.1887,0.0718272,3.49409,210.14,0,0,0
1000,4,0,452,1,1,1,4329.64,18642.2,1314.67,46.3844,0.482746,1223.7,278292,74.1995,23.1957,0.267264,50.7365,130.606,23.1887,0.0718272,107.346,204.806,0,0,0
1000,4,0,453,1,1,1,4315.34,18651.5,1314.73,46.3844,0.482746,1223.76,278291,134.931,23.1957,0.267264,111.468,75.255,23.1887,0.0718272,51.9945,210.186,0,0,0
1000,4,0,454,1,1,1,4316.3,18659.2,1314.71,46.3844,0.748339,1223.48,278290,125.135,23.1957,0.532858,101.406,133.779,23.1887,0.0718272,110.519,258.914,0,0,0
1000,4,0,455,1,1,1,4319.53,18643.8,1314.98,46.3844,0.482746,1224.02,278287,121.002,23.1957,0.267264,97.5386,75.2658,23.1887,0.0718272,52.0053,196.267,0,0,0
1000,4,0,456,1,1,1,4320.56,18706.8,1314.95,46.3844,0.748339,1223.72,278286,137.958,23.1957,0.532858,114.229,69.55,23.1887,0.0718272,46.2895,207.508,0,0,0
1000,4,0,457,1,1,1,4316.3,30654.4,1326.38,57.9922,0.820166,1223.82,278282,401.624,34.8035,0.604685,365.66,41.3645,23.1887,0.0718272,18.1039,442.988,0,0,0
1000,4,0,458,1,1,1,4316.3,18629.7,1314.74,46.3844,0.482746,1223.78,278291,67.686,23.1957,0.267264,44.223,102.471,23.1887,0.0718272,79.2109,170.157,0,0,0
1000,4,0,459,1,1,1,4326.41,24703.1,1320.45,52.1883,0.571277,1223.77,278289,279.015,28.9996,0.320717,249.6,58.5704,23.1887,0.106906,35.2748,337.585,0,0,0
1000,4,0,460,1,1,1,4318.19,18649.8,1314.66,46.3844,0.678182,1223.5,278292,121.675,23.1957,0.462701,98.0169,60.665,23.1887,0.0718272,37.4045,182.34,0,0,0
1000,4,0,461,1,1,1,4317.7,18662.3,1314.75,46.3844,0.482746,1223.79,278291,135.79,23.1957,0.267264,112.327,123.894,23.1887,0.0718272,100.634,259.684,0,0,0
1000,4,0,462,1,1,1,4317.9,18692.7,1314.87,46.3844,0.482746,1223.91,278289,122.691,23.1957,0.267264,99.2279,135.573,23.1887,0.0718272,112.313,258.264,0,0,0
1000,4,0,463,1,1,1,4334.74,18674.6,1314.83,46.3844,0.50112,1223.85,278289,126.921,23.1957,0.267264,103.458,133.935,23.1887,0.0902016,110.656,260.856,0,0,0
1000,4,0,464,1,1,1,4314.38,18645.2,1314.96,46.3844,0.482746,1224,278287,122.056,23.1957,0.267264,98.5926,75.9805,23.1887,0.0718272,52.72,198.036,0,0,0
1000,4,0,465,1,1,1,4318.02,18670.3,1314.79,46.3844,0.482746,1223.83,278290,138.907,23.1957,0.267264,115.444,73.3906,23.1887,0.0718272,50.1301,212.298,0,0,0
1000,4,0,466,1,1,1,4328.17,18664,1314.85,46.3844,0.6264,1223.74,278288,136.96,23.1957,0.267264,113.497,74.0151,23.1887,0.0718272,50.7546,210.975,0,0,0
1000,4,0,467,1,1,1,4381.98,18749,1314.94,46.3844,0.713261,1223.75,278287,127.63,23.1957,0.497779,103.937,95.18,23.1887,0.0718272,71.9195,222.81,0,0,0
1000,4,0,468,1,0,0,-1,-1,1292.3,23.1957,0.267264,1224.04,278291,-1,-1,-1,-1,-1,-1,-1,-1,-1,0,0,0
1000,4,0,469,1,1,2,10330.5,24650.4,1337.41,69.5741,0.663149,1223.78,278287,121.431,23.1957,0.267264,97.9682,289.4,46.3784,0.108576,242.913,410.832,1,0,0
1000,4,0,470,1,1,1,4380.6,18697.3,1314.46,46.3844,0.517824,1223.46,278296,75.7246,23.1957,0.267264,52.2616,132.159,23.1887,0.106906,108.864,207.884,0,0,0
1000,4,0,471,1,1,1,4320.89,18676.9,1314.79,46.3844,0.873619,1223.44,278289,126.912,23.1957,0.658138,103.058,77.9676,23.1887,0.0718272,54.7071,204.879,0,0,0
1000,4,0,472,1,1,1,4317.9,18670,1314.74,46.3844,0.517824,1223.74,278291,138.87,23.1957,0.302342,115.372,74.0151,23.1887,0.0718272,50.7546,212.885,0,0,0
1000,4,0,473,1,1,1,4321.93,18648.6,1314.81,46.3844,0.517824,1223.81,278289,134.309,23.1957,0.302342,110.811,75.2315,23.1887,0.0718272,51.971,209.541,0,0,0
1000,4,0,474,1,1,1,4321.08,24703.3,1320.41,52.1883,1.31795,1222.98,278288,281.204,28.9996,1.10246,251.013,136.106,23.1887,0.0718272,112.845,417.309,0,0,0
1000,4,0,475,1,1,1,4324.35,18644.3,1314.72,46.3844,0.50112,1223.74,278291,130.424,23.1957,0.267264,106.961,126.243,23.1887,0.0902016,102.964,256.667,0,0,0
1000,4,0,476,1,1,1,4338.11,18668.6,1315,46.3844,0.6264,1223.9,278286,128.389,23.1957,0.267264,104.926,138.044,23.1887,0.0718272,114.783,266.433,0,0,0
1000,4,0,477,1,1,2,4402.95,18733.4,1337.26,69.5741,0.75168,1223.54,278289,116.582,23.1957,0.267264,93.1187,150.266,46.3784,0.340762,103.547,266.848,1,0,0
1000,4,0,478,1,1,1,4337.74,18656.8,1314.71,46.3844,0.517824,1223.72,278291,105.009,23.1957,0.267264,81.5463,126.231,23.1887,0.106906,102.935,231.24,0,0,0
1000,4,0,479,1,1,1,4323.66,18645.1,1314.68,46.3844,0.482746,1223.72,278292,123.904,23.1957,0.267264,100.441,128.502,23.1887,0.0718272,105.241,252.406,0,0,0
1000,4,0,480,1,1,1,4322.15,18652,1314.64,46.3844,0.696557,1223.46,278292,130.724,23.1957,0.337421,107.191,75.7712,23.1887,0.0718272,52.5107,206.495,0,0,0
1000,4,0,481,1,1,1,4328.4,18695.9,1314.71,46.3844,0.482746,1223.75,278291,111.71,23.1957,0.267264,88.2475,54.3789,23.1887,0.0718272,31.1184,166.089,0,0,0
1000,4,0,482,0,0,0,-1,-1,1292.42,23.206,0.746669,1223.67,278288,-1,-1,-1,-1,-1,-1,-1,-1,-1,0,0,0
1000,4,0,483,1,0,0,-1,-1,1292.63,23.1957,0.658138,1223.98,278284,-1,-1,-1,-1,-1,-1,-1,-1,-1,0,0,0
1000,4,0,484,1,1,1,4333.46,18653.2,1314.87,46.3844,0.482746,1223.91,278289,128.396,23.1957,0.267264,104.933,122.277,23.1887,0.0718272,99.0167,250.673,0,0,0
1000,4,0,485,1,1,1,4327.14,18643.9,1314.75,46.3844,0.482746,1223.79,278291,125.535,23.1957,0.267264,102.072,132.918,23.1887,0.0718272,109.658,258.454,0,0,0
1000,4,0,486,1,1,2,10339.8,24653.9,1337.16,69.5741,0.519494,1223.67,278292,71.5158,23.1957,0.267264,48.0528,287.662,46.3784,0.108576,241.175,359.178,1,0,0
1000,4,0,487,1,1,1,4343.51,18757.9,1315.04,46.3844,1.06906,1223.49,278284,134.808,23.1957,0.853574,110.759,121.947,23.1887,0.0718272,98.6865,256.755,0,0,0
1000,4,0,488,1,1,2,4391.67,18739.2,1337.31,69.5741,0.912038,1223.43,278287,129.051,23.1957,0.267264,105.588,160.456,46.3784,0.50112,113.576,289.507,1,0,0
1000,4,0,489,1,1,1,4404.92,18723.4,1314.9,46.3844,0.482746,1223.94,278288,126.151,23.1957,0.267264,102.688,97.14,23.1887,0.0718272,73.8795,223.291,0,0,0
1000,4,0,490,1,1,1,4327.43,18646.8,1314.79,46.3844,0.482746,1223.83,278290,96.7144,23.1957,0.267264,73.2514,133.164,23.1887,0.0718272,109.903,229.878,0,0,0
1000,4,0,491,1,1,1,4320.9,18644.1,1314.77,46.3844,0.517824,1223.77,278290,128.323,23.1957,0.302342,104.825,137.024,23.1887,0.0718272,113.764,265.347,0,0,0
1000,4,0,492,1,1,1,4320.38,18671,1314.65,46.3844,0.50112,1223.67,278292,123.813,23.1957,0.267264,100.35,81.4259,23.1887,0.0902016,58.147,205.239,0,0,0
1000,4,0,493,1,1,1,4331.07,18715.7,1314.51,46.3844,0.552902,1223.47,278295,131.617,23.1957,0.337421,108.084,124.438,23.1887,0.0718272,101.177,256.055,0,0,0
1000,4,0,494,1,1,1,4316.3,18635,1314.73,46.3844,0.482746,1223.77,278291,69.646,23.1957,0.267264,46.183,120.969,23.1887,0.0718272,97.7083,190.615,0,0,0
1000,4,0,495,1,1,1,4317.26,24685.9,1320.62,52.1991,0.945446,1223.56,278285,273.563,29.0104,0.729965,243.715,77.8611,23.1887,0.0718272,54.6006,351.424,0,0,0
1000,4,0,496,1,1,1,4396.92,30721.5,1325.89,57.9922,0.945446,1223.21,278291,395.226,34.8035,0.729965,359.121,128.163,23.1887,0.0718272,104.902,523.389,0,0,0
1000,4,0,497,1,1,1,4324.07,18638.9,1314.75,46.3844,0.482746,1223.79,278291,76.5295,23.1957,0.267264,53.0665,134.974,23.1887,0.0718272,111.714,211.504,0,0,0
1000,4,0,498,1,1,1,4318.54,24709.4,1320.46,52.1883,1.03231,1223.32,278287,257.06,28.9996,0.816826,227.084,43.5465,23.1887,0.0718272,20.286,300.606,0,0,0
1000,4,0,499,1,1,1,4363.74,18689.7,1314.86,46.3844,0.6264,1223.75,278288,127.239,23.1957,0.267264,103.776,138.465,23.1887,0.0718272,115.204,265.703,0,0,0
1000,4,0,500,1,1,1,4316.87,18637.4,1314.67,46.3844,0.482746,1223.71,278292,73.2863,23.1957,0.267264,49.8233,108.978,23.1887,0.0718272,85.7172,182.264,0,0,0
1000,4,0,501,1,1,1,4317.26,18706.5,1314.73,46.3844,0.482746,1223.77,278291,111.886,23.1957,0.267264,88.4226,54.2616,23.1887,0.0718272,31.001,166.147,0,0,0
1000,4,0,502,1,1,1,4314.38,18638.7,1315.26,46.3844,0.678182,1224.1,278281,102.317,23.1957,0.462701,78.6586,47.8112,23.1887,0.0718272,24.5507,150.128,0,0,0
1000,4,0,503,1,1,1,4317.26,18667.5,1314.67,46.3844,0.482746,1223.71,278292,137.46,23.1957,0.267264,113.997,73.6974,23.1887,0.0718272,50.4369,211.157,0,0,0
1000,4,0,504,1,1,1,4353.39,18681.6,1315.06,46.3844,0.482746,1224.1,278285,124.815,23.1957,0.267264,101.352,103.379,23.1887,0.0718272,80.1187,228.194,0,0,0
1000,4,0,505,1,1,1,4325.26,18657.3,1314.76,46.3844,0.6264,1223.65,278290,67.6806,23.1957,0.267264,44.2176,102.825,23.1887,0.0718272,79.5646,170.506,0,0,0
1000,4,0,506,1,0,0,-1,-1,1292.22,23.1957,0.267264,1223.95,278293,-1,-1,-1,-1,-1,-1,-1,-1,-1,0,0,0
1000,4,0,507,1,1,1,4322.11,24657.5,1320.74,52.1883,1.39311,1223.24,278281,254.906,28.9996,0.746669,225.003,126.558,23.1887,0.0718272,103.298,381.464,0,0,0
1000,4,0,508,1,1,1,4327.91,18646.4,1314.56,46.3844,0.661478,1223.41,278293,90.0699,23.1957,0.302342,66.5719,128.479,23.1887,0.0718272,105.218,218.548,0,0,0
1000,4,0,509,1,1,2,10335.1,24661,1337.21,69.5741,0.519494,1223.72,278291,108.529,23.1957,0.267264,85.0656,288.48,46.3784,0.108576,241.993,397.009,1,0,0
1000,4,0,510,1,1,1,4317.26,18630.8,1314.73,46.3844,0.482746,1223.77,278291,72.882,23.1957,0.267264,49.419,108.978,23.1887,0.0718272,85.7172,181.86,0,0,0
1000,4,0,511,1,1,1,4368.46,18681.7,1314.75,46.3844,0.482746,1223.79,278291,65.901,23.1957,0.267264,42.4381,104.973,23.1887,0.0718272,81.7123,170.874,0,0,0
1000,4,0,512,1,1,1,4323.18,18643.1,1314.75,46.3844,0.482746,1223.79,278291,67.7022,23.1957,0.267264,44.2393,102.553,23.1887,0.0718272,79.2921,170.255,0,0,0
1000,4,0,513,1,1,1,4357.03,18693.4,1314.94,46.3844,0.517824,1223.94,278287,130.713,23.1957,0.267264,107.25,136.175,23.1887,0.106906,112.879,266.888,0,0,0
1000,4,0,514,1,1,1,4346.85,18671.8,1314.67,46.3844,0.482746,1223.71,278292,109.548,23.1957,0.267264,86.0854,125.248,23.1887,0.0718272,101.987,234.796,0,0,0
1000,4,0,515,1,1,1,4318.86,18695.3,1320.29,52.1883,0.571277,1223.61,278291,139.488,28.9996,0.355795,110.133,75.4156,23.1887,0.0718272,52.1551,214.904,0,0,0
1000,4,0,516,1,1,1,4371.95,18721.4,1314.64,46.3844,1.00057,1223.16,278291,128.7,23.1957,0.462701,105.041,135.588,23.1887,0.106906,112.293,264.288,0,0,0
1000,4,0,517,1,1,1,4324.36,18689.5,1314.66,46.3844,0.587981,1223.59,278292,126.447,23.1957,0.372499,102.879,125.676,23.1887,0.0718272,102.415,252.123,0,0,0
1000,4,0,518,1,1,1,4324.69,18759.3,1314.71,46.3844,0.748339,1223.48,278290,123.723,23.1957,0.497779,100.029,137.823,23.1887,0.106906,114.527,261.545,0,0,0
1000,4,0,519,1,1,1,4334.36,18698.5,1314.86,46.3844,0.661478,1223.72,278288,105.102,23.1957,0.302342,81.604,126.542,23.1887,0.0718272,103.281,231.644,0,0,0
1000,4,0,520,1,1,1,4317.93,18638.6,1314.75,46.3844,0.482746,1223.79,278291,76.3544,23.1957,0.267264,52.8915,135.57,23.1887,0.0718272,112.309,211.924,0,0,0
1000,4,0,521,1,1,1,4358.48,18672.6,1314.68,46.3844,0.552902,1223.65,278291,122.149,23.1957,0.267264,98.6865,81.2611,23.1887,0.141984,57.9305,203.411,0,0,0
1000,4,0,522,1,1,1,4356.87,18676.2,1314.65,46.3844,0.552902,1223.61,278292,96.7314,23.1957,0.302342,73.2334,134.305,23.1887,0.106906,111.01,231.037,0,0,0
1000,4,0,523,1,1,1,4346.06,18680.1,1314.71,46.3844,0.517824,1223.71,278291,136.312,23.1957,0.302342,112.814,127.71,23.1887,0.0718272,104.449,264.022,0,0,0
1000,4,0,524,1,0,0,-1,-1,1292.49,23.1957,0.267264,1224.23,278288,-1,-1,-1,-1,-1,-1,-1,-1,-1,0,0,0
1000,4,0,525,1,1,1,4317.69,18648.4,1314.81,46.3844,0.678182,1223.66,278289,102.871,23.1957,0.462701,79.2127,127.459,23.1887,0.0718272,104.198,230.33,0,0,0
1000,4,0,526,1,1,1,4315.66,24654,1320.51,52.1883,0.927072,1223.48,278287,297.359,28.9996,0.71159,267.614,67.2814,23.1887,0.0718272,44.0209,364.641,0,0,0
1000,4,0,527,1,1,1,4318.54,18729.9,1315,46.3844,0.482746,1224.04,278286,135.523,23.1957,0.267264,112.06,75.5383,23.1887,0.0718272,52.2778,211.061,0,0,0
1000,4,0,528,1,1,1,4318.54,18638.1,1314.74,46.3844,0.482746,1223.78,278291,72.4597,23.1957,0.267264,48.9967,108.943,23.1887,0.0718272,85.6829,181.403,0,0,0
1000,4,0,529,1,1,1,4316.62,18633,1314.71,46.3844,0.482746,1223.75,278291,77.2243,23.1957,0.267264,53.7614,134.146,23.1887,0.0718272,110.885,211.37,0,0,0
1000,4,0,530,1,1,1,4352.47,18819,1314.8,46.3844,0.696557,1223.63,278289,141.266,23.1957,0.337421,117.733,74.6305,23.1887,0.0718272,51.37,215.896,0,0,0
1000,4,0,531,1,1,1,4331.15,18695.6,1314.85,46.3844,0.748339,1223.63,278288,131.008,23.1957,0.462701,107.35,132.687,23.1887,0.141984,109.356,263.695,0,0,0
1000,4,0,532,1,1,1,4332.16,18651.2,1314.65,46.3844,0.482746,1223.69,278292,72.3315,23.1957,0.267264,48.8686,112.528,23.1887,0.0718272,89.2672,184.859,0,0,0
1000,4,0,533,1,1,1,4318.86,18643.3,1314.92,46.3844,0.517824,1223.93,278287,134.481,23.1957,0.302342,110.983,75.4716,23.1887,0.0718272,52.2111,209.952,0,0,0
1000,4,0,534,1,1,1,4342.93,18655.8,1314.67,46.3844,0.482746,1223.71,278292,73.3188,23.1957,0.267264,49.8558,131.756,23.1887,0.0718272,108.496,205.075,0,0,0
1000,4,0,535,1,1,1,4353.32,18674.6,1314.93,46.3844,0.6264,1223.82,278287,82.1641,23.1957,0.267264,58.7011,128.338,23.1887,0.0718272,105.077,210.502,0,0,0
1000,4,0,536,1,1,1,4324.14,18679.6,1315.04,46.3844,0.482746,1224.08,278286,105,23.1957,0.267264,81.5373,127.984,23.1887,0.0718272,104.724,232.984,0,0,0
1000,4,0,537,1,1,1,4333.1,18658.9,1314.71,46.3844,0.482746,1223.75,278291,137.707,23.1957,0.267264,114.244,74.8796,23.1887,0.0718272,51.6191,212.586,0,0,0
1000,4,0,538,1,1,1,4356.71,18695.4,1314.81,46.3844,0.517824,1223.81,278289,124.7,23.1957,0.302342,101.202,130.02,23.1887,0.0718272,106.759,254.72,0,0,0
1000,4,0,539,1,1,1,4360.63,18676.4,1314.73,46.3844,0.770054,1223.48,278290,70.6278,23.1957,0.267264,47.1648,120.783,23.1887,0.0718272,97.5224,191.411,0,0,0
1000,4,0,540,1,1,1,4317.26,18633.7,1314.65,46.3844,0.482746,1223.69,278292,73.1112,23.1957,0.267264,49.6482,107.462,23.1887,0.0718272,84.2011,180.573,0,0,0
1000,4,0,541,1,1,1,4318.54,18655,1314.69,46.3844,0.517824,1223.69,278292,113.271,23.1957,0.302342,89.7726,55.7325,23.1887,0.0718272,32.472,169.003,0,0,0
1000,4,0,542,1,1,1,4337.65,18682.2,1314.95,46.3844,0.661478,1223.81,278286,127.196,23.1957,0.302342,103.698,136.871,23.1887,0.0718272,113.61,264.067,0,0,0
1000,4,0,543,1,1,1,4360.18,18699.6,1314.8,46.3844,0.6264,1223.69,278289,135.954,23.1957,0.267264,112.491,126.652,23.1887,0.0718272,103.392,262.606,0,0,0
1000,4,0,544,1,1,1,4318.54,24682.5,1320.18,52.1883,1.19267,1222.87,278292,268.488,28.9996,0.977184,238.389,51.8124,23.1887,0.0718272,28.5519,320.3,0,0,0
1000,4,0,545,1,1,1,4316.3,18661.1,1314.79,46.3844,0.482746,1223.83,278290,124.913,23.1957,0.267264,101.45,78.1048,23.1887,0.0718272,54.8443,203.017,0,0,0
1000,4,0,546,1,1,1,4363.22,18687.1,1314.72,46.3844,0.552902,1223.69,278291,76.71,23.1957,0.267264,53.247,132.729,23.1887,0.141984,109.398,209.439,0,0,0
1000,4,0,547,1,1,1,4318.92,18706.4,1314.86,46.3844,0.517824,1223.86,278289,132.947,23.1957,0.302342,109.448,127.486,23.1887,0.0718272,104.225,260.432,0,0,0
1000,4,0,548,1,1,1,4317.26,18640.9,1314.94,46.3844,0.482746,1223.98,278287,138.992,23.1957,0.267264,115.529,71.7826,23.1887,0.0718272,48.522,210.774,0,0,0
1000,4,0,549,1,1,1,4318.92,18681.4,1314.9,46.3844,0.482746,1223.94,278288,135.873,23.1957,0.267264,112.41,74.5313,23.1887,0.0718272,51.2708,210.404,0,0,0
1000,4,0,550,1,1,1,4365.79,18729.8,1314.76,46.3844,0.552902,1223.73,278290,126.682,23.1957,0.302342,103.184,135.327,23.1887,0.106906,112.031,262.009,0,0,0
1000,4,0,551,1,1,1,4339.7,18652.6,1314.78,46.3844,0.482746,1223.82,278290,112.458,23.1957,0.267264,88.9947,123.053,23.1887,0.0718272,99.7928,235.511,0,0,0
1000,4,0,552,1,1,1,4370.95,18690.4,1315.04,46.3844,0.50112,1224.06,278285,78.4372,23.1957,0.267264,54.9742,136.516,23.1887,0.0902016,113.237,214.953,0,0,0
1000,4,0,553,1,1,1,4315.84,18635.5,1315.06,46.3844,0.482746,1224.1,278285,105.152,23.1957,0.267264,81.6889,126.847,23.1887,0.0718272,103.586,231.999,0,0,0
1000,4,0,554,1,1,1,4333.48,18680.9,1314.95,46.3844,0.678182,1223.8,278287,129.407,23.1957,0.462701,105.749,130.749,23.1887,0.0718272,107.488,260.156,0,0,0
1000,4,0,555,1,1,1,4349.91,18665.7,1314.82,46.3844,0.482746,1223.86,278289,77.9589,23.1957,0.267264,54.4959,135.494,23.1887,0.0718272,112.233,213.453,0,0,0
1000,4,0,556,1,1,1,4322.55,18639.9,1314.64,46.3844,0.6264,1223.54,278292,77.2586,23.1957,0.267264,53.7957,132.951,23.1887,0.0718272,109.69,210.209,0,0,0
1000,4,0,557,1,1,1,4332.35,18675.3,1314.67,46.3844,0.482746,1223.71,278292,129.545,23.1957,0.267264,106.083,135.99,23.1887,0.0718272,112.73,265.536,0,0,0
1000,4,0,558,1,1,1,4349.14,18690.6,1314.55,46.3844,0.517824,1223.56,278294,127.024,23.1957,0.267264,103.561,136.763,23.1887,0.106906,113.468,263.788,0,0,0
1000,4,0,559,1,1,1,4318.22,18648.2,1314.8,46.3844,0.482746,1223.84,278290,133.814,23.1957,0.267264,110.351,75.3019,23.1887,0.0718272,52.0414,209.116,0,0,0
1000,4,0,560,1,1,1,4323.75,18639.8,1314.76,46.3844,0.6264,1223.65,278290,74.2266,23.1957,0.267264,50.7636,104.843,23.1887,0.0718272,81.5824,179.069,0,0,0
1000,4,0,561,1,1,1,4338.62,18659.1,1314.84,46.3844,0.482746,1223.88,278289,90.5005,23.1957,0.267264,67.0375,129.8,23.1887,0.0718272,106.539,220.3,0,0,0
1000,4,0,562,1,1,1,4326.96,18766.5,1314.92,46.3844,0.482746,1223.96,278288,140.208,23.1957,0.267264,116.745,74.2226,23.1887,0.0718272,50.9621,214.431,0,0,0
1000,4,0,563,1,1,1,4319.31,24670.7,1320.36,52.1883,0.696557,1223.56,278290,248.439,28.9996,0.481075,218.78,40.953,23.1887,0.0718272,17.6925,289.392,0,0,0
1000,4,0,564,1,1,1,4370.55,18686.1,1314.98,46.3844,0.482746,1224.02,278287,121.496,23.1957,0.267264,98.0331,127.421,23.1887,0.0718272,104.16,248.917,0,0,0
1000,4,0,565,1,1,1,4337.35,18656,1314.87,46.3844,0.482746,1223.91,278289,128.327,23.1957,0.267264,104.864,135.052,23.1887,0.0718272,111.791,263.379,0,0,0
1000,4,0,566,1,1,1,4327.11,18640.3,1314.84,46.3844,0.482746,1223.88,278289,73.5823,23.1957,0.267264,50.1193,124.441,23.1887,0.0718272,101.181,198.023,0,0,0
1000,4,0,567,1,1,1,4387.73,18709,1314.96,46.3844,0.731635,1223.75,278286,126.7,23.1957,0.462701,103.041,96.9444,23.1887,0.12528,73.6304,223.644,0,0,0
1000,4,0,568,1,1,2,10320.3,24636.4,1337.08,69.5741,0.537869,1223.57,278293,106.329,23.1957,0.267264,82.8656,285.759,46.3784,0.12695,239.253,392.087,1,0,0
1000,4,0,569,1,1,1,4326.78,18657.4,1314.85,46.3844,0.482746,1223.89,278289,105.619,23.1957,0.267264,82.1563,127.769,23.1887,0.0718272,104.509,233.389,0,0,0
1000,4,0,570,1,1,1,4321.22,18645.4,1314.68,46.3844,0.482746,1223.72,278292,127.788,23.1957,0.267264,104.325,63.6971,23.1887,0.0718272,40.4365,191.485,0,0,0
1000,4,0,571,1,1,1,4327.52,18651,1314.63,46.3844,0.482746,1223.67,278293,125.609,23.1957,0.267264,102.146,134.467,23.1887,0.0718272,111.206,260.076,0,0,0
1000,4,0,572,1,1,1,4337.63,18657.5,1314.67,46.3844,0.517824,1223.67,278292,71.7079,23.1957,0.302342,48.2098,106.316,23.1887,0.0718272,83.0551,178.023,0,0,0
1000,4,0,573,1,1,1,4350.79,18669.6,1314.96,46.3844,0.482746,1224,278287,100.763,23.1957,0.267264,77.2996,130.105,23.1887,0.0718272,106.844,230.867,0,0,0
1000,4,0,574,1,1,1,4347.18,18664.9,1314.55,46.3844,0.587981,1223.48,278294,103.289,23.1957,0.267264,79.8263,126.564,23.1887,0.177062,103.198,229.853,0,0,0
1000,4,0,575,1,1,1,4317.9,18671.8,1314.65,46.3844,0.873619,1223.3,278291,135.122,23.1957,0.658138,111.268,66.222,23.1887,0.0718272,42.9615,201.344,0,0,0
1000,4,0,576,1,1,3,16328.2,30667,1359.95,92.7639,0.556243,1223.94,278286,99.0335,23.1957,0.267264,75.5706,457.007,69.5682,0.145325,387.294,556.041,2,0,0
1000,4,0,577,1,1,1,4324.51,18650.9,1314.88,46.3844,0.482746,1223.92,278288,106.695,23.1957,0.267264,83.232,51.6933,23.1887,0.0718272,28.4328,158.388,0,0,0
1000,4,0,578,1,1,1,4356.52,18671.6,1314.97,46.3844,0.770054,1223.72,278286,121.39,23.1957,0.267264,97.9266,134.745,23.1887,0.0718272,111.484,256.134,0,0,0
1000,4,0,579,1,1,1,4331.91,18658.2,1314.77,46.3844,0.482746,1223.81,278290,67.7022,23.1957,0.267264,44.2393,102.547,23.1887,0.0718272,79.2867,170.249,0,0,0
1000,4,0,580,0,0,0,-1,-1,1292.17,23.206,0.285638,1223.88,278293,-1,-1,-1,-1,-1,-1,-1,-1,-1,0,0,0
1000,4,0,581,1,1,1,4332.97,18669.7,1315,46.3844,0.482746,1224.04,278286,122.007,23.1957,0.267264,98.5439,136.059,23.1887,0.0718272,112.798,258.066,0,0,0
1000,4,0,582,1,1,1,4316.62,18629.2,1314.98,46.3844,0.482746,1224.02,278287,66.475,23.1957,0.267264,43.012,103.15,23.1887,0.0718272,79.8895,169.625,0,0,0
1000,4,0,583,1,1,1,4324.63,18662,1314.67,46.3844,0.517824,1223.67,278292,128.037,23.1957,0.267264,104.574,63.5805,23.1887,0.106906,40.2849,191.617,0,0,0
1000,4,0,584,0,0,0,-1,-1,1292.29,23.206,0.516154,1223.77,278290,-1,-1,-1,-1,-1,-1,-1,-1,-1,0,0,0
1000,4,0,585,1,1,1,4323.41,18646.5,1314.69,46.3844,0.482746,1223.73,278292,77.7495,23.1957,0.267264,54.2866,134.618,23.1887,0.0718272,111.358,212.368,0,0,0
1000,4,0,586,1,1,1,4323.91,18638,1314.76,46.3844,0.482746,1223.8,278290,68.0361,23.1957,0.267264,44.5731,115.944,23.1887,0.0718272,92.6837,183.98,0,0,0
1000,4,0,587,1,1,1,4315.02,18632.2,1314.86,46.3844,0.482746,1223.9,278289,127.694,23.1957,0.267264,104.231,63.0112,23.1887,0.0718272,39.7507,190.705,0,0,0
1000,4,0,588,1,1,1,4329.79,18648.5,1314.73,46.3844,0.482746,1223.76,278291,71.393,23.1957,0.267264,47.9301,103.966,23.1887,0.0718272,80.7052,175.359,0,0,0
1000,4,0,589,1,1,1,4320.05,18708.5,1314.81,46.3844,0.713261,1223.62,278289,122.983,23.1957,0.497779,99.2893,75.5654,23.1887,0.0718272,52.3049,198.548,0,0,0
1000,4,0,590,1,1,1,4354.07,18809.9,1314.69,46.3844,0.587981,1223.63,278291,140.396,23.1957,0.337421,116.863,74.8659,23.1887,0.106906,51.5704,215.262,0,0,0
1000,4,0,591,1,1,1,4334.18,24682.7,1320.28,52.1883,0.536198,1223.63,278292,278.526,28.9996,0.320717,249.115,74.45,23.1887,0.0718272,51.1895,352.976,0,0,0
1000,4,0,592,1,1,1,4327.29,18674.9,1314.87,46.3844,0.552902,1223.84,278288,133.157,23.1957,0.337421,109.624,121.359,23.1887,0.0718272,98.0981,254.515,0,0,0
1000,4,0,593,1,1,3,16354.3,30671.3,1360.05,92.7639,0.556243,1224.04,278284,99.4432,23.1957,0.267264,75.9803,457.498,69.5682,0.145325,387.785,556.942,2,0,0
1000,4,0,594,1,1,1,4324.7,18645.4,1315.09,46.3844,0.6264,1223.98,278284,121.666,23.1957,0.267264,98.2028,138.053,23.1887,0.0718272,114.792,259.719,0,0,0
1000,4,0,595,1,1,1,4338.54,18653.3,1314.88,46.3844,0.770054,1223.63,278287,118.065,23.1957,0.267264,94.6022,123.745,23.1887,0.0718272,100.484,241.81,0,0,0
1000,4,0,596,1,0,0,-1,-1,1292.1,23.1957,0.532858,1223.57,278294,-1,-1,-1,-1,-1,-1,-1,-1,-1,0,0,0
1000,4,0,597,1,1,1,4334.3,18656.1,1314.77,46.3844,0.482746,1223.81,278290,123.622,23.1957,0.267264,100.159,78.4026,23.1887,0.0718272,55.1421,202.025,0,0,0
1000,4,0,598,1,1,1,4316.3,18644.7,1314.65,46.3844,0.482746,1223.69,278292,131.868,23.1957,0.267264,108.405,73.905,23.1887,0.0718272,50.6445,205.773,0,0,0
1000,4,0,599,1,1,3,4381.43,18710.8,1359.42,92.7639,0.967162,1222.99,278294,126.808,23.1957,0.267264,103.345,143.549,69.5682,0.556243,73.4247,270.357,2,0,0
1000,4,0,600,1,1,1,4342.35,18658.9,1314.74,46.3844,0.482746,1223.78,278291,98.1149,23.1957,0.267264,74.6519,132.951,23.1887,0.0718272,109.69,231.066,0,0,0
1000,4,0,601,1,1,1,4322.92,18666.7,1314.77,46.3844,0.517824,1223.77,278290,136.769,23.1957,0.302342,113.271,74.9987,23.1887,0.0718272,51.7382,211.768,0,0,0
1000,4,0,602,1,1,1,4315.66,18646.5,1315.04,46.3844,0.713261,1223.84,278285,135.257,23.1957,0.497779,111.564,66.6335,23.1887,0.0718272,43.373,201.891,0,0,0
1000,4,0,603,1,1,1,4335.69,18695.2,1315.1,46.3844,0.873619,1223.75,278283,74.4893,23.1957,0.658138,50.6355,108.099,23.1887,0.0718272,84.8382,182.588,0,0,0
1000,4,0,604,1,1,1,4325.83,18639.7,1315.06,46.3844,0.482746,1224.1,278285,127.993,23.1957,0.267264,104.53,112.024,23.1887,0.0718272,88.7637,240.018,0,0,0
1000,4,0,605,1,1,1,4320.87,18642.8,1314.59,46.3844,0.661478,1223.45,278293,135.453,23.1957,0.302342,111.955,73.6722,23.1887,0.0718272,50.4117,209.126,0,0,0
1000,4,0,606,1,1,1,4319.5,24685.8,1320.55,52.1883,0.891994,1223.55,278286,283.316,28.9996,0.676512,253.56,132.036,23.1887,0.0718272,108.775,415.352,0,0,0
1000,4,0,607,1,0,0,-1,-1,1297.86,28.9996,0.942106,1223.29,278290,-1,-1,-1,-1,-1,-1,-1,-1,-1,0,0,0
1000,4,0,608,0,0,0,-1,-1,1292.27,23.206,0.481075,1223.79,278291,-1,-1,-1,-1,-1,-1,-1,-1,-1,0,0,0
1000,4,0,609,1,1,1,4375.88,18721.9,1315.08,46.3844,0.517824,1224.08,278285,127.412,23.1957,0.267264,103.949,137.525,23.1887,0.106906,114.229,264.937,0,0,0
1000,4,0,610,1,1,1,4349.4,18666.8,1314.6,46.3844,0.517824,1223.6,278293,85.0175,23.1957,0.267264,61.5545,131.695,23.1887,0.106906,108.4,216.713,0,0,0
1000,4,0,611,1,1,1,4373.35,18696.7,1315,46.3844,0.713261,1223.8,278286,121.275,23.1957,0.462701,97.6162,133.201,23.1887,0.106906,109.905,254.475,0,0,0
1000,4,0,612,1,1,1,4318.22,24658.9,1320.69,52.1883,0.731635,1223.85,278284,229.001,28.9996,0.516154,199.252,38.7854,23.1887,0.0718272,15.5249,267.786,0,0,0
1000,4,0,613,1,1,1,4336.2,18692.5,1314.56,46.3844,0.517824,1223.56,278294,132.447,23.1957,0.302342,108.949,133.55,23.1887,0.0718272,110.29,265.997,0,0,0
1000,4,0,614,1,1,1,4346.66,18670.9,1314.96,46.3844,0.770054,1223.71,278286,103.582,23.1957,0.267264,80.1187,128.605,23.1887,0.0718272,105.344,232.187,0,0,0
1000,4,0,615,1,1,1,4317.45,18685.4,1314.69,46.3844,0.517824,1223.69,278292,126.556,23.1957,0.302342,103.058,77.9622,23.1887,0.0718272,54.7017,204.518,0,0,0
1000,4,0,616,1,1,2,10338.7,24660.8,1337.24,69.5741,0.519494,1223.75,278290,125.472,23.1957,0.267264,102.009,261.287,46.3784,0.108576,214.8,386.759,1,0,0
1000,4,0,617,1,1,1,4341.4,18712,1314.46,46.3844,0.517824,1223.46,278296,127.708,23.1957,0.267264,104.245,136.197,23.1887,0.106906,112.901,263.905,0,0,0
1000,4,0,618,1,1,1,4327.31,18650.1,1314.79,46.3844,0.482746,1223.82,278290,108.85,23.1957,0.267264,85.3869,53.0271,23.1887,0.0718272,29.7666,161.877,0,0,0
1000,4,0,619,1,1,1,4336.81,18664.7,1314.74,46.3844,0.482746,1223.78,278291,73.8187,23.1957,0.267264,50.3557,131.594,23.1887,0.0718272,108.333,205.412,0,0,0
1000,4,0,620,1,1,1,4318.12,18676.4,1314.78,46.3844,0.908698,1223.39,278289,128.856,23.1957,0.693216,104.967,134.775,23.1887,0.0718272,111.515,263.632,0,0,0
1000,4,0,621,1,1,1,4316.94,18659.7,1314.77,46.3844,0.482746,1223.81,278290,112.346,23.1957,0.267264,88.8828,55.2596,23.1887,0.0718272,31.9991,167.605,0,0,0
1000,4,0,622,1,1,1,4359.55,18697,1314.86,46.3844,0.6264,1223.75,278288,88.9826,23.1957,0.267264,65.5197,130.727,23.1887,0.0718272,107.467,219.71,0,0,0
1000,4,0,623,1,1,1,4324.65,24724.2,1320.72,52.1883,0.927072,1223.69,278283,281.821,28.9996,0.71159,252.02,131.453,23.1887,0.0718272,108.192,413.274,0,0,0
1000,4,0,624,1,1,1,4321.35,18643,1314.73,46.3844,0.482746,1223.77,278291,84.2125,23.1957,0.267264,60.7496,131.056,23.1887,0.0718272,107.795,215.268,0,0,0
1000,4,0,625,1,1,1,4316.94,18657.3,1314.69,46.3844,0.482746,1223.73,278292,128.694,23.1957,0.267264,105.231,136.658,23.1887,0.0718272,113.397,265.352,0,0,0
1000,4,0,626,1,1,1,4327.47,18653.3,1314.78,46.3844,0.517824,1223.78,278290,131.632,23.1957,0.267264,108.169,125.261,23.1887,0.106906,101.966,256.893,0,0,0
1000,4,0,627,1,1,1,4313.74,18673.5,1314.8,46.3844,0.482746,1223.84,278290,138.93,23.1957,0.267264,115.467,73.6361,23.1887,0.0718272,50.3756,212.567,0,0,0
1000,4,0,628,1,1,1,4322.18,18661.5,1314.85,46.3844,0.482746,1223.89,278289,127.567,23.1957,0.267264,104.104,76.2188,23.1887,0.0718272,52.9582,203.786,0,0,0
1000,4,0,629,0,0,0,-1,-1,1292.46,23.206,0.516154,1223.94,278287,-1,-1,-1,-1,-1,-1,-1,-1,-1,0,0,0
1000,4,0,630,1,1,1,4334.79,18667.4,1314.68,46.3844,0.517824,1223.68,278292,68.7263,23.1957,0.302342,45.2283,114.385,23.1887,0.0718272,91.1244,183.111,0,0,0
1000,4,0,631,1,1,1,4330.02,18649.1,1314.65,46.3844,0.50112,1223.67,278292,81.2779,23.1957,0.267264,57.815,128.073,23.1887,0.0902016,104.794,209.351,0,0,0
1000,4,0,632,1,1,1,4331.45,18697,1314.65,46.3844,0.552902,1223.61,278292,127.996,23.1957,0.302342,104.498,136.644,23.1887,0.106906,113.349,264.64,0,0,0
1000,4,0,633,1,1,1,4356.46,18686.8,1314.76,46.3844,0.517824,1223.76,278290,124.353,23.1957,0.267264,100.89,88.0302,23.1887,0.106906,64.7346,212.383,0,0,0
1000,4,0,634,1,1,1,4331.85,18645.4,1314.68,46.3844,0.482746,1223.72,278292,93.9043,23.1957,0.267264,70.4413,132.039,23.1887,0.0718272,108.779,225.944,0,0,0
1000,4,0,635,1,1,1,4321.52,18634.8,1314.77,46.3844,0.482746,1223.81,278290,77.7495,23.1957,0.267264,54.2866,134.637,23.1887,0.0718272,111.376,212.386,0,0,0
1000,4,0,636,1,0,0,-1,-1,1292.47,23.1957,0.302342,1224.17,278288,-1,-1,-1,-1,-1,-1,-1,-1,-1,0,0,0
1000,4,0,637,1,1,1,4325.32,24672.3,1320.21,52.1883,0.641434,1223.46,278293,277.564,28.9996,0.355795,248.115,76.02,23.1887,0.141984,52.6893,353.584,0,0,0
1000,4,0,638,1,1,1,4319.86,18640.8,1314.81,46.3844,0.482746,1223.85,278290,69.8337,23.1957,0.267264,46.3707,119.738,23.1887,0.0718272,96.4774,189.572,0,0,0
1000,4,0,639,1,1,1,4323.7,24655.4,1320.67,52.1883,0.891994,1223.67,278284,188.059,28.9996,0.676512,158.032,27.4404,23.1887,0.0718272,4.17992,215.499,0,0,0
1000,4,0,640,1,1,1,4333.32,18648.1,1315.1,46.3844,0.913709,1223.7,278283,104.361,23.1957,0.267264,80.8984,124.521,23.1887,0.0718272,101.26,228.882,0,0,0
1000,4,0,641,1,1,1,4325.22,18706.5,1314.92,46.3844,0.713261,1223.73,278287,134.014,23.1957,0.497779,110.32,133.783,23.1887,0.0718272,110.522,267.797,0,0,0
1000,4,0,642,1,1,1,4371.32,18686.1,1314.96,46.3844,0.482746,1224,278287,76.3996,23.1957,0.267264,52.9366,132.956,23.1887,0.0718272,109.696,209.356,0,0,0
1000,4,0,643,1,1,1,4323.5,18694.7,1314.77,46.3844,0.517824,1223.77,278290,136.431,23.1957,0.267264,112.968,123.991,23.1887,0.106906,100.695,260.422,0,0,0
1000,4,0,644,1,1,1,4335.6,18672.9,1314.75,46.3844,0.713261,1223.56,278290,108.62,23.1957,0.497779,84.9267,122.384,23.1887,0.0718272,99.1232,231.004,0,0,0
1000,4,0,645,1,1,1,4356.39,18704.6,1314.87,46.3844,0.482746,1223.91,278289,128.741,23.1957,0.267264,105.278,136.517,23.1887,0.0718272,113.257,265.258,0,0,0
1000,4,0,646,1,1,1,4391.55,18704.8,1314.88,46.3844,0.552902,1223.85,278288,83.9526,23.1957,0.267264,60.4897,128.536,23.1887,0.141984,105.205,212.489,0,0,0
1000,4,0,647,1,1,1,4350.84,18692.4,1314.77,46.3844,0.552902,1223.73,278290,126.447,23.1957,0.302342,102.949,134.109,23.1887,0.106906,110.813,260.556,0,0,0
1000,4,0,648,1,1,1,4380.81,18729.1,1314.67,46.3844,0.517824,1223.67,278292,126.851,23.1957,0.267264,103.388,94.0907,23.1887,0.106906,70.7951,220.942,0,0,0
1000,4,0,649,0,0,0,-1,-1,1292.23,23.206,0.551232,1223.68,278291,-1,-1,-1,-1,-1,-1,-1,-1,-1,0,0,0
1000,4,0,650,1,1,1,4325.32,18644.5,1315.08,46.3844,0.517824,1224.08,278285,136.526,23.1957,0.267264,113.064,67.1829,23.1887,0.106906,43.8873,203.709,0,0,0
1000,4,0,651,1,1,1,4320.58,18634.1,1314.67,46.3844,0.482746,1223.7,278292,74.7175,23.1957,0.267264,51.2545,129.845,23.1887,0.0718272,106.584,204.562,0,0,0
1000,4,0,652,1,1,1,4346.19,18662.7,1314.71,46.3844,0.482746,1223.74,278291,92.0291,23.1957,0.267264,68.5662,131.89,23.1887,0.0718272,108.629,223.919,0,0,0
1000,4,0,653,1,1,1,4320.95,18649.2,1315.04,46.3844,0.482746,1224.08,278285,125.203,23.1957,0.267264,101.74,104.724,23.1887,0.0718272,81.4633,229.927,0,0,0
1000,4,0,654,1,1,1,4332.97,18656.2,1314.98,46.3844,0.6264,1223.88,278286,129.065,23.1957,0.267264,105.602,136.023,23.1887,0.0718272,112.762,265.088,0,0,0
1000,4,0,655,1,1,1,4321.1,24641.1,1320.61,52.1883,1.08743,1223.42,278285,204.536,28.9996,0.871949,174.364,30.4256,23.1887,0.0718272,7.16506,234.962,0,0,0
1000,4,0,656,1,0,0,-1,-1,1292.32,23.1957,0.267264,1224.06,278291,-1,-1,-1,-1,-1,-1,-1,-1,-1,0,0,0
1000,4,0,657,1,1,1,4355.48,18688,1314.67,46.3844,0.517824,1223.67,278292,120.414,23.1957,0.302342,96.916,127.533,23.1887,0.0718272,104.272,247.947,0,0,0
1000,4,0,658,1,1,1,4319.88,24651.8,1320.89,52.1883,1.35302,1223.43,278279,294.01,28.9996,1.10246,263.865,64.9468,23.1887,0.106906,41.6512,358.957,0,0,0
1000,4,0,659,1,1,1,4316.62,18656.6,1314.98,46.3844,0.482746,1224.02,278287,135.032,23.1957,0.267264,111.569,74.497,23.1887,0.0718272,51.2365,209.529,0,0,0
1000,4,0,660,1,1,1,4319.3,18640,1314.75,46.3844,0.482746,1223.79,278291,132.345,23.1957,0.267264,108.882,74.4194,23.1887,0.0718272,51.1589,206.764,0,0,0
1000,4,0,661,1,1,1,4316.62,18631.7,1314.98,46.3844,0.482746,1224.02,278287,77.2586,23.1957,0.267264,53.7957,132.707,23.1887,0.0718272,109.447,209.966,0,0,0
1000,4,0,662,1,1,1,4313.42,30632.4,1325.95,57.9922,0.714931,1223.5,278291,348.867,34.8035,0.49945,312.858,27.6769,23.1887,0.0718272,4.41635,376.544,0,0,0
1000,4,0,663,1,1,1,4321.1,18675.5,1314.74,46.3844,0.587981,1223.67,278290,68.1901,23.1957,0.372499,44.6219,102.859,23.1887,0.0718272,79.5989,171.049,0,0,0
1000,4,0,664,1,1,1,4321.35,18640.1,1314.77,46.3844,0.482746,1223.81,278290,123.976,23.1957,0.267264,100.513,77.2457,23.1887,0.0718272,53.9852,201.222,0,0,0
1000,4,0,665,1,1,1,4331.89,18652.1,1314.67,46.3844,0.482746,1223.71,278292,104.201,23.1957,0.267264,80.7377,127.717,23.1887,0.0718272,104.456,231.918,0,0,0
1000,4,0,666,1,1,1,4357.78,18681.6,1314.79,46.3844,0.661478,1223.64,278289,76.792,23.1957,0.302342,53.2939,131.789,23.1887,0.0718272,108.528,208.581,0,0,0
1000,4,0,667,1,1,1,4330.69,18680,1314.74,46.3844,0.517824,1223.74,278291,125.969,23.1957,0.302342,102.471,90.973,23.1887,0.0718272,67.7125,216.942,0,0,0
1000,4,0,668,1,1,1,4381.31,18753.6,1314.65,46.3844,0.661478,1223.51,278292,127.373,23.1957,0.267264,103.91,93.746,23.1887,0.106906,70.4504,221.118,0,0,0
1000,4,0,669,1,1,1,4362.39,18678.5,1314.72,46.3844,0.552902,1223.69,278291,90.873,23.1957,0.302342,67.375,132.423,23.1887,0.106906,109.127,223.296,0,0,0
1000,4,0,670,1,1,1,4330.2,18663.4,1314.84,46.3844,0.678182,1223.69,278289,124.31,23.1957,0.462701,100.652,85.0857,23.1887,0.0718272,61.8252,209.396,0,0,0
1000,4,0,671,1,1,1,4320.9,24645.3,1320.11,52.1883,0.766714,1223.23,278294,284.593,28.9996,0.551232,254.973,137.499,23.1887,0.0718272,114.238,422.092,0,0,0
1000,4,0,672,1,1,1,4320.97,18635.3,1314.71,46.3844,0.482746,1223.75,278291,128.668,23.1957,0.267264,105.205,76.7151,23.1887,0.0718272,53.4546,205.383,0,0,0
1000,4,0,673,1,1,1,4317.83,18639.9,1314.9,46.3844,0.517824,1223.9,278288,123.189,23.1957,0.267264,99.726,137.202,23.1887,0.106906,113.906,260.391,0,0,0
1000,4,0,674,1,1,1,4322.31,18648.6,1314.81,46.406,0.519494,1223.79,278290,118.788,23.2173,0.304013,95.2664,123.95,23.1887,0.0718272,100.69,242.738,0,0,0
1000,4,0,675,1,1,1,4337.93,18701.1,1314.79,46.3844,0.482746,1223.83,278290,129.962,23.1957,0.267264,106.499,119.933,23.1887,0.0718272,96.6723,249.895,0,0,0
1000,4,0,676,1,1,1,4332.75,18717.9,1315.39,46.3844,0.873619,1224.04,278278,120.528,23.1957,0.658138,96.6741,124.582,23.1887,0.0718272,101.321,245.11,0,0,0
1000,4,0,677,1,1,1,4337.66,18680,1314.58,46.3844,0.587981,1223.52,278293,116.397,23.1957,0.337421,92.8642,59.0378,23.1887,0.106906,35.7423,175.435,0,0,0
1000,4,0,678,1,1,1,4326.28,18651.9,1315.08,46.3844,0.482746,1224.12,278285,121.11,23.1957,0.267264,97.6469,132.352,23.1887,0.0718272,109.091,253.462,0,0,0
1000,4,0,679,1,1,1,4317.58,24638.7,1320.45,52.1883,0.731635,1223.61,278289,281.626,28.9996,0.516154,252.033,73.9339,23.1887,0.0718272,50.6734,355.56,0,0,0
1000,4,0,680,1,0,0,-1,-1,1292.39,23.1957,0.267264,1224.13,278289,-1,-1,-1,-1,-1,-1,-1,-1,-1,0,0,0
1000,4,0,681,1,1,1,4343.27,18682.3,1314.68,46.3844,0.731635,1223.47,278291,68.4518,23.1957,0.372499,44.8836,115.766,23.1887,0.0718272,92.505,184.217,0,0,0
1000,4,0,682,1,1,1,4317.06,18702.9,1314.62,46.3844,0.552902,1223.59,278293,134.606,23.1957,0.337421,111.073,75.4156,23.1887,0.0718272,52.1551,210.022,0,0,0
1000,4,0,683,1,1,1,4332.14,18652.8,1314.92,46.3844,0.678182,1223.76,278287,124.493,23.1957,0.462701,100.834,129.682,23.1887,0.0718272,106.422,254.175,0,0,0
1000,4,0,684,1,1,1,4329.56,18652.8,1314.72,46.3844,0.517824,1223.72,278291,135.324,23.1957,0.267264,111.862,126.878,23.1887,0.106906,103.583,262.203,0,0,0
1000,4,0,685,1,1,1,4333.86,18696.5,1314.8,46.3952,0.644774,1223.67,278289,132.087,23.2065,0.285638,108.595,124.078,23.1887,0.0718272,100.818,256.165,0,0,0
1000,4,0,686,1,1,1,4320.9,18650.4,1314.82,46.3844,0.552902,1223.78,278289,71.8242,23.1957,0.337421,48.291,105.725,23.1887,0.0718272,82.4649,177.55,0,0,0
1000,4,0,687,1,1,1,4316.62,18664.8,1314.98,46.3844,0.482746,1224.02,278287,107.92,23.1957,0.267264,84.4574,52.0489,23.1887,0.0718272,28.7884,159.969,0,0,0
1000,4,0,688,1,1,1,4325.83,18642.2,1314.69,46.3844,0.482746,1223.72,278292,73.3061,23.1957,0.267264,49.8432,107.119,23.1887,0.0718272,83.8582,180.425,0,0,0
1000,4,0,689,1,1,1,4318.58,24635,1320.47,52.1883,0.696557,1223.67,278288,246.106,28.9996,0.481075,216.446,41.4637,23.1887,0.0718272,18.2032,287.57,0,0,0
1000,4,0,690,1,1,1,4317.77,18652.4,1314.77,46.3844,0.482746,1223.81,278290,134.207,23.1957,0.267264,110.744,74.3887,23.1887,0.0718272,51.1282,208.596,0,0,0
1000,4,0,691,1,1,1,4322.44,18693.8,1314.9,46.3844,0.517824,1223.9,278288,137.378,23.1957,0.267264,113.915,73.7686,23.1887,0.106906,50.473,211.147,0,0,0
1000,4,0,692,1,1,1,4337.38,18679.2,1314.86,46.3844,0.661478,1223.72,278288,137.015,23.1957,0.302342,113.517,74.2515,23.1887,0.0718272,50.991,211.266,0,0,0
1000,4,0,693,1,1,1,4334.46,18655.1,1314.77,46.3844,0.482746,1223.81,278290,64.7423,23.1957,0.267264,41.2794,105.982,23.1887,0.0718272,82.7212,170.724,0,0,0
1000,4,0,694,1,1,1,4320.97,18673.5,1314.86,46.3844,0.482746,1223.9,278289,136.664,23.1957,0.267264,113.201,74.4735,23.1887,0.0718272,51.213,211.137,0,0,0
1000,4,0,695,1,1,1,4322.18,18638.6,1314.96,46.3844,0.482746,1224,278287,77.7766,23.1957,0.267264,54.3137,131.364,23.1887,0.0718272,108.104,209.141,0,0,0
1000,4,0,696,1,1,2,4365.39,18742.4,1337.49,69.5741,1.0891,1223.43,278284,129.195,23.1957,0.658138,105.341,134.895,46.3784,0.287309,88.2295,264.09,1,0,0
1000,4,0,697,1,1,1,4330.63,18643.5,1314.75,46.3844,0.482746,1223.79,278291,72.5806,23.1957,0.267264,49.1176,111.853,23.1887,0.0718272,88.5922,184.433,0,0,0
1000,4,0,698,1,1,1,4322.31,18658.2,1314.98,46.3844,0.482746,1224.02,278287,136.943,23.1957,0.267264,113.48,75.3488,23.1887,0.0718272,52.0883,212.292,0,0,0
1000,4,0,699,1,1,1,4318.28,18650.4,1314.92,46.3844,0.678182,1223.76,278287,77.5335,23.1957,0.462701,53.8751,132.056,23.1887,0.0718272,108.795,209.589,0,0,0
1000,4,0,700,1,1,1,4319.18,18635.6,1314.76,46.3844,0.482746,1223.8,278290,128.551,23.1957,0.267264,105.088,121.683,23.1887,0.0718272,98.423,250.235,0,0,0
1000,4,0,701,1,1,1,4365.93,18698.5,1314.72,46.3844,0.517824,1223.72,278291,73.112,23.1957,0.302342,49.614,108.635,23.1887,0.0718272,85.3743,181.747,0,0,0
1000,4,0,702,1,1,1,4334.34,18649.1,1314.61,46.3844,0.517824,1223.61,278293,77.3687,23.1957,0.267264,53.9058,132.349,23.1887,0.106906,109.053,209.718,0,0,0
1000,4,0,703,1,1,1,4343.24,18664.8,1314.72,46.3844,0.517824,1223.72,278291,112.864,23.1957,0.267264,89.4008,122.986,23.1887,0.106906,99.6899,235.849,0,0,0
1000,4,0,704,1,1,1,4358.38,18695.2,1314.75,46.3844,0.482746,1223.78,278291,128.167,23.1957,0.267264,104.704,136.593,23.1887,0.0718272,113.332,264.76,0,0,0
1000,4,0,705,1,1,1,4335.37,18669.4,1314.65,46.3844,0.714931,1223.45,278291,125.382,23.1957,0.337421,101.848,133.545,23.1887,0.0902016,110.266,258.927,0,0,0
1000,4,0,706,1,1,1,4327.28,24668.4,1320.58,52.1883,0.606355,1223.86,278286,277.269,28.9996,0.355795,247.821,111.372,23.1887,0.106906,88.076,388.641,0,0,0
1000,4,0,707,1,1,1,4324.23,18639.7,1314.9,46.3844,0.482746,1223.94,278288,122.317,23.1957,0.267264,98.8543,138.472,23.1887,0.0718272,115.211,260.789,0,0,0
1000,4,0,708,1,1,2,10330.3,24646.3,1337.16,69.5741,0.554573,1223.63,278291,106.957,23.1957,0.267264,83.4937,293.762,46.3784,0.143654,247.24,400.718,1,0,0
1000,4,0,709,1,1,1,4314.38,18697.9,1314.74,46.3844,0.517824,1223.74,278291,135.461,23.1957,0.302342,111.963,75.1268,23.1887,0.0718272,51.8663,210.587,0,0,0
1000,4,0,710,1,1,1,4317.26,24647.6,1320.36,52.1883,0.927072,1223.33,278290,175.205,28.9996,0.71159,145.106,26.1067,23.1887,0.0718272,2.84617,201.312,0,0,0
1000,4,0,711,1,1,1,4333.27,18702.7,1314.81,46.3844,0.482746,1223.85,278290,132.989,23.1957,0.267264,109.526,127.663,23.1887,0.0718272,104.402,260.652,0,0,0
1000,4,0,712,1,1,1,4329.35,18734.5,1314.67,46.3844,0.482746,1223.71,278292,132.635,23.1957,0.267264,109.172,122.557,23.1887,0.0718272,99.2965,255.192,0,0,0
1000,4,0,713,1,1,1,4325.71,18643.1,1315.02,46.3844,0.482746,1224.06,278286,125.431,23.1957,0.267264,101.968,135.31,23.1887,0.0718272,112.049,260.74,0,0,0
1000,4,0,714,1,1,1,4318.22,18637,1314.77,46.3844,0.482746,1223.81,278290,79.3558,23.1957,0.267264,55.8929,132.669,23.1887,0.0718272,109.409,212.025,0,0,0
1000,4,0,715,1,1,1,4324.79,18681.9,1314.76,46.3844,0.678182,1223.6,278290,138.444,23.1957,0.462701,114.785,74.7767,23.1887,0.0718272,51.5162,213.22,0,0,0
1000,4,0,716,1,1,1,4337.46,18663.5,1314.68,46.3844,0.482746,1223.72,278292,124.564,23.1957,0.267264,101.101,127.952,23.1887,0.0718272,104.691,252.516,0,0,0
1000,4,0,717,1,1,1,4341.96,18671.2,1314.99,46.3844,0.821837,1223.69,278286,104.817,23.1957,0.462701,81.1582,127.583,23.1887,0.0718272,104.323,232.4,0,0,0
1000,4,0,718,1,1,1,4365.74,18747.2,1314.83,46.3844,0.571277,1223.78,278289,131.77,23.1957,0.302342,108.272,123.818,23.1887,0.12528,100.504,255.588,0,0,0
1000,4,0,719,1,1,1,4318.19,18642.8,1314.71,46.3844,0.482746,1223.75,278291,73.8403,23.1957,0.267264,50.3774,130.841,23.1887,0.0718272,107.581,204.681,0,0,0
1000,4,0,720,1,1,1,4325.87,18693.5,1314.72,46.3844,0.482746,1223.76,278291,126.685,23.1957,0.267264,103.222,108.277,23.1887,0.0718272,85.0169,234.962,0,0,0
1000,4,0,721,1,1,1,4319.42,18641.3,1314.67,46.3844,0.482746,1223.71,278292,125.265,23.1957,0.267264,101.802,115.885,23.1887,0.0718272,92.6241,241.149,0,0,0
1000,4,0,722,1,1,1,4316.62,18629.8,1314.7,46.3844,0.482746,1223.74,278291,122.501,23.1957,0.267264,99.0384,77.0706,23.1887,0.0718272,53.8101,199.572,0,0,0
1000,4,0,723,1,1,2,10368.4,24691,1337.45,69.5741,0.519494,1223.96,278287,69.0053,23.1957,0.267264,45.5423,295.403,46.3784,0.108576,248.916,364.409,1,0,0
1000,4,0,724,1,1,1,4319.45,18635.2,1314.82,46.3844,0.482746,1223.86,278289,69.4132,23.1957,0.267264,45.9502,104.312,23.1887,0.0718272,81.0518,173.725,0,0,0
1000,4,0,725,1,1,1,4317.26,18697.1,1314.94,46.3844,0.482746,1223.98,278287,138.851,23.1957,0.267264,115.388,74.4825,23.1887,0.0718272,51.222,213.334,0,0,0
1000,4,0,726,1,1,1,4324.12,18654.2,1314.89,46.3844,0.482746,1223.93,278288,77.6286,23.1957,0.267264,54.1657,133.99,23.1887,0.0718272,110.73,211.619,0,0,0
1000,4,0,727,1,1,1,4320.49,18638.6,1314.58,46.3844,0.482746,1223.61,278294,122.873,23.1957,0.267264,99.4102,138.941,23.1887,0.0718272,115.68,261.814,0,0,0
1000,4,0,728,1,1,1,4328.31,18661.4,1314.71,46.3844,0.482746,1223.75,278291,131.654,23.1957,0.267264,108.191,121.557,23.1887,0.0718272,98.2966,253.211,0,0,0
1000,4,0,729,1,1,1,4318.76,18768.7,1314.79,46.3844,0.482746,1223.83,278290,140.688,23.1957,0.267264,117.225,74.0422,23.1887,0.0718272,50.7817,214.73,0,0,0
1000,4,0,730,1,1,2,10342.1,24682.1,1337.31,69.5741,1.00224,1223.34,278288,75.79,23.1957,0.462701,52.1316,296.798,46.3784,0.108576,250.311,372.588,1,0,0
1000,4,0,731,1,1,1,4322.92,18661.3,1314.76,46.3844,0.517824,1223.76,278290,131.568,23.1957,0.302342,108.07,127.1,23.1887,0.0718272,103.839,258.667,0,0,0
1000,4,0,732,1,1,2,4355.37,18671.8,1337.22,69.5741,0.698227,1223.56,278290,77.0493,23.1957,0.267264,53.5863,159,46.3784,0.287309,112.334,236.049,1,0,0
1000,4,0,733,1,1,1,4346.68,18678.6,1314.66,46.3844,0.517824,1223.66,278292,79.3674,23.1957,0.302342,55.8694,133.068,23.1887,0.0718272,109.808,212.436,0,0,0
1000,4,0,734,1,1,1,4352.77,18685.5,1315.02,46.3844,0.482746,1224.06,278286,136.142,23.1957,0.267264,112.679,126.558,23.1887,0.0718272,103.298,262.7,0,0,0
1000,4,0,735,1,1,1,4317.26,18638.3,1314.69,46.3844,0.482746,1223.72,278292,133.375,23.1957,0.267264,109.912,75.9444,23.1887,0.0718272,52.6839,209.32,0,0,0
1000,4,0,736,1,1,1,4319.14,18681.7,1314.9,46.3844,0.482746,1223.94,278288,132.536,23.1957,0.267264,109.073,133.83,23.1887,0.0718272,110.569,266.366,0,0,0
1000,4,0,737,1,1,1,4331.63,24727,1320.59,52.1883,0.536198,1223.94,278287,264.36,28.9996,0.320717,234.9,120.162,23.1887,0.0718272,96.9015,384.522,0,0,0
1000,4,0,738,1,1,1,4318.34,24636.5,1320.57,52.1883,0.696557,1223.77,278286,284.339,28.9996,0.481075,254.789,73.9267,23.1887,0.0718272,50.6662,358.265,0,0,0
1000,4,0,739,1,1,2,10359.2,24689.9,1336.97,69.5741,0.589651,1223.42,278294,130.081,23.1957,0.302342,106.582,312.995,46.3784,0.143654,266.473,443.076,1,0,0
1000,4,0,740,1,1,1,4346.69,18661.5,1314.63,46.3844,0.482746,1223.67,278293,66.0508,23.1957,0.267264,42.5879,104.403,23.1887,0.0718272,81.142,170.453,0,0,0
1000,4,0,741,1,1,1,4322.73,18636.3,1314.61,46.3844,0.6264,1223.5,278293,72.5607,23.1957,0.267264,49.0978,111.216,23.1887,0.0718272,87.9551,183.776,0,0,0
1000,4,0,742,1,1,1,4343.9,18690.3,1314.89,46.3844,0.482746,1223.93,278288,132.426,23.1957,0.267264,108.963,124.142,23.1887,0.0718272,100.881,256.568,0,0,0
1000,4,0,743,1,1,2,10330,24649.3,1337.45,69.5741,0.519494,1223.96,278287,114.237,23.1957,0.267264,90.7742,289.821,46.3784,0.108576,243.334,404.058,1,0,0
1000,4,0,744,1,1,1,4342.84,18656.1,1314.66,46.3844,0.6264,1223.56,278292,77.2586,23.1957,0.267264,53.7957,132.982,23.1887,0.0718272,109.721,210.24,0,0,0
1000,4,0,745,1,1,1,4314.7,18643.6,1315.03,46.3952,0.50112,1224.04,278286,113.378,23.2065,0.285638,89.8863,123.109,23.1887,0.0718272,99.8488,236.488,0,0,0
1000,4,0,746,1,1,1,4325.92,18670.7,1314.55,46.3844,0.587981,1223.48,278294,131.342,23.1957,0.372499,107.774,75.6936,23.1887,0.0718272,52.433,207.035,0,0,0
1000,4,0,747,1,1,1,4316.62,18645.6,1314.79,46.3844,0.517824,1223.79,278290,118.156,23.1957,0.302342,94.6582,59.3168,23.1887,0.0718272,36.0563,177.473,0,0,0
1000,4,0,748,1,1,1,4337.32,18650.8,1314.67,46.3844,0.482746,1223.71,278292,77.5745,23.1957,0.267264,54.1115,134.346,23.1887,0.0718272,111.085,211.92,0,0,0
1000,4,0,749,0,0,0,-1,-1,1297.93,29.0099,1.03064,1223.26,278288,-1,-1,-1,-1,-1,-1,-1,-1,-1,0,0,0
1000,4,0,750,1,1,1,4314.38,18707.1,1315.03,46.3844,0.873619,1223.67,278285,137.069,23.1957,0.658138,113.215,74.8218,23.1887,0.0718272,51.5613,211.891,0,0,0
1000,4,0,751,1,1,1,4333.33,18646.9,1314.84,46.3844,0.482746,1223.88,278289,105.233,23.1957,0.267264,81.7701,125.456,23.1887,0.0718272,102.195,230.689,0,0,0
1000,4,0,752,1,0,0,-1,-1,1297.78,28.9996,0.621389,1223.54,278292,-1,-1,-1,-1,-1,-1,-1,-1,-1,0,0,0
1000,4,0,753,1,1,1,4351.27,18678,1314.63,46.3844,0.552902,1223.59,278292,129.032,23.1957,0.302342,105.534,131.934,23.1887,0.106906,108.638,260.966,0,0,0
1000,4,0,754,1,1,1,4319.37,24656.8,1320.65,52.1883,0.891994,1223.65,278285,272.283,28.9996,0.676512,242.5,77.5561,23.1887,0.0718272,54.2956,349.839,0,0,0
1000,4,0,755,1,0,0,-1,-1,1292.26,23.1957,0.267264,1223.99,278292,-1,-1,-1,-1,-1,-1,-1,-1,-1,0,0,0
1000,4,0,756,1,1,1,4341.45,18669.6,1314.8,46.3844,0.517824,1223.8,278290,75.5304,23.1957,0.302342,52.0324,131.875,23.1887,0.0718272,108.615,207.406,0,0,0
1000,4,0,757,1,1,1,4320.09,18672.1,1315.08,46.3844,0.482746,1224.12,278285,123.155,23.1957,0.267264,99.6917,77.6572,23.1887,0.0718272,54.3967,200.812,0,0,0
1000,4,0,758,1,1,1,4316.3,18644.8,1314.7,46.3844,0.517824,1223.7,278291,137.989,23.1957,0.302342,114.491,72.638,23.1887,0.0718272,49.3775,210.627,0,0,0
1000,4,0,759,1,1,1,4322.73,18758.2,1314.7,46.3844,0.482746,1223.74,278291,124.25,23.1957,0.267264,100.787,75.8018,23.1887,0.0718272,52.5413,200.052,0,0,0
1000,4,0,760,1,0,0,-1,-1,1292.2,23.1957,0.267264,1223.94,278293,-1,-1,-1,-1,-1,-1,-1,-1,-1,0,0,0
1000,4,0,761,1,1,1,4327.75,18652.3,1314.67,46.3844,0.482746,1223.71,278292,123.877,23.1957,0.267264,100.414,78.2185,23.1887,0.0718272,54.958,202.095,0,0,0
1000,4,0,762,1,1,1,4384.19,18724.4,1314.78,46.3844,0.517824,1223.78,278290,124.312,23.1957,0.267264,100.849,83.7474,23.1887,0.106906,60.4518,208.059,0,0,0
1000,4,0,763,0,0,0,-1,-1,1292.29,23.206,0.551232,1223.73,278290,-1,-1,-1,-1,-1,-1,-1,-1,-1,0,0,0
1000,4,0,764,1,1,1,4323.59,18726.5,1314.77,46.3844,0.482746,1223.81,278290,134.344,23.1957,0.267264,110.881,124.185,23.1887,0.0718272,100.924,258.529,0,0,0
1000,4,0,765,1,1,1,4317.9,18641.6,1314.63,46.3844,0.482746,1223.67,278293,122.113,23.1957,0.267264,98.6504,124.147,23.1887,0.0718272,100.887,246.26,0,0,0
1000,4,0,766,1,1,1,4323.59,18659.1,1314.65,46.3844,0.482746,1223.69,278292,128.589,23.1957,0.267264,105.126,136.842,23.1887,0.0718272,113.581,265.431,0,0,0
1000,4,0,767,1,1,1,4330.25,18709.7,1314.8,46.3844,0.482746,1223.84,278290,128.017,23.1957,0.267264,104.554,135.983,23.1887,0.0718272,112.722,264,0,0,0
1000,4,0,768,1,1,1,4373.03,18690.1,1314.61,46.3844,0.552902,1223.57,278293,72.8639,23.1957,0.267264,49.401,108.667,23.1887,0.141984,85.3364,181.531,0,0,0
1000,4,0,769,1,1,1,4316.54,18653.7,1314.88,46.3844,0.517824,1223.88,278288,123.85,23.1957,0.302342,100.352,78.7527,23.1887,0.0718272,55.4922,202.603,0,0,0
1000,4,0,770,1,1,1,4346.45,18658.1,1315.01,46.3844,0.6264,1223.91,278286,123.729,23.1957,0.267264,100.266,88.7477,23.1887,0.0718272,65.4872,212.476,0,0,0
1000,4,0,771,1,1,1,4356.68,18697.1,1314.65,46.3844,0.517824,1223.65,278292,106.272,23.1957,0.302342,82.7735,128.657,23.1887,0.0718272,105.397,234.929,0,0,0
1000,4,0,772,1,1,1,4337.73,18657.6,1314.77,46.3844,0.482746,1223.81,278290,124.109,23.1957,0.267264,100.646,130.28,23.1887,0.0718272,107.019,254.389,0,0,0
1000,4,0,773,1,1,1,4328.31,18648.2,1314.62,46.3844,0.517824,1223.63,278293,88.4528,23.1957,0.302342,64.9548,129.339,23.1887,0.0718272,106.079,217.792,0,0,0
1000,4,0,774,1,1,1,4337.01,18682.2,1314.75,46.3844,0.482746,1223.79,278291,109.274,23.1957,0.267264,85.811,121.146,23.1887,0.0718272,97.8851,230.42,0,0,0
1000,4,0,775,1,1,1,4324.52,18657.3,1315,46.3844,0.482746,1224.04,278286,97.1511,23.1957,0.267264,73.6882,134.25,23.1887,0.0718272,110.99,231.401,0,0,0
1000,4,0,776,1,1,1,4316.94,24635,1320.44,52.1883,0.696557,1223.64,278289,172.603,28.9996,0.481075,142.729,25.8702,23.1887,0.0718272,2.60974,198.474,0,0,0
1000,4,0,777,1,1,1,4337.16,18670.7,1314.7,46.3844,0.517824,1223.7,278291,109.002,23.1957,0.302342,85.5042,53.1444,23.1887,0.0718272,29.8839,162.147,0,0,0
1000,4,0,778,1,1,1,4330.52,18662.3,1314.77,46.3844,0.482746,1223.81,278290,125.542,23.1957,0.267264,102.079,115.567,23.1887,0.0718272,92.3065,241.109,0,0,0
1000,4,0,779,1,1,1,4336.98,18673.4,1314.83,46.3844,0.678182,1223.67,278289,130.961,23.1957,0.462701,107.303,136.272,23.1887,0.0718272,113.011,267.233,0,0,0
1000,4,0,780,1,1,1,4318.22,18638.2,1314.65,46.3844,0.482746,1223.69,278292,121.882,23.1957,0.267264,98.4194,76.4227,23.1887,0.0718272,53.1622,198.305,0,0,0
1000,4,0,781,1,1,1,4343.67,18723.9,1314.67,46.3844,0.713261,1223.47,278291,131.622,23.1957,0.497779,107.929,125.132,23.1887,0.0718272,101.872,256.755,0,0,0
1000,4,0,782,1,1,1,4334.7,18666.3,1314.83,46.3844,0.661478,1223.68,278289,127.938,23.1957,0.302342,104.44,135.566,23.1887,0.0718272,112.305,263.504,0,0,0
1000,4,0,783,1,1,1,4318.22,18635.9,1314.67,46.3844,0.482746,1223.7,278292,131.969,23.1957,0.267264,108.506,120.395,23.1887,0.0718272,97.1343,252.364,0,0,0
1000,4,0,784,1,1,1,4338.38,18704.4,1314.73,46.3844,0.482746,1223.77,278291,133.135,23.1957,0.267264,109.672,135.575,23.1887,0.0718272,112.315,268.71,0,0,0
1000,4,0,785,1,1,1,4322.91,18646.2,1314.57,46.3844,0.713261,1223.38,278293,130.521,23.1957,0.497779,106.828,127.138,23.1887,0.0718272,103.877,257.659,0,0,0
1000,4,0,786,1,1,1,4328.15,18733.1,1314.89,46.3844,0.552902,1223.86,278288,136.205,23.1957,0.337421,112.672,136.003,23.1887,0.0718272,112.742,272.208,0,0,0
1000,4,0,787,1,1,1,4391.46,18788.6,1314.7,46.3844,0.517824,1223.7,278291,127.173,23.1957,0.302342,103.675,134.301,23.1887,0.0718272,111.04,261.474,0,0,0
1000,4,0,788,1,1,1,4334.94,24671.4,1320.48,52.1883,0.554573,1223.82,278288,296.383,28.9996,0.320717,267.026,68.9439,23.1887,0.0902016,45.665,365.327,0,0,0
1000,4,0,789,1,1,1,4346.24,18695.1,1314.78,46.3844,0.748339,1223.55,278289,92.3471,23.1957,0.532858,68.6185,131.937,23.1887,0.0718272,108.676,224.284,0,0,0
1000,4,0,790,1,1,1,4329.1,18707.1,1314.78,46.3844,0.552902,1223.74,278290,127.217,23.1957,0.337421,103.684,135.478,23.1887,0.0718272,112.217,262.695,0,0,0
1000,4,0,791,1,1,1,4314.7,18701.2,1314.71,46.3844,0.482746,1223.75,278291,124.377,23.1957,0.267264,100.914,78.0687,23.1887,0.0718272,54.8082,202.445,0,0,0
1000,4,0,792,1,1,1,4331.66,18654,1314.73,46.3844,0.678182,1223.57,278290,71.6769,23.1957,0.462701,48.0185,112.674,23.1887,0.0718272,89.4134,184.351,0,0,0
1000,4,0,793,1,1,1,4319.62,24640.1,1320.29,52.1883,0.766714,1223.42,278291,217.393,28.9996,0.551232,187.578,35.5115,23.1887,0.0718272,12.251,252.904,0,0,0
1000,4,0,794,1,1,1,4325.06,18643.5,1314.79,46.3844,0.482746,1223.83,278290,76.2407,23.1957,0.267264,52.7778,131.585,23.1887,0.0718272,108.324,207.825,0,0,0
1000,4,0,795,1,1,1,4336.53,18669.3,1314.77,46.3844,0.517824,1223.77,278290,136.978,23.1957,0.302342,113.48,75.3687,23.1887,0.0718272,52.1082,212.347,0,0,0
1000,4,0,796,0,0,0,-1,-1,1298.14,29.0099,1.03064,1223.48,278285,-1,-1,-1,-1,-1,-1,-1,-1,-1,0,0,0
1000,4,0,797,1,1,1,4321.61,18638.5,1314.74,46.3844,0.517824,1223.74,278291,125.642,23.1957,0.267264,102.179,78.1489,23.1887,0.106906,54.8533,203.791,0,0,0
1000,4,0,798,1,1,1,4332.53,18683.8,1314.71,46.3844,0.482746,1223.75,278291,115.733,23.1957,0.267264,92.2704,57.4958,23.1887,0.0718272,34.2353,173.229,0,0,0
1000,4,0,799,1,0,0,-1,-1,1292.11,23.1957,0.372499,1223.74,278294,-1,-1,-1,-1,-1,-1,-1,-1,-1,0,0,0
1000,4,0,800,1,1,1,4393.48,18729,1314.61,46.3844,0.587981,1223.54,278292,98.7708,23.1957,0.302342,75.2728,133.802,23.1887,0.141984,110.472,232.573,0,0,0
1000,4,0,801,1,1,1,4316.3,18642.8,1315.06,46.3844,0.482746,1224.1,278285,120.428,23.1957,0.267264,96.9647,76.0401,23.1887,0.0718272,52.7796,196.468,0,0,0
1000,4,0,802,1,1,1,4315.66,18686,1315.02,46.3844,0.713261,1223.83,278285,103.184,23.1957,0.497779,79.4906,48.0476,23.1887,0.0718272,24.7871,151.232,0,0,0
1000,4,0,803,1,1,1,4324.01,18700,1314.86,46.3844,0.482746,1223.9,278289,128.325,23.1957,0.267264,104.862,136.375,23.1887,0.0718272,113.114,264.7,0,0,0
1000,4,0,804,1,1,1,4332.65,18650.5,1314.62,46.3844,0.661478,1223.48,278292,133.898,23.1957,0.302342,110.4,125.459,23.1887,0.0718272,102.199,259.357,0,0,0
1000,4,0,805,1,1,1,4337,24691.2,1320.33,52.1883,0.571277,1223.65,278291,226.011,28.9996,0.355795,196.411,125.878,23.1887,0.0718272,102.617,351.889,0,0,0
1000,4,0,806,1,1,1,4322.25,18636.1,1315,46.3844,0.482746,1224.04,278286,71.597,23.1957,0.267264,48.134,112.048,23.1887,0.0718272,88.7871,183.645,0,0,0
1000,4,0,807,1,1,1,4328.29,18693.8,1314.82,46.3844,0.552902,1223.79,278289,106.718,23.1957,0.337421,83.185,126.381,23.1887,0.0718272,103.121,233.1,0,0,0
1000,4,0,808,1,1,1,4318.22,18634.9,1314.69,46.3844,0.482746,1223.73,278292,130.069,23.1957,0.267264,106.606,129.603,23.1887,0.0718272,106.342,259.672,0,0,0
1000,4,0,809,1,1,1,4342.13,18663.3,1314.69,46.3844,0.482746,1223.72,278292,77.2388,23.1957,0.267264,53.7758,135.591,23.1887,0.0718272,112.331,212.83,0,0,0
1000,4,0,810,1,1,1,4319.75,18653.3,1314.9,46.3844,0.678182,1223.74,278288,133.408,23.1957,0.462701,109.75,121.073,23.1887,0.0718272,97.8129,254.482,0,0,0
1000,4,0,811,1,1,1,4315.02,18645.5,1315.01,46.3844,0.678182,1223.85,278286,136.726,23.1957,0.462701,113.067,74.663,23.1887,0.0718272,51.4025,211.389,0,0,0
1000,4,0,812,1,1,1,4342.99,18659.6,1314.77,46.3844,0.482746,1223.81,278290,108.178,23.1957,0.267264,84.7155,120.474,23.1887,0.0718272,97.2137,228.653,0,0,0
1000,4,0,813,1,1,1,4324.74,24670.7,1320.43,52.1883,0.75001,1223.57,278289,278.292,28.9996,0.516154,248.685,58.9038,23.1887,0.0902016,35.6249,337.196,0,0,0
1000,4,0,814,1,1,1,4333.45,18647.3,1314.68,46.3844,0.517824,1223.69,278292,77.4048,23.1957,0.267264,53.9419,133.009,23.1887,0.106906,109.714,210.414,0,0,0
1000,4,0,815,1,1,1,4320.75,18658,1314.69,46.3844,0.482746,1223.73,278292,128.75,23.1957,0.267264,105.287,137.089,23.1887,0.0718272,113.829,265.839,0,0,0
1000,4,0,816,1,1,1,4340.2,18660.2,1315.12,46.3844,0.913709,1223.72,278283,123.554,23.1957,0.267264,100.091,85.2391,23.1887,0.0718272,61.9786,208.793,0,0,0
1000,4,0,817,1,1,1,4362.68,18688.9,1314.74,46.3844,0.821837,1223.44,278290,106.125,23.1957,0.462701,82.4667,128.785,23.1887,0.0718272,105.525,234.91,0,0,0
1000,4,0,818,1,1,1,4317.51,18716.9,1314.86,46.3844,0.482746,1223.9,278289,128.638,23.1957,0.267264,105.175,76.8613,23.1887,0.0718272,53.6008,205.499,0,0,0
1000,4,0,819,1,1,1,4319.3,18636.1,1314.8,46.3844,0.482746,1223.84,278290,98.2809,23.1957,0.267264,74.818,46.0569,23.1887,0.0718272,22.7964,144.338,0,0,0
1000,4,0,820,1,1,1,4316.62,18661.7,1314.68,46.3844,0.482746,1223.72,278292,103.269,23.1957,0.267264,79.8065,48.4591,23.1887,0.0718272,25.1986,151.729,0,0,0
1000,4,0,821,1,1,1,4351.58,18667.5,1314.71,46.3844,0.6264,1223.61,278291,121.938,23.1957,0.267264,98.4753,138.051,23.1887,0.0718272,114.791,259.989,0,0,0
1000,4,0,822,1,1,1,4330.5,18646.9,1314.79,46.3844,0.517824,1223.79,278290,72.5806,23.1957,0.267264,49.1176,112.958,23.1887,0.106906,89.6625,185.539,0,0,0
1000,4,0,823,1,1,1,4327.45,18642.7,1314.73,46.3844,0.482746,1223.77,278291,131.971,23.1957,0.267264,108.508,75.1846,23.1887,0.0718272,51.9241,207.156,0,0,0
1000,4,0,824,1,1,1,4329.5,18687.9,1314.79,46.3844,0.482746,1223.83,278290,130.504,23.1957,0.267264,107.041,121.501,23.1887,0.0718272,98.2407,252.005,0,0,0
1000,4,0,825,1,1,1,4317.58,18669.4,1314.73,46.3844,0.678182,1223.57,278290,136.267,23.1957,0.462701,112.609,74.1793,23.1887,0.0718272,50.9188,210.446,0,0,0
1000,4,0,826,1,1,1,4327.69,18640.6,1314.81,46.3844,0.482746,1223.85,278290,76.6991,23.1957,0.267264,53.2362,131.615,23.1887,0.0718272,108.355,208.314,0,0,0
1000,4,0,827,1,1,1,4320.58,18644.2,1314.82,46.3844,0.482746,1223.86,278289,121.682,23.1957,0.267264,98.219,123.981,23.1887,0.0718272,100.72,245.663,0,0,0
1000,4,0,828,1,1,1,4334.02,18670.9,1314.69,46.3844,0.571277,1223.64,278291,137.524,23.1957,0.337421,113.991,126.432,23.1887,0.0902016,103.153,263.957,0,0,0
1000,4,0,829,1,1,1,4359.02,18737,1314.53,46.3844,0.552902,1223.5,278294,133.614,23.1957,0.267264,110.151,125.253,23.1887,0.141984,101.922,258.867,0,0,0
1000,4,0,830,1,1,1,4324.38,18666.4,1314.58,46.3844,0.517824,1223.58,278294,99.0037,23.1957,0.302342,75.5056,46.3457,23.1887,0.0718272,23.0852,145.349,0,0,0
1000,4,0,831,1,1,1,4317.9,18668.6,1314.72,46.3844,0.482746,1223.76,278291,116.067,23.1957,0.267264,92.6043,57.5535,23.1887,0.0718272,34.293,173.621,0,0,0
1000,4,0,832,1,1,1,4382.05,18694.3,1315.04,46.3844,0.482746,1224.08,278285,98.0174,23.1957,0.267264,74.5545,133.175,23.1887,0.0718272,109.914,231.192,0,0,0
1000,4,0,833,1,1,1,4318.22,18639.8,1314.79,46.3844,0.482746,1223.83,278290,125.326,23.1957,0.267264,101.863,127.21,23.1887,0.0718272,103.949,252.536,0,0,0
1000,4,0,834,1,1,2,10344.9,24671.9,1337.25,69.5741,0.554573,1223.73,278290,97.7774,23.1957,0.267264,74.3144,298.268,46.3784,0.143654,251.746,396.046,1,0,0
1000,4,0,835,1,1,1,4318.54,24648.5,1320.57,52.1883,0.536198,1223.92,278287,220.874,28.9996,0.320717,191.298,36.6232,23.1887,0.0718272,13.3627,257.497,0,0,0
1000,4,0,836,1,1,1,4328.63,18644.1,1314.82,46.3844,0.482746,1223.86,278289,70.3751,23.1957,0.267264,46.9122,104.608,23.1887,0.0718272,81.3478,174.983,0,0,0
1000,4,0,837,1,1,1,4324.07,18641.1,1314.6,46.3844,0.6264,1223.5,278293,73.3115,23.1957,0.267264,49.8486,126.385,23.1887,0.0718272,103.124,199.697,0,0,0
1000,4,0,838,1,1,1,4332.25,18650.3,1314.61,46.3844,0.482746,1223.65,278293,74.241,23.1957,0.267264,50.778,105.211,23.1887,0.0718272,81.9506,179.452,0,0,0
1000,4,0,839,1,1,1,4404.85,24737.4,1320.2,52.1883,0.571277,1223.52,278293,273.611,28.9996,0.355795,244.153,124.115,23.1887,0.0718272,100.854,397.726,0,0,0
1000,4,0,840,1,1,1,4316.62,18718.2,1314.81,46.3844,0.482746,1223.85,278290,138.181,23.1957,0.267264,114.719,74.0241,23.1887,0.0718272,50.7636,212.206,0,0,0
1000,4,0,841,1,1,1,4323.34,18644.6,1314.84,46.3844,0.482746,1223.88,278289,135.036,23.1957,0.267264,111.573,73.7931,23.1887,0.0718272,50.5326,208.829,0,0,0
1000,4,0,842,1,1,1,4317.26,18633.4,1314.79,46.3844,0.482746,1223.83,278290,88.2787,23.1957,0.267264,64.8158,127.771,23.1887,0.0718272,104.511,216.05,0,0,0
1000,4,0,843,1,1,1,4314.38,24652.2,1320.12,52.1883,0.766714,1223.25,278294,181.817,28.9996,0.551232,151.896,26.5182,23.1887,0.0718272,3.25766,208.335,0,0,0
1000,4,0,844,1,1,1,4326.08,18666.1,1314.63,46.3844,0.536198,1223.61,278292,132.919,23.1957,0.302342,109.421,65.5726,23.1887,0.0902016,42.2937,198.492,0,0,0
1000,4,0,845,1,1,1,4329.6,18656.3,1314.79,46.3844,0.6264,1223.68,278290,124.938,23.1957,0.267264,101.475,137.024,23.1887,0.0718272,113.764,261.962,0,0,0
1000,4,0,846,1,1,1,4345.67,18686.3,1314.68,46.3844,0.552902,1223.65,278291,105.452,23.1957,0.302342,81.9542,126.599,23.1887,0.106906,103.303,232.051,0,0,0
1000,4,0,847,1,1,2,10335.3,24661.4,1337.53,69.5741,0.519494,1224.04,278285,107.087,23.1957,0.267264,83.6236,294.246,46.3784,0.108576,247.759,401.333,1,0,0
1000,4,0,848,1,1,1,4324.68,18656.7,1314.75,46.3844,0.482746,1223.78,278291,129.325,23.1957,0.267264,105.862,131.534,23.1887,0.0718272,108.274,260.859,0,0,0
1000,4,0,849,1,1,1,4343.09,18696.7,1314.79,46.3844,0.856915,1223.45,278289,92.857,23.1957,0.497779,69.1635,131.503,23.1887,0.0718272,108.243,224.36,0,0,0
1000,4,0,850,1,1,1,4322.09,18743.4,1314.98,46.3844,0.552902,1223.94,278286,133.236,23.1957,0.337421,109.703,123.163,23.1887,0.0718272,99.9029,256.399,0,0,0
1000,4,0,851,1,1,1,4329.58,18701,1314.91,46.3952,0.714931,1223.71,278287,101.05,23.2065,0.481075,77.3628,47.6347,23.1887,0.0902016,24.3558,148.685,0,0,0
1000,4,0,852,1,1,1,4327.65,18646.1,1314.98,46.3844,0.482746,1224.02,278287,105.666,23.1957,0.267264,82.2032,126.921,23.1887,0.0718272,103.66,232.587,0,0,0
1000,4,0,853,1,1,1,4316.62,18633,1314.85,46.3844,0.482746,1223.88,278289,69.646,23.1957,0.267264,46.183,121.191,23.1887,0.0718272,97.9303,190.837,0,0,0
1000,4,0,854,1,1,1,4324.05,18646,1314.75,46.3844,0.678182,1223.59,278290,137.216,23.1957,0.462701,113.558,126.28,23.1887,0.0718272,103.02,263.497,0,0,0
1000,4,0,855,1,1,1,4322.57,18728.6,1315.08,46.3844,0.482746,1224.12,278285,123.157,23.1957,0.267264,99.6935,76.1502,23.1887,0.0718272,52.8897,199.307,0,0,0
1000,4,0,856,1,1,1,4316.62,24649.3,1320.52,52.1883,0.891994,1223.52,278287,235.1,28.9996,0.676512,205.209,39.4243,23.1887,0.0718272,16.1638,274.524,0,0,0
1000,4,0,857,1,0,0,-1,-1,1292.24,23.1957,0.267264,1223.98,278292,-1,-1,-1,-1,-1,-1,-1,-1,-1,0,0,0
1000,4,0,858,1,1,1,4320.77,18641.8,1314.87,46.3844,0.482746,1223.91,278289,77.8037,23.1957,0.267264,54.3407,132.485,23.1887,0.0718272,109.225,210.289,0,0,0
1000,4,0,859,1,1,1,4317,18634,1314.67,46.3844,0.482746,1223.7,278292,80.2492,23.1957,0.267264,56.7862,128.785,23.1887,0.0718272,105.525,209.035,0,0,0
1000,4,0,860,1,1,1,4321.22,18662.6,1314.67,46.3844,0.482746,1223.71,278292,133.074,23.1957,0.267264,109.611,74.598,23.1887,0.0718272,51.3375,207.672,0,0,0
1000,4,0,861,1,1,1,4329.8,18661.5,1314.74,46.3844,0.748339,1223.52,278290,107.966,23.1957,0.532858,84.2372,121.891,23.1887,0.0718272,98.6305,229.857,0,0,0
1000,4,0,862,1,1,1,4314.7,18725.6,1314.67,46.3844,0.482746,1223.71,278292,113.169,23.1957,0.267264,89.7058,54.498,23.1887,0.0718272,31.2375,167.667,0,0,0
1000,4,0,863,1,1,1,4321.52,18644.2,1314.98,46.3844,0.482746,1224.02,278287,77.6286,23.1957,0.267264,54.1657,132.603,23.1887,0.0718272,109.342,210.231,0,0,0
1000,4,0,864,1,1,1,4326.38,18649.4,1314.77,46.3844,0.661478,1223.63,278290,71.671,23.1957,0.267264,48.208,112.447,23.1887,0.106906,89.1517,184.118,0,0,0
1000,4,0,865,1,1,1,4328.55,18649.9,1314.77,46.3844,0.6264,1223.67,278290,131.127,23.1957,0.267264,107.664,76.0635,23.1887,0.0718272,52.803,207.19,0,0,0
1000,4,0,866,1,1,1,4327.75,18669.3,1314.75,46.3844,0.482746,1223.79,278291,120.734,23.1957,0.267264,97.2715,125.452,23.1887,0.0718272,102.191,246.186,0,0,0
1000,4,0,867,1,1,1,4322.28,18659.3,1314.94,46.3844,0.482746,1223.98,278287,126.892,23.1957,0.267264,103.429,125.988,23.1887,0.0718272,102.727,252.88,0,0,0
1000,4,0,868,1,1,1,4319.96,18641.9,1314.98,46.3844,0.482746,1224.02,278287,132.691,23.1957,0.267264,109.228,121.221,23.1887,0.0718272,97.9609,253.913,0,0,0
1000,4,0,869,1,1,1,4319.94,18647.5,1314.93,46.3844,0.678182,1223.77,278287,104.055,23.1957,0.462701,80.3966,49.2208,23.1887,0.0718272,25.9602,153.276,0,0,0
1000,4,0,870,1,1,1,4320.69,18686,1314.83,46.3844,0.908698,1223.44,278288,135.608,23.1957,0.693216,111.719,75.468,23.1887,0.0718272,52.2074,211.076,0,0,0
1000,4,0,871,1,1,1,4319.94,18634.6,1314.74,46.3844,0.482746,1223.78,278291,74.3998,23.1957,0.267264,50.9369,105.828,23.1887,0.0718272,82.5678,180.228,0,0,0
1000,4,0,872,1,1,1,4322.32,18679.4,1314.77,46.3844,0.517824,1223.77,278290,133.798,23.1957,0.302342,110.3,133.976,23.1887,0.0718272,110.715,267.774,0,0,0
1000,4,0,873,1,1,1,4329.7,18646.6,1314.81,46.3844,0.482746,1223.85,278290,120.619,23.1957,0.267264,97.156,77.7294,23.1887,0.0718272,54.4689,198.348,0,0,0
1000,4,0,874,1,0,0,-1,-1,1292.19,23.1957,0.407578,1223.79,278292,-1,-1,-1,-1,-1,-1,-1,-1,-1,0,0,0
1000,4,0,875,1,1,1,4324.56,18648.8,1314.73,46.3952,0.50112,1223.74,278291,106.509,23.2065,0.285638,83.0172,51.2259,23.1887,0.0718272,27.9654,157.735,0,0,0
1000,4,0,876,1,1,1,4317.04,18675.6,1314.83,46.3844,0.517824,1223.83,278289,127.166,23.1957,0.302342,103.668,136.515,23.1887,0.0718272,113.255,263.681,0,0,0
1000,4,0,877,1,1,1,4337.84,18660.1,1314.79,46.406,0.519494,1223.77,278290,130.503,23.2173,0.304013,106.981,126.362,23.1887,0.0718272,103.101,256.864,0,0,0
1000,4,0,878,1,1,1,4347.88,18678.2,1314.71,46.3844,0.482746,1223.75,278291,126.45,23.1957,0.267264,102.987,134.014,23.1887,0.0718272,110.753,260.464,0,0,0
1000,4,0,879,1,1,1,4327.5,18697.8,1314.79,46.3844,0.482746,1223.83,278290,132.939,23.1957,0.267264,109.476,120.734,23.1887,0.0718272,97.4736,253.673,0,0,0
1000,4,0,880,1,1,1,4345.89,18676.6,1314.75,46.3844,0.517824,1223.75,278290,73.4242,23.1957,0.302342,49.9262,108.402,23.1887,0.0718272,85.1414,181.826,0,0,0
1000,4,0,881,1,1,1,4319.43,18654.8,1315.02,46.3844,0.517824,1224.02,278286,135.006,23.1957,0.302342,111.508,75.1214,23.1887,0.0718272,51.8609,210.127,0,0,0
1000,4,0,882,1,1,1,4322.02,18637.5,1314.85,46.3844,0.482746,1223.89,278289,129.634,23.1957,0.267264,106.171,75.5997,23.1887,0.0718272,52.3392,205.234,0,0,0
1000,4,0,883,1,1,1,4349.23,18705.7,1314.9,46.3844,0.517824,1223.9,278288,134.811,23.1957,0.302342,111.313,74.6919,23.1887,0.0718272,51.4314,209.503,0,0,0
1000,4,0,884,1,1,1,4320.39,18677.5,1314.7,46.3844,0.517824,1223.7,278291,132.997,23.1957,0.302342,109.499,74.3327,23.1887,0.0718272,51.0722,207.33,0,0,0
1000,4,0,885,1,1,2,10333.1,24670.6,1337.53,69.5741,0.519494,1224.04,278285,130.408,23.1957,0.267264,106.945,300.305,46.3784,0.108576,253.818,430.713,1,0,0
1000,4,0,886,1,1,1,4316.3,18655.1,1315.02,46.3844,0.678182,1223.86,278285,124.722,23.1957,0.462701,101.063,61.488,23.1887,0.0718272,38.2275,186.21,0,0,0
1000,4,0,887,1,1,1,4327.66,18656.3,1314.79,46.3844,0.482746,1223.83,278290,87.0551,23.1957,0.267264,63.5921,126.602,23.1887,0.0718272,103.341,213.657,0,0,0
1000,4,0,888,1,1,1,4324.68,18646.6,1314.84,46.3844,0.6264,1223.73,278289,69.9203,23.1957,0.267264,46.4574,112.735,23.1887,0.0718272,89.4748,182.656,0,0,0
1000,4,0,889,1,1,1,4319.55,18653.9,1315.06,46.3844,0.482746,1224.1,278285,136.431,23.1957,0.267264,112.968,126.726,23.1887,0.0718272,103.466,263.157,0,0,0
1000,4,0,890,1,1,1,4317.9,18678.4,1314.71,46.3844,0.482746,1223.75,278291,129.897,23.1957,0.267264,106.434,119.052,23.1887,0.0718272,95.7916,248.95,0,0,0
1000,4,0,891,1,1,1,4316.62,18685.6,1314.85,46.3844,0.748339,1223.63,278288,124.738,23.1957,0.532858,101.009,77.6572,23.1887,0.0718272,54.3967,202.395,0,0,0
1000,4,0,892,1,1,1,4355.26,18732.4,1314.68,46.3844,0.482746,1223.72,278292,123.25,23.1957,0.267264,99.7874,138.257,23.1887,0.0718272,114.996,261.507,0,0,0
1000,4,0,893,1,1,1,4367.18,18737.4,1314.7,46.3844,0.6264,1223.6,278291,128.206,23.1957,0.267264,104.743,127.002,23.1887,0.0718272,103.742,255.209,0,0,0
1000,4,0,894,1,1,1,4331.41,18658,1314.87,46.3844,0.517824,1223.87,278288,132.135,23.1957,0.267264,108.672,75.1294,23.1887,0.106906,51.8339,207.265,0,0,0
1000,4,0,895,1,1,1,4329.34,18723.8,1314.84,46.3844,0.748339,1223.61,278288,128.237,23.1957,0.532858,104.509,136.223,23.1887,0.0718272,112.962,264.46,0,0,0
1000,4,0,896,1,1,1,4358.79,18689.6,1315.02,46.3844,0.482746,1224.06,278286,128.829,23.1957,0.267264,105.366,135.44,23.1887,0.0718272,112.179,264.269,0,0,0
1000,4,0,897,1,1,1,4361.45,18704.1,1314.88,46.3844,0.50112,1223.9,278288,129.221,23.1957,0.267264,105.758,136.138,23.1887,0.0902016,112.86,265.359,0,0,0
1000,4,0,898,1,1,1,4322.5,18636.4,1314.76,46.3844,0.6264,1223.65,278290,88.1091,23.1957,0.267264,64.6461,128.323,23.1887,0.0718272,105.063,216.432,0,0,0
1000,4,0,899,1,1,2,10369.8,24695.5,1337.37,69.5741,0.554573,1223.85,278288,76.2082,23.1957,0.267264,52.7453,298.929,46.3784,0.143654,252.407,375.137,1,0,0
1000,4,0,900,1,1,1,4317.9,18681.6,1314.67,46.3844,0.482746,1223.71,278292,133.357,23.1957,0.267264,109.894,75.8217,23.1887,0.0718272,52.5612,209.179,0,0,0
1000,4,0,901,1,0,0,-1,-1,1292.17,23.1957,0.267264,1223.9,278294,-1,-1,-1,-1,-1,-1,-1,-1,-1,0,0,0
1000,4,0,902,1,1,1,4360.58,18730,1314.86,46.3844,0.713261,1223.67,278288,125.151,23.1957,0.462701,101.493,83.3214,23.1887,0.106906,60.0258,208.473,0,0,0
1000,4,0,903,1,1,1,4315.98,18667.9,1314.87,46.3844,0.482746,1223.91,278289,136.64,23.1957,0.267264,113.177,74.1703,23.1887,0.0718272,50.9098,210.81,0,0,0
1000,4,0,904,1,1,1,4357.42,18688,1314.84,46.3844,0.661478,1223.7,278288,109.691,23.1957,0.267264,86.2279,124.897,23.1887,0.106906,101.601,234.588,0,0,0
1000,4,0,905,1,1,1,4318.86,24673.1,1320.42,52.1883,0.641434,1223.67,278289,277.683,28.9996,0.425952,248.164,137.835,23.1887,0.0718272,114.574,415.518,0,0,0
1000,4,0,906,1,1,1,4323.97,18647.7,1314.81,46.3844,0.482746,1223.85,278290,68.4404,23.1957,0.267264,44.9774,114.966,23.1887,0.0718272,91.7055,183.406,0,0,0
1000,4,0,907,1,1,1,4365.8,18678.4,1314.79,46.3844,0.482746,1223.83,278290,72.1005,23.1957,0.267264,48.6376,125.131,23.1887,0.0718272,101.87,197.231,0,0,0
1000,4,0,908,1,1,2,4355.63,18684.3,1337.09,69.5741,0.786758,1223.34,278291,131.583,23.1957,0.267264,108.12,159.391,46.3784,0.232186,112.78,290.974,1,0,0
1000,4,0,909,1,1,1,4318.86,18669,1314.77,46.3844,0.482746,1223.81,278290,113.898,23.1957,0.267264,90.4349,122.909,23.1887,0.0718272,99.6484,236.807,0,0,0
1000,4,0,910,1,1,1,4342.54,18663.6,1314.68,46.3844,0.517824,1223.68,278292,126.161,23.1957,0.267264,102.699,136.904,23.1887,0.106906,113.609,263.066,0,0,0
1000,4,0,911,1,1,1,4317.56,18630.8,1314.77,46.3844,0.482746,1223.81,278290,124.115,23.1957,0.267264,100.652,77.8683,23.1887,0.0718272,54.6078,201.983,0,0,0
1000,4,0,912,1,1,2,10332.8,24645.4,1337.41,69.5741,0.519494,1223.92,278287,77.1287,23.1957,0.267264,53.6657,294.961,46.3784,0.108576,248.474,372.09,1,0,0
1000,4,0,913,1,1,1,4320.9,18634.4,1314.74,46.3844,0.482746,1223.78,278291,111.766,23.1957,0.267264,88.3034,121.552,23.1887,0.0718272,98.2912,233.318,0,0,0
1000,4,0,914,1,1,1,4319.79,30642.5,1326.14,57.9922,0.75001,1223.65,278287,377.599,34.8035,0.534528,341.638,35.1,23.1887,0.0718272,11.8395,412.699,0,0,0
1000,4,0,915,1,1,1,4321.86,18753.6,1314.92,46.3844,0.517824,1223.92,278287,126.216,23.1957,0.302342,102.718,78.2979,23.1887,0.0718272,55.0374,204.514,0,0,0
1000,4,0,916,1,1,1,4322.5,18638,1314.67,46.3844,0.482746,1223.71,278292,68.305,23.1957,0.267264,44.8421,116.069,23.1887,0.0718272,92.8082,184.374,0,0,0
1000,4,0,917,1,1,1,4320.97,18670.6,1315.27,46.3844,0.908698,1223.88,278280,132.957,23.1957,0.693216,109.068,120.541,23.1887,0.0718272,97.2805,253.498,0,0,0
1000,4,0,918,1,1,1,4345.08,18687.3,1314.65,46.3844,0.482746,1223.69,278292,121.009,23.1957,0.267264,97.5458,127.28,23.1887,0.0718272,104.02,248.289,0,0,0
1000,4,0,919,1,1,1,4318.86,18715.8,1314.88,46.3844,0.482746,1223.92,278288,97.6132,23.1957,0.267264,74.1502,44.8225,23.1887,0.0718272,21.5619,142.436,0,0,0
1000,4,0,920,1,1,1,4319.82,24656.1,1320.76,52.1883,1.3881,1223.26,278281,282.398,28.9996,1.17262,252.149,73.6974,23.1887,0.0718272,50.4369,356.096,0,0,0
1000,4,0,921,1,1,1,4321.35,18652.5,1314.87,46.3844,0.482746,1223.91,278289,73.3729,23.1957,0.267264,49.9099,125.118,23.1887,0.0718272,101.857,198.491,0,0,0
1000,4,0,922,1,1,1,4329.33,18702,1314.6,46.3844,0.517824,1223.6,278293,128.605,23.1957,0.267264,105.142,98.276,23.1887,0.106906,74.9804,226.881,0,0,0
1000,4,0,923,1,1,1,4314.06,18636.2,1314.67,46.3844,0.482746,1223.7,278292,122.133,23.1957,0.267264,98.6702,76.8342,23.1887,0.0718272,53.5737,198.967,0,0,0
1000,4,0,924,1,1,1,4351.83,18667.9,1314.81,46.3952,0.50112,1223.82,278290,126.725,23.2065,0.285638,103.233,138.894,23.1887,0.0718272,115.634,265.619,0,0,0
1000,4,0,925,1,1,1,4322.74,24657.1,1320.43,52.1883,0.536198,1223.78,278289,283.348,28.9996,0.320717,253.953,74.8038,23.1887,0.0718272,51.5433,358.152,0,0,0
1000,4,0,926,1,1,1,4335.22,18670.6,1314.87,46.3844,0.661478,1223.73,278288,135.37,23.1957,0.302342,111.872,125.459,23.1887,0.0718272,102.199,260.829,0,0,0
1000,4,0,927,1,1,1,4324.62,18668.2,1314.82,46.3844,0.517824,1223.82,278289,133.285,23.1957,0.267264,109.822,134.592,23.1887,0.106906,111.297,267.877,0,0,0
1000,4,0,928,1,1,1,4351.17,18679.7,1315,46.3844,0.517824,1224,278286,122.599,23.1957,0.267264,99.1359,79.9284,23.1887,0.106906,56.6328,202.527,0,0,0
1000,4,0,929,1,1,1,4319.18,18677.8,1314.73,46.3844,0.908698,1223.34,278290,134.991,23.1957,0.693216,111.102,125.282,23.1887,0.0718272,102.022,260.273,0,0,0
1000,4,0,930,1,1,1,4351.98,18713.6,1314.84,46.3844,0.482746,1223.88,278289,119.883,23.1957,0.267264,96.4196,125.163,23.1887,0.0718272,101.903,245.046,0,0,0
1000,4,0,931,1,1,1,4316.62,18641.7,1314.65,46.3844,0.517824,1223.65,278292,122.022,23.1957,0.302342,98.524,76.8342,23.1887,0.0718272,53.5737,198.856,0,0,0
1000,4,0,932,1,0,0,-1,-1,1292.23,23.1957,0.407578,1223.83,278291,-1,-1,-1,-1,-1,-1,-1,-1,-1,0,0,0
1000,4,0,933,1,0,0,-1,-1,1292.28,23.1957,0.302342,1223.98,278291,-1,-1,-1,-1,-1,-1,-1,-1,-1,0,0,0
1000,4,0,934,1,1,1,4317.93,18668.2,1314.76,46.3844,0.482746,1223.8,278290,134.595,23.1957,0.267264,111.132,124.403,23.1887,0.0718272,101.143,258.999,0,0,0
1000,4,0,935,1,1,1,4317.58,18633.3,1314.98,46.3844,0.482746,1224.02,278287,125.32,23.1957,0.267264,101.857,135.422,23.1887,0.0718272,112.161,260.742,0,0,0
1000,4,0,936,1,1,1,4323.3,18645.4,1314.9,46.3844,0.482746,1223.94,278288,77.8867,23.1957,0.267264,54.4237,132.417,23.1887,0.0718272,109.156,210.303,0,0,0
1000,4,0,937,1,1,1,4323.53,30649,1325.95,57.9922,0.75001,1223.46,278291,432.141,34.8035,0.534528,396.338,73.6343,23.1887,0.0718272,50.3738,505.775,0,0,0
1000,4,0,938,1,1,1,4331.4,18667.9,1314.71,46.3844,0.482746,1223.75,278291,105.244,23.1957,0.267264,81.7809,49.8109,23.1887,0.0718272,26.5504,155.055,0,0,0
1000,4,0,939,1,1,1,4325.52,24674.6,1320.22,52.1883,1.03231,1223.08,278291,280.942,28.9996,0.816826,251.042,74.9355,23.1887,0.0718272,51.675,355.878,0,0,0
1000,4,0,940,1,1,1,4333.93,18722.7,1314.9,46.3844,0.482746,1223.94,278288,126.941,23.1957,0.267264,103.478,133.711,23.1887,0.0718272,110.45,260.652,0,0,0
1000,4,0,941,1,1,1,4315.59,30656.9,1326.67,57.9922,1.14088,1223.79,278277,441.475,34.8035,0.925402,405.306,70.373,23.1887,0.0718272,47.1125,511.848,0,0,0
1000,4,0,942,1,1,1,4360.11,18680.4,1314.8,46.3844,0.482746,1223.84,278290,126.864,23.1957,0.267264,103.401,123.468,23.1887,0.0718272,100.208,250.332,0,0,0
1000,4,0,943,1,1,1,4345,18672.1,1314.67,46.3844,0.482746,1223.71,278292,132.827,23.1957,0.267264,109.364,123.165,23.1887,0.0718272,99.9047,255.992,0,0,0
1000,4,0,944,1,1,1,4333.1,18679.2,1314.59,46.3844,0.517824,1223.59,278293,122.358,23.1957,0.302342,98.8597,78.4856,23.1887,0.0718272,55.2251,200.843,0,0,0
1000,4,0,945,1,1,1,4319.82,18695.1,1314.81,46.3844,0.482746,1223.85,278290,122.862,23.1957,0.267264,99.3994,137.044,23.1887,0.0718272,113.784,259.906,0,0,0
1000,4,0,946,1,1,1,4404.72,18724.2,1314.92,46.3844,0.517824,1223.92,278287,126.329,23.1957,0.267264,102.866,95.7042,23.1887,0.106906,72.4086,222.034,0,0,0
1000,4,0,947,1,1,1,4354.96,18708,1314.69,46.3844,0.482746,1223.73,278292,109.507,23.1957,0.267264,86.0438,121.519,23.1887,0.0718272,98.2587,231.026,0,0,0
1000,4,0,948,1,1,1,4325.72,18679.3,1314.83,46.3844,0.482746,1223.87,278289,127.966,23.1957,0.267264,104.503,136.421,23.1887,0.0718272,113.161,264.388,0,0,0
1000,4,0,949,1,1,1,4333.22,18656.4,1314.73,46.3844,0.696557,1223.56,278290,77.7511,23.1957,0.337421,54.218,128.798,23.1887,0.0718272,105.537,206.549,0,0,0
1000,4,0,950,1,1,1,4323,18639.1,1314.74,46.3844,0.50112,1223.76,278291,77.6431,23.1957,0.267264,54.1801,133.011,23.1887,0.0902016,109.732,210.654,0,0,0
1000,4,0,951,1,1,1,4320.9,18707,1314.72,46.3844,0.517824,1223.72,278291,131.474,23.1957,0.302342,107.976,132.346,23.1887,0.0718272,109.086,263.82,0,0,0
1000,4,0,952,1,1,1,4316.3,18671,1314.88,46.3844,0.517824,1223.88,278288,136.556,23.1957,0.302342,113.058,74.3129,23.1887,0.0718272,51.0524,210.869,0,0,0
1000,4,0,953,1,1,1,4333.05,18692,1314.83,46.3844,0.678182,1223.67,278289,133.8,23.1957,0.462701,110.142,135.526,23.1887,0.0718272,112.266,269.326,0,0,0
1000,4,0,954,1,1,1,4353.63,18696.1,1314.54,46.3844,0.517824,1223.54,278294,73.9901,23.1957,0.267264,50.5272,131.473,23.1887,0.106906,108.178,205.464,0,0,0
1000,4,0,955,1,1,1,4339.75,18665.8,1314.9,46.3844,0.661478,1223.76,278287,72.0778,23.1957,0.302342,48.5798,106.215,23.1887,0.0718272,82.954,178.292,0,0,0
1000,4,0,956,1,1,1,4313.74,18628.5,1314.68,46.3844,0.482746,1223.72,278292,70.7235,23.1957,0.267264,47.2605,118.408,23.1887,0.0718272,95.1473,189.131,0,0,0
1000,4,0,957,1,1,1,4330.73,18694.8,1314.94,46.3844,0.661478,1223.8,278287,124.179,23.1957,0.302342,100.681,77.8322,23.1887,0.0718272,54.5717,202.011,0,0,0
1000,4,0,958,1,1,2,10319.8,24655,1337.27,69.5741,0.554573,1223.75,278289,73.7834,23.1957,0.302342,50.2853,282.721,46.3784,0.108576,236.234,356.504,1,0,0
1000,4,0,959,1,1,1,4319.14,18643.7,1314.72,46.3844,0.482746,1223.76,278291,130.184,23.1957,0.267264,106.721,120.175,23.1887,0.0718272,96.9142,250.359,0,0,0
1000,4,0,960,1,1,1,4355.7,18674.9,1315.01,46.3844,0.805133,1223.72,278285,77.7846,23.1957,0.302342,54.2866,134.158,23.1887,0.0718272,110.898,211.943,0,0,0
1000,4,0,961,1,1,1,4350.37,18668.7,1315.02,46.3844,0.482746,1224.06,278286,76.109,23.1957,0.267264,52.646,130.702,23.1887,0.0718272,107.442,206.811,0,0,0
1000,4,0,962,1,1,2,10330.3,24644.7,1337.23,69.5741,0.572947,1223.69,278290,74.3565,23.1957,0.267264,50.8936,298.241,46.3784,0.162029,251.701,372.598,1,0,0
1000,4,0,963,1,1,1,4321.8,18646.2,1314.77,46.3844,0.482746,1223.81,278290,136.063,23.1957,0.267264,112.6,75.9733,23.1887,0.0718272,52.7128,212.036,0,0,0
1000,4,0,964,1,1,1,4318.54,18632.4,1314.94,46.3844,0.482746,1223.98,278287,72.1691,23.1957,0.267264,48.7061,108.073,23.1887,0.0718272,84.813,180.243,0,0,0
1000,4,0,965,1,1,1,4316.62,18668.9,1314.77,46.3844,0.482746,1223.81,278290,129.138,23.1957,0.267264,105.675,119.814,23.1887,0.0718272,96.5532,248.951,0,0,0
1000,4,0,966,1,1,1,4328,18646.2,1314.75,46.3844,0.482746,1223.79,278291,131.293,23.1957,0.267264,107.83,76.1285,23.1887,0.0718272,52.868,207.421,0,0,0
1000,4,0,967,1,1,1,4349.47,18685.7,1314.84,46.3844,0.805133,1223.56,278288,124.599,23.1957,0.302342,101.101,85.9394,23.1887,0.0718272,62.6789,210.539,0,0,0
1000,4,0,968,1,1,1,4322.15,18743.9,1315.01,46.3952,0.87529,1223.65,278285,135.279,23.2065,0.516154,111.556,123.791,23.1887,0.0718272,100.531,259.071,0,0,0
1000,4,0,969,1,1,1,4317.26,18688.6,1314.83,46.3844,0.517824,1223.83,278289,100.59,23.1957,0.302342,77.092,46.9936,23.1887,0.0718272,23.7331,147.584,0,0,0
1000,4,0,970,1,1,1,4329.97,18673.1,1314.87,46.3844,0.482746,1223.91,278289,134.424,23.1957,0.267264,110.961,124.761,23.1887,0.0718272,101.5,259.185,0,0,0
1000,4,0,971,1,1,1,4318.86,18647.9,1314.98,46.3844,0.482746,1224.02,278287,135.613,23.1957,0.267264,112.15,75.2333,23.1887,0.0718272,51.9728,210.847,0,0,0
1000,4,0,972,1,1,1,4365.89,18718.3,1314.77,46.3952,0.858586,1223.42,278289,127.796,23.2065,0.320717,104.269,137.673,23.1887,0.106906,114.377,265.469,0,0,0
1000,4,0,973,1,1,1,4359.68,18689.5,1315.2,46.3844,0.661478,1224.06,278282,79.585,23.1957,0.267264,56.1221,132.973,23.1887,0.106906,109.678,212.558,0,0,0
1000,4,0,974,1,1,1,4316.94,18658.1,1314.74,46.3844,0.678182,1223.58,278290,137.844,23.1957,0.462701,114.186,72.8943,23.1887,0.0718272,49.6338,210.739,0,0,0
1000,4,0,975,1,1,1,4349.93,18674.6,1314.65,46.3844,0.770054,1223.39,278292,112.94,23.1957,0.267264,89.4766,124.12,23.1887,0.0718272,100.859,237.059,0,0,0
1000,4,0,976,1,1,1,4400.95,18720.3,1314.74,46.3844,0.482746,1223.78,278291,115.97,23.1957,0.267264,92.5068,127.349,23.1887,0.0718272,104.088,243.319,0,0,0
1000,4,0,977,1,1,1,4359.43,18678.5,1314.89,46.3844,0.482746,1223.93,278288,72.2846,23.1957,0.267264,48.8216,108.961,23.1887,0.0718272,85.7009,181.246,0,0,0
1000,4,0,978,1,0,0,-1,-1,1292.38,23.1957,0.302342,1224.08,278290,-1,-1,-1,-1,-1,-1,-1,-1,-1,0,0,0
1000,4,0,979,1,1,1,4315.66,18684,1314.79,46.3844,0.482746,1223.83,278290,135.007,23.1957,0.267264,111.544,135.73,23.1887,0.0718272,112.47,270.737,0,0,0
1000,4,0,980,1,1,1,4315.34,18652.5,1315,46.3844,0.482746,1224.04,278286,126.297,23.1957,0.267264,102.834,106.334,23.1887,0.0718272,83.0731,232.631,0,0,0
1000,4,0,981,1,1,1,4330.98,18643.9,1314.86,46.3844,0.6264,1223.76,278288,68.9584,23.1957,0.267264,45.4954,113.075,23.1887,0.0718272,89.8141,182.033,0,0,0
1000,4,0,982,1,1,1,4321.84,18659.1,1314.73,46.3844,0.482746,1223.76,278291,135.777,23.1957,0.267264,112.315,74.0349,23.1887,0.0718272,50.7744,209.812,0,0,0
1000,4,0,983,1,1,1,4326.7,24651.2,1320.57,52.1883,0.927072,1223.53,278286,281.832,28.9996,0.71159,252.044,74.9337,23.1887,0.0718272,51.6732,356.766,0,0,0
1000,4,0,984,1,1,1,4322.44,18645.2,1314.71,46.3844,0.517824,1223.71,278291,122.502,23.1957,0.302342,99.0041,134.247,23.1887,0.0718272,110.986,256.749,0,0,0
1000,4,0,985,1,1,1,4327.37,18659.8,1314.58,46.3844,0.482746,1223.61,278294,120.928,23.1957,0.267264,97.4646,77.3197,23.1887,0.0718272,54.0592,198.247,0,0,0
1000,4,0,986,1,1,1,4361.46,18682.6,1314.75,46.3844,0.482746,1223.79,278291,73.0589,23.1957,0.267264,49.5959,125.457,23.1887,0.0718272,102.197,198.516,0,0,0
1000,4,0,987,1,0,0,-1,-1,1292.07,23.1957,0.302342,1223.77,278295,-1,-1,-1,-1,-1,-1,-1,-1,-1,0,0,0
1000,4,0,988,1,1,1,4329.01,18649.9,1314.81,46.3844,0.517824,1223.81,278289,121.683,23.1957,0.302342,98.1847,79.3609,23.1887,0.0718272,56.1004,201.044,0,0,0
1000,4,0,989,1,1,1,4358.42,18781.1,1314.66,46.3844,0.87529,1223.31,278291,129.672,23.1957,0.337421,106.138,119.824,23.1887,0.106906,96.5279,249.495,0,0,0
1000,4,0,990,1,1,1,4349.77,18765.9,1314.78,46.3844,0.50112,1223.8,278290,133.058,23.1957,0.267264,109.595,123.64,23.1887,0.0902016,100.361,256.698,0,0,0
1000,4,0,991,1,1,2,10338,24666.3,1337.15,69.5741,0.519494,1223.66,278292,133.056,23.1957,0.267264,109.593,300.493,46.3784,0.108576,254.006,433.549,1,0,0
1000,4,0,992,1,1,1,4322.7,24639.7,1320.92,52.1883,1.31795,1223.5,278279,252.879,28.9996,1.10246,222.617,42.765,23.1887,0.0718272,19.5045,295.644,0,0,0
1000,4,0,993,1,1,1,4332.87,18647,1314.79,46.3844,0.482746,1223.83,278290,77.4157,23.1957,0.267264,53.9527,130.011,23.1887,0.0718272,106.75,207.426,0,0,0
1000,4,0,994,1,1,1,4353.59,18677.2,1314.69,46.3844,0.770054,1223.44,278291,126.434,23.1957,0.267264,102.971,136.494,23.1887,0.0718272,113.233,262.928,0,0,0
1000,4,0,995,1,1,1,4324.57,18638.1,1314.67,46.3844,0.482746,1223.71,278292,126.553,23.1957,0.267264,103.09,124.528,23.1887,0.0718272,101.267,251.081,0,0,0
1000,4,0,996,1,1,1,4324.04,18661.8,1314.79,46.3844,0.482746,1223.83,278290,132.596,23.1957,0.267264,109.133,120.77,23.1887,0.0718272,97.5097,253.366,0,0,0
1000,4,0,997,1,1,1,4321.86,24658.1,1320.3,52.1883,0.536198,1223.65,278292,277.581,28.9996,0.320717,248.169,75.9823,23.1887,0.0718272,52.7218,353.563,0,0,0
1000,4,0,998,1,1,1,4317.1,18660.1,1314.63,46.3844,0.552902,1223.59,278292,134.252,23.1957,0.337421,110.719,123.347,23.1887,0.0718272,100.087,257.6,0,0,0
1000,4,0,999,1,1,1,4323.92,18672.9,1314.83,46.3844,0.517824,1223.83,278289,135.046,23.1957,0.302342,111.547,74.5024,23.1887,0.0718272,51.2419,209.548,0,0,0
1000,4,0,1000,1,1,1,4372.9,18700.7,1314.74,46.3844,0.517824,1223.74,278291,121.35,23.1957,0.267264,97.8869,133.123,23.1887,0.106906,109.827,254.473,0,0,0
