N,seed,dutyCycle,devId,registered,authSuccess,attempts,latencyMs,e2eMs,fullEnergyMJ,fullCpuEnergyMJ,fullTxEnergyMJ,fullRxEnergyMJ,idleListeningMs,regEnergyMJ,regCpuEnergyMJ,regTxEnergyMJ,regRxEnergyMJ,authEnergyMJ,authCpuEnergyMJ,authTxEnergyMJ,authRxEnergyMJ,sessionEnergyMJ,fallbackUsed,replayRejected,desync
1000,3,0,1,1,1,1,4420.88,18764.2,1323.79,46.3844,0.517824,1232.81,278130,126.882,23.1957,0.302342,103.384,119.938,23.1887,0.0718272,96.6777,246.821,0,0,0
1000,3,0,2,1,1,1,4358.51,18690.6,1323.93,46.3844,0.482746,1232.99,278128,120.419,23.1957,0.267264,96.9557,130.574,23.1887,0.0718272,107.313,250.993,0,0,0
1000,3,0,3,1,0,0,-1,-1,1301.43,23.1957,0.372499,1233.09,278128,-1,-1,-1,-1,-1,-1,-1,-1,-1,0,0,0
1000,3,0,4,1,1,1,4323.14,18646.5,1323.94,46.3844,0.482746,1233.01,278127,125.006,23.1957,0.267264,101.543,84.0949,23.1887,0.0718272,60.8344,209.101,0,0,0
1000,3,0,5,1,1,1,4318.86,24655.5,1329.51,52.1883,0.536198,1232.89,278128,269.841,28.9996,0.320717,240.407,83.4686,23.1887,0.0718272,60.2081,353.31,0,0,0
1000,3,0,6,1,1,1,4354.45,18714.8,1323.84,46.3844,0.821837,1232.56,278128,111.956,23.1957,0.462701,88.298,124.389,23.1887,0.0718272,101.128,236.345,0,0,0
1000,3,0,7,1,1,1,4325.13,18643.3,1323.95,46.3844,0.482746,1233.01,278127,129.04,23.1957,0.267264,105.577,70.5445,23.1887,0.0718272,47.284,199.585,0,0,0
1000,3,0,8,1,1,1,4386.1,18792,1323.71,46.3844,0.748339,1232.51,278130,126.526,23.1957,0.497779,102.832,130.013,23.1887,0.106906,106.718,256.539,0,0,0
1000,3,0,9,1,1,1,4313.74,24630.8,1329.47,52.1883,0.536198,1232.85,278129,241.252,28.9996,0.320717,211.737,44.6329,23.1887,0.0718272,21.3724,285.885,0,0,0
1000,3,0,10,1,1,2,10332.8,24656.6,1346.41,69.5741,0.519494,1232.95,278127,81.9836,23.1957,0.267264,58.5206,290.754,46.3784,0.108576,244.267,372.738,1,0,0
1000,3,0,11,1,1,1,4317.19,18672.4,1323.89,46.3844,0.482746,1232.95,278128,102.645,23.1957,0.267264,79.182,128.571,23.1887,0.0718272,105.31,231.216,0,0,0
1000,3,0,12,1,1,1,4330.25,24668.8,1329.58,52.1883,0.571277,1232.93,278126,272.683,28.9996,0.320717,243.256,82.6284,23.1887,0.106906,59.3328,355.311,0,0,0
1000,3,0,13,1,1,1,4318.86,18668.9,1323.94,46.3844,0.482746,1233.01,278127,131.161,23.1957,0.267264,107.698,71.6418,23.1887,0.0718272,48.3813,202.803,0,0,0
1000,3,0,14,1,1,1,4320.84,18679.6,1323.78,46.3844,0.748339,1232.58,278129,121.534,23.1957,0.532858,97.8057,129.962,23.1887,0.0718272,106.702,251.496,0,0,0
1000,3,0,15,1,1,1,4332.36,18648.1,1324.02,46.3844,0.482746,1233.08,278126,81.6443,23.1957,0.267264,58.1813,127.172,23.1887,0.0718272,103.911,208.816,0,0,0
1000,3,0,16,1,1,1,4331.67,18666.3,1324,46.3844,0.482746,1233.06,278126,132.052,23.1957,0.267264,108.589,124.584,23.1887,0.0718272,101.323,256.636,0,0,0
1000,3,0,17,1,1,1,4356.76,18669,1323.96,46.3844,0.482746,1233.03,278127,127.181,23.1957,0.267264,103.718,100.668,23.1887,0.0718272,77.4079,227.85,0,0,0
1000,3,0,18,1,1,1,4318.22,18720.9,1324,46.3844,0.678182,1232.87,278126,129.396,23.1957,0.462701,105.738,70.1005,23.1887,0.0718272,46.84,199.497,0,0,0
1000,3,0,19,1,1,1,4321.02,18663.4,1323.75,46.3844,0.482746,1232.81,278131,100.331,23.1957,0.267264,76.8682,128.195,23.1887,0.0718272,104.935,228.526,0,0,0
1000,3,0,20,1,1,1,4339.21,18811.1,1323.29,46.3844,0.587981,1232.25,278138,135.379,23.1957,0.372499,111.811,128.331,23.1887,0.0718272,105.07,263.71,0,0,0
1000,3,0,21,1,1,1,4318.98,18655.9,1324.04,46.3844,0.873619,1232.72,278124,125.886,23.1957,0.658138,102.033,85.9033,23.1887,0.0718272,62.6428,211.79,0,0,0
1000,3,0,22,1,1,1,4378.85,18789.5,1323.95,46.3844,0.678182,1232.81,278127,133.446,23.1957,0.462701,109.788,129.363,23.1887,0.0718272,106.102,262.809,0,0,0
1000,3,0,23,1,1,1,4329.7,18667.7,1323.83,46.3844,0.482746,1232.89,278129,126.122,23.1957,0.267264,102.659,131.718,23.1887,0.0718272,108.458,257.84,0,0,0
1000,3,0,24,1,0,0,-1,-1,1301.42,23.1957,0.267264,1233.18,278129,-1,-1,-1,-1,-1,-1,-1,-1,-1,0,0,0
1000,3,0,25,1,1,1,4354.74,18675.5,1323.72,46.3844,0.571277,1232.69,278131,77.716,23.1957,0.302342,54.218,133.484,23.1887,0.12528,110.17,211.2,0,0,0
1000,3,0,26,1,1,1,4327.37,18685,1324.1,46.3844,0.873619,1232.77,278123,85.6412,23.1957,0.658138,61.7873,125.275,23.1887,0.0718272,102.015,210.916,0,0,0
1000,3,0,27,0,0,0,-1,-1,1301.71,23.206,1.13754,1232.6,278121,-1,-1,-1,-1,-1,-1,-1,-1,-1,0,0,0
1000,3,0,28,1,1,1,4323.32,18655.7,1323.99,46.3844,0.678182,1232.85,278126,82.6772,23.1957,0.462701,59.0188,127.818,23.1887,0.0718272,104.557,210.495,0,0,0
1000,3,0,29,1,1,1,4322.6,18735.1,1324.07,46.3844,0.6264,1232.99,278125,132.933,23.1957,0.267264,109.47,127.397,23.1887,0.0718272,104.137,260.331,0,0,0
1000,3,0,30,1,1,1,4346.02,18662.4,1323.96,46.3844,0.482746,1233.02,278127,76.867,23.1957,0.267264,53.404,133.474,23.1887,0.0718272,110.214,210.341,0,0,0
1000,3,0,31,1,1,1,4319.35,18682.5,1323.96,46.3844,0.517824,1232.99,278127,131.593,23.1957,0.302342,108.095,127.856,23.1887,0.0718272,104.595,259.449,0,0,0
1000,3,0,32,1,1,1,4317.51,18633.6,1323.91,46.3844,0.482746,1232.97,278128,130.298,23.1957,0.267264,106.835,68.33,23.1887,0.0718272,45.0695,198.628,0,0,0
1000,3,0,33,0,0,0,-1,-1,1306.94,29.0099,0.729965,1232.6,278129,-1,-1,-1,-1,-1,-1,-1,-1,-1,0,0,0
1000,3,0,34,1,0,0,-1,-1,1301.36,23.1957,0.302342,1233.09,278130,-1,-1,-1,-1,-1,-1,-1,-1,-1,0,0,0
1000,3,0,35,1,1,1,4320.9,18640.8,1323.87,46.3844,0.482746,1232.93,278129,76.3707,23.1957,0.267264,52.9077,132.945,23.1887,0.0718272,109.685,209.316,0,0,0
1000,3,0,36,1,0,0,-1,-1,1301.36,23.1957,0.267264,1233.12,278130,-1,-1,-1,-1,-1,-1,-1,-1,-1,0,0,0
1000,3,0,37,1,1,1,4318.22,24632.7,1329.5,52.1883,0.696557,1232.72,278128,211.675,28.9996,0.481075,181.915,34.6975,23.1887,0.0718272,11.437,246.373,0,0,0
1000,3,0,38,1,1,1,4360.53,18678.5,1324.04,46.3844,0.536198,1233.05,278125,124.008,23.1957,0.267264,100.545,61.4151,23.1887,0.12528,38.1011,185.423,0,0,0
1000,3,0,39,1,1,1,4333.08,18692.7,1324.29,46.3844,1.00057,1232.84,278120,125.587,23.1957,0.497779,101.894,120.619,23.1887,0.0718272,97.3581,246.206,0,0,0
1000,3,0,40,1,1,1,4330.63,18646.4,1323.85,46.3844,0.482746,1232.91,278129,76.9482,23.1957,0.267264,53.4852,129.668,23.1887,0.0718272,106.407,206.616,0,0,0
1000,3,0,41,1,1,1,4323.43,18639.8,1323.83,46.3844,0.482746,1232.89,278129,79.3215,23.1957,0.267264,55.8586,126.495,23.1887,0.0718272,103.235,205.817,0,0,0
1000,3,0,42,1,1,1,4321.65,18658,1323.88,46.3844,0.552902,1232.87,278128,80.7048,23.1957,0.302342,57.2067,120.466,23.1887,0.106906,97.1704,201.171,0,0,0
1000,3,0,43,1,1,1,4320.71,18645,1323.96,46.3844,0.482746,1233.02,278127,113.782,23.1957,0.267264,90.3194,56.4941,23.1887,0.0718272,33.2336,170.276,0,0,0
1000,3,0,44,1,1,1,4322.25,24652.8,1329.4,52.1883,0.927072,1232.39,278129,275.526,28.9996,0.71159,245.718,112.481,23.1887,0.0718272,89.2203,388.007,0,0,0
1000,3,0,45,1,1,1,4338.56,18664.8,1324.02,46.3844,0.482746,1233.08,278126,81.7165,23.1957,0.267264,58.2535,116.953,23.1887,0.0718272,93.6926,198.67,0,0,0
1000,3,0,46,1,1,1,4333.62,24681,1329.59,52.1883,0.927072,1232.58,278125,287.431,28.9996,0.71159,257.655,126.574,23.1887,0.0718272,103.314,414.005,0,0,0
1000,3,0,47,1,1,1,4325.45,18640.3,1323.87,46.3844,0.482746,1232.93,278129,124.642,23.1957,0.267264,101.179,84.5118,23.1887,0.0718272,61.2513,209.154,0,0,0
1000,3,0,48,1,1,1,4325.83,24649.4,1329.71,52.1883,0.927072,1232.7,278123,271.958,28.9996,0.71159,242.141,59.8745,23.1887,0.0718272,36.614,331.832,0,0,0
1000,3,0,49,1,1,1,4318.22,18635,1323.84,46.3952,0.50112,1232.87,278129,130.65,23.2065,0.285638,107.158,73.6704,23.1887,0.0718272,50.4099,204.321,0,0,0
1000,3,0,50,1,1,1,4330.52,18645,1323.72,46.3844,0.6264,1232.64,278131,76.0187,23.1957,0.267264,52.5558,128.932,23.1887,0.0718272,105.671,204.95,0,0,0
1000,3,0,51,1,1,1,4338.72,18674.5,1323.72,46.3844,0.517824,1232.75,278131,83.2261,23.1957,0.302342,59.7281,116.294,23.1887,0.0718272,93.0338,199.52,0,0,0
1000,3,0,52,1,1,1,4341.04,18680.7,1323.85,46.3844,0.482746,1232.91,278129,128.309,23.1957,0.267264,104.846,124.084,23.1887,0.0718272,100.823,252.393,0,0,0
1000,3,0,53,1,1,1,4317.58,18686.5,1323.89,46.3844,0.482746,1232.95,278128,128.376,23.1957,0.267264,104.913,126.029,23.1887,0.0718272,102.769,254.405,0,0,0
1000,3,0,54,1,1,3,16325.7,30641.8,1368.99,92.7639,0.843552,1232.71,278124,79.6843,23.1957,0.267264,56.2213,456.013,69.5682,0.432634,386.012,535.698,2,0,0
1000,3,0,55,1,1,1,4323.62,18672.9,1323.69,46.3844,0.713261,1232.52,278131,125.065,23.1957,0.497779,101.372,83.0734,23.1887,0.0718272,59.8129,208.139,0,0,0
1000,3,0,56,1,1,1,4333.32,18660.5,1323.87,46.3844,0.482746,1232.93,278129,124.479,23.1957,0.267264,101.016,124.104,23.1887,0.0718272,100.843,248.583,0,0,0
1000,3,0,57,1,1,1,4325.31,18651.4,1323.85,46.3844,0.482746,1232.91,278129,133.099,23.1957,0.267264,109.636,124.075,23.1887,0.0718272,100.814,257.174,0,0,0
1000,3,0,58,1,1,1,4327.91,18652.5,1323.96,46.3844,0.482746,1233.02,278127,76.8832,23.1957,0.267264,53.4203,133.362,23.1887,0.0718272,110.102,210.246,0,0,0
1000,3,0,59,1,1,1,4394.16,18729.3,1323.71,46.3844,0.517824,1232.74,278131,127.505,23.1957,0.302342,104.007,117.48,23.1887,0.0718272,94.2196,244.985,0,0,0
1000,3,0,60,1,1,1,4314.7,18640.9,1323.85,46.3844,0.482746,1232.91,278129,124.876,23.1957,0.267264,101.414,127.652,23.1887,0.0718272,104.391,252.528,0,0,0
1000,3,0,61,1,1,1,4318.2,18630.8,1323.85,46.3844,0.482746,1232.91,278129,72.8676,23.1957,0.267264,49.4046,107.083,23.1887,0.0718272,83.8221,179.95,0,0,0
1000,3,0,62,1,1,1,4320.14,24635,1329.44,52.1883,0.696557,1232.66,278129,189.839,28.9996,0.481075,160.015,28.6659,23.1887,0.0718272,5.40538,218.505,0,0,0
1000,3,0,63,1,1,1,4317.58,18698.1,1323.84,46.3844,0.552902,1232.84,278129,130.285,23.1957,0.337421,106.752,71.4595,23.1887,0.0718272,48.199,201.745,0,0,0
1000,3,0,64,1,1,1,4419.15,18739.7,1323.99,46.3844,0.552902,1232.99,278126,77.5257,23.1957,0.267264,54.0628,131.949,23.1887,0.141984,108.618,209.475,0,0,0
1000,3,0,65,1,1,1,4359.41,18675.2,1323.69,46.3844,0.482746,1232.75,278132,97.9453,23.1957,0.267264,74.4823,128.322,23.1887,0.0718272,105.061,226.267,0,0,0
1000,3,0,66,1,1,1,4317.26,18635.1,1323.87,46.3844,0.482746,1232.93,278129,75.2048,23.1957,0.267264,51.7418,127.988,23.1887,0.0718272,104.727,203.192,0,0,0
1000,3,0,67,1,1,2,10333,24673,1346.25,69.5741,0.554573,1232.75,278130,111.975,23.1957,0.302342,88.4767,291.373,46.3784,0.108576,244.886,403.348,1,0,0
1000,3,0,68,1,1,1,4345.03,18656.6,1323.94,46.3844,0.50112,1232.99,278127,127.457,23.1957,0.267264,103.994,126.58,23.1887,0.0902016,103.301,254.038,0,0,0
1000,3,0,69,1,1,1,4324.87,18647.4,1323.65,46.3844,0.517824,1232.67,278132,78.4885,23.1957,0.302342,54.9905,111.246,23.1887,0.0718272,87.9858,189.735,0,0,0
1000,3,0,70,1,1,1,4318.57,24649.4,1329.58,52.1883,1.08743,1232.41,278125,276.828,28.9996,0.871949,246.864,110.79,23.1887,0.0718272,87.5292,387.618,0,0,0
1000,3,0,71,1,1,1,4322.7,18650.5,1323.96,46.3844,0.482746,1233.02,278127,115.607,23.1957,0.267264,92.1441,124.625,23.1887,0.0718272,101.365,240.232,0,0,0
1000,3,0,72,1,1,1,4326.14,18658.3,1323.97,46.3844,0.482746,1233.03,278127,131.825,23.1957,0.267264,108.362,124.984,23.1887,0.0718272,101.724,256.809,0,0,0
1000,3,0,73,1,1,1,4317.61,18668.9,1323.96,46.3844,0.517824,1232.99,278127,128.371,23.1957,0.302342,104.873,91.4278,23.1887,0.0718272,68.1673,219.799,0,0,0
1000,3,0,74,1,1,1,4317.58,18633.3,1323.67,46.3844,0.482746,1232.73,278132,87.0154,23.1957,0.267264,63.5524,126.757,23.1887,0.0718272,103.496,213.772,0,0,0
1000,3,0,75,1,1,1,4316.23,18641.6,1323.98,46.3844,0.482746,1233.04,278127,83.126,23.1957,0.267264,59.6631,116.496,23.1887,0.0718272,93.236,199.623,0,0,0
1000,3,0,76,1,1,1,4321.96,18674.7,1324.15,46.3844,1.01727,1232.68,278122,127.099,23.1957,0.658138,103.245,127.024,23.1887,0.0718272,103.763,254.123,0,0,0
1000,3,0,77,1,1,1,4322.79,18636,1323.7,46.3844,0.6264,1232.62,278131,76.0639,23.1957,0.267264,52.6009,130.18,23.1887,0.0718272,106.92,206.244,0,0,0
1000,3,0,78,1,1,1,4335.62,18666.3,1323.75,46.3844,0.482746,1232.81,278131,83.496,23.1957,0.267264,60.0331,115.468,23.1887,0.0718272,92.2072,198.964,0,0,0
1000,3,0,79,1,1,1,4327.56,18650.7,1324.1,46.3844,0.661478,1232.99,278124,92.4974,23.1957,0.302342,68.9993,127.675,23.1887,0.0718272,104.415,220.173,0,0,0
1000,3,0,80,1,1,1,4315.98,18637.3,1323.85,46.3844,0.50112,1232.89,278129,103.634,23.1957,0.267264,80.171,52.1033,23.1887,0.0902016,28.8245,155.737,0,0,0
1000,3,0,81,1,1,2,10321.2,24736.3,1346.45,69.5741,1.12919,1232.38,278125,126.341,23.1957,0.302342,102.843,140.284,46.3784,0.683194,93.2125,266.625,1,0,0
1000,3,0,82,1,1,1,4333.48,18655.6,1324.09,46.3844,0.6264,1233.01,278124,80.6499,23.1957,0.267264,57.1869,120.805,23.1887,0.0718272,97.544,201.454,0,0,0
1000,3,0,83,1,1,1,4335.62,24676.3,1329.49,52.1883,0.731635,1232.68,278128,226.357,28.9996,0.516154,196.6,41.5323,23.1887,0.0718272,18.2718,267.89,0,0,0
1000,3,0,84,1,1,1,4322.63,18675.4,1324.11,46.3844,0.748339,1232.91,278123,127.372,23.1957,0.497779,103.679,73.4564,23.1887,0.106906,50.1608,200.828,0,0,0
1000,3,0,85,1,1,1,4348.2,18688.9,1324.03,46.3844,0.821837,1232.75,278125,76.4542,23.1957,0.462701,52.7958,132.276,23.1887,0.0718272,109.015,208.73,0,0,0
1000,3,0,86,1,1,1,4315.98,18664.7,1323.74,46.3844,0.552902,1232.73,278130,112.253,23.1957,0.337421,88.7204,56.144,23.1887,0.0718272,32.8835,168.397,0,0,0
1000,3,0,87,1,1,1,4322.44,18662.4,1323.91,46.3844,0.713261,1232.74,278127,124.925,23.1957,0.497779,101.231,127.065,23.1887,0.0718272,103.805,251.99,0,0,0
1000,3,0,88,1,1,1,4337.54,18658.2,1323.94,46.3844,0.517824,1232.97,278127,97.2757,23.1957,0.267264,73.8127,48.3426,23.1887,0.106906,25.047,145.618,0,0,0
1000,3,0,89,1,1,1,4317.83,24707.2,1329.5,52.1883,0.871949,1232.54,278127,275.234,28.9996,0.656467,245.471,83.6004,23.1887,0.0718272,60.3399,358.834,0,0,0
1000,3,0,90,1,1,1,4342.79,18740.1,1323.8,46.3844,0.587981,1232.76,278129,122.953,23.1957,0.267264,99.4896,130.737,23.1887,0.177062,107.371,253.689,0,0,0
1000,3,0,91,1,1,2,10333.5,24711.9,1346.45,69.5741,0.519494,1232.99,278126,133.218,23.1957,0.267264,109.755,292.831,46.3784,0.108576,246.344,426.05,1,0,0
1000,3,0,92,1,0,0,-1,-1,1300.93,23.1957,0.477734,1232.49,278136,-1,-1,-1,-1,-1,-1,-1,-1,-1,0,0,0
1000,3,0,93,1,1,1,4315.02,18651.2,1323.81,46.3844,0.482746,1232.87,278130,131.507,23.1957,0.267264,108.044,69.5645,23.1887,0.0718272,46.3039,201.072,0,0,0
1000,3,0,94,1,1,1,4332.65,18647.5,1323.85,46.3844,0.482746,1232.91,278129,124.721,23.1957,0.267264,101.258,131.695,23.1887,0.0718272,108.434,256.416,0,0,0
1000,3,0,95,1,1,2,10324,24636.9,1346.37,69.5741,0.519494,1232.91,278128,129.275,23.1957,0.267264,105.812,294.384,46.3784,0.108576,247.896,423.658,1,0,0
1000,3,0,96,1,1,1,4355.65,18685.2,1323.87,46.3844,0.482746,1232.93,278129,126.611,23.1957,0.267264,103.148,120.785,23.1887,0.0718272,97.5242,247.396,0,0,0
1000,3,0,97,1,1,1,4326.79,18647.7,1323.71,46.3844,0.482746,1232.77,278131,125.248,23.1957,0.267264,101.785,121.646,23.1887,0.0718272,98.3851,246.894,0,0,0
1000,3,0,98,1,1,1,4346.06,18694,1323.62,46.3844,0.623059,1232.54,278132,77.5021,23.1957,0.337421,53.9689,110.436,23.1887,0.141984,87.1051,187.938,0,0,0
1000,3,0,99,1,1,1,4329.87,24677.2,1329.55,52.1883,0.536198,1232.93,278127,258.554,28.9996,0.320717,229.085,54.2273,23.1887,0.0718272,30.9668,312.781,0,0,0
1000,3,0,100,1,1,1,4355.24,18727.9,1324,46.3844,0.517824,1233.03,278126,117.144,23.1957,0.302342,93.6457,125.403,23.1887,0.0718272,102.143,242.547,0,0,0
1000,3,0,101,1,0,0,-1,-1,1301.42,23.1957,0.267264,1233.18,278129,-1,-1,-1,-1,-1,-1,-1,-1,-1,0,0,0
1000,3,0,102,1,1,1,4317.7,18652.3,1323.75,46.3844,0.517824,1232.77,278130,128.106,23.1957,0.302342,104.608,125.244,23.1887,0.0718272,101.984,253.35,0,0,0
1000,3,0,103,1,1,2,10324.4,24689.5,1346.33,69.5741,0.519494,1232.87,278129,135.027,23.1957,0.267264,111.564,291.427,46.3784,0.108576,244.94,426.454,1,0,0
1000,3,0,104,1,1,1,4317.19,18644,1323.85,46.3844,0.678182,1232.72,278128,128.041,23.1957,0.462701,104.382,127.313,23.1887,0.0718272,104.052,255.353,0,0,0
1000,3,0,105,1,1,1,4339.27,24692.5,1329.35,52.1883,0.801792,1232.46,278130,272.021,28.9996,0.58631,242.325,83.9,23.1887,0.0718272,60.6395,355.921,0,0,0
1000,3,0,106,1,1,1,4329.58,18698.3,1324.04,46.3844,0.713261,1232.87,278125,129.181,23.1957,0.462701,105.523,127.766,23.1887,0.106906,104.471,256.948,0,0,0
1000,3,0,107,1,1,1,4315.98,18646.1,1323.9,46.3844,0.482746,1232.97,278128,129.157,23.1957,0.267264,105.695,77.4442,23.1887,0.0718272,54.1837,206.602,0,0,0
1000,3,0,108,1,1,1,4337.85,18654.3,1323.96,46.3844,0.482746,1233.02,278127,76.0693,23.1957,0.267264,52.6063,133.072,23.1887,0.0718272,109.811,209.141,0,0,0
1000,3,0,109,1,1,1,4321.94,18643.2,1323.89,46.3844,0.482746,1232.95,278128,76.1361,23.1957,0.267264,52.6731,130.384,23.1887,0.0718272,107.124,206.52,0,0,0
1000,3,0,110,1,1,1,4339.03,36729,1340.85,63.7961,0.713261,1232.8,278125,581.433,40.6075,0.497779,539.462,90.1681,23.1887,0.0718272,66.9075,671.601,0,0,0
1000,3,0,111,1,1,1,4377.44,18727.3,1323.88,46.3844,0.517824,1232.91,278128,129.625,23.1957,0.267264,106.162,128.492,23.1887,0.106906,105.196,258.117,0,0,0
1000,3,0,112,1,1,1,4389.58,18823,1324,46.3844,0.678182,1232.87,278126,126.873,23.1957,0.462701,103.215,126.463,23.1887,0.0718272,103.202,253.336,0,0,0
1000,3,0,113,1,1,1,4319.94,18651.7,1324,46.3844,0.678182,1232.86,278126,124.909,23.1957,0.462701,101.251,82.245,23.1887,0.0718272,58.9845,207.154,0,0,0
1000,3,0,114,1,1,1,4319.3,18637.4,1323.79,46.3844,0.482746,1232.85,278130,128.529,23.1957,0.267264,105.066,128.612,23.1887,0.0718272,105.352,257.141,0,0,0
1000,3,0,115,1,1,1,4318.06,18640.3,1323.65,46.3844,0.482746,1232.71,278132,126.629,23.1957,0.267264,103.166,126.354,23.1887,0.0718272,103.094,252.983,0,0,0
1000,3,0,116,1,1,1,4327.57,18704.8,1323.71,46.3844,0.482746,1232.77,278131,122.462,23.1957,0.267264,98.9987,129.513,23.1887,0.0718272,106.252,251.974,0,0,0
1000,3,0,117,1,1,1,4316.62,18725.6,1323.89,46.3844,0.482746,1232.95,278128,117.596,23.1957,0.267264,94.133,56.967,23.1887,0.0718272,33.7064,174.563,0,0,0
1000,3,0,118,1,1,1,4328.92,18655.9,1323.85,46.3844,0.482746,1232.91,278129,129.513,23.1957,0.267264,106.05,125.649,23.1887,0.0718272,102.388,255.162,0,0,0
1000,3,0,119,1,1,1,4320.14,18669.8,1323.92,46.3844,0.713261,1232.75,278127,130.411,23.1957,0.497779,106.718,123.017,23.1887,0.0718272,99.7567,253.429,0,0,0
1000,3,0,120,1,1,1,4344.07,18704.2,1323.9,46.3844,0.482746,1232.97,278128,132.056,23.1957,0.267264,108.593,128.872,23.1887,0.0718272,105.611,260.928,0,0,0
1000,3,0,121,1,1,1,4320.26,24695,1329.55,52.1883,1.08743,1232.38,278126,273.951,28.9996,0.871949,243.971,90.1807,23.1887,0.0718272,66.9202,364.132,0,0,0
1000,3,0,122,1,1,1,4320.2,18635.6,1324.04,46.3844,0.482746,1233.1,278125,126.799,23.1957,0.267264,103.336,123.912,23.1887,0.0718272,100.652,250.711,0,0,0
1000,3,0,123,1,1,1,4317.9,18663.2,1323.85,46.3844,0.482746,1232.91,278129,91.5418,23.1957,0.267264,68.0789,44.808,23.1887,0.0718272,21.5475,136.35,0,0,0
1000,3,0,124,1,1,1,4338.41,18680.7,1323.92,46.3844,0.517824,1232.95,278127,131.661,23.1957,0.267264,108.198,123.816,23.1887,0.106906,100.52,255.476,0,0,0
1000,3,0,125,1,0,0,-1,-1,1301.43,23.1957,0.728294,1232.74,278127,-1,-1,-1,-1,-1,-1,-1,-1,-1,0,0,0
1000,3,0,126,1,0,0,-1,-1,1301.42,23.1957,0.267264,1233.18,278129,-1,-1,-1,-1,-1,-1,-1,-1,-1,0,0,0
1000,3,0,127,1,1,2,4348.26,18671.2,1346.35,69.5741,0.733306,1232.68,278127,127.133,23.1957,0.302342,103.635,124.171,46.3784,0.287309,77.5053,251.304,1,0,0
1000,3,0,128,1,1,1,4325.54,18638.7,1323.97,46.3844,0.6264,1232.89,278126,91.5166,23.1957,0.267264,68.0536,127.952,23.1887,0.0718272,104.691,219.468,0,0,0
1000,3,0,129,1,1,1,4320.07,18636.4,1323.73,46.3844,0.482746,1232.79,278131,76.9897,23.1957,0.267264,53.5268,129.54,23.1887,0.0718272,106.279,206.529,0,0,0
1000,3,0,130,1,1,1,4316.3,18632.4,1323.88,46.3844,0.482746,1232.95,278128,79.2764,23.1957,0.267264,55.8134,111.772,23.1887,0.0718272,88.511,191.048,0,0,0
1000,3,0,131,1,1,1,4319.18,18646,1324,46.3844,0.482746,1233.06,278126,132.94,23.1957,0.267264,109.477,127.993,23.1887,0.0718272,104.733,260.933,0,0,0
1000,3,0,132,1,1,1,4331.3,18667.7,1323.98,46.3844,0.678182,1232.85,278126,130.813,23.1957,0.462701,107.155,123.2,23.1887,0.0718272,99.939,254.012,0,0,0
1000,3,0,133,1,1,1,4329.65,18645.7,1323.71,46.3844,0.482746,1232.77,278131,78.0834,23.1957,0.267264,54.6205,110.317,23.1887,0.0718272,87.0563,188.4,0,0,0
1000,3,0,134,1,1,1,4345.63,24737.7,1329.63,52.1883,0.891994,1232.66,278125,281.562,28.9996,0.676512,251.797,124.889,23.1887,0.0718272,101.628,406.451,0,0,0
1000,3,0,135,1,1,1,4315.98,18651.5,1323.71,46.3844,0.482746,1232.77,278131,127.656,23.1957,0.267264,104.193,64.215,23.1887,0.0718272,40.9545,191.871,0,0,0
1000,3,0,136,1,1,1,4381.31,18760.9,1324.02,46.3844,0.770054,1232.79,278125,127.9,23.1957,0.267264,104.437,123.802,23.1887,0.0718272,100.542,251.702,0,0,0
1000,3,0,137,1,0,0,-1,-1,1301.59,23.1957,0.462701,1233.16,278125,-1,-1,-1,-1,-1,-1,-1,-1,-1,0,0,0
1000,3,0,138,1,0,0,-1,-1,1301.37,23.1957,0.302342,1233.1,278130,-1,-1,-1,-1,-1,-1,-1,-1,-1,0,0,0
1000,3,0,139,1,0,0,-1,-1,1300.92,23.1957,0.442656,1232.51,278137,-1,-1,-1,-1,-1,-1,-1,-1,-1,0,0,0
1000,3,0,140,1,1,1,4337.1,18779.6,1323.76,46.3844,0.783418,1232.52,278129,133.857,23.1957,0.532858,110.129,128.414,23.1887,0.106906,105.119,262.272,0,0,0
1000,3,0,141,1,1,1,4329.22,18705.5,1323.86,46.3844,0.50112,1232.91,278128,132.841,23.1957,0.267264,109.378,127.988,23.1887,0.0902016,104.709,260.829,0,0,0
1000,3,0,142,1,1,2,10324.4,24652,1346.37,69.5741,0.698227,1232.73,278127,114.885,23.1957,0.267264,91.4221,290.076,46.3784,0.287309,243.41,404.961,1,0,0
1000,3,0,143,1,1,1,4338.5,18665.8,1323.87,46.3844,0.482746,1232.93,278129,124.754,23.1957,0.267264,101.291,131.294,23.1887,0.0718272,108.034,256.048,0,0,0
1000,3,0,144,1,0,0,-1,-1,1301.2,23.1957,0.302342,1232.93,278133,-1,-1,-1,-1,-1,-1,-1,-1,-1,0,0,0
1000,3,0,145,1,1,1,4321.22,24646.7,1329.26,52.1883,0.696557,1232.48,278132,284.559,28.9996,0.481075,255.009,126.573,23.1887,0.0718272,103.312,411.132,0,0,0
1000,3,0,146,1,1,1,4341.9,18682.1,1324.13,46.3844,0.713261,1232.97,278123,77.4314,23.1957,0.497779,53.7379,126.782,23.1887,0.0718272,103.522,204.213,0,0,0
1000,3,0,147,1,1,1,4345.17,18674.9,1323.67,46.3844,0.517824,1232.7,278132,82.6594,23.1957,0.302342,59.1613,128.34,23.1887,0.0718272,105.079,210.999,0,0,0
1000,3,0,148,1,1,1,4338.38,18653.5,1323.82,46.3844,0.517824,1232.85,278129,106.498,23.1957,0.267264,83.0352,125.895,23.1887,0.106906,102.599,232.393,0,0,0
1000,3,0,149,1,1,1,4414.62,24795,1329.51,52.1883,0.731635,1232.7,278127,282.953,28.9996,0.516154,253.354,128.821,23.1887,0.0718272,105.561,411.775,0,0,0
1000,3,0,150,1,1,1,4368.69,18793.3,1324.08,46.3844,0.713261,1232.91,278124,132.887,23.1957,0.462701,109.228,127.795,23.1887,0.106906,104.5,260.682,0,0,0
1000,3,0,151,1,1,1,4323.21,18642.9,1323.75,46.3844,0.482746,1232.81,278131,77.8398,23.1957,0.267264,54.3768,126.616,23.1887,0.0718272,103.355,204.456,0,0,0
1000,3,0,152,1,1,1,4353.07,18734.8,1323.73,46.3844,0.873619,1232.4,278130,125.922,23.1957,0.658138,102.069,128.83,23.1887,0.0718272,105.57,254.753,0,0,0
1000,3,0,153,1,1,1,4323.46,18665.6,1323.85,46.3844,0.482746,1232.91,278129,126.47,23.1957,0.267264,103.007,70.1239,23.1887,0.0718272,46.8634,196.594,0,0,0
1000,3,0,154,1,1,1,4368.47,18688.1,1323.85,46.3844,0.482746,1232.91,278129,98.133,23.1957,0.267264,74.67,129.186,23.1887,0.0718272,105.926,227.319,0,0,0
1000,3,0,155,1,1,1,4352.16,18686.5,1323.86,46.3844,0.6264,1232.78,278128,111.691,23.1957,0.267264,88.2276,123.986,23.1887,0.0718272,100.726,235.677,0,0,0
1000,3,0,156,1,1,1,4321.62,18646.6,1324.02,46.3844,0.482746,1233.08,278126,75.3383,23.1957,0.267264,51.8754,131.669,23.1887,0.0718272,108.409,207.008,0,0,0
1000,3,0,157,1,1,1,4323.14,18645.4,1323.65,46.3844,0.482746,1232.71,278132,129.239,23.1957,0.267264,105.776,95.2486,23.1887,0.0718272,71.9881,224.487,0,0,0
1000,3,0,158,1,1,1,4343.54,18686.8,1323.73,46.3844,0.482746,1232.79,278131,127.766,23.1957,0.267264,104.303,127.356,23.1887,0.0718272,104.095,255.122,0,0,0
1000,3,0,159,0,0,0,-1,-1,1301.44,23.206,0.551232,1232.91,278128,-1,-1,-1,-1,-1,-1,-1,-1,-1,0,0,0
1000,3,0,160,1,1,1,4344.18,18686.9,1324.06,46.3844,0.517824,1233.09,278125,129.638,23.1957,0.267264,106.175,93.3489,23.1887,0.106906,70.0533,222.986,0,0,0
1000,3,0,161,1,1,1,4327.05,18671.7,1323.67,46.3844,0.482746,1232.73,278132,130.3,23.1957,0.267264,106.837,71.1527,23.1887,0.0718272,47.8922,201.453,0,0,0
1000,3,0,162,1,1,2,10346.1,24668.5,1346.31,69.5741,0.537869,1232.83,278129,76.7948,23.1957,0.267264,53.3318,304.557,46.3784,0.12695,258.052,381.352,1,0,0
1000,3,0,163,1,1,1,4314.7,18653.4,1323.69,46.3844,0.482746,1232.75,278132,126.956,23.1957,0.267264,103.493,126.587,23.1887,0.0718272,103.327,253.543,0,0,0
1000,3,0,164,1,1,1,4332.75,18644.7,1323.91,46.3844,0.482746,1232.97,278128,100.122,23.1957,0.267264,76.6589,128.051,23.1887,0.0718272,104.79,228.173,0,0,0
1000,3,0,165,1,1,1,4339.66,18683.3,1324.02,46.3844,0.482746,1233.08,278126,77.2731,23.1957,0.267264,53.8101,134.747,23.1887,0.0718272,111.486,212.02,0,0,0
1000,3,0,166,1,1,1,4368.92,18692.7,1323.71,46.3844,0.517824,1232.74,278131,98.307,23.1957,0.302342,74.809,129.184,23.1887,0.0718272,105.924,227.491,0,0,0
1000,3,0,167,1,1,1,4319.99,18646.6,1323.85,46.3844,0.482746,1232.91,278129,126.957,23.1957,0.267264,103.494,128.363,23.1887,0.0718272,105.103,255.32,0,0,0
1000,3,0,168,1,1,1,4343.59,18667.4,1323.83,46.3844,0.482746,1232.89,278129,123.714,23.1957,0.267264,100.251,120.485,23.1887,0.0718272,97.2246,244.199,0,0,0
1000,3,0,169,1,1,2,10352.7,24711.3,1346.48,69.5741,0.785088,1232.76,278125,129.493,23.1957,0.497779,105.799,296.891,46.3784,0.143654,250.369,426.384,1,0,0
1000,3,0,170,1,0,0,-1,-1,1301.49,23.1957,0.267264,1233.26,278128,-1,-1,-1,-1,-1,-1,-1,-1,-1,0,0,0
1000,3,0,171,1,1,1,4319.62,18674.9,1323.93,46.3844,0.482746,1232.99,278128,129.688,23.1957,0.267264,106.225,125.383,23.1887,0.0718272,102.123,255.071,0,0,0
1000,3,0,172,1,1,1,4318.98,18634.1,1323.92,46.3844,0.482746,1232.99,278128,125.905,23.1957,0.267264,102.442,70.0951,23.1887,0.0718272,46.8346,196,0,0,0
1000,3,0,173,1,1,1,4319.59,18642.8,1324.12,46.3844,0.6264,1233.04,278124,124.71,23.1957,0.267264,101.247,82.6565,23.1887,0.0718272,59.396,207.367,0,0,0
1000,3,0,174,1,1,1,4316.3,18688.1,1323.94,46.406,0.519494,1232.95,278127,130.217,23.2173,0.304013,106.696,70.5679,23.1887,0.0718272,47.3074,200.785,0,0,0
1000,3,0,175,1,1,1,4323.83,18644.2,1323.85,46.3844,0.482746,1232.91,278129,128.475,23.1957,0.267264,105.012,70.3622,23.1887,0.0718272,47.1017,198.837,0,0,0
1000,3,0,176,1,1,1,4318.86,18662.4,1323.98,46.3844,0.482746,1233.04,278127,127.264,23.1957,0.267264,103.801,64.2349,23.1887,0.0718272,40.9744,191.499,0,0,0
1000,3,0,177,1,0,0,-1,-1,1301.38,23.1957,0.267264,1233.14,278130,-1,-1,-1,-1,-1,-1,-1,-1,-1,0,0,0
1000,3,0,178,1,1,1,4324.21,24659.1,1329.37,52.1991,1.14088,1232.14,278129,157.018,29.0104,0.925402,126.641,132.33,23.1887,0.0718272,109.069,289.348,0,0,0
1000,3,0,179,1,1,1,4340.01,18784.6,1323.99,46.3844,0.821837,1232.72,278125,134.969,23.1957,0.462701,111.311,127.627,23.1887,0.0718272,104.366,262.596,0,0,0
1000,3,0,180,1,1,1,4365.7,30700.4,1335.12,57.9922,1.3714,1232.04,278126,434.305,34.8035,1.12084,397.92,130.699,23.1887,0.106906,107.404,565.004,0,0,0
1000,3,0,181,1,1,1,4316.94,18631,1323.98,46.3844,0.482746,1233.04,278127,124.676,23.1957,0.267264,101.213,82.3876,23.1887,0.0718272,59.1271,207.064,0,0,0
1000,3,0,182,1,1,1,4328.02,18673.8,1323.9,46.3844,0.482746,1232.97,278128,131.179,23.1957,0.267264,107.716,126.818,23.1887,0.0718272,103.558,257.997,0,0,0
1000,3,0,183,1,1,1,4317.54,18654.6,1323.85,46.3844,0.482746,1232.91,278129,122.061,23.1957,0.267264,98.598,59.0479,23.1887,0.0718272,35.7874,181.109,0,0,0
1000,3,0,184,1,1,1,4315.02,30685.9,1335.07,57.9922,0.945446,1232.41,278128,423.133,34.8035,0.729965,387.101,69.4435,23.1887,0.0718272,46.183,492.576,0,0,0
1000,3,0,185,1,1,1,4337.27,18672.3,1323.69,46.3844,0.482746,1232.75,278132,132.33,23.1957,0.267264,108.867,123.799,23.1887,0.0718272,100.538,256.129,0,0,0
1000,3,0,186,1,1,1,4315.34,24659.7,1329.45,52.1883,0.731635,1232.64,278128,240.515,28.9996,0.516154,210.799,43.8713,23.1887,0.0718272,20.6108,284.386,0,0,0
1000,3,0,187,1,1,1,4379.15,18751.4,1323.96,46.3844,0.536198,1232.97,278127,130.385,23.1957,0.267264,106.922,130.826,23.1887,0.12528,107.512,261.211,0,0,0
1000,3,0,188,1,1,1,4344.27,18663,1323.83,46.3844,0.6264,1232.75,278129,75.2589,23.1957,0.267264,51.796,108.572,23.1887,0.0718272,85.3111,183.831,0,0,0
1000,3,0,189,1,1,1,4356.03,18702.3,1324.14,46.3844,0.661478,1233.03,278123,115.601,23.1957,0.302342,92.1026,124.679,23.1887,0.0718272,101.419,240.28,0,0,0
1000,3,0,190,1,1,1,4340.23,24689.2,1329.57,52.1883,0.96215,1232.53,278126,272.859,28.9996,0.746669,243.005,130.235,23.1887,0.0718272,106.974,403.094,0,0,0
1000,3,0,191,1,1,1,4331.95,24679.9,1329.39,52.1883,0.785088,1232.52,278129,287.618,28.9996,0.551232,258.003,127.441,23.1887,0.0902016,104.162,415.06,0,0,0
1000,3,0,192,1,1,1,4318.59,18674.8,1323.87,46.3844,0.517824,1232.89,278128,128.55,23.1957,0.302342,105.052,96.2195,23.1887,0.0718272,72.959,224.77,0,0,0
1000,3,0,193,1,1,3,16320.1,30701.8,1368.84,92.7639,0.556243,1232.85,278128,133.44,23.1957,0.267264,109.977,427.134,69.5682,0.145325,357.421,560.575,2,0,0
1000,3,0,194,1,1,1,4375.22,18706.8,1323.83,46.3844,0.482746,1232.89,278129,101.421,23.1957,0.267264,77.9583,129.269,23.1887,0.0718272,106.009,230.69,0,0,0
1000,3,0,195,1,1,2,10321,24636.8,1346.61,69.5741,0.663149,1233.01,278123,71.7829,23.1957,0.267264,48.3199,284.043,46.3784,0.25223,237.412,355.826,1,0,0
1000,3,0,196,1,1,1,4337.67,18651.5,1323.9,46.3844,0.517824,1232.93,278128,74.2338,23.1957,0.267264,50.7708,131.558,23.1887,0.106906,108.263,205.792,0,0,0
1000,3,0,197,1,1,1,4319.75,24665.6,1329.4,52.1883,0.696557,1232.62,278130,280.328,28.9996,0.481075,250.763,71.0354,23.1887,0.0718272,47.7749,351.364,0,0,0
1000,3,0,198,1,1,1,4317.83,18761.7,1323.73,46.3844,0.517824,1232.75,278131,128.274,23.1957,0.302342,104.776,70.0481,23.1887,0.0718272,46.7876,198.322,0,0,0
1000,3,0,199,1,0,0,-1,-1,1301.34,23.1957,0.462701,1232.91,278130,-1,-1,-1,-1,-1,-1,-1,-1,-1,0,0,0
1000,3,0,200,1,1,1,4336.55,18667.1,1323.7,46.3844,0.661478,1232.58,278131,122.113,23.1957,0.267264,98.6504,129.208,23.1887,0.106906,105.913,251.322,0,0,0
1000,3,0,201,1,1,1,4336.95,18651.4,1323.89,46.3844,0.482746,1232.95,278128,77.4915,23.1957,0.267264,54.0285,133.667,23.1887,0.0718272,110.407,211.159,0,0,0
1000,3,0,202,1,1,1,4324.65,18665.4,1323.96,46.3844,0.713261,1232.79,278126,105.016,23.1957,0.497779,81.3225,125.963,23.1887,0.0718272,102.702,230.979,0,0,0
1000,3,0,203,1,1,1,4357.9,18676.7,1323.93,46.3844,0.482746,1232.99,278128,126.234,23.1957,0.267264,102.771,81.5592,23.1887,0.0718272,58.2986,207.793,0,0,0
1000,3,0,204,1,1,1,4324.22,18677,1323.99,46.3844,0.552902,1232.99,278126,99.6805,23.1957,0.302342,76.1824,50.225,23.1887,0.106906,26.9294,149.905,0,0,0
1000,3,0,205,1,1,1,4316.3,18635.9,1323.75,46.3844,0.482746,1232.81,278131,125.586,23.1957,0.267264,102.123,69.6186,23.1887,0.0718272,46.3581,195.204,0,0,0
1000,3,0,206,1,1,1,4320.63,18650.2,1323.87,46.3844,0.482746,1232.93,278129,128.515,23.1957,0.267264,105.052,111.725,23.1887,0.0718272,88.4641,240.24,0,0,0
1000,3,0,207,1,1,1,4328.26,18653.6,1324.08,46.3844,0.678182,1232.95,278124,124.256,23.1957,0.462701,100.598,84.0209,23.1887,0.0718272,60.7604,208.277,0,0,0
1000,3,0,208,1,1,1,4317.95,18642.5,1323.87,46.3844,0.482746,1232.93,278129,77.2983,23.1957,0.267264,53.8354,133.164,23.1887,0.0718272,109.903,210.462,0,0,0
1000,3,0,209,1,1,1,4321.45,18669.8,1323.67,46.3844,0.482746,1232.73,278132,132.049,23.1957,0.267264,108.586,127.242,23.1887,0.0718272,103.982,259.291,0,0,0
1000,3,0,210,1,1,1,4331.72,18687.6,1323.92,46.3844,0.552902,1232.91,278127,133.714,23.1957,0.302342,110.216,124.805,23.1887,0.106906,101.509,258.518,0,0,0
1000,3,0,211,1,1,1,4395.65,18756.2,1323.81,46.3844,0.482746,1232.87,278130,128.385,23.1957,0.267264,104.922,128.266,23.1887,0.0718272,105.005,256.651,0,0,0
1000,3,0,212,1,1,1,4330.52,18671.6,1323.86,46.3844,0.678182,1232.73,278128,127.095,23.1957,0.462701,103.437,80.0106,23.1887,0.0718272,56.7501,207.106,0,0,0
1000,3,0,213,1,1,1,4319.59,18641.1,1324.06,46.3844,0.482746,1233.12,278125,107.487,23.1957,0.267264,84.0243,125.446,23.1887,0.0718272,102.186,232.934,0,0,0
1000,3,0,214,1,1,1,4317.9,18633.9,1323.85,46.3844,0.482746,1232.91,278129,132.025,23.1957,0.267264,108.562,70.4488,23.1887,0.0718272,47.1883,202.474,0,0,0
1000,3,0,215,1,1,1,4357.06,30751.4,1334.78,57.9922,1.19434,1231.88,278132,430.943,34.8035,0.800122,394.86,103.189,23.1887,0.106906,79.8931,534.131,0,0,0
1000,3,0,216,1,1,2,10337.8,24656.3,1346.17,69.5741,0.519494,1232.71,278131,82.7777,23.1957,0.267264,59.3148,291.572,46.3784,0.108576,245.085,374.349,1,0,0
1000,3,0,217,1,1,2,10336.6,24662.7,1346.55,69.5741,0.519494,1233.08,278125,125.741,23.1957,0.267264,102.278,289.532,46.3784,0.108576,243.045,415.273,1,0,0
1000,3,0,218,1,1,1,4355.93,18695.3,1323.88,46.3844,0.552902,1232.87,278128,129.053,23.1957,0.337421,105.519,123.579,23.1887,0.0718272,100.318,252.631,0,0,0
1000,3,0,219,1,1,1,4369.09,18688.5,1323.9,46.3844,0.788429,1232.66,278127,76.1433,23.1957,0.267264,52.6803,133.072,23.1887,0.0902016,109.793,209.215,0,0,0
1000,3,0,220,1,1,1,4358.22,18694.7,1323.96,46.3844,0.713261,1232.79,278126,117.649,23.1957,0.462701,93.9904,124.014,23.1887,0.106906,100.719,241.663,0,0,0
1000,3,0,221,1,1,1,4320.9,18678.8,1323.88,46.3844,0.552902,1232.87,278128,130.652,23.1957,0.337421,107.118,126.311,23.1887,0.0718272,103.05,256.963,0,0,0
1000,3,0,222,1,1,1,4317.26,18646,1323.89,46.3844,0.482746,1232.95,278128,132.904,23.1957,0.267264,109.441,125.14,23.1887,0.0718272,101.879,258.044,0,0,0
1000,3,0,223,1,1,1,4319.3,18677.1,1323.9,46.3844,0.482746,1232.97,278128,127.578,23.1957,0.267264,104.115,71.5894,23.1887,0.0718272,48.3289,199.168,0,0,0
1000,3,0,224,1,1,1,4329.24,18660.3,1323.83,46.3844,0.661478,1232.72,278129,108.899,23.1957,0.267264,85.4356,125.741,23.1887,0.106906,102.446,234.64,0,0,0
1000,3,0,225,1,1,1,4345,18675,1324.01,46.3844,0.821837,1232.73,278125,83.6139,23.1957,0.462701,59.9555,115.177,23.1887,0.0718272,91.9167,198.791,0,0,0
1000,3,0,226,1,1,1,4315.98,18650.8,1324,46.3844,0.482746,1233.06,278126,132.991,23.1957,0.267264,109.528,128.403,23.1887,0.0718272,105.142,261.394,0,0,0
1000,3,0,227,1,1,1,4315.98,18639.4,1323.92,46.3844,0.482746,1232.99,278128,133.007,23.1957,0.267264,109.544,127.726,23.1887,0.0718272,104.465,260.733,0,0,0
1000,3,0,228,1,1,2,10432.6,24760.4,1346.68,69.5741,0.806803,1232.93,278122,73.0625,23.1957,0.267264,49.5995,286.929,46.3784,0.25223,240.298,359.991,1,0,0
1000,3,0,229,1,1,1,4350.86,18693.7,1323.96,46.3844,0.482746,1233.02,278127,126.994,23.1957,0.267264,103.531,81.2018,23.1887,0.0718272,57.9413,208.195,0,0,0
1000,3,0,230,1,1,1,4315.66,24656.9,1329.41,52.1883,0.536198,1232.79,278130,275.102,28.9996,0.320717,245.682,91.9981,23.1887,0.0718272,68.7376,367.1,0,0,0
1000,3,0,231,1,1,1,4316.62,18644.9,1323.87,46.3844,0.482746,1232.93,278129,123.758,23.1957,0.267264,100.295,69.2901,23.1887,0.0718272,46.0296,193.048,0,0,0
1000,3,0,232,1,1,1,4330.28,18666.6,1323.83,46.3844,0.482746,1232.89,278129,116.536,23.1957,0.267264,93.0735,124.391,23.1887,0.0718272,101.13,240.927,0,0,0
1000,3,0,233,1,1,2,10363.7,30712.6,1351.94,75.3781,0.768384,1232.6,278128,287.957,28.9996,0.481075,258.413,299.335,46.3784,0.143654,252.813,587.292,1,0,0
1000,3,0,234,1,1,1,4320.58,18638.8,1323.85,46.3844,0.482746,1232.91,278129,74.3908,23.1957,0.267264,50.9278,133.384,23.1887,0.0718272,110.123,207.775,0,0,0
1000,3,0,235,1,1,1,4369.44,18692.9,1323.79,46.3844,0.517824,1232.81,278130,77.9561,23.1957,0.302342,54.458,133.604,23.1887,0.0718272,110.344,211.56,0,0,0
1000,3,0,236,1,1,1,4325.13,18680.5,1323.88,46.3844,0.517824,1232.91,278128,124.477,23.1957,0.302342,100.979,62.8091,23.1887,0.0718272,39.5486,187.286,0,0,0
1000,3,0,237,1,1,1,4317.9,18662,1323.96,46.3844,0.482746,1233.02,278127,125.838,23.1957,0.267264,102.375,84.4306,23.1887,0.0718272,61.1701,210.269,0,0,0
1000,3,0,238,0,0,0,-1,-1,1301.44,23.206,0.516154,1232.95,278128,-1,-1,-1,-1,-1,-1,-1,-1,-1,0,0,0
1000,3,0,239,1,1,1,4315.02,24661.6,1329.26,52.1883,0.696557,1232.48,278132,218.313,28.9996,0.481075,188.567,37.8577,23.1887,0.0718272,14.5972,256.171,0,0,0
1000,3,0,240,1,1,1,4348.37,18668.2,1323.87,46.3844,0.482746,1232.93,278129,74.7427,23.1957,0.267264,51.2798,133.209,23.1887,0.0718272,109.948,207.952,0,0,0
1000,3,0,241,1,1,1,4331.85,18654.6,1323.85,46.3844,0.482746,1232.91,278129,124.176,23.1957,0.267264,100.713,129.982,23.1887,0.0718272,106.721,254.158,0,0,0
1000,3,0,242,1,1,1,4328.66,18667.1,1324.03,46.3844,0.6264,1232.95,278125,94.3591,23.1957,0.267264,70.8962,129.285,23.1887,0.0718272,106.025,223.644,0,0,0
1000,3,0,243,1,1,1,4348.71,18696.5,1324.03,46.3844,0.606355,1232.97,278125,126.262,23.1957,0.337421,102.729,86.666,23.1887,0.12528,63.3521,212.928,0,0,0
1000,3,0,244,1,1,1,4317.26,18633,1324.02,46.3844,0.482746,1233.08,278126,76.4284,23.1957,0.267264,52.9655,132.603,23.1887,0.0718272,109.342,209.031,0,0,0
1000,3,0,245,1,1,1,4346.88,18670.8,1323.73,46.3844,0.678182,1232.6,278130,101.451,23.1957,0.462701,77.7923,129.343,23.1887,0.0718272,106.083,230.794,0,0,0
1000,3,0,246,1,1,1,4325.64,18650.3,1323.98,46.3844,0.482746,1233.04,278127,130.385,23.1957,0.267264,106.922,123.299,23.1887,0.0718272,100.038,253.683,0,0,0
1000,3,0,247,1,1,1,4326.54,18648.6,1323.85,46.3844,0.482746,1232.91,278129,75.1218,23.1957,0.267264,51.6588,131.274,23.1887,0.0718272,108.014,206.396,0,0,0
1000,3,0,248,1,0,0,-1,-1,1301.42,23.1957,0.267264,1233.18,278129,-1,-1,-1,-1,-1,-1,-1,-1,-1,0,0,0
1000,3,0,249,1,1,1,4321.58,24651.3,1329.82,52.1883,0.696557,1233.04,278122,259.188,28.9996,0.481075,229.563,54.6731,23.1887,0.0718272,31.4125,313.861,0,0,0
1000,3,0,250,1,1,1,4334.91,18657.6,1323.89,46.3844,0.482746,1232.95,278128,124.135,23.1957,0.267264,100.672,131.119,23.1887,0.0718272,107.858,255.254,0,0,0
1000,3,0,251,1,1,1,4321.86,18676.7,1323.85,46.3844,0.482746,1232.91,278129,132.352,23.1957,0.267264,108.889,123.351,23.1887,0.0718272,100.091,255.703,0,0,0
1000,3,0,252,1,1,1,4356.41,18713.1,1323.68,46.3844,0.661478,1232.56,278131,134.394,23.1957,0.302342,110.896,127.946,23.1887,0.0718272,104.686,262.34,0,0,0
1000,3,0,253,1,1,1,4322.89,18679.4,1323.93,46.3844,0.678182,1232.8,278127,77.9955,23.1957,0.462701,54.3371,126.625,23.1887,0.0718272,103.365,204.621,0,0,0
1000,3,0,254,1,1,1,4324.36,18676,1324.16,46.3844,0.678182,1233.02,278123,132.805,23.1957,0.462701,109.147,127.692,23.1887,0.0718272,104.431,260.497,0,0,0
1000,3,0,255,1,1,1,4326.28,18644.4,1323.81,46.3844,0.482746,1232.87,278130,72.7123,23.1957,0.267264,49.2494,106.964,23.1887,0.0718272,83.703,179.676,0,0,0
1000,3,0,256,1,0,0,-1,-1,1307.06,28.9996,0.320717,1233.14,278128,-1,-1,-1,-1,-1,-1,-1,-1,-1,0,0,0
1000,3,0,257,1,1,1,4321.04,18715,1323.65,46.3844,0.482746,1232.71,278132,128.333,23.1957,0.267264,104.87,73.3437,23.1887,0.0718272,50.0832,201.676,0,0,0
1000,3,0,258,1,1,1,4317.58,24738.5,1329.49,52.1883,0.840211,1232.56,278128,276.351,28.9996,0.481075,246.761,67.6893,23.1887,0.0718272,44.4288,344.04,0,0,0
1000,3,0,259,1,1,1,4317.97,18712.1,1324.04,46.3844,0.678182,1232.91,278125,133.56,23.1957,0.462701,109.901,127.396,23.1887,0.0718272,104.135,260.956,0,0,0
1000,3,0,260,1,1,1,4317.26,18653.7,1324,46.3844,0.482746,1233.06,278126,132.2,23.1957,0.267264,108.737,70.2322,23.1887,0.0718272,46.9717,202.433,0,0,0
1000,3,0,261,1,1,1,4315.66,18644.1,1323.96,46.3844,0.482746,1233.02,278127,125.073,23.1957,0.267264,101.61,81.6169,23.1887,0.0718272,58.3564,206.69,0,0,0
1000,3,0,262,1,1,1,4324.99,18668.4,1323.89,46.3844,0.6264,1232.81,278128,131.509,23.1957,0.267264,108.046,128.045,23.1887,0.0718272,104.785,259.555,0,0,0
1000,3,0,263,1,1,1,4334.77,18656.7,1323.89,46.3952,0.536198,1232.89,278128,109.712,23.2065,0.320717,86.1846,124.726,23.1887,0.0718272,101.466,234.438,0,0,0
1000,3,0,264,1,1,1,4351.96,18699.8,1323.72,46.3844,0.6264,1232.64,278131,78.0347,23.1957,0.267264,54.5717,127.069,23.1887,0.0718272,103.808,205.104,0,0,0
1000,3,0,265,1,1,1,4320.82,18695.5,1324.18,46.3844,0.873619,1232.85,278122,128.411,23.1957,0.658138,104.557,79.4367,23.1887,0.0718272,56.1762,207.848,0,0,0
1000,3,0,266,1,0,0,-1,-1,1301.27,23.1957,0.337421,1232.97,278131,-1,-1,-1,-1,-1,-1,-1,-1,-1,0,0,0
1000,3,0,267,1,1,1,4338.56,18662.4,1323.85,46.3844,0.482746,1232.91,278129,81.6966,23.1957,0.267264,58.2337,117.264,23.1887,0.0718272,94.003,198.96,0,0,0
1000,3,0,268,1,1,1,4325.42,18729.6,1323.78,46.3952,0.679853,1232.63,278130,134.445,23.2065,0.320717,110.918,127.15,23.1887,0.0718272,103.89,261.595,0,0,0
1000,3,0,269,1,1,1,4318.22,18643.1,1323.92,46.3844,0.517824,1232.94,278127,109.351,23.1957,0.302342,85.8525,55.2596,23.1887,0.0718272,31.9991,164.61,0,0,0
1000,3,0,270,1,1,1,4332.47,18656,1323.77,46.3844,0.482746,1232.83,278130,129.271,23.1957,0.267264,105.808,71.0354,23.1887,0.0718272,47.7749,200.307,0,0,0
1000,3,0,271,1,1,1,4324.46,18644.9,1323.91,46.3844,0.482746,1232.97,278128,127.387,23.1957,0.267264,103.924,111.369,23.1887,0.0718272,88.1085,238.756,0,0,0
1000,3,0,272,1,1,1,4359.23,18691.1,1323.76,46.3844,0.552902,1232.75,278130,133.241,23.1957,0.302342,109.743,124.989,23.1887,0.106906,101.693,258.23,0,0,0
1000,3,0,273,1,1,1,4364.99,18679.5,1323.79,46.3844,0.482746,1232.85,278130,77.0096,23.1957,0.267264,53.5466,131.108,23.1887,0.0718272,107.848,208.118,0,0,0
1000,3,0,274,1,1,1,4324.17,18682.3,1323.74,46.3844,0.517824,1232.77,278130,129.036,23.1957,0.302342,105.537,130.115,23.1887,0.0718272,106.855,259.151,0,0,0
1000,3,0,275,1,1,1,4314.7,24638.2,1329.4,52.1883,0.731635,1232.59,278129,252.518,28.9996,0.516154,222.84,51.5092,23.1887,0.0718272,28.2487,304.028,0,0,0
1000,3,0,276,1,0,0,-1,-1,1301.38,23.1957,0.267264,1233.14,278130,-1,-1,-1,-1,-1,-1,-1,-1,-1,0,0,0
1000,3,0,277,1,1,1,4316.94,24633.1,1329.48,52.1883,0.696557,1232.7,278128,210.126,28.9996,0.481075,180.361,33.7608,23.1887,0.0718272,10.5003,243.887,0,0,0
1000,3,0,278,1,1,1,4327.18,18664.9,1323.94,46.3844,0.482746,1233.01,278127,85.2124,23.1957,0.267264,61.7494,125.531,23.1887,0.0718272,102.271,210.744,0,0,0
1000,3,0,279,1,1,1,4335.69,18665.4,1323.77,46.3844,0.482746,1232.83,278130,99.7663,23.1957,0.267264,76.3033,128.423,23.1887,0.0718272,105.162,228.189,0,0,0
1000,3,0,280,1,1,1,4315.66,18654.3,1324.02,46.3844,0.517824,1233.05,278126,99.148,23.1957,0.302342,75.65,49.6232,23.1887,0.0718272,26.3627,148.771,0,0,0
1000,3,0,281,1,1,1,4339.91,24726.3,1329.43,52.1883,0.536198,1232.81,278129,281.967,28.9996,0.320717,252.56,66.9818,23.1887,0.0718272,43.7213,348.949,0,0,0
1000,3,0,282,1,1,1,4315.66,18665.9,1323.87,46.3844,0.482746,1232.93,278129,126.245,23.1957,0.267264,102.782,85.5748,23.1887,0.0718272,62.3143,211.819,0,0,0
1000,3,0,283,1,1,2,10319.7,24684.7,1346.41,69.5741,0.910368,1232.56,278126,130.308,23.1957,0.658138,106.454,191.93,46.3784,0.108576,145.443,322.239,1,0,0
1000,3,0,284,1,1,1,4330.63,18659.3,1323.8,46.3844,0.552902,1232.79,278129,111.086,23.1957,0.337421,87.5527,55.7289,23.1887,0.0718272,32.4684,166.815,0,0,0
1000,3,0,285,1,1,1,4340.53,18711,1323.84,46.3844,0.927072,1232.46,278128,125.082,23.1957,0.693216,101.193,123.373,23.1887,0.0902016,100.094,248.455,0,0,0
1000,3,0,286,1,1,1,4398.14,18716.8,1323.9,46.3844,0.482746,1232.97,278128,126.768,23.1957,0.267264,103.305,121.128,23.1887,0.0718272,97.8671,247.896,0,0,0
1000,3,0,287,1,1,1,4328.39,18644.8,1323.85,46.3844,0.482746,1232.91,278129,98.6401,23.1957,0.267264,75.1771,129.554,23.1887,0.0718272,106.294,228.194,0,0,0
1000,3,0,288,1,1,1,4398.39,18788.2,1324.04,46.3844,0.482746,1233.1,278125,134.485,23.1957,0.267264,111.022,127.112,23.1887,0.0718272,103.852,261.598,0,0,0
1000,3,0,289,1,1,1,4366.53,18682.3,1323.9,46.3844,0.482746,1232.97,278128,82.2688,23.1957,0.267264,58.8058,127.648,23.1887,0.0718272,104.388,209.917,0,0,0
1000,3,0,290,1,1,1,4350.28,24675,1329.48,52.1883,0.696557,1232.7,278128,162.086,28.9996,0.481075,132.18,134.281,23.1887,0.0718272,111.02,296.367,0,0,0
1000,3,0,291,1,1,1,4316.3,18638.2,1323.9,46.3844,0.482746,1232.97,278128,124.183,23.1957,0.267264,100.72,81.6783,23.1887,0.0718272,58.4178,205.862,0,0,0
1000,3,0,292,1,1,1,4330.31,18648.4,1323.87,46.3844,0.482746,1232.93,278129,121.159,23.1957,0.267264,97.6956,129.765,23.1887,0.0718272,106.505,250.924,0,0,0
1000,3,0,293,1,1,1,4320.14,18673.2,1324.18,46.3844,0.678182,1233.04,278123,131.634,23.1957,0.462701,107.976,72.0623,23.1887,0.0718272,48.8018,203.696,0,0,0
1000,3,0,294,1,1,1,4357.86,18701.4,1324.22,46.3844,0.913709,1232.85,278121,131.246,23.1957,0.267264,107.783,126.232,23.1887,0.0718272,102.971,257.477,0,0,0
1000,3,0,295,1,1,1,4318.98,18636,1323.86,46.3844,0.517824,1232.89,278128,79.1013,23.1957,0.267264,55.6384,111.65,23.1887,0.106906,88.354,190.751,0,0,0
1000,3,0,296,1,1,1,4319.82,18642.7,1323.88,46.3844,0.517824,1232.91,278128,129.947,23.1957,0.302342,106.449,67.7633,23.1887,0.0718272,44.5028,197.71,0,0,0
1000,3,0,297,1,1,1,4315.98,18641.6,1323.71,46.3844,0.482746,1232.77,278131,127.405,23.1957,0.267264,103.942,70.2611,23.1887,0.0718272,47.0006,197.666,0,0,0
1000,3,0,298,1,1,1,4316.94,18679.8,1323.91,46.3844,0.482746,1232.97,278128,130.522,23.1957,0.267264,107.059,71.5696,23.1887,0.0718272,48.3091,202.091,0,0,0
1000,3,0,299,1,1,2,10332.3,24644.6,1346.17,69.5741,0.519494,1232.71,278131,124.245,23.1957,0.267264,100.782,267.819,46.3784,0.108576,221.332,392.063,1,0,0
1000,3,0,300,1,1,1,4331.19,18661.3,1323.71,46.3844,0.713261,1232.54,278131,79.2867,23.1957,0.497779,55.5933,130.182,23.1887,0.0718272,106.922,209.469,0,0,0
1000,3,0,301,1,1,1,4327.94,18644.5,1323.65,46.3844,0.517824,1232.68,278132,130.511,23.1957,0.267264,107.048,127.875,23.1887,0.106906,104.579,258.386,0,0,0
1000,3,0,302,1,1,1,4316.62,18640,1323.94,46.3844,0.482746,1233.01,278127,101.179,23.1957,0.267264,77.7165,51.0941,23.1887,0.0718272,27.8336,152.274,0,0,0
1000,3,0,303,1,1,1,4340.65,18661.3,1323.73,46.3844,0.517824,1232.75,278131,83.3777,23.1957,0.302342,59.8797,116.134,23.1887,0.0718272,92.8732,199.511,0,0,0
1000,3,0,304,1,1,1,4315.34,18639.4,1323.92,46.3844,0.482746,1232.99,278128,126.909,23.1957,0.267264,103.446,81.9346,23.1887,0.0718272,58.674,208.843,0,0,0
1000,3,0,305,1,1,1,4317.26,24717.3,1329.57,52.1883,0.696557,1232.79,278126,273.204,28.9996,0.481075,243.608,89.3613,23.1887,0.0718272,66.1008,362.565,0,0,0
1000,3,0,306,1,1,1,4397.08,18784.1,1323.69,46.3844,0.482746,1232.75,278132,134.088,23.1957,0.267264,110.625,127.06,23.1887,0.0718272,103.799,261.148,0,0,0
1000,3,0,307,1,1,1,4315.34,18668,1323.67,46.3844,0.482746,1232.73,278132,99.7338,23.1957,0.267264,76.2708,48.7389,23.1887,0.0718272,25.4784,148.473,0,0,0
1000,3,0,308,1,1,1,4316.94,18638.9,1323.8,46.3844,0.517824,1232.83,278129,95.4554,23.1957,0.302342,71.9574,46.6291,23.1887,0.0718272,23.3686,142.084,0,0,0
1000,3,0,309,1,1,1,4381.33,18712.4,1323.85,46.3844,0.482746,1232.91,278129,100.793,23.1957,0.267264,77.3303,129.917,23.1887,0.0718272,106.656,230.71,0,0,0
1000,3,0,310,1,1,1,4315.34,18630.8,1323.89,46.3844,0.482746,1232.95,278128,79.8666,23.1957,0.267264,56.4036,129.536,23.1887,0.0718272,106.276,209.403,0,0,0
1000,3,0,311,1,0,0,-1,-1,1307.06,28.9996,0.320717,1233.14,278128,-1,-1,-1,-1,-1,-1,-1,-1,-1,0,0,0
1000,3,0,312,1,1,1,4320.9,18671.5,1324,46.3844,0.482746,1233.06,278126,115.784,23.1957,0.267264,92.3209,123.873,23.1887,0.0718272,100.612,239.657,0,0,0
1000,3,0,313,1,1,1,4337.56,18651.7,1324.04,46.3844,0.482746,1233.1,278125,124.653,23.1957,0.267264,101.19,88.6394,23.1887,0.0718272,65.3789,213.292,0,0,0
1000,3,0,314,1,1,1,4358.37,18691.9,1324.1,46.3844,0.770054,1232.87,278124,128.802,23.1957,0.267264,105.339,128.063,23.1887,0.0718272,104.803,256.865,0,0,0
1000,3,0,315,1,1,1,4342.97,18659.7,1323.86,46.3844,0.517824,1232.89,278128,76.2642,23.1957,0.267264,52.8012,133.28,23.1887,0.106906,109.985,209.544,0,0,0
1000,3,0,316,1,1,1,4348.42,18664.3,1323.87,46.3844,0.482746,1232.93,278129,75.5838,23.1957,0.267264,52.1208,131.303,23.1887,0.0718272,108.043,206.887,0,0,0
1000,3,0,317,1,1,1,4331.01,30719,1334.95,57.9922,0.945446,1232.29,278130,429.533,34.8035,0.729965,393.517,66.8464,23.1887,0.0718272,43.5859,496.379,0,0,0
1000,3,0,318,1,1,1,4322.44,18636,1323.85,46.3844,0.482746,1232.91,278129,73.6743,23.1957,0.267264,50.2113,130.63,23.1887,0.0718272,107.369,204.304,0,0,0
1000,3,0,319,1,1,1,4328.49,18659.6,1323.95,46.3844,0.6264,1232.87,278127,80.5019,23.1957,0.267264,57.0389,124.244,23.1887,0.0718272,100.984,204.746,0,0,0
1000,3,0,320,1,1,1,4318.22,18634,1323.9,46.3952,0.50112,1232.93,278128,83.6227,23.2065,0.285638,60.1305,114.576,23.1887,0.0718272,91.3157,198.199,0,0,0
1000,3,0,321,1,1,1,4336.46,18669.8,1324.24,46.3844,0.873619,1232.91,278121,77.8444,23.1957,0.658138,53.9906,129.388,23.1887,0.0718272,106.128,207.233,0,0,0
1000,3,0,322,1,1,1,4317.58,24633.4,1329.57,52.1883,0.536198,1232.95,278127,191.483,28.9996,0.320717,161.824,29.3138,23.1887,0.0718272,6.0533,220.796,0,0,0
1000,3,0,323,1,1,2,4395.22,18724,1346.16,69.5741,0.965491,1232.25,278130,77.7016,23.1957,0.302342,54.2036,154.189,46.3784,0.37584,107.434,231.89,1,0,0
1000,3,0,324,1,0,0,-1,-1,1301.45,23.1957,0.267264,1233.22,278128,-1,-1,-1,-1,-1,-1,-1,-1,-1,0,0,0
1000,3,0,325,1,1,1,4343.39,18675.3,1323.89,46.3844,0.482746,1232.95,278128,131.213,23.1957,0.267264,107.75,129.117,23.1887,0.0718272,105.857,260.331,0,0,0
1000,3,0,326,1,1,1,4317.38,18646.4,1323.87,46.3844,0.482746,1232.93,278129,127.748,23.1957,0.267264,104.285,126.233,23.1887,0.0718272,102.973,253.981,0,0,0
1000,3,0,327,1,1,1,4332.7,18659.1,1323.85,46.3844,0.482746,1232.91,278129,130.549,23.1957,0.267264,107.086,125.696,23.1887,0.0718272,102.435,256.245,0,0,0
1000,3,0,328,1,1,1,4326.92,18654.3,1324,46.3844,0.482746,1233.06,278126,78.5978,23.1957,0.267264,55.1348,131.011,23.1887,0.0718272,107.75,209.608,0,0,0
1000,3,0,329,1,0,0,-1,-1,1301.38,23.1957,0.267264,1233.14,278130,-1,-1,-1,-1,-1,-1,-1,-1,-1,0,0,0
1000,3,0,330,1,1,1,4325.4,18660.1,1324,46.3844,0.482746,1233.06,278126,78.0347,23.1957,0.267264,54.5717,130.736,23.1887,0.0718272,107.476,208.771,0,0,0
1000,3,0,331,1,1,1,4342.92,18669.2,1323.7,46.3844,0.552902,1232.69,278131,77.6665,23.1957,0.267264,54.2036,130.9,23.1887,0.141984,107.57,208.567,0,0,0
1000,3,0,332,1,1,1,4319.3,18631.9,1323.85,46.3844,0.482746,1232.91,278129,97.3334,23.1957,0.267264,73.8705,126.76,23.1887,0.0718272,103.5,224.094,0,0,0
1000,3,0,333,1,1,1,4315.98,18631.1,1323.91,46.3844,0.482746,1232.97,278128,81.6353,23.1957,0.267264,58.1723,117.964,23.1887,0.0718272,94.7033,199.599,0,0,0
1000,3,0,334,1,1,1,4317.83,18661.3,1323.89,46.3844,0.482746,1232.95,278128,129.594,23.1957,0.267264,106.131,70.2485,23.1887,0.0718272,46.988,199.843,0,0,0
1000,3,0,335,1,1,1,4346.18,18692.3,1323.89,46.3844,0.482746,1232.95,278128,117.634,23.1957,0.267264,94.1709,121.83,23.1887,0.0718272,98.5692,239.463,0,0,0
1000,3,0,336,1,0,0,-1,-1,1301.46,23.1957,0.267264,1233.22,278128,-1,-1,-1,-1,-1,-1,-1,-1,-1,0,0,0
1000,3,0,337,1,1,1,4327.21,18641.4,1323.85,46.3844,0.482746,1232.91,278129,124.156,23.1957,0.267264,100.693,131.218,23.1887,0.0718272,107.958,255.375,0,0,0
1000,3,0,338,1,1,1,4324.38,18652.8,1323.85,46.3844,0.482746,1232.91,278129,130.036,23.1957,0.267264,106.573,124.654,23.1887,0.0718272,101.394,254.691,0,0,0
1000,3,0,339,1,1,1,4418.64,18786.1,1323.73,46.3844,0.517824,1232.75,278131,127.655,23.1957,0.302342,104.157,120.456,23.1887,0.0718272,97.1957,248.111,0,0,0
1000,3,0,340,1,1,2,10325.7,24650.7,1346.33,69.5741,0.519494,1232.87,278129,123.947,23.1957,0.267264,100.484,236.794,46.3784,0.108576,190.307,360.741,1,0,0
1000,3,0,341,1,1,1,4336.01,18649.5,1323.79,46.3952,0.536198,1232.79,278130,82.5434,23.2065,0.285638,59.0513,127.519,23.1887,0.106906,104.224,210.063,0,0,0
1000,3,0,342,1,1,1,4320.66,18674.1,1323.91,46.3844,0.482746,1232.97,278128,126.761,23.1957,0.267264,103.298,82.7359,23.1887,0.0718272,59.4754,209.497,0,0,0
1000,3,0,343,1,1,1,4337.89,18672.1,1323.87,46.3844,0.482746,1232.93,278129,78.7422,23.1957,0.267264,55.2792,131.678,23.1887,0.0718272,108.418,210.421,0,0,0
1000,3,0,344,1,1,1,4332.74,18660.9,1323.94,46.3844,0.517824,1232.97,278127,128.677,23.1957,0.267264,105.214,77.5713,23.1887,0.106906,54.2758,206.249,0,0,0
1000,3,0,345,1,0,0,-1,-1,1301.4,23.1957,0.267264,1233.16,278129,-1,-1,-1,-1,-1,-1,-1,-1,-1,0,0,0
1000,3,0,346,1,1,1,4317.58,18666.4,1324.15,46.3844,0.713261,1232.99,278123,94.2124,23.1957,0.497779,70.519,46.2176,23.1887,0.0718272,22.9571,140.43,0,0,0
1000,3,0,347,1,1,1,4334.91,24727.6,1329.29,52.1883,0.536198,1232.67,278132,279.512,28.9996,0.320717,250.097,129.524,23.1887,0.0718272,106.263,409.036,0,0,0
1000,3,0,348,1,1,1,4317.58,18654.2,1324.22,46.3844,0.678182,1233.08,278122,127.914,23.1957,0.462701,104.256,74.58,23.1887,0.0718272,51.3195,202.494,0,0,0
1000,3,0,349,1,1,1,4316.94,18662,1323.72,46.3844,0.678182,1232.59,278131,128.557,23.1957,0.462701,104.899,69.3822,23.1887,0.0718272,46.1217,197.939,0,0,0
1000,3,0,350,1,1,1,4317.26,18645.3,1323.92,46.3844,0.587981,1232.88,278127,130.88,23.1957,0.372499,107.312,73.6126,23.1887,0.0718272,50.3521,204.492,0,0,0
1000,3,0,351,1,1,1,4364.74,18681.4,1323.76,46.3844,0.6264,1232.68,278130,78.7025,23.1957,0.267264,55.2395,111.6,23.1887,0.0718272,88.3395,190.303,0,0,0
1000,3,0,352,1,1,1,4325.83,18647.2,1323.85,46.3844,0.482746,1232.91,278129,75.0297,23.1957,0.267264,51.5667,132.519,23.1887,0.0718272,109.259,207.549,0,0,0
1000,3,0,353,1,1,1,4316.73,18630.9,1323.91,46.3844,0.482746,1232.97,278128,96.5014,23.1957,0.267264,73.0385,47.5134,23.1887,0.0718272,24.2529,144.015,0,0,0
1000,3,0,354,1,1,1,4325.81,18644.3,1323.98,46.3844,0.517824,1233.01,278126,129.594,23.1957,0.267264,106.131,78.4539,23.1887,0.106906,55.1583,208.048,0,0,0
1000,3,0,355,1,1,1,4356.16,18676.6,1324,46.3844,0.517824,1233.03,278126,75.9383,23.1957,0.302342,52.4403,131.166,23.1887,0.0718272,107.905,207.104,0,0,0
1000,3,0,356,1,1,1,4317,18688.1,1323.93,46.3844,0.678182,1232.79,278127,130.642,23.1957,0.462701,106.983,71.7645,23.1887,0.0718272,48.504,202.406,0,0,0
1000,3,0,357,1,1,3,16351.5,30689.3,1368.7,92.7639,1.05736,1232.21,278129,82.5042,23.1957,0.302342,59.0061,459.821,69.5682,0.611366,389.642,542.326,2,0,0
1000,3,0,358,1,1,1,4350.7,18753.5,1324.09,46.3844,1.01727,1232.62,278123,134.53,23.1957,0.658138,110.676,125.362,23.1887,0.0718272,102.101,259.891,0,0,0
1000,3,0,359,1,1,1,4324.23,18647.1,1324.02,46.3844,0.482746,1233.08,278126,128.26,23.1957,0.267264,104.798,101.82,23.1887,0.0718272,78.5593,230.08,0,0,0
1000,3,0,360,1,1,1,4326.12,18642.5,1324.02,46.3844,0.482746,1233.08,278126,74.5857,23.1957,0.267264,51.1228,132.285,23.1887,0.0718272,109.024,206.871,0,0,0
1000,3,0,361,1,1,1,4364.93,18755.6,1323.9,46.3844,0.482746,1232.97,278128,132.744,23.1957,0.267264,109.281,128.054,23.1887,0.0718272,104.794,260.798,0,0,0
1000,3,0,362,1,1,1,4317.26,24672.9,1329.32,52.1883,0.731635,1232.51,278131,274.2,28.9996,0.516154,244.579,82.3226,23.1887,0.0718272,59.0621,356.522,0,0,0
1000,3,0,363,1,1,1,4323.46,18660.2,1323.87,46.3844,0.482746,1232.93,278129,76.7984,23.1957,0.267264,53.3354,131.767,23.1887,0.0718272,108.506,208.565,0,0,0
1000,3,0,364,1,1,1,4364.82,18779.4,1324.04,46.3844,0.678182,1232.91,278125,127.274,23.1957,0.462701,103.615,128.661,23.1887,0.0718272,105.4,255.935,0,0,0
1000,3,0,365,1,1,1,4432.01,18747.8,1324.23,46.3844,0.913709,1232.87,278121,75.5675,23.1957,0.267264,52.1046,134.951,23.1887,0.0718272,111.69,210.518,0,0,0
1000,3,0,366,1,1,1,4322.54,18643.1,1323.85,46.3844,0.482746,1232.91,278129,76.5746,23.1957,0.267264,53.1117,129.76,23.1887,0.0718272,106.499,206.335,0,0,0
1000,3,0,367,1,1,1,4315.98,18649.3,1323.86,46.3844,0.552902,1232.85,278128,130.782,23.1957,0.337421,107.248,71.7031,23.1887,0.0718272,48.4426,202.485,0,0,0
1000,3,0,368,1,1,1,4320.91,18674.6,1323.75,46.3844,0.517824,1232.77,278130,127.301,23.1957,0.302342,103.803,68.6205,23.1887,0.0718272,45.36,195.922,0,0,0
1000,3,0,369,1,1,1,4317.26,18664.7,1324.04,46.3844,0.482746,1233.1,278125,130.977,23.1957,0.267264,107.514,71.6418,23.1887,0.0718272,48.3813,202.618,0,0,0
1000,3,0,370,1,1,1,4327.58,18657.7,1323.96,46.3844,0.482746,1233.02,278127,121.734,23.1957,0.267264,98.2714,130.058,23.1887,0.0718272,106.797,251.792,0,0,0
1000,3,0,371,1,1,1,4342.32,18673.5,1323.87,46.3844,0.661478,1232.75,278128,83.5564,23.1957,0.302342,60.0583,116.372,23.1887,0.0718272,93.1114,199.928,0,0,0
1000,3,0,372,1,1,1,4317.54,18634.5,1323.87,46.3844,0.482746,1232.93,278129,126.546,23.1957,0.267264,103.083,75.5979,23.1887,0.0718272,52.3374,202.144,0,0,0
1000,3,0,373,1,1,1,4318.73,18632.9,1323.85,46.3844,0.482746,1232.91,278129,82.7849,23.1957,0.267264,59.322,114.686,23.1887,0.0718272,91.4258,197.471,0,0,0
1000,3,0,374,1,1,1,4368.04,18685,1323.93,46.3844,0.587981,1232.89,278127,127.098,23.1957,0.267264,103.635,101.431,23.1887,0.177062,78.0648,228.529,0,0,0
1000,3,0,375,1,1,1,4318.21,18646.2,1323.92,46.3844,0.482746,1232.99,278128,128.38,23.1957,0.267264,104.917,77.65,23.1887,0.0718272,54.3895,206.03,0,0,0
1000,3,0,376,1,1,1,4341.06,18675.5,1323.57,46.3844,0.587981,1232.52,278133,128.262,23.1957,0.267264,104.799,104.057,23.1887,0.177062,80.6908,232.319,0,0,0
1000,3,0,377,1,1,1,4316.94,18636.7,1323.93,46.3844,0.482746,1232.99,278128,112.647,23.1957,0.267264,89.1842,55.9075,23.1887,0.0718272,32.647,168.555,0,0,0
1000,3,0,378,1,1,1,4329.86,18646,1324.14,46.3844,0.6264,1233.06,278123,74.9304,23.1957,0.267264,51.4675,132.9,23.1887,0.0718272,109.64,207.831,0,0,0
1000,3,0,379,1,1,1,4363.26,18676.8,1324.01,46.3844,0.6264,1232.93,278126,77.607,23.1957,0.267264,54.144,133.413,23.1887,0.0718272,110.152,211.02,0,0,0
1000,3,0,380,1,1,1,4332.17,18649.9,1324.12,46.3844,0.6264,1233.04,278124,78.3181,23.1957,0.267264,54.8551,130.402,23.1887,0.0718272,107.142,208.721,0,0,0
1000,3,0,381,1,1,1,4317.26,18633,1323.83,46.3844,0.482746,1232.89,278129,78.9191,23.1957,0.267264,55.4561,123.427,23.1887,0.0718272,100.166,202.346,0,0,0
1000,3,0,382,1,1,1,4318.86,30703.7,1334.96,57.9922,1.21104,1232.04,278129,426.473,34.8035,0.995558,390.183,73.4376,23.1887,0.0718272,50.177,499.911,0,0,0
1000,3,0,383,1,1,1,4321.86,18638.6,1323.85,46.3844,0.482746,1232.91,278129,78.2838,23.1957,0.267264,54.8208,123.425,23.1887,0.0718272,100.165,201.709,0,0,0
1000,3,0,384,1,1,3,16364.6,30685.1,1369.14,92.7639,0.843552,1232.87,278122,73.0625,23.1957,0.267264,49.5995,453.897,69.5682,0.288979,384.04,526.959,2,0,0
1000,3,0,385,1,1,2,10343.4,24667.7,1346.48,69.5741,0.554573,1232.99,278126,130.991,23.1957,0.267264,107.528,295.92,46.3784,0.143654,249.398,426.911,1,0,0
1000,3,0,386,1,1,1,4319.94,18715.6,1324.05,46.3844,0.783418,1232.82,278124,128.003,23.1957,0.567936,104.24,68.0953,23.1887,0.0718272,44.8348,196.099,0,0,0
1000,3,0,387,1,1,1,4316.94,18678.7,1329.44,52.1883,0.891994,1232.46,278128,101.231,28.9996,0.676512,71.5549,127.666,23.1887,0.0718272,104.406,228.897,0,0,0
1000,3,0,388,1,1,1,4317.26,18665.8,1323.87,46.3844,0.482746,1232.93,278129,129.789,23.1957,0.267264,106.326,70.3658,23.1887,0.0718272,47.1053,200.155,0,0,0
1000,3,0,389,1,1,1,4316.3,18644.8,1323.92,46.3844,0.482746,1232.99,278128,126.611,23.1957,0.267264,103.148,70.0951,23.1887,0.0718272,46.8346,196.706,0,0,0
1000,3,0,390,1,0,0,-1,-1,1301.24,23.1957,0.302342,1232.97,278132,-1,-1,-1,-1,-1,-1,-1,-1,-1,0,0,0
1000,3,0,391,1,1,1,4325.19,18668.9,1323.86,46.3844,0.517824,1232.89,278128,126.693,23.1957,0.302342,103.195,72.8185,23.1887,0.0718272,49.558,199.511,0,0,0
1000,3,0,392,1,1,1,4338.03,18681.2,1324.06,46.3844,0.482746,1233.12,278125,132.357,23.1957,0.267264,108.894,129.063,23.1887,0.0718272,105.803,261.421,0,0,0
1000,3,0,393,1,1,1,4315.02,18629.6,1323.89,46.3844,0.482746,1232.95,278128,105.614,23.1957,0.267264,82.1509,52.9278,23.1887,0.0718272,29.6673,158.542,0,0,0
1000,3,0,394,1,1,1,4315.98,18676.4,1323.98,46.3844,0.482746,1233.04,278127,112.79,23.1957,0.267264,89.3268,55.321,23.1887,0.0718272,32.0605,168.111,0,0,0
1000,3,0,395,1,1,1,4357.83,18688.9,1323.96,46.3844,0.713261,1232.8,278126,76.7907,23.1957,0.497779,53.0972,132.471,23.1887,0.0718272,109.21,209.261,0,0,0
1000,3,0,396,1,1,1,4326.22,18652.6,1323.87,46.3844,0.482746,1232.93,278129,130.405,23.1957,0.267264,106.942,72.0984,23.1887,0.0718272,48.8379,202.503,0,0,0
1000,3,0,397,1,1,1,4313.42,18665.2,1323.83,46.3844,0.482746,1232.89,278129,127.443,23.1957,0.267264,103.98,79.693,23.1887,0.0718272,56.4325,207.136,0,0,0
1000,3,0,398,1,1,1,4321.13,18639.5,1323.87,46.3844,0.482746,1232.93,278129,76.3508,23.1957,0.267264,52.8879,129.487,23.1887,0.0718272,106.227,205.838,0,0,0
1000,3,0,399,1,1,1,4320.87,18686.7,1324.02,46.3844,0.713261,1232.85,278125,132.599,23.1957,0.497779,108.905,128.253,23.1887,0.0718272,104.992,260.852,0,0,0
1000,3,0,400,1,1,1,4316.94,18637.1,1324,46.3844,0.482746,1233.06,278126,128.401,23.1957,0.267264,104.938,127.618,23.1887,0.0718272,104.357,256.019,0,0,0
1000,3,0,401,1,1,1,4322.48,18673.9,1323.89,46.3844,0.482746,1232.95,278128,128.932,23.1957,0.267264,105.469,95.7936,23.1887,0.0718272,72.5331,224.725,0,0,0
1000,3,0,402,1,1,1,4321.32,18637.7,1323.95,46.3844,0.6264,1232.87,278127,97.624,23.1957,0.267264,74.161,128.085,23.1887,0.0718272,104.825,225.709,0,0,0
1000,3,0,403,1,0,0,-1,-1,1301.38,23.1957,0.267264,1233.14,278130,-1,-1,-1,-1,-1,-1,-1,-1,-1,0,0,0
1000,3,0,404,0,0,0,-1,-1,1301.32,23.206,0.551232,1232.8,278130,-1,-1,-1,-1,-1,-1,-1,-1,-1,0,0,0
1000,3,0,405,1,1,1,4339.25,18662.7,1324.06,46.3844,0.482746,1233.12,278125,105.087,23.1957,0.267264,81.6239,127.069,23.1887,0.0718272,103.808,232.156,0,0,0
1000,3,0,406,1,1,1,4321.9,24670.6,1329.49,52.1883,0.536198,1232.87,278128,287.747,28.9996,0.320717,258.363,126.937,23.1887,0.0718272,103.677,414.684,0,0,0
1000,3,0,407,1,1,1,4353.75,18667,1323.93,46.3844,0.482746,1232.99,278128,100.115,23.1957,0.267264,76.6517,128.966,23.1887,0.0718272,105.705,229.08,0,0,0
1000,3,0,408,1,1,1,4316.74,18662,1323.85,46.3844,0.678182,1232.72,278128,124.799,23.1957,0.462701,101.141,122.718,23.1887,0.0718272,99.4571,247.517,0,0,0
1000,3,0,409,1,1,2,4360.51,18717.7,1345.94,69.5741,0.965491,1232.04,278133,129.904,23.1957,0.302342,106.406,150.884,46.3784,0.37584,104.13,280.788,1,0,0
1000,3,0,410,1,1,1,4369.55,18686,1323.85,46.3844,0.661478,1232.73,278128,130.989,23.1957,0.267264,107.526,126.225,23.1887,0.106906,102.93,257.214,0,0,0
1000,3,0,411,1,1,1,4318.7,18637.1,1323.89,46.3844,0.482746,1232.95,278128,127.64,23.1957,0.267264,104.177,63.9786,23.1887,0.0718272,40.7181,191.618,0,0,0
1000,3,0,412,1,1,1,4339.74,18688.2,1323.95,46.3844,0.713261,1232.79,278126,127.739,23.1957,0.462701,104.081,124.491,23.1887,0.106906,101.195,252.23,0,0,0
1000,3,0,413,1,1,1,4328.01,18702.5,1323.95,46.3844,0.587981,1232.91,278126,129.552,23.1957,0.337421,106.019,112.545,23.1887,0.106906,89.2492,242.097,0,0,0
1000,3,0,414,1,1,1,4317.9,18639.9,1323.84,46.3844,0.517824,1232.87,278129,127.076,23.1957,0.302342,103.577,80.1045,23.1887,0.0718272,56.844,207.18,0,0,0
1000,3,0,415,1,1,1,4333.67,18668.2,1323.81,46.3844,0.482746,1232.87,278130,81.8807,23.1957,0.267264,58.4178,127.502,23.1887,0.0718272,104.242,209.383,0,0,0
1000,3,0,416,1,1,1,4325.61,18692.9,1323.9,46.3844,0.748339,1232.7,278127,129.517,23.1957,0.532858,105.788,130.087,23.1887,0.0718272,106.826,259.604,0,0,0
1000,3,0,417,1,0,0,-1,-1,1301.39,23.1957,0.462701,1232.96,278129,-1,-1,-1,-1,-1,-1,-1,-1,-1,0,0,0
1000,3,0,418,1,1,1,4386.33,18732.3,1323.78,46.3844,0.552902,1232.77,278130,116.891,23.1957,0.302342,93.393,125.828,23.1887,0.106906,102.532,242.719,0,0,0
1000,3,0,419,1,1,1,4314.7,18653.2,1323.85,46.3844,0.482746,1232.91,278129,130.28,23.1957,0.267264,106.817,71.3332,23.1887,0.0718272,48.0727,201.613,0,0,0
1000,3,0,420,1,1,1,4316.3,24718,1329.4,52.1883,0.696557,1232.62,278130,276.601,28.9996,0.481075,247.016,71.5281,23.1887,0.0718272,48.2676,348.13,0,0,0
1000,3,0,421,1,1,1,4323.91,18642.1,1323.69,46.3844,0.482746,1232.75,278132,84.0176,23.1957,0.267264,60.5546,114.542,23.1887,0.0718272,91.2814,198.559,0,0,0
1000,3,0,422,1,1,1,4326.87,18687.8,1324.03,46.3844,0.552902,1233.03,278125,131.66,23.1957,0.337421,108.127,124.187,23.1887,0.0718272,100.926,255.847,0,0,0
1000,3,0,423,1,0,0,-1,-1,1301.35,23.1957,0.302342,1233.08,278130,-1,-1,-1,-1,-1,-1,-1,-1,-1,0,0,0
1000,3,0,424,1,1,1,4317.26,18636.8,1323.95,46.3844,0.482746,1233.01,278127,126.983,23.1957,0.267264,103.52,74.5998,23.1887,0.0718272,51.3393,201.583,0,0,0
1000,3,0,425,1,1,1,4337.06,18710.4,1324.18,46.3844,0.678182,1233.04,278123,131.118,23.1957,0.462701,107.46,126.625,23.1887,0.0718272,103.365,257.743,0,0,0
1000,3,0,426,1,1,1,4314.7,18645.1,1323.96,46.3844,0.482746,1233.02,278127,126.407,23.1957,0.267264,102.944,82.4399,23.1887,0.0718272,59.1794,208.847,0,0,0
1000,3,0,427,1,1,1,4315.02,18642.6,1324.04,46.3844,0.552902,1233.03,278125,80.8193,23.1957,0.337421,57.2862,119.554,23.1887,0.0718272,96.2933,200.373,0,0,0
1000,3,0,428,1,1,1,4326.02,18657.4,1324.01,46.3844,0.6264,1232.93,278126,130.486,23.1957,0.267264,107.023,78.7473,23.1887,0.0718272,55.4868,209.233,0,0,0
1000,3,0,429,1,1,1,4318.86,18633,1323.83,46.3844,0.482746,1232.89,278129,75.5639,23.1957,0.267264,52.101,132.187,23.1887,0.0718272,108.927,207.751,0,0,0
1000,3,0,430,1,1,1,4323.46,18660.8,1323.82,46.3844,0.6264,1232.74,278129,130.704,23.1957,0.267264,107.241,71.9287,23.1887,0.0718272,48.6682,202.633,0,0,0
1000,3,0,431,1,1,1,4321.48,24637.8,1329.34,52.1883,0.731635,1232.53,278130,234.984,28.9996,0.516154,205.256,42.83,23.1887,0.0718272,19.5694,277.814,0,0,0
1000,3,0,432,1,1,1,4315.02,18635,1323.83,46.3844,0.482746,1232.89,278129,125.685,23.1957,0.267264,102.222,83.6726,23.1887,0.0718272,60.4121,209.358,0,0,0
1000,3,0,433,1,1,1,4327.75,18644.7,1323.67,46.3844,0.50112,1232.71,278132,82.7651,23.1957,0.267264,59.3021,114.867,23.1887,0.0902016,91.5882,197.632,0,0,0
1000,3,0,434,1,1,1,4336.29,18660,1323.86,46.3844,0.517824,1232.89,278128,93.8574,23.1957,0.267264,70.3944,129.748,23.1887,0.106906,106.453,223.605,0,0,0
1000,3,0,435,0,0,0,-1,-1,1301.5,23.206,0.58631,1232.93,278126,-1,-1,-1,-1,-1,-1,-1,-1,-1,0,0,0
1000,3,0,436,1,1,1,4326.18,18651,1323.85,46.3844,0.482746,1232.91,278129,80.0777,23.1957,0.267264,56.6148,129.854,23.1887,0.0718272,106.593,209.932,0,0,0
1000,3,0,437,1,1,1,4322.87,18660.5,1323.9,46.3844,0.517824,1232.93,278128,110.663,23.1957,0.302342,87.1646,55.6711,23.1887,0.0718272,32.4106,166.334,0,0,0
1000,3,0,438,1,1,1,4329.42,18665.3,1323.85,46.3844,0.482746,1232.91,278129,128.038,23.1957,0.267264,104.576,127.619,23.1887,0.0718272,104.359,255.658,0,0,0
1000,3,0,439,1,1,2,4368.31,18702.6,1346.53,69.5741,0.87696,1232.71,278124,79.363,23.1957,0.267264,55.9001,154.176,46.3784,0.178733,107.618,233.539,1,0,0
1000,3,0,440,1,1,1,4321.06,18670.1,1323.85,46.3952,0.536198,1232.85,278129,130.314,23.2065,0.320717,106.786,122.795,23.1887,0.0718272,99.5347,253.109,0,0,0
1000,3,0,441,1,1,1,4319.37,18664.8,1323.85,46.3844,0.482746,1232.91,278129,125.474,23.1957,0.267264,102.011,83.1528,23.1887,0.0718272,59.8923,208.627,0,0,0
1000,3,0,442,1,1,1,4318.54,18670.6,1323.73,46.3844,0.482746,1232.79,278131,122.713,23.1957,0.267264,99.2496,59.2843,23.1887,0.0718272,36.0238,181.997,0,0,0
1000,3,0,443,1,1,1,4379.24,18759.5,1324,46.3844,0.536198,1233.01,278126,134.279,23.1957,0.267264,110.817,126.682,23.1887,0.12528,103.368,260.962,0,0,0
1000,3,0,444,1,1,1,4343.41,18682.4,1324.09,46.3844,0.821837,1232.81,278124,78.0948,23.1957,0.462701,54.4364,131.372,23.1887,0.0718272,108.111,209.466,0,0,0
1000,3,0,445,1,1,1,4355.46,18699.2,1323.65,46.3844,0.731635,1232.47,278131,130.27,23.1957,0.302342,106.772,129.805,23.1887,0.141984,106.474,260.075,0,0,0
1000,3,0,446,1,1,1,4319.3,24647.3,1329.7,52.1883,0.731635,1232.89,278124,275.163,28.9996,0.516154,245.55,62.024,23.1887,0.0718272,38.7635,337.187,0,0,0
1000,3,0,447,1,1,1,4326.78,18656,1323.87,46.3844,0.482746,1232.93,278129,129.266,23.1957,0.267264,105.803,73.7065,23.1887,0.0718272,50.446,202.972,0,0,0
1000,3,0,448,1,1,1,4319.53,18664.5,1323.69,46.3844,0.482746,1232.75,278132,132.352,23.1957,0.267264,108.889,124.423,23.1887,0.0718272,101.163,256.775,0,0,0
1000,3,0,449,1,1,1,4320.58,18652.2,1323.79,46.3844,0.482746,1232.85,278130,133.393,23.1957,0.267264,109.93,124.203,23.1887,0.0718272,100.942,257.596,0,0,0
1000,3,0,450,1,1,1,4320.71,18706.4,1323.79,46.3844,0.482746,1232.85,278130,123.138,23.1957,0.267264,99.6755,130.159,23.1887,0.0718272,106.898,253.297,0,0,0
1000,3,0,451,1,1,1,4317.9,18630.8,1323.89,46.3844,0.482746,1232.95,278128,79.0634,23.1957,0.267264,55.6005,133.75,23.1887,0.0718272,110.49,212.814,0,0,0
1000,3,0,452,1,1,1,4320.01,18634.8,1323.9,46.3844,0.482746,1232.97,278128,98.086,23.1957,0.267264,74.6231,126.91,23.1887,0.0718272,103.65,224.996,0,0,0
1000,3,0,453,1,1,1,4334.8,18657.2,1324.02,46.3844,0.482746,1233.08,278126,76.8002,23.1957,0.267264,53.3373,128.251,23.1887,0.0718272,104.991,205.051,0,0,0
1000,3,0,454,1,1,1,4334.88,18697.4,1324.15,46.3844,0.821837,1232.87,278123,128.44,23.1957,0.462701,104.781,130.282,23.1887,0.0718272,107.021,258.721,0,0,0
1000,3,0,455,1,1,2,10329.8,24645,1346.37,69.5741,0.519494,1232.91,278128,125.409,23.1957,0.267264,101.946,177.519,46.3784,0.108576,131.032,302.928,1,0,0
1000,3,0,456,1,1,1,4321.16,18635.6,1323.92,46.3844,0.517824,1232.95,278127,82.8589,23.1957,0.267264,59.396,116.273,23.1887,0.106906,92.9779,199.132,0,0,0
1000,3,0,457,1,1,1,4329.12,18645.4,1324,46.3844,0.482746,1233.06,278126,78.5473,23.1957,0.267264,55.0843,111.892,23.1887,0.0718272,88.6319,190.44,0,0,0
1000,3,0,458,1,1,1,4338.06,18684,1323.92,46.3844,0.517824,1232.95,278127,130.722,23.1957,0.267264,107.259,128.247,23.1887,0.106906,104.951,258.969,0,0,0
1000,3,0,459,1,1,1,4329.51,18677.6,1323.89,46.3844,0.482746,1232.95,278128,129.316,23.1957,0.267264,105.853,128.266,23.1887,0.0718272,105.005,257.582,0,0,0
1000,3,0,460,1,1,1,4331.55,18661.5,1323.94,46.3844,0.552902,1232.93,278127,125.669,23.1957,0.267264,102.206,83.8546,23.1887,0.141984,60.524,209.523,0,0,0
1000,3,0,461,1,1,1,4322.63,24651.4,1329.65,52.1883,0.927072,1232.64,278124,284.489,28.9996,0.71159,254.708,126.038,23.1887,0.0718272,102.778,410.528,0,0,0
1000,3,0,462,1,1,1,4315.34,18630.2,1323.83,46.3844,0.482746,1232.89,278129,76.5295,23.1957,0.267264,53.0665,132.316,23.1887,0.0718272,109.055,208.845,0,0,0
1000,3,0,463,1,1,1,4323.43,18645.1,1323.91,46.3844,0.6264,1232.83,278127,125.443,23.1957,0.267264,101.98,121.137,23.1887,0.0718272,97.8761,246.58,0,0,0
1000,3,0,464,1,1,1,4317.8,18664.6,1323.85,46.3844,0.482746,1232.91,278129,126.143,23.1957,0.267264,102.68,85.7337,23.1887,0.0718272,62.4732,211.877,0,0,0
1000,3,0,465,0,0,0,-1,-1,1301.38,23.206,0.551232,1232.85,278129,-1,-1,-1,-1,-1,-1,-1,-1,-1,0,0,0
1000,3,0,466,1,1,1,4355.96,24674.9,1329.51,52.1883,0.785088,1232.64,278127,279.237,28.9996,0.551232,249.602,124.46,23.1887,0.0902016,101.181,403.696,0,0,0
1000,3,0,467,1,1,1,4328.78,18641.3,1323.9,46.3844,0.482746,1232.97,278128,125.403,23.1957,0.267264,101.941,130.101,23.1887,0.0718272,106.841,255.505,0,0,0
1000,3,0,468,1,1,1,4326.99,18667.3,1323.85,46.3844,0.482746,1232.91,278129,123.732,23.1957,0.267264,100.269,131.159,23.1887,0.0718272,107.898,254.891,0,0,0
1000,3,0,469,0,0,0,-1,-1,1301.35,23.206,0.516154,1232.86,278129,-1,-1,-1,-1,-1,-1,-1,-1,-1,0,0,0
1000,3,0,470,1,1,1,4331.53,18652.8,1323.67,46.3844,0.517824,1232.7,278132,114.67,23.1957,0.267264,91.2074,56.9082,23.1887,0.106906,33.6126,171.579,0,0,0
1000,3,0,471,1,1,1,4334.14,18657.1,1324.02,46.3952,0.571277,1232.99,278125,125.799,23.2065,0.285638,102.307,86.5853,23.1887,0.141984,63.2546,212.384,0,0,0
1000,3,0,472,1,1,1,4335.24,18665.1,1323.85,46.3844,0.482746,1232.91,278129,126.319,23.1957,0.267264,102.856,91.0578,23.1887,0.0718272,67.7973,217.376,0,0,0
1000,3,0,473,1,1,1,4332.46,18677.1,1323.85,46.3844,0.482746,1232.91,278129,127.723,23.1957,0.267264,104.26,127.118,23.1887,0.0718272,103.857,254.84,0,0,0
1000,3,0,474,1,1,1,4324.4,18645,1323.87,46.3844,0.482746,1232.93,278129,80.4459,23.1957,0.267264,56.983,129.468,23.1887,0.0718272,106.207,209.913,0,0,0
1000,3,0,475,1,1,1,4353.16,18717.4,1323.88,46.3844,0.517824,1232.91,278128,129.93,23.1957,0.267264,106.467,127.664,23.1887,0.106906,104.368,257.593,0,0,0
1000,3,0,476,1,1,1,4325.13,24661.6,1329.53,52.1883,0.536198,1232.91,278127,278.078,28.9996,0.320717,248.667,127.829,23.1887,0.0718272,104.568,405.906,0,0,0
1000,3,0,477,1,1,1,4355.62,18671.7,1323.98,46.3844,0.517824,1233.01,278126,77.7459,23.1957,0.267264,54.283,131.991,23.1887,0.106906,108.696,209.737,0,0,0
1000,3,0,478,1,1,1,4329.45,18702.7,1323.9,46.3844,0.587981,1232.85,278127,127.719,23.1957,0.337421,104.186,125.759,23.1887,0.106906,102.464,253.478,0,0,0
1000,3,0,479,1,1,2,10357.3,24674.9,1346.61,69.5741,0.663149,1233.01,278123,77.2767,23.1957,0.267264,53.8137,302.273,46.3784,0.25223,255.643,379.55,1,0,0
1000,3,0,480,1,1,1,4332.38,24690.8,1329.49,52.1883,0.536198,1232.87,278128,269.44,28.9996,0.320717,240,127.471,23.1887,0.0718272,104.211,396.911,0,0,0
1000,3,0,481,1,1,1,4323.38,18658.7,1323.88,46.3844,0.517824,1232.91,278128,128.267,23.1957,0.302342,104.769,125.802,23.1887,0.0718272,102.542,254.069,0,0,0
1000,3,0,482,1,1,1,4335.78,18679.5,1323.69,46.3844,0.678182,1232.56,278131,122.219,23.1957,0.462701,98.5601,130.753,23.1887,0.0718272,107.492,252.971,0,0,0
1000,3,0,483,1,1,1,4319.82,18722.5,1323.89,46.3844,0.482746,1232.95,278128,129.038,23.1957,0.267264,105.575,64.863,23.1887,0.0718272,41.6024,193.901,0,0,0
1000,3,0,484,1,1,1,4323.08,18635,1323.93,46.3844,0.482746,1232.99,278128,79.2421,23.1957,0.267264,55.7791,112.295,23.1887,0.0718272,89.0344,191.537,0,0,0
1000,3,0,485,1,1,1,4327.88,18729.1,1323.81,46.3844,0.713261,1232.64,278129,127.163,23.1957,0.497779,103.469,69.458,23.1887,0.0718272,46.1975,196.621,0,0,0
1000,3,0,486,1,1,1,4316.3,18755.7,1323.95,46.3952,0.696557,1232.79,278127,129.225,23.2065,0.481075,105.537,70.0481,23.1887,0.0718272,46.7876,199.273,0,0,0
1000,3,0,487,0,0,0,-1,-1,1301.31,23.206,0.942106,1232.39,278129,-1,-1,-1,-1,-1,-1,-1,-1,-1,0,0,0
1000,3,0,488,1,1,1,4326.03,18641.5,1323.87,46.3844,0.482746,1232.93,278129,91.9894,23.1957,0.267264,68.5265,127.984,23.1887,0.0718272,104.724,219.973,0,0,0
1000,3,0,489,1,1,1,4317.9,18633.7,1323.89,46.3844,0.482746,1232.95,278128,129.022,23.1957,0.267264,105.559,77.6427,23.1887,0.0718272,54.3822,206.665,0,0,0
1000,3,0,490,1,1,1,4394.29,18717.5,1323.85,46.3844,0.482746,1232.91,278129,74.6832,23.1957,0.267264,51.2202,135.207,23.1887,0.0718272,111.946,209.89,0,0,0
1000,3,0,491,1,1,1,4340.58,18655.1,1323.85,46.3844,0.6264,1232.77,278128,77.4337,23.1957,0.267264,53.9707,129.442,23.1887,0.0718272,106.182,206.876,0,0,0
1000,3,0,492,1,1,1,4320.23,18669.5,1323.97,46.3844,0.6264,1232.89,278126,125.355,23.1957,0.267264,101.892,120.37,23.1887,0.0718272,97.1091,245.724,0,0,0
1000,3,0,493,1,1,1,4338.5,18663.8,1323.98,46.3844,0.517824,1233.01,278126,128.86,23.1957,0.302342,105.362,129.336,23.1887,0.0718272,106.075,258.196,0,0,0
1000,3,0,494,1,1,1,4351.23,18672.6,1323.98,46.3844,0.482746,1233.04,278127,119.617,23.1957,0.267264,96.1543,130.052,23.1887,0.0718272,106.792,249.67,0,0,0
1000,3,0,495,1,1,1,4329.9,18655.2,1324.14,46.3844,0.6264,1233.06,278123,129.336,23.1957,0.267264,105.873,69.4291,23.1887,0.0718272,46.1686,198.765,0,0,0
1000,3,0,496,1,1,1,4322.49,18637,1323.77,46.3844,0.482746,1232.83,278130,77.0872,23.1957,0.267264,53.6242,133.225,23.1887,0.0718272,109.965,210.312,0,0,0
1000,3,0,497,1,1,1,4327.88,18671.1,1324.02,46.3844,0.678182,1232.89,278125,130.928,23.1957,0.462701,107.27,72.0172,23.1887,0.0718272,48.7567,202.946,0,0,0
1000,3,0,498,1,1,1,4341.15,18721,1323.89,46.3844,0.678182,1232.76,278128,131.057,23.1957,0.462701,107.398,126.251,23.1887,0.0718272,102.991,257.308,0,0,0
1000,3,0,499,1,1,1,4351.29,18675.5,1323.85,46.3844,0.482746,1232.91,278129,82.1063,23.1957,0.267264,58.6434,125.815,23.1887,0.0718272,102.554,207.921,0,0,0
1000,3,0,500,1,1,1,4316.94,18676.7,1323.89,46.3844,0.482746,1232.95,278128,130.489,23.1957,0.267264,107.026,71.9811,23.1887,0.0718272,48.7206,202.47,0,0,0
1000,3,0,501,1,1,1,4318.66,18632.5,1323.79,46.3844,0.482746,1232.85,278130,75.6993,23.1957,0.267264,52.2363,108.806,23.1887,0.0718272,85.5457,184.506,0,0,0
1000,3,0,502,1,1,1,4337.34,18703.2,1324,46.3844,0.678182,1232.87,278126,128.734,23.1957,0.462701,105.075,126.861,23.1887,0.0718272,103.601,255.595,0,0,0
1000,3,0,503,0,0,0,-1,-1,1306.92,29.0099,1.22607,1232.09,278128,-1,-1,-1,-1,-1,-1,-1,-1,-1,0,0,0
1000,3,0,504,1,1,1,4331.02,18679.4,1323.81,46.3844,0.482746,1232.87,278130,115.641,23.1957,0.267264,92.1784,124.358,23.1887,0.0718272,101.098,240,0,0,0
1000,3,0,505,1,1,1,4318.39,18638.2,1323.89,46.3844,0.482746,1232.95,278128,123.674,23.1957,0.267264,100.212,131.227,23.1887,0.0718272,107.967,254.902,0,0,0
1000,3,0,506,1,1,1,4319.11,18647.6,1324.04,46.3844,0.482746,1233.1,278125,116.441,23.1957,0.267264,92.9779,124.293,23.1887,0.0718272,101.033,240.734,0,0,0
1000,3,0,507,1,1,1,4321.97,18638.7,1324.02,46.3844,0.482746,1233.08,278126,124.313,23.1957,0.267264,100.85,119.489,23.1887,0.0718272,96.2283,243.802,0,0,0
1000,3,0,508,1,1,1,4314.06,30644.8,1335.18,57.9922,0.694886,1232.78,278126,338.703,34.8035,0.479405,302.683,28.4295,23.1887,0.0718272,5.16895,367.133,0,0,0
1000,3,0,509,1,1,1,4317.9,24631.8,1329.41,52.1883,0.536198,1232.79,278130,202.186,28.9996,0.320717,172.559,31.4236,23.1887,0.0718272,8.16311,233.61,0,0,0
1000,3,0,510,1,1,1,4327.43,18670.2,1324.07,46.3844,0.873619,1232.74,278124,130.868,23.1957,0.658138,107.014,71.113,23.1887,0.0718272,47.8525,201.981,0,0,0
1000,3,0,511,1,1,1,4343.35,18687.5,1323.76,46.3844,0.517824,1232.79,278130,109.427,23.1957,0.267264,85.9644,126.211,23.1887,0.106906,102.915,235.638,0,0,0
1000,3,0,512,1,1,1,4342.38,24672.2,1329.49,52.1883,0.96215,1232.45,278127,279.711,28.9996,0.71159,249.916,123.722,23.1887,0.106906,100.426,403.433,0,0,0
1000,3,0,513,1,1,1,4326.22,18673.8,1323.85,46.3844,0.482746,1232.91,278129,133.678,23.1957,0.267264,110.216,124.71,23.1887,0.0718272,101.45,258.389,0,0,0
1000,3,0,514,1,1,1,4322.63,18674,1323.91,46.3844,0.482746,1232.97,278128,127.304,23.1957,0.267264,103.841,129.913,23.1887,0.0718272,106.653,257.217,0,0,0
1000,3,0,515,1,1,1,4331.68,24754.5,1329.55,52.1883,0.536198,1232.93,278127,277.779,28.9996,0.320717,248.353,74.1757,23.1887,0.0718272,50.9152,351.954,0,0,0
1000,3,0,516,1,1,1,4321.44,18672.1,1323.73,46.3844,0.552902,1232.73,278130,123.807,23.1957,0.302342,100.309,126.092,23.1887,0.106906,102.796,249.899,0,0,0
1000,3,0,517,1,0,0,-1,-1,1301.31,23.1957,0.337421,1233.01,278130,-1,-1,-1,-1,-1,-1,-1,-1,-1,0,0,0
1000,3,0,518,1,1,1,4316.94,18632.7,1324.04,46.3844,0.482746,1233.1,278125,121.265,23.1957,0.267264,97.8021,58.6364,23.1887,0.0718272,35.3759,179.901,0,0,0
1000,3,0,519,1,1,1,4333.86,18723.6,1323.63,46.3844,0.587981,1232.59,278132,129.633,23.1957,0.372499,106.064,130.522,23.1887,0.0718272,107.261,260.154,0,0,0
1000,3,0,520,1,1,1,4316.94,18634.4,1324.04,46.3844,0.482746,1233.1,278125,129.499,23.1957,0.267264,106.036,78.3773,23.1887,0.0718272,55.1168,207.876,0,0,0
1000,3,0,521,1,1,1,4316.55,18639.5,1323.83,46.3844,0.482746,1232.89,278129,84.5464,23.1957,0.267264,61.0835,124.984,23.1887,0.0718272,101.724,209.531,0,0,0
1000,3,0,522,1,1,1,4325.42,18711.1,1323.85,46.3844,0.6264,1232.77,278128,133.585,23.1957,0.267264,110.122,124.08,23.1887,0.0718272,100.82,257.665,0,0,0
1000,3,0,523,1,1,1,4354.33,18707.3,1323.98,46.3844,0.696557,1232.83,278126,130.775,23.1957,0.302342,107.277,127.7,23.1887,0.106906,104.404,258.475,0,0,0
1000,3,0,524,1,1,1,4335.91,18704.7,1324.09,46.3844,0.6264,1233.01,278124,128.306,23.1957,0.267264,104.843,123.566,23.1887,0.0718272,100.305,251.871,0,0,0
1000,3,0,525,1,1,1,4336.15,24697.2,1329.49,52.1883,0.785088,1232.62,278127,274.658,28.9996,0.551232,245.003,130.345,23.1887,0.0902016,107.066,405.003,0,0,0
1000,3,0,526,1,1,1,4352.46,18671.9,1323.9,46.3844,0.517824,1232.93,278128,99.7049,23.1957,0.267264,76.242,129.08,23.1887,0.106906,105.785,228.785,0,0,0
1000,3,0,527,1,1,1,4326.41,18646,1323.98,46.3844,0.482746,1233.04,278127,78.4534,23.1957,0.267264,54.9905,133.059,23.1887,0.0718272,109.799,211.513,0,0,0
1000,3,0,528,1,1,1,4340.73,18740.1,1324.39,46.3844,1.10413,1232.83,278118,134.545,23.1957,0.888653,110.461,125.147,23.1887,0.0718272,101.886,259.692,0,0,0
1000,3,0,529,1,1,1,4343.25,18687.4,1323.77,46.3844,0.517824,1232.79,278130,123.092,23.1957,0.267264,99.6286,130.688,23.1887,0.106906,107.393,253.78,0,0,0
1000,3,0,530,1,1,1,4319.75,18708.9,1323.87,46.3844,0.908698,1232.51,278127,125.169,23.1957,0.693216,101.28,62.6918,23.1887,0.0718272,39.4313,187.861,0,0,0
1000,3,0,531,1,1,1,4351.49,18689.5,1324.04,46.3844,0.482746,1233.1,278125,131.446,23.1957,0.267264,107.983,124.773,23.1887,0.0718272,101.513,256.219,0,0,0
1000,3,0,532,1,1,2,10333.8,24677.6,1346.35,69.5741,0.554573,1232.85,278128,131.19,23.1957,0.267264,107.727,294.144,46.3784,0.143654,247.622,425.334,1,0,0
1000,3,0,533,1,1,1,4320.38,24641.1,1329.35,52.1883,0.536198,1232.73,278131,216.688,28.9996,0.320717,187.102,37.6213,23.1887,0.0718272,14.3608,254.309,0,0,0
1000,3,0,534,1,1,2,10355.9,24670.4,1346.27,69.5741,0.589651,1232.74,278129,76.8291,23.1957,0.267264,53.3661,301.426,46.3784,0.178733,254.868,378.255,1,0,0
1000,3,0,535,1,1,1,4319.24,18649.3,1323.98,46.3844,0.770054,1232.76,278126,130.845,23.1957,0.267264,107.382,126.228,23.1887,0.0718272,102.967,257.073,0,0,0
1000,3,0,536,1,1,1,4319.56,18639.3,1323.93,46.3844,0.482746,1232.99,278128,132.635,23.1957,0.267264,109.172,124.104,23.1887,0.0718272,100.843,256.739,0,0,0
1000,3,0,537,1,1,1,4317.29,18664.2,1323.99,46.3844,0.713261,1232.83,278126,124.45,23.1957,0.497779,100.757,125.037,23.1887,0.0718272,101.776,249.487,0,0,0
1000,3,0,538,1,1,1,4350.69,18703.7,1324,46.3844,0.482746,1233.06,278126,122.422,23.1957,0.267264,98.959,129.8,23.1887,0.0718272,106.539,252.222,0,0,0
1000,3,0,539,1,1,1,4334.31,18646.5,1323.92,46.3844,0.482746,1232.99,278128,91.697,23.1957,0.267264,68.2341,127.74,23.1887,0.0718272,104.48,219.437,0,0,0
1000,3,0,540,1,1,1,4344.65,18699.7,1323.85,46.3844,0.482746,1232.91,278129,127.282,23.1957,0.267264,103.819,81.0935,23.1887,0.0718272,57.833,208.376,0,0,0
1000,3,0,541,1,1,1,4330.47,18650.1,1323.83,46.3844,0.661478,1232.72,278129,76.8165,23.1957,0.267264,53.3535,125.788,23.1887,0.106906,102.493,202.605,0,0,0
1000,3,0,542,1,1,1,4335.3,18648.5,1323.95,46.3844,0.482746,1233.01,278127,77.3326,23.1957,0.267264,53.8697,133.453,23.1887,0.0718272,110.192,210.785,0,0,0
1000,3,0,543,1,1,1,4331.81,18656.3,1324.12,46.3844,0.6264,1233.04,278124,106.583,23.1957,0.267264,83.1201,127.973,23.1887,0.0718272,104.713,234.556,0,0,0
1000,3,0,544,1,1,1,4335.41,18686.4,1323.89,46.3844,0.482746,1232.95,278128,133.825,23.1957,0.267264,110.362,125.371,23.1887,0.0718272,102.11,259.195,0,0,0
1000,3,0,545,1,1,1,4331.5,18662.4,1324.08,46.3844,0.696557,1232.93,278124,124.534,23.1957,0.462701,100.876,61.3006,23.1887,0.0902016,38.0217,185.835,0,0,0
1000,3,0,546,1,1,1,4339.85,18668.9,1323.87,46.3844,0.482746,1232.93,278129,79.3594,23.1957,0.267264,55.8965,123.248,23.1887,0.0718272,99.9877,202.608,0,0,0
1000,3,0,547,1,1,1,4317.51,18729.9,1323.83,46.3844,0.678182,1232.7,278129,129.315,23.1957,0.462701,105.657,64.6265,23.1887,0.0718272,41.366,193.942,0,0,0
1000,3,0,548,1,1,1,4327.43,18642.2,1324,46.3844,0.482746,1233.06,278126,81.9024,23.1957,0.267264,58.4394,114.161,23.1887,0.0718272,90.9006,196.063,0,0,0
1000,3,0,549,1,1,1,4316.62,18650,1323.94,46.3844,0.482746,1233.01,278127,91.6519,23.1957,0.267264,68.189,45.0444,23.1887,0.0718272,21.7839,136.696,0,0,0
1000,3,0,550,1,1,1,4318.79,18651.3,1323.76,46.3844,0.552902,1232.75,278130,125.683,23.1957,0.337421,102.15,70.1402,23.1887,0.0718272,46.8797,195.823,0,0,0
1000,3,0,551,1,1,1,4322.45,18741.4,1323.98,46.3844,0.552902,1232.97,278126,127.576,23.1957,0.337421,104.043,68.5592,23.1887,0.0718272,45.2987,196.135,0,0,0
1000,3,0,552,1,1,1,4372.64,18685.8,1323.91,46.3844,0.482746,1232.97,278128,98.3622,23.1957,0.267264,74.8992,129.731,23.1887,0.0718272,106.471,228.093,0,0,0
1000,3,0,553,1,1,1,4318.06,18633.6,1323.85,46.3844,0.482746,1232.91,278129,127.45,23.1957,0.267264,103.987,127.876,23.1887,0.0718272,104.615,255.326,0,0,0
1000,3,0,554,1,0,0,-1,-1,1301.38,23.1957,0.267264,1233.14,278130,-1,-1,-1,-1,-1,-1,-1,-1,-1,0,0,0
1000,3,0,555,1,1,1,4339.31,18656.1,1323.83,46.3844,0.482746,1232.89,278129,89.358,23.1957,0.267264,65.8951,130.839,23.1887,0.0718272,107.579,220.197,0,0,0
1000,3,0,556,1,1,1,4316.3,24643.1,1329.38,52.1883,0.696557,1232.6,278130,270.107,28.9996,0.481075,240.515,57.9885,23.1887,0.0718272,34.728,328.096,0,0,0
1000,3,0,557,1,1,1,4315.66,18666,1323.73,46.3844,0.482746,1232.79,278131,128.871,23.1957,0.267264,105.408,112.021,23.1887,0.0718272,88.7601,240.891,0,0,0
1000,3,0,558,1,0,0,-1,-1,1301.57,23.1957,0.267264,1233.34,278126,-1,-1,-1,-1,-1,-1,-1,-1,-1,0,0,0
1000,3,0,559,1,1,1,4412.5,18798.6,1323.83,46.3844,0.713261,1232.66,278129,125.825,23.1957,0.497779,102.132,127.323,23.1887,0.0718272,104.063,253.149,0,0,0
1000,3,0,560,1,1,1,4325.1,18642,1323.67,46.3844,0.482746,1232.73,278132,127.297,23.1957,0.267264,103.834,106.648,23.1887,0.0718272,83.3872,233.944,0,0,0
1000,3,0,561,1,1,1,4315.66,18647.7,1323.9,46.3844,0.517824,1232.93,278128,130.429,23.1957,0.302342,106.931,127.471,23.1887,0.0718272,104.211,257.9,0,0,0
1000,3,0,562,1,1,1,4351.4,18666.5,1323.87,46.3844,0.6264,1232.79,278128,106.144,23.1957,0.267264,82.6815,126.502,23.1887,0.0718272,103.242,232.647,0,0,0
1000,3,0,563,1,1,1,4316.87,18687.3,1323.85,46.3844,0.678182,1232.72,278128,126.969,23.1957,0.462701,103.31,85.1002,23.1887,0.0718272,61.8397,212.069,0,0,0
1000,3,0,564,1,1,1,4325.4,18687.6,1324.06,46.3844,0.678182,1232.93,278125,132.975,23.1957,0.462701,109.317,123.9,23.1887,0.0718272,100.639,256.875,0,0,0
1000,3,0,565,1,1,1,4329.35,18645.8,1323.92,46.3844,0.482746,1232.99,278128,75.6433,23.1957,0.267264,52.1804,108.23,23.1887,0.0718272,84.97,183.874,0,0,0
1000,3,0,566,1,1,1,4332.38,24652.6,1329.53,52.1883,0.571277,1232.87,278127,164.913,28.9996,0.355795,135.142,128.112,23.1887,0.0718272,104.852,293.026,0,0,0
1000,3,0,567,1,1,1,4323.46,18644.7,1323.92,46.3844,0.517824,1232.95,278127,76.8136,23.1957,0.302342,53.3156,131.218,23.1887,0.0718272,107.958,208.032,0,0,0
1000,3,0,568,1,1,1,4339.14,18699.4,1323.93,46.3844,1.20937,1232.27,278125,129.832,23.1957,0.923731,105.713,70.8745,23.1887,0.141984,47.5438,200.706,0,0,0
1000,3,0,569,1,1,1,4376.94,18733.6,1324.08,46.3844,0.908698,1232.72,278124,133.029,23.1957,0.693216,109.14,126.103,23.1887,0.0718272,102.843,259.132,0,0,0
1000,3,0,570,1,1,1,4324.17,18664,1323.98,46.3844,0.482746,1233.04,278127,130.148,23.1957,0.267264,106.685,72.6597,23.1887,0.0718272,49.3992,202.808,0,0,0
1000,3,0,571,1,1,1,4344.55,18691.8,1323.75,46.3844,0.661478,1232.64,278130,127.18,23.1957,0.302342,103.682,80.8084,23.1887,0.0718272,57.5479,207.989,0,0,0
1000,3,0,572,1,1,1,4317.9,18646.6,1323.85,46.3844,0.482746,1232.91,278129,96.7595,23.1957,0.267264,73.2965,46.8041,23.1887,0.0718272,23.5436,143.564,0,0,0
1000,3,0,573,1,1,1,4334.75,18650.4,1323.78,46.3844,0.6264,1232.7,278130,129.639,23.1957,0.267264,106.176,127.092,23.1887,0.0718272,103.832,256.732,0,0,0
1000,3,0,574,1,1,1,4343.94,18714.5,1329.46,52.1883,0.83687,1232.54,278127,138.042,28.9996,0.516154,108.526,127.539,23.1887,0.177062,104.173,265.581,0,0,0
1000,3,0,575,1,1,1,4330.6,18663.9,1323.92,46.3844,0.482746,1232.99,278128,128.981,23.1957,0.267264,105.518,129.637,23.1887,0.0718272,106.377,258.618,0,0,0
1000,3,0,576,1,1,1,4358.84,18675.6,1323.97,46.3844,0.6264,1232.89,278126,75.573,23.1957,0.267264,52.11,129.004,23.1887,0.0718272,105.743,204.577,0,0,0
1000,3,0,577,1,1,1,4316.94,18631.7,1323.96,46.3844,0.482746,1233.02,278127,127.313,23.1957,0.267264,103.85,101.302,23.1887,0.0718272,78.0414,228.615,0,0,0
1000,3,0,578,1,1,1,4335.05,18656.9,1323.78,46.3844,0.6264,1232.7,278130,77.1612,23.1957,0.267264,53.6982,132.303,23.1887,0.0718272,109.042,209.464,0,0,0
1000,3,0,579,1,1,2,10317.3,24658.1,1346.39,69.5741,0.519494,1232.93,278127,131.193,23.1957,0.267264,107.73,292.99,46.3784,0.108576,246.503,424.183,1,0,0
1000,3,0,580,1,1,1,4427.4,18766.3,1323.79,46.3844,0.517824,1232.81,278130,78.0726,23.1957,0.267264,54.6096,135.07,23.1887,0.106906,111.775,213.143,0,0,0
1000,3,0,581,1,1,1,4346.22,18659.4,1323.94,46.3844,0.517824,1232.97,278127,97.7973,23.1957,0.267264,74.3343,127.729,23.1887,0.106906,104.433,225.526,0,0,0
1000,3,0,582,1,1,1,4324.64,18660.3,1323.89,46.3844,0.482746,1232.95,278128,80.0001,23.1957,0.267264,56.5372,124.19,23.1887,0.0718272,100.93,204.19,0,0,0
1000,3,0,583,1,1,1,4369.98,18761.4,1324.09,46.3844,1.23108,1232.41,278122,126.063,23.1957,0.658138,102.209,130.503,23.1887,0.141984,107.173,256.567,0,0,0
1000,3,0,584,1,1,1,4315.98,18647.3,1323.67,46.3844,0.482746,1232.73,278132,125.131,23.1957,0.267264,101.668,82.6511,23.1887,0.0718272,59.3906,207.782,0,0,0
1000,3,0,585,1,1,1,4324.04,18763.5,1323.9,46.3844,0.713261,1232.73,278127,127.548,23.1957,0.462701,103.89,68.0492,23.1887,0.106906,44.7536,195.597,0,0,0
1000,3,0,586,1,1,1,4318.22,24637.7,1329.53,52.1883,0.536198,1232.91,278128,178.406,28.9996,0.320717,148.708,27.7815,23.1887,0.0718272,4.52102,206.187,0,0,0
1000,3,0,587,1,1,1,4315.02,18637.3,1323.95,46.3844,0.482746,1233.01,278127,82.2128,23.1957,0.267264,58.7498,123.568,23.1887,0.0718272,100.307,205.78,0,0,0
1000,3,0,588,1,1,1,4339.02,18659.6,1323.88,46.3844,0.517824,1232.91,278128,103.579,23.1957,0.302342,80.0808,127.571,23.1887,0.0718272,104.31,231.15,0,0,0
1000,3,0,589,1,1,1,4315.98,24683.5,1329.34,52.1883,0.801792,1232.46,278130,258.394,28.9996,0.58631,228.656,53.3393,23.1887,0.0718272,30.0788,311.733,0,0,0
1000,3,0,590,1,1,1,4315.34,24637.5,1329.51,52.1883,0.536198,1232.89,278128,274.894,28.9996,0.320717,245.476,83.0192,23.1887,0.0718272,59.7587,357.913,0,0,0
1000,3,0,591,1,1,1,4315.98,18638.6,1323.92,46.3844,0.482746,1232.99,278128,124.878,23.1957,0.267264,101.415,69.6836,23.1887,0.0718272,46.4231,194.562,0,0,0
1000,3,0,592,1,1,1,4333.96,18709,1323.87,46.3844,0.482746,1232.93,278129,125.784,23.1957,0.267264,102.321,128.596,23.1887,0.0718272,105.335,254.38,0,0,0
1000,3,0,593,1,1,1,4384.39,18698.9,1324.11,46.3844,0.805133,1232.85,278123,90.8199,23.1957,0.267264,67.3569,131.362,23.1887,0.106906,108.066,222.182,0,0,0
1000,3,0,594,1,1,1,4322.35,18640.6,1323.69,46.3844,0.482746,1232.75,278132,74.7752,23.1957,0.267264,51.3123,132.662,23.1887,0.0718272,109.402,207.437,0,0,0
1000,3,0,595,1,1,1,4324.49,18681.6,1323.83,46.3844,0.482746,1232.89,278129,124.552,23.1957,0.267264,101.089,127.54,23.1887,0.0718272,104.28,252.092,0,0,0
1000,3,0,596,1,1,1,4318.6,18639.3,1323.89,46.3844,0.482746,1232.95,278128,77.0276,23.1957,0.267264,53.5647,133.014,23.1887,0.0718272,109.753,210.042,0,0,0
1000,3,0,597,1,1,1,4319.18,18689.8,1323.83,46.3844,0.482746,1232.89,278129,128.432,23.1957,0.267264,104.969,83.4452,23.1887,0.0718272,60.1847,211.877,0,0,0
1000,3,0,598,1,1,1,4318.44,18671.3,1323.9,46.3844,0.517824,1232.93,278128,126.722,23.1957,0.302342,103.224,71.9973,23.1887,0.0718272,48.7368,198.719,0,0,0
1000,3,0,599,1,1,1,4328.72,18688.5,1323.89,46.3844,0.482746,1232.95,278128,126.602,23.1957,0.267264,103.139,90.76,23.1887,0.0718272,67.4995,217.362,0,0,0
1000,3,0,600,1,1,1,4322.54,18647.1,1323.9,46.3844,0.482746,1232.97,278128,83.5393,23.1957,0.267264,60.0764,115.843,23.1887,0.0718272,92.5826,199.382,0,0,0
1000,3,0,601,1,1,1,4333,24683.7,1329.33,52.1883,0.606355,1232.64,278131,275.386,28.9996,0.390874,245.895,127.221,23.1887,0.0718272,103.96,402.606,0,0,0
1000,3,0,602,1,1,1,4321.17,18648.8,1323.89,46.3844,0.678182,1232.76,278128,77.4559,23.1957,0.462701,53.7975,133.548,23.1887,0.0718272,110.288,211.004,0,0,0
1000,3,0,603,1,1,1,4324.96,18648.8,1323.89,46.3844,0.482746,1232.95,278128,131.201,23.1957,0.267264,107.738,124.642,23.1887,0.0718272,101.381,255.842,0,0,0
1000,3,0,604,1,1,1,4318.22,18633.7,1323.81,46.3844,0.482746,1232.87,278130,76.8706,23.1957,0.267264,53.4076,132.953,23.1887,0.0718272,109.692,209.823,0,0,0
1000,3,0,605,1,1,1,4348.63,18674.7,1323.92,46.3844,0.517824,1232.95,278127,77.9192,23.1957,0.267264,54.4562,128.499,23.1887,0.106906,105.204,206.418,0,0,0
1000,3,0,606,1,1,1,4361.45,18682.5,1323.89,46.3844,0.482746,1232.95,278128,90.3958,23.1957,0.267264,66.9328,131.106,23.1887,0.0718272,107.846,221.502,0,0,0
1000,3,0,607,1,1,1,4317.66,18681.3,1323.89,46.3844,0.482746,1232.95,278128,127.257,23.1957,0.267264,103.794,126.156,23.1887,0.0718272,102.895,253.413,0,0,0
1000,3,0,608,1,1,1,4315.91,18679.9,1323.77,46.3844,0.482746,1232.83,278130,127.335,23.1957,0.267264,103.872,123.342,23.1887,0.0718272,100.082,250.677,0,0,0
1000,3,0,609,1,1,1,4325.2,18654.8,1323.99,46.3844,0.6264,1232.91,278126,129.894,23.1957,0.267264,106.431,128.735,23.1887,0.0718272,105.474,258.629,0,0,0
1000,3,0,610,1,1,1,4322.04,18639.1,1323.85,46.3844,0.482746,1232.91,278129,93.9206,23.1957,0.267264,70.4576,128.621,23.1887,0.0718272,105.361,222.542,0,0,0
1000,3,0,611,1,1,1,4328.71,18666.5,1323.83,46.3844,0.482746,1232.89,278129,129.506,23.1957,0.267264,106.043,125.082,23.1887,0.0718272,101.821,254.588,0,0,0
1000,3,0,612,1,1,1,4314.95,18658.6,1323.92,46.3844,0.517824,1232.95,278127,127.965,23.1957,0.302342,104.467,71.057,23.1887,0.0718272,47.7965,199.022,0,0,0
1000,3,0,613,1,1,1,4327.37,18655.8,1323.89,46.3844,0.482746,1232.95,278128,82.8517,23.1957,0.267264,59.3887,124.838,23.1887,0.0718272,101.578,207.69,0,0,0
1000,3,0,614,1,1,1,4337.8,18664,1324.13,46.3844,0.770054,1232.91,278123,100.732,23.1957,0.267264,77.2689,127.968,23.1887,0.0718272,104.707,228.7,0,0,0
1000,3,0,615,1,1,1,4325.1,18653.5,1323.69,46.3844,0.552902,1232.68,278131,78.6048,23.1957,0.337421,55.0717,128.105,23.1887,0.0718272,104.844,206.71,0,0,0
1000,3,0,616,1,1,1,4343.45,24658.9,1329.61,52.1883,0.50112,1233.02,278126,275.846,28.9996,0.285638,246.467,121.382,23.1887,0.0718272,98.1216,397.228,0,0,0
1000,3,0,617,1,1,1,4325.41,18675.9,1324.19,46.3844,0.910368,1232.83,278121,126.69,23.1957,0.658138,102.836,83.6967,23.1887,0.108576,60.3994,210.386,0,0,0
1000,3,0,618,1,1,1,4318.54,18671,1323.69,46.3844,0.748339,1232.49,278131,125.443,23.1957,0.532858,101.715,82.7287,23.1887,0.0718272,59.4682,208.172,0,0,0
1000,3,0,619,1,1,1,4316.94,18660.5,1323.96,46.3844,0.517824,1232.99,278127,124.884,23.1957,0.302342,101.386,120.249,23.1887,0.0718272,96.9881,245.133,0,0,0
1000,3,0,620,1,1,1,4315.34,30644.1,1335.51,57.9922,1.33632,1232.47,278119,342.486,34.8035,1.12084,305.836,29.0774,23.1887,0.0718272,5.81687,371.564,0,0,0
1000,3,0,621,1,1,1,4347.76,18675.5,1323.93,46.3844,0.482746,1232.99,278128,92.1085,23.1957,0.267264,68.6456,128.419,23.1887,0.0718272,105.158,220.528,0,0,0
1000,3,0,622,1,1,1,4315.02,18632.6,1324.02,46.3844,0.482746,1233.08,278126,74.777,23.1957,0.267264,51.3141,131.931,23.1887,0.0718272,108.671,206.708,0,0,0
1000,3,0,623,1,1,1,4340.23,18700.5,1323.85,46.3844,0.482746,1232.91,278129,130.607,23.1957,0.267264,107.144,126.773,23.1887,0.0718272,103.512,257.38,0,0,0
1000,3,0,624,1,1,1,4325.27,18716.3,1323.81,46.3844,0.482746,1232.87,278130,132.933,23.1957,0.267264,109.47,124.147,23.1887,0.0718272,100.887,257.08,0,0,0
1000,3,0,625,1,1,1,4335.98,18662.2,1323.89,46.3844,0.482746,1232.95,278128,132.325,23.1957,0.267264,108.862,128.599,23.1887,0.0718272,105.339,260.924,0,0,0
1000,3,0,626,1,1,1,4322.31,18676.4,1323.85,46.3844,0.482746,1232.91,278129,109.158,23.1957,0.267264,85.6955,124.371,23.1887,0.0718272,101.11,233.529,0,0,0
1000,3,0,627,1,1,1,4318.54,18635.3,1323.83,46.3844,0.482746,1232.89,278129,76.6973,23.1957,0.267264,53.2344,132.648,23.1887,0.0718272,109.387,209.345,0,0,0
1000,3,0,628,1,1,1,4321.22,18641.3,1323.81,46.3844,0.482746,1232.87,278130,123.729,23.1957,0.267264,100.266,130.948,23.1887,0.0718272,107.687,254.676,0,0,0
1000,3,0,629,1,1,2,10341.4,24681.3,1346.37,69.5741,0.519494,1232.91,278128,77.1558,23.1957,0.267264,53.6928,297.311,46.3784,0.108576,250.824,374.467,1,0,0
1000,3,0,630,1,1,1,4317.71,18724.4,1323.67,46.3844,0.517824,1232.69,278132,129.113,23.1957,0.302342,105.615,73.3437,23.1887,0.0718272,50.0832,202.457,0,0,0
1000,3,0,631,1,1,1,4366.52,18684.5,1323.85,46.3844,0.552902,1232.85,278128,116.156,23.1957,0.267264,92.6927,124.787,23.1887,0.141984,101.457,240.943,0,0,0
1000,3,0,632,1,1,1,4336.33,18696.7,1324.05,46.3844,0.623059,1232.97,278124,81.5773,23.1957,0.337421,58.0442,125.134,23.1887,0.141984,101.803,206.711,0,0,0
1000,3,0,633,1,1,1,4314.7,18636.4,1323.85,46.3844,0.482746,1232.91,278129,77.1034,23.1957,0.267264,53.6405,129.433,23.1887,0.0718272,106.173,206.537,0,0,0
1000,3,0,634,1,1,1,4334.73,18652.7,1323.9,46.3844,0.50112,1232.95,278128,128.524,23.1957,0.267264,105.061,77.2749,23.1887,0.0902016,53.996,205.799,0,0,0
1000,3,0,635,1,1,1,4323.55,30675.1,1335.19,57.9922,0.785088,1232.69,278126,397.835,34.8035,0.569606,361.893,46.3349,23.1887,0.0718272,23.0744,444.17,0,0,0
1000,3,0,636,1,1,2,10323.5,24673.2,1346.45,69.5741,0.519494,1232.99,278126,126.12,23.1957,0.267264,102.657,289.027,46.3784,0.108576,242.54,415.147,1,0,0
1000,3,0,637,1,0,0,-1,-1,1301.45,23.1957,0.693216,1232.79,278127,-1,-1,-1,-1,-1,-1,-1,-1,-1,0,0,0
1000,3,0,638,1,1,1,4355.35,18688,1323.87,46.3844,0.482746,1232.93,278129,76.1541,23.1957,0.267264,52.6911,129.861,23.1887,0.0718272,106.601,206.015,0,0,0
1000,3,0,639,1,1,1,4331.37,18679.2,1323.91,46.3844,0.661478,1232.79,278127,125.514,23.1957,0.302342,102.016,124.858,23.1887,0.0718272,101.598,250.372,0,0,0
1000,3,0,640,1,1,2,10332.4,24650.6,1346.31,69.5741,0.519494,1232.85,278129,78.6556,23.1957,0.267264,55.1926,302.104,46.3784,0.108576,255.617,380.76,1,0,0
1000,3,0,641,1,1,1,4342.27,24680.1,1329.63,52.1883,0.731635,1232.82,278125,259.121,28.9996,0.481075,229.495,54.6738,23.1887,0.106906,31.3783,313.795,0,0,0
1000,3,0,642,1,1,2,10370.2,24687.8,1346.49,69.5741,0.519494,1233.02,278126,75.5639,23.1957,0.267264,52.101,299.336,46.3784,0.108576,252.849,374.9,1,0,0
1000,3,0,643,1,1,1,4322.82,18636.4,1323.89,46.3844,0.482746,1232.95,278128,76.7623,23.1957,0.267264,53.2994,130.345,23.1887,0.0718272,107.084,207.107,0,0,0
1000,3,0,644,1,1,1,4329.48,18764.8,1323.98,46.3844,0.50112,1233.02,278126,128.154,23.1957,0.267264,104.691,68.4801,23.1887,0.0902016,45.2012,196.634,0,0,0
1000,3,0,645,1,1,1,4326.73,18640.9,1324.04,46.3844,0.482746,1233.1,278125,114.928,23.1957,0.267264,91.4655,123.485,23.1887,0.0718272,100.224,238.413,0,0,0
1000,3,0,646,1,1,1,4318.41,24693.6,1329.34,52.1883,0.696557,1232.56,278131,279.271,28.9996,0.481075,249.698,127.511,23.1887,0.0718272,104.251,406.782,0,0,0
1000,3,0,647,1,1,1,4354.38,18694,1323.82,46.3952,0.519494,1232.83,278129,129.539,23.2065,0.285638,106.046,127.049,23.1887,0.0902016,103.771,256.588,0,0,0
1000,3,0,648,1,1,1,4315.66,18658.2,1323.92,46.3844,0.482746,1232.99,278128,94.8518,23.1957,0.267264,71.3889,46.454,23.1887,0.0718272,23.1935,141.306,0,0,0
1000,3,0,649,1,1,2,10335.1,24651.3,1346.55,69.5741,0.663149,1232.95,278124,76.6414,23.1957,0.267264,53.1784,298.507,46.3784,0.25223,251.876,375.148,1,0,0
1000,3,0,650,1,1,1,4440.91,24838.2,1329.44,52.1883,0.766714,1232.6,278128,281.96,28.9996,0.551232,252.32,127.356,23.1887,0.0718272,104.095,409.316,0,0,0
1000,3,0,651,1,1,1,4327.98,18718.2,1323.67,46.3844,0.678182,1232.54,278132,130.45,23.1957,0.462701,106.792,70.743,23.1887,0.0718272,47.4825,201.193,0,0,0
1000,3,0,652,1,1,1,4323.5,18639.1,1323.87,46.3844,0.482746,1232.93,278129,75.452,23.1957,0.267264,51.9891,131.258,23.1887,0.0718272,107.997,206.71,0,0,0
1000,3,0,653,1,1,1,4349.8,18682.8,1323.83,46.3844,0.661478,1232.71,278129,80.7066,23.1957,0.302342,57.2086,120.478,23.1887,0.0718272,97.2174,201.184,0,0,0
1000,3,0,654,1,1,1,4316.3,18656.1,1323.69,46.3844,0.678182,1232.56,278131,131.937,23.1957,0.462701,108.279,127.405,23.1887,0.0718272,104.144,259.342,0,0,0
1000,3,0,655,1,1,1,4342.54,18733,1323.97,46.3844,0.6264,1232.89,278126,130.069,23.1957,0.267264,106.606,129.211,23.1887,0.0718272,105.951,259.28,0,0,0
1000,3,0,656,1,1,1,4319.76,18648.3,1323.93,46.3844,0.482746,1232.99,278128,125.064,23.1957,0.267264,101.601,82.4399,23.1887,0.0718272,59.1794,207.504,0,0,0
1000,3,0,657,1,1,1,4318.58,18665.3,1323.85,46.3844,0.482746,1232.91,278129,129.049,23.1957,0.267264,105.586,125.502,23.1887,0.0718272,102.242,254.552,0,0,0
1000,3,0,658,1,1,1,4328.5,18788,1323.87,46.3844,0.517824,1232.89,278128,128.642,23.1957,0.302342,105.144,70.1853,23.1887,0.0718272,46.9248,198.827,0,0,0
1000,3,0,659,1,1,1,4315.98,18636.3,1323.71,46.3844,0.482746,1232.77,278131,127.515,23.1957,0.267264,104.052,70.8242,23.1887,0.0718272,47.5637,198.339,0,0,0
1000,3,0,660,1,1,1,4323.4,18683.9,1323.94,46.3844,0.517824,1232.97,278127,130.538,23.1957,0.267264,107.075,69.9136,23.1887,0.106906,46.618,200.452,0,0,0
1000,3,0,661,1,1,1,4320.1,18671,1323.98,46.3844,0.482746,1233.04,278127,132.504,23.1957,0.267264,109.041,127.36,23.1887,0.0718272,104.099,259.863,0,0,0
1000,3,0,662,1,1,1,4325.29,18698.8,1323.71,46.3844,0.482746,1232.77,278131,127.481,23.1957,0.267264,104.018,124.575,23.1887,0.0718272,101.314,252.056,0,0,0
1000,3,0,663,1,1,1,4325.45,18658.3,1323.67,46.3844,0.482746,1232.73,278132,124.176,23.1957,0.267264,100.713,125.761,23.1887,0.0718272,102.5,249.937,0,0,0
1000,3,0,664,1,1,1,4334.63,18665.8,1323.76,46.3844,0.678182,1232.63,278130,125.971,23.1957,0.462701,102.312,82.8207,23.1887,0.0718272,59.5602,208.791,0,0,0
1000,3,0,665,1,1,1,4318.22,18633,1323.87,46.3844,0.482746,1232.93,278129,105.8,23.1957,0.267264,82.3368,52.3412,23.1887,0.0718272,29.0807,158.141,0,0,0
1000,3,0,666,1,1,1,4315.91,18715.1,1323.85,46.3844,0.678182,1232.72,278128,121.525,23.1957,0.462701,97.8671,58.4379,23.1887,0.0718272,35.1774,179.963,0,0,0
1000,3,0,667,1,1,1,4330.79,18670.6,1323.83,46.3844,0.517824,1232.85,278129,132.232,23.1957,0.302342,108.734,123.878,23.1887,0.0718272,100.618,256.11,0,0,0
1000,3,0,668,1,1,1,4318.22,18636.2,1323.85,46.3844,0.482746,1232.91,278129,77.0998,23.1957,0.267264,53.6369,130.061,23.1887,0.0718272,106.801,207.161,0,0,0
1000,3,0,669,1,1,1,4326.97,18747.6,1323.77,46.3844,0.517824,1232.79,278130,130.993,23.1957,0.267264,107.53,103.367,23.1887,0.106906,80.0718,234.36,0,0,0
1000,3,0,670,1,1,1,4346.09,18662.6,1323.78,46.3844,0.517824,1232.81,278130,76.4916,23.1957,0.267264,53.0286,132.592,23.1887,0.106906,109.297,209.084,0,0,0
1000,3,0,671,1,1,1,4341.45,18656.6,1323.94,46.3844,0.482746,1233.01,278127,75.7588,23.1957,0.267264,52.2959,130.384,23.1887,0.0718272,107.124,206.143,0,0,0
1000,3,0,672,1,1,1,4319.88,18666.1,1323.99,46.3844,0.873619,1232.66,278126,102.428,23.1957,0.658138,78.5738,128.403,23.1887,0.0718272,105.142,230.83,0,0,0
1000,3,0,673,1,1,1,4319.18,24647.6,1329.84,52.1883,0.731635,1233.03,278122,222.326,28.9996,0.516154,192.56,39.6174,23.1887,0.0718272,16.3569,261.944,0,0,0
1000,3,0,674,1,1,1,4316.94,36637.3,1340.79,63.7961,1.15926,1232.29,278126,519.302,40.6075,0.943776,476.716,38.3306,23.1887,0.0718272,15.0701,557.633,0,0,0
1000,3,0,675,1,1,1,4320.58,18634.7,1323.85,46.3844,0.482746,1232.91,278129,75.3889,23.1957,0.267264,51.9259,131.931,23.1887,0.0718272,108.671,207.32,0,0,0
1000,3,0,676,0,0,0,-1,-1,1312.74,34.8138,1.79568,1231.71,278123,-1,-1,-1,-1,-1,-1,-1,-1,-1,0,0,0
1000,3,0,677,1,1,1,4318.22,18632.5,1324.02,46.3844,0.482746,1233.08,278126,123.036,23.1957,0.267264,99.5726,131.22,23.1887,0.0718272,107.96,254.256,0,0,0
1000,3,0,678,1,1,1,4318.41,18679,1323.94,46.3844,0.482746,1233.01,278127,109.608,23.1957,0.267264,86.1449,124.293,23.1887,0.0718272,101.033,233.901,0,0,0
1000,3,0,679,1,1,1,4315.66,36643.8,1340.64,63.7961,1.35469,1231.95,278128,518.941,40.6075,1.13921,476.157,38.0942,23.1887,0.0718272,14.8337,557.035,0,0,0
1000,3,0,680,1,1,1,4347.37,18702.6,1323.92,46.3844,0.713261,1232.75,278127,77.4837,23.1957,0.497779,53.7903,134.954,23.1887,0.0718272,111.694,212.438,0,0,0
1000,3,0,681,1,1,1,4319.31,18635.8,1323.81,46.3844,0.482746,1232.87,278130,75.5946,23.1957,0.267264,52.1316,129.314,23.1887,0.0718272,106.054,204.909,0,0,0
1000,3,0,682,1,1,1,4323.85,18653.3,1324.18,46.3844,0.678182,1233.04,278123,77.3945,23.1957,0.462701,53.7361,133.435,23.1887,0.0718272,110.174,210.829,0,0,0
1000,3,0,683,1,1,1,4315.66,18628.5,1323.85,46.3844,0.482746,1232.91,278129,80.2041,23.1957,0.267264,56.7411,112.676,23.1887,0.0718272,89.4152,192.88,0,0,0
1000,3,0,684,1,1,1,4333.13,18655.6,1323.89,46.3844,0.482746,1232.95,278128,124.976,23.1957,0.267264,101.513,83.4975,23.1887,0.0718272,60.237,208.473,0,0,0
1000,3,0,685,1,1,1,4324.36,18659.6,1323.77,46.3844,0.517824,1232.8,278130,124.667,23.1957,0.267264,101.204,120.351,23.1887,0.106906,97.0549,245.018,0,0,0
1000,3,0,686,1,1,1,4382.06,18702.6,1323.97,46.3844,0.783418,1232.74,278125,76.0662,23.1957,0.462701,52.4078,132.948,23.1887,0.177062,109.582,209.014,0,0,0
1000,3,0,687,0,0,0,-1,-1,1301.23,23.206,0.551232,1232.7,278131,-1,-1,-1,-1,-1,-1,-1,-1,-1,0,0,0
1000,3,0,688,1,1,1,4318.54,18682.7,1324.01,46.3844,0.873619,1232.68,278125,113.478,23.1957,0.658138,89.6246,56.2378,23.1887,0.0718272,32.9773,169.716,0,0,0
1000,3,0,689,1,1,1,4332.22,18677.2,1323.83,46.3844,0.482746,1232.89,278129,125.615,23.1957,0.267264,102.152,128.347,23.1887,0.0718272,105.086,253.961,0,0,0
1000,3,0,690,1,1,1,4317.9,18648.5,1323.94,46.3844,0.517824,1232.97,278127,124.693,23.1957,0.302342,101.195,81.5032,23.1887,0.0718272,58.2427,206.196,0,0,0
1000,3,0,691,1,1,1,4316.3,18750.7,1323.83,46.3844,0.482746,1232.89,278129,128.091,23.1957,0.267264,104.628,67.9726,23.1887,0.0718272,44.7121,196.063,0,0,0
1000,3,0,692,1,1,1,4327.69,18765.4,1323.89,46.3844,0.482746,1232.95,278128,127.078,23.1957,0.267264,103.615,67.6099,23.1887,0.0718272,44.3494,194.688,0,0,0
1000,3,0,693,1,1,1,4337.48,18671.1,1323.89,46.3844,0.482746,1232.95,278128,133.238,23.1957,0.267264,109.775,124.346,23.1887,0.0718272,101.085,257.584,0,0,0
1000,3,0,694,1,1,1,4317.26,18687.1,1323.85,46.3844,0.482746,1232.91,278129,121.447,23.1957,0.267264,97.9844,58.0841,23.1887,0.0718272,34.8236,179.531,0,0,0
1000,3,0,695,1,1,1,4322.25,18680.8,1323.73,46.3844,0.482746,1232.79,278131,127.779,23.1957,0.267264,104.316,83.7177,23.1887,0.0718272,60.4572,211.496,0,0,0
1000,3,0,696,1,1,1,4317.26,24644.9,1329.3,52.1883,0.696557,1232.52,278131,276.46,28.9996,0.481075,246.886,76.771,23.1887,0.0718272,53.5105,353.231,0,0,0
1000,3,0,697,1,1,1,4316.94,18653.9,1323.83,46.3844,0.482746,1232.89,278129,127.6,23.1957,0.267264,104.137,84.0317,23.1887,0.0718272,60.7712,211.632,0,0,0
1000,3,0,698,1,1,1,4316.94,30639.8,1334.98,57.9922,0.785088,1232.48,278130,421.471,34.8035,0.569606,385.603,75.4228,23.1887,0.0718272,52.1623,496.894,0,0,0
1000,3,0,699,1,1,1,4351.02,18690.1,1324.04,46.3844,0.482746,1233.1,278125,77.7947,23.1957,0.267264,54.3317,131.283,23.1887,0.0718272,108.023,209.078,0,0,0
1000,3,0,700,1,1,1,4320.86,18700,1323.72,46.3844,1.06906,1232.2,278130,129.596,23.1957,0.853574,105.547,127.771,23.1887,0.0718272,104.511,257.367,0,0,0
1000,3,0,701,1,1,1,4332.87,18677.5,1323.9,46.3844,0.552902,1232.89,278128,123.543,23.1957,0.337421,100.009,127.87,23.1887,0.0718272,104.61,251.413,0,0,0
1000,3,0,702,1,1,1,4319.75,18647.6,1323.85,46.3844,0.482746,1232.91,278129,128.168,23.1957,0.267264,104.705,105.274,23.1887,0.0718272,82.0137,233.443,0,0,0
1000,3,0,703,1,0,0,-1,-1,1301.43,23.1957,0.337421,1233.12,278128,-1,-1,-1,-1,-1,-1,-1,-1,-1,0,0,0
1000,3,0,704,0,0,0,-1,-1,1307.01,29.0099,0.765043,1232.64,278128,-1,-1,-1,-1,-1,-1,-1,-1,-1,0,0,0
1000,3,0,705,1,1,1,4385.88,18705.4,1323.73,46.3844,0.517824,1232.75,278131,76.0935,23.1957,0.302342,52.5955,132.471,23.1887,0.0718272,109.21,208.564,0,0,0
1000,3,0,706,1,1,1,4325.45,18651.3,1323.78,46.3844,0.517824,1232.81,278130,92.51,23.1957,0.302342,69.0119,129.339,23.1887,0.0718272,106.079,221.849,0,0,0
1000,3,0,707,1,0,0,-1,-1,1301.27,23.1957,0.337421,1232.97,278131,-1,-1,-1,-1,-1,-1,-1,-1,-1,0,0,0
1000,3,0,708,1,1,1,4323.4,18708.9,1323.92,46.3844,0.517824,1232.95,278127,131.089,23.1957,0.302342,107.591,126.057,23.1887,0.0718272,102.796,257.146,0,0,0
1000,3,0,709,1,1,1,4315.98,18711.5,1323.98,46.3844,0.482746,1233.04,278127,135.043,23.1957,0.267264,111.58,127.932,23.1887,0.0718272,104.671,262.975,0,0,0
1000,3,0,710,1,1,1,4322.93,18664.3,1323.89,46.3844,0.482746,1232.95,278128,131.155,23.1957,0.267264,107.692,71.3855,23.1887,0.0718272,48.125,202.541,0,0,0
1000,3,0,711,1,1,1,4351.17,18666.9,1323.83,46.3844,0.6264,1232.75,278129,132.901,23.1957,0.267264,109.438,126.125,23.1887,0.0718272,102.865,259.026,0,0,0
1000,3,0,712,1,1,1,4318.89,18645.4,1324.1,46.3844,0.678182,1232.97,278124,76.9253,23.1957,0.462701,53.2669,130,23.1887,0.0718272,106.739,206.925,0,0,0
1000,3,0,713,1,1,1,4325.29,18643,1323.84,46.3844,0.6264,1232.76,278129,78.3975,23.1957,0.267264,54.9345,129.939,23.1887,0.0718272,106.678,208.336,0,0,0
1000,3,0,714,1,1,1,4382.08,24754.1,1329.45,52.1883,0.766714,1232.6,278128,272.921,28.9996,0.516154,243.294,126.588,23.1887,0.106906,103.292,399.509,0,0,0
1000,3,0,715,1,1,1,4319.82,24662.7,1329.34,52.1883,0.731635,1232.52,278130,201.265,28.9996,0.516154,171.434,31.0121,23.1887,0.0718272,7.75162,232.277,0,0,0
1000,3,0,716,1,1,1,4332.9,18664.5,1323.89,46.3844,0.6264,1232.81,278128,77.8001,23.1957,0.267264,54.3371,110.23,23.1887,0.0718272,86.9697,188.03,0,0,0
1000,3,0,717,1,1,2,10337,24649,1346.33,69.5741,0.519494,1232.87,278129,79.0147,23.1957,0.267264,55.5517,290.014,46.3784,0.108576,243.527,369.029,1,0,0
1000,3,0,718,1,1,1,4347.83,18672.9,1323.81,46.3844,0.552902,1232.81,278129,77.7098,23.1957,0.267264,54.2469,128.727,23.1887,0.141984,105.397,206.437,0,0,0
1000,3,0,719,1,1,1,4371.25,24689.2,1329.81,52.1883,1.08743,1232.64,278121,276.018,28.9996,0.871949,246.054,121.839,23.1887,0.0718272,98.5782,397.857,0,0,0
1000,3,0,720,1,1,1,4320.71,18646.5,1324,46.3844,0.482746,1233.06,278126,125.16,23.1957,0.267264,101.697,88.1629,23.1887,0.0718272,64.9024,213.323,0,0,0
1000,3,0,721,1,1,1,4318.86,18644.7,1323.89,46.3844,0.482746,1232.95,278128,123.653,23.1957,0.267264,100.19,129.321,23.1887,0.0718272,106.061,252.974,0,0,0
1000,3,0,722,1,0,0,-1,-1,1301.24,23.1957,0.267264,1233,278132,-1,-1,-1,-1,-1,-1,-1,-1,-1,0,0,0
1000,3,0,723,1,1,1,4381.12,18699.6,1323.73,46.3844,0.552902,1232.72,278131,128.708,23.1957,0.267264,105.245,94.364,23.1887,0.141984,71.0333,223.072,0,0,0
1000,3,0,724,1,1,1,4331.31,24646.2,1329.43,52.1883,0.731635,1232.62,278129,162.429,28.9996,0.516154,132.49,133.902,23.1887,0.0718272,110.641,296.331,0,0,0
1000,3,0,725,1,1,1,4331.29,18655.1,1323.91,46.3844,0.482746,1232.97,278128,125.223,23.1957,0.267264,101.76,84.5028,23.1887,0.0718272,61.2423,209.726,0,0,0
1000,3,0,726,1,1,1,4341.96,18669,1323.85,46.3844,0.678182,1232.72,278128,83.1139,23.1957,0.462701,59.4555,115.821,23.1887,0.0718272,92.561,198.935,0,0,0
1000,3,0,727,1,1,1,4316.28,18632.2,1324.02,46.3844,0.482746,1233.08,278126,127.771,23.1957,0.267264,104.308,126.737,23.1887,0.0718272,103.476,254.508,0,0,0
1000,3,0,728,1,0,0,-1,-1,1301.3,23.1957,0.497779,1232.83,278130,-1,-1,-1,-1,-1,-1,-1,-1,-1,0,0,0
1000,3,0,729,1,1,1,4349.61,18665.4,1323.99,46.3844,0.6264,1232.91,278126,78.0744,23.1957,0.267264,54.6114,124.941,23.1887,0.0718272,101.681,203.016,0,0,0
1000,3,0,730,1,0,0,-1,-1,1301.44,23.1957,0.462701,1233.01,278128,-1,-1,-1,-1,-1,-1,-1,-1,-1,0,0,0
1000,3,0,731,1,1,1,4317.58,18636.2,1323.83,46.3844,0.482746,1232.89,278129,129.926,23.1957,0.267264,106.463,70.7989,23.1887,0.0718272,47.5384,200.725,0,0,0
1000,3,0,732,1,1,1,4325.61,18661.5,1323.83,46.3844,0.661478,1232.72,278129,132.097,23.1957,0.267264,108.635,125.066,23.1887,0.106906,101.771,257.164,0,0,0
1000,3,0,733,1,1,2,10337.9,24740.3,1346.39,69.5741,0.519494,1232.93,278128,132.747,23.1957,0.267264,109.284,298.495,46.3784,0.108576,252.008,431.242,1,0,0
1000,3,0,734,1,1,1,4314.06,24656.2,1329.56,52.1883,0.571277,1232.91,278127,274.934,28.9996,0.355795,245.478,82.9723,23.1887,0.0718272,59.7118,357.906,0,0,0
1000,3,0,735,1,1,1,4320.58,18643.4,1323.87,46.3844,0.482746,1232.93,278129,121.335,23.1957,0.267264,97.8725,58.3801,23.1887,0.0718272,35.1196,179.716,0,0,0
1000,3,0,736,1,0,0,-1,-1,1301.47,23.1957,0.302342,1233.2,278128,-1,-1,-1,-1,-1,-1,-1,-1,-1,0,0,0
1000,3,0,737,1,1,1,4354.52,18679.6,1323.8,46.3844,0.552902,1232.8,278129,76.5548,23.1957,0.267264,53.0918,133.552,23.1887,0.141984,110.221,210.106,0,0,0
1000,3,0,738,1,1,1,4325.68,18675.8,1323.91,46.3844,0.482746,1232.97,278128,124.396,23.1957,0.267264,100.933,127.654,23.1887,0.0718272,104.393,252.05,0,0,0
1000,3,0,739,1,1,1,4315.66,18665,1323.98,46.3844,0.482746,1233.04,278127,130.888,23.1957,0.267264,107.425,123.719,23.1887,0.0718272,100.459,254.608,0,0,0
1000,3,0,740,1,1,1,4316.3,18663.1,1323.73,46.3844,0.482746,1232.79,278131,100.427,23.1957,0.267264,76.9639,50.4462,23.1887,0.0718272,27.1857,150.873,0,0,0
1000,3,0,741,1,1,1,4330.67,18644.2,1323.89,46.3844,0.482746,1232.95,278128,83.3372,23.1957,0.267264,59.8742,115.618,23.1887,0.0718272,92.357,198.955,0,0,0
1000,3,0,742,1,1,1,4322.5,18658.9,1323.98,46.3844,0.552902,1232.97,278126,125.136,23.1957,0.337421,101.603,83.4127,23.1887,0.0718272,60.1522,208.549,0,0,0
1000,3,0,743,1,1,1,4319.94,18644.8,1323.73,46.3844,0.482746,1232.79,278131,124.472,23.1957,0.267264,101.009,89.3144,23.1887,0.0718272,66.0539,213.787,0,0,0
1000,3,0,744,1,1,1,4349.96,18664.6,1323.85,46.3844,0.482746,1232.91,278129,75.4917,23.1957,0.267264,52.0288,130.462,23.1887,0.0718272,107.202,205.954,0,0,0
1000,3,0,745,1,0,0,-1,-1,1301.52,23.1957,0.658138,1232.89,278126,-1,-1,-1,-1,-1,-1,-1,-1,-1,0,0,0
1000,3,0,746,1,1,1,4384.75,18728.2,1323.65,46.3844,0.552902,1232.64,278132,117.508,23.1957,0.302342,94.0102,123.541,23.1887,0.106906,100.246,241.05,0,0,0
1000,3,0,747,1,1,1,4343.37,18658.2,1323.89,46.3844,0.482746,1232.95,278128,79.0328,23.1957,0.267264,55.5698,126.519,23.1887,0.0718272,103.258,205.551,0,0,0
1000,3,0,748,1,1,1,4319.11,18636.3,1323.87,46.3844,0.482746,1232.93,278129,126.88,23.1957,0.267264,103.417,127.798,23.1887,0.0718272,104.538,254.678,0,0,0
1000,3,0,749,1,1,2,10324.9,24718,1346.57,69.5741,0.663149,1232.97,278124,133.897,23.1957,0.267264,110.434,292.44,46.3784,0.108576,245.953,426.337,1,0,0
1000,3,0,750,1,1,1,4321.39,24677.5,1329.77,52.1883,1.12251,1232.56,278122,275.3,28.9996,0.907027,245.292,95.7124,23.1887,0.0718272,72.4519,371.012,0,0,0
1000,3,0,751,1,1,1,4321.22,18660.2,1324,46.3844,0.482746,1233.06,278126,126.143,23.1957,0.267264,102.68,84.2248,23.1887,0.0718272,60.9643,210.368,0,0,0
1000,3,0,752,1,1,1,4314.38,18671,1323.9,46.3844,0.517824,1232.93,278128,104.714,23.1957,0.302342,81.216,51.9298,23.1887,0.0718272,28.6692,156.644,0,0,0
1000,3,0,753,1,1,2,4437.88,18834.7,1346.42,69.5741,0.803462,1232.68,278126,130.494,23.1957,0.302342,106.996,152.99,46.3784,0.357466,106.254,283.484,1,0,0
1000,3,0,754,1,1,1,4384.16,18808.6,1323.79,46.3844,0.978854,1232.36,278128,134.174,23.1957,0.728294,110.25,129.463,23.1887,0.106906,106.167,263.637,0,0,0
1000,3,0,755,1,1,1,4333.7,18661.1,1323.75,46.3844,0.482746,1232.81,278131,131.673,23.1957,0.267264,108.21,69.9146,23.1887,0.0718272,46.6541,201.588,0,0,0
1000,3,0,756,1,1,1,4331.86,18652.9,1323.94,46.3844,0.517824,1232.97,278127,115.214,23.1957,0.267264,91.7506,124.642,23.1887,0.106906,101.347,239.856,0,0,0
1000,3,0,757,1,1,1,4320.46,18636.2,1323.75,46.3844,0.482746,1232.81,278131,75.7697,23.1957,0.267264,52.3067,129.224,23.1887,0.0718272,105.963,204.994,0,0,0
1000,3,0,758,1,1,1,4321.9,24643,1329.27,52.1883,0.536198,1232.65,278132,276.218,28.9996,0.320717,246.805,115.193,23.1887,0.0718272,91.9329,391.411,0,0,0
1000,3,0,759,1,1,1,4317.85,18663.8,1323.79,46.3844,0.482746,1232.85,278130,126.474,23.1957,0.267264,103.011,70.4975,23.1887,0.0718272,47.237,196.971,0,0,0
1000,3,0,760,1,1,2,10353.3,24693,1346.39,69.5741,0.519494,1232.93,278128,77.7044,23.1957,0.267264,54.2415,304.687,46.3784,0.108576,258.2,382.392,1,0,0
1000,3,0,761,1,1,1,4319.93,18637.8,1323.96,46.3844,0.482746,1233.02,278127,132.079,23.1957,0.267264,108.616,69.1115,23.1887,0.0718272,45.8509,201.191,0,0,0
1000,3,0,762,1,1,1,4358,18698.7,1323.84,46.3844,0.517824,1232.87,278129,126.907,23.1957,0.267264,103.444,119.378,23.1887,0.106906,96.0821,246.285,0,0,0
1000,3,0,763,1,1,1,4316.3,18653.3,1323.87,46.3844,0.482746,1232.93,278129,111.485,23.1957,0.267264,88.0219,55.9075,23.1887,0.0718272,32.647,167.392,0,0,0
1000,3,0,764,1,1,1,4333.46,18659.3,1323.89,46.3844,0.482746,1232.95,278128,127.883,23.1957,0.267264,104.42,105.882,23.1887,0.0718272,82.6219,233.766,0,0,0
1000,3,0,765,1,1,1,4321.29,18718.8,1323.85,46.3844,0.482746,1232.91,278129,133.917,23.1957,0.267264,110.454,124.705,23.1887,0.0718272,101.444,258.621,0,0,0
1000,3,0,766,1,0,0,-1,-1,1301.43,23.1957,0.302342,1233.16,278128,-1,-1,-1,-1,-1,-1,-1,-1,-1,0,0,0
1000,3,0,767,1,1,1,4316.74,18646.8,1324.06,46.3844,0.678182,1232.93,278125,108.031,23.1957,0.462701,84.3726,125.392,23.1887,0.0718272,102.132,233.423,0,0,0
1000,3,0,768,1,1,1,4321.07,24662.7,1329.48,52.1883,0.696557,1232.7,278128,175.81,28.9996,0.481075,145.942,27.5451,23.1887,0.0718272,4.2846,203.356,0,0,0
1000,3,0,769,1,1,1,4315.98,24628.9,1329.59,52.1883,0.536198,1232.97,278126,196.656,28.9996,0.320717,167.013,29.9004,23.1887,0.0718272,6.63986,226.556,0,0,0
1000,3,0,770,1,1,1,4327.69,18702.1,1323.86,46.3844,0.748339,1232.65,278128,127.209,23.1957,0.532858,103.48,85.3005,23.1887,0.0718272,62.04,212.509,0,0,0
1000,3,0,771,1,1,1,4338.63,18673.4,1323.83,46.3844,0.482746,1232.89,278129,130.695,23.1957,0.267264,107.232,72.3114,23.1887,0.0718272,49.0509,203.007,0,0,0
1000,3,0,772,1,1,1,4322.4,18655.7,1323.74,46.3844,0.517824,1232.77,278130,130.053,23.1957,0.302342,106.555,71.5082,23.1887,0.0718272,48.2477,201.562,0,0,0
1000,3,0,773,1,1,1,4342.45,18679.5,1323.72,46.3844,0.6264,1232.64,278131,123.034,23.1957,0.267264,99.5708,130.648,23.1887,0.0718272,107.387,253.682,0,0,0
1000,3,0,774,1,1,1,4322.31,18648,1323.79,46.3844,0.482746,1232.85,278130,77.625,23.1957,0.267264,54.162,110.035,23.1887,0.0718272,86.7748,187.66,0,0,0
1000,3,0,775,1,1,1,4317.58,18652.4,1323.83,46.3844,0.482746,1232.89,278129,126.804,23.1957,0.267264,103.341,68.857,23.1887,0.0718272,45.5965,195.661,0,0,0
1000,3,0,776,1,1,2,4342.9,18681.1,1346.2,69.5741,0.733306,1232.52,278130,110.89,23.1957,0.302342,87.392,148.308,46.3784,0.287309,101.643,259.199,1,0,0
1000,3,0,777,1,1,1,4315.88,18653.1,1324.06,46.3844,0.482746,1233.12,278125,126.961,23.1957,0.267264,103.498,80.1045,23.1887,0.0718272,56.844,207.066,0,0,0
1000,3,0,778,1,1,1,4318.98,18664.5,1324.06,46.3844,0.482746,1233.12,278125,133.375,23.1957,0.267264,109.912,127.047,23.1887,0.0718272,103.787,260.423,0,0,0
1000,3,0,779,1,1,1,4339.45,18715.4,1323.9,46.3844,0.482746,1232.97,278128,133.258,23.1957,0.267264,109.795,127.961,23.1887,0.0718272,104.7,261.219,0,0,0
1000,3,0,780,1,1,1,4317.58,18700.4,1323.93,46.3844,0.482746,1232.99,278128,117.98,23.1957,0.267264,94.5174,57.3784,23.1887,0.0718272,34.1179,175.359,0,0,0
1000,3,0,781,1,0,0,-1,-1,1301.24,23.1957,0.267264,1233,278132,-1,-1,-1,-1,-1,-1,-1,-1,-1,0,0,0
1000,3,0,782,1,1,1,4329.94,18647.7,1323.89,46.3844,0.482746,1232.95,278128,77.3525,23.1957,0.267264,53.8895,131.776,23.1887,0.0718272,108.515,209.128,0,0,0
1000,3,0,783,1,1,1,4323.91,18688.6,1323.82,46.3952,0.696557,1232.66,278129,129.382,23.2065,0.481075,105.695,126.667,23.1887,0.0718272,103.406,256.049,0,0,0
1000,3,0,784,1,1,1,4341.64,18667.4,1323.83,46.3844,0.482746,1232.89,278129,99.7645,23.1957,0.267264,76.3015,128.83,23.1887,0.0718272,105.57,228.595,0,0,0
1000,3,0,785,1,1,1,4322.95,18690.6,1323.84,46.3844,0.587981,1232.8,278128,99.8842,23.1957,0.372499,76.316,49.7405,23.1887,0.0718272,26.48,149.625,0,0,0
1000,3,0,786,1,1,1,4350.11,24670.9,1329.72,52.1883,0.766714,1232.87,278123,159.682,28.9996,0.516154,129.734,126.794,23.1887,0.106906,103.498,286.476,0,0,0
1000,3,0,787,1,1,1,4386.58,18745.7,1323.92,46.3844,0.482746,1232.99,278128,131.718,23.1957,0.267264,108.256,129.933,23.1887,0.0718272,106.673,261.652,0,0,0
1000,3,0,788,1,1,1,4318.83,18642.1,1323.93,46.3844,0.482746,1232.99,278128,79.1898,23.1957,0.267264,55.7268,123.387,23.1887,0.0718272,100.127,202.577,0,0,0
1000,3,0,789,1,1,1,4316.3,18629.7,1323.75,46.3844,0.482746,1232.81,278131,127.197,23.1957,0.267264,103.734,70.5066,23.1887,0.0718272,47.2461,197.704,0,0,0
1000,3,0,790,1,1,1,4331,18694,1323.83,46.3844,0.517824,1232.85,278129,124.554,23.1957,0.302342,101.056,127.789,23.1887,0.0718272,104.529,252.343,0,0,0
1000,3,0,791,1,1,1,4319.3,18637.5,1323.89,46.3844,0.482746,1232.95,278128,126.248,23.1957,0.267264,102.785,81.792,23.1887,0.0718272,58.5315,208.04,0,0,0
1000,3,0,792,1,1,1,4331.13,18645.9,1323.82,46.3844,0.517824,1232.85,278129,92.9839,23.1957,0.267264,69.5209,129.459,23.1887,0.106906,106.164,222.443,0,0,0
1000,3,0,793,1,1,1,4347.04,18697.2,1323.95,46.3844,0.873619,1232.62,278126,130.81,23.1957,0.658138,106.956,123.012,23.1887,0.0718272,99.7513,253.822,0,0,0
1000,3,0,794,1,1,1,4318.02,18639.8,1323.96,46.3844,0.482746,1233.02,278127,124.497,23.1957,0.267264,101.035,124.279,23.1887,0.0718272,101.018,248.776,0,0,0
1000,3,0,795,1,1,1,4390.26,18762.5,1323.91,46.3844,0.587981,1232.87,278127,126.853,23.1957,0.267264,103.39,128.078,23.1887,0.177062,104.713,254.931,0,0,0
1000,3,0,796,1,1,1,4325.51,18642,1323.93,46.3844,0.482746,1232.99,278128,82.4095,23.1957,0.267264,58.9466,124.235,23.1887,0.0718272,100.975,206.645,0,0,0
1000,3,0,797,1,1,1,4358.71,18676,1323.87,46.3844,0.482746,1232.93,278129,76.0783,23.1957,0.267264,52.6153,131.467,23.1887,0.0718272,108.207,207.546,0,0,0
1000,3,0,798,0,0,0,-1,-1,1301.37,23.206,0.516154,1232.87,278129,-1,-1,-1,-1,-1,-1,-1,-1,-1,0,0,0
1000,3,0,799,1,1,1,4393.22,30786,1335.11,57.9922,1.05068,1232.35,278126,433.56,34.8035,0.8352,397.449,126.502,23.1887,0.0718272,103.242,560.062,0,0,0
1000,3,0,800,1,1,1,4342.4,18667.9,1323.93,46.3844,0.678182,1232.8,278127,113.436,23.1957,0.462701,89.778,124.577,23.1887,0.0718272,101.316,238.013,0,0,0
1000,3,0,801,1,1,1,4326.73,18675.9,1324.06,46.3844,0.678182,1232.93,278125,131.871,23.1957,0.462701,108.212,126.423,23.1887,0.0718272,103.162,258.293,0,0,0
1000,3,0,802,0,0,0,-1,-1,1301.51,23.206,0.621389,1232.91,278126,-1,-1,-1,-1,-1,-1,-1,-1,-1,0,0,0
1000,3,0,803,1,1,1,4333.1,30669.2,1335.55,57.9922,1.53176,1232.31,278118,408.926,34.8035,1.31628,372.272,54.7904,23.1887,0.0718272,31.5299,463.717,0,0,0
1000,3,0,804,1,1,2,4363.17,18675.7,1346.28,69.5741,0.698227,1232.64,278129,112.579,23.1957,0.267264,89.1156,149.285,46.3784,0.287309,102.619,261.863,1,0,0
1000,3,0,805,1,1,1,4324.81,24672.4,1329.45,52.1883,0.606355,1232.76,278128,226.391,28.9996,0.355795,196.794,41.1234,23.1887,0.106906,17.8278,267.515,0,0,0
1000,3,0,806,1,1,1,4322.41,24680,1329.55,52.1883,1.03565,1232.43,278126,272.06,28.9996,0.676512,242.273,83.6275,23.1887,0.0718272,60.367,355.687,0,0,0
1000,3,0,807,1,1,1,4335.03,18654,1323.94,46.3844,0.482746,1233.01,278127,74.0425,23.1957,0.267264,50.5795,131.722,23.1887,0.0718272,108.461,205.764,0,0,0
1000,3,0,808,1,1,1,4331.11,18666.8,1323.65,46.3844,0.482746,1232.71,278132,75.9123,23.1957,0.267264,52.4493,132.662,23.1887,0.0718272,109.402,208.574,0,0,0
1000,3,0,809,1,1,1,4317.19,18713.4,1323.9,46.3844,0.517824,1232.93,278128,130.108,23.1957,0.302342,106.61,130.44,23.1887,0.0718272,107.18,260.548,0,0,0
1000,3,0,810,1,1,1,4322.76,18635.6,1323.79,46.3844,0.482746,1232.85,278130,82.7073,23.1957,0.267264,59.2444,114.995,23.1887,0.0718272,91.7344,197.702,0,0,0
1000,3,0,811,1,1,1,4349.81,18692.2,1324.06,46.3844,0.517824,1233.08,278125,129.79,23.1957,0.302342,106.292,127.015,23.1887,0.0718272,103.754,256.805,0,0,0
1000,3,0,812,1,1,1,4328.71,18647.7,1323.85,46.3844,0.6264,1232.77,278128,125.775,23.1957,0.267264,102.312,126.416,23.1887,0.0718272,103.155,252.191,0,0,0
1000,3,0,813,1,0,0,-1,-1,1301.32,23.1957,0.267264,1233.08,278131,-1,-1,-1,-1,-1,-1,-1,-1,-1,0,0,0
1000,3,0,814,1,1,1,4323.24,18641.2,1323.87,46.3844,0.482746,1232.93,278129,124.747,23.1957,0.267264,101.284,121.895,23.1887,0.0718272,98.6341,246.641,0,0,0
1000,3,0,815,1,1,3,16322.7,30638.1,1368.89,92.7639,0.556243,1232.91,278127,77.2568,23.1957,0.267264,53.7939,462.647,69.5682,0.145325,392.934,539.904,2,0,0
1000,3,0,816,1,1,1,4319.75,18634.6,1323.85,46.3844,0.482746,1232.91,278129,129.139,23.1957,0.267264,105.676,70.9758,23.1887,0.0718272,47.7153,200.115,0,0,0
1000,3,0,817,1,1,2,10326.4,24674.9,1346.33,69.5741,0.519494,1232.87,278129,120.538,23.1957,0.267264,97.0748,250.35,46.3784,0.108576,203.863,370.888,1,0,0
1000,3,0,818,1,1,1,4315.34,24628.9,1329.37,52.1883,0.927072,1232.36,278129,215.002,28.9996,0.71159,185.021,36.8597,23.1887,0.0718272,13.5992,251.861,0,0,0
1000,3,0,819,1,1,1,4371.02,18718.5,1323.72,46.3844,0.713261,1232.56,278130,121.357,23.1957,0.497779,97.6631,122.844,23.1887,0.0718272,99.5834,244.201,0,0,0
1000,3,0,820,1,1,1,4319.18,18648.9,1324.02,46.3844,0.482746,1233.08,278126,128.353,23.1957,0.267264,104.89,71.4595,23.1887,0.0718272,48.199,199.812,0,0,0
1000,3,0,821,1,1,1,4406.73,18735.4,1323.93,46.3844,0.587981,1232.89,278127,131.352,23.1957,0.267264,107.889,130.892,23.1887,0.177062,107.526,262.244,0,0,0
1000,3,0,822,1,1,1,4329.14,18666.9,1323.96,46.3844,0.482746,1233.02,278127,129.116,23.1957,0.267264,105.653,74.8561,23.1887,0.0718272,51.5956,203.972,0,0,0
1000,3,0,823,1,1,1,4317.26,18658.8,1324.01,46.3844,0.873619,1232.68,278125,126.143,23.1957,0.658138,102.289,86.1,23.1887,0.0718272,62.8395,212.243,0,0,0
1000,3,0,824,1,1,1,4350.06,18665.5,1323.85,46.3844,0.482746,1232.91,278129,105.33,23.1957,0.267264,81.8675,127.199,23.1887,0.0718272,103.938,232.529,0,0,0
1000,3,0,825,1,1,1,4325.36,18649.1,1323.85,46.3844,0.482746,1232.91,278129,125.292,23.1957,0.267264,101.829,129.069,23.1887,0.0718272,105.808,254.36,0,0,0
1000,3,0,826,1,1,1,4318.22,24634,1329.61,52.1883,0.536198,1232.99,278126,182.346,28.9996,0.320717,152.661,28.193,23.1887,0.0718272,4.93252,210.539,0,0,0
1000,3,0,827,1,1,1,4321.97,24663.8,1329.57,52.1883,0.731635,1232.76,278126,284.845,28.9996,0.516154,255.258,127.269,23.1887,0.0718272,104.009,412.115,0,0,0
1000,3,0,828,1,1,1,4327.45,18644.3,1323.98,46.3844,0.482746,1233.04,278127,126.791,23.1957,0.267264,103.328,107.13,23.1887,0.0718272,83.8691,233.921,0,0,0
1000,3,0,829,1,1,1,4327.71,18672.4,1323.87,46.3844,0.482746,1232.93,278129,103.221,23.1957,0.267264,79.7577,51.6265,23.1887,0.0718272,28.366,154.847,0,0,0
1000,3,0,830,1,1,1,4326.31,18649.4,1323.79,46.3844,0.517824,1232.81,278130,77.8081,23.1957,0.302342,54.31,131.83,23.1887,0.0718272,108.57,209.638,0,0,0
1000,3,0,831,1,1,1,4404.32,18744.8,1323.88,46.3844,0.517824,1232.91,278128,122.137,23.1957,0.267264,98.6738,123.087,23.1887,0.106906,99.791,245.223,0,0,0
1000,3,0,832,1,1,1,4327.43,18660.2,1323.9,46.3844,0.482746,1232.97,278128,132.116,23.1957,0.267264,108.653,70.1546,23.1887,0.0718272,46.8941,202.27,0,0,0
1000,3,0,833,1,1,1,4320.82,18640.5,1323.96,46.3844,0.482746,1233.02,278127,130.54,23.1957,0.267264,107.077,125.742,23.1887,0.0718272,102.482,256.282,0,0,0
1000,3,0,834,1,1,1,4331.74,18656.1,1323.85,46.3844,0.482746,1232.91,278129,129.12,23.1957,0.267264,105.657,127.448,23.1887,0.0718272,104.187,256.568,0,0,0
1000,3,0,835,1,1,1,4316.63,18658.9,1324.12,46.3844,0.678182,1232.99,278124,130.573,23.1957,0.462701,106.915,126.127,23.1887,0.0718272,102.866,256.7,0,0,0
1000,3,0,836,1,1,1,4316.94,18645.3,1323.89,46.3844,0.482746,1232.95,278128,127.539,23.1957,0.267264,104.076,81.5646,23.1887,0.0718272,58.3041,209.103,0,0,0
1000,3,0,837,1,1,1,4331.34,18649.8,1323.73,46.3844,0.482746,1232.79,278131,74.4504,23.1957,0.267264,50.9874,107.666,23.1887,0.0718272,84.4051,182.116,0,0,0
1000,3,0,838,1,1,1,4323.24,18661.5,1323.91,46.3844,0.482746,1232.97,278128,129,23.1957,0.267264,105.537,123.461,23.1887,0.0718272,100.201,252.462,0,0,0
1000,3,0,839,1,1,1,4335.61,18649.1,1323.83,46.3844,0.517824,1232.85,278129,78.8035,23.1957,0.267264,55.3406,127.889,23.1887,0.106906,104.594,206.693,0,0,0
1000,3,0,840,1,1,1,4329.62,18648,1323.81,46.3844,0.482746,1232.87,278130,125.696,23.1957,0.267264,102.233,75.5401,23.1887,0.0718272,52.2796,201.236,0,0,0
1000,3,0,841,1,1,1,4349.69,18673.5,1323.62,46.3844,0.552902,1232.62,278132,79.592,23.1957,0.337421,56.0589,130.581,23.1887,0.0718272,107.321,210.173,0,0,0
1000,3,0,842,1,1,1,4319.18,18677,1323.77,46.3844,0.482746,1232.83,278130,127.266,23.1957,0.267264,103.803,69.5139,23.1887,0.0718272,46.2534,196.78,0,0,0
1000,3,0,843,1,0,0,-1,-1,1307.09,28.9996,0.551232,1232.95,278127,-1,-1,-1,-1,-1,-1,-1,-1,-1,0,0,0
1000,3,0,844,1,1,1,4345.22,18671.3,1323.74,46.3844,0.517824,1232.77,278131,131.646,23.1957,0.267264,108.183,126.532,23.1887,0.106906,103.236,258.178,0,0,0
1000,3,0,845,1,1,1,4322.95,18653.4,1324.02,46.3844,0.482746,1233.08,278126,126.903,23.1957,0.267264,103.44,123.006,23.1887,0.0718272,99.7459,249.91,0,0,0
1000,3,0,846,1,1,1,4319.18,24723.1,1329.45,52.1883,0.96215,1232.41,278128,281.295,28.9996,0.746669,251.457,73.2011,23.1887,0.0718272,49.9406,354.496,0,0,0
1000,3,0,847,1,1,1,4339.11,18659.4,1324.06,46.3844,0.482746,1233.12,278125,78.513,23.1957,0.267264,55.05,132.122,23.1887,0.0718272,108.862,210.635,0,0,0
1000,3,0,848,1,1,1,4336.04,18647.6,1323.86,46.3844,0.536198,1232.87,278128,76.8887,23.1957,0.267264,53.4257,131.6,23.1887,0.12528,108.286,208.489,0,0,0
1000,3,0,849,1,1,2,10336.2,24674.2,1346.48,69.5741,0.589651,1232.95,278125,132.009,23.1957,0.337421,108.476,292.696,46.3784,0.108576,246.209,424.705,1,0,0
1000,3,0,850,1,1,1,4329.8,18654.1,1323.95,46.3844,0.482746,1233.01,278127,129.387,23.1957,0.267264,105.924,78.6101,23.1887,0.0718272,55.3496,207.997,0,0,0
1000,3,0,851,1,1,1,4318.54,18692.9,1323.87,46.3844,0.482746,1232.93,278129,127.546,23.1957,0.267264,104.083,68.2091,23.1887,0.0718272,44.9485,195.755,0,0,0
1000,3,0,852,1,1,2,10346.8,24684,1346.2,69.5741,0.554573,1232.7,278131,75.8625,23.1957,0.302342,52.3645,294.194,46.3784,0.108576,247.707,370.057,1,0,0
1000,3,0,853,1,1,1,4316.62,18633.4,1323.93,46.3844,0.482746,1232.99,278128,81.6714,23.1957,0.267264,58.2084,123.331,23.1887,0.0718272,100.071,205.003,0,0,0
1000,3,0,854,1,0,0,-1,-1,1301.18,23.1957,0.267264,1232.94,278133,-1,-1,-1,-1,-1,-1,-1,-1,-1,0,0,0
1000,3,0,855,1,1,1,4346.61,18682.1,1324,46.3844,0.482746,1233.06,278126,126.257,23.1957,0.267264,102.794,123.864,23.1887,0.0718272,100.603,250.121,0,0,0
1000,3,0,856,1,1,1,4326.79,18680.9,1323.96,46.3844,0.482746,1233.02,278127,119.354,23.1957,0.267264,95.8908,57.965,23.1887,0.0718272,34.7045,177.319,0,0,0
1000,3,0,857,1,1,1,4317.9,18635.1,1323.83,46.3844,0.482746,1232.89,278129,110.234,23.1957,0.267264,86.7712,124.355,23.1887,0.0718272,101.094,234.589,0,0,0
1000,3,0,858,1,1,2,10318,24638.5,1346.17,69.5741,0.554573,1232.67,278131,74.4439,23.1957,0.302342,50.9459,285.915,46.3784,0.108576,239.428,360.359,1,0,0
1000,3,0,859,1,1,1,4318.22,18654,1323.83,46.3844,0.482746,1232.89,278129,130.836,23.1957,0.267264,107.373,71.8584,23.1887,0.0718272,48.5978,202.694,0,0,0
1000,3,0,860,1,1,1,4338.31,18703.2,1324,46.3844,0.678182,1232.87,278126,133.527,23.1957,0.462701,109.869,124.409,23.1887,0.0718272,101.148,257.936,0,0,0
1000,3,0,861,1,1,1,4326.7,18644.4,1324.02,46.3844,0.482746,1233.08,278126,74.8871,23.1957,0.267264,51.4242,129.089,23.1887,0.0718272,105.828,203.976,0,0,0
1000,3,0,862,1,1,1,4361.48,18731.1,1323.79,46.406,0.519494,1232.79,278130,125.642,23.2173,0.304013,102.121,128.775,23.1887,0.0718272,105.514,254.417,0,0,0
1000,3,0,863,1,1,1,4325.83,18653.7,1323.88,46.3844,0.517824,1232.91,278128,83.7423,23.1957,0.302342,60.2442,125.002,23.1887,0.0718272,101.742,208.745,0,0,0
1000,3,0,864,1,1,1,4327.21,24643.4,1329.62,52.1883,0.87529,1232.66,278125,239.856,28.9996,0.516154,210.142,43.754,23.1887,0.0718272,20.4935,283.61,0,0,0
1000,3,0,865,1,1,1,4326.06,18648.3,1323.83,46.3844,0.482746,1232.89,278129,128.174,23.1957,0.267264,104.711,125.154,23.1887,0.0718272,101.894,253.328,0,0,0
1000,3,0,866,1,1,1,4332.39,18656.1,1323.67,46.3844,0.482746,1232.73,278132,125.728,23.1957,0.267264,102.265,87.2118,23.1887,0.0718272,63.9513,212.94,0,0,0
1000,3,0,867,1,1,1,4325.38,18643.8,1323.81,46.3844,0.482746,1232.87,278130,127.587,23.1957,0.267264,104.124,125.804,23.1887,0.0718272,102.543,253.391,0,0,0
1000,3,0,868,1,1,1,4323.46,18656.7,1323.98,46.3844,0.482746,1233.04,278127,125.654,23.1957,0.267264,102.191,81.8299,23.1887,0.0718272,58.5694,207.484,0,0,0
1000,3,0,869,1,1,1,4321.35,18644.6,1323.85,46.3844,0.482746,1232.91,278129,82.8319,23.1957,0.267264,59.3689,124.546,23.1887,0.0718272,101.285,207.378,0,0,0
1000,3,0,870,0,0,0,-1,-1,1301.38,23.206,0.781747,1232.62,278128,-1,-1,-1,-1,-1,-1,-1,-1,-1,0,0,0
1000,3,0,871,1,1,1,4343.49,18670.5,1324.02,46.3844,0.713261,1232.85,278125,127.895,23.1957,0.497779,104.202,108.153,23.1887,0.0718272,84.8924,236.048,0,0,0
1000,3,0,872,1,1,1,4316.94,18644.3,1323.86,46.3844,0.517824,1232.89,278128,128.698,23.1957,0.302342,105.2,78.8086,23.1887,0.0718272,55.5481,207.507,0,0,0
1000,3,0,873,1,1,1,4320.3,18652.8,1324.14,46.3844,0.678182,1233.01,278123,128.801,23.1957,0.462701,105.142,124.531,23.1887,0.0718272,101.271,253.332,0,0,0
1000,3,0,874,1,1,1,4331.72,18695.6,1323.86,46.3844,0.517824,1232.89,278128,130.663,23.1957,0.302342,107.165,124.488,23.1887,0.0718272,101.228,255.152,0,0,0
1000,3,0,875,1,1,1,4335.59,18666.1,1323.83,46.3844,0.482746,1232.89,278129,106.397,23.1957,0.267264,82.9342,127.849,23.1887,0.0718272,104.588,234.246,0,0,0
1000,3,0,876,1,1,1,4317.58,18752.8,1324.13,46.3844,0.748339,1232.93,278123,128.642,23.1957,0.532858,104.913,69.8893,23.1887,0.0718272,46.6288,198.531,0,0,0
1000,3,0,877,1,1,1,4371.14,18753.6,1323.93,46.3844,1.14422,1232.33,278126,129.718,23.1957,0.497779,106.025,128.159,23.1887,0.0718272,104.899,257.877,0,0,0
1000,3,0,878,1,1,1,4341.07,18732.3,1323.85,46.3844,0.587981,1232.81,278128,135.181,23.1957,0.372499,111.612,125.349,23.1887,0.0718272,102.089,260.53,0,0,0
1000,3,0,879,1,1,1,4344.13,18731.8,1323.89,46.3844,0.482746,1232.95,278128,132.592,23.1957,0.267264,109.129,127.342,23.1887,0.0718272,104.081,259.934,0,0,0
1000,3,0,880,1,1,1,4340.37,24669.7,1329.46,52.1883,0.696557,1232.68,278129,279.832,28.9996,0.481075,250.268,124.483,23.1887,0.0718272,101.222,404.315,0,0,0
1000,3,0,881,1,1,1,4321.74,18724.9,1323.98,46.3844,0.517824,1233.01,278126,129.893,23.1957,0.302342,106.395,66.9403,23.1887,0.0718272,43.6798,196.833,0,0,0
1000,3,0,882,1,1,1,4360.28,18680.2,1323.96,46.3844,0.731635,1232.78,278126,78.8017,23.1957,0.267264,55.3388,132.175,23.1887,0.177062,108.81,210.977,0,0,0
1000,3,0,883,1,1,1,4320.07,18638.9,1323.85,46.3844,0.482746,1232.91,278129,127.688,23.1957,0.267264,104.225,78.3971,23.1887,0.0718272,55.1366,206.086,0,0,0
1000,3,0,884,1,1,1,4333.32,18657.4,1323.94,46.3844,0.482746,1233.01,278127,124.465,23.1957,0.267264,101.002,123.088,23.1887,0.0718272,99.8271,247.553,0,0,0
1000,3,0,885,0,0,0,-1,-1,1301.54,23.206,0.481075,1233.09,278126,-1,-1,-1,-1,-1,-1,-1,-1,-1,0,0,0
1000,3,0,886,1,1,1,4316.62,18648.4,1323.89,46.3844,0.482746,1232.95,278128,100.701,23.1957,0.267264,77.2382,50.6826,23.1887,0.0718272,27.4221,151.384,0,0,0
1000,3,0,887,1,1,1,4329.28,18649.1,1323.73,46.3844,0.482746,1232.79,278131,125.508,23.1957,0.267264,102.045,122.398,23.1887,0.0718272,99.1377,247.906,0,0,0
1000,3,0,888,1,1,1,4316.74,18649.5,1323.79,46.3844,0.482746,1232.85,278130,77.3904,23.1957,0.267264,53.9274,130.041,23.1887,0.0718272,106.781,207.432,0,0,0
1000,3,0,889,1,1,1,4329.38,18654.1,1323.85,46.3844,0.50112,1232.89,278129,124.743,23.1957,0.267264,101.28,82.8445,23.1887,0.0902016,59.5656,207.587,0,0,0
1000,3,0,890,1,1,1,4341.51,18663.8,1323.91,46.3844,0.482746,1232.97,278128,120.854,23.1957,0.267264,97.3906,130.65,23.1887,0.0718272,107.389,251.503,0,0,0
1000,3,0,891,1,1,1,4334.74,18657,1323.86,46.3844,0.748339,1232.66,278128,81.1431,23.1957,0.462701,57.4847,124.865,23.1887,0.141984,101.534,206.008,0,0,0
1000,3,0,892,1,1,1,4317.26,18632.6,1323.85,46.3844,0.482746,1232.91,278129,92.3197,23.1957,0.267264,68.8567,129.24,23.1887,0.0718272,105.98,221.56,0,0,0
1000,3,0,893,1,1,1,4326.82,18645.7,1324.04,46.3844,0.482746,1233.1,278125,79.5038,23.1957,0.267264,56.0408,129.881,23.1887,0.0718272,106.62,209.385,0,0,0
1000,3,0,894,1,1,1,4322.32,24734.4,1329.59,52.1883,0.731635,1232.78,278126,278.6,28.9996,0.516154,248.983,102.266,23.1887,0.0718272,79.0051,380.865,0,0,0
1000,3,0,895,1,1,1,4323.21,18646,1323.87,46.3844,0.482746,1232.93,278129,129.647,23.1957,0.267264,106.184,124.068,23.1887,0.0718272,100.807,253.714,0,0,0
1000,3,0,896,1,1,1,4360.42,18743.4,1323.77,46.3844,0.661478,1232.66,278130,127.007,23.1957,0.302342,103.509,132.014,23.1887,0.0718272,108.754,259.021,0,0,0
1000,3,0,897,1,1,1,4323.08,18661.3,1323.7,46.3844,0.552902,1232.69,278131,103.748,23.1957,0.302342,80.2504,52.0063,23.1887,0.106906,28.7108,155.755,0,0,0
1000,3,0,898,1,1,1,4323.78,18654.6,1324,46.3844,0.678182,1232.87,278126,124.321,23.1957,0.462701,100.663,122.922,23.1887,0.0718272,99.6611,247.243,0,0,0
1000,3,0,899,1,1,1,4343.18,18709.5,1323.81,46.3844,0.517824,1232.83,278129,129.023,23.1957,0.302342,105.525,125.871,23.1887,0.0718272,102.61,254.894,0,0,0
1000,3,0,900,1,1,1,4330.3,18679.4,1323.63,46.3844,0.482746,1232.69,278133,78.3036,23.1957,0.267264,54.8407,126.816,23.1887,0.0718272,103.556,205.12,0,0,0
1000,3,0,901,1,1,1,4355.58,24711.2,1329.4,52.1883,1.19267,1232.12,278128,269.996,28.9996,0.871949,240.008,128.205,23.1887,0.177062,104.839,398.201,0,0,0
1000,3,0,902,1,1,1,4376.56,18706,1323.89,46.3844,0.482746,1232.95,278128,127.237,23.1957,0.267264,103.774,117.785,23.1887,0.0718272,94.5246,245.022,0,0,0
1000,3,0,903,1,1,1,4337.13,18650.7,1323.83,46.3844,0.482746,1232.89,278129,74.5045,23.1957,0.267264,51.0415,133.442,23.1887,0.0718272,110.181,207.946,0,0,0
1000,3,0,904,1,1,1,4326.15,18639.3,1323.98,46.3844,0.482746,1233.04,278127,126.18,23.1957,0.267264,102.717,70.6347,23.1887,0.0718272,47.3742,196.814,0,0,0
1000,3,0,905,1,1,1,4337.61,18656.1,1324.15,46.3844,0.770054,1232.93,278123,81.2779,23.1957,0.267264,57.815,126.022,23.1887,0.0718272,102.762,207.3,0,0,0
1000,3,0,906,1,1,1,4343,18660.3,1323.72,46.3844,0.517824,1232.75,278131,120.962,23.1957,0.267264,97.4989,129.833,23.1887,0.106906,106.537,250.795,0,0,0
1000,3,0,907,1,1,1,4322.18,18643.2,1323.87,46.3844,0.482746,1232.93,278129,126.548,23.1957,0.267264,103.085,82.2721,23.1887,0.0718272,59.0115,208.82,0,0,0
1000,3,0,908,1,1,1,4318.66,18631.6,1323.92,46.3844,0.482746,1232.99,278128,79.0472,23.1957,0.267264,55.5842,112.412,23.1887,0.0718272,89.1517,191.459,0,0,0
1000,3,0,909,1,1,1,4343.98,18672.8,1323.83,46.3844,0.661478,1232.71,278129,126.368,23.1957,0.302342,102.87,70.077,23.1887,0.0718272,46.8165,196.445,0,0,0
1000,3,0,910,1,1,1,4320.81,18663.1,1323.63,46.3844,0.552902,1232.62,278132,127.161,23.1957,0.337421,103.628,71.1779,23.1887,0.0718272,47.9174,198.339,0,0,0
1000,3,0,911,1,1,1,4320.83,24648.7,1329.52,52.1883,0.696557,1232.74,278127,283.86,28.9996,0.481075,254.307,129.15,23.1887,0.0718272,105.889,413.01,0,0,0
1000,3,0,912,1,1,1,4347.03,18660.9,1323.83,46.3844,0.482746,1232.89,278129,86.5479,23.1957,0.267264,63.085,126.331,23.1887,0.0718272,103.07,212.879,0,0,0
1000,3,0,913,1,1,1,4419.44,18795.3,1323.88,46.3952,0.644774,1232.77,278128,125.429,23.2065,0.285638,101.937,127.477,23.1887,0.0718272,104.216,252.906,0,0,0
1000,3,0,914,1,1,1,4328.62,18668.4,1324.06,46.3844,0.678182,1232.93,278125,123.738,23.1957,0.462701,100.08,60.286,23.1887,0.0718272,37.0255,184.024,0,0,0
1000,3,0,915,1,1,1,4340.22,18687.6,1323.89,46.3844,0.517824,1232.92,278128,123.512,23.1957,0.267264,100.049,127.747,23.1887,0.106906,104.451,251.259,0,0,0
1000,3,0,916,1,1,1,4324.04,18638.2,1323.85,46.3844,0.482746,1232.91,278129,127.744,23.1957,0.267264,104.281,113.338,23.1887,0.0718272,90.0776,241.082,0,0,0
1000,3,0,917,1,1,1,4317.34,18635.2,1324.02,46.3844,0.482746,1233.08,278126,131.242,23.1957,0.267264,107.779,69.5843,23.1887,0.0718272,46.3238,200.826,0,0,0
1000,3,0,918,1,1,1,4340.92,18702.7,1323.86,46.3844,0.517824,1232.89,278128,131.86,23.1957,0.302342,108.362,124.284,23.1887,0.0718272,101.024,256.144,0,0,0
1000,3,0,919,1,1,1,4319.49,24651.8,1329.59,52.1883,0.927072,1232.58,278125,226.398,28.9996,0.71159,196.447,41.2399,23.1887,0.0718272,17.9794,267.638,0,0,0
1000,3,0,920,1,1,1,4323.35,18666.4,1323.96,46.3844,0.482746,1233.02,278127,126.42,23.1957,0.267264,102.957,126.786,23.1887,0.0718272,103.525,253.205,0,0,0
1000,3,0,921,1,1,1,4370.79,18711.1,1324.04,46.3844,0.908698,1232.68,278124,76.3274,23.1957,0.693216,52.4385,130.68,23.1887,0.0718272,107.42,207.008,0,0,0
1000,3,0,922,1,1,1,4329.63,18643.5,1323.9,46.3844,0.50112,1232.95,278128,76.0025,23.1957,0.267264,52.5395,132.736,23.1887,0.0902016,109.458,208.739,0,0,0
1000,3,0,923,1,1,1,4365.82,18701.7,1323.95,46.3844,0.482746,1233.01,278127,76.4429,23.1957,0.267264,52.9799,130.269,23.1887,0.0718272,107.008,206.712,0,0,0
1000,3,0,924,1,1,2,10326.5,24646,1346.33,69.5741,0.519494,1232.87,278129,134.788,23.1957,0.267264,111.325,292.288,46.3784,0.108576,245.801,427.077,1,0,0
1000,3,0,925,1,1,1,4347.02,18672.3,1323.89,46.3844,0.482746,1232.95,278128,78.2783,23.1957,0.267264,54.8154,132.066,23.1887,0.0718272,108.806,210.345,0,0,0
1000,3,0,926,1,1,1,4344.5,18686,1323.9,46.3844,0.482746,1232.97,278128,133.697,23.1957,0.267264,110.234,128.525,23.1887,0.0718272,105.265,262.222,0,0,0
1000,3,0,927,1,1,1,4356.08,18672.9,1323.69,46.3844,0.482746,1232.75,278132,81.9511,23.1957,0.267264,58.4882,125.992,23.1887,0.0718272,102.731,207.943,0,0,0
1000,3,0,928,1,1,1,4343.01,18671.7,1323.82,46.3844,0.517824,1232.85,278129,77.4572,23.1957,0.267264,53.9942,131.046,23.1887,0.106906,107.75,208.503,0,0,0
1000,3,0,929,1,1,1,4335.97,18648.9,1324.01,46.3844,0.6264,1232.93,278126,76.858,23.1957,0.267264,53.395,130.83,23.1887,0.0718272,107.57,207.688,0,0,0
1000,3,0,930,1,1,1,4354.79,18729.2,1323.72,46.3844,0.913709,1232.35,278130,132.195,23.1957,0.267264,108.732,126.665,23.1887,0.0718272,103.404,258.86,0,0,0
1000,3,0,931,1,1,1,4346.87,18684.5,1323.89,46.3844,0.482746,1232.95,278128,120.924,23.1957,0.267264,97.461,129.888,23.1887,0.0718272,106.628,250.812,0,0,0
1000,3,0,932,1,1,1,4331.33,18660.9,1323.9,46.3844,0.482746,1232.97,278128,125.259,23.1957,0.267264,101.796,84.6093,23.1887,0.0718272,61.3488,209.868,0,0,0
1000,3,0,933,1,1,1,4315.98,18709.1,1323.98,46.3844,0.943776,1232.58,278125,130.377,23.1957,0.728294,106.453,103.525,23.1887,0.0718272,80.2649,233.902,0,0,0
1000,3,0,934,1,1,1,4327.2,18640.7,1323.93,46.3844,0.482746,1232.99,278128,74.6579,23.1957,0.267264,51.195,131.637,23.1887,0.0718272,108.376,206.295,0,0,0
1000,3,0,935,1,1,1,4318.54,18735.1,1323.92,46.3844,0.482746,1232.99,278128,130.035,23.1957,0.267264,106.572,73.609,23.1887,0.0718272,50.3485,203.644,0,0,0
1000,3,0,936,1,1,1,4335.5,18668.4,1323.86,46.3844,0.517824,1232.89,278128,130.2,23.1957,0.302342,106.702,127.733,23.1887,0.0718272,104.473,257.933,0,0,0
1000,3,0,937,1,1,1,4322.41,18758.7,1323.85,46.3844,0.482746,1232.91,278129,135.633,23.1957,0.267264,112.17,127.188,23.1887,0.0718272,103.928,262.821,0,0,0
1000,3,0,938,1,1,2,10320.8,24642,1346.41,69.5741,0.519494,1232.95,278127,127.585,23.1957,0.267264,104.123,199.222,46.3784,0.108576,152.735,326.807,1,0,0
1000,3,0,939,1,1,2,10337.2,24685.1,1346.14,69.5741,0.716602,1232.48,278131,132.371,23.1957,0.302342,108.873,295.136,46.3784,0.12695,248.631,427.507,1,0,0
1000,3,0,940,1,1,1,4329.61,24653.7,1329.77,52.1883,0.679853,1233.01,278123,286.548,28.9996,0.320717,257.164,126.999,23.1887,0.0718272,103.738,413.547,0,0,0
1000,3,0,941,1,1,1,4316.94,18649.3,1323.67,46.3844,0.482746,1232.73,278132,131.607,23.1957,0.267264,108.144,127.825,23.1887,0.0718272,104.565,259.432,0,0,0
1000,3,0,942,1,1,1,4347.82,18691.4,1323.99,46.3844,0.6264,1232.91,278126,78.2982,23.1957,0.267264,54.8352,131.675,23.1887,0.0718272,108.414,209.973,0,0,0
1000,3,0,943,1,1,1,4321.33,18646.3,1323.85,46.3844,0.482746,1232.91,278129,78.0437,23.1957,0.267264,54.5808,131.366,23.1887,0.0718272,108.106,209.41,0,0,0
1000,3,0,944,1,1,1,4332.26,18660.1,1323.87,46.3844,0.482746,1232.93,278129,78.1087,23.1957,0.267264,54.6457,129.404,23.1887,0.0718272,106.144,207.513,0,0,0
1000,3,0,945,1,1,1,4330.4,30689.3,1335.11,57.9922,0.820166,1232.58,278127,428.588,34.8035,0.604685,392.699,65.7275,23.1887,0.0718272,42.4669,494.315,0,0,0
1000,3,0,946,1,1,1,4371.66,24764.4,1329.54,52.1883,0.83687,1232.62,278126,286.177,28.9996,0.621389,256.48,130.556,23.1887,0.0718272,107.295,416.733,0,0,0
1000,3,0,947,1,1,1,4346.68,18660.2,1323.73,46.3844,0.482746,1232.79,278131,92.1843,23.1957,0.267264,68.7214,129.28,23.1887,0.0718272,106.019,221.464,0,0,0
1000,3,0,948,1,1,1,4322.89,24708.7,1329.45,52.1883,0.731635,1232.64,278128,270.416,28.9996,0.516154,240.78,58.5552,23.1887,0.0718272,35.2947,328.972,0,0,0
1000,3,0,949,1,0,0,-1,-1,1301.47,23.1957,0.302342,1233.2,278128,-1,-1,-1,-1,-1,-1,-1,-1,-1,0,0,0
1000,3,0,950,1,1,1,4348.97,18757.1,1323.8,46.3844,0.552902,1232.79,278129,133.243,23.1957,0.337421,109.71,128.661,23.1887,0.0718272,105.4,261.904,0,0,0
1000,3,0,951,1,1,1,4333.06,18647.2,1323.89,46.3844,0.482746,1232.95,278128,77.7568,23.1957,0.267264,54.2938,130.948,23.1887,0.0718272,107.687,208.704,0,0,0
1000,3,0,952,1,1,1,4344.26,18667.3,1323.89,46.3844,0.482746,1232.95,278128,124.221,23.1957,0.267264,100.758,88.9083,23.1887,0.0718272,65.6478,213.13,0,0,0
1000,3,0,953,1,1,1,4328.97,18682.1,1324.04,46.3844,0.908698,1232.67,278124,128.884,23.1957,0.658138,105.03,111.404,23.1887,0.106906,88.1085,240.288,0,0,0
1000,3,0,954,1,1,1,4397.94,18753.8,1323.88,46.3844,0.587981,1232.83,278128,128.525,23.1957,0.302342,105.027,128.193,23.1887,0.141984,104.862,256.718,0,0,0
1000,3,0,955,1,1,1,4345.14,18657.4,1324.04,46.3844,0.517824,1233.07,278125,91.6591,23.1957,0.267264,68.1962,130.331,23.1887,0.106906,107.035,221.99,0,0,0
1000,3,0,956,1,1,1,4324.81,18657.5,1323.96,46.3844,0.482746,1233.02,278127,129.643,23.1957,0.267264,106.18,70.3658,23.1887,0.0718272,47.1053,200.009,0,0,0
1000,3,0,957,1,1,1,4403.21,18791.9,1324.06,46.3844,0.713261,1232.89,278124,125.094,23.1957,0.462701,101.435,126.732,23.1887,0.106906,103.437,251.826,0,0,0
1000,3,0,958,1,1,1,4317.9,18673.5,1323.92,46.3844,0.482746,1232.99,278128,130.764,23.1957,0.267264,107.301,67.5268,23.1887,0.0718272,44.2663,198.291,0,0,0
1000,3,0,959,1,1,1,4338.78,18687.3,1324.06,46.3844,0.713261,1232.89,278124,135.16,23.1957,0.497779,111.466,123.71,23.1887,0.0718272,100.45,258.87,0,0,0
1000,3,0,960,1,1,1,4322.28,18681.8,1324.03,46.3844,0.6264,1232.95,278125,131.036,23.1957,0.267264,107.573,71.5191,23.1887,0.0718272,48.2585,202.555,0,0,0
1000,3,0,961,1,0,0,-1,-1,1301.4,23.1957,0.267264,1233.16,278129,-1,-1,-1,-1,-1,-1,-1,-1,-1,0,0,0
1000,3,0,962,1,1,1,4316.3,18701.6,1324,46.3844,0.482746,1233.06,278126,117.511,23.1957,0.267264,94.0481,57.5535,23.1887,0.0718272,34.293,175.065,0,0,0
1000,3,0,963,1,1,1,4321.42,18639.1,1323.98,46.3844,0.482746,1233.04,278127,128.703,23.1957,0.267264,105.24,74.58,23.1887,0.0718272,51.3195,203.283,0,0,0
1000,3,0,964,1,1,1,4329.69,18644.9,1323.92,46.3844,0.482746,1232.99,278128,74.7716,23.1957,0.267264,51.3087,129.41,23.1887,0.0718272,106.149,204.181,0,0,0
1000,3,0,965,1,0,0,-1,-1,1301.38,23.1957,0.267264,1233.14,278130,-1,-1,-1,-1,-1,-1,-1,-1,-1,0,0,0
1000,3,0,966,1,1,1,4324.34,18657.2,1323.66,46.3844,0.517824,1232.69,278132,127.759,23.1957,0.267264,104.296,79.5891,23.1887,0.106906,56.2935,207.348,0,0,0
1000,3,0,967,1,1,1,4334.04,18702,1323.91,46.3844,0.482746,1232.97,278128,130.545,23.1957,0.267264,107.082,70.7773,23.1887,0.0718272,47.5168,201.323,0,0,0
1000,3,0,968,1,1,1,4314.06,18635.4,1323.83,46.3844,0.482746,1232.89,278129,126.977,23.1957,0.267264,103.514,91.213,23.1887,0.0718272,67.9525,218.19,0,0,0
1000,3,0,969,1,1,1,4318.36,18653.2,1323.87,46.3844,0.482746,1232.93,278129,128.564,23.1957,0.267264,105.101,97.7699,23.1887,0.0718272,74.5094,226.334,0,0,0
1000,3,0,970,1,1,1,4316.62,18650.5,1323.9,46.3844,0.517824,1232.93,278128,123.428,23.1957,0.302342,99.93,81.7306,23.1887,0.0718272,58.4701,205.159,0,0,0
1000,3,0,971,1,1,1,4316.94,18671.7,1323.71,46.3844,0.482746,1232.77,278131,126.43,23.1957,0.267264,102.967,69.5013,23.1887,0.0718272,46.2408,195.932,0,0,0
1000,3,0,972,1,1,1,4327.75,18645.6,1323.69,46.3844,0.482746,1232.75,278132,124.425,23.1957,0.267264,100.962,123.631,23.1887,0.0718272,100.37,248.056,0,0,0
1000,3,0,973,1,1,1,4317.03,18662.1,1323.73,46.3844,0.482746,1232.79,278131,77.5817,23.1957,0.267264,54.1187,134.609,23.1887,0.0718272,111.349,212.191,0,0,0
1000,3,0,974,1,1,1,4325.77,18649.6,1323.81,46.3844,0.517824,1232.83,278129,127.671,23.1957,0.302342,104.173,79.3573,23.1887,0.0718272,56.0968,207.028,0,0,0
1000,3,0,975,1,1,1,4316.94,18648.6,1323.86,46.3952,0.50112,1232.89,278129,131.87,23.2065,0.285638,108.378,69.781,23.1887,0.0718272,46.5205,201.651,0,0,0
1000,3,0,976,1,1,1,4349.03,18683.9,1323.61,46.3844,0.552902,1232.6,278133,123.441,23.1957,0.302342,99.9426,130.237,23.1887,0.106906,106.942,253.678,0,0,0
1000,3,0,977,1,1,1,4327.3,30645.9,1335.13,57.9922,0.855245,1232.56,278127,329.528,34.8035,0.604685,293.358,27.6596,23.1887,0.106906,4.36401,357.187,0,0,0
1000,3,0,978,1,1,1,4337.28,18690.1,1323.96,46.3844,0.678182,1232.83,278126,126.599,23.1957,0.462701,102.94,85.8925,23.1887,0.0718272,62.632,212.491,0,0,0
1000,3,0,979,1,1,1,4325.67,18689.9,1324.02,46.3844,0.517824,1233.04,278126,126.305,23.1957,0.302342,102.807,83.6311,23.1887,0.0718272,60.3706,209.936,0,0,0
1000,3,0,980,1,1,1,4319.94,18636.1,1323.81,46.3844,0.482746,1232.87,278130,123.898,23.1957,0.267264,100.435,81.8533,23.1887,0.0718272,58.5928,205.752,0,0,0
1000,3,0,981,1,1,1,4328.64,18648.5,1323.67,46.3844,0.482746,1232.73,278132,74.6579,23.1957,0.267264,51.195,129.35,23.1887,0.0718272,106.09,204.008,0,0,0
1000,3,0,982,1,1,1,4344.32,18731.5,1323.94,46.3844,0.482746,1233.01,278127,128.988,23.1957,0.267264,105.525,67.0413,23.1887,0.0718272,43.7808,196.029,0,0,0
1000,3,0,983,1,1,2,10361.7,24674.5,1346.18,69.5741,0.554573,1232.68,278131,76.1234,23.1957,0.267264,52.6605,300.214,46.3784,0.143654,253.692,376.337,1,0,0
1000,3,0,984,1,1,1,4316.94,18664.5,1323.67,46.3844,0.482746,1232.73,278132,99.9414,23.1957,0.267264,76.4784,48.9753,23.1887,0.0718272,25.7148,148.917,0,0,0
1000,3,0,985,1,1,1,4345.14,18669.9,1324.02,46.3844,0.770054,1232.79,278125,125.788,23.1957,0.267264,102.325,123.23,23.1887,0.0718272,99.9697,249.018,0,0,0
1000,3,0,986,1,1,1,4327.32,18659.5,1323.93,46.3844,0.482746,1232.99,278128,126.16,23.1957,0.267264,102.697,73.5765,23.1887,0.0718272,50.316,199.736,0,0,0
1000,3,0,987,1,1,1,4319.5,18648.3,1323.85,46.3844,0.482746,1232.91,278129,129.399,23.1957,0.267264,105.936,70.4506,23.1887,0.0718272,47.1901,199.85,0,0,0
1000,3,0,988,1,1,1,4339.43,18688.7,1323.93,46.3844,0.661478,1232.82,278127,128.279,23.1957,0.302342,104.781,79.8284,23.1887,0.0718272,56.5678,208.108,0,0,0
1000,3,0,989,1,0,0,-1,-1,1301.39,23.1957,0.337421,1233.08,278129,-1,-1,-1,-1,-1,-1,-1,-1,-1,0,0,0
1000,3,0,990,1,1,1,4316.62,24649.3,1329.43,52.1883,0.766714,1232.58,278129,276.338,28.9996,0.551232,246.693,76.3595,23.1887,0.0718272,53.099,352.698,0,0,0
1000,3,0,991,1,1,1,4347.66,18707.6,1323.59,46.3844,0.552902,1232.58,278133,82.7919,23.1957,0.337421,59.2588,117.717,23.1887,0.0718272,94.456,200.508,0,0,0
1000,3,0,992,1,1,1,4326.47,24663.9,1329.08,52.1883,0.83687,1232.16,278134,274.314,28.9996,0.621389,244.592,129.686,23.1887,0.0718272,106.425,404,0,0,0
1000,3,0,993,1,1,1,4334.33,18652.7,1323.67,46.3844,0.517824,1232.7,278132,121.274,23.1957,0.267264,97.8111,129.095,23.1887,0.106906,105.799,250.369,0,0,0
1000,3,0,994,1,1,1,4337.09,18680.4,1323.91,46.3844,0.482746,1232.97,278128,102.295,23.1957,0.267264,78.8319,128.809,23.1887,0.0718272,105.548,231.104,0,0,0
1000,3,0,995,1,1,1,4336.84,18651.3,1323.92,46.3952,0.788429,1232.67,278127,79.1829,23.2065,0.285638,55.6907,130.002,23.1887,0.0718272,106.741,209.185,0,0,0
1000,3,0,996,1,1,1,4340.04,18661.3,1323.69,46.3844,0.552902,1232.68,278131,78.7051,23.1957,0.302342,55.207,128.335,23.1887,0.106906,105.039,207.04,0,0,0
1000,3,0,997,1,1,1,4325.99,18661,1323.85,46.3844,0.482746,1232.91,278129,128.681,23.1957,0.267264,105.218,114.309,23.1887,0.0718272,91.0486,242.99,0,0,0
1000,3,0,998,1,1,1,4338.76,18682.9,1323.83,46.3844,0.965491,1232.41,278128,129.92,23.1957,0.462701,106.261,124.591,23.1887,0.0718272,101.33,254.511,0,0,0
1000,3,0,999,1,1,2,10350.7,24702.4,1346.55,69.5741,0.928742,1232.68,278123,128.079,23.1957,0.462701,104.42,299.671,46.3784,0.322387,252.97,427.749,1,0,0
1000,3,0,1000,1,1,1,4331.27,18652.4,1323.89,46.3844,0.482746,1232.95,278128,82.1226,23.1957,0.267264,58.6596,117.287,23.1887,0.0718272,94.0265,199.41,0,0,0
