N,seed,dutyCycle,devId,registered,authSuccess,attempts,latencyMs,e2eMs,fullEnergyMJ,fullCpuEnergyMJ,fullTxEnergyMJ,fullRxEnergyMJ,idleListeningMs,regEnergyMJ,regCpuEnergyMJ,regTxEnergyMJ,regRxEnergyMJ,authEnergyMJ,authCpuEnergyMJ,authTxEnergyMJ,authRxEnergyMJ,sessionEnergyMJ,fallbackUsed,replayRejected,desync
1000,1,1,1,1,1,1,4318.54,18683.7,449.854,46.3844,0.678182,356.181,12351.1,131.446,23.1957,0.462701,107.788,79.8644,23.1887,0.0718272,56.6039,211.311,0,0,0
1000,1,1,2,1,1,1,4323.56,18651.7,530.99,46.3844,0.6264,437.604,10876.4,119.074,23.1957,0.267264,95.6111,135.032,23.1887,0.0718272,111.771,254.106,0,0,0
1000,1,1,3,1,1,1,4331.08,18664,519.062,46.3844,0.482746,425.785,11101.2,118.426,23.1957,0.267264,94.9632,122.974,23.1887,0.0718272,99.7134,241.4,0,0,0
1000,1,1,4,1,1,1,4321.03,18643.9,358.322,46.3844,0.482746,264.578,13939.3,71.9056,23.1957,0.267264,48.4426,107.189,23.1887,0.0718272,83.9286,179.095,0,0,0
1000,1,1,5,1,1,1,4326.98,18658.2,518.693,46.3844,0.482746,425.415,11101.9,123.223,23.1957,0.267264,99.7603,121.234,23.1887,0.0718272,97.9736,244.457,0,0,0
1000,1,1,6,1,1,1,4327.18,18703.9,395.439,46.3844,0.482746,301.802,13339.4,133.552,23.1957,0.267264,110.089,75.199,23.1887,0.0718272,51.9385,208.751,0,0,0
1000,1,1,7,1,1,1,4321.22,24660.1,635.582,52.1883,0.536198,536.946,15124.9,269.557,28.9996,0.320717,240.121,83.0806,23.1887,0.0718272,59.8201,352.638,0,0,0
1000,1,1,8,1,1,1,4330.5,18685,546.446,46.3844,0.482746,453.248,10635.3,124.303,23.1957,0.267264,100.84,133.971,23.1887,0.0718272,110.71,258.273,0,0,0
1000,1,1,9,1,1,1,4325.96,18671.7,498.592,46.3844,0.482746,405.255,11472.9,100.239,23.1957,0.267264,76.7762,122.853,23.1887,0.0718272,99.5925,223.092,0,0,0
1000,1,1,10,1,1,1,4333.26,18656.7,417.909,46.3844,0.517824,324.303,12892.4,80.917,23.1957,0.267264,57.454,119.13,23.1887,0.106906,95.8349,200.047,0,0,0
1000,1,1,11,1,1,1,4319.35,18688.3,460.886,46.3844,0.517824,367.405,12159.7,136.377,23.1957,0.302342,112.879,76.096,23.1887,0.0718272,52.8355,212.473,0,0,0
1000,1,1,12,1,1,1,4335.28,18649.8,545.367,46.3844,0.6264,452.023,10618.8,123.2,23.1957,0.267264,99.7369,134.272,23.1887,0.0718272,111.011,257.472,0,0,0
1000,1,1,13,1,1,1,4319.91,18634.1,434.982,46.3844,0.6264,341.317,12566,135.034,23.1957,0.267264,111.571,77.132,23.1887,0.0718272,53.8715,212.166,0,0,0
1000,1,1,14,1,1,1,4314.38,18645.3,521.943,46.3844,0.678182,428.479,11030.7,125.902,23.1957,0.462701,102.244,122.876,23.1887,0.0718272,99.6159,248.779,0,0,0
1000,1,1,15,1,1,1,4319.58,18660.4,525.196,46.3844,0.482746,431.937,10988.5,122.601,23.1957,0.267264,99.1377,109.005,23.1887,0.0718272,85.7442,231.605,0,0,0
1000,1,1,16,0,0,0,-1,-1,777.877,23.206,0.551232,707.826,257398,-1,-1,-1,-1,-1,-1,-1,-1,-1,0,0,0
1000,1,1,17,1,1,1,4355.17,18669.7,540.883,46.3844,0.482746,447.67,10718.8,119.794,23.1957,0.267264,96.3312,129.228,23.1887,0.0718272,105.967,249.022,0,0,0
1000,1,1,18,1,1,1,4316.62,18635,329.13,46.3844,0.482746,235.301,14449.6,101.226,23.1957,0.267264,77.7634,52.6156,23.1887,0.0718272,29.3551,153.842,0,0,0
1000,1,1,19,1,1,1,4318.54,18654,466.41,46.3844,0.482746,372.98,12027.5,133.166,23.1957,0.267264,109.703,78.639,23.1887,0.0718272,55.3785,211.805,0,0,0
1000,1,1,20,1,0,0,-1,-1,798,23.1957,0.267264,728.302,258095,-1,-1,-1,-1,-1,-1,-1,-1,-1,0,0,0
1000,1,1,21,1,1,1,4318.3,18642.4,362.03,46.3844,0.482746,268.296,13872,121.366,23.1957,0.267264,97.9032,66.3248,23.1887,0.0718272,43.0643,187.691,0,0,0
1000,1,1,22,1,1,2,10333.3,24680.4,666.598,69.5741,0.519494,551.161,14893.6,123.996,23.1957,0.267264,100.533,254.104,46.3784,0.108576,207.617,378.1,1,0,0
1000,1,1,23,1,1,1,4373.54,18702,454.463,46.3844,0.482746,360.998,12287.8,77.1522,23.1957,0.267264,53.6892,129.367,23.1887,0.0718272,106.106,206.519,0,0,0
1000,1,1,24,1,1,1,4336.58,18692.2,404.273,46.3844,0.517824,310.628,13170.3,135.02,23.1957,0.302342,111.522,78.6679,23.1887,0.0718272,55.4074,213.688,0,0,0
1000,1,1,25,1,1,1,4315.34,18627.9,364.763,46.3844,0.482746,271.038,13808.8,73.7483,23.1957,0.267264,50.2853,109.178,23.1887,0.0718272,85.9175,182.926,0,0,0
1000,1,1,26,1,1,1,4413.59,18778.9,546.981,46.3844,0.517824,453.75,10719.4,128.503,23.1957,0.302342,105.005,136.331,23.1887,0.0718272,113.071,264.834,0,0,0
1000,1,1,27,1,1,1,4352.3,18677.9,385.039,46.3844,0.482746,291.372,13498.3,74.6796,23.1957,0.267264,51.2166,117.612,23.1887,0.0718272,94.3513,192.291,0,0,0
1000,1,1,28,1,1,1,4341.19,18679.5,518.931,46.3844,0.748339,425.388,11118.1,124.1,23.1957,0.497779,100.406,120.854,23.1887,0.106906,97.5585,244.954,0,0,0
1000,1,1,29,1,0,0,-1,-1,1231.18,23.1957,0.407578,1162.6,274266,-1,-1,-1,-1,-1,-1,-1,-1,-1,0,0,0
1000,1,1,30,1,1,1,4329.67,18775.2,423.852,46.3844,0.482746,330.298,12905.4,134.945,23.1957,0.267264,111.482,77.002,23.1887,0.0718272,53.7415,211.947,0,0,0
1000,1,1,31,1,1,1,4344.4,18685.8,509.458,46.3844,0.517824,416.118,11293.5,112.644,23.1957,0.302342,89.1463,125.683,23.1887,0.0718272,102.422,238.327,0,0,0
1000,1,1,32,1,1,1,4314.74,18661,448.049,46.3844,0.482746,354.566,12361,130.794,23.1957,0.267264,107.331,79.6082,23.1887,0.0718272,56.3477,210.403,0,0,0
1000,1,1,33,1,1,1,4372.87,18707.3,542.654,46.3844,0.948787,448.98,10723.6,125.492,23.1957,0.267264,102.029,135.895,23.1887,0.106906,112.6,261.387,0,0,0
1000,1,1,34,1,0,0,-1,-1,505.991,28.9996,0.551232,429.515,250639,-1,-1,-1,-1,-1,-1,-1,-1,-1,0,0,0
1000,1,1,35,1,1,1,4336.43,18683.2,513.143,46.3844,0.678182,419.654,11225.2,120.726,23.1957,0.462701,97.0676,90.3846,23.1887,0.0718272,67.1241,211.111,0,0,0
1000,1,1,36,1,1,1,4318.12,18654.1,480.204,46.3844,0.482746,386.814,11782.3,128.345,23.1957,0.267264,104.882,80.5539,23.1887,0.0718272,57.2934,208.899,0,0,0
1000,1,1,37,1,1,1,4317.26,18645.7,312.624,46.3844,0.482746,218.747,14753.8,88.9736,23.1957,0.267264,65.5106,45.6364,23.1887,0.0718272,22.3759,134.61,0,0,0
1000,1,1,38,1,1,1,4328.52,18731.2,529.151,46.3844,1.06906,435.318,10987.6,124.082,23.1957,0.853574,100.033,110.21,23.1887,0.0718272,86.9498,234.292,0,0,0
1000,1,1,39,1,1,1,4317.38,24632.9,680.261,52.1883,0.571277,581.72,14303,268.762,28.9996,0.355795,239.293,131.94,23.1887,0.0718272,108.68,400.702,0,0,0
1000,1,1,40,1,1,1,4320.71,18638.5,389.611,46.3844,0.517824,295.922,13377.4,77.8596,23.1957,0.267264,54.3967,118.336,23.1887,0.106906,95.0408,196.196,0,0,0
1000,1,1,41,1,1,1,4322.36,18643.5,485.147,46.3844,0.482746,391.772,11683.8,95.1731,23.1957,0.267264,71.7101,118.549,23.1887,0.0718272,95.288,213.722,0,0,0
1000,1,1,42,1,1,1,4314.06,18674.7,403.211,46.3844,0.482746,309.597,13171.9,135.045,23.1957,0.267264,111.582,78.2022,23.1887,0.0718272,54.9417,213.247,0,0,0
1000,1,1,43,1,1,1,4329.53,18657.8,529.078,46.3844,0.482746,435.83,10916.9,120.004,23.1957,0.267264,96.5406,132.061,23.1887,0.0718272,108.801,252.065,0,0,0
1000,1,1,44,1,1,1,4321.57,18680.7,351.973,46.3844,0.873619,257.819,14088.1,115.366,23.1957,0.658138,91.5124,61.6179,23.1887,0.0718272,38.3574,176.984,0,0,0
1000,1,1,45,1,1,1,4324.87,30669.7,650.847,57.9922,0.855245,546.291,20961.8,416.912,34.8035,0.604685,380.991,57.8665,23.1887,0.106906,34.5709,474.778,0,0,0
1000,1,1,46,1,1,1,4333.61,18653.2,529.811,46.3844,0.517824,436.531,10899,121.33,23.1957,0.267264,97.8671,131.049,23.1887,0.106906,107.754,252.379,0,0,0
1000,1,1,47,1,0,0,-1,-1,1092.96,28.9996,0.676512,1018.06,266176,-1,-1,-1,-1,-1,-1,-1,-1,-1,0,0,0
1000,1,1,48,1,1,1,4316.94,18632.8,315.462,46.3844,0.482746,221.593,14690.4,90.551,23.1957,0.267264,67.088,46.9323,23.1887,0.0718272,23.6718,137.483,0,0,0
1000,1,1,49,1,1,1,4334.54,18666.2,505.88,46.3844,0.552902,412.494,11337.3,106.724,23.1957,0.267264,83.2608,125.645,23.1887,0.141984,102.314,232.369,0,0,0
1000,1,1,50,1,1,1,4318.54,18662.9,434.356,46.3844,0.482746,340.833,12606.3,136.185,23.1957,0.267264,112.722,77.132,23.1887,0.0718272,53.8715,213.317,0,0,0
1000,1,1,51,1,1,1,4350.58,18669.9,542.437,46.3844,0.6264,449.085,10691,126.322,23.1957,0.267264,102.859,133.597,23.1887,0.0718272,110.336,259.919,0,0,0
1000,1,1,52,1,1,1,4345.86,18664.3,406.538,46.3844,0.482746,312.934,13102.4,81.2815,23.1957,0.267264,57.8186,120.122,23.1887,0.0718272,96.8618,201.404,0,0,0
1000,1,1,53,1,1,1,4350.45,18696.8,513.147,46.3844,0.748339,419.587,11238.2,118.659,23.1957,0.462701,95.0011,117.677,23.1887,0.141984,94.3459,236.336,0,0,0
1000,1,1,54,1,1,1,4315.66,18641.1,439.866,46.3844,0.482746,346.359,12486.6,131.543,23.1957,0.267264,108.08,79.5432,23.1887,0.0718272,56.2827,211.087,0,0,0
1000,1,1,55,1,1,1,4332.67,18653.4,511.546,46.3844,0.552902,418.178,11223.7,116.672,23.1957,0.267264,93.2089,123.609,23.1887,0.141984,100.278,240.281,0,0,0
1000,1,1,56,1,1,1,4320.96,18665.3,437.455,46.3844,0.482746,343.941,12553.7,132.141,23.1957,0.267264,108.678,77.7185,23.1887,0.0718272,54.458,209.859,0,0,0
1000,1,1,57,1,1,2,4340.29,18701,567.367,69.5741,0.698227,451.462,10672.9,130.526,23.1957,0.267264,107.063,157.721,46.3784,0.287309,111.055,288.246,1,0,0
1000,1,1,58,1,1,1,4330.57,18644.1,353.271,46.3844,0.482746,259.512,14029.4,69.359,23.1957,0.267264,45.8961,106.908,23.1887,0.0718272,83.6471,176.267,0,0,0
1000,1,1,59,1,1,1,4319.18,18676.3,477.288,46.3844,0.482746,383.89,11856.3,132.749,23.1957,0.267264,109.286,80.312,23.1887,0.0718272,57.0515,213.061,0,0,0
1000,1,1,60,1,1,1,4333.8,18787.4,519.62,46.3844,0.517824,426.31,11214.4,124.686,23.1957,0.302342,101.188,95.2089,23.1887,0.0718272,71.9484,219.895,0,0,0
1000,1,1,61,1,1,1,4320.05,24661.3,377.052,52.1883,0.696557,277.504,19723.1,200.976,28.9996,0.481075,171.18,30.2036,23.1887,0.0718272,6.94307,231.179,0,0,0
1000,1,1,62,1,1,1,4335.21,18654.3,546.331,46.3844,0.482746,453.133,10606.6,123.512,23.1957,0.267264,100.049,133.687,23.1887,0.0718272,110.427,257.199,0,0,0
1000,1,1,63,1,1,1,4350.77,18679.7,526.764,46.3844,0.482746,433.509,10980,126.665,23.1957,0.267264,103.202,127.421,23.1887,0.0718272,104.16,254.086,0,0,0
1000,1,1,64,1,1,1,4324.62,18647,314.428,46.3844,0.517824,220.521,14722.8,90.4806,23.1957,0.267264,67.0176,46.3032,23.1887,0.106906,23.0076,136.784,0,0,0
1000,1,1,65,1,1,1,4313.42,18631.5,541.438,46.3844,0.482746,448.226,10670.8,125.678,23.1957,0.267264,102.215,132.843,23.1887,0.0718272,109.582,258.52,0,0,0
1000,1,1,66,0,0,0,-1,-1,399.829,5.80392,0.319046,345.836,248810,-1,-1,-1,-1,-1,-1,-1,-1,-1,0,0,0
1000,1,1,67,1,1,1,4320.35,24637.9,534.639,52.1883,0.536198,435.709,16897.7,288.602,28.9996,0.320717,259.225,69.2053,23.1887,0.0718272,45.9448,357.807,0,0,0
1000,1,1,68,1,1,1,4324.1,18649.9,540.46,46.3844,0.482746,447.246,10706.6,125.647,23.1957,0.267264,102.184,131.462,23.1887,0.0718272,108.201,257.109,0,0,0
1000,1,1,69,1,1,1,4319.18,18650.6,334.123,46.3844,0.517824,240.273,14376.1,104.041,23.1957,0.302342,80.5428,53.7887,23.1887,0.0718272,30.5282,157.83,0,0,0
1000,1,1,70,1,1,1,4319.29,18638.7,416.664,46.3844,0.482746,323.09,12896.8,79.4695,23.1957,0.267264,56.0066,118.253,23.1887,0.0718272,94.992,197.722,0,0,0
1000,1,1,71,1,1,1,4323.34,24667.5,607.279,52.1883,1.31795,507.779,15633.7,272.531,28.9996,1.10246,242.321,77.8124,23.1887,0.0718272,54.5519,350.343,0,0,0
1000,1,1,72,1,1,1,4330.6,18652.1,366.25,46.3844,0.482746,272.528,13806.6,73.5732,23.1957,0.267264,50.1103,109.831,23.1887,0.0718272,86.5708,183.405,0,0,0
1000,1,1,73,1,1,1,4319.94,18646.1,383.443,46.3844,0.517824,289.737,13494.6,74.471,23.1957,0.302342,50.973,119.756,23.1887,0.0718272,96.4954,194.227,0,0,0
1000,1,1,74,1,1,1,4322.46,18636,453.755,46.3844,0.482746,360.289,12234.5,76.7858,23.1957,0.267264,53.3228,127.397,23.1887,0.0718272,104.137,204.183,0,0,0
1000,1,1,75,1,1,2,10380.2,24769.1,669.606,69.5741,0.663149,554.034,14928.4,113.353,23.1957,0.267264,89.8899,287.169,46.3784,0.25223,240.538,400.522,1,0,0
1000,1,1,76,1,1,1,4328.62,18641.2,438.393,46.3844,0.6264,344.738,12512.4,73.714,23.1957,0.267264,50.251,123.301,23.1887,0.0718272,100.04,197.015,0,0,0
1000,1,1,77,1,0,0,-1,-1,630.176,23.1957,0.267264,559.99,253765,-1,-1,-1,-1,-1,-1,-1,-1,-1,0,0,0
1000,1,1,78,1,1,1,4330.76,18676,526.645,46.3844,0.661478,433.212,10977.7,126.861,23.1957,0.302342,103.363,127.224,23.1887,0.0718272,103.964,254.085,0,0,0
1000,1,1,79,1,1,2,10338.9,24655.9,657.342,69.5741,0.537869,541.859,15033.4,100.252,23.1957,0.267264,76.7888,280.357,46.3784,0.12695,233.852,380.609,1,0,0
1000,1,1,80,1,1,1,4329.49,18664.2,518.03,46.3844,0.6264,424.606,11119.4,120.038,23.1957,0.267264,96.5748,119.678,23.1887,0.0718272,96.4178,239.716,0,0,0
1000,1,1,81,1,1,1,4332.01,18651.1,432.673,46.3844,0.6264,339.001,12624.1,73.1004,23.1957,0.267264,49.6374,122.534,23.1887,0.0718272,99.273,195.634,0,0,0
1000,1,1,82,1,1,1,4320.58,18651,418.32,46.3844,0.482746,324.75,12879.6,134.85,23.1957,0.267264,111.387,79.1155,23.1887,0.0718272,55.855,213.965,0,0,0
1000,1,1,83,1,1,1,4330.25,18647.6,418.504,46.3844,0.482746,324.934,12872.9,77.8037,23.1957,0.267264,54.3407,117.749,23.1887,0.0718272,94.4885,195.553,0,0,0
1000,1,1,84,1,1,1,4324.61,18646.5,431.227,46.3844,0.482746,337.694,12645.6,73.9847,23.1957,0.267264,50.5218,121.321,23.1887,0.0718272,98.0602,195.305,0,0,0
1000,1,1,85,1,1,1,4335.25,18651.7,371.003,46.3844,0.770054,277.008,13720.9,73.9198,23.1957,0.267264,50.4568,111.587,23.1887,0.0718272,88.3269,185.507,0,0,0
1000,1,1,86,1,1,1,4318.86,18646.1,511.507,46.3844,0.50112,418.19,11217.4,117.026,23.1957,0.267264,93.5626,123.351,23.1887,0.0902016,100.073,240.377,0,0,0
1000,1,1,87,1,1,1,4314.7,18655.1,528.889,46.3844,0.482746,435.641,10917.5,122.35,23.1957,0.267264,98.8868,129.91,23.1887,0.0718272,106.649,252.26,0,0,0
1000,1,1,88,1,1,2,10341.7,24657.1,596.843,69.5741,0.950458,480.772,16109.5,73.6075,23.1957,0.267264,50.1446,285,46.3784,0.25223,238.369,358.607,1,0,0
1000,1,1,89,1,1,1,4356.17,18733.8,522.058,46.3844,1.01727,428.256,11116.4,121.521,23.1957,0.658138,97.6668,120.864,23.1887,0.0718272,97.6036,242.385,0,0,0
1000,1,1,90,1,1,1,4323.14,18688.7,531.855,46.3844,0.482746,438.615,10898.4,121.944,23.1957,0.267264,98.4807,115.23,23.1887,0.0718272,91.969,237.173,0,0,0
1000,1,1,91,1,1,1,4328.62,18656.3,507.264,46.3844,0.50112,413.934,11303.1,107.814,23.1957,0.267264,84.3509,127.246,23.1887,0.0902016,103.967,235.06,0,0,0
1000,1,1,92,1,1,1,4321.99,18636.2,401.284,46.3844,0.517824,307.63,13167.4,79.2331,23.1957,0.267264,55.7701,121.946,23.1887,0.106906,98.6504,201.179,0,0,0
1000,1,1,93,1,1,1,4318.86,24641.8,365.726,52.1883,0.891994,265.95,19904.5,195.013,28.9996,0.676512,165.007,26.8683,23.1887,0.0718272,3.6078,221.881,0,0,0
1000,1,1,94,1,1,1,4320.71,18692.9,405.593,46.3844,0.552902,311.916,13147.4,134.502,23.1957,0.302342,111.004,77.6634,23.1887,0.106906,54.3678,212.166,0,0,0
1000,1,1,95,1,1,1,4314.44,18665.7,350.886,46.3844,0.517824,257.085,14093.2,114.02,23.1957,0.302342,90.5215,60.6217,23.1887,0.0718272,37.3612,174.641,0,0,0
1000,1,1,96,1,1,1,4314.38,18700.2,466.544,46.3844,0.873619,372.724,12070.3,136.537,23.1957,0.658138,112.683,78.3683,23.1887,0.0718272,55.1078,214.905,0,0,0
1000,1,1,97,1,1,1,4324.63,18637.2,402.371,46.3844,0.517824,308.72,13149.1,79.1753,23.1957,0.267264,55.7124,122.583,23.1887,0.106906,99.2875,201.758,0,0,0
1000,1,1,98,1,1,1,4375.64,24718.5,685.44,52.1883,0.910368,586.574,14295.7,264.288,28.9996,0.551232,234.606,130.451,23.1887,0.0718272,107.191,394.739,0,0,0
1000,1,1,99,1,1,1,4313.16,18632.3,436.528,46.3844,0.482746,343.011,12537.1,73.1527,23.1957,0.267264,49.6898,122.609,23.1887,0.0718272,99.3488,195.762,0,0,0
1000,1,1,100,1,1,1,4340.31,18704,537.365,46.3844,0.482746,444.141,10815.7,121.853,23.1957,0.267264,98.3905,120.131,23.1887,0.0718272,96.8708,241.985,0,0,0
1000,1,1,101,1,1,1,4324.17,18657.1,398.84,46.3844,0.482746,305.213,13232.1,134.516,23.1957,0.267264,111.053,77.0851,23.1887,0.0718272,53.8246,211.601,0,0,0
1000,1,1,102,1,1,1,4317.96,18665,531.563,46.3844,0.482746,438.323,10879.9,121.642,23.1957,0.267264,98.1793,115.549,23.1887,0.0718272,92.2884,237.191,0,0,0
1000,1,1,103,1,1,1,4356.96,18716.6,526.566,46.3844,0.482746,433.311,11020.4,126.436,23.1957,0.267264,102.973,128.116,23.1887,0.0718272,104.855,254.552,0,0,0
1000,1,1,104,1,1,1,4318.22,18689.6,441.901,46.3844,0.517824,348.364,12498.7,133.076,23.1957,0.302342,109.578,79.9962,23.1887,0.0718272,56.7357,213.073,0,0,0
1000,1,1,105,1,1,1,4338.47,18698.6,546.093,46.3844,0.482746,452.895,10655.1,130.897,23.1957,0.267264,107.434,134.678,23.1887,0.0718272,111.418,265.575,0,0,0
1000,1,1,106,1,1,1,4342.92,18665.8,510.521,46.3844,0.552902,417.149,11254.4,114.351,23.1957,0.267264,90.8879,124.566,23.1887,0.141984,101.235,238.916,0,0,0
1000,1,1,107,1,1,1,4346.08,18709.9,513.193,46.3844,0.482746,419.899,11251.4,118.892,23.1957,0.267264,95.4288,117.78,23.1887,0.0718272,94.5192,236.671,0,0,0
1000,1,1,108,1,1,1,4320.52,18668.1,543.57,46.3844,0.678182,450.169,10669,127.925,23.1957,0.462701,104.267,134.12,23.1887,0.0718272,110.86,262.046,0,0,0
1000,1,1,109,1,1,1,4314.7,18645.2,337.104,46.3844,0.482746,243.298,14318,106.791,23.1957,0.267264,83.3276,55.496,23.1887,0.0718272,32.2355,162.287,0,0,0
1000,1,1,110,1,1,1,4327.43,18644.7,352.792,46.3844,0.482746,259.032,14038.5,69.655,23.1957,0.267264,46.1921,108.691,23.1887,0.0718272,85.4302,178.346,0,0,0
1000,1,1,111,1,1,1,4340.17,18663.7,523.606,46.3844,0.482746,430.342,11020.1,126.667,23.1957,0.267264,103.204,124.64,23.1887,0.0718272,101.379,251.307,0,0,0
1000,1,1,112,1,1,1,4322.95,18639,432.35,46.3844,0.517824,338.786,12617.8,72.7709,23.1957,0.302342,49.2728,122.505,23.1887,0.0718272,99.2441,195.276,0,0,0
1000,1,1,113,1,1,1,4349.25,18688.5,447.782,46.3844,0.517824,354.262,12393,76.2768,23.1957,0.267264,52.8139,125.888,23.1887,0.106906,102.592,202.164,0,0,0
1000,1,1,114,1,1,1,4343.87,18682.1,530.694,46.3844,0.50112,437.433,10912.2,120.193,23.1957,0.267264,96.7301,133.585,23.1887,0.0902016,110.306,253.778,0,0,0
1000,1,1,115,0,0,0,-1,-1,1228.35,23.206,0.551232,1159.6,274082,-1,-1,-1,-1,-1,-1,-1,-1,-1,0,0,0
1000,1,1,116,1,1,1,4317.53,18643,481.716,46.3844,0.678182,388.135,11743.9,128.393,23.1957,0.462701,104.734,80.5539,23.1887,0.0718272,57.2934,208.947,0,0,0
1000,1,1,117,1,1,1,4315.66,18667.1,336.824,46.3844,0.517824,242.982,14344.6,106.824,23.1957,0.302342,83.3258,55.0845,23.1887,0.0718272,31.824,161.908,0,0,0
1000,1,1,118,1,1,1,4341.06,18659,354.939,46.3844,0.6264,261.041,14014.2,69.9943,23.1957,0.267264,46.5314,106.112,23.1887,0.0718272,82.8511,176.106,0,0,0
1000,1,1,119,1,1,1,4326.54,18640.7,478.044,46.3844,0.482746,384.648,11807.3,91.8667,23.1957,0.267264,68.4037,118.41,23.1887,0.0718272,95.1491,210.276,0,0,0
1000,1,1,120,1,0,0,-1,-1,796.509,23.1957,0.462701,726.611,257988,-1,-1,-1,-1,-1,-1,-1,-1,-1,0,0,0
1000,1,1,121,1,1,1,4352.52,18670.3,382.68,46.3844,0.517824,288.972,13532.4,73.6689,23.1957,0.267264,50.2059,119.289,23.1887,0.106906,95.9937,192.958,0,0,0
1000,1,1,122,1,1,1,4348.04,18735.5,512.504,46.3844,0.661478,419.029,11288.7,113.24,23.1957,0.302342,89.7419,128.719,23.1887,0.0718272,105.458,241.958,0,0,0
1000,1,1,123,1,1,2,4415.24,18789.2,545.268,69.5741,1.61194,428.386,11194.7,123.628,23.1957,0.462701,99.9697,147.28,46.3784,0.143654,100.758,270.909,1,0,0
1000,1,1,124,1,1,1,4317.93,18634.5,409.785,46.3844,0.482746,316.19,13014.8,81.7977,23.1957,0.267264,58.3347,119.765,23.1887,0.0718272,96.5045,201.563,0,0,0
1000,1,1,125,1,0,0,-1,-1,901.442,23.1957,0.302342,832.009,260787,-1,-1,-1,-1,-1,-1,-1,-1,-1,0,0,0
1000,1,1,126,1,1,1,4343.53,18659,509.93,46.3844,0.517824,416.591,11258.3,113.1,23.1957,0.267264,89.6372,125.723,23.1887,0.106906,102.428,238.824,0,0,0
1000,1,1,127,1,1,1,4338.64,18701.5,470.315,46.3844,1.06906,376.31,12004.1,131.276,23.1957,0.853574,107.227,79.7038,23.1887,0.0718272,56.4433,210.98,0,0,0
1000,1,1,128,1,1,1,4329.16,18666.2,518.405,46.3844,0.482746,425.126,11115.1,118.973,23.1957,0.267264,95.51,121.267,23.1887,0.0718272,98.0061,240.24,0,0,0
1000,1,1,129,1,1,1,4320.9,18645.6,479.185,46.3844,0.482746,385.792,11791.9,128.692,23.1957,0.267264,105.229,80.4113,23.1887,0.0718272,57.1508,209.103,0,0,0
1000,1,1,130,1,1,1,4341.3,18658,518.67,46.3844,0.536198,425.339,11101.7,119.318,23.1957,0.267264,95.8547,120.022,23.1887,0.12528,96.7084,239.34,0,0,0
1000,1,1,131,1,1,1,4328.26,18644,545.305,46.3844,0.482746,452.104,10614.5,123.305,23.1957,0.267264,99.8415,133.879,23.1887,0.0718272,110.618,257.183,0,0,0
1000,1,1,132,1,1,1,4322.24,18642.9,481.771,46.3844,0.482746,388.386,11743.1,128.127,23.1957,0.267264,104.664,80.5539,23.1887,0.0718272,57.2934,208.681,0,0,0
1000,1,1,133,1,1,1,4331.45,18644.6,428.284,46.3844,0.482746,334.743,12696,75.7697,23.1957,0.267264,52.3067,119.359,23.1887,0.0718272,96.0984,195.129,0,0,0
1000,1,1,134,1,1,1,4316.3,18751,423.546,46.3844,0.482746,329.991,12886.6,134.52,23.1957,0.267264,111.057,76.2982,23.1887,0.0718272,53.0377,210.818,0,0,0
1000,1,1,135,1,1,1,4323.24,18640.6,482.444,46.3844,0.482746,389.061,11728.9,129.04,23.1957,0.267264,105.577,81.0033,23.1887,0.0718272,57.7428,210.043,0,0,0
1000,1,1,136,1,1,1,4359.53,18674,479.649,46.3844,0.6264,386.113,11811.7,91.161,23.1957,0.267264,67.698,118.904,23.1887,0.0718272,95.6436,210.065,0,0,0
1000,1,1,137,1,1,1,4347.2,24705.4,552.095,52.1883,0.96215,452.79,16653.7,291.291,28.9996,0.71159,261.525,74.7486,23.1887,0.106906,51.453,366.04,0,0,0
1000,1,1,138,1,1,1,4325.61,18649.6,462.614,46.3844,0.6264,369.029,12090.2,82.729,23.1957,0.267264,59.266,120.62,23.1887,0.0718272,97.3599,203.349,0,0,0
1000,1,1,139,1,1,1,4318.71,18661.8,401.672,46.3844,0.482746,308.054,13186.4,134.61,23.1957,0.267264,111.147,78.2636,23.1887,0.0718272,55.0031,212.873,0,0,0
1000,1,1,140,1,1,1,4318.47,18678.7,525.442,46.3844,0.873619,431.793,11001.4,122.981,23.1957,0.658138,99.1268,108.992,23.1887,0.0718272,85.7316,231.973,0,0,0
1000,1,1,141,1,1,1,4325.93,18658.9,424.077,46.3844,0.821837,330.185,12784.3,77.4252,23.1957,0.462701,53.7668,116.749,23.1887,0.0718272,93.4886,194.174,0,0,0
1000,1,1,142,1,1,1,4315.98,18644.2,487.832,46.3844,0.482746,394.464,11636.8,129.018,23.1957,0.267264,105.556,83.7773,23.1887,0.0718272,60.5167,212.796,0,0,0
1000,1,1,143,1,1,1,4323.85,18645.2,530.971,46.3844,0.482746,437.729,10870.6,127.522,23.1957,0.267264,104.059,129.995,23.1887,0.0718272,106.734,257.517,0,0,0
1000,1,1,144,1,1,2,10333.5,24677.7,700.677,69.5741,0.519494,585.338,14284.9,126.865,23.1957,0.267264,103.402,303.527,46.3784,0.108576,257.04,430.392,1,0,0
1000,1,1,145,1,1,1,4320.46,18657.5,539.955,46.3844,0.517824,446.704,10722.9,119.749,23.1957,0.267264,96.2861,126.913,23.1887,0.106906,103.617,246.662,0,0,0
1000,1,1,146,1,1,1,4335.19,24740.1,547.305,52.1883,0.641434,448.307,16774,291.334,28.9996,0.320717,261.95,71.9492,23.1887,0.177062,48.5834,363.283,0,0,0
1000,1,1,147,1,1,1,4315.34,18635.1,484.884,46.3844,0.482746,391.508,11680,127.625,23.1957,0.267264,104.162,82.1186,23.1887,0.0718272,58.8581,209.744,0,0,0
1000,1,1,148,1,1,1,4318.54,24635,396.874,52.1883,0.766714,297.314,19343.8,212.976,28.9996,0.551232,183.149,33.4775,23.1887,0.0718272,10.217,246.454,0,0,0
1000,1,1,149,1,1,1,4317.22,18635,393.639,46.3844,0.482746,299.997,13302.5,77.2424,23.1957,0.267264,53.7794,119.991,23.1887,0.0718272,96.7301,197.233,0,0,0
1000,1,1,150,1,1,1,4334.37,18647.2,447.225,46.3844,0.482746,353.739,12361.8,75.8563,23.1957,0.267264,52.3933,126.365,23.1887,0.0718272,103.105,202.221,0,0,0
1000,1,1,151,1,1,1,4320.3,18696.9,521.576,46.3844,0.908698,427.88,11088.2,122.907,23.1957,0.693216,99.0185,120.897,23.1887,0.0718272,97.6361,243.804,0,0,0
1000,1,1,152,1,1,1,4353.48,18728,531.158,46.3844,0.6264,437.772,10949.7,121.548,23.1957,0.267264,98.0855,132.038,23.1887,0.0718272,108.777,253.586,0,0,0
1000,1,1,153,1,1,1,4430.92,30763,828.308,57.9922,1.0891,724.035,17899.3,408.856,34.8035,0.729965,372.789,136.304,23.1887,0.0718272,113.044,545.16,0,0,0
1000,1,1,154,1,1,1,4316.62,18650.3,369.717,46.3844,0.482746,276.006,13743.1,123.828,23.1957,0.267264,100.365,68.5574,23.1887,0.0718272,45.2969,192.385,0,0,0
1000,1,1,155,1,1,1,4332.46,18660.2,527.463,46.3844,0.517824,434.175,10947.8,125.837,23.1957,0.302342,102.339,127.356,23.1887,0.0718272,104.095,253.193,0,0,0
1000,1,1,156,1,1,1,4336.43,18652.8,530.197,46.3844,0.482746,436.953,10892,121.299,23.1957,0.267264,97.8364,129.251,23.1887,0.0718272,105.99,250.55,0,0,0
1000,1,1,157,1,1,1,4400.71,18716,489.9,46.3844,0.517824,396.504,11671.5,94.6912,23.1957,0.267264,71.2282,121.607,23.1887,0.106906,98.3111,216.298,0,0,0
1000,1,1,158,1,1,1,4323.75,18664,518.625,46.3844,0.6264,425.204,11108.6,119.518,23.1957,0.267264,96.0551,121.216,23.1887,0.0718272,97.9555,240.734,0,0,0
1000,1,1,159,1,1,1,4340.48,18672.5,467.682,46.3844,0.661478,374.077,12022.7,87.4728,23.1957,0.302342,63.9747,115.399,23.1887,0.0718272,92.1386,202.872,0,0,0
1000,1,1,160,1,1,1,4319.82,18648.6,450.346,46.3844,0.517824,356.834,12307.4,132.347,23.1957,0.302342,108.849,76.9605,23.1887,0.0718272,53.7,209.308,0,0,0
1000,1,1,161,1,1,1,4317.51,18650.5,534.592,46.3844,0.482746,441.36,10811.5,121.113,23.1957,0.267264,97.6505,118.404,23.1887,0.0718272,95.1436,239.518,0,0,0
1000,1,1,162,1,1,1,4371.98,18694.6,510.065,46.3844,0.821837,416.423,11290.9,112.395,23.1957,0.462701,88.7366,126.224,23.1887,0.0718272,102.964,238.619,0,0,0
1000,1,1,163,1,1,1,4315.66,18710,327.267,46.3844,0.482746,233.433,14557.7,100.403,23.1957,0.267264,76.9404,51.7926,23.1887,0.0718272,28.5321,152.196,0,0,0
1000,1,1,164,1,1,1,4370.05,18761.3,509.835,46.3844,0.482746,416.532,11362.6,124.277,23.1957,0.267264,100.814,85.8546,23.1887,0.0718272,62.5941,210.132,0,0,0
1000,1,1,165,1,1,1,4331.21,18651.5,518.543,46.3844,0.482746,425.265,11098,123.613,23.1957,0.267264,100.15,120.835,23.1887,0.0718272,97.5747,244.448,0,0,0
1000,1,1,166,1,1,1,4352.55,18677.8,453.48,46.3844,0.50112,359.994,12280.9,77.2478,23.1957,0.267264,53.7848,128.91,23.1887,0.0902016,105.631,206.158,0,0,0
1000,1,1,167,1,1,1,4358.75,18695.7,519.094,46.3844,0.482746,425.817,11132.3,122.525,23.1957,0.267264,99.0619,97.8565,23.1887,0.0718272,74.596,220.381,0,0,0
1000,1,1,168,1,1,1,4319.85,18637.8,378.755,46.3844,0.482746,285.07,13569.9,73.3206,23.1957,0.267264,49.8576,118.632,23.1887,0.0718272,95.371,191.952,0,0,0
1000,1,1,169,1,1,1,4320.52,18633.7,503.792,46.3844,0.482746,410.471,11342.4,121.812,23.1957,0.267264,98.349,82.938,23.1887,0.0718272,59.6775,204.75,0,0,0
1000,1,1,170,1,1,1,4321.36,24654.7,452.124,52.1883,0.731635,352.759,18381.3,240.864,28.9996,0.516154,211.151,41.7236,23.1887,0.0718272,18.4631,282.588,0,0,0
1000,1,1,171,1,1,1,4357.29,18678.4,495.676,46.3844,0.913709,401.9,11530.2,96.1603,23.1957,0.267264,72.6973,122.145,23.1887,0.0718272,98.885,218.306,0,0,0
1000,1,1,172,1,1,1,4324.02,18636.6,384.072,46.3844,0.482746,290.403,13474.2,74.7969,23.1957,0.267264,51.3339,118.355,23.1887,0.0718272,95.0949,193.152,0,0,0
1000,1,1,173,1,1,1,4334.98,18651.4,372.121,46.3844,0.517824,278.381,13701.2,73.2502,23.1957,0.267264,49.7872,112.913,23.1887,0.106906,89.6173,186.163,0,0,0
1000,1,1,174,1,1,1,4333.06,18652,480.627,46.3844,0.482746,387.238,11772.6,91.3631,23.1957,0.267264,67.9002,118.909,23.1887,0.0718272,95.649,210.273,0,0,0
1000,1,1,175,1,1,1,4317.26,18660.3,414.921,46.3844,0.482746,321.341,12949.4,135.112,23.1957,0.267264,111.649,79.3068,23.1887,0.0718272,56.0463,214.418,0,0,0
1000,1,1,176,1,1,1,4329.4,18726.6,352.243,46.3844,0.908698,258.056,14128.9,115.274,23.1957,0.658138,91.4203,60.7235,23.1887,0.106906,37.4279,175.998,0,0,0
1000,1,1,177,1,1,1,4328.62,18658.8,543.519,46.3844,0.6264,450.169,10660.7,127.289,23.1957,0.267264,103.827,133.045,23.1887,0.0718272,109.784,260.334,0,0,0
1000,1,1,178,1,1,1,4328.74,18678.4,537.784,46.3844,0.482746,444.562,10782.7,119.807,23.1957,0.267264,96.3438,123.035,23.1887,0.0718272,99.7748,242.842,0,0,0
1000,1,1,179,1,1,1,4317.58,18659.5,367.058,46.3844,0.482746,273.339,13799.6,122.584,23.1957,0.267264,99.1214,67.3229,23.1887,0.0718272,44.0624,189.907,0,0,0
1000,1,1,180,1,1,1,4336.74,18650.6,398.994,46.3844,0.6264,305.224,13222.4,78.3614,23.1957,0.267264,54.8984,119.77,23.1887,0.0718272,96.5099,198.132,0,0,0
1000,1,1,181,1,1,1,4326.84,18648.6,456.314,46.3844,0.482746,362.855,12201.6,133.077,23.1957,0.267264,109.615,75.5564,23.1887,0.0718272,52.2959,208.634,0,0,0
1000,1,1,182,1,1,1,4315.63,18644.2,314.412,46.3844,0.50112,220.521,14720.3,90.3416,23.1957,0.267264,66.8787,46.3442,23.1887,0.0902016,23.0653,136.686,0,0,0
1000,1,1,183,1,1,1,4332.76,18646.9,510.075,46.3844,0.517824,416.737,11243.7,110.406,23.1957,0.267264,86.9426,130.546,23.1887,0.106906,107.25,240.951,0,0,0
1000,1,1,184,1,1,1,4358.94,18703.6,538.261,46.3844,0.6264,444.896,10799,119.789,23.1957,0.267264,96.3258,123.349,23.1887,0.0718272,100.089,243.138,0,0,0
1000,1,1,185,1,1,1,4316.23,18749.5,517.963,46.3844,0.873619,424.292,11205.3,124.024,23.1957,0.658138,100.17,92.5035,23.1887,0.0718272,69.243,216.527,0,0,0
1000,1,1,186,1,1,1,4315.66,18631.7,516.891,46.3844,0.482746,423.608,11107.5,121.655,23.1957,0.267264,98.1919,123.041,23.1887,0.0718272,99.7802,244.696,0,0,0
1000,1,1,187,1,0,0,-1,-1,765.315,23.1957,0.372499,695.417,257174,-1,-1,-1,-1,-1,-1,-1,-1,-1,0,0,0
1000,1,1,188,1,1,1,4347.39,18661.9,531.207,46.3844,0.482746,437.965,10883.1,118.778,23.1957,0.267264,95.3151,133.184,23.1887,0.0718272,109.923,251.962,0,0,0
1000,1,1,189,1,0,0,-1,-1,796.14,23.1957,0.267264,726.436,257976,-1,-1,-1,-1,-1,-1,-1,-1,-1,0,0,0
1000,1,1,190,1,1,1,4319.94,18645.3,371.956,46.3844,0.482746,278.251,13698.3,73.3043,23.1957,0.267264,49.8414,112.161,23.1887,0.0718272,88.9008,185.466,0,0,0
1000,1,1,191,1,1,1,4383.47,18720,512.39,46.3844,0.517824,419.058,11275.6,117.858,23.1957,0.267264,94.3946,117.427,23.1887,0.106906,94.1311,235.284,0,0,0
1000,1,1,192,1,1,1,4316.62,18654,482.876,46.3844,0.482746,389.494,11734.7,129.213,23.1957,0.267264,105.75,80.9654,23.1887,0.0718272,57.7049,210.179,0,0,0
1000,1,1,193,1,1,1,4325.77,24646.6,546.787,52.1883,0.731635,447.697,16689.9,167.677,28.9996,0.481075,137.787,121.181,23.1887,0.106906,97.8851,288.857,0,0,0
1000,1,1,194,1,1,1,4348.58,18665.3,395.832,46.3844,0.6264,302.053,13293.4,77.0854,23.1957,0.267264,53.6224,119.285,23.1887,0.0718272,96.0244,196.37,0,0,0
1000,1,1,195,1,1,1,4357.67,18687.3,530.73,46.3844,0.482746,437.487,10917,122.24,23.1957,0.267264,98.7767,130.855,23.1887,0.0718272,107.595,253.095,0,0,0
1000,1,1,196,1,1,1,4338.44,18661.2,417.037,46.3844,0.482746,323.463,12912.6,78.753,23.1957,0.267264,55.29,118.355,23.1887,0.0718272,95.0949,197.108,0,0,0
1000,1,1,197,1,1,1,4328.52,18683.3,488.186,46.3844,0.482746,394.82,11669.6,129.078,23.1957,0.267264,105.615,83.8296,23.1887,0.0718272,60.5691,212.908,0,0,0
1000,1,1,198,1,1,1,4315.34,30710.9,716.094,57.9922,1.24612,611.338,19841.8,427.665,34.8035,1.03064,391.342,76.531,23.1887,0.0718272,53.2705,504.196,0,0,0
1000,1,1,199,1,1,1,4316.94,18677.3,355.44,46.3844,0.517824,261.653,14023.7,115.985,23.1957,0.302342,92.487,64.2674,23.1887,0.0718272,41.0069,180.252,0,0,0
1000,1,1,200,1,1,1,4317.9,18646.8,457.299,46.3844,0.482746,363.842,12182.3,132.83,23.1957,0.267264,109.367,75.8614,23.1887,0.0718272,52.6009,208.692,0,0,0
1000,1,1,201,1,1,1,4369.08,18697.9,415.434,46.3844,0.678182,321.66,12977.3,82.2765,23.1957,0.462701,58.6181,121.698,23.1887,0.0718272,98.4374,203.974,0,0,0
1000,1,1,202,1,1,1,4337.26,18742,548.078,46.3844,0.748339,454.62,10662.3,126.701,23.1957,0.497779,103.007,133.48,23.1887,0.106906,110.185,260.181,0,0,0
1000,1,1,203,1,1,1,4403.73,18761.4,513.787,46.3844,0.661478,420.316,11291.7,118.475,23.1957,0.267264,95.0119,117.678,23.1887,0.106906,94.382,236.152,0,0,0
1000,1,1,204,1,1,1,4317.75,18637.5,418.316,46.3844,0.482746,324.747,12866.2,81.5541,23.1957,0.267264,58.0911,119.449,23.1887,0.0718272,96.1886,201.003,0,0,0
1000,1,1,205,1,1,1,4322.76,18649.9,368.639,46.3844,0.482746,274.925,13761.9,123.317,23.1957,0.267264,99.8542,68.3209,23.1887,0.0718272,45.0604,191.638,0,0,0
1000,1,1,206,1,1,1,4335.46,18663.8,514.093,46.3952,0.571277,420.702,11188.8,119.386,23.2065,0.320717,95.8583,123.393,23.1887,0.106906,100.098,242.779,0,0,0
1000,1,1,207,1,1,2,10358.8,24693.5,697.211,69.5741,0.698227,581.683,14361.6,119.26,23.1957,0.267264,95.797,300.755,46.3784,0.143654,254.233,420.015,1,0,0
1000,1,1,208,1,1,1,4332.03,18651.7,499.805,46.3844,0.517824,406.437,11431.1,125.991,23.1957,0.302342,102.493,83.0752,23.1887,0.0718272,59.8147,209.066,0,0,0
1000,1,1,209,1,1,1,4327.94,18685.8,461.22,46.3844,0.482746,367.775,12151.5,137.216,23.1957,0.267264,113.753,76.8035,23.1887,0.0718272,53.543,214.019,0,0,0
1000,1,1,210,1,1,1,4319.6,18657.7,545.193,46.3844,0.482746,451.992,10630.2,130.02,23.1957,0.267264,106.557,133.9,23.1887,0.0718272,110.64,263.92,0,0,0
1000,1,1,211,1,1,1,4317.26,18636.7,375.186,46.3844,0.482746,281.491,13632.3,74.3204,23.1957,0.267264,50.8575,115.017,23.1887,0.0718272,91.756,189.337,0,0,0
1000,1,1,212,1,1,1,4327.88,18700.9,532.762,46.3844,0.482746,439.525,10894.5,120.15,23.1957,0.267264,96.6867,136.187,23.1887,0.0718272,112.926,256.337,0,0,0
1000,1,1,213,1,1,1,4324.14,18640.5,419.301,46.3844,0.482746,325.734,12851.7,78.0546,23.1957,0.267264,54.5916,117.218,23.1887,0.0718272,93.9579,195.273,0,0,0
1000,1,1,214,1,1,1,4315.98,18631.5,502.155,46.3844,0.482746,408.829,11369.3,124.014,23.1957,0.267264,100.551,83.6437,23.1887,0.0718272,60.3832,207.657,0,0,0
1000,1,1,215,1,1,1,4347.43,18666.8,521.965,46.3844,0.517824,428.662,11052.1,119.921,23.1957,0.267264,96.4575,122.164,23.1887,0.106906,98.8687,242.085,0,0,0
1000,1,1,216,1,1,1,4322.79,18643.4,519.486,46.3844,0.6264,426.066,11072.6,123.938,23.1957,0.267264,100.475,120.877,23.1887,0.0718272,97.6162,244.815,0,0,0
1000,1,1,217,1,1,1,4315.98,18635.2,513.051,46.3844,0.482746,419.757,11179.3,119.15,23.1957,0.267264,95.6869,123.147,23.1887,0.0718272,99.8867,242.297,0,0,0
1000,1,1,218,1,1,1,4346.16,24712.2,673.584,52.1883,0.731635,574.863,14500.8,262.738,28.9996,0.516154,233.083,134.608,23.1887,0.0718272,111.347,397.346,0,0,0
1000,1,1,219,1,1,1,4339.29,18678.6,530.824,46.3844,0.678182,437.386,10906.2,119.116,23.1957,0.462701,95.4577,134.911,23.1887,0.0718272,111.65,254.027,0,0,0
1000,1,1,220,1,1,1,4323.18,18653.2,375.784,46.3844,0.482746,282.09,13638.2,73.6256,23.1957,0.267264,50.1626,116.839,23.1887,0.0718272,93.5789,190.465,0,0,0
1000,1,1,221,1,1,1,4318.98,18677.2,545.375,46.3844,0.482746,452.175,10646.5,130.65,23.1957,0.267264,107.187,133.981,23.1887,0.0718272,110.721,264.631,0,0,0
1000,1,1,222,1,1,1,4317.26,18723.4,405.206,46.3844,0.517824,311.563,13184.9,136.123,23.1957,0.302342,112.625,78.7852,23.1887,0.0718272,55.5247,214.908,0,0,0
1000,1,1,223,1,1,1,4326.79,18701.7,477.384,46.3844,0.678182,383.791,11879.5,132.271,23.1957,0.462701,108.613,80.9798,23.1887,0.0718272,57.7193,213.251,0,0,0
1000,1,1,224,1,1,1,4320.48,18667.5,340.798,46.3844,0.482746,247.003,14274.6,108.245,23.1957,0.267264,84.7823,56.5555,23.1887,0.0718272,33.295,164.801,0,0,0
1000,1,1,225,1,1,1,4343.78,18670.6,493.755,46.3844,0.6264,400.261,11557.4,97.485,23.1957,0.267264,74.0221,121.72,23.1887,0.0718272,98.4591,219.205,0,0,0
1000,1,1,226,1,1,1,4316.62,18656.5,454.837,46.3844,0.482746,361.373,12235.8,133.819,23.1957,0.267264,110.356,76.8342,23.1887,0.0718272,53.5737,210.653,0,0,0
1000,1,1,227,1,1,1,4317.58,18645.2,482.109,46.3844,0.482746,388.725,11739.5,128.291,23.1957,0.267264,104.828,81.2018,23.1887,0.0718272,57.9413,209.493,0,0,0
1000,1,1,228,1,1,2,10321.6,24637,559.415,69.5741,0.554573,443.631,16755.8,79.7529,23.1957,0.267264,56.2899,280.081,46.3784,0.143654,233.559,359.834,1,0,0
1000,1,1,229,1,1,1,4362.49,18730.6,464.932,46.3844,0.714931,371.265,12129.2,135.778,23.1957,0.302342,112.28,78.7358,23.1887,0.12528,55.4218,214.514,0,0,0
1000,1,1,230,1,1,1,4328.49,18647.2,513.54,46.3844,0.6264,420.103,11182.2,120.429,23.1957,0.267264,96.9665,120.94,23.1887,0.0718272,97.6794,241.369,0,0,0
1000,1,1,231,1,1,1,4336.35,18657.9,475.265,46.3952,0.571277,381.762,11873.4,91.6775,23.2065,0.285638,68.1853,117.899,23.1887,0.141984,94.5679,209.576,0,0,0
1000,1,1,232,1,1,1,4314.7,18710.9,407.528,46.3844,0.482746,313.927,13131.4,135.332,23.1957,0.267264,111.869,77.8683,23.1887,0.0718272,54.6078,213.2,0,0,0
1000,1,1,233,1,1,1,4333.26,18676.7,402.267,46.3844,0.517824,308.615,13190.5,134.364,23.1957,0.267264,110.901,78.3185,23.1887,0.106906,55.0229,212.683,0,0,0
1000,1,1,234,1,1,1,4316.42,18636,465.752,46.3844,0.517824,372.285,12021,130.234,23.1957,0.302342,106.736,77.6211,23.1887,0.0718272,54.3606,207.855,0,0,0
1000,1,1,235,1,1,1,4332.74,18658.4,479.289,46.3844,0.482746,385.897,11802.8,92.5092,23.1957,0.267264,69.0462,119.103,23.1887,0.0718272,95.8421,211.612,0,0,0
1000,1,1,236,1,1,1,4328.77,18667.9,446.768,46.3844,0.517824,353.246,12390.4,131.434,23.1957,0.302342,107.936,79.1497,23.1887,0.0718272,55.8892,210.584,0,0,0
1000,1,1,237,1,1,1,4319.95,18635.7,429.996,46.3844,0.482746,336.46,12656.7,134.855,23.1957,0.267264,111.392,76.0166,23.1887,0.0718272,52.7561,210.872,0,0,0
1000,1,1,238,1,1,1,4337.2,18655.3,403.963,46.3844,0.482746,310.352,13139.1,79.1158,23.1957,0.267264,55.6528,122.741,23.1887,0.0718272,99.4806,201.857,0,0,0
1000,1,1,239,1,1,2,10347.1,24664,699.763,69.5741,0.519494,584.421,14287.4,123.236,23.1957,0.267264,99.773,302.971,46.3784,0.108576,256.484,426.207,1,0,0
1000,1,1,240,1,1,1,4327.53,18721.1,423.741,46.3844,0.6264,330.044,12852.9,135.731,23.1957,0.267264,112.268,77.6427,23.1887,0.0718272,54.3822,213.373,0,0,0
1000,1,1,241,1,1,1,4319.62,18648.8,400.916,46.3844,0.482746,307.296,13186.8,134.256,23.1957,0.267264,110.793,77.9748,23.1887,0.0718272,54.7143,212.231,0,0,0
1000,1,1,242,1,1,1,4345.69,18712.9,546.03,46.3952,0.696557,452.608,10670,130.167,23.2065,0.481075,106.48,134.942,23.1887,0.0718272,111.681,265.109,0,0,0
1000,1,1,243,1,1,1,4326.1,18675.6,528.491,46.3844,0.552902,435.172,10944.6,123.125,23.1957,0.302342,99.6268,128.046,23.1887,0.106906,104.751,251.171,0,0,0
1000,1,1,244,1,1,1,4329.67,18659.2,424.103,46.3844,0.587981,330.444,12784.2,134.576,23.1957,0.372499,111.008,75.116,23.1887,0.0718272,51.8555,209.692,0,0,0
1000,1,1,245,1,1,1,4355.47,18673.9,546.243,46.3844,0.517824,453.01,10627.5,123.416,23.1957,0.267264,99.9534,134.639,23.1887,0.106906,111.344,258.056,0,0,0
1000,1,1,246,1,1,1,4315.98,18636.2,462.104,46.3844,0.482746,368.661,12086.3,81.5234,23.1957,0.267264,58.0604,121.561,23.1887,0.0718272,98.3002,203.084,0,0,0
1000,1,1,247,1,1,1,4328.33,18654.4,502.934,46.3844,0.770054,409.323,11377.6,104.172,23.1957,0.267264,80.7089,123.571,23.1887,0.0718272,100.311,227.743,0,0,0
1000,1,1,248,1,1,1,4317.9,18652.1,510.785,46.3844,0.482746,417.485,11236.5,114.51,23.1957,0.267264,91.0467,123.95,23.1887,0.0718272,100.69,238.46,0,0,0
1000,1,1,249,1,1,1,4319.18,18693.5,406.088,46.3844,0.482746,312.483,13139.6,134.657,23.1957,0.267264,111.194,77.4568,23.1887,0.0718272,54.1963,212.114,0,0,0
1000,1,1,250,1,1,1,4319.5,18633,488.737,46.3844,0.482746,395.372,11609.4,129.874,23.1957,0.267264,106.411,83.6148,23.1887,0.0718272,60.3543,213.489,0,0,0
1000,1,1,251,1,1,2,10388.2,30709.6,712.518,75.3781,0.75168,591.337,20205.2,169.015,28.9996,0.355795,139.255,280.123,46.3784,0.25223,233.492,449.138,1,0,0
1000,1,1,252,1,1,1,4329.23,18669.3,520.804,46.3844,0.517824,427.498,11075.2,121.343,23.1957,0.302342,97.8454,121.03,23.1887,0.0718272,97.7696,242.374,0,0,0
1000,1,1,253,1,1,1,4318.54,18637.9,517.53,46.3844,0.482746,424.249,11102.3,119.561,23.1957,0.267264,96.0984,119.229,23.1887,0.0718272,95.9684,238.79,0,0,0
1000,1,1,254,1,1,2,10330.5,30657.4,810.332,75.3781,0.768384,689.419,18413.8,267.871,28.9996,0.516154,238.237,260.184,46.3784,0.108576,213.697,528.056,1,0,0
1000,1,1,255,1,1,1,4356.56,18674.6,518.957,46.3844,0.482746,425.68,11113.7,118.217,23.1957,0.267264,94.7538,122.723,23.1887,0.0718272,99.4625,240.94,0,0,0
1000,1,1,256,1,1,1,4324.35,18640.7,531.572,46.3844,0.482746,438.332,10855.5,118.556,23.1957,0.267264,95.0931,136.449,23.1887,0.0718272,113.188,255.005,0,0,0
1000,1,1,257,1,1,1,4337.96,18665.8,531.747,46.3844,0.661478,438.328,10876.7,127.952,23.1957,0.267264,104.489,130.075,23.1887,0.106906,106.779,258.027,0,0,0
1000,1,1,258,1,1,1,4353.62,18691.3,529.223,46.3844,0.713261,435.745,10947.1,125.653,23.1957,0.462701,101.995,129.595,23.1887,0.106906,106.299,255.248,0,0,0
1000,1,1,259,1,1,1,4322.12,18667.2,446.82,46.3844,0.552902,353.263,12388.5,131.854,23.1957,0.337421,108.32,78.7816,23.1887,0.0718272,55.5211,210.635,0,0,0
1000,1,1,260,1,1,1,4323.25,18674.5,531.121,46.3844,0.678182,437.684,10896.8,119.863,23.1957,0.462701,96.2049,133.924,23.1887,0.0718272,110.663,253.787,0,0,0
1000,1,1,261,1,1,1,4329.48,18730.2,464.961,46.3844,0.552902,371.457,12128.9,136.987,23.1957,0.302342,113.489,78.2716,23.1887,0.106906,54.976,215.259,0,0,0
1000,1,1,262,1,1,1,4343.1,18660.8,404.939,46.3844,0.517824,311.296,13127,81.4205,23.1957,0.267264,57.9575,120.85,23.1887,0.106906,97.5549,202.271,0,0,0
1000,1,1,263,1,1,1,4335.95,18718.4,348.92,46.3844,0.587981,255.044,14180.4,111.74,23.1957,0.372499,88.1717,59.4955,23.1887,0.0718272,36.235,171.235,0,0,0
1000,1,1,264,1,1,2,10328.5,24675.5,699.925,69.5741,0.519494,584.584,14296,126.245,23.1957,0.267264,102.782,303.191,46.3784,0.108576,256.704,429.435,1,0,0
1000,1,1,265,1,1,1,4322.33,18676.6,317.701,46.3844,0.482746,223.839,14694.4,92.7835,23.1957,0.267264,69.3206,47.6975,23.1887,0.0718272,24.437,140.481,0,0,0
1000,1,1,266,1,1,1,4319.11,18673.5,527.939,46.3844,0.482746,434.688,10952.8,126.293,23.1957,0.267264,102.83,127.881,23.1887,0.0718272,104.621,254.174,0,0,0
1000,1,1,267,1,1,1,4321.51,18640.6,441.941,46.3844,0.482746,348.44,12449.1,75.3979,23.1957,0.267264,51.9349,125.616,23.1887,0.0718272,102.356,201.014,0,0,0
1000,1,1,268,1,1,1,4322.89,24706.3,483.693,52.1883,1.67374,383.478,17869.4,257.351,28.9996,1.45826,226.735,50.2838,23.1887,0.0718272,27.0233,307.635,0,0,0
1000,1,1,269,1,1,1,4349.76,18706.7,526.335,46.3844,0.552902,433.009,11014.1,126.414,23.1957,0.337421,102.881,128.1,23.1887,0.0718272,104.839,254.513,0,0,0
1000,1,1,270,1,1,1,4354.41,18686.1,498.658,46.3844,0.482746,405.322,11486.1,99.7013,23.1957,0.267264,76.2384,122.447,23.1887,0.0718272,99.1864,222.148,0,0,0
1000,1,1,271,1,0,0,-1,-1,1119.05,23.1957,0.302342,1050.25,267563,-1,-1,-1,-1,-1,-1,-1,-1,-1,0,0,0
1000,1,1,272,1,1,1,4339.95,18675.3,369.303,46.3844,0.482746,275.591,13775.5,75.2102,23.1957,0.267264,51.7472,111.32,23.1887,0.0718272,88.0598,186.53,0,0,0
1000,1,1,273,1,1,1,4317.3,18674.4,322.623,46.3844,1.10413,228.154,14603,95.6699,23.1957,0.888653,71.5856,50.1665,23.1887,0.0718272,26.906,145.836,0,0,0
1000,1,1,274,1,1,1,4323.08,18684.4,461.313,46.3844,0.517824,367.833,12148.3,137.464,23.1957,0.302342,113.966,76.3523,23.1887,0.0718272,53.0918,213.816,0,0,0
1000,1,1,275,1,1,1,4358.18,18702.2,509.176,46.3844,0.536198,415.817,11314.8,110.332,23.1957,0.267264,86.8686,130.492,23.1887,0.12528,107.178,240.824,0,0,0
1000,1,1,276,1,1,1,4319.56,18648.7,414.023,46.3844,0.482746,320.44,12953.7,82.6604,23.1957,0.267264,59.1974,120.33,23.1887,0.0718272,97.0694,202.99,0,0,0
1000,1,1,277,1,1,1,4320.22,18675.2,484.049,46.3844,0.482746,390.671,11735,129.906,23.1957,0.267264,106.443,81.5934,23.1887,0.0718272,58.3329,211.5,0,0,0
1000,1,1,278,1,1,1,4321.7,18682.8,501.455,46.3844,0.678182,407.932,11432.6,104.376,23.1957,0.462701,80.7179,121.992,23.1887,0.0718272,98.7316,226.368,0,0,0
1000,1,1,279,1,1,1,4333.23,18645.9,478.122,46.3844,0.482746,384.726,11811.1,91.2982,23.1957,0.267264,67.8352,118.886,23.1887,0.0718272,95.6255,210.184,0,0,0
1000,1,1,280,1,1,1,4316.62,18631.6,510.273,46.3844,0.482746,416.97,11225,122.796,23.1957,0.267264,99.3326,86.858,23.1887,0.0718272,63.5975,209.654,0,0,0
1000,1,1,281,1,1,1,4335.5,18790.5,424.288,46.3844,0.6264,330.592,12912.6,135.259,23.1957,0.267264,111.797,76.8811,23.1887,0.0718272,53.6206,212.141,0,0,0
1000,1,1,282,1,1,1,4372.44,18691.3,447.652,46.3844,0.517824,354.132,12398.1,76.5512,23.1957,0.267264,53.0882,127.868,23.1887,0.106906,104.572,204.419,0,0,0
1000,1,1,283,1,1,1,4350.89,18667,467.889,46.3844,0.482746,374.464,12014.1,88.4033,23.1957,0.267264,64.9403,116.619,23.1887,0.0718272,93.3587,205.022,0,0,0
1000,1,1,284,1,1,1,4323.28,18671.5,403.006,46.3844,0.482746,309.391,13172.4,133.671,23.1957,0.267264,110.208,77.8485,23.1887,0.0718272,54.588,211.52,0,0,0
1000,1,1,285,1,1,1,4318.79,18647.8,486.284,46.3844,0.552902,392.842,11667.4,127.653,23.1957,0.302342,104.155,83.5976,23.1887,0.106906,60.302,211.251,0,0,0
1000,1,1,286,1,1,1,4332.03,18690.3,466.408,46.3952,0.731635,372.718,12063,135.47,23.2065,0.481075,111.782,79.1469,23.1887,0.106906,55.8513,214.617,0,0,0
1000,1,1,287,1,1,2,10350.8,24708.1,641.891,69.5741,0.62473,526.276,15359.9,92.5288,23.1957,0.337421,68.9957,282.714,46.3784,0.143654,236.192,375.243,1,0,0
1000,1,1,288,1,1,1,4319.18,18651.5,327.669,46.3844,0.482746,233.835,14492,100.481,23.1957,0.267264,77.018,52.3792,23.1887,0.0718272,29.1186,152.86,0,0,0
1000,1,1,289,1,1,1,4318.54,18632.7,456.143,46.3844,0.482746,362.684,12188.7,76.7262,23.1957,0.267264,53.2633,124.32,23.1887,0.0718272,101.06,201.047,0,0,0
1000,1,1,290,1,1,1,4315.34,18632,499.808,46.3844,0.482746,406.475,11411.5,125.84,23.1957,0.267264,102.377,82.9579,23.1887,0.0718272,59.6974,208.798,0,0,0
1000,1,1,291,1,1,1,4318.86,18667.5,346.069,46.3844,0.482746,252.289,14180.9,110.568,23.1957,0.267264,87.1051,57.6762,23.1887,0.0718272,34.4157,168.244,0,0,0
1000,1,1,292,1,1,1,4317.26,30682,683.996,57.9922,1.2812,579.112,20383.4,430.227,34.8035,1.06572,393.881,70.4308,23.1887,0.0718272,47.1703,500.658,0,0,0
1000,1,1,293,1,1,1,4330.82,18725.7,544.262,46.3844,0.943776,450.597,10713.4,121.246,23.1957,0.728294,97.322,132.806,23.1887,0.0718272,109.546,254.052,0,0,0
1000,1,1,294,1,1,1,4334.86,18658.4,462.055,46.3844,0.482746,368.612,12109.3,136.178,23.1957,0.267264,112.715,77.816,23.1887,0.0718272,54.5555,213.994,0,0,0
1000,1,1,295,1,1,1,4345.14,18663,513.48,46.3844,0.517824,420.152,11199.2,119.935,23.1957,0.267264,96.472,120.69,23.1887,0.106906,97.3942,240.625,0,0,0
1000,1,1,296,1,1,1,4316.94,18633.3,441.086,46.3844,0.482746,347.583,12457.1,75.0478,23.1957,0.267264,51.5848,125.223,23.1887,0.0718272,101.962,200.27,0,0,0
1000,1,1,297,1,1,1,4330.98,18644.2,478.955,46.3844,0.482746,385.561,11794.6,92.1627,23.1957,0.267264,68.6997,119.063,23.1887,0.0718272,95.8024,211.226,0,0,0
1000,1,1,298,1,1,1,4361.06,18693.5,376.827,46.3844,0.713261,282.906,13659.2,74.1711,23.1957,0.462701,50.5127,117.048,23.1887,0.106906,93.7521,191.219,0,0,0
1000,1,1,299,1,1,1,4317.26,18669.6,464.929,46.3844,0.482746,371.495,12069.4,135.225,23.1957,0.267264,111.762,78.426,23.1887,0.0718272,55.1655,213.651,0,0,0
1000,1,1,300,1,1,1,4325.58,18693.3,403.766,46.3844,0.517824,310.119,13180.4,134.663,23.1957,0.302342,111.165,78.8989,23.1887,0.0718272,55.6384,213.562,0,0,0
1000,1,1,301,1,1,1,4374.9,18736.3,530.405,46.3844,0.517824,437.126,10971.5,123.529,23.1957,0.302342,100.031,129.731,23.1887,0.0718272,106.471,253.26,0,0,0
1000,1,1,302,1,0,0,-1,-1,1068.24,23.1957,0.267264,999.327,265433,-1,-1,-1,-1,-1,-1,-1,-1,-1,0,0,0
1000,1,1,303,1,1,1,4316.84,24658.1,549.949,52.1883,0.679853,450.92,16649.8,289.628,28.9996,0.320717,260.25,73.2878,23.1887,0.0718272,50.0273,362.916,0,0,0
1000,1,1,304,1,1,1,4331.27,18657.8,435.664,46.3844,0.482746,342.145,12578,74.4576,23.1957,0.267264,50.9946,123.801,23.1887,0.0718272,100.54,198.258,0,0,0
1000,1,1,305,1,1,1,4322.26,18640,435.331,46.3844,0.482746,341.811,12566.1,135.463,23.1957,0.267264,112,77.4009,23.1887,0.0718272,54.1404,212.864,0,0,0
1000,1,1,306,1,1,1,4322.44,24637,671.286,52.1883,1.35302,571.938,14464.8,262.742,28.9996,1.10246,232.509,130.813,23.1887,0.106906,107.517,393.555,0,0,0
1000,1,1,307,1,1,2,10352.6,30692,840.57,75.3781,0.912038,719.601,17910.3,265.809,28.9996,0.516154,236.167,302.97,46.3784,0.25223,256.339,568.779,1,0,0
1000,1,1,308,1,1,1,4314.38,24642.3,352.893,52.1883,0.696557,253.275,20133.7,188.794,28.9996,0.481075,158.965,26.0453,23.1887,0.0718272,2.78481,214.839,0,0,0
1000,1,1,309,1,1,1,4317.9,18644.5,510.701,46.3844,0.482746,417.4,11230.4,121.926,23.1957,0.267264,98.4627,87.5872,23.1887,0.0718272,64.3267,209.513,0,0,0
1000,1,1,310,1,1,1,4315.98,18758.5,423.109,46.3844,0.482746,329.553,12901.9,134.545,23.1957,0.267264,111.082,76.0581,23.1887,0.0718272,52.7976,210.603,0,0,0
1000,1,1,311,1,1,1,4343.75,18677.4,504.329,46.3844,0.587981,410.904,11375.8,123.425,23.1957,0.337421,99.8921,84.5306,23.1887,0.106906,61.2351,207.956,0,0,0
1000,1,1,312,1,1,1,4322.18,18673.4,403.066,46.3844,0.517824,309.417,13173,134.851,23.1957,0.302342,111.353,78.0849,23.1887,0.0718272,54.8244,212.936,0,0,0
1000,1,1,313,1,1,1,4356.24,24711.5,672.77,52.1883,0.606355,574.172,14514.6,262.082,28.9996,0.390874,232.552,134.239,23.1887,0.0718272,110.979,396.322,0,0,0
1000,1,1,314,1,1,2,4339.72,18682.8,539.104,69.5741,0.87696,422.939,11161.8,122.439,23.1957,0.302342,98.9409,145.668,46.3784,0.287309,99.0023,268.107,1,0,0
1000,1,1,315,1,1,1,4324.26,18648.1,513.319,46.3844,0.482746,420.026,11187.4,119.404,23.1957,0.267264,95.9414,124.053,23.1887,0.0718272,100.793,243.457,0,0,0
1000,1,1,316,1,1,1,4318.86,24642.7,442.283,52.1883,1.28287,342.338,18543.1,237.804,28.9996,1.06739,207.532,40.7256,23.1887,0.0718272,17.465,278.53,0,0,0
1000,1,1,317,1,1,1,4331.59,18645.1,415.65,46.3844,0.482746,322.072,12921.2,81.5017,23.1957,0.267264,58.0388,119.832,23.1887,0.0718272,96.5712,201.333,0,0,0
1000,1,1,318,1,0,0,-1,-1,698.178,23.1957,0.267264,628.19,255663,-1,-1,-1,-1,-1,-1,-1,-1,-1,0,0,0
1000,1,1,319,1,0,0,-1,-1,1132.34,23.1957,0.302342,1063.58,268277,-1,-1,-1,-1,-1,-1,-1,-1,-1,0,0,0
1000,1,1,320,1,1,1,4320.17,18646.5,514.388,46.3844,0.482746,421.098,11166.8,119.377,23.1957,0.267264,95.9143,121.167,23.1887,0.0718272,97.9068,240.545,0,0,0
1000,1,1,321,1,1,1,4314.38,18638.5,480.141,46.3844,0.482746,386.751,11767.8,128.54,23.1957,0.267264,105.077,80.8427,23.1887,0.0718272,57.5821,209.383,0,0,0
1000,1,1,322,1,1,1,4320.9,18649.9,506.942,46.3844,0.482746,413.629,11302.6,107.195,23.1957,0.267264,83.7319,125.567,23.1887,0.0718272,102.307,232.762,0,0,0
1000,1,1,323,1,1,1,4316.94,18637.4,502.162,46.3844,0.482746,408.836,11375.1,123.922,23.1957,0.267264,100.459,83.7213,23.1887,0.0718272,60.4608,207.643,0,0,0
1000,1,1,324,1,1,1,4320.37,18653.3,504.028,46.3844,0.482746,410.708,11357.8,123.297,23.1957,0.267264,99.8343,84.1436,23.1887,0.0718272,60.8831,207.441,0,0,0
1000,1,1,325,1,1,1,4331.99,18658.2,544.216,46.3844,0.482746,451.012,10648.1,121.018,23.1957,0.267264,97.5549,134.155,23.1887,0.0718272,110.894,255.172,0,0,0
1000,1,1,326,1,1,1,4336.22,18691.2,524.806,46.3844,0.482746,431.546,11026.3,121.832,23.1957,0.267264,98.3688,108.958,23.1887,0.0718272,85.6973,230.79,0,0,0
1000,1,1,327,1,1,1,4329.96,18688,523.451,46.3844,0.482746,430.187,11047.2,126.894,23.1957,0.267264,103.431,124.066,23.1887,0.0718272,100.805,250.96,0,0,0
1000,1,1,328,1,0,0,-1,-1,1088.35,23.1957,0.267264,1019.5,266225,-1,-1,-1,-1,-1,-1,-1,-1,-1,0,0,0
1000,1,1,329,1,1,1,4370.7,18759.3,546.718,46.406,0.554573,453.429,10704.4,129.898,23.2173,0.304013,106.377,135.478,23.1887,0.106906,112.183,265.376,0,0,0
1000,1,1,330,1,1,1,4317.58,18649,478.622,46.3844,0.482746,385.227,11805.3,129.325,23.1957,0.267264,105.862,80.2976,23.1887,0.0718272,57.0371,209.623,0,0,0
1000,1,1,331,1,1,1,4330.95,18701.8,547.403,46.3844,0.661478,454.03,10634.3,125.421,23.1957,0.302342,101.922,133.176,23.1887,0.0718272,109.916,258.597,0,0,0
1000,1,1,332,1,1,1,4323.12,18639.6,417.784,46.3844,0.482746,324.212,12877.7,78.8072,23.1957,0.267264,55.3442,118.011,23.1887,0.0718272,94.7502,196.818,0,0,0
1000,1,1,333,1,1,1,4318.73,18715.7,530.128,46.3844,0.536198,436.83,10955.6,119.418,23.1957,0.302342,95.9197,134.025,23.1887,0.0902016,110.746,253.443,0,0,0
1000,1,1,334,1,1,1,4336.2,18681.7,415.747,46.3844,0.482746,322.169,12956,135.321,23.1957,0.267264,111.858,78.9314,23.1887,0.0718272,55.6709,214.252,0,0,0
1000,1,1,335,1,0,0,-1,-1,1281.37,23.1957,0.302342,1213.04,278057,-1,-1,-1,-1,-1,-1,-1,-1,-1,0,0,0
1000,1,1,336,1,1,2,4385.76,18751.1,562.588,69.5741,0.733306,446.634,10795.5,117.614,23.1957,0.267264,94.151,154.576,46.3784,0.322387,107.875,272.189,1,0,0
1000,1,1,337,1,0,0,-1,-1,801.472,23.1957,0.267264,731.783,258204,-1,-1,-1,-1,-1,-1,-1,-1,-1,0,0,0
1000,1,1,338,1,1,1,4322.82,18671.5,513.778,46.3844,0.482746,420.486,11202.6,120.711,23.1957,0.267264,97.248,91.4152,23.1887,0.0718272,68.1547,212.126,0,0,0
1000,1,1,339,1,1,1,4318.09,24634.2,601.367,52.1883,1.31795,501.85,15705.6,278.861,28.9996,1.10246,248.674,75.3236,23.1887,0.0718272,52.0631,354.184,0,0,0
1000,1,1,340,1,1,1,4324.35,18643.8,450.676,46.3844,0.482746,357.201,12297,77.8596,23.1957,0.267264,54.3967,126.454,23.1887,0.0718272,103.193,204.313,0,0,0
1000,1,1,341,1,1,1,4337.18,18686.1,531.577,46.3844,0.6264,438.193,10900.4,128.719,23.1957,0.267264,105.256,130.258,23.1887,0.0718272,106.998,258.977,0,0,0
1000,1,1,342,1,1,1,4316.62,18631.3,357.394,46.3844,0.482746,263.647,13943.3,71.6565,23.1957,0.267264,48.1936,106.958,23.1887,0.0718272,83.6976,178.615,0,0,0
1000,1,1,343,1,1,1,4332.23,18646.9,492.54,46.3844,0.482746,399.186,11555.7,97.7702,23.1957,0.267264,74.3072,121.725,23.1887,0.0718272,98.4645,219.495,0,0,0
1000,1,1,344,1,1,1,4329.03,18645.6,425.75,46.3844,0.482746,332.202,12742,76.7876,23.1957,0.267264,53.3246,118.435,23.1887,0.0718272,95.1743,195.222,0,0,0
1000,1,1,345,1,1,1,4317.58,18654.6,514.361,46.3844,0.482746,421.071,11175.3,121.317,23.1957,0.267264,97.8545,91.9368,23.1887,0.0718272,68.6762,213.254,0,0,0
1000,1,1,346,1,1,1,4348.18,18691,528.339,46.3844,0.517824,435.054,10962.9,125.633,23.1957,0.267264,102.17,128.891,23.1887,0.106906,105.595,254.524,0,0,0
1000,1,1,347,1,1,1,4329.07,18651,510.957,46.3844,0.517824,417.622,11232.1,121.823,23.1957,0.267264,98.3598,87.4508,23.1887,0.106906,64.1552,209.274,0,0,0
1000,1,1,348,1,1,1,4325.96,18646.2,518.4,46.3844,0.517824,425.086,11094.9,123.445,23.1957,0.267264,99.9823,120.042,23.1887,0.106906,96.7463,243.487,0,0,0
1000,1,1,349,1,1,2,10319.9,24656.7,629.453,69.5849,0.537869,513.879,15530.4,122.137,23.2065,0.285638,98.645,213.953,46.3784,0.108576,167.466,336.09,1,0,0
1000,1,1,350,1,1,1,4314.7,24655.6,371.247,52.1883,1.12251,271.256,19819.4,200.167,28.9996,0.907027,169.944,27.805,23.1887,0.0718272,4.54449,227.972,0,0,0
1000,1,1,351,1,1,1,4326.24,18649.6,521.228,46.3844,0.482746,427.958,11048.3,122.44,23.1957,0.267264,98.977,121.27,23.1887,0.0718272,98.0097,243.71,0,0,0
1000,1,1,352,1,1,1,4346.82,18673.2,437.079,46.3844,0.552902,343.493,12567.7,72.8495,23.1957,0.267264,49.3865,124.445,23.1887,0.141984,101.114,197.294,0,0,0
1000,1,1,353,1,1,1,4330.44,18651.4,408.494,46.3844,0.536198,314.842,13054.3,80.9304,23.1957,0.302342,57.4323,121.424,23.1887,0.0902016,98.145,202.354,0,0,0
1000,1,1,354,1,1,1,4347.18,18702.5,499.419,46.3844,0.873619,405.694,11488.1,100.688,23.1957,0.658138,76.8339,123.488,23.1887,0.0718272,100.228,224.176,0,0,0
1000,1,1,355,1,1,1,4315.66,18633.7,392.291,46.3844,0.482746,298.646,13325.2,130.906,23.1957,0.267264,107.443,73.2264,23.1887,0.0718272,49.9659,204.133,0,0,0
1000,1,1,356,1,1,1,4326.79,18638.4,543.219,46.3844,0.482746,450.012,10646,128.32,23.1957,0.267264,104.857,133.703,23.1887,0.0718272,110.443,262.023,0,0,0
1000,1,1,357,1,1,1,4324.04,18662.9,529.785,46.3844,0.482746,436.54,10909.5,122.117,23.1957,0.267264,98.654,113.86,23.1887,0.0718272,90.5992,235.977,0,0,0
1000,1,1,358,1,1,1,4341.76,18757.8,518.01,46.3844,0.517824,424.695,11213.5,123.024,23.1957,0.302342,99.5257,94.7161,23.1887,0.0718272,71.4556,217.74,0,0,0
1000,1,1,359,1,1,1,4318.54,18641.8,357.169,46.3844,0.482746,263.421,13957.8,117.11,23.1957,0.267264,93.6475,65.0904,23.1887,0.0718272,41.8298,182.201,0,0,0
1000,1,1,360,1,1,1,4326.23,18645.8,539.63,46.3844,0.517824,446.378,10717.1,119.458,23.1957,0.267264,95.9955,126.617,23.1887,0.106906,103.321,246.075,0,0,0
1000,1,1,361,1,1,1,4335.72,18679.5,521.12,46.3844,0.552902,427.779,11079.6,121.108,23.1957,0.337421,97.5747,104.153,23.1887,0.0718272,80.8929,225.261,0,0,0
1000,1,1,362,1,1,1,4343.33,18681.6,513.235,46.3844,0.770054,419.654,11221.6,118.634,23.1957,0.267264,95.1707,123.38,23.1887,0.0718272,100.119,242.014,0,0,0
1000,1,1,363,1,1,1,4328.91,18663.5,507.912,46.3844,0.517824,414.568,11298.7,107.17,23.1957,0.267264,83.7066,126.911,23.1887,0.106906,103.615,234.081,0,0,0
1000,1,1,364,1,1,1,4366.56,18698.5,468.444,46.3844,0.6264,374.877,12035.3,87.7842,23.1957,0.267264,64.3213,116.119,23.1887,0.0718272,92.8588,203.904,0,0,0
1000,1,1,365,1,1,1,4317.58,18747.4,423.039,46.3844,0.482746,329.482,12892.1,134.106,23.1957,0.267264,110.643,76.2043,23.1887,0.0718272,52.9438,210.311,0,0,0
1000,1,1,366,1,1,1,4323.43,18660.2,514.718,46.3844,0.696557,421.215,11173.8,119.023,23.1957,0.337421,95.4902,120.51,23.1887,0.0718272,97.2498,239.534,0,0,0
1000,1,1,367,1,1,1,4363.09,18698,370.189,46.3844,0.482746,276.479,13782.5,75.3835,23.1957,0.267264,51.9205,112.235,23.1887,0.0718272,88.9748,187.619,0,0,0
1000,1,1,368,1,1,1,4318.22,18657.6,405.626,46.3844,0.482746,312.019,13111.9,82.7362,23.1957,0.267264,59.2732,120.635,23.1887,0.0718272,97.3744,203.371,0,0,0
1000,1,1,369,0,0,0,-1,-1,1006.73,23.206,0.516154,937.381,263599,-1,-1,-1,-1,-1,-1,-1,-1,-1,0,0,0
1000,1,1,370,1,1,1,4316.94,18633,447.182,46.3844,0.482746,353.696,12348.4,75.9736,23.1957,0.267264,52.5107,126.504,23.1887,0.0718272,103.244,202.478,0,0,0
1000,1,1,371,1,1,1,4317.58,18653.7,428.083,46.3844,0.482746,334.541,12708.7,136.877,23.1957,0.267264,113.414,76.0202,23.1887,0.0718272,52.7597,212.897,0,0,0
1000,1,1,372,1,1,1,4322.43,18655.4,428.567,46.3844,0.482746,335.027,12701.8,135.682,23.1957,0.267264,112.219,75.9589,23.1887,0.0718272,52.6984,211.641,0,0,0
1000,1,1,373,1,1,1,4326.44,18645.7,528.856,46.3844,0.6264,435.464,10908.4,121.756,23.1957,0.267264,98.293,128.556,23.1887,0.0718272,105.296,250.312,0,0,0
1000,1,1,374,1,1,1,4334.63,18669.8,523.957,46.3844,0.770054,430.407,11028,126.986,23.1957,0.267264,103.523,124.42,23.1887,0.0718272,101.159,251.406,0,0,0
1000,1,1,375,1,1,1,4327.52,18712.4,529.73,46.3844,0.943776,436.023,10958.4,124.723,23.1957,0.693216,100.834,128.613,23.1887,0.106906,105.317,253.336,0,0,0
1000,1,1,376,1,1,1,4321.13,18677.7,525.328,46.3844,0.482746,432.069,11003.5,116.367,23.1957,0.267264,92.9039,129.594,23.1887,0.0718272,106.333,245.961,0,0,0
1000,1,1,377,1,1,1,4340.49,18651.8,395.128,46.3844,0.517824,301.456,13292.5,77.2622,23.1957,0.267264,53.7993,118.975,23.1887,0.106906,95.6797,196.237,0,0,0
1000,1,1,378,1,1,1,4316.94,18639.4,472.205,46.3844,0.482746,378.791,11909.8,131.201,23.1957,0.267264,107.738,79.8211,23.1887,0.0718272,56.5606,211.022,0,0,0
1000,1,1,379,1,1,1,4316.62,18634.3,442.456,46.3844,0.482746,348.956,12433.7,130.735,23.1957,0.267264,107.272,79.9348,23.1887,0.0718272,56.6743,210.67,0,0,0
1000,1,1,380,1,1,1,4331.69,18659.2,417.097,46.3844,0.678182,323.328,12909.1,81.7315,23.1957,0.462701,58.073,119.772,23.1887,0.0718272,96.5117,201.504,0,0,0
1000,1,1,381,1,1,1,4326.03,18669.9,527.592,46.3844,0.517824,434.305,10955.2,121.58,23.1957,0.302342,98.0819,110.871,23.1887,0.0718272,87.6104,232.451,0,0,0
1000,1,1,382,1,1,1,4328.2,18649.5,457.692,46.3844,0.517824,364.201,12177.7,77.7044,23.1957,0.267264,54.2415,122.395,23.1887,0.106906,99.0998,200.1,0,0,0
1000,1,1,383,1,1,1,4338.17,18655.3,435.049,46.3844,0.482746,341.528,12586.5,74.7464,23.1957,0.267264,51.2834,122.766,23.1887,0.0718272,99.5058,197.513,0,0,0
1000,1,1,384,1,1,1,4346.79,18664.3,513.686,46.3844,0.482746,420.394,11197.1,117.849,23.1957,0.267264,94.3856,116.601,23.1887,0.0718272,93.3406,234.45,0,0,0
1000,1,1,385,1,1,1,4347.67,18705.2,495.063,46.3844,0.748339,401.451,11568.2,97.8517,23.1957,0.532858,74.1231,122.017,23.1887,0.0718272,98.7569,219.869,0,0,0
1000,1,1,386,1,1,1,4342.92,18666.8,514.323,46.3844,0.482746,421.033,11188.2,117.116,23.1957,0.267264,93.6529,120.518,23.1887,0.0718272,97.2571,237.633,0,0,0
1000,1,1,387,0,0,0,-1,-1,1007.01,23.206,0.551232,937.624,263603,-1,-1,-1,-1,-1,-1,-1,-1,-1,0,0,0
1000,1,1,388,1,1,1,4469.78,18825.2,549.842,46.3844,0.661478,456.475,10714.5,126.293,23.1957,0.267264,102.83,136.475,23.1887,0.106906,113.179,262.768,0,0,0
1000,1,1,389,1,1,1,4317.9,18633.3,368.256,46.3844,0.482746,274.541,13752.2,74.8637,23.1957,0.267264,51.4007,110.593,23.1887,0.0718272,87.3325,185.457,0,0,0
1000,1,1,390,1,1,1,4322.95,18675.2,510.512,46.3844,0.482746,417.21,11264.4,111.9,23.1957,0.267264,88.437,127.986,23.1887,0.0718272,104.725,239.886,0,0,0
1000,1,1,391,1,1,1,4326.18,18714.1,415.213,46.3844,0.517824,321.599,12997.7,136.044,23.1957,0.302342,112.546,80.1099,23.1887,0.0718272,56.8494,216.153,0,0,0
1000,1,1,392,1,1,1,4316.62,18631.1,347.293,46.3844,0.482746,253.517,14122.7,67.5127,23.1957,0.267264,44.0498,104.572,23.1887,0.0718272,81.3117,172.085,0,0,0
1000,1,1,393,1,1,1,4316.3,18678.8,428.217,46.3844,0.713261,334.446,12730.7,137.941,23.1957,0.497779,114.247,75.7639,23.1887,0.0718272,52.5034,213.705,0,0,0
1000,1,1,394,1,1,1,4315.66,18697.7,523.668,46.3844,0.517824,430.369,11052.8,127.483,23.1957,0.302342,103.985,123.766,23.1887,0.0718272,100.506,251.25,0,0,0
1000,1,1,395,1,1,1,4325.88,18658.2,430.833,46.3844,0.517824,337.265,12664,133.549,23.1957,0.302342,110.051,76.7006,23.1887,0.0718272,53.4401,210.25,0,0,0
1000,1,1,396,1,1,1,4333.83,24664.8,464.58,52.1883,0.731635,365.252,18169.9,246.643,28.9996,0.481075,216.982,43.5509,23.1887,0.106906,20.2553,290.194,0,0,0
1000,1,1,397,1,1,1,4332.68,18707,539.526,46.3844,0.482746,446.309,10780.3,119.098,23.1957,0.267264,95.6345,129.271,23.1887,0.0718272,106.01,248.368,0,0,0
1000,1,1,398,1,1,1,4328.2,18690.5,405.189,46.3844,0.517824,311.546,13152.3,133.905,23.1957,0.302342,110.407,78.6679,23.1887,0.0718272,55.4074,212.573,0,0,0
1000,1,1,399,1,1,1,4317.26,18640.5,520.802,46.3844,0.482746,427.53,11046.7,121.422,23.1957,0.267264,97.9591,103.267,23.1887,0.0718272,80.0068,224.689,0,0,0
1000,1,1,400,1,1,1,4318.54,18633,497.652,46.3844,0.482746,404.313,11450.9,99.9035,23.1957,0.267264,76.4405,121.35,23.1887,0.0718272,98.0891,221.253,0,0,0
1000,1,1,401,1,0,0,-1,-1,1163.44,23.1957,0.267264,1094.8,270331,-1,-1,-1,-1,-1,-1,-1,-1,-1,0,0,0
1000,1,1,402,1,1,1,4334.12,18689,546.668,46.3844,0.517824,453.436,10635.1,124.884,23.1957,0.267264,101.421,133.923,23.1887,0.106906,110.627,258.806,0,0,0
1000,1,1,403,1,1,1,4362.67,18676.2,409.777,46.3844,0.6264,316.039,13056.3,81.1263,23.1957,0.267264,57.6634,121.842,23.1887,0.0718272,98.5818,202.969,0,0,0
1000,1,1,404,1,0,0,-1,-1,1063.54,23.1957,0.267264,994.614,265331,-1,-1,-1,-1,-1,-1,-1,-1,-1,0,0,0
1000,1,1,405,1,1,2,10325.2,24687.8,669.759,69.5741,0.663149,554.187,14844.3,128.1,23.1957,0.267264,104.637,260.049,46.3784,0.108576,213.562,388.149,1,0,0
1000,1,1,406,1,1,1,4319.85,18636.8,528.522,46.3844,0.482746,435.273,10905.8,122.231,23.1957,0.267264,98.7677,128.504,23.1887,0.0718272,105.243,250.734,0,0,0
1000,1,1,407,1,1,1,4324.59,18664.7,501.325,46.3844,0.713261,407.766,11416.6,125.037,23.1957,0.497779,101.343,82.9254,23.1887,0.0718272,59.6649,207.962,0,0,0
1000,1,1,408,1,1,1,4332.36,18658.4,358.382,46.3844,0.482746,264.638,13952.8,71.9453,23.1957,0.267264,48.4823,107.175,23.1887,0.0718272,83.9142,179.12,0,0,0
1000,1,1,409,1,0,0,-1,-1,830.592,23.1957,0.337421,760.918,259180,-1,-1,-1,-1,-1,-1,-1,-1,-1,0,0,0
1000,1,1,410,1,1,1,4319.31,18691.6,467.059,46.3844,0.713261,373.4,12052.8,135.689,23.1957,0.497779,111.995,79.2057,23.1887,0.0718272,55.9452,214.894,0,0,0
1000,1,1,411,1,1,1,4321.61,18663.5,531.525,46.3844,0.482746,438.285,10879.1,121.532,23.1957,0.267264,98.0692,115.802,23.1887,0.0718272,92.5411,237.334,0,0,0
1000,1,1,412,1,1,1,4320.58,18636,345.976,46.3844,0.482746,252.196,14151,66.7042,23.1957,0.267264,43.2412,104.067,23.1887,0.0718272,80.8063,170.771,0,0,0
1000,1,1,413,1,1,1,4315.98,18627.6,417.087,46.3844,0.482746,323.514,12878.1,79.7402,23.1957,0.267264,56.2773,118.549,23.1887,0.0718272,95.288,198.289,0,0,0
1000,1,1,414,1,1,1,4318.11,18631.3,540.153,46.3844,0.482746,446.937,10693.5,119.686,23.1957,0.267264,96.2229,127.937,23.1887,0.0718272,104.677,247.623,0,0,0
1000,1,1,415,1,1,1,4328.58,18708.7,390.042,46.3844,0.482746,296.39,13440.2,132.274,23.1957,0.267264,108.811,72.4034,23.1887,0.0718272,49.1429,204.678,0,0,0
1000,1,1,416,1,1,1,4322.82,18689.8,460.121,46.3844,0.517824,366.638,12174.8,135.731,23.1957,0.267264,112.268,76.3495,23.1887,0.106906,53.0539,212.08,0,0,0
1000,1,1,417,1,1,1,4325.68,18639.8,387.619,46.3844,0.482746,293.96,13414.3,77.1864,23.1957,0.267264,53.7235,118.814,23.1887,0.0718272,95.5533,196,0,0,0
1000,1,1,418,1,1,1,4331.72,18648.3,412.905,46.3844,0.482746,319.32,12973.1,83.0105,23.1957,0.267264,59.5476,120.274,23.1887,0.0718272,97.0134,203.284,0,0,0
1000,1,1,419,1,1,1,4319.18,18660,345.277,46.3844,0.482746,251.495,14187.4,109.907,23.1957,0.267264,86.4445,57.2034,23.1887,0.0718272,33.9429,167.111,0,0,0
1000,1,1,420,1,1,1,4319.67,18651.7,507.561,46.3844,0.482746,414.25,11293.4,108.191,23.1957,0.267264,84.7281,125.946,23.1887,0.0718272,102.686,234.138,0,0,0
1000,1,1,421,1,1,1,4316.01,18637.7,379.377,46.3844,0.482746,285.694,13558.7,74.0912,23.1957,0.267264,50.6282,118.754,23.1887,0.0718272,95.4938,192.845,0,0,0
1000,1,1,422,1,1,1,4316.94,24643.6,446.564,52.1883,0.696557,347.218,18469.3,238.303,28.9996,0.481075,208.619,40.962,23.1887,0.0718272,17.7015,279.265,0,0,0
1000,1,1,423,1,1,1,4324.57,18646.7,507.418,46.3844,0.482746,414.108,11291,107.556,23.1957,0.267264,84.0929,126.331,23.1887,0.0718272,103.07,233.887,0,0,0
1000,1,1,424,1,1,1,4315.02,18633.9,526.663,46.3844,0.482746,433.408,10935.9,125.172,23.1957,0.267264,101.71,126.829,23.1887,0.0718272,103.568,252.001,0,0,0
1000,1,1,425,1,1,1,4323.5,18645.1,510.862,46.3844,0.517824,417.526,11227.9,120.051,23.1957,0.302342,96.5532,88.652,23.1887,0.0718272,65.3915,208.703,0,0,0
1000,1,1,426,1,1,1,4336.52,18653.7,360.014,46.3844,0.770054,265.988,13918.3,71.9814,23.1957,0.267264,48.5184,107.723,23.1887,0.0718272,84.4628,179.705,0,0,0
1000,1,1,427,1,1,1,4320.26,18646,417.92,46.3844,0.517824,324.314,12881.5,134.459,23.1957,0.302342,110.961,79.0541,23.1887,0.0718272,55.7936,213.513,0,0,0
1000,1,1,428,1,1,1,4317.58,18633,430.491,46.3844,0.482746,336.956,12645.2,74.0984,23.1957,0.267264,50.6355,121.498,23.1887,0.0718272,98.2371,195.596,0,0,0
1000,1,1,429,1,1,1,4341.48,18660,467.589,46.3844,0.661478,373.983,12017.4,87.9593,23.1957,0.267264,64.4963,115.804,23.1887,0.106906,92.5086,203.764,0,0,0
1000,1,1,430,1,1,1,4319.34,18669.3,528.615,46.3844,0.517824,435.33,10936.3,124.105,23.1957,0.302342,100.607,128.856,23.1887,0.0718272,105.595,252.961,0,0,0
1000,1,1,431,1,1,1,4317.18,18629.4,545.065,46.3844,0.482746,451.864,10604.2,123.987,23.1957,0.267264,100.524,133.505,23.1887,0.0718272,110.244,257.492,0,0,0
1000,1,1,432,1,1,2,4356.94,18700.7,545.217,69.5741,0.841882,429.104,11051.1,121.386,23.1957,0.267264,97.923,146.52,46.3784,0.287309,99.8542,267.906,1,0,0
1000,1,1,433,1,1,1,4368.26,18698.3,370.286,46.3844,0.678182,276.382,13780.6,74.9977,23.1957,0.462701,51.3393,112.297,23.1887,0.0718272,89.0362,187.294,0,0,0
1000,1,1,434,1,0,0,-1,-1,913.054,28.9996,0.676512,837.637,260950,-1,-1,-1,-1,-1,-1,-1,-1,-1,0,0,0
1000,1,1,435,1,1,1,4322.31,18639.3,366.802,46.3844,0.482746,273.082,13784,73.8006,23.1957,0.267264,50.3377,109.709,23.1887,0.0718272,86.4481,183.509,0,0,0
1000,1,1,436,1,1,1,4334.09,18660.6,382.28,46.3844,0.50112,288.588,13529.8,73.8061,23.1957,0.267264,50.3431,118.83,23.1887,0.0902016,95.5515,192.636,0,0,0
1000,1,1,437,1,1,1,4356.33,18684.1,493.692,46.3844,0.517824,400.306,11572.2,97.8287,23.1957,0.302342,74.3307,122.416,23.1887,0.0718272,99.1557,220.245,0,0,0
1000,1,1,438,1,1,1,4336.22,18710.8,511.766,46.3844,0.482746,418.468,11277.7,112.875,23.1957,0.267264,89.4116,128.157,23.1887,0.0718272,104.897,241.032,0,0,0
1000,1,1,439,1,1,1,4316.62,18642.2,363.038,46.3844,0.678182,269.112,13853.3,73.5196,23.1957,0.462701,49.8612,107.597,23.1887,0.0718272,84.3365,181.117,0,0,0
1000,1,1,440,1,1,1,4334.6,18647.3,521.54,46.3844,0.482746,428.27,11040.4,120.117,23.1957,0.267264,96.6543,121.738,23.1887,0.0718272,98.4771,241.855,0,0,0
1000,1,1,441,1,1,1,4327.16,18714.8,388.43,46.3844,0.517824,294.738,13474.7,131.571,23.1957,0.302342,108.073,71.9396,23.1887,0.0718272,48.6791,203.511,0,0,0
1000,1,1,442,1,1,1,4322.31,18677,441.512,46.3844,0.678182,347.814,12492.8,132.551,23.1957,0.462701,108.893,80.1334,23.1887,0.0718272,56.8729,212.684,0,0,0
1000,1,1,443,1,1,1,4328.56,18775,411.678,46.3844,0.482746,318.089,13121.7,137.174,23.1957,0.267264,113.711,79.4656,23.1887,0.0718272,56.2051,216.64,0,0,0
1000,1,1,444,1,1,1,4350.07,24689.1,668.065,52.1883,1.07073,568.988,14575,262.345,28.9996,0.71159,232.498,128.863,23.1887,0.0718272,105.602,391.208,0,0,0
1000,1,1,445,1,1,1,4396.21,18730.1,512.875,46.3844,0.482746,419.58,11277.3,117.914,23.1957,0.267264,94.4506,117.507,23.1887,0.0718272,94.2467,235.421,0,0,0
1000,1,1,446,1,1,1,4322.54,18636.7,393.025,46.3844,0.482746,299.382,13315.1,79.6843,23.1957,0.267264,56.2213,120.427,23.1887,0.0718272,97.1668,200.112,0,0,0
1000,1,1,447,1,1,1,4319.88,18647.5,368.524,46.3844,0.482746,274.81,13761.5,123.202,23.1957,0.267264,99.7387,68.0322,23.1887,0.0718272,44.7717,191.234,0,0,0
1000,1,1,448,1,1,1,4344.78,18664.3,435.654,46.3844,0.770054,341.847,12583.9,73.6671,23.1957,0.267264,50.2041,123.371,23.1887,0.0718272,100.11,197.038,0,0,0
1000,1,1,449,1,1,2,10328.4,24651.6,522.128,69.5741,0.663149,406.127,17433.3,73.1527,23.1957,0.267264,49.6898,268.576,46.3784,0.25223,221.945,341.729,1,0,0
1000,1,1,450,1,1,1,4355.06,18703.6,522.859,46.3844,0.908698,429.167,11072.1,121.298,23.1957,0.693216,97.4087,108.205,23.1887,0.0718272,84.9447,229.503,0,0,0
1000,1,1,451,1,1,1,4350.45,18673.4,538.184,46.3844,0.482746,444.963,10770.5,120.608,23.1957,0.267264,97.1452,123.203,23.1887,0.0718272,99.9426,243.811,0,0,0
1000,1,1,452,1,1,1,4335.45,18666,444.019,46.3844,0.6264,350.38,12437.2,75.6867,23.1957,0.267264,52.2237,126.517,23.1887,0.0718272,103.256,202.203,0,0,0
1000,1,1,453,1,1,1,4316.32,30639.9,569.763,57.9922,1.1058,464.722,22373.8,381.954,34.8035,0.890323,345.65,35.6396,23.1887,0.0718272,12.3791,417.594,0,0,0
1000,1,1,454,1,1,1,4362.38,18674.9,407.822,46.3844,0.517824,314.187,13090,81.5486,23.1957,0.267264,58.0857,121.087,23.1887,0.106906,97.7913,202.636,0,0,0
1000,1,1,455,1,1,1,4329.47,18652.3,455.085,46.3844,0.482746,361.622,12227.1,76.4356,23.1957,0.267264,52.9727,126.428,23.1887,0.0718272,103.168,202.864,0,0,0
1000,1,1,456,1,1,1,4321.95,18659.2,457.874,46.3844,0.644774,364.257,12183.8,77.2604,23.1957,0.267264,53.7975,122.117,23.1887,0.0902016,98.8381,199.377,0,0,0
1000,1,1,457,1,1,1,4323.27,24653.8,601.482,52.1883,1.31795,501.965,15723.1,277.222,28.9996,1.10246,247.028,75.7441,23.1887,0.0718272,52.4836,352.966,0,0,0
1000,1,1,458,1,1,1,4327.78,18659.9,487.942,46.3844,0.482746,394.574,11650.5,95.3842,23.1957,0.267264,71.9213,119.657,23.1887,0.0718272,96.3962,215.041,0,0,0
1000,1,1,459,1,1,1,4320.26,18669.7,395.549,46.3844,0.517824,301.878,13303,133.589,23.1957,0.302342,110.091,75.7946,23.1887,0.0718272,52.5341,209.384,0,0,0
1000,1,1,460,1,0,0,-1,-1,1241.24,23.1957,0.267264,1172.83,275111,-1,-1,-1,-1,-1,-1,-1,-1,-1,0,0,0
1000,1,1,461,1,1,1,4333.22,18647.4,492.486,46.3844,0.517824,399.097,11556.9,129.89,23.1957,0.267264,106.427,82.8341,23.1887,0.106906,59.5385,212.724,0,0,0
1000,1,1,462,1,1,1,4324.45,18637.3,462.165,46.3844,0.482746,368.722,12086.3,82.0468,23.1957,0.267264,58.5838,122.086,23.1887,0.0718272,98.8254,204.133,0,0,0
1000,1,1,463,1,1,1,4335.3,18660.2,516.83,46.3844,0.482746,423.547,11137.1,117.479,23.1957,0.267264,94.0156,121.869,23.1887,0.0718272,98.6089,239.348,0,0,0
1000,1,1,464,1,1,1,4323.4,18638.9,538.744,46.3844,0.482746,445.524,10726.1,119.204,23.1957,0.267264,95.741,126.221,23.1887,0.0718272,102.96,245.425,0,0,0
1000,1,1,465,1,1,1,4344.52,18673.8,402.248,46.3844,0.482746,308.632,13188.2,134.072,23.1957,0.267264,110.609,78.4946,23.1887,0.0718272,55.2341,212.567,0,0,0
1000,1,1,466,0,0,0,-1,-1,409.516,29.0099,1.15592,332.145,248469,-1,-1,-1,-1,-1,-1,-1,-1,-1,0,0,0
1000,1,1,467,1,1,1,4347.3,24740.3,654.72,52.1883,0.679853,555.996,14864.4,270.613,28.9996,0.320717,241.172,85.0153,23.1887,0.0718272,61.7548,355.629,0,0,0
1000,1,1,468,1,1,1,4330.2,18647.1,532.017,46.3844,0.482746,438.778,10853.9,118.43,23.1957,0.267264,94.9668,136.874,23.1887,0.0718272,113.614,255.304,0,0,0
1000,1,1,469,1,0,0,-1,-1,1254.26,23.1957,0.302342,1185.85,276115,-1,-1,-1,-1,-1,-1,-1,-1,-1,0,0,0
1000,1,1,470,1,1,1,4330.95,18662.8,449.728,46.3844,0.482746,356.249,12332.9,130.35,23.1957,0.267264,106.887,79.1606,23.1887,0.0718272,55.9001,209.511,0,0,0
1000,1,1,471,1,1,1,4342.28,18684.9,538.531,46.3844,0.482746,445.311,10775.8,121.814,23.1957,0.267264,98.3508,136.003,23.1887,0.0718272,112.742,257.816,0,0,0
1000,1,1,472,1,1,1,4331.34,18681.6,406.166,46.3844,0.678182,312.366,13125.9,82.9118,23.1957,0.462701,59.2534,120.712,23.1887,0.0718272,97.452,203.624,0,0,0
1000,1,1,473,1,1,1,4336.06,18664.3,444.009,46.3844,0.482746,350.514,12436.1,75.6867,23.1957,0.267264,52.2237,125.977,23.1887,0.0718272,102.717,201.664,0,0,0
1000,1,1,474,1,1,1,4353.72,18670.1,421.457,46.3844,0.517824,327.862,12842.7,78.2495,23.1957,0.267264,54.7865,116.645,23.1887,0.106906,93.3497,194.895,0,0,0
1000,1,1,475,1,1,1,4318.92,18633.1,384.044,46.3844,0.482746,290.374,13471.2,74.6994,23.1957,0.267264,51.2365,119.03,23.1887,0.0718272,95.7699,193.73,0,0,0
1000,1,1,476,1,1,1,4317.7,18650.7,418.819,46.3844,0.678182,325.055,12869.9,78.0731,23.1957,0.462701,54.4147,116.885,23.1887,0.0718272,93.624,194.958,0,0,0
1000,1,1,477,1,1,1,4322.5,18701,423.428,46.3844,0.713261,329.643,12838.1,135.784,23.1957,0.497779,112.091,78.056,23.1887,0.0718272,54.7955,213.84,0,0,0
1000,1,1,478,1,1,1,4317.58,18636.9,477.751,46.3844,0.482746,384.354,11808.7,129.345,23.1957,0.267264,105.882,80.4997,23.1887,0.0718272,57.2392,209.845,0,0,0
1000,1,1,479,1,1,1,4314.7,18648.1,361.139,46.3844,0.482746,267.403,13893.5,120.258,23.1957,0.267264,96.795,65.9133,23.1887,0.0718272,42.6528,186.171,0,0,0
1000,1,1,480,1,1,1,4330.12,18646.5,474.463,46.3844,0.482746,381.056,11876.8,91.1267,23.1957,0.267264,67.6638,117.166,23.1887,0.0718272,93.9055,208.293,0,0,0
1000,1,1,481,1,1,1,4349.72,18666.1,417.985,46.3844,0.661478,324.236,12900,81.7652,23.1957,0.267264,58.3023,120.119,23.1887,0.106906,96.8239,201.885,0,0,0
1000,1,1,482,1,1,1,4340.46,18663.1,520.613,46.3844,0.587981,427.236,11072,121.881,23.1957,0.302342,98.3833,102.253,23.1887,0.141984,78.9221,224.134,0,0,0
1000,1,1,483,1,1,1,4327.97,18665,526.246,46.3844,0.482746,432.99,10974.4,115.856,23.1957,0.267264,92.3931,130.153,23.1887,0.0718272,106.893,246.009,0,0,0
1000,1,1,484,1,1,1,4339.91,18663,525.057,46.3844,0.678182,431.602,10993.1,122.598,23.1957,0.462701,98.9391,109.873,23.1887,0.0718272,86.6124,232.47,0,0,0
1000,1,1,485,1,1,1,4345.47,24663.7,667.89,52.1883,0.785088,569.099,14553.1,265.693,28.9996,0.551232,236.019,130.015,23.1887,0.0902016,106.736,395.708,0,0,0
1000,1,1,486,1,1,1,4327.85,18656.2,383.834,46.3844,0.587981,290.058,13497.3,74.4746,23.1957,0.302342,50.9766,120.469,23.1887,0.141984,97.1379,194.943,0,0,0
1000,1,1,487,1,1,1,4330.31,18652.6,470.211,46.3844,0.482746,376.792,11958.4,88.2408,23.1957,0.267264,64.7779,115.749,23.1887,0.0718272,92.4888,203.99,0,0,0
1000,1,1,488,1,1,1,4341.13,18668.2,495.19,46.3844,0.482746,401.844,11529.9,96.3155,23.1957,0.267264,72.8526,122.203,23.1887,0.0718272,98.9427,218.519,0,0,0
1000,1,1,489,1,1,1,4326,18640.8,436.818,46.3844,0.482746,343.302,12540.5,73.4234,23.1957,0.267264,49.9605,123.129,23.1887,0.0718272,99.8686,196.553,0,0,0
1000,1,1,490,1,1,1,4333.13,18704.9,476.729,46.3844,0.517824,383.294,11894.6,131.95,23.1957,0.302342,108.452,81.1152,23.1887,0.0718272,57.8547,213.065,0,0,0
1000,1,1,491,1,1,1,4327.69,18669.3,437.388,46.3844,0.552902,343.804,12558.3,73.2708,23.1957,0.302342,49.7728,124.198,23.1887,0.106906,100.903,197.469,0,0,0
1000,1,1,492,1,1,1,4318.15,18665.3,450.523,46.3844,0.482746,357.047,12321.2,132.164,23.1957,0.267264,108.701,77.9008,23.1887,0.0718272,54.6403,210.065,0,0,0
1000,1,1,493,1,1,1,4339.94,18686.5,543.504,46.3844,0.517824,450.263,10688.8,120.666,23.1957,0.267264,97.2029,134.083,23.1887,0.106906,110.788,254.749,0,0,0
1000,1,1,494,0,0,0,-1,-1,855.15,23.206,0.942106,784.933,259665,-1,-1,-1,-1,-1,-1,-1,-1,-1,0,0,0
1000,1,1,495,1,1,1,4318.79,18645.7,398.645,46.3844,0.482746,305.018,13224.2,134.496,23.1957,0.267264,111.033,76.9677,23.1887,0.0718272,53.7072,211.464,0,0,0
1000,1,1,496,1,1,1,4327.93,18655.5,318.072,46.3844,0.482746,224.21,14666.7,91.9678,23.1957,0.267264,68.5048,48.6378,23.1887,0.0718272,25.3773,140.606,0,0,0
1000,1,1,497,1,1,1,4360.04,18688.1,531.561,46.3844,0.482746,438.321,10903,119.02,23.1957,0.267264,95.5569,135.627,23.1887,0.0718272,112.367,254.647,0,0,0
1000,1,1,498,1,1,1,4331.34,18652.6,523.413,46.3844,0.482746,430.149,11012.4,120.653,23.1957,0.267264,97.1903,108.508,23.1887,0.0718272,85.2479,229.162,0,0,0
1000,1,1,499,1,0,0,-1,-1,1056.82,23.1957,0.337421,987.805,265141,-1,-1,-1,-1,-1,-1,-1,-1,-1,0,0,0
1000,1,1,500,1,1,1,4317.9,24731.5,505.363,52.1883,0.696557,406.188,17511.6,269.276,28.9996,0.481075,239.667,59.6146,23.1887,0.0718272,36.3541,328.89,0,0,0
1000,1,1,501,1,1,1,4316.42,18631.7,455.908,46.3844,0.482746,362.447,12191.9,133.639,23.1957,0.267264,110.176,75.7549,23.1887,0.0718272,52.4944,209.394,0,0,0
1000,1,1,502,1,1,1,4316.3,18655.9,541.106,46.3844,0.552902,447.823,10700.6,119.716,23.1957,0.337421,96.1832,128.847,23.1887,0.0718272,105.586,248.563,0,0,0
1000,1,1,503,1,1,1,4339.27,18680.3,543.491,46.3844,0.770054,449.998,10682.2,126.914,23.1957,0.267264,103.451,133.003,23.1887,0.0718272,109.743,259.917,0,0,0
1000,1,1,504,1,1,1,4320.97,18655,529.105,46.3844,0.482746,435.857,10913.6,122.581,23.1957,0.267264,99.1178,128.738,23.1887,0.0718272,105.478,251.319,0,0,0
1000,1,1,505,1,1,1,4322.82,18642.5,379.98,46.3844,0.482746,286.299,13552.8,74.38,23.1957,0.267264,50.917,119.159,23.1887,0.0718272,95.898,193.539,0,0,0
1000,1,1,506,1,1,1,4320.72,18633,451.526,46.3844,0.482746,358.052,12271.1,76.1469,23.1957,0.267264,52.6839,127.65,23.1887,0.0718272,104.39,203.797,0,0,0
1000,1,1,507,1,1,1,4374.14,18701.5,541.815,46.3844,0.482746,448.605,10734,119.343,23.1957,0.267264,95.88,129.926,23.1887,0.0718272,106.665,249.269,0,0,0
1000,1,1,508,1,1,1,4321.06,24700,475.004,52.1883,0.927072,375.51,18019.3,251.087,28.9996,0.71159,221.2,47.5188,23.1887,0.0718272,24.2583,298.605,0,0,0
1000,1,1,509,1,1,1,4319.88,18675.7,506.61,46.3844,0.482746,413.297,11334.3,107.765,23.1957,0.267264,84.3022,125.324,23.1887,0.0718272,102.063,233.089,0,0,0
1000,1,1,510,1,1,1,4364.25,18681.9,478.995,46.3844,0.6264,385.458,11831.2,92.3125,23.1957,0.267264,68.8495,118.891,23.1887,0.0718272,95.6309,211.204,0,0,0
1000,1,1,511,1,1,1,4318.86,18677.2,450.181,46.3844,0.482746,356.704,12339.2,131.316,23.1957,0.267264,107.853,79.6497,23.1887,0.0718272,56.3892,210.966,0,0,0
1000,1,1,512,0,0,0,-1,-1,1133.74,29.0099,0.870278,1058.76,268087,-1,-1,-1,-1,-1,-1,-1,-1,-1,0,0,0
1000,1,1,513,1,0,0,-1,-1,632.433,28.9996,0.481075,556.395,253712,-1,-1,-1,-1,-1,-1,-1,-1,-1,0,0,0
1000,1,1,514,1,1,1,4347.27,18669.1,510.462,46.3844,0.517824,417.125,11259,111.321,23.1957,0.267264,87.8577,128.649,23.1887,0.106906,105.353,239.97,0,0,0
1000,1,1,515,1,1,1,4336.96,18672.5,538.318,46.3844,0.678182,444.901,10766.8,119.311,23.1957,0.462701,95.6526,125.208,23.1887,0.0718272,101.948,244.519,0,0,0
1000,1,1,516,1,1,1,4440.27,18814.3,547.869,46.3844,0.818496,454.34,10737.8,128.361,23.1957,0.567936,104.597,137.003,23.1887,0.106906,113.708,265.364,0,0,0
1000,1,1,517,1,1,1,4327.13,18646.4,422.686,46.3844,0.482746,329.129,12797.4,77.2875,23.1957,0.267264,53.8246,117.179,23.1887,0.0718272,93.9182,194.466,0,0,0
1000,1,1,518,1,1,1,4317.58,18648.1,512.534,46.3844,0.713261,419.008,11200.7,118.628,23.1957,0.497779,94.9343,122.954,23.1887,0.0718272,99.6935,241.582,0,0,0
1000,1,1,519,1,1,1,4317.58,18632.4,419.938,46.3844,0.482746,326.373,12832.2,134.2,23.1957,0.267264,110.737,79.7219,23.1887,0.0718272,56.4614,213.922,0,0,0
1000,1,1,520,1,1,1,4323.14,18641.6,386.669,46.3844,0.482746,293.007,13433,76.5512,23.1957,0.267264,53.0882,118.733,23.1887,0.0718272,95.4721,195.284,0,0,0
1000,1,1,521,1,1,1,4346.21,18665.3,541.042,46.3844,0.482746,447.829,10711.6,117.244,23.1957,0.267264,93.781,132.565,23.1887,0.0718272,109.304,249.809,0,0,0
1000,1,1,522,1,0,0,-1,-1,987.826,23.1957,0.267264,918.679,263150,-1,-1,-1,-1,-1,-1,-1,-1,-1,0,0,0
1000,1,1,523,1,1,1,4331.55,18690.5,542.723,46.3844,0.678182,449.319,10706.5,127.258,23.1957,0.462701,103.599,136.479,23.1887,0.0718272,113.219,263.737,0,0,0
1000,1,1,524,1,1,1,4334.79,18652.9,381.314,46.3844,0.552902,287.566,13539.1,74.2843,23.1957,0.267264,50.8214,119.777,23.1887,0.141984,96.4467,194.062,0,0,0
1000,1,1,525,1,1,2,10319.3,24639.8,680.221,69.5741,0.519494,564.823,14610.6,117.378,23.1957,0.267264,93.9146,285.827,46.3784,0.108576,239.34,403.204,1,0,0
1000,1,1,526,1,1,1,4348.23,18675.6,519.227,46.3844,0.552902,425.88,11109.4,121.328,23.1957,0.337421,97.7949,121.339,23.1887,0.0718272,98.0782,242.667,0,0,0
1000,1,1,527,0,0,0,-1,-1,660.131,23.206,1.2979,588.991,254567,-1,-1,-1,-1,-1,-1,-1,-1,-1,0,0,0
1000,1,1,528,1,1,1,4322.33,18663.3,350.846,46.3844,0.517824,257.045,14091.5,114.411,23.1957,0.302342,90.9132,60.8527,23.1887,0.0718272,37.5922,175.264,0,0,0
1000,1,1,529,1,1,1,4318.15,18657.5,521.732,46.3844,0.482746,428.463,11047.2,121.005,23.1957,0.267264,97.5422,107.516,23.1887,0.0718272,84.2553,228.521,0,0,0
1000,1,1,530,1,1,1,4323.78,18661.2,437.516,46.3844,0.482746,344.002,12548.5,132.047,23.1957,0.267264,108.584,77.8322,23.1887,0.0718272,54.5717,209.879,0,0,0
1000,1,1,531,0,0,0,-1,-1,1232.41,23.206,0.516154,1163.72,274333,-1,-1,-1,-1,-1,-1,-1,-1,-1,0,0,0
1000,1,1,532,1,1,1,4325.83,24643.3,590.746,52.1883,0.731635,491.785,15905,283.002,28.9996,0.516154,253.414,79.6605,23.1887,0.0718272,56.4,362.663,0,0,0
1000,1,1,533,1,1,1,4314.7,18647,445.144,46.3844,0.482746,351.653,12398.6,131.303,23.1957,0.267264,107.84,78.8141,23.1887,0.0718272,55.5535,210.117,0,0,0
1000,1,1,534,1,1,1,4323.46,18650.9,520.086,46.3844,0.482746,426.812,11069.9,121.168,23.1957,0.267264,97.7047,120.492,23.1887,0.0718272,97.2318,241.66,0,0,0
1000,1,1,535,1,1,1,4324.36,18674.9,528.814,46.3844,0.482746,435.565,10938.7,120.013,23.1957,0.267264,96.5496,131.505,23.1887,0.0718272,108.245,251.518,0,0,0
1000,1,1,536,1,1,1,4343.4,24663.2,649.971,52.1883,0.536198,551.377,14872.1,267.358,28.9996,0.320717,237.92,82.9362,23.1887,0.0718272,59.6757,350.295,0,0,0
1000,1,1,537,1,1,1,4352.57,18681.5,525.408,46.3844,0.6264,432.006,11005.4,126.427,23.1957,0.267264,102.964,127.244,23.1887,0.0718272,103.984,253.671,0,0,0
1000,1,1,538,1,1,1,4320.33,18672.6,448.203,46.3844,0.713261,354.49,12369.1,130.908,23.1957,0.497779,107.214,79.7453,23.1887,0.0718272,56.4848,210.653,0,0,0
1000,1,1,539,1,1,1,4376.28,18715.8,526.64,46.3844,0.517824,433.351,11018,126.151,23.1957,0.302342,102.653,128.489,23.1887,0.0718272,105.229,254.641,0,0,0
1000,1,1,540,1,1,1,4335.34,18683.9,522.754,46.3844,0.482746,429.488,11055.4,121.594,23.1957,0.267264,98.1306,106.637,23.1887,0.0718272,83.3763,228.23,0,0,0
1000,1,1,541,1,1,1,4324.55,18642.1,422.725,46.3844,0.482746,329.168,12792.3,77.4048,23.1957,0.267264,53.9419,117.07,23.1887,0.0718272,93.8099,194.475,0,0,0
1000,1,1,542,1,0,0,-1,-1,761.568,23.1957,0.267264,691.764,257105,-1,-1,-1,-1,-1,-1,-1,-1,-1,0,0,0
1000,1,1,543,1,1,1,4317.58,18632.3,397.351,46.3844,0.482746,303.721,13233.8,133.428,23.1957,0.267264,109.965,76.4949,23.1887,0.0718272,53.2344,209.923,0,0,0
1000,1,1,544,1,1,1,4355.15,18695.4,540.643,46.3844,0.913709,446.998,10747.7,119.469,23.1957,0.267264,96.0063,129.096,23.1887,0.0718272,105.835,248.565,0,0,0
1000,1,1,545,1,1,1,4318.22,18635.9,510.138,46.3844,0.482746,416.835,11231.8,121.532,23.1957,0.267264,98.0692,87.4735,23.1887,0.0718272,64.213,209.006,0,0,0
1000,1,1,546,1,1,1,4337.63,18652.8,464.735,46.3844,0.482746,371.3,12056,86.1852,23.1957,0.267264,62.7222,116.534,23.1887,0.0718272,93.2739,202.72,0,0,0
1000,1,1,547,1,1,3,16327.6,30652.4,862.394,92.7639,0.556243,724.936,17783.3,121.964,23.1957,0.267264,98.5006,465.697,69.5682,0.145325,395.984,587.661,2,0,0
1000,1,1,548,1,1,1,4340.84,18672.1,546.395,46.3844,0.6264,453.054,10622.9,124.286,23.1957,0.267264,100.823,133.579,23.1887,0.0718272,110.318,257.865,0,0,0
1000,1,1,549,1,1,2,4412.73,18759.5,543.583,69.5741,1.37808,426.929,11157.3,122.959,23.1957,0.497779,99.2658,147.549,46.3784,0.305683,100.865,270.508,1,0,0
1000,1,1,550,1,1,1,4319.62,30634.8,571.559,57.9922,0.945446,466.683,22337,382.088,34.8035,0.729965,345.946,36.7514,23.1887,0.0718272,13.4909,418.839,0,0,0
1000,1,1,551,1,1,1,4353.3,18679.5,483.36,46.3844,0.482746,389.979,11751.5,93.3033,23.1957,0.267264,69.8403,119.584,23.1887,0.0718272,96.324,212.888,0,0,0
1000,1,1,552,1,1,1,4319.56,18648.6,480.164,46.3844,0.482746,386.774,11777.4,128.342,23.1957,0.267264,104.879,80.6315,23.1887,0.0718272,57.371,208.973,0,0,0
1000,1,1,553,1,1,1,4370.59,24748.1,653.852,52.1883,0.997229,554.808,14886.7,269.158,28.9996,0.746669,239.289,85.4764,23.1887,0.106906,62.1808,354.635,0,0,0
1000,1,1,554,1,1,1,4327.75,18675.8,353.614,46.3844,0.517824,259.821,14054.8,115.753,23.1957,0.267264,92.2903,63.4632,23.1887,0.106906,40.1676,179.216,0,0,0
1000,1,1,555,1,1,1,4336.46,18688.6,522.644,46.3844,0.805133,429.055,11061.1,121.86,23.1957,0.302342,98.3616,122.171,23.1887,0.0718272,98.9103,244.03,0,0,0
1000,1,1,556,1,1,1,4317.87,18642,503.512,46.3844,0.517824,410.155,11355.4,122.336,23.1957,0.302342,98.8381,83.761,23.1887,0.0718272,60.5005,206.097,0,0,0
1000,1,1,557,1,1,1,4316.94,18651.8,340.203,46.3844,0.482746,246.406,14269.4,108.058,23.1957,0.267264,84.5946,56.144,23.1887,0.0718272,32.8835,164.202,0,0,0
1000,1,1,558,1,1,1,4313.1,18630.3,334.203,46.3844,0.482746,240.389,14354.7,104.121,23.1957,0.267264,80.6583,54.0251,23.1887,0.0718272,30.7646,158.146,0,0,0
1000,1,1,559,1,1,1,4313.74,18635.1,530.072,46.3844,0.50112,436.809,10876.3,118.531,23.1957,0.267264,95.0678,134.386,23.1887,0.0902016,111.107,252.917,0,0,0
1000,1,1,560,1,1,1,4315.66,18717.9,423.903,46.3844,0.678182,330.154,12846.7,136.106,23.1957,0.462701,112.448,78.1697,23.1887,0.0718272,54.9092,214.276,0,0,0
1000,1,1,561,1,1,1,4315.98,18634.1,361.657,46.3844,0.770054,267.636,13882,73.1527,23.1957,0.267264,49.6898,106.557,23.1887,0.0718272,83.2969,179.71,0,0,0
1000,1,1,562,1,1,1,4333.22,18677.4,534.039,46.3844,0.821837,440.467,10847.4,121.897,23.1957,0.462701,98.2389,130.991,23.1887,0.0718272,107.73,252.888,0,0,0
1000,1,1,563,1,1,1,4327.41,18660.9,368.873,46.3844,0.482746,275.16,13768.8,75.2084,23.1957,0.267264,51.7454,111.03,23.1887,0.0718272,87.7692,186.238,0,0,0
1000,1,1,564,1,1,1,4326.28,18640.4,416.377,46.3844,0.537869,322.747,12902.9,81.6154,23.1957,0.267264,58.1525,120.015,23.1887,0.12695,96.6994,201.63,0,0,0
1000,1,1,565,1,1,1,4327.75,24679.8,601.595,52.1883,0.766714,502.63,15748.3,277.531,28.9996,0.551232,247.886,76.0455,23.1887,0.0718272,52.785,353.576,0,0,0
1000,1,1,566,1,1,1,4329.82,18707.6,518.279,46.3844,0.482746,425,11158.7,119.962,23.1957,0.267264,96.499,121.063,23.1887,0.0718272,97.8021,241.025,0,0,0
1000,1,1,567,1,1,1,4324.55,18638.7,362.67,46.3844,0.482746,268.939,13856.9,72.8026,23.1957,0.267264,49.3396,107.232,23.1887,0.0718272,83.9719,180.035,0,0,0
1000,1,1,568,1,1,1,4419.75,18744.8,514.213,46.3844,0.6264,420.778,11267.8,117.679,23.1957,0.267264,94.216,117.338,23.1887,0.0718272,94.077,235.016,0,0,0
1000,1,1,569,1,1,1,4317.26,18631.7,389.23,46.3844,0.482746,295.576,13377.6,77.459,23.1957,0.267264,53.996,118.498,23.1887,0.0718272,95.2375,195.957,0,0,0
1000,1,1,570,1,1,1,4326.54,18655.2,530.572,46.3844,0.482746,437.328,10887.7,119.769,23.1957,0.267264,96.3059,133.864,23.1887,0.0718272,110.604,253.633,0,0,0
1000,1,1,571,1,1,1,4316.74,18667.8,383.367,46.3844,0.482746,289.696,13517.9,129.564,23.1957,0.267264,106.101,70.3694,23.1887,0.0718272,47.1089,199.933,0,0,0
1000,1,1,572,1,1,1,4326.41,30651.8,736.113,57.9922,0.910368,631.75,19428.1,430.699,34.8035,0.694886,394.731,78.8141,23.1887,0.0718272,55.5535,509.513,0,0,0
1000,1,1,573,1,1,1,4319.11,18640.7,454.374,46.3844,0.482746,360.909,12228.1,76.9013,23.1957,0.267264,53.4383,126.75,23.1887,0.0718272,103.489,203.651,0,0,0
1000,1,1,574,1,1,1,4333.1,18657.8,435.263,46.3844,0.482746,341.742,12585.1,74.0714,23.1957,0.267264,50.6084,123.512,23.1887,0.0718272,100.251,197.583,0,0,0
1000,1,1,575,1,1,1,4335.27,18656.2,507.142,46.3844,0.517824,413.796,11305.1,107.639,23.1957,0.267264,84.1759,127.42,23.1887,0.106906,104.124,235.059,0,0,0
1000,1,1,576,1,1,1,4319.53,18677.6,525.562,46.3844,0.482746,432.304,10999.2,123.795,23.1957,0.267264,100.332,109.55,23.1887,0.0718272,86.2893,233.345,0,0,0
1000,1,1,577,1,1,1,4352.91,18667.7,540.682,46.3844,0.482746,447.468,10720.5,119.108,23.1957,0.267264,95.6454,129.332,23.1887,0.0718272,106.072,248.441,0,0,0
1000,1,1,578,1,1,1,4331.85,18677.5,525.81,46.3844,0.482746,432.553,10994.7,116.435,23.1957,0.267264,92.9725,129.616,23.1887,0.0718272,106.355,246.051,0,0,0
1000,1,1,579,1,1,1,4316.94,18636.3,475.492,46.3844,0.482746,382.089,11848.3,131.029,23.1957,0.267264,107.566,81.8335,23.1887,0.0718272,58.573,212.863,0,0,0
1000,1,1,580,1,1,1,4324.23,18639,383.513,46.3844,0.482746,289.842,13486.6,74.6525,23.1957,0.267264,51.1895,119.875,23.1887,0.0718272,96.6146,194.528,0,0,0
1000,1,1,581,1,1,1,4318.83,18640.7,413.733,46.3844,0.482746,320.15,12950.9,82.8355,23.1957,0.267264,59.3725,120.249,23.1887,0.0718272,96.9881,203.084,0,0,0
1000,1,1,582,1,1,1,4318.22,18633.3,373.484,46.3844,0.482746,279.784,13659.2,75.1398,23.1957,0.267264,51.6768,112.703,23.1887,0.0718272,89.4423,187.843,0,0,0
1000,1,1,583,1,1,1,4322.63,24746.6,611.627,52.1883,1.19267,512.265,15635.5,273.046,28.9996,0.942106,242.986,79.1794,23.1887,0.106906,55.8838,352.226,0,0,0
1000,1,1,584,1,1,1,4320.58,18649.9,414.349,46.3844,0.517824,320.733,12948.8,82.8489,23.1957,0.302342,59.3508,120.667,23.1887,0.0718272,97.4069,203.516,0,0,0
1000,1,1,585,1,1,1,4326.12,18645.5,454.743,46.3844,0.6264,361.135,12226,76.8995,23.1957,0.267264,53.4365,126.751,23.1887,0.0718272,103.491,203.651,0,0,0
1000,1,1,586,1,1,1,4407.55,18768.2,548.163,46.3844,0.517824,454.936,10687.7,126.38,23.1957,0.267264,102.917,136.094,23.1887,0.106906,112.798,262.474,0,0,0
1000,1,1,587,1,0,0,-1,-1,1137.47,23.1957,0.407578,1068.61,268501,-1,-1,-1,-1,-1,-1,-1,-1,-1,0,0,0
1000,1,1,588,1,1,1,4325.79,18674.3,535.405,46.3844,0.482746,442.176,10820.8,123.034,23.1957,0.267264,99.5708,131.09,23.1887,0.0718272,107.83,254.124,0,0,0
1000,1,1,589,1,1,1,4322.89,18654.7,507.94,46.3844,0.482746,414.631,11289.7,109.978,23.1957,0.267264,86.5149,129.448,23.1887,0.0718272,106.187,239.426,0,0,0
1000,1,1,590,1,1,1,4328.57,18681.5,544.719,46.3844,0.517824,451.482,10662.2,130.977,23.1957,0.267264,107.514,134.679,23.1887,0.106906,111.383,265.656,0,0,0
1000,1,1,591,1,0,0,-1,-1,665.131,23.1957,0.267264,595.046,254693,-1,-1,-1,-1,-1,-1,-1,-1,-1,0,0,0
1000,1,1,592,1,1,1,4359.17,18815,519.743,46.3844,0.517824,426.433,11239.8,124.511,23.1957,0.302342,101.013,94.9616,23.1887,0.0718272,71.7011,219.472,0,0,0
1000,1,1,593,1,1,1,4319.18,24662.2,459.414,52.1883,1.08743,359.715,18258.5,243.882,28.9996,0.871949,213.82,43.0104,23.1887,0.0718272,19.7499,286.893,0,0,0
1000,1,1,594,1,1,1,4366.46,18699,537.758,46.3844,0.517824,444.501,10803.5,120.612,23.1957,0.267264,97.1488,135.435,23.1887,0.106906,112.139,256.047,0,0,0
1000,1,1,595,1,1,1,4328.98,18727.5,349.585,46.3844,0.801792,255.497,14176.9,112.603,23.1957,0.567936,88.8395,59.3767,23.1887,0.0902016,36.0978,171.98,0,0,0
1000,1,1,596,1,1,1,4315.66,18652.5,501.798,46.3844,0.482746,408.471,11396.7,124.588,23.1957,0.267264,101.125,83.3495,23.1887,0.0718272,60.089,207.937,0,0,0
1000,1,1,597,1,1,1,4316.62,24642.3,670.732,52.1883,0.731635,572.002,14481.6,261.868,28.9996,0.516154,232.216,131.498,23.1887,0.0718272,108.237,393.366,0,0,0
1000,1,1,598,1,1,1,4321.61,18642.9,529.641,46.3952,0.50112,436.366,10892,121.702,23.2065,0.285638,98.21,114.383,23.1887,0.0718272,91.1225,236.085,0,0,0
1000,1,1,599,1,1,1,4319.28,18687.3,518.095,46.3844,0.908698,424.39,11140.5,120.002,23.1957,0.693216,96.1128,119.491,23.1887,0.0718272,96.2301,239.492,0,0,0
1000,1,1,600,1,1,1,4377.75,18739.1,506.664,46.3844,0.482746,413.352,11396.8,121.254,23.1957,0.267264,97.7913,85.2121,23.1887,0.0718272,61.9516,206.466,0,0,0
1000,1,1,601,1,1,1,4322.6,18649.5,522.824,46.3844,0.6264,429.414,11019.4,126.432,23.1957,0.267264,102.969,123.672,23.1887,0.0718272,100.412,250.105,0,0,0
1000,1,1,602,1,1,1,4338.78,18666.1,499.178,46.3844,1.01727,405.309,11455.6,99.7042,23.1957,0.658138,75.8503,122.021,23.1887,0.0718272,98.7605,221.725,0,0,0
1000,1,1,603,1,1,1,4328.58,18673.2,518.208,46.3844,0.517824,424.893,11125.3,120.558,23.1957,0.302342,97.0603,120.371,23.1887,0.0718272,97.1109,240.93,0,0,0
1000,1,1,604,1,1,1,4317.06,18632.5,397.92,46.3844,0.482746,304.291,13223.8,78.0148,23.1957,0.267264,54.5519,119.565,23.1887,0.0718272,96.3041,197.579,0,0,0
1000,1,1,605,1,1,1,4335.15,18712.5,533.384,46.3844,1.06906,439.563,10893.6,120.084,23.1957,0.853574,96.0352,136.47,23.1887,0.0718272,113.21,256.555,0,0,0
1000,1,1,606,1,1,3,16322,36665.9,888.326,75.3781,0.786758,767.621,23035.2,267.487,28.9996,0.516154,237.849,338.397,46.3784,0.12695,291.473,605.884,1,0,0
1000,1,1,607,1,1,1,4325.98,18675.5,498.929,46.3844,0.517824,405.558,11470.5,100.536,23.1957,0.302342,77.0379,121.483,23.1887,0.0718272,98.2226,222.019,0,0,0
1000,1,1,608,1,1,1,4331.52,18643.8,454.95,46.3844,0.482746,361.487,12221,77.5384,23.1957,0.267264,54.0754,127.006,23.1887,0.0718272,103.745,204.544,0,0,0
1000,1,1,609,1,1,1,4317.26,42651.5,699.661,69.6001,1.44323,583.371,32274.1,595.092,46.4114,1.22774,545.811,23.5959,23.1887,0.0718272,0.333888,618.688,0,0,0
1000,1,1,610,1,1,1,4357.54,24691,603.756,52.1883,0.75001,504.813,15720.9,276.45,28.9996,0.320717,247.036,77.9421,23.1887,0.141984,54.6114,354.392,0,0,0
1000,1,1,611,1,1,1,4322.15,18720.4,406.791,46.3844,0.6264,313.044,13153.6,135.44,23.1957,0.267264,111.977,77.2782,23.1887,0.0718272,54.0177,212.718,0,0,0
1000,1,1,612,1,1,1,4336.01,18650.8,543.557,46.3952,0.50112,450.323,10652.4,127.376,23.2065,0.285638,103.884,134.198,23.1887,0.0718272,110.937,261.574,0,0,0
1000,1,1,613,1,1,1,4395.95,18769.6,548.573,46.3844,0.661478,455.203,10681.4,125.386,23.1957,0.302342,101.888,134.635,23.1887,0.0718272,111.374,260.021,0,0,0
1000,1,1,614,1,1,1,4338.5,18654.3,464.346,46.3844,0.50112,370.892,12064.2,85.9686,23.1957,0.267264,62.5056,118.356,23.1887,0.0902016,95.0769,204.324,0,0,0
1000,1,1,615,1,1,1,4326.97,18659.8,532.487,46.3844,0.6264,439.106,10857.8,121.018,23.1957,0.267264,97.5549,130.664,23.1887,0.0718272,107.404,251.682,0,0,0
1000,1,1,616,1,1,1,4321.8,18641,442.052,46.3844,0.517824,348.516,12447.4,75.238,23.1957,0.302342,51.74,125.557,23.1887,0.0718272,102.296,200.795,0,0,0
1000,1,1,617,1,1,1,4318.91,18773.7,413.656,46.3844,0.517824,320.038,13085,137.363,23.1957,0.302342,113.865,79.2292,23.1887,0.0718272,55.9687,216.592,0,0,0
1000,1,1,618,1,1,1,4324.49,18677.3,469.279,46.3844,0.517824,375.823,11999.5,130.784,23.1957,0.302342,107.286,79.471,23.1887,0.0718272,56.2105,210.255,0,0,0
1000,1,1,619,1,1,1,4320.6,24692.8,602.256,52.1883,0.696557,503.362,15750,279.096,28.9996,0.481075,249.523,75.9841,23.1887,0.0718272,52.7236,355.08,0,0,0
1000,1,1,620,1,1,1,4341.22,18652.2,414.759,46.3844,0.482746,321.179,12944.1,82.2363,23.1957,0.267264,58.7733,120.907,23.1887,0.0718272,97.6469,203.144,0,0,0
1000,1,1,621,1,1,1,4348.14,18664.3,488.211,46.3844,0.913709,394.414,11648.9,95.5358,23.1957,0.267264,72.0729,119.353,23.1887,0.0718272,96.093,214.889,0,0,0
1000,1,1,622,1,1,1,4317.58,18678.6,524.695,46.3844,0.517824,431.4,11015.4,126.819,23.1957,0.302342,103.321,126.401,23.1887,0.0718272,103.141,253.22,0,0,0
1000,1,1,623,1,1,1,4341.35,18662.2,372.096,46.3844,0.6264,278.248,13712.4,74.1147,23.1957,0.267264,50.6517,111.719,23.1887,0.0718272,88.4587,185.834,0,0,0
1000,1,1,624,1,1,1,4346.55,18667.2,417.134,46.3844,0.552902,323.491,12916.4,81.6118,23.1957,0.267264,58.1489,120.102,23.1887,0.141984,96.7716,201.714,0,0,0
1000,1,1,625,1,1,1,4316.87,18645.2,425.747,46.3844,0.482746,332.199,12741.7,135.398,23.1957,0.267264,111.936,75.7838,23.1887,0.0718272,52.5233,211.182,0,0,0
1000,1,1,626,1,1,1,4340.69,18676.1,524.594,46.3844,0.696557,431.12,11014,127.335,23.1957,0.267264,103.872,125.744,23.1887,0.141984,102.413,253.079,0,0,0
1000,1,1,627,1,1,1,4324.84,18693,460.135,46.3844,0.482746,366.687,12178,136.097,23.1957,0.267264,112.634,76.448,23.1887,0.0718272,53.1875,212.545,0,0,0
1000,1,1,628,1,1,1,4317.26,24637,658.756,52.1883,0.927072,559.797,14688.8,266.177,28.9996,0.71159,236.344,92.0306,23.1887,0.0718272,68.7701,358.208,0,0,0
1000,1,1,629,1,1,1,4317.58,18642.1,513.837,46.3844,0.517824,420.509,11171.9,119.104,23.1957,0.302342,95.6057,124.098,23.1887,0.0718272,100.838,243.202,0,0,0
1000,1,1,630,1,1,1,4326.57,18654.2,529.793,46.3844,0.482746,436.547,10900.6,127.762,23.1957,0.267264,104.299,129.957,23.1887,0.0718272,106.696,257.719,0,0,0
1000,1,1,631,1,1,1,4327.56,18662.6,462.732,46.3844,0.482746,369.291,12101.4,137.052,23.1957,0.267264,113.589,77.9496,23.1887,0.0718272,54.689,215.001,0,0,0
1000,1,1,632,1,1,1,4323.47,18637.6,451.585,46.3844,0.482746,358.112,12274.7,75.3401,23.1957,0.267264,51.8772,128.177,23.1887,0.0718272,104.917,203.517,0,0,0
1000,1,1,633,1,1,1,4348.1,18670.9,529.396,46.3844,0.536198,436.096,10923.8,121.552,23.1957,0.267264,98.0891,131.829,23.1887,0.12528,108.515,253.381,0,0,0
1000,1,1,634,1,1,1,4345.61,18682,354.91,46.3844,0.713261,260.925,14037.5,70.1093,23.1957,0.497779,46.4158,106.897,23.1887,0.0718272,83.6362,177.006,0,0,0
1000,1,1,635,1,1,1,4328.12,18731.1,541.046,46.3844,0.517824,447.798,10777.1,118.541,23.1957,0.302342,95.0426,131.101,23.1887,0.0718272,107.84,249.642,0,0,0
1000,1,1,636,1,1,1,4349.68,18664.4,530.41,46.3844,0.770054,436.879,10899,121.106,23.1957,0.267264,97.6433,129.552,23.1887,0.0718272,106.292,250.659,0,0,0
1000,1,1,637,1,1,1,4330.63,24660,662.977,52.1883,0.891994,564.065,14637,265.775,28.9996,0.676512,235.974,126.679,23.1887,0.0718272,103.419,392.454,0,0,0
1000,1,1,638,0,0,0,-1,-1,312.561,23.206,0.71159,240.997,246509,-1,-1,-1,-1,-1,-1,-1,-1,-1,0,0,0
1000,1,1,639,1,1,1,4370.38,18709.6,542.042,46.3844,0.482746,448.832,10738.1,120.031,23.1957,0.267264,96.5676,129.94,23.1887,0.0718272,106.68,249.971,0,0,0
1000,1,1,640,1,1,1,4330.9,18655,417.233,46.3844,0.482746,323.66,12903,79.41,23.1957,0.267264,55.947,118.915,23.1887,0.0718272,95.6544,198.325,0,0,0
1000,1,1,641,1,1,1,4326.89,18642.3,432.446,46.3844,0.6264,338.774,12619.3,73.1617,23.1957,0.267264,49.6988,121.75,23.1887,0.0718272,98.4897,194.912,0,0,0
1000,1,1,642,1,1,1,4324.05,18655.6,526.658,46.3844,0.482746,433.403,10957.7,116.354,23.1957,0.267264,92.8913,130.68,23.1887,0.0718272,107.42,247.035,0,0,0
1000,1,1,643,1,1,1,4363.18,18777,523.623,46.3844,1.05235,429.79,11131.5,122.735,23.1957,0.658138,98.8814,121.118,23.1887,0.106906,97.822,243.853,0,0,0
1000,1,1,644,1,0,0,-1,-1,723.751,23.1957,0.462701,653.641,256340,-1,-1,-1,-1,-1,-1,-1,-1,-1,0,0,0
1000,1,1,645,1,1,1,4317.9,18632.4,462.777,46.3844,0.482746,369.336,12070.4,82.1623,23.1957,0.267264,58.6993,122.423,23.1887,0.0718272,99.1629,204.586,0,0,0
1000,1,1,646,1,1,1,4341.38,18717.8,464.465,46.3844,0.482746,371.029,12125.8,136.034,23.1957,0.267264,112.571,78.4729,23.1887,0.0718272,55.2124,214.507,0,0,0
1000,1,1,647,1,1,2,10348.1,24673.5,522.439,69.5741,0.519494,406.582,17450,131.011,23.1957,0.267264,107.548,156.82,46.3784,0.108576,110.333,287.831,1,0,0
1000,1,1,648,1,1,1,4376.51,18700.1,520.876,46.3844,0.517824,427.57,11104.8,121.919,23.1957,0.302342,98.4212,121.687,23.1887,0.0718272,98.4266,243.606,0,0,0
1000,1,1,649,1,1,1,4341.99,18680,466.953,46.3844,0.661478,373.346,12043.1,131.018,23.1957,0.267264,107.555,77.9648,23.1887,0.106906,54.6692,208.983,0,0,0
1000,1,1,650,1,1,2,4413.28,18783.7,530.984,69.5741,0.768384,414.904,11400.5,122.077,23.1957,0.267264,98.6143,110.01,46.3784,0.357466,63.2745,232.088,1,0,0
1000,1,1,651,1,1,1,4318.22,18658,498.743,46.3844,0.678182,405.212,11456,100.938,23.1957,0.462701,77.2797,121.072,23.1887,0.0718272,97.8111,222.01,0,0,0
1000,1,1,652,1,1,1,4317.41,24634.3,394.698,52.1883,0.731635,295.166,19382.1,211.23,28.9996,0.516154,181.433,33.066,23.1887,0.0718272,9.80548,244.296,0,0,0
1000,1,1,653,1,1,1,4353.47,18692.1,544.878,46.3844,0.482746,451.676,10670.2,129.289,23.1957,0.267264,105.826,135.21,23.1887,0.0718272,111.95,264.5,0,0,0
1000,1,1,654,1,1,1,4316.3,18646.1,486.538,46.3844,0.482746,393.167,11661.6,127.909,23.1957,0.267264,104.446,83.7159,23.1887,0.0718272,60.4554,211.624,0,0,0
1000,1,1,655,1,1,1,4319.18,24644.5,362.949,52.1883,0.536198,263.521,19957.4,194.223,28.9996,0.320717,164.571,26.4568,23.1887,0.0718272,3.1963,220.68,0,0,0
1000,1,1,656,1,1,1,4328.28,18646.8,485.067,46.3844,0.6264,391.548,11688.1,127.271,23.1957,0.267264,103.808,82.0158,23.1887,0.0718272,58.7553,209.287,0,0,0
1000,1,1,657,1,1,1,4336.14,18673.1,529.873,46.3844,0.482746,436.628,10918.1,122.126,23.1957,0.267264,98.663,128.906,23.1887,0.0718272,105.646,251.032,0,0,0
1000,1,1,658,1,1,1,4414.01,18739.9,362.641,46.3844,1.00057,268.392,13957,72.5729,23.1957,0.497779,48.8794,107.449,23.1887,0.0718272,84.1885,180.022,0,0,0
1000,1,1,659,1,1,1,4316.94,24645.5,601.943,52.1883,0.731635,503.014,15708,278.145,28.9996,0.516154,248.541,76.0581,23.1887,0.0718272,52.7976,354.203,0,0,0
1000,1,1,660,1,1,1,4324.62,24711.8,565.146,52.1883,0.50112,466.34,16429.4,286.683,28.9996,0.285638,257.325,80.4059,23.1887,0.0718272,57.1454,367.089,0,0,0
1000,1,1,661,1,1,1,4321.78,18645,371.967,46.3844,0.482746,278.262,13697.9,73.1888,23.1957,0.267264,49.7258,112.16,23.1887,0.0718272,88.899,185.348,0,0,0
1000,1,1,662,1,1,1,4322.44,18637.9,391.33,46.3844,0.482746,297.682,13346.4,78.9425,23.1957,0.267264,55.4796,119.57,23.1887,0.0718272,96.3095,198.513,0,0,0
1000,1,1,663,1,1,1,4320.66,24678.3,553.03,52.1883,1.12251,453.568,16609.7,291.586,28.9996,0.907027,261.626,75.4355,23.1887,0.0718272,52.175,367.022,0,0,0
1000,1,1,664,1,1,1,4320.06,18657.3,521.801,46.3844,0.482746,428.532,11045.8,121.63,23.1957,0.267264,98.1667,122.075,23.1887,0.0718272,98.8146,243.705,0,0,0
1000,1,1,665,1,1,2,10326.5,24643.2,606.481,69.5741,0.663149,490.725,15924.9,77.8596,23.1957,0.267264,54.3967,283.448,46.3784,0.25223,236.817,361.307,1,0,0
1000,1,1,666,1,0,0,-1,-1,1174.78,28.9996,0.516154,1100.28,270802,-1,-1,-1,-1,-1,-1,-1,-1,-1,0,0,0
1000,1,1,667,1,1,1,4345.56,18660,530.913,46.3844,0.517824,437.635,10886.3,118.565,23.1957,0.267264,95.1021,133.34,23.1887,0.106906,110.044,251.905,0,0,0
1000,1,1,668,1,1,1,4340.52,18670.4,512.909,46.3844,0.482746,419.614,11217,118.219,23.1957,0.267264,94.7556,124.068,23.1887,0.0718272,100.807,242.286,0,0,0
1000,1,1,669,1,1,1,4318.54,18685.5,382.296,46.3844,0.482746,288.622,13554.6,130.071,23.1957,0.267264,106.608,69.9579,23.1887,0.0718272,46.6974,200.029,0,0,0
1000,1,1,670,1,1,1,4328.07,18641.6,404.832,46.3844,0.482746,311.223,13110,81.4747,23.1957,0.267264,58.0117,120.063,23.1887,0.0718272,96.8023,201.537,0,0,0
1000,1,1,671,1,1,1,4335.62,18662.3,484.312,46.3952,0.50112,390.905,11717.4,93.3559,23.2065,0.285638,69.8638,119.104,23.1887,0.0718272,95.8439,212.46,0,0,0
1000,1,1,672,1,1,1,4316.3,18747.9,423.853,46.3844,0.517824,330.264,12877.9,136.101,23.1957,0.302342,112.603,77.3522,23.1887,0.0718272,54.0917,213.453,0,0,0
1000,1,1,673,1,1,2,10346.4,24664.4,649.769,69.5741,0.519494,534.282,15176.8,96.4599,23.1957,0.267264,72.9969,280.438,46.3784,0.108576,233.951,376.898,1,0,0
1000,1,1,674,1,1,1,4322.47,18649,430.22,46.3844,0.517824,336.649,12665.7,134.322,23.1957,0.302342,110.824,76.1141,23.1887,0.0718272,52.8536,210.436,0,0,0
1000,1,1,675,1,1,1,4320.07,18645.1,532.474,46.3844,0.482746,439.236,10843.8,121.397,23.1957,0.267264,97.9339,116.48,23.1887,0.0718272,93.2197,237.877,0,0,0
1000,1,1,676,1,1,1,4333.42,18678.6,384.273,46.3844,0.517824,290.569,13512.4,74.8374,23.1957,0.302342,51.3393,120.202,23.1887,0.0718272,96.9412,195.039,0,0,0
1000,1,1,677,1,1,1,4317.58,18642.7,386.515,46.3844,0.517824,292.818,13436.6,76.4292,23.1957,0.302342,52.9312,117.702,23.1887,0.0718272,94.4416,194.131,0,0,0
1000,1,1,678,1,1,1,4340.17,18689.5,440.51,46.3952,0.571277,346.906,12523,132.193,23.2065,0.355795,108.631,79.8157,23.1887,0.0718272,56.5552,212.009,0,0,0
1000,1,1,679,1,1,1,4321.71,18662.1,393.185,46.3844,0.482746,299.543,13337.6,132.081,23.1957,0.267264,108.618,73.369,23.1887,0.0718272,50.1085,205.45,0,0,0
1000,1,1,680,1,1,1,4348.83,18708,523.163,46.3844,0.482746,429.898,11072.3,121.211,23.1957,0.267264,97.748,123.564,23.1887,0.0718272,100.304,244.775,0,0,0
1000,1,1,681,0,0,0,-1,-1,345.866,23.206,0.58631,274.525,247188,-1,-1,-1,-1,-1,-1,-1,-1,-1,0,0,0
1000,1,1,682,1,1,1,4315.72,18640.1,475.424,46.3844,0.678182,381.825,11852.8,93.0151,23.1957,0.462701,69.3567,116.836,23.1887,0.0718272,93.5753,209.851,0,0,0
1000,1,1,683,1,1,1,4359.15,18679.9,518.75,46.3844,0.552902,425.402,11122.2,120.025,23.1957,0.267264,96.5622,120.135,23.1887,0.141984,96.8041,240.16,0,0,0
1000,1,1,684,1,1,1,4342.18,18674.1,486.498,46.3844,0.482746,393.127,11690.4,95.7831,23.1957,0.267264,72.3201,119.723,23.1887,0.0718272,96.463,215.507,0,0,0
1000,1,1,685,1,1,1,4446.34,18810.4,549.063,46.3844,0.517824,455.838,10713.9,126.254,23.1957,0.302342,102.756,136.517,23.1887,0.0718272,113.257,262.771,0,0,0
1000,1,1,686,0,0,0,-1,-1,513.228,23.206,0.516154,442.443,250806,-1,-1,-1,-1,-1,-1,-1,-1,-1,0,0,0
1000,1,1,687,1,1,1,4318.23,18640,484.589,46.3844,0.482746,391.212,11690.2,126.84,23.1957,0.267264,103.377,82.0988,23.1887,0.0718272,58.8383,208.939,0,0,0
1000,1,1,688,1,1,1,4316.94,18644.7,352.954,46.3844,0.482746,259.195,14035.6,115.028,23.1957,0.267264,91.5647,62.4987,23.1887,0.0718272,39.2382,177.526,0,0,0
1000,1,1,689,1,1,1,4314.06,18632.2,516.776,46.3844,0.482746,423.493,11110.1,116.999,23.1957,0.267264,93.5356,121.985,23.1887,0.0718272,98.7244,238.983,0,0,0
1000,1,1,690,1,1,1,4318.9,18633.2,373.739,46.3844,0.482746,280.04,13654.5,75.0225,23.1957,0.267264,51.5595,114.127,23.1887,0.0718272,90.8663,189.149,0,0,0
1000,1,1,691,1,1,1,4330.96,18651.2,423.679,46.3844,0.482746,330.125,12784.5,77.4409,23.1957,0.267264,53.978,116.885,23.1887,0.0718272,93.624,194.325,0,0,0
1000,1,1,692,0,0,0,-1,-1,1000.73,23.206,0.516154,931.363,263426,-1,-1,-1,-1,-1,-1,-1,-1,-1,0,0,0
1000,1,1,693,1,1,1,4318.73,18651.7,520.774,46.3844,0.517824,427.467,11058.2,124.071,23.1957,0.302342,100.572,122.636,23.1887,0.0718272,99.3759,246.707,0,0,0
1000,1,1,694,1,1,1,4319.96,18696.8,521.227,46.3844,0.517824,427.922,11095.2,123.201,23.1957,0.302342,99.7026,121.185,23.1887,0.0718272,97.9248,244.386,0,0,0
1000,1,1,695,1,1,1,4329,18644.1,433.899,46.3844,0.770054,340.087,12594.9,73.5859,23.1957,0.267264,50.1229,123.084,23.1887,0.0718272,99.8235,196.67,0,0,0
1000,1,1,696,1,1,1,4320.9,18647.6,510.667,46.3844,0.482746,417.365,11234.1,114.246,23.1957,0.267264,90.7832,123.896,23.1887,0.0718272,100.636,238.142,0,0,0
1000,1,1,697,1,1,1,4348.21,18714.5,485.597,46.3844,0.661478,392.044,11746.1,94.9248,23.1957,0.302342,71.4268,119.092,23.1887,0.0718272,95.8313,214.017,0,0,0
1000,1,1,698,1,1,1,4336.52,18724.1,464.385,46.3844,0.552902,370.879,12133,136.811,23.1957,0.337421,113.278,77.9532,23.1887,0.0718272,54.6927,214.765,0,0,0
1000,1,1,699,1,0,0,-1,-1,1177.83,23.1957,0.267264,1109.23,271239,-1,-1,-1,-1,-1,-1,-1,-1,-1,0,0,0
1000,1,1,700,1,1,1,4334.38,18677.6,484.365,46.3844,0.517824,390.952,11731.5,94.0332,23.1957,0.302342,70.5352,118.967,23.1887,0.0718272,95.7067,213,0,0,0
1000,1,1,701,1,1,1,4318.66,18633.2,496.758,46.3844,0.482746,403.416,11467,99.7537,23.1957,0.267264,76.2907,120.891,23.1887,0.0718272,97.6307,220.645,0,0,0
1000,1,1,702,1,1,1,4315.34,24630.1,623.338,52.1883,0.536198,524.666,15312.7,226.025,28.9996,0.320717,196.467,119.539,23.1887,0.0718272,96.2789,345.564,0,0,0
1000,1,1,703,1,1,1,4326.05,18642.4,476.565,46.3844,0.482746,383.164,11835.2,93.3232,23.1957,0.267264,69.8602,116.742,23.1887,0.0718272,93.4814,210.065,0,0,0
1000,1,1,704,1,1,1,4337.16,18680.3,476.664,46.3844,0.748339,382.998,11870.5,132.526,23.1957,0.462701,108.867,80.2107,23.1887,0.141984,56.8801,212.736,0,0,0
1000,1,1,705,1,1,1,4317.58,24651.8,533.13,52.1883,0.641434,434.09,16937.7,287.858,28.9996,0.425952,258.372,68.7938,23.1887,0.0718272,45.5333,356.652,0,0,0
1000,1,1,706,1,1,1,4315.98,18636.2,393.318,46.3844,0.517824,299.64,13309.1,77.5446,23.1957,0.302342,54.0465,119.583,23.1887,0.0718272,96.3222,197.127,0,0,0
1000,1,1,707,1,1,1,4335.59,18651.8,374.106,46.3844,0.482746,280.408,13666.6,73.7537,23.1957,0.267264,50.2908,114.253,23.1887,0.0718272,90.9926,188.007,0,0,0
1000,1,1,708,1,1,1,4324.49,18660.6,363.135,46.3844,0.482746,269.404,13870.5,73.7663,23.1957,0.267264,50.3034,107.518,23.1887,0.0718272,84.2571,181.284,0,0,0
1000,1,1,709,1,1,1,4317.9,18665.1,322.863,46.3844,0.517824,228.98,14590.8,96.5311,23.1957,0.302342,73.033,50.2657,23.1887,0.0718272,27.0052,146.797,0,0,0
1000,1,1,710,1,1,1,4323.53,18642.7,357.827,46.3844,0.517824,264.046,13946.7,71.6565,23.1957,0.267264,48.1936,107.125,23.1887,0.106906,83.8294,178.781,0,0,0
1000,1,1,711,1,1,1,4317.58,18673.9,403.79,46.3844,0.482746,310.178,13160.9,134.655,23.1957,0.267264,111.192,78.3827,23.1887,0.0718272,55.1222,213.038,0,0,0
1000,1,1,712,1,1,1,4316.3,18634,349.791,46.3844,0.482746,256.022,14081.2,68.8465,23.1957,0.267264,45.3835,106.437,23.1887,0.0718272,83.176,175.283,0,0,0
1000,1,1,713,1,1,1,4321.9,18700.9,428.082,46.3844,0.713261,334.31,12755.2,137.434,23.1957,0.497779,113.74,75.6214,23.1887,0.0718272,52.3609,213.055,0,0,0
1000,1,1,714,1,1,1,4331.72,18647.5,494.866,46.3844,0.482746,401.519,11514.9,97.4832,23.1957,0.267264,74.0203,120.842,23.1887,0.0718272,97.5819,218.326,0,0,0
1000,1,1,715,1,1,1,4323.11,18681.7,507.531,46.3844,0.856915,413.846,11322.8,107.691,23.1957,0.497779,83.9972,127.037,23.1887,0.0718272,103.776,234.727,0,0,0
1000,1,1,716,1,0,0,-1,-1,726.811,23.1957,0.407578,656.765,256509,-1,-1,-1,-1,-1,-1,-1,-1,-1,0,0,0
1000,1,1,717,1,1,1,4331.82,18650.2,464.173,46.3844,0.482746,370.737,12063.4,85.4362,23.1957,0.267264,61.9732,118.96,23.1887,0.0718272,95.6995,204.396,0,0,0
1000,1,1,718,1,1,1,4331.52,18701.4,532.327,46.3844,0.517824,439.054,10902.5,129.634,23.1957,0.267264,106.171,130.405,23.1887,0.106906,107.109,260.039,0,0,0
1000,1,1,719,1,1,1,4407.43,18750.1,547.74,46.3844,0.482746,454.546,10677.3,125.342,23.1957,0.267264,101.879,135.765,23.1887,0.0718272,112.504,261.107,0,0,0
1000,1,1,720,1,1,1,4331.27,18658.3,507.257,46.3844,0.517824,413.911,11305.2,107.872,23.1957,0.267264,84.4087,126.703,23.1887,0.106906,103.408,234.575,0,0,0
1000,1,1,721,1,1,1,4333.13,18656.8,513.625,46.3844,0.482746,420.333,11190.7,120.027,23.1957,0.267264,96.564,91.9584,23.1887,0.0718272,68.6979,211.985,0,0,0
1000,1,1,722,1,1,1,4364.8,18726,520.115,46.3844,0.587981,426.736,11143.8,121.818,23.1957,0.302342,98.3201,121.737,23.1887,0.141984,98.4067,243.556,0,0,0
1000,1,1,723,1,1,1,4314.7,18635.8,353.169,46.3844,0.482746,259.409,14022.9,115.107,23.1957,0.267264,91.6441,62.7351,23.1887,0.0718272,39.4746,177.842,0,0,0
1000,1,1,724,1,1,1,4325.83,18653.4,393.205,46.3844,0.482746,299.563,13328.6,131.354,23.1957,0.267264,107.891,73.9934,23.1887,0.0718272,50.7329,205.347,0,0,0
1000,1,1,725,1,1,1,4344.97,18681.9,534.103,46.3844,0.517824,440.835,10851.4,121.859,23.1957,0.267264,98.3959,131.399,23.1887,0.106906,108.104,253.258,0,0,0
1000,1,1,726,1,1,1,4319.18,18662.5,490.2,46.3844,0.482746,396.839,11612.9,130.625,23.1957,0.267264,107.162,83.012,23.1887,0.0718272,59.7515,213.637,0,0,0
1000,1,1,727,1,1,1,4320.58,18656.8,508.657,46.3844,0.482746,415.349,11279,108.684,23.1957,0.267264,85.2209,126.824,23.1887,0.0718272,103.563,235.507,0,0,0
1000,1,1,728,1,1,1,4324.26,24645.1,490.78,52.1883,0.696557,391.562,17684.6,261.213,28.9996,0.481075,231.596,54.6117,23.1887,0.0718272,31.3512,315.824,0,0,0
1000,1,1,729,1,1,1,4320.26,18633.5,404.67,46.3844,0.482746,311.061,13104.8,79.8269,23.1957,0.267264,56.3639,122.333,23.1887,0.0718272,99.0727,202.16,0,0,0
1000,1,1,730,1,1,1,4326.92,18672.6,402.403,46.3844,0.482746,308.787,13184.2,134.229,23.1957,0.267264,110.766,78.3773,23.1887,0.0718272,55.1168,212.606,0,0,0
1000,1,1,731,1,1,1,4329.65,18646.7,489.48,46.3844,0.482746,396.118,11609.9,96.3209,23.1957,0.267264,72.858,119.944,23.1887,0.0718272,96.6831,216.265,0,0,0
1000,1,1,732,1,1,1,4317.23,18636.4,461.7,46.3844,0.482746,368.257,12093.6,81.296,23.1957,0.267264,57.833,121.384,23.1887,0.0718272,98.1234,202.68,0,0,0
1000,1,1,733,1,1,1,4335.93,18661.4,485.225,46.3844,0.517824,391.815,11700,127.422,23.1957,0.302342,103.924,82.2757,23.1887,0.0718272,59.0152,209.698,0,0,0
1000,1,1,734,1,1,1,4315.66,18756.9,413.868,46.3844,0.482746,320.285,13064.6,137.229,23.1957,0.267264,113.766,79.4854,23.1887,0.0718272,56.2249,216.714,0,0,0
1000,1,1,735,1,1,1,4339.11,18658.9,421.5,46.3844,0.482746,327.939,12830.9,78.2134,23.1957,0.267264,54.7504,116.693,23.1887,0.0718272,93.4327,194.907,0,0,0
1000,1,1,736,1,1,1,4330.12,18658.3,384.012,46.3844,0.6264,290.199,13496.6,74.768,23.1957,0.267264,51.305,120.05,23.1887,0.0718272,96.7896,194.818,0,0,0
1000,1,1,737,1,1,1,4340.5,18656.7,446.583,46.3844,0.770054,352.808,12381.9,76.571,23.1957,0.267264,53.108,126.838,23.1887,0.0718272,103.577,203.409,0,0,0
1000,1,1,738,1,1,1,4326.7,18657.6,523.021,46.3844,0.661478,429.577,11023.7,126.865,23.1957,0.267264,103.402,123.915,23.1887,0.106906,100.619,250.78,0,0,0
1000,1,1,739,1,1,2,10325.4,24763.6,494.023,69.5741,0.75001,377.853,18044.8,134.472,23.1957,0.497779,110.779,147.603,46.3784,0.108576,101.116,282.075,1,0,0
1000,1,1,740,1,1,1,4328.62,18714.3,537.178,46.3844,0.482746,443.954,10829.4,122.611,23.1957,0.267264,99.1485,119.44,23.1887,0.0718272,96.1796,242.052,0,0,0
1000,1,1,741,1,1,1,4326.89,18643,478.373,46.3844,0.482746,384.978,11803.7,92.0093,23.1957,0.267264,68.5463,118.628,23.1887,0.0718272,95.3674,210.637,0,0,0
1000,1,1,742,1,1,1,4337.9,18791.8,411.89,46.3844,0.482746,318.302,13134.7,137.463,23.1957,0.267264,114,79.6605,23.1887,0.0718272,56.4,217.124,0,0,0
1000,1,1,743,1,1,1,4315.02,18642.8,429.449,46.3844,0.517824,335.877,12673.3,135.535,23.1957,0.302342,112.037,76.1556,23.1887,0.0718272,52.8951,211.69,0,0,0
1000,1,1,744,1,1,1,4315.98,18673,415.585,46.3952,0.536198,321.944,12949.9,135.076,23.2065,0.320717,111.549,78.879,23.1887,0.0718272,55.6185,213.956,0,0,0
1000,1,1,745,1,0,0,-1,-1,814.181,23.1957,0.302342,744.494,258712,-1,-1,-1,-1,-1,-1,-1,-1,-1,0,0,0
1000,1,1,746,1,1,1,4319.79,18666.9,544.171,46.3844,0.713261,450.736,10656.9,129.425,23.1957,0.462701,105.767,133.959,23.1887,0.106906,110.663,263.384,0,0,0
1000,1,1,747,1,1,1,4323.27,18655.2,490.11,46.3844,0.482746,396.749,11607.2,130.275,23.1957,0.267264,106.812,83.3676,23.1887,0.0718272,60.1071,213.642,0,0,0
1000,1,1,748,1,1,1,4325.3,18654.1,515.131,46.3844,0.482746,421.843,11161.1,119.782,23.1957,0.267264,96.3186,121.869,23.1887,0.0718272,98.6089,241.651,0,0,0
1000,1,1,749,1,1,1,4323.11,18674.3,400.63,46.3844,0.482746,307.009,13217.4,134.7,23.1957,0.267264,111.237,78.0272,23.1887,0.0718272,54.7667,212.727,0,0,0
1000,1,1,750,1,1,1,4341.26,18714.8,463.834,46.3844,0.552902,370.327,12133.6,136.26,23.1957,0.302342,112.762,77.8366,23.1887,0.106906,54.5411,214.097,0,0,0
1000,1,1,751,1,0,0,-1,-1,1043.53,23.1957,0.267264,974.541,264616,-1,-1,-1,-1,-1,-1,-1,-1,-1,0,0,0
1000,1,1,752,1,1,1,4328.69,18646.4,423.173,46.3844,0.482746,329.618,12788.7,77.5961,23.1957,0.267264,54.1332,116.737,23.1887,0.0718272,93.476,194.333,0,0,0
1000,1,1,753,1,1,1,4343.05,18658.4,447.264,46.3844,0.482746,353.779,12372.3,76.0855,23.1957,0.267264,52.6226,126.078,23.1887,0.0718272,102.818,202.164,0,0,0
1000,1,1,754,1,1,1,4390.91,18710,484.53,46.3844,0.731635,390.903,11760.1,93.1661,23.1957,0.267264,69.7032,120.108,23.1887,0.177062,96.7427,213.275,0,0,0
1000,1,1,755,1,1,2,10334.6,24652.4,698.854,69.5741,0.519494,583.51,14291.9,126.929,23.1957,0.267264,103.466,299.783,46.3784,0.108576,253.296,426.712,1,0,0
1000,1,1,756,1,1,1,4319.75,18664.4,482.592,46.3844,0.482746,389.209,11750.1,128.598,23.1957,0.267264,105.135,81.3769,23.1887,0.0718272,58.1164,209.975,0,0,0
1000,1,1,757,1,1,1,4314.38,18629.2,450.046,46.3844,0.482746,356.569,12293.6,74.703,23.1957,0.267264,51.2401,127.361,23.1887,0.0718272,104.101,202.064,0,0,0
1000,1,1,758,1,1,1,4329.54,18664.9,493.641,46.3844,0.482746,400.29,11554.1,127.836,23.1957,0.267264,104.373,82.7377,23.1887,0.0718272,59.4772,210.574,0,0,0
1000,1,1,759,1,1,1,4372.26,24695.1,651.675,52.1883,0.927072,552.695,14872.8,266.948,28.9996,0.71159,237.116,85.2897,23.1887,0.0718272,62.0292,352.237,0,0,0
1000,1,1,760,1,1,1,4343.89,18665.1,509.107,46.3844,0.517824,415.766,11279.1,112.452,23.1957,0.267264,88.9893,126.086,23.1887,0.106906,102.791,238.538,0,0,0
1000,1,1,761,1,1,1,4328.78,18648.8,539.583,46.3844,0.517824,446.331,10720.9,119.614,23.1957,0.267264,96.1507,126.693,23.1887,0.106906,103.397,246.306,0,0,0
1000,1,1,762,1,1,1,4317.9,18635.5,527.939,46.3844,0.482746,434.688,10914.9,126.981,23.1957,0.267264,103.518,126.253,23.1887,0.0718272,102.993,253.234,0,0,0
1000,1,1,763,1,1,1,4324.78,18638.3,383.651,46.3844,0.6264,289.836,13483,73.9342,23.1957,0.267264,50.4712,119.83,23.1887,0.0718272,96.5694,193.764,0,0,0
1000,1,1,764,1,1,1,4315.98,18653.6,466.871,46.3844,0.482746,373.442,12018.8,130.926,23.1957,0.267264,107.463,78.2239,23.1887,0.0718272,54.9634,209.15,0,0,0
1000,1,1,765,1,1,1,4377.1,18704.3,454.387,46.3844,0.678182,360.727,12291,76.7881,23.1957,0.462701,53.1297,129.505,23.1887,0.0718272,106.245,206.294,0,0,0
1000,1,1,766,1,1,1,4327.56,18675.4,403.85,46.3844,0.482746,310.238,13161.3,134.516,23.1957,0.267264,111.053,78.4928,23.1887,0.0718272,55.2323,213.009,0,0,0
1000,1,1,767,0,0,0,-1,-1,828.382,23.206,0.71159,758.317,259104,-1,-1,-1,-1,-1,-1,-1,-1,-1,0,0,0
1000,1,1,768,1,1,1,4329.61,18675.4,346.821,46.3844,0.482746,253.044,14175.4,110.046,23.1957,0.267264,86.5835,58.3242,23.1887,0.0718272,35.0637,168.371,0,0,0
1000,1,1,769,1,1,2,10322.5,24670.3,679.974,69.5741,0.912038,564.182,14644.1,118.102,23.1957,0.372499,94.5336,285.692,46.3784,0.395885,238.918,403.794,1,0,0
1000,1,1,770,1,1,1,4316.3,18676.4,501.464,46.3844,0.517824,408.101,11426.2,103.824,23.1957,0.302342,80.3262,122.324,23.1887,0.0718272,99.0637,226.148,0,0,0
1000,1,1,771,1,1,1,4324.49,18661.7,399.501,46.3952,0.536198,305.813,13224.7,133.82,23.2065,0.320717,110.293,77.733,23.1887,0.0718272,54.4725,211.553,0,0,0
1000,1,1,772,0,0,0,-1,-1,799.444,23.206,1.10246,728.905,258119,-1,-1,-1,-1,-1,-1,-1,-1,-1,0,0,0
1000,1,1,773,1,1,1,4317.26,18634.2,503.51,46.3844,0.482746,410.188,11348,104.758,23.1957,0.267264,81.2954,124.468,23.1887,0.0718272,101.208,229.227,0,0,0
1000,1,1,774,1,1,1,4348.74,18664.8,538.738,46.3952,0.50112,445.49,10752,117.044,23.2065,0.285638,93.5518,130.67,23.1887,0.0718272,107.409,247.714,0,0,0
1000,1,1,775,1,1,1,4336.98,18657.4,519.522,46.3844,0.552902,426.176,11085.9,120.213,23.1957,0.267264,96.7499,121.028,23.1887,0.141984,97.6974,241.241,0,0,0
1000,1,1,776,1,1,1,4322.51,18659.7,519.02,46.3844,0.482746,425.743,11097.7,123.696,23.1957,0.267264,100.233,120.144,23.1887,0.0718272,96.8835,243.84,0,0,0
1000,1,1,777,1,1,1,4314.7,18653.1,500.072,46.3844,0.517824,406.704,11427.7,126.086,23.1957,0.302342,102.588,82.1223,23.1887,0.0718272,58.8617,208.209,0,0,0
1000,1,1,778,1,1,1,4320.62,18646.9,513.428,46.3844,0.517824,420.1,11184,120.331,23.1957,0.302342,96.8329,120.864,23.1887,0.0718272,97.6036,241.195,0,0,0
1000,1,1,779,1,1,1,4336.37,18655.5,530.651,46.3844,0.482746,437.408,10886.6,118.686,23.1957,0.267264,95.2231,133.146,23.1887,0.0718272,109.885,251.832,0,0,0
1000,1,1,780,1,1,1,4317.9,30661.8,659.818,57.9922,0.998899,555.146,20794.1,423.89,34.8035,0.765043,387.83,63.5043,23.1887,0.0902016,40.2254,487.394,0,0,0
1000,1,1,781,1,1,1,4319.3,18673.1,538.825,46.3844,0.517824,445.571,10758.6,121.842,23.1957,0.302342,98.3436,121.981,23.1887,0.0718272,98.7208,243.823,0,0,0
1000,1,1,782,1,1,1,4326.09,18651.1,544.344,46.3844,0.482746,451.14,10638.7,129.17,23.1957,0.267264,105.707,134.138,23.1887,0.0718272,110.878,263.308,0,0,0
1000,1,1,783,1,1,1,4331.85,18653.4,513.483,46.3844,0.482746,420.19,11189.8,118.921,23.1957,0.267264,95.4577,123.505,23.1887,0.0718272,100.244,242.425,0,0,0
1000,1,1,784,1,1,1,4321.39,18673.5,504.638,46.3844,0.552902,411.249,11366.7,123.804,23.1957,0.337421,100.271,83.992,23.1887,0.0718272,60.7315,207.796,0,0,0
1000,1,1,785,1,0,0,-1,-1,1172.64,23.1957,0.267264,1104.03,270958,-1,-1,-1,-1,-1,-1,-1,-1,-1,0,0,0
1000,1,1,786,1,1,1,4327.78,18647.5,462.658,46.3844,0.482746,369.217,12087.7,81.9872,23.1957,0.267264,58.5242,122.108,23.1887,0.0718272,98.8471,204.095,0,0,0
1000,1,1,787,1,1,1,4325.45,18685.4,546.518,46.3844,0.482746,453.321,10634.4,124.671,23.1957,0.267264,101.208,133.731,23.1887,0.0718272,110.47,258.401,0,0,0
1000,1,1,788,1,1,1,4328.74,18646.1,427.288,46.3844,0.6264,333.601,12714.8,75.5351,23.1957,0.267264,52.0721,118.536,23.1887,0.0718272,95.2754,194.071,0,0,0
1000,1,1,789,1,1,1,4330.12,18648.6,510.492,46.3844,0.482746,417.19,11238.2,114.071,23.1957,0.267264,90.6082,123.746,23.1887,0.0718272,100.486,237.817,0,0,0
1000,1,1,790,1,1,1,4322.63,18773.2,531.341,46.3844,0.783418,437.799,10990.8,120.653,23.1957,0.567936,96.8889,134.084,23.1887,0.0718272,110.824,254.737,0,0,0
1000,1,1,791,1,1,1,4319.88,18715.3,321.321,46.3844,0.552902,227.399,14668.2,94.9906,23.1957,0.337421,71.4574,49.6413,23.1887,0.0718272,26.3808,144.632,0,0,0
1000,1,1,792,1,1,1,4331.02,18647.1,389.268,46.3844,0.770054,295.327,13391.5,77.7279,23.1957,0.267264,54.2649,118.823,23.1887,0.0718272,95.5624,196.551,0,0,0
1000,1,1,793,1,1,1,4337.85,24695.4,559.723,52.1883,0.536198,460.867,16509.2,290.59,28.9996,0.320717,261.212,79.1191,23.1887,0.0718272,55.8586,369.709,0,0,0
1000,1,1,794,1,1,1,4392.55,18726.6,520.541,46.3844,0.678182,427.073,11137,123.106,23.1957,0.462701,99.4481,123.725,23.1887,0.0718272,100.464,246.831,0,0,0
1000,1,1,795,1,1,1,4318.79,18651,534.171,46.3844,0.482746,440.938,10819.5,121.686,23.1957,0.267264,98.2226,131.142,23.1887,0.0718272,107.882,252.828,0,0,0
1000,1,1,796,1,1,1,4324.1,18686.9,522.441,46.3844,0.482746,429.174,11064,121.335,23.1957,0.267264,97.8725,121.7,23.1887,0.0718272,98.4392,243.035,0,0,0
1000,1,1,797,1,1,1,4318.34,18636.1,433.751,46.3844,0.482746,340.226,12590.3,73.6996,23.1957,0.267264,50.2366,123.126,23.1887,0.0718272,99.865,196.825,0,0,0
1000,1,1,798,1,1,1,4314.06,18628.3,318.462,46.3844,0.482746,224.602,14632.6,92.1428,23.1957,0.267264,68.6799,49.107,23.1887,0.0718272,25.8465,141.25,0,0,0
1000,1,1,799,1,1,2,10330.5,24657.5,596.091,69.5741,0.519494,480.449,16124.3,74.9395,23.1957,0.267264,51.4765,285.637,46.3784,0.108576,239.15,360.577,1,0,0
1000,1,1,800,1,1,1,4332.94,18660.8,367.346,46.3844,0.517824,273.593,13795.5,73.9729,23.1957,0.302342,50.4748,109.929,23.1887,0.0718272,86.6683,183.902,0,0,0
1000,1,1,801,1,1,1,4321.03,18700.7,360.874,46.3844,0.908698,266.712,13949.6,120.343,23.1957,0.693216,96.4539,65.5019,23.1887,0.0718272,42.2413,185.845,0,0,0
1000,1,1,802,1,1,1,4322.5,18700.3,521.549,46.3844,0.482746,428.279,11093.3,121.816,23.1957,0.267264,98.3526,121.678,23.1887,0.0718272,98.4175,243.494,0,0,0
1000,1,1,803,1,1,1,4323.65,18647.7,487.467,46.3844,0.482746,394.098,11646.7,95.0269,23.1957,0.267264,71.5639,119.386,23.1887,0.0718272,96.1255,214.413,0,0,0
1000,1,1,804,1,0,0,-1,-1,1114.27,23.1957,0.267264,1045.49,267308,-1,-1,-1,-1,-1,-1,-1,-1,-1,0,0,0
1000,1,1,805,1,1,1,4333.35,18653.9,540.923,46.3844,0.482746,447.71,10702.3,125.606,23.1957,0.267264,102.143,130.605,23.1887,0.0718272,107.344,256.21,0,0,0
1000,1,1,806,1,1,1,4318.54,18632.4,498.052,46.3844,0.482746,404.714,11443.2,100.456,23.1957,0.267264,76.9928,120.99,23.1887,0.0718272,97.7299,221.446,0,0,0
1000,1,1,807,1,1,1,4341.38,18657.4,507.228,46.3844,0.517824,413.882,11304.8,107.461,23.1957,0.302342,83.9629,125.809,23.1887,0.0718272,102.549,233.27,0,0,0
1000,1,1,808,1,1,1,4354.71,18666.3,378.533,46.3844,0.661478,284.669,13601.8,73.6851,23.1957,0.267264,50.2222,118.818,23.1887,0.106906,95.5226,192.503,0,0,0
1000,1,1,809,1,1,1,4316.94,18692.2,523.36,46.3844,0.517824,430.06,11052.7,127.092,23.1957,0.302342,103.594,123.855,23.1887,0.0718272,100.594,250.946,0,0,0
1000,1,1,810,0,0,0,-1,-1,615.422,23.206,0.781747,544.669,253420,-1,-1,-1,-1,-1,-1,-1,-1,-1,0,0,0
1000,1,1,811,1,1,1,4320.53,18650,515.637,46.3844,0.482746,422.35,11148.1,118.596,23.1957,0.267264,95.1328,117.994,23.1887,0.0718272,94.734,236.59,0,0,0
1000,1,1,812,1,1,1,4324.81,18643.5,517.26,46.3844,0.482746,423.978,11112.7,120.052,23.1957,0.267264,96.5893,120.505,23.1887,0.0718272,97.2444,240.557,0,0,0
1000,1,1,813,1,0,0,-1,-1,798.284,23.1957,0.302342,728.551,258106,-1,-1,-1,-1,-1,-1,-1,-1,-1,0,0,0
1000,1,1,814,1,1,1,4318.64,18658.9,416.515,46.3844,0.482746,322.94,12919.6,81.5559,23.1957,0.267264,58.0929,119.37,23.1887,0.0718272,96.1092,200.926,0,0,0
1000,1,1,815,1,1,1,4330.31,18645,493.105,46.3844,0.517824,399.718,11543.5,127.223,23.1957,0.267264,103.76,83.2059,23.1887,0.106906,59.9103,210.429,0,0,0
1000,1,1,816,1,1,1,4316.62,18662,363.626,46.3844,0.482746,269.897,13863.1,122.947,23.1957,0.267264,99.4842,66.5811,23.1887,0.0718272,43.3206,189.528,0,0,0
1000,1,1,817,1,1,1,4319.72,18644.9,543.161,46.3844,0.482746,449.955,10653.5,127.114,23.1957,0.267264,103.651,134.703,23.1887,0.0718272,111.443,261.818,0,0,0
1000,1,1,818,1,1,1,4321.21,18675.5,456.381,46.3844,0.482746,362.922,12227.2,135.249,23.1957,0.267264,111.786,76.3992,23.1887,0.0718272,53.1387,211.648,0,0,0
1000,1,1,819,0,0,0,-1,-1,1190.77,23.206,0.516154,1121.95,272083,-1,-1,-1,-1,-1,-1,-1,-1,-1,0,0,0
1000,1,1,820,1,1,1,4342.45,18686.7,439.637,46.3844,0.517824,346.094,12535.9,132.207,23.1957,0.302342,108.709,79.1443,23.1887,0.0718272,55.8838,211.351,0,0,0
1000,1,1,821,1,1,1,4318.79,18634.6,389.183,46.3844,0.482746,295.529,13381.3,77.7116,23.1957,0.267264,54.2487,118.552,23.1887,0.0718272,95.2916,196.264,0,0,0
1000,1,1,822,1,1,1,4330.34,18651.4,394.714,46.3844,0.678182,300.88,13299.2,77.5172,23.1957,0.462701,53.8588,119.057,23.1887,0.0718272,95.797,196.575,0,0,0
1000,1,1,823,1,1,1,4342.48,18673.4,529.222,46.3844,0.482746,435.975,10930,121.942,23.1957,0.267264,98.4789,113.412,23.1887,0.0718272,90.1516,235.354,0,0,0
1000,1,1,824,1,1,1,4344.37,18677.6,534.014,46.3844,0.482746,440.781,10848.9,121.191,23.1957,0.267264,97.7281,118.013,23.1887,0.0718272,94.752,239.204,0,0,0
1000,1,1,825,1,1,1,4348.28,18671.3,354.361,46.3844,0.517824,260.57,14037,69.4483,23.1957,0.302342,45.9502,107.648,23.1887,0.0718272,84.387,177.096,0,0,0
1000,1,1,826,1,1,1,4317.64,18647.6,419.662,46.3844,0.517824,326.061,12852.1,134.452,23.1957,0.302342,110.954,79.4457,23.1887,0.0718272,56.1852,213.897,0,0,0
1000,1,1,827,1,1,1,4325.58,18677.6,351.733,46.3844,0.517824,257.935,14090,115.261,23.1957,0.302342,91.7633,61.6757,23.1887,0.0718272,38.4152,176.937,0,0,0
1000,1,1,828,1,1,1,4358.94,18691.1,447.514,46.3844,0.6264,353.885,12400.2,76.8417,23.1957,0.267264,53.3788,127.67,23.1887,0.0718272,104.409,204.512,0,0,0
1000,1,1,829,1,1,1,4328.79,24663.6,664.357,52.1883,0.696557,565.644,14616.5,263.952,28.9996,0.481075,234.341,107.279,23.1887,0.0718272,84.0189,371.232,0,0,0
1000,1,1,830,0,0,0,-1,-1,648.857,34.8041,0.569606,567.133,253862,-1,-1,-1,-1,-1,-1,-1,-1,-1,0,0,0
1000,1,1,831,1,1,1,4317.9,30640.9,533.081,57.9922,1.14088,427.898,23026.9,359.82,34.8035,0.925402,323.417,29.2669,23.1887,0.0718272,6.00637,389.087,0,0,0
1000,1,1,832,1,1,1,4325.77,18654,540.738,46.3844,0.517824,447.489,10705.5,119.549,23.1957,0.267264,96.0857,128.006,23.1887,0.106906,104.711,247.555,0,0,0
1000,1,1,833,1,1,1,4341.07,18703.1,518.067,46.3844,1.10413,424.166,11156.4,120.063,23.1957,0.853574,96.0136,119.486,23.1887,0.106906,96.1904,239.549,0,0,0
1000,1,1,834,1,1,1,4337.98,18722.5,464.883,46.3844,0.678182,371.253,12122.6,136.614,23.1957,0.462701,112.955,78.3665,23.1887,0.0718272,55.106,214.98,0,0,0
1000,1,1,835,1,1,1,4345.35,18730.3,542.017,46.3844,0.552902,448.736,10758.8,125.725,23.1957,0.337421,102.191,135.86,23.1887,0.0718272,112.6,261.585,0,0,0
1000,1,1,836,1,1,1,4321.94,18658.7,352.447,46.3844,0.552902,258.615,14058.2,115.388,23.1957,0.337421,91.8553,62.2622,23.1887,0.0718272,39.0017,177.651,0,0,0
1000,1,1,837,1,1,1,4370.23,18770.1,531.655,46.3844,0.748339,438.149,10982.4,119.492,23.1957,0.497779,95.7988,135.229,23.1887,0.106906,111.934,254.722,0,0,0
1000,1,1,838,1,1,1,4339.28,18673.3,526.112,46.3952,0.50112,432.827,10985.1,116.658,23.2065,0.285638,93.1656,130.309,23.1887,0.0718272,107.048,246.966,0,0,0
1000,1,1,839,1,1,1,4325.06,18682.7,543.655,46.3844,0.517824,450.415,10682.3,121.049,23.1957,0.302342,97.5512,133.969,23.1887,0.0718272,110.708,255.018,0,0,0
1000,1,1,840,0,0,0,-1,-1,739.373,29.0099,0.800122,663.316,256594,-1,-1,-1,-1,-1,-1,-1,-1,-1,0,0,0
1000,1,1,841,1,1,1,4338.76,18705.2,545.61,46.3844,0.6264,452.267,10669.9,130.098,23.1957,0.267264,106.635,134.631,23.1887,0.0718272,111.371,264.729,0,0,0
1000,1,1,842,1,1,2,10342.6,24660,705.049,69.5741,0.681523,589.561,14188.8,122.402,23.1957,0.267264,98.9391,306.847,46.3784,0.270605,260.198,429.249,1,0,0
1000,1,1,843,0,0,0,-1,-1,458.529,23.206,0.551232,387.55,249665,-1,-1,-1,-1,-1,-1,-1,-1,-1,0,0,0
1000,1,1,844,1,1,1,4347.14,18663.6,531.013,46.3844,0.482746,437.77,10888.2,118.677,23.1957,0.267264,95.214,135.216,23.1887,0.0718272,111.955,253.893,0,0,0
1000,1,1,845,1,1,1,4325.35,18638.1,484.688,46.3844,0.482746,391.311,11686.5,126.279,23.1957,0.267264,102.816,83.068,23.1887,0.0718272,59.8075,209.347,0,0,0
1000,1,1,846,1,1,1,4321.7,18637.8,409.61,46.3844,0.482746,316.015,13021.3,81.5685,23.1957,0.267264,58.1055,120.173,23.1887,0.0718272,96.9123,201.741,0,0,0
1000,1,1,847,1,1,1,4331.94,18663.8,452.102,46.3844,0.678182,358.435,12291.2,132.342,23.1957,0.462701,108.683,77.3847,23.1887,0.0718272,54.1241,209.726,0,0,0
1000,1,1,848,1,1,1,4348.8,18671,531.65,46.3844,0.661478,438.231,10883.7,120.739,23.1957,0.302342,97.2408,131.081,23.1887,0.0718272,107.821,251.82,0,0,0
1000,1,1,849,1,1,1,4360.82,18678.9,407.339,46.3844,0.482746,313.737,13102.7,81.5486,23.1957,0.267264,58.0857,121.326,23.1887,0.0718272,98.0656,202.875,0,0,0
1000,1,1,850,1,1,1,4352.36,18719.2,521.244,46.3844,0.552902,427.904,11117.1,121.286,23.1957,0.302342,97.7877,121.973,23.1887,0.106906,98.6774,243.259,0,0,0
1000,1,1,851,1,1,1,4330.06,18647.8,514.527,46.3844,0.770054,420.95,11164.8,118.608,23.1957,0.267264,95.1454,121.272,23.1887,0.0718272,98.0115,239.88,0,0,0
1000,1,1,852,1,1,1,4319.11,18700.8,538.806,46.3844,0.517824,445.551,10786.7,122.287,23.1957,0.302342,98.7893,122.059,23.1887,0.0718272,98.7984,244.346,0,0,0
1000,1,1,853,1,1,1,4316.3,18661.3,474.925,46.3844,0.482746,381.52,11883.3,91.7476,23.1957,0.267264,68.2846,117.43,23.1887,0.0718272,94.169,209.177,0,0,0
1000,1,1,854,1,1,1,4347.72,18694.8,387.448,46.3844,0.552902,293.719,13471.9,130.702,23.1957,0.267264,107.239,72.1415,23.1887,0.141984,48.8108,202.844,0,0,0
1000,1,1,855,1,1,2,10335.4,24656.6,698.73,69.5741,0.519494,583.385,14298.4,123.478,23.1957,0.267264,100.015,301.906,46.3784,0.108576,255.419,425.384,1,0,0
1000,1,1,856,1,1,1,4355.88,18676,518.935,46.3844,0.517824,425.622,11115.2,118.098,23.1957,0.302342,94.6004,122.645,23.1887,0.0718272,99.3849,240.744,0,0,0
1000,1,1,857,1,1,1,4329.02,18643.8,503.923,46.406,0.554573,410.509,11349.9,123.282,23.2173,0.304013,99.7603,84.1679,23.1887,0.106906,60.8723,207.45,0,0,0
1000,1,1,858,1,1,1,4358.5,18689.3,462.573,46.3844,0.623059,368.991,12130,81.6036,23.1957,0.302342,58.1055,121.875,23.1887,0.177062,98.5096,203.479,0,0,0
1000,1,1,859,1,1,1,4325.26,18659.8,375.832,46.3844,0.482746,282.139,13643.9,74.167,23.1957,0.267264,50.7041,116.816,23.1887,0.0718272,93.5554,190.983,0,0,0
1000,1,1,860,1,1,1,4325.31,18646,531.092,46.3844,0.482746,437.85,10869.3,128.017,23.1957,0.267264,104.554,130.045,23.1887,0.0718272,106.785,258.062,0,0,0
1000,1,1,861,1,1,1,4350.95,18675.4,471.413,46.3844,0.517824,377.963,11959.7,89.3183,23.1957,0.267264,65.8553,116.651,23.1887,0.106906,93.3551,205.969,0,0,0
1000,1,1,862,1,1,1,4329.86,18675.3,400.3,46.3844,0.517824,306.643,13224.1,134.432,23.1957,0.302342,110.934,78.1445,23.1887,0.0718272,54.884,212.576,0,0,0
1000,1,1,863,1,0,0,-1,-1,1183.06,23.1957,0.337421,1114.41,271510,-1,-1,-1,-1,-1,-1,-1,-1,-1,0,0,0
1000,1,1,864,1,1,1,4316.62,18684.3,471.706,46.3844,0.482746,378.291,11963.6,132.188,23.1957,0.267264,108.725,79.5486,23.1887,0.0718272,56.2881,211.736,0,0,0
1000,1,1,865,1,1,1,4317.26,18635.9,436.082,46.3844,0.482746,342.564,12548.6,132.608,23.1957,0.267264,109.145,77.0472,23.1887,0.0718272,53.7866,209.655,0,0,0
1000,1,1,866,1,1,1,4323.34,18658.8,517.042,46.3844,0.517824,423.724,11131.7,119.219,23.1957,0.302342,95.7212,119.646,23.1887,0.0718272,96.3853,238.865,0,0,0
1000,1,1,867,1,1,1,4318.22,18649.4,445.624,46.3844,0.6264,351.99,12400.9,131.168,23.1957,0.267264,107.705,78.6209,23.1887,0.0718272,55.3604,209.789,0,0,0
1000,1,1,868,1,1,1,4333.9,18655,464.657,46.3844,0.482746,371.222,12059.7,85.7737,23.1957,0.267264,62.3107,117.054,23.1887,0.0718272,93.7937,202.828,0,0,0
1000,1,1,869,1,1,1,4319.27,18633.5,511.611,46.3844,0.482746,418.313,11203.2,119.993,23.1957,0.267264,96.5297,90.0056,23.1887,0.0718272,66.7451,209.998,0,0,0
1000,1,1,870,1,1,1,4320.55,18650.1,510.107,46.3844,0.821837,416.465,11245.7,122.347,23.1957,0.462701,98.6883,87.053,23.1887,0.0718272,63.7925,209.4,0,0,0
1000,1,1,871,1,1,2,4424.29,18822.1,563.45,69.5741,0.768384,447.464,10801.7,118.525,23.1957,0.267264,95.0624,154.78,46.3784,0.357466,108.044,273.306,1,0,0
1000,1,1,872,1,1,1,4327.88,18667,531.055,46.3844,0.517824,437.778,10890.7,121.251,23.1957,0.302342,97.7534,131.215,23.1887,0.0718272,107.954,252.466,0,0,0
1000,1,1,873,1,1,1,4324.49,18652,425.786,46.3844,0.482746,332.238,12747.8,135.366,23.1957,0.267264,111.903,75.7062,23.1887,0.0718272,52.4457,211.072,0,0,0
1000,1,1,874,1,1,1,4346.42,18671.7,427.911,46.3844,0.713261,334.139,12729,76.2835,23.1957,0.497779,52.5901,119.231,23.1887,0.0718272,95.9702,195.514,0,0,0
1000,1,1,875,1,1,1,4318.86,18662.4,491.199,46.3844,0.678182,397.646,11594.6,130.616,23.1957,0.462701,106.958,81.8912,23.1887,0.0718272,58.6307,212.508,0,0,0
1000,1,1,876,1,1,1,4335.02,18688.9,524.955,46.3844,0.482746,431.696,11021.3,122.121,23.1957,0.267264,98.6576,109.247,23.1887,0.0718272,85.9861,231.367,0,0,0
1000,1,1,877,1,1,1,4321.48,18640.7,416.973,46.3844,0.517824,323.364,12893,79.3494,23.1957,0.302342,55.8513,118.545,23.1887,0.0718272,95.2844,197.894,0,0,0
1000,1,1,878,1,1,1,4324.84,18661.5,393.818,46.3844,0.6264,300.034,13325.4,78.9533,23.1957,0.267264,55.4904,119.483,23.1887,0.0718272,96.2229,198.437,0,0,0
1000,1,1,879,1,1,1,4323.91,18637.8,459.575,46.3844,0.482746,366.125,12132.7,77.7856,23.1957,0.267264,54.3227,122.239,23.1887,0.0718272,98.9788,200.025,0,0,0
1000,1,1,880,1,1,1,4324.66,18684.2,324.411,46.3844,0.482746,230.569,14582.7,97.8081,23.1957,0.267264,74.3451,51.206,23.1887,0.0718272,27.9455,149.014,0,0,0
1000,1,1,881,1,1,1,4343.03,18658.5,445.135,46.3844,0.482746,351.644,12410.2,76.7262,23.1957,0.267264,53.2633,126.717,23.1887,0.0718272,103.457,203.443,0,0,0
1000,1,1,882,1,1,1,4345.12,18687.6,538.586,46.3844,0.517824,445.331,10777.4,121.286,23.1957,0.302342,97.7877,122.974,23.1887,0.0718272,99.7134,244.26,0,0,0
1000,1,1,883,1,1,1,4315.14,18634.4,432.391,46.3844,0.482746,338.862,12612.8,72.891,23.1957,0.267264,49.4281,122.562,23.1887,0.0718272,99.3019,195.453,0,0,0
1000,1,1,884,1,1,1,4334.94,18652.9,537.734,46.3844,0.482746,444.511,10758.1,120.586,23.1957,0.267264,97.1235,122.053,23.1887,0.0718272,98.7929,242.64,0,0,0
1000,1,1,885,1,1,1,4337.47,18685.6,504.784,46.3844,0.482746,411.466,11376.7,121.381,23.1957,0.267264,97.9176,82.8297,23.1887,0.0718272,59.5692,204.21,0,0,0
1000,1,1,886,1,1,1,4347.37,18670.6,529.593,46.3844,0.482746,436.346,10920.5,127.203,23.1957,0.267264,103.74,129.22,23.1887,0.0718272,105.96,256.423,0,0,0
1000,1,1,887,1,1,1,4316.94,18685.1,396.879,46.3844,0.873619,302.856,13294,134.883,23.1957,0.658138,111.029,75.9083,23.1887,0.0718272,52.6478,210.792,0,0,0
1000,1,1,888,1,1,1,4332.27,18648.7,404.071,46.3844,0.482746,310.46,13130.7,78.9822,23.1957,0.267264,55.5193,122.763,23.1887,0.0718272,99.5022,201.745,0,0,0
1000,1,1,889,1,1,1,4339.8,24664.4,492.283,52.1883,0.840211,392.927,17676.8,152.125,28.9996,0.481075,122.19,117.305,23.1887,0.0718272,94.0445,269.43,0,0,0
1000,1,1,890,1,1,1,4317.9,18634.9,435.97,46.3844,0.482746,342.452,12549.6,73.9739,23.1957,0.267264,50.5109,123.598,23.1887,0.0718272,100.338,197.572,0,0,0
1000,1,1,891,1,1,1,4319.12,18660.8,394.078,46.3844,0.482746,300.438,13320.5,79.668,23.1957,0.267264,56.2051,120.028,23.1887,0.0718272,96.768,199.697,0,0,0
1000,1,1,892,1,1,1,4315.34,18659.1,531.455,46.3844,0.482746,438.214,10875.9,121.825,23.1957,0.267264,98.3616,115.497,23.1887,0.0718272,92.2361,237.321,0,0,0
1000,1,1,893,1,1,1,4316.3,18653.2,335.725,46.3844,0.482746,241.915,14350.5,105.547,23.1957,0.267264,82.0841,54.868,23.1887,0.0718272,31.6075,160.415,0,0,0
1000,1,1,894,1,1,2,10347.2,24711.4,704.903,69.5741,0.554573,589.542,14243.2,117.511,23.1957,0.267264,94.0481,309.075,46.3784,0.143654,262.553,426.586,1,0,0
1000,1,1,895,1,1,1,4331.26,18706.5,460.638,46.3844,0.943776,366.73,12181.1,136.201,23.1957,0.728294,112.277,75.9246,23.1887,0.0718272,52.6641,212.125,0,0,0
1000,1,1,896,1,0,0,-1,-1,671.469,23.1957,0.267264,601.403,254923,-1,-1,-1,-1,-1,-1,-1,-1,-1,0,0,0
1000,1,1,897,1,1,1,4327.4,18651.9,449.381,46.3844,0.482746,355.901,12328.2,78.152,23.1957,0.267264,54.689,126.381,23.1887,0.0718272,103.121,204.533,0,0,0
1000,1,1,898,1,1,1,4337.4,18651.9,479.862,46.3844,0.482746,386.471,11786.1,91.4714,23.1957,0.267264,68.0085,118.689,23.1887,0.0718272,95.4288,210.161,0,0,0
1000,1,1,899,1,1,1,4360.15,18678.2,538.024,46.3844,0.661478,444.623,10777.5,119.644,23.1957,0.267264,96.1814,122.917,23.1887,0.106906,99.6214,242.561,0,0,0
1000,1,1,900,1,1,1,4326.52,18675,515.884,46.3844,0.482746,422.598,11168.7,117.188,23.1957,0.267264,93.7251,121.036,23.1887,0.0718272,97.775,238.224,0,0,0
1000,1,1,901,1,1,1,4317.9,18652.9,500.07,46.3844,0.517824,406.703,11427.5,125.569,23.1957,0.302342,102.07,82.3785,23.1887,0.0718272,59.118,207.947,0,0,0
1000,1,1,902,1,1,1,4317.26,18641.9,436.012,46.3844,0.482746,342.493,12555.9,73.7808,23.1957,0.267264,50.3178,123.382,23.1887,0.0718272,100.121,197.163,0,0,0
1000,1,1,903,1,0,0,-1,-1,1156.08,23.1957,0.267264,1087.42,269733,-1,-1,-1,-1,-1,-1,-1,-1,-1,0,0,0
1000,1,1,904,1,1,1,4341.86,18663.1,463.237,46.3844,0.6264,369.654,12092.6,82.5774,23.1957,0.267264,59.1144,120.382,23.1887,0.0718272,97.1217,202.96,0,0,0
1000,1,1,905,1,1,1,4374.2,18762.4,528.139,46.3844,0.696557,434.675,11037.3,127.268,23.1957,0.337421,103.734,128.488,23.1887,0.0718272,105.227,255.755,0,0,0
1000,1,1,906,1,1,1,4342.53,18668.1,360.241,46.3844,0.482746,266.502,13929.5,72.1745,23.1957,0.267264,48.7116,108.129,23.1887,0.0718272,84.8689,180.304,0,0,0
1000,1,1,907,1,1,1,4335.17,18724.1,531.657,46.3844,0.552902,438.346,10936.9,123.924,23.1957,0.302342,100.426,130.521,23.1887,0.106906,107.225,254.445,0,0,0
1000,1,1,908,1,1,1,4348.13,18680,463.745,46.3844,0.482746,370.307,12100.9,84.6349,23.1957,0.267264,61.1719,120.667,23.1887,0.0718272,97.4069,205.302,0,0,0
1000,1,1,909,1,1,1,4330.06,18659.2,446.197,46.3844,0.482746,352.708,12392.1,77.015,23.1957,0.267264,53.552,126.481,23.1887,0.0718272,103.22,203.496,0,0,0
1000,1,1,910,1,0,0,-1,-1,1281.43,23.1957,0.267264,1213.14,278068,-1,-1,-1,-1,-1,-1,-1,-1,-1,0,0,0
1000,1,1,911,1,1,1,4336.78,18660.2,532.033,46.3844,0.482746,438.794,10866.8,120.709,23.1957,0.267264,97.2462,130.709,23.1887,0.0718272,107.449,251.418,0,0,0
1000,1,1,912,1,0,0,-1,-1,1064,23.1957,0.462701,994.882,265329,-1,-1,-1,-1,-1,-1,-1,-1,-1,0,0,0
1000,1,1,913,1,1,1,4323.4,24667.3,552.042,52.1883,0.696557,453.003,16617.5,290.999,28.9996,0.481075,261.465,75.1467,23.1887,0.0718272,51.8862,366.146,0,0,0
1000,1,1,914,1,1,2,10321,24645.6,669.823,69.5741,1.12919,553.785,14799.5,114.162,23.1957,0.302342,90.6641,284.837,46.3784,0.683194,237.775,398.999,1,0,0
1000,1,1,915,1,1,1,4316.94,18664,339.175,46.3844,0.482746,245.375,14299.9,108.204,23.1957,0.267264,84.7408,55.9075,23.1887,0.0718272,32.647,164.111,0,0,0
1000,1,1,916,1,1,1,4317.83,18634,464.193,46.3844,0.482746,370.756,12046.9,85.5336,23.1957,0.267264,62.0707,118.863,23.1887,0.0718272,95.6021,204.396,0,0,0
1000,1,1,917,1,1,1,4322.5,18674.4,540.023,46.3844,0.50112,446.789,10738.6,120.545,23.1957,0.267264,97.082,126.369,23.1887,0.0902016,103.09,246.914,0,0,0
1000,1,1,918,1,1,1,4323.27,18676.2,386.47,46.3844,0.517824,292.773,13470.9,130.014,23.1957,0.302342,106.516,70.965,23.1887,0.0718272,47.7045,200.979,0,0,0
1000,1,1,919,1,1,1,4324.17,18684.7,532.034,46.3844,0.517824,438.76,10890.9,120.796,23.1957,0.267264,97.3329,134.332,23.1887,0.106906,111.037,255.128,0,0,0
1000,1,1,920,1,1,1,4329.86,18697.6,532.747,46.3844,0.482746,439.51,10891.4,119.798,23.1957,0.267264,96.3348,136.575,23.1887,0.0718272,113.314,256.373,0,0,0
1000,1,1,921,1,1,1,4321,18657.1,479.266,46.3844,0.661478,385.695,11801.3,129.366,23.1957,0.302342,105.868,80.2976,23.1887,0.0718272,57.0371,209.663,0,0,0
1000,1,1,922,1,1,1,4332.3,18669.4,522.062,46.3844,0.482746,428.793,11053.2,120.751,23.1957,0.267264,97.2877,121.875,23.1887,0.0718272,98.6143,242.625,0,0,0
1000,1,1,923,1,1,1,4354.34,18695.4,509.153,46.3844,0.552902,415.777,11308.3,110.171,23.1957,0.267264,86.708,130.581,23.1887,0.141984,107.25,240.752,0,0,0
1000,1,1,924,1,1,1,4329.86,18786.2,424.164,46.3844,0.517824,330.576,12910.6,134.674,23.1957,0.302342,111.176,76.2567,23.1887,0.0718272,52.9961,210.93,0,0,0
1000,1,1,925,1,1,1,4317.58,18638,435.117,46.3844,0.482746,341.596,12567.8,135.824,23.1957,0.267264,112.361,77.1121,23.1887,0.0718272,53.8516,212.937,0,0,0
1000,1,1,926,1,1,1,4321.86,18773.3,498.521,46.3844,0.908698,404.759,11574.5,130.618,23.1957,0.693216,106.729,82.6312,23.1887,0.0718272,59.3707,213.249,0,0,0
1000,1,1,927,1,1,1,4315.02,18638.3,491.737,46.3844,0.482746,398.381,11561.4,129.594,23.1957,0.267264,106.131,82.1475,23.1887,0.0718272,58.887,211.742,0,0,0
1000,1,1,928,1,1,1,4321.64,18659.1,436.92,46.3844,0.661478,343.226,12556.3,73.6029,23.1957,0.302342,50.1049,123.665,23.1887,0.0718272,100.405,197.268,0,0,0
1000,1,1,929,1,1,1,4326.52,18665,323.255,46.3844,0.517824,229.374,14583.8,96.6538,23.1957,0.302342,73.1558,51.0923,23.1887,0.0718272,27.8318,147.746,0,0,0
1000,1,1,930,1,1,1,4317.26,18631.7,352.443,46.3844,0.482746,258.682,14031.8,69.5341,23.1957,0.267264,46.0711,107.395,23.1887,0.0718272,84.1344,176.929,0,0,0
1000,1,1,931,1,1,1,4323.72,18645.8,528.229,46.3844,0.482746,434.978,10920,118.722,23.1957,0.267264,95.2591,131.395,23.1887,0.0718272,108.135,250.117,0,0,0
1000,1,1,932,1,1,1,4325.09,18654.3,345.007,46.3844,0.482746,251.225,14186.5,109.501,23.1957,0.267264,86.0384,57.3207,23.1887,0.0718272,34.0602,166.822,0,0,0
1000,1,1,933,1,1,1,4329.61,18655.7,510.938,46.3844,0.482746,417.638,11237.3,121.668,23.1957,0.267264,98.2046,87.3598,23.1887,0.0718272,64.0993,209.027,0,0,0
1000,1,1,934,1,1,1,4348.33,18718.3,464.369,46.3844,0.482746,370.933,12128,135.994,23.1957,0.267264,112.531,78.5903,23.1887,0.0718272,55.3298,214.584,0,0,0
1000,1,1,935,1,1,1,4318.22,24700.3,484.275,52.1883,0.927072,384.809,17854.7,258.321,28.9996,0.71159,228.455,50.4029,23.1887,0.0718272,27.1424,308.724,0,0,0
1000,1,1,936,1,1,1,4315.34,18667.4,479.256,46.3844,0.517824,385.828,11812.2,92.5515,23.1957,0.302342,69.0535,119.142,23.1887,0.0718272,95.8818,211.694,0,0,0
1000,1,1,937,1,1,1,4315.02,18648,333.184,46.3844,0.482746,239.367,14390.5,103.883,23.1957,0.267264,80.4201,53.5523,23.1887,0.0718272,30.2918,157.435,0,0,0
1000,1,1,938,1,1,1,4321.74,18634.6,417.345,46.3844,0.482746,323.772,12880.6,78.5779,23.1957,0.267264,55.115,117.796,23.1887,0.0718272,94.5354,196.374,0,0,0
1000,1,1,939,1,1,1,4328.46,30682.2,653.357,57.9922,1.14088,548.524,20929.4,418.205,34.8035,0.925402,381.966,58.3242,23.1887,0.0718272,35.0637,476.529,0,0,0
1000,1,1,940,1,1,2,10336.5,24657,687.838,69.5741,0.663149,572.318,14492,120.115,23.1957,0.267264,96.6525,289.166,46.3784,0.108576,242.679,409.281,1,0,0
1000,1,1,941,1,1,1,4323.29,18663.5,526.431,46.3844,0.482746,433.175,10969.7,116.811,23.1957,0.267264,93.3479,130.388,23.1887,0.0718272,107.128,247.199,0,0,0
1000,1,1,942,1,0,0,-1,-1,1257.83,23.1957,0.267264,1189.46,276334,-1,-1,-1,-1,-1,-1,-1,-1,-1,0,0,0
1000,1,1,943,1,1,1,4319.18,18634,446.946,46.3844,0.482746,353.459,12353.5,130.885,23.1957,0.267264,107.422,78.9602,23.1887,0.0718272,55.6997,209.845,0,0,0
1000,1,1,944,1,0,0,-1,-1,1141,23.1957,0.267264,1072.3,268686,-1,-1,-1,-1,-1,-1,-1,-1,-1,0,0,0
1000,1,1,945,1,1,2,10326.3,24658.5,583.342,69.5741,0.554573,467.627,16351.9,77.864,23.1957,0.302342,54.366,279.265,46.3784,0.108576,232.778,357.129,1,0,0
1000,1,1,946,1,1,1,4330.2,18659.9,354.391,46.3952,0.536198,260.572,14025,69.6128,23.2065,0.320717,46.0856,107.337,23.1887,0.0718272,84.0766,176.95,0,0,0
1000,1,1,947,1,1,1,4421.89,24780.7,689.491,52.1883,0.571277,590.976,14286.7,268.028,28.9996,0.355795,238.549,136.31,23.1887,0.0718272,113.049,404.337,0,0,0
1000,1,1,948,1,1,1,4327.05,18658.5,358.961,46.3844,0.482746,265.219,13942.6,72.0608,23.1957,0.267264,48.5978,107.61,23.1887,0.0718272,84.3491,179.67,0,0,0
1000,1,1,949,1,1,1,4336.5,18663.9,527.675,46.3844,0.770054,434.136,10947.2,116.834,23.1957,0.267264,93.3713,131.218,23.1887,0.0718272,107.958,248.053,0,0,0
1000,1,1,950,1,1,1,4318.58,18647.3,362.785,46.3844,0.482746,269.054,13863.4,73.4956,23.1957,0.267264,50.0327,107.4,23.1887,0.0718272,84.1398,180.896,0,0,0
1000,1,1,951,1,1,1,4353.18,18691.6,463.744,46.3844,0.517824,370.271,12112.2,84.1447,23.1957,0.302342,60.6467,121.129,23.1887,0.0718272,97.8689,205.274,0,0,0
1000,1,1,952,1,1,1,4318.86,24677.2,544.534,52.1883,0.50112,445.668,16761.3,291.17,28.9996,0.285638,261.83,70.2521,23.1887,0.0718272,46.9916,361.423,0,0,0
1000,1,1,953,1,1,1,4346.51,18661,403.655,46.3844,0.482746,310.043,13150.3,79.5796,23.1957,0.267264,56.1166,122.16,23.1887,0.0718272,98.8994,201.74,0,0,0
1000,1,1,954,1,1,1,4320.38,18641.8,475.433,46.3844,0.482746,382.029,11854.8,131.534,23.1957,0.267264,108.071,81.5971,23.1887,0.0718272,58.3366,213.131,0,0,0
1000,1,1,955,1,1,1,4397.01,18709.9,520.518,46.3844,0.50112,427.227,11121,122.731,23.1957,0.267264,99.2676,101.008,23.1887,0.0902016,77.7291,223.739,0,0,0
1000,1,1,956,1,0,0,-1,-1,1214.13,23.1957,0.267264,1145.64,273274,-1,-1,-1,-1,-1,-1,-1,-1,-1,0,0,0
1000,1,1,957,1,1,1,4336.75,18700.6,351.024,46.3844,0.517824,257.224,14125.6,113.808,23.1957,0.302342,90.3104,60.5549,23.1887,0.0718272,37.2944,174.363,0,0,0
1000,1,1,958,1,1,1,4321.48,18650.4,344.785,46.3844,0.517824,250.966,14186.3,109.904,23.1957,0.267264,86.4409,56.8883,23.1887,0.106906,33.5927,166.792,0,0,0
1000,1,1,959,1,1,1,4377.52,24728.1,641.158,52.1883,0.571277,542.503,15093.6,239.357,28.9996,0.320717,209.831,123.902,23.1887,0.106906,100.607,363.259,0,0,0
1000,1,1,960,1,1,1,4379.44,18753,522.209,46.406,0.608026,428.795,11133.5,121.49,23.2173,0.339091,97.9339,122.06,23.1887,0.12528,98.746,243.55,0,0,0
1000,1,1,961,1,1,1,4337.98,18659.1,482.667,46.3844,0.482746,389.285,11743.4,93.4008,23.1957,0.267264,69.9378,118.382,23.1887,0.0718272,95.122,211.783,0,0,0
1000,1,1,962,1,1,1,4326.41,18662.8,485.996,46.3844,0.482746,392.623,11687.9,95.7633,23.1957,0.267264,72.3003,118.796,23.1887,0.0718272,95.5353,214.559,0,0,0
1000,1,1,963,1,1,1,4365.99,18684.8,360.47,46.3844,0.770054,266.444,13941.3,72.2287,23.1957,0.267264,48.7657,107.682,23.1887,0.0718272,84.4213,179.91,0,0,0
1000,1,1,964,0,0,0,-1,-1,899.78,23.206,0.621389,830.013,260728,-1,-1,-1,-1,-1,-1,-1,-1,-1,0,0,0
1000,1,1,965,1,1,1,4344.46,18667.3,418.551,46.3844,0.770054,324.694,12891,78.6519,23.1957,0.267264,55.189,118.184,23.1887,0.0718272,94.9235,196.836,0,0,0
1000,1,1,966,1,1,1,4317.61,18645.3,468.051,46.3844,0.482746,374.626,11989.6,129.544,23.1957,0.267264,106.081,78.5542,23.1887,0.0718272,55.2937,208.098,0,0,0
1000,1,1,967,1,1,1,4325.96,18641.1,518.167,46.3844,0.482746,424.888,11094.2,122.68,23.1957,0.267264,99.2171,121.214,23.1887,0.0718272,97.9537,243.894,0,0,0
1000,1,1,968,1,1,1,4337.13,18662.7,449.898,46.3844,0.517824,356.385,12329.5,78.152,23.1957,0.267264,54.689,126.862,23.1887,0.106906,103.567,205.014,0,0,0
1000,1,1,969,1,1,1,4332.74,18661.4,474.948,46.3844,0.623059,381.403,11882.1,92.0451,23.1957,0.337421,68.512,117.418,23.1887,0.141984,94.0878,209.464,0,0,0
1000,1,1,970,1,1,1,4319.62,18637.2,432.999,46.3844,0.482746,339.472,12604.7,73.2772,23.1957,0.267264,49.8143,122.835,23.1887,0.0718272,99.5744,196.112,0,0,0
1000,1,1,971,1,1,1,4335.98,18678.7,419.448,46.3844,0.482746,325.882,12887.2,78.6321,23.1957,0.267264,55.1691,116.904,23.1887,0.0718272,93.6439,195.536,0,0,0
1000,1,1,972,1,1,1,4334.33,18663.5,526.941,46.3844,0.6264,433.544,10960.2,116.026,23.1957,0.267264,92.5628,130.684,23.1887,0.0718272,107.424,246.71,0,0,0
1000,1,1,973,1,1,1,4370.57,18709.2,489.398,46.3844,0.482746,396.034,11673.9,95.2651,23.1957,0.267264,71.8022,121.09,23.1887,0.0718272,97.8292,216.355,0,0,0
1000,1,1,974,1,1,1,4315.02,18661.1,355.548,46.3844,0.482746,261.795,14005.9,116.125,23.1957,0.267264,92.662,64.5038,23.1887,0.0718272,41.2433,180.629,0,0,0
1000,1,1,975,1,1,1,4335.82,18694.3,350.681,46.3844,0.552902,256.845,14125.2,113.357,23.1957,0.302342,89.8592,60.4312,23.1887,0.106906,37.1356,173.788,0,0,0
1000,1,1,976,1,1,1,4316.87,24655,475.657,52.1883,0.571277,376.521,17963.4,250.516,28.9996,0.355795,220.991,48.5205,23.1887,0.0718272,25.26,299.037,0,0,0
1000,1,1,977,1,1,1,4356.64,18695.4,525.754,46.3844,0.482746,432.497,11013.6,125.781,23.1957,0.267264,102.318,128.035,23.1887,0.0718272,104.774,253.815,0,0,0
1000,1,1,978,1,1,1,4319.62,18655.3,340.369,46.3844,0.713261,246.343,14269.3,107.756,23.1957,0.497779,84.0622,56.144,23.1887,0.0718272,32.8835,163.9,0,0,0
1000,1,1,979,1,1,1,4326.56,18657.7,451.83,46.3844,0.482746,358.357,12290.4,131.993,23.1957,0.267264,108.53,77.2872,23.1887,0.0718272,54.0267,209.28,0,0,0
1000,1,1,980,1,1,2,10326.9,24649.1,557.109,69.5741,0.698227,441.174,16808.6,78.3188,23.1957,0.302342,54.8208,279.836,46.3784,0.25223,233.205,358.155,1,0,0
1000,1,1,981,1,1,1,4320.71,18659.4,319.544,46.3844,0.482746,225.687,14644.4,93.3827,23.1957,0.267264,69.9198,49.755,23.1887,0.0718272,26.4945,143.138,0,0,0
1000,1,1,982,1,1,1,4318.02,18637.1,478.262,46.3844,0.482746,384.866,11799.8,92.3937,23.1957,0.267264,68.9307,118.456,23.1887,0.0718272,95.196,210.85,0,0,0
1000,1,1,983,1,1,1,4315.02,18636.7,475.095,46.3844,0.482746,381.69,11855.7,131.224,23.1957,0.267264,107.761,81.8064,23.1887,0.0718272,58.5459,213.03,0,0,0
1000,1,1,984,1,0,0,-1,-1,979.218,23.1957,0.302342,910.011,262979,-1,-1,-1,-1,-1,-1,-1,-1,-1,0,0,0
1000,1,1,985,1,1,1,4321.72,18660.5,514.158,46.3844,0.482746,420.867,11184.9,117.702,23.1957,0.267264,94.2394,119.608,23.1887,0.0718272,96.3474,237.31,0,0,0
1000,1,1,986,1,1,1,4333.43,30663.1,693.405,57.9922,1.12084,588.708,20197.4,300.472,34.8035,0.870278,263.95,123.785,23.1887,0.106906,100.489,424.257,0,0,0
1000,1,1,987,1,1,1,4329.45,18652.2,536.142,46.3844,0.6264,442.772,10785.3,122.241,23.1957,0.267264,98.7785,134.415,23.1887,0.0718272,111.154,256.656,0,0,0
1000,1,1,988,1,1,1,4345.33,18674.6,511.448,46.3844,0.658138,417.974,11246,120.295,23.1957,0.372499,96.7265,89.1553,23.1887,0.141984,65.8247,209.45,0,0,0
1000,1,1,989,1,1,1,4331.29,18668.6,475.344,46.3844,0.713261,381.71,11882.4,92.3643,23.1957,0.497779,68.6708,117.406,23.1887,0.0718272,94.1456,209.77,0,0,0
1000,1,1,990,1,1,1,4320.14,24653.2,441.897,52.1883,0.571277,342.663,18562,237.676,28.9996,0.355795,208.113,40.4891,23.1887,0.0718272,17.2286,278.165,0,0,0
1000,1,1,991,1,1,1,4316.9,18634.3,517.941,46.3844,0.482746,424.66,11091.5,120.359,23.1957,0.267264,96.8961,119.128,23.1887,0.0718272,95.8674,239.487,0,0,0
1000,1,1,992,1,1,1,4315.66,18676.1,416.365,46.3844,0.536198,322.736,12939,135.453,23.1957,0.302342,111.955,79.3703,23.1887,0.0902016,56.0914,214.824,0,0,0
1000,1,1,993,1,1,1,4326.27,18647.6,456.39,46.3844,0.482746,362.931,12199.2,77.0745,23.1957,0.267264,53.6116,125.232,23.1887,0.0718272,101.971,202.306,0,0,0
1000,1,1,994,1,1,1,4333.64,18648.4,516.612,46.3844,0.805133,423.005,11128.2,118.753,23.1957,0.267264,95.2898,118.829,23.1887,0.106906,95.5335,237.582,0,0,0
1000,1,1,995,1,1,1,4367.08,18683.7,420.358,46.3844,0.517824,326.759,12875.8,77.4752,23.1957,0.267264,54.0122,118.239,23.1887,0.106906,94.9433,195.714,0,0,0
1000,1,1,996,1,1,1,4325.13,18656.6,522.735,46.3844,0.678182,429.273,11028,121.654,23.1957,0.462701,97.9952,106.74,23.1887,0.0718272,83.4792,228.393,0,0,0
1000,1,1,997,1,1,1,4374.33,18692.9,407.557,46.3844,0.552902,313.885,13112.4,81.1444,23.1957,0.267264,57.6814,121.703,23.1887,0.141984,98.3724,202.847,0,0,0
1000,1,1,998,1,1,1,4325.83,18659.6,472.971,46.3844,0.482746,379.56,11916.4,131.264,23.1957,0.267264,107.801,80.6062,23.1887,0.0718272,57.3457,211.87,0,0,0
1000,1,1,999,1,1,1,4316.62,18699.3,464.633,46.3844,0.517824,371.163,12104.1,136.48,23.1957,0.302342,112.982,78.0994,23.1887,0.0718272,54.8388,214.58,0,0,0
1000,1,1,1000,1,1,1,4340.1,18653,392.363,46.3844,0.552902,298.647,13342.7,79.3107,23.1957,0.267264,55.8477,119.635,23.1887,0.141984,96.3041,198.945,0,0,0
