N,seed,dutyCycle,devId,registered,authSuccess,attempts,latencyMs,e2eMs,fullEnergyMJ,fullCpuEnergyMJ,fullTxEnergyMJ,fullRxEnergyMJ,idleListeningMs,regEnergyMJ,regCpuEnergyMJ,regTxEnergyMJ,regRxEnergyMJ,authEnergyMJ,authCpuEnergyMJ,authTxEnergyMJ,authRxEnergyMJ,sessionEnergyMJ,fallbackUsed,replayRejected,desync
1000,2,0,1,0,0,0,-1,-1,1301.49,34.8041,0.604685,1221.63,278326,-1,-1,-1,-1,-1,-1,-1,-1,-1,0,0,0
1000,2,0,2,1,1,1,4334.73,18700.3,1312.81,46.3844,0.482746,1221.84,278325,130.794,23.1957,0.267264,107.331,71.6436,23.1887,0.0718272,48.3831,202.438,0,0,0
1000,2,0,3,1,1,1,4331.85,18674.7,1312.58,46.3844,0.517824,1221.58,278329,131.337,23.1957,0.302342,107.839,84.7067,23.1887,0.0718272,61.4462,216.043,0,0,0
1000,2,0,4,1,1,1,4330.5,18646.6,1312.59,46.3844,0.482746,1221.62,278329,129.157,23.1957,0.267264,105.695,113.32,23.1887,0.0718272,90.0595,242.477,0,0,0
1000,2,0,5,1,1,1,4352.46,18689.5,1312.75,46.3844,0.770054,1221.49,278326,120.641,23.1957,0.267264,97.1777,130.729,23.1887,0.0718272,107.469,251.37,0,0,0
1000,2,0,6,1,1,1,4316.3,18698.4,1313.07,46.3844,0.678182,1221.91,278320,122.247,23.1957,0.462701,98.589,132.498,23.1887,0.0718272,109.237,254.745,0,0,0
1000,2,0,7,1,1,1,4330.18,18653.8,1312.79,46.3844,0.517824,1221.78,278325,122.501,23.1957,0.267264,99.0384,130.531,23.1887,0.106906,107.236,253.033,0,0,0
1000,2,0,8,1,1,1,4349.66,18664.5,1312.91,46.3844,0.482746,1221.94,278323,101.898,23.1957,0.267264,78.4348,133.907,23.1887,0.0718272,110.647,235.805,0,0,0
1000,2,0,9,1,1,1,4331.43,18661.9,1312.73,46.3844,0.482746,1221.76,278327,129.488,23.1957,0.267264,106.025,122.599,23.1887,0.0718272,99.338,252.086,0,0,0
1000,2,0,10,1,1,1,4321.86,18643.4,1312.81,46.3844,0.482746,1221.84,278325,121.731,23.1957,0.267264,98.2678,123.436,23.1887,0.0718272,100.175,245.167,0,0,0
1000,2,0,11,1,1,1,4319.18,18699.4,1312.81,46.3844,0.482746,1221.84,278325,127.383,23.1957,0.267264,103.92,64.3666,23.1887,0.0718272,41.1061,191.75,0,0,0
1000,2,0,12,1,1,1,4319.92,18638.3,1312.73,46.3844,0.482746,1221.76,278327,130.684,23.1957,0.267264,107.221,84.0624,23.1887,0.0718272,60.8019,214.747,0,0,0
1000,2,0,13,1,1,1,4318.54,24637.5,1318.22,52.1883,0.696557,1221.41,278328,237.001,28.9996,0.481075,207.314,42.1965,23.1887,0.0718272,18.936,279.198,0,0,0
1000,2,0,14,1,1,1,4314.7,24645.4,1318.5,52.1883,0.731635,1221.66,278323,203.154,28.9996,0.516154,173.331,30.1512,23.1887,0.0718272,6.89073,233.305,0,0,0
1000,2,0,15,1,1,1,4333.63,18670.7,1312.88,46.3844,0.517824,1221.87,278324,107.596,23.1957,0.302342,84.0983,55.1206,23.1887,0.0718272,31.8601,162.717,0,0,0
1000,2,0,16,1,1,1,4318.6,18653.5,1312.71,46.3844,0.482746,1221.74,278327,100.6,23.1957,0.267264,77.1372,47.6018,23.1887,0.0718272,24.3413,148.202,0,0,0
1000,2,0,17,1,1,1,4317.58,24635,1318.5,52.1883,1.08743,1221.3,278322,241.616,28.9996,0.871949,211.551,43.3082,23.1887,0.0718272,20.0477,284.924,0,0,0
1000,2,0,18,1,0,0,-1,-1,1290.32,23.1957,0.267264,1222.05,278326,-1,-1,-1,-1,-1,-1,-1,-1,-1,0,0,0
1000,2,0,19,1,1,1,4327.34,18643.7,1312.91,46.3844,0.6264,1221.8,278323,125.452,23.1957,0.267264,101.989,67.285,23.1887,0.0718272,44.0245,192.737,0,0,0
1000,2,0,20,1,1,1,4327.88,18644,1312.77,46.3844,0.482746,1221.8,278326,71.3208,23.1957,0.267264,47.8579,118.615,23.1887,0.0718272,95.3548,189.936,0,0,0
1000,2,0,21,1,0,0,-1,-1,1295.78,28.9996,0.621389,1221.53,278328,-1,-1,-1,-1,-1,-1,-1,-1,-1,0,0,0
1000,2,0,22,1,1,1,4346.93,18666.8,1312.91,46.3844,0.6264,1221.8,278323,72.438,23.1957,0.267264,48.9751,120.384,23.1887,0.0718272,97.1235,192.822,0,0,0
1000,2,0,23,1,1,1,4321.93,18643.4,1312.73,46.3844,0.517824,1221.72,278326,72.123,23.1957,0.302342,48.6249,121.324,23.1887,0.0718272,98.0638,193.447,0,0,0
1000,2,0,24,1,1,1,4334.47,18675.8,1312.61,46.3844,0.517824,1221.6,278329,133.632,23.1957,0.267264,110.169,129.181,23.1887,0.106906,105.886,262.813,0,0,0
1000,2,0,25,1,1,1,4321.75,18635.3,1312.71,46.3844,0.482746,1221.74,278327,99.9468,23.1957,0.267264,76.4838,47.952,23.1887,0.0718272,24.6915,147.899,0,0,0
1000,2,0,26,1,1,1,4321.86,18637,1312.81,46.3844,0.482746,1221.84,278325,70.469,23.1957,0.267264,47.006,121.404,23.1887,0.0718272,98.1432,191.873,0,0,0
1000,2,0,27,1,1,1,4324.09,18656.7,1312.77,46.3844,0.482746,1221.8,278326,124.369,23.1957,0.267264,100.906,123.569,23.1887,0.0718272,100.309,247.939,0,0,0
1000,2,0,28,1,1,1,4328.2,18749.9,1312.88,46.3844,0.482746,1221.91,278324,130.253,23.1957,0.267264,106.79,117.238,23.1887,0.0718272,93.9777,247.491,0,0,0
1000,2,0,29,1,1,1,4320.39,18654.7,1312.86,46.3844,0.713261,1221.66,278324,125.362,23.1957,0.462701,101.704,68.1268,23.1887,0.106906,44.8312,193.489,0,0,0
1000,2,0,30,1,1,1,4343.24,18655.5,1313.2,46.3844,0.770054,1221.95,278317,86.9649,23.1957,0.267264,63.5019,126.609,23.1887,0.0718272,103.348,213.574,0,0,0
1000,2,0,31,1,1,2,10350.4,24684.4,1335.36,69.5741,0.785088,1221.6,278323,121.057,23.1957,0.497779,97.3635,291.619,46.3784,0.143654,245.097,412.676,1,0,0
1000,2,0,32,1,1,1,4349.74,18686.8,1312.95,46.3844,0.856915,1221.6,278322,120.397,23.1957,0.462701,96.7391,132.86,23.1887,0.106906,109.564,253.257,0,0,0
1000,2,0,33,1,1,1,4315.66,18679.4,1312.71,46.3844,0.873619,1221.35,278326,127.043,23.1957,0.658138,103.189,63.7187,23.1887,0.0718272,40.4582,190.762,0,0,0
1000,2,0,34,0,0,0,-1,-1,1290.19,23.206,0.551232,1221.63,278328,-1,-1,-1,-1,-1,-1,-1,-1,-1,0,0,0
1000,2,0,35,1,1,1,4349.98,18685.2,1312.75,46.3844,0.517824,1221.74,278326,120.761,23.1957,0.302342,97.2625,131.552,23.1887,0.0718272,108.292,252.313,0,0,0
1000,2,0,36,1,1,1,4355.68,18677.5,1312.75,46.3844,0.517824,1221.74,278326,111.979,23.1957,0.267264,88.5164,130.618,23.1887,0.106906,107.322,242.597,0,0,0
1000,2,0,37,1,1,1,4335.97,18649.2,1312.63,46.3844,0.482746,1221.66,278328,103.777,23.1957,0.267264,80.3136,132.583,23.1887,0.0718272,109.322,236.359,0,0,0
1000,2,0,38,1,1,2,10340.8,24681.8,1335.29,69.5741,0.519494,1221.8,278325,122.924,23.1957,0.267264,99.4607,291.386,46.3784,0.108576,244.899,414.309,1,0,0
1000,2,0,39,1,1,1,4327.34,18649.1,1312.91,46.3844,0.482746,1221.94,278323,70.2614,23.1957,0.267264,46.7985,118.816,23.1887,0.0718272,95.5551,189.077,0,0,0
1000,2,0,40,1,1,1,4344.65,18683.2,1312.87,46.3844,0.856915,1221.53,278323,120.801,23.1957,0.497779,97.1073,131.377,23.1887,0.0718272,108.117,252.178,0,0,0
1000,2,0,41,1,1,1,4339.6,18672.6,1312.77,46.3844,0.482746,1221.8,278326,117.307,23.1957,0.267264,93.8442,132.195,23.1887,0.0718272,108.934,249.502,0,0,0
1000,2,0,42,1,1,1,4333.51,18676.7,1312.78,46.3844,0.517824,1221.78,278325,130.776,23.1957,0.267264,107.313,83.094,23.1887,0.106906,59.7984,213.87,0,0,0
1000,2,0,43,1,1,1,4344.67,18710.9,1312.98,46.3844,0.696557,1221.8,278321,132.771,23.1957,0.302342,109.273,121.141,23.1887,0.106906,97.8454,253.912,0,0,0
1000,2,0,44,1,1,1,4318.79,18657.2,1312.84,46.3844,0.517824,1221.84,278324,121.901,23.1957,0.302342,98.4031,125.25,23.1887,0.0718272,101.989,247.151,0,0,0
1000,2,0,45,1,1,1,4315.98,18655.1,1312.7,46.3844,0.517824,1221.7,278327,122.314,23.1957,0.302342,98.8164,129.422,23.1887,0.0718272,106.162,251.737,0,0,0
1000,2,0,46,1,1,1,4331.23,18654.7,1312.59,46.3844,0.482746,1221.62,278329,131.637,23.1957,0.267264,108.174,85.7228,23.1887,0.0718272,62.4623,217.36,0,0,0
1000,2,0,47,1,1,1,4332.19,18654.9,1312.81,46.3844,0.482746,1221.84,278325,127.566,23.1957,0.267264,104.103,101.547,23.1887,0.0718272,78.2868,229.113,0,0,0
1000,2,0,48,1,1,1,4318.86,18633.7,1312.73,46.3844,0.482746,1221.76,278327,123.788,23.1957,0.267264,100.325,68.1116,23.1887,0.0718272,44.8511,191.9,0,0,0
1000,2,0,49,1,1,1,4334.97,18672.1,1312.77,46.3844,0.50112,1221.78,278326,133.684,23.1957,0.267264,110.221,125.925,23.1887,0.0902016,102.646,259.609,0,0,0
1000,2,0,50,1,1,1,4317.95,18661.5,1312.71,46.3844,0.482746,1221.74,278327,74.4305,23.1957,0.267264,50.9676,120.305,23.1887,0.0718272,97.0441,194.735,0,0,0
1000,2,0,51,1,1,1,4337.1,18677.2,1312.79,46.3844,0.482746,1221.82,278326,124.51,23.1957,0.267264,101.047,123.331,23.1887,0.0718272,100.071,247.841,0,0,0
1000,2,0,52,1,1,1,4342.71,18672.1,1312.83,46.3844,0.482746,1221.86,278325,124.521,23.1957,0.267264,101.058,127.304,23.1887,0.0718272,104.043,251.825,0,0,0
1000,2,0,53,1,1,1,4317.9,18645,1312.83,46.3844,0.482746,1221.86,278325,132.558,23.1957,0.267264,109.095,129.5,23.1887,0.0718272,106.24,262.058,0,0,0
1000,2,0,54,1,1,1,4319.43,18641.7,1312.71,46.3844,0.482746,1221.74,278327,132.153,23.1957,0.267264,108.69,122.053,23.1887,0.0718272,98.7929,254.207,0,0,0
1000,2,0,55,1,1,1,4353.36,18667.9,1312.7,46.3844,0.587981,1221.62,278326,67.5596,23.1957,0.267264,44.0967,123.436,23.1887,0.177062,100.071,190.996,0,0,0
1000,2,0,56,1,1,1,4329.34,24646.3,1318.36,52.1883,0.696557,1221.55,278326,261.133,28.9996,0.481075,231.516,131.572,23.1887,0.0718272,108.311,392.705,0,0,0
1000,2,0,57,1,1,1,4321.67,18648.3,1312.65,46.3844,0.50112,1221.66,278328,131.654,23.1957,0.267264,108.191,85.3099,23.1887,0.0902016,62.031,216.963,0,0,0
1000,2,0,58,1,1,1,4316.62,18645.8,1312.71,46.3844,0.482746,1221.74,278327,133.402,23.1957,0.267264,109.939,129.531,23.1887,0.0718272,106.27,262.933,0,0,0
1000,2,0,59,1,1,1,4351.97,18710.4,1312.77,46.3844,0.482746,1221.8,278326,121.482,23.1957,0.267264,98.0187,129.195,23.1887,0.0718272,105.935,250.677,0,0,0
1000,2,0,60,1,1,1,4316.3,18656.7,1312.75,46.3844,0.482746,1221.78,278326,80.5885,23.1957,0.267264,57.1255,121.254,23.1887,0.0718272,97.9934,201.842,0,0,0
1000,2,0,61,1,1,1,4321.74,18637.8,1312.91,46.3844,0.482746,1221.94,278323,72.4777,23.1957,0.267264,49.0148,119.707,23.1887,0.0718272,96.4467,192.185,0,0,0
1000,2,0,62,1,1,1,4320.33,18633.2,1312.77,46.3844,0.482746,1221.8,278326,73.7194,23.1957,0.267264,50.2565,119.29,23.1887,0.0718272,96.0298,193.01,0,0,0
1000,2,0,63,1,1,1,4327.3,18664.2,1312.88,46.3844,0.482746,1221.91,278324,121.754,23.1957,0.267264,98.2912,129.742,23.1887,0.0718272,106.481,251.496,0,0,0
1000,2,0,64,1,1,1,4326.38,18674,1312.9,46.3844,0.661478,1221.76,278323,123.103,23.1957,0.302342,99.6051,129.067,23.1887,0.0718272,105.806,252.17,0,0,0
1000,2,0,65,1,1,1,4351.85,18666,1312.75,46.3844,0.6264,1221.64,278326,121.819,23.1957,0.267264,98.3562,127.643,23.1887,0.0718272,104.382,249.462,0,0,0
1000,2,0,66,1,1,1,4343.94,18699.4,1312.73,46.3844,0.482746,1221.76,278327,85.3658,23.1957,0.267264,61.9028,124.096,23.1887,0.0718272,100.836,209.462,0,0,0
1000,2,0,67,1,1,1,4364.41,18683.5,1312.57,46.3844,0.482746,1221.6,278329,70.099,23.1957,0.267264,46.636,121.62,23.1887,0.0718272,98.3598,191.719,0,0,0
1000,2,0,68,1,1,1,4318.22,18632.7,1312.73,46.3844,0.482746,1221.76,278327,124.99,23.1957,0.267264,101.527,67.7001,23.1887,0.0718272,44.4396,192.69,0,0,0
1000,2,0,69,1,1,1,4331.14,18654.3,1313.04,46.3844,0.6264,1221.93,278321,75.8581,23.1957,0.267264,52.3951,120.185,23.1887,0.0718272,96.925,196.044,0,0,0
1000,2,0,70,1,1,1,4324.74,18644.5,1312.73,46.3844,0.482746,1221.76,278327,125.416,23.1957,0.267264,101.953,78.8267,23.1887,0.0718272,55.5662,204.243,0,0,0
1000,2,0,71,1,1,1,4371.44,18714.8,1312.88,46.3844,0.517824,1221.88,278324,80.3521,23.1957,0.267264,56.8891,121.865,23.1887,0.106906,98.5692,202.217,0,0,0
1000,2,0,72,1,1,1,4334.7,18657.5,1312.79,46.3844,0.482746,1221.82,278326,132.55,23.1957,0.267264,109.088,130.641,23.1887,0.0718272,107.38,263.191,0,0,0
1000,2,0,73,1,1,1,4370.09,24731.6,1318.52,52.1883,0.731635,1221.67,278323,262.474,28.9996,0.481075,232.853,129.575,23.1887,0.106906,106.279,392.049,0,0,0
1000,2,0,74,1,1,1,4319.94,18703,1312.75,46.3844,0.482746,1221.78,278326,131.971,23.1957,0.267264,108.508,70.1889,23.1887,0.0718272,46.9284,202.16,0,0,0
1000,2,0,75,1,1,1,4330.54,18671.1,1312.61,46.3844,0.482746,1221.64,278329,98.4235,23.1957,0.267264,74.9606,45.9559,23.1887,0.0718272,22.6954,144.379,0,0,0
1000,2,0,76,1,1,1,4347.96,18667.8,1312.96,46.3844,0.482746,1221.99,278323,68.0866,23.1957,0.267264,44.6237,124.078,23.1887,0.0718272,100.818,192.165,0,0,0
1000,2,0,77,1,1,2,10329.6,36660.4,1346.72,81.182,1.19601,1221.29,278319,424.969,34.8035,0.800122,388.878,255.333,46.3784,0.108576,208.846,680.302,1,0,0
1000,2,0,78,1,1,1,4331.63,18658.9,1312.95,46.3844,0.6264,1221.84,278322,124.696,23.1957,0.267264,101.233,71.6526,23.1887,0.0718272,48.3921,196.349,0,0,0
1000,2,0,79,1,1,1,4320.18,18654.6,1312.87,46.3844,0.482746,1221.9,278324,131.558,23.1957,0.267264,108.095,131.07,23.1887,0.0718272,107.81,262.628,0,0,0
1000,2,0,80,1,1,1,4318.54,18642.1,1312.73,46.3844,0.482746,1221.76,278327,68.7454,23.1957,0.267264,45.2824,119.985,23.1887,0.0718272,96.7246,188.731,0,0,0
1000,2,0,81,1,1,3,16321.2,30705.1,1358.07,92.7639,0.786758,1221.82,278319,123.723,23.1957,0.497779,100.029,425.369,69.5682,0.145325,355.656,549.092,2,0,0
1000,2,0,82,1,1,1,4338.89,18652.4,1313.16,46.3844,0.770054,1221.91,278318,120.834,23.1957,0.267264,97.3708,132.754,23.1887,0.0718272,109.494,253.588,0,0,0
1000,2,0,83,1,1,1,4325.45,24649,1318.64,52.1883,0.571277,1221.95,278321,223.703,28.9996,0.320717,194.137,37.5373,23.1887,0.106906,14.2417,261.241,0,0,0
1000,2,0,84,1,1,1,4316.1,18639.5,1312.81,46.3844,0.482746,1221.84,278325,129.704,23.1957,0.267264,106.241,88.033,23.1887,0.0718272,64.7725,217.737,0,0,0
1000,2,0,85,1,0,0,-1,-1,1290.4,23.1957,0.267264,1222.13,278325,-1,-1,-1,-1,-1,-1,-1,-1,-1,0,0,0
1000,2,0,86,1,1,1,4317.7,18643.4,1312.67,46.3844,0.482746,1221.7,278328,119.209,23.1957,0.267264,95.7464,128.488,23.1887,0.0718272,105.227,247.697,0,0,0
1000,2,0,87,1,1,1,4340.46,18667.7,1312.66,46.3844,0.661478,1221.51,278327,104.658,23.1957,0.302342,81.1601,132.375,23.1887,0.0718272,109.115,237.033,0,0,0
1000,2,0,88,1,1,1,4317.96,18643.3,1312.81,46.3844,0.482746,1221.84,278325,70.4726,23.1957,0.267264,47.0096,119.141,23.1887,0.0718272,95.88,189.613,0,0,0
1000,2,0,89,1,1,1,4322.44,18666.9,1312.69,46.3844,0.482746,1221.72,278327,120.247,23.1957,0.267264,96.7842,133.411,23.1887,0.0718272,110.151,253.658,0,0,0
1000,2,0,90,1,1,1,4319.43,18665.1,1312.9,46.3844,0.517824,1221.89,278323,123.005,23.1957,0.267264,99.5419,59.8717,23.1887,0.106906,36.5761,182.877,0,0,0
1000,2,0,91,1,1,1,4314.7,18711.3,1313.07,46.3844,0.713261,1221.87,278320,117.754,23.1957,0.497779,94.0608,57.2449,23.1887,0.0718272,33.9844,174.999,0,0,0
1000,2,0,92,1,1,1,4334.7,18695.5,1312.62,46.3952,0.840211,1221.29,278328,130.839,23.2065,0.481075,107.151,128.125,23.1887,0.0718272,104.864,258.963,0,0,0
1000,2,0,93,1,1,1,4351.32,18686.3,1312.67,46.3844,0.6264,1221.56,278327,130.035,23.1957,0.267264,106.572,125.418,23.1887,0.0718272,102.157,255.452,0,0,0
1000,2,0,94,1,1,1,4325,18654.4,1312.71,46.3844,0.482746,1221.74,278327,120.041,23.1957,0.267264,96.5785,130.796,23.1887,0.0718272,107.535,250.837,0,0,0
1000,2,0,95,1,1,1,4316.94,18638.7,1312.95,46.3844,0.517824,1221.95,278322,118.351,23.1957,0.302342,94.8531,128.852,23.1887,0.0718272,105.592,247.203,0,0,0
1000,2,0,96,1,1,1,4349.29,18683.9,1312.88,46.3844,0.50112,1221.89,278324,70.8967,23.1957,0.267264,47.4338,122.527,23.1887,0.0902016,99.2478,193.423,0,0,0
1000,2,0,97,1,0,0,-1,-1,1290.2,23.1957,0.267264,1221.93,278328,-1,-1,-1,-1,-1,-1,-1,-1,-1,0,0,0
1000,2,0,98,1,1,1,4336.49,18656.6,1312.81,46.3844,0.482746,1221.84,278325,73.0029,23.1957,0.267264,49.54,119.85,23.1887,0.0718272,96.5893,192.853,0,0,0
1000,2,0,99,1,1,1,4321.54,18662.8,1312.85,46.3844,0.482746,1221.88,278325,72.7719,23.1957,0.267264,49.3089,119.065,23.1887,0.0718272,95.8042,191.837,0,0,0
1000,2,0,100,1,1,1,4338.85,18652.1,1312.64,46.3844,0.517824,1221.64,278328,85.9415,23.1957,0.267264,62.4786,120.338,23.1887,0.106906,97.0423,206.279,0,0,0
1000,2,0,101,1,1,1,4321.58,18686.1,1312.61,46.3844,0.482746,1221.64,278329,127.087,23.1957,0.267264,103.624,122.568,23.1887,0.0718272,99.3073,249.655,0,0,0
1000,2,0,102,1,1,1,4325.12,18638.6,1312.73,46.3844,0.517824,1221.72,278326,127.573,23.1957,0.267264,104.11,93.4446,23.1887,0.106906,70.149,221.017,0,0,0
1000,2,0,103,1,1,1,4318.22,18631.7,1312.59,46.3844,0.482746,1221.62,278329,128.381,23.1957,0.267264,104.918,65.8375,23.1887,0.0718272,42.577,194.219,0,0,0
1000,2,0,104,1,1,1,4335.18,18667.7,1312.84,46.3844,0.770054,1221.58,278324,121.316,23.1957,0.267264,97.8526,133.424,23.1887,0.0718272,110.163,254.739,0,0,0
1000,2,0,105,1,1,1,4351.93,18715.3,1312.9,46.3844,0.552902,1221.86,278323,120.882,23.1957,0.337421,97.3491,129.244,23.1887,0.0718272,105.983,250.126,0,0,0
1000,2,0,106,1,1,1,4356.04,18717.3,1312.68,46.3844,0.517824,1221.68,278327,133.386,23.1957,0.267264,109.923,130.087,23.1887,0.106906,106.792,263.474,0,0,0
1000,2,0,107,1,1,1,4336.9,18650.8,1312.93,46.3844,0.482746,1221.96,278323,72.1944,23.1957,0.267264,48.7314,122.145,23.1887,0.0718272,98.885,194.34,0,0,0
1000,2,0,108,1,1,1,4346.36,18663.5,1312.98,46.3844,0.770054,1221.72,278321,89.5313,23.1957,0.267264,66.0683,127.161,23.1887,0.0718272,103.901,216.692,0,0,0
1000,2,0,109,1,1,1,4319.39,18690.9,1312.65,46.3844,0.482746,1221.68,278328,127.183,23.1957,0.267264,103.72,64.1302,23.1887,0.0718272,40.8697,191.313,0,0,0
1000,2,0,110,1,0,0,-1,-1,1290.29,23.1957,0.302342,1221.99,278327,-1,-1,-1,-1,-1,-1,-1,-1,-1,0,0,0
1000,2,0,111,1,1,1,4324.68,18710.7,1312.83,46.3844,0.482746,1221.86,278325,124.001,23.1957,0.267264,100.538,130.837,23.1887,0.0718272,107.577,254.839,0,0,0
1000,2,0,112,1,1,1,4325.7,18675.4,1312.68,46.3844,0.517824,1221.68,278327,79.4767,23.1957,0.267264,56.0138,119.053,23.1887,0.106906,95.7573,198.53,0,0,0
1000,2,0,113,1,1,1,4355.85,18675.2,1312.89,46.3844,0.770054,1221.63,278323,133.848,23.1957,0.267264,110.385,130.662,23.1887,0.0718272,107.402,264.51,0,0,0
1000,2,0,114,1,1,1,4333.86,18646.4,1312.71,46.3844,0.482746,1221.74,278327,79.6464,23.1957,0.267264,56.1834,118.659,23.1887,0.0718272,95.3981,198.305,0,0,0
1000,2,0,115,1,1,1,4321.12,18634,1312.81,46.3844,0.482746,1221.84,278325,130.419,23.1957,0.267264,106.956,72.0551,23.1887,0.0718272,48.7946,202.474,0,0,0
1000,2,0,116,1,1,1,4319.45,18661.3,1312.71,46.3844,0.517824,1221.7,278327,133.111,23.1957,0.302342,109.613,130.675,23.1887,0.0718272,107.414,263.786,0,0,0
1000,2,0,117,1,1,1,4319.62,18667.3,1312.75,46.3844,0.678182,1221.59,278326,103.246,23.1957,0.462701,79.5881,50.8703,23.1887,0.0718272,27.6098,154.117,0,0,0
1000,2,0,118,1,1,1,4317.9,18646,1312.72,46.3952,0.50112,1221.72,278327,98.561,23.2065,0.285638,75.0689,45.7068,23.1887,0.0718272,22.4463,144.268,0,0,0
1000,2,0,119,1,1,1,4320.17,18672.2,1312.9,46.3844,0.482746,1221.93,278324,133.864,23.1957,0.267264,110.401,128.973,23.1887,0.0718272,105.713,262.837,0,0,0
1000,2,0,120,1,1,1,4331.69,18671.4,1312.79,46.3844,0.482746,1221.82,278326,121.592,23.1957,0.267264,98.1288,69.0916,23.1887,0.0718272,45.8311,190.683,0,0,0
1000,2,0,121,1,1,1,4319.11,18682.1,1312.73,46.3844,0.482746,1221.76,278327,125.548,23.1957,0.267264,102.085,71.2844,23.1887,0.0718272,48.0239,196.832,0,0,0
1000,2,0,122,1,1,1,4317.26,18645.4,1312.73,46.3844,0.482746,1221.76,278327,121.101,23.1957,0.267264,97.6379,57.8928,23.1887,0.0718272,34.6323,178.994,0,0,0
1000,2,0,123,1,1,2,10372.5,30699.3,1341.17,75.3781,0.930413,1221.64,278319,153.442,28.9996,0.355795,123.636,290.489,46.3784,0.287309,243.823,443.931,1,0,0
1000,2,0,124,1,0,0,-1,-1,1290.32,23.1957,0.267264,1222.05,278326,-1,-1,-1,-1,-1,-1,-1,-1,-1,0,0,0
1000,2,0,125,1,1,1,4385.32,18706.4,1312.85,46.3844,0.482746,1221.88,278325,121.178,23.1957,0.267264,97.7155,130.475,23.1887,0.0718272,107.214,251.653,0,0,0
1000,2,0,126,1,1,1,4320.84,18665.3,1312.82,46.3844,0.517824,1221.82,278325,97.0039,23.1957,0.302342,73.5059,45.4704,23.1887,0.0718272,22.2099,142.474,0,0,0
1000,2,0,127,1,1,2,10340.6,30676.7,1340.83,75.3781,0.716602,1221.51,278326,276.656,28.9996,0.320717,247.241,282.504,46.3784,0.108576,236.017,559.16,1,0,0
1000,2,0,128,1,1,1,4344.25,24664.4,1318.58,52.1883,1.31795,1221.14,278320,283.438,28.9996,1.10246,253.264,129.686,23.1887,0.0718272,106.425,413.124,0,0,0
1000,2,0,129,1,1,1,4316.62,18631.1,1312.89,46.3844,0.482746,1221.92,278324,122.373,23.1957,0.267264,98.9103,60.4845,23.1887,0.0718272,37.224,182.858,0,0,0
1000,2,0,130,1,1,1,4330.2,18645,1312.71,46.3844,0.482746,1221.74,278327,67.6553,23.1957,0.267264,44.1923,122.983,23.1887,0.0718272,99.7224,190.638,0,0,0
1000,2,0,131,1,0,0,-1,-1,1290.25,23.1957,0.532858,1221.72,278327,-1,-1,-1,-1,-1,-1,-1,-1,-1,0,0,0
1000,2,0,132,1,1,1,4315.98,18649.5,1312.55,46.3844,0.517824,1221.54,278330,113.659,23.1957,0.302342,90.1606,56.7107,23.1887,0.0718272,33.4502,170.369,0,0,0
1000,2,0,133,1,1,1,4330.79,18673.3,1312.87,46.3844,0.482746,1221.9,278324,122.676,23.1957,0.267264,99.2135,132.128,23.1887,0.0718272,108.867,254.804,0,0,0
1000,2,0,134,1,1,1,4336.14,18707.2,1312.7,46.3844,0.978854,1221.24,278325,131.582,23.1957,0.728294,107.658,84.5884,23.1887,0.106906,61.2928,216.171,0,0,0
1000,2,0,135,1,1,1,4328.58,18658.3,1312.73,46.3844,0.482746,1221.76,278327,122.285,23.1957,0.267264,98.8218,131.076,23.1887,0.0718272,107.815,253.36,0,0,0
1000,2,0,136,1,1,1,4337.35,18660.3,1312.85,46.3844,0.6264,1221.74,278324,132.523,23.1957,0.267264,109.06,129.888,23.1887,0.0718272,106.628,262.412,0,0,0
1000,2,0,137,1,1,1,4321.18,18675.6,1312.99,46.3844,0.873619,1221.63,278321,121.784,23.1957,0.658138,97.9303,124.571,23.1887,0.0718272,101.311,246.355,0,0,0
1000,2,0,138,1,1,1,4327.91,18644.5,1312.71,46.3844,0.482746,1221.74,278327,95.3445,23.1957,0.267264,71.8816,130.686,23.1887,0.0718272,107.425,226.03,0,0,0
1000,2,0,139,1,1,1,4355.96,18708.5,1312.9,46.3844,0.552902,1221.86,278323,117.745,23.1957,0.302342,94.2467,133.033,23.1887,0.106906,109.737,250.778,0,0,0
1000,2,0,140,1,1,1,4313.74,18636.7,1312.78,46.3844,0.517824,1221.78,278325,128.563,23.1957,0.302342,105.065,71.3693,23.1887,0.0718272,48.1087,199.932,0,0,0
1000,2,0,141,1,1,1,4323.27,18650.5,1312.95,46.3844,0.517824,1221.95,278322,129.438,23.1957,0.302342,105.94,70.0084,23.1887,0.0718272,46.7479,199.446,0,0,0
1000,2,0,142,1,1,1,4318.79,18700.8,1312.85,46.3844,0.482746,1221.88,278325,134.594,23.1957,0.267264,111.131,128.747,23.1887,0.0718272,105.487,263.341,0,0,0
1000,2,0,143,1,1,1,4315.98,18632.7,1312.71,46.3844,0.482746,1221.74,278327,126.894,23.1957,0.267264,103.431,77.9423,23.1887,0.0718272,54.6818,204.837,0,0,0
1000,2,0,144,1,1,1,4326.54,18669.7,1312.81,46.3844,0.482746,1221.84,278325,112.053,23.1957,0.267264,88.5904,56.0068,23.1887,0.0718272,32.7463,168.06,0,0,0
1000,2,0,145,1,1,1,4319.56,18701.5,1312.81,46.3844,0.482746,1221.84,278325,135.146,23.1957,0.267264,111.683,128.177,23.1887,0.0718272,104.917,263.323,0,0,0
1000,2,0,146,1,1,1,4316.2,18643.1,1312.73,46.3844,0.482746,1221.76,278327,92.3883,23.1957,0.267264,68.9253,128.908,23.1887,0.0718272,105.648,221.296,0,0,0
1000,2,0,147,1,1,1,4318.47,24639.8,1318.55,52.1883,0.696557,1221.74,278322,278.161,28.9996,0.481075,248.593,69.3046,23.1887,0.0718272,46.0441,347.466,0,0,0
1000,2,0,148,1,1,1,4318.98,18636.8,1312.69,46.3844,0.482746,1221.72,278327,83.265,23.1957,0.267264,59.802,121.245,23.1887,0.0718272,97.9844,204.51,0,0,0
1000,2,0,149,1,1,1,4315.38,18648.7,1312.96,46.3844,0.482746,1221.99,278323,122.879,23.1957,0.267264,99.4156,70.5535,23.1887,0.0718272,47.293,193.432,0,0,0
1000,2,0,150,1,1,1,4318.47,24690.7,1318.22,52.1883,0.731635,1221.37,278328,258.028,28.9996,0.516154,228.358,55.0033,23.1887,0.0718272,31.7428,313.031,0,0,0
1000,2,0,151,1,1,1,4316.87,24676.1,1318.32,52.1883,0.696557,1221.51,278327,274.595,28.9996,0.481075,245.011,69.3641,23.1887,0.0718272,46.1036,343.959,0,0,0
1000,2,0,152,1,1,1,4320.9,18651.4,1312.79,46.3844,0.482746,1221.82,278326,70.2795,23.1957,0.267264,46.8165,119.269,23.1887,0.0718272,96.0081,189.548,0,0,0
1000,2,0,153,1,1,1,4377.62,18707.1,1312.92,46.3844,0.6264,1221.8,278323,73.4956,23.1957,0.267264,50.0327,120.743,23.1887,0.0718272,97.4827,194.239,0,0,0
1000,2,0,154,1,1,1,4342.27,18657.1,1312.73,46.3844,0.482746,1221.76,278327,76.7118,23.1957,0.267264,53.2488,124.403,23.1887,0.0718272,101.143,201.115,0,0,0
1000,2,0,155,1,1,1,4325.45,18643.7,1312.79,46.3844,0.482746,1221.82,278326,123.191,23.1957,0.267264,99.7278,127.73,23.1887,0.0718272,104.469,250.92,0,0,0
1000,2,0,156,1,1,1,4388.71,18703.8,1312.68,46.3844,0.644774,1221.54,278327,100.089,23.1957,0.267264,76.6264,134.552,23.1887,0.0902016,111.273,234.641,0,0,0
1000,2,0,157,1,1,1,4330.52,18644.4,1312.71,46.3844,0.482746,1221.74,278327,83.0899,23.1957,0.267264,59.627,120.803,23.1887,0.0718272,97.5422,203.893,0,0,0
1000,2,0,158,1,1,1,4350.76,18684.1,1312.63,46.3844,0.482746,1221.66,278328,118.729,23.1957,0.267264,95.2664,130.451,23.1887,0.0718272,107.191,249.181,0,0,0
1000,2,0,159,1,1,1,4321.66,18638.5,1312.83,46.3844,0.482746,1221.86,278325,70.4184,23.1957,0.267264,46.9555,121.111,23.1887,0.0718272,97.8508,191.53,0,0,0
1000,2,0,160,1,1,1,4319.5,18671.7,1312.75,46.3844,0.482746,1221.78,278326,131.033,23.1957,0.267264,107.57,124.961,23.1887,0.0718272,101.7,255.994,0,0,0
1000,2,0,161,1,1,1,4328.33,18646.9,1313,46.3844,0.482746,1222.03,278322,71.1548,23.1957,0.267264,47.6918,121.442,23.1887,0.0718272,98.1811,192.596,0,0,0
1000,2,0,162,1,1,1,4317.87,18635.4,1312.9,46.3844,0.482746,1221.93,278324,74.7536,23.1957,0.267264,51.2906,122.073,23.1887,0.0718272,98.8128,196.827,0,0,0
1000,2,0,163,1,1,1,4351.05,18677.7,1312.86,46.3844,0.517824,1221.85,278324,129.268,23.1957,0.267264,105.805,130.708,23.1887,0.106906,107.413,259.976,0,0,0
1000,2,0,164,1,1,1,4320.2,18689.1,1312.79,46.3844,0.482746,1221.82,278326,124.568,23.1957,0.267264,101.105,76.7024,23.1887,0.0718272,53.4419,201.27,0,0,0
1000,2,0,165,1,1,1,4361.81,18712.7,1312.94,46.3844,0.517824,1221.94,278323,128.966,23.1957,0.267264,105.503,116.986,23.1887,0.106906,93.6908,245.953,0,0,0
1000,2,0,166,1,1,1,4326.6,18663.9,1312.85,46.3844,0.482746,1221.88,278325,131.15,23.1957,0.267264,107.687,125.105,23.1887,0.0718272,101.845,256.255,0,0,0
1000,2,0,167,1,1,1,4322.99,18653.4,1312.67,46.406,0.519494,1221.64,278328,122.858,23.2173,0.304013,99.3362,126.269,23.1887,0.0718272,103.009,249.127,0,0,0
1000,2,0,168,1,0,0,-1,-1,1290.41,23.1957,0.462701,1221.95,278324,-1,-1,-1,-1,-1,-1,-1,-1,-1,0,0,0
1000,2,0,169,1,1,1,4325.51,18648.9,1312.94,46.3844,0.482746,1221.98,278323,70.4906,23.1957,0.267264,47.0277,120.785,23.1887,0.0718272,97.5242,191.275,0,0,0
1000,2,0,170,1,1,1,4328.39,18645.4,1312.94,46.3844,0.482746,1221.97,278323,84.8641,23.1957,0.267264,61.4011,121.057,23.1887,0.0718272,97.7967,205.921,0,0,0
1000,2,0,171,1,1,1,4316.62,24688.2,1318.46,52.1883,1.08743,1221.26,278323,277.981,28.9996,0.871949,248.014,71.658,23.1887,0.0718272,48.3975,349.639,0,0,0
1000,2,0,172,1,1,1,4318.66,24653,1318.42,52.1883,0.927072,1221.38,278324,281.598,28.9996,0.71159,251.808,80.081,23.1887,0.0718272,56.8205,361.679,0,0,0
1000,2,0,173,1,1,1,4317.58,18678,1312.71,46.3844,0.482746,1221.74,278327,121.363,23.1957,0.267264,97.8996,133.337,23.1887,0.0718272,110.077,254.7,0,0,0
1000,2,0,174,1,1,1,4337.96,18653.7,1312.79,46.3844,0.482746,1221.82,278326,70.4744,23.1957,0.267264,47.0114,121.927,23.1887,0.0718272,98.6666,192.402,0,0,0
1000,2,0,175,1,1,1,4354.34,18702.9,1312.79,46.3844,0.482746,1221.82,278326,130.069,23.1957,0.267264,106.606,131.778,23.1887,0.0718272,108.517,261.847,0,0,0
1000,2,0,176,1,1,1,4318.22,18640.5,1312.63,46.3844,0.482746,1221.66,278328,129.948,23.1957,0.267264,106.485,72.01,23.1887,0.0718272,48.7495,201.958,0,0,0
1000,2,0,177,1,1,1,4328.52,18690.6,1312.7,46.3844,0.587981,1221.62,278326,128.521,23.1957,0.372499,104.953,99.2931,23.1887,0.0718272,76.0326,227.814,0,0,0
1000,2,0,178,1,1,1,4357.65,18776.4,1312.81,46.3844,1.10413,1221.22,278324,130.006,23.1957,0.888653,105.922,117.202,23.1887,0.0718272,93.9416,247.208,0,0,0
1000,2,0,179,1,1,1,4316.3,18632.8,1312.71,46.3844,0.482746,1221.74,278327,73.2321,23.1957,0.267264,49.7692,119.657,23.1887,0.0718272,96.3962,192.889,0,0,0
1000,2,0,180,1,1,1,4314.86,18673.4,1312.83,46.3844,0.482746,1221.86,278325,129.576,23.1957,0.267264,106.113,70.2431,23.1887,0.0718272,46.9826,199.819,0,0,0
1000,2,0,181,1,1,1,4318.13,24655.2,1318.49,52.1883,0.96215,1221.41,278323,288.814,28.9996,0.746669,259.009,88.4336,23.1887,0.0718272,65.1731,377.247,0,0,0
1000,2,0,182,1,1,1,4317.9,18659.9,1313.02,46.3844,0.482746,1222.05,278322,124.792,23.1957,0.267264,101.329,77.3828,23.1887,0.0718272,54.1223,202.175,0,0,0
1000,2,0,183,1,1,1,4321.45,18673.9,1312.71,46.3844,0.6264,1221.6,278326,120.956,23.1957,0.267264,97.4935,129.554,23.1887,0.0718272,106.294,250.511,0,0,0
1000,2,0,184,1,1,1,4350.92,18684.9,1312.97,46.3844,0.87529,1221.61,278321,121.608,23.1957,0.337421,98.0746,131.464,23.1887,0.106906,108.169,253.072,0,0,0
1000,2,0,185,1,1,1,4332.98,24686.2,1318.36,52.1883,0.83687,1221.41,278325,284.131,28.9996,0.621389,254.435,128.717,23.1887,0.0718272,105.456,412.848,0,0,0
1000,2,0,186,1,1,1,4316.27,18630.4,1312.77,46.3844,0.482746,1221.8,278326,121.234,23.1957,0.267264,97.7714,130.137,23.1887,0.0718272,106.877,251.372,0,0,0
1000,2,0,187,1,1,1,4316.94,18652.5,1312.92,46.3844,0.482746,1221.95,278323,125.239,23.1957,0.267264,101.776,68.348,23.1887,0.0718272,45.0875,193.587,0,0,0
1000,2,0,188,1,1,1,4335.9,18649.7,1312.79,46.3844,0.482746,1221.82,278326,120.814,23.1957,0.267264,97.3509,133.092,23.1887,0.0718272,109.831,253.905,0,0,0
1000,2,0,189,1,1,1,4387.66,18727.5,1312.61,46.3844,0.482746,1221.64,278329,122.021,23.1957,0.267264,98.5583,131.079,23.1887,0.0718272,107.819,253.101,0,0,0
1000,2,0,190,0,0,0,-1,-1,1290.23,23.206,0.551232,1221.67,278327,-1,-1,-1,-1,-1,-1,-1,-1,-1,0,0,0
1000,2,0,191,1,1,1,4323.59,18665.1,1312.79,46.3844,0.482746,1221.82,278326,134.769,23.1957,0.267264,111.306,127.457,23.1887,0.0718272,104.197,262.226,0,0,0
1000,2,0,192,1,1,1,4325.93,24665.6,1318.25,52.1883,0.571277,1221.56,278328,272.723,28.9996,0.320717,243.296,122.287,23.1887,0.106906,98.9915,395.01,0,0,0
1000,2,0,193,1,1,1,4317.13,18641,1312.79,46.3844,0.678182,1221.62,278325,131.833,23.1957,0.462701,108.174,85.3528,23.1887,0.0718272,62.0923,217.186,0,0,0
1000,2,0,194,1,1,1,4334.17,18665.8,1312.79,46.3844,0.482746,1221.82,278326,121.965,23.1957,0.267264,98.5024,129.321,23.1887,0.0718272,106.061,251.287,0,0,0
1000,2,0,195,1,1,1,4320.58,18639.6,1312.79,46.3844,0.482746,1221.82,278326,82.4041,23.1957,0.267264,58.9412,118.745,23.1887,0.0718272,95.4847,201.149,0,0,0
1000,2,0,196,1,1,1,4324.81,18681.3,1312.74,46.3844,0.517824,1221.74,278326,131.16,23.1957,0.302342,107.662,72.0533,23.1887,0.0718272,48.7928,203.213,0,0,0
1000,2,0,197,1,1,1,4343.14,18658.3,1312.71,46.3844,0.552902,1221.67,278327,89.3725,23.1957,0.267264,65.9095,127.282,23.1887,0.141984,103.951,216.654,0,0,0
1000,2,0,198,0,0,0,-1,-1,1301.62,34.8138,1.43988,1220.91,278322,-1,-1,-1,-1,-1,-1,-1,-1,-1,0,0,0
1000,2,0,199,1,1,1,4350.03,18739,1312.34,46.3844,0.587981,1221.27,278333,130.961,23.1957,0.302342,107.463,103.946,23.1887,0.141984,80.615,234.907,0,0,0
1000,2,0,200,1,1,1,4333.95,18653.8,1312.61,46.3844,0.517824,1221.6,278329,121.851,23.1957,0.302342,98.3526,127.995,23.1887,0.0718272,104.734,249.845,0,0,0
1000,2,0,201,1,1,1,4353.02,18683,1312.86,46.3844,0.517824,1221.86,278324,130.637,23.1957,0.267264,107.174,128.932,23.1887,0.106906,105.637,259.57,0,0,0
1000,2,0,202,1,1,1,4326.41,24643.2,1318.59,52.1883,1.28287,1221.2,278320,278.126,28.9996,1.06739,247.972,69.4219,23.1887,0.0718272,46.1614,347.548,0,0,0
1000,2,0,203,1,1,1,4333.31,24695.8,1318.38,52.1883,0.731635,1221.53,278325,265.784,28.9996,0.516154,236.138,127.098,23.1887,0.0718272,103.837,392.882,0,0,0
1000,2,0,204,1,1,1,4328.89,18657.8,1312.76,46.3844,0.517824,1221.76,278326,122.235,23.1957,0.302342,98.737,130.242,23.1887,0.0718272,106.981,252.477,0,0,0
1000,2,0,205,1,1,1,4315.66,18667.9,1312.79,46.3844,0.517824,1221.78,278325,130.2,23.1957,0.302342,106.702,81.0845,23.1887,0.0718272,57.824,211.284,0,0,0
1000,2,0,206,1,1,1,4385.29,18712.7,1312.86,46.3844,0.770054,1221.6,278324,123.517,23.1957,0.267264,100.055,129.717,23.1887,0.0718272,106.456,253.234,0,0,0
1000,2,0,207,1,1,1,4337.91,18655.3,1312.73,46.3844,0.482746,1221.76,278327,84.1746,23.1957,0.267264,60.7117,121.725,23.1887,0.0718272,98.4645,205.9,0,0,0
1000,2,0,208,1,1,1,4316.17,18649.5,1312.67,46.3844,0.517824,1221.66,278327,129.656,23.1957,0.302342,106.158,70.5968,23.1887,0.0718272,47.3363,200.253,0,0,0
1000,2,0,209,1,1,1,4327.19,24645.7,1318.33,52.1883,0.536198,1221.68,278327,147.415,28.9996,0.320717,117.628,120.263,23.1887,0.0718272,97.0026,267.678,0,0,0
1000,2,0,210,1,1,1,4321.07,18665.1,1312.83,46.3844,0.482746,1221.86,278325,119.729,23.1957,0.267264,96.2662,129.063,23.1887,0.0718272,105.803,248.792,0,0,0
1000,2,0,211,1,0,0,-1,-1,1290.1,23.1957,0.302342,1221.8,278330,-1,-1,-1,-1,-1,-1,-1,-1,-1,0,0,0
1000,2,0,212,1,1,1,4322.19,18664.7,1312.79,46.3844,0.678182,1221.63,278325,69.2476,23.1957,0.462701,45.5892,120.231,23.1887,0.0718272,96.9701,189.478,0,0,0
1000,2,0,213,1,1,1,4316.3,18658.4,1312.92,46.3844,0.713261,1221.72,278323,126.121,23.1957,0.497779,102.428,63.3072,23.1887,0.0718272,40.0467,189.429,0,0,0
1000,2,0,214,1,1,1,4339.06,18671,1312.92,46.3844,0.517824,1221.92,278323,130.009,23.1957,0.267264,106.546,129.261,23.1887,0.106906,105.965,259.27,0,0,0
1000,2,0,215,1,1,1,4360.77,18704.1,1312.71,46.3844,0.482746,1221.74,278327,123.447,23.1957,0.267264,99.9841,128.728,23.1887,0.0718272,105.467,252.175,0,0,0
1000,2,0,216,1,1,1,4402.76,18715.3,1312.61,46.3844,0.482746,1221.64,278329,72.447,23.1957,0.267264,48.9841,121.413,23.1887,0.0718272,98.1522,193.86,0,0,0
1000,2,0,217,1,1,1,4326.48,18644.7,1312.71,46.3844,0.482746,1221.74,278327,127.575,23.1957,0.267264,104.112,100.349,23.1887,0.0718272,77.0884,227.924,0,0,0
1000,2,0,218,1,1,1,4320.53,18643.3,1312.71,46.3844,0.482746,1221.74,278327,119.623,23.1957,0.267264,96.1597,133.05,23.1887,0.0718272,109.79,252.673,0,0,0
1000,2,0,219,1,1,1,4329.3,24684.8,1317.98,52.1883,0.871949,1220.99,278331,254.622,28.9996,0.656467,224.804,50.7133,23.1887,0.0718272,27.4528,305.335,0,0,0
1000,2,0,220,1,1,1,4338.24,24660,1318.37,52.1883,0.766714,1221.49,278325,156.05,28.9996,0.551232,126.056,121.508,23.1887,0.0718272,98.2479,277.558,0,0,0
1000,2,0,221,1,1,1,4315.02,18654.7,1312.73,46.3844,0.482746,1221.76,278327,122.815,23.1957,0.267264,99.3524,73.4718,23.1887,0.0718272,50.2113,196.287,0,0,0
1000,2,0,222,1,1,1,4329.06,18669.6,1312.71,46.3844,0.482746,1221.74,278327,131.161,23.1957,0.267264,107.698,86.5548,23.1887,0.0718272,63.2943,217.716,0,0,0
1000,2,0,223,0,0,0,-1,-1,1289.95,23.206,0.551232,1221.39,278332,-1,-1,-1,-1,-1,-1,-1,-1,-1,0,0,0
1000,2,0,224,1,1,1,4326.34,18660.3,1312.63,46.3844,0.482746,1221.66,278328,121.206,23.1957,0.267264,97.7426,70.613,23.1887,0.0718272,47.3525,191.819,0,0,0
1000,2,0,225,1,1,1,4322.12,18642.8,1312.61,46.3844,0.517824,1221.6,278329,129.645,23.1957,0.267264,106.182,71.0668,23.1887,0.106906,47.7713,200.712,0,0,0
1000,2,0,226,1,1,1,4314.38,18664.9,1312.63,46.3844,0.482746,1221.66,278328,120.316,23.1957,0.267264,96.8528,129.195,23.1887,0.0718272,105.935,249.511,0,0,0
1000,2,0,227,1,0,0,-1,-1,1290.13,23.1957,0.372499,1221.76,278329,-1,-1,-1,-1,-1,-1,-1,-1,-1,0,0,0
1000,2,0,228,1,1,1,4328.95,18675.5,1312.75,46.3844,0.482746,1221.78,278326,124.185,23.1957,0.267264,100.722,129.356,23.1887,0.0718272,106.095,253.541,0,0,0
1000,2,0,229,1,1,1,4321.86,24682.4,1318.27,52.1883,0.536198,1221.62,278328,276.932,28.9996,0.320717,247.514,125.622,23.1887,0.0718272,102.361,402.553,0,0,0
1000,2,0,230,1,1,1,4319.3,18634.4,1312.67,46.3844,0.482746,1221.7,278328,70.774,23.1957,0.267264,47.311,120.564,23.1887,0.0718272,97.304,191.338,0,0,0
1000,2,0,231,1,1,2,10331.9,24649,1335.17,69.5741,0.519494,1221.68,278327,119.28,23.1957,0.267264,95.8168,298.601,46.3784,0.108576,252.114,417.881,1,0,0
1000,2,0,232,1,1,1,4314.38,24677.7,1318.13,52.1991,0.785088,1221.22,278329,278.681,29.0104,0.569606,249.008,71.4631,23.1887,0.0718272,48.2026,350.144,0,0,0
1000,2,0,233,1,1,1,4332.1,18648.6,1312.63,46.3844,0.482746,1221.66,278328,130.603,23.1957,0.267264,107.14,84.3746,23.1887,0.0718272,61.1141,214.978,0,0,0
1000,2,0,234,1,1,1,4338.78,18707.5,1312.84,46.3844,0.517824,1221.84,278324,121.021,23.1957,0.267264,97.5585,128.871,23.1887,0.106906,105.575,249.892,0,0,0
1000,2,0,235,1,1,1,4320.2,24715,1318.62,52.1883,1.19267,1221.31,278320,280.244,28.9996,0.977184,250.174,71.936,23.1887,0.0718272,48.6755,352.18,0,0,0
1000,2,0,236,1,1,1,4336.58,18665.8,1312.76,46.3844,0.713261,1221.56,278325,92.3084,23.1957,0.497779,68.6149,129.141,23.1887,0.0718272,105.88,221.449,0,0,0
1000,2,0,237,1,1,1,4315.66,18707.2,1312.77,46.3844,0.713261,1221.57,278325,130.631,23.1957,0.497779,106.938,88.412,23.1887,0.0718272,65.1515,219.043,0,0,0
1000,2,0,238,1,1,1,4338.66,18676.7,1312.69,46.3844,0.50112,1221.7,278327,122.323,23.1957,0.267264,98.8597,131.787,23.1887,0.0902016,108.508,254.11,0,0,0
1000,2,0,239,1,1,1,4334.81,18664.3,1312.94,46.3844,0.678182,1221.78,278322,129.293,23.1957,0.462701,105.635,109.095,23.1887,0.0718272,85.8345,238.388,0,0,0
1000,2,0,240,0,0,0,-1,-1,1295.89,29.0099,0.800122,1221.45,278325,-1,-1,-1,-1,-1,-1,-1,-1,-1,0,0,0
1000,2,0,241,1,1,1,4337.8,24675.4,1318.63,52.1883,0.840211,1221.68,278321,275.022,28.9996,0.481075,245.442,131.314,23.1887,0.0718272,108.053,406.336,0,0,0
1000,2,0,242,1,1,3,16323.9,30670.9,1358.17,92.7639,0.895334,1221.82,278317,123.749,23.1957,0.462701,100.091,451.771,69.5682,0.288979,381.914,575.52,2,0,0
1000,2,0,243,1,1,1,4350.61,18682.3,1312.81,46.3844,0.482746,1221.84,278325,130.148,23.1957,0.267264,106.685,114.587,23.1887,0.0718272,91.3265,244.735,0,0,0
1000,2,0,244,1,1,2,10345.9,24714.9,1335.68,69.5741,0.893664,1221.82,278317,135.035,23.1957,0.497779,111.342,254.914,46.3784,0.108576,208.427,389.95,1,0,0
1000,2,0,245,1,1,1,4326.32,18643.1,1312.79,46.3844,0.517824,1221.78,278325,69.886,23.1957,0.267264,46.4231,119.374,23.1887,0.106906,96.0785,189.26,0,0,0
1000,2,0,246,1,1,1,4331.91,18657.4,1312.87,46.3844,0.482746,1221.9,278324,120.576,23.1957,0.267264,97.1127,69.9056,23.1887,0.0718272,46.6451,190.481,0,0,0
1000,2,0,247,1,1,2,10359.6,24691.4,1335.38,69.5741,0.663149,1221.74,278323,110.705,23.1957,0.267264,87.2422,302.409,46.3784,0.25223,255.778,413.114,1,0,0
1000,2,0,248,1,1,1,4336.2,18663,1312.56,46.3844,0.552902,1221.52,278329,131.649,23.1957,0.302342,108.151,85.8554,23.1887,0.106906,62.5598,217.504,0,0,0
1000,2,0,249,1,1,1,4337.04,18687.6,1312.71,46.3844,0.482746,1221.74,278327,71.5266,23.1957,0.267264,48.0636,120.204,23.1887,0.0718272,96.943,191.73,0,0,0
1000,2,0,250,0,0,0,-1,-1,1273.4,5.80392,0.444326,1221.82,278327,-1,-1,-1,-1,-1,-1,-1,-1,-1,0,0,0
1000,2,0,251,0,0,0,-1,-1,1290.23,23.206,0.551232,1221.67,278327,-1,-1,-1,-1,-1,-1,-1,-1,-1,0,0,0
1000,2,0,252,1,1,1,4335.05,18695.2,1312.77,46.3844,0.482746,1221.8,278326,129.448,23.1957,0.267264,105.985,65.316,23.1887,0.0718272,42.0554,194.764,0,0,0
1000,2,0,253,1,1,1,4324.87,18649.8,1312.73,46.3844,0.482746,1221.76,278327,133.929,23.1957,0.267264,110.466,129.099,23.1887,0.0718272,105.839,263.029,0,0,0
1000,2,0,254,1,1,1,4325.83,18648.2,1312.85,46.3844,0.678182,1221.69,278324,69.0437,23.1957,0.462701,45.3853,120.669,23.1887,0.0718272,97.4087,189.713,0,0,0
1000,2,0,255,1,0,0,-1,-1,1290.12,23.1957,0.267264,1221.85,278330,-1,-1,-1,-1,-1,-1,-1,-1,-1,0,0,0
1000,2,0,256,1,1,1,4351.45,18690.9,1312.64,46.3844,0.517824,1221.64,278328,125.217,23.1957,0.302342,101.719,125.039,23.1887,0.0718272,101.778,250.255,0,0,0
1000,2,0,257,1,1,1,4374.88,18712.2,1312.61,46.3844,0.50112,1221.62,278329,129.239,23.1957,0.267264,105.776,130.518,23.1887,0.0902016,107.239,259.757,0,0,0
1000,2,0,258,1,0,0,-1,-1,1290.1,23.1957,0.302342,1221.8,278330,-1,-1,-1,-1,-1,-1,-1,-1,-1,0,0,0
1000,2,0,259,1,1,1,4317.83,18696.3,1312.73,46.3844,0.482746,1221.76,278327,122.379,23.1957,0.267264,98.9157,58.5407,23.1887,0.0718272,35.2802,180.919,0,0,0
1000,2,0,260,1,1,2,10350.8,30696.3,1340.82,75.3781,0.716602,1221.5,278326,265.99,28.9996,0.320717,236.543,293.879,46.3784,0.25223,247.249,559.869,1,0,0
1000,2,0,261,1,1,1,4338.98,18678.3,1312.68,46.3844,0.6264,1221.57,278327,130.085,23.1957,0.267264,106.622,123.015,23.1887,0.0718272,99.7549,253.101,0,0,0
1000,2,0,262,1,1,1,4321.84,18645,1312.8,46.3844,0.517824,1221.8,278325,129.44,23.1957,0.302342,105.942,121.895,23.1887,0.0718272,98.6341,251.334,0,0,0
1000,2,0,263,1,1,1,4333.13,18665.3,1312.82,46.3844,0.517824,1221.82,278325,133.556,23.1957,0.267264,110.093,120.95,23.1887,0.106906,97.6541,254.505,0,0,0
1000,2,0,264,1,1,1,4372.9,18708,1312.86,46.3844,0.517824,1221.86,278324,80.3095,23.1957,0.302342,56.8115,121.205,23.1887,0.0718272,97.9447,201.515,0,0,0
1000,2,0,265,1,1,1,4318.97,18702.1,1312.72,46.3844,0.552902,1221.68,278326,123.274,23.1957,0.337421,99.7405,126.764,23.1887,0.0718272,103.503,250.038,0,0,0
1000,2,0,266,1,1,1,4391.4,18713,1312.75,46.3844,0.482746,1221.78,278326,72.6961,23.1957,0.267264,49.2331,121.301,23.1887,0.0718272,98.0403,193.997,0,0,0
1000,2,0,267,1,1,1,4319.16,18636.3,1312.75,46.3844,0.482746,1221.78,278326,122.556,23.1957,0.267264,99.0925,127.702,23.1887,0.0718272,104.442,250.258,0,0,0
1000,2,0,268,1,1,1,4316.3,18666.4,1312.84,46.3844,0.517824,1221.84,278324,124.453,23.1957,0.302342,100.955,74.4627,23.1887,0.0718272,51.2022,198.916,0,0,0
1000,2,0,269,1,1,1,4331.27,18665.9,1312.69,46.3844,0.482746,1221.72,278327,120.682,23.1957,0.267264,97.2192,132.009,23.1887,0.0718272,108.748,252.691,0,0,0
1000,2,0,270,1,1,2,10318,30703.5,1340.87,75.3889,0.786758,1221.47,278325,280.393,29.0104,0.534528,250.757,260.289,46.3784,0.108576,213.802,540.682,1,0,0
1000,2,0,271,1,1,1,4332.68,18654,1312.82,46.3844,0.517824,1221.82,278325,118.645,23.1957,0.302342,95.1473,133.263,23.1887,0.0718272,110.003,251.908,0,0,0
1000,2,0,272,1,1,1,4335.51,24677.6,1318.15,52.1883,1.12418,1220.91,278328,286.532,28.9996,0.621389,256.845,96.6365,23.1887,0.0718272,73.3759,383.169,0,0,0
1000,2,0,273,1,1,1,4318.86,18673.2,1312.71,46.3844,0.482746,1221.74,278327,119.8,23.1957,0.267264,96.3366,130.7,23.1887,0.0718272,107.44,250.5,0,0,0
1000,2,0,274,1,1,1,4332.18,18646.7,1312.73,46.3844,0.517824,1221.72,278326,124.149,23.1957,0.267264,100.686,127.483,23.1887,0.106906,104.187,251.632,0,0,0
1000,2,0,275,1,1,1,4331.02,18698.9,1313.02,46.3844,0.678182,1221.86,278321,128.734,23.1957,0.462701,105.075,123.344,23.1887,0.0718272,100.083,252.078,0,0,0
1000,2,0,276,1,1,1,4337.65,18658.9,1312.55,46.3844,0.517824,1221.55,278330,79.5904,23.1957,0.267264,56.1275,118.634,23.1887,0.106906,95.3386,198.225,0,0,0
1000,2,0,277,1,1,1,4319.18,30652.9,1324.11,57.9922,1.53176,1220.84,278321,430.634,34.8035,1.31628,394.044,67.4835,23.1887,0.0718272,44.223,498.117,0,0,0
1000,2,0,278,1,1,1,4315.02,18634.2,1312.77,46.3844,0.482746,1221.8,278326,72.5517,23.1957,0.267264,49.0888,121.559,23.1887,0.0718272,98.2984,194.111,0,0,0
1000,2,0,279,1,1,1,4340.32,18705.2,1313.08,46.3844,0.908698,1221.68,278319,131.211,23.1957,0.693216,107.322,113.145,23.1887,0.0718272,89.8845,244.356,0,0,0
1000,2,0,280,1,1,1,4342.86,18660.2,1312.94,46.3844,0.482746,1221.97,278323,83.0358,23.1957,0.267264,59.5728,119.751,23.1887,0.0718272,96.49,202.786,0,0,0
1000,2,0,281,1,1,1,4337.37,18651,1312.77,46.3844,0.482746,1221.8,278326,67.9459,23.1957,0.267264,44.4829,123.225,23.1887,0.0718272,99.9643,191.171,0,0,0
1000,2,0,282,1,1,1,4320.26,24646.3,1318.34,52.1883,0.696557,1221.53,278326,275.785,28.9996,0.481075,246.209,70.6401,23.1887,0.0718272,47.3796,346.425,0,0,0
1000,2,0,283,1,1,1,4365.08,18681.2,1312.6,46.3844,0.948787,1221.17,278327,69.7543,23.1957,0.267264,46.2913,120.009,23.1887,0.106906,96.7138,189.764,0,0,0
1000,2,0,284,1,1,1,4325.9,18645.1,1312.57,46.3844,0.482746,1221.6,278329,71.1259,23.1957,0.267264,47.663,118.976,23.1887,0.0718272,95.7158,190.102,0,0,0
1000,2,0,285,1,1,1,4324.03,18636,1312.81,46.3844,0.482746,1221.84,278325,73.9757,23.1957,0.267264,50.5127,119.859,23.1887,0.0718272,96.5983,193.835,0,0,0
1000,2,0,286,1,1,1,4335.75,18662.6,1312.68,46.3844,0.517824,1221.68,278327,76.5935,23.1957,0.302342,53.0954,124.434,23.1887,0.0718272,101.173,201.027,0,0,0
1000,2,0,287,1,1,1,4324.26,18653.9,1312.75,46.3844,0.482746,1221.78,278326,99.4595,23.1957,0.267264,75.9965,46.5424,23.1887,0.0718272,23.2819,146.002,0,0,0
1000,2,0,288,1,1,1,4395.74,18744.3,1312.77,46.3844,0.678182,1221.61,278325,121.556,23.1957,0.462701,97.8978,135.786,23.1887,0.0718272,112.526,257.342,0,0,0
1000,2,0,289,1,1,1,4335.5,18655.5,1312.82,46.3844,0.696557,1221.64,278324,82.0439,23.1957,0.302342,58.5459,120.993,23.1887,0.106906,97.6974,203.037,0,0,0
1000,2,0,290,1,1,1,4326.47,24642.3,1318.39,52.1883,0.536198,1221.74,278326,215.053,28.9996,0.320717,185.463,34.6506,23.1887,0.0718272,11.3901,249.704,0,0,0
1000,2,0,291,1,1,1,4319.18,18694.9,1312.8,46.3844,0.552902,1221.76,278325,122.039,23.1957,0.337421,98.506,132.583,23.1887,0.0718272,109.322,254.622,0,0,0
1000,2,0,292,1,1,1,4362.93,18708.9,1313.01,46.3844,0.821837,1221.7,278321,129.557,23.1957,0.462701,105.898,130.341,23.1887,0.0718272,107.081,259.898,0,0,0
1000,2,0,293,1,1,1,4360.77,18698.8,1312.85,46.3844,0.6264,1221.74,278324,120.888,23.1957,0.267264,97.4249,133.96,23.1887,0.0718272,110.699,254.848,0,0,0
1000,2,0,294,1,1,1,4327.31,18648.9,1312.79,46.3844,0.482746,1221.82,278326,70.2795,23.1957,0.267264,46.8165,122.236,23.1887,0.0718272,98.9752,192.515,0,0,0
1000,2,0,295,1,1,1,4331.4,18678,1312.66,46.3844,0.517824,1221.66,278328,130.358,23.1957,0.302342,106.86,88.7531,23.1887,0.0718272,65.4926,219.112,0,0,0
1000,2,0,296,1,1,1,4317.58,18651.1,1312.71,46.3844,0.482746,1221.74,278327,120.094,23.1957,0.267264,96.6308,70.0842,23.1887,0.0718272,46.8237,190.178,0,0,0
1000,2,0,297,1,1,1,4317.9,18656.4,1312.71,46.3844,0.678182,1221.55,278326,122.291,23.1957,0.462701,98.6323,69.5663,23.1887,0.0718272,46.3058,191.857,0,0,0
1000,2,0,298,1,1,1,4323.24,18671.2,1313.15,46.3844,1.21271,1221.45,278317,78.6697,23.1957,0.853574,54.6205,116.816,23.1887,0.0718272,93.5554,195.486,0,0,0
1000,2,0,299,1,1,1,4317.26,18632.1,1312.81,46.3844,0.482746,1221.84,278325,129.051,23.1957,0.267264,105.588,71.0227,23.1887,0.0718272,47.7622,200.074,0,0,0
1000,2,0,300,1,1,1,4339.69,18664.2,1312.67,46.3844,0.948787,1221.24,278326,80.6272,23.1957,0.302342,57.1291,119.817,23.1887,0.0718272,96.5568,200.444,0,0,0
1000,2,0,301,1,1,1,4338.93,18706.9,1312.83,46.3844,0.482746,1221.86,278325,129.013,23.1957,0.267264,105.55,119.779,23.1887,0.0718272,96.5189,248.792,0,0,0
1000,2,0,302,1,1,1,4326.86,18649.4,1312.79,46.3844,0.482746,1221.82,278326,130.794,23.1957,0.267264,107.331,125.549,23.1887,0.0718272,102.289,256.344,0,0,0
1000,2,0,303,1,1,1,4349.79,18690.2,1312.89,46.3844,0.482746,1221.92,278324,84.6529,23.1957,0.267264,61.1899,125.363,23.1887,0.0718272,102.103,210.016,0,0,0
1000,2,0,304,1,1,1,4327.75,18673.7,1312.79,46.3844,0.517824,1221.78,278325,127.5,23.1957,0.302342,104.002,68.9959,23.1887,0.0718272,45.7354,196.496,0,0,0
1000,2,0,305,1,1,1,4331.81,18646.3,1312.89,46.3844,0.6264,1221.77,278323,70.0142,23.1957,0.267264,46.5512,122.391,23.1887,0.0718272,99.1304,192.405,0,0,0
1000,2,0,306,1,1,1,4329.54,18659.7,1312.87,46.3844,0.482746,1221.9,278324,120.787,23.1957,0.267264,97.3238,129.764,23.1887,0.0718272,106.503,250.55,0,0,0
1000,2,0,307,1,1,1,4338.42,18692.5,1312.65,46.3844,0.482746,1221.68,278328,134.92,23.1957,0.267264,111.457,129.45,23.1887,0.0718272,106.189,264.37,0,0,0
1000,2,0,308,1,1,1,4330.2,18646.5,1312.61,46.3844,0.517824,1221.6,278329,119.655,23.1957,0.267264,96.1922,130.445,23.1887,0.106906,107.149,250.1,0,0,0
1000,2,0,309,1,1,1,4322.1,18655.2,1312.83,46.3844,0.482746,1221.86,278325,124.124,23.1957,0.267264,100.661,127.388,23.1887,0.0718272,104.128,251.512,0,0,0
1000,2,0,310,1,1,1,4356.13,18677.5,1312.7,46.3844,0.517824,1221.7,278327,84.2476,23.1957,0.302342,60.7496,121.108,23.1887,0.0718272,97.8472,205.355,0,0,0
1000,2,0,311,1,1,1,4346.45,18669.1,1312.89,46.3844,0.6264,1221.78,278323,71.2523,23.1957,0.267264,47.7893,122.072,23.1887,0.0718272,98.811,193.324,0,0,0
1000,2,0,312,1,0,0,-1,-1,1290.08,23.1957,0.267264,1221.81,278331,-1,-1,-1,-1,-1,-1,-1,-1,-1,0,0,0
1000,2,0,313,1,1,1,4351.02,18711.7,1312.81,46.3844,0.6264,1221.7,278325,133.516,23.1957,0.267264,110.053,131.294,23.1887,0.0718272,108.034,264.81,0,0,0
1000,2,0,314,1,1,1,4323.53,18653.3,1312.77,46.3844,0.482746,1221.8,278326,130.244,23.1957,0.267264,106.781,69.8947,23.1887,0.0718272,46.6342,200.139,0,0,0
1000,2,0,315,1,1,1,4328.01,18657.8,1312.79,46.3844,0.482746,1221.82,278326,85.1619,23.1957,0.267264,61.6989,121.44,23.1887,0.0718272,98.1793,206.602,0,0,0
1000,2,0,316,1,1,1,4325.61,18688.6,1312.59,46.3844,0.661478,1221.45,278328,130.836,23.1957,0.267264,107.373,70.1753,23.1887,0.106906,46.8797,201.011,0,0,0
1000,2,0,317,1,1,1,4314.38,18637.1,1313,46.3844,0.482746,1222.03,278322,100.124,23.1957,0.267264,76.6607,47.5405,23.1887,0.0718272,24.28,147.664,0,0,0
1000,2,0,318,1,1,1,4323.27,18646.9,1312.65,46.3844,0.517824,1221.64,278328,130.342,23.1957,0.302342,106.844,71.4812,23.1887,0.0718272,48.2206,201.823,0,0,0
1000,2,0,319,1,1,1,4333.32,18649.5,1312.63,46.3844,0.482746,1221.66,278328,121.637,23.1957,0.267264,98.1739,129.857,23.1887,0.0718272,106.597,251.494,0,0,0
1000,2,0,320,1,1,1,4336.9,18659.5,1312.76,46.3844,0.517824,1221.76,278326,68.1957,23.1957,0.302342,44.6977,124.54,23.1887,0.0718272,101.28,192.736,0,0,0
1000,2,0,321,1,0,0,-1,-1,1290.16,23.1957,0.302342,1221.86,278329,-1,-1,-1,-1,-1,-1,-1,-1,-1,0,0,0
1000,2,0,322,1,1,1,4324.65,18661,1312.73,46.3844,0.482746,1221.76,278327,76.8237,23.1957,0.267264,53.3607,120.732,23.1887,0.0718272,97.4718,197.556,0,0,0
1000,2,0,323,1,1,1,4326.92,18652.9,1312.63,46.3844,0.517824,1221.62,278328,75.7228,23.1957,0.267264,52.2598,120.455,23.1887,0.106906,97.1596,196.178,0,0,0
1000,2,0,324,1,0,0,-1,-1,1301.48,34.8035,0.694886,1221.53,278327,-1,-1,-1,-1,-1,-1,-1,-1,-1,0,0,0
1000,2,0,325,1,1,1,4315.78,18662.1,1312.71,46.3844,0.482746,1221.74,278327,122.808,23.1957,0.267264,99.3452,127.372,23.1887,0.0718272,104.112,250.18,0,0,0
1000,2,0,326,1,1,1,4330.82,24685.7,1318.24,52.1883,0.731635,1221.39,278328,285.654,28.9996,0.516154,256.067,122.896,23.1887,0.0718272,99.6358,408.55,0,0,0
1000,2,0,327,1,1,1,4353.57,18680.5,1312.84,46.3844,0.482746,1221.87,278325,82.3265,23.1957,0.267264,58.8636,122.651,23.1887,0.0718272,99.3903,204.977,0,0,0
1000,2,0,328,1,1,1,4326.47,18646.9,1312.59,46.3844,0.517824,1221.58,278329,120.801,23.1957,0.267264,97.3383,125.135,23.1887,0.106906,101.839,245.936,0,0,0
1000,2,0,329,1,1,1,4322.63,18640.3,1312.83,46.3844,0.6264,1221.72,278324,71.9255,23.1957,0.267264,48.4625,118.888,23.1887,0.0718272,95.6273,190.813,0,0,0
1000,2,0,330,1,1,1,4319.3,18693.6,1312.73,46.3844,0.482746,1221.76,278327,130.87,23.1957,0.267264,107.407,112.836,23.1887,0.0718272,89.5758,243.707,0,0,0
1000,2,0,331,1,1,1,4342.75,18668.3,1312.73,46.3844,0.482746,1221.76,278327,121.22,23.1957,0.267264,97.757,133.884,23.1887,0.0718272,110.623,255.104,0,0,0
1000,2,0,332,1,1,1,4318.09,18630.2,1312.91,46.3844,0.482746,1221.94,278323,120.415,23.1957,0.267264,96.9521,70.4957,23.1887,0.0718272,47.2352,190.911,0,0,0
1000,2,0,333,1,1,1,4332.2,18656,1312.75,46.3844,0.6264,1221.64,278326,85.7574,23.1957,0.267264,62.2945,120.344,23.1887,0.0718272,97.0838,206.102,0,0,0
1000,2,0,334,1,1,1,4333.63,18681.8,1312.73,46.3844,0.482746,1221.76,278327,123.276,23.1957,0.267264,99.8127,71.8421,23.1887,0.0718272,48.5816,195.118,0,0,0
1000,2,0,335,1,1,1,4340.45,18687.6,1312.95,46.3844,0.661478,1221.8,278322,115.014,23.1957,0.302342,91.516,131.04,23.1887,0.0718272,107.779,246.054,0,0,0
1000,2,0,336,1,1,1,4323.91,18669.1,1312.79,46.3844,0.713261,1221.59,278325,119.717,23.1957,0.462701,96.0587,133.67,23.1887,0.106906,110.374,253.387,0,0,0
1000,2,0,337,1,1,1,4322.9,18637.6,1312.89,46.3844,0.482746,1221.92,278324,120.484,23.1957,0.267264,97.0206,69.5663,23.1887,0.0718272,46.3058,190.05,0,0,0
1000,2,0,338,1,1,1,4319.12,18658.9,1312.61,46.3844,0.482746,1221.64,278329,121.016,23.1957,0.267264,97.553,124.254,23.1887,0.0718272,100.993,245.27,0,0,0
1000,2,0,339,1,1,1,4331.03,18686.5,1312.75,46.3844,0.873619,1221.39,278325,122.428,23.1957,0.658138,98.5746,127.468,23.1887,0.0718272,104.207,249.896,0,0,0
1000,2,0,340,1,1,1,4338,18661.4,1312.65,46.3844,0.482746,1221.68,278328,121.592,23.1957,0.267264,98.1288,127.854,23.1887,0.0718272,104.594,249.446,0,0,0
1000,2,0,341,1,1,1,4347.46,18682.9,1312.71,46.3844,0.482746,1221.74,278327,84.2125,23.1957,0.267264,60.7496,120.722,23.1887,0.0718272,97.461,204.934,0,0,0
1000,2,0,342,1,1,1,4331.21,18645.4,1312.81,46.3844,0.482746,1221.84,278325,121.411,23.1957,0.267264,97.9483,133.05,23.1887,0.0718272,109.79,254.461,0,0,0
1000,2,0,343,1,1,1,4319.9,18680,1312.71,46.3844,0.678182,1221.55,278326,100.261,23.1957,0.462701,76.6029,48.127,23.1887,0.0718272,24.8665,148.388,0,0,0
1000,2,0,344,1,1,1,4316.62,18663.6,1312.69,46.3844,0.482746,1221.72,278327,122.193,23.1957,0.267264,98.7298,59.6002,23.1887,0.0718272,36.3396,181.793,0,0,0
1000,2,0,345,1,1,1,4316.68,18631.2,1312.63,46.3844,0.517824,1221.62,278328,121.545,23.1957,0.267264,98.0819,131.01,23.1887,0.106906,107.714,252.554,0,0,0
1000,2,0,346,1,1,1,4317.9,24670.5,1318.44,52.1883,0.891994,1221.43,278324,277.535,28.9996,0.676512,247.765,67.6586,23.1887,0.0718272,44.3981,345.194,0,0,0
1000,2,0,347,1,1,1,4316.04,24658,1318.31,52.1883,0.571277,1221.63,278327,219.16,28.9996,0.355795,189.542,35.7714,23.1887,0.0718272,12.5109,254.931,0,0,0
1000,2,0,348,1,1,1,4324.01,24713.8,1318.93,52.1883,1.28287,1221.53,278314,288.735,28.9996,1.06739,258.601,125.165,23.1887,0.0718272,101.904,413.9,0,0,0
1000,2,0,349,1,1,1,4323.66,18655,1312.98,46.3844,0.482746,1222.01,278322,122.075,23.1957,0.267264,98.6125,127.278,23.1887,0.0718272,104.018,249.354,0,0,0
1000,2,0,350,1,1,1,4316.3,18683.7,1312.57,46.3844,0.678182,1221.41,278329,116.582,23.1957,0.462701,92.9237,130.729,23.1887,0.0718272,107.469,247.311,0,0,0
1000,2,0,351,1,1,1,4325.13,18664.5,1312.79,46.3844,0.517824,1221.78,278325,134.652,23.1957,0.302342,111.154,127.403,23.1887,0.0718272,104.142,262.055,0,0,0
1000,2,0,352,1,1,1,4355.53,18701.9,1312.8,46.3844,0.587981,1221.73,278325,119.633,23.1957,0.302342,96.1345,129.796,23.1887,0.141984,106.465,249.428,0,0,0
1000,2,0,353,1,1,1,4334.08,24684.6,1318.39,52.1883,0.731635,1221.55,278325,263.303,28.9996,0.481075,233.687,131.298,23.1887,0.106906,108.003,394.602,0,0,0
1000,2,0,354,1,1,1,4320.47,18639.7,1312.81,46.3844,0.482746,1221.84,278325,66.6717,23.1957,0.267264,43.2087,121.655,23.1887,0.0718272,98.3941,188.326,0,0,0
1000,2,0,355,1,1,1,4320.11,18656,1312.77,46.3844,0.482746,1221.8,278326,70.4618,23.1957,0.267264,46.9988,120.33,23.1887,0.0718272,97.0694,190.792,0,0,0
1000,2,0,356,1,1,1,4319.75,18679.2,1312.92,46.3844,0.482746,1221.95,278323,131.105,23.1957,0.267264,107.642,120.427,23.1887,0.0718272,97.1668,251.532,0,0,0
1000,2,0,357,1,1,1,4316.94,18659.9,1312.82,46.3844,0.678182,1221.66,278324,128.095,23.1957,0.462701,104.437,64.6031,23.1887,0.0718272,41.3426,192.698,0,0,0
1000,2,0,358,1,1,1,4328.35,18658.1,1312.75,46.3844,0.482746,1221.78,278326,118.906,23.1957,0.267264,95.4432,130.144,23.1887,0.0718272,106.884,249.051,0,0,0
1000,2,0,359,1,1,1,4326.47,18649.1,1312.96,46.3844,0.482746,1221.99,278323,124.876,23.1957,0.267264,101.414,79.0252,23.1887,0.0718272,55.7647,203.902,0,0,0
1000,2,0,360,1,1,1,4318.02,18634.9,1312.92,46.3844,0.482746,1221.95,278323,74.4991,23.1957,0.267264,51.0361,122.256,23.1887,0.0718272,98.9951,196.755,0,0,0
1000,2,0,361,1,1,1,4321.61,18672.7,1312.75,46.3844,0.482746,1221.78,278326,122.779,23.1957,0.267264,99.3163,129.69,23.1887,0.0718272,106.429,252.469,0,0,0
1000,2,0,362,1,1,1,4317.9,18646,1312.75,46.3844,0.482746,1221.78,278326,134.364,23.1957,0.267264,110.901,126.23,23.1887,0.0718272,102.969,260.594,0,0,0
1000,2,0,363,1,1,1,4318.13,18658.6,1312.71,46.3844,0.482746,1221.74,278327,130.123,23.1957,0.267264,106.66,70.2485,23.1887,0.0718272,46.988,200.372,0,0,0
1000,2,0,364,1,1,1,4321.54,18653.2,1312.73,46.3844,0.482746,1221.76,278327,74.2518,23.1957,0.267264,50.7889,121.411,23.1887,0.0718272,98.1504,195.663,0,0,0
1000,2,0,365,1,1,1,4318.15,18652.6,1312.61,46.3844,0.713261,1221.41,278328,74.5654,23.1957,0.497779,50.8719,120.409,23.1887,0.0718272,97.1488,194.975,0,0,0
1000,2,0,366,1,1,1,4324.94,18647,1312.71,46.3844,0.482746,1221.74,278327,122.306,23.1957,0.267264,98.8435,127.569,23.1887,0.0718272,104.308,249.875,0,0,0
1000,2,0,367,1,1,1,4317.9,18653.5,1312.94,46.3844,0.678182,1221.78,278322,122.237,23.1957,0.462701,98.5782,60.8996,23.1887,0.0718272,37.6391,183.136,0,0,0
1000,2,0,368,1,1,1,4316.94,18640.5,1312.73,46.3844,0.482746,1221.76,278327,120.691,23.1957,0.267264,97.2282,124.228,23.1887,0.0718272,100.968,244.919,0,0,0
1000,2,0,369,1,1,1,4347.05,18665.7,1312.86,46.3844,0.6264,1221.74,278324,120.727,23.1957,0.267264,97.2643,69.4453,23.1887,0.0718272,46.1848,190.173,0,0,0
1000,2,0,370,1,1,1,4316.3,18700.7,1312.75,46.3844,0.482746,1221.78,278326,124.777,23.1957,0.267264,101.314,76.5797,23.1887,0.0718272,53.3192,201.357,0,0,0
1000,2,0,371,1,1,1,4319.67,18634.8,1312.89,46.3844,0.482746,1221.92,278324,77.1702,23.1957,0.267264,53.7072,120.879,23.1887,0.0718272,97.618,198.049,0,0,0
1000,2,0,372,1,1,1,4320.58,18637.2,1312.79,46.3844,0.482746,1221.82,278326,120.485,23.1957,0.267264,97.0224,68.7956,23.1887,0.0718272,45.5351,189.281,0,0,0
1000,2,0,373,1,1,1,4327.31,18662.2,1312.85,46.3844,0.482746,1221.88,278325,120.366,23.1957,0.267264,96.9033,133.079,23.1887,0.0718272,109.818,253.445,0,0,0
1000,2,0,374,1,1,1,4324.62,18685.7,1312.83,46.3844,0.908698,1221.43,278324,97.4562,23.1957,0.693216,73.5673,45.6454,23.1887,0.0718272,22.3849,143.102,0,0,0
1000,2,0,375,1,1,1,4334.86,18680.5,1312.82,46.3844,0.517824,1221.82,278325,135.896,23.1957,0.302342,112.398,129.256,23.1887,0.0718272,105.996,265.152,0,0,0
1000,2,0,376,1,1,1,4321.4,18638.1,1312.55,46.3844,0.482746,1221.58,278330,122.698,23.1957,0.267264,99.2351,130.448,23.1887,0.0718272,107.187,253.146,0,0,0
1000,2,0,377,1,1,1,4327.14,18671,1312.81,46.3844,0.6264,1221.7,278325,84.985,23.1957,0.267264,61.522,124.214,23.1887,0.0718272,100.953,209.199,0,0,0
1000,2,0,378,1,1,1,4344.04,18663.9,1312.71,46.3844,0.482746,1221.74,278327,122.18,23.1957,0.267264,98.7171,71.7609,23.1887,0.0718272,48.5004,193.941,0,0,0
1000,2,0,379,1,1,1,4353.57,18696.9,1312.82,46.3844,0.552902,1221.78,278324,131.076,23.1957,0.337421,107.543,129.408,23.1887,0.0718272,106.148,260.484,0,0,0
1000,2,0,380,1,1,1,4318.27,18682.7,1312.88,46.3844,0.50112,1221.89,278324,133.161,23.1957,0.267264,109.698,130.558,23.1887,0.0902016,107.279,263.719,0,0,0
1000,2,0,381,1,1,1,4319.3,18635.4,1312.79,46.3844,0.482746,1221.82,278326,124.348,23.1957,0.267264,100.885,78.3737,23.1887,0.0718272,55.1132,202.721,0,0,0
1000,2,0,382,1,1,1,4320.52,18643.1,1312.59,46.3844,0.517824,1221.58,278329,123.55,23.1957,0.267264,100.087,74.4978,23.1887,0.106906,51.2022,198.048,0,0,0
1000,2,0,383,1,1,1,4325.19,18721.5,1312.94,46.3844,0.713261,1221.74,278322,129.771,23.1957,0.497779,106.077,123.028,23.1887,0.0718272,99.7675,252.799,0,0,0
1000,2,0,384,1,1,2,10319.9,24641.8,1335.21,69.5741,0.519494,1221.72,278326,122.518,23.1957,0.267264,99.0546,292.433,46.3784,0.108576,245.946,414.95,1,0,0
1000,2,0,385,1,1,1,4316.94,18631.4,1312.85,46.3844,0.482746,1221.88,278325,70.3372,23.1957,0.267264,46.8743,119.501,23.1887,0.0718272,96.241,189.839,0,0,0
1000,2,0,386,1,1,1,4318.69,18643.2,1312.55,46.3844,0.517824,1221.55,278330,74.7345,23.1957,0.302342,51.2365,123.591,23.1887,0.0718272,100.331,198.326,0,0,0
1000,2,0,387,1,0,0,-1,-1,1290.12,23.1957,0.267264,1221.85,278330,-1,-1,-1,-1,-1,-1,-1,-1,-1,0,0,0
1000,2,0,388,1,1,1,4320.9,18671.6,1312.73,46.3844,0.482746,1221.76,278327,131.827,23.1957,0.267264,108.364,125.203,23.1887,0.0718272,101.942,257.03,0,0,0
1000,2,0,389,1,1,1,4315.02,24654,1318.53,52.1883,0.571277,1221.84,278323,281.197,28.9996,0.355795,251.761,78.3737,23.1887,0.0718272,55.1132,359.571,0,0,0
1000,2,0,390,1,1,1,4315.66,18648.5,1312.83,46.3844,0.482746,1221.86,278325,125.782,23.1957,0.267264,102.32,62.3092,23.1887,0.0718272,39.0487,188.092,0,0,0
1000,2,0,391,1,1,1,4321.35,24656.7,1318.36,52.1883,0.891994,1221.35,278325,195.794,28.9996,0.676512,165.789,28.3338,23.1887,0.0718272,5.07329,224.128,0,0,0
1000,2,0,392,1,1,1,4322.24,18647.5,1312.87,46.3844,0.482746,1221.9,278324,120.101,23.1957,0.267264,96.638,129.958,23.1887,0.0718272,106.698,250.059,0,0,0
1000,2,0,393,1,1,1,4317.31,18669.5,1312.98,46.3844,0.482746,1222.01,278322,129.601,23.1957,0.267264,106.138,81.0358,23.1887,0.0718272,57.7753,210.637,0,0,0
1000,2,0,394,1,1,1,4355.91,18683.5,1312.84,46.3844,0.482746,1221.87,278325,80.4838,23.1957,0.267264,57.0209,121.068,23.1887,0.0718272,97.8075,201.552,0,0,0
1000,2,0,395,1,1,2,10342.8,24699.4,1335.18,69.5741,0.663149,1221.54,278326,127.957,23.1957,0.267264,104.494,291.129,46.3784,0.108576,244.642,419.087,1,0,0
1000,2,0,396,1,1,1,4326.79,18648.1,1312.61,46.3844,0.482746,1221.64,278329,124.676,23.1957,0.267264,101.213,70.9343,23.1887,0.0718272,47.6738,195.61,0,0,0
1000,2,0,397,1,1,1,4386.05,18711.3,1312.98,46.3844,0.482746,1222.01,278322,70.117,23.1957,0.267264,46.6541,120.814,23.1887,0.0718272,97.553,190.931,0,0,0
1000,2,0,398,1,1,1,4317.9,24655.6,1318.53,52.1883,0.50112,1221.91,278323,279.486,28.9996,0.285638,250.115,78.9079,23.1887,0.0718272,55.6474,358.394,0,0,0
1000,2,0,399,1,1,1,4345.92,18715,1312.83,46.3844,0.678182,1221.67,278324,123.753,23.1957,0.462701,100.094,132.427,23.1887,0.0718272,109.167,256.18,0,0,0
1000,2,0,400,1,1,1,4335.14,24678.3,1318.49,52.1883,0.731635,1221.64,278323,272.288,28.9996,0.516154,242.664,120.564,23.1887,0.0718272,97.304,392.853,0,0,0
1000,2,0,401,1,1,1,4316.36,18642.3,1312.73,46.3844,0.482746,1221.76,278327,69.9871,23.1957,0.267264,46.5241,119.408,23.1887,0.0718272,96.1471,189.395,0,0,0
1000,2,0,402,1,1,1,4342.84,18676.1,1312.95,46.3844,0.482746,1221.98,278323,128.917,23.1957,0.267264,105.454,121.463,23.1887,0.0718272,98.2028,250.381,0,0,0
1000,2,0,403,1,1,1,4339.84,18667.4,1312.75,46.3844,0.517824,1221.74,278326,74.9792,23.1957,0.267264,51.5162,122.161,23.1887,0.106906,98.8651,197.14,0,0,0
1000,2,0,404,1,1,1,4315.02,24634.8,1318.46,52.1883,0.606355,1221.74,278324,240.136,28.9996,0.390874,210.548,42.8967,23.1887,0.0718272,19.6362,283.033,0,0,0
1000,2,0,405,1,1,1,4315.98,18630.6,1312.55,46.3844,0.482746,1221.58,278330,125.144,23.1957,0.267264,101.681,68.2903,23.1887,0.0718272,45.0298,193.434,0,0,0
1000,2,0,406,1,1,1,4321.99,18639.7,1312.83,46.3844,0.482746,1221.86,278325,75.1344,23.1957,0.267264,51.6714,121.196,23.1887,0.0718272,97.9357,196.331,0,0,0
1000,2,0,407,0,0,0,-1,-1,1290.25,23.206,0.516154,1221.72,278327,-1,-1,-1,-1,-1,-1,-1,-1,-1,0,0,0
1000,2,0,408,1,1,1,4364.07,18685.8,1312.68,46.3844,0.517824,1221.67,278327,129.529,23.1957,0.267264,106.066,106.654,23.1887,0.106906,83.3583,236.183,0,0,0
1000,2,0,409,1,1,1,4322.95,18690.8,1312.73,46.3844,0.482746,1221.76,278327,130.609,23.1957,0.267264,107.146,71.0426,23.1887,0.0718272,47.7821,201.651,0,0,0
1000,2,0,410,1,1,1,4360.6,18702.9,1312.57,46.3844,0.517824,1221.57,278329,120.924,23.1957,0.267264,97.461,129.25,23.1887,0.106906,105.954,250.174,0,0,0
1000,2,0,411,1,1,1,4325.96,24656.3,1318.32,52.1883,0.731635,1221.48,278326,283.89,28.9996,0.516154,254.302,120.924,23.1887,0.0718272,97.6631,404.813,0,0,0
1000,2,0,412,1,1,1,4317.7,18631.7,1312.71,46.3844,0.482746,1221.74,278327,130.885,23.1957,0.267264,107.422,84.1924,23.1887,0.0718272,60.9319,215.077,0,0,0
1000,2,0,413,1,1,1,4328.58,24676.8,1318.43,52.1883,0.571277,1221.74,278325,275.303,28.9996,0.320717,245.882,71.2708,23.1887,0.106906,47.9752,346.574,0,0,0
1000,2,0,414,0,0,0,-1,-1,1290.21,23.206,0.516154,1221.68,278328,-1,-1,-1,-1,-1,-1,-1,-1,-1,0,0,0
1000,2,0,415,1,1,1,4316.1,18654.2,1312.91,46.3844,0.517824,1221.91,278323,119.497,23.1957,0.302342,95.9991,129.664,23.1887,0.0718272,106.404,249.161,0,0,0
1000,2,0,416,1,1,1,4317.64,18687,1312.93,46.3844,0.517824,1221.93,278323,125.841,23.1957,0.302342,102.343,71.5389,23.1887,0.0718272,48.2784,197.38,0,0,0
1000,2,0,417,1,1,1,4364.74,18683.4,1312.92,46.3844,0.967162,1221.46,278322,69.0765,23.1957,0.302342,45.5784,122.431,23.1887,0.0902016,99.1521,191.507,0,0,0
1000,2,0,418,1,1,1,4316.62,18633.9,1312.73,46.3844,0.482746,1221.76,278327,131.383,23.1957,0.267264,107.92,85.804,23.1887,0.0718272,62.5435,217.187,0,0,0
1000,2,0,419,1,1,2,10331.9,24650.8,1335.26,69.5741,0.663149,1221.62,278325,71.1277,23.1957,0.267264,47.6648,297.239,46.3784,0.108576,250.752,368.366,1,0,0
1000,2,0,420,1,1,1,4316.94,18658.1,1312.71,46.3844,0.482746,1221.74,278327,128.242,23.1957,0.267264,104.779,69.2973,23.1887,0.0718272,46.0368,197.54,0,0,0
1000,2,0,421,1,1,1,4327.82,18648.5,1312.81,46.3844,0.482746,1221.84,278325,122.714,23.1957,0.267264,99.2514,127.724,23.1887,0.0718272,104.464,250.438,0,0,0
1000,2,0,422,1,1,1,4322.87,18685,1312.95,46.3844,0.873619,1221.59,278322,85.8162,23.1957,0.658138,61.9624,123.633,23.1887,0.0718272,100.372,209.449,0,0,0
1000,2,0,423,1,1,1,4335.4,18678.4,1312.5,46.3844,0.517824,1221.5,278330,122.804,23.1957,0.302342,99.3055,131.724,23.1887,0.0718272,108.463,254.527,0,0,0
1000,2,0,424,1,1,1,4317.26,18687.3,1312.61,46.3844,0.552902,1221.57,278328,130.922,23.1957,0.337421,107.389,128.619,23.1887,0.0718272,105.359,259.542,0,0,0
1000,2,0,425,1,1,1,4322.89,18651.3,1312.75,46.3844,0.482746,1221.78,278326,129.98,23.1957,0.267264,106.517,82.3118,23.1887,0.0718272,59.0513,212.292,0,0,0
1000,2,0,426,1,1,1,4348.8,18664.6,1312.71,46.3844,0.482746,1221.74,278327,122.034,23.1957,0.267264,98.571,132.224,23.1887,0.0718272,108.963,254.257,0,0,0
1000,2,0,427,1,1,1,4354.96,18690.9,1312.87,46.3844,0.482746,1221.9,278324,129.089,23.1957,0.267264,105.626,130.256,23.1887,0.0718272,106.996,259.345,0,0,0
1000,2,0,428,1,1,1,4334.35,18665.2,1312.63,46.3844,0.517824,1221.62,278328,122.444,23.1957,0.302342,98.9464,127.208,23.1887,0.0718272,103.947,249.652,0,0,0
1000,2,0,429,1,1,1,4337.76,18692.9,1313,46.3844,0.6264,1221.89,278321,115.473,23.1957,0.267264,92.0105,131.029,23.1887,0.0718272,107.768,246.502,0,0,0
1000,2,0,430,1,1,1,4320.18,18637,1312.75,46.3844,0.482746,1221.78,278326,127.277,23.1957,0.267264,103.814,80.5665,23.1887,0.0718272,57.306,207.843,0,0,0
1000,2,0,431,1,1,1,4329.16,18649.5,1312.57,46.3844,0.517824,1221.56,278329,84.4245,23.1957,0.302342,60.9264,121.095,23.1887,0.0718272,97.8346,205.52,0,0,0
1000,2,0,432,1,1,1,4329.03,18718.2,1312.73,46.3844,0.482746,1221.76,278327,121.743,23.1957,0.267264,98.2804,131.334,23.1887,0.0718272,108.073,253.077,0,0,0
1000,2,0,433,1,1,1,4313.74,18631.3,1312.77,46.3844,0.482746,1221.8,278326,121.796,23.1957,0.267264,98.3327,70.6979,23.1887,0.0718272,47.4374,192.494,0,0,0
1000,2,0,434,1,1,1,4315.66,18659.3,1312.99,46.3844,0.6264,1221.87,278322,121.007,23.1957,0.267264,97.544,57.6564,23.1887,0.0718272,34.3959,178.663,0,0,0
1000,2,0,435,1,1,1,4315.34,18648.9,1312.74,46.3844,0.517824,1221.74,278326,121.228,23.1957,0.302342,97.7299,69.559,23.1887,0.0718272,46.2985,190.787,0,0,0
1000,2,0,436,1,1,1,4320.8,18717.4,1312.79,46.3844,0.482746,1221.82,278326,130.744,23.1957,0.267264,107.281,102.941,23.1887,0.0718272,79.6801,233.685,0,0,0
1000,2,0,437,1,1,1,4316.94,18653.3,1312.9,46.3844,0.678182,1221.74,278323,108.59,23.1957,0.462701,84.9321,55.2398,23.1887,0.0718272,31.9793,163.83,0,0,0
1000,2,0,438,1,1,1,4345.32,18671.8,1312.47,46.3844,0.696557,1221.29,278330,119.368,23.1957,0.267264,95.9053,130.132,23.1887,0.141984,106.801,249.5,0,0,0
1000,2,0,439,1,1,1,4366.61,18703.7,1312.93,46.3844,0.661478,1221.78,278322,73.557,23.1957,0.267264,50.094,120.663,23.1887,0.106906,97.3672,194.22,0,0,0
1000,2,0,440,1,1,1,4327.85,18644.3,1312.75,46.3844,0.482746,1221.78,278326,75.5585,23.1957,0.267264,52.0956,121.779,23.1887,0.0718272,98.5186,197.338,0,0,0
1000,2,0,441,1,1,1,4325.34,18638.9,1312.77,46.3844,0.482746,1221.8,278326,69.3608,23.1957,0.267264,45.8979,120.532,23.1887,0.0718272,97.2715,189.893,0,0,0
1000,2,0,442,1,1,1,4317.9,18655.8,1312.77,46.3844,0.678182,1221.6,278325,129.865,23.1957,0.462701,106.207,83.5535,23.1887,0.0718272,60.293,213.419,0,0,0
1000,2,0,443,1,1,1,4316.94,18669.5,1312.85,46.3844,0.482746,1221.88,278325,131.164,23.1957,0.267264,107.701,70.4253,23.1887,0.0718272,47.1648,201.59,0,0,0
1000,2,0,444,1,1,1,4320.39,18667.9,1312.87,46.3844,0.482746,1221.9,278324,128.919,23.1957,0.267264,105.456,94.9815,23.1887,0.0718272,71.7209,223.901,0,0,0
1000,2,0,445,1,1,1,4316.94,18666,1312.9,46.3844,0.482746,1221.93,278324,131.211,23.1957,0.267264,107.748,125.569,23.1887,0.0718272,102.309,256.781,0,0,0
1000,2,0,446,1,1,1,4330.54,18666.8,1312.91,46.3844,0.821837,1221.6,278322,85.1678,23.1957,0.462701,61.5094,119.653,23.1887,0.0718272,96.3926,204.821,0,0,0
1000,2,0,447,1,1,1,4316.3,18629.5,1312.71,46.3844,0.482746,1221.74,278327,130.282,23.1957,0.267264,106.819,68.7108,23.1887,0.0718272,45.4503,198.993,0,0,0
1000,2,0,448,1,1,1,4320.59,24640.7,1318.41,52.1883,0.536198,1221.76,278325,157.574,28.9996,0.320717,127.816,123.126,23.1887,0.0718272,99.865,280.7,0,0,0
1000,2,0,449,1,1,1,4320.9,24720.2,1318.33,52.1883,0.571277,1221.64,278326,277.387,28.9996,0.355795,247.929,124.975,23.1887,0.0718272,101.715,402.362,0,0,0
1000,2,0,450,1,1,1,4371.92,18701.5,1312.71,46.3844,0.517824,1221.7,278327,127.972,23.1957,0.267264,104.509,91.8762,23.1887,0.106906,68.5806,219.848,0,0,0
1000,2,0,451,1,1,1,4323.65,18649.1,1312.92,46.3844,0.482746,1221.95,278323,123.227,23.1957,0.267264,99.7639,74.58,23.1887,0.0718272,51.3195,197.807,0,0,0
1000,2,0,452,1,1,1,4319.75,18639.5,1312.74,46.3844,0.517824,1221.74,278326,85.817,23.1957,0.267264,62.354,120.513,23.1887,0.106906,97.2174,206.33,0,0,0
1000,2,0,453,1,1,2,10325.1,24648.2,1335.17,69.5741,0.519494,1221.68,278327,129.396,23.1957,0.267264,105.933,245.594,46.3784,0.108576,199.107,374.99,1,0,0
1000,2,0,454,1,1,1,4324.07,18656.5,1312.71,46.3844,0.482746,1221.74,278327,129.574,23.1957,0.267264,106.111,71.8313,23.1887,0.0718272,48.5708,201.406,0,0,0
1000,2,0,455,1,1,1,4323.85,18661.1,1312.75,46.3844,0.482746,1221.78,278326,130.578,23.1957,0.267264,107.115,71.9973,23.1887,0.0718272,48.7368,202.575,0,0,0
1000,2,0,456,1,1,1,4317.58,18653.6,1312.9,46.3844,0.482746,1221.93,278324,124.709,23.1957,0.267264,101.246,129.394,23.1887,0.0718272,106.133,254.102,0,0,0
1000,2,0,457,0,0,0,-1,-1,1290.4,23.206,0.551232,1221.84,278324,-1,-1,-1,-1,-1,-1,-1,-1,-1,0,0,0
1000,2,0,458,1,1,1,4322.22,18665.2,1312.9,46.3844,0.482746,1221.93,278324,133.733,23.1957,0.267264,110.27,128.865,23.1887,0.0718272,105.604,262.597,0,0,0
1000,2,0,459,1,1,1,4337.42,18667.8,1312.67,46.3844,0.587981,1221.6,278327,82.1721,23.1957,0.302342,58.674,119.521,23.1887,0.141984,96.1904,201.693,0,0,0
1000,2,0,460,1,1,1,4316.94,24637.7,1318.57,52.1883,0.927072,1221.53,278321,186.962,28.9996,0.71159,156.898,26.8069,23.1887,0.0718272,3.54643,213.769,0,0,0
1000,2,0,461,1,1,1,4336.67,18662.6,1312.69,46.3844,0.482746,1221.72,278327,69.3157,23.1957,0.267264,45.8527,124.346,23.1887,0.0718272,101.085,193.661,0,0,0
1000,2,0,462,1,1,1,4316.1,18642,1312.89,46.3844,0.482746,1221.92,278324,122.382,23.1957,0.267264,98.9193,130.673,23.1887,0.0718272,107.413,253.055,0,0,0
1000,2,0,463,1,1,1,4339.53,18666.2,1312.79,46.3844,0.482746,1221.82,278326,133.956,23.1957,0.267264,110.493,130.731,23.1887,0.0718272,107.47,264.687,0,0,0
1000,2,0,464,1,1,1,4344.22,18672.5,1312.71,46.3844,0.482746,1221.74,278327,135.11,23.1957,0.267264,111.647,129.547,23.1887,0.0718272,106.286,264.657,0,0,0
1000,2,0,465,1,1,3,16337,30659.9,1357.89,92.7639,0.574618,1221.85,278322,120.641,23.1957,0.267264,97.1777,465.869,69.5682,0.163699,396.137,586.51,2,0,0
1000,2,0,466,1,1,1,4334.28,18684.1,1313,46.3844,0.678182,1221.84,278321,129.911,23.1957,0.462701,106.252,129.948,23.1887,0.0718272,106.687,259.858,0,0,0
1000,2,0,467,1,1,1,4328.9,18650.9,1312.81,46.3844,0.482746,1221.84,278325,133.451,23.1957,0.267264,109.988,130.24,23.1887,0.0718272,106.98,263.691,0,0,0
1000,2,0,468,1,1,1,4328.94,18660.2,1312.9,46.3844,0.482746,1221.93,278324,121.733,23.1957,0.267264,98.2696,129.726,23.1887,0.0718272,106.465,251.458,0,0,0
1000,2,0,469,1,1,1,4330.51,18661.6,1312.9,46.3844,0.713261,1221.7,278323,132.185,23.1957,0.462701,108.526,125.02,23.1887,0.106906,101.724,257.204,0,0,0
1000,2,0,470,1,1,1,4317.26,18631.4,1312.75,46.3844,0.482746,1221.78,278326,127.542,23.1957,0.267264,104.079,78.3538,23.1887,0.0718272,55.0933,205.896,0,0,0
1000,2,0,471,1,1,1,4317.58,24634.7,1318.4,52.1883,0.696557,1221.59,278325,151.919,28.9996,0.481075,121.985,121.328,23.1887,0.0718272,98.0674,273.247,0,0,0
1000,2,0,472,1,1,1,4321.93,18680.3,1312.71,46.3844,0.482746,1221.74,278327,129.565,23.1957,0.267264,106.102,65.4297,23.1887,0.0718272,42.1692,194.995,0,0,0
1000,2,0,473,1,1,1,4315.98,18711.9,1312.66,46.3844,0.943776,1221.23,278326,121.161,23.1957,0.728294,97.2372,133.305,23.1887,0.0718272,110.044,254.466,0,0,0
1000,2,0,474,0,0,0,-1,-1,1290.23,23.206,0.551232,1221.67,278327,-1,-1,-1,-1,-1,-1,-1,-1,-1,0,0,0
1000,2,0,475,1,1,1,4344.42,18710.9,1312.83,46.3844,0.482746,1221.86,278325,123.386,23.1957,0.267264,99.9228,73.1199,23.1887,0.0718272,49.8594,196.506,0,0,0
1000,2,0,476,1,1,1,4319.6,24656.4,1318.03,52.1883,0.731635,1221.18,278332,218.754,28.9996,0.516154,188.975,35.8851,23.1887,0.0718272,12.6246,254.639,0,0,0
1000,2,0,477,1,1,1,4362.32,18677.5,1312.55,46.3844,0.482746,1221.58,278330,120.448,23.1957,0.267264,96.9845,129.82,23.1887,0.0718272,106.559,250.267,0,0,0
1000,2,0,478,1,1,1,4363.36,18677.5,1312.73,46.3844,0.482746,1221.76,278327,80.3557,23.1957,0.267264,56.8927,123.69,23.1887,0.0718272,100.43,204.046,0,0,0
1000,2,0,479,1,1,1,4321.77,18634,1312.9,46.3844,0.482746,1221.93,278324,107.054,23.1957,0.267264,83.5911,131.164,23.1887,0.0718272,107.904,238.218,0,0,0
1000,2,0,480,1,1,1,4349.9,18672.3,1312.73,46.3844,0.482746,1221.76,278327,124.22,23.1957,0.267264,100.757,124.589,23.1887,0.0718272,101.329,248.809,0,0,0
1000,2,0,481,1,1,1,4315.98,18651,1312.55,46.3844,0.517824,1221.54,278330,131.367,23.1957,0.302342,107.869,84.2988,23.1887,0.0718272,61.0383,215.666,0,0,0
1000,2,0,482,1,1,1,4330,18646.7,1312.67,46.3844,0.482746,1221.7,278328,85.3622,23.1957,0.267264,61.8992,120.411,23.1887,0.0718272,97.1506,205.773,0,0,0
1000,2,0,483,1,1,1,4318.86,18656.7,1312.85,46.3844,0.482746,1221.88,278325,128.109,23.1957,0.267264,104.646,97.8764,23.1887,0.0718272,74.6158,225.985,0,0,0
1000,2,0,484,1,1,1,4317.26,18655.9,1312.79,46.3844,0.482746,1221.82,278326,123.611,23.1957,0.267264,100.148,71.3277,23.1887,0.0718272,48.0672,194.939,0,0,0
1000,2,0,485,1,1,1,4345.76,18680.1,1312.55,46.3844,0.482746,1221.58,278330,128.463,23.1957,0.267264,105,124.013,23.1887,0.0718272,100.753,252.476,0,0,0
1000,2,0,486,1,1,1,4317.9,18646.5,1312.71,46.3844,0.517824,1221.7,278327,130.884,23.1957,0.302342,107.386,124.871,23.1887,0.0718272,101.61,255.754,0,0,0
1000,2,0,487,1,1,1,4315.66,18637,1312.87,46.3844,0.482746,1221.9,278324,69.0739,23.1957,0.267264,45.6109,123.643,23.1887,0.0718272,100.383,192.717,0,0,0
1000,2,0,488,1,1,1,4320.26,18716.3,1312.71,46.3844,0.482746,1221.74,278327,131.274,23.1957,0.267264,107.812,103.46,23.1887,0.0718272,80.1999,234.735,0,0,0
1000,2,0,489,1,1,1,4325.19,18649,1312.75,46.3844,0.482746,1221.78,278326,129.623,23.1957,0.267264,106.16,81.736,23.1887,0.0718272,58.4755,211.359,0,0,0
1000,2,0,490,1,1,1,4323.53,18670.3,1312.87,46.3844,0.482746,1221.9,278324,125.115,23.1957,0.267264,101.652,77.6139,23.1887,0.0718272,54.3534,202.729,0,0,0
1000,2,0,491,1,1,1,4356.08,18687.1,1312.83,46.3844,0.482746,1221.86,278325,120.854,23.1957,0.267264,97.3906,133.012,23.1887,0.0718272,109.752,253.866,0,0,0
1000,2,0,492,1,1,1,4339.96,18701.1,1312.73,46.3844,0.482746,1221.76,278327,130.998,23.1957,0.267264,107.535,130.684,23.1887,0.0718272,107.424,261.682,0,0,0
1000,2,0,493,1,1,1,4340.63,18707.2,1312.73,46.3844,0.517824,1221.72,278326,124.476,23.1957,0.267264,101.013,129.337,23.1887,0.106906,106.041,253.812,0,0,0
1000,2,0,494,1,1,1,4380.17,18712,1312.71,46.3844,0.482746,1221.74,278327,73.2213,23.1957,0.267264,49.7583,121.406,23.1887,0.0718272,98.145,194.627,0,0,0
1000,2,0,495,1,1,1,4324.42,18639.9,1312.67,46.3844,0.482746,1221.7,278328,72.0951,23.1957,0.267264,48.6321,121.943,23.1887,0.0718272,98.6829,194.038,0,0,0
1000,2,0,496,1,1,1,4338.94,18664.6,1312.9,46.3844,0.482746,1221.93,278324,131.8,23.1957,0.267264,108.337,87.2587,23.1887,0.0718272,63.9982,219.058,0,0,0
1000,2,0,497,1,1,1,4321.57,18635.7,1312.92,46.3844,0.482746,1221.96,278323,108.931,23.1957,0.267264,85.4681,130.608,23.1887,0.0718272,107.348,239.539,0,0,0
1000,2,0,498,1,1,1,4331.06,18668.3,1312.68,46.3844,0.552902,1221.64,278327,103.045,23.1957,0.302342,79.5466,50.7737,23.1887,0.106906,27.4781,153.818,0,0,0
1000,2,0,499,1,1,1,4316.94,18639.7,1312.71,46.3844,0.482746,1221.74,278327,85.4813,23.1957,0.267264,62.0183,120.137,23.1887,0.0718272,96.8762,205.618,0,0,0
1000,2,0,500,1,1,1,4315.66,18633,1312.71,46.3844,0.482746,1221.74,278327,73.2393,23.1957,0.267264,49.7764,120.144,23.1887,0.0718272,96.8835,193.383,0,0,0
1000,2,0,501,1,1,1,4317.58,18677.5,1313.1,46.3844,0.748339,1221.87,278319,134.984,23.1957,0.532858,111.255,120.258,23.1887,0.0718272,96.9972,255.241,0,0,0
1000,2,0,502,1,0,0,-1,-1,1290.24,23.1957,0.302342,1221.93,278328,-1,-1,-1,-1,-1,-1,-1,-1,-1,0,0,0
1000,2,0,503,1,1,1,4333.54,18659.9,1312.85,46.3844,0.6264,1221.74,278324,119.247,23.1957,0.267264,95.7843,129.302,23.1887,0.0718272,106.041,248.549,0,0,0
1000,2,0,504,1,1,2,10343.6,24719.6,1335.54,69.5741,0.714931,1221.85,278320,123.117,23.1957,0.462701,99.4589,293.755,46.3784,0.108576,247.268,416.873,1,0,0
1000,2,0,505,1,1,1,4314.38,18629.2,1312.88,46.3844,0.482746,1221.91,278324,124.485,23.1957,0.267264,101.022,77.7943,23.1887,0.0718272,54.5338,202.279,0,0,0
1000,2,0,506,1,1,1,4316.23,24642.6,1318.27,52.1883,0.536198,1221.62,278328,196.194,28.9996,0.320717,166.547,28.4529,23.1887,0.0718272,5.19241,224.647,0,0,0
1000,2,0,507,1,1,1,4332.78,18672.1,1312.92,46.3844,0.482746,1221.95,278323,82.5413,23.1957,0.267264,59.0783,119.572,23.1887,0.0718272,96.3113,202.113,0,0,0
1000,2,0,508,1,1,1,4335.69,18654.8,1312.75,46.3844,0.482746,1221.78,278326,110.294,23.1957,0.267264,86.8307,130.984,23.1887,0.0718272,107.723,241.277,0,0,0
1000,2,0,509,1,1,1,4315.34,18655.5,1313.07,46.3844,0.678182,1221.91,278320,130.158,23.1957,0.462701,106.499,71.4234,23.1887,0.0718272,48.1629,201.581,0,0,0
1000,2,0,510,1,1,1,4325.22,18639.7,1312.91,46.3844,0.6264,1221.8,278323,130.296,23.1957,0.267264,106.833,84.1996,23.1887,0.0718272,60.9391,214.496,0,0,0
1000,2,0,511,1,1,1,4344.83,24668,1318.5,52.1991,0.910368,1221.47,278323,261.933,29.0104,0.694886,232.094,127.805,23.1887,0.0718272,104.545,389.739,0,0,0
1000,2,0,512,1,1,2,10321.1,24667.7,1335.17,69.5741,0.554573,1221.64,278327,120.766,23.1957,0.302342,97.2679,300.724,46.3784,0.108576,254.237,421.49,1,0,0
1000,2,0,513,1,1,1,4322.28,24652.9,1318.43,52.1883,0.571277,1221.74,278325,192.006,28.9996,0.355795,162.311,27.5686,23.1887,0.0718272,4.30806,219.574,0,0,0
1000,2,0,514,1,1,2,10335.1,24670.8,1335.26,69.5741,0.858586,1221.43,278325,77.1382,23.1957,0.462701,53.4798,279.324,46.3784,0.108576,232.837,356.462,1,0,0
1000,2,0,515,1,1,1,4332.72,18649.3,1312.67,46.3844,0.482746,1221.7,278328,74.2789,23.1957,0.267264,50.8159,120.442,23.1887,0.0718272,97.1813,194.721,0,0,0
1000,2,0,516,1,1,1,4326.14,18665.6,1312.74,46.3844,0.536198,1221.72,278326,130.43,23.1957,0.267264,106.967,125.567,23.1887,0.12528,102.253,255.997,0,0,0
1000,2,0,517,1,1,1,4315.02,24634,1318.53,52.1883,0.766714,1221.65,278322,260.539,28.9996,0.551232,230.85,55.8263,23.1887,0.0718272,32.5658,316.366,0,0,0
1000,2,0,518,1,1,1,4326.96,18639.2,1312.79,46.3844,0.482746,1221.82,278326,74.4792,23.1957,0.267264,51.0163,121.393,23.1887,0.0718272,98.1324,195.872,0,0,0
1000,2,0,519,1,1,1,4318.77,18635.7,1312.55,46.3844,0.482746,1221.58,278330,125.001,23.1957,0.267264,101.538,67.5774,23.1887,0.0718272,44.3169,192.578,0,0,0
1000,2,0,520,1,1,1,4315.98,18660.3,1312.98,46.3844,0.678182,1221.82,278322,130.737,23.1957,0.462701,107.079,82.9128,23.1887,0.0718272,59.6522,213.65,0,0,0
1000,2,0,521,1,1,1,4347.7,18661.5,1312.9,46.3844,0.517824,1221.9,278323,129.129,23.1957,0.267264,105.666,107.643,23.1887,0.106906,84.3473,236.772,0,0,0
1000,2,0,522,1,1,1,4341.21,18662.6,1312.79,46.3844,0.482746,1221.82,278326,121.982,23.1957,0.267264,98.5186,127.735,23.1887,0.0718272,104.474,249.717,0,0,0
1000,2,0,523,1,1,1,4326.47,18645.6,1312.96,46.3844,0.482746,1221.99,278323,98.2178,23.1957,0.267264,74.7548,45.5877,23.1887,0.0718272,22.3272,143.805,0,0,0
1000,2,0,524,1,1,1,4337.82,18656.8,1312.51,46.3844,0.517824,1221.5,278330,71.0339,23.1957,0.267264,47.5709,122.2,23.1887,0.106906,98.9048,193.234,0,0,0
1000,2,0,525,1,1,1,4354.28,18684.7,1312.71,46.3844,0.482746,1221.74,278327,73.5371,23.1957,0.267264,50.0742,120.314,23.1887,0.0718272,97.0531,193.851,0,0,0
1000,2,0,526,1,1,1,4316.62,30664,1323.83,57.9922,0.980525,1221.1,278328,404.585,34.8035,0.765043,368.468,51.1068,23.1887,0.0718272,27.8463,455.692,0,0,0
1000,2,0,527,1,1,1,4326.15,18649.9,1312.69,46.3844,0.482746,1221.72,278327,118.946,23.1957,0.267264,95.4829,129.666,23.1887,0.0718272,106.406,248.612,0,0,0
1000,2,0,528,1,1,1,4316.3,18659.1,1312.53,46.3844,0.713261,1221.33,278330,125.759,23.1957,0.497779,102.065,67.9889,23.1887,0.0718272,44.7284,193.747,0,0,0
1000,2,0,529,1,0,0,-1,-1,1290.45,23.1957,0.267264,1222.18,278324,-1,-1,-1,-1,-1,-1,-1,-1,-1,0,0,0
1000,2,0,530,1,1,1,4319.82,18645.7,1312.92,46.3844,0.482746,1221.95,278323,130.544,23.1957,0.267264,107.081,83.5733,23.1887,0.0718272,60.3128,214.117,0,0,0
1000,2,0,531,1,1,1,4333.56,18690.7,1312.51,46.3844,0.908698,1221.12,278329,129.657,23.1957,0.658138,105.803,71.787,23.1887,0.106906,48.4914,201.444,0,0,0
1000,2,0,532,1,1,1,4314.06,18627.3,1312.69,46.3844,0.482746,1221.72,278327,84.1439,23.1957,0.267264,60.681,124.189,23.1887,0.0718272,100.928,208.332,0,0,0
1000,2,0,533,1,1,1,4352.78,18674,1312.75,46.3844,0.482746,1221.78,278326,99.9107,23.1957,0.267264,76.4477,134.723,23.1887,0.0718272,111.463,234.634,0,0,0
1000,2,0,534,1,1,1,4344.34,18676.9,1312.9,46.3844,0.678182,1221.74,278323,120.943,23.1957,0.462701,97.2841,130.269,23.1887,0.0718272,107.008,251.211,0,0,0
1000,2,0,535,1,1,1,4324.49,18726.6,1312.76,46.3844,0.873619,1221.4,278325,125.536,23.1957,0.658138,101.682,71.8981,23.1887,0.0718272,48.6376,197.434,0,0,0
1000,2,0,536,1,1,1,4326.63,18665.3,1312.75,46.3844,0.482746,1221.78,278326,120.072,23.1957,0.267264,96.6091,132.787,23.1887,0.0718272,109.526,252.859,0,0,0
1000,2,0,537,1,1,1,4336.51,18658.8,1312.78,46.3844,0.517824,1221.78,278325,123.308,23.1957,0.267264,99.8451,122.558,23.1887,0.106906,99.2622,245.866,0,0,0
1000,2,0,538,1,1,1,4338.52,18661.3,1312.71,46.3844,0.482746,1221.74,278327,99.963,23.1957,0.267264,76.5001,134.624,23.1887,0.0718272,111.363,234.587,0,0,0
1000,2,0,539,1,1,1,4318.66,18635.6,1312.9,46.3844,0.482746,1221.93,278324,70.1044,23.1957,0.267264,46.6414,118.821,23.1887,0.0718272,95.5606,188.925,0,0,0
1000,2,0,540,1,1,1,4384.42,18712.4,1312.55,46.3844,0.517824,1221.55,278330,124.792,23.1957,0.267264,101.329,125.355,23.1887,0.106906,102.06,250.147,0,0,0
1000,2,0,541,1,1,1,4315.66,18650.2,1312.77,46.3844,0.482746,1221.8,278326,124.36,23.1957,0.267264,100.897,129.531,23.1887,0.0718272,106.27,253.891,0,0,0
1000,2,0,542,1,1,1,4327.05,18657.3,1312.95,46.3844,0.482746,1221.98,278323,122.218,23.1957,0.267264,98.755,127.055,23.1887,0.0718272,103.794,249.273,0,0,0
1000,2,0,543,1,1,1,4316.94,18648.5,1312.75,46.3844,0.482746,1221.78,278326,131.376,23.1957,0.267264,107.913,86.0405,23.1887,0.0718272,62.78,217.416,0,0,0
1000,2,0,544,1,1,1,4332.81,18679.6,1312.77,46.3844,0.482746,1221.8,278326,122.837,23.1957,0.267264,99.3741,129.912,23.1887,0.0718272,106.651,252.749,0,0,0
1000,2,0,545,1,1,1,4316.3,30657.5,1324.01,57.9922,0.62473,1221.64,278325,435.68,34.8035,0.409248,400.01,78.8465,23.1887,0.0718272,55.586,514.527,0,0,0
1000,2,0,546,1,1,1,4315.98,18655.8,1312.68,46.3844,0.517824,1221.68,278327,128.44,23.1957,0.302342,104.942,64.8395,23.1887,0.0718272,41.579,193.279,0,0,0
1000,2,0,547,1,1,1,4325.06,18644.9,1312.9,46.3844,0.482746,1221.93,278324,125.515,23.1957,0.267264,102.052,67.8192,23.1887,0.0718272,44.5587,193.335,0,0,0
1000,2,0,548,1,1,1,4319.07,18661.1,1312.77,46.3844,0.678182,1221.61,278325,85.8283,23.1957,0.462701,62.1699,119.736,23.1887,0.0718272,96.4756,205.564,0,0,0
1000,2,0,549,1,1,1,4323.59,18695.9,1312.73,46.3844,0.482746,1221.76,278327,123.877,23.1957,0.267264,100.414,122.6,23.1887,0.0718272,99.3398,246.477,0,0,0
1000,2,0,550,1,1,1,4333.35,18687.2,1312.71,46.3844,0.482746,1221.74,278327,132.935,23.1957,0.267264,109.472,130.171,23.1887,0.0718272,106.911,263.106,0,0,0
1000,2,0,551,1,1,1,4352.12,18671,1312.79,46.3844,0.482746,1221.82,278326,81.601,23.1957,0.267264,58.138,123.014,23.1887,0.0718272,99.7531,204.615,0,0,0
1000,2,0,552,1,1,1,4348.51,18691,1313.3,46.3844,0.965491,1221.85,278315,130.64,23.1957,0.462701,106.981,128.331,23.1887,0.0718272,105.07,258.97,0,0,0
1000,2,0,553,1,1,1,4331.66,18648.7,1312.72,46.3844,0.6264,1221.61,278326,125.532,23.1957,0.267264,102.069,78.8465,23.1887,0.0718272,55.586,204.378,0,0,0
1000,2,0,554,1,1,1,4326.47,18718.3,1312.85,46.3844,0.6264,1221.74,278324,134.646,23.1957,0.267264,111.183,124.921,23.1887,0.0718272,101.661,259.567,0,0,0
1000,2,0,555,1,1,1,4343.36,18662.9,1312.77,46.3844,0.482746,1221.8,278326,76.9482,23.1957,0.267264,53.4852,125.021,23.1887,0.0718272,101.76,201.969,0,0,0
1000,2,0,556,1,1,1,4318.86,24648.3,1318.49,52.1883,0.696557,1221.68,278324,275.101,28.9996,0.481075,245.523,68.348,23.1887,0.0718272,45.0875,343.449,0,0,0
1000,2,0,557,1,1,1,4322.28,24677.9,1318.44,52.1883,0.840211,1221.49,278324,283.456,28.9996,0.481075,253.897,127.816,23.1887,0.0718272,104.556,411.272,0,0,0
1000,2,0,558,1,1,1,4339.36,18668.7,1312.87,46.3844,0.482746,1221.9,278324,121.875,23.1957,0.267264,98.4121,127.064,23.1887,0.0718272,103.803,248.939,0,0,0
1000,2,0,559,1,1,1,4348.68,18679.5,1312.92,46.3844,0.770054,1221.66,278322,121.603,23.1957,0.267264,98.1396,126.86,23.1887,0.0718272,103.599,248.462,0,0,0
1000,2,0,560,1,1,1,4338.57,18654.8,1312.94,46.3844,0.517824,1221.94,278323,121.794,23.1957,0.267264,98.3309,128.106,23.1887,0.106906,104.81,249.9,0,0,0
1000,2,0,561,1,1,1,4322.06,24712.5,1318.38,52.1883,1.08743,1221.18,278325,280.587,28.9996,0.871949,250.624,128.596,23.1887,0.0718272,105.335,409.183,0,0,0
1000,2,0,562,1,1,1,4343.5,18736.4,1312.61,46.3844,0.482746,1221.64,278329,121.779,23.1957,0.267264,98.3165,133.989,23.1887,0.0718272,110.728,255.768,0,0,0
1000,2,0,563,1,1,1,4336.94,24679.3,1318.61,52.1883,0.679853,1221.82,278321,277.774,28.9996,0.320717,248.362,70.8874,23.1887,0.0718272,47.6269,348.662,0,0,0
1000,2,0,564,1,1,1,4365.21,18691.6,1313.06,46.3844,0.678182,1221.9,278320,122.204,23.1957,0.462701,98.5457,128.681,23.1887,0.0718272,105.42,250.885,0,0,0
1000,2,0,565,1,1,1,4361.3,18689,1312.69,46.3844,0.482746,1221.72,278327,81.9024,23.1957,0.267264,58.4394,122.667,23.1887,0.0718272,99.4066,204.569,0,0,0
1000,2,0,566,1,0,0,-1,-1,1290.34,23.1957,0.267264,1222.07,278326,-1,-1,-1,-1,-1,-1,-1,-1,-1,0,0,0
1000,2,0,567,1,1,1,4335.86,18650.7,1312.79,46.3844,0.482746,1221.82,278326,123.943,23.1957,0.267264,100.48,128.13,23.1887,0.0718272,104.87,252.074,0,0,0
1000,2,0,568,1,1,1,4363.42,18748.6,1312.99,46.3844,0.873619,1221.63,278321,123.432,23.1957,0.658138,99.578,136.107,23.1887,0.0718272,112.847,259.539,0,0,0
1000,2,0,569,1,1,1,4335.08,18662.2,1312.7,46.3844,0.6264,1221.58,278327,91.2458,23.1957,0.267264,67.7829,128.072,23.1887,0.0718272,104.812,219.318,0,0,0
1000,2,0,570,1,1,1,4321.83,18665.6,1312.72,46.3844,0.6264,1221.6,278326,128.459,23.1957,0.267264,104.996,79.8049,23.1887,0.0718272,56.5444,208.264,0,0,0
1000,2,0,571,1,1,1,4316.62,18641.5,1312.79,46.3844,0.482746,1221.82,278326,129.923,23.1957,0.267264,106.46,82.4453,23.1887,0.0718272,59.1848,212.368,0,0,0
1000,2,0,572,1,1,1,4323.91,18645.5,1312.85,46.3844,0.482746,1221.88,278325,129.661,23.1957,0.267264,106.198,129.695,23.1887,0.0718272,106.434,259.356,0,0,0
1000,2,0,573,1,1,1,4326.47,18676.4,1312.72,46.3844,0.713261,1221.52,278326,130.461,23.1957,0.462701,106.803,123.031,23.1887,0.106906,99.7351,253.492,0,0,0
1000,2,0,574,1,1,1,4316.88,18633.3,1312.71,46.3844,0.482746,1221.74,278327,124.295,23.1957,0.267264,100.832,123.752,23.1887,0.0718272,100.491,248.047,0,0,0
1000,2,0,575,1,0,0,-1,-1,1290.24,23.1957,0.267264,1221.97,278328,-1,-1,-1,-1,-1,-1,-1,-1,-1,0,0,0
1000,2,0,576,1,1,1,4329.78,24655.7,1318.51,52.1883,0.731635,1221.66,278323,275.706,28.9996,0.516154,246.095,125.493,23.1887,0.0718272,102.233,401.2,0,0,0
1000,2,0,577,1,1,2,10326.8,24642.5,1335.29,69.5741,0.519494,1221.8,278325,74.0335,23.1957,0.267264,50.5705,293.203,46.3784,0.108576,246.716,367.237,1,0,0
1000,2,0,578,1,1,1,4343.36,18680.5,1312.75,46.3844,0.482746,1221.78,278326,130.354,23.1957,0.267264,106.891,72.2301,23.1887,0.0718272,48.9696,202.584,0,0,0
1000,2,0,579,1,1,1,4410.89,18722.8,1312.67,46.3844,0.696557,1221.49,278327,69.9997,23.1957,0.267264,46.5368,120.952,23.1887,0.141984,97.6216,190.952,0,0,0
1000,2,0,580,1,1,1,4327.06,24665.5,1318.24,52.1883,0.731635,1221.39,278328,255.283,28.9996,0.516154,225.611,52.5542,23.1887,0.0718272,29.2937,307.837,0,0,0
1000,2,0,581,1,1,1,4323.85,24656.6,1318.3,52.1883,0.731635,1221.45,278327,196.219,28.9996,0.516154,166.375,28.5702,23.1887,0.0718272,5.30972,224.789,0,0,0
1000,2,0,582,1,1,1,4325.19,18642.5,1312.73,46.3844,0.517824,1221.72,278326,68.6848,23.1957,0.302342,45.1868,120.278,23.1887,0.0718272,97.017,188.962,0,0,0
1000,2,0,583,1,1,1,4332.17,18664.6,1312.74,46.3844,0.517824,1221.74,278326,106.693,23.1957,0.267264,83.2302,54.4103,23.1887,0.106906,31.1148,161.103,0,0,0
1000,2,0,584,1,1,1,4320.85,18654,1312.9,46.3844,0.482746,1221.93,278324,111.858,23.1957,0.267264,88.3955,56.0627,23.1887,0.0718272,32.8022,167.921,0,0,0
1000,2,0,585,1,1,1,4363.89,24680.4,1318.52,52.1883,1.1793,1221.22,278322,260.809,28.9996,0.676512,230.996,131.799,23.1887,0.0718272,108.539,392.609,0,0,0
1000,2,0,586,1,1,1,4317.26,24635.7,1318.37,52.1883,0.536198,1221.72,278326,276.021,28.9996,0.320717,246.608,71.4234,23.1887,0.0718272,48.1629,347.445,0,0,0
1000,2,0,587,1,1,1,4331.79,18675.8,1312.75,46.406,0.537869,1221.7,278326,130.582,23.2173,0.304013,107.061,113.062,23.1887,0.0902016,89.7834,243.644,0,0,0
1000,2,0,588,1,1,1,4349.86,18722.5,1312.57,46.3844,0.748339,1221.34,278328,129.45,23.1957,0.532858,105.722,111.254,23.1887,0.0718272,87.993,240.704,0,0,0
1000,2,0,589,1,1,1,4328.33,18711.1,1312.75,46.3844,0.587981,1221.68,278325,131.178,23.1957,0.372499,107.609,72.0533,23.1887,0.0718272,48.7928,203.231,0,0,0
1000,2,0,590,1,1,1,4315.66,18685.6,1312.73,46.3844,0.678182,1221.57,278326,125.303,23.1957,0.462701,101.645,71.5443,23.1887,0.0718272,48.2838,196.847,0,0,0
1000,2,0,591,1,1,1,4315.98,24710.3,1318.35,52.1991,0.945446,1221.28,278325,284.439,29.0104,0.729965,254.618,127.944,23.1887,0.0718272,104.684,412.383,0,0,0
1000,2,0,592,1,1,1,4316.3,24648.5,1318.37,52.1883,0.571277,1221.68,278326,211.278,28.9996,0.355795,181.639,33.7139,23.1887,0.0718272,10.4534,244.992,0,0,0
1000,2,0,593,1,1,1,4326.6,18640.4,1312.79,46.3844,0.482746,1221.82,278326,81.1498,23.1957,0.267264,57.6868,120.337,23.1887,0.0718272,97.0766,201.487,0,0,0
1000,2,0,594,1,1,1,4318.25,18663.8,1312.57,46.3844,0.482746,1221.6,278329,125.021,23.1957,0.267264,101.558,77.206,23.1887,0.0718272,53.9455,202.227,0,0,0
1000,2,0,595,1,1,1,4359.02,18699.5,1312.74,46.3844,0.552902,1221.7,278326,123.698,23.1957,0.267264,100.235,129.875,23.1887,0.141984,106.545,253.573,0,0,0
1000,2,0,596,1,1,1,4332.49,18645.7,1312.75,46.3844,0.482746,1221.78,278326,93.3791,23.1957,0.267264,69.9161,130.359,23.1887,0.0718272,107.099,223.738,0,0,0
1000,2,0,597,1,1,1,4315.98,18628.9,1312.73,46.3844,0.482746,1221.76,278327,119.554,23.1957,0.267264,96.0912,129.379,23.1887,0.0718272,106.119,248.933,0,0,0
1000,2,0,598,1,1,1,4319.02,18640.1,1312.69,46.3844,0.482746,1221.72,278327,131.255,23.1957,0.267264,107.792,123.079,23.1887,0.0718272,99.8181,254.333,0,0,0
1000,2,0,599,1,1,1,4389.61,18739.4,1312.76,46.3844,0.587981,1221.68,278325,80.722,23.1957,0.267264,57.2591,122.502,23.1887,0.177062,99.1359,203.224,0,0,0
1000,2,0,600,1,1,1,4329.99,18713.1,1312.45,46.3844,0.587981,1221.38,278331,123.202,23.1957,0.372499,99.634,59.481,23.1887,0.0718272,36.2205,182.683,0,0,0
1000,2,0,601,1,1,1,4321.93,18679.2,1312.75,46.3844,0.482746,1221.78,278326,133.747,23.1957,0.267264,110.284,128.096,23.1887,0.0718272,104.835,261.843,0,0,0
1000,2,0,602,1,1,1,4322.57,18682.2,1312.86,46.3844,0.482746,1221.89,278324,105.015,23.1957,0.267264,81.5517,53.2436,23.1887,0.0718272,29.9831,158.258,0,0,0
1000,2,0,603,1,1,1,4329.56,18648.7,1312.83,46.3844,0.482746,1221.86,278325,81.9529,23.1957,0.267264,58.49,120.842,23.1887,0.0718272,97.5819,202.795,0,0,0
1000,2,0,604,1,1,1,4323.45,18641.1,1312.83,46.3844,0.482746,1221.86,278325,77.5871,23.1957,0.267264,54.1241,117.141,23.1887,0.0718272,93.8803,194.728,0,0,0
1000,2,0,605,1,1,2,10332.3,30654.3,1340.72,75.3781,0.608026,1221.51,278328,158.178,28.9996,0.355795,128.386,293.306,46.3784,0.108576,246.819,451.484,1,0,0
1000,2,0,606,1,1,1,4332.71,18657.5,1312.8,46.3844,0.552902,1221.76,278325,66.5289,23.1957,0.337421,42.9958,122.402,23.1887,0.0718272,99.1413,188.931,0,0,0
1000,2,0,607,1,1,1,4319.18,18638.6,1312.59,46.3844,0.482746,1221.62,278329,69.0215,23.1957,0.267264,45.5586,121.889,23.1887,0.0718272,98.6287,190.911,0,0,0
1000,2,0,608,1,1,1,4335.62,24658.8,1318.22,52.1883,0.696557,1221.41,278328,150.79,28.9996,0.481075,120.851,121.028,23.1887,0.0718272,97.7678,271.818,0,0,0
1000,2,0,609,0,0,0,-1,-1,1290.31,23.206,0.516154,1221.78,278326,-1,-1,-1,-1,-1,-1,-1,-1,-1,0,0,0
1000,2,0,610,1,1,1,4316.89,18646.6,1312.72,46.3844,0.517824,1221.72,278326,120.385,23.1957,0.302342,96.8871,132.597,23.1887,0.0718272,109.337,252.982,0,0,0
1000,2,0,611,1,1,1,4318.34,18632.5,1312.92,46.3844,0.482746,1221.95,278323,70.6477,23.1957,0.267264,47.1847,121.53,23.1887,0.0718272,98.2696,192.178,0,0,0
1000,2,0,612,1,1,1,4321.21,18703.7,1313.04,46.3844,0.678182,1221.87,278321,129.992,23.1957,0.462701,106.333,94.3787,23.1887,0.0718272,71.1181,224.37,0,0,0
1000,2,0,613,1,1,1,4327.56,18686.8,1312.79,46.3844,0.517824,1221.79,278325,125.992,23.1957,0.267264,102.529,68.3362,23.1887,0.106906,45.0406,194.328,0,0,0
1000,2,0,614,1,1,1,4318.71,18636.3,1312.61,46.3844,0.50112,1221.62,278329,72.3424,23.1957,0.267264,48.8794,120.153,23.1887,0.0902016,96.8744,192.496,0,0,0
1000,2,0,615,1,1,1,4348.98,18714.9,1312.79,46.3844,0.482746,1221.82,278326,129.206,23.1957,0.267264,105.743,117.26,23.1887,0.0718272,93.9994,246.466,0,0,0
1000,2,0,616,1,1,1,4315.34,18635.9,1312.89,46.3952,0.50112,1221.89,278324,124.344,23.2065,0.285638,100.852,67.8752,23.1887,0.0718272,44.6147,192.22,0,0,0
1000,2,0,617,1,1,1,4318.83,24649.8,1318.58,52.1883,0.50112,1221.97,278322,254.784,28.9996,0.285638,225.342,47.7155,23.1887,0.0718272,24.455,302.5,0,0,0
1000,2,0,618,1,1,1,4318.92,18652.9,1312.59,46.3844,0.661478,1221.45,278328,71.5743,23.1957,0.302342,48.0763,120.761,23.1887,0.0718272,97.5007,192.336,0,0,0
1000,2,0,619,1,1,1,4316.62,18669.4,1312.92,46.3844,0.482746,1221.95,278323,134.252,23.1957,0.267264,110.789,121.965,23.1887,0.0718272,98.7045,256.217,0,0,0
1000,2,0,620,1,1,1,4337,18672.3,1312.63,46.3844,0.517824,1221.62,278328,122.901,23.1957,0.302342,99.403,128.166,23.1887,0.0718272,104.906,251.067,0,0,0
1000,2,0,621,1,1,1,4314.38,18657.5,1312.73,46.3844,0.482746,1221.76,278327,124.909,23.1957,0.267264,101.446,126.899,23.1887,0.0718272,103.639,251.808,0,0,0
1000,2,0,622,1,0,0,-1,-1,1290.51,23.1957,0.267264,1222.24,278323,-1,-1,-1,-1,-1,-1,-1,-1,-1,0,0,0
1000,2,0,623,1,1,1,4334.4,24675.8,1317.98,52.1883,0.766714,1221.1,278332,277.547,28.9996,0.551232,247.904,76.1502,23.1887,0.0718272,52.8897,353.697,0,0,0
1000,2,0,624,1,1,1,4333.75,18658.9,1312.91,46.3844,0.482746,1221.94,278323,121.635,23.1957,0.267264,98.1721,130.365,23.1887,0.0718272,107.104,252,0,0,0
1000,2,0,625,1,1,1,4327.62,18709.3,1312.9,46.3844,0.517824,1221.89,278323,122.894,23.1957,0.302342,99.3958,69.5013,23.1887,0.0718272,46.2408,192.395,0,0,0
1000,2,0,626,1,1,1,4321.48,18675.8,1312.69,46.3844,0.678182,1221.53,278327,126.925,23.1957,0.462701,103.267,122.683,23.1887,0.0718272,99.4228,249.609,0,0,0
1000,2,0,627,1,1,1,4354.71,18731.1,1312.57,46.3844,0.482746,1221.6,278329,123.064,23.1957,0.267264,99.6015,135.604,23.1887,0.0718272,112.343,258.668,0,0,0
1000,2,0,628,1,1,1,4316.94,18632.4,1312.63,46.3844,0.482746,1221.66,278328,71.44,23.1957,0.267264,47.977,121.99,23.1887,0.0718272,98.7298,193.43,0,0,0
1000,2,0,629,1,1,1,4328.84,18651.5,1312.85,46.3844,0.482746,1221.88,278325,122.149,23.1957,0.267264,98.6865,124.445,23.1887,0.0718272,101.184,246.594,0,0,0
1000,2,0,630,1,1,1,4320.49,18645,1313,46.3844,0.482746,1222.03,278322,130.367,23.1957,0.267264,106.904,126.049,23.1887,0.0718272,102.789,256.416,0,0,0
1000,2,0,631,1,1,1,4328.97,18645.5,1312.73,46.3844,0.482746,1221.76,278327,87.1345,23.1957,0.267264,63.6715,125.918,23.1887,0.0718272,102.657,213.052,0,0,0
1000,2,0,632,1,1,1,4340.08,18711.5,1313,46.3844,0.482746,1222.03,278322,103.168,23.1957,0.267264,79.7054,49.5366,23.1887,0.0718272,26.2761,152.705,0,0,0
1000,2,0,633,1,1,1,4344.4,18672.2,1312.8,46.3844,0.571277,1221.74,278325,128.025,23.1957,0.302342,104.527,91.5643,23.1887,0.12528,68.2503,219.589,0,0,0
1000,2,0,634,1,1,1,4327.04,18651.6,1312.87,46.3844,0.6264,1221.76,278324,75.0189,23.1957,0.267264,51.5559,122.315,23.1887,0.0718272,99.0546,197.334,0,0,0
1000,2,0,635,1,1,1,4317.9,24635.9,1318.26,52.1883,0.731635,1221.41,278327,277.742,28.9996,0.516154,248.138,70.2431,23.1887,0.0718272,46.9826,347.985,0,0,0
1000,2,0,636,1,1,1,4317.58,24651.6,1318.43,52.1883,0.536198,1221.78,278325,218.094,28.9996,0.320717,188.51,35.2372,23.1887,0.0718272,11.9767,253.331,0,0,0
1000,2,0,637,1,1,1,4323.62,18640,1312.81,46.3844,0.482746,1221.84,278325,71.2089,23.1957,0.267264,47.746,121.539,23.1887,0.0718272,98.2786,192.748,0,0,0
1000,2,0,638,1,1,1,4382.48,18725.4,1312.71,46.3844,0.482746,1221.74,278327,128.926,23.1957,0.267264,105.463,117.049,23.1887,0.0718272,93.7882,245.975,0,0,0
1000,2,0,639,1,1,1,4324.33,18680.6,1312.94,46.3844,0.818496,1221.64,278321,124.289,23.1957,0.567936,100.526,130.391,23.1887,0.106906,107.095,254.68,0,0,0
1000,2,0,640,1,1,1,4316.94,18634.9,1312.9,46.3844,0.482746,1221.93,278324,112.301,23.1957,0.267264,88.8377,56.5356,23.1887,0.0718272,33.2751,168.836,0,0,0
1000,2,0,641,1,1,1,4333.27,18733.5,1312.67,46.3844,0.517824,1221.66,278327,132.822,23.1957,0.302342,109.324,125.533,23.1887,0.0718272,102.273,258.355,0,0,0
1000,2,0,642,1,1,1,4328.65,18645.7,1312.74,46.3844,0.517824,1221.74,278326,73.9324,23.1957,0.267264,50.4694,120.038,23.1887,0.106906,96.7427,193.971,0,0,0
1000,2,0,643,1,1,1,4373.33,18714.4,1312.88,46.3844,0.748339,1221.65,278323,73.7063,23.1957,0.497779,50.0128,121.186,23.1887,0.106906,97.8905,194.892,0,0,0
1000,2,0,644,1,1,1,4352.41,18673.7,1312.75,46.3844,0.482746,1221.78,278326,97.4183,23.1957,0.267264,73.9553,131.449,23.1887,0.0718272,108.189,228.867,0,0,0
1000,2,0,645,1,1,1,4317.58,18647.7,1312.89,46.3844,0.482746,1221.92,278324,123.281,23.1957,0.267264,99.8181,130.2,23.1887,0.0718272,106.94,253.481,0,0,0
1000,2,0,646,1,1,1,4346.64,18659.2,1312.8,46.3844,0.587981,1221.72,278325,130.661,23.1957,0.267264,107.198,121.549,23.1887,0.177062,98.1829,252.21,0,0,0
1000,2,0,647,1,1,1,4321.22,18637,1312.65,46.3844,0.482746,1221.68,278328,74.537,23.1957,0.267264,51.074,121.907,23.1887,0.0718272,98.6468,196.444,0,0,0
1000,2,0,648,1,1,1,4372.81,18685.9,1312.73,46.3844,0.482746,1221.76,278327,72.716,23.1957,0.267264,49.253,120.409,23.1887,0.0718272,97.1488,193.125,0,0,0
1000,2,0,649,1,0,0,-1,-1,1290.24,23.1957,0.267264,1221.97,278328,-1,-1,-1,-1,-1,-1,-1,-1,-1,0,0,0
1000,2,0,650,1,1,1,4317.58,18649,1312.77,46.3844,0.482746,1221.8,278326,127.643,23.1957,0.267264,104.18,69.411,23.1887,0.0718272,46.1505,197.054,0,0,0
1000,2,0,651,1,1,1,4315.34,18664.8,1312.65,46.3844,0.482746,1221.68,278328,123.03,23.1957,0.267264,99.5672,74.0313,23.1887,0.0718272,50.7708,197.062,0,0,0
1000,2,0,652,1,1,1,4330.54,18652.5,1312.71,46.3844,0.482746,1221.74,278327,128.463,23.1957,0.267264,105,123.116,23.1887,0.0718272,99.856,251.579,0,0,0
1000,2,0,653,1,1,1,4314.44,18644.5,1313.04,46.3844,0.678182,1221.88,278321,122.659,23.1957,0.462701,99.0005,130.559,23.1887,0.0718272,107.299,253.218,0,0,0
1000,2,0,654,1,1,1,4339.54,18691.6,1312.86,46.3844,0.517824,1221.86,278324,122.372,23.1957,0.302342,98.8742,122.775,23.1887,0.0718272,99.5149,245.148,0,0,0
1000,2,0,655,1,1,1,4322,24676.5,1318.5,52.1883,0.891994,1221.49,278323,282.421,28.9996,0.676512,252.665,79.6695,23.1887,0.0718272,56.409,362.091,0,0,0
1000,2,0,656,1,1,1,4319.79,18635.9,1312.61,46.3844,0.482746,1221.64,278329,70.0485,23.1957,0.267264,46.5855,119.023,23.1887,0.0718272,95.7627,189.072,0,0,0
1000,2,0,657,0,0,0,-1,-1,1290.09,23.206,0.516154,1221.56,278330,-1,-1,-1,-1,-1,-1,-1,-1,-1,0,0,0
1000,2,0,658,1,1,1,4413.64,18730.1,1312.71,46.3844,0.840211,1221.38,278326,124.649,23.1957,0.267264,101.186,126.11,23.1887,0.141984,102.78,250.759,0,0,0
1000,2,0,659,1,1,1,4347.62,18686.7,1312.96,46.3844,0.770054,1221.7,278322,119.529,23.1957,0.267264,96.0659,133.888,23.1887,0.0718272,110.627,253.416,0,0,0
1000,2,0,660,1,1,1,4317.7,18673.5,1312.77,46.3844,0.678182,1221.6,278326,100.408,23.1957,0.462701,76.7491,48.5385,23.1887,0.0718272,25.278,148.946,0,0,0
1000,2,0,661,1,1,1,4391.58,18708.3,1312.63,46.3844,0.517824,1221.62,278328,120.633,23.1957,0.267264,97.1704,135.43,23.1887,0.106906,112.134,256.063,0,0,0
1000,2,0,662,1,1,1,4336.84,18658.9,1312.94,46.3844,0.517824,1221.93,278323,104.136,23.1957,0.267264,80.6728,52.555,23.1887,0.106906,29.2594,156.691,0,0,0
1000,2,0,663,1,1,2,4343.53,18684.5,1335.24,69.5741,0.985536,1221.28,278324,129.304,23.1957,0.267264,105.841,121.673,46.3784,0.287309,75.0075,250.977,1,0,0
1000,2,0,664,1,1,1,4317.7,18637.2,1312.59,46.3844,0.482746,1221.62,278329,115.448,23.1957,0.267264,91.9852,130.245,23.1887,0.0718272,106.985,245.694,0,0,0
1000,2,0,665,1,1,1,4320.8,18637.9,1312.63,46.3844,0.482746,1221.66,278328,70.1622,23.1957,0.267264,46.6992,119.649,23.1887,0.0718272,96.389,189.812,0,0,0
1000,2,0,666,1,1,2,10317.7,24664.5,1335.19,69.5741,0.519494,1221.7,278327,133.549,23.1957,0.267264,110.086,271.237,46.3784,0.108576,224.75,404.786,1,0,0
1000,2,0,667,1,1,1,4376.44,18699.4,1312.84,46.3844,0.552902,1221.8,278324,120.217,23.1957,0.302342,96.7192,132.656,23.1887,0.106906,109.36,252.873,0,0,0
1000,2,0,668,1,1,1,4346.53,18659.7,1312.79,46.3844,0.482746,1221.82,278326,119.236,23.1957,0.267264,95.7735,134.662,23.1887,0.0718272,111.401,253.898,0,0,0
1000,2,0,669,1,1,1,4324.46,18686.5,1312.83,46.3844,0.482746,1221.86,278325,124.232,23.1957,0.267264,100.769,128.24,23.1887,0.0718272,104.98,252.472,0,0,0
1000,2,0,670,1,1,2,10327.1,24638.7,1335.23,69.5741,0.806803,1221.45,278325,84.5572,23.1957,0.267264,61.0943,280.961,46.3784,0.108576,234.474,365.518,1,0,0
1000,2,0,671,1,1,1,4337.61,18678.1,1312.76,46.3844,0.517824,1221.76,278326,84.9244,23.1957,0.302342,61.4264,124.64,23.1887,0.0718272,101.379,209.564,0,0,0
1000,2,0,672,1,1,1,4322.5,18636.4,1312.57,46.3844,0.482746,1221.6,278329,75.221,23.1957,0.267264,51.7581,120.146,23.1887,0.0718272,96.8853,195.367,0,0,0
1000,2,0,673,1,1,1,4339.59,18660.4,1312.87,46.3844,0.517824,1221.87,278324,133.693,23.1957,0.267264,110.23,131.152,23.1887,0.106906,107.857,264.845,0,0,0
1000,2,0,674,1,1,1,4319.82,18633.3,1312.63,46.3844,0.482746,1221.66,278328,118.238,23.1957,0.267264,94.7755,128.421,23.1887,0.0718272,105.16,246.659,0,0,0
1000,2,0,675,1,1,1,4323.99,18661,1312.8,46.3844,0.678182,1221.64,278325,125.011,23.1957,0.462701,101.352,68.5195,23.1887,0.0718272,45.259,193.53,0,0,0
1000,2,0,676,1,1,1,4319.75,18680.4,1312.86,46.3844,0.517824,1221.86,278324,114.299,23.1957,0.302342,90.8013,56.3605,23.1887,0.0718272,33.1,170.66,0,0,0
1000,2,0,677,1,1,1,4317.26,18645.8,1312.67,46.3844,0.482746,1221.7,278328,127.992,23.1957,0.267264,104.529,99.5205,23.1887,0.0718272,76.26,227.512,0,0,0
1000,2,0,678,1,1,1,4325.19,18645.7,1312.73,46.3844,0.482746,1221.76,278327,96.0195,23.1957,0.267264,72.5566,130.022,23.1887,0.0718272,106.761,226.041,0,0,0
1000,2,0,679,1,1,1,4329.7,18683.4,1312.82,46.3844,0.678182,1221.66,278325,131.004,23.1957,0.462701,107.346,124.008,23.1887,0.0718272,100.748,255.012,0,0,0
1000,2,0,680,1,1,1,4323.21,18671.7,1312.9,46.3844,0.713261,1221.7,278323,121.268,23.1957,0.497779,97.5747,58.658,23.1887,0.0718272,35.3975,179.926,0,0,0
1000,2,0,681,1,1,1,4322.25,18647.9,1312.69,46.3844,0.482746,1221.72,278327,131.866,23.1957,0.267264,108.404,85.2337,23.1887,0.0718272,61.9732,217.1,0,0,0
1000,2,0,682,1,1,1,4333.15,18663,1312.95,46.3844,0.517824,1221.95,278322,127.527,23.1957,0.302342,104.029,79.4981,23.1887,0.0718272,56.2376,207.025,0,0,0
1000,2,0,683,1,1,1,4315.66,30635.8,1324.11,57.9922,0.75001,1221.62,278323,333.014,34.8035,0.534528,296.924,26.2204,23.1887,0.0718272,2.95987,359.234,0,0,0
1000,2,0,684,1,1,1,4358.76,18695.6,1312.76,46.3844,0.770054,1221.5,278325,71.4382,23.1957,0.267264,47.9752,120.527,23.1887,0.0718272,97.2661,191.965,0,0,0
1000,2,0,685,1,1,1,4318.22,18650,1312.75,46.3844,0.482746,1221.78,278326,131.422,23.1957,0.267264,107.96,69.9453,23.1887,0.0718272,46.6848,201.368,0,0,0
1000,2,0,686,1,1,1,4338.25,18674.4,1312.87,46.3844,0.482746,1221.9,278324,122.781,23.1957,0.267264,99.3181,129.908,23.1887,0.0718272,106.647,252.689,0,0,0
1000,2,0,687,1,1,1,4323.59,18638.4,1312.83,46.3844,0.482746,1221.86,278325,71.4039,23.1957,0.267264,47.9409,121.18,23.1887,0.0718272,97.9194,192.584,0,0,0
1000,2,0,688,1,1,1,4331.47,24674.2,1318.36,52.1883,0.571277,1221.68,278326,255.444,28.9996,0.355795,225.932,52.6715,23.1887,0.0718272,29.411,308.116,0,0,0
1000,2,0,689,1,1,1,4331.36,18687.9,1312.77,46.3844,0.713261,1221.57,278325,79.5141,23.1957,0.497779,55.8207,119.209,23.1887,0.0718272,95.9486,198.723,0,0,0
1000,2,0,690,1,1,1,4331.5,18649.9,1312.99,46.3844,0.6264,1221.88,278322,127.289,23.1957,0.267264,103.827,122.609,23.1887,0.0718272,99.3488,249.899,0,0,0
1000,2,0,691,1,1,1,4321.22,18634.8,1312.75,46.3844,0.482746,1221.78,278326,86.7284,23.1957,0.267264,63.2655,124.503,23.1887,0.0718272,101.242,211.231,0,0,0
1000,2,0,692,1,1,1,4340.36,18682.2,1312.71,46.3844,0.517824,1221.7,278327,130.467,23.1957,0.302342,106.969,82.7178,23.1887,0.0718272,59.4573,213.185,0,0,0
1000,2,0,693,1,1,1,4315.66,18635.9,1312.69,46.3844,0.482746,1221.72,278327,82.2597,23.1957,0.267264,58.7968,119.926,23.1887,0.0718272,96.6651,202.185,0,0,0
1000,2,0,694,1,1,2,4436.18,18766,1335.4,69.5741,0.87696,1221.55,278322,121.718,23.1957,0.267264,98.2551,154.511,46.3784,0.322387,107.81,276.229,1,0,0
1000,2,0,695,1,1,1,4336.39,18657.3,1312.81,46.3844,0.482746,1221.84,278325,78.2007,23.1957,0.267264,54.7378,119.029,23.1887,0.0718272,95.7681,197.229,0,0,0
1000,2,0,696,1,1,1,4316.62,18644.1,1312.65,46.3844,0.482746,1221.68,278328,69.7074,23.1957,0.267264,46.2444,123.149,23.1887,0.0718272,99.8885,192.856,0,0,0
1000,2,0,697,1,1,1,4316.94,18634,1312.86,46.3844,0.482746,1221.89,278324,129.778,23.1957,0.267264,106.315,122.277,23.1887,0.0718272,99.0167,252.056,0,0,0
1000,2,0,698,1,1,1,4317.19,18642.9,1312.83,46.3844,0.482746,1221.86,278325,73.7916,23.1957,0.267264,50.3287,119.725,23.1887,0.0718272,96.4648,193.517,0,0,0
1000,2,0,699,1,1,1,4315.88,18640.1,1313,46.3844,0.482746,1222.03,278322,69.9113,23.1957,0.267264,46.4483,119.521,23.1887,0.0718272,96.2608,189.433,0,0,0
1000,2,0,700,1,1,2,10328,24687.6,1335.21,69.5741,0.519494,1221.72,278326,112.719,23.1957,0.267264,89.2564,301.52,46.3784,0.108576,255.033,414.239,1,0,0
1000,2,0,701,1,1,1,4315.98,18652.8,1312.94,46.3844,0.482746,1221.97,278323,123.193,23.1957,0.267264,99.7296,61.3111,23.1887,0.0718272,38.0506,184.504,0,0,0
1000,2,0,702,1,1,1,4320.82,18641.4,1312.79,46.3844,0.482746,1221.82,278326,129.823,23.1957,0.267264,106.36,82.8568,23.1887,0.0718272,59.5963,212.68,0,0,0
1000,2,0,703,1,1,1,4394.57,18724.8,1313.06,46.3844,0.770054,1221.81,278320,77.0366,23.1957,0.267264,53.5737,123.546,23.1887,0.0718272,100.286,200.583,0,0,0
1000,2,0,704,1,1,1,4367.86,18685.2,1312.86,46.3844,0.770054,1221.61,278323,81.7869,23.1957,0.267264,58.3239,122.519,23.1887,0.0718272,99.2586,204.306,0,0,0
1000,2,0,705,1,1,1,4315.34,18635.4,1312.87,46.3844,0.482746,1221.9,278324,125.505,23.1957,0.267264,102.042,67.4637,23.1887,0.0718272,44.2032,192.968,0,0,0
1000,2,0,706,1,1,1,4338.18,18651.4,1312.92,46.3844,0.482746,1221.95,278323,69.9095,23.1957,0.267264,46.4465,119.48,23.1887,0.0718272,96.2193,189.389,0,0,0
1000,2,0,707,1,1,1,4375.64,18722.6,1312.76,46.3844,0.552902,1221.72,278326,133.03,23.1957,0.302342,109.532,130.977,23.1887,0.106906,107.682,264.007,0,0,0
1000,2,0,708,1,1,1,4363.16,18719.2,1312.82,46.3844,0.552902,1221.78,278325,129.077,23.1957,0.302342,105.579,123.711,23.1887,0.106906,100.415,252.788,0,0,0
1000,2,0,709,1,1,1,4342.99,18698,1312.81,46.3844,0.696557,1221.63,278324,120.974,23.1957,0.337421,97.4412,130.639,23.1887,0.0718272,107.378,251.613,0,0,0
1000,2,0,710,1,1,1,4331.46,24666,1318.06,52.1883,0.606355,1221.33,278331,278.566,28.9996,0.390874,249.088,72.5839,23.1887,0.0718272,49.3234,351.15,0,0,0
1000,2,0,711,1,1,1,4318.54,18659.3,1312.71,46.3844,0.482746,1221.74,278327,119.379,23.1957,0.267264,95.9161,57.8315,23.1887,0.0718272,34.5709,177.211,0,0,0
1000,2,0,712,1,1,1,4330.86,18660.1,1312.75,46.3844,0.482746,1221.78,278326,120.413,23.1957,0.267264,96.9502,133.254,23.1887,0.0718272,109.994,253.667,0,0,0
1000,2,0,713,1,1,1,4337.32,18654.2,1312.9,46.3844,0.482746,1221.93,278324,104.897,23.1957,0.267264,81.4344,132.509,23.1887,0.0718272,109.248,237.406,0,0,0
1000,2,0,714,1,1,1,4352.68,18696,1313.11,46.3844,0.678182,1221.95,278319,120.213,23.1957,0.462701,96.555,134.552,23.1887,0.0718272,111.291,254.765,0,0,0
1000,2,0,715,1,1,1,4335.97,18660,1313.04,46.3844,0.713261,1221.84,278320,82.0671,23.1957,0.462701,58.4087,119.5,23.1887,0.106906,96.2049,201.568,0,0,0
1000,2,0,716,1,1,1,4323.85,18691.1,1312.85,46.3844,0.552902,1221.82,278324,132.257,23.1957,0.302342,108.759,70.8918,23.1887,0.106906,47.5962,203.149,0,0,0
1000,2,0,717,1,1,1,4343.46,18778.3,1312.6,46.3844,0.587981,1221.53,278328,130.326,23.1957,0.372499,106.758,118.41,23.1887,0.0718272,95.1491,248.735,0,0,0
1000,2,0,718,1,1,1,4317.9,18642.8,1312.92,46.3844,0.482746,1221.95,278323,131.343,23.1957,0.267264,107.88,67.72,23.1887,0.0718272,44.4594,199.063,0,0,0
1000,2,0,719,1,1,1,4320.9,18637,1312.75,46.3844,0.482746,1221.78,278326,71.4959,23.1957,0.267264,48.0329,118.563,23.1887,0.0718272,95.3025,190.059,0,0,0
1000,2,0,720,1,1,1,4340.89,18671.8,1312.8,46.3844,0.517824,1221.8,278325,122.127,23.1957,0.302342,98.6287,73.3581,23.1887,0.0718272,50.0976,195.485,0,0,0
1000,2,0,721,1,1,1,4327.12,18650.5,1312.88,46.3844,0.482746,1221.91,278324,68.3177,23.1957,0.267264,44.8547,124.58,23.1887,0.0718272,101.32,192.898,0,0,0
1000,2,0,722,1,1,1,4328.81,18658,1312.65,46.3844,0.482746,1221.68,278328,134.18,23.1957,0.267264,110.717,130.967,23.1887,0.0718272,107.707,265.148,0,0,0
1000,2,0,723,1,1,1,4318.57,18639.2,1312.89,46.3844,0.517824,1221.89,278323,121.152,23.1957,0.302342,97.6541,132.931,23.1887,0.0718272,109.67,254.083,0,0,0
1000,2,0,724,1,1,1,4340.49,18722.3,1312.67,46.3844,0.482746,1221.7,278328,124.321,23.1957,0.267264,100.858,122.142,23.1887,0.0718272,98.8814,246.462,0,0,0
1000,2,0,725,1,1,1,4316.94,18672.9,1312.68,46.3844,0.552902,1221.64,278327,116.756,23.1957,0.337421,93.2233,131.148,23.1887,0.0718272,107.887,247.904,0,0,0
1000,2,0,726,1,1,1,4319.17,18687,1312.71,46.3844,0.482746,1221.74,278327,124.721,23.1957,0.267264,101.258,76.7367,23.1887,0.0718272,53.4762,201.458,0,0,0
1000,2,0,727,1,1,1,4329.33,18699.5,1312.91,46.3844,0.6264,1221.8,278323,124.75,23.1957,0.267264,101.287,128.811,23.1887,0.0718272,105.55,253.561,0,0,0
1000,2,0,728,1,1,1,4324.81,18646.2,1312.85,46.3844,0.482746,1221.88,278325,84.162,23.1957,0.267264,60.699,124.308,23.1887,0.0718272,101.047,208.47,0,0,0
1000,2,0,729,1,1,1,4339.84,18716.4,1313.37,46.3844,1.06906,1221.82,278314,131.718,23.1957,0.853574,107.669,112.914,23.1887,0.0718272,89.6534,244.632,0,0,0
1000,2,0,730,1,1,1,4316.62,18677.6,1312.71,46.3844,0.482746,1221.74,278327,121.137,23.1957,0.267264,97.674,133.642,23.1887,0.0718272,110.382,254.779,0,0,0
1000,2,0,731,1,1,1,4315.66,18654.1,1312.98,46.3844,0.482746,1222.01,278322,119.879,23.1957,0.267264,96.416,133.563,23.1887,0.0718272,110.302,253.442,0,0,0
1000,2,0,732,1,0,0,-1,-1,1290.3,23.1957,0.267264,1222.03,278327,-1,-1,-1,-1,-1,-1,-1,-1,-1,0,0,0
1000,2,0,733,1,1,1,4329.42,18644.2,1312.63,46.3844,0.517824,1221.62,278328,107.157,23.1957,0.267264,83.694,130.979,23.1887,0.106906,107.683,238.136,0,0,0
1000,2,0,734,1,1,1,4319.61,18685.8,1312.84,46.3844,0.713261,1221.64,278324,132.442,23.1957,0.497779,108.748,125.753,23.1887,0.0718272,102.493,258.195,0,0,0
1000,2,0,735,1,1,1,4317.58,18654.7,1312.71,46.3844,0.517824,1221.7,278327,105.127,23.1957,0.302342,81.6293,53.5938,23.1887,0.0718272,30.3333,158.721,0,0,0
1000,2,0,736,1,1,1,4318.73,18665.9,1312.85,46.3844,0.482746,1221.88,278325,134.429,23.1957,0.267264,110.966,130.48,23.1887,0.0718272,107.22,264.909,0,0,0
1000,2,0,737,1,1,1,4321.77,18642.7,1312.61,46.3844,0.482746,1221.64,278329,125.216,23.1957,0.267264,101.753,62.0727,23.1887,0.0718272,38.8122,187.289,0,0,0
1000,2,0,738,1,1,1,4340.23,18657.6,1312.96,46.3844,0.6264,1221.85,278322,72.0734,23.1957,0.267264,48.6105,121.653,23.1887,0.0718272,98.3923,193.726,0,0,0
1000,2,0,739,1,1,1,4319.1,18649.1,1312.89,46.3844,0.482746,1221.92,278324,132.439,23.1957,0.267264,108.976,125.369,23.1887,0.0718272,102.108,257.807,0,0,0
1000,2,0,740,1,1,1,4316.62,18657.1,1312.77,46.3844,0.482746,1221.8,278326,134.516,23.1957,0.267264,111.053,120.229,23.1887,0.0718272,96.9683,254.745,0,0,0
1000,2,0,741,1,1,1,4317.26,18640.7,1312.75,46.3844,0.482746,1221.78,278326,125.274,23.1957,0.267264,101.811,62.5456,23.1887,0.0718272,39.2851,187.819,0,0,0
1000,2,0,742,1,1,1,4318.98,18659.6,1312.9,46.3844,0.536198,1221.87,278323,123.17,23.1957,0.302342,99.6719,128.43,23.1887,0.0902016,105.151,251.6,0,0,0
1000,2,0,743,1,1,1,4330.82,18665,1312.72,46.3844,0.552902,1221.68,278326,128.223,23.1957,0.267264,104.76,99.6322,23.1887,0.141984,76.3015,227.855,0,0,0
1000,2,0,744,1,1,1,4344.9,18677.7,1312.73,46.3844,0.482746,1221.76,278327,91.3595,23.1957,0.267264,67.8966,127.526,23.1887,0.0718272,104.265,218.885,0,0,0
1000,2,0,745,1,1,1,4327.21,18665.6,1312.79,46.3844,0.482746,1221.82,278326,69.7254,23.1957,0.267264,46.2624,123.759,23.1887,0.0718272,100.498,193.484,0,0,0
1000,2,0,746,1,1,1,4317.26,18640.5,1312.81,46.3844,0.482746,1221.84,278325,109.122,23.1957,0.267264,85.6594,55.2398,23.1887,0.0718272,31.9793,164.362,0,0,0
1000,2,0,747,1,1,1,4328.26,18655.9,1312.73,46.3844,0.482746,1221.76,278327,70.7253,23.1957,0.267264,47.2623,122.33,23.1887,0.0718272,99.0691,193.055,0,0,0
1000,2,0,748,1,1,1,4325.57,18665.8,1312.71,46.3844,0.482746,1221.74,278327,134.866,23.1957,0.267264,111.403,127.766,23.1887,0.0718272,104.505,262.632,0,0,0
1000,2,0,749,1,1,1,4317.38,18637.1,1312.81,46.3844,0.482746,1221.84,278325,85.0644,23.1957,0.267264,61.6014,121.283,23.1887,0.0718272,98.0223,206.347,0,0,0
1000,2,0,750,1,1,1,4340.2,18683.6,1312.82,46.3844,0.713261,1221.62,278324,117.442,23.1957,0.497779,93.7485,132.14,23.1887,0.0718272,108.88,249.582,0,0,0
1000,2,0,751,1,1,1,4364.33,18713.6,1312.73,46.3844,0.661478,1221.59,278326,121.39,23.1957,0.302342,97.8924,133.48,23.1887,0.0718272,110.219,254.87,0,0,0
1000,2,0,752,1,1,1,4316.94,18712.1,1312.57,46.3844,0.517824,1221.56,278329,124.155,23.1957,0.302342,100.657,73.3166,23.1887,0.0718272,50.0561,197.472,0,0,0
1000,2,0,753,1,1,1,4354.71,18669.5,1312.73,46.3844,0.913709,1221.33,278325,75.582,23.1957,0.267264,52.119,123.089,23.1887,0.0718272,99.8289,198.671,0,0,0
1000,2,0,754,1,1,1,4318.22,18713.3,1312.75,46.3844,0.482746,1221.78,278326,116.789,23.1957,0.267264,93.3262,56.8334,23.1887,0.0718272,33.5729,173.623,0,0,0
1000,2,0,755,1,1,1,4316.3,18649.7,1312.77,46.3844,0.482746,1221.8,278326,131.193,23.1957,0.267264,107.73,68.3065,23.1887,0.0718272,45.046,199.5,0,0,0
1000,2,0,756,1,1,1,4323.31,18644.9,1312.77,46.3844,0.482746,1221.8,278326,70.7451,23.1957,0.267264,47.2822,122.192,23.1887,0.0718272,98.9319,192.938,0,0,0
1000,2,0,757,1,1,1,4359.34,18687.6,1312.8,46.3844,0.552902,1221.76,278325,81.9555,23.1957,0.302342,58.4575,122.747,23.1887,0.106906,99.4517,204.703,0,0,0
1000,2,0,758,1,1,1,4316.87,18722.1,1312.79,46.3844,0.482746,1221.82,278326,122.258,23.1957,0.267264,98.7948,130.982,23.1887,0.0718272,107.721,253.24,0,0,0
1000,2,0,759,1,1,1,4339.03,18688.2,1312.65,46.3844,0.856915,1221.31,278327,120.948,23.1957,0.462701,97.2895,128.404,23.1887,0.106906,105.108,249.351,0,0,0
1000,2,0,760,1,1,1,4315.91,18640.8,1312.59,46.3844,0.482746,1221.62,278329,130.161,23.1957,0.267264,106.698,69.7774,23.1887,0.0718272,46.5169,199.938,0,0,0
1000,2,0,761,1,1,1,4338.25,18687.3,1312.77,46.3844,0.482746,1221.8,278326,120.956,23.1957,0.267264,97.4935,129.2,23.1887,0.0718272,105.94,250.157,0,0,0
1000,2,0,762,1,1,1,4325.19,18673.2,1312.87,46.3844,0.482746,1221.9,278324,133.357,23.1957,0.267264,109.894,129.771,23.1887,0.0718272,106.51,263.128,0,0,0
1000,2,0,763,1,1,1,4355.47,18668.7,1312.55,46.3844,0.482746,1221.58,278330,84.2685,23.1957,0.267264,60.8055,121.357,23.1887,0.0718272,98.0963,205.625,0,0,0
1000,2,0,764,1,1,1,4323.87,18646.4,1312.86,46.3844,0.482746,1221.89,278324,70.8444,23.1957,0.267264,47.3814,121.153,23.1887,0.0718272,97.8924,191.997,0,0,0
1000,2,0,765,1,1,1,4316.94,18691.7,1312.84,46.3844,0.517824,1221.83,278324,129.638,23.1957,0.302342,106.14,68.7108,23.1887,0.0718272,45.4503,198.349,0,0,0
1000,2,0,766,1,1,1,4341.76,18662.9,1312.71,46.3844,0.482746,1221.74,278327,121.7,23.1957,0.267264,98.2371,130.202,23.1887,0.0718272,106.942,251.902,0,0,0
1000,2,0,767,1,1,1,4319.91,18639.6,1312.87,46.3844,0.6264,1221.75,278324,68.7544,23.1957,0.267264,45.2915,123.29,23.1887,0.0718272,100.029,192.044,0,0,0
1000,2,0,768,1,1,1,4337.15,18670.2,1312.73,46.3844,0.482746,1221.76,278327,72.6131,23.1957,0.267264,49.1501,120.189,23.1887,0.0718272,96.9286,192.802,0,0,0
1000,2,0,769,1,1,1,4334.22,18687.3,1312.98,46.3844,0.678182,1221.82,278322,134.56,23.1957,0.462701,110.901,127.872,23.1887,0.0718272,104.612,262.432,0,0,0
1000,2,0,770,1,1,1,4344.49,18660.9,1312.81,46.3844,0.482746,1221.84,278325,122.456,23.1957,0.267264,98.9933,128.632,23.1887,0.0718272,105.371,251.088,0,0,0
1000,2,0,771,1,0,0,-1,-1,1290.47,23.1957,0.532858,1221.94,278323,-1,-1,-1,-1,-1,-1,-1,-1,-1,0,0,0
1000,2,0,772,1,1,1,4346.4,18719.8,1312.73,46.3844,0.482746,1221.76,278327,131.233,23.1957,0.267264,107.77,131.072,23.1887,0.0718272,107.812,262.305,0,0,0
1000,2,0,773,1,1,1,4315.34,18684.7,1312.77,46.3844,0.482746,1221.8,278326,122.92,23.1957,0.267264,99.4571,59.3637,23.1887,0.0718272,36.1032,182.284,0,0,0
1000,2,0,774,1,1,1,4392.21,18769.2,1312.74,46.3844,0.517824,1221.74,278326,122.601,23.1957,0.302342,99.1034,136.138,23.1887,0.0718272,112.878,258.74,0,0,0
1000,2,0,775,1,1,1,4320.69,18704.6,1312.98,46.3844,0.482746,1222.01,278322,121.283,23.1957,0.267264,97.8202,130.635,23.1887,0.0718272,107.375,251.918,0,0,0
1000,2,0,776,1,1,1,4321.61,18641.3,1312.79,46.3844,0.517824,1221.78,278325,124.921,23.1957,0.302342,101.423,67.5196,23.1887,0.0718272,44.2591,192.44,0,0,0
1000,2,0,777,1,1,1,4326.7,18674.8,1312.71,46.3844,0.482746,1221.74,278327,129.973,23.1957,0.267264,106.51,71.1743,23.1887,0.0718272,47.9138,201.148,0,0,0
1000,2,0,778,1,1,1,4314.38,18650.4,1312.69,46.3844,0.482746,1221.72,278327,122.81,23.1957,0.267264,99.347,60.073,23.1887,0.0718272,36.8125,182.883,0,0,0
1000,2,0,779,1,1,1,4325.87,18661.1,1312.81,46.3844,0.6264,1221.7,278325,129.379,23.1957,0.267264,105.916,129.993,23.1887,0.0718272,106.732,259.372,0,0,0
1000,2,0,780,1,1,1,4318.6,18634.5,1313.02,46.3844,0.482746,1222.05,278322,73.4234,23.1957,0.267264,49.9605,121.902,23.1887,0.0718272,98.6413,195.325,0,0,0
1000,2,0,781,1,1,1,4316.94,18640.2,1312.63,46.3844,0.482746,1221.66,278328,127.71,23.1957,0.267264,104.247,69.4724,23.1887,0.0718272,46.2119,197.182,0,0,0
1000,2,0,782,1,1,1,4374.96,18694.7,1312.89,46.3844,0.482746,1221.92,278324,72.5607,23.1957,0.267264,49.0978,120.913,23.1887,0.0718272,97.6523,193.474,0,0,0
1000,2,0,783,1,1,1,4318.66,18654.5,1313.04,46.3844,0.678182,1221.87,278321,120.809,23.1957,0.462701,97.1506,130.085,23.1887,0.0718272,106.824,250.894,0,0,0
1000,2,0,784,1,1,1,4329.29,24695,1318.55,52.1883,1.64033,1220.8,278320,279.055,28.9996,1.13754,248.826,71.1707,23.1887,0.0718272,47.9102,350.226,0,0,0
1000,2,0,785,1,1,1,4325.13,24639.2,1318.2,52.1883,0.731635,1221.35,278329,284.455,28.9996,0.481075,254.906,84.1228,23.1887,0.106906,60.8272,368.578,0,0,0
1000,2,0,786,1,1,1,4338.41,18704.9,1312.83,46.3844,0.6264,1221.72,278324,133.337,23.1957,0.267264,109.874,130.162,23.1887,0.0718272,106.902,263.5,0,0,0
1000,2,0,787,1,1,1,4360.78,18683.3,1312.61,46.3844,0.517824,1221.6,278329,70.9436,23.1957,0.267264,47.4807,119.423,23.1887,0.106906,96.1273,190.366,0,0,0
1000,2,0,788,1,1,1,4369.32,18717.5,1312.78,46.3844,0.517824,1221.78,278325,110.841,23.1957,0.267264,87.3776,131.605,23.1887,0.106906,108.31,242.446,0,0,0
1000,2,0,789,1,1,1,4324.4,18637.6,1313.1,46.3844,0.6264,1221.99,278320,70.913,23.1957,0.267264,47.45,122.079,23.1887,0.0718272,98.8182,192.992,0,0,0
1000,2,0,790,1,1,1,4316.3,18653,1312.87,46.3844,0.482746,1221.9,278324,129.764,23.1957,0.267264,106.301,67.8337,23.1887,0.0718272,44.5731,197.598,0,0,0
1000,2,0,791,1,1,1,4342.38,18670.9,1312.61,46.3844,0.482746,1221.64,278329,123.326,23.1957,0.267264,99.8632,122.4,23.1887,0.0718272,99.1395,245.726,0,0,0
1000,2,0,792,1,1,1,4346.08,18664.7,1312.56,46.3844,0.552902,1221.52,278329,71.6132,23.1957,0.267264,48.1503,121.974,23.1887,0.141984,98.6431,193.587,0,0,0
1000,2,0,793,1,1,1,4315.66,18678,1312.95,46.3844,0.482746,1221.98,278323,121.377,23.1957,0.267264,97.914,131.395,23.1887,0.0718272,108.135,252.772,0,0,0
1000,2,0,794,1,1,1,4357.42,18719,1312.79,46.3844,0.678182,1221.62,278325,135.594,23.1957,0.462701,111.936,130.047,23.1887,0.0718272,106.786,265.641,0,0,0
1000,2,0,795,1,1,1,4345.6,18705.4,1312.67,46.3844,0.678182,1221.5,278327,123.855,23.1957,0.462701,100.197,128.785,23.1887,0.0718272,105.525,252.641,0,0,0
1000,2,0,796,1,1,1,4315.98,18641,1312.59,46.3844,0.482746,1221.62,278329,121.808,23.1957,0.267264,98.3454,69.3623,23.1887,0.0718272,46.1018,191.171,0,0,0
1000,2,0,797,1,1,1,4318.22,24684.6,1318.65,52.1883,0.891994,1221.64,278320,275.608,28.9996,0.676512,245.83,68.2867,23.1887,0.0718272,45.0262,343.895,0,0,0
1000,2,0,798,1,1,1,4323.78,18711.6,1312.51,46.3844,0.552902,1221.47,278330,116.267,23.1957,0.337421,92.7342,56.7197,23.1887,0.0718272,33.4592,172.987,0,0,0
1000,2,0,799,1,1,1,4331.78,18664.9,1312.65,46.3844,0.482746,1221.68,278328,102.131,23.1957,0.267264,78.6676,50.4444,23.1887,0.0718272,27.1839,152.575,0,0,0
1000,2,0,800,1,1,1,4332.66,24684.1,1318.49,52.1883,0.891994,1221.49,278323,282.331,28.9996,0.676512,252.575,79.6695,23.1887,0.0718272,56.409,362,0,0,0
1000,2,0,801,0,0,0,-1,-1,1295.76,29.0099,0.674842,1221.45,278328,-1,-1,-1,-1,-1,-1,-1,-1,-1,0,0,0
1000,2,0,802,1,1,1,4323.13,30708.7,1323.94,57.9922,1.0156,1221.18,278325,434.391,34.8035,0.800122,398.319,71.2465,23.1887,0.0718272,47.986,505.638,0,0,0
1000,2,0,803,1,1,1,4334.49,18650.6,1312.94,46.3844,0.770054,1221.68,278322,119.942,23.1957,0.267264,96.4792,132.884,23.1887,0.0718272,109.624,252.826,0,0,0
1000,2,0,804,1,1,1,4323.67,18697.8,1313.14,46.3844,0.908698,1221.74,278318,126.396,23.1957,0.693216,102.507,68.5231,23.1887,0.0718272,45.2626,194.919,0,0,0
1000,2,0,805,1,1,1,4364.26,18697.2,1313.1,46.3844,0.678182,1221.94,278320,120.029,23.1957,0.462701,96.3709,129.868,23.1887,0.0718272,106.608,249.898,0,0,0
1000,2,0,806,1,1,1,4316.62,24633.4,1318.41,52.1883,0.731635,1221.56,278325,275.293,28.9996,0.516154,245.682,69.7179,23.1887,0.0718272,46.4574,345.011,0,0,0
1000,2,0,807,1,1,1,4336.52,18657.4,1312.69,46.3844,0.482746,1221.72,278327,133.823,23.1957,0.267264,110.36,131.077,23.1887,0.0718272,107.817,264.9,0,0,0
1000,2,0,808,1,1,1,4315.27,18631.4,1312.89,46.3844,0.482746,1221.92,278324,107.314,23.1957,0.267264,83.851,130.8,23.1887,0.0718272,107.539,238.113,0,0,0
1000,2,0,809,1,1,1,4326.47,18677.3,1312.75,46.3844,0.517824,1221.74,278326,121.362,23.1957,0.302342,97.8635,124.454,23.1887,0.0718272,101.193,245.815,0,0,0
1000,2,0,810,1,1,1,4316.94,18649.3,1312.73,46.3844,0.482746,1221.76,278327,120.624,23.1957,0.267264,97.1614,129.26,23.1887,0.0718272,106,249.884,0,0,0
1000,2,0,811,1,1,1,4323.89,18645.8,1312.73,46.3844,0.482746,1221.76,278327,131.903,23.1957,0.267264,108.44,124.557,23.1887,0.0718272,101.296,256.459,0,0,0
1000,2,0,812,1,1,1,4325.11,24655.6,1318.39,52.1883,0.571277,1221.7,278325,286.638,28.9996,0.355795,257.218,96.0373,23.1887,0.0718272,72.7768,382.675,0,0,0
1000,2,0,813,1,1,1,4343.73,18692.1,1312.57,46.3844,0.517824,1221.56,278329,128.354,23.1957,0.267264,104.891,99.996,23.1887,0.106906,76.7004,228.35,0,0,0
1000,2,0,814,1,1,1,4332.64,18656.5,1312.71,46.3844,0.517824,1221.7,278327,68.1181,23.1957,0.302342,44.6201,124.192,23.1887,0.0718272,100.932,192.31,0,0,0
1000,2,0,815,1,1,1,4316.94,18650.6,1312.79,46.3844,0.482746,1221.82,278326,131.246,23.1957,0.267264,107.783,71.88,23.1887,0.0718272,48.6195,203.126,0,0,0
1000,2,0,816,1,1,1,4324.04,18645.4,1312.75,46.3844,0.678182,1221.58,278326,116.752,23.1957,0.462701,93.0934,131.855,23.1887,0.0718272,108.595,248.607,0,0,0
1000,2,0,817,1,1,1,4336.71,18675.8,1312.74,46.3844,0.517824,1221.74,278326,117.494,23.1957,0.302342,93.9958,132.409,23.1887,0.0718272,109.149,249.903,0,0,0
1000,2,0,818,1,1,1,4378.4,18742.7,1312.73,46.3844,0.482746,1221.76,278327,122.491,23.1957,0.267264,99.0276,136.329,23.1887,0.0718272,113.069,258.82,0,0,0
1000,2,0,819,1,1,1,4358.41,18673.2,1312.94,46.3844,0.6264,1221.83,278322,68.9223,23.1957,0.267264,45.4593,119.991,23.1887,0.0718272,96.7301,188.913,0,0,0
1000,2,0,820,1,1,1,4320.26,18642.1,1312.73,46.406,0.519494,1221.7,278327,84.686,23.2173,0.304013,61.1647,123.245,23.1887,0.0718272,99.9841,207.931,0,0,0
1000,2,0,821,1,1,1,4323.85,18684.9,1312.71,46.3844,0.482746,1221.74,278327,128.701,23.1957,0.267264,105.238,80.2489,23.1887,0.0718272,56.9884,208.95,0,0,0
1000,2,0,822,1,1,1,4339.65,18664.8,1312.76,46.3844,0.552902,1221.72,278326,100.489,23.1957,0.302342,76.991,134.19,23.1887,0.106906,110.894,234.679,0,0,0
1000,2,0,823,1,1,1,4331.98,18647.7,1312.77,46.3844,0.482746,1221.8,278326,67.3828,23.1957,0.267264,43.9198,124.1,23.1887,0.0718272,100.84,191.483,0,0,0
1000,2,0,824,1,1,1,4336.94,18679,1312.86,46.3844,0.517824,1221.86,278324,129.011,23.1957,0.267264,105.548,123.458,23.1887,0.106906,100.163,252.47,0,0,0
1000,2,0,825,1,1,1,4316.62,24646.6,1318.18,52.1883,0.801792,1221.26,278328,201.525,28.9996,0.58631,171.627,29.5647,23.1887,0.0718272,6.30417,231.09,0,0,0
1000,2,0,826,1,1,1,4318.7,18654.5,1312.63,46.3844,0.713261,1221.43,278328,120.239,23.1957,0.497779,96.546,132.577,23.1887,0.0718272,109.317,252.817,0,0,0
1000,2,0,827,1,1,1,4320.08,18644.1,1312.79,46.3844,0.482746,1221.82,278326,71.5591,23.1957,0.267264,48.0961,121.055,23.1887,0.0718272,97.7949,192.614,0,0,0
1000,2,0,828,1,1,1,4349.4,18689.7,1312.73,46.3844,0.6264,1221.62,278326,75.2896,23.1957,0.267264,51.8266,122.293,23.1887,0.0718272,99.033,197.583,0,0,0
1000,2,0,829,1,1,1,4334.86,18653.3,1312.71,46.3844,0.517824,1221.7,278327,81.8374,23.1957,0.267264,58.3745,120.659,23.1887,0.106906,97.3635,202.497,0,0,0
1000,2,0,830,1,1,1,4363.81,18709.4,1312.53,46.3844,0.552902,1221.49,278330,120.529,23.1957,0.267264,97.0658,131.81,23.1887,0.141984,108.479,252.339,0,0,0
1000,2,0,831,1,1,2,10317.7,24656,1335.33,69.5741,0.714931,1221.64,278324,120.993,23.1957,0.462701,97.3347,145.659,46.3784,0.108576,99.172,266.652,1,0,0
1000,2,0,832,1,1,1,4318.97,24663.4,1318.59,52.1883,0.696557,1221.78,278322,245.676,28.9996,0.481075,216.009,43.8334,23.1887,0.0718272,20.5729,289.509,0,0,0
1000,2,0,833,1,1,1,4330.09,18677.1,1312.73,46.3844,0.713261,1221.53,278326,122.731,23.1957,0.462701,99.0727,127.967,23.1887,0.106906,104.671,250.698,0,0,0
1000,2,0,834,1,1,1,4332.97,24653.2,1318.25,52.1883,0.840211,1221.3,278327,275.122,28.9996,0.481075,245.545,126.957,23.1887,0.0718272,103.697,402.079,0,0,0
1000,2,0,835,1,1,1,4330.76,18652.6,1312.69,46.3844,0.482746,1221.72,278327,122.37,23.1957,0.267264,98.9066,127.645,23.1887,0.0718272,104.384,250.014,0,0,0
1000,2,0,836,1,0,0,-1,-1,1290.21,23.1957,0.337421,1221.88,278328,-1,-1,-1,-1,-1,-1,-1,-1,-1,0,0,0
1000,2,0,837,1,1,1,4336.52,18669.3,1312.86,46.3844,0.770054,1221.6,278323,117.148,23.1957,0.267264,93.6854,131.749,23.1887,0.0718272,108.488,248.897,0,0,0
1000,2,0,838,1,1,1,4359,18717.3,1313.1,46.3844,0.805133,1221.81,278319,131.342,23.1957,0.302342,107.844,125.959,23.1887,0.0718272,102.699,257.301,0,0,0
1000,2,0,839,1,1,1,4320.58,18662.5,1312.75,46.3844,0.482746,1221.78,278326,130.024,23.1957,0.267264,106.561,71.649,23.1887,0.0718272,48.3885,201.673,0,0,0
1000,2,0,840,1,1,1,4331.35,18687.8,1312.69,46.3844,0.482746,1221.72,278327,121.251,23.1957,0.267264,97.7877,129.442,23.1887,0.0718272,106.182,250.693,0,0,0
1000,2,0,841,1,1,1,4319.5,18658.9,1312.63,46.3844,0.482746,1221.66,278328,122.617,23.1957,0.267264,99.1539,69.68,23.1887,0.0718272,46.4195,192.297,0,0,0
1000,2,0,842,1,1,1,4329.99,18664.1,1312.72,46.3844,0.517824,1221.72,278326,129.58,23.1957,0.267264,106.117,130.867,23.1887,0.106906,107.571,260.447,0,0,0
1000,2,0,843,1,1,1,4322.5,18643.9,1312.77,46.3844,0.482746,1221.8,278326,128.623,23.1957,0.267264,105.16,70.6546,23.1887,0.0718272,47.394,199.278,0,0,0
1000,2,0,844,1,1,1,4337.35,18675.4,1312.72,46.3844,0.587981,1221.64,278326,115.182,23.1957,0.372499,91.6135,130.884,23.1887,0.0718272,107.624,246.066,0,0,0
1000,2,0,845,1,1,1,4319.5,18705.7,1312.77,46.3844,0.482746,1221.8,278326,124.795,23.1957,0.267264,101.332,76.3433,23.1887,0.0718272,53.0828,201.139,0,0,0
1000,2,0,846,1,1,1,4323.44,18637.3,1312.79,46.3844,0.482746,1221.82,278326,70.2867,23.1957,0.267264,46.8237,122.019,23.1887,0.0718272,98.7587,192.306,0,0,0
1000,2,0,847,1,1,1,4338.12,18669.4,1312.92,46.3844,0.482746,1221.95,278323,124.319,23.1957,0.267264,100.856,124.669,23.1887,0.0718272,101.408,248.987,0,0,0
1000,2,0,848,1,1,1,4327.38,18647.1,1312.79,46.3844,0.482746,1221.82,278326,125.068,23.1957,0.267264,101.605,68.2776,23.1887,0.0718272,45.0171,193.345,0,0,0
1000,2,0,849,1,1,1,4314.38,18629.5,1312.98,46.3844,0.482746,1222.01,278322,126.485,23.1957,0.267264,103.022,80.0774,23.1887,0.0718272,56.8169,206.562,0,0,0
1000,2,0,850,1,1,1,4323.5,18693.6,1313,46.3844,0.482746,1222.03,278322,133.92,23.1957,0.267264,110.457,127.748,23.1887,0.0718272,104.487,261.668,0,0,0
1000,2,0,851,1,1,1,4407.08,18732.5,1312.67,46.3844,0.482746,1221.7,278328,122.832,23.1957,0.267264,99.3687,130.792,23.1887,0.0718272,107.532,253.624,0,0,0
1000,2,0,852,1,1,1,4369.21,18684.4,1312.65,46.3844,0.482746,1221.68,278328,73.0264,23.1957,0.267264,49.5634,121.442,23.1887,0.0718272,98.1811,194.468,0,0,0
1000,2,0,853,1,1,1,4316.08,18659.9,1312.62,46.3844,0.517824,1221.62,278328,118.891,23.1957,0.302342,95.3927,133.146,23.1887,0.0718272,109.885,252.037,0,0,0
1000,2,0,854,1,1,1,4334.98,18709.8,1312.99,46.3844,0.908698,1221.6,278321,134.494,23.1957,0.693216,110.605,129.096,23.1887,0.0718272,105.835,263.59,0,0,0
1000,2,0,855,1,1,1,4335.52,24738,1318.72,52.1883,1.15759,1221.45,278318,277.261,28.9996,0.942106,247.216,73.4141,23.1887,0.0718272,50.1536,350.675,0,0,0
1000,2,0,856,1,1,1,4315.98,18635.1,1312.85,46.3844,0.482746,1221.88,278325,130.652,23.1957,0.267264,107.189,126.399,23.1887,0.0718272,103.139,257.051,0,0,0
1000,2,0,857,1,1,1,4347.61,18686.3,1312.79,46.3844,0.482746,1221.82,278326,130.542,23.1957,0.267264,107.079,124.759,23.1887,0.0718272,101.498,255.301,0,0,0
1000,2,0,858,1,1,1,4370.03,18722.2,1312.92,46.3844,0.805133,1221.62,278322,120.892,23.1957,0.302342,97.3942,133.444,23.1887,0.0718272,110.183,254.336,0,0,0
1000,2,0,859,1,1,1,4318.22,24637,1318.51,52.1883,0.696557,1221.7,278323,286.19,28.9996,0.481075,256.646,97.2501,23.1887,0.0718272,73.9896,383.441,0,0,0
1000,2,0,860,1,1,1,4327.02,18666.9,1312.87,46.3844,0.856915,1221.53,278323,69.0716,23.1957,0.497779,45.3781,124.01,23.1887,0.0718272,100.749,193.081,0,0,0
1000,2,0,861,1,1,1,4352.71,18686,1312.39,46.3844,0.552902,1221.35,278332,118.926,23.1957,0.267264,95.4631,130.615,23.1887,0.141984,107.285,249.541,0,0,0
1000,2,0,862,1,1,1,4328.84,18667.2,1312.77,46.3844,0.482746,1221.8,278326,134.146,23.1957,0.267264,110.683,130.724,23.1887,0.0718272,107.463,264.87,0,0,0
1000,2,0,863,1,1,1,4319.16,18643.3,1312.75,46.3844,0.482746,1221.78,278326,130.816,23.1957,0.267264,107.353,68.3643,23.1887,0.0718272,45.1038,199.18,0,0,0
1000,2,0,864,1,1,1,4319.05,18685.3,1312.9,46.3844,0.482746,1221.93,278324,129.168,23.1957,0.267264,105.705,66.897,23.1887,0.0718272,43.6365,196.065,0,0,0
1000,2,0,865,1,1,1,4328.91,18664.5,1312.71,46.3844,0.482746,1221.74,278327,129.446,23.1957,0.267264,105.983,122.29,23.1887,0.0718272,99.0294,251.736,0,0,0
1000,2,0,866,1,1,1,4337.74,18655.8,1312.63,46.3844,0.517824,1221.62,278328,72.4398,23.1957,0.267264,48.9769,121.309,23.1887,0.106906,98.0133,193.749,0,0,0
1000,2,0,867,1,1,1,4355.92,18670.7,1312.75,46.3844,0.6264,1221.64,278326,95.2363,23.1957,0.267264,71.7733,130.953,23.1887,0.0718272,107.692,226.189,0,0,0
1000,2,0,868,1,1,1,4318.22,18656,1312.84,46.3844,0.482746,1221.87,278325,126.05,23.1957,0.267264,102.587,67.8752,23.1887,0.0718272,44.6147,193.925,0,0,0
1000,2,0,869,1,1,1,4324.81,18742.6,1312.78,46.3844,0.517824,1221.78,278325,116.084,23.1957,0.302342,92.5862,56.4779,23.1887,0.0718272,33.2173,172.562,0,0,0
1000,2,0,870,1,1,1,4349.48,18673.1,1312.59,46.3844,0.517824,1221.59,278329,121.689,23.1957,0.267264,98.2262,72.8861,23.1887,0.106906,49.5905,194.575,0,0,0
1000,2,0,871,1,1,1,4320.56,18662.2,1312.92,46.3844,0.517824,1221.92,278323,130.748,23.1957,0.302342,107.25,71.8223,23.1887,0.0718272,48.5618,202.571,0,0,0
1000,2,0,872,1,1,1,4320.73,18648.5,1312.75,46.3844,0.482746,1221.78,278326,104.453,23.1957,0.267264,80.9904,53.3574,23.1887,0.0718272,30.0968,157.811,0,0,0
1000,2,0,873,1,1,1,4313.74,18633.9,1312.69,46.3844,0.482746,1221.72,278327,72.0753,23.1957,0.267264,48.6123,119.016,23.1887,0.0718272,95.7555,191.091,0,0,0
1000,2,0,874,1,1,1,4335.26,18681.4,1312.94,46.3844,0.50112,1221.95,278323,123.348,23.1957,0.267264,99.8849,70.7271,23.1887,0.0902016,47.4482,194.075,0,0,0
1000,2,0,875,1,1,1,4320.3,18635.4,1312.67,46.3844,0.482746,1221.7,278328,74.9647,23.1957,0.267264,51.5018,123.351,23.1887,0.0718272,100.091,198.316,0,0,0
1000,2,0,876,1,1,1,4329.8,18688.7,1312.71,46.3844,0.482746,1221.74,278327,131.491,23.1957,0.267264,108.028,84.1599,23.1887,0.0718272,60.8994,215.651,0,0,0
1000,2,0,877,1,1,1,4321.96,18647.2,1312.7,46.3844,0.6264,1221.58,278327,76.8634,23.1957,0.267264,53.4004,120.98,23.1887,0.0718272,97.7191,197.843,0,0,0
1000,2,0,878,1,1,1,4354.02,18670,1312.61,46.3844,0.482746,1221.64,278329,69.9925,23.1957,0.267264,46.5295,122.811,23.1887,0.0718272,99.551,192.804,0,0,0
1000,2,0,879,1,1,2,10318.3,24647.4,1335.46,69.5741,0.806803,1221.68,278321,68.5523,23.1957,0.267264,45.0893,282.728,46.3784,0.395885,235.954,351.281,1,0,0
1000,2,0,880,1,1,1,4325.32,18666.9,1312.98,46.3844,0.482746,1222.01,278322,130.728,23.1957,0.267264,107.265,130.915,23.1887,0.0718272,107.655,261.643,0,0,0
1000,2,0,881,1,1,1,4325.06,18701.3,1312.93,46.3844,0.552902,1221.89,278323,130.528,23.1957,0.302342,107.03,130.501,23.1887,0.106906,107.205,261.029,0,0,0
1000,2,0,882,1,1,1,4316.59,24634.6,1318.27,52.1883,0.766714,1221.39,278327,153.107,28.9996,0.551232,123.105,121.976,23.1887,0.0718272,98.7153,275.082,0,0,0
1000,2,0,883,1,1,1,4318.29,24636.3,1318.68,52.1883,0.731635,1221.84,278320,271.593,28.9996,0.516154,241.971,119.974,23.1887,0.0718272,96.7138,391.567,0,0,0
1000,2,0,884,1,0,0,-1,-1,1290.14,23.1957,0.267264,1221.87,278330,-1,-1,-1,-1,-1,-1,-1,-1,-1,0,0,0
1000,2,0,885,1,1,1,4315.02,18633.1,1312.77,46.3844,0.482746,1221.8,278326,125.802,23.1957,0.267264,102.339,67.8138,23.1887,0.0718272,44.5533,193.616,0,0,0
1000,2,0,886,1,1,1,4319.94,18661.8,1312.69,46.3844,0.678182,1221.53,278327,120.609,23.1957,0.462701,96.9502,132.841,23.1887,0.0718272,109.58,253.449,0,0,0
1000,2,0,887,1,1,1,4318.92,18637.5,1312.65,46.3844,0.517824,1221.64,278328,72.0508,23.1957,0.302342,48.5527,121.949,23.1887,0.0718272,98.6883,194,0,0,0
1000,2,0,888,1,1,1,4319.82,18650.2,1312.71,46.3844,0.482746,1221.74,278327,111.952,23.1957,0.267264,88.4893,56.4742,23.1887,0.0718272,33.2137,168.427,0,0,0
1000,2,0,889,1,1,1,4351.31,18678.4,1312.72,46.3844,0.571277,1221.66,278326,70.6296,23.1957,0.267264,47.1666,122.97,23.1887,0.160358,99.6214,193.6,0,0,0
1000,2,0,890,1,1,1,4324.12,18645.1,1312.55,46.3844,0.517824,1221.54,278330,73.6534,23.1957,0.302342,50.1554,119.954,23.1887,0.0718272,96.694,193.608,0,0,0
1000,2,0,891,0,0,0,-1,-1,1290.24,23.206,0.551232,1221.68,278327,-1,-1,-1,-1,-1,-1,-1,-1,-1,0,0,0
1000,2,0,892,1,1,1,4329.09,18660.9,1312.6,46.3844,0.552902,1221.56,278328,122.647,23.1957,0.302342,99.1485,127.469,23.1887,0.106906,104.173,250.115,0,0,0
1000,2,0,893,1,1,1,4323.5,18687.4,1312.86,46.3844,0.517824,1221.86,278324,102.81,23.1957,0.302342,79.3119,49.3615,23.1887,0.0718272,26.101,152.172,0,0,0
1000,2,0,894,1,1,1,4327.11,18658.3,1312.62,46.3844,0.552902,1221.58,278328,123.272,23.1957,0.337421,99.7387,71.1491,23.1887,0.0718272,47.8886,194.421,0,0,0
1000,2,0,895,1,0,0,-1,-1,1290.22,23.1957,0.267264,1221.95,278328,-1,-1,-1,-1,-1,-1,-1,-1,-1,0,0,0
1000,2,0,896,1,1,1,4320.68,18658.9,1312.81,46.3844,0.482746,1221.84,278325,86.0661,23.1957,0.267264,62.6031,120.568,23.1887,0.0718272,97.3076,206.634,0,0,0
1000,2,0,897,1,1,1,4342.37,18660.3,1312.69,46.3844,0.661478,1221.55,278327,84.2639,23.1957,0.302342,60.7658,121.378,23.1887,0.0718272,98.118,205.642,0,0,0
1000,2,0,898,1,1,1,4319.55,18662.1,1312.9,46.3844,0.873619,1221.54,278323,69.4449,23.1957,0.658138,45.5911,120.108,23.1887,0.0718272,96.8474,189.553,0,0,0
1000,2,0,899,1,1,1,4356.05,18707.8,1312.8,46.3844,0.536198,1221.78,278325,119.871,23.1957,0.302342,96.3727,130.466,23.1887,0.0902016,107.187,250.337,0,0,0
1000,2,0,900,1,1,1,4322.44,18654.2,1312.73,46.3844,0.482746,1221.76,278327,129.818,23.1957,0.267264,106.355,130.906,23.1887,0.0718272,107.645,260.724,0,0,0
1000,2,0,901,1,1,1,4315.34,18640.7,1312.84,46.3844,0.482746,1221.87,278325,123.875,23.1957,0.267264,100.412,70.7737,23.1887,0.0718272,47.5132,194.648,0,0,0
1000,2,0,902,1,1,1,4318.95,18635,1312.69,46.3844,0.482746,1221.72,278327,82.4384,23.1957,0.267264,58.9754,119.128,23.1887,0.0718272,95.8674,201.566,0,0,0
1000,2,0,903,1,1,1,4338.41,18702.1,1312.85,46.3844,0.661478,1221.7,278324,121.599,23.1957,0.267264,98.136,129.133,23.1887,0.106906,105.837,250.732,0,0,0
1000,2,0,904,1,0,0,-1,-1,1290.12,23.1957,0.267264,1221.85,278330,-1,-1,-1,-1,-1,-1,-1,-1,-1,0,0,0
1000,2,0,905,1,1,1,4320.04,18647.3,1312.63,46.3844,0.482746,1221.66,278328,120.859,23.1957,0.267264,97.396,132.565,23.1887,0.0718272,109.304,253.424,0,0,0
1000,2,0,906,1,0,0,-1,-1,1290.25,23.1957,0.302342,1221.95,278327,-1,-1,-1,-1,-1,-1,-1,-1,-1,0,0,0
1000,2,0,907,1,1,1,4335.62,18689,1312.83,46.3844,0.482746,1221.86,278325,130.56,23.1957,0.267264,107.097,123.734,23.1887,0.0718272,100.473,254.294,0,0,0
1000,2,0,908,1,1,1,4331.98,18704.9,1312.74,46.3844,0.517824,1221.74,278326,136.09,23.1957,0.267264,112.627,128.187,23.1887,0.106906,104.891,264.277,0,0,0
1000,2,0,909,1,1,1,4326.18,18644.3,1312.69,46.3844,0.482746,1221.72,278327,74.2139,23.1957,0.267264,50.751,122.396,23.1887,0.0718272,99.1359,196.61,0,0,0
1000,2,0,910,1,1,1,4333,18669.4,1313,46.3844,0.678182,1221.84,278321,66.8653,23.1957,0.462701,43.2069,122.324,23.1887,0.0718272,99.0637,189.189,0,0,0
1000,2,0,911,1,1,1,4334.73,18663.8,1312.81,46.3844,0.482746,1221.84,278325,85.5625,23.1957,0.267264,62.0996,121.323,23.1887,0.0718272,98.062,206.885,0,0,0
1000,2,0,912,1,1,1,4337.56,24657.6,1318.81,52.1883,1.3881,1221.31,278316,287.238,28.9996,1.10246,257.076,93.0429,23.1887,0.141984,69.7122,380.281,0,0,0
1000,2,0,913,1,1,1,4358.37,18682.7,1312.73,46.3844,0.482746,1221.76,278327,128.703,23.1957,0.267264,105.24,121.07,23.1887,0.0718272,97.8093,249.772,0,0,0
1000,2,0,914,1,1,1,4333.43,18659,1312.63,46.3844,0.482746,1221.66,278328,131.96,23.1957,0.267264,108.497,124.943,23.1887,0.0718272,101.682,256.903,0,0,0
1000,2,0,915,1,1,1,4314.7,18682.7,1312.65,46.3844,0.482746,1221.68,278328,131.231,23.1957,0.267264,107.768,83.1293,23.1887,0.0718272,59.8688,214.361,0,0,0
1000,2,0,916,1,1,1,4335.49,18656,1312.73,46.3844,0.517824,1221.72,278326,101.141,23.1957,0.302342,77.6425,133.862,23.1887,0.0718272,110.602,235.003,0,0,0
1000,2,0,917,1,1,1,4347.73,18662.9,1312.57,46.3844,0.482746,1221.6,278329,130.197,23.1957,0.267264,106.734,121.781,23.1887,0.0718272,98.5204,251.978,0,0,0
1000,2,0,918,1,1,1,4342.63,18673.8,1312.89,46.3844,0.644774,1221.76,278323,82.5232,23.1957,0.267264,59.0603,119.809,23.1887,0.0902016,96.5297,202.332,0,0,0
1000,2,0,919,1,1,1,4321.35,18649.9,1312.83,46.3844,0.482746,1221.86,278325,133.26,23.1957,0.267264,109.797,130.697,23.1887,0.0718272,107.436,263.956,0,0,0
1000,2,0,920,1,0,0,-1,-1,1290.29,23.1957,0.337421,1221.95,278326,-1,-1,-1,-1,-1,-1,-1,-1,-1,0,0,0
1000,2,0,921,1,1,1,4338.43,18657.3,1312.79,46.3844,0.482746,1221.82,278326,69.9997,23.1957,0.267264,46.5368,121.025,23.1887,0.0718272,97.7642,191.024,0,0,0
1000,2,0,922,1,1,1,4315.66,18645.9,1312.79,46.3844,0.50112,1221.8,278325,130.246,23.1957,0.267264,106.783,87.4612,23.1887,0.0902016,64.1823,217.707,0,0,0
1000,2,0,923,1,1,1,4349.61,18666.1,1312.61,46.3844,0.482746,1221.64,278329,70.9833,23.1957,0.267264,47.5204,119.233,23.1887,0.0718272,95.972,190.216,0,0,0
1000,2,0,924,1,0,0,-1,-1,1290.22,23.1957,0.302342,1221.91,278328,-1,-1,-1,-1,-1,-1,-1,-1,-1,0,0,0
1000,2,0,925,1,1,1,4322.2,18690.1,1312.79,46.3844,0.517824,1221.78,278325,130.992,23.1957,0.302342,107.494,72.3475,23.1887,0.0718272,49.087,203.339,0,0,0
1000,2,0,926,1,1,1,4339.01,18651.2,1312.92,46.3844,0.482746,1221.95,278323,132.029,23.1957,0.267264,108.566,125.871,23.1887,0.0718272,102.61,257.9,0,0,0
1000,2,0,927,1,1,1,4347.42,18697.1,1312.86,46.3844,0.75001,1221.62,278323,80.9905,23.1957,0.497779,57.297,121.419,23.1887,0.108576,98.1216,202.409,0,0,0
1000,2,0,928,1,1,1,4319.67,18638,1312.73,46.3844,0.482746,1221.76,278327,129.962,23.1957,0.267264,106.499,81.1495,23.1887,0.0718272,57.889,211.112,0,0,0
1000,2,0,929,1,1,1,4402.35,18729.4,1312.83,46.3844,0.678182,1221.67,278324,72.8554,23.1957,0.462701,49.197,121.727,23.1887,0.0718272,98.4663,194.582,0,0,0
1000,2,0,930,1,0,0,-1,-1,1290.25,23.1957,0.302342,1221.95,278327,-1,-1,-1,-1,-1,-1,-1,-1,-1,0,0,0
1000,2,0,931,1,1,1,4321.65,18636.9,1312.73,46.3844,0.482746,1221.76,278327,76.9987,23.1957,0.267264,53.5358,120.824,23.1887,0.0718272,97.5639,197.823,0,0,0
1000,2,0,932,1,1,1,4333.64,18680,1312.69,46.3844,0.482746,1221.72,278327,122.077,23.1957,0.267264,98.6143,125.25,23.1887,0.0718272,101.989,247.327,0,0,0
1000,2,0,933,1,1,1,4321.19,18687.5,1312.92,46.3844,0.821837,1221.61,278322,125.269,23.1957,0.462701,101.61,124.259,23.1887,0.0718272,100.998,249.528,0,0,0
1000,2,0,934,1,1,1,4324.17,18664.9,1312.75,46.3844,0.678182,1221.58,278326,130.311,23.1957,0.462701,106.653,72.0009,23.1887,0.0718272,48.7404,202.312,0,0,0
1000,2,0,935,1,1,1,4322.12,18640.6,1312.49,46.3844,0.517824,1221.49,278331,86.7158,23.1957,0.267264,63.2528,126.256,23.1887,0.106906,102.96,212.972,0,0,0
1000,2,0,936,1,1,1,4316.62,18643.6,1312.75,46.3844,0.482746,1221.78,278326,119.529,23.1957,0.267264,96.0659,130.09,23.1887,0.0718272,106.83,249.619,0,0,0
1000,2,0,937,1,1,1,4393.03,18747.6,1312.9,46.3844,0.696557,1221.72,278323,122.826,23.1957,0.267264,99.3633,123.349,23.1887,0.141984,100.018,246.175,0,0,0
1000,2,0,938,1,1,1,4318.54,18630.5,1312.71,46.3844,0.482746,1221.74,278327,81.4945,23.1957,0.267264,58.0315,120.94,23.1887,0.0718272,97.6794,202.434,0,0,0
1000,2,0,939,1,1,1,4327.75,18643.5,1312.93,46.3844,0.482746,1221.96,278323,120.816,23.1957,0.267264,97.3527,129.487,23.1887,0.0718272,106.227,250.303,0,0,0
1000,2,0,940,1,1,1,4319.91,18638.2,1312.65,46.3844,0.482746,1221.68,278328,123.326,23.1957,0.267264,99.8632,127.399,23.1887,0.0718272,104.139,250.725,0,0,0
1000,2,0,941,1,1,1,4326.66,24681.6,1318.45,52.1883,0.571277,1221.76,278324,285.026,28.9996,0.355795,255.598,111.116,23.1887,0.0718272,87.8559,396.142,0,0,0
1000,2,0,942,1,1,1,4320.26,18661.4,1312.58,46.3844,0.552902,1221.54,278329,119.673,23.1957,0.337421,96.1399,130.013,23.1887,0.0718272,106.752,249.686,0,0,0
1000,2,0,943,1,1,1,4337.25,18670.8,1312.84,46.3844,0.517824,1221.84,278324,127.838,23.1957,0.267264,104.375,101.303,23.1887,0.106906,78.0071,229.141,0,0,0
1000,2,0,944,1,1,1,4316.94,18635.3,1312.65,46.3844,0.482746,1221.68,278328,120.193,23.1957,0.267264,96.7301,129.464,23.1887,0.0718272,106.203,249.657,0,0,0
1000,2,0,945,1,1,1,4314.38,18652.5,1312.65,46.3844,0.482746,1221.68,278328,130.125,23.1957,0.267264,106.662,70.068,23.1887,0.0718272,46.8075,200.193,0,0,0
1000,2,0,946,1,1,1,4323.53,18665.6,1312.7,46.3844,0.517824,1221.7,278327,74.9312,23.1957,0.302342,51.4332,120.507,23.1887,0.0718272,97.2462,195.438,0,0,0
1000,2,0,947,1,1,1,4319.18,18698.1,1312.69,46.3844,0.482746,1221.72,278327,125.373,23.1957,0.267264,101.91,71.5245,23.1887,0.0718272,48.264,196.897,0,0,0
1000,2,0,948,1,1,1,4333.83,18661.8,1312.96,46.3844,0.517824,1221.96,278322,130.071,23.1957,0.267264,106.608,87.3642,23.1887,0.106906,64.0686,217.435,0,0,0
1000,2,0,949,1,1,1,4313.74,18698.8,1312.79,46.3844,0.482746,1221.82,278326,131.206,23.1957,0.267264,107.743,103.737,23.1887,0.0718272,80.476,234.942,0,0,0
1000,2,0,950,1,1,1,4365.92,18724.4,1312.91,46.3844,0.517824,1221.91,278323,79.8431,23.1957,0.267264,56.3801,119.612,23.1887,0.106906,96.3168,199.455,0,0,0
1000,2,0,951,1,1,1,4317.46,18651,1312.8,46.3844,0.552902,1221.76,278325,127.912,23.1957,0.337421,104.379,69.5248,23.1887,0.0718272,46.2642,197.437,0,0,0
1000,2,0,952,1,1,1,4367.79,18697.5,1312.81,46.3844,0.6264,1221.7,278325,70.6098,23.1957,0.267264,47.1468,123.257,23.1887,0.0718272,99.9967,193.867,0,0,0
1000,2,0,953,1,1,1,4316.94,18637.7,1312.81,46.3844,0.482746,1221.84,278325,131.926,23.1957,0.267264,108.463,124.026,23.1887,0.0718272,100.766,255.952,0,0,0
1000,2,0,954,1,1,1,4319.27,24675.6,1318.41,52.1883,0.927072,1221.37,278324,287.279,28.9996,0.71159,257.502,84.3728,23.1887,0.0718272,61.1123,371.652,0,0,0
1000,2,0,955,1,1,1,4323.43,18653.4,1312.9,46.3844,0.50112,1221.91,278323,120.018,23.1957,0.267264,96.555,130.982,23.1887,0.0902016,107.703,251,0,0,0
1000,2,0,956,1,1,1,4392.22,18713.1,1312.86,46.3844,0.517824,1221.85,278324,120.89,23.1957,0.267264,97.4267,135.092,23.1887,0.106906,111.797,255.982,0,0,0
1000,2,0,957,1,1,1,4351.62,18667.7,1312.92,46.3844,0.6264,1221.8,278323,69.5792,23.1957,0.267264,46.1162,120.458,23.1887,0.0718272,97.1975,190.037,0,0,0
1000,2,0,958,1,1,1,4355.46,18740.6,1312.55,46.3844,0.482746,1221.58,278330,136.005,23.1957,0.267264,112.542,129.854,23.1887,0.0718272,106.593,265.859,0,0,0
1000,2,0,959,1,1,1,4378.75,18721.4,1313.17,46.3844,0.965491,1221.72,278318,129.526,23.1957,0.462701,105.868,122.219,23.1887,0.0718272,98.959,251.746,0,0,0
1000,2,0,960,1,1,1,4318.22,18647.1,1312.96,46.3844,0.482746,1221.99,278323,95.7308,23.1957,0.267264,72.2678,130.433,23.1887,0.0718272,107.173,226.164,0,0,0
1000,2,0,961,1,1,1,4318.95,18670.6,1312.73,46.3844,0.482746,1221.76,278327,129.565,23.1957,0.267264,106.102,65.3123,23.1887,0.0718272,42.0518,194.878,0,0,0
1000,2,0,962,1,1,1,4321.35,18636.9,1312.67,46.3844,0.482746,1221.7,278328,74.3854,23.1957,0.267264,50.9224,122.156,23.1887,0.0718272,98.8958,196.542,0,0,0
1000,2,0,963,1,1,1,4324.78,24677.5,1318.16,52.1883,0.731635,1221.32,278329,223.241,28.9996,0.516154,193.473,129.06,23.1887,0.0718272,105.799,352.3,0,0,0
1000,2,0,964,1,1,1,4317.9,18652.3,1312.75,46.3844,0.482746,1221.78,278326,131.686,23.1957,0.267264,108.223,119.792,23.1887,0.0718272,96.5315,251.478,0,0,0
1000,2,0,965,1,1,1,4375.73,18696.2,1312.85,46.3844,0.6264,1221.74,278324,131.029,23.1957,0.267264,107.566,121.898,23.1887,0.0718272,98.6377,252.927,0,0,0
1000,2,0,966,1,1,1,4325.19,18636.5,1312.73,46.3844,0.482746,1221.76,278327,73.8259,23.1957,0.267264,50.3629,122.062,23.1887,0.0718272,98.802,195.888,0,0,0
1000,2,0,967,1,1,1,4323.24,18707.2,1312.77,46.3844,0.856915,1221.43,278325,123.281,23.1957,0.497779,99.5871,129.912,23.1887,0.0718272,106.651,253.192,0,0,0
1000,2,0,968,1,1,1,4318.64,18672.4,1313.07,46.3844,0.678182,1221.91,278320,129.311,23.1957,0.462701,105.653,110.999,23.1887,0.0718272,87.7385,240.31,0,0,0
1000,2,0,969,1,1,1,4317.26,18634.6,1312.84,46.3844,0.517824,1221.84,278324,121.414,23.1957,0.302342,97.9158,69.3298,23.1887,0.0718272,46.0693,190.744,0,0,0
1000,2,0,970,1,1,1,4320.9,18738.3,1312.85,46.3844,0.678182,1221.68,278324,133.468,23.1957,0.462701,109.809,125.694,23.1887,0.0718272,102.433,259.162,0,0,0
1000,2,0,971,1,1,1,4315.02,18656.4,1312.95,46.3952,0.50112,1221.95,278323,124.687,23.2065,0.285638,101.195,75.1034,23.1887,0.0718272,51.8429,199.791,0,0,0
1000,2,0,972,1,1,1,4356.06,24707.6,1318.58,52.1883,0.910368,1221.56,278321,265.884,28.9996,0.551232,236.205,125.04,23.1887,0.0718272,101.78,390.924,0,0,0
1000,2,0,973,1,1,1,4328.72,18658.4,1312.9,46.3844,0.482746,1221.93,278324,124.902,23.1957,0.267264,101.439,68.6404,23.1887,0.0718272,45.3799,193.542,0,0,0
1000,2,0,974,1,1,1,4331.68,18699.6,1312.58,46.3844,0.552902,1221.54,278329,136.281,23.1957,0.267264,112.818,128.523,23.1887,0.141984,105.193,264.804,0,0,0
1000,2,0,975,1,1,1,4348.78,18673.4,1312.77,46.3844,0.482746,1221.8,278326,85.5607,23.1957,0.267264,62.0978,120.936,23.1887,0.0718272,97.6758,206.497,0,0,0
1000,2,0,976,1,1,1,4315.66,18708.6,1312.59,46.3844,0.517824,1221.58,278329,133.602,23.1957,0.302342,110.104,120.911,23.1887,0.0718272,97.6505,254.513,0,0,0
1000,2,0,977,1,1,1,4364.09,18685.1,1312.8,46.3952,0.932083,1221.37,278324,82.0958,23.2065,0.285638,58.6037,119.538,23.1887,0.0718272,96.2771,201.633,0,0,0
1000,2,0,978,1,1,1,4315.02,30641.6,1324.18,57.9922,0.928742,1221.51,278322,435.558,34.8035,0.694886,399.604,70.6765,23.1887,0.0902016,47.3977,506.234,0,0,0
1000,2,0,979,1,1,3,16357.4,30671.2,1357.98,92.7639,0.843552,1221.68,278320,73.2484,23.1957,0.267264,49.7854,459.29,69.5682,0.288979,389.433,532.538,2,0,0
1000,2,0,980,1,0,0,-1,-1,1290.49,23.1957,0.267264,1222.22,278323,-1,-1,-1,-1,-1,-1,-1,-1,-1,0,0,0
1000,2,0,981,1,1,1,4338.68,18652.5,1312.98,46.3844,0.50112,1221.99,278322,109.624,23.1957,0.267264,86.1612,132.09,23.1887,0.0902016,108.811,241.714,0,0,0
1000,2,0,982,1,1,1,4320.01,24654.8,1318.57,52.1883,0.731635,1221.72,278322,281.488,28.9996,0.516154,251.892,78.944,23.1887,0.0718272,55.6835,360.432,0,0,0
1000,2,0,983,1,1,1,4320.39,18643.7,1312.88,46.3844,0.517824,1221.88,278324,128.686,23.1957,0.267264,105.223,66.2643,23.1887,0.106906,42.9687,194.951,0,0,0
1000,2,0,984,1,1,1,4321.73,18683.8,1312.77,46.3844,0.482746,1221.8,278326,131.399,23.1957,0.267264,107.936,125.501,23.1887,0.0718272,102.24,256.9,0,0,0
1000,2,0,985,1,1,1,4324.21,18649.5,1312.73,46.3844,0.482746,1221.76,278327,122.454,23.1957,0.267264,98.9915,126.001,23.1887,0.0718272,102.74,248.455,0,0,0
1000,2,0,986,1,1,1,4321.86,18666.8,1312.75,46.3844,0.482746,1221.78,278326,123.942,23.1957,0.267264,100.479,71.2104,23.1887,0.0718272,47.9499,195.152,0,0,0
1000,2,0,987,1,1,1,4338.13,18670.2,1312.73,46.3844,0.517824,1221.72,278326,129.446,23.1957,0.267264,105.983,122.305,23.1887,0.106906,99.0095,251.751,0,0,0
1000,2,0,988,1,1,1,4333.19,18660.5,1312.71,46.3844,0.678182,1221.54,278326,73.6369,23.1957,0.462701,49.9785,120.285,23.1887,0.0718272,97.0242,193.922,0,0,0
1000,2,0,989,1,1,1,4322.95,18659.6,1312.83,46.3844,0.482746,1221.86,278325,127.216,23.1957,0.267264,103.753,99.6072,23.1887,0.0718272,76.3466,226.823,0,0,0
1000,2,0,990,1,1,1,4315.02,30647.9,1324,57.9922,0.75001,1221.51,278325,385.142,34.8035,0.534528,349.202,41.4348,23.1887,0.0718272,18.1743,426.577,0,0,0
1000,2,0,991,1,1,1,4320.07,18648.3,1312.73,46.3844,0.482746,1221.76,278327,85.3532,23.1957,0.267264,61.8902,121.335,23.1887,0.0718272,98.0746,206.688,0,0,0
1000,2,0,992,1,1,1,4329.77,18685.8,1313.04,46.3844,0.856915,1221.7,278320,136.329,23.1957,0.497779,112.636,128.166,23.1887,0.0718272,104.906,264.496,0,0,0
1000,2,0,993,1,1,1,4353.79,18668,1312.77,46.3844,0.482746,1221.8,278326,70.1351,23.1957,0.267264,46.6721,119.797,23.1887,0.0718272,96.5369,189.933,0,0,0
1000,2,0,994,1,1,1,4411.62,18792.2,1312.81,46.3844,0.482746,1221.84,278325,122.837,23.1957,0.267264,99.3741,136.351,23.1887,0.0718272,113.091,259.188,0,0,0
1000,2,0,995,1,1,1,4320.71,18657.1,1312.85,46.3844,0.713261,1221.65,278324,131.301,23.1957,0.497779,107.608,125.58,23.1887,0.0718272,102.32,256.881,0,0,0
1000,2,0,996,1,1,1,4320.64,18667.8,1312.79,46.3844,0.678182,1221.62,278325,129.033,23.1957,0.462701,105.375,66.7833,23.1887,0.0718272,43.5228,195.817,0,0,0
1000,2,0,997,1,1,1,4326.25,18640.1,1312.76,46.3844,0.517824,1221.76,278326,133.096,23.1957,0.267264,109.633,129.898,23.1887,0.106906,106.602,262.993,0,0,0
1000,2,0,998,1,1,1,4315.34,18670.1,1312.91,46.3844,0.482746,1221.94,278323,124.878,23.1957,0.267264,101.415,78.6101,23.1887,0.0718272,55.3496,203.488,0,0,0
1000,2,0,999,1,1,1,4324.05,18679.5,1312.37,46.3844,0.552902,1221.33,278333,113.656,23.1957,0.337421,90.1227,130.09,23.1887,0.0718272,106.83,243.746,0,0,0
1000,2,0,1000,1,1,1,4324.65,18697.4,1312.79,46.3844,0.482746,1221.82,278326,128.842,23.1957,0.267264,105.379,93.7722,23.1887,0.0718272,70.5117,222.614,0,0,0
