N,seed,dutyCycle,devId,registered,authSuccess,attempts,latencyMs,e2eMs,fullEnergyMJ,fullCpuEnergyMJ,fullTxEnergyMJ,fullRxEnergyMJ,idleListeningMs,regEnergyMJ,regCpuEnergyMJ,regTxEnergyMJ,regRxEnergyMJ,authEnergyMJ,authCpuEnergyMJ,authTxEnergyMJ,authRxEnergyMJ,sessionEnergyMJ,fallbackUsed,replayRejected,desync
1000,1,0,1,1,1,1,4334.66,18681,1310.38,46.3844,0.482746,1219.41,278368,132.913,23.1957,0.267264,109.45,81.5537,23.1887,0.0718272,58.2932,214.467,0,0,0
1000,1,0,2,1,1,1,4322.6,18641,1310.31,46.3844,0.661478,1219.15,278369,121.414,23.1957,0.302342,97.9158,134.642,23.1887,0.0718272,111.381,256.056,0,0,0
1000,1,0,3,1,1,1,4336.69,18661.8,1310.26,46.3844,0.482746,1219.28,278370,118.937,23.1957,0.267264,95.4739,125.205,23.1887,0.0718272,101.944,244.142,0,0,0
1000,1,0,4,1,1,1,4321.03,18643.9,1310.38,46.3844,0.482746,1219.4,278368,72.0608,23.1957,0.267264,48.5978,107.247,23.1887,0.0718272,83.9864,179.308,0,0,0
1000,1,0,5,1,1,1,4329.99,18652.9,1310.26,46.3844,0.552902,1219.21,278370,122.559,23.1957,0.337421,99.0258,122.557,23.1887,0.0718272,99.2965,245.116,0,0,0
1000,1,0,6,1,1,1,4319.18,18670.3,1310.18,46.3844,0.517824,1219.16,278372,129.05,23.1957,0.302342,105.552,72.8654,23.1887,0.0718272,49.6049,201.915,0,0,0
1000,1,0,7,1,1,1,4358.92,18783.9,1310.37,46.3844,0.6264,1219.25,278368,123.725,23.1957,0.267264,100.262,127.062,23.1887,0.0718272,103.801,250.787,0,0,0
1000,1,0,8,1,1,1,4339.46,18700.1,1310.24,46.3844,0.482746,1219.27,278371,129.046,23.1957,0.267264,105.583,129.96,23.1887,0.0718272,106.7,259.006,0,0,0
1000,1,0,9,1,1,1,4324.36,18670.1,1310.26,46.3844,0.482746,1219.29,278370,100.239,23.1957,0.267264,76.7762,128.076,23.1887,0.0718272,104.816,228.315,0,0,0
1000,1,0,10,1,1,1,4323.39,18646.8,1310.36,46.3844,0.482746,1219.39,278369,80.917,23.1957,0.267264,57.454,119.788,23.1887,0.0718272,96.5279,200.705,0,0,0
1000,1,0,11,1,1,1,4329.61,18668.5,1310.45,46.3844,0.6264,1219.33,278367,136.707,23.1957,0.267264,113.244,82.4742,23.1887,0.0718272,59.2137,219.181,0,0,0
1000,1,0,12,1,1,1,4338.03,18664.2,1310.59,46.3844,0.770054,1219.33,278364,126.892,23.1957,0.267264,103.429,129.76,23.1887,0.0718272,106.499,256.652,0,0,0
1000,1,0,13,1,1,1,4315.66,18634.5,1310.36,46.3844,0.482746,1219.39,278369,135.628,23.1957,0.267264,112.165,78.8447,23.1887,0.0718272,55.5842,214.472,0,0,0
1000,1,0,14,1,1,1,4352.04,18681.6,1310.25,46.3844,0.696557,1219.06,278370,126.06,23.1957,0.337421,102.527,124.024,23.1887,0.0718272,100.764,250.084,0,0,0
1000,1,0,15,1,1,1,4316.62,24650.3,1315.91,52.1883,0.536198,1219.25,278370,275.606,28.9996,0.320717,246.189,84.0931,23.1887,0.0718272,60.8326,359.699,0,0,0
1000,1,0,16,1,1,1,4313.74,24659.3,1315.88,52.1883,0.696557,1219.06,278370,276.682,28.9996,0.481075,247.106,85.9448,23.1887,0.0718272,62.6843,362.627,0,0,0
1000,1,0,17,1,1,1,4325.82,18643.2,1310.36,46.3844,0.482746,1219.39,278369,122.655,23.1957,0.267264,99.1918,125.215,23.1887,0.0718272,101.955,247.87,0,0,0
1000,1,0,18,1,1,1,4319.18,18645.7,1310.26,46.3844,0.482746,1219.29,278370,99.5606,23.1957,0.267264,76.0976,50.0672,23.1887,0.0718272,26.8067,149.628,0,0,0
1000,1,0,19,1,1,1,4318.22,18650,1310.42,46.3844,0.482746,1219.45,278368,133.087,23.1957,0.267264,109.624,84.6941,23.1887,0.0718272,61.4336,217.781,0,0,0
1000,1,0,20,1,1,1,4331.63,18660.3,1310.38,46.3844,0.482746,1219.41,278368,131.247,23.1957,0.267264,107.784,134.001,23.1887,0.0718272,110.741,265.249,0,0,0
1000,1,0,21,1,1,1,4313.74,18630.6,1310.24,46.3844,0.482746,1219.27,278371,119.034,23.1957,0.267264,95.5714,63.6646,23.1887,0.0718272,40.4041,182.699,0,0,0
1000,1,0,22,1,1,1,4341.13,18711.9,1310.07,46.3844,0.517824,1219.06,278374,129.265,23.1957,0.302342,105.767,129.238,23.1887,0.0718272,105.978,258.503,0,0,0
1000,1,0,23,1,0,0,-1,-1,1287.93,23.1957,0.267264,1219.66,278369,-1,-1,-1,-1,-1,-1,-1,-1,-1,0,0,0
1000,1,0,24,1,1,1,4317.58,24640.4,1315.89,52.1883,0.536198,1219.23,278370,234.652,28.9996,0.320717,205.117,40.2707,23.1887,0.0718272,17.0102,274.923,0,0,0
1000,1,0,25,1,1,1,4315.34,18627.9,1310.24,46.3844,0.482746,1219.27,278371,73.7483,23.1957,0.267264,50.2853,109.236,23.1887,0.0718272,85.9753,182.984,0,0,0
1000,1,0,26,1,1,1,4328.42,18689.9,1310.32,46.3844,0.482746,1219.35,278369,132.365,23.1957,0.267264,108.902,130.22,23.1887,0.0718272,106.96,262.585,0,0,0
1000,1,0,27,1,1,1,4330.35,18655.9,1310.3,46.3844,0.482746,1219.32,278370,74.6796,23.1957,0.267264,51.2166,116.529,23.1887,0.0718272,93.2685,191.209,0,0,0
1000,1,0,28,1,1,2,10331.4,24647.6,1332.78,69.5741,0.663149,1219.13,278369,122.918,23.1957,0.267264,99.4553,301.113,46.3784,0.25223,254.482,424.031,1,0,0
1000,1,0,29,1,0,0,-1,-1,1287.63,23.1957,0.407578,1219.21,278373,-1,-1,-1,-1,-1,-1,-1,-1,-1,0,0,0
1000,1,0,30,1,1,1,4315.98,18710.8,1310.28,46.3844,0.482746,1219.3,278370,130.65,23.1957,0.267264,107.187,77.3161,23.1887,0.0718272,54.0556,207.966,0,0,0
1000,1,0,31,1,1,1,4340.43,18681.8,1310.34,46.3844,0.517824,1219.33,278369,111.872,23.1957,0.302342,88.3738,129.579,23.1887,0.0718272,106.319,241.451,0,0,0
1000,1,0,32,1,1,1,4322.89,18670.1,1310.27,46.3844,0.678182,1219.09,278370,133.112,23.1957,0.462701,109.454,80.9058,23.1887,0.0718272,57.6453,214.018,0,0,0
1000,1,0,33,1,1,1,4321.22,18674.7,1310.24,46.3844,0.517824,1219.23,278371,132.407,23.1957,0.302342,108.909,133.541,23.1887,0.0718272,110.28,265.948,0,0,0
1000,1,0,34,1,1,1,4326.8,18692.2,1310.24,46.3844,0.517824,1219.23,278371,133.486,23.1957,0.302342,109.988,81.3588,23.1887,0.0718272,58.0983,214.845,0,0,0
1000,1,0,35,1,1,1,4316.06,18670.6,1310.35,46.3844,0.748339,1219.11,278368,122.278,23.1957,0.532858,98.5493,90.0074,23.1887,0.0718272,66.7469,212.285,0,0,0
1000,1,0,36,1,1,1,4319.7,18653.3,1310.28,46.3844,0.482746,1219.3,278370,129.5,23.1957,0.267264,106.037,85.7228,23.1887,0.0718272,62.4623,215.223,0,0,0
1000,1,0,37,1,1,1,4316.3,18634.5,1310.3,46.3844,0.482746,1219.33,278370,87.7554,23.1957,0.267264,64.2924,43.9471,23.1887,0.0718272,20.6866,131.702,0,0,0
1000,1,0,38,1,0,0,-1,-1,1287.79,23.1957,0.302342,1219.48,278371,-1,-1,-1,-1,-1,-1,-1,-1,-1,0,0,0
1000,1,0,39,1,1,1,4328.87,18674.8,1310.15,46.3844,0.696557,1218.96,278372,122.73,23.1957,0.337421,99.1972,122.432,23.1887,0.0718272,99.172,245.163,0,0,0
1000,1,0,40,1,1,1,4320.71,18638.5,1310.22,46.3844,0.517824,1219.21,278371,77.8596,23.1957,0.267264,54.3967,117.483,23.1887,0.106906,94.1871,195.342,0,0,0
1000,1,0,41,1,1,1,4328.4,18649.6,1310.26,46.3844,0.482746,1219.29,278370,95.1731,23.1957,0.267264,71.7101,121.371,23.1887,0.0718272,98.1107,216.544,0,0,0
1000,1,0,42,1,1,1,4315.02,18660.2,1310.34,46.3844,0.482746,1219.37,278369,131.054,23.1957,0.267264,107.591,75.8921,23.1887,0.0718272,52.6316,206.946,0,0,0
1000,1,0,43,1,0,0,-1,-1,1287.78,23.1957,0.462701,1219.31,278371,-1,-1,-1,-1,-1,-1,-1,-1,-1,0,0,0
1000,1,0,44,1,1,1,4323.48,18678.3,1310.28,46.3844,0.482746,1219.31,278370,112.873,23.1957,0.267264,89.4098,58.0264,23.1887,0.0718272,34.7659,170.899,0,0,0
1000,1,0,45,1,1,2,4358.32,18736.6,1332.77,69.5741,0.698227,1219.09,278369,124.173,23.1957,0.267264,100.71,110.469,46.3784,0.287309,63.8033,234.642,1,0,0
1000,1,0,46,1,1,1,4376.57,18694.6,1310.55,46.3844,0.770054,1219.29,278365,123.456,23.1957,0.267264,99.9931,133.063,23.1887,0.0718272,109.802,256.519,0,0,0
1000,1,0,47,1,0,0,-1,-1,1293.54,28.9996,0.676512,1219.23,278368,-1,-1,-1,-1,-1,-1,-1,-1,-1,0,0,0
1000,1,0,48,1,1,1,4320.73,18637.4,1310.32,46.3844,0.517824,1219.31,278369,90.1918,23.1957,0.267264,66.7289,45.1752,23.1887,0.106906,21.8796,135.367,0,0,0
1000,1,0,49,1,0,0,-1,-1,1287.91,23.1957,0.267264,1219.64,278369,-1,-1,-1,-1,-1,-1,-1,-1,-1,0,0,0
1000,1,0,50,1,1,1,4318.22,18653,1310.26,46.3844,0.482746,1219.29,278370,135.783,23.1957,0.267264,112.32,79.7273,23.1887,0.0718272,56.4668,215.51,0,0,0
1000,1,0,51,1,1,1,4362.25,18689.3,1310.36,46.3844,0.50112,1219.37,278368,132.276,23.1957,0.267264,108.813,131.728,23.1887,0.0902016,108.449,264.004,0,0,0
1000,1,0,52,1,1,1,4338.34,18656.8,1310.37,46.3844,0.6264,1219.25,278368,81.2815,23.1957,0.267264,57.8186,120.288,23.1887,0.0718272,97.0279,201.57,0,0,0
1000,1,0,53,1,1,1,4470.52,18816.8,1310.22,46.3844,0.748339,1218.98,278370,117.559,23.1957,0.462701,93.9001,124.576,23.1887,0.141984,101.246,242.135,0,0,0
1000,1,0,54,1,1,1,4319.82,18693.9,1310.23,46.3844,0.873619,1218.86,278370,134.178,23.1957,0.658138,110.324,80.0179,23.1887,0.0718272,56.7574,214.196,0,0,0
1000,1,0,55,1,0,0,-1,-1,1287.85,23.1957,0.267264,1219.58,278370,-1,-1,-1,-1,-1,-1,-1,-1,-1,0,0,0
1000,1,0,56,1,1,1,4316.62,24651.8,1316.06,52.1883,0.731635,1219.21,278366,259.812,28.9996,0.516154,230.154,53.9223,23.1887,0.0718272,30.6617,313.734,0,0,0
1000,1,0,57,1,1,1,4332.19,18687.2,1310.3,46.3844,0.517824,1219.29,278370,134.869,23.1957,0.302342,111.371,130.845,23.1887,0.0718272,107.584,265.713,0,0,0
1000,1,0,58,1,1,1,4330.57,18644.1,1310.24,46.3844,0.482746,1219.27,278371,69.359,23.1957,0.267264,45.8961,106.965,23.1887,0.0718272,83.7048,176.324,0,0,0
1000,1,0,59,1,1,1,4328.74,18684.4,1310.3,46.3844,0.482746,1219.32,278370,133.016,23.1957,0.267264,109.553,86.1794,23.1887,0.0718272,62.9189,219.196,0,0,0
1000,1,0,60,0,0,0,-1,-1,1270.97,5.80392,0.283968,1219.54,278371,-1,-1,-1,-1,-1,-1,-1,-1,-1,0,0,0
1000,1,0,61,1,1,1,4330.73,18683.9,1310.09,46.3844,0.517824,1219.08,278373,114.853,23.1957,0.302342,91.3554,61.6107,23.1887,0.0718272,38.3502,176.464,0,0,0
1000,1,0,62,1,1,1,4340.99,18697.7,1310.48,46.3844,0.908698,1219.08,278365,129.29,23.1957,0.658138,105.436,129.831,23.1887,0.106906,106.536,259.121,0,0,0
1000,1,0,63,1,1,1,4391.16,18716.2,1310.5,46.3844,0.517824,1219.49,278366,125.024,23.1957,0.267264,101.562,126.841,23.1887,0.106906,103.545,251.865,0,0,0
1000,1,0,64,1,1,1,4328.97,18645.3,1310.38,46.3844,0.482746,1219.41,278368,89.0241,23.1957,0.267264,65.5612,44.4759,23.1887,0.0718272,21.2154,133.5,0,0,0
1000,1,0,65,1,0,0,-1,-1,1287.91,23.1957,0.267264,1219.64,278369,-1,-1,-1,-1,-1,-1,-1,-1,-1,0,0,0
1000,1,0,66,1,1,1,4326.6,18661.5,1310.3,46.3844,0.482746,1219.32,278370,129.666,23.1957,0.267264,106.203,77.0075,23.1887,0.0718272,53.7469,206.674,0,0,0
1000,1,0,67,1,1,1,4319.93,30634.2,1321.7,57.9922,0.910368,1219.04,278366,374.66,34.8035,0.694886,338.532,33.7843,23.1887,0.0718272,10.5238,408.445,0,0,0
1000,1,0,68,1,0,0,-1,-1,1287.79,23.1957,0.267264,1219.52,278371,-1,-1,-1,-1,-1,-1,-1,-1,-1,0,0,0
1000,1,0,69,1,1,1,4336.3,18655.9,1310.26,46.3844,0.517824,1219.25,278370,102.38,23.1957,0.267264,78.9167,51.4541,23.1887,0.106906,28.1585,153.834,0,0,0
1000,1,0,70,1,1,1,4315.98,18635.4,1310.21,46.3844,0.482746,1219.23,278371,79.4695,23.1957,0.267264,56.0066,118.946,23.1887,0.0718272,95.6851,198.415,0,0,0
1000,1,0,71,1,1,1,4331.54,18667.5,1310.27,46.3844,0.482746,1219.29,278370,125.873,23.1957,0.267264,102.41,107.155,23.1887,0.0718272,83.8943,233.028,0,0,0
1000,1,0,72,1,1,1,4330.6,18652.1,1310.21,46.3844,0.482746,1219.23,278371,73.5732,23.1957,0.267264,50.1103,109.889,23.1887,0.0718272,86.6286,183.462,0,0,0
1000,1,0,73,1,1,1,4319.94,18646.1,1310.24,46.3844,0.517824,1219.23,278371,74.471,23.1957,0.302342,50.973,118.866,23.1887,0.0718272,95.6057,193.337,0,0,0
1000,1,0,74,1,1,1,4318.86,18632.4,1310.4,46.3844,0.482746,1219.43,278368,76.7858,23.1957,0.267264,53.3228,126.02,23.1887,0.0718272,102.76,202.806,0,0,0
1000,1,0,75,1,1,1,4350.79,18739.7,1310.26,46.3844,0.482746,1219.29,278370,113.43,23.1957,0.267264,89.9675,132.913,23.1887,0.0718272,109.652,246.343,0,0,0
1000,1,0,76,1,1,1,4328.66,18641.2,1310.51,46.3844,0.6264,1219.39,278366,73.714,23.1957,0.267264,50.251,123.172,23.1887,0.0718272,99.9119,196.886,0,0,0
1000,1,0,77,1,1,1,4314.38,24662.6,1315.75,52.1883,0.801792,1218.82,278372,284.727,28.9996,0.58631,255.069,80.4907,23.1887,0.0718272,57.2302,365.218,0,0,0
1000,1,0,78,1,1,1,4350.41,18681.6,1310.3,46.3844,0.517824,1219.28,278370,124.818,23.1957,0.302342,101.32,126.237,23.1887,0.0718272,102.976,251.055,0,0,0
1000,1,0,79,1,1,1,4325.54,18642.6,1310.22,46.3844,0.482746,1219.25,278371,100.31,23.1957,0.267264,76.8466,127.414,23.1887,0.0718272,104.153,227.723,0,0,0
1000,1,0,80,1,1,1,4350.02,18684.8,1310.51,46.3844,0.6264,1219.39,278366,119.3,23.1957,0.267264,95.8367,121.258,23.1887,0.0718272,97.997,240.557,0,0,0
1000,1,0,81,1,1,1,4329.03,18648.1,1310.34,46.3844,0.482746,1219.37,278369,73.1004,23.1957,0.267264,49.6374,122.654,23.1887,0.0718272,99.3939,195.755,0,0,0
1000,1,0,82,1,1,1,4314.38,24637.2,1315.99,52.1883,0.696557,1219.17,278368,241.45,28.9996,0.481075,211.775,42.8444,23.1887,0.0718272,19.5839,284.295,0,0,0
1000,1,0,83,1,1,1,4325.64,18643,1310.3,46.3844,0.517824,1219.29,278370,77.8037,23.1957,0.267264,54.3407,118.19,23.1887,0.106906,94.8946,195.994,0,0,0
1000,1,0,84,1,1,1,4325.28,18647.2,1310.27,46.3844,0.482746,1219.29,278370,73.9847,23.1957,0.267264,50.5218,122.035,23.1887,0.0718272,98.7749,196.02,0,0,0
1000,1,0,85,1,1,1,4323.54,18640,1310.32,46.3844,0.482746,1219.35,278369,73.9198,23.1957,0.267264,50.4568,111.593,23.1887,0.0718272,88.3323,185.513,0,0,0
1000,1,0,86,1,1,1,4323.22,18650.4,1310.21,46.3844,0.482746,1219.23,278371,116.425,23.1957,0.267264,92.9616,128.309,23.1887,0.0718272,105.048,244.733,0,0,0
1000,1,0,87,1,1,1,4333.23,18649.3,1310.32,46.3844,0.482746,1219.34,278369,124.902,23.1957,0.267264,101.439,132.285,23.1887,0.0718272,109.024,257.187,0,0,0
1000,1,0,88,1,1,1,4320.77,18636.2,1310.32,46.3844,0.482746,1219.35,278369,73.6075,23.1957,0.267264,50.1446,122.113,23.1887,0.0718272,98.8525,195.721,0,0,0
1000,1,0,89,1,0,0,-1,-1,1287.78,23.1957,0.442656,1219.33,278370,-1,-1,-1,-1,-1,-1,-1,-1,-1,0,0,0
1000,1,0,90,1,1,1,4329.67,18691.7,1310.43,46.3844,0.943776,1219,278366,125.943,23.1957,0.693216,102.054,112.888,23.1887,0.106906,89.5921,238.831,0,0,0
1000,1,0,91,1,1,1,4337.54,18665.3,1310.34,46.3844,0.519494,1219.33,278369,107.892,23.1957,0.267264,84.4285,133.711,23.1887,0.108576,110.414,241.603,0,0,0
1000,1,0,92,1,1,1,4321.99,18636.2,1310.32,46.3844,0.517824,1219.3,278369,79.2331,23.1957,0.267264,55.7701,121.717,23.1887,0.106906,98.4212,200.95,0,0,0
1000,1,0,93,1,1,1,4317.58,24647,1315.93,52.1883,0.696557,1219.11,278369,198.368,28.9996,0.481075,168.567,27.9277,23.1887,0.0718272,4.66721,226.296,0,0,0
1000,1,0,94,1,1,1,4317.58,18683.1,1310.25,46.3844,0.482746,1219.27,278371,130.764,23.1957,0.267264,107.301,76.0473,23.1887,0.0718272,52.7868,206.811,0,0,0
1000,1,0,95,1,1,1,4318.83,18688.7,1310.32,46.3844,0.482746,1219.34,278369,112.461,23.1957,0.267264,88.9983,56.4941,23.1887,0.0718272,33.2336,168.955,0,0,0
1000,1,0,96,1,1,1,4321.87,18675.5,1310.38,46.3844,0.482746,1219.41,278368,134.538,23.1957,0.267264,111.075,85.0442,23.1887,0.0718272,61.7837,219.582,0,0,0
1000,1,0,97,1,1,1,4324.63,18637.2,1310.2,46.3844,0.517824,1219.19,278371,79.1753,23.1957,0.267264,55.7124,122.688,23.1887,0.106906,99.3921,201.863,0,0,0
1000,1,0,98,1,1,1,4332.02,18707.7,1310.48,46.3844,0.821837,1219.16,278366,119.861,23.1957,0.462701,96.2031,133.337,23.1887,0.0718272,110.077,253.199,0,0,0
1000,1,0,99,1,1,1,4341.93,18661.1,1310.17,46.3844,0.731635,1218.94,278371,73.3639,23.1957,0.267264,49.9009,122.642,23.1887,0.177062,99.2766,196.006,0,0,0
1000,1,0,100,1,1,1,4331.21,18720.1,1310.14,46.3844,0.517824,1219.13,278372,125.107,23.1957,0.267264,101.645,117.936,23.1887,0.106906,94.6401,243.043,0,0,0
1000,1,0,101,1,1,1,4316.3,18642.4,1310.36,46.3844,0.482746,1219.39,278369,128.813,23.1957,0.267264,105.35,74.5728,23.1887,0.0718272,51.3123,203.386,0,0,0
1000,1,0,102,1,1,1,4316.97,18692.1,1310.46,46.3844,0.678182,1219.28,278367,126.447,23.1957,0.462701,102.789,113.167,23.1887,0.0718272,89.9061,239.614,0,0,0
1000,1,0,103,1,1,2,10323,42734.6,1349.72,86.9859,1.03565,1218.82,278366,573.742,40.6075,0.783418,531.459,167.349,46.3784,0.108576,120.862,741.091,1,0,0
1000,1,0,104,1,1,1,4325.9,18716.6,1310.4,46.3844,0.517824,1219.38,278368,134.41,23.1957,0.302342,110.912,80.5467,23.1887,0.0718272,57.2862,214.957,0,0,0
1000,1,0,105,1,1,1,4338.38,18700.1,1310.34,46.3844,0.482746,1219.37,278369,135.202,23.1957,0.267264,111.739,132.464,23.1887,0.0718272,109.203,267.665,0,0,0
1000,1,0,106,1,1,1,4336.39,18659.3,1310.26,46.3844,0.482746,1219.29,278370,113.867,23.1957,0.267264,90.4042,127.865,23.1887,0.0718272,104.604,241.732,0,0,0
1000,1,0,107,1,1,2,10342.5,24706.3,1332.8,69.5741,0.663149,1219.16,278369,117.731,23.1957,0.267264,94.2683,291.647,46.3784,0.108576,245.16,409.379,1,0,0
1000,1,0,108,1,1,1,4324.33,18681.3,1310.36,46.3844,0.482746,1219.39,278369,133.184,23.1957,0.267264,109.721,131.706,23.1887,0.0718272,108.445,264.89,0,0,0
1000,1,0,109,1,1,1,4318.86,18652.9,1310.25,46.3952,0.50112,1219.25,278371,104.775,23.2065,0.285638,81.2828,52.7491,23.1887,0.0718272,29.4886,157.524,0,0,0
1000,1,0,110,1,1,1,4327.43,18644.7,1310.42,46.3844,0.482746,1219.45,278368,69.655,23.1957,0.267264,46.1921,108.748,23.1887,0.0718272,85.488,178.403,0,0,0
1000,1,0,111,1,1,2,10328.1,24673.7,1332.77,69.5741,0.519494,1219.27,278370,126.73,23.1957,0.267264,103.267,302.009,46.3784,0.108576,255.522,428.739,1,0,0
1000,1,0,112,1,1,1,4324.87,18640.9,1310.2,46.3844,0.517824,1219.19,278371,72.7709,23.1957,0.302342,49.2728,122.927,23.1887,0.0718272,99.6665,195.698,0,0,0
1000,1,0,113,1,1,1,4332.15,18671.4,1310.24,46.3844,0.482746,1219.27,278371,76.432,23.1957,0.267264,52.9691,125.109,23.1887,0.0718272,101.848,201.541,0,0,0
1000,1,0,114,1,1,2,10325.5,24675.1,1332.73,69.5741,0.519494,1219.23,278370,122.814,23.1957,0.267264,99.3506,295.077,46.3784,0.108576,248.59,417.89,1,0,0
1000,1,0,115,0,0,0,-1,-1,1287.76,23.206,0.551232,1219.19,278371,-1,-1,-1,-1,-1,-1,-1,-1,-1,0,0,0
1000,1,0,116,1,1,1,4316.94,18642.6,1310.34,46.3844,0.482746,1219.37,278369,129.457,23.1957,0.267264,105.994,85.3113,23.1887,0.0718272,62.0508,214.768,0,0,0
1000,1,0,117,1,1,1,4318.12,18651.1,1310.4,46.3844,0.517824,1219.39,278368,104.826,23.1957,0.302342,81.3279,52.5127,23.1887,0.0718272,29.2522,157.339,0,0,0
1000,1,0,118,1,1,1,4341.06,18659,1310.37,46.3844,0.6264,1219.25,278368,69.9943,23.1957,0.267264,46.5314,106.169,23.1887,0.0718272,82.9089,176.164,0,0,0
1000,1,0,119,1,1,1,4321.54,18635.7,1310.26,46.3844,0.482746,1219.29,278370,91.8667,23.1957,0.267264,68.4037,120.536,23.1887,0.0718272,97.2751,212.402,0,0,0
1000,1,0,120,1,1,1,4355.97,18699.2,1310.36,46.3844,0.482746,1219.38,278369,132.623,23.1957,0.267264,109.16,132.343,23.1887,0.0718272,109.082,264.965,0,0,0
1000,1,0,121,1,1,1,4338.25,18656.1,1310.42,46.3844,0.517824,1219.41,278367,73.6689,23.1957,0.267264,50.2059,118.766,23.1887,0.106906,95.4703,192.435,0,0,0
1000,1,0,122,1,1,1,4327.14,18714.6,1310.2,46.3844,0.517824,1219.19,278371,113.395,23.1957,0.302342,89.8971,132.821,23.1887,0.0718272,109.56,246.216,0,0,0
1000,1,0,123,1,0,0,-1,-1,1287.76,23.1957,0.267264,1219.48,278372,-1,-1,-1,-1,-1,-1,-1,-1,-1,0,0,0
1000,1,0,124,1,1,1,4317.93,18634.5,1310.24,46.3844,0.482746,1219.27,278371,81.7977,23.1957,0.267264,58.3347,119.418,23.1887,0.0718272,96.1579,201.216,0,0,0
1000,1,0,125,1,1,1,4331.34,24724.9,1316.6,52.1883,1.54846,1218.93,278355,272.95,28.9996,1.2979,242.538,129.223,23.1887,0.106906,105.927,402.173,0,0,0
1000,1,0,126,1,1,1,4344.98,18660.4,1310.38,46.3844,0.482746,1219.41,278368,112.328,23.1957,0.267264,88.8647,129.444,23.1887,0.0718272,106.184,241.772,0,0,0
1000,1,0,127,1,1,1,4329.63,18694.7,1310.35,46.3844,0.6264,1219.23,278369,132.294,23.1957,0.267264,108.831,85.9033,23.1887,0.0718272,62.6428,218.198,0,0,0
1000,1,0,128,1,1,1,4322.18,18639.7,1310.21,46.3844,0.482746,1219.23,278371,119.193,23.1957,0.267264,95.7302,122.66,23.1887,0.0718272,99.3994,241.853,0,0,0
1000,1,0,129,1,1,1,4315.98,18655.7,1310.4,46.3844,0.517824,1219.39,278368,130.312,23.1957,0.302342,106.813,86.3708,23.1887,0.0718272,63.1102,216.682,0,0,0
1000,1,0,130,1,1,1,4354.64,18671.4,1310.33,46.3844,0.552902,1219.28,278369,118.464,23.1957,0.267264,95.0011,122.212,23.1887,0.141984,98.8814,240.676,0,0,0
1000,1,0,131,1,1,1,4328.58,18650.9,1310.37,46.3844,0.6264,1219.25,278368,127.239,23.1957,0.267264,103.776,129.592,23.1887,0.0718272,106.332,256.831,0,0,0
1000,1,0,132,1,1,1,4318.22,18636.6,1310.32,46.3844,0.482746,1219.35,278369,128.732,23.1957,0.267264,105.269,85.3113,23.1887,0.0718272,62.0508,214.043,0,0,0
1000,1,0,133,1,1,1,4324.82,18638,1310.27,46.3844,0.482746,1219.29,278370,75.7697,23.1957,0.267264,52.3067,119.992,23.1887,0.0718272,96.7319,195.762,0,0,0
1000,1,0,134,1,1,1,4316.3,18690.5,1310.28,46.3844,0.517824,1219.27,278370,130.703,23.1957,0.302342,107.205,77.7167,23.1887,0.0718272,54.4562,208.42,0,0,0
1000,1,0,135,1,1,1,4323.27,18650.6,1310.3,46.3844,0.552902,1219.25,278369,129.502,23.1957,0.337421,105.969,85.6651,23.1887,0.0718272,62.4046,215.167,0,0,0
1000,1,0,136,1,1,1,4351.01,18665.5,1310.43,46.3844,0.770054,1219.17,278367,91.161,23.1957,0.267264,67.698,121.826,23.1887,0.0718272,98.5655,212.987,0,0,0
1000,1,0,137,1,1,1,4316.62,24659.4,1315.99,52.1883,0.731635,1219.13,278368,287.826,28.9996,0.516154,258.247,72.629,23.1887,0.0718272,49.3685,360.455,0,0,0
1000,1,0,138,1,1,1,4317.04,18641.1,1310.23,46.3844,0.482746,1219.25,278371,82.729,23.1957,0.267264,59.266,119.828,23.1887,0.0718272,96.5676,202.557,0,0,0
1000,1,0,139,1,1,1,4319.18,18633.2,1310.28,46.3844,0.482746,1219.3,278370,129.603,23.1957,0.267264,106.14,76.1772,23.1887,0.0718272,52.9167,205.78,0,0,0
1000,1,0,140,1,1,1,4320.24,18668.5,1310.38,46.3844,0.482746,1219.41,278368,125.582,23.1957,0.267264,102.119,106.817,23.1887,0.0718272,83.5568,232.399,0,0,0
1000,1,0,141,1,1,1,4359.67,18692.7,1310.32,46.3844,1.00057,1218.82,278368,77.4252,23.1957,0.462701,53.7668,118.917,23.1887,0.106906,95.6219,196.343,0,0,0
1000,1,0,142,1,1,1,4320.14,18650.5,1310.29,46.3844,0.678182,1219.11,278370,126.536,23.1957,0.462701,102.877,87.2515,23.1887,0.0718272,63.991,213.787,0,0,0
1000,1,0,143,1,1,1,4336.5,18654.1,1310.28,46.3844,0.517824,1219.27,278370,125.708,23.1957,0.267264,102.246,127.14,23.1887,0.106906,103.845,252.849,0,0,0
1000,1,0,144,1,1,1,4374.71,18719.6,1310.27,46.3844,0.482746,1219.29,278370,126.62,23.1957,0.267264,103.157,127.847,23.1887,0.0718272,104.586,254.467,0,0,0
1000,1,0,145,1,1,1,4314.7,18670.9,1310.36,46.3844,0.482746,1219.39,278369,121.871,23.1957,0.267264,98.4085,123.618,23.1887,0.0718272,100.358,245.49,0,0,0
1000,1,0,146,1,1,1,4318.02,18654.8,1310.28,46.3844,0.713261,1219.08,278369,132.216,23.1957,0.497779,108.523,84.14,23.1887,0.0718272,60.8795,216.356,0,0,0
1000,1,0,147,1,1,1,4322.15,18639.2,1310.39,46.3844,0.6264,1219.27,278368,126.145,23.1957,0.267264,102.682,86.2246,23.1887,0.0718272,62.9641,212.37,0,0,0
1000,1,0,148,1,1,1,4315.02,18647.4,1310.4,46.3844,0.482746,1219.43,278368,123.738,23.1957,0.267264,100.275,66.2346,23.1887,0.0718272,42.9741,189.972,0,0,0
1000,1,0,149,1,1,1,4330.41,18648.2,1310.22,46.3844,0.482746,1219.25,278371,77.2424,23.1957,0.267264,53.7794,119.117,23.1887,0.0718272,95.8565,196.359,0,0,0
1000,1,0,150,1,1,1,4320.07,18633,1310.34,46.3844,0.482746,1219.37,278369,75.8563,23.1957,0.267264,52.3933,125.539,23.1887,0.0718272,102.278,201.395,0,0,0
1000,1,0,151,1,1,1,4334.45,18700.6,1310.32,46.3844,0.908698,1218.92,278368,122.507,23.1957,0.693216,98.6179,124.492,23.1887,0.0718272,101.231,246.999,0,0,0
1000,1,0,152,1,1,1,4354.73,18716.5,1310.3,46.3844,0.482746,1219.33,278370,123.063,23.1957,0.267264,99.5997,133.633,23.1887,0.0718272,110.373,256.696,0,0,0
1000,1,0,153,1,1,1,4326.92,24688.5,1316.01,52.1883,0.731635,1219.16,278367,264.531,28.9996,0.516154,234.882,129.228,23.1887,0.0718272,105.967,393.759,0,0,0
1000,1,0,154,1,1,1,4320.58,18680.5,1310.24,46.3844,0.517824,1219.23,278371,122.078,23.1957,0.302342,98.58,66.0144,23.1887,0.0718272,42.7539,188.092,0,0,0
1000,1,0,155,1,1,1,4320.07,18641.5,1310.25,46.3844,0.482746,1219.27,278371,124.743,23.1957,0.267264,101.28,125.306,23.1887,0.0718272,102.045,250.049,0,0,0
1000,1,0,156,1,1,1,4354.58,18671,1310.39,46.3844,0.770054,1219.13,278367,120.857,23.1957,0.267264,97.3942,130.509,23.1887,0.0718272,107.248,251.366,0,0,0
1000,1,0,157,1,1,1,4358.53,18673.8,1310.24,46.3844,0.519494,1219.23,278370,94.6912,23.1957,0.267264,71.2282,122.608,23.1887,0.108576,99.3109,217.299,0,0,0
1000,1,0,158,1,1,1,4318.86,18654.9,1310.28,46.3844,0.482746,1219.3,278370,120.464,23.1957,0.267264,97.0008,122.532,23.1887,0.0718272,99.2712,242.995,0,0,0
1000,1,0,159,1,1,1,4337.98,18670,1310.22,46.3844,0.517824,1219.21,278371,87.628,23.1957,0.302342,64.13,116.164,23.1887,0.0718272,92.9039,203.792,0,0,0
1000,1,0,160,1,1,1,4317.26,18684.7,1310.32,46.3844,0.482746,1219.34,278369,133.94,23.1957,0.267264,110.477,80.7362,23.1887,0.0718272,57.4757,214.676,0,0,0
1000,1,0,161,1,1,1,4321.08,18693.2,1310.62,46.3844,0.873619,1219.25,278363,125.107,23.1957,0.658138,101.253,116.713,23.1887,0.0718272,93.4525,241.82,0,0,0
1000,1,0,162,1,1,1,4345.87,18668.4,1310.44,46.3844,0.678182,1219.27,278367,111.642,23.1957,0.462701,87.984,129.715,23.1887,0.0718272,106.454,241.357,0,0,0
1000,1,0,163,1,1,1,4317.94,18677.7,1310.09,46.3844,0.517824,1219.08,278373,98.6355,23.1957,0.302342,75.1374,49.2442,23.1887,0.0718272,25.9837,147.88,0,0,0
1000,1,0,164,1,1,1,4328.84,18758.2,1310.3,46.3844,0.536198,1219.27,278369,128.016,23.1957,0.302342,104.518,87.8402,23.1887,0.0902016,64.5613,215.856,0,0,0
1000,1,0,165,1,1,1,4320.15,18642.1,1310.42,46.3844,0.482746,1219.44,278368,123.4,23.1957,0.267264,99.9372,121.357,23.1887,0.0718272,98.0963,244.757,0,0,0
1000,1,0,166,1,1,1,4351.53,18676.8,1310.25,46.3844,0.482746,1219.27,278371,77.2478,23.1957,0.267264,53.7848,126.867,23.1887,0.0718272,103.606,204.115,0,0,0
1000,1,0,167,1,1,1,4316.3,18645,1310.24,46.3844,0.482746,1219.27,278371,124.38,23.1957,0.267264,100.917,96.8819,23.1887,0.0718272,73.6214,221.262,0,0,0
1000,1,0,168,1,1,1,4319.85,18637.8,1310.36,46.3844,0.482746,1219.38,278369,73.4162,23.1957,0.267264,49.9533,117.473,23.1887,0.0718272,94.2124,190.889,0,0,0
1000,1,0,169,1,1,1,4327.88,18639.5,1310.26,46.3844,0.482746,1219.29,278370,123.202,23.1957,0.267264,99.7387,83.2701,23.1887,0.0718272,60.0096,206.472,0,0,0
1000,1,0,170,1,1,1,4320.45,18727.2,1310.19,46.3844,0.482746,1219.21,278372,131.679,23.1957,0.267264,108.216,76.8504,23.1887,0.0718272,53.5899,208.529,0,0,0
1000,1,0,171,1,1,1,4327.48,18648.6,1310.28,46.3844,0.482746,1219.31,278370,96.3155,23.1957,0.267264,72.8526,124.853,23.1887,0.0718272,101.592,221.168,0,0,0
1000,1,0,172,1,1,1,4324.02,18636.6,1310.27,46.3844,0.482746,1219.29,278370,74.7969,23.1957,0.267264,51.3339,117.195,23.1887,0.0718272,93.9344,191.992,0,0,0
1000,1,0,173,1,1,1,4334.98,18651.4,1310.26,46.3844,0.517824,1219.25,278370,73.4613,23.1957,0.267264,49.9984,112.371,23.1887,0.106906,89.0759,185.833,0,0,0
1000,1,0,174,1,1,1,4317.92,18636.8,1310.34,46.3844,0.482746,1219.37,278369,91.5743,23.1957,0.267264,68.1113,121.555,23.1887,0.0718272,98.2948,213.13,0,0,0
1000,1,0,175,1,1,1,4316.94,18674.7,1310.81,46.3844,1.06906,1219.25,278359,131.727,23.1957,0.853574,107.678,77.9243,23.1887,0.0718272,54.6638,209.652,0,0,0
1000,1,0,176,1,1,1,4326.75,18664.4,1310.24,46.3844,0.482746,1219.27,278371,112.407,23.1957,0.267264,88.9442,57.9686,23.1887,0.0718272,34.7081,170.376,0,0,0
1000,1,0,177,1,1,1,4324.36,18658.2,1310.2,46.3844,0.482746,1219.23,278372,133.752,23.1957,0.267264,110.29,130.556,23.1887,0.0718272,107.295,264.308,0,0,0
1000,1,0,178,1,1,1,4319.37,18638.5,1310.3,46.3844,0.517824,1219.29,278370,121.141,23.1957,0.267264,97.6776,120.979,23.1887,0.106906,97.683,242.119,0,0,0
1000,1,0,179,1,1,1,4319.18,18639.4,1310.22,46.3844,0.482746,1219.25,278371,121.175,23.1957,0.267264,97.7119,64.9351,23.1887,0.0718272,41.6746,186.11,0,0,0
1000,1,0,180,1,1,1,4319.62,18633.5,1310.32,46.3844,0.482746,1219.35,278369,78.3614,23.1957,0.267264,54.8984,119.426,23.1887,0.0718272,96.1652,197.787,0,0,0
1000,1,0,181,1,1,1,4340.36,18682.4,1310.28,46.3844,0.908698,1218.88,278369,133.569,23.1957,0.658138,109.716,80.515,23.1887,0.106906,57.2194,214.084,0,0,0
1000,1,0,182,1,1,1,4314.06,18638.8,1310.26,46.3844,0.482746,1219.29,278370,89.5872,23.1957,0.267264,66.1243,44.3586,23.1887,0.0718272,21.0981,133.946,0,0,0
1000,1,0,183,1,1,1,4325.66,18639.8,1310.25,46.3844,0.482746,1219.27,278371,110.463,23.1957,0.267264,87.0004,134.119,23.1887,0.0718272,110.858,244.582,0,0,0
1000,1,0,184,1,1,1,4350.22,18676.3,1310.34,46.3844,0.965491,1218.88,278368,121.798,23.1957,0.462701,98.1396,120.963,23.1887,0.0718272,97.7028,242.761,0,0,0
1000,1,0,185,1,1,1,4331.32,18688.2,1310.24,46.3844,0.482746,1219.27,278371,122.911,23.1957,0.267264,99.4481,94.8605,23.1887,0.0718272,71.6,217.772,0,0,0
1000,1,0,186,1,1,1,4326.76,18643.2,1310.37,46.3844,0.6264,1219.25,278368,122.232,23.1957,0.267264,98.7695,124.272,23.1887,0.0718272,101.011,246.504,0,0,0
1000,1,0,187,1,1,1,4357.78,18837.6,1310.22,46.3844,0.517824,1219.21,278371,133.005,23.1957,0.267264,109.542,130.093,23.1887,0.106906,106.797,263.098,0,0,0
1000,1,0,188,1,1,1,4322.65,18679.1,1310.3,46.3844,0.482746,1219.32,278370,122.512,23.1957,0.267264,99.0492,132.579,23.1887,0.0718272,109.319,255.091,0,0,0
1000,1,0,189,1,1,1,4358.15,18695.3,1310.32,46.3844,0.552902,1219.27,278369,132.623,23.1957,0.267264,109.16,132.241,23.1887,0.141984,108.911,264.864,0,0,0
1000,1,0,190,1,1,1,4329.8,18655.1,1310.42,46.3844,0.482746,1219.45,278368,73.4595,23.1957,0.267264,49.9966,111.55,23.1887,0.0718272,88.289,185.009,0,0,0
1000,1,0,191,1,1,2,10365.1,24701.6,1332.81,69.5741,0.519494,1219.31,278369,116.968,23.1957,0.267264,93.5049,292.405,46.3784,0.108576,245.918,409.373,1,0,0
1000,1,0,192,1,1,1,4317.9,18638.2,1310.38,46.3844,0.482746,1219.4,278368,129.257,23.1957,0.267264,105.794,85.5676,23.1887,0.0718272,62.3071,214.824,0,0,0
1000,1,0,193,1,1,1,4346.01,24666.8,1315.81,52.1883,0.840211,1218.84,278371,167.677,28.9996,0.481075,137.787,120.435,23.1887,0.0718272,97.174,288.111,0,0,0
1000,1,0,194,1,1,1,4345.42,18662.1,1310.4,46.3844,0.482746,1219.42,278368,77.0854,23.1957,0.267264,53.6224,118.534,23.1887,0.0718272,95.2736,195.619,0,0,0
1000,1,0,195,1,1,1,4321.67,18672.3,1310.38,46.3844,0.482746,1219.4,278368,124.743,23.1957,0.267264,101.28,131.749,23.1887,0.0718272,108.488,256.492,0,0,0
1000,1,0,196,1,1,1,4333.13,18655.8,1310.14,46.3844,0.517824,1219.13,278372,78.8487,23.1957,0.267264,55.3857,118.786,23.1887,0.106906,95.4902,197.634,0,0,0
1000,1,0,197,1,1,1,4317.58,24661.3,1316.06,52.1883,0.536198,1219.41,278367,280.368,28.9996,0.320717,250.963,78.6859,23.1887,0.0718272,55.4254,359.054,0,0,0
1000,1,0,198,1,1,1,4340.95,18713.3,1310.28,46.3844,0.517824,1219.27,278370,125.097,23.1957,0.302342,101.599,128.932,23.1887,0.0718272,105.671,254.029,0,0,0
1000,1,0,199,1,1,1,4320.39,24668.2,1315.76,52.1883,0.606355,1219.03,278372,205.419,28.9996,0.355795,175.76,30.3903,23.1887,0.106906,7.09467,235.809,0,0,0
1000,1,0,200,1,1,1,4356.53,18737.3,1310.3,46.3844,0.552902,1219.25,278369,134.433,23.1957,0.337421,110.9,81.1549,23.1887,0.0718272,57.8944,215.588,0,0,0
1000,1,0,201,1,1,1,4355.47,18684.3,1310.4,46.3844,0.678182,1219.23,278368,82.4317,23.1957,0.462701,58.7733,121.88,23.1887,0.0718272,98.6197,204.312,0,0,0
1000,1,0,202,1,1,1,4322.57,24695.9,1316.07,52.1883,1.08743,1218.86,278366,274.568,28.9996,0.871949,244.59,84.2646,23.1887,0.0718272,61.004,358.832,0,0,0
1000,1,0,203,1,1,1,4433.8,18791.5,1310.07,46.3844,0.517824,1219.06,278374,117.652,23.1957,0.267264,94.1889,123.191,23.1887,0.106906,99.8957,240.843,0,0,0
1000,1,0,204,1,1,1,4316.47,18636.2,1310.4,46.3844,0.482746,1219.42,278368,81.5541,23.1957,0.267264,58.0911,120.22,23.1887,0.0718272,96.9593,201.774,0,0,0
1000,1,0,205,1,1,1,4327.72,18673.4,1310.3,46.3844,0.482746,1219.32,278370,121.579,23.1957,0.267264,98.1161,65.7202,23.1887,0.0718272,42.4597,187.299,0,0,0
1000,1,0,206,1,1,1,4346.42,18674.7,1310.35,46.3952,0.536198,1219.3,278369,118.898,23.2065,0.320717,95.371,127.311,23.1887,0.0718272,104.05,246.209,0,0,0
1000,1,0,207,1,1,1,4338.85,18696.6,1310.3,46.3844,0.517824,1219.29,278370,122.322,23.1957,0.302342,98.8236,134.507,23.1887,0.0718272,111.246,256.828,0,0,0
1000,1,0,208,1,1,1,4327.43,18655.9,1310.34,46.3844,0.482746,1219.37,278369,126.533,23.1957,0.267264,103.07,83.9758,23.1887,0.0718272,60.7153,210.509,0,0,0
1000,1,0,209,1,1,2,10322.6,24675.7,1332.89,69.5741,1.09411,1218.82,278366,137.209,23.1957,0.267264,113.746,169.656,46.3784,0.683194,122.595,306.865,1,0,0
1000,1,0,210,1,1,1,4353.61,18732.9,1310.32,46.3844,0.482746,1219.35,278369,135.846,23.1957,0.267264,112.383,132.72,23.1887,0.0718272,109.459,268.566,0,0,0
1000,1,0,211,1,1,1,4317.26,18636.7,1310.21,46.3844,0.482746,1219.23,278371,74.3204,23.1957,0.267264,50.8575,114.34,23.1887,0.0718272,91.0792,188.66,0,0,0
1000,1,0,212,1,0,0,-1,-1,1287.79,23.1957,0.302342,1219.48,278371,-1,-1,-1,-1,-1,-1,-1,-1,-1,0,0,0
1000,1,0,213,1,1,1,4327.08,18643.5,1310.41,46.3844,0.6264,1219.29,278368,78.0546,23.1957,0.267264,54.5916,117.307,23.1887,0.0718272,94.0463,195.361,0,0,0
1000,1,0,214,1,1,1,4315.66,18650.3,1310.27,46.3844,0.482746,1219.29,278370,125.468,23.1957,0.267264,102.005,84.4324,23.1887,0.0718272,61.1719,209.901,0,0,0
1000,1,0,215,1,1,2,10331.9,24651.3,1332.85,69.5741,0.519494,1219.35,278368,120.124,23.1957,0.267264,96.6615,291.299,46.3784,0.108576,244.812,411.424,1,0,0
1000,1,0,216,1,1,1,4319.62,18650.7,1310.36,46.3844,0.482746,1219.39,278369,123.151,23.1957,0.267264,99.6881,121.949,23.1887,0.0718272,98.6883,245.1,0,0,0
1000,1,0,217,1,1,1,4315.66,18634.9,1310.26,46.3844,0.482746,1219.28,278370,118.489,23.1957,0.267264,95.0263,127.289,23.1887,0.0718272,104.029,245.778,0,0,0
1000,1,0,218,1,1,1,4344.41,24713.1,1316.15,52.1883,1.26616,1218.76,278364,263.917,28.9996,0.871949,233.909,133.811,23.1887,0.106906,110.515,397.728,0,0,0
1000,1,0,219,1,1,1,4335.4,18666.9,1310.09,46.3844,0.661478,1218.93,278373,120.138,23.1957,0.302342,96.6398,133.222,23.1887,0.0718272,109.961,253.359,0,0,0
1000,1,0,220,1,1,1,4325.54,18655.6,1310.23,46.3844,0.482746,1219.25,278371,73.6256,23.1957,0.267264,50.1626,116.08,23.1887,0.0718272,92.8191,189.705,0,0,0
1000,1,0,221,0,0,0,-1,-1,1287.8,23.206,0.746669,1219.04,278370,-1,-1,-1,-1,-1,-1,-1,-1,-1,0,0,0
1000,1,0,222,1,1,1,4316.3,24634.3,1315.89,52.1883,0.536198,1219.23,278370,234.269,28.9996,0.320717,204.735,41.0937,23.1887,0.0718272,17.8332,275.363,0,0,0
1000,1,0,223,1,1,1,4317.14,18663.5,1310.42,46.3844,0.482746,1219.44,278368,132.906,23.1957,0.267264,109.443,87.4284,23.1887,0.0718272,64.1679,220.334,0,0,0
1000,1,0,224,1,1,1,4315.98,18630.1,1310.32,46.3844,0.482746,1219.35,278369,105.522,23.1957,0.267264,82.0588,53.6245,23.1887,0.0718272,30.364,159.146,0,0,0
1000,1,0,225,1,1,1,4316.42,18643.2,1310.24,46.3844,0.482746,1219.27,278371,97.485,23.1957,0.267264,74.0221,123.894,23.1887,0.0718272,100.634,221.379,0,0,0
1000,1,0,226,1,1,1,4321.77,18649,1310.28,46.3844,0.482746,1219.31,278370,135.012,23.1957,0.267264,111.549,80.8354,23.1887,0.0718272,57.5749,215.848,0,0,0
1000,1,0,227,1,1,1,4314.38,18643.4,1310.2,46.3844,0.517824,1219.18,278371,128.388,23.1957,0.302342,104.89,85.8419,23.1887,0.0718272,62.5814,214.23,0,0,0
1000,1,0,228,1,1,1,4326.38,18641.8,1310.39,46.3844,0.661478,1219.23,278368,79.7529,23.1957,0.267264,56.2899,122.339,23.1887,0.106906,99.0438,202.092,0,0,0
1000,1,0,229,1,1,1,4317.58,24652.8,1316.08,52.1883,0.731635,1219.23,278366,286.457,28.9996,0.516154,256.875,68.173,23.1887,0.0718272,44.9124,354.63,0,0,0
1000,1,0,230,1,1,1,4364.15,18682.9,1310.27,46.3844,0.482746,1219.29,278370,119.522,23.1957,0.267264,96.0587,126.224,23.1887,0.0718272,102.964,245.746,0,0,0
1000,1,0,231,1,1,1,4328.9,18650.5,1310.1,46.3952,0.536198,1219.06,278373,91.6775,23.2065,0.285638,68.1853,119.08,23.1887,0.106906,95.7843,210.757,0,0,0
1000,1,0,232,1,1,1,4323.87,18672.9,1310.34,46.3844,0.517824,1219.33,278369,130.062,23.1957,0.302342,106.564,76.9876,23.1887,0.0718272,53.7271,207.05,0,0,0
1000,1,0,233,1,1,1,4335.22,18674.2,1310.17,46.3844,0.517824,1219.16,278372,130.417,23.1957,0.267264,106.954,76.5949,23.1887,0.106906,53.2994,207.012,0,0,0
1000,1,0,234,1,1,1,4318.98,18634.4,1310.23,46.3844,0.482746,1219.25,278371,131.054,23.1957,0.267264,107.591,83.696,23.1887,0.0718272,60.4355,214.75,0,0,0
1000,1,0,235,1,1,1,4332.01,18657.6,1310.27,46.3844,0.482746,1219.29,278370,92.6049,23.1957,0.267264,69.1419,121.581,23.1887,0.0718272,98.3201,214.185,0,0,0
1000,1,0,236,1,1,1,4331.4,18674,1310.5,46.3844,0.908698,1219.1,278365,134.068,23.1957,0.658138,110.214,81.0347,23.1887,0.106906,57.7392,215.102,0,0,0
1000,1,0,237,1,1,1,4316.94,18634,1310.28,46.3844,0.482746,1219.31,278370,134.299,23.1957,0.267264,110.836,78.2004,23.1887,0.0718272,54.9399,212.5,0,0,0
1000,1,0,238,1,1,1,4340.53,18658.6,1310.24,46.3844,0.482746,1219.27,278371,79.1158,23.1957,0.267264,55.6528,122.496,23.1887,0.0718272,99.2351,201.611,0,0,0
1000,1,0,239,1,1,1,4325.8,18643.9,1310.55,46.3844,0.6264,1219.43,278365,123.283,23.1957,0.267264,99.8199,124.932,23.1887,0.0718272,101.672,248.215,0,0,0
1000,1,0,240,1,1,1,4326.79,18662.4,1310.38,46.3844,0.482746,1219.41,278368,131.453,23.1957,0.267264,107.99,77.5236,23.1887,0.0718272,54.2631,208.977,0,0,0
1000,1,0,241,1,1,1,4319.11,18638.7,1310.36,46.3844,0.517824,1219.35,278369,129.565,23.1957,0.267264,106.102,76.0589,23.1887,0.106906,52.7633,205.624,0,0,0
1000,1,0,242,1,0,0,-1,-1,1293.69,28.9996,0.551232,1219.5,278365,-1,-1,-1,-1,-1,-1,-1,-1,-1,0,0,0
1000,1,0,243,1,1,1,4346.44,18705.5,1310.52,46.3844,0.678182,1219.35,278365,121.997,23.1957,0.462701,98.3381,130.26,23.1887,0.0718272,106.999,252.256,0,0,0
1000,1,0,244,0,0,0,-1,-1,1288,23.206,0.71159,1219.27,278366,-1,-1,-1,-1,-1,-1,-1,-1,-1,0,0,0
1000,1,0,245,1,1,1,4319.53,18635.3,1310.34,46.3844,0.482746,1219.37,278369,128.585,23.1957,0.267264,105.122,131.07,23.1887,0.0718272,107.81,259.656,0,0,0
1000,1,0,246,1,1,1,4315.66,18635.9,1310.3,46.3844,0.482746,1219.32,278370,81.5432,23.1957,0.267264,58.0803,120.828,23.1887,0.0718272,97.5675,202.371,0,0,0
1000,1,0,247,1,1,1,4317.58,18643.7,1310.46,46.3844,0.482746,1219.48,278367,104.23,23.1957,0.267264,80.7666,129.854,23.1887,0.0718272,106.593,234.083,0,0,0
1000,1,0,248,1,1,1,4316.74,18651,1310.3,46.3844,0.482746,1219.32,278370,113.795,23.1957,0.267264,90.332,127.679,23.1887,0.0718272,104.419,241.474,0,0,0
1000,1,0,249,1,1,1,4317.58,18674.5,1310.4,46.3844,0.678182,1219.23,278368,130.219,23.1957,0.462701,106.561,76.1466,23.1887,0.0718272,52.8861,206.366,0,0,0
1000,1,0,250,1,1,1,4322.89,18635.8,1310.42,46.3844,0.482746,1219.45,278368,127.073,23.1957,0.267264,103.61,87.0692,23.1887,0.0718272,63.8087,214.142,0,0,0
1000,1,0,251,1,1,1,4315.34,24636.7,1315.88,52.1883,0.571277,1219.19,278370,169.015,28.9996,0.355795,139.255,115.323,23.1887,0.0718272,92.0628,284.338,0,0,0
1000,1,0,252,1,1,1,4347.85,18664.4,1310.3,46.3844,0.482746,1219.32,278370,121.393,23.1957,0.267264,97.9303,125.174,23.1887,0.0718272,101.913,246.567,0,0,0
1000,1,0,253,1,1,1,4325.83,18645.2,1310.26,46.3844,0.482746,1219.29,278370,118.747,23.1957,0.267264,95.2844,122.023,23.1887,0.0718272,98.7623,240.77,0,0,0
1000,1,0,254,1,1,1,4319.18,18712.9,1310.61,46.3844,0.908698,1219.21,278363,123.748,23.1957,0.693216,99.8596,128.977,23.1887,0.0718272,105.716,252.725,0,0,0
1000,1,0,255,1,1,1,4405.57,18725.6,1310.33,46.3844,0.587981,1219.25,278369,118.518,23.1957,0.267264,95.0552,125.498,23.1887,0.177062,102.132,244.016,0,0,0
1000,1,0,256,1,1,1,4351.63,18666.3,1310.28,46.3844,0.536198,1219.25,278370,121.844,23.1957,0.267264,98.3815,136.769,23.1887,0.12528,113.455,258.614,0,0,0
1000,1,0,257,1,1,1,4333.58,18654.1,1310.32,46.3844,0.482746,1219.34,278369,125.985,23.1957,0.267264,102.522,126.739,23.1887,0.0718272,103.478,252.723,0,0,0
1000,1,0,258,1,1,1,4322.18,30734.1,1321.44,57.9922,0.75001,1218.94,278371,417.53,34.8035,0.534528,381.67,87.7623,23.1887,0.0718272,64.5017,505.292,0,0,0
1000,1,0,259,1,1,1,4345.94,18677.4,1310.24,46.3844,0.536198,1219.21,278370,133.714,23.1957,0.302342,110.216,80.9007,23.1887,0.0902016,57.6218,214.614,0,0,0
1000,1,0,260,1,0,0,-1,-1,1287.9,23.2065,0.285638,1219.6,278369,-1,-1,-1,-1,-1,-1,-1,-1,-1,0,0,0
1000,1,0,261,1,1,1,4327.21,18669.7,1310.37,46.3952,0.536198,1219.33,278368,134.434,23.2065,0.320717,110.907,83.2864,23.1887,0.0718272,60.0258,217.72,0,0,0
1000,1,0,262,1,1,1,4343.1,18660.8,1310.14,46.3844,0.517824,1219.13,278372,81.5162,23.1957,0.267264,58.0532,121.036,23.1887,0.106906,97.7407,202.552,0,0,0
1000,1,0,263,1,1,1,4319.3,18660.2,1310.24,46.3844,0.482746,1219.27,278371,109.864,23.1957,0.267264,86.4012,55.8462,23.1887,0.0718272,32.5857,165.71,0,0,0
1000,1,0,264,1,1,1,4394.87,18757.4,1310.21,46.3844,0.713261,1219,278371,126.487,23.1957,0.462701,102.828,128.526,23.1887,0.106906,105.231,255.013,0,0,0
1000,1,0,265,1,1,1,4320.02,18659.1,1310.32,46.3844,0.482746,1219.35,278369,91.2711,23.1957,0.267264,67.8081,45.4469,23.1887,0.0718272,22.1864,136.718,0,0,0
1000,1,0,266,1,1,1,4343.24,18745.1,1310.38,46.3844,0.965491,1218.92,278367,126.108,23.1957,0.462701,102.449,127.347,23.1887,0.0718272,104.086,253.455,0,0,0
1000,1,0,267,1,1,1,4331.82,18650.9,1310.31,46.3844,0.6264,1219.19,278369,75.3979,23.1957,0.267264,51.9349,125.32,23.1887,0.0718272,102.06,200.718,0,0,0
1000,1,0,268,1,1,1,4328.33,18678.6,1310.19,46.3844,0.678182,1219.02,278371,134.623,23.1957,0.462701,110.965,77.215,23.1887,0.0718272,53.9545,211.838,0,0,0
1000,1,0,269,1,1,1,4350.34,24674.2,1316.09,52.1883,0.891994,1219.08,278366,273.019,28.9996,0.676512,243.24,133.832,23.1887,0.0718272,110.571,406.85,0,0,0
1000,1,0,270,1,1,1,4331.81,18663.5,1310.38,46.3844,0.517824,1219.36,278368,99.7789,23.1957,0.267264,76.316,127.541,23.1887,0.106906,104.245,227.32,0,0,0
1000,1,0,271,1,1,1,4331.1,18690.5,1310.38,46.3844,0.517824,1219.37,278368,100.98,23.1957,0.302342,77.4819,126.93,23.1887,0.0718272,103.67,227.91,0,0,0
1000,1,0,272,1,1,1,4339.95,18675.3,1310.24,46.3844,0.482746,1219.27,278371,75.3654,23.1957,0.267264,51.9024,111.378,23.1887,0.0718272,88.1176,186.743,0,0,0
1000,1,0,273,1,1,1,4321.93,18644.7,1310.32,46.3844,0.482746,1219.34,278369,95.3084,23.1957,0.267264,71.8455,47.0117,23.1887,0.0718272,23.7512,142.32,0,0,0
1000,1,0,274,1,1,1,4319.82,18663.5,1310.28,46.3844,0.482746,1219.31,278370,137.05,23.1957,0.267264,113.587,82.5554,23.1887,0.0718272,59.2949,219.605,0,0,0
1000,1,0,275,1,1,1,4361.16,18705.2,1310.22,46.3844,0.482746,1219.25,278371,110.601,23.1957,0.267264,87.1375,134.418,23.1887,0.0718272,111.158,245.019,0,0,0
1000,1,0,276,1,1,1,4319.56,18648.7,1310.34,46.3844,0.482746,1219.37,278369,82.6604,23.1957,0.267264,59.1974,120.102,23.1887,0.0718272,96.842,202.763,0,0,0
1000,1,0,277,1,1,1,4318.02,18636.7,1310.32,46.3844,0.482746,1219.35,278369,127.609,23.1957,0.267264,104.146,86.4845,23.1887,0.0718272,63.2239,214.093,0,0,0
1000,1,0,278,1,1,1,4333.66,18694.8,1310.33,46.3844,0.678182,1219.16,278369,104.434,23.1957,0.462701,80.7756,127.363,23.1887,0.0718272,104.103,231.797,0,0,0
1000,1,0,279,1,1,1,4336.93,18649.6,1310.25,46.3844,0.482746,1219.27,278371,91.2982,23.1957,0.267264,67.8352,121.6,23.1887,0.0718272,98.3399,212.899,0,0,0
1000,1,0,280,1,1,1,4324.64,18651,1310.31,46.3844,0.678182,1219.14,278369,124.706,23.1957,0.462701,101.047,86.9014,23.1887,0.0718272,63.6409,211.607,0,0,0
1000,1,0,281,1,1,1,4325.65,18678.3,1310.3,46.3844,0.482746,1219.32,278370,129.231,23.1957,0.267264,105.768,77.3774,23.1887,0.0718272,54.1169,206.609,0,0,0
1000,1,0,282,1,1,2,10328.3,24647.2,1332.71,69.5741,0.554573,1219.17,278371,76.5512,23.1957,0.267264,53.0882,290.78,46.3784,0.143654,244.258,367.331,1,0,0
1000,1,0,283,1,1,2,10379.7,24695.8,1332.97,69.5741,1.12919,1218.86,278364,88.4033,23.1957,0.267264,64.9403,287.261,46.3784,0.718272,240.165,375.665,1,0,0
1000,1,0,284,1,1,1,4320.58,18672.7,1310.26,46.3844,0.517824,1219.25,278370,131.001,23.1957,0.302342,107.503,76.1448,23.1887,0.0718272,52.8842,207.146,0,0,0
1000,1,0,285,1,1,1,4317.09,18642.8,1310.4,46.3844,0.678182,1219.23,278368,125.552,23.1957,0.462701,101.894,87.0151,23.1887,0.0718272,63.7546,212.567,0,0,0
1000,1,0,286,1,1,1,4320.55,24655.6,1316.01,52.1883,0.891994,1219,278367,286.156,28.9996,0.676512,256.413,68.4816,23.1887,0.0718272,45.2211,354.637,0,0,0
1000,1,0,287,1,1,1,4323.44,18680.8,1310.43,46.3844,0.552902,1219.39,278367,92.5288,23.1957,0.337421,68.9957,121.857,23.1887,0.0718272,98.5962,214.386,0,0,0
1000,1,0,288,1,1,1,4318.54,18640.9,1310.27,46.3844,0.482746,1219.29,278370,98.5896,23.1957,0.267264,75.1266,49.4806,23.1887,0.0718272,26.2201,148.07,0,0,0
1000,1,0,289,1,1,1,4317.9,18632.1,1310.42,46.3844,0.482746,1219.44,278368,76.7262,23.1957,0.267264,53.2633,122.974,23.1887,0.0718272,99.7134,199.7,0,0,0
1000,1,0,290,1,1,1,4327.98,18643.8,1310.26,46.3844,0.482746,1219.29,278370,126.015,23.1957,0.267264,102.552,84.2086,23.1887,0.0718272,60.9481,210.224,0,0,0
1000,1,0,291,1,1,1,4316.94,18643,1310.28,46.3844,0.678182,1219.11,278370,108.359,23.1957,0.462701,84.7011,54.868,23.1887,0.0718272,31.6075,163.227,0,0,0
1000,1,0,292,1,1,1,4332.41,18685.6,1310.16,46.3844,0.552902,1219.11,278372,122.153,23.1957,0.337421,98.6197,105.657,23.1887,0.0718272,82.3963,227.81,0,0,0
1000,1,0,293,1,1,1,4349.62,18735.4,1310.22,46.3844,0.587981,1219.14,278371,126.001,23.1957,0.337421,102.468,128.876,23.1887,0.106906,105.581,254.877,0,0,0
1000,1,0,294,1,1,1,4318.77,18661.5,1310.32,46.3844,0.482746,1219.34,278369,136.79,23.1957,0.267264,113.327,82.7756,23.1887,0.0718272,59.5151,219.566,0,0,0
1000,1,0,295,1,1,1,4366.83,18684.6,1310.46,46.3844,0.50112,1219.46,278367,119.024,23.1957,0.267264,95.5606,125.705,23.1887,0.0902016,102.426,244.728,0,0,0
1000,1,0,296,1,1,1,4328.65,18645.1,1310.24,46.3844,0.482746,1219.27,278371,75.0478,23.1957,0.267264,51.5848,125.105,23.1887,0.0718272,101.845,200.153,0,0,0
1000,1,0,297,1,1,1,4323.24,18636.4,1310.26,46.3844,0.6264,1219.14,278370,92.1627,23.1957,0.267264,68.6997,121.366,23.1887,0.0718272,98.1053,213.529,0,0,0
1000,1,0,298,1,1,1,4343.84,18676.3,1310.44,46.3844,0.713261,1219.23,278367,74.2668,23.1957,0.462701,50.6084,116.216,23.1887,0.106906,92.9201,190.483,0,0,0
1000,1,0,299,1,1,1,4328.9,18669.3,1310.38,46.3844,0.482746,1219.4,278368,134.308,23.1957,0.267264,110.845,83.5192,23.1887,0.0718272,60.2587,217.828,0,0,0
1000,1,0,300,1,1,1,4328.02,18669.2,1310.42,46.3844,0.482746,1219.44,278368,130.491,23.1957,0.267264,107.028,76.1411,23.1887,0.0718272,52.8806,206.632,0,0,0
1000,1,0,301,1,1,1,4366.66,24727.5,1315.89,52.1883,0.840211,1218.92,278369,272.229,28.9996,0.481075,242.637,129.848,23.1887,0.0718272,106.588,402.077,0,0,0
1000,1,0,302,1,1,1,4329.15,18644.5,1310.42,46.3844,0.482746,1219.45,278368,119.061,23.1957,0.267264,95.5985,127.859,23.1887,0.0718272,104.599,246.921,0,0,0
1000,1,0,303,1,1,1,4317.62,24676.8,1315.89,52.1883,0.696557,1219.07,278370,286.399,28.9996,0.481075,256.848,72.2374,23.1887,0.0718272,48.9769,358.636,0,0,0
1000,1,0,304,1,1,1,4323.14,18649.7,1310.3,46.3844,0.482746,1219.33,278370,74.4576,23.1957,0.267264,50.9946,122.775,23.1887,0.0718272,99.5149,197.233,0,0,0
1000,1,0,305,1,1,1,4324.04,18637.2,1310.28,46.3844,0.482746,1219.31,278370,135.458,23.1957,0.267264,111.995,79.0577,23.1887,0.0718272,55.7972,214.516,0,0,0
1000,1,0,306,1,1,1,4327.24,18655.6,1310.4,46.3844,0.482746,1219.43,278368,122.294,23.1957,0.267264,98.8308,124.847,23.1887,0.0718272,101.587,247.141,0,0,0
1000,1,0,307,1,1,1,4319.94,30697.5,1321.66,58.003,0.963821,1218.94,278366,414.258,34.8143,0.748339,378.171,129.524,23.1887,0.0718272,106.263,543.782,0,0,0
1000,1,0,308,1,1,1,4315.02,24649.3,1315.96,52.1883,0.696557,1219.14,278369,194.228,28.9996,0.481075,164.414,26.3954,23.1887,0.0718272,3.13494,220.623,0,0,0
1000,1,0,309,1,1,1,4316.62,18666.6,1310.32,46.3844,0.482746,1219.35,278369,123.561,23.1957,0.267264,100.098,87.2569,23.1887,0.0718272,63.9964,210.818,0,0,0
1000,1,0,310,1,1,1,4320.46,18719,1310.22,46.3844,0.517824,1219.21,278371,130.584,23.1957,0.302342,107.086,77.3522,23.1887,0.0718272,54.0917,207.936,0,0,0
1000,1,0,311,1,1,1,4313.1,18633.4,1310.32,46.3844,0.482746,1219.34,278369,124.812,23.1957,0.267264,101.349,83.7357,23.1887,0.0718272,60.4752,208.547,0,0,0
1000,1,0,312,1,1,1,4316.62,24665.7,1315.87,52.1883,0.536198,1219.21,278370,233.943,28.9996,0.320717,204.403,38.9839,23.1887,0.0718272,15.7234,272.927,0,0,0
1000,1,0,313,1,1,1,4322.95,18687.5,1310.41,46.3844,1.06906,1218.84,278367,121.51,23.1957,0.853574,97.461,121.934,23.1887,0.0718272,98.6738,243.445,0,0,0
1000,1,0,314,1,0,0,-1,-1,1287.79,23.1957,0.302342,1219.48,278371,-1,-1,-1,-1,-1,-1,-1,-1,-1,0,0,0
1000,1,0,315,1,1,1,4324.17,18648,1310.36,46.3844,0.517824,1219.35,278369,117.782,23.1957,0.267264,94.3188,128.373,23.1887,0.106906,105.077,246.155,0,0,0
1000,1,0,316,1,1,1,4334.6,18663,1310.29,46.3844,0.678182,1219.11,278370,129.293,23.1957,0.462701,105.635,76.771,23.1887,0.0718272,53.5105,206.064,0,0,0
1000,1,0,317,1,1,1,4329.42,18642.9,1310.38,46.3844,0.517824,1219.37,278368,81.5017,23.1957,0.267264,58.0388,120.183,23.1887,0.106906,96.8871,201.684,0,0,0
1000,1,0,318,1,1,1,4324.75,18661.6,1310.3,46.3844,0.517824,1219.29,278370,124.071,23.1957,0.302342,100.572,116.675,23.1887,0.0718272,93.4146,240.746,0,0,0
1000,1,0,319,1,1,1,4348.65,18663.5,1310.23,46.3844,0.482746,1219.25,278371,95.7073,23.1957,0.267264,72.2443,122.62,23.1887,0.0718272,99.3597,218.327,0,0,0
1000,1,0,320,1,1,1,4325.64,18653.8,1310.26,46.3844,0.482746,1219.28,278370,119.935,23.1957,0.267264,96.472,122.972,23.1887,0.0718272,99.7116,242.907,0,0,0
1000,1,0,321,1,1,1,4358.13,24698.8,1315.93,52.1883,0.910368,1218.9,278368,285.316,28.9996,0.551232,255.695,76.6158,23.1887,0.0718272,53.3553,361.931,0,0,0
1000,1,0,322,1,1,1,4321.93,18650.9,1310.3,46.3844,0.482746,1219.32,278370,107.291,23.1957,0.267264,83.8275,131.832,23.1887,0.0718272,108.571,239.122,0,0,0
1000,1,0,323,1,1,1,4329.21,18670.7,1310.2,46.3844,0.517824,1219.19,278371,125.679,23.1957,0.302342,102.181,84.5876,23.1887,0.0718272,61.3271,210.266,0,0,0
1000,1,0,324,1,1,1,4335.69,18665.1,1310.25,46.3844,0.482746,1219.27,278371,124.792,23.1957,0.267264,101.329,84.2447,23.1887,0.0718272,60.9842,209.036,0,0,0
1000,1,0,325,1,1,1,4324.72,18664.6,1310.25,46.3844,0.482746,1219.27,278371,125.591,23.1957,0.267264,102.128,128.664,23.1887,0.0718272,105.404,254.256,0,0,0
1000,1,0,326,1,1,1,4319.18,18687.2,1310.23,46.3952,0.50112,1219.23,278371,125.079,23.2065,0.285638,101.587,105.65,23.1887,0.0718272,82.3891,230.729,0,0,0
1000,1,0,327,1,1,1,4340.07,18684.3,1310.42,46.3844,0.713261,1219.21,278367,125.882,23.1957,0.462701,102.224,125.319,23.1887,0.106906,102.024,251.201,0,0,0
1000,1,0,328,1,1,1,4342.02,18660.4,1310.27,46.3844,0.482746,1219.29,278370,110.581,23.1957,0.267264,87.1177,134.268,23.1887,0.0718272,111.008,244.849,0,0,0
1000,1,0,329,1,1,1,4364.2,24769.2,1316.05,52.1883,1.12418,1218.8,278365,277.769,28.9996,0.621389,248.046,87.9481,23.1887,0.0718272,64.6876,365.718,0,0,0
1000,1,0,330,1,1,1,4317.9,18655.5,1310.36,46.3844,0.678182,1219.19,278368,130.42,23.1957,0.462701,106.761,86.1343,23.1887,0.0718272,62.8738,216.554,0,0,0
1000,1,0,331,1,1,1,4323.46,18731.9,1310.25,46.3844,0.482746,1219.27,278371,130.729,23.1957,0.267264,107.266,128.71,23.1887,0.0718272,105.449,259.439,0,0,0
1000,1,0,332,1,1,1,4325.87,18642.3,1310.32,46.3844,0.482746,1219.35,278369,78.8072,23.1957,0.267264,55.3442,118.332,23.1887,0.0718272,95.0714,197.139,0,0,0
1000,1,0,333,1,0,0,-1,-1,1293.35,28.9996,0.481075,1219.23,278372,-1,-1,-1,-1,-1,-1,-1,-1,-1,0,0,0
1000,1,0,334,1,1,1,4314.7,18649.8,1310.28,46.3844,0.482746,1219.31,278370,131.469,23.1957,0.267264,108.006,78.1607,23.1887,0.0718272,54.9002,209.63,0,0,0
1000,1,0,335,1,0,0,-1,-1,1287.85,23.1957,0.302342,1219.54,278370,-1,-1,-1,-1,-1,-1,-1,-1,-1,0,0,0
1000,1,0,336,1,1,1,4338.34,18721,1310.28,46.3844,0.731635,1219.05,278369,122.03,23.1957,0.337421,98.497,125.379,23.1887,0.106906,102.083,247.409,0,0,0
1000,1,0,337,1,1,1,4327.96,18706.6,1310.46,46.3844,1.06906,1218.9,278366,132.857,23.1957,0.853574,108.808,133.781,23.1887,0.0718272,110.521,266.638,0,0,0
1000,1,0,338,1,1,1,4330.95,18666.6,1310.5,46.3844,0.678182,1219.32,278366,121.199,23.1957,0.462701,97.5404,91.3502,23.1887,0.0718272,68.0897,212.549,0,0,0
1000,1,0,339,1,1,1,4323.33,18650.8,1310.43,46.3844,0.678182,1219.25,278367,122.348,23.1957,0.462701,98.6901,92.2183,23.1887,0.0718272,68.9578,214.567,0,0,0
1000,1,0,340,1,1,1,4323.58,18643,1310.4,46.3844,0.517824,1219.39,278368,77.8596,23.1957,0.267264,54.3967,124.908,23.1887,0.106906,101.612,202.767,0,0,0
1000,1,0,341,1,1,1,4333.44,18666.6,1310.2,46.3844,0.482746,1219.23,278372,126.674,23.1957,0.267264,103.211,126.708,23.1887,0.0718272,103.448,253.382,0,0,0
1000,1,0,342,1,1,1,4316.62,18631.3,1310.25,46.3844,0.482746,1219.27,278371,71.6565,23.1957,0.267264,48.1936,107.016,23.1887,0.0718272,83.7554,178.672,0,0,0
1000,1,0,343,1,1,1,4333.31,18647.9,1310.27,46.3844,0.6264,1219.15,278370,97.9814,23.1957,0.267264,74.5184,123.445,23.1887,0.0718272,100.184,221.426,0,0,0
1000,1,0,344,1,1,2,10354,24670.6,1332.92,69.5741,0.519494,1219.42,278367,76.7876,23.1957,0.267264,53.3246,283.715,46.3784,0.108576,237.228,360.503,1,0,0
1000,1,0,345,1,1,1,4315.98,18700.9,1310.22,46.3844,0.482746,1219.25,278371,122.709,23.1957,0.267264,99.246,90.8214,23.1887,0.0718272,67.5609,213.53,0,0,0
1000,1,0,346,1,1,1,4361.77,24737.7,1315.99,52.1883,0.927072,1218.94,278367,273.757,28.9996,0.71159,243.937,130.994,23.1887,0.0718272,107.734,404.751,0,0,0
1000,1,0,347,1,0,0,-1,-1,1287.77,23.1957,0.267264,1219.5,278372,-1,-1,-1,-1,-1,-1,-1,-1,-1,0,0,0
1000,1,0,348,1,1,1,4349.84,18687.8,1310.46,46.3844,0.517824,1219.45,278367,122.981,23.1957,0.267264,99.5185,121.924,23.1887,0.106906,98.6287,244.906,0,0,0
1000,1,0,349,1,1,1,4350.33,18674.5,1310.2,46.3844,0.482746,1219.23,278372,125.396,23.1957,0.267264,101.933,110.409,23.1887,0.0718272,87.1484,235.805,0,0,0
1000,1,0,350,1,1,1,4322.5,18676.1,1310.25,46.3844,0.482746,1219.27,278371,112.541,23.1957,0.267264,89.0777,57.0807,23.1887,0.0718272,33.8201,169.621,0,0,0
1000,1,0,351,1,1,1,4321.13,18644.5,1310.32,46.3844,0.482746,1219.35,278369,122.37,23.1957,0.267264,98.9066,123.921,23.1887,0.0718272,100.661,246.291,0,0,0
1000,1,0,352,1,1,1,4315.66,18642,1310.24,46.3844,0.482746,1219.27,278371,72.8495,23.1957,0.267264,49.3865,122.644,23.1887,0.0718272,99.3831,195.493,0,0,0
1000,1,0,353,1,1,1,4330.44,18651.4,1310.24,46.3844,0.536198,1219.21,278370,80.9683,23.1957,0.302342,57.4702,121.02,23.1887,0.0902016,97.7407,201.988,0,0,0
1000,1,0,354,1,1,1,4332.93,18688.3,1310.38,46.3844,0.873619,1219.02,278367,100.708,23.1957,0.658138,76.8538,128.367,23.1887,0.0718272,105.106,229.074,0,0,0
1000,1,0,355,1,1,1,4321.51,18666.5,1310.48,46.3844,0.482746,1219.5,278367,127.154,23.1957,0.267264,103.691,71.2393,23.1887,0.0718272,47.9788,198.393,0,0,0
1000,1,0,356,1,1,1,4327.05,18639.6,1310.3,46.3844,0.482746,1219.32,278370,133.238,23.1957,0.267264,109.775,131.135,23.1887,0.0718272,107.875,264.373,0,0,0
1000,1,0,357,1,1,1,4375.76,18700,1310.26,46.3844,0.482746,1219.29,278370,124.81,23.1957,0.267264,101.347,112.739,23.1887,0.0718272,89.4784,237.549,0,0,0
1000,1,0,358,1,1,1,4340.19,18790.1,1310.22,46.3844,0.552902,1219.18,278371,124.806,23.1957,0.337421,101.273,94.1982,23.1887,0.0718272,70.9377,219.004,0,0,0
1000,1,0,359,1,1,1,4317.9,18647,1310.23,46.3844,0.482746,1219.25,278371,116.834,23.1957,0.267264,93.3713,62.4301,23.1887,0.0718272,39.1696,179.264,0,0,0
1000,1,0,360,1,1,1,4332.11,18651.5,1310.24,46.3844,0.517824,1219.23,278371,120.92,23.1957,0.267264,97.4574,123.357,23.1887,0.106906,100.062,244.278,0,0,0
1000,1,0,361,1,1,1,4322.71,18653.5,1310.12,46.3844,0.517824,1219.11,278373,122.174,23.1957,0.302342,98.6756,101.921,23.1887,0.0718272,78.6604,224.095,0,0,0
1000,1,0,362,1,1,1,4326.44,18664.7,1310.4,46.3844,0.482746,1219.43,278368,117.919,23.1957,0.267264,94.456,128.628,23.1887,0.0718272,105.368,246.547,0,0,0
1000,1,0,363,1,1,1,4330.25,18664.8,1310.24,46.3844,0.482746,1219.27,278371,107.227,23.1957,0.267264,83.7644,131.929,23.1887,0.0718272,108.669,239.157,0,0,0
1000,1,0,364,1,1,1,4336.94,18668.9,1310.25,46.3844,0.482746,1219.27,278371,87.9394,23.1957,0.267264,64.4765,116.282,23.1887,0.0718272,93.0212,204.221,0,0,0
1000,1,0,365,1,1,1,4324.73,18771.6,1310.42,46.3844,0.713261,1219.21,278367,132.202,23.1957,0.497779,108.508,77.354,23.1887,0.0718272,54.0935,209.556,0,0,0
1000,1,0,366,1,1,1,4317.58,18658.3,1310.24,46.3844,0.482746,1219.27,278371,119.567,23.1957,0.267264,96.1038,121.835,23.1887,0.0718272,98.5746,241.402,0,0,0
1000,1,0,367,1,1,1,4363.86,18698.8,1310.24,46.3844,0.482746,1219.27,278371,75.3835,23.1957,0.267264,51.9205,112.409,23.1887,0.0718272,89.1481,187.792,0,0,0
1000,1,0,368,1,1,1,4318.22,18657.6,1310.34,46.3844,0.482746,1219.37,278369,82.7362,23.1957,0.267264,59.2732,120.821,23.1887,0.0718272,97.5603,203.557,0,0,0
1000,1,0,369,0,0,0,-1,-1,1287.73,23.206,0.516154,1219.19,278372,-1,-1,-1,-1,-1,-1,-1,-1,-1,0,0,0
1000,1,0,370,1,1,1,4317.58,18633.7,1310.28,46.3844,0.482746,1219.3,278370,75.9736,23.1957,0.267264,52.5107,126.201,23.1887,0.0718272,102.94,202.175,0,0,0
1000,1,0,371,1,1,1,4316.62,18636.7,1310.3,46.3844,0.482746,1219.32,278370,134.402,23.1957,0.267264,110.939,78.2004,23.1887,0.0718272,54.9399,212.603,0,0,0
1000,1,0,372,1,1,1,4318.22,18653.9,1310.44,46.3844,0.482746,1219.46,278367,134.018,23.1957,0.267264,110.555,78.3755,23.1887,0.0718272,55.115,212.393,0,0,0
1000,1,0,373,1,1,2,10327.2,24649.5,1332.91,69.5741,0.663149,1219.27,278367,121.334,23.1957,0.267264,97.8707,302.892,46.3784,0.25223,256.262,424.226,1,0,0
1000,1,0,374,1,1,1,4338.93,18679.5,1310.19,46.3844,0.696557,1219,278371,126.37,23.1957,0.302342,102.872,125.505,23.1887,0.106906,102.209,251.875,0,0,0
1000,1,0,375,1,0,0,-1,-1,1293.29,28.9996,0.425952,1219.23,278372,-1,-1,-1,-1,-1,-1,-1,-1,-1,0,0,0
1000,1,0,376,1,1,1,4317.9,18674.5,1310.23,46.3844,0.678182,1219.06,278371,117.102,23.1957,0.462701,93.4435,130.491,23.1887,0.0718272,107.23,247.593,0,0,0
1000,1,0,377,1,1,1,4333.83,18645.1,1310.18,46.3844,0.517824,1219.17,278372,77.2622,23.1957,0.267264,53.7993,117.999,23.1887,0.106906,94.7033,195.261,0,0,0
1000,1,0,378,1,1,1,4316.62,18713.3,1310.29,46.3844,0.873619,1218.92,278369,132.653,23.1957,0.658138,108.799,85.342,23.1887,0.0718272,62.0815,217.995,0,0,0
1000,1,0,379,1,1,1,4319.54,18663.5,1310.25,46.3844,0.482746,1219.27,278371,132.933,23.1957,0.267264,109.47,79.9998,23.1887,0.0718272,56.7393,212.933,0,0,0
1000,1,0,380,1,1,1,4328.39,18655.9,1310.44,46.3844,0.678182,1219.27,278367,81.7315,23.1957,0.462701,58.073,120.18,23.1887,0.0718272,96.9196,201.912,0,0,0
1000,1,0,381,1,1,1,4344.16,18668.7,1310.34,46.3844,0.482746,1219.36,278369,125.075,23.1957,0.267264,101.612,109.664,23.1887,0.0718272,86.403,234.739,0,0,0
1000,1,0,382,1,1,1,4325.79,18647.1,1310.38,46.3844,0.482746,1219.4,278368,77.7044,23.1957,0.267264,54.2415,121.091,23.1887,0.0718272,97.831,198.796,0,0,0
1000,1,0,383,1,1,1,4320,18637.2,1310.26,46.3844,0.482746,1219.28,278370,74.7464,23.1957,0.267264,51.2834,122.434,23.1887,0.0718272,99.1738,197.181,0,0,0
1000,1,0,384,1,1,1,4395.63,18713.1,1310.38,46.3844,0.50112,1219.38,278368,116.708,23.1957,0.267264,93.245,122.536,23.1887,0.0902016,99.2568,239.244,0,0,0
1000,1,0,385,1,1,2,10320.5,24678,1332.78,69.5741,0.785088,1219.02,278369,97.8517,23.1957,0.532858,74.1231,289.722,46.3784,0.108576,243.235,387.573,1,0,0
1000,1,0,386,1,1,1,4337.53,18690.6,1310.3,46.3844,0.517824,1219.29,278370,119.257,23.1957,0.302342,95.7591,121.091,23.1887,0.0718272,97.831,240.349,0,0,0
1000,1,0,387,0,0,0,-1,-1,1287.88,23.206,0.516154,1219.35,278369,-1,-1,-1,-1,-1,-1,-1,-1,-1,0,0,0
1000,1,0,388,1,1,1,4318.86,30668.1,1321.59,57.9922,1.40648,1218.43,278366,437.107,34.8035,1.191,400.658,79.7237,23.1887,0.0718272,56.4632,516.831,0,0,0
1000,1,0,389,1,1,1,4317.9,18633.3,1310.26,46.3844,0.482746,1219.29,278370,74.8637,23.1957,0.267264,51.4007,110.651,23.1887,0.0718272,87.3902,185.514,0,0,0
1000,1,0,390,1,1,1,4331.4,18683.6,1310.24,46.3844,0.482746,1219.27,278371,112.284,23.1957,0.267264,88.8214,132.413,23.1887,0.0718272,109.152,244.697,0,0,0
1000,1,0,391,1,1,1,4314.38,18659.1,1310.23,46.3844,0.678182,1219.05,278371,130.97,23.1957,0.462701,107.312,77.982,23.1887,0.0718272,54.7215,208.952,0,0,0
1000,1,0,392,1,1,1,4316.62,18631.1,1310.36,46.3844,0.482746,1219.39,278369,67.5127,23.1957,0.267264,44.0498,104.63,23.1887,0.0718272,81.3694,172.143,0,0,0
1000,1,0,393,1,1,1,4317.26,18635.5,1310.26,46.3844,0.482746,1219.28,278370,134.871,23.1957,0.267264,111.408,77.964,23.1887,0.0718272,54.7035,212.835,0,0,0
1000,1,0,394,1,1,1,4329.01,18659.2,1310.46,46.3844,0.482746,1219.49,278367,126.246,23.1957,0.267264,102.783,123.813,23.1887,0.0718272,100.553,250.059,0,0,0
1000,1,0,395,1,1,1,4324.42,18649.8,1310.24,46.3844,0.482746,1219.27,278371,133.913,23.1957,0.267264,110.45,78.7256,23.1887,0.0718272,55.4651,212.639,0,0,0
1000,1,0,396,1,1,1,4319.02,18641.1,1310.28,46.3844,0.482746,1219.31,278370,131.428,23.1957,0.267264,107.965,78.5108,23.1887,0.0718272,55.2503,209.939,0,0,0
1000,1,0,397,1,1,1,4328.2,18693.9,1310.4,46.3844,0.713261,1219.19,278367,122.247,23.1957,0.462701,98.589,124.458,23.1887,0.106906,101.163,246.706,0,0,0
1000,1,0,398,1,1,1,4316.1,18634.3,1310.24,46.3844,0.482746,1219.27,278371,129.313,23.1957,0.267264,105.85,76.5165,23.1887,0.0718272,53.256,205.829,0,0,0
1000,1,0,399,1,1,1,4315.66,18643.1,1310.24,46.3844,0.482746,1219.27,278371,122.949,23.1957,0.267264,99.486,101.118,23.1887,0.0718272,77.8573,224.067,0,0,0
1000,1,0,400,1,1,1,4325.65,18640.1,1310.24,46.3844,0.482746,1219.27,278371,99.9035,23.1957,0.267264,76.4405,126.623,23.1887,0.0718272,103.363,226.527,0,0,0
1000,1,0,401,1,1,1,4335.24,18661.5,1310.53,46.3844,0.770054,1219.27,278365,76.9699,23.1957,0.267264,53.5069,120.929,23.1887,0.0718272,97.6686,197.899,0,0,0
1000,1,0,402,1,1,1,4339.38,18709.3,1310.42,46.3844,0.482746,1219.44,278368,129.32,23.1957,0.267264,105.857,130.204,23.1887,0.0718272,106.943,259.524,0,0,0
1000,1,0,403,1,1,1,4358.09,18671.6,1310.25,46.3844,0.482746,1219.27,278371,81.1263,23.1957,0.267264,57.6634,121.323,23.1887,0.0718272,98.062,202.449,0,0,0
1000,1,0,404,1,1,1,4360.21,18693.4,1310.35,46.3844,0.6264,1219.23,278369,119.233,23.1957,0.267264,95.7699,125.502,23.1887,0.0718272,102.242,244.735,0,0,0
1000,1,0,405,1,1,1,4336.42,18695.4,1310.6,46.3844,0.678182,1219.43,278364,132.23,23.1957,0.462701,108.571,130.408,23.1887,0.0718272,107.147,262.638,0,0,0
1000,1,0,406,1,1,1,4357.77,18690.9,1310.47,46.3844,0.770054,1219.21,278366,122.213,23.1957,0.267264,98.7496,129.834,23.1887,0.0718272,106.573,252.047,0,0,0
1000,1,0,407,1,1,1,4334.15,18649.9,1310.39,46.3844,0.552902,1219.35,278368,124.979,23.1957,0.267264,101.516,84.2463,23.1887,0.141984,60.9156,209.226,0,0,0
1000,1,0,408,1,1,1,4332.36,18658.4,1310.4,46.3844,0.482746,1219.42,278368,71.9453,23.1957,0.267264,48.4823,107.232,23.1887,0.0718272,83.9719,179.178,0,0,0
1000,1,0,409,1,1,2,10343.8,24657.4,1332.74,69.5741,0.554573,1219.21,278370,122.498,23.1957,0.267264,99.0348,290,46.3784,0.143654,243.478,412.498,1,0,0
1000,1,0,410,1,1,1,4318.22,18650.5,1310.42,46.3844,0.482746,1219.45,278368,133.964,23.1957,0.267264,110.501,84.8692,23.1887,0.0718272,61.6087,218.833,0,0,0
1000,1,0,411,1,1,1,4317.26,18705.4,1310.52,46.3844,0.908698,1219.11,278365,126.898,23.1957,0.693216,103.009,112.58,23.1887,0.0718272,89.3196,239.478,0,0,0
1000,1,0,412,1,1,1,4320.58,18636,1310.32,46.3844,0.482746,1219.35,278369,66.7042,23.1957,0.267264,43.2412,104.125,23.1887,0.0718272,80.8641,170.829,0,0,0
1000,1,0,413,1,1,1,4316.94,18628.5,1310.28,46.3844,0.482746,1219.3,278370,79.7402,23.1957,0.267264,56.2773,119.202,23.1887,0.0718272,95.9414,198.942,0,0,0
1000,1,0,414,1,1,1,4353.79,18677,1310.24,46.3844,0.482746,1219.27,278371,121.686,23.1957,0.267264,98.2226,125.667,23.1887,0.0718272,102.406,247.352,0,0,0
1000,1,0,415,1,1,1,4319.18,18657.8,1310.24,46.3844,0.482746,1219.27,278371,125.718,23.1957,0.267264,102.255,70.4578,23.1887,0.0718272,47.1973,196.175,0,0,0
1000,1,0,416,1,1,1,4315.34,24687.6,1315.99,52.1883,0.696557,1219.17,278368,284.392,28.9996,0.481075,254.834,66.2508,23.1887,0.0718272,42.9903,350.643,0,0,0
1000,1,0,417,1,1,1,4325.68,18639.8,1310.44,46.3844,0.482746,1219.47,278367,77.1864,23.1957,0.267264,53.7235,117.673,23.1887,0.0718272,94.4127,194.86,0,0,0
1000,1,0,418,1,1,1,4327.43,18644,1310.24,46.3844,0.482746,1219.27,278371,83.0105,23.1957,0.267264,59.5476,120.03,23.1887,0.0718272,96.7698,203.041,0,0,0
1000,1,0,419,1,1,1,4316.87,24685.4,1315.93,52.1883,0.731635,1219.08,278369,198.622,28.9996,0.516154,168.779,27.2798,23.1887,0.0718272,4.01929,225.901,0,0,0
1000,1,0,420,1,1,1,4318.71,18650.8,1310.32,46.3844,0.482746,1219.35,278369,108.249,23.1957,0.267264,84.7859,131.061,23.1887,0.0718272,107.801,239.31,0,0,0
1000,1,0,421,1,1,1,4316.01,18637.7,1310.3,46.3844,0.482746,1219.33,278370,74.0912,23.1957,0.267264,50.6282,117.493,23.1887,0.0718272,94.2322,191.584,0,0,0
1000,1,0,422,1,1,1,4318.86,18671.6,1310.22,46.3844,0.517824,1219.21,278371,129.923,23.1957,0.302342,106.425,76.3451,23.1887,0.0718272,53.0846,206.269,0,0,0
1000,1,0,423,1,1,1,4363.59,18685.8,1310.54,46.3844,0.6264,1219.42,278365,107.614,23.1957,0.267264,84.1506,132.343,23.1887,0.0718272,109.082,239.956,0,0,0
1000,1,0,424,1,1,1,4336.51,18674.1,1310.37,46.3844,0.6264,1219.25,278368,124.53,23.1957,0.267264,101.067,126.156,23.1887,0.0718272,102.895,250.686,0,0,0
1000,1,0,425,1,1,1,4347.31,18663.1,1310.49,46.3844,0.552902,1219.45,278366,121.823,23.1957,0.267264,98.3598,88.4316,23.1887,0.141984,65.1009,210.254,0,0,0
1000,1,0,426,1,1,1,4336.52,18653.7,1310.45,46.3844,0.770054,1219.18,278366,71.9814,23.1957,0.267264,48.5184,107.781,23.1887,0.0718272,84.5206,179.762,0,0,0
1000,1,0,427,1,1,1,4321.13,18634.3,1310.28,46.3844,0.482746,1219.3,278370,131.455,23.1957,0.267264,107.992,78.8808,23.1887,0.0718272,55.6203,210.336,0,0,0
1000,1,0,428,1,1,1,4316.3,18631.7,1310.4,46.3844,0.482746,1219.42,278368,74.0984,23.1957,0.267264,50.6355,122.075,23.1887,0.0718272,98.8146,196.174,0,0,0
1000,1,0,429,1,1,1,4340.88,18659.4,1310.27,46.3844,0.482746,1219.29,278370,87.9593,23.1957,0.267264,64.4963,116.435,23.1887,0.0718272,93.1746,204.394,0,0,0
1000,1,0,430,1,1,1,4316.62,18736.2,1310.36,46.3844,0.713261,1219.15,278368,123.654,23.1957,0.497779,99.9607,128.867,23.1887,0.0718272,105.606,252.521,0,0,0
1000,1,0,431,1,1,1,4342.09,18691.7,1310.24,46.3844,0.713261,1219.04,278370,129.052,23.1957,0.497779,105.359,130.785,23.1887,0.0718272,107.525,259.837,0,0,0
1000,1,0,432,1,1,1,4337.74,18682.4,1310.32,46.3844,0.482746,1219.34,278369,121.039,23.1957,0.267264,97.5765,126.269,23.1887,0.0718272,103.009,247.309,0,0,0
1000,1,0,433,1,1,1,4370.63,18700.7,1310.38,46.3844,0.678182,1219.21,278368,74.9977,23.1957,0.462701,51.3393,112.526,23.1887,0.0718272,89.2654,187.524,0,0,0
1000,1,0,434,1,1,1,4328.11,30820,1321.66,57.9922,1.08576,1218.83,278365,420.409,34.8035,0.870278,384.209,87.5691,23.1887,0.0718272,64.3086,507.979,0,0,0
1000,1,0,435,1,1,1,4322.31,18639.3,1310.4,46.3844,0.482746,1219.43,278368,73.8006,23.1957,0.267264,50.3377,109.766,23.1887,0.0718272,86.5059,183.567,0,0,0
1000,1,0,436,1,1,1,4347.56,18674,1310.23,46.3844,0.644774,1219.09,278370,73.8061,23.1957,0.267264,50.3431,118.383,23.1887,0.0902016,95.1039,192.189,0,0,0
1000,1,0,437,1,1,1,4342.98,18670.8,1310,46.3844,0.623059,1218.88,278374,97.8287,23.1957,0.302342,74.3307,123.473,23.1887,0.177062,100.107,221.301,0,0,0
1000,1,0,438,1,1,1,4330.34,18704.9,1310.23,46.3844,0.482746,1219.25,278371,112.932,23.1957,0.267264,89.4694,132.608,23.1887,0.0718272,109.347,245.54,0,0,0
1000,1,0,439,1,1,1,4316.62,18642.2,1310.44,46.3844,0.678182,1219.27,278367,73.5196,23.1957,0.462701,49.8612,107.655,23.1887,0.0718272,84.3943,181.174,0,0,0
1000,1,0,440,1,1,1,4364.09,18683.5,1310.55,46.3844,0.6264,1219.43,278365,120.263,23.1957,0.267264,96.8004,125.795,23.1887,0.0718272,102.534,246.058,0,0,0
1000,1,0,441,1,1,1,4317.26,18649.8,1310.26,46.3844,0.482746,1219.29,278370,124.665,23.1957,0.267264,101.202,70.0463,23.1887,0.0718272,46.7858,194.712,0,0,0
1000,1,0,442,1,1,1,4316.23,18681.6,1310.24,46.3844,0.482746,1219.27,278371,133.68,23.1957,0.267264,110.217,80.1983,23.1887,0.0718272,56.9378,213.879,0,0,0
1000,1,0,443,1,1,1,4330.31,18723.4,1310.26,46.3844,0.482746,1219.28,278370,131.506,23.1957,0.267264,108.043,76.753,23.1887,0.0718272,53.4925,208.258,0,0,0
1000,1,0,444,1,1,1,4333.6,30794.5,1321.73,57.9922,1.17596,1218.81,278364,414.917,34.8035,0.96048,378.616,129.181,23.1887,0.0718272,105.92,544.098,0,0,0
1000,1,0,445,1,1,2,10362.9,24696.8,1332.83,69.5741,0.663149,1219.19,278368,116.811,23.1957,0.267264,93.3479,292.28,46.3784,0.25223,245.65,409.091,1,0,0
1000,1,0,446,1,1,1,4322.54,18636.7,1310.24,46.3844,0.482746,1219.27,278371,79.6843,23.1957,0.267264,56.2213,119.44,23.1887,0.0718272,96.1796,199.124,0,0,0
1000,1,0,447,1,1,1,4316.55,18642.2,1310.24,46.3844,0.517824,1219.23,278371,120.835,23.1957,0.302342,97.3365,65.7256,23.1887,0.0718272,42.4651,186.56,0,0,0
1000,1,0,448,1,1,1,4322.76,18642.3,1310.3,46.3844,0.482746,1219.32,278370,73.6671,23.1957,0.267264,50.2041,121.999,23.1887,0.0718272,98.7388,195.666,0,0,0
1000,1,0,449,1,1,2,10334.5,24657.7,1332.82,69.5741,0.663149,1219.17,278368,73.1527,23.1957,0.267264,49.6898,268.518,46.3784,0.25223,221.888,341.671,1,0,0
1000,1,0,450,1,1,1,4319.82,18638,1310.3,46.3844,0.482746,1219.32,278370,122.256,23.1957,0.267264,98.7929,105.244,23.1887,0.0718272,81.983,227.499,0,0,0
1000,1,0,451,1,1,1,4326.15,18645.5,1310.32,46.3844,0.482746,1219.35,278369,122.476,23.1957,0.267264,99.0131,119.935,23.1887,0.0718272,96.6741,242.411,0,0,0
1000,1,0,452,1,1,1,4334.85,18665.4,1310.34,46.3844,0.482746,1219.37,278369,75.8978,23.1957,0.267264,52.4349,125.771,23.1887,0.0718272,102.511,201.669,0,0,0
1000,1,0,453,1,1,1,4336.94,18675.2,1310.24,46.3844,0.482746,1219.27,278371,133.967,23.1957,0.267264,110.504,84.6418,23.1887,0.0718272,61.3812,218.609,0,0,0
1000,1,0,454,1,1,2,10364.5,24677.1,1332.63,69.5741,0.554573,1219.09,278372,81.5486,23.1957,0.267264,58.0857,277.937,46.3784,0.143654,231.415,359.486,1,0,0
1000,1,0,455,1,1,1,4339.29,18662.1,1310.3,46.3844,0.50112,1219.3,278370,76.4356,23.1957,0.267264,52.9727,125.602,23.1887,0.0902016,102.323,202.038,0,0,0
1000,1,0,456,1,1,1,4317.94,18655.2,1310.3,46.3844,0.482746,1219.32,278370,77.2983,23.1957,0.267264,53.8354,120.675,23.1887,0.0718272,97.4141,197.973,0,0,0
1000,1,0,457,1,0,0,-1,-1,1287.98,23.1957,0.853574,1219.12,278367,-1,-1,-1,-1,-1,-1,-1,-1,-1,0,0,0
1000,1,0,458,1,0,0,-1,-1,1287.93,23.1957,0.267264,1219.66,278369,-1,-1,-1,-1,-1,-1,-1,-1,-1,0,0,0
1000,1,0,459,1,1,1,4317.26,18661.6,1310.46,46.3844,0.678182,1219.29,278366,129.355,23.1957,0.462701,105.696,73.2968,23.1887,0.0718272,50.0363,202.651,0,0,0
1000,1,0,460,1,0,0,-1,-1,1287.85,23.1957,0.267264,1219.58,278370,-1,-1,-1,-1,-1,-1,-1,-1,-1,0,0,0
1000,1,0,461,1,1,1,4320.93,18637,1310.25,46.3844,0.482746,1219.27,278371,125.844,23.1957,0.267264,102.381,86.5224,23.1887,0.0718272,63.2618,212.366,0,0,0
1000,1,0,462,1,1,1,4326.57,18639.5,1310.28,46.3844,0.482746,1219.3,278370,82.0468,23.1957,0.267264,58.5838,121.92,23.1887,0.0718272,98.6594,203.967,0,0,0
1000,1,0,463,1,1,1,4324.04,18649.6,1310.26,46.3844,0.482746,1219.29,278370,117.722,23.1957,0.267264,94.2593,122.043,23.1887,0.0718272,98.7821,239.765,0,0,0
1000,1,0,464,1,1,1,4323.72,18638.1,1310.32,46.3844,0.482746,1219.35,278369,120.899,23.1957,0.267264,97.4357,123.288,23.1887,0.0718272,100.027,244.187,0,0,0
1000,1,0,465,1,1,1,4333.94,18650.8,1310.26,46.3844,0.482746,1219.29,278370,129.731,23.1957,0.267264,106.268,76.2801,23.1887,0.0718272,53.0196,206.012,0,0,0
1000,1,0,466,1,1,1,4317.83,18676.8,1310.46,46.3844,0.678182,1219.29,278366,130.434,23.1957,0.462701,106.776,75.652,23.1887,0.0718272,52.3915,206.086,0,0,0
1000,1,0,467,1,1,1,4336.65,18690.4,1310.2,46.3844,0.748339,1218.96,278371,133.487,23.1957,0.532858,109.759,130.657,23.1887,0.0718272,107.396,264.144,0,0,0
1000,1,0,468,1,1,1,4333.13,18653.8,1310.23,46.3844,0.482746,1219.25,278371,121.994,23.1957,0.267264,98.5313,136.102,23.1887,0.0718272,112.842,258.096,0,0,0
1000,1,0,469,1,0,0,-1,-1,1287.77,23.1957,0.302342,1219.46,278371,-1,-1,-1,-1,-1,-1,-1,-1,-1,0,0,0
1000,1,0,470,1,1,1,4319.82,18691.9,1310.19,46.3844,0.873619,1218.82,278371,133.658,23.1957,0.658138,109.804,81.1386,23.1887,0.0718272,57.8781,214.797,0,0,0
1000,1,0,471,1,1,1,4385.61,18736.2,1310.2,46.3844,0.517824,1219.19,278371,127.356,23.1957,0.267264,103.893,135.733,23.1887,0.106906,112.437,263.089,0,0,0
1000,1,0,472,1,1,1,4331.34,18681.6,1310.38,46.3844,0.678182,1219.21,278368,82.9118,23.1957,0.462701,59.2534,120.879,23.1887,0.0718272,97.618,203.79,0,0,0
1000,1,0,473,1,1,1,4348.33,18676.6,1310.47,46.3844,0.6264,1219.35,278366,75.6867,23.1957,0.267264,52.2237,125.425,23.1887,0.0718272,102.164,201.111,0,0,0
1000,1,0,474,1,1,1,4334.51,18650.9,1310.38,46.3844,0.517824,1219.37,278368,78.2495,23.1957,0.267264,54.7865,116.97,23.1887,0.106906,93.6745,195.22,0,0,0
1000,1,0,475,1,1,1,4318.92,18633.1,1310.3,46.3844,0.482746,1219.32,278370,74.6994,23.1957,0.267264,51.2365,117.89,23.1887,0.0718272,94.6293,192.589,0,0,0
1000,1,0,476,1,1,1,4318.66,18651.6,1310.38,46.3844,0.678182,1219.21,278368,78.0731,23.1957,0.462701,54.4147,117.226,23.1887,0.0718272,93.9651,195.299,0,0,0
1000,1,0,477,1,1,1,4330.41,18716,1310.23,46.3844,0.6264,1219.11,278371,132.726,23.1957,0.267264,109.263,77.8792,23.1887,0.0718272,54.6187,210.605,0,0,0
1000,1,0,478,1,1,1,4316.62,18647.9,1310.4,46.3844,0.482746,1219.42,278368,130.596,23.1957,0.267264,107.133,86.7209,23.1887,0.0718272,63.4604,217.317,0,0,0
1000,1,0,479,1,1,1,4318.54,18655.1,1310.38,46.3844,0.678182,1219.21,278368,118.631,23.1957,0.462701,94.9722,63.2332,23.1887,0.0718272,39.9727,181.864,0,0,0
1000,1,0,480,1,1,1,4317.06,18633.5,1310.23,46.3844,0.482746,1219.25,278371,91.1267,23.1957,0.267264,67.6638,118.352,23.1887,0.0718272,95.0913,209.479,0,0,0
1000,1,0,481,1,0,0,-1,-1,1287.89,23.1957,0.267264,1219.62,278370,-1,-1,-1,-1,-1,-1,-1,-1,-1,0,0,0
1000,1,0,482,1,1,1,4329.73,18646.3,1310.42,46.3844,0.482746,1219.45,278368,123.456,23.1957,0.267264,99.9931,100.477,23.1887,0.0718272,77.2166,223.933,0,0,0
1000,1,0,483,1,1,1,4332.59,18661.7,1310.32,46.3844,0.482746,1219.34,278369,116.271,23.1957,0.267264,92.8082,131.424,23.1887,0.0718272,108.163,247.695,0,0,0
1000,1,0,484,1,1,1,4322.93,18638.4,1310.22,46.3844,0.482746,1219.25,278371,125.201,23.1957,0.267264,101.738,107.09,23.1887,0.0718272,83.8294,232.291,0,0,0
1000,1,0,485,1,1,1,4332.5,24655.9,1315.83,52.1883,0.731635,1218.98,278371,264.444,28.9996,0.516154,234.801,127.396,23.1887,0.0718272,104.135,391.84,0,0,0
1000,1,0,486,1,1,1,4327.85,18656.2,1310.25,46.3844,0.587981,1219.16,278370,74.4746,23.1957,0.302342,50.9766,119.328,23.1887,0.141984,95.9973,193.803,0,0,0
1000,1,0,487,1,1,1,4317.58,18639.8,1310.36,46.3844,0.482746,1219.39,278369,88.2408,23.1957,0.267264,64.7779,116.776,23.1887,0.0718272,93.5157,205.017,0,0,0
1000,1,0,488,1,1,1,4341.85,18668.9,1310.35,46.3844,0.6264,1219.23,278369,96.3155,23.1957,0.267264,72.8526,125.221,23.1887,0.0718272,101.96,221.536,0,0,0
1000,1,0,489,1,1,1,4328.76,18643.6,1310.34,46.3844,0.482746,1219.37,278369,73.4234,23.1957,0.267264,49.9605,122.88,23.1887,0.0718272,99.6195,196.303,0,0,0
1000,1,0,490,1,1,1,4320.9,18675,1310.15,46.3844,0.517824,1219.13,278372,132.672,23.1957,0.302342,109.174,87.2334,23.1887,0.0718272,63.9729,219.906,0,0,0
1000,1,0,491,1,1,1,4332.15,18673.8,1310.34,46.3844,0.517824,1219.32,278369,73.2708,23.1957,0.302342,49.7728,123.147,23.1887,0.0718272,99.8867,196.418,0,0,0
1000,1,0,492,1,1,1,4315.66,18673.5,1310.24,46.3844,0.482746,1219.27,278371,133.536,23.1957,0.267264,110.073,80.4997,23.1887,0.0718272,57.2392,214.036,0,0,0
1000,1,0,493,1,1,1,4343.72,18716.1,1310.44,46.3844,0.482746,1219.47,278367,126.044,23.1957,0.267264,102.581,128.775,23.1887,0.0718272,105.514,254.819,0,0,0
1000,1,0,494,1,1,1,4332.31,18676.9,1310.35,46.3844,0.678182,1219.17,278369,122.099,23.1957,0.462701,98.441,135.564,23.1887,0.0718272,112.304,257.664,0,0,0
1000,1,0,495,1,1,1,4321.99,18650.1,1310.42,46.3844,0.678182,1219.25,278367,128.968,23.1957,0.462701,105.31,74.7099,23.1887,0.0718272,51.4494,203.678,0,0,0
1000,1,0,496,1,1,1,4316.3,18636.4,1310.22,46.3844,0.482746,1219.25,278371,90.9896,23.1957,0.267264,67.5266,45.6833,23.1887,0.0718272,22.4228,136.673,0,0,0
1000,1,0,497,1,1,1,4349.55,18668.8,1310.24,46.3844,0.482746,1219.27,278371,121.642,23.1957,0.267264,98.1793,135.393,23.1887,0.0718272,112.132,257.035,0,0,0
1000,1,0,498,1,1,1,4318.26,18648.8,1310.34,46.3844,0.482746,1219.37,278369,123.698,23.1957,0.267264,100.235,105.516,23.1887,0.0718272,82.2556,229.214,0,0,0
1000,1,0,499,1,1,1,4448.31,18791.9,1310.23,46.3844,0.482746,1219.25,278371,117.222,23.1957,0.267264,93.7594,123.981,23.1887,0.0718272,100.72,241.203,0,0,0
1000,1,0,500,1,1,1,4319.82,18646.3,1310.38,46.3844,0.482746,1219.4,278368,133.013,23.1957,0.267264,109.55,80.3698,23.1887,0.0718272,57.1093,213.382,0,0,0
1000,1,0,501,1,1,1,4314.06,18631.9,1310.21,46.3844,0.482746,1219.23,278371,134.319,23.1957,0.267264,110.856,79.6425,23.1887,0.0718272,56.382,213.962,0,0,0
1000,1,0,502,1,1,1,4327.02,18661,1310.48,46.3844,0.6264,1219.36,278366,121.991,23.1957,0.267264,98.5276,125.028,23.1887,0.0718272,101.767,247.018,0,0,0
1000,1,0,503,1,1,1,4322.15,18676.2,1310.17,46.3844,0.731635,1218.94,278371,133.533,23.1957,0.372499,109.965,130.106,23.1887,0.0718272,106.846,263.639,0,0,0
1000,1,0,504,1,1,1,4342.76,18658.2,1310.24,46.3844,0.482746,1219.27,278371,121.998,23.1957,0.267264,98.5349,129.872,23.1887,0.0718272,106.611,251.87,0,0,0
1000,1,0,505,1,1,2,10353.9,24673.5,1332.85,69.5741,0.519494,1219.35,278368,74.38,23.1957,0.267264,50.917,278.642,46.3784,0.108576,232.155,353.022,1,0,0
1000,1,0,506,1,1,1,4319.62,18631.9,1310.26,46.3844,0.482746,1219.29,278370,76.1469,23.1957,0.267264,52.6839,126.031,23.1887,0.0718272,102.771,202.178,0,0,0
1000,1,0,507,1,1,1,4324.17,18662.8,1310.32,46.3844,0.482746,1219.35,278369,123.407,23.1957,0.267264,99.9444,125.526,23.1887,0.0718272,102.265,248.933,0,0,0
1000,1,0,508,1,1,1,4330.76,18699.9,1310.28,46.3844,0.482746,1219.31,278370,130.159,23.1957,0.267264,106.696,77.594,23.1887,0.0718272,54.3335,207.753,0,0,0
1000,1,0,509,1,1,1,4318.02,18673.8,1310.36,46.3844,0.482746,1219.39,278369,107.823,23.1957,0.267264,84.36,131.613,23.1887,0.0718272,108.353,239.436,0,0,0
1000,1,0,510,1,1,1,4323.75,18641.4,1310.31,46.3844,0.6264,1219.19,278369,92.5236,23.1957,0.267264,69.0607,120.339,23.1887,0.0718272,97.0784,212.863,0,0,0
1000,1,0,511,1,1,1,4328.33,18675.4,1310.42,46.3844,0.482746,1219.45,278368,132.969,23.1957,0.267264,109.506,80.7326,23.1887,0.0718272,57.4721,213.702,0,0,0
1000,1,0,512,0,0,0,-1,-1,1293.02,29.0099,0.870278,1218.5,278376,-1,-1,-1,-1,-1,-1,-1,-1,-1,0,0,0
1000,1,0,513,1,1,1,4329.13,18715.9,1310.48,46.3844,0.908698,1219.08,278365,123.64,23.1957,0.693216,99.7513,85.2572,23.1887,0.0718272,61.9967,208.897,0,0,0
1000,1,0,514,1,1,1,4326.79,18648.6,1310.3,46.3844,0.482746,1219.33,278370,111.378,23.1957,0.267264,87.9154,132.545,23.1887,0.0718272,109.284,243.923,0,0,0
1000,1,0,515,1,1,1,4322.18,18669.8,1310.33,46.3844,0.713261,1219.13,278368,121.885,23.1957,0.497779,98.1919,122.301,23.1887,0.0718272,99.0402,244.186,0,0,0
1000,1,0,516,1,1,1,4318.22,42643,1333.14,69.6001,1.60358,1218.53,278360,656.898,46.4114,1.3881,607.638,27.5162,23.1887,0.0718272,4.25572,684.414,0,0,0
1000,1,0,517,1,1,1,4319.34,18638.7,1310.32,46.3844,0.482746,1219.35,278369,77.3832,23.1957,0.267264,53.9202,118.312,23.1887,0.0718272,95.0516,195.695,0,0,0
1000,1,0,518,1,1,1,4322.18,18652.7,1310.35,46.3844,0.713261,1219.14,278368,117.702,23.1957,0.497779,94.0084,128.134,23.1887,0.0718272,104.873,245.836,0,0,0
1000,1,0,519,1,1,1,4316.3,18639.9,1310.48,46.3844,0.482746,1219.5,278367,132.128,23.1957,0.267264,108.665,79.5089,23.1887,0.0718272,56.2484,211.637,0,0,0
1000,1,0,520,1,1,1,4323.14,18641.6,1310.28,46.3844,0.482746,1219.3,278370,76.7623,23.1957,0.267264,53.2994,117.592,23.1887,0.0718272,94.3315,194.354,0,0,0
1000,1,0,521,1,1,1,4335.88,18671.2,1310.27,46.3844,0.482746,1219.29,278370,122.501,23.1957,0.267264,99.0384,128.069,23.1887,0.0718272,104.808,250.57,0,0,0
1000,1,0,522,1,1,1,4341.3,18662.8,1310.25,46.3844,0.482746,1219.27,278371,118.917,23.1957,0.267264,95.4541,124.934,23.1887,0.0718272,101.673,243.851,0,0,0
1000,1,0,523,0,0,0,-1,-1,1299.55,34.8138,1.56516,1218.71,278359,-1,-1,-1,-1,-1,-1,-1,-1,-1,0,0,0
1000,1,0,524,1,1,1,4358.31,18676.4,1310.31,46.3844,0.696557,1219.12,278369,74.2843,23.1957,0.267264,50.8214,118.312,23.1887,0.141984,94.9812,192.596,0,0,0
1000,1,0,525,1,0,0,-1,-1,1287.88,23.1957,0.267264,1219.6,278370,-1,-1,-1,-1,-1,-1,-1,-1,-1,0,0,0
1000,1,0,526,1,1,1,4365.04,18692.5,1310.07,46.3844,0.696557,1218.88,278373,121.063,23.1957,0.337421,97.5296,123.611,23.1887,0.0718272,100.35,244.674,0,0,0
1000,1,0,527,1,1,1,4342.87,18785.8,1310.26,46.3844,0.517824,1219.25,278370,125.959,23.1957,0.267264,102.496,94.9913,23.1887,0.106906,71.6957,220.951,0,0,0
1000,1,0,528,1,0,0,-1,-1,1287.77,23.1957,0.267264,1219.5,278372,-1,-1,-1,-1,-1,-1,-1,-1,-1,0,0,0
1000,1,0,529,1,1,1,4326.19,24705.6,1315.96,52.1883,0.571277,1219.27,278368,277.463,28.9996,0.355795,248.008,84.9865,23.1887,0.0718272,61.726,362.449,0,0,0
1000,1,0,530,1,1,1,4318.98,18689.5,1310.6,46.3844,0.678182,1219.43,278364,134.489,23.1957,0.462701,110.831,78.8447,23.1887,0.0718272,55.5842,213.334,0,0,0
1000,1,0,531,0,0,0,-1,-1,1287.78,23.206,0.516154,1219.25,278371,-1,-1,-1,-1,-1,-1,-1,-1,-1,0,0,0
1000,1,0,532,1,1,1,4354.67,18728.4,1310.3,46.3844,0.482746,1219.32,278370,123.714,23.1957,0.267264,100.251,86.8869,23.1887,0.0718272,63.6264,210.601,0,0,0
1000,1,0,533,1,1,1,4319.5,18652,1310.25,46.3844,0.482746,1219.27,278371,132.76,23.1957,0.267264,109.297,80.5286,23.1887,0.0718272,57.2681,213.288,0,0,0
1000,1,0,534,1,1,1,4315.34,24654.9,1316,52.1883,0.96215,1218.92,278367,262.868,28.9996,0.746669,232.987,132.861,23.1887,0.0718272,109.6,395.729,0,0,0
1000,1,0,535,1,1,1,4364.07,24716.8,1316.07,52.1883,0.840211,1219.11,278366,272.705,28.9996,0.481075,243.116,129.181,23.1887,0.0718272,105.92,401.885,0,0,0
1000,1,0,536,1,1,2,4336.49,24700.7,1338.55,75.3781,0.982195,1218.96,278365,274.151,28.9996,0.551232,244.494,107.791,46.3784,0.287309,61.125,381.942,1,0,0
1000,1,0,537,1,1,1,4332.03,18668.1,1310.3,46.3844,0.713261,1219.09,278369,124.939,23.1957,0.497779,101.246,125.475,23.1887,0.0718272,102.215,250.415,0,0,0
1000,1,0,538,1,1,1,4318.15,18662.9,1310.42,46.3844,0.482746,1219.44,278368,132.937,23.1957,0.267264,109.474,80.7885,23.1887,0.0718272,57.528,213.725,0,0,0
1000,1,0,539,1,1,1,4395.77,18750.3,1310.33,46.3844,0.678182,1219.15,278369,125.294,23.1957,0.462701,101.636,127.564,23.1887,0.0718272,104.303,252.857,0,0,0
1000,1,0,540,1,1,1,4326.8,18694.4,1310.24,46.3844,0.482746,1219.27,278371,122.514,23.1957,0.267264,99.051,104.365,23.1887,0.0718272,81.1041,226.879,0,0,0
1000,1,0,541,1,1,1,4334.28,18651.8,1310.34,46.3844,0.482746,1219.37,278369,77.616,23.1957,0.267264,54.153,117.964,23.1887,0.0718272,94.7033,195.58,0,0,0
1000,1,0,542,1,1,1,4316.01,18768.7,1310.34,46.3844,0.517824,1219.33,278369,132.16,23.1957,0.302342,108.662,128.776,23.1887,0.0718272,105.516,260.936,0,0,0
1000,1,0,543,1,1,1,4317.58,18656.5,1310.1,46.3844,0.587981,1219.02,278373,128.38,23.1957,0.372499,104.812,74.0999,23.1887,0.0718272,50.8394,202.48,0,0,0
1000,1,0,544,1,1,1,4332.46,18661.1,1310.54,46.3844,0.661478,1219.38,278365,122.619,23.1957,0.302342,99.1214,124.261,23.1887,0.0718272,101,246.88,0,0,0
1000,1,0,545,1,1,1,4314.38,18661.1,1310.25,46.3844,0.678182,1219.08,278370,123.332,23.1957,0.462701,99.6737,87.0205,23.1887,0.0718272,63.76,210.353,0,0,0
1000,1,0,546,1,1,1,4377.02,18692.2,1310.44,46.3844,0.6264,1219.32,278367,86.1852,23.1957,0.267264,62.7222,116.93,23.1887,0.0718272,93.6691,203.115,0,0,0
1000,1,0,547,1,1,1,4331.95,18656.8,1310.28,46.3844,0.517824,1219.27,278370,122.319,23.1957,0.267264,98.8561,122.966,23.1887,0.106906,99.6701,245.285,0,0,0
1000,1,0,548,1,1,1,4320.25,18707.9,1310.22,46.3844,0.552902,1219.17,278371,129.879,23.1957,0.337421,106.346,129.565,23.1887,0.0718272,106.305,259.444,0,0,0
1000,1,0,549,1,1,1,4386.28,18724.6,1310.26,46.3844,0.517824,1219.25,278370,123.346,23.1957,0.267264,99.883,126.265,23.1887,0.106906,102.969,249.611,0,0,0
1000,1,0,550,1,1,1,4330.44,18675.2,1310.38,46.3844,0.482746,1219.4,278368,134.211,23.1957,0.267264,110.748,84.9793,23.1887,0.0718272,61.7187,219.19,0,0,0
1000,1,0,551,1,1,1,4329.98,18656.2,1310.14,46.3844,0.536198,1219.11,278372,93.5145,23.1957,0.267264,70.0515,121.546,23.1887,0.12528,98.2317,215.06,0,0,0
1000,1,0,552,1,1,1,4316.62,18655.7,1310.26,46.3844,0.552902,1219.21,278370,129.356,23.1957,0.337421,105.823,85.3113,23.1887,0.0718272,62.0508,214.667,0,0,0
1000,1,0,553,1,1,1,4330.25,24723,1315.83,52.1883,0.96215,1218.75,278370,275.978,28.9996,0.746669,246.126,85.5784,23.1887,0.0718272,62.3179,361.556,0,0,0
1000,1,0,554,1,1,1,4316.62,18646.3,1310.24,46.3844,0.482746,1219.27,278371,113.064,23.1957,0.267264,89.6011,60.4953,23.1887,0.0718272,37.2348,173.559,0,0,0
1000,1,0,555,1,1,1,4334.76,18687.9,1310.21,46.3844,0.661478,1219.06,278371,121.589,23.1957,0.302342,98.0909,125.243,23.1887,0.0718272,101.982,246.831,0,0,0
1000,1,0,556,1,1,1,4314.38,18649.4,1310.3,46.3844,0.482746,1219.33,278370,124.566,23.1957,0.267264,101.103,84.7825,23.1887,0.0718272,61.522,209.349,0,0,0
1000,1,0,557,1,1,1,4318.22,18644.6,1310.46,46.3844,0.482746,1219.48,278367,105.821,23.1957,0.267264,82.3584,53.1606,23.1887,0.0718272,29.9001,158.982,0,0,0
1000,1,0,558,1,1,1,4320.9,18645.3,1310.24,46.3844,0.482746,1219.27,278371,102.73,23.1957,0.267264,79.2668,51.3396,23.1887,0.0718272,28.0791,154.069,0,0,0
1000,1,0,559,1,1,1,4361.8,18706.2,1310.47,46.3844,0.713261,1219.27,278366,122.654,23.1957,0.497779,98.9608,135.651,23.1887,0.0718272,112.39,258.305,0,0,0
1000,1,0,560,1,1,1,4315.98,18668.1,1310.44,46.3844,0.678182,1219.27,278367,132.38,23.1957,0.462701,108.721,78.2528,23.1887,0.0718272,54.9923,210.632,0,0,0
1000,1,0,561,1,1,1,4315.98,18634.1,1310.32,46.3844,0.770054,1219.06,278369,73.1527,23.1957,0.267264,49.6898,106.615,23.1887,0.0718272,83.3547,179.768,0,0,0
1000,1,0,562,1,1,1,4352.81,18688.7,1310.35,46.3844,0.678182,1219.17,278369,126.272,23.1957,0.462701,102.614,133.079,23.1887,0.0718272,109.818,259.351,0,0,0
1000,1,0,563,1,1,1,4327.41,18660.9,1310.4,46.3844,0.482746,1219.42,278368,75.2084,23.1957,0.267264,51.7454,111.087,23.1887,0.0718272,87.827,186.296,0,0,0
1000,1,0,564,1,1,1,4315.66,18629.8,1310.26,46.3844,0.482746,1219.29,278370,81.6154,23.1957,0.267264,58.1525,120.241,23.1887,0.0718272,96.9809,201.857,0,0,0
1000,1,0,565,1,1,1,4314.38,24743.8,1315.83,52.1883,0.571277,1219.14,278371,281.002,28.9996,0.355795,251.549,80.6477,23.1887,0.0718272,57.3872,361.649,0,0,0
1000,1,0,566,1,1,1,4325.77,18703.5,1310.34,46.3844,0.482746,1219.37,278369,119.742,23.1957,0.267264,96.2789,122.736,23.1887,0.0718272,99.4752,242.477,0,0,0
1000,1,0,567,1,1,1,4324.55,18638.7,1310.24,46.3844,0.482746,1219.27,278371,72.8026,23.1957,0.267264,49.3396,107.29,23.1887,0.0718272,84.0297,180.093,0,0,0
1000,1,0,568,1,0,0,-1,-1,1287.83,23.1957,0.267264,1219.56,278371,-1,-1,-1,-1,-1,-1,-1,-1,-1,0,0,0
1000,1,0,569,1,1,1,4317.26,18631.7,1310.25,46.3844,0.482746,1219.27,278371,77.459,23.1957,0.267264,53.996,117.413,23.1887,0.0718272,94.1528,194.872,0,0,0
1000,1,0,570,1,1,1,4331.18,18662,1310.28,46.3844,0.482746,1219.31,278370,122.422,23.1957,0.267264,98.959,134.472,23.1887,0.0718272,111.212,256.894,0,0,0
1000,1,0,571,1,1,1,4322.54,24648.3,1315.97,52.1883,0.696557,1219.16,278368,218.953,28.9996,0.481075,189.212,35.4212,23.1887,0.0718272,12.1607,254.374,0,0,0
1000,1,0,572,1,1,1,4369.46,18738.8,1310.38,46.3844,0.713261,1219.17,278368,130.734,23.1957,0.497779,107.041,130.624,23.1887,0.0718272,107.364,261.359,0,0,0
1000,1,0,573,1,1,1,4320.71,18642.3,1310.22,46.3844,0.482746,1219.25,278371,76.9013,23.1957,0.267264,53.4383,125.493,23.1887,0.0718272,102.233,202.395,0,0,0
1000,1,0,574,1,1,1,4328.5,18653.2,1310.24,46.3844,0.482746,1219.27,278371,74.2825,23.1957,0.267264,50.8196,122.256,23.1887,0.0718272,98.9951,196.538,0,0,0
1000,1,0,575,1,1,1,4363.56,18684.5,1310.31,46.3844,0.587981,1219.23,278369,107.716,23.1957,0.267264,84.2535,134.265,23.1887,0.177062,110.9,241.982,0,0,0
1000,1,0,576,1,1,1,4317.26,18630.5,1310.32,46.3844,0.482746,1219.34,278369,125.568,23.1957,0.267264,102.105,108.036,23.1887,0.0718272,84.7751,233.603,0,0,0
1000,1,0,577,1,1,1,4328.72,18649.1,1310.34,46.3844,0.517824,1219.33,278369,122.732,23.1957,0.267264,99.2694,125.368,23.1887,0.106906,102.072,248.1,0,0,0
1000,1,0,578,1,1,1,4346.03,24806.2,1316.17,52.1883,0.997229,1219.05,278364,272.403,28.9996,0.781747,242.495,125.708,23.1887,0.0718272,102.448,398.111,0,0,0
1000,1,0,579,1,1,1,4319.5,18652,1310.4,46.3844,0.482746,1219.42,278368,132.096,23.1957,0.267264,108.633,87.506,23.1887,0.0718272,64.2455,219.602,0,0,0
1000,1,0,580,1,1,1,4319.3,18634.1,1310.36,46.3844,0.482746,1219.39,278369,74.6525,23.1957,0.267264,51.1895,118.909,23.1887,0.0718272,95.649,193.562,0,0,0
1000,1,0,581,1,1,1,4347.24,18669.1,1310.38,46.3844,0.770054,1219.11,278368,82.8355,23.1957,0.267264,59.3725,119.886,23.1887,0.0718272,96.6254,202.721,0,0,0
1000,1,0,582,1,1,1,4318.22,18633.3,1310.4,46.3844,0.482746,1219.43,278368,75.1398,23.1957,0.267264,51.6768,111.634,23.1887,0.0718272,88.3738,186.774,0,0,0
1000,1,0,583,1,1,1,4318.54,18688.6,1310.54,46.3844,0.678182,1219.36,278365,127.03,23.1957,0.462701,103.372,108.348,23.1887,0.0718272,85.0873,235.378,0,0,0
1000,1,0,584,1,1,1,4328.78,18658,1310.33,46.3844,0.805133,1219.03,278368,83.0601,23.1957,0.302342,59.562,120.79,23.1887,0.0718272,97.5296,203.85,0,0,0
1000,1,0,585,1,1,1,4316.62,18636,1310.38,46.3844,0.482746,1219.41,278368,76.8995,23.1957,0.267264,53.4365,125.45,23.1887,0.0718272,102.19,202.35,0,0,0
1000,1,0,586,1,1,1,4343.53,24702.5,1316.05,52.1883,0.731635,1219.2,278367,274.949,28.9996,0.516154,245.33,85.4629,23.1887,0.0718272,62.2024,360.412,0,0,0
1000,1,0,587,1,1,1,4326.86,18660.3,1310.28,46.3844,0.482746,1219.3,278370,93.9025,23.1957,0.267264,70.4395,121.211,23.1887,0.0718272,97.9501,215.113,0,0,0
1000,1,0,588,1,1,1,4320.08,18653,1310.44,46.3844,0.517824,1219.42,278367,128.565,23.1957,0.267264,105.103,132.975,23.1887,0.106906,109.68,261.541,0,0,0
1000,1,0,589,1,1,1,4331.72,18663.6,1310.29,46.3844,0.644774,1219.15,278369,110.036,23.1957,0.267264,86.5726,133.642,23.1887,0.0902016,110.364,243.678,0,0,0
1000,1,0,590,1,1,1,4321.99,18643,1310.24,46.3844,0.517824,1219.23,278371,134.263,23.1957,0.267264,110.8,131.439,23.1887,0.106906,108.144,265.702,0,0,0
1000,1,0,591,1,1,1,4344.25,18660.6,1310.4,46.3844,0.517824,1219.39,278368,123.866,23.1957,0.267264,100.403,100.27,23.1887,0.106906,76.9747,224.136,0,0,0
1000,1,0,592,1,1,1,4322.56,18768.9,1310.38,46.3844,0.482746,1219.4,278368,126.001,23.1957,0.267264,102.538,94.5032,23.1887,0.0718272,71.2427,220.504,0,0,0
1000,1,0,593,1,1,1,4314.7,18665.6,1310.28,46.406,0.554573,1219.21,278370,131.292,23.2173,0.339091,107.736,78.1607,23.1887,0.0718272,54.9002,209.453,0,0,0
1000,1,0,594,1,1,1,4343.02,18660.2,1310.34,46.3844,0.482746,1219.36,278369,126.129,23.1957,0.267264,102.666,135.349,23.1887,0.0718272,112.089,261.478,0,0,0
1000,1,0,595,1,1,1,4324.36,18689,1310.3,46.3844,0.482746,1219.32,278370,110.619,23.1957,0.267264,87.1556,55.866,23.1887,0.0718272,32.6055,166.485,0,0,0
1000,1,0,596,1,1,1,4334.91,18660.6,1310.3,46.3844,0.482746,1219.32,278370,125.295,23.1957,0.267264,101.832,84.7825,23.1887,0.0718272,61.522,210.078,0,0,0
1000,1,0,597,1,1,1,4320.26,24644.8,1315.91,52.1883,0.731635,1219.06,278369,260.96,28.9996,0.516154,231.307,132.056,23.1887,0.0718272,108.795,393.016,0,0,0
1000,1,0,598,1,1,1,4330.08,18651.1,1310.25,46.3844,0.482746,1219.27,278371,124.772,23.1957,0.267264,101.309,112.01,23.1887,0.0718272,88.7492,236.782,0,0,0
1000,1,0,599,1,1,1,4386.18,18754.2,1310.6,46.3844,1.0891,1219.01,278363,119.377,23.1957,0.693216,95.4884,123,23.1887,0.108576,99.7026,242.377,0,0,0
1000,1,0,600,1,1,1,4313.74,24706.3,1316.04,52.1883,0.766714,1219.15,278367,285.984,28.9996,0.551232,256.357,78.9584,23.1887,0.0718272,55.6979,364.943,0,0,0
1000,1,0,601,1,1,1,4319.75,18677.3,1310.15,46.3844,0.517824,1219.13,278372,126.745,23.1957,0.302342,103.247,124.793,23.1887,0.0718272,101.533,251.538,0,0,0
1000,1,0,602,1,1,1,4331.46,18658.8,1310.44,46.3844,0.873619,1219.07,278366,99.7619,23.1957,0.658138,75.9081,127.109,23.1887,0.0718272,103.848,226.871,0,0,0
1000,1,0,603,1,1,1,4335.82,18680.4,1310.36,46.3844,0.517824,1219.35,278369,120.114,23.1957,0.302342,96.6164,122.155,23.1887,0.0718272,98.894,242.269,0,0,0
1000,1,0,604,1,1,1,4317.06,18632.5,1310.44,46.3844,0.482746,1219.46,278367,78.0148,23.1957,0.267264,54.5519,119.2,23.1887,0.0718272,95.9396,197.215,0,0,0
1000,1,0,605,1,1,1,4352.49,18676.8,1310.17,46.3844,0.661478,1219.02,278371,121.808,23.1957,0.267264,98.3454,135.942,23.1887,0.106906,112.647,257.75,0,0,0
1000,1,0,606,1,1,1,4327.67,18786.8,1316.05,52.1883,0.96215,1218.96,278366,130.082,28.9996,0.746669,100.336,129.617,23.1887,0.0718272,106.357,259.7,0,0,0
1000,1,0,607,1,1,1,4327.22,18676.8,1310.38,46.3844,0.517824,1219.37,278368,100.749,23.1957,0.302342,77.2509,126.793,23.1887,0.0718272,103.532,227.542,0,0,0
1000,1,0,608,1,1,1,4325.79,18638,1310.34,46.3844,0.482746,1219.37,278369,77.5384,23.1957,0.267264,54.0754,126.091,23.1887,0.0718272,102.83,203.629,0,0,0
1000,1,0,609,1,1,1,4319.44,18647.3,1310.23,46.3844,0.482746,1219.25,278371,122.265,23.1957,0.267264,98.802,91.5776,23.1887,0.0718272,68.3171,213.843,0,0,0
1000,1,0,610,1,1,1,4323.91,30640.7,1321.42,57.9922,1.05068,1218.62,278370,430.184,34.8035,0.8352,394.076,67.6026,23.1887,0.0718272,44.3421,497.787,0,0,0
1000,1,0,611,1,1,1,4316.94,18698.3,1310.3,46.3844,0.482746,1219.32,278370,131.036,23.1957,0.267264,107.573,76.3036,23.1887,0.0718272,53.0431,207.34,0,0,0
1000,1,0,612,1,1,1,4324.17,18655.5,1310.24,46.3844,0.482746,1219.27,278371,132.742,23.1957,0.267264,109.279,131.592,23.1887,0.0718272,108.331,264.334,0,0,0
1000,1,0,613,1,1,1,4339.85,18767.8,1310.42,46.3844,0.713261,1219.21,278367,131.453,23.1957,0.497779,107.759,129.173,23.1887,0.0718272,105.913,260.626,0,0,0
1000,1,0,614,1,1,1,4335.17,18650.9,1310.3,46.3844,0.482746,1219.33,278370,85.9686,23.1957,0.267264,62.5056,118.346,23.1887,0.0718272,95.0859,204.315,0,0,0
1000,1,0,615,1,1,1,4332.39,18652.3,1310.4,46.406,0.699898,1219.19,278367,125.104,23.2173,0.304013,101.583,132.233,23.1887,0.108576,108.936,257.338,0,0,0
1000,1,0,616,1,1,1,4341.09,18660.3,1310.24,46.3844,0.517824,1219.23,278371,75.238,23.1957,0.302342,51.74,125.558,23.1887,0.0718272,102.298,200.796,0,0,0
1000,1,0,617,1,1,1,4323.21,18667.2,1310.34,46.3844,0.482746,1219.37,278369,130.683,23.1957,0.267264,107.22,78.491,23.1887,0.0718272,55.2305,209.174,0,0,0
1000,1,0,618,1,1,1,4332.35,18696.3,1310.42,46.3844,0.482746,1219.45,278368,132.116,23.1957,0.267264,108.653,85.9899,23.1887,0.0718272,62.7294,218.105,0,0,0
1000,1,0,619,1,1,1,4316.78,18703.9,1310.27,46.3844,0.482746,1219.29,278370,124.997,23.1957,0.267264,101.534,95.1944,23.1887,0.0718272,71.9339,220.192,0,0,0
1000,1,0,620,1,1,1,4328.55,18639.5,1310.24,46.3844,0.482746,1219.27,278371,82.2363,23.1957,0.267264,58.7733,120.99,23.1887,0.0718272,97.7299,203.227,0,0,0
1000,1,0,621,1,1,2,10322.9,24639.1,1332.79,69.5741,0.519494,1219.28,278369,95.5358,23.1957,0.267264,72.0729,287.984,46.3784,0.108576,241.497,383.52,1,0,0
1000,1,0,622,1,1,2,4410.94,18739.1,1332.73,69.5741,0.733306,1219.02,278369,126.174,23.1957,0.267264,102.711,152.451,46.3784,0.322387,105.75,278.625,1,0,0
1000,1,0,623,1,1,1,4324.87,18645.8,1310.36,46.3844,0.482746,1219.38,278369,74.1147,23.1957,0.267264,50.6517,111.472,23.1887,0.0718272,88.2114,185.587,0,0,0
1000,1,0,624,1,1,1,4333.15,18653.8,1310.23,46.3844,0.482746,1219.25,278371,81.6118,23.1957,0.267264,58.1489,120.528,23.1887,0.0718272,97.2679,202.14,0,0,0
1000,1,0,625,1,1,1,4325.77,18679.4,1310.22,46.3844,0.482746,1219.25,278371,133.592,23.1957,0.267264,110.129,77.4334,23.1887,0.0718272,54.1729,211.025,0,0,0
1000,1,0,626,1,1,1,4320.51,18656.2,1310.36,46.3844,0.482746,1219.39,278369,126.575,23.1957,0.267264,103.112,125.522,23.1887,0.0718272,102.262,252.097,0,0,0
1000,1,0,627,1,1,1,4325.77,18699.8,1310.42,46.3952,0.731635,1219.19,278367,136.004,23.2065,0.481075,112.316,81.2098,23.1887,0.106906,57.9142,217.214,0,0,0
1000,1,0,628,1,1,1,4339.34,18704.6,1310.23,46.3844,0.482746,1219.25,278371,132.415,23.1957,0.267264,108.952,128.713,23.1887,0.0718272,105.453,261.128,0,0,0
1000,1,0,629,1,1,1,4343.02,18667.5,1310.52,46.3844,0.661478,1219.36,278365,117.862,23.1957,0.302342,94.364,127.784,23.1887,0.0718272,104.523,245.646,0,0,0
1000,1,0,630,1,1,1,4334.58,18649.4,1310.45,46.3844,0.6264,1219.33,278367,125.77,23.1957,0.267264,102.307,125.957,23.1887,0.0718272,102.697,251.727,0,0,0
1000,1,0,631,1,1,1,4322.25,18648.3,1310.36,46.3844,0.482746,1219.39,278369,136.193,23.1957,0.267264,112.73,82.6619,23.1887,0.0718272,59.4014,218.854,0,0,0
1000,1,0,632,1,1,1,4317.19,18631.4,1310.3,46.3844,0.482746,1219.33,278370,75.3401,23.1957,0.267264,51.8772,126.461,23.1887,0.0718272,103.2,201.801,0,0,0
1000,1,0,633,1,1,1,4327.02,18644.3,1310.24,46.3844,0.482746,1219.27,278371,125.129,23.1957,0.267264,101.666,133.176,23.1887,0.0718272,109.916,258.306,0,0,0
1000,1,0,634,1,1,1,4345.61,18682,1310.58,46.3844,0.713261,1219.37,278364,70.1093,23.1957,0.497779,46.4158,106.954,23.1887,0.0718272,83.694,177.064,0,0,0
1000,1,0,635,1,1,1,4328.33,24708.4,1315.78,52.1883,0.927072,1218.73,278371,274.803,28.9996,0.71159,244.985,87.4013,23.1887,0.0718272,64.1408,362.205,0,0,0
1000,1,0,636,1,1,1,4334.62,18648.8,1310.56,46.3844,0.6264,1219.44,278365,120.549,23.1957,0.267264,97.0856,130.433,23.1887,0.0718272,107.173,250.982,0,0,0
1000,1,0,637,1,1,1,4350.44,24696.6,1315.85,52.1883,0.96215,1218.77,278370,264.187,28.9996,0.71159,234.344,126.573,23.1887,0.106906,103.278,390.761,0,0,0
1000,1,0,638,1,1,1,4328.99,18658.9,1310.24,46.3844,0.482746,1219.27,278371,97.7233,23.1957,0.267264,74.2603,49.3615,23.1887,0.0718272,26.101,147.085,0,0,0
1000,1,0,639,1,1,1,4333.43,18666.6,1310.27,46.3844,0.482746,1219.29,278370,123.142,23.1957,0.267264,99.6791,126.01,23.1887,0.0718272,102.749,249.152,0,0,0
1000,1,0,640,1,1,1,4338.87,18663,1310.26,46.3844,0.517824,1219.25,278370,79.6211,23.1957,0.267264,56.1582,119.74,23.1887,0.106906,96.4449,199.362,0,0,0
1000,1,0,641,1,1,2,10329.6,24645.1,1332.75,69.5741,0.519494,1219.25,278370,73.1617,23.1957,0.267264,49.6988,288.135,46.3784,0.108576,241.648,361.297,1,0,0
1000,1,0,642,1,1,2,10330.2,24715.1,1332.55,69.5741,0.589651,1218.98,278373,117.942,23.1957,0.337421,94.4091,304.909,46.3784,0.108576,258.422,422.851,1,0,0
1000,1,0,643,1,1,1,4376.01,18746.7,1310.38,46.3844,0.517824,1219.37,278368,121.796,23.1957,0.267264,98.3327,121.921,23.1887,0.106906,98.6251,243.716,0,0,0
1000,1,0,644,1,1,1,4333.32,18668.4,1310.42,46.3844,0.482746,1219.45,278368,122.799,23.1957,0.267264,99.3362,124.945,23.1887,0.0718272,101.684,247.744,0,0,0
1000,1,0,645,1,1,1,4318.22,18632.7,1310.3,46.3844,0.482746,1219.32,278370,82.1623,23.1957,0.267264,58.6993,121.691,23.1887,0.0718272,98.4302,203.853,0,0,0
1000,1,0,646,1,1,1,4343.5,18720.7,1310.06,46.3844,0.623059,1218.94,278373,135.199,23.1957,0.372499,111.63,82.8901,23.1887,0.106906,59.5945,218.089,0,0,0
1000,1,0,647,1,1,1,4317.26,18636.7,1310.34,46.3844,0.482746,1219.37,278369,132.327,23.1957,0.267264,108.864,80.4312,23.1887,0.0718272,57.1706,212.758,0,0,0
1000,1,0,648,1,0,0,-1,-1,1287.87,23.1957,0.302342,1219.56,278370,-1,-1,-1,-1,-1,-1,-1,-1,-1,0,0,0
1000,1,0,649,1,1,1,4330.12,18657.5,1310.2,46.3844,0.517824,1219.19,278371,131.27,23.1957,0.302342,107.772,84.4613,23.1887,0.0718272,61.2008,215.731,0,0,0
1000,1,0,650,1,1,1,4342.55,18758.6,1310.25,46.3844,0.678182,1219.08,278370,124.308,23.1957,0.462701,100.65,85.7806,23.1887,0.0718272,62.5201,210.089,0,0,0
1000,1,0,651,1,1,1,4317.26,18657,1310.56,46.3844,0.678182,1219.39,278365,100.996,23.1957,0.462701,77.3375,126.34,23.1887,0.0718272,103.079,227.336,0,0,0
1000,1,0,652,1,1,1,4316.94,18687.1,1310.31,46.3844,0.678182,1219.13,278369,123.419,23.1957,0.462701,99.7603,66.4873,23.1887,0.0718272,43.2268,189.906,0,0,0
1000,1,0,653,1,1,1,4356.69,18705.2,1310.24,46.3844,0.805133,1218.94,278370,133.814,23.1957,0.267264,110.351,131.197,23.1887,0.106906,107.902,265.011,0,0,0
1000,1,0,654,1,1,1,4315.02,18628.5,1310.24,46.3844,0.482746,1219.27,278371,125.245,23.1957,0.267264,101.782,87.2515,23.1887,0.0718272,63.991,212.496,0,0,0
1000,1,0,655,1,1,1,4326.41,18717.8,1310.39,46.3844,0.552902,1219.35,278368,108.806,23.1957,0.337421,85.2732,54.5124,23.1887,0.0718272,31.2519,163.319,0,0,0
1000,1,0,656,1,1,1,4325.27,18653,1310.34,46.3844,0.482746,1219.36,278369,125.858,23.1957,0.267264,102.395,86.1885,23.1887,0.0718272,62.928,212.047,0,0,0
1000,1,0,657,1,1,1,4362.38,18685.6,1310.18,46.3844,0.552902,1219.14,278371,121.574,23.1957,0.267264,98.1107,130.68,23.1887,0.141984,107.35,252.254,0,0,0
1000,1,0,658,1,1,1,4414.01,18739.9,1310.74,46.3844,1.00057,1219.25,278360,72.7281,23.1957,0.497779,49.0346,107.507,23.1887,0.0718272,84.2463,180.235,0,0,0
1000,1,0,659,1,1,1,4346.94,18690.8,1310.36,46.3844,0.713261,1219.16,278368,124.284,23.1957,0.497779,100.591,96.6274,23.1887,0.0718272,73.3669,220.911,0,0,0
1000,1,0,660,1,1,1,4316.62,18636.4,1310.36,46.3844,0.482746,1219.39,278369,127.8,23.1957,0.267264,104.337,86.3708,23.1887,0.0718272,63.1102,214.171,0,0,0
1000,1,0,661,1,1,1,4321.78,18645,1310.34,46.3844,0.482746,1219.37,278369,73.1888,23.1957,0.267264,49.7258,111.445,23.1887,0.0718272,88.1843,184.634,0,0,0
1000,1,0,662,1,1,1,4322.44,18637.9,1310.28,46.3844,0.482746,1219.31,278370,78.9425,23.1957,0.267264,55.4796,118.736,23.1887,0.0718272,95.4757,197.679,0,0,0
1000,1,0,663,1,1,1,4324.17,18691.3,1310.32,46.3952,0.731635,1219.09,278369,132.765,23.2065,0.516154,109.042,85.6958,23.1887,0.0718272,62.4353,218.461,0,0,0
1000,1,0,664,1,1,1,4321.99,18659.5,1310.36,46.3844,0.482746,1219.39,278369,121.532,23.1957,0.267264,98.0692,125.34,23.1887,0.0718272,102.079,246.872,0,0,0
1000,1,0,665,1,1,1,4333.6,18650.3,1310.34,46.3844,0.517824,1219.33,278369,77.8596,23.1957,0.267264,54.3967,125.14,23.1887,0.106906,101.845,203,0,0,0
1000,1,0,666,1,1,1,4336,24665.4,1315.9,52.1883,0.696557,1219.08,278370,197.727,28.9996,0.481075,167.924,134.055,23.1887,0.0718272,110.795,331.783,0,0,0
1000,1,0,667,1,1,1,4316.97,18636.8,1310.3,46.3844,0.482746,1219.32,278370,121.576,23.1957,0.267264,98.1125,132.234,23.1887,0.0718272,108.974,253.81,0,0,0
1000,1,0,668,1,1,1,4338.96,18668.8,1310.28,46.3844,0.6264,1219.16,278370,117.266,23.1957,0.267264,93.8027,128.89,23.1887,0.0718272,105.63,246.156,0,0,0
1000,1,0,669,1,1,1,4321.23,18654.2,1310.28,46.3844,0.517824,1219.27,278370,126.222,23.1957,0.302342,102.724,68.4617,23.1887,0.0718272,45.2012,194.684,0,0,0
1000,1,0,670,1,1,1,4328.07,18641.6,1310.32,46.3844,0.482746,1219.35,278369,81.4747,23.1957,0.267264,58.0117,120.249,23.1887,0.0718272,96.9881,201.723,0,0,0
1000,1,0,671,1,1,1,4322.57,18649.2,1310.29,46.3952,0.50112,1219.29,278370,93.3559,23.2065,0.285638,69.8638,121.066,23.1887,0.0718272,97.8057,214.422,0,0,0
1000,1,0,672,1,1,1,4316.3,18678.5,1310.59,46.3844,0.908698,1219.19,278363,131.127,23.1957,0.693216,107.238,77.0598,23.1887,0.0718272,53.7993,208.186,0,0,0
1000,1,0,673,1,1,1,4338.26,18656.2,1310.3,46.3844,0.482746,1219.32,278370,96.4599,23.1957,0.267264,72.9969,122.391,23.1887,0.0718272,99.1304,218.851,0,0,0
1000,1,0,674,1,1,1,4316.94,18661.4,1310.46,46.3844,0.517824,1219.45,278367,134.638,23.1957,0.302342,111.14,78.3755,23.1887,0.0718272,55.115,213.013,0,0,0
1000,1,0,675,1,1,1,4319.39,18639.5,1310.26,46.3844,0.482746,1219.28,278370,124.185,23.1957,0.267264,100.722,116.081,23.1887,0.0718272,92.8209,240.267,0,0,0
1000,1,0,676,1,1,1,4328.81,18674,1310.15,46.3844,0.517824,1219.13,278372,74.8374,23.1957,0.302342,51.3393,119.119,23.1887,0.0718272,95.8583,193.956,0,0,0
1000,1,0,677,1,1,1,4317.58,18642.7,1310.32,46.3844,0.517824,1219.31,278369,76.6404,23.1957,0.302342,53.1423,116.561,23.1887,0.0718272,93.3009,193.202,0,0,0
1000,1,0,678,1,1,1,4316.62,18663.3,1310.23,46.3844,0.482746,1219.25,278371,133.343,23.1957,0.267264,109.88,80.3572,23.1887,0.0718272,57.0967,213.7,0,0,0
1000,1,0,679,1,1,1,4331.18,18683.7,1310.24,46.3844,0.517824,1219.23,278371,127.357,23.1957,0.302342,103.859,72.3348,23.1887,0.0718272,49.0743,199.692,0,0,0
1000,1,0,680,1,0,0,-1,-1,1287.93,23.1957,0.407578,1219.52,278368,-1,-1,-1,-1,-1,-1,-1,-1,-1,0,0,0
1000,1,0,681,1,1,1,4317.9,18630.5,1310.24,46.3844,0.482746,1219.27,278371,113.079,23.1957,0.267264,89.6155,58.9017,23.1887,0.0718272,35.6412,171.98,0,0,0
1000,1,0,682,1,1,1,4315.98,18640.4,1310.44,46.3844,0.678182,1219.27,278367,93.0151,23.1957,0.462701,69.3567,118.074,23.1887,0.0718272,94.8134,211.089,0,0,0
1000,1,0,683,1,1,1,4321.46,18642.3,1310.21,46.3844,0.482746,1219.23,278371,119.392,23.1957,0.267264,95.9287,121.211,23.1887,0.0718272,97.9501,240.602,0,0,0
1000,1,0,684,1,1,1,4330.02,18662,1310.35,46.3844,0.6264,1219.23,278369,95.7831,23.1957,0.267264,72.3201,121.097,23.1887,0.0718272,97.8364,216.88,0,0,0
1000,1,0,685,1,1,1,4318.73,30684.2,1321.79,57.9922,1.14088,1218.9,278364,437.91,34.8035,0.925402,401.727,79.5865,23.1887,0.0718272,56.326,517.497,0,0,0
1000,1,0,686,1,1,1,4317.7,18668.9,1309.96,46.3844,0.552902,1218.91,278375,134.943,23.1957,0.337421,111.41,80.3445,23.1887,0.0718272,57.084,215.288,0,0,0
1000,1,0,687,1,1,1,4315.34,18633.4,1310.32,46.3844,0.517824,1219.31,278369,124.968,23.1957,0.302342,101.469,86.1722,23.1887,0.0718272,62.9117,211.14,0,0,0
1000,1,0,688,1,1,1,4317.26,18651.8,1310.34,46.3844,0.482746,1219.37,278369,112.629,23.1957,0.267264,89.1661,59.8474,23.1887,0.0718272,36.5869,172.477,0,0,0
1000,1,0,689,1,1,1,4316.3,18635.8,1310.27,46.3844,0.482746,1219.29,278370,117.399,23.1957,0.267264,93.9362,122.165,23.1887,0.0718272,98.9048,239.565,0,0,0
1000,1,0,690,1,1,1,4321.91,18636.2,1310.3,46.3844,0.482746,1219.32,278370,75.0225,23.1957,0.267264,51.5595,113.412,23.1887,0.0718272,90.1516,188.435,0,0,0
1000,1,0,691,1,1,1,4351.03,18671.3,1310.24,46.3844,0.482746,1219.27,278371,77.4409,23.1957,0.267264,53.978,119.056,23.1887,0.0718272,95.7952,196.497,0,0,0
1000,1,0,692,1,1,1,4317.58,18665.8,1310.28,46.3844,0.482746,1219.3,278370,122.164,23.1957,0.267264,98.7009,121.503,23.1887,0.0718272,98.2425,243.667,0,0,0
1000,1,0,693,1,1,1,4335.2,18660.5,1310.24,46.3844,0.517824,1219.23,278371,124.046,23.1957,0.267264,100.583,124.532,23.1887,0.106906,101.237,248.579,0,0,0
1000,1,0,694,1,1,1,4316.62,18667.6,1310.07,46.3844,0.517824,1219.06,278374,123.071,23.1957,0.302342,99.5726,123.458,23.1887,0.0718272,100.197,246.528,0,0,0
1000,1,0,695,1,1,1,4325.42,18640.5,1310.29,46.3844,0.661478,1219.13,278369,73.5859,23.1957,0.267264,50.1229,122.365,23.1887,0.106906,99.0691,195.951,0,0,0
1000,1,0,696,1,1,1,4339.18,18665.9,1310.63,46.3844,0.770054,1219.37,278363,113.55,23.1957,0.267264,90.0866,127.917,23.1887,0.0718272,104.657,241.467,0,0,0
1000,1,0,697,1,1,2,10350.7,24717,1332.85,69.5741,0.698227,1219.17,278368,94.9627,23.1957,0.302342,71.4647,288.339,46.3784,0.25223,241.708,383.301,1,0,0
1000,1,0,698,1,1,2,10320.6,24687.6,1332.93,69.5741,0.663149,1219.29,278366,134.774,23.1957,0.267264,111.311,173.501,46.3784,0.25223,126.87,308.275,1,0,0
1000,1,0,699,1,1,1,4319.3,18634.1,1310.25,46.3844,0.482746,1219.27,278371,76.553,23.1957,0.267264,53.09,125.317,23.1887,0.0718272,102.056,201.869,0,0,0
1000,1,0,700,1,1,2,10325.8,24669.1,1332.8,69.5741,0.554573,1219.27,278369,94.1289,23.1957,0.302342,70.6308,287.625,46.3784,0.108576,241.138,381.753,1,0,0
1000,1,0,701,1,1,1,4319.5,18634,1310.28,46.3844,0.482746,1219.31,278370,99.7537,23.1957,0.267264,76.2907,125.326,23.1887,0.0718272,102.065,225.079,0,0,0
1000,1,0,702,1,1,1,4318.98,24633.8,1315.89,52.1883,0.536198,1219.23,278370,225.28,28.9996,0.320717,195.72,121.344,23.1887,0.0718272,98.0837,346.624,0,0,0
1000,1,0,703,1,1,2,10318.3,24634.6,1332.85,69.5741,0.663149,1219.21,278368,93.3232,23.1957,0.267264,69.8602,287.321,46.3784,0.25223,240.69,380.644,1,0,0
1000,1,0,704,1,1,1,4323.95,18668.2,1310.36,46.3844,0.908698,1218.96,278368,133.062,23.1957,0.658138,109.208,86.4491,23.1887,0.106906,63.1536,219.511,0,0,0
1000,1,0,705,1,1,1,4315.98,30637.1,1321.87,57.9922,1.1058,1219.01,278362,374.018,34.8035,0.890323,337.691,33.1977,23.1887,0.0718272,9.93723,407.215,0,0,0
1000,1,0,706,1,1,1,4315.98,18636.2,1310.26,46.3844,0.517824,1219.25,278370,77.5446,23.1957,0.302342,54.0465,118.709,23.1887,0.0718272,95.4487,196.254,0,0,0
1000,1,0,707,1,1,1,4338.92,18655.2,1310.4,46.3844,0.482746,1219.42,278368,73.7537,23.1957,0.267264,50.2908,113.538,23.1887,0.0718272,90.2779,187.292,0,0,0
1000,1,0,708,1,1,1,4324.49,18660.6,1310.4,46.3844,0.482746,1219.43,278368,73.7663,23.1957,0.267264,50.3034,107.575,23.1887,0.0718272,84.3148,181.342,0,0,0
1000,1,0,709,1,1,1,4322.25,18653,1310.24,46.3844,0.482746,1219.27,278371,95.8878,23.1957,0.267264,72.4248,47.6018,23.1887,0.0718272,24.3413,143.49,0,0,0
1000,1,0,710,1,1,1,4323.53,18642.7,1310.33,46.3844,0.517824,1219.32,278369,71.6565,23.1957,0.267264,48.1936,107.183,23.1887,0.106906,83.8871,178.839,0,0,0
1000,1,0,711,1,1,1,4315.98,24634.2,1315.97,52.1883,0.766714,1219.08,278368,234.65,28.9996,0.551232,204.886,40.5072,23.1887,0.0718272,17.2467,275.158,0,0,0
1000,1,0,712,1,1,1,4316.3,18634,1310.3,46.3844,0.482746,1219.33,278370,68.8465,23.1957,0.267264,45.3835,106.494,23.1887,0.0718272,83.2338,175.341,0,0,0
1000,1,0,713,1,1,1,4321.03,18659,1310.2,46.3844,0.517824,1219.19,278371,134.482,23.1957,0.302342,110.984,77.7077,23.1887,0.0718272,54.4472,212.19,0,0,0
1000,1,0,714,1,1,1,4316.62,18632.4,1310.36,46.3844,0.482746,1219.39,278369,97.4832,23.1957,0.267264,74.0203,125.315,23.1887,0.0718272,102.054,222.798,0,0,0
1000,1,0,715,1,1,1,4317.56,18676.1,1310.17,46.3844,0.713261,1218.96,278371,107.748,23.1957,0.497779,84.055,132.745,23.1887,0.0718272,109.485,240.494,0,0,0
1000,1,0,716,1,1,1,4328.18,18730.5,1310.3,46.3844,0.482746,1219.32,278370,122.906,23.1957,0.267264,99.4427,124.288,23.1887,0.0718272,101.027,247.193,0,0,0
1000,1,0,717,1,1,1,4328.42,18646.8,1310.42,46.3844,0.482746,1219.44,278368,85.5914,23.1957,0.267264,62.1284,118.956,23.1887,0.0718272,95.6959,204.548,0,0,0
1000,1,0,718,1,1,1,4324.49,18644.4,1310.24,46.3844,0.482746,1219.27,278371,126.421,23.1957,0.267264,102.958,126.52,23.1887,0.0718272,103.26,252.942,0,0,0
1000,1,0,719,1,1,1,4336.81,18807.9,1310.27,46.3844,0.661478,1219.12,278370,132.809,23.1957,0.302342,109.311,128.807,23.1887,0.0718272,105.547,261.616,0,0,0
1000,1,0,720,1,1,1,4333.61,18660.7,1310.38,46.3844,0.731635,1219.15,278367,107.967,23.1957,0.267264,84.5043,133.487,23.1887,0.177062,110.122,241.455,0,0,0
1000,1,0,721,1,1,1,4317.58,18650.2,1310.4,46.3844,0.482746,1219.42,278368,121.121,23.1957,0.267264,97.6577,90.8286,23.1887,0.0718272,67.5681,211.949,0,0,0
1000,1,0,722,1,1,3,16322.3,30683.6,1355.37,92.7639,0.591322,1219.31,278367,121.378,23.1957,0.302342,97.8797,463.83,69.5682,0.145325,394.116,585.207,2,0,0
1000,1,0,723,1,1,1,4316.94,18644.8,1310.26,46.3844,0.482746,1219.29,278370,112.727,23.1957,0.267264,89.2636,60.064,23.1887,0.0718272,36.8035,172.791,0,0,0
1000,1,0,724,1,1,1,4313.42,18653.4,1310.3,46.3844,0.482746,1219.32,278370,127.688,23.1957,0.267264,104.225,72.0623,23.1887,0.0718272,48.8018,199.751,0,0,0
1000,1,0,725,1,1,1,4351,18684.7,1310.32,46.3844,0.482746,1219.35,278369,126.38,23.1957,0.267264,102.917,133.153,23.1887,0.0718272,109.892,259.533,0,0,0
1000,1,0,726,0,0,0,-1,-1,1287.64,23.206,0.58631,1219.04,278373,-1,-1,-1,-1,-1,-1,-1,-1,-1,0,0,0
1000,1,0,727,1,1,1,4326.89,18663.1,1310.47,46.3844,0.6264,1219.35,278366,108.953,23.1957,0.267264,85.4898,131.579,23.1887,0.0718272,108.319,240.532,0,0,0
1000,1,0,728,1,1,1,4315.98,18647.6,1310.4,46.3844,0.482746,1219.43,278368,135.11,23.1957,0.267264,111.647,79.3122,23.1887,0.0718272,56.0517,214.422,0,0,0
1000,1,0,729,1,1,1,4320.26,18633.5,1310.34,46.3844,0.482746,1219.37,278369,79.8269,23.1957,0.267264,56.3639,122.108,23.1887,0.0718272,98.8471,201.934,0,0,0
1000,1,0,730,1,1,1,4321.13,18656.6,1310.53,46.3844,0.6264,1219.41,278365,130.61,23.1957,0.267264,107.147,76.0672,23.1887,0.0718272,52.8066,206.677,0,0,0
1000,1,0,731,1,1,1,4342.79,18659.8,1310.23,46.3844,0.482746,1219.25,278371,96.3209,23.1957,0.267264,72.858,121.976,23.1887,0.0718272,98.7153,218.297,0,0,0
1000,1,0,732,1,1,1,4358.06,18677.3,1310.34,46.3844,0.517824,1219.32,278369,81.3158,23.1957,0.267264,57.8529,121.132,23.1887,0.106906,97.8364,202.448,0,0,0
1000,1,0,733,1,1,1,4315.66,18631.1,1310.28,46.3844,0.482746,1219.31,278370,125.51,23.1957,0.267264,102.047,85.9556,23.1887,0.0718272,62.6951,211.466,0,0,0
1000,1,0,734,1,1,1,4319.88,18664,1310.28,46.3844,0.482746,1219.31,278370,130.702,23.1957,0.267264,107.239,78.251,23.1887,0.0718272,54.9905,208.953,0,0,0
1000,1,0,735,1,1,1,4334.33,18654.1,1310.2,46.3844,0.6264,1219.08,278371,78.4245,23.1957,0.267264,54.9616,117.078,23.1887,0.0718272,93.8171,195.502,0,0,0
1000,1,0,736,1,1,1,4319.21,18647.4,1310.36,46.3844,0.482746,1219.39,278369,74.7879,23.1957,0.267264,51.3249,119.316,23.1887,0.0718272,96.0551,194.103,0,0,0
1000,1,0,737,1,1,1,4331.61,18647.8,1310.33,46.3844,0.6264,1219.21,278369,76.6667,23.1957,0.267264,53.2037,125.912,23.1887,0.0718272,102.652,202.579,0,0,0
1000,1,0,738,1,1,1,4330.44,18680,1310.38,46.3844,0.713261,1219.17,278368,126.684,23.1957,0.497779,102.991,125.141,23.1887,0.0718272,101.881,251.826,0,0,0
1000,1,0,739,1,1,1,4317.19,18727.8,1310.58,46.3844,0.873619,1219.21,278364,131.566,23.1957,0.658138,107.712,77.2024,23.1887,0.0718272,53.9419,208.768,0,0,0
1000,1,0,740,1,1,1,4320.62,18750,1310.34,46.3844,0.482746,1219.37,278369,126.418,23.1957,0.267264,102.955,116.908,23.1887,0.0718272,93.6475,243.326,0,0,0
1000,1,0,741,1,1,1,4330.65,18646.8,1310.24,46.3844,0.482746,1219.27,278371,92.2204,23.1957,0.267264,68.7575,121.129,23.1887,0.0718272,97.8689,213.35,0,0,0
1000,1,0,742,1,1,1,4317.9,24669.3,1315.83,52.1883,0.536198,1219.17,278371,239.047,28.9996,0.320717,209.521,42.0304,23.1887,0.0718272,18.7699,281.078,0,0,0
1000,1,0,743,1,1,1,4319.3,18658.2,1310.21,46.3844,0.482746,1219.23,278371,134.585,23.1957,0.267264,111.122,78.2383,23.1887,0.0718272,54.9778,212.823,0,0,0
1000,1,0,744,1,1,1,4330.31,18673.4,1310.27,46.3844,0.482746,1219.29,278370,131.758,23.1957,0.267264,108.295,77.8268,23.1887,0.0718272,54.5663,209.585,0,0,0
1000,1,0,745,1,1,1,4324.18,18665.7,1310.24,46.3844,0.482746,1219.27,278371,127.777,23.1957,0.267264,104.314,132.772,23.1887,0.0718272,109.512,260.549,0,0,0
1000,1,0,746,1,1,1,4323.85,18642,1310.24,46.3844,0.482746,1219.27,278371,133.197,23.1957,0.267264,109.734,130.96,23.1887,0.0718272,107.7,264.157,0,0,0
1000,1,0,747,1,1,1,4328.39,18675.3,1310.4,46.3844,0.482746,1219.42,278368,127.286,23.1957,0.267264,103.823,87.0078,23.1887,0.0718272,63.7473,214.294,0,0,0
1000,1,0,748,1,1,1,4340.94,18668.3,1310.44,46.3844,0.693216,1219.25,278366,120.466,23.1957,0.372499,96.8979,124.083,23.1887,0.177062,100.717,244.549,0,0,0
1000,1,0,749,1,1,1,4318.11,18658.8,1310.4,46.3844,0.482746,1219.43,278368,130.542,23.1957,0.267264,107.079,76.0635,23.1887,0.0718272,52.803,206.605,0,0,0
1000,1,0,750,1,1,1,4322.64,18695.5,1310.42,46.3844,0.482746,1219.45,278368,135.178,23.1957,0.267264,111.715,82.3533,23.1887,0.0718272,59.0928,217.532,0,0,0
1000,1,0,751,1,0,0,-1,-1,1287.82,23.1957,0.267264,1219.54,278371,-1,-1,-1,-1,-1,-1,-1,-1,-1,0,0,0
1000,1,0,752,1,1,3,10336,24653.7,1355.28,92.7639,1.20102,1218.61,278367,77.5961,23.1957,0.267264,54.1332,305.392,69.5682,0.790099,235.034,382.988,2,0,0
1000,1,0,753,1,1,1,4332.57,18647.9,1310.4,46.3844,0.482746,1219.42,278368,76.0855,23.1957,0.267264,52.6226,125.466,23.1887,0.0718272,102.206,201.552,0,0,0
1000,1,0,754,1,1,1,4374.65,18693.7,1310.32,46.3844,0.805133,1219.02,278368,93.1661,23.1957,0.267264,69.7032,122.498,23.1887,0.106906,99.2026,215.664,0,0,0
1000,1,0,755,1,1,1,4357.21,18680,1310.2,46.3844,0.517824,1219.19,278371,125.31,23.1957,0.267264,101.847,125.393,23.1887,0.106906,102.098,250.703,0,0,0
1000,1,0,756,1,1,1,4321.67,18656.3,1310.4,46.3844,0.517824,1219.39,278368,128.472,23.1957,0.302342,104.974,86.1704,23.1887,0.0718272,62.9099,214.643,0,0,0
1000,1,0,757,1,1,1,4316.94,18631.7,1310.32,46.3844,0.482746,1219.34,278369,74.703,23.1957,0.267264,51.2401,125.78,23.1887,0.0718272,102.52,200.483,0,0,0
1000,1,0,758,1,1,1,4319.75,18721.4,1310.38,46.3844,0.517824,1219.37,278368,127.529,23.1957,0.302342,104.03,87.284,23.1887,0.0718272,64.0235,214.813,0,0,0
1000,1,0,759,1,1,1,4338.18,18734,1310.41,46.3952,0.696557,1219.21,278367,130.362,23.2065,0.481075,106.675,129.172,23.1887,0.0718272,105.911,259.534,0,0,0
1000,1,0,760,1,1,1,4342.93,18664.2,1310.28,46.3844,0.482746,1219.31,278370,111.855,23.1957,0.267264,88.3919,130.023,23.1887,0.0718272,106.763,241.878,0,0,0
1000,1,0,761,1,1,1,4328.7,18645.9,1310.36,46.3844,0.482746,1219.39,278369,120.942,23.1957,0.267264,97.4791,123.18,23.1887,0.0718272,99.9191,244.122,0,0,0
1000,1,0,762,1,1,1,4321.51,18662.1,1310.23,46.3844,0.696557,1219.04,278370,125.918,23.1957,0.337421,102.384,124.9,23.1887,0.0718272,101.639,250.817,0,0,0
1000,1,0,763,1,1,1,4339.69,18653.2,1310.21,46.3844,0.6264,1219.09,278371,73.9342,23.1957,0.267264,50.4712,118.709,23.1887,0.0718272,95.4487,192.643,0,0,0
1000,1,0,764,1,1,1,4315.34,18648.5,1310.36,46.3844,0.482746,1219.39,278369,131.993,23.1957,0.267264,108.53,84.1689,23.1887,0.0718272,60.9084,216.162,0,0,0
1000,1,0,765,1,1,1,4339.13,18666.3,1310.29,46.3844,0.678182,1219.11,278370,76.8838,23.1957,0.462701,53.2254,126.777,23.1887,0.0718272,103.516,203.66,0,0,0
1000,1,0,766,1,1,1,4316.62,18653.5,1310.26,46.3844,0.552902,1219.21,278370,131.639,23.1957,0.337421,108.106,75.6755,23.1887,0.0718272,52.415,207.314,0,0,0
1000,1,0,767,1,1,1,4314.06,18675.3,1310.42,46.3844,0.873619,1219.05,278367,125.238,23.1957,0.658138,101.385,132.121,23.1887,0.0718272,108.86,257.359,0,0,0
1000,1,0,768,1,1,1,4318.34,18659.3,1310.26,46.3844,0.517824,1219.25,278370,108.351,23.1957,0.302342,84.8527,55.4347,23.1887,0.0718272,32.1742,163.785,0,0,0
1000,1,0,769,1,1,2,4456.19,18804,1332.69,69.5741,0.803462,1218.9,278370,117.116,23.1957,0.372499,93.5482,147.83,46.3784,0.287309,101.164,264.947,1,0,0
1000,1,0,770,1,1,1,4329.88,18689.9,1310.07,46.3844,0.517824,1219.06,278374,103.882,23.1957,0.302342,80.384,126.473,23.1887,0.0718272,103.213,230.355,0,0,0
1000,1,0,771,1,1,1,4336.04,18679.2,1310.38,46.3844,0.678182,1219.21,278368,129.47,23.1957,0.462701,105.812,75.8668,23.1887,0.0718272,52.6063,205.337,0,0,0
1000,1,0,772,1,1,1,4321.89,18673.3,1310.33,46.3844,0.678182,1219.16,278369,132.351,23.1957,0.462701,108.692,134.705,23.1887,0.0718272,111.445,267.056,0,0,0
1000,1,0,773,1,1,1,4316.87,18633.9,1310.28,46.3844,0.482746,1219.31,278370,104.816,23.1957,0.267264,81.3532,130.697,23.1887,0.0718272,107.436,235.513,0,0,0
1000,1,0,774,1,1,1,4342.92,18658.6,1310.2,46.3844,0.482746,1219.23,278372,120.036,23.1957,0.267264,96.573,123.914,23.1887,0.0718272,100.654,243.95,0,0,0
1000,1,0,775,1,1,1,4340.11,18661.4,1310.21,46.3844,0.482746,1219.23,278371,120.355,23.1957,0.267264,96.8925,123.551,23.1887,0.0718272,100.291,243.907,0,0,0
1000,1,0,776,1,1,1,4315.98,18648.5,1310.3,46.3844,0.696557,1219.11,278369,122.884,23.1957,0.462701,99.2261,120.951,23.1887,0.0902016,97.6722,243.836,0,0,0
1000,1,0,777,1,1,1,4315.02,18650.7,1310.28,46.3844,0.482746,1219.31,278370,126.198,23.1957,0.267264,102.735,83.373,23.1887,0.0718272,60.1125,209.571,0,0,0
1000,1,0,778,1,1,1,4349.7,18675.9,1310.28,46.3844,0.552902,1219.23,278370,119.228,23.1957,0.302342,95.7302,125.812,23.1887,0.106906,102.516,245.04,0,0,0
1000,1,0,779,1,1,1,4336.65,18680,1310.32,46.3844,0.517824,1219.31,278369,122.175,23.1957,0.267264,98.7117,132.621,23.1887,0.106906,109.326,254.796,0,0,0
1000,1,0,780,1,1,1,4316.94,18648.5,1310.28,46.3844,0.482746,1219.31,278370,123.362,23.1957,0.267264,99.8993,87.672,23.1887,0.0718272,64.4115,211.034,0,0,0
1000,1,0,781,1,1,1,4320.59,18667.5,1310.4,46.3844,0.713261,1219.19,278367,123.838,23.1957,0.497779,100.145,120.752,23.1887,0.0718272,97.4917,244.59,0,0,0
1000,1,0,782,1,1,2,10321.2,24637.7,1332.95,69.5741,0.681523,1219.29,278366,133.581,23.1957,0.267264,110.118,260.985,46.3784,0.270605,214.336,394.566,1,0,0
1000,1,0,783,1,1,1,4334.68,18656.2,1310.4,46.3844,0.696557,1219.21,278367,117.659,23.1957,0.267264,94.1961,128.475,23.1887,0.141984,105.144,246.134,0,0,0
1000,1,0,784,1,1,1,4337.97,18664.1,1310.4,46.3844,0.913709,1219,278367,125.144,23.1957,0.267264,101.681,83.8458,23.1887,0.0718272,60.5853,208.989,0,0,0
1000,1,0,785,1,1,1,4357.54,18670.4,1310.32,46.3844,0.482746,1219.34,278369,76.4356,23.1957,0.267264,52.9727,127.183,23.1887,0.0718272,103.922,203.618,0,0,0
1000,1,0,786,1,1,1,4320.07,18639.8,1310.26,46.3844,0.517824,1219.25,278370,81.9872,23.1957,0.267264,58.5242,121.41,23.1887,0.106906,98.1143,203.397,0,0,0
1000,1,0,787,1,1,1,4345.13,18721.4,1310.59,46.3844,0.927072,1219.17,278363,129.77,23.1957,0.567936,106.007,130.484,23.1887,0.0718272,107.223,260.254,0,0,0
1000,1,0,788,1,1,1,4319.5,18636.9,1310.34,46.3844,0.482746,1219.37,278369,75.5351,23.1957,0.267264,52.0721,118.738,23.1887,0.0718272,95.4775,194.273,0,0,0
1000,1,0,789,1,1,1,4324.21,18642.7,1310.36,46.3844,0.482746,1219.39,278369,113.432,23.1957,0.267264,89.9693,127.648,23.1887,0.0718272,104.388,241.081,0,0,0
1000,1,0,790,1,1,2,10336.1,24712.2,1332.76,69.5741,0.785088,1219,278369,120.309,23.1957,0.532858,96.5803,303.202,46.3784,0.108576,256.715,423.511,1,0,0
1000,1,0,791,1,1,1,4325.45,18644.8,1310.24,46.3844,0.482746,1219.27,278371,94.6732,23.1957,0.267264,71.2102,46.7193,23.1887,0.0718272,23.4588,141.392,0,0,0
1000,1,0,792,1,1,1,4316.62,18632.7,1310.27,46.3844,0.482746,1219.29,278370,77.7279,23.1957,0.267264,54.2649,117.984,23.1887,0.0718272,94.7231,195.712,0,0,0
1000,1,0,793,1,1,1,4326.03,18676.7,1310.38,46.3844,0.482746,1219.4,278368,132.92,23.1957,0.267264,109.458,86.6704,23.1887,0.0718272,63.4098,219.591,0,0,0
1000,1,0,794,1,1,1,4336.36,18664.9,1310.18,46.3844,0.517824,1219.17,278372,122.468,23.1957,0.302342,98.9698,124.86,23.1887,0.0718272,101.599,247.328,0,0,0
1000,1,0,795,1,1,1,4324.87,18649.4,1310.26,46.3844,0.482746,1219.28,278370,126.882,23.1957,0.267264,103.419,132.458,23.1887,0.0718272,109.198,259.34,0,0,0
1000,1,0,796,1,1,1,4336.3,18695.7,1310.34,46.3844,0.482746,1219.37,278369,121.502,23.1957,0.267264,98.0385,125.167,23.1887,0.0718272,101.906,246.668,0,0,0
1000,1,0,797,1,1,1,4336.14,18653.9,1310.28,46.3844,0.552902,1219.23,278370,73.6996,23.1957,0.267264,50.2366,122.654,23.1887,0.141984,99.3236,196.354,0,0,0
1000,1,0,798,1,1,1,4316.62,18633.9,1310.38,46.3844,0.482746,1219.41,278368,90.8686,23.1957,0.267264,67.4057,45.9198,23.1887,0.0718272,22.6593,136.788,0,0,0
1000,1,0,799,1,1,2,10338.2,24665.1,1332.75,69.5741,0.519494,1219.25,278370,75.1506,23.1957,0.267264,51.6877,290.704,46.3784,0.108576,244.217,365.854,1,0,0
1000,1,0,800,1,1,1,4332.94,18660.8,1310.28,46.3844,0.517824,1219.27,278370,73.9729,23.1957,0.302342,50.4748,109.987,23.1887,0.0718272,86.7261,183.959,0,0,0
1000,1,0,801,1,1,1,4322.28,18662.1,1310.36,46.3844,0.482746,1219.39,278369,118.399,23.1957,0.267264,94.9361,62.9968,23.1887,0.0718272,39.7363,181.396,0,0,0
1000,1,0,802,1,1,1,4359.47,18732.4,1310.24,46.3844,0.50112,1219.25,278371,121.15,23.1957,0.267264,97.6866,125.589,23.1887,0.0902016,102.311,246.739,0,0,0
1000,1,0,803,1,1,1,4349.72,18673.8,1310.4,46.3844,0.6264,1219.28,278368,95.0269,23.1957,0.267264,71.5639,122.51,23.1887,0.0718272,99.2496,217.537,0,0,0
1000,1,0,804,1,1,1,4318.79,18664.8,1310.26,46.3844,0.482746,1219.29,278370,103.91,23.1957,0.267264,80.4472,126.804,23.1887,0.0718272,103.543,230.714,0,0,0
1000,1,0,805,1,1,1,4318.69,18659.6,1310.26,46.3844,0.482746,1219.29,278370,132.379,23.1957,0.267264,108.916,128.367,23.1887,0.0718272,105.106,260.746,0,0,0
1000,1,0,806,1,1,1,4318.54,18632.4,1310.38,46.3844,0.482746,1219.41,278368,100.513,23.1957,0.267264,77.0505,126.259,23.1887,0.0718272,102.998,226.772,0,0,0
1000,1,0,807,1,1,1,4344.16,18660.2,1310.4,46.3844,0.661478,1219.24,278367,107.519,23.1957,0.302342,84.0207,132.296,23.1887,0.0718272,109.035,239.814,0,0,0
1000,1,0,808,1,1,1,4368.53,18680.1,1310.38,46.3844,0.661478,1219.23,278368,73.6851,23.1957,0.267264,50.2222,117.77,23.1887,0.106906,94.4741,191.455,0,0,0
1000,1,0,809,1,1,1,4321.48,18695.2,1310.45,46.3844,0.678182,1219.27,278367,126.278,23.1957,0.462701,102.619,124.685,23.1887,0.0718272,101.424,250.962,0,0,0
1000,1,0,810,1,1,1,4319.43,18664.2,1310.16,46.3844,0.587981,1219.08,278372,124.867,23.1957,0.337421,101.334,84.426,23.1887,0.106906,61.1304,209.293,0,0,0
1000,1,0,811,1,1,1,4320.39,18649.9,1310.26,46.3844,0.482746,1219.29,278370,118.071,23.1957,0.267264,94.6076,121.034,23.1887,0.0718272,97.7732,239.104,0,0,0
1000,1,0,812,1,1,2,10349.1,24667.7,1332.76,69.5741,0.572947,1219.21,278369,119.727,23.1957,0.267264,96.2644,290.324,46.3784,0.162029,243.783,410.051,1,0,0
1000,1,0,813,1,1,1,4317.9,30724.8,1321.68,57.9922,1.51171,1218.42,278364,431.77,34.8035,1.29623,395.192,80.6477,23.1887,0.0718272,57.3872,512.418,0,0,0
1000,1,0,814,1,1,1,4318.32,18658.6,1310.21,46.3844,0.482746,1219.23,278371,81.5559,23.1957,0.267264,58.0929,119.83,23.1887,0.0718272,96.5694,201.386,0,0,0
1000,1,0,815,1,1,1,4342.76,30685,1321.78,57.9922,0.928742,1219.1,278364,395.71,34.8035,0.569606,359.763,45.3242,23.1887,0.0718272,22.0637,441.034,0,0,0
1000,1,0,816,1,1,1,4315.98,18654.7,1310.32,46.3844,0.517824,1219.31,278369,120.392,23.1957,0.302342,96.8943,64.0761,23.1887,0.0718272,40.8156,184.468,0,0,0
1000,1,0,817,1,1,1,4326.02,18667.1,1310.27,46.3952,0.50112,1219.27,278370,132.674,23.2065,0.285638,109.181,131.549,23.1887,0.0718272,108.288,264.222,0,0,0
1000,1,0,818,1,1,1,4318.98,18655,1310.34,46.3844,0.517824,1219.33,278369,134.825,23.1957,0.302342,111.327,79.8374,23.1887,0.0718272,56.5769,214.663,0,0,0
1000,1,0,819,0,0,0,-1,-1,1287.78,23.206,0.516154,1219.25,278371,-1,-1,-1,-1,-1,-1,-1,-1,-1,0,0,0
1000,1,0,820,1,1,1,4329.61,24706.9,1315.92,52.1883,0.696557,1219.1,278369,261.684,28.9996,0.481075,232.059,54.7489,23.1887,0.0718272,31.4883,316.433,0,0,0
1000,1,0,821,1,1,1,4318.79,18634.6,1310.25,46.3844,0.482746,1219.27,278371,77.9228,23.1957,0.267264,54.4598,117.467,23.1887,0.0718272,94.207,195.39,0,0,0
1000,1,0,822,1,1,1,4334.75,18655.8,1310.36,46.3844,0.678182,1219.19,278368,77.5172,23.1957,0.462701,53.8588,118.224,23.1887,0.0718272,94.9632,195.741,0,0,0
1000,1,0,823,1,0,0,-1,-1,1287.62,23.1957,0.302342,1219.31,278374,-1,-1,-1,-1,-1,-1,-1,-1,-1,0,0,0
1000,1,0,824,1,1,1,4317.26,24648.8,1316.09,52.1883,0.927072,1219.04,278366,273.939,28.9996,0.71159,244.126,86.4845,23.1887,0.0718272,63.2239,360.423,0,0,0
1000,1,0,825,1,1,1,4348.28,18671.3,1310.32,46.3844,0.517824,1219.3,278369,69.6035,23.1957,0.302342,46.1054,107.705,23.1887,0.0718272,84.4448,177.309,0,0,0
1000,1,0,826,1,1,1,4321.67,18641.7,1310.28,46.3844,0.482746,1219.31,278370,131.933,23.1957,0.267264,108.47,79.6262,23.1887,0.0718272,56.3657,211.559,0,0,0
1000,1,0,827,1,1,1,4328.65,18669.6,1310.34,46.3844,0.482746,1219.36,278369,113.104,23.1957,0.267264,89.6408,58.3151,23.1887,0.0718272,35.0546,171.419,0,0,0
1000,1,0,828,1,1,1,4363.48,18695.6,1310.36,46.3844,0.482746,1219.38,278369,76.8417,23.1957,0.267264,53.3788,127.053,23.1887,0.0718272,103.792,203.894,0,0,0
1000,1,0,829,1,1,1,4329.93,18700.8,1310.36,46.3844,0.748339,1219.12,278368,127.656,23.1957,0.532858,103.928,135.447,23.1887,0.0718272,112.186,263.103,0,0,0
1000,1,0,830,1,1,1,4330.44,18732.6,1310.1,46.3844,0.552902,1219.05,278373,127.159,23.1957,0.337421,103.626,86.6036,23.1887,0.0718272,63.3431,213.763,0,0,0
1000,1,0,831,1,1,1,4323.08,30650.1,1321.48,57.9922,0.785088,1218.94,278370,362.236,34.8035,0.569606,326.194,30.0989,23.1887,0.0718272,6.83839,392.334,0,0,0
1000,1,0,832,1,1,1,4318.54,18657.4,1310.26,46.3844,0.482746,1219.28,278370,122.563,23.1957,0.267264,99.0998,124.739,23.1887,0.0718272,101.478,247.302,0,0,0
1000,1,0,833,1,1,1,4346.92,18709,1310.53,46.3844,1.06906,1218.97,278364,119.018,23.1957,0.853574,94.9686,123.436,23.1887,0.0718272,100.175,242.454,0,0,0
1000,1,0,834,1,1,1,4315.34,18698.6,1310.28,46.3844,0.517824,1219.27,278370,135.212,23.1957,0.302342,111.714,82.8785,23.1887,0.0718272,59.618,218.09,0,0,0
1000,1,0,835,1,1,1,4321.72,18684.7,1310.44,46.3844,0.873619,1219.07,278366,131.837,23.1957,0.658138,107.983,133.824,23.1887,0.0718272,110.564,265.661,0,0,0
1000,1,0,836,1,1,1,4316.62,18644.9,1310.34,46.3844,0.731635,1219.11,278368,112.919,23.1957,0.497779,89.2257,59.6095,23.1887,0.0902016,36.3306,172.529,0,0,0
1000,1,0,837,1,1,1,4347.44,18731,1310.26,46.3844,0.482746,1219.29,278370,120.213,23.1957,0.267264,96.7499,133.684,23.1887,0.0718272,110.423,253.896,0,0,0
1000,1,0,838,1,1,1,4335.43,18661,1310.24,46.3844,0.50112,1219.25,278371,117.444,23.1957,0.267264,93.9814,131.489,23.1887,0.0902016,108.21,248.934,0,0,0
1000,1,0,839,1,1,1,4318.02,18641.3,1310.4,46.3844,0.482746,1219.42,278368,124.842,23.1957,0.267264,101.379,127.829,23.1887,0.0718272,104.568,252.671,0,0,0
1000,1,0,840,1,1,1,4353.68,18760.8,1310.21,46.3844,0.482746,1219.23,278371,123.166,23.1957,0.267264,99.7026,127.39,23.1887,0.0718272,104.13,250.556,0,0,0
1000,1,0,841,1,1,1,4326.86,18719,1310.31,46.3844,0.587981,1219.23,278369,134.619,23.1957,0.372499,111.051,130.357,23.1887,0.0718272,107.097,264.977,0,0,0
1000,1,0,842,1,1,1,4342.84,18659.6,1310.27,46.3844,0.482746,1219.29,278370,121.859,23.1957,0.267264,98.3959,129.944,23.1887,0.0718272,106.684,251.803,0,0,0
1000,1,0,843,1,1,1,4320.26,18675.9,1310.32,46.3844,0.517824,1219.3,278369,132.793,23.1957,0.302342,109.295,77.0796,23.1887,0.0718272,53.8191,209.873,0,0,0
1000,1,0,844,1,1,1,4387.75,18713.3,1310.36,46.3844,0.517824,1219.35,278368,121.912,23.1957,0.302342,98.4139,135.474,23.1887,0.0718272,112.213,257.386,0,0,0
1000,1,0,845,1,1,1,4320.14,18636,1310.34,46.3844,0.482746,1219.36,278369,124.873,23.1957,0.267264,101.41,86.6036,23.1887,0.0718272,63.3431,211.476,0,0,0
1000,1,0,846,1,1,1,4321.7,18637.8,1310.32,46.3844,0.482746,1219.35,278369,81.5685,23.1957,0.267264,58.1055,119.846,23.1887,0.0718272,96.5857,201.415,0,0,0
1000,1,0,847,1,1,1,4317,18643.3,1310.3,46.3844,0.482746,1219.33,278370,133.124,23.1957,0.267264,109.661,80.534,23.1887,0.0718272,57.2735,213.658,0,0,0
1000,1,0,848,1,1,1,4321.54,18641.2,1310.24,46.3844,0.482746,1219.27,278371,125.019,23.1957,0.267264,101.556,132.451,23.1887,0.0718272,109.19,257.47,0,0,0
1000,1,0,849,1,1,2,10362.9,24680.9,1332.73,69.5741,0.519494,1219.23,278370,81.7039,23.1957,0.267264,58.2409,278.483,46.3784,0.108576,231.996,360.187,1,0,0
1000,1,0,850,1,1,1,4360.23,18716.1,1310.16,46.3844,0.606355,1219.06,278371,120.679,23.1957,0.267264,97.2156,125.348,23.1887,0.195437,101.964,246.027,0,0,0
1000,1,0,851,1,1,1,4333,18651.4,1310.27,46.3844,0.482746,1219.29,278370,119.516,23.1957,0.267264,96.0533,122.849,23.1887,0.0718272,99.5889,242.366,0,0,0
1000,1,0,852,1,1,1,4322.48,18679.1,1310.11,46.3844,0.517824,1219.09,278373,123.87,23.1957,0.302342,100.372,120.343,23.1887,0.0718272,97.082,244.213,0,0,0
1000,1,0,853,1,1,1,4321.78,18666.8,1310.4,46.3844,0.482746,1219.43,278368,91.7476,23.1957,0.267264,68.2846,118.695,23.1887,0.0718272,95.4342,210.442,0,0,0
1000,1,0,854,1,1,1,4315.34,18638.7,1310.32,46.3844,0.482746,1219.35,278369,124.095,23.1957,0.267264,100.632,69.4796,23.1887,0.0718272,46.2191,193.575,0,0,0
1000,1,0,855,1,1,1,4338.76,18658.8,1310.4,46.3844,0.770054,1219.13,278367,122.662,23.1957,0.267264,99.199,123.288,23.1887,0.0718272,100.027,245.95,0,0,0
1000,1,0,856,1,1,2,4378.53,18702.1,1332.65,69.5741,0.75168,1218.92,278371,118.418,23.1957,0.302342,94.9198,147.529,46.3784,0.305683,100.845,265.947,1,0,0
1000,1,0,857,1,1,2,10335.3,24654.4,1332.73,69.5741,0.519494,1219.23,278370,124.752,23.1957,0.267264,101.289,186.153,46.3784,0.108576,139.666,310.905,1,0,0
1000,1,0,858,1,1,1,4322.18,18653,1310.2,46.3844,0.517824,1219.19,278371,81.8147,23.1957,0.302342,58.3167,120.767,23.1887,0.0718272,97.5061,202.581,0,0,0
1000,1,0,859,1,1,1,4325.26,18659.8,1310.3,46.3844,0.482746,1219.32,278370,74.3782,23.1957,0.267264,50.9152,116.024,23.1887,0.0718272,92.7631,190.402,0,0,0
1000,1,0,860,1,1,1,4322.15,18644.4,1310.27,46.3844,0.482746,1219.29,278370,126.356,23.1957,0.267264,102.893,126.455,23.1887,0.0718272,103.195,252.812,0,0,0
1000,1,0,861,1,1,1,4324.79,18649.3,1310.44,46.3844,0.482746,1219.46,278367,89.3183,23.1957,0.267264,65.8553,117.182,23.1887,0.0718272,93.9218,206.501,0,0,0
1000,1,0,862,1,1,1,4329.06,18693.1,1310.24,46.3844,0.517824,1219.23,278371,130.275,23.1957,0.302342,106.777,75.7495,23.1887,0.0718272,52.489,206.025,0,0,0
1000,1,0,863,1,1,1,4359.06,18675.2,1310.38,46.3844,0.482746,1219.4,278368,75.8509,23.1957,0.267264,52.3879,125.872,23.1887,0.0718272,102.612,201.723,0,0,0
1000,1,0,864,1,1,1,4317.51,18706.3,1310.3,46.3844,0.713261,1219.1,278369,132.994,23.1957,0.497779,109.3,85.5784,23.1887,0.0718272,62.3179,218.572,0,0,0
1000,1,0,865,1,1,1,4332.04,18652.4,1310.24,46.3844,0.482746,1219.27,278371,133.807,23.1957,0.267264,110.344,78.722,23.1887,0.0718272,55.4615,212.529,0,0,0
1000,1,0,866,1,1,1,4323.34,18658.8,1310.3,46.3844,0.517824,1219.29,278370,118.412,23.1957,0.302342,94.9144,122.566,23.1887,0.0718272,99.3055,240.978,0,0,0
1000,1,0,867,1,1,1,4317.58,18641.4,1310.25,46.3844,0.482746,1219.27,278371,132.388,23.1957,0.267264,108.925,80.59,23.1887,0.0718272,57.3295,212.978,0,0,0
1000,1,0,868,1,0,0,-1,-1,1287.85,23.1957,0.267264,1219.58,278370,-1,-1,-1,-1,-1,-1,-1,-1,-1,0,0,0
1000,1,0,869,1,1,1,4343.27,18657.1,1310.24,46.3844,0.482746,1219.27,278371,121.958,23.1957,0.267264,98.4952,89.0743,23.1887,0.0718272,65.8138,211.032,0,0,0
1000,1,0,870,1,1,1,4327.34,18662.1,1310.25,46.3844,0.6264,1219.13,278370,123.407,23.1957,0.267264,99.9444,87.2533,23.1887,0.0718272,63.9928,210.661,0,0,0
1000,1,0,871,1,1,1,4321.33,18745,1310.24,46.3844,0.482746,1219.27,278371,123.768,23.1957,0.267264,100.305,125.243,23.1887,0.0718272,101.982,249.011,0,0,0
1000,1,0,872,1,1,1,4343.06,18671.6,1310.24,46.3844,0.50112,1219.25,278371,120.581,23.1957,0.267264,97.1181,132.361,23.1887,0.0902016,109.082,252.942,0,0,0
1000,1,0,873,1,1,1,4319.75,18663.9,1310.26,46.3844,0.482746,1219.28,278370,133.281,23.1957,0.267264,109.818,77.3161,23.1887,0.0718272,54.0556,210.598,0,0,0
1000,1,0,874,1,1,1,4325.18,18650.4,1310.42,46.3844,0.713261,1219.21,278367,76.2835,23.1957,0.497779,52.5901,118.512,23.1887,0.0718272,95.2519,194.796,0,0,0
1000,1,0,875,1,1,1,4318.22,18656.5,1310.32,46.3844,0.713261,1219.11,278369,127.033,23.1957,0.497779,103.339,86.3455,23.1887,0.0718272,63.085,213.378,0,0,0
1000,1,0,876,1,1,1,4329.77,18676.2,1310.3,46.3844,0.482746,1219.32,278370,125.275,23.1957,0.267264,101.812,106.11,23.1887,0.0718272,82.8493,231.385,0,0,0
1000,1,0,877,1,1,1,4335.1,18654.3,1310.18,46.3844,0.517824,1219.17,278372,79.3494,23.1957,0.302342,55.8513,119.491,23.1887,0.0718272,96.2301,198.84,0,0,0
1000,1,0,878,1,1,1,4321.99,18658.7,1310.28,46.3844,0.482746,1219.31,278370,79.049,23.1957,0.267264,55.586,118.63,23.1887,0.0718272,95.3692,197.679,0,0,0
1000,1,0,879,1,1,1,4325.58,18639.4,1310.38,46.3844,0.482746,1219.41,278368,77.7856,23.1957,0.267264,54.3227,121.871,23.1887,0.0718272,98.6107,199.657,0,0,0
1000,1,0,880,1,1,1,4320.49,18647.7,1310.28,46.3844,0.552902,1219.23,278370,96.4561,23.1957,0.337421,72.9229,48.2462,23.1887,0.0718272,24.9857,144.702,0,0,0
1000,1,0,881,1,1,1,4329.86,18645.3,1310.26,46.3844,0.517824,1219.25,278370,76.7262,23.1957,0.267264,53.2633,125.696,23.1887,0.106906,102.401,202.423,0,0,0
1000,1,0,882,1,1,1,4324.8,18648.2,1310.25,46.3844,0.678182,1219.08,278370,122.343,23.1957,0.462701,98.6847,120.306,23.1887,0.0718272,97.0459,242.649,0,0,0
1000,1,0,883,1,1,1,4315.78,18635.1,1310.21,46.3844,0.482746,1219.23,278371,72.891,23.1957,0.267264,49.4281,122.985,23.1887,0.0718272,99.7242,195.876,0,0,0
1000,1,0,884,1,1,1,4322.18,18638,1310.28,46.3844,0.482746,1219.31,278370,122.312,23.1957,0.267264,98.8489,119.588,23.1887,0.0718272,96.3276,241.9,0,0,0
1000,1,0,885,1,1,1,4322.44,18702.9,1310.36,46.3844,0.713261,1219.16,278368,123.385,23.1957,0.497779,99.6917,84.2104,23.1887,0.0718272,60.9499,207.596,0,0,0
1000,1,0,886,1,1,1,4326.77,18658.3,1310.24,46.3844,0.482746,1219.27,278371,126.275,23.1957,0.267264,102.812,126.23,23.1887,0.0718272,102.969,252.505,0,0,0
1000,1,0,887,1,1,1,4318.78,18636.8,1310.4,46.3844,0.482746,1219.42,278368,128.76,23.1957,0.267264,105.297,73.8635,23.1887,0.0718272,50.603,202.624,0,0,0
1000,1,0,888,1,1,1,4332.27,18648.7,1310.22,46.3844,0.482746,1219.25,278371,79.1934,23.1957,0.267264,55.7304,122.326,23.1887,0.0718272,99.0655,201.519,0,0,0
1000,1,0,889,1,1,1,4337.34,24661.9,1315.87,52.1883,0.696557,1219.06,278370,152.125,28.9996,0.481075,122.19,117.742,23.1887,0.0718272,94.4813,269.867,0,0,0
1000,1,0,890,1,1,1,4318.22,18635.2,1310.32,46.3844,0.482746,1219.35,278369,74.1851,23.1957,0.267264,50.7221,122.362,23.1887,0.0718272,99.1016,196.547,0,0,0
1000,1,0,891,1,1,1,4330.06,18671.7,1310.21,46.3844,0.482746,1219.23,278371,79.8792,23.1957,0.267264,56.4162,119.012,23.1887,0.0718272,95.7519,198.892,0,0,0
1000,1,0,892,1,1,1,4319.7,18678.3,1310.49,46.3844,0.713261,1219.29,278366,126.008,23.1957,0.497779,102.314,113.519,23.1887,0.0718272,90.258,239.526,0,0,0
1000,1,0,893,1,1,1,4316.62,18644,1310.26,46.3844,0.482746,1219.29,278370,103.605,23.1957,0.267264,80.1421,52.1012,23.1887,0.0718272,28.8407,155.706,0,0,0
1000,1,0,894,1,1,1,4325.16,18715,1310.25,46.3844,0.6264,1219.13,278370,118.33,23.1957,0.267264,94.8675,130.754,23.1887,0.0718272,107.494,249.085,0,0,0
1000,1,0,895,1,1,1,4318.76,18677.7,1310.22,46.3844,0.482746,1219.25,278371,136.12,23.1957,0.267264,112.657,82.1981,23.1887,0.0718272,58.9375,218.318,0,0,0
1000,1,0,896,1,1,1,4350.16,18670.1,1310.26,46.3844,0.552902,1219.21,278370,121.962,23.1957,0.267264,98.4988,105.933,23.1887,0.141984,82.6021,227.894,0,0,0
1000,1,0,897,1,1,2,10325.5,24650,1332.77,69.5741,0.519494,1219.27,278370,78.1719,23.1957,0.267264,54.7089,289.014,46.3784,0.108576,242.527,367.186,1,0,0
1000,1,0,898,1,1,1,4337.47,18652,1310.23,46.3844,0.482746,1219.25,278371,91.4714,23.1957,0.267264,68.0085,122.023,23.1887,0.0718272,98.7623,213.494,0,0,0
1000,1,0,899,1,1,1,4327.46,18647.2,1310.26,46.3844,0.482746,1219.29,278370,122.149,23.1957,0.267264,98.6865,121.046,23.1887,0.0718272,97.7859,243.196,0,0,0
1000,1,0,900,1,1,1,4334.13,18660.4,1310.32,46.3844,0.552902,1219.27,278369,117.152,23.1957,0.337421,93.6186,121.924,23.1887,0.0718272,98.663,239.075,0,0,0
1000,1,0,901,1,1,1,4316.3,18645.4,1310.36,46.3844,0.678182,1219.19,278368,125.985,23.1957,0.462701,102.327,83.5138,23.1887,0.0718272,60.2532,209.499,0,0,0
1000,1,0,902,1,1,1,4338.76,18663.4,1310.36,46.3844,0.482746,1219.39,278369,73.7808,23.1957,0.267264,50.3178,122.494,23.1887,0.0718272,99.2333,196.275,0,0,0
1000,1,0,903,1,1,2,4359.77,18676.5,1332.73,69.5741,0.698227,1219.05,278370,84.8713,23.1957,0.267264,61.4083,144.383,46.3784,0.287309,97.7173,229.254,1,0,0
1000,1,0,904,1,1,1,4338.66,18659.9,1310.41,46.3844,0.6264,1219.29,278368,82.673,23.1957,0.267264,59.2101,119.765,23.1887,0.0718272,96.5045,202.438,0,0,0
1000,1,0,905,1,0,0,-1,-1,1287.98,23.1957,0.853574,1219.12,278367,-1,-1,-1,-1,-1,-1,-1,-1,-1,0,0,0
1000,1,0,906,1,1,1,4342.53,18668.1,1310.3,46.3844,0.482746,1219.32,278370,72.1745,23.1957,0.267264,48.7116,108.187,23.1887,0.0718272,84.9267,180.362,0,0,0
1000,1,0,907,1,0,0,-1,-1,1287.83,23.1957,0.267264,1219.56,278371,-1,-1,-1,-1,-1,-1,-1,-1,-1,0,0,0
1000,1,0,908,1,1,1,4330.38,18662.3,1310.23,46.3844,0.482746,1219.25,278371,84.6349,23.1957,0.267264,61.1719,120.675,23.1887,0.0718272,97.4141,205.309,0,0,0
1000,1,0,909,1,1,1,4332.14,18661.3,1310.2,46.3844,0.6264,1219.08,278371,77.015,23.1957,0.267264,53.552,125.881,23.1887,0.0718272,102.621,202.896,0,0,0
1000,1,0,910,1,0,0,-1,-1,1287.86,23.1957,0.267264,1219.58,278370,-1,-1,-1,-1,-1,-1,-1,-1,-1,0,0,0
1000,1,0,911,1,0,0,-1,-1,1287.85,23.1957,0.267264,1219.58,278370,-1,-1,-1,-1,-1,-1,-1,-1,-1,0,0,0
1000,1,0,912,1,1,1,4375.05,18721.5,1310.53,46.3844,0.821837,1219.22,278365,119.629,23.1957,0.462701,95.9702,125.964,23.1887,0.0718272,102.704,245.593,0,0,0
1000,1,0,913,1,1,1,4320.68,18704.1,1310.28,46.3844,0.482746,1219.3,278370,133.056,23.1957,0.267264,109.593,85.5748,23.1887,0.0718272,62.3143,218.631,0,0,0
1000,1,0,914,1,1,1,4319.3,18643.9,1310.27,46.3844,0.517824,1219.26,278370,113.57,23.1957,0.302342,90.0722,127.571,23.1887,0.0718272,104.31,241.141,0,0,0
1000,1,0,915,1,1,1,4318.54,24638,1316.01,52.1883,0.696557,1219.19,278368,195.6,28.9996,0.481075,165.793,26.6319,23.1887,0.0718272,3.37137,222.232,0,0,0
1000,1,0,916,1,1,1,4316.23,18632.4,1310.28,46.3844,0.482746,1219.31,278370,85.5336,23.1957,0.267264,62.0707,118.819,23.1887,0.0718272,95.5587,204.353,0,0,0
1000,1,0,917,1,1,1,4331.11,18653.7,1310.18,46.3844,0.517824,1219.17,278372,120.876,23.1957,0.302342,97.378,123.382,23.1887,0.0718272,100.121,244.258,0,0,0
1000,1,0,918,1,1,1,4319.41,18642,1310.24,46.3844,0.482746,1219.27,278371,124.779,23.1957,0.267264,101.316,69.0483,23.1887,0.0718272,45.7878,193.827,0,0,0
1000,1,0,919,1,1,1,4336.68,18679.7,1310.58,46.3844,0.6264,1219.46,278364,121.931,23.1957,0.267264,98.4681,134.584,23.1887,0.0718272,111.324,256.515,0,0,0
1000,1,0,920,1,1,1,4321.16,18675.5,1310.36,46.3844,0.482746,1219.39,278369,122.435,23.1957,0.267264,98.9716,135.826,23.1887,0.0718272,112.565,258.26,0,0,0
1000,1,0,921,1,1,1,4321.67,18660.4,1310.28,46.3844,0.482746,1219.31,278370,130.385,23.1957,0.267264,106.922,86.7768,23.1887,0.0718272,63.5163,217.162,0,0,0
1000,1,0,922,1,1,2,10321,24669.7,1332.81,69.5741,0.519494,1219.3,278369,121.186,23.1957,0.267264,97.7227,291.03,46.3784,0.108576,244.543,412.216,1,0,0
1000,1,0,923,1,1,1,4357.61,18698.6,1310.32,46.3844,0.482746,1219.35,278369,110.229,23.1957,0.267264,86.7658,134.799,23.1887,0.0718272,111.538,245.028,0,0,0
1000,1,0,924,1,1,1,4336.62,18695.9,1310.44,46.3844,0.6264,1219.32,278367,130.977,23.1957,0.267264,107.514,77.5489,23.1887,0.0718272,54.2884,208.526,0,0,0
1000,1,0,925,1,1,1,4317.26,18640,1310.38,46.3844,0.482746,1219.41,278368,135.862,23.1957,0.267264,112.399,79.3735,23.1887,0.0718272,56.113,215.236,0,0,0
1000,1,0,926,1,1,1,4332.01,18698.8,1310.28,46.3844,0.6264,1219.16,278370,127.217,23.1957,0.267264,103.754,84.8006,23.1887,0.0718272,61.5401,212.018,0,0,0
1000,1,0,927,1,1,1,4315.34,18634.6,1310.3,46.3844,0.482746,1219.32,278370,126.055,23.1957,0.267264,102.592,86.2282,23.1887,0.0718272,62.9677,212.283,0,0,0
1000,1,0,928,1,1,1,4321.67,18659.2,1310.32,46.3844,0.517824,1219.31,278369,73.6029,23.1957,0.302342,50.1049,122.591,23.1887,0.0718272,99.3308,196.194,0,0,0
1000,1,0,929,1,1,1,4315.91,18661.4,1310.26,46.3844,0.482746,1219.29,278370,96.431,23.1957,0.267264,72.9681,47.5044,23.1887,0.0718272,24.2439,143.935,0,0,0
1000,1,0,930,1,1,1,4317.26,18631.7,1310.34,46.3844,0.482746,1219.37,278369,69.5341,23.1957,0.267264,46.0711,107.453,23.1887,0.0718272,84.1921,176.987,0,0,0
1000,1,0,931,1,1,1,4327.24,18646.6,1310.24,46.3844,0.482746,1219.27,278371,118.89,23.1957,0.267264,95.427,131.942,23.1887,0.0718272,108.681,250.832,0,0,0
1000,1,0,932,1,1,1,4324.17,24680.9,1316.06,52.1883,0.696557,1219.24,278367,198.207,28.9996,0.481075,168.4,27.3971,23.1887,0.0718272,4.1366,225.604,0,0,0
1000,1,0,933,1,1,1,4329.16,18648.8,1310.26,46.3844,0.50112,1219.27,278370,123.498,23.1957,0.267264,100.035,87.5406,23.1887,0.0902016,64.2617,211.038,0,0,0
1000,1,0,934,1,1,1,4317.9,18671.2,1310.32,46.3844,0.908698,1218.92,278368,134.583,23.1957,0.693216,110.694,82.4868,23.1887,0.0718272,59.2263,217.07,0,0,0
1000,1,0,935,1,1,1,4328.01,18666.6,1310.21,46.3844,0.713261,1219,278371,134.44,23.1957,0.497779,110.746,77.8449,23.1887,0.0718272,54.5844,212.284,0,0,0
1000,1,0,936,1,1,1,4314.38,18666.4,1310.32,46.3844,0.517824,1219.31,278369,92.7627,23.1957,0.302342,69.2646,121.739,23.1887,0.0718272,98.4789,214.502,0,0,0
1000,1,0,937,1,1,1,4315.66,18642.9,1310.34,46.3844,0.482746,1219.37,278369,101.844,23.1957,0.267264,78.3807,50.6538,23.1887,0.0718272,27.3933,152.497,0,0,0
1000,1,0,938,1,1,1,4314.06,18626.9,1310.44,46.3844,0.482746,1219.47,278367,78.5779,23.1957,0.267264,55.115,118.359,23.1887,0.0718272,95.0985,196.937,0,0,0
1000,1,0,939,1,1,1,4328.84,18702.3,1310.4,46.3844,0.482746,1219.43,278368,125.645,23.1957,0.267264,102.182,87.7857,23.1887,0.0718272,64.5252,213.431,0,0,0
1000,1,0,940,1,1,1,4317.58,18644.1,1310.18,46.3844,0.517824,1219.16,278372,120.389,23.1957,0.302342,96.8907,124.719,23.1887,0.0718272,101.459,245.108,0,0,0
1000,1,0,941,1,1,1,4347.56,18672.4,1310.16,46.3844,0.552902,1219.11,278372,117.406,23.1957,0.267264,93.9434,131.68,23.1887,0.141984,108.349,249.086,0,0,0
1000,1,0,942,1,0,0,-1,-1,1287.79,23.1957,0.267264,1219.52,278371,-1,-1,-1,-1,-1,-1,-1,-1,-1,0,0,0
1000,1,0,943,1,1,1,4319.18,18642.1,1310.28,46.3844,0.482746,1219.3,278370,133.305,23.1957,0.267264,109.842,80.7271,23.1887,0.0718272,57.4666,214.032,0,0,0
1000,1,0,944,1,1,1,4318.35,18634.1,1310.38,46.3844,0.482746,1219.41,278368,92.1158,23.1957,0.267264,68.6528,121.4,23.1887,0.0718272,98.1396,213.516,0,0,0
1000,1,0,945,1,1,1,4322.34,18654.5,1310.13,46.3844,0.661478,1218.98,278372,78.0752,23.1957,0.302342,54.5772,117.229,23.1887,0.0718272,93.9687,195.304,0,0,0
1000,1,0,946,1,1,1,4330.2,18659.9,1310.29,46.3952,0.536198,1219.25,278370,69.6128,23.2065,0.320717,46.0856,107.395,23.1887,0.0718272,84.1344,177.008,0,0,0
1000,1,0,947,1,0,0,-1,-1,1293.36,28.9996,0.516154,1219.21,278371,-1,-1,-1,-1,-1,-1,-1,-1,-1,0,0,0
1000,1,0,948,1,1,1,4327.05,18658.5,1310.4,46.3844,0.482746,1219.43,278368,72.0608,23.1957,0.267264,48.5978,107.667,23.1887,0.0718272,84.4069,179.728,0,0,0
1000,1,0,949,1,1,1,4318.66,18659.2,1310.2,46.3844,0.482746,1219.23,278372,117.372,23.1957,0.267264,93.9092,131.493,23.1887,0.0718272,108.232,248.865,0,0,0
1000,1,0,950,1,1,1,4318.58,18647.3,1310.42,46.3844,0.482746,1219.44,278368,73.6508,23.1957,0.267264,50.1879,107.458,23.1887,0.0718272,84.1975,181.109,0,0,0
1000,1,0,951,1,1,1,4330.31,18668.7,1310.26,46.3844,0.517824,1219.25,278370,84.2999,23.1957,0.302342,60.8019,120.61,23.1887,0.0718272,97.3491,204.91,0,0,0
1000,1,0,952,1,1,1,4325.77,18674.9,1310.26,46.3844,0.517824,1219.25,278370,134.138,23.1957,0.302342,110.64,84.2248,23.1887,0.0718272,60.9643,218.363,0,0,0
1000,1,0,953,1,1,1,4325.19,18639.7,1310.28,46.3844,0.482746,1219.31,278370,79.5796,23.1957,0.267264,56.1166,122.46,23.1887,0.0718272,99.199,202.039,0,0,0
1000,1,0,954,1,1,1,4316.3,18655,1310.36,46.3844,0.678182,1219.19,278368,132.546,23.1957,0.462701,108.887,87.2695,23.1887,0.0718272,64.009,219.815,0,0,0
1000,1,0,955,1,1,1,4350.84,18666.3,1310.32,46.3844,0.482746,1219.35,278369,124.66,23.1957,0.267264,101.197,98.9719,23.1887,0.0718272,75.7114,223.632,0,0,0
1000,1,0,956,1,0,0,-1,-1,1287.89,23.1957,0.267264,1219.62,278369,-1,-1,-1,-1,-1,-1,-1,-1,-1,0,0,0
1000,1,0,957,1,1,1,4319.5,18719.7,1310.3,46.3844,0.482746,1219.32,278370,112.163,23.1957,0.267264,88.7005,56.0826,23.1887,0.0718272,32.8221,168.246,0,0,0
1000,1,0,958,1,1,1,4316.3,18641,1310.28,46.3844,0.482746,1219.3,278370,107.236,23.1957,0.267264,83.7734,54.6315,23.1887,0.0718272,31.371,161.868,0,0,0
1000,1,0,959,1,1,1,4353.55,30676.6,1321.58,57.9922,0.75001,1219.08,278368,378.529,34.8035,0.534528,342.571,131.619,23.1887,0.0718272,108.358,510.148,0,0,0
1000,1,0,960,1,0,0,-1,-1,1287.65,23.1957,0.372499,1219.27,278373,-1,-1,-1,-1,-1,-1,-1,-1,-1,0,0,0
1000,1,0,961,1,1,2,10324.6,24645.7,1332.85,69.5741,0.519494,1219.35,278368,93.4008,23.1957,0.267264,69.9378,288.276,46.3784,0.108576,241.789,381.677,1,0,0
1000,1,0,962,1,0,0,-1,-1,1287.83,23.1957,0.267264,1219.56,278371,-1,-1,-1,-1,-1,-1,-1,-1,-1,0,0,0
1000,1,0,963,1,1,1,4365.99,18684.8,1310.42,46.3844,0.770054,1219.16,278367,72.2287,23.1957,0.267264,48.7657,107.74,23.1887,0.0718272,84.4791,179.968,0,0,0
1000,1,0,964,1,1,1,4338.92,18668.7,1310.3,46.3844,0.482746,1219.32,278370,121.335,23.1957,0.267264,97.8725,129.625,23.1887,0.0718272,106.364,250.96,0,0,0
1000,1,0,965,1,1,1,4331.5,18654.4,1310.21,46.3844,0.696557,1219.02,278371,78.8072,23.1957,0.267264,55.3442,118.38,23.1887,0.141984,95.0498,197.188,0,0,0
1000,1,0,966,1,1,1,4318.54,18640.4,1310.2,46.3844,0.517824,1219.19,278371,130.416,23.1957,0.302342,106.918,85.0821,23.1887,0.0718272,61.8216,215.498,0,0,0
1000,1,0,967,1,1,1,4323.77,18637.9,1310.21,46.3844,0.482746,1219.23,278371,122.274,23.1957,0.267264,98.811,122.239,23.1887,0.0718272,98.9788,244.513,0,0,0
1000,1,0,968,1,0,0,-1,-1,1287.81,23.1957,0.302342,1219.5,278371,-1,-1,-1,-1,-1,-1,-1,-1,-1,0,0,0
1000,1,0,969,1,1,1,4326.79,18655.5,1310.22,46.3844,0.552902,1219.17,278371,92.0451,23.1957,0.337421,68.512,118.958,23.1887,0.0718272,95.6977,211.003,0,0,0
1000,1,0,970,1,1,1,4333.32,18650.9,1310.3,46.3844,0.482746,1219.32,278370,73.2971,23.1957,0.267264,49.8341,123.257,23.1887,0.0718272,99.9967,196.554,0,0,0
1000,1,0,971,1,1,1,4330.14,18672.9,1310.25,46.3844,0.6264,1219.13,278370,78.6321,23.1957,0.267264,55.1691,117.368,23.1887,0.0718272,94.1077,196,0,0,0
1000,1,0,972,1,1,1,4340.21,18686.1,1310.36,46.3844,0.482746,1219.39,278369,117.269,23.1957,0.267264,93.8063,131.491,23.1887,0.0718272,108.23,248.76,0,0,0
1000,1,0,973,1,0,0,-1,-1,1287.85,23.1957,0.267264,1219.58,278370,-1,-1,-1,-1,-1,-1,-1,-1,-1,0,0,0
1000,1,0,974,1,1,1,4321.61,18664.8,1310.42,46.3844,0.482746,1219.45,278368,115.01,23.1957,0.267264,91.5467,61.4735,23.1887,0.0718272,38.213,176.483,0,0,0
1000,1,0,975,1,1,1,4317.9,24649.1,1315.75,52.1883,0.785088,1218.84,278372,202.674,28.9996,0.551232,172.815,28.9857,23.1887,0.0902016,5.70678,231.66,0,0,0
1000,1,0,976,1,1,1,4314.06,18681.7,1310.26,46.3844,0.482746,1219.29,278370,129.872,23.1957,0.267264,106.409,77.4189,23.1887,0.0718272,54.1584,207.291,0,0,0
1000,1,0,977,1,1,1,4427.15,18781.4,1310.08,46.3844,0.552902,1219.04,278373,126.048,23.1957,0.267264,102.585,128.832,23.1887,0.141984,105.501,254.88,0,0,0
1000,1,0,978,1,1,1,4315.66,18629.8,1310.38,46.3844,0.482746,1219.41,278368,105.442,23.1957,0.267264,81.9794,53.1606,23.1887,0.0718272,29.9001,158.603,0,0,0
1000,1,0,979,1,1,1,4328.75,18662.6,1310.26,46.3844,0.482746,1219.29,278370,133.24,23.1957,0.267264,109.777,80.96,23.1887,0.0718272,57.6995,214.2,0,0,0
1000,1,0,980,1,1,1,4332.58,18654.8,1310.35,46.3844,0.661478,1219.19,278368,78.3188,23.1957,0.302342,54.8208,119.113,23.1887,0.0718272,95.8529,197.432,0,0,0
1000,1,0,981,1,1,1,4315.98,18692.4,1310.22,46.3844,0.517824,1219.21,278371,93.952,23.1957,0.302342,70.454,46.3313,23.1887,0.0718272,23.0708,140.283,0,0,0
1000,1,0,982,1,1,1,4319.62,18638.7,1310.26,46.3844,0.482746,1219.28,278370,92.3937,23.1957,0.267264,68.9307,121.173,23.1887,0.0718272,97.9122,213.566,0,0,0
1000,1,0,983,1,1,1,4317.9,18635.5,1310.36,46.3844,0.482746,1219.39,278369,132.022,23.1957,0.267264,108.559,87.9102,23.1887,0.0718272,64.6497,219.932,0,0,0
1000,1,0,984,1,1,1,4326.79,18644.6,1310.3,46.3844,0.482746,1219.33,278370,117.21,23.1957,0.267264,93.7467,121.631,23.1887,0.0718272,98.3706,238.841,0,0,0
1000,1,0,985,1,1,1,4330.31,18673.7,1310.29,46.3844,0.678182,1219.11,278370,119.029,23.1957,0.462701,95.371,120.974,23.1887,0.0718272,97.7137,240.004,0,0,0
1000,1,0,986,1,1,2,10374.8,36704,1321.17,57.9922,1.24445,1218.17,278373,300.034,34.8035,0.905357,263.476,270.602,23.1887,0.195437,246.942,570.636,0,0,0
1000,1,0,987,1,1,1,4326.47,18641.3,1310.48,46.3844,0.482746,1219.5,278367,127.295,23.1957,0.267264,103.832,135.46,23.1887,0.0718272,112.199,262.754,0,0,0
1000,1,0,988,1,1,1,4321.22,24663,1315.87,52.1883,0.536198,1219.21,278370,281.656,28.9996,0.320717,252.255,80.3048,23.1887,0.0718272,57.0443,361.961,0,0,0
1000,1,0,989,1,1,1,4323.14,18660.4,1310.26,46.3844,0.748339,1219.02,278370,92.3643,23.1957,0.497779,68.6708,118.528,23.1887,0.106906,95.2321,210.892,0,0,0
1000,1,0,990,1,1,1,4322.15,18670.9,1310.29,46.3844,0.6264,1219.17,278370,129.656,23.1957,0.267264,106.193,76.0635,23.1887,0.0718272,52.803,205.719,0,0,0
1000,1,0,991,1,1,1,4344.19,18661.6,1310.26,46.3844,0.517824,1219.25,278370,119.412,23.1957,0.267264,95.9486,121.634,23.1887,0.106906,98.3381,241.045,0,0,0
1000,1,0,992,1,1,1,4317.91,18653.3,1310.28,46.3844,0.482746,1219.3,278370,131.273,23.1957,0.267264,107.81,78.3556,23.1887,0.0718272,55.0951,209.628,0,0,0
1000,1,0,993,1,1,1,4321.66,18643,1310.3,46.3844,0.482746,1219.32,278370,77.2857,23.1957,0.267264,53.8227,123.81,23.1887,0.0718272,100.549,201.095,0,0,0
1000,1,0,994,1,1,1,4327.78,18642.6,1310.28,46.3844,0.482746,1219.31,278370,117.708,23.1957,0.267264,94.2449,121.929,23.1887,0.0718272,98.6684,239.637,0,0,0
1000,1,0,995,1,0,0,-1,-1,1287.83,23.1957,0.267264,1219.56,278371,-1,-1,-1,-1,-1,-1,-1,-1,-1,0,0,0
1000,1,0,996,1,1,1,4314.38,18670.8,1310.38,46.3844,0.482746,1219.4,278368,122.314,23.1957,0.267264,98.8507,104.365,23.1887,0.0718272,81.1041,226.678,0,0,0
1000,1,0,997,1,1,1,4390.08,18708.7,1310.28,46.3844,0.552902,1219.23,278370,81.1444,23.1957,0.267264,57.6814,121.698,23.1887,0.141984,98.367,202.842,0,0,0
1000,1,0,998,1,1,1,4316.94,18688.1,1310.14,46.3844,0.552902,1219.09,278372,133.205,23.1957,0.337421,109.672,85.9286,23.1887,0.0718272,62.6681,219.134,0,0,0
1000,1,0,999,1,1,1,4317.58,18692.5,1310.28,46.3844,0.482746,1219.31,278370,135.258,23.1957,0.267264,111.795,82.7612,23.1887,0.0718272,59.5006,218.019,0,0,0
1000,1,0,1000,1,1,1,4344.07,18657,1310.47,46.3844,0.552902,1219.42,278366,79.3107,23.1957,0.267264,55.8477,118.781,23.1887,0.141984,95.4505,198.092,0,0,0
