N,seed,dutyCycle,devId,registered,authSuccess,attempts,latencyMs,e2eMs,fullEnergyMJ,fullCpuEnergyMJ,fullTxEnergyMJ,fullRxEnergyMJ,idleListeningMs,regEnergyMJ,regCpuEnergyMJ,regTxEnergyMJ,regRxEnergyMJ,authEnergyMJ,authCpuEnergyMJ,authTxEnergyMJ,authRxEnergyMJ,sessionEnergyMJ,fallbackUsed,replayRejected,desync
1000,3,1,1,1,1,1,4316.3,18672.4,522.704,46.3844,0.482746,429.438,11044.8,128.419,23.1957,0.267264,104.956,110.033,23.1887,0.0718272,86.773,238.453,0,0,0
1000,3,1,2,1,1,1,4340.46,30795.4,706.459,57.9922,1.21104,601.709,20097.9,426.679,34.8035,0.995558,390.378,75.5871,23.1887,0.0718272,52.3266,502.266,0,0,0
1000,3,1,3,1,1,1,4330.41,18642.7,539.112,46.3844,0.482746,445.894,10723.3,128.017,23.1957,0.267264,104.554,130.987,23.1887,0.0718272,107.727,259.004,0,0,0
1000,3,1,4,1,1,1,4316.74,18657.7,474.026,46.3844,0.678182,380.423,11895.3,120.589,23.1957,0.462701,96.9304,72.9755,23.1887,0.0718272,49.715,193.564,0,0,0
1000,3,1,5,1,1,1,4334.01,18710,538.084,46.3844,0.517824,444.827,10808.7,124.935,23.1957,0.302342,101.437,127.491,23.1887,0.0718272,104.231,252.426,0,0,0
1000,3,1,6,1,1,2,10350.5,24719.6,702.102,69.5741,1.05402,586.233,14300.1,111.946,23.1957,0.658138,88.0923,290.56,46.3784,0.25223,243.93,402.506,1,0,0
1000,3,1,7,1,1,1,4327.85,18651,405.657,46.3844,0.482746,312.05,13104.8,132.332,23.1957,0.267264,108.869,76.3433,23.1887,0.0718272,53.0828,208.675,0,0,0
1000,3,1,8,1,1,1,4375.2,18715.7,540.082,46.3844,0.482746,446.867,10779.1,127.03,23.1957,0.267264,103.567,132.707,23.1887,0.0718272,109.447,259.737,0,0,0
1000,3,1,9,1,1,1,4323.07,18691.7,395.381,46.3844,0.482746,301.745,13328.2,126.799,23.1957,0.267264,103.336,75.5041,23.1887,0.0718272,52.2435,202.303,0,0,0
1000,3,1,10,1,1,2,10354.9,24678.7,562.163,69.5741,0.663149,446.278,16748.5,81.9638,23.1957,0.267264,58.5008,296.594,46.3784,0.25223,249.963,378.557,1,0,0
1000,3,1,11,1,1,1,4364.5,18719.7,530.905,46.3844,0.482746,437.662,10946.3,102.804,23.1957,0.267264,79.3408,130.565,23.1887,0.0718272,107.304,233.369,0,0,0
1000,3,1,12,1,1,1,4331.05,18737,535.955,46.3844,0.805133,442.405,10872.8,127.146,23.1957,0.302342,103.648,123.118,23.1887,0.0718272,99.8578,250.264,0,0,0
1000,3,1,13,1,1,1,4315.98,18671.8,383.482,46.3844,0.482746,289.811,13519.8,127.627,23.1957,0.267264,104.164,79.2743,23.1887,0.0718272,56.0138,206.901,0,0,0
1000,3,1,14,1,1,2,10316.1,24685.9,645.129,69.5741,0.75001,529.398,15280.1,126.565,23.1957,0.497779,102.872,232.475,46.3784,0.108576,185.988,359.041,1,0,0
1000,3,1,15,1,1,2,10331,24646.8,658.388,69.5741,0.663149,542.783,15005.5,81.6443,23.1957,0.267264,58.1813,292.673,46.3784,0.108576,246.186,374.317,1,0,0
1000,3,1,16,1,1,1,4337.71,18667.7,541.851,46.3844,0.482746,448.641,10699.7,132.48,23.1957,0.267264,109.017,121.075,23.1887,0.0718272,97.8147,253.555,0,0,0
1000,3,1,17,1,1,1,4324.78,18638,503.85,46.3844,0.482746,410.529,11345.7,125.662,23.1957,0.267264,102.199,91.2654,23.1887,0.0718272,68.0049,216.927,0,0,0
1000,3,1,18,1,1,1,4316.3,18764.2,403.016,46.3844,0.517824,309.366,13264.7,132.497,23.1957,0.302342,108.999,75.4553,23.1887,0.0718272,52.1948,207.952,0,0,0
1000,3,1,19,1,1,1,4322.94,18665.3,526.426,46.3844,0.482746,433.17,10971.5,100.503,23.1957,0.267264,77.0397,128.103,23.1887,0.0718272,104.843,228.606,0,0,0
1000,3,1,20,1,1,1,4374.06,24738.9,702.784,52.1883,0.997229,603.882,14007.3,291.837,28.9996,0.781747,262.001,128.701,23.1887,0.0718272,105.44,420.538,0,0,0
1000,3,1,21,1,1,1,4327.05,18657.9,488.77,46.3844,0.482746,395.405,11633.8,122.14,23.1957,0.267264,98.6774,76.5274,23.1887,0.0718272,53.2669,198.668,0,0,0
1000,3,1,22,1,1,1,4333.19,18692.9,556.265,46.3844,0.517824,463.061,10468.3,135.654,23.1957,0.302342,112.156,128.294,23.1887,0.0718272,105.034,263.948,0,0,0
1000,3,1,23,1,1,1,4324.23,18647.5,540.667,46.3844,0.482746,447.453,10700.5,129.017,23.1957,0.267264,105.554,127.69,23.1887,0.0718272,104.429,256.707,0,0,0
1000,3,1,24,1,1,1,4332.49,18645.1,472.834,46.3844,0.6264,379.279,11903.9,77.2388,23.1957,0.267264,53.7758,132.776,23.1887,0.0718272,109.515,210.015,0,0,0
1000,3,1,25,1,1,1,4417.55,18738.3,454.696,46.3844,0.517824,361.196,12319.8,77.716,23.1957,0.302342,54.218,141.673,23.1887,0.0718272,118.413,219.389,0,0,0
1000,3,1,26,1,1,1,4321.8,18679.4,498.247,46.3844,0.873619,404.519,11485.8,85.6033,23.1957,0.658138,61.7494,123.183,23.1887,0.0718272,99.9228,208.787,0,0,0
1000,3,1,27,1,1,1,4345.93,24757.7,549.043,52.1991,0.75001,449.931,16760.9,277.356,29.0104,0.534528,247.707,77.5814,23.1887,0.0718272,54.3209,354.938,0,0,0
1000,3,1,28,1,1,1,4329.15,18661.6,494.403,46.3844,0.678182,400.859,11536.8,82.6772,23.1957,0.462701,59.0188,125.807,23.1887,0.0718272,102.547,208.485,0,0,0
1000,3,1,29,1,1,1,4339.08,18662.5,555.304,46.3952,0.536198,462.069,10454.9,132.982,23.2065,0.285638,109.49,127.775,23.1887,0.106906,104.48,260.758,0,0,0
1000,3,1,30,1,1,1,4324.8,18641.2,461.214,46.3844,0.517824,367.733,12106.8,76.867,23.1957,0.267264,53.404,137.668,23.1887,0.106906,114.372,214.535,0,0,0
1000,3,1,31,1,1,1,4333.58,18651.1,555.715,46.3844,0.482746,462.545,10436.5,133.462,23.1957,0.267264,109.999,128.468,23.1887,0.0718272,105.207,261.93,0,0,0
1000,3,1,32,1,1,1,4318.05,18640.9,366.16,46.3844,0.482746,272.438,13797,125.606,23.1957,0.267264,102.143,74.4085,23.1887,0.0718272,51.148,200.014,0,0,0
1000,3,1,33,1,1,1,4356.16,24696.6,683.181,52.1883,0.840211,584.38,14314.4,269.62,28.9996,0.481075,240.024,127.636,23.1887,0.0718272,104.375,397.256,0,0,0
1000,3,1,34,1,0,0,-1,-1,1142.81,23.1957,0.267264,1074.11,267960,-1,-1,-1,-1,-1,-1,-1,-1,-1,0,0,0
1000,3,1,35,1,1,1,4349.35,18669.2,416.657,46.3844,0.6264,322.938,12927,76.3328,23.1957,0.267264,52.8698,135.052,23.1887,0.0718272,111.791,211.384,0,0,0
1000,3,1,36,1,1,1,4374.3,18738.7,549.16,46.3844,0.678182,455.775,10640.2,141.728,23.1957,0.462701,118.07,122.94,23.1887,0.0718272,99.6791,264.668,0,0,0
1000,3,1,37,1,1,1,4315.34,18634.4,349.139,46.3844,0.482746,255.368,14093.2,117.535,23.1957,0.267264,94.0716,65.6065,23.1887,0.0718272,42.346,183.141,0,0,0
1000,3,1,38,1,0,0,-1,-1,341.596,23.1957,0.302342,270.536,247736,-1,-1,-1,-1,-1,-1,-1,-1,-1,0,0,0
1000,3,1,39,1,1,1,4315.27,18639,543.242,46.3844,0.482746,450.036,10646.2,122.216,23.1957,0.267264,98.7532,124.737,23.1887,0.0718272,101.477,246.953,0,0,0
1000,3,1,40,1,1,1,4325.19,18641,487.862,46.3844,0.6264,394.351,11632.6,76.9482,23.1957,0.267264,53.4852,130.067,23.1887,0.0718272,106.806,207.015,0,0,0
1000,3,1,41,1,1,1,4327.94,18644.3,489.84,46.3844,0.482746,396.478,11601.2,79.3215,23.1957,0.267264,55.8586,125.3,23.1887,0.0718272,102.04,204.622,0,0,0
1000,3,1,42,1,1,1,4320.88,18657.2,385.639,46.3844,0.517824,291.939,13466.7,80.7048,23.1957,0.302342,57.2067,118.404,23.1887,0.0718272,95.1436,199.109,0,0,0
1000,3,1,43,1,1,1,4328.33,18654.4,333.175,46.3844,0.482746,239.358,14397.1,107.428,23.1957,0.267264,83.9647,60.1434,23.1887,0.0718272,36.8829,167.571,0,0,0
1000,3,1,44,1,1,2,10332.8,24670.1,683.385,69.5741,0.608026,567.907,14584,128.361,23.1957,0.337421,104.828,276.875,46.3784,0.12695,230.37,405.237,1,0,0
1000,3,1,45,1,1,1,4331.9,18658.2,383.171,46.3844,0.482746,289.499,13511.8,81.7165,23.1957,0.267264,58.2535,116.753,23.1887,0.0718272,93.4922,198.469,0,0,0
1000,3,1,46,1,1,1,4353.02,18685.7,557.006,46.3844,0.770054,463.552,10447.4,134.088,23.1957,0.267264,110.625,128.599,23.1887,0.0718272,105.339,262.688,0,0,0
1000,3,1,47,1,1,1,4316.62,24630.2,551.441,52.1883,0.696557,452.4,16591,272.876,28.9996,0.481075,243.294,75.578,23.1887,0.0718272,52.3175,348.454,0,0,0
1000,3,1,48,1,1,1,4315.66,18648.5,431.675,46.3844,0.517824,338.109,12639.3,131.981,23.1957,0.302342,108.483,74.2389,23.1887,0.0718272,50.9784,206.22,0,0,0
1000,3,1,49,1,1,1,4315.66,18637.2,433.913,46.3844,0.482746,340.389,12588.5,131.565,23.1957,0.267264,108.102,74.7298,23.1887,0.0718272,51.4693,206.295,0,0,0
1000,3,1,50,1,1,1,4331.46,18646,487.301,46.3844,0.482746,393.932,11647.9,76.0187,23.1957,0.267264,52.5558,130.471,23.1887,0.0718272,107.211,206.49,0,0,0
1000,3,1,51,1,1,1,4338.72,18674.5,376.576,46.3844,0.517824,282.85,13645.1,83.2062,23.1957,0.302342,59.7082,116.107,23.1887,0.0718272,92.8461,199.313,0,0,0
1000,3,1,52,1,1,1,4341.21,18668.9,553.855,46.3844,0.678182,460.484,10486.9,128.059,23.1957,0.462701,104.4,126.775,23.1887,0.0718272,103.514,254.834,0,0,0
1000,3,1,53,0,0,0,-1,-1,813.885,23.206,0.551232,743.939,259207,-1,-1,-1,-1,-1,-1,-1,-1,-1,0,0,0
1000,3,1,54,1,1,1,4324.43,18640.5,490.682,46.3844,0.482746,397.323,11582.4,79.6843,23.1957,0.267264,56.2213,125.344,23.1887,0.0718272,102.083,205.028,0,0,0
1000,3,1,55,1,1,1,4316.94,18679.9,478.974,46.3844,1.06906,384.995,11828.5,121.94,23.1957,0.853574,97.8905,73.3708,23.1887,0.0718272,50.1103,195.311,0,0,0
1000,3,1,56,1,1,1,4317.9,18660.9,528.051,46.3844,0.517824,434.765,10938,128.191,23.1957,0.302342,104.693,116.953,23.1887,0.0718272,93.6926,245.144,0,0,0
1000,3,1,57,1,1,1,4320.77,18638.9,556.262,46.3844,0.482746,463.094,10414.6,135.261,23.1957,0.267264,111.798,127.111,23.1887,0.0718272,103.85,262.372,0,0,0
1000,3,1,58,1,1,1,4315.91,18640.5,411.84,46.3844,0.482746,318.251,12984.3,76.6721,23.1957,0.267264,53.2091,135.626,23.1887,0.0718272,112.365,212.298,0,0,0
1000,3,1,59,1,1,1,4354.89,18705.6,522.392,46.3844,1.05235,428.555,11082,129.031,23.1957,0.693216,105.142,109.034,23.1887,0.0718272,85.7731,238.065,0,0,0
1000,3,1,60,1,1,1,4327.36,18736.7,540.534,46.3844,0.552902,447.249,10791.6,129.334,23.1957,0.337421,105.801,128.942,23.1887,0.0718272,105.682,258.276,0,0,0
1000,3,1,61,1,1,1,4318.2,18630.8,351.912,46.3844,0.482746,258.15,14040.2,72.8676,23.1957,0.267264,49.4046,107.038,23.1887,0.0718272,83.777,179.905,0,0,0
1000,3,1,62,1,1,1,4314.7,18665.4,321.834,46.3844,0.482746,227.984,14609.7,99.7663,23.1957,0.267264,76.3033,52.6679,23.1887,0.0718272,29.4074,152.434,0,0,0
1000,3,1,63,1,1,1,4321.86,18652.7,432.438,46.3844,0.482746,338.909,12630.3,132.726,23.1957,0.267264,109.263,74.6504,23.1887,0.0718272,51.3899,207.376,0,0,0
1000,3,1,64,1,1,1,4334.77,18655.3,488.05,46.3844,0.482746,394.683,11644,77.5257,23.1957,0.267264,54.0628,129.693,23.1887,0.0718272,106.433,207.219,0,0,0
1000,3,1,65,1,1,1,4336.98,18652.7,519.748,46.3844,0.517824,426.438,11077.5,98.2376,23.1957,0.267264,74.7747,126.499,23.1887,0.106906,103.204,224.737,0,0,0
1000,3,1,66,1,1,1,4320.05,18637.9,465.912,46.3844,0.517824,372.446,12019.9,75.2048,23.1957,0.267264,51.7418,132.042,23.1887,0.106906,108.746,207.247,0,0,0
1000,3,1,67,1,1,1,4325.8,18688.6,539.209,46.3844,0.696557,445.777,10766.7,112.309,23.1957,0.337421,88.7763,126.76,23.1887,0.0718272,103.5,239.07,0,0,0
1000,3,1,68,1,1,1,4355.8,18682.6,536.49,46.3844,0.482746,443.264,10809.9,126.032,23.1957,0.267264,102.569,128.989,23.1887,0.0718272,105.729,255.021,0,0,0
1000,3,1,69,1,1,1,4324.87,18647.4,365.833,46.3844,0.517824,272.075,13809.1,78.4885,23.1957,0.302342,54.9905,110.893,23.1887,0.0718272,87.6321,189.381,0,0,0
1000,3,1,70,1,0,0,-1,-1,800.559,23.1957,0.267264,730.868,258913,-1,-1,-1,-1,-1,-1,-1,-1,-1,0,0,0
1000,3,1,71,1,1,1,4327.72,18655.5,540.073,46.3844,0.482746,446.858,10719.1,115.777,23.1957,0.267264,92.3137,127.78,23.1887,0.0718272,104.52,243.557,0,0,0
1000,3,1,72,1,1,1,4328.5,18681.6,544.753,46.3844,0.517824,451.516,10661.7,137.218,23.1957,0.302342,113.72,120.756,23.1887,0.0718272,97.4953,257.974,0,0,0
1000,3,1,73,1,1,1,4316.99,18647.3,496.538,46.3844,0.482746,403.196,11485.1,124.456,23.1957,0.267264,100.993,83.2611,23.1887,0.0718272,60.0006,207.717,0,0,0
1000,3,1,74,1,1,1,4327.37,18643.1,499.893,46.3844,0.482746,406.56,11421.2,87.0154,23.1957,0.267264,63.5524,123.871,23.1887,0.0718272,100.61,210.886,0,0,0
1000,3,1,75,1,1,1,4315.46,18640.8,382.154,46.3844,0.482746,288.479,13512.5,82.9149,23.1957,0.267264,59.4519,116.495,23.1887,0.0718272,93.2342,199.41,0,0,0
1000,3,1,76,1,1,1,4341.41,18675.4,535.274,46.3844,0.482746,442.044,10824.3,125.371,23.1957,0.267264,101.908,126.436,23.1887,0.0718272,103.175,251.807,0,0,0
1000,3,1,77,1,1,1,4334.25,18647.5,473.28,46.3844,0.6264,379.726,11898.3,76.0639,23.1957,0.267264,52.6009,133.429,23.1887,0.0718272,110.169,209.493,0,0,0
1000,3,1,78,1,1,1,4326.41,18657,379.196,46.3844,0.482746,285.512,13581.3,83.3408,23.1957,0.267264,59.8778,115.935,23.1887,0.0718272,92.6747,199.276,0,0,0
1000,3,1,79,1,1,1,4333.77,18656.9,509.941,46.3844,0.661478,416.459,11255.6,93.1363,23.1957,0.302342,69.6382,125.934,23.1887,0.0718272,102.673,219.07,0,0,0
1000,3,1,80,1,1,1,4317,18668.2,317.201,46.3844,0.482746,223.337,14694.9,95.3608,23.1957,0.267264,71.8978,49.7694,23.1887,0.0718272,26.5089,145.13,0,0,0
1000,3,1,81,1,1,1,4347.86,18741.6,411.989,46.3844,0.482746,318.401,13082.7,130.437,23.1957,0.267264,106.974,75.6087,23.1887,0.0718272,52.3482,206.046,0,0,0
1000,3,1,82,1,1,1,4321.1,18643.2,385.662,46.3844,0.482746,291.997,13452.5,80.6499,23.1957,0.267264,57.1869,118.514,23.1887,0.0718272,95.2537,199.164,0,0,0
1000,3,1,83,1,1,1,4327.61,18657.8,374.932,46.3844,0.482746,281.237,13657.9,127.553,23.1957,0.267264,104.09,77.2926,23.1887,0.0718272,54.0321,204.846,0,0,0
1000,3,1,84,0,0,0,-1,-1,503.099,23.206,0.551232,432.25,251535,-1,-1,-1,-1,-1,-1,-1,-1,-1,0,0,0
1000,3,1,85,1,1,1,4339.19,18679.9,476.253,46.3844,0.713261,382.621,11877.6,76.4542,23.1957,0.462701,52.7958,135.513,23.1887,0.106906,112.217,211.967,0,0,0
1000,3,1,86,1,1,1,4317.26,18669.4,328.558,46.3844,0.482746,234.727,14494.1,104.556,23.1957,0.267264,81.0933,57.4434,23.1887,0.0718272,34.1829,162,0,0,0
1000,3,1,87,1,1,1,4316.3,18675.4,538.504,46.3844,1.06906,444.697,10765.4,128.52,23.1957,0.853574,104.471,127.069,23.1887,0.0718272,103.808,255.589,0,0,0
1000,3,1,88,1,1,1,4328.39,18654.7,307.213,46.3844,0.482746,213.32,14859,88.7985,23.1957,0.267264,65.3356,46.1706,23.1887,0.0718272,22.9101,134.969,0,0,0
1000,3,1,89,1,1,1,4321.61,18638.1,540.61,46.3844,0.482746,447.395,10692.1,128.863,23.1957,0.267264,105.4,127.849,23.1887,0.0718272,104.588,256.712,0,0,0
1000,3,1,90,1,1,1,4317.26,24677,629.963,52.1883,0.731635,531.115,15241.3,271.26,28.9996,0.516154,241.63,72.5279,23.1887,0.0718272,49.2674,343.788,0,0,0
1000,3,1,91,1,1,1,4329.99,18655.5,555.229,46.3844,0.482746,462.058,10449.6,134.677,23.1957,0.267264,111.214,127.365,23.1887,0.0718272,104.104,262.042,0,0,0
1000,3,1,92,1,1,1,4336.09,18670.6,383.629,46.3844,0.587981,289.853,13515.4,82.4029,23.1957,0.372499,58.8347,116.888,23.1887,0.0718272,93.6276,199.291,0,0,0
1000,3,1,93,1,1,1,4318.38,18686.3,374.533,46.3844,0.678182,280.641,13693,128.016,23.1957,0.462701,104.357,75.8993,23.1887,0.0718272,52.6388,203.915,0,0,0
1000,3,1,94,1,1,1,4325.51,18648,538.864,46.3844,0.482746,445.645,10733,127.279,23.1957,0.267264,103.816,127.387,23.1887,0.0718272,104.126,254.665,0,0,0
1000,3,1,95,1,1,1,4333.43,18650.9,538.868,46.3844,0.482746,445.648,10735.9,126.194,23.1957,0.267264,102.731,131.034,23.1887,0.0718272,107.774,257.228,0,0,0
1000,3,1,96,1,0,0,-1,-1,676.202,23.1957,0.267264,606.149,255868,-1,-1,-1,-1,-1,-1,-1,-1,-1,0,0,0
1000,3,1,97,1,1,1,4337.2,18659.9,525.382,46.3844,0.482746,432.123,10984.7,127.659,23.1957,0.267264,104.197,114.309,23.1887,0.0718272,91.0486,241.969,0,0,0
1000,3,1,98,1,1,1,4333.64,18681.6,363.573,46.3844,0.623059,269.704,13882.7,77.3468,23.1957,0.337421,53.8137,110.596,23.1887,0.141984,87.2657,187.943,0,0,0
1000,3,1,99,1,1,1,4338.18,18652.5,415.903,46.3844,0.482746,322.326,12924.1,128.197,23.1957,0.267264,104.734,76.522,23.1887,0.0718272,53.2615,204.719,0,0,0
1000,3,1,100,1,1,1,4359.45,18732.1,542.801,46.3844,0.552902,449.523,10746.7,117.118,23.1957,0.302342,93.6204,129.014,23.1887,0.106906,105.718,246.132,0,0,0
1000,3,1,101,1,1,1,4352.94,18667.1,454.585,46.3844,0.482746,361.121,12250.8,77.93,23.1957,0.267264,54.4671,138.925,23.1887,0.0718272,115.664,216.855,0,0,0
1000,3,1,102,1,1,1,4327.68,18648.1,537.529,46.3844,0.482746,444.306,10756.9,128.381,23.1957,0.267264,104.918,127.856,23.1887,0.0718272,104.595,256.237,0,0,0
1000,3,1,103,1,1,1,4313.74,18684.6,557.821,46.3844,0.678182,464.462,10432.1,137.179,23.1957,0.462701,113.52,127.013,23.1887,0.0718272,103.753,264.192,0,0,0
1000,3,1,104,1,1,1,4320.55,18637.9,534.301,46.3844,0.6264,440.925,10803.7,124.866,23.1957,0.267264,101.403,127.659,23.1887,0.0718272,104.399,252.525,0,0,0
1000,3,1,105,1,1,1,4331.98,18703.6,538.633,46.3844,1.16093,444.735,10791,125.262,23.1957,0.658138,101.408,126.807,23.1887,0.0718272,103.547,252.069,0,0,0
1000,3,1,106,1,1,1,4329.49,18661.5,539.363,46.3844,0.482746,446.145,10737.7,128.737,23.1957,0.267264,105.274,130.337,23.1887,0.0718272,107.077,259.074,0,0,0
1000,3,1,107,1,1,1,4316.42,18652.6,446.733,46.3844,0.482746,353.246,12376,127.746,23.1957,0.267264,104.283,74.6648,23.1887,0.0718272,51.4043,202.411,0,0,0
1000,3,1,108,1,1,1,4327.54,18644,412.378,46.3844,0.482746,318.791,12978.2,76.0693,23.1957,0.267264,52.6063,135.212,23.1887,0.0718272,111.952,211.282,0,0,0
1000,3,1,109,1,1,1,4363.92,18685.2,465.571,46.3844,0.482746,372.139,12073.6,76.1361,23.1957,0.267264,52.6731,136.92,23.1887,0.0718272,113.659,213.056,0,0,0
1000,3,1,110,1,0,0,-1,-1,1065.19,28.9996,0.390874,990.496,264672,-1,-1,-1,-1,-1,-1,-1,-1,-1,0,0,0
1000,3,1,111,1,0,0,-1,-1,821.56,23.1957,0.267264,751.93,259333,-1,-1,-1,-1,-1,-1,-1,-1,-1,0,0,0
1000,3,1,112,0,0,0,-1,-1,762.057,23.206,0.551232,691.96,257960,-1,-1,-1,-1,-1,-1,-1,-1,-1,0,0,0
1000,3,1,113,1,1,1,4317.06,18652.3,465.533,46.3844,0.696557,371.886,12040.7,121.329,23.1957,0.462701,97.6704,72.5301,23.1887,0.0902016,49.2512,193.859,0,0,0
1000,3,1,114,1,1,1,4317.9,18631.7,539.24,46.3844,0.482746,446.022,10710.1,129.091,23.1957,0.267264,105.628,130.747,23.1887,0.0718272,107.487,259.838,0,0,0
1000,3,1,115,1,1,1,4347.82,18670.1,533.173,46.3844,0.6264,439.794,10856,125.692,23.1957,0.267264,102.229,124.4,23.1887,0.0718272,101.139,250.092,0,0,0
1000,3,1,116,1,0,0,-1,-1,742.188,23.1957,0.337421,672.257,257486,-1,-1,-1,-1,-1,-1,-1,-1,-1,0,0,0
1000,3,1,117,1,1,1,4315.02,24661.5,353.775,52.1883,0.696557,254.159,20137.2,185.223,28.9996,0.481075,155.381,27.3015,23.1887,0.0718272,4.04095,212.524,0,0,0
1000,3,1,118,1,1,1,4329.96,18655.9,535.771,46.3844,0.482746,442.542,10796,129.107,23.1957,0.267264,105.644,122.432,23.1887,0.0718272,99.172,251.539,0,0,0
1000,3,1,119,1,1,1,4320.94,18649.4,539.661,46.3844,0.482746,446.444,10720.3,130.15,23.1957,0.267264,106.687,120.83,23.1887,0.0718272,97.5693,250.98,0,0,0
1000,3,1,120,1,1,1,4322.31,18678.2,554.645,46.3844,0.50112,461.453,10482.4,136.16,23.1957,0.267264,112.697,128.39,23.1887,0.0902016,105.112,264.551,0,0,0
1000,3,1,121,1,1,1,4380.08,18715.7,539.702,46.3844,0.731635,446.237,10784.9,127.858,23.1957,0.497779,104.164,129.349,23.1887,0.0902016,106.07,257.206,0,0,0
1000,3,1,122,1,1,1,4321.16,18635.3,548.096,46.3844,0.482746,454.903,10556.2,124.58,23.1957,0.267264,101.118,125.567,23.1887,0.0718272,102.307,250.148,0,0,0
1000,3,1,123,1,1,1,4317.58,18639.1,296.14,46.3844,0.482746,202.215,15040.2,82.8589,23.1957,0.267264,59.396,42.2921,23.1887,0.0718272,19.0316,125.151,0,0,0
1000,3,1,124,1,1,1,4320.84,18645.1,553.541,46.3844,0.482746,460.365,10469.2,131.805,23.1957,0.267264,108.342,126.392,23.1887,0.0718272,103.132,258.197,0,0,0
1000,3,1,125,1,1,1,4337.58,18675.3,545.672,46.3844,0.482746,452.472,10639.3,138.728,23.1957,0.267264,115.265,121.4,23.1887,0.0718272,98.1396,260.128,0,0,0
1000,3,1,126,1,1,1,4374.67,18705.7,556.726,46.3844,0.6264,463.415,10472.7,134.377,23.1957,0.267264,110.914,128.352,23.1887,0.0718272,105.092,262.729,0,0,0
1000,3,1,127,1,1,1,4326.15,24642.2,582.596,52.1883,1.07073,483.271,16057.8,274.886,28.9996,0.71159,245.079,72.4756,23.1887,0.0718272,49.2151,347.362,0,0,0
1000,3,1,128,1,1,1,4317.9,18631.1,510.064,46.3844,0.482746,416.761,11228.3,92.1555,23.1957,0.267264,68.6925,126.315,23.1887,0.0718272,103.054,218.47,0,0,0
1000,3,1,129,1,1,1,4348.42,18664.7,444.96,46.3844,0.517824,351.432,12419.4,76.9518,23.1957,0.267264,53.4889,138.288,23.1887,0.106906,114.993,215.24,0,0,0
1000,3,1,130,1,1,1,4316.3,18632.4,369.111,46.3844,0.482746,275.398,13736,79.2764,23.1957,0.267264,55.8134,111.699,23.1887,0.0718272,88.4388,190.976,0,0,0
1000,3,1,131,1,1,1,4317.75,18647.4,547.846,46.3844,0.482746,454.653,10572.8,140.067,23.1957,0.267264,116.605,124.288,23.1887,0.0718272,101.027,264.355,0,0,0
1000,3,1,132,1,1,1,4317.9,18641.2,552.777,46.3844,0.482746,459.598,10478.9,129.814,23.1957,0.267264,106.351,124.918,23.1887,0.0718272,101.657,254.732,0,0,0
1000,3,1,133,1,1,1,4320.95,18637,364.594,46.3844,0.482746,270.868,13820.9,78.0834,23.1957,0.267264,54.6205,110.423,23.1887,0.0718272,87.1628,188.507,0,0,0
1000,3,1,134,1,1,1,4326.1,18700.7,542.623,46.3844,0.6264,449.271,10718.6,135.944,23.1957,0.267264,112.481,119.906,23.1887,0.0718272,96.6452,255.849,0,0,0
1000,3,1,135,1,1,1,4327.75,18646,356.06,46.3844,0.482746,262.31,13981.7,123.101,23.1957,0.267264,99.6376,68.1892,23.1887,0.0718272,44.9287,191.29,0,0,0
1000,3,1,136,1,1,1,4348.04,18715.3,549.994,46.3844,0.482746,456.808,10602.4,126.14,23.1957,0.267264,102.677,125.696,23.1887,0.0718272,102.435,251.835,0,0,0
1000,3,1,137,1,1,1,4323.46,18671,542.897,46.3844,0.482746,449.689,10684.4,133.974,23.1957,0.267264,110.512,120.417,23.1887,0.0718272,97.156,254.391,0,0,0
1000,3,1,138,1,1,1,4353.17,18668.9,537.128,46.3844,0.482746,443.903,10784.9,109.014,23.1957,0.267264,85.5511,125.912,23.1887,0.0718272,102.652,234.926,0,0,0
1000,3,1,139,1,1,1,4365.62,18687.6,532.568,46.3844,0.517824,439.296,10884.3,103.718,23.1957,0.302342,80.2198,129.437,23.1887,0.0718272,106.176,233.155,0,0,0
1000,3,1,140,1,1,1,4333.81,24666.9,699.205,52.1883,0.927072,600.363,13999.4,291.643,28.9996,0.71159,261.882,126.21,23.1887,0.0718272,102.949,417.853,0,0,0
1000,3,1,141,1,1,1,4339.53,18677.4,556.423,46.3844,0.482746,463.254,10450.2,134.491,23.1957,0.267264,111.028,128.574,23.1887,0.0718272,105.314,263.065,0,0,0
1000,3,1,142,1,1,1,4342.6,18666.6,539.561,46.3844,0.517824,446.309,10739,115.026,23.1957,0.267264,91.5629,127.322,23.1887,0.106906,104.027,242.348,0,0,0
1000,3,1,143,1,0,0,-1,-1,712.865,23.1957,0.267264,642.918,256764,-1,-1,-1,-1,-1,-1,-1,-1,-1,0,0,0
1000,3,1,144,0,0,0,-1,-1,893.081,29.0099,0.569606,817.703,260934,-1,-1,-1,-1,-1,-1,-1,-1,-1,0,0,0
1000,3,1,145,1,1,1,4317.58,18668.6,548.052,46.3844,0.552902,454.79,10589.8,141.924,23.1957,0.337421,118.391,121.559,23.1887,0.0718272,98.2984,263.483,0,0,0
1000,3,1,146,1,1,1,4355.91,18696.2,394.437,46.3844,0.713261,300.568,13348.7,77.3357,23.1957,0.497779,53.6423,125.232,23.1887,0.0718272,101.971,202.567,0,0,0
1000,3,1,147,1,1,1,4339.88,18669.6,496.548,46.3844,0.517824,403.171,11506.9,82.6594,23.1957,0.302342,59.1613,126.448,23.1887,0.0718272,103.188,209.108,0,0,0
1000,3,1,148,1,1,1,4363.19,18678.3,536.611,46.3844,0.482746,443.385,10803.4,106.123,23.1957,0.267264,82.6598,126.495,23.1887,0.0718272,103.235,232.618,0,0,0
1000,3,1,149,1,1,1,4350.87,18692.2,543.517,46.3952,0.536198,450.247,10694.3,134.073,23.2065,0.320717,110.546,121.22,23.1887,0.0718272,97.9591,255.293,0,0,0
1000,3,1,150,1,1,1,4359.78,18734.3,537.611,46.3952,0.644774,444.215,10841.2,128.824,23.2065,0.285638,105.332,127.84,23.1887,0.0718272,104.579,256.664,0,0,0
1000,3,1,151,1,1,1,4330.06,18649.8,397.378,46.3844,0.482746,303.748,13250.8,77.8398,23.1957,0.267264,54.3768,126.643,23.1887,0.0718272,103.383,204.483,0,0,0
1000,3,1,152,1,1,1,4377.54,18737.3,540.23,46.3844,0.482746,447.015,10798.1,127.571,23.1957,0.267264,104.108,132.124,23.1887,0.0718272,108.864,259.695,0,0,0
1000,3,1,153,1,0,0,-1,-1,413.975,23.1957,0.302342,343.125,249444,-1,-1,-1,-1,-1,-1,-1,-1,-1,0,0,0
1000,3,1,154,1,1,1,4354.91,18674.5,519.747,46.3844,0.552902,426.402,11099.1,98.4452,23.1957,0.267264,74.9822,127.453,23.1887,0.141984,104.123,225.898,0,0,0
1000,3,1,155,1,1,1,4345.03,18691.6,539.395,46.3844,0.770054,445.89,10766.4,111.795,23.1957,0.267264,88.3323,126.477,23.1887,0.0718272,103.217,238.272,0,0,0
1000,3,1,156,1,1,1,4330.67,18655.6,428.145,46.3844,0.6264,334.46,12709.1,75.3185,23.1957,0.267264,51.8555,136.037,23.1887,0.0718272,112.777,211.356,0,0,0
1000,3,1,157,1,1,1,4330.38,18750,501.152,46.3844,0.552902,407.753,11505.1,127.887,23.1957,0.337421,104.354,84.7446,23.1887,0.0718272,61.4841,212.631,0,0,0
1000,3,1,158,1,1,1,4346.78,18699.7,535.188,46.3844,0.517824,441.923,10849.8,126.7,23.1957,0.302342,103.202,125.952,23.1887,0.0718272,102.691,252.652,0,0,0
1000,3,1,159,1,1,1,4335.17,18679,310.158,46.3952,0.536198,216.21,14830.6,91.7324,23.2065,0.320717,68.2052,47.1109,23.1887,0.0718272,23.8504,138.843,0,0,0
1000,3,1,160,1,1,1,4332.81,18689.8,499.138,46.3844,0.517824,405.768,11481.1,126.016,23.1957,0.302342,102.518,84.6598,23.1887,0.0718272,61.3993,210.676,0,0,0
1000,3,1,161,1,1,1,4327.5,18666.2,380.04,46.3844,0.482746,286.359,13575.5,127.022,23.1957,0.267264,103.559,78.8826,23.1887,0.0718272,55.6221,205.905,0,0,0
1000,3,1,162,1,1,1,4327.42,18649.8,416.907,46.3844,0.482746,323.334,12903.5,76.775,23.1957,0.267264,53.312,132.727,23.1887,0.0718272,109.467,209.502,0,0,0
1000,3,1,163,0,0,0,-1,-1,876.295,23.206,0.516154,806.565,260772,-1,-1,-1,-1,-1,-1,-1,-1,-1,0,0,0
1000,3,1,164,1,1,1,4331.85,18643.8,526.802,46.3844,0.482746,433.547,10943.3,100.293,23.1957,0.267264,76.8303,128.235,23.1887,0.0718272,104.974,228.528,0,0,0
1000,3,1,165,1,0,0,-1,-1,1248.59,23.1957,0.302342,1180.16,274756,-1,-1,-1,-1,-1,-1,-1,-1,-1,0,0,0
1000,3,1,166,1,1,1,4349,18672.8,519.386,46.3844,0.517824,426.075,11104,98.5994,23.1957,0.302342,75.1013,127.23,23.1887,0.0718272,103.969,225.829,0,0,0
1000,3,1,167,1,1,1,4316.94,18637.4,534.529,46.3844,0.482746,441.297,10799.6,123.821,23.1957,0.267264,100.358,127.385,23.1887,0.0718272,104.124,251.206,0,0,0
1000,3,1,168,1,1,1,4334.41,18670.7,542.344,46.3844,0.6264,448.991,10693.5,120.807,23.1957,0.267264,97.3437,123.846,23.1887,0.0718272,100.585,244.652,0,0,0
1000,3,1,169,1,1,1,4345.74,18695.4,537.277,46.3844,0.678182,443.858,10808.2,126.714,23.1957,0.462701,103.056,128.114,23.1887,0.0718272,104.853,254.828,0,0,0
1000,3,1,170,1,1,1,4335.53,18720.4,502.047,46.3844,0.748339,408.455,11459.2,127.012,23.1957,0.532858,103.283,87.0674,23.1887,0.0718272,63.8069,214.079,0,0,0
1000,3,1,171,1,1,1,4325.99,24651.1,693.541,52.1883,0.536198,595.073,14085.3,283.845,28.9996,0.320717,254.453,128.071,23.1887,0.0718272,104.81,411.916,0,0,0
1000,3,1,172,1,1,1,4319.82,18635.6,406.63,46.3844,0.482746,313.026,13072,129.033,23.1957,0.267264,105.57,75.578,23.1887,0.0718272,52.3175,204.611,0,0,0
1000,3,1,173,1,1,1,4335.46,18715.9,467.776,46.3844,0.519494,374.314,12064.6,122.763,23.1957,0.267264,99.3001,73.1567,23.1887,0.108576,49.8594,195.92,0,0,0
1000,3,1,174,1,1,1,4341,18748.3,405.477,46.3844,0.482746,311.869,13205.3,133.426,23.1957,0.267264,109.963,77.1302,23.1887,0.0718272,53.8697,210.556,0,0,0
1000,3,1,175,1,1,1,4319.18,18643.2,421.715,46.3844,0.517824,328.12,12811.2,131.349,23.1957,0.302342,107.851,75.042,23.1887,0.0718272,51.7815,206.391,0,0,0
1000,3,1,176,1,1,1,4317.58,18657.1,356.607,46.3844,0.482746,262.858,13983,123.297,23.1957,0.267264,99.8343,68.6007,23.1887,0.0718272,45.3402,191.898,0,0,0
1000,3,1,177,1,1,1,4318.79,18655.8,537.354,46.3844,0.482746,444.131,10767.7,126.871,23.1957,0.267264,103.408,129.181,23.1887,0.0718272,105.92,256.051,0,0,0
1000,3,1,178,1,1,1,4332.6,24667.5,554.499,52.1991,1.14088,455.012,16572.7,156.808,29.0104,0.925402,126.43,135.366,23.1887,0.0718272,112.105,292.173,0,0,0
1000,3,1,179,1,1,1,4343.95,18678.4,556.52,46.3844,0.482746,463.352,10449.5,134.357,23.1957,0.267264,110.894,129.549,23.1887,0.0718272,106.288,263.906,0,0,0
1000,3,1,180,1,1,1,4315.78,18637.9,555.624,46.3844,0.482746,462.453,10425,133.763,23.1957,0.267264,110.3,128.457,23.1887,0.0718272,105.196,262.22,0,0,0
1000,3,1,181,1,1,1,4319.04,18664.3,462.323,46.3844,0.482746,368.881,12110.4,121.366,23.1957,0.267264,97.9032,73.1777,23.1887,0.0718272,49.9172,194.544,0,0,0
1000,3,1,182,1,1,1,4324.06,18690.4,548.745,52.1883,0.571277,449.821,10699.1,140.37,28.9996,0.355795,111.015,122.167,23.1887,0.0718272,98.9066,262.538,0,0,0
1000,3,1,183,1,1,1,4323.61,18642.5,344.756,46.3844,0.482746,250.972,14179.2,114.822,23.1957,0.267264,91.359,63.143,23.1887,0.0718272,39.8825,177.965,0,0,0
1000,3,1,184,1,1,2,10332.6,24659.8,649.184,69.5741,0.806803,533.409,15181.8,124.243,23.1957,0.267264,100.78,240.456,46.3784,0.395885,193.682,364.699,1,0,0
1000,3,1,185,1,1,1,4324.81,18681,554.834,46.3844,0.873619,461.271,10481.1,133.636,23.1957,0.658138,109.782,126.843,23.1887,0.0718272,103.583,260.48,0,0,0
1000,3,1,186,1,1,1,4320.71,18667.8,394.519,46.3844,0.482746,300.88,13319.6,125.358,23.1957,0.267264,101.895,75.3019,23.1887,0.0718272,52.0414,200.66,0,0,0
1000,3,1,187,1,1,1,4328.24,18678,540.869,46.3844,0.482746,447.655,10727.4,130.222,23.1957,0.267264,106.759,130.948,23.1887,0.0718272,107.687,261.17,0,0,0
1000,3,1,188,1,1,1,4327.44,18646.2,358.899,46.3844,0.6264,265.013,13931,75.2589,23.1957,0.267264,51.796,108.714,23.1887,0.0718272,85.4537,183.973,0,0,0
1000,3,1,189,1,0,0,-1,-1,1095.94,23.1957,0.337421,1027.03,265934,-1,-1,-1,-1,-1,-1,-1,-1,-1,0,0,0
1000,3,1,190,1,1,1,4322.37,18662.1,532.593,46.3952,0.50112,439.326,10858.6,125.875,23.2065,0.285638,102.383,124.14,23.1887,0.0718272,100.879,250.015,0,0,0
1000,3,1,191,1,1,1,4343.72,24688.2,699.848,52.1883,1.12418,600.811,14008.5,291.683,28.9996,0.71159,261.92,126.518,23.1887,0.12528,103.204,418.201,0,0,0
1000,3,1,192,1,1,1,4315.02,24638,580.881,52.1883,0.96215,481.66,16074.4,278.113,28.9996,0.746669,248.279,74.6919,23.1887,0.0718272,51.4314,352.805,0,0,0
1000,3,1,193,1,1,1,4331.52,18710.2,544.178,46.3844,0.482746,450.974,10700.8,135.229,23.1957,0.267264,111.766,120.445,23.1887,0.0718272,97.1849,255.674,0,0,0
1000,3,1,194,1,1,1,4326.83,18658.4,529.767,46.3844,0.482746,436.522,10905.3,101.813,23.1957,0.267264,78.35,128.921,23.1887,0.0718272,105.66,230.734,0,0,0
1000,3,1,195,1,1,1,4317.19,18633,348.518,46.3844,0.482746,254.746,14102.8,71.7829,23.1957,0.267264,48.3199,106.677,23.1887,0.0718272,83.4161,178.459,0,0,0
1000,3,1,196,1,1,1,4327.74,18641.6,477.493,46.3844,0.482746,384.096,11817.9,74.2338,23.1957,0.267264,50.7708,132.142,23.1887,0.0718272,108.882,206.376,0,0,0
1000,3,1,197,1,1,1,4322.12,24662,531.663,52.1883,1.15759,432.103,16973.1,279.377,28.9996,0.907027,249.384,78.7625,23.1887,0.106906,55.4669,358.14,0,0,0
1000,3,1,198,1,1,1,4322.83,18746.1,397.45,46.3844,0.482746,303.82,13345.8,128.934,23.1957,0.267264,105.471,75.773,23.1887,0.0718272,52.5125,204.707,0,0,0
1000,3,1,199,1,1,1,4330.74,18678.5,548.407,46.3844,0.552902,455.145,10593.4,141.032,23.1957,0.302342,117.534,122.069,23.1887,0.106906,98.7731,263.101,0,0,0
1000,3,1,200,1,0,0,-1,-1,738.202,23.1957,0.267264,668.33,257378,-1,-1,-1,-1,-1,-1,-1,-1,-1,0,0,0
1000,3,1,201,1,1,1,4410.37,18724.9,454.68,46.3844,0.482746,361.216,12306.9,77.4915,23.1957,0.267264,54.0285,142.181,23.1887,0.0718272,118.92,219.672,0,0,0
1000,3,1,202,1,1,1,4345.51,18686.2,534.587,46.3844,0.748339,441.09,10846.4,104.843,23.1957,0.497779,81.1492,126.86,23.1887,0.106906,103.565,231.703,0,0,0
1000,3,1,203,1,1,1,4326.78,18661.9,453.628,46.3844,0.517824,360.126,12262.4,124.72,23.1957,0.302342,101.222,74.9933,23.1887,0.0718272,51.7328,199.714,0,0,0
1000,3,1,204,1,1,1,4319.5,18648.8,310.398,46.3844,0.482746,216.515,14796.5,90.9011,23.1957,0.267264,67.4382,48.1144,23.1887,0.0718272,24.8539,139.016,0,0,0
1000,3,1,205,1,1,1,4316.62,18706.3,416.123,46.3844,0.678182,322.352,12973.4,129.223,23.1957,0.462701,105.565,75.7874,23.1887,0.0718272,52.5269,205.01,0,0,0
1000,3,1,206,1,1,1,4322.67,18637.8,516.278,46.3844,0.482746,422.993,11124.5,127.948,23.1957,0.267264,104.485,105.309,23.1887,0.0718272,82.048,233.257,0,0,0
1000,3,1,207,1,1,1,4315.98,18634.1,478.674,46.3844,0.482746,385.28,11789.5,119.955,23.1957,0.267264,96.4918,73.1542,23.1887,0.0718272,49.8937,193.109,0,0,0
1000,3,1,208,1,1,1,4315.34,18639.8,452.161,46.3844,0.482746,358.69,12266.7,77.2604,23.1957,0.267264,53.7975,140.157,23.1887,0.0718272,116.897,217.418,0,0,0
1000,3,1,209,1,1,1,4319.5,18705.6,547.452,46.3844,0.482746,454.257,10638,139.975,23.1957,0.267264,116.512,125.603,23.1887,0.0718272,102.343,265.579,0,0,0
1000,3,1,210,1,1,1,4331.25,18741.5,549.484,46.3844,0.517824,456.261,10637.5,142.285,23.1957,0.302342,118.787,122.483,23.1887,0.0718272,99.2225,264.768,0,0,0
1000,3,1,211,1,1,2,10334.5,24721.1,689.517,69.5741,0.75001,573.916,14526,128.209,23.1957,0.497779,104.516,280.21,46.3784,0.108576,233.723,408.42,1,0,0
1000,3,1,212,1,1,1,4315.98,18747.9,452.178,46.3844,0.678182,358.511,12373.9,129.553,23.1957,0.462701,105.895,76.1772,23.1887,0.0718272,52.9167,205.73,0,0,0
1000,3,1,213,1,1,1,4325.36,18646.9,535.089,46.3844,0.482746,441.858,10799.1,107.352,23.1957,0.267264,83.8889,124.952,23.1887,0.0718272,101.691,232.304,0,0,0
1000,3,1,214,1,1,1,4317.83,18648.5,376.217,46.3844,0.482746,282.525,13625.7,127.567,23.1957,0.267264,104.104,78.1012,23.1887,0.0718272,54.8407,205.669,0,0,0
1000,3,1,215,1,1,1,4338.28,24727.1,695.693,52.1883,0.696557,597.071,14122.9,285.622,28.9996,0.481075,256.065,128.87,23.1887,0.0718272,105.61,414.493,0,0,0
1000,3,1,216,1,1,1,4320.68,18639.2,495.854,46.3844,0.482746,402.51,11489,82.7777,23.1957,0.267264,59.3148,125.472,23.1887,0.0718272,102.211,208.249,0,0,0
1000,3,1,217,1,1,1,4353.19,18703.5,550.112,46.3844,0.517824,456.891,10588.3,126.192,23.1957,0.267264,102.729,125.334,23.1887,0.106906,102.038,251.526,0,0,0
1000,3,1,218,1,1,1,4358.87,18702.6,553.646,46.3844,0.482746,460.469,10524.9,128.972,23.1957,0.267264,105.509,126.129,23.1887,0.0718272,102.868,255.1,0,0,0
1000,3,1,219,1,1,2,10329.3,24648.7,586.138,69.5741,0.519494,470.466,16292.6,76.1234,23.1957,0.267264,52.6605,309.612,46.3784,0.108576,263.125,385.736,1,0,0
1000,3,1,220,1,1,1,4340.52,18677,541.14,46.3844,0.713261,447.697,10720.8,117.127,23.1957,0.462701,93.4688,126.98,23.1887,0.106906,103.684,244.107,0,0,0
1000,3,1,221,1,1,1,4344,18735.8,539.503,46.3844,0.482746,446.286,10809.5,131.895,23.1957,0.267264,108.432,124.362,23.1887,0.0718272,101.101,256.257,0,0,0
1000,3,1,222,1,1,1,4343.24,18698,555.432,46.3844,0.623059,462.121,10487.4,135.621,23.1957,0.372499,112.053,128.487,23.1887,0.106906,105.191,264.108,0,0,0
1000,3,1,223,1,1,1,4316.94,18644.5,423.317,46.3844,0.482746,329.762,12784.2,129.619,23.1957,0.267264,106.157,75.7928,23.1887,0.0718272,52.5323,205.412,0,0,0
1000,3,1,224,1,0,0,-1,-1,1114.52,23.1957,0.302342,1045.7,266577,-1,-1,-1,-1,-1,-1,-1,-1,-1,0,0,0
1000,3,1,225,1,1,1,4318.47,18648.4,379.121,46.3844,0.678182,285.241,13573.6,83.6139,23.1957,0.462701,59.9555,115.587,23.1887,0.0718272,92.3263,199.201,0,0,0
1000,3,1,226,1,1,1,4318.54,18649.2,548.276,46.3844,0.482746,455.084,10566.9,139.759,23.1957,0.267264,116.296,124.64,23.1887,0.0718272,101.379,264.399,0,0,0
1000,3,1,227,1,1,1,4319.18,18643.1,547.99,46.3844,0.482746,454.797,10565.9,140.439,23.1957,0.267264,116.976,124.095,23.1887,0.0718272,100.834,264.534,0,0,0
1000,3,1,228,1,1,1,4334.63,18662.4,351.467,46.3844,0.6264,257.559,14079.4,73.0625,23.1957,0.267264,49.5995,107,23.1887,0.0718272,83.7391,180.062,0,0,0
1000,3,1,229,1,1,1,4316.3,24682.6,537.387,52.1883,0.731635,438.27,16893.1,280.224,28.9996,0.516154,250.62,79.0992,23.1887,0.0718272,55.8387,359.324,0,0,0
1000,3,1,230,1,1,1,4369.05,18724.1,539.811,46.3844,0.517824,446.56,10792.1,127.839,23.1957,0.302342,104.341,131.155,23.1887,0.0718272,107.895,258.994,0,0,0
1000,3,1,231,1,1,1,4317.58,18638.4,408.853,46.3844,0.482746,315.255,13035.3,127.795,23.1957,0.267264,104.332,76.0419,23.1887,0.0718272,52.7814,203.837,0,0,0
1000,3,1,232,1,1,1,4324.5,24736,687.753,52.1883,0.536198,589.269,14273.1,280.552,28.9996,0.320717,251.136,122.088,23.1887,0.0718272,98.8272,402.639,0,0,0
1000,3,1,233,1,1,1,4347.95,18675.9,555.765,46.3844,0.714931,462.363,10459.3,134.385,23.1957,0.302342,110.887,127.882,23.1887,0.12528,104.568,262.267,0,0,0
1000,3,1,234,1,1,1,4346.55,18664.8,432.41,46.3844,0.6264,338.737,12642.4,74.3908,23.1957,0.267264,50.9278,138.374,23.1887,0.0718272,115.114,212.765,0,0,0
1000,3,1,235,1,0,0,-1,-1,1224.49,23.1957,0.302342,1156,273299,-1,-1,-1,-1,-1,-1,-1,-1,-1,0,0,0
1000,3,1,236,1,1,1,4319.94,18633.5,349.571,46.3844,0.482746,255.802,14084.6,118.025,23.1957,0.267264,94.5625,66.018,23.1887,0.0718272,42.7575,184.043,0,0,0
1000,3,1,237,1,1,1,4318.22,18666.2,476.003,46.3844,0.482746,382.601,11869.1,120.879,23.1957,0.267264,97.4159,73.7985,23.1887,0.0718272,50.538,194.677,0,0,0
1000,3,1,238,0,0,0,-1,-1,629.943,23.206,0.71159,559.302,254690,-1,-1,-1,-1,-1,-1,-1,-1,-1,0,0,0
1000,3,1,239,1,1,1,4328.07,18666.4,360.998,46.3844,0.482746,267.262,13914.3,125.144,23.1957,0.267264,101.681,73.2553,23.1887,0.0718272,49.9948,198.399,0,0,0
1000,3,1,240,1,1,1,4359.52,18679.4,435.507,46.3844,0.552902,341.918,12601.8,74.5316,23.1957,0.267264,51.0686,139.298,23.1887,0.141984,115.967,213.83,0,0,0
1000,3,1,241,1,1,1,4324.07,18640.7,540.592,46.3844,0.482746,447.377,10695,128.362,23.1957,0.267264,104.899,126.861,23.1887,0.0718272,103.601,255.223,0,0,0
1000,3,1,242,1,1,1,4327.69,18666.2,513.967,46.3844,0.482746,420.675,11194,94.9854,23.1957,0.267264,71.5224,126.089,23.1887,0.0718272,102.828,221.074,0,0,0
1000,3,1,243,1,0,0,-1,-1,600.489,23.1957,0.462701,530.021,254114,-1,-1,-1,-1,-1,-1,-1,-1,-1,0,0,0
1000,3,1,244,1,1,1,4317.26,18633,416.274,46.3844,0.482746,322.698,12897.9,76.4086,23.1957,0.267264,52.9456,135.019,23.1887,0.0718272,111.759,211.428,0,0,0
1000,3,1,245,1,1,1,4350.17,18674,529.512,46.3844,0.678182,436.07,10924.9,101.996,23.1957,0.462701,78.3373,129.921,23.1887,0.0718272,106.66,231.916,0,0,0
1000,3,1,246,1,1,1,4327.24,18652.5,553.541,46.3844,0.482746,460.365,10476.6,130.118,23.1957,0.267264,106.655,125.728,23.1887,0.0718272,102.468,255.846,0,0,0
1000,3,1,247,1,1,1,4329.87,18651.9,477.466,46.3844,0.482746,384.069,11828.7,75.1218,23.1957,0.267264,51.6588,133.097,23.1887,0.0718272,109.837,208.219,0,0,0
1000,3,1,248,1,0,0,-1,-1,1134.83,23.1957,0.302342,1066.07,267517,-1,-1,-1,-1,-1,-1,-1,-1,-1,0,0,0
1000,3,1,249,1,1,1,4328.33,18664,416.165,46.3844,0.587981,322.483,12930.2,128.635,23.1957,0.372499,105.066,76.4877,23.1887,0.0718272,53.2272,205.122,0,0,0
1000,3,1,250,1,1,1,4315.98,18648.7,538.393,46.3844,0.482746,445.172,10742.2,126.14,23.1957,0.267264,102.677,126.641,23.1887,0.0718272,103.381,252.781,0,0,0
1000,3,1,251,1,1,1,4316.94,24724.8,699.788,52.1883,0.997229,600.877,14046.5,293.638,28.9996,0.781747,263.8,123.467,23.1887,0.0718272,100.206,417.105,0,0,0
1000,3,1,252,1,1,1,4337.7,18656.3,551.787,46.3844,0.482746,458.605,10511.6,138.118,23.1957,0.267264,114.655,127.885,23.1887,0.0718272,104.624,266.003,0,0,0
1000,3,1,253,1,1,1,4316.94,18673.5,393.675,46.3844,0.678182,299.839,13339.8,77.8403,23.1957,0.462701,54.1819,124.412,23.1887,0.0718272,101.152,202.253,0,0,0
1000,3,1,254,1,1,1,4321.31,18643.3,555.163,46.3844,0.482746,461.991,10438.5,135.824,23.1957,0.267264,112.361,128.468,23.1887,0.0718272,105.207,264.292,0,0,0
1000,3,1,255,1,1,2,10368.5,24686.7,535.937,69.5741,0.519494,420.12,17223.2,72.7123,23.1957,0.267264,49.2494,291.36,46.3784,0.108576,244.873,364.073,1,0,0
1000,3,1,256,1,1,1,4328.07,18698.8,555.16,46.3844,0.678182,461.792,10493.6,133.61,23.1957,0.462701,109.952,126.8,23.1887,0.0718272,103.54,260.411,0,0,0
1000,3,1,257,1,1,1,4320.78,18687.5,438.916,46.3844,0.482746,345.406,12549.9,129.811,23.1957,0.267264,106.348,72.0587,23.1887,0.0718272,48.7982,201.869,0,0,0
1000,3,1,258,1,1,1,4334.44,24749.5,556.212,52.1883,0.945446,456.936,16624.4,275.242,28.9996,0.58631,245.545,74.941,23.1887,0.0718272,51.6804,350.183,0,0,0
1000,3,1,259,1,1,1,4329.08,24659,697.334,52.1883,0.96215,598.452,14024.6,287.832,28.9996,0.746669,258.025,129.152,23.1887,0.0718272,105.891,416.984,0,0,0
1000,3,1,260,1,1,1,4332.94,18655.7,375.98,46.3844,0.482746,282.287,13637.2,127.114,23.1957,0.267264,103.651,78.1986,23.1887,0.0718272,54.9381,205.313,0,0,0
1000,3,1,261,1,1,1,4316.55,18672.9,458.997,46.3844,0.552902,365.476,12177.7,122.384,23.1957,0.337421,98.8507,74.9067,23.1887,0.0718272,51.6462,197.29,0,0,0
1000,3,1,262,1,1,2,10326.8,24644.6,715.998,69.5741,0.519494,600.704,13979.3,133.962,23.1957,0.267264,110.499,290.496,46.3784,0.108576,244.009,424.458,1,0,0
1000,3,1,263,1,1,1,4330.95,18652.9,536.727,46.3952,0.536198,443.438,10775.7,109.596,23.2065,0.320717,86.0691,126.475,23.1887,0.0718272,103.215,236.072,0,0,0
1000,3,1,264,1,1,2,10322.6,24670.5,571.742,69.5741,0.537869,456.01,16570.2,78.0347,23.1957,0.267264,54.5717,304.09,46.3784,0.12695,257.585,382.125,1,0,0
1000,3,1,265,1,1,1,4315.34,18697.3,449.717,46.3844,0.482746,356.239,12367.5,127.928,23.1957,0.267264,104.465,75.7657,23.1887,0.0718272,52.5052,203.694,0,0,0
1000,3,1,266,1,0,0,-1,-1,1206.01,23.1957,0.372499,1137.39,272125,-1,-1,-1,-1,-1,-1,-1,-1,-1,0,0,0
1000,3,1,267,1,1,1,4338.24,18662.1,383.227,46.3844,0.482746,289.555,13514.7,81.6966,23.1957,0.267264,58.2337,116.996,23.1887,0.0718272,93.7359,198.693,0,0,0
1000,3,1,268,1,1,1,4325.69,18790.6,549.916,46.3844,0.856915,456.355,10678,142.52,23.1957,0.497779,118.826,125.468,23.1887,0.0718272,102.208,267.988,0,0,0
1000,3,1,269,1,1,1,4359.29,18714.3,325.381,46.3844,0.552902,231.471,14595.1,101.277,23.1957,0.337421,77.7436,55.7974,23.1887,0.0718272,32.5369,157.074,0,0,0
1000,3,1,270,1,1,1,4321.52,18641.7,405.657,46.3844,0.482746,312.05,13095.5,132.218,23.1957,0.267264,108.755,76.2458,23.1887,0.0718272,52.9853,208.464,0,0,0
1000,3,1,271,1,1,1,4315.66,24651.3,592.194,52.1883,0.606355,493.362,15887.2,273.764,28.9996,0.390874,244.271,75.5708,23.1887,0.0718272,52.3103,349.334,0,0,0
1000,3,1,272,1,1,1,4341.65,24701.2,700.184,52.1883,0.927072,601.345,14016.3,289.099,28.9996,0.71159,259.326,129.46,23.1887,0.0718272,106.2,418.56,0,0,0
1000,3,1,273,1,0,0,-1,-1,1193.13,23.1957,0.267264,1124.58,271188,-1,-1,-1,-1,-1,-1,-1,-1,-1,0,0,0
1000,3,1,274,1,1,1,4337.8,18658.7,539.021,46.3844,0.482746,445.802,10740.9,125.263,23.1957,0.267264,101.8,132.326,23.1887,0.0718272,109.066,257.589,0,0,0
1000,3,1,275,1,1,1,4355.02,18748.1,412.176,46.3844,0.661478,318.41,13085.3,130.149,23.1957,0.302342,106.651,74.9987,23.1887,0.0718272,51.7382,205.148,0,0,0
1000,3,1,276,1,1,1,4375.49,18694.6,464.744,46.3844,0.517824,371.274,12097.4,75.8834,23.1957,0.267264,52.4204,137.092,23.1887,0.106906,113.796,212.975,0,0,0
1000,3,1,277,1,1,1,4332.17,18672.3,346.65,46.3844,0.552902,252.802,14174.8,116.942,23.1957,0.302342,93.4435,65.0352,23.1887,0.106906,41.7396,181.977,0,0,0
1000,3,1,278,1,1,1,4332.11,18669.9,498.03,46.3844,0.482746,404.692,11481,85.2124,23.1957,0.267264,61.7494,123.481,23.1887,0.0718272,100.221,208.693,0,0,0
1000,3,1,279,1,1,2,10328.2,24657.9,691.476,69.5741,0.806803,575.823,14427.8,99.9197,23.1957,0.267264,76.4567,295.297,46.3784,0.395885,248.523,395.217,1,0,0
1000,3,1,280,1,1,1,4322.5,18637.3,310.204,46.3844,0.482746,216.32,14788.4,90.8253,23.1957,0.267264,67.3624,47.7841,23.1887,0.0718272,24.5236,138.609,0,0,0
1000,3,1,281,1,0,0,-1,-1,513.257,28.9996,0.496109,436.857,251604,-1,-1,-1,-1,-1,-1,-1,-1,-1,0,0,0
1000,3,1,282,1,1,1,4323.82,18694.8,487.609,46.3844,0.482746,394.241,11691.3,122.624,23.1957,0.267264,99.1611,76.8649,23.1887,0.0718272,53.6044,199.489,0,0,0
1000,3,1,283,1,1,1,4368.11,18738.2,500.853,46.3844,0.696557,407.309,11498.3,126.685,23.1957,0.267264,103.222,85.2461,23.1887,0.141984,61.9155,211.931,0,0,0
1000,3,1,284,1,1,1,4325.78,18645.8,327.453,46.3844,0.482746,233.619,14490.2,103.253,23.1957,0.267264,79.7902,57.3243,23.1887,0.0718272,34.0638,160.577,0,0,0
1000,3,1,285,1,1,1,4321.26,18638.5,545.191,46.3844,0.482746,451.991,10611.1,121.61,23.1957,0.267264,98.1468,127.17,23.1887,0.0718272,103.91,248.78,0,0,0
1000,3,1,286,1,1,1,4331.24,18671.8,523.089,46.3844,0.482746,429.824,11037.4,127.847,23.1957,0.267264,104.384,111.297,23.1887,0.0718272,88.0363,239.144,0,0,0
1000,3,1,287,1,1,1,4340.35,18656.8,518.085,46.3844,0.482746,424.805,11111.3,98.9523,23.1957,0.267264,75.4894,127.334,23.1887,0.0718272,104.074,226.287,0,0,0
1000,3,1,288,1,0,0,-1,-1,973.662,23.1957,0.302342,904.439,262572,-1,-1,-1,-1,-1,-1,-1,-1,-1,0,0,0
1000,3,1,289,1,1,2,4347.85,18663.6,518.992,69.5741,0.841882,402.802,11499,82.2688,23.1957,0.267264,58.8058,148.257,46.3784,0.430963,101.448,230.526,1,0,0
1000,3,1,290,1,1,2,4387.17,24711.8,567.815,75.3781,0.912038,446.053,16751.1,162.086,28.9996,0.481075,132.18,162.269,46.3784,0.287309,115.603,324.355,1,0,0
1000,3,1,291,1,1,1,4337.38,18693.9,465.664,46.3844,0.6264,372.088,12080.2,121.557,23.1957,0.267264,98.0945,72.1507,23.1887,0.0718272,48.8902,193.708,0,0,0
1000,3,1,292,1,1,1,4318.54,18701.4,540.666,46.3844,0.748339,447.186,10753.4,127.858,23.1957,0.532858,104.13,125.699,23.1887,0.0718272,102.439,253.557,0,0,0
1000,3,1,293,1,1,1,4320.9,18641,389.052,46.3844,0.482746,295.397,13390,127.257,23.1957,0.267264,103.794,79.6912,23.1887,0.0718272,56.4307,206.948,0,0,0
1000,3,1,294,1,0,0,-1,-1,939.304,34.8035,0.694886,858.3,261644,-1,-1,-1,-1,-1,-1,-1,-1,-1,0,0,0
1000,3,1,295,1,1,1,4318.98,18636,369.725,46.3844,0.517824,275.979,13728.5,79.1013,23.1957,0.267264,55.6384,111.597,23.1887,0.106906,88.3016,190.699,0,0,0
1000,3,1,296,1,1,1,4315.02,18635.6,363.61,46.3844,0.482746,269.881,13837.1,124.294,23.1957,0.267264,100.831,73.822,23.1887,0.0718272,50.5615,198.116,0,0,0
1000,3,1,297,1,1,1,4317.06,18632.3,394.652,46.3844,0.482746,301.014,13281.7,127.024,23.1957,0.267264,103.561,76.679,23.1887,0.0718272,53.4185,203.703,0,0,0
1000,3,1,298,1,1,1,4328.84,18746.1,392.647,46.3844,0.873619,298.611,13430.3,130.27,23.1957,0.658138,106.416,79.9872,23.1887,0.0718272,56.7267,210.257,0,0,0
1000,3,1,299,1,1,1,4333.32,18648.1,536.287,46.3844,0.482746,443.06,10779,125.151,23.1957,0.267264,101.688,128.392,23.1887,0.0718272,105.131,253.543,0,0,0
1000,3,1,300,1,1,1,4362.62,18692.7,407.816,46.3844,1.00057,313.698,13106.6,79.0756,23.1957,0.497779,55.3821,130.182,23.1887,0.0718272,106.922,209.258,0,0,0
1000,3,1,301,1,1,1,4315.34,18645.6,546.498,46.3844,0.482746,453.301,10594.9,138.878,23.1957,0.267264,115.415,125.553,23.1887,0.0718272,102.292,264.431,0,0,0
1000,3,1,302,1,1,1,4319.72,18646.3,312.552,46.3844,0.482746,218.675,14755.7,92.0869,23.1957,0.267264,68.6239,48.9988,23.1887,0.0718272,25.7383,141.086,0,0,0
1000,3,1,303,1,1,1,4340.65,18661.3,376.927,46.3844,0.517824,283.202,13625.7,83.3777,23.1957,0.302342,59.8797,116.062,23.1887,0.0718272,92.801,199.439,0,0,0
1000,3,1,304,1,1,1,4320.81,18635.6,454.486,46.3844,0.482746,361.021,12221.1,124.191,23.1957,0.267264,100.728,75.921,23.1887,0.0718272,52.6605,200.112,0,0,0
1000,3,1,305,0,0,0,-1,-1,766.482,29.0099,0.765043,690.54,257941,-1,-1,-1,-1,-1,-1,-1,-1,-1,0,0,0
1000,3,1,306,1,1,1,4372.15,18770.4,549.772,46.3844,0.587981,456.479,10660.7,142.907,23.1957,0.372499,119.339,123.279,23.1887,0.0718272,100.018,266.186,0,0,0
1000,3,1,307,1,1,1,4317.2,18646,309.567,46.3844,0.482746,215.681,14808.4,91.1718,23.1957,0.267264,67.7089,47.1164,23.1887,0.0718272,23.8558,138.288,0,0,0
1000,3,1,308,1,1,1,4316.62,18649.3,304.044,46.3844,0.482746,210.142,14909.9,86.2808,23.1957,0.267264,62.8179,44.9362,23.1887,0.0718272,21.6756,131.217,0,0,0
1000,3,1,309,1,1,1,4330.88,18661.9,529.9,46.3844,0.663149,436.475,10905.6,101.589,23.1957,0.267264,78.1262,129.47,23.1887,0.108576,106.173,231.059,0,0,0
1000,3,1,310,1,1,1,4315.98,18631.4,404.679,46.3844,0.482746,311.07,13102.6,79.8666,23.1957,0.267264,56.4036,129.442,23.1887,0.0718272,106.182,209.309,0,0,0
1000,3,1,311,1,0,0,-1,-1,1207.56,28.9996,0.320717,1133.35,271872,-1,-1,-1,-1,-1,-1,-1,-1,-1,0,0,0
1000,3,1,312,1,1,1,4329.93,18673.3,539.881,46.3844,0.482746,446.665,10740.3,115.798,23.1957,0.267264,92.3354,126.811,23.1887,0.0718272,103.55,242.609,0,0,0
1000,3,1,313,1,1,1,4316.94,18654.1,490.237,46.3844,0.713261,396.646,11603.1,122.726,23.1957,0.497779,99.033,77.0778,23.1887,0.0718272,53.8173,199.804,0,0,0
1000,3,1,314,1,1,1,4375.02,18704.2,540.534,46.3844,0.482746,447.32,10759.5,128.407,23.1957,0.267264,104.944,132.402,23.1887,0.0718272,109.142,260.809,0,0,0
1000,3,1,315,1,1,1,4327.19,18643.9,412.05,46.3844,0.482746,318.462,12984,76.2642,23.1957,0.267264,52.8012,135.135,23.1887,0.0718272,111.874,211.399,0,0,0
1000,3,1,316,1,1,2,10328.9,24644.8,641.73,69.5741,0.537869,526.202,15299.9,75.3726,23.1957,0.267264,51.9097,300.506,46.3784,0.12695,254,375.878,1,0,0
1000,3,1,317,1,1,1,4376.67,18810.4,508.227,46.3844,1.17429,414.227,11438.1,129.705,23.1957,0.888653,105.621,94.9794,23.1887,0.141984,71.6488,224.684,0,0,0
1000,3,1,318,1,1,1,4327.34,18640.9,479.39,46.3844,0.482746,385.998,11783.5,73.6743,23.1957,0.267264,50.2113,131.81,23.1887,0.0718272,108.55,205.485,0,0,0
1000,3,1,319,1,1,1,4319.94,18651.1,392.248,46.3844,0.482746,298.602,13343.3,80.4062,23.1957,0.267264,56.9432,122.207,23.1887,0.0718272,98.9464,202.613,0,0,0
1000,3,1,320,1,1,1,4320.58,18636.4,378.312,46.3952,0.50112,284.597,13576.3,83.6227,23.2065,0.285638,60.1305,114.717,23.1887,0.0718272,91.4564,198.34,0,0,0
1000,3,1,321,1,1,1,4334.92,18668.3,444.766,46.3844,0.873619,350.882,12425.7,77.8444,23.1957,0.658138,53.9906,137.575,23.1887,0.0718272,114.314,215.419,0,0,0
1000,3,1,322,1,1,1,4319.82,18645.2,323.535,46.3844,0.482746,229.69,14559.3,100.033,23.1957,0.267264,76.5704,53.4909,23.1887,0.0718272,30.2304,153.524,0,0,0
1000,3,1,323,1,1,2,10373.8,24702.6,651.771,69.5741,0.554573,536.255,15179.2,77.7016,23.1957,0.302342,54.2036,294.365,46.3784,0.108576,247.878,372.067,1,0,0
1000,3,1,324,1,1,1,4337.83,18654,413.299,46.3844,0.482746,319.715,12971.9,75.5982,23.1957,0.267264,52.1353,135.071,23.1887,0.0718272,111.811,210.67,0,0,0
1000,3,1,325,1,1,1,4333.45,24696.1,699.564,52.1883,0.696557,600.953,14023,286.806,28.9996,0.481075,257.256,132.133,23.1887,0.0718272,108.873,418.939,0,0,0
1000,3,1,326,1,0,0,-1,-1,867.942,23.1957,0.267264,798.447,260516,-1,-1,-1,-1,-1,-1,-1,-1,-1,0,0,0
1000,3,1,327,1,1,1,4317.58,18658.6,545.408,46.3844,0.678182,452.012,10626.8,138.523,23.1957,0.462701,114.865,121.27,23.1887,0.0718272,98.0097,259.793,0,0,0
1000,3,1,328,1,1,2,10333.1,24660.4,582.952,69.5741,0.663149,467.127,16360.6,78.5978,23.1957,0.267264,55.1348,307.422,46.3784,0.25223,260.792,386.02,1,0,0
1000,3,1,329,1,1,1,4350.89,18666.8,465.337,46.3844,0.482746,371.904,12059.3,76.0548,23.1957,0.267264,52.5919,136.651,23.1887,0.0718272,113.39,212.706,0,0,0
1000,3,1,330,1,1,3,16324,30658.8,759.711,92.7639,0.556243,621.954,19615.6,78.0347,23.1957,0.267264,54.5717,474.992,69.5682,0.145325,405.279,553.027,2,0,0
1000,3,1,331,1,1,1,4326.13,18652.4,442.917,46.3844,0.482746,349.418,12443.6,77.4554,23.1957,0.267264,53.9924,137.984,23.1887,0.0718272,114.724,215.44,0,0,0
1000,3,1,332,1,1,1,4320.14,18632.7,520.525,46.3844,0.482746,427.252,11043.9,97.6457,23.1957,0.267264,74.1827,126.04,23.1887,0.0718272,102.78,223.686,0,0,0
1000,3,1,333,1,1,1,4318.95,18634.1,384.27,46.3844,0.6264,290.457,13467.8,81.6353,23.1957,0.267264,58.1723,116.567,23.1887,0.0718272,93.3064,198.202,0,0,0
1000,3,1,334,1,1,1,4318.22,18657.4,418.747,46.3844,0.482746,325.178,12878.4,131.906,23.1957,0.267264,108.443,74.3941,23.1887,0.0718272,51.1336,206.3,0,0,0
1000,3,1,335,1,1,1,4370.7,18724.8,540.468,46.3844,0.587981,447.148,10780.6,117.375,23.1957,0.302342,93.8767,125.769,23.1887,0.141984,102.439,243.144,0,0,0
1000,3,1,336,1,0,0,-1,-1,1229.8,23.1957,0.267264,1161.35,273734,-1,-1,-1,-1,-1,-1,-1,-1,-1,0,0,0
1000,3,1,337,1,1,1,4321.54,18638.7,538.094,46.3844,0.482746,444.872,10737.5,126.165,23.1957,0.267264,102.702,126.795,23.1887,0.0718272,103.534,252.96,0,0,0
1000,3,1,338,1,1,1,4333.67,18694.2,541.097,46.3844,0.482746,447.885,10739.5,131.45,23.1957,0.267264,107.987,121.404,23.1887,0.0718272,98.1432,252.853,0,0,0
1000,3,1,339,1,1,1,4329.8,18679.6,522.927,46.3844,0.482746,429.662,11048.1,128.055,23.1957,0.267264,104.592,110.624,23.1887,0.0718272,87.3631,238.678,0,0,0
1000,3,1,340,1,1,1,4348.29,18693.4,536.27,46.3844,0.6264,442.9,10824.1,126.892,23.1957,0.267264,103.429,124.672,23.1887,0.0718272,101.412,251.565,0,0,0
1000,3,1,341,1,1,1,4348.23,18661.8,494.1,46.3952,0.50112,400.722,11542.8,82.5434,23.2065,0.285638,59.0513,126.289,23.1887,0.0718272,103.029,208.833,0,0,0
1000,3,1,342,1,1,1,4338.98,18689.7,469.179,46.3844,0.6264,375.613,12013.5,122.556,23.1957,0.267264,99.0925,72.9412,23.1887,0.0718272,49.6807,195.497,0,0,0
1000,3,1,343,1,1,1,4331.98,18666.2,427.456,46.3844,0.482746,333.913,12732.3,78.7422,23.1957,0.267264,55.2792,135.922,23.1887,0.0718272,112.661,214.664,0,0,0
1000,3,1,344,1,1,1,4324.55,18660.7,445.718,46.3844,0.482746,352.228,12402.1,127.9,23.1957,0.267264,104.437,75.7856,23.1887,0.0718272,52.5251,203.685,0,0,0
1000,3,1,345,1,1,1,4341.48,24661,674.991,52.1883,0.696557,576.309,14424.9,278.031,28.9996,0.481075,248.463,114.024,23.1887,0.0718272,90.7634,392.055,0,0,0
1000,3,1,346,1,1,1,4327.23,18655.2,302.427,46.3952,0.891994,208.101,14943.6,85.2661,23.2065,0.676512,61.3831,43.9995,23.1887,0.0718272,20.739,129.266,0,0,0
1000,3,1,347,1,1,1,4334.92,18710.7,543.743,46.3844,0.482746,450.538,10709,134.011,23.1957,0.267264,110.548,122.896,23.1887,0.0718272,99.6358,256.907,0,0,0
1000,3,1,348,1,1,1,4323.04,18770.1,442.471,46.3844,1.10413,348.35,12567.6,132.393,23.1957,0.853574,108.344,72.6045,23.1887,0.106906,49.3089,204.998,0,0,0
1000,3,1,349,1,1,1,4315.98,18640.7,416.996,46.3844,0.482746,323.422,12892.8,130.004,23.1957,0.267264,106.541,76.9822,23.1887,0.0718272,53.7217,206.986,0,0,0
1000,3,1,350,1,1,1,4319.62,18647.3,434.306,46.3844,0.482746,340.782,12591.7,131.859,23.1957,0.267264,108.396,74.9897,23.1887,0.0718272,51.7292,206.849,0,0,0
1000,3,1,351,1,1,1,4322.47,18639.1,366.764,46.3844,0.482746,273.045,13784.5,78.7025,23.1957,0.267264,55.2395,111.275,23.1887,0.0718272,88.0147,189.978,0,0,0
1000,3,1,352,1,1,1,4345.28,18666.6,430.252,46.3844,0.517824,336.682,12682.8,75.0297,23.1957,0.267264,51.5667,137.682,23.1887,0.106906,114.386,212.712,0,0,0
1000,3,1,353,1,0,0,-1,-1,291.127,23.1957,0.337421,219.884,246538,-1,-1,-1,-1,-1,-1,-1,-1,-1,0,0,0
1000,3,1,354,1,1,1,4334.46,18660.8,446.868,46.3844,0.482746,353.382,12381.7,127.694,23.1957,0.267264,104.231,75.3741,23.1887,0.0718272,52.1136,203.068,0,0,0
1000,3,1,355,1,0,0,-1,-1,1198.93,23.1957,0.337421,1130.33,271659,-1,-1,-1,-1,-1,-1,-1,-1,-1,0,0,0
1000,3,1,356,1,1,1,4320.39,18724,392.348,46.3844,0.517824,298.667,13414.2,129.76,23.1957,0.267264,106.297,80.0602,23.1887,0.106906,56.7646,209.82,0,0,0
1000,3,1,357,1,1,1,4354.34,18692.2,383.258,46.3844,0.858586,289.21,13542.8,82.4085,23.1957,0.302342,58.9105,117.16,23.1887,0.12528,93.846,199.568,0,0,0
1000,3,1,358,1,0,0,-1,-1,911.666,23.1957,0.267264,842.298,261298,-1,-1,-1,-1,-1,-1,-1,-1,-1,0,0,0
1000,3,1,359,1,1,1,4334.92,18649.7,505.014,46.3844,0.482746,411.697,11336.7,127.158,23.1957,0.267264,103.695,93.6603,23.1887,0.0718272,70.3998,220.818,0,0,0
1000,3,1,360,1,1,1,4322.5,18638.9,428.009,46.3844,0.482746,334.467,12695.2,74.5857,23.1957,0.267264,51.1228,136.69,23.1887,0.0718272,113.43,211.276,0,0,0
1000,3,1,361,1,1,1,4323.46,18663.5,534.631,46.3844,0.517824,441.364,10823.6,127.335,23.1957,0.302342,103.837,127.165,23.1887,0.0718272,103.904,254.5,0,0,0
1000,3,1,362,1,1,1,4316.62,24684.8,605.559,52.1883,0.927072,506.445,15682.5,271.283,28.9996,0.71159,241.457,74.6053,23.1887,0.0718272,51.3448,345.888,0,0,0
1000,3,1,363,1,1,1,4325.7,18662.4,446.856,46.3844,0.482746,353.369,12383.6,76.7984,23.1957,0.267264,53.3354,139.385,23.1887,0.0718272,116.124,216.183,0,0,0
1000,3,1,364,1,1,1,4346.19,24703.8,646.59,52.1883,0.891994,547.63,14972.2,273.388,28.9996,0.676512,243.605,84.972,23.1887,0.0718272,61.7115,358.36,0,0,0
1000,3,1,365,1,0,0,-1,-1,1225.65,23.1957,0.267264,1157.2,273455,-1,-1,-1,-1,-1,-1,-1,-1,-1,0,0,0
1000,3,1,366,1,1,1,4343.82,18664.4,466.39,46.3844,0.482746,372.96,12038.2,76.5746,23.1957,0.267264,53.1117,134.808,23.1887,0.0718272,111.547,211.383,0,0,0
1000,3,1,367,1,1,1,4339.91,18664.5,387.755,46.3844,0.517824,294.061,13436.4,127.492,23.1957,0.302342,103.994,79.3393,23.1887,0.0718272,56.0787,206.832,0,0,0
1000,3,1,368,1,1,1,4318.26,18667.7,413.535,46.3844,0.482746,319.951,12981.3,129.86,23.1957,0.267264,106.397,75.726,23.1887,0.0718272,52.4655,205.586,0,0,0
1000,3,1,369,1,1,1,4316.62,18659.9,386.883,46.3844,0.482746,293.222,13447.5,127.927,23.1957,0.267264,104.464,78.944,23.1887,0.0718272,55.6835,206.871,0,0,0
1000,3,1,370,1,1,1,4314.06,18665,537.414,46.3844,0.482746,444.19,10775.8,124.768,23.1957,0.267264,101.305,126.896,23.1887,0.0718272,103.635,251.664,0,0,0
1000,3,1,371,1,1,1,4333.97,18665.2,376.475,46.3844,0.517824,282.749,13637.6,83.5564,23.1957,0.302342,60.0583,116.139,23.1887,0.0718272,92.8786,199.695,0,0,0
1000,3,1,372,1,1,1,4323.55,18659.9,443.092,46.3844,0.678182,349.398,12447.5,127.983,23.1957,0.462701,104.325,75.3922,23.1887,0.0718272,52.1316,203.375,0,0,0
1000,3,1,373,1,1,1,4318.73,18632.9,374.754,46.3844,0.482746,281.058,13636.2,82.7849,23.1957,0.267264,59.322,114.596,23.1887,0.0718272,91.3355,197.381,0,0,0
1000,3,1,374,1,1,1,4326.94,18653.3,504.125,46.3844,0.821837,410.466,11355.2,125.689,23.1957,0.462701,102.031,91.4765,23.1887,0.0718272,68.216,217.166,0,0,0
1000,3,1,375,1,1,1,4325.82,18649.4,445.866,46.3844,0.482746,352.376,12388.2,126.92,23.1957,0.267264,103.457,75.4698,23.1887,0.0718272,52.2093,202.389,0,0,0
1000,3,1,376,1,1,1,4318.95,18707.6,508.094,46.3844,0.748339,414.519,11338.9,129.203,23.1957,0.532858,105.474,96.2863,23.1887,0.0718272,73.0258,225.489,0,0,0
1000,3,1,377,1,1,1,4317.26,18638.8,331.516,46.3844,0.482746,237.694,14410.9,105.978,23.1957,0.267264,82.5155,59.5532,23.1887,0.0718272,36.2927,165.532,0,0,0
1000,3,1,378,1,1,1,4338.9,18655,430.177,46.3844,0.482746,336.642,12672.7,74.9304,23.1957,0.267264,51.4675,138.085,23.1887,0.0718272,114.825,213.016,0,0,0
1000,3,1,379,1,1,1,4344.66,18658.2,460.317,46.3844,0.482746,366.869,12140,77.607,23.1957,0.267264,54.144,139.186,23.1887,0.0718272,115.926,216.793,0,0,0
1000,3,1,380,1,1,1,4339.89,18657.6,424.179,46.3844,0.482746,330.627,12782,78.3181,23.1957,0.267264,54.8551,134.994,23.1887,0.0718272,111.733,213.312,0,0,0
1000,3,1,381,1,1,1,4327.13,18642.9,390.97,46.3844,0.482746,297.321,13357.8,78.9191,23.1957,0.267264,55.4561,121.389,23.1887,0.0718272,98.1288,200.308,0,0,0
1000,3,1,382,1,1,1,4364.89,18752.8,540.62,46.3844,0.623059,447.266,10805.7,127.343,23.1957,0.337421,103.81,132.68,23.1887,0.141984,109.349,260.023,0,0,0
1000,3,1,383,1,1,1,4333.45,18650.2,391.388,46.3844,0.482746,297.74,13357.7,78.2838,23.1957,0.267264,54.8208,121.559,23.1887,0.0718272,98.2984,199.843,0,0,0
1000,3,1,384,1,1,1,4317.7,18638.1,350.61,46.3844,0.482746,256.843,14070.8,72.9073,23.1957,0.267264,49.4443,106.96,23.1887,0.0718272,83.6994,179.867,0,0,0
1000,3,1,385,1,1,1,4337.13,18661.9,545.546,46.3844,0.482746,452.346,10628.1,138.073,23.1957,0.267264,114.61,122.053,23.1887,0.0718272,98.7929,260.127,0,0,0
1000,3,1,386,1,1,1,4324.02,24640.9,469.527,52.1883,0.731635,370.213,18058.1,248.403,28.9996,0.481075,218.749,51.5732,23.1887,0.106906,28.2776,299.976,0,0,0
1000,3,1,387,1,1,1,4316.62,18678.4,519.352,52.1883,0.891994,420.022,11209.4,101.523,28.9996,0.676512,71.8473,124.1,23.1887,0.0718272,100.84,225.624,0,0,0
1000,3,1,388,1,1,1,4316.62,18659.7,418.278,46.3844,0.6264,324.564,12892.6,131.525,23.1957,0.267264,108.062,76.1069,23.1887,0.0718272,52.8463,207.632,0,0,0
1000,3,1,389,0,0,0,-1,-1,438.609,23.206,0.516154,367.607,249990,-1,-1,-1,-1,-1,-1,-1,-1,-1,0,0,0
1000,3,1,390,1,1,1,4359.06,18674.5,490.07,46.3844,0.517824,396.673,11627,78.5455,23.1957,0.267264,55.0825,130.755,23.1887,0.106906,107.46,209.301,0,0,0
1000,3,1,391,1,1,1,4318.22,18680.3,437.806,46.3844,0.482746,344.293,12562.4,129.414,23.1957,0.267264,105.951,72.4503,23.1887,0.0718272,49.1898,201.864,0,0,0
1000,3,1,392,1,1,1,4341.29,18693.4,549.08,46.3844,0.482746,455.891,10596.8,140.214,23.1957,0.267264,116.751,125.405,23.1887,0.0718272,102.144,265.619,0,0,0
1000,3,1,393,1,1,1,4324.49,18654,320.868,46.3844,0.482746,227.015,14615.5,98.9758,23.1957,0.267264,75.5128,52.4315,23.1887,0.0718272,29.171,151.407,0,0,0
1000,3,1,394,1,1,1,4321.54,18660.6,331.665,46.3844,0.552902,237.773,14429.6,106.131,23.1957,0.302342,82.6328,59.157,23.1887,0.106906,35.8614,165.288,0,0,0
1000,3,1,395,1,1,1,4380.88,18712,462.65,46.3844,0.783418,368.908,12151.1,76.695,23.1957,0.497779,53.0016,137.627,23.1887,0.141984,114.296,214.322,0,0,0
1000,3,1,396,1,1,1,4316.94,24641.1,420.382,52.1883,0.606355,321.05,18932.2,221.324,28.9996,0.390874,191.681,39.0489,23.1887,0.0718272,15.7884,260.373,0,0,0
1000,3,1,397,1,1,1,4317.9,18661.3,449.715,46.3844,0.482746,356.237,12331.6,126.746,23.1957,0.267264,103.283,75.9625,23.1887,0.0718272,52.702,202.709,0,0,0
1000,3,1,398,1,1,1,4319.53,18637.9,472.487,46.3844,0.482746,379.075,11903.3,76.3508,23.1957,0.267264,52.8879,132.678,23.1887,0.0718272,109.418,209.029,0,0,0
1000,3,1,399,1,1,1,4363.63,24691.5,698.844,52.1883,1.21438,599.713,14029.7,287.564,28.9996,0.71159,257.792,127.737,23.1887,0.0718272,104.476,415.301,0,0,0
1000,3,1,400,1,1,1,4316.74,24651.8,667.187,52.1883,0.83687,568.342,14553.5,278.762,28.9996,0.621389,249.053,106.532,23.1887,0.0718272,83.2717,385.294,0,0,0
1000,3,1,401,1,1,1,4322.95,18678.1,500.882,46.3844,0.482746,407.553,11438.5,126.129,23.1957,0.267264,102.666,86.775,23.1887,0.0718272,63.5145,212.904,0,0,0
1000,3,1,402,1,1,1,4320.84,18637.2,516.752,46.3844,0.6264,423.325,11119.7,97.9362,23.1957,0.267264,74.4733,125.825,23.1887,0.0718272,102.565,223.762,0,0,0
1000,3,1,403,1,1,1,4336.8,18706.5,499.742,46.3844,0.748339,406.143,11486.3,126.849,23.1957,0.532858,103.121,84.7013,23.1887,0.0718272,61.4408,211.551,0,0,0
1000,3,1,404,0,0,0,-1,-1,1223.08,23.206,0.551232,1154.32,273287,-1,-1,-1,-1,-1,-1,-1,-1,-1,0,0,0
1000,3,1,405,1,1,1,4350.52,18674,534.08,46.3844,0.517824,440.812,10843.9,104.989,23.1957,0.267264,81.5264,127.396,23.1887,0.106906,104.101,232.386,0,0,0
1000,3,1,406,1,1,1,4337.06,24690.9,701.177,52.1883,0.679853,602.588,13988.9,291.302,28.9996,0.320717,261.927,127.376,23.1887,0.0718272,104.115,418.678,0,0,0
1000,3,1,407,1,1,1,4328.04,18641.2,524.904,46.3844,0.6264,431.501,10974.2,100.286,23.1957,0.267264,76.8231,127.908,23.1887,0.0718272,104.648,228.194,0,0,0
1000,3,1,408,1,1,1,4318.02,18648.3,525.958,46.3844,0.517824,432.667,10962.6,126.677,23.1957,0.302342,103.179,115.594,23.1887,0.0718272,92.3336,242.271,0,0,0
1000,3,1,409,1,1,1,4335.95,18739.9,544.639,46.3844,0.482746,451.436,10722.2,134.714,23.1957,0.267264,111.251,123.127,23.1887,0.0718272,99.8668,257.842,0,0,0
1000,3,1,410,1,1,1,4340.69,18681.7,546.122,46.3844,0.482746,452.924,10637.7,138.748,23.1957,0.267264,115.285,122.245,23.1887,0.0718272,98.9843,260.993,0,0,0
1000,3,1,411,1,1,1,4316.3,18639.2,354.788,46.3844,0.482746,261.034,13997.5,122.121,23.1957,0.267264,98.6576,67.6026,23.1887,0.0718272,44.3421,189.723,0,0,0
1000,3,1,412,1,1,1,4336.09,18683.8,553.22,46.3844,0.678182,459.847,10513.1,127.889,23.1957,0.462701,104.231,126.656,23.1887,0.0718272,103.395,254.545,0,0,0
1000,3,1,413,1,1,1,4319.82,18634.3,515.587,46.3844,0.482746,422.3,11133.3,128.472,23.1957,0.267264,105.009,104.763,23.1887,0.0718272,81.503,233.235,0,0,0
1000,3,1,414,1,1,1,4317.64,18638.2,450.36,46.3844,0.482746,356.883,12297.1,126.055,23.1957,0.267264,102.592,75.5095,23.1887,0.0718272,52.249,201.564,0,0,0
1000,3,1,415,1,1,1,4321.03,18655.6,493.051,46.3844,0.482746,399.698,11555.3,81.8807,23.1957,0.267264,58.4178,126.085,23.1887,0.0718272,102.825,207.966,0,0,0
1000,3,1,416,1,1,1,4319.75,24648.2,676.26,52.1883,0.891994,577.386,14389.1,276.16,28.9996,0.676512,246.389,117.433,23.1887,0.0718272,94.1727,393.593,0,0,0
1000,3,1,417,1,1,1,4324.23,18654.9,543.109,46.3844,0.482746,449.902,10664.5,135.413,23.1957,0.267264,111.95,120.426,23.1887,0.0718272,97.165,255.838,0,0,0
1000,3,1,418,1,1,1,4365.82,18711.8,542.729,46.3844,0.517824,449.485,10727.9,117.021,23.1957,0.302342,93.5229,129.426,23.1887,0.0718272,106.166,246.447,0,0,0
1000,3,1,419,1,1,1,4320.78,18643.7,393.29,46.3844,0.482746,299.647,13317.4,130.453,23.1957,0.267264,106.99,78.5289,23.1887,0.0718272,55.2684,208.982,0,0,0
1000,3,1,420,1,1,1,4319.3,18682,494.577,46.3952,0.50112,401.2,11554.5,123.426,23.2065,0.285638,99.9336,80.59,23.1887,0.0718272,57.3295,204.016,0,0,0
1000,3,1,421,1,1,2,10351.6,24669.7,556.745,69.5741,0.663149,440.844,16835.9,83.8065,23.1957,0.267264,60.3435,295.229,46.3784,0.25223,248.599,379.036,1,0,0
1000,3,1,422,1,1,1,4333.64,24696.7,698.148,52.1883,1.08743,599.143,14047.8,290.708,28.9996,0.871949,260.779,123.039,23.1887,0.0718272,99.7784,413.747,0,0,0
1000,3,1,423,1,0,0,-1,-1,1290.88,23.1957,0.302342,1222.58,277053,-1,-1,-1,-1,-1,-1,-1,-1,-1,0,0,0
1000,3,1,424,1,1,1,4315.98,18638.2,441.452,46.3844,0.482746,347.949,12455.4,127.237,23.1957,0.267264,103.774,74.2624,23.1887,0.0718272,51.0018,201.5,0,0,0
1000,3,1,425,1,1,2,10324.9,30679.3,804.96,75.3781,0.733306,684.066,18531.4,279.984,28.9996,0.481075,250.416,244.892,46.3784,0.108576,198.405,524.876,1,0,0
1000,3,1,426,1,1,1,4328.39,18660,457.426,46.3844,0.482746,363.97,12193.2,122.545,23.1957,0.267264,99.0817,74.7623,23.1887,0.0718272,51.5018,197.307,0,0,0
1000,3,1,427,1,1,1,4321.67,18649.2,385.111,46.3844,0.552902,291.374,13467.9,80.8193,23.1957,0.337421,57.2862,117.592,23.1887,0.0718272,94.3315,198.411,0,0,0
1000,3,1,428,1,1,1,4315.34,24693.9,526.399,52.1883,0.731635,427.25,17099.8,280.518,28.9996,0.516154,250.912,76.1159,23.1887,0.0718272,52.8554,356.634,0,0,0
1000,3,1,429,1,1,1,4327.02,18641.2,475.306,46.3844,0.517824,381.867,11856.2,75.5639,23.1957,0.267264,52.101,134.89,23.1887,0.106906,111.594,210.454,0,0,0
1000,3,1,430,1,1,1,4319.24,18666.7,388.323,46.3952,0.519494,294.619,13428.4,127.86,23.2065,0.285638,104.368,79.632,23.1887,0.0902016,56.3531,207.492,0,0,0
1000,3,1,431,1,1,1,4344.37,18665.4,387.869,46.3844,0.517824,294.175,13435.2,127.261,23.1957,0.267264,103.798,79.7606,23.1887,0.106906,56.465,207.021,0,0,0
1000,3,1,432,1,1,1,4320.26,18654.6,477.646,46.3844,0.482746,384.249,11828.2,120.294,23.1957,0.267264,96.8311,73.3672,23.1887,0.0718272,50.1067,193.661,0,0,0
1000,3,1,433,1,1,1,4327.75,18644.7,374.737,46.3844,0.50112,281.022,13648.1,82.7651,23.1957,0.267264,59.3021,114.757,23.1887,0.0902016,91.4781,197.522,0,0,0
1000,3,1,434,1,1,1,4343.53,18667.2,513.542,46.3844,0.482746,420.249,11202.6,94.5234,23.1957,0.267264,71.0604,126.401,23.1887,0.0718272,103.141,220.925,0,0,0
1000,3,1,435,1,1,1,4352.65,18746.2,541.059,46.3844,0.517824,447.811,10792,128.663,23.1957,0.267264,105.2,129.273,23.1887,0.106906,105.978,257.936,0,0,0
1000,3,1,436,1,1,1,4332.2,18657,405.948,46.3844,0.482746,312.342,13105.6,80.0777,23.1957,0.267264,56.6148,129.785,23.1887,0.0718272,106.525,209.863,0,0,0
1000,3,1,437,1,1,1,4317.58,18693.9,326.669,46.3844,0.517824,232.798,14552,102.409,23.1957,0.302342,78.9113,56.384,23.1887,0.0718272,33.1235,158.793,0,0,0
1000,3,1,438,1,1,1,4324.34,18678.9,538.889,46.3844,0.6264,445.526,10763.1,129.051,23.1957,0.267264,105.588,128.612,23.1887,0.0718272,105.352,257.663,0,0,0
1000,3,1,439,1,1,1,4349.11,18683.4,407.278,46.3844,0.482746,313.676,13108.3,79.1519,23.1957,0.267264,55.6889,130.704,23.1887,0.0718272,107.443,209.856,0,0,0
1000,3,1,440,1,1,1,4325.43,18662,553.321,46.3844,0.6264,460,10489.6,130.067,23.1957,0.267264,106.604,124.959,23.1887,0.0718272,101.699,255.026,0,0,0
1000,3,1,441,1,1,1,4331.9,18652.6,461.791,46.3844,0.517824,368.313,12107.9,120.539,23.1957,0.302342,97.0405,73.4917,23.1887,0.0718272,50.2312,194.03,0,0,0
1000,3,1,442,1,1,1,4315.66,18632.7,344.93,46.3844,0.482746,251.147,14166.3,114.997,23.1957,0.267264,91.534,63.3794,23.1887,0.0718272,40.1189,178.376,0,0,0
1000,3,1,443,1,0,0,-1,-1,974.45,23.2065,0.285638,905.235,262590,-1,-1,-1,-1,-1,-1,-1,-1,-1,0,0,0
1000,3,1,444,1,1,1,4346.22,18685.2,422.009,46.3844,1.10915,327.824,12846.5,78.0948,23.1957,0.462701,54.4364,134.178,23.1887,0.0718272,110.918,212.273,0,0,0
1000,3,1,445,1,1,1,4329.1,18648,547.178,46.3844,0.770054,453.696,10584.5,137.386,23.1957,0.267264,113.923,125.683,23.1887,0.0718272,102.422,263.068,0,0,0
1000,3,1,446,1,1,1,4318.54,18668.8,433.325,46.3844,0.678182,339.604,12630.1,133.074,23.1957,0.462701,109.416,74.6107,23.1887,0.0718272,51.3502,207.685,0,0,0
1000,3,1,447,1,1,1,4321.19,18662.1,435.514,46.3844,0.6264,341.851,12584.5,131.215,23.1957,0.267264,107.752,74.5168,23.1887,0.0718272,51.2563,205.732,0,0,0
1000,3,1,448,1,1,1,4325.46,18658.5,541.492,46.3844,0.517824,448.246,10696.6,132.465,23.1957,0.302342,108.967,120.866,23.1887,0.0718272,97.6054,253.331,0,0,0
1000,3,1,449,1,1,1,4329.26,18659.3,554.466,46.3844,0.6264,461.148,10466.5,135.225,23.1957,0.267264,111.762,126.318,23.1887,0.0718272,103.058,261.543,0,0,0
1000,3,1,450,1,1,1,4340.5,18752.5,539.524,46.3844,0.713261,446.076,10825.2,126.316,23.1957,0.497779,102.623,127.914,23.1887,0.0718272,104.653,254.23,0,0,0
1000,3,1,451,1,1,1,4327.21,18640.1,411.332,46.3844,0.6264,317.598,12992.6,79.0634,23.1957,0.267264,55.6005,134.487,23.1887,0.0718272,111.226,213.55,0,0,0
1000,3,1,452,1,1,1,4338.76,18653.6,1160.56,46.3844,0.482746,1069.15,267764,98.7664,23.1957,0.267264,75.3035,127.273,23.1887,0.0718272,104.012,226.039,0,0,0
1000,3,1,453,1,1,1,4322.11,18644.5,487.677,46.3844,0.482746,394.309,11639.8,76.5891,23.1957,0.267264,53.1261,128.125,23.1887,0.0718272,104.864,204.714,0,0,0
1000,3,1,454,1,1,1,4324.55,30654.4,752.622,57.9922,0.980525,648.237,19136.7,421.262,34.8035,0.765043,385.197,76.6447,23.1887,0.0718272,53.3842,497.907,0,0,0
1000,3,1,455,1,1,1,4338.76,18676.5,487.355,46.3844,0.770054,393.699,11676.7,121.794,23.1957,0.267264,98.3309,76.4083,23.1887,0.0718272,53.1478,198.202,0,0,0
1000,3,1,456,1,1,1,4321.16,18635.6,381.228,46.3844,0.517824,287.515,13523.6,82.8589,23.1957,0.267264,59.396,116.461,23.1887,0.106906,93.1656,199.32,0,0,0
1000,3,1,457,1,1,1,4337.03,18653.3,367.195,46.3844,0.6264,273.333,13790.6,78.5473,23.1957,0.267264,55.0843,111.45,23.1887,0.0718272,88.1897,189.998,0,0,0
1000,3,1,458,1,1,1,4317.26,18676.1,546.574,46.3844,0.517824,453.342,10623.9,138.702,23.1957,0.302342,115.204,124.687,23.1887,0.0718272,101.426,263.389,0,0,0
1000,3,1,459,1,0,0,-1,-1,821.019,23.1957,0.302342,751.353,259336,-1,-1,-1,-1,-1,-1,-1,-1,-1,0,0,0
1000,3,1,460,1,1,1,4330.3,18701.5,482.848,46.3844,0.873619,389.075,11781.7,121.905,23.1957,0.658138,98.0512,72.9124,23.1887,0.0718272,49.6519,194.817,0,0,0
1000,3,1,461,1,1,1,4335.09,24659.7,702.54,57.9922,1.0891,597.901,14032.4,294.138,34.8035,0.729965,258.604,127.986,23.1887,0.0718272,104.725,422.124,0,0,0
1000,3,1,462,1,1,1,4316.62,18631.4,446.885,46.3844,0.482746,353.398,12352.1,76.5295,23.1957,0.267264,53.0665,139.457,23.1887,0.0718272,116.197,215.987,0,0,0
1000,3,1,463,1,1,1,4337.41,18677.5,526.122,46.3844,0.856915,432.491,10988,128.277,23.1957,0.462701,104.619,114.526,23.1887,0.106906,91.2308,242.804,0,0,0
1000,3,1,464,1,1,1,4316.3,18648,488.249,46.3844,0.482746,394.883,11633,122.315,23.1957,0.267264,98.8525,75.8668,23.1887,0.0718272,52.6063,198.182,0,0,0
1000,3,1,465,1,1,1,4327.08,18647.3,398.506,46.3844,0.6264,304.735,13227.9,128.118,23.1957,0.267264,104.655,74.885,23.1887,0.0718272,51.6245,203.003,0,0,0
1000,3,1,466,1,1,1,4319.5,18696.1,541.984,46.3844,0.696557,448.56,10725,135.453,23.1957,0.462701,111.795,119.951,23.1887,0.0902016,96.6723,255.404,0,0,0
1000,3,1,467,1,1,1,4316.62,18660.2,533.901,46.3844,0.482746,440.667,10833.5,122.942,23.1957,0.267264,99.4788,127.332,23.1887,0.0718272,104.072,250.274,0,0,0
1000,3,1,468,1,1,1,4322.95,18683,537.547,46.3844,0.482746,444.324,10791.5,126.088,23.1957,0.267264,102.625,125.271,23.1887,0.0718272,102.011,251.359,0,0,0
1000,3,1,469,1,1,1,4337.9,18723.6,541.288,46.3844,0.552902,448.006,10765,127.838,23.1957,0.337421,104.305,126.793,23.1887,0.0718272,103.532,254.631,0,0,0
1000,3,1,470,1,1,1,4321.35,18673.3,333.922,46.3844,0.713261,239.876,14402,108.411,23.1957,0.497779,84.7173,60.0261,23.1887,0.0718272,36.7656,168.437,0,0,0
1000,3,1,471,1,1,1,4340.71,18666.3,489.281,46.3952,0.679853,395.71,11632.4,121.872,23.2065,0.285638,98.3796,75.7972,23.1887,0.106906,52.5016,197.669,0,0,0
1000,3,1,472,0,0,0,-1,-1,620.568,23.206,0.71159,549.899,254548,-1,-1,-1,-1,-1,-1,-1,-1,-1,0,0,0
1000,3,1,473,1,1,2,10322.6,24657.5,674.687,69.5741,0.663149,559.129,14726.4,128.112,23.1957,0.267264,104.65,266.751,46.3784,0.25223,220.121,394.864,1,0,0
1000,3,1,474,1,1,1,4359.27,18679.8,406.957,46.3844,0.913709,312.923,13109.3,80.2348,23.1957,0.267264,56.7718,129.536,23.1887,0.0718272,106.276,209.771,0,0,0
1000,3,1,475,1,1,1,4345.78,18693,536.234,46.3844,0.6264,442.864,10824.4,126.744,23.1957,0.267264,103.281,128.278,23.1887,0.0718272,105.018,255.023,0,0,0
1000,3,1,476,1,1,1,4362.09,30694.2,803.378,57.9922,0.945446,699.176,18274.2,429.288,34.8035,0.729965,393.28,87.7514,23.1887,0.0718272,64.4909,517.039,0,0,0
1000,3,1,477,1,1,1,4331.88,18648,442.974,46.3844,0.482746,349.476,12438.2,77.7459,23.1957,0.267264,54.283,139.015,23.1887,0.0718272,115.754,216.761,0,0,0
1000,3,1,478,1,1,1,4334.36,24739.8,655.935,52.1883,0.891994,557.003,14842,278.219,28.9996,0.676512,248.442,95.9254,23.1887,0.0718272,72.6649,374.144,0,0,0
1000,3,1,479,1,1,1,4360.04,18677.7,458.089,46.3844,0.517824,364.6,12198.8,77.2767,23.1957,0.267264,53.8137,138.673,23.1887,0.106906,115.377,215.95,0,0,0
1000,3,1,480,1,1,2,10328.1,30684.7,851.804,75.3781,1.00391,730.776,17702.9,275.455,28.9996,0.320717,246.034,295.074,46.3784,0.25223,248.443,570.529,1,0,0
1000,3,1,481,0,0,0,-1,-1,933.181,23.206,0.355795,863.777,261792,-1,-1,-1,-1,-1,-1,-1,-1,-1,0,0,0
1000,3,1,482,1,1,1,4345.83,18667.7,537.702,46.3844,0.770054,444.192,10772.7,124.088,23.1957,0.267264,100.625,127.076,23.1887,0.0718272,103.816,251.164,0,0,0
1000,3,1,483,1,1,1,4316.94,18693.8,358.19,46.3844,0.678182,264.25,13991.1,124.745,23.1957,0.462701,101.087,69.4038,23.1887,0.0718272,46.1433,194.149,0,0,0
1000,3,1,484,1,1,1,4319.3,18631.2,368.405,46.3844,0.482746,274.691,13747.4,79.2421,23.1957,0.267264,55.7791,111.869,23.1887,0.0718272,88.6085,191.111,0,0,0
1000,3,1,485,1,1,1,4353.19,18757.6,397.535,46.3844,0.821837,303.566,13354.9,127.202,23.1957,0.462701,103.543,75.8795,23.1887,0.0718272,52.6189,203.081,0,0,0
1000,3,1,486,1,1,1,4324.73,18724.9,399.338,46.3844,0.482746,305.713,13291.1,129.349,23.1957,0.267264,105.886,75.708,23.1887,0.0718272,52.4475,205.057,0,0,0
1000,3,1,487,1,1,1,4329.79,18680.4,357.234,46.3844,0.678182,263.291,13994.8,124.005,23.1957,0.462701,100.347,69.5211,23.1887,0.0718272,46.2606,193.526,0,0,0
1000,3,1,488,1,1,1,4322.78,18638.2,506.858,46.3844,0.517824,413.51,11292.2,92.4551,23.1957,0.267264,68.9921,125.489,23.1887,0.106906,102.193,217.944,0,0,0
1000,3,1,489,1,1,1,4320.26,18640.4,446.323,46.3844,0.482746,352.835,12371,127.419,23.1957,0.267264,103.956,74.7551,23.1887,0.0718272,51.4946,202.175,0,0,0
1000,3,1,490,1,1,1,4333.44,18656.7,434.735,46.3844,0.517824,341.178,12593.2,74.6633,23.1957,0.267264,51.2004,138.391,23.1887,0.106906,115.096,213.055,0,0,0
1000,3,1,491,1,1,1,4321.64,18636.2,443.811,46.3844,0.482746,350.315,12411.5,77.4139,23.1957,0.267264,53.9509,137.392,23.1887,0.0718272,114.132,214.806,0,0,0
1000,3,1,492,1,1,1,4328.74,18668.2,544.923,46.3844,0.482746,451.722,10645.5,122.24,23.1957,0.267264,98.7767,126.062,23.1887,0.0718272,102.801,248.302,0,0,0
1000,3,1,493,1,1,1,4350.73,18703.2,539.763,46.3844,0.517824,446.511,10772.1,126.191,23.1957,0.302342,102.693,132.285,23.1887,0.0718272,109.024,258.476,0,0,0
1000,3,1,494,1,1,1,4346.43,18668.1,538.542,46.3844,0.482746,445.322,10758.9,124.292,23.1957,0.267264,100.829,127.112,23.1887,0.0718272,103.852,251.404,0,0,0
1000,3,1,495,1,1,1,4317.38,18634.1,418.086,46.3844,0.482746,324.516,12866.9,131.054,23.1957,0.267264,107.591,74.9139,23.1887,0.0718272,51.6534,205.968,0,0,0
1000,3,1,496,1,1,1,4320.84,18635.3,458.485,46.3844,0.482746,365.032,12149.7,77.0872,23.1957,0.267264,53.6242,138.192,23.1887,0.0718272,114.931,215.279,0,0,0
1000,3,1,497,1,1,1,4343.6,18685.9,388.567,46.3844,0.713261,294.681,13442.9,127.937,23.1957,0.497779,104.243,79.8229,23.1887,0.0718272,56.5624,207.76,0,0,0
1000,3,1,498,1,1,1,4326.04,18700.7,538.123,46.3844,0.482746,444.901,10799,131.197,23.1957,0.267264,107.734,123.214,23.1887,0.0718272,99.9534,254.411,0,0,0
1000,3,1,499,1,1,1,4346.33,18670.6,392.265,46.3844,0.6264,298.476,13362.1,82.1063,23.1957,0.267264,58.6434,123.412,23.1887,0.0718272,100.152,205.519,0,0,0
1000,3,1,500,1,1,1,4330.09,18695.5,390.801,46.3844,0.482746,297.151,13413.5,128.632,23.1957,0.267264,105.169,79.9872,23.1887,0.0718272,56.7267,208.619,0,0,0
1000,3,1,501,1,1,1,4330.73,18644.6,360.668,46.3844,0.6264,266.787,13897.9,75.6993,23.1957,0.267264,52.2363,108.967,23.1887,0.0718272,85.7063,184.666,0,0,0
1000,3,1,502,1,1,1,4320.26,18674.9,538.934,46.3844,0.482746,445.715,10758.7,128.098,23.1957,0.267264,104.635,128.932,23.1887,0.0718272,105.671,257.03,0,0,0
1000,3,1,503,0,0,0,-1,-1,1267.53,29.0099,1.22607,1192.58,275628,-1,-1,-1,-1,-1,-1,-1,-1,-1,0,0,0
1000,3,1,504,1,1,1,4342.63,18692.9,540.508,46.3844,0.517824,447.258,10748.5,115.951,23.1957,0.302342,92.4527,126.537,23.1887,0.0718272,103.276,242.487,0,0,0
1000,3,1,505,1,1,1,4336.11,18664.4,539.055,46.3844,0.770054,445.549,10745.3,125.909,23.1957,0.267264,102.446,126.867,23.1887,0.0718272,103.606,252.776,0,0,0
1000,3,1,506,1,1,1,4317.16,18645.2,540.766,46.3844,0.482746,447.552,10696.4,116.13,23.1957,0.267264,92.6675,126.818,23.1887,0.0718272,103.558,242.949,0,0,0
1000,3,1,507,1,1,1,4330.8,18646.6,542.409,46.3844,0.482746,449.2,10668.6,121.052,23.1957,0.267264,97.5891,124.318,23.1887,0.0718272,101.058,245.371,0,0,0
1000,3,1,508,1,1,1,4315.98,18644.7,412.822,46.3844,0.482746,319.237,12971,129.522,23.1957,0.267264,106.059,75.2947,23.1887,0.0718272,52.0342,204.817,0,0,0
1000,3,1,509,1,1,1,4316.3,18680.1,336.037,46.3844,0.482746,242.228,14371.9,109.676,23.1957,0.267264,86.2135,60.8491,23.1887,0.0718272,37.5886,170.526,0,0,0
1000,3,1,510,1,1,1,4319.74,18648.8,384.161,46.3844,0.517824,290.457,13484.6,126.433,23.1957,0.302342,102.935,79.3068,23.1887,0.0718272,56.0463,205.74,0,0,0
1000,3,1,511,1,0,0,-1,-1,1115.01,23.1957,0.267264,1046.23,266577,-1,-1,-1,-1,-1,-1,-1,-1,-1,0,0,0
1000,3,1,512,1,1,1,4345.63,24677.2,693.775,52.1883,0.731635,595.113,14106.8,283.89,28.9996,0.516154,254.302,128.498,23.1887,0.0718272,105.238,412.388,0,0,0
1000,3,1,513,1,1,1,4345.04,18748,549.733,46.3844,0.6264,456.401,10639.4,142,23.1957,0.267264,118.537,122.521,23.1887,0.0718272,99.2604,264.521,0,0,0
1000,3,1,514,1,1,1,4316.3,18662.3,535.107,46.3844,0.482746,441.876,10814.2,124.615,23.1957,0.267264,101.152,128.363,23.1887,0.0718272,105.103,252.978,0,0,0
1000,3,1,515,1,1,1,4365.21,18745.3,507.141,46.3844,0.482746,413.83,11394.4,128.95,23.1957,0.267264,105.487,95.8315,23.1887,0.0718272,72.571,224.781,0,0,0
1000,3,1,516,1,0,0,-1,-1,688.21,23.1957,0.407578,618.052,256228,-1,-1,-1,-1,-1,-1,-1,-1,-1,0,0,0
1000,3,1,517,1,1,2,4364.14,18680.5,479.464,69.5741,1.12919,362.873,12211.4,78.1249,23.1957,0.267264,54.662,162.611,46.3784,0.718272,115.514,240.736,1,0,0
1000,3,1,518,1,1,1,4321.86,18675.9,343.028,46.3844,0.587981,249.135,14242.6,114.478,23.1957,0.372499,90.9096,62.9679,23.1887,0.0718272,39.7074,177.446,0,0,0
1000,3,1,519,1,1,1,4352.08,18700,539.576,46.3844,0.713261,446.129,10771.7,125.299,23.1957,0.462701,101.641,132.571,23.1887,0.106906,109.275,257.87,0,0,0
1000,3,1,520,1,1,1,4315.66,18630.5,446.658,46.3844,0.482746,353.17,12355.1,128.708,23.1957,0.267264,105.245,74.2587,23.1887,0.0718272,50.9982,202.967,0,0,0
1000,3,1,521,1,1,1,4316.42,18639.3,496.817,46.3844,0.482746,403.476,11472.1,84.5464,23.1957,0.267264,61.0835,122.039,23.1887,0.0718272,98.7785,206.585,0,0,0
1000,3,1,522,1,1,1,4402.67,24766.6,695.966,52.1883,0.696557,597.345,14157.4,284.654,28.9996,0.481075,255.098,129.202,23.1887,0.0718272,105.942,413.856,0,0,0
1000,3,1,523,1,1,1,4347.26,18711.4,543.84,46.3844,0.482746,450.635,10708,134.117,23.1957,0.267264,110.654,123.712,23.1887,0.0718272,100.452,257.829,0,0,0
1000,3,1,524,1,1,1,4322.15,18684.7,552.694,46.3844,0.661478,459.336,10523.2,128.514,23.1957,0.302342,105.016,125.611,23.1887,0.0718272,102.35,254.125,0,0,0
1000,3,1,525,1,1,1,4369.35,18695.7,535.859,46.3844,0.482746,442.631,10834.2,125.216,23.1957,0.267264,101.753,127.094,23.1887,0.0718272,103.834,252.31,0,0,0
1000,3,1,526,1,1,1,4331.53,18651,525.005,46.3844,0.552902,431.676,10982,99.8962,23.1957,0.267264,76.4333,128.384,23.1887,0.141984,105.054,228.281,0,0,0
1000,3,1,527,1,1,1,4317.7,18637.3,452.859,46.3844,0.482746,359.39,12251.7,78.4534,23.1957,0.267264,54.9905,140.65,23.1887,0.0718272,117.39,219.104,0,0,0
1000,3,1,528,1,1,1,4333.26,18710.8,543.597,46.3844,0.482746,450.391,10711.7,135.126,23.1957,0.267264,111.663,120.104,23.1887,0.0718272,96.8438,255.23,0,0,0
1000,3,1,529,1,1,1,4320.14,18672.1,538.506,46.3844,0.482746,445.286,10763.6,126.501,23.1957,0.267264,103.038,130.182,23.1887,0.0718272,106.922,256.683,0,0,0
1000,3,1,530,1,1,1,4317.26,18644.6,350.284,46.3844,0.482746,256.516,14083,118.74,23.1957,0.267264,95.2772,66.4295,23.1887,0.0718272,43.169,185.17,0,0,0
1000,3,1,531,1,1,1,4324.07,18639.8,553.779,46.3844,0.482746,460.603,10459.7,131.394,23.1957,0.267264,107.931,126.833,23.1887,0.0718272,103.572,258.226,0,0,0
1000,3,1,532,1,1,1,4323.72,18650.7,555.561,46.3844,0.696557,462.177,10438,133.797,23.1957,0.302342,110.299,128.111,23.1887,0.106906,104.816,261.908,0,0,0
1000,3,1,533,1,1,1,4340.3,18676.3,359.501,46.3844,0.554573,265.688,13950.2,123.989,23.1957,0.267264,100.526,71.5133,23.1887,0.143654,48.1809,195.502,0,0,0
1000,3,1,534,1,1,1,4329.83,18644.3,426.94,46.3844,0.482746,333.395,12719.6,76.8291,23.1957,0.267264,53.3661,135.36,23.1887,0.0718272,112.1,212.189,0,0,0
1000,3,1,535,1,1,1,4320.92,18669.2,542.526,46.3844,0.482746,449.318,10689.2,134.626,23.1957,0.267264,111.163,121.981,23.1887,0.0718272,98.7208,256.607,0,0,0
1000,3,1,536,1,1,1,4321.85,18641,554.276,46.3844,0.482746,461.101,10452,134.938,23.1957,0.267264,111.475,126.376,23.1887,0.0718272,103.115,261.314,0,0,0
1000,3,1,537,1,0,0,-1,-1,686.766,23.1957,0.302342,616.709,256168,-1,-1,-1,-1,-1,-1,-1,-1,-1,0,0,0
1000,3,1,538,1,1,1,4392.18,18754.1,539.464,46.3844,0.517824,446.212,10828.2,125.808,23.1957,0.267264,102.345,130.643,23.1887,0.106906,107.348,256.451,0,0,0
1000,3,1,539,1,1,1,4319.21,18631.4,506.65,46.3844,0.482746,413.337,11289.3,92.3738,23.1957,0.267264,68.9109,125.562,23.1887,0.0718272,102.301,217.936,0,0,0
1000,3,1,540,1,1,1,4348.91,18669.1,453.827,46.3844,0.552902,360.29,12265.8,124.44,23.1957,0.267264,100.977,75.1393,23.1887,0.141984,51.8086,199.579,0,0,0
1000,3,1,541,1,1,1,4334.66,18654.3,395.248,46.3844,0.770054,301.324,13292.3,76.8165,23.1957,0.267264,53.3535,124.746,23.1887,0.0718272,101.486,201.563,0,0,0
1000,3,1,542,1,0,0,-1,-1,1201.99,23.1957,0.302342,1133.43,271884,-1,-1,-1,-1,-1,-1,-1,-1,-1,0,0,0
1000,3,1,543,1,0,0,-1,-1,1128.37,23.1957,0.372499,1059.53,267071,-1,-1,-1,-1,-1,-1,-1,-1,-1,0,0,0
1000,3,1,544,1,1,1,4384,18710.6,547.175,46.3844,0.517824,453.945,10647.6,138.191,23.1957,0.302342,114.693,122.837,23.1887,0.0718272,99.5762,261.028,0,0,0
1000,3,1,545,1,1,1,4355.31,18699.9,346.982,46.3844,0.748339,252.939,14196.1,117.055,23.1957,0.532858,93.3262,64.9622,23.1887,0.0718272,41.7017,182.017,0,0,0
1000,3,1,546,1,1,1,4323.65,18652.7,391.362,46.3844,0.6264,297.57,13360.3,79.3594,23.1957,0.267264,55.8965,121.256,23.1887,0.0718272,97.9952,200.615,0,0,0
1000,3,1,547,1,1,1,4326.41,18723.2,357.999,46.3844,0.517824,264.219,14024.1,124.728,23.1957,0.267264,101.266,68.9859,23.1887,0.106906,45.6903,193.714,0,0,0
1000,3,1,548,1,1,1,4317.58,18632.4,374.394,46.3844,0.482746,280.697,13642.1,81.9024,23.1957,0.267264,58.4394,114.033,23.1887,0.0718272,90.7724,195.935,0,0,0
1000,3,1,549,1,1,1,4319.18,18641.5,296.95,46.3844,0.482746,203.027,15028.3,82.9835,23.1957,0.267264,59.5205,42.7036,23.1887,0.0718272,19.4431,125.687,0,0,0
1000,3,1,550,1,1,1,4318.02,18642.5,395.896,46.3844,0.482746,302.261,13269.8,126.403,23.1957,0.267264,102.94,76.2909,23.1887,0.0718272,53.0304,202.694,0,0,0
1000,3,1,551,1,1,1,4327.85,18665.4,413.317,46.3844,0.6264,319.589,12982.5,129.791,23.1957,0.267264,106.328,75.116,23.1887,0.0718272,51.8555,204.907,0,0,0
1000,3,1,552,1,0,0,-1,-1,1142,23.1957,0.302342,1073.26,267937,-1,-1,-1,-1,-1,-1,-1,-1,-1,0,0,0
1000,3,1,553,1,1,1,4332.65,18660.8,536.526,46.3844,0.6264,443.156,10787,125.616,23.1957,0.267264,102.153,127.827,23.1887,0.0718272,104.567,253.443,0,0,0
1000,3,1,554,1,1,1,4343.62,18659.1,504.46,46.3844,0.661478,410.962,11355.3,89.9356,23.1957,0.267264,66.4726,127.131,23.1887,0.106906,103.836,217.067,0,0,0
1000,3,1,555,1,0,0,-1,-1,1153.29,23.1957,0.267264,1084.62,268878,-1,-1,-1,-1,-1,-1,-1,-1,-1,0,0,0
1000,3,1,556,1,1,1,4315.02,18705.2,429.07,46.3844,0.517824,335.496,12742.4,132.003,23.1957,0.302342,108.505,74.3995,23.1887,0.0718272,51.139,206.402,0,0,0
1000,3,1,557,1,1,1,4315.66,18642.1,515.884,46.3844,0.482746,422.598,11135.9,128.425,23.1957,0.267264,104.962,104.825,23.1887,0.0718272,81.5643,233.25,0,0,0
1000,3,1,558,1,1,1,4334.98,18650.4,471.876,46.3844,0.517824,378.427,11926.4,76.9897,23.1957,0.267264,53.5268,133.28,23.1887,0.106906,109.985,210.27,0,0,0
1000,3,1,559,1,1,1,4386.42,18716.2,539.048,46.3844,0.482746,445.829,10798,127.219,23.1957,0.267264,103.756,129.045,23.1887,0.0718272,105.785,256.264,0,0,0
1000,3,1,560,1,1,1,4336.65,18691.3,511.885,46.3844,0.679853,418.391,11255.2,128.88,23.1957,0.302342,105.382,99.6093,23.1887,0.0902016,76.3304,228.49,0,0,0
1000,3,1,561,1,1,2,4340.54,18670,568.505,69.5741,0.928742,452.373,10610.2,138.346,23.1957,0.462701,114.688,148.564,46.3784,0.322387,101.863,286.91,1,0,0
1000,3,1,562,1,1,1,4375.01,18690.1,536.512,46.3844,0.50112,443.268,10816.8,105.731,23.1957,0.267264,82.2682,126.696,23.1887,0.0902016,103.417,232.427,0,0,0
1000,3,1,563,1,1,1,4323.88,24640.8,561.149,52.1883,0.679853,462.153,16428.8,274.061,28.9996,0.320717,244.642,76.9064,23.1887,0.0718272,53.6459,350.968,0,0,0
1000,3,1,564,1,1,1,4348.69,18730.2,544.777,46.3844,0.552902,451.505,10709.7,135.366,23.1957,0.337421,111.833,120.413,23.1887,0.0718272,97.1524,255.779,0,0,0
1000,3,1,565,1,1,1,4329.35,18645.8,360.073,46.3844,0.482746,266.334,13910.1,75.6433,23.1957,0.267264,52.1804,108.561,23.1887,0.0718272,85.3003,184.204,0,0,0
1000,3,1,566,1,1,1,4352.54,24672.7,577.354,52.1883,0.571277,478.514,16172.7,164.913,28.9996,0.355795,135.142,126.327,23.1887,0.0718272,103.067,291.241,0,0,0
1000,3,1,567,1,1,1,4328.71,18649.9,446.267,46.3844,0.552902,352.708,12381.1,76.6584,23.1957,0.302342,53.1604,139.295,23.1887,0.106906,116,215.954,0,0,0
1000,3,1,568,1,1,1,4323.53,18773.5,404.522,46.3844,0.517824,310.877,13247.2,133.576,23.1957,0.302342,110.078,76.0653,23.1887,0.0718272,52.8048,209.642,0,0,0
1000,3,1,569,1,1,1,4329.16,18702.4,543.353,46.3844,0.678182,449.951,10707.2,134.8,23.1957,0.462701,111.141,120.763,23.1887,0.0718272,97.5025,255.563,0,0,0
1000,3,1,570,1,1,1,4318.22,18654.2,432.418,46.3844,0.482746,338.889,12632.1,132.41,23.1957,0.267264,108.947,74.8868,23.1887,0.0718272,51.6263,207.297,0,0,0
1000,3,1,571,1,1,1,4322.95,18645.4,453.601,46.3844,0.482746,360.133,12246.7,124.595,23.1957,0.267264,101.132,75.0853,23.1887,0.0718272,51.8248,199.68,0,0,0
1000,3,1,572,1,1,1,4324.25,18654.2,305.646,46.3844,0.50112,211.73,14886.1,87.6597,23.1957,0.267264,64.1967,45.2325,23.1887,0.0902016,21.9536,132.892,0,0,0
1000,3,1,573,1,1,1,4359.12,18676.5,538.292,46.3844,0.482746,445.071,10771.7,130.02,23.1957,0.267264,106.557,124.923,23.1887,0.0718272,101.663,254.943,0,0,0
1000,3,1,574,1,1,1,4315.4,18698.6,547.525,46.3844,0.482746,454.331,10629.7,139.818,23.1957,0.267264,116.355,125.367,23.1887,0.0718272,102.107,265.185,0,0,0
1000,3,1,575,1,1,1,4340.87,18692.4,539.805,46.3844,0.482746,446.589,10760.7,126.198,23.1957,0.267264,102.735,132.186,23.1887,0.0718272,108.925,258.383,0,0,0
1000,3,1,576,1,1,1,4333.26,18650,465.433,46.3844,0.482746,372,12040.9,75.5531,23.1957,0.267264,52.0901,133.478,23.1887,0.0718272,110.217,209.031,0,0,0
1000,3,1,577,1,1,1,4319.07,18638.5,504.386,46.3844,0.482746,411.067,11336.7,126.194,23.1957,0.267264,102.731,92.1136,23.1887,0.0718272,68.8531,218.308,0,0,0
1000,3,1,578,1,1,1,4323.09,18644.9,449.752,46.3844,0.517824,356.239,12314.4,77.1612,23.1957,0.267264,53.6982,140.377,23.1887,0.106906,117.081,217.538,0,0,0
1000,3,1,579,1,1,1,4316.23,18657.4,541.935,46.3844,0.517824,448.69,10687.6,134.167,23.1957,0.302342,110.669,120.884,23.1887,0.0718272,97.6234,255.051,0,0,0
1000,3,1,580,1,1,1,4324.49,18663.4,440.14,46.3844,0.482746,346.633,12504,78.0527,23.1957,0.267264,54.5898,138.475,23.1887,0.0718272,115.215,216.528,0,0,0
1000,3,1,581,1,1,1,4329.51,18642.7,520.042,46.3844,0.482746,426.768,11062.5,97.9669,23.1957,0.267264,74.5039,126.342,23.1887,0.0718272,103.081,224.309,0,0,0
1000,3,1,582,1,1,1,4324.64,18660.3,392.172,46.3844,0.482746,298.527,13353.9,80.0001,23.1957,0.267264,56.5372,122.133,23.1887,0.0718272,98.8724,202.133,0,0,0
1000,3,1,583,1,1,1,4403.87,18795.1,541.899,46.3844,0.891994,448.28,10824.8,127.758,23.1957,0.497779,104.065,133.406,23.1887,0.106906,110.111,261.165,0,0,0
1000,3,1,584,1,1,1,4314.06,18631.7,460.741,46.3844,0.482746,367.295,12106,121.594,23.1957,0.267264,98.1306,73.8635,23.1887,0.0718272,50.603,195.457,0,0,0
1000,3,1,585,1,1,1,4330.28,18768.8,412.339,46.3844,0.517824,318.717,13103.5,131.04,23.1957,0.267264,107.577,75.2558,23.1887,0.106906,51.9602,206.296,0,0,0
1000,3,1,586,1,1,1,4325.9,18666,305.843,46.3844,0.482746,211.947,14894.6,87.6615,23.1957,0.267264,64.1985,45.1762,23.1887,0.0718272,21.9157,132.838,0,0,0
1000,3,1,587,1,1,1,4317.58,18639.8,388.661,46.3844,0.482746,295.005,13395.8,82.2128,23.1957,0.267264,58.7498,120.485,23.1887,0.0718272,97.2246,202.698,0,0,0
1000,3,1,588,1,1,1,4340.52,18661.1,532.081,46.3844,0.517824,438.806,10866.6,103.855,23.1957,0.302342,80.3569,128.569,23.1887,0.0718272,105.308,232.424,0,0,0
1000,3,1,589,1,0,0,-1,-1,462.511,28.9996,0.516154,385.944,250492,-1,-1,-1,-1,-1,-1,-1,-1,-1,0,0,0
1000,3,1,590,1,1,1,4323.18,18651.3,529.199,46.3844,0.482746,435.951,10908.2,126.947,23.1957,0.267264,103.484,118.112,23.1887,0.0718272,94.8513,245.058,0,0,0
1000,3,1,591,1,1,1,4316.94,18657.1,407.834,46.3844,0.482746,314.234,13072.2,129.08,23.1957,0.267264,105.617,75.5131,23.1887,0.0718272,52.2526,204.593,0,0,0
1000,3,1,592,1,1,1,4392.62,18740.7,540.275,46.3844,0.482746,447.06,10800.7,127.093,23.1957,0.267264,103.63,132.612,23.1887,0.0718272,109.351,259.704,0,0,0
1000,3,1,593,1,1,1,4343.3,18657.8,505.453,46.3844,0.482746,412.137,11337,90.6539,23.1957,0.267264,67.1909,127.36,23.1887,0.0718272,104.099,218.013,0,0,0
1000,3,1,594,1,1,1,4336.01,18654.2,431.444,46.3844,0.6264,337.768,12649.1,74.5641,23.1957,0.267264,51.1011,137.782,23.1887,0.0718272,114.522,212.346,0,0,0
1000,3,1,595,1,1,1,4318.22,18667.1,531.463,46.3844,0.678182,438.027,10883.3,126.51,23.1957,0.462701,102.852,121.698,23.1887,0.0718272,98.4374,248.208,0,0,0
1000,3,1,596,1,1,1,4316.62,18637.3,458.418,46.3844,0.482746,364.965,12152.9,77.0276,23.1957,0.267264,53.5647,137.943,23.1887,0.0718272,114.682,214.971,0,0,0
1000,3,1,597,1,1,1,4317.9,18644.7,472.1,46.3844,0.482746,378.687,11917,123.097,23.1957,0.267264,99.634,73.8202,23.1887,0.0718272,50.5597,196.917,0,0,0
1000,3,1,598,1,1,1,4328.33,24660.7,488.226,52.1883,0.536198,389.162,17745.8,261.276,28.9996,0.320717,231.818,61.4392,23.1887,0.0718272,38.1787,322.715,0,0,0
1000,3,1,599,1,1,1,4324.52,18697.2,494.805,46.3844,0.661478,401.279,11565.1,123.632,23.1957,0.302342,100.134,80.4185,23.1887,0.0718272,57.158,204.05,0,0,0
1000,3,1,600,1,1,1,4328.1,18652.6,376.054,46.3844,0.482746,282.361,13632.8,83.5393,23.1957,0.267264,60.0764,115.437,23.1887,0.0718272,92.1766,198.976,0,0,0
1000,3,1,601,1,1,1,4350.59,18706.2,536.46,46.3844,0.552902,443.163,10833.6,126.43,23.1957,0.337421,102.897,128.666,23.1887,0.0718272,105.406,255.096,0,0,0
1000,3,1,602,1,1,1,4332.69,18660.4,453.265,46.3844,0.678182,359.601,12267.1,77.4559,23.1957,0.462701,53.7975,141.276,23.1887,0.0718272,118.016,218.732,0,0,0
1000,3,1,603,1,1,1,4328.33,18669.9,541.456,46.3844,0.482746,448.244,10708.8,132.116,23.1957,0.267264,108.653,121.465,23.1887,0.0718272,98.2046,253.581,0,0,0
1000,3,1,604,1,1,1,4317.26,18632.7,416.454,46.3844,0.482746,322.879,12894.5,76.8706,23.1957,0.267264,53.4076,135.369,23.1887,0.0718272,112.109,212.24,0,0,0
1000,3,1,605,1,1,1,4330.24,18656.3,488.42,46.3844,0.482746,395.054,11638.4,77.9192,23.1957,0.267264,54.4562,127.751,23.1887,0.0718272,104.491,205.67,0,0,0
1000,3,1,606,1,0,0,-1,-1,1152.67,23.1957,0.267264,1084.01,268839,-1,-1,-1,-1,-1,-1,-1,-1,-1,0,0,0
1000,3,1,607,1,1,1,4326.49,30759.1,733.122,57.9922,1.15592,628.505,19586.9,424.063,34.8035,0.940435,387.814,73.526,23.1887,0.0718272,50.2655,497.589,0,0,0
1000,3,1,608,1,1,1,4329.04,18689.1,549.533,46.3844,0.517824,456.309,10584.2,125.827,23.1957,0.302342,102.329,125.423,23.1887,0.0718272,102.163,251.25,0,0,0
1000,3,1,609,1,1,1,4339.43,18658,538.884,46.3844,0.661478,445.486,10742.1,125.926,23.1957,0.302342,102.428,130.614,23.1887,0.0718272,107.353,256.539,0,0,0
1000,3,1,610,1,1,1,4320.2,18637.3,513.355,46.3844,0.482746,420.062,11176,94.2129,23.1957,0.267264,70.75,125.118,23.1887,0.0718272,101.857,219.331,0,0,0
1000,3,1,611,1,1,1,4337.42,18665.9,535.943,46.3844,0.482746,442.716,10802.9,129.011,23.1957,0.267264,105.548,122.566,23.1887,0.0718272,99.3055,251.577,0,0,0
1000,3,1,612,1,1,1,4316.23,18642.9,428.095,46.3844,0.482746,334.554,12697.7,130.619,23.1957,0.267264,107.156,74.1468,23.1887,0.0718272,50.8863,204.766,0,0,0
1000,3,1,613,1,1,1,4326.09,18654.5,390.222,46.3844,0.482746,296.57,13382.7,82.8517,23.1957,0.267264,59.3887,122.167,23.1887,0.0718272,98.9066,205.019,0,0,0
1000,3,1,614,1,1,1,4340.97,18667.2,524.95,46.3844,0.661478,431.511,10999,100.883,23.1957,0.267264,77.4205,127.572,23.1887,0.106906,104.276,228.455,0,0,0
1000,3,1,615,1,1,2,4370.54,18698.9,424.36,69.5741,1.05569,307.682,13205.6,78.6048,23.1957,0.337421,55.0717,151.499,46.3784,0.430963,104.689,230.103,1,0,0
1000,3,1,616,1,1,1,4412.41,18801,542.253,46.3844,0.482746,449.043,10825.8,128.728,23.1957,0.267264,105.265,132.178,23.1887,0.0718272,108.918,260.906,0,0,0
1000,3,1,617,1,0,0,-1,-1,594.733,23.1957,0.302342,524.408,253988,-1,-1,-1,-1,-1,-1,-1,-1,-1,0,0,0
1000,3,1,618,1,1,1,4319.18,24741.2,547.111,52.1883,0.696557,448.058,16779,276.999,28.9996,0.481075,247.411,75.9083,23.1887,0.0718272,52.6478,352.907,0,0,0
1000,3,1,619,1,1,2,10327.6,24655.4,705.855,69.5741,0.554573,590.496,14170.3,122.231,23.1957,0.302342,98.7334,288.152,46.3784,0.108576,241.665,410.383,1,0,0
1000,3,1,620,1,1,1,4316.62,18705.3,415.752,46.3844,0.482746,322.175,12979.6,129.262,23.1957,0.267264,105.799,75.9426,23.1887,0.0718272,52.6821,205.205,0,0,0
1000,3,1,621,1,1,1,4322.14,18649.9,507.325,46.3844,0.482746,414.014,11295.8,92.6301,23.1957,0.267264,69.1672,125.477,23.1887,0.0718272,102.217,218.107,0,0,0
1000,3,1,622,1,1,2,10327.4,24645,596.325,69.5741,0.806803,480.396,16107,74.777,23.1957,0.267264,51.3141,305.154,46.3784,0.25223,258.523,379.931,1,0,0
1000,3,1,623,1,1,1,4328.65,36646.1,881.607,63.7961,1.06906,771.864,22934.2,582.607,40.6075,0.853574,540.296,74.5132,23.1887,0.0718272,51.2527,657.12,0,0,0
1000,3,1,624,1,1,1,4329,24676.4,696.291,52.1883,0.910368,597.457,14060.6,286.357,28.9996,0.551232,256.738,129.056,23.1887,0.0718272,105.796,415.413,0,0,0
1000,3,1,625,1,1,1,4322.16,18655.1,553.848,46.3844,0.6264,460.529,10473.3,136.608,23.1957,0.267264,113.145,128.441,23.1887,0.0718272,105.18,265.048,0,0,0
1000,3,1,626,1,1,1,4323.27,18677.3,536.966,46.3844,0.482746,443.741,10796.1,109.335,23.1957,0.267264,85.8724,125.152,23.1887,0.0718272,101.892,234.488,0,0,0
1000,3,1,627,1,1,1,4316.62,18633.3,450.874,46.3844,0.482746,357.399,12283,76.6973,23.1957,0.267264,53.2344,140.033,23.1887,0.0718272,116.772,216.73,0,0,0
1000,3,1,628,1,1,1,4322.5,18653.6,536.165,46.3844,0.482746,442.938,10786.7,125.171,23.1957,0.267264,101.708,125.593,23.1887,0.0718272,102.332,250.763,0,0,0
1000,3,1,629,1,1,1,4335.47,18675.4,466.545,46.3844,0.482746,373.115,12046.5,77.1558,23.1957,0.267264,53.6928,135.337,23.1887,0.0718272,112.076,212.493,0,0,0
1000,3,1,630,1,1,1,4357.16,18758.8,440.728,46.3844,0.821837,346.884,12588,130.436,23.1957,0.462701,106.777,72.4142,23.1887,0.0718272,49.1537,202.85,0,0,0
1000,3,1,631,1,0,0,-1,-1,1089.77,23.1957,0.267264,1020.92,265798,-1,-1,-1,-1,-1,-1,-1,-1,-1,0,0,0
1000,3,1,632,1,1,1,4336.33,18696.7,393.019,46.3844,0.623059,299.236,13374.2,81.5773,23.1957,0.337421,58.0442,123.192,23.1887,0.141984,99.8614,204.769,0,0,0
1000,3,1,633,1,1,1,4316.62,18638.4,471.861,46.3844,0.482746,378.447,11914.9,77.1034,23.1957,0.267264,53.6405,132.686,23.1887,0.0718272,109.425,209.789,0,0,0
1000,3,1,634,1,1,1,4315.02,18644.1,445.679,46.3844,0.482746,352.189,12386.2,127.822,23.1957,0.267264,104.359,75.6484,23.1887,0.0718272,52.3879,203.47,0,0,0
1000,3,1,635,1,1,1,4329.49,18697.6,469.273,46.3844,0.482746,375.851,12020.2,122.536,23.1957,0.267264,99.0727,72.934,23.1887,0.0718272,49.6735,195.47,0,0,0
1000,3,1,636,1,1,2,10331.4,24681.7,708.369,69.5741,0.663149,592.909,14151.7,123.909,23.1957,0.267264,100.446,289.249,46.3784,0.108576,242.762,413.158,1,0,0
1000,3,1,637,1,1,1,4362.77,18687.2,540.067,46.3844,0.517824,446.816,10750.6,118.469,23.1957,0.267264,95.0065,124.121,23.1887,0.106906,100.825,242.59,0,0,0
1000,3,1,638,1,1,2,10409.7,24742.3,652.032,69.5741,0.663149,536.408,15214.1,75.9429,23.1957,0.267264,52.48,298.463,46.3784,0.25223,251.833,374.406,1,0,0
1000,3,1,639,1,1,1,4339.91,18681.3,549.491,46.3844,0.770054,456.015,10576.6,123.597,23.1957,0.267264,100.134,128.807,23.1887,0.0718272,105.547,252.404,0,0,0
1000,3,1,640,1,1,1,4321.22,18639.5,407.776,46.3844,0.482746,314.176,13055.5,78.6177,23.1957,0.267264,55.1547,131.016,23.1887,0.0718272,107.756,209.634,0,0,0
1000,3,1,641,1,1,1,4339.08,24661.5,473.509,52.1883,0.766714,374.171,18007.6,250.667,28.9996,0.551232,220.949,55.1062,23.1887,0.0718272,31.8457,305.774,0,0,0
1000,3,1,642,1,1,1,4373.42,18691,476.546,46.3844,0.6264,383.002,11883.8,75.4683,23.1957,0.267264,52.0053,134.736,23.1887,0.0718272,111.475,210.204,0,0,0
1000,3,1,643,1,1,1,4365.7,18679.3,419.856,46.3844,0.788429,325.985,12879.6,76.7623,23.1957,0.267264,53.2994,133.458,23.1887,0.0902016,110.179,210.221,0,0,0
1000,3,1,644,1,1,1,4315.98,24647,468.052,52.1883,0.731635,368.733,18090.4,246.576,28.9996,0.516154,216.879,50.531,23.1887,0.0718272,27.2705,297.107,0,0,0
1000,3,1,645,1,1,1,4335.62,18651.1,539.963,46.3844,0.517824,446.711,10716.4,114.818,23.1957,0.267264,91.3554,126.259,23.1887,0.106906,102.964,241.078,0,0,0
1000,3,1,646,1,1,1,4347.7,18707.6,543.767,46.3844,0.6264,450.419,10705.1,134.038,23.1957,0.267264,110.575,123.477,23.1887,0.0718272,100.217,257.515,0,0,0
1000,3,1,647,1,1,2,4335.58,18674.4,561.758,69.5741,0.841882,445.694,10748.3,130.98,23.1957,0.267264,107.517,146.475,46.3784,0.287309,99.809,277.455,1,0,0
1000,3,1,648,1,1,1,4319.12,18640.6,302.784,46.3844,0.482746,208.879,14923.6,85.3514,23.1957,0.267264,61.8884,44.5247,23.1887,0.0718272,21.2642,129.876,0,0,0
1000,3,1,649,1,1,1,4327.34,18643.5,444.209,46.3844,0.482746,350.714,12411.7,76.6215,23.1957,0.267264,53.1586,137.492,23.1887,0.0718272,114.231,214.113,0,0,0
1000,3,1,650,1,1,1,4324.81,18704.7,543.326,46.3844,0.517824,450.085,10710.2,135.027,23.1957,0.302342,111.529,120.44,23.1887,0.0718272,97.1795,255.467,0,0,0
1000,3,1,651,1,1,1,4317.58,24688.2,454.94,52.1883,0.997229,355.318,18363.8,240.057,28.9996,0.781747,210.07,43.2902,23.1887,0.0718272,20.0297,283.347,0,0,0
1000,3,1,652,1,1,1,4329.77,18645.4,475.406,46.3844,0.482746,382.002,11858.9,75.4322,23.1957,0.267264,51.9692,133.301,23.1887,0.0718272,110.04,208.733,0,0,0
1000,3,1,653,1,1,1,4328.04,18661.1,385.812,46.3844,0.517824,292.112,13467.5,80.7066,23.1957,0.302342,57.2086,118.404,23.1887,0.0718272,95.1436,199.111,0,0,0
1000,3,1,654,1,1,1,4322.18,18658.8,554.547,46.3844,0.482746,461.374,10465,135.788,23.1957,0.267264,112.325,128.643,23.1887,0.0718272,105.382,264.431,0,0,0
1000,3,1,655,1,1,2,10320.6,24679.5,680.018,69.5741,0.554573,564.585,14653.7,129.837,23.1957,0.302342,106.339,271.703,46.3784,0.108576,225.216,401.539,1,0,0
1000,3,1,656,1,1,1,4316.62,18636.3,453.892,46.3844,0.482746,360.426,12232.4,122.548,23.1957,0.267264,99.0853,76.096,23.1887,0.0718272,52.8355,198.644,0,0,0
1000,3,1,657,1,1,1,4345.06,18670.7,540.917,46.3844,0.482746,447.704,10719.2,133.581,23.1957,0.267264,110.118,120.734,23.1887,0.0718272,97.4736,254.315,0,0,0
1000,3,1,658,1,1,1,4315.98,24638.7,443.267,52.1883,0.83687,343.771,18522.1,232.551,28.9996,0.621389,202.71,41.7056,23.1887,0.0718272,18.4451,274.256,0,0,0
1000,3,1,659,1,1,1,4317.06,18643.2,421.803,46.3844,0.536198,328.19,12809.4,130.407,23.1957,0.302342,106.909,75.3383,23.1887,0.0902016,52.0595,205.746,0,0,0
1000,3,1,660,1,1,1,4324.87,18645,419.288,46.3844,0.913709,325.29,12878.7,131.442,23.1957,0.267264,107.979,74.5836,23.1887,0.0718272,51.3231,206.026,0,0,0
1000,3,1,661,1,1,1,4318.54,18644.9,554.467,46.3844,0.517824,461.258,10452.2,135.616,23.1957,0.302342,112.118,128.174,23.1887,0.0718272,104.913,263.789,0,0,0
1000,3,1,662,1,1,1,4342.89,18730.2,538.345,46.3844,0.678182,444.928,10824.1,127.422,23.1957,0.462701,103.763,128.69,23.1887,0.0718272,105.429,256.111,0,0,0
1000,3,1,663,1,1,1,4325.83,18653.8,548.082,46.3844,0.482746,454.889,10574.9,121.927,23.1957,0.267264,98.4645,128.87,23.1887,0.0718272,105.61,250.798,0,0,0
1000,3,1,664,1,1,1,4316.3,18652.1,455.717,46.3844,0.482746,362.256,12215.7,122.738,23.1957,0.267264,99.2748,76.5274,23.1887,0.0718272,53.2669,199.265,0,0,0
1000,3,1,665,1,1,1,4331.92,18674.8,319.961,46.3844,0.482746,226.105,14652.5,98.2015,23.1957,0.267264,74.7386,51.6897,23.1887,0.0718272,28.4292,149.891,0,0,0
1000,3,1,666,1,1,1,4317.58,18677.6,341.261,46.3844,0.678182,247.272,14275.9,112.471,23.1957,0.462701,88.8124,62.1449,23.1887,0.0718272,38.8844,174.616,0,0,0
1000,3,1,667,1,0,0,-1,-1,915.66,23.1957,0.442656,846.128,261350,-1,-1,-1,-1,-1,-1,-1,-1,-1,0,0,0
1000,3,1,668,1,1,1,4318.54,18636.5,465.713,46.3844,0.482746,372.282,12022.4,77.0998,23.1957,0.267264,53.6369,134.934,23.1887,0.0718272,111.674,212.034,0,0,0
1000,3,1,669,1,1,1,4321.64,36666.1,683.449,63.7961,1.65537,572.544,26476.4,501.906,40.6075,1.43988,458.769,34.138,23.1887,0.0718272,10.8775,536.044,0,0,0
1000,3,1,670,1,1,1,4322.57,18639.1,412.263,46.3844,0.482746,318.675,12975.4,76.2804,23.1957,0.267264,52.8175,134.992,23.1887,0.0718272,111.732,211.273,0,0,0
1000,3,1,671,1,1,1,4326.27,18641.4,443.537,46.3844,0.482746,350.041,12421.6,75.7588,23.1957,0.267264,52.2959,138.093,23.1887,0.0718272,114.832,213.852,0,0,0
1000,3,1,672,1,1,1,4326.82,18673.1,529.487,46.3844,1.03565,435.688,10923.3,102.619,23.1957,0.658138,78.7651,129.174,23.1887,0.0902016,105.895,231.793,0,0,0
1000,3,1,673,1,1,1,4315.66,18644.5,369.577,46.3844,0.482746,275.865,13739.8,126.127,23.1957,0.267264,102.664,74.9951,23.1887,0.0718272,51.7346,201.122,0,0,0
1000,3,1,674,1,1,1,4322.27,24740.4,585.689,52.1883,0.96215,486.482,16091.2,275.373,28.9996,0.746669,245.516,73.5819,23.1887,0.0718272,50.3214,348.955,0,0,0
1000,3,1,675,1,1,1,4332.25,18646.4,475.235,46.3844,0.482746,381.831,11862.9,75.3889,23.1957,0.267264,51.9259,134.523,23.1887,0.0718272,111.262,209.912,0,0,0
1000,3,1,676,1,1,1,4325.58,18727,545.28,46.3844,0.517824,452.045,10697.8,138.432,23.1957,0.267264,114.969,119.919,23.1887,0.106906,96.6236,258.351,0,0,0
1000,3,1,677,1,1,1,4331.93,18666.9,538.508,46.3844,0.482746,445.287,10758.3,125.853,23.1957,0.267264,102.39,126.982,23.1887,0.0718272,103.722,252.835,0,0,0
1000,3,1,678,1,1,1,4334.76,18695.3,537.396,46.3844,0.482746,444.172,10806.5,109.574,23.1957,0.267264,86.1106,125.45,23.1887,0.0718272,102.19,235.024,0,0,0
1000,3,1,679,1,1,1,4350.73,30730,660.146,57.9922,0.980525,555.492,20856.7,426.154,34.8035,0.765043,390.095,72.4756,23.1887,0.0718272,49.2151,498.63,0,0,0
1000,3,1,680,1,1,1,4351.62,18706.8,412.721,46.3844,0.713261,318.905,13034.2,77.3285,23.1957,0.497779,53.635,136.986,23.1887,0.0718272,113.726,214.315,0,0,0
1000,3,1,681,1,1,1,4326.77,18643.3,481.918,46.3844,0.644774,388.371,11740.3,75.4394,23.1957,0.267264,51.9764,130.307,23.1887,0.0902016,107.028,205.747,0,0,0
1000,3,1,682,1,1,1,4321.16,18650.6,460.744,46.3844,0.678182,367.102,12124.4,77.2989,23.1957,0.462701,53.6405,138.192,23.1887,0.0718272,114.931,215.491,0,0,0
1000,3,1,683,1,1,1,4315.66,18628.5,371.319,46.3844,0.482746,277.613,13692.9,80.2041,23.1957,0.267264,56.7411,112.786,23.1887,0.0718272,89.5253,192.99,0,0,0
1000,3,1,684,1,1,1,4324.1,18674.1,482.247,46.3844,0.517824,388.828,11765.7,121.485,23.1957,0.267264,98.0223,72.693,23.1887,0.106906,49.3974,194.178,0,0,0
1000,3,1,685,1,1,1,4333.32,18665.5,544.648,46.3844,0.587981,451.341,10647,121.718,23.1957,0.337421,98.1847,125.761,23.1887,0.106906,102.466,247.479,0,0,0
1000,3,1,686,1,1,1,4390.43,18710.9,478.407,46.3844,0.713261,384.782,11870.3,76.0662,23.1957,0.462701,52.4078,134.82,23.1887,0.106906,111.524,210.886,0,0,0
1000,3,1,687,1,1,1,4347.34,18675.6,384.533,46.3844,0.482746,290.865,13505,126.281,23.1957,0.267264,102.818,79.4295,23.1887,0.0718272,56.169,205.71,0,0,0
1000,3,1,688,1,1,1,4319.18,18657.2,329.038,46.3844,0.482746,235.209,14473.4,104.802,23.1957,0.267264,81.3387,58.0913,23.1887,0.0718272,34.8308,162.893,0,0,0
1000,3,1,689,1,1,1,4321.3,18646.4,533.975,46.3844,0.482746,440.741,10818.4,122.496,23.1957,0.267264,99.033,126.892,23.1887,0.0718272,103.632,249.388,0,0,0
1000,3,1,690,1,1,1,4325.92,18643.5,453.88,46.3844,0.482746,360.413,12239.7,122.823,23.1957,0.267264,99.3597,76.096,23.1887,0.0718272,52.8355,198.919,0,0,0
1000,3,1,691,1,1,1,4316.3,24636.9,467.784,52.1883,0.766714,368.43,18084.8,246.443,28.9996,0.551232,216.713,50.7675,23.1887,0.0718272,27.507,297.211,0,0,0
1000,3,1,692,1,1,1,4316.94,18721.8,411.68,46.3844,0.482746,318.091,13068.5,130.437,23.1957,0.267264,106.974,75.2947,23.1887,0.0718272,52.0342,205.732,0,0,0
1000,3,1,693,1,1,1,4315.98,18645.4,556.556,46.3844,0.482746,463.388,10415.8,135.454,23.1957,0.267264,111.991,127.105,23.1887,0.0718272,103.845,262.56,0,0,0
1000,3,1,694,1,1,1,4319.04,24641.8,360.174,52.1883,0.766714,260.507,20003.2,188.571,28.9996,0.551232,158.673,28.8247,23.1887,0.0718272,5.5642,217.396,0,0,0
1000,3,1,695,1,1,1,4314.7,18664.9,471.2,46.3844,0.482746,377.784,11953.2,123.647,23.1957,0.267264,100.184,72.842,23.1887,0.0718272,49.5815,196.489,0,0,0
1000,3,1,696,1,1,1,4323.68,18699.7,511.986,46.3844,0.482746,418.688,11262.7,129.018,23.1957,0.267264,105.556,99.7533,23.1887,0.0718272,76.4928,228.772,0,0,0
1000,3,1,697,1,1,1,4316.62,18675.7,472.401,46.3844,0.587981,378.883,11941.9,124.157,23.1957,0.372499,100.589,73.5837,23.1887,0.0718272,50.3232,197.741,0,0,0
1000,3,1,698,0,0,0,-1,-1,791.639,23.206,0.551232,721.628,258675,-1,-1,-1,-1,-1,-1,-1,-1,-1,0,0,0
1000,3,1,699,1,1,1,4336.95,18676,427.422,46.3844,0.482746,333.879,12742.7,77.5835,23.1957,0.267264,54.1205,135.932,23.1887,0.0718272,112.672,213.516,0,0,0
1000,3,1,700,1,1,1,4346.88,18696.1,540.275,46.3844,0.482746,447.06,10756.1,129.069,23.1957,0.267264,105.606,131.947,23.1887,0.0718272,108.687,261.016,0,0,0
1000,3,1,701,1,1,1,4317.81,18666.4,534.747,46.3844,0.482746,441.515,10824.6,125.869,23.1957,0.267264,102.406,123.685,23.1887,0.0718272,100.424,249.554,0,0,0
1000,3,1,702,1,1,1,4318.86,18634.8,510.631,46.3844,0.482746,417.329,11221.9,127.602,23.1957,0.267264,104.139,98.8094,23.1887,0.0718272,75.5489,226.411,0,0,0
1000,3,1,703,1,1,1,4323.99,18673.3,556.437,46.3844,0.552902,463.198,10445.4,135.034,23.1957,0.337421,111.501,128.594,23.1887,0.0718272,105.334,263.628,0,0,0
1000,3,1,704,1,1,1,4333.51,18691.8,428.659,46.3844,0.482746,335.119,12736.5,131.163,23.1957,0.267264,107.7,73.7931,23.1887,0.0718272,50.5326,204.956,0,0,0
1000,3,1,705,1,1,1,4377.75,18697.3,462.898,46.3844,0.587981,369.352,12132.5,76.0935,23.1957,0.302342,52.5955,137.318,23.1887,0.141984,113.988,213.412,0,0,0
1000,3,1,706,1,1,1,4321.74,18647.6,511.202,46.3844,0.517824,417.867,11224.3,93.0135,23.1957,0.302342,69.5155,126.123,23.1887,0.0718272,102.863,219.137,0,0,0
1000,3,1,707,1,1,1,4383.64,18707.5,489.912,46.3844,0.6264,396.406,11662.7,77.4933,23.1957,0.267264,54.0303,130.807,23.1887,0.0718272,107.546,208.3,0,0,0
1000,3,1,708,1,1,1,4367.98,24757.9,689.862,52.1883,1.19267,590.727,14255.6,277.4,28.9996,0.871949,247.427,130.13,23.1887,0.177062,106.765,407.53,0,0,0
1000,3,1,709,0,0,0,-1,-1,998.688,23.206,0.746669,929.084,263168,-1,-1,-1,-1,-1,-1,-1,-1,-1,0,0,0
1000,3,1,710,1,1,1,4322.04,18666.6,382.764,46.3844,0.482746,289.091,13527.4,127.356,23.1957,0.267264,103.893,79.0577,23.1887,0.0718272,55.7972,206.414,0,0,0
1000,3,1,711,1,1,1,4331.58,18662.5,544.884,46.3844,0.482746,451.682,10640.6,137.662,23.1957,0.267264,114.199,120.871,23.1887,0.0718272,97.6108,258.533,0,0,0
1000,3,1,712,1,1,1,4325.83,18652.4,465.928,46.3844,0.678182,372.301,12033.9,76.9054,23.1957,0.462701,53.247,134.873,23.1887,0.0718272,111.612,211.778,0,0,0
1000,3,1,713,1,1,2,10337.4,24655.1,595.121,69.5741,0.519494,479.476,16139.2,78.3975,23.1957,0.267264,54.9345,307.595,46.3784,0.108576,261.108,385.992,1,0,0
1000,3,1,714,1,1,1,4359.3,18692.2,539.816,46.3844,0.482746,446.6,10760.4,113.414,23.1957,0.267264,89.9512,127.668,23.1887,0.0718272,104.408,241.082,0,0,0
1000,3,1,715,1,1,1,4316.62,18680.8,334.527,46.3844,0.482746,240.713,14399.4,108.835,23.1957,0.267264,85.3725,60.2427,23.1887,0.0718272,36.9822,169.078,0,0,0
1000,3,1,716,1,1,1,4339.78,18671.4,363.493,46.3844,0.482746,269.763,13874.9,77.8001,23.1957,0.267264,54.3371,110.043,23.1887,0.0718272,86.782,187.843,0,0,0
1000,3,1,717,1,1,1,4327.92,18639.8,489.389,46.3844,0.482746,396.025,11604.7,79.0147,23.1957,0.267264,55.5517,125.244,23.1887,0.0718272,101.984,204.259,0,0,0
1000,3,1,718,1,1,1,4330.4,18655.5,488.397,46.3844,0.482746,395.031,11637.9,77.69,23.1957,0.267264,54.227,127.724,23.1887,0.0718272,104.464,205.414,0,0,0
1000,3,1,719,1,1,1,4404.04,18791.7,541.897,46.3844,0.587981,448.581,10822.1,128.588,23.1957,0.302342,105.09,131.805,23.1887,0.141984,108.474,260.392,0,0,0
1000,3,1,720,1,1,1,4319.62,18661,490.086,46.3844,0.678182,396.529,11613,123.368,23.1957,0.462701,99.7098,76.6483,23.1887,0.0718272,53.3878,200.016,0,0,0
1000,3,1,721,1,1,1,4343.91,18677.7,535.779,46.3844,0.517824,442.515,10817.4,126.023,23.1957,0.302342,102.525,125.131,23.1887,0.0718272,101.87,251.154,0,0,0
1000,3,1,722,1,1,1,4324.52,18654.1,518.732,46.3844,0.482746,425.455,11097.2,98.7556,23.1957,0.267264,75.2926,126.242,23.1887,0.0718272,102.982,224.998,0,0,0
1000,3,1,723,1,1,1,4342.67,18724.4,500.368,46.3844,0.587981,406.932,11493.2,126.812,23.1957,0.302342,103.314,84.9953,23.1887,0.141984,61.6646,211.807,0,0,0
1000,3,1,724,1,1,1,4334.9,24649.8,544.734,52.1883,0.766714,445.603,16729.4,162.218,28.9996,0.516154,132.279,138.983,23.1887,0.106906,115.688,301.202,0,0,0
1000,3,1,725,1,1,1,4317.26,18639.4,474.675,46.3844,0.482746,381.269,11865.8,120.247,23.1957,0.267264,96.7842,73.5422,23.1887,0.0718272,50.2817,193.789,0,0,0
1000,3,1,726,1,1,1,4333.16,18660.2,380.878,46.3844,0.821837,286.86,13553.7,83.0183,23.1957,0.462701,59.3599,116.21,23.1887,0.0718272,92.949,199.228,0,0,0
1000,3,1,727,1,1,1,4372.26,18686,536.757,46.3844,0.482746,443.531,10808.5,125.671,23.1957,0.267264,102.208,129.193,23.1887,0.0718272,105.933,254.864,0,0,0
1000,3,1,728,1,1,1,4376.96,18752.2,538.186,46.3844,1.26616,444.181,10846.8,129.122,23.1957,0.728294,105.198,127.896,23.1887,0.106906,104.601,257.019,0,0,0
1000,3,1,729,1,1,1,4319.18,18634.9,391.906,46.3844,0.482746,298.259,13333.2,78.0744,23.1957,0.267264,54.6114,122.889,23.1887,0.0718272,99.6286,200.963,0,0,0
1000,3,1,730,1,1,1,4317.9,24738.3,583.971,52.1883,0.891994,484.829,16120.2,275.462,28.9996,0.676512,245.675,71.8836,23.1887,0.0718272,48.6231,347.346,0,0,0
1000,3,1,731,1,1,1,4316.94,18632.7,379.993,46.3844,0.482746,286.312,13542.8,126.234,23.1957,0.267264,102.771,78.4513,23.1887,0.0718272,55.1908,204.685,0,0,0
1000,3,1,732,1,1,1,4356.28,18688.1,546.233,46.3844,0.661478,452.857,10641.5,138.458,23.1957,0.267264,114.995,122.078,23.1887,0.106906,98.7821,260.535,0,0,0
1000,3,1,733,1,1,1,4328.14,24665.7,687.235,52.1883,0.96215,588.323,14210.9,278.95,28.9996,0.746669,249.117,124.746,23.1887,0.0718272,101.486,403.697,0,0,0
1000,3,1,734,1,1,1,4318.22,18639.7,539.6,46.3844,0.482746,446.383,10711.7,127.901,23.1957,0.267264,104.438,127.165,23.1887,0.0718272,103.904,255.066,0,0,0
1000,3,1,735,1,1,1,4327.55,18659.9,342.5,46.3844,0.517824,248.674,14236.4,113.792,23.1957,0.302342,90.2941,63.0852,23.1887,0.0718272,39.8247,176.877,0,0,0
1000,3,1,736,1,1,1,4377.54,18710.5,414.763,46.3844,0.770054,320.895,13001.5,75.9682,23.1957,0.267264,52.5052,135.129,23.1887,0.0718272,111.869,211.097,0,0,0
1000,3,1,737,1,1,1,4326.1,18651.2,411.782,46.3844,0.482746,318.193,12996,76.5349,23.1957,0.267264,53.0719,135.611,23.1887,0.0718272,112.351,212.146,0,0,0
1000,3,1,738,1,1,1,4318.54,18651,531.43,46.3844,0.482746,438.189,10868.3,126.086,23.1957,0.267264,102.623,121.954,23.1887,0.0718272,98.6937,248.04,0,0,0
1000,3,1,739,1,1,1,4331.75,18713.3,543.073,46.3844,0.713261,449.635,10722.8,136.326,23.1957,0.497779,112.632,120.178,23.1887,0.0718272,96.9178,256.504,0,0,0
1000,3,1,740,1,1,1,4315.98,18633,310.924,46.3844,0.482746,217.042,14771.3,91.0816,23.1957,0.267264,67.6186,48.3508,23.1887,0.0718272,25.0903,139.432,0,0,0
1000,3,1,741,1,1,1,4330.67,18644.2,379.311,46.3844,0.482746,285.628,13566.4,83.3372,23.1957,0.267264,59.8742,116.027,23.1887,0.0718272,92.7667,199.364,0,0,0
1000,3,1,742,1,1,1,4322.15,18654.1,460.526,46.3844,0.6264,366.936,12131.8,121.122,23.1957,0.267264,97.6595,73.064,23.1887,0.0718272,49.8035,194.186,0,0,0
1000,3,1,743,1,1,1,4321.31,18641.4,491.573,46.3844,0.482746,398.216,11567.4,122.103,23.1957,0.267264,98.6395,79.711,23.1887,0.0718272,56.4505,201.814,0,0,0
1000,3,1,744,1,1,1,4334.14,18648.8,442.765,46.3844,0.482746,349.267,12442.7,75.3961,23.1957,0.267264,51.9331,138.43,23.1887,0.0718272,115.17,213.826,0,0,0
1000,3,1,745,1,1,2,10363.3,24691.9,717.436,69.5741,0.537869,602.128,14000.8,138.629,23.1957,0.267264,115.166,293.472,46.3784,0.12695,246.967,432.101,1,0,0
1000,3,1,746,1,1,1,4323.24,18666.7,540.423,46.3844,0.517824,447.173,10723.8,117.288,23.1957,0.302342,93.79,126.177,23.1887,0.0718272,102.917,243.466,0,0,0
1000,3,1,747,1,1,1,4324.49,18639.3,489.804,46.3844,0.482746,396.442,11596.7,79.0328,23.1957,0.267264,55.5698,125.371,23.1887,0.0718272,102.11,204.403,0,0,0
1000,3,1,748,1,1,1,4328.36,18651.6,534.564,46.3844,0.6264,441.189,10812.8,124.03,23.1957,0.267264,100.567,127.425,23.1887,0.0718272,104.164,251.455,0,0,0
1000,3,1,749,1,1,1,4317.61,18636.1,554.666,46.3844,0.482746,461.493,10440.2,135.207,23.1957,0.267264,111.744,127.387,23.1887,0.0718272,104.126,262.594,0,0,0
1000,3,1,750,1,0,0,-1,-1,773.628,23.1957,0.763373,703.363,258230,-1,-1,-1,-1,-1,-1,-1,-1,-1,0,0,0
1000,3,1,751,1,1,1,4320.55,18647.7,483.256,46.3844,0.482746,389.875,11721.6,121.094,23.1957,0.267264,97.6307,74.2335,23.1887,0.0718272,50.973,195.327,0,0,0
1000,3,1,752,1,1,1,4317.26,18640.6,319.146,46.3844,0.482746,225.288,14632.7,97.0735,23.1957,0.267264,73.6106,51.0039,23.1887,0.0718272,27.7434,148.077,0,0,0
1000,3,1,753,1,1,1,4374.43,18754.5,541.692,46.3844,0.873619,448.09,10788.3,128.655,23.1957,0.658138,104.801,131.357,23.1887,0.0718272,108.097,260.012,0,0,0
1000,3,1,754,1,1,1,4341.04,18680.1,556.055,46.3844,0.482746,462.886,10459.5,135.019,23.1957,0.267264,111.556,128.796,23.1887,0.0718272,105.536,263.816,0,0,0
1000,3,1,755,1,1,1,4324.26,18658.3,373.742,46.3844,0.517824,280.008,13679.4,127.393,23.1957,0.302342,103.895,76.0166,23.1887,0.0718272,52.7561,203.41,0,0,0
1000,3,1,756,1,1,1,4345.61,18666.6,540.835,46.3844,0.482746,447.621,10716.7,115.697,23.1957,0.267264,92.2343,128.886,23.1887,0.0718272,105.626,244.584,0,0,0
1000,3,1,757,1,1,1,4340.1,18655.9,482.237,46.3844,0.770054,388.566,11747.1,75.7697,23.1957,0.267264,52.3067,129.892,23.1887,0.0718272,106.631,205.661,0,0,0
1000,3,1,758,1,1,1,4326.28,18656.1,539.363,46.3844,0.482746,446.145,10732.3,128.363,23.1957,0.267264,104.9,129.26,23.1887,0.0718272,106,257.623,0,0,0
1000,3,1,759,1,1,1,4337.22,18678.6,396.448,46.3844,0.713261,302.584,13295.4,127.609,23.1957,0.462701,103.951,76.9776,23.1887,0.106906,53.682,204.587,0,0,0
1000,3,1,760,1,1,1,4388.36,18728.1,423.562,46.3844,0.552902,329.937,12863,77.7044,23.1957,0.267264,54.2415,136.23,23.1887,0.141984,112.899,213.934,0,0,0
1000,3,1,761,1,1,1,4317.58,18635.3,370.306,46.3844,0.482746,276.596,13717.7,126.858,23.1957,0.267264,103.395,75.2315,23.1887,0.0718272,51.971,202.09,0,0,0
1000,3,1,762,1,1,1,4335.5,18657.3,522.236,46.3844,0.482746,428.968,11038.1,127.167,23.1957,0.267264,103.704,110.683,23.1887,0.0718272,87.4227,237.85,0,0,0
1000,3,1,763,1,1,1,4315.91,18658.7,327.568,46.3844,0.482746,233.734,14501.1,103.428,23.1957,0.267264,79.9653,57.207,23.1887,0.0718272,33.9465,160.635,0,0,0
1000,3,1,764,1,1,1,4321.86,24641.7,586.756,52.1883,0.696557,487.818,15974.6,272.737,28.9996,0.481075,243.153,75.0077,23.1887,0.0718272,51.7472,347.745,0,0,0
1000,3,1,765,1,0,0,-1,-1,912.386,23.1957,0.267264,843.02,261305,-1,-1,-1,-1,-1,-1,-1,-1,-1,0,0,0
1000,3,1,766,1,1,1,4355.28,18674.2,546.98,46.3844,0.552902,453.714,10614.5,137.447,23.1957,0.267264,113.984,126.244,23.1887,0.141984,102.913,263.691,0,0,0
1000,3,1,767,1,1,1,4321.03,18651.1,535.795,46.3844,0.678182,442.371,10790.2,107.668,23.1957,0.462701,84.0098,124.764,23.1887,0.0718272,101.504,232.432,0,0,0
1000,3,1,768,1,1,1,4321.86,18651.2,302.514,46.3844,0.482746,208.608,14939.1,85.2792,23.1957,0.267264,61.8162,44.2359,23.1887,0.0718272,20.9754,129.515,0,0,0
1000,3,1,769,1,1,1,4317.26,18662.1,328.595,46.3844,0.482746,234.765,14486.2,104.769,23.1957,0.267264,81.3062,57.6798,23.1887,0.0718272,34.4193,162.449,0,0,0
1000,3,1,770,1,0,0,-1,-1,507.669,69.5741,0.589651,391.699,11714.5,-1,-1,-1,-1,-1,-1,-1,-1,-1,1,0,0
1000,3,1,771,1,1,1,4345.62,18694,388.684,46.3844,0.517824,294.993,13449.3,127.886,23.1957,0.302342,104.388,80.1424,23.1887,0.0718272,56.8819,208.028,0,0,0
1000,3,1,772,1,1,1,4325.83,18688.5,385.21,46.3844,0.482746,291.544,13505.9,127.279,23.1957,0.267264,103.816,79.2941,23.1887,0.0718272,56.0336,206.573,0,0,0
1000,3,1,773,1,0,0,-1,-1,743.986,23.1957,0.337421,674.06,257517,-1,-1,-1,-1,-1,-1,-1,-1,-1,0,0,0
1000,3,1,774,1,1,2,10327.5,24653.2,543.533,69.5741,0.519494,427.738,17054.7,77.625,23.1957,0.267264,54.162,291.898,46.3784,0.108576,245.411,369.523,1,0,0
1000,3,1,775,1,1,1,4317.58,18636.3,413.515,46.3844,0.482746,319.931,12950.3,129.031,23.1957,0.267264,105.568,75.9625,23.1887,0.0718272,52.702,204.994,0,0,0
1000,3,1,776,1,1,1,4327.91,18666.1,537.69,46.3844,0.517824,444.432,10771.8,110.877,23.1957,0.302342,87.3794,125.981,23.1887,0.0718272,102.72,236.858,0,0,0
1000,3,1,777,1,1,1,4315.02,18699.5,451.045,46.3844,0.482746,357.571,12346.2,127.739,23.1957,0.267264,104.276,75.8849,23.1887,0.0718272,52.6244,203.624,0,0,0
1000,3,1,778,1,1,1,4316.75,18662.4,548.049,46.3844,0.482746,454.857,10584.1,140.903,23.1957,0.267264,117.44,123.627,23.1887,0.0718272,100.367,264.53,0,0,0
1000,3,1,779,1,1,1,4324.58,24640.4,700.399,52.1883,0.536198,601.951,13952.6,289.474,28.9996,0.320717,260.101,128.599,23.1887,0.0718272,105.339,418.074,0,0,0
1000,3,1,780,1,1,1,4321.78,18654.3,336.249,46.3844,0.482746,242.441,14342.2,108.695,23.1957,0.267264,85.2317,61.3219,23.1887,0.0718272,38.0614,170.017,0,0,0
1000,3,1,781,1,0,0,-1,-1,1169.55,23.1957,0.267264,1100.93,269879,-1,-1,-1,-1,-1,-1,-1,-1,-1,0,0,0
1000,3,1,782,1,1,1,4328.08,18645.9,417.003,46.3844,0.482746,323.429,12897.9,77.3525,23.1957,0.267264,53.8895,133.902,23.1887,0.0718272,110.641,211.254,0,0,0
1000,3,1,783,1,1,1,4338.66,24679.7,688.445,52.1883,0.840211,589.659,14203.9,276.314,28.9996,0.481075,246.738,126.275,23.1887,0.0718272,103.014,402.589,0,0,0
1000,3,1,784,1,1,1,4338.34,18664.1,525.642,46.3844,0.6264,432.241,10983.9,99.8601,23.1957,0.267264,76.3972,128.257,23.1887,0.0718272,104.996,228.117,0,0,0
1000,3,1,785,1,1,1,4326.15,18646.1,310.204,46.3844,0.482746,216.32,14797.2,90.6665,23.1957,0.267264,67.2035,48.2516,23.1887,0.0718272,24.9911,138.918,0,0,0
1000,3,1,786,1,1,1,4345.41,24666.2,569.66,52.1883,0.766714,470.602,16302.6,159.682,28.9996,0.516154,129.734,126.813,23.1887,0.106906,103.518,286.495,0,0,0
1000,3,1,787,1,1,1,4328.04,18672.6,555.491,46.3844,1.01727,461.785,10460.7,135.492,23.1957,0.658138,111.638,128.096,23.1887,0.0718272,104.835,263.587,0,0,0
1000,3,1,788,1,1,1,4318.83,18642.1,391.309,46.3844,0.482746,297.66,13351,79.1898,23.1957,0.267264,55.7268,121.35,23.1887,0.0718272,98.0891,200.539,0,0,0
1000,3,1,789,1,1,1,4316.94,18635.4,405.739,46.3844,0.482746,312.133,13087.7,131.258,23.1957,0.267264,107.795,75.5979,23.1887,0.0718272,52.3374,206.856,0,0,0
1000,3,1,790,1,1,1,4321.83,30647,687.087,57.9922,1.31962,582.173,20293.8,421.455,34.8035,0.96048,385.195,78.0921,23.1887,0.0718272,54.8316,499.547,0,0,0
1000,3,1,791,1,1,1,4318.22,18640.1,454.133,46.3844,0.482746,360.668,12231.8,124.386,23.1957,0.267264,100.923,75.726,23.1887,0.0718272,52.4655,200.112,0,0,0
1000,3,1,792,1,1,1,4323.64,18638.5,512.151,46.3844,0.482746,418.854,11198.5,93.6426,23.1957,0.267264,70.1796,126.111,23.1887,0.0718272,102.85,219.753,0,0,0
1000,3,1,793,1,1,1,4354.66,18672.6,554.162,46.3844,0.482746,460.987,10485.6,129.513,23.1957,0.267264,106.05,125.91,23.1887,0.0718272,102.65,255.423,0,0,0
1000,3,1,794,1,1,1,4333.9,18652.7,528.344,46.3844,0.678182,434.899,10924.3,127.259,23.1957,0.462701,103.601,117.801,23.1887,0.0718272,94.5408,245.061,0,0,0
1000,3,1,795,1,1,1,4325.22,18674.2,538.91,46.3844,0.713261,445.461,10757.7,128.512,23.1957,0.462701,104.853,128.743,23.1887,0.106906,105.447,257.255,0,0,0
1000,3,1,796,1,1,1,4337.38,18653.9,389.883,46.3844,0.6264,296.086,13387.7,82.1984,23.1957,0.267264,58.7354,121.461,23.1887,0.0718272,98.201,203.66,0,0,0
1000,3,1,797,1,1,2,4393.2,18710.5,486.289,69.5741,0.716602,370.13,12106.2,76.0783,23.1957,0.267264,52.6153,160.37,46.3784,0.305683,113.686,236.449,1,0,0
1000,3,1,798,0,0,0,-1,-1,1145.78,23.206,0.516154,1076.84,268264,-1,-1,-1,-1,-1,-1,-1,-1,-1,0,0,0
1000,3,1,799,1,1,1,4361.41,18713.8,554.007,46.3844,0.482746,460.832,10529.5,128.233,23.1957,0.267264,104.77,127.26,23.1887,0.0718272,104,255.494,0,0,0
1000,3,1,800,1,1,1,4360.1,18691.7,539.951,46.3844,0.482746,446.735,10757.5,113.517,23.1957,0.267264,90.0541,127.69,23.1887,0.0718272,104.429,241.207,0,0,0
1000,3,1,801,1,1,2,10333.9,24653.4,715.383,69.5741,0.519494,600.087,13999,133.733,23.1957,0.267264,110.27,289.186,46.3784,0.108576,242.699,422.918,1,0,0
1000,3,1,802,1,1,1,4316.3,18690.8,537.675,46.3844,0.50112,444.434,10796.8,131.127,23.1957,0.267264,107.664,122.942,23.1887,0.0902016,99.6629,254.068,0,0,0
1000,3,1,803,1,1,1,4322.18,18657.3,484.276,46.3844,0.482746,390.898,11713.1,121.15,23.1957,0.267264,97.6866,74.6775,23.1887,0.0718272,51.4169,195.827,0,0,0
1000,3,1,804,1,1,1,4344.11,18658.3,539.125,46.3844,0.482746,445.907,10738.7,112.384,23.1957,0.267264,88.9207,128.726,23.1887,0.0718272,105.465,241.109,0,0,0
1000,3,1,805,1,0,0,-1,-1,375.132,23.1957,0.267264,304.204,248554,-1,-1,-1,-1,-1,-1,-1,-1,-1,0,0,0
1000,3,1,806,1,1,1,4329.89,18773.4,540.19,46.3844,0.552902,446.905,10834.4,127.199,23.1957,0.337421,103.666,127.583,23.1887,0.0718272,104.323,254.782,0,0,0
1000,3,1,807,1,1,1,4341.56,18660.5,478.213,46.3844,0.661478,384.639,11823.4,74.0046,23.1957,0.267264,50.5416,132.158,23.1887,0.106906,108.862,206.162,0,0,0
1000,3,1,808,1,1,1,4335.6,18671.3,475.811,46.3844,0.482746,382.408,11877.6,75.9123,23.1957,0.267264,52.4493,135.479,23.1887,0.0718272,112.219,211.392,0,0,0
1000,3,1,809,1,1,1,4319.62,18697.7,540.4,46.3952,0.731635,446.926,10754.7,126.36,23.2065,0.516154,102.637,131.577,23.1887,0.0718272,108.317,257.937,0,0,0
1000,3,1,810,1,1,1,4322.76,18635.6,374.619,46.3844,0.482746,280.923,13641.3,82.7073,23.1957,0.267264,59.2444,114.865,23.1887,0.0718272,91.6044,197.572,0,0,0
1000,3,1,811,1,1,1,4320.6,18690.5,539.163,46.3844,0.482746,445.944,10770.3,131.978,23.1957,0.267264,108.515,122.281,23.1887,0.0718272,99.0204,254.259,0,0,0
1000,3,1,812,1,1,1,4337.1,24666,648.187,52.1883,0.927072,549.197,14905.8,272.819,28.9996,0.71159,243.004,88.3019,23.1887,0.0718272,65.0414,361.121,0,0,0
1000,3,1,813,1,1,1,4360.97,24694,695.01,52.1883,0.50112,596.582,14102.3,285.942,28.9996,0.285638,256.59,121.875,23.1887,0.0718272,98.6143,407.817,0,0,0
1000,3,1,814,1,1,1,4316.74,18632.8,524.657,46.3844,0.482746,431.396,10970.5,126.56,23.1957,0.267264,103.097,114.636,23.1887,0.0718272,91.3752,241.196,0,0,0
1000,3,1,815,1,1,1,4335.93,18651.4,449.542,46.3844,0.6264,355.919,12324.4,77.2568,23.1957,0.267264,53.7939,140.018,23.1887,0.0718272,116.758,217.275,0,0,0
1000,3,1,816,1,1,1,4319.18,18636.6,394.436,46.3844,0.482746,300.797,13289.9,128.863,23.1957,0.267264,105.4,79.11,23.1887,0.0718272,55.8495,207.973,0,0,0
1000,3,1,817,1,1,1,4366.54,18699.3,538.935,46.3844,0.873619,445.325,10782.2,124.486,23.1957,0.658138,100.632,128.294,23.1887,0.0718272,105.034,252.78,0,0,0
1000,3,1,818,1,1,1,4326.09,18666.5,357.872,46.3844,0.517824,264.091,13969.8,123.745,23.1957,0.267264,100.282,70.0056,23.1887,0.106906,46.71,193.75,0,0,0
1000,3,1,819,1,0,0,-1,-1,1081.99,23.1957,0.372499,1013.01,265586,-1,-1,-1,-1,-1,-1,-1,-1,-1,0,0,0
1000,3,1,820,1,1,1,4327.4,18663.4,429.81,46.3844,0.6264,336.13,12687.3,131.76,23.1957,0.267264,108.297,74.5277,23.1887,0.0718272,51.2671,206.288,0,0,0
1000,3,1,821,1,1,2,10330.1,24679.4,716.58,69.5741,0.910368,600.897,14002.8,139.554,23.1957,0.658138,115.7,294.782,46.3784,0.108576,248.295,434.337,1,0,0
1000,3,1,822,1,1,1,4316.3,18701.5,436.458,46.3844,0.482746,342.941,12607.6,132.291,23.1957,0.267264,108.828,74.4194,23.1887,0.0718272,51.1589,206.71,0,0,0
1000,3,1,823,1,1,1,4317.7,24663.5,565.584,52.1883,0.766714,466.514,16372.4,277.998,28.9996,0.551232,248.355,74.8056,23.1887,0.0718272,51.5451,352.803,0,0,0
1000,3,1,824,1,1,1,4354.37,18669.8,535.674,46.3844,0.50112,442.427,10811.4,105.033,23.1957,0.267264,81.5697,126.791,23.1887,0.0902016,103.512,231.824,0,0,0
1000,3,1,825,1,1,1,4325.07,18648.2,533.768,46.3844,0.482746,440.534,10823.8,122.868,23.1957,0.267264,99.4048,127.486,23.1887,0.0718272,104.225,250.354,0,0,0
1000,3,1,826,1,1,1,4316.3,18640.6,310.204,46.3844,0.482746,216.32,14791.7,91.0148,23.1957,0.267264,67.5519,47.4051,23.1887,0.0718272,24.1446,138.42,0,0,0
1000,3,1,827,1,1,1,4321.8,18736.2,548.238,46.3844,0.482746,455.046,10654.6,140.712,23.1957,0.267264,117.249,125.816,23.1887,0.0718272,102.556,266.528,0,0,0
1000,3,1,828,1,1,1,4315.66,18662.9,511.62,46.3844,0.713261,418.091,11231.7,128.375,23.1957,0.497779,104.682,99.8869,23.1887,0.0718272,76.6264,228.262,0,0,0
1000,3,1,829,1,1,1,4315.98,18665.6,316.153,46.3844,0.482746,222.286,14710.9,94.7814,23.1957,0.267264,71.3185,49.4103,23.1887,0.0718272,26.1497,144.192,0,0,0
1000,3,1,830,1,1,1,4339.37,18662.4,408.96,46.3844,0.731635,315.114,13056.3,77.7124,23.1957,0.302342,54.2144,132.902,23.1887,0.141984,109.571,210.614,0,0,0
1000,3,1,831,1,1,1,4352.41,18691.9,539.874,46.3844,0.661478,446.479,10758.4,118.813,23.1957,0.302342,95.3151,123.873,23.1887,0.0718272,100.612,242.686,0,0,0
1000,3,1,832,1,1,1,4315.98,24636.6,400.915,52.1883,0.536198,301.597,19274.3,208.936,28.9996,0.320717,179.327,36.7117,23.1887,0.0718272,13.4512,245.647,0,0,0
1000,3,1,833,1,1,1,4329.82,24703.5,687.735,52.1883,0.766714,589.02,14240.2,279.496,28.9996,0.551232,249.853,124.412,23.1887,0.0718272,101.152,403.908,0,0,0
1000,3,1,834,1,1,1,4352.68,18671,537.916,46.3844,0.587981,444.589,10772.2,129.358,23.1957,0.267264,105.895,124.669,23.1887,0.177062,101.303,254.027,0,0,0
1000,3,1,835,1,1,1,4321.22,24651.4,687.793,52.1883,0.696557,589.148,14187.6,279.242,28.9996,0.481075,249.676,126.833,23.1887,0.0718272,103.572,406.075,0,0,0
1000,3,1,836,1,1,1,4325.1,18638.6,454.011,46.3844,0.482746,360.545,12232.6,124.198,23.1957,0.267264,100.735,75.726,23.1887,0.0718272,52.4655,199.924,0,0,0
1000,3,1,837,1,1,1,4328.01,18646.5,356.978,46.3844,0.482746,263.23,13965.8,74.4504,23.1957,0.267264,50.9874,107.96,23.1887,0.0718272,84.6993,182.41,0,0,0
1000,3,1,838,1,1,1,4345.56,18667.5,553.396,46.3844,0.482746,460.219,10494.1,128.439,23.1957,0.267264,104.976,126.647,23.1887,0.0718272,103.386,255.086,0,0,0
1000,3,1,839,1,1,1,4352.94,18666.5,400.121,46.3844,0.661478,306.32,13218,78.8035,23.1957,0.267264,55.3406,127.81,23.1887,0.106906,104.514,206.613,0,0,0
1000,3,1,840,1,1,1,4322.34,18663.1,442.402,46.3844,0.482746,348.902,12463.5,127.506,23.1957,0.267264,104.043,74.7587,23.1887,0.0718272,51.4982,202.265,0,0,0
1000,3,1,841,1,1,1,4331.06,18654.8,404.136,46.3844,0.552902,310.454,13135.2,79.592,23.1957,0.337421,56.0589,129.995,23.1887,0.0718272,106.734,209.587,0,0,0
1000,3,1,842,1,1,1,4322.47,18692.1,400.79,46.3844,0.482746,307.17,13232.4,130.282,23.1957,0.267264,106.819,75.3615,23.1887,0.0718272,52.101,205.643,0,0,0
1000,3,1,843,1,1,1,4338.38,18689.8,547.128,46.3844,0.748339,453.667,10627,138.101,23.1957,0.532858,114.372,125.138,23.1887,0.0718272,101.877,263.238,0,0,0
1000,3,1,844,1,1,1,4353.11,18747.2,544.647,46.3844,0.713261,451.214,10728.8,136.401,23.1957,0.497779,112.708,121.469,23.1887,0.0718272,98.2082,257.87,0,0,0
1000,3,1,845,1,1,1,4334.25,18674.1,551.421,46.3844,0.6264,458.094,10535.5,127.277,23.1957,0.267264,103.814,124.797,23.1887,0.0718272,101.536,252.074,0,0,0
1000,3,1,846,1,1,1,4323.87,18661.3,500.353,46.3844,0.482746,407.022,11431.2,126.158,23.1957,0.267264,102.695,86.3509,23.1887,0.0718272,63.0904,212.509,0,0,0
1000,3,1,847,1,1,1,4328.75,18649,426.584,46.3844,0.482746,333.038,12730.6,78.513,23.1957,0.267264,55.05,135.916,23.1887,0.0718272,112.656,214.429,0,0,0
1000,3,1,848,1,1,1,4338.42,18650,416.888,46.3844,0.50112,323.296,12903.9,76.8887,23.1957,0.267264,53.4257,133.92,23.1887,0.0902016,110.641,210.809,0,0,0
1000,3,1,849,1,1,1,4331.66,18718.1,546.129,46.3844,0.678182,452.736,10673.5,138.092,23.1957,0.462701,114.433,120.642,23.1887,0.0718272,97.3816,258.734,0,0,0
1000,3,1,850,1,1,1,4315.98,18639.6,446.818,46.3844,0.482746,353.331,12361.4,128.652,23.1957,0.267264,105.189,74.4338,23.1887,0.0718272,51.1733,203.086,0,0,0
1000,3,1,851,1,1,1,4329.58,18668.5,413.362,46.3844,0.482746,319.778,12985.3,129.607,23.1957,0.267264,106.144,75.6683,23.1887,0.0718272,52.4078,205.275,0,0,0
1000,3,1,852,1,1,1,4347.22,18684.4,483.612,46.3844,0.731635,389.983,11768.9,75.7073,23.1957,0.302342,52.2093,131.16,23.1887,0.141984,107.83,206.868,0,0,0
1000,3,1,853,1,1,1,4316.94,18633.7,388.086,46.3844,0.482746,294.428,13399.9,81.6714,23.1957,0.267264,58.2084,120.249,23.1887,0.0718272,96.9881,201.92,0,0,0
1000,3,1,854,1,1,1,4356.73,18700.6,543.213,46.3844,0.517824,449.971,10708.1,135.152,23.1957,0.302342,111.654,121.75,23.1887,0.0718272,98.4897,256.902,0,0,0
1000,3,1,855,1,1,2,10346.5,24688.6,711.442,69.5741,0.519494,596.134,14104.3,125.319,23.1957,0.267264,101.856,288.949,46.3784,0.108576,242.462,414.268,1,0,0
1000,3,1,856,1,1,1,4314.7,18653.5,338.849,46.3844,0.482746,245.049,14295.2,110.716,23.1957,0.267264,87.2531,61.7136,23.1887,0.0718272,38.4531,172.43,0,0,0
1000,3,1,857,1,1,1,4327.88,18645.1,537.108,46.3844,0.482746,443.883,10761.4,110.359,23.1957,0.267264,86.8957,125.863,23.1887,0.0718272,102.603,236.222,0,0,0
1000,3,1,858,1,1,1,4333.77,18654.3,357.841,46.3844,0.517824,264.06,13958,74.4439,23.1957,0.302342,50.9459,107.956,23.1887,0.0718272,84.6957,182.4,0,0,0
1000,3,1,859,1,1,1,4337.26,18662.8,387.683,46.3844,0.6264,293.881,13435.8,127.4,23.1957,0.267264,103.937,78.8068,23.1887,0.0718272,55.5463,206.206,0,0,0
1000,3,1,860,1,1,1,4343.48,18704.9,544.35,46.3844,0.6264,451.003,10692,136.169,23.1957,0.267264,112.706,120.888,23.1887,0.0718272,97.627,257.057,0,0,0
1000,3,1,861,1,1,2,10339.9,24657.6,645.394,69.5741,0.806803,529.608,15246.9,74.8871,23.1957,0.267264,51.4242,295.422,46.3784,0.395885,248.647,370.309,1,0,0
1000,3,1,862,1,1,1,4370.95,18747.6,540.526,46.3844,0.678182,447.116,10802.7,128.256,23.1957,0.462701,104.597,131.5,23.1887,0.0718272,108.239,259.755,0,0,0
1000,3,1,863,1,1,1,4320.26,18648.1,497.182,46.3844,0.517824,403.806,11474.2,83.7423,23.1957,0.302342,60.2442,122.741,23.1887,0.0718272,99.4806,206.483,0,0,0
1000,3,1,864,1,1,1,4319.73,18651,396.037,46.3844,0.517824,302.367,13275.6,127.325,23.1957,0.302342,103.827,76.8053,23.1887,0.0718272,53.5448,204.13,0,0,0
1000,3,1,865,1,1,1,4321.07,18637.4,539.947,46.3844,0.482746,446.731,10703.2,131.691,23.1957,0.267264,108.228,120.366,23.1887,0.0718272,97.1055,252.057,0,0,0
1000,3,1,866,1,1,1,4318.22,24678.9,566.541,52.1883,0.696557,467.544,16371.2,277.95,28.9996,0.481075,248.375,75.2171,23.1887,0.0718272,51.9566,353.167,0,0,0
1000,3,1,867,1,1,2,10335.3,24653.1,699.61,69.5741,0.537869,584.25,14279,125.873,23.1957,0.267264,102.41,293.451,46.3784,0.12695,246.945,419.323,1,0,0
1000,3,1,868,1,1,1,4334.66,18659.2,459.316,46.3844,0.482746,365.865,12158.8,122.059,23.1957,0.267264,98.5962,75.0817,23.1887,0.0718272,51.8212,197.141,0,0,0
1000,3,1,869,1,1,1,4319.43,18642.7,389.853,46.3844,0.482746,296.2,13377.5,82.8319,23.1957,0.267264,59.3689,121.855,23.1887,0.0718272,98.5944,204.687,0,0,0
1000,3,1,870,1,1,1,4322.31,18660.9,329.299,46.3844,0.482746,235.47,14472.5,105.258,23.1957,0.267264,81.7953,57.974,23.1887,0.0718272,34.7135,163.232,0,0,0
1000,3,1,871,1,1,1,4328.33,18661.9,512.036,46.3844,0.552902,418.668,11223.5,127.807,23.1957,0.337421,104.274,100.852,23.1887,0.0718272,77.592,228.66,0,0,0
1000,3,1,872,1,1,1,4320.22,18635.9,446.948,46.3844,0.482746,353.461,12355.4,128.181,23.1957,0.267264,104.718,74.6125,23.1887,0.0718272,51.352,202.794,0,0,0
1000,3,1,873,1,1,1,4318.22,18633.1,535.13,46.3844,0.482746,441.9,10784.5,127.629,23.1957,0.267264,104.166,122.212,23.1887,0.0718272,98.9518,249.841,0,0,0
1000,3,1,874,1,1,1,4328.66,24671.7,694.403,52.1883,0.696557,595.777,14090.3,284.771,28.9996,0.481075,255.219,128.363,23.1887,0.0718272,105.103,413.134,0,0,0
1000,3,1,875,1,1,1,4329.85,18660.4,533.554,46.3844,0.482746,440.319,10839.9,106.282,23.1957,0.267264,82.8187,128.43,23.1887,0.0718272,105.169,234.711,0,0,0
1000,3,1,876,1,1,1,4316.94,18752.1,399.008,46.3844,0.678182,305.186,13323.6,129.423,23.1957,0.462701,105.765,75.7531,23.1887,0.0718272,52.4926,205.176,0,0,0
1000,3,1,877,1,1,1,4332.5,18667.7,539.037,46.3844,0.482746,445.818,10749.7,128.607,23.1957,0.267264,105.144,131.206,23.1887,0.0718272,107.945,259.813,0,0,0
1000,3,1,878,0,0,0,-1,-1,967.684,23.206,0.516154,898.22,262348,-1,-1,-1,-1,-1,-1,-1,-1,-1,0,0,0
1000,3,1,879,1,1,1,4330.6,18672.4,534.87,46.3952,0.536198,441.575,10828.2,127.287,23.2065,0.320717,103.76,127.165,23.1887,0.0718272,103.904,254.452,0,0,0
1000,3,1,880,1,1,1,4326.73,18682,542.647,46.3844,0.482746,449.439,10699.8,135.438,23.1957,0.267264,111.975,120.348,23.1887,0.0718272,97.0874,255.786,0,0,0
1000,3,1,881,1,1,1,4331.03,18691.9,361.173,46.3844,0.482746,267.437,13936.7,125.575,23.1957,0.267264,102.112,72.6362,23.1887,0.0718272,49.3757,198.211,0,0,0
1000,3,1,882,1,1,1,4344.26,18664.2,427.098,46.3844,0.552902,333.484,12736.2,78.8017,23.1957,0.267264,55.3388,136.008,23.1887,0.141984,112.677,214.81,0,0,0
1000,3,1,883,1,1,1,4315.98,18646.7,447.721,46.3844,0.482746,354.237,12352.5,127.614,23.1957,0.267264,104.151,74.45,23.1887,0.0718272,51.1895,202.064,0,0,0
1000,3,1,884,1,1,1,4321.16,18639.6,525.959,46.3844,0.482746,432.703,10954.1,126.542,23.1957,0.267264,103.079,115.576,23.1887,0.0718272,92.3155,242.118,0,0,0
1000,3,1,885,1,1,1,4317.9,24660.8,468.167,52.1883,0.731635,368.849,18102.1,246.948,28.9996,0.516154,217.251,50.2946,23.1887,0.0718272,27.0341,297.243,0,0,0
1000,3,1,886,1,1,1,4316.62,18636.8,311.449,46.3844,0.482746,217.569,14765.8,91.7006,23.1957,0.267264,68.2377,48.5873,23.1887,0.0718272,25.3268,140.288,0,0,0
1000,3,1,887,1,1,1,4322.63,18641.8,547.088,46.3844,0.482746,453.893,10580.6,122.915,23.1957,0.267264,99.4517,127.533,23.1887,0.0718272,104.272,250.447,0,0,0
1000,3,1,888,1,1,1,4320.33,18653.1,465.453,46.3844,0.482746,372.02,12043.6,77.3904,23.1957,0.267264,53.9274,135.308,23.1887,0.0718272,112.047,212.698,0,0,0
1000,3,1,889,1,1,1,4321.08,18645.1,461.465,46.3844,0.482746,368.02,12106.5,121.666,23.1957,0.267264,98.2028,74.4555,23.1887,0.0718272,51.195,196.121,0,0,0
1000,3,1,890,1,1,1,4334.68,18659.7,539.563,46.3844,0.517824,446.311,10732.1,126.031,23.1957,0.302342,102.532,126.542,23.1887,0.0718272,103.281,252.573,0,0,0
1000,3,1,891,1,1,1,4333.01,18655.3,392.261,46.3844,0.748339,298.35,13346.3,81.1431,23.1957,0.462701,57.4847,123.232,23.1887,0.141984,99.9011,204.375,0,0,0
1000,3,1,892,1,1,1,4325.94,18641.2,511.012,46.3844,0.482746,417.712,11221.6,92.9784,23.1957,0.267264,69.5155,126.352,23.1887,0.0718272,103.092,219.331,0,0,0
1000,3,1,893,1,1,1,4335.7,18654.5,404.056,46.3844,0.6264,310.301,13136.4,79.5038,23.1957,0.267264,56.0408,129.832,23.1887,0.0718272,106.572,209.336,0,0,0
1000,3,1,894,1,0,0,-1,-1,786.889,23.1957,0.497779,716.928,258596,-1,-1,-1,-1,-1,-1,-1,-1,-1,0,0,0
1000,3,1,895,1,1,1,4320.07,18634.6,539.807,46.3844,0.482746,446.591,10702.9,130.365,23.1957,0.267264,106.902,121.539,23.1887,0.0718272,98.2786,251.904,0,0,0
1000,3,1,896,1,1,1,4335.85,18653.8,541.088,46.3844,0.482746,447.876,10699.3,129.25,23.1957,0.267264,105.787,128.136,23.1887,0.0718272,104.875,257.385,0,0,0
1000,3,1,897,1,1,1,4318.44,18659,317.006,46.3844,0.482746,223.142,14689.1,95.3409,23.1957,0.267264,71.878,49.8831,23.1887,0.0718272,26.6226,145.224,0,0,0
1000,3,1,898,1,1,1,4343.06,18674.9,546.262,46.3844,0.482746,453.064,10628.4,122.012,23.1957,0.267264,98.5493,128.02,23.1887,0.0718272,104.76,250.032,0,0,0
1000,3,1,899,1,1,1,4331.85,18673.4,538.242,46.3844,0.678182,444.825,10769,129.183,23.1957,0.462701,105.525,127.681,23.1887,0.0718272,104.42,256.864,0,0,0
1000,3,1,900,1,1,1,4324.41,18673.5,393.545,46.3844,0.482746,299.904,13342.6,78.0925,23.1957,0.267264,54.6295,124.719,23.1887,0.0718272,101.459,202.812,0,0,0
1000,3,1,901,1,1,1,4345.74,24736.8,684.449,52.1883,1.03565,585.455,14331.6,276.66,28.9996,0.676512,246.88,126.426,23.1887,0.0718272,103.166,403.086,0,0,0
1000,3,1,902,1,1,1,4347.14,18702.1,521.745,46.3952,0.788429,428.16,11090.7,128.728,23.2065,0.285638,105.236,108.451,23.1887,0.0718272,85.1902,237.179,0,0,0
1000,3,1,903,1,1,1,4340.62,18654.2,432.287,46.3844,0.482746,338.757,12634.4,74.5045,23.1957,0.267264,51.0415,138.443,23.1887,0.0718272,115.182,212.947,0,0,0
1000,3,1,904,1,1,1,4330.06,18660.9,395.804,46.3844,0.482746,302.169,13289.9,127.362,23.1957,0.267264,103.899,76.9371,23.1887,0.0718272,53.6766,204.299,0,0,0
1000,3,1,905,1,1,2,10327.7,24646.1,656.257,69.5741,0.663149,540.646,15042.8,81.2779,23.1957,0.267264,57.815,290.306,46.3784,0.108576,243.819,371.584,1,0,0
1000,3,1,906,1,1,1,4386.45,18706.5,537.682,46.3844,0.482746,444.459,10812.6,123.992,23.1957,0.267264,100.529,129.052,23.1887,0.0718272,105.792,253.045,0,0,0
1000,3,1,907,1,1,1,4332.55,24743.7,548.558,52.1883,0.766714,449.439,16755.3,277.38,28.9996,0.551232,247.725,77.1663,23.1887,0.0718272,53.9058,354.546,0,0,0
1000,3,1,908,1,1,1,4318.66,18631.6,369.131,46.3844,0.482746,275.418,13734.8,79.0472,23.1957,0.267264,55.5842,112.34,23.1887,0.0718272,89.0795,191.387,0,0,0
1000,3,1,909,1,1,1,4318.41,18650.8,406.137,46.3844,0.678182,312.337,13095.5,129.939,23.1957,0.462701,106.281,75.7531,23.1887,0.0718272,52.4926,205.693,0,0,0
1000,3,1,910,1,1,1,4319.18,18663.9,421.732,46.3844,0.482746,328.172,12831.9,129.885,23.1957,0.267264,106.422,75.5762,23.1887,0.0718272,52.3157,205.461,0,0,0
1000,3,1,911,1,1,1,4319.18,18689.5,555.123,46.3844,0.482746,461.951,10485.5,136.774,23.1957,0.267264,113.311,128.159,23.1887,0.0718272,104.899,264.933,0,0,0
1000,3,1,912,1,1,1,4320.92,18634.8,498.314,46.3844,0.482746,404.977,11440.9,86.5479,23.1957,0.267264,63.085,123.423,23.1887,0.0718272,100.163,209.971,0,0,0
1000,3,1,913,1,1,1,4414.34,18739.3,539.712,46.3844,0.482746,446.495,10809.3,127.239,23.1957,0.267264,103.776,129.693,23.1887,0.0718272,106.433,256.932,0,0,0
1000,3,1,914,1,1,1,4346.82,18671.9,346.326,46.3844,0.517824,252.511,14180.5,116.224,23.1957,0.267264,92.7613,64.6129,23.1887,0.106906,41.3173,180.837,0,0,0
1000,3,1,915,1,1,1,4322.12,18677.9,535.02,46.3844,0.482746,441.79,10831.3,126.14,23.1957,0.267264,102.677,123.647,23.1887,0.0718272,100.387,249.787,0,0,0
1000,3,1,916,1,1,1,4323.78,18643,518.853,46.3844,0.482746,425.575,11083.9,128.76,23.1957,0.267264,105.297,107.099,23.1887,0.0718272,83.8384,235.859,0,0,0
1000,3,1,917,0,0,0,-1,-1,372.849,23.206,0.746669,301.425,248505,-1,-1,-1,-1,-1,-1,-1,-1,-1,0,0,0
1000,3,1,918,1,1,1,4316.94,18693.6,544.35,46.3844,0.517824,451.112,10680.9,137.787,23.1957,0.302342,114.289,119.808,23.1887,0.0718272,96.5478,257.595,0,0,0
1000,3,1,919,1,1,1,4318.82,18676.9,375.259,46.3844,0.713261,281.334,13670.5,128.17,23.1957,0.497779,104.476,76.5671,23.1887,0.0718272,53.3066,204.737,0,0,0
1000,3,1,920,1,1,1,4328.24,18708.7,539.993,46.3844,0.678182,446.582,10773.2,128.185,23.1957,0.462701,104.527,130.978,23.1887,0.0718272,107.718,259.163,0,0,0
1000,3,1,921,1,1,1,4382.35,18722.6,487.589,46.3844,0.908698,393.795,11718.3,76.2895,23.1957,0.693216,52.4006,131.909,23.1887,0.0718272,108.649,208.199,0,0,0
1000,3,1,922,1,1,1,4337.37,18651.2,414.877,46.3844,0.482746,321.298,12941,76.0025,23.1957,0.267264,52.5395,135.328,23.1887,0.0718272,112.067,211.33,0,0,0
1000,3,1,923,1,1,1,4372.1,18708,486.792,46.3844,0.482746,393.421,11719,76.2317,23.1957,0.267264,52.7687,131.453,23.1887,0.0718272,108.192,207.685,0,0,0
1000,3,1,924,1,1,1,4329.55,18655.2,556.072,46.3844,0.482746,462.902,10434.3,136.218,23.1957,0.267264,112.755,126.959,23.1887,0.0718272,103.698,263.177,0,0,0
1000,3,1,925,1,1,1,4345.74,18671,427.498,46.3844,0.482746,333.955,12736.4,78.2783,23.1957,0.267264,54.8154,136.039,23.1887,0.0718272,112.778,214.317,0,0,0
1000,3,1,926,1,1,1,4344.7,18679,552.427,46.3844,0.482746,459.248,10522.9,138.542,23.1957,0.267264,115.079,127.686,23.1887,0.0718272,104.426,266.229,0,0,0
1000,3,1,927,1,1,1,4374.99,18691.8,393.188,46.3844,0.6264,299.402,13366.9,81.9511,23.1957,0.267264,58.4882,123.745,23.1887,0.0718272,100.484,205.696,0,0,0
1000,3,1,928,1,1,1,4347.5,18676.2,443.994,46.3844,0.6264,350.355,12447.8,77.4572,23.1957,0.267264,53.9942,138.006,23.1887,0.0718272,114.746,215.463,0,0,0
1000,3,1,929,1,1,1,4322.25,18635.1,418.661,46.3844,0.517824,325.057,12857.4,76.858,23.1957,0.267264,53.395,133.87,23.1887,0.106906,110.575,210.728,0,0,0
1000,3,1,930,1,1,1,4341.55,18672.1,555.597,46.3844,0.482746,462.426,10459.6,133.502,23.1957,0.267264,110.039,127.65,23.1887,0.0718272,104.39,261.152,0,0,0
1000,3,1,931,1,1,1,4394.05,18741.4,537.961,46.3844,0.678182,444.544,10842.1,124.354,23.1957,0.462701,100.695,129.785,23.1887,0.0718272,106.525,254.139,0,0,0
1000,3,1,932,1,1,1,4323.14,18640.6,474.704,46.3844,0.482746,381.298,11866.6,119.852,23.1957,0.267264,96.389,73.7931,23.1887,0.0718272,50.5326,193.645,0,0,0
1000,3,1,933,1,1,1,4318.86,24701.9,585.315,52.1883,0.801792,486.267,16059.7,274.09,28.9996,0.58631,244.395,74.0097,23.1887,0.0718272,50.7492,348.1,0,0,0
1000,3,1,934,1,1,1,4319.69,18633.2,477.375,46.3844,0.482746,383.977,11811.7,74.6579,23.1957,0.267264,51.195,133.117,23.1887,0.0718272,109.856,207.775,0,0,0
1000,3,1,935,1,1,1,4330.82,18763.5,441.539,46.3844,0.587981,347.931,12578.5,131.529,23.1957,0.337421,107.996,72.6623,23.1887,0.106906,49.3667,204.191,0,0,0
1000,3,1,936,1,1,1,4326.55,18662.1,540.606,46.3844,0.482746,447.392,10716.1,127.326,23.1957,0.267264,103.863,131.491,23.1887,0.0718272,108.23,258.816,0,0,0
1000,3,1,937,1,1,1,4316.62,18645,548.529,46.3844,0.517824,455.302,10557.9,138.975,23.1957,0.302342,115.477,125.928,23.1887,0.0718272,102.668,264.903,0,0,0
1000,3,1,938,1,1,1,4330.57,18667,504.513,46.3844,0.517824,411.159,11362.7,126.135,23.1957,0.302342,102.637,91.3159,23.1887,0.0718272,68.0554,217.451,0,0,0
1000,3,1,939,1,1,1,4342.61,18680.9,546.079,46.3844,0.482746,452.88,10637.7,138.692,23.1957,0.267264,115.229,122.2,23.1887,0.0718272,98.9391,260.892,0,0,0
1000,3,1,940,1,1,1,4318.98,24654.1,697.162,52.1883,0.536198,598.704,14023.9,291.669,28.9996,0.320717,262.299,124.3,23.1887,0.0718272,101.04,415.97,0,0,0
1000,3,1,941,1,1,1,4322.22,18642.6,555.577,46.3844,0.482746,462.406,10430.5,134.184,23.1957,0.267264,110.721,128.516,23.1887,0.0718272,105.256,262.7,0,0,0
1000,3,1,942,1,1,1,4335.95,18679.6,427.515,46.3844,0.517824,333.937,12744.4,78.143,23.1957,0.267264,54.68,135.742,23.1887,0.106906,112.446,213.885,0,0,0
1000,3,1,943,1,1,1,4318.54,18643.5,408.653,46.3844,0.482746,315.055,13044,77.8326,23.1957,0.267264,54.3696,132.386,23.1887,0.0718272,109.125,210.218,0,0,0
1000,3,1,944,1,1,1,4341.59,18669.4,489.206,46.3844,0.517824,395.807,11637.2,77.8975,23.1957,0.267264,54.4346,129.409,23.1887,0.106906,106.113,207.306,0,0,0
1000,3,1,945,1,1,1,4339.37,18708.9,505.497,46.3844,0.482746,412.18,11387.3,127.51,23.1957,0.267264,104.047,94.1476,23.1887,0.0718272,70.8871,221.657,0,0,0
1000,3,1,946,1,1,1,4325.58,24665.2,699.943,52.1883,1.12251,600.908,13984.1,290.327,28.9996,0.907027,260.366,131.24,23.1887,0.0718272,107.979,421.567,0,0,0
1000,3,1,947,1,1,1,4329.54,18643.1,506.895,46.3844,0.482746,413.583,11296.6,92.8611,23.1957,0.267264,69.3982,126.172,23.1887,0.0718272,102.912,219.033,0,0,0
1000,3,1,948,1,1,1,4318.34,18727,429.672,46.3844,0.482746,336.135,12753.8,132.305,23.1957,0.267264,108.842,75.3976,23.1887,0.0718272,52.1371,207.703,0,0,0
1000,3,1,949,1,1,2,10344,24680.8,647.469,69.5741,0.87696,531.618,15232.8,75.9808,23.1957,0.267264,52.5179,296.309,46.3784,0.466042,249.465,372.29,1,0,0
1000,3,1,950,1,0,0,-1,-1,1020.51,23.1957,0.267264,951.46,263623,-1,-1,-1,-1,-1,-1,-1,-1,-1,0,0,0
1000,3,1,951,1,1,1,4326.62,18640.8,455.178,46.3844,0.6264,361.572,12213.6,77.7568,23.1957,0.267264,54.2938,137.903,23.1887,0.0718272,114.643,215.66,0,0,0
1000,3,1,952,1,1,1,4325.26,18641,491.035,46.3844,0.482746,397.677,11576.5,121.283,23.1957,0.267264,97.8202,79.6334,23.1887,0.0718272,56.3729,200.917,0,0,0
1000,3,1,953,1,1,1,4317.06,18645.4,515.097,46.3952,0.50112,421.78,11153,128.486,23.2065,0.285638,104.994,104.094,23.1887,0.0718272,80.8334,232.58,0,0,0
1000,3,1,954,1,0,0,-1,-1,817.897,23.2065,0.481075,748.032,259280,-1,-1,-1,-1,-1,-1,-1,-1,-1,0,0,0
1000,3,1,955,1,1,1,4324.48,18636.7,506.564,46.3844,0.482746,413.25,11296.2,92.3359,23.1957,0.267264,68.873,126.885,23.1887,0.0718272,103.624,219.221,0,0,0
1000,3,1,956,1,1,1,4330.06,18673.6,419.08,46.3844,0.770054,325.225,12887.9,131.89,23.1957,0.267264,108.427,74.4464,23.1887,0.0718272,51.1859,206.336,0,0,0
1000,3,1,957,1,1,1,4396.17,18756.9,539.316,46.3844,0.661478,445.919,10833.3,127.885,23.1957,0.267264,104.422,127.079,23.1887,0.106906,103.783,254.964,0,0,0
1000,3,1,958,1,1,1,4316.3,24633.1,386.135,52.1883,0.696557,286.613,19533.4,200.403,28.9996,0.481075,170.61,34.3745,23.1887,0.0718272,11.114,234.777,0,0,0
1000,3,1,959,1,1,1,4329.37,18664.7,556.416,46.3844,0.517824,463.213,10437.4,136.406,23.1957,0.302342,112.908,126.768,23.1887,0.0718272,103.507,263.174,0,0,0
1000,3,1,960,0,0,0,-1,-1,391.405,23.206,0.516154,320.265,248973,-1,-1,-1,-1,-1,-1,-1,-1,-1,0,0,0
1000,3,1,961,1,1,1,4330.47,18696.6,553.388,46.3844,0.840211,459.854,10529.7,139.529,23.1957,0.337421,115.996,127.379,23.1887,0.0718272,104.119,266.909,0,0,0
1000,3,1,962,1,1,1,4317.38,24634.5,354.398,52.1883,0.696557,254.784,20099.1,185.02,28.9996,0.481075,155.182,27.7129,23.1887,0.0718272,4.45244,212.733,0,0,0
1000,3,1,963,1,1,1,4316.62,24645.3,505.869,52.1883,0.50112,406.89,17417,274.016,28.9996,0.285638,244.63,67.1713,23.1887,0.0718272,43.9108,341.187,0,0,0
1000,3,1,964,1,1,1,4321.76,18637,479.896,46.3844,0.482746,386.505,11770.7,74.7716,23.1957,0.267264,51.3087,129.718,23.1887,0.0718272,106.458,204.49,0,0,0
1000,3,1,965,1,1,1,4329.16,18647.7,540.369,46.3844,0.482746,447.154,10706,131.996,23.1957,0.267264,108.533,120.185,23.1887,0.0718272,96.925,252.182,0,0,0
1000,3,1,966,1,1,1,4328.84,18664,449.403,46.3844,0.517824,355.889,12339.6,127.709,23.1957,0.302342,104.211,75.8831,23.1887,0.0718272,52.6226,203.592,0,0,0
1000,3,1,967,1,1,1,4339.4,18675.7,419.483,46.3844,0.965491,325.434,12882.3,131.589,23.1957,0.462701,107.931,75.477,23.1887,0.0718272,52.2165,207.066,0,0,0
1000,3,1,968,1,1,1,4315.66,18673.8,496.134,46.3844,0.517824,402.756,11518.4,123.811,23.1957,0.302342,100.313,82.2684,23.1887,0.0718272,59.0079,206.079,0,0,0
1000,3,1,969,1,1,1,4324.42,18656.3,502.785,46.3844,0.482746,409.46,11383,126.241,23.1957,0.267264,102.778,89.6392,23.1887,0.0718272,66.3787,215.88,0,0,0
1000,3,1,970,1,1,1,4316.94,18671.2,458.748,46.3844,0.678182,365.1,12180.5,121.392,23.1957,0.462701,97.7335,74.6919,23.1887,0.0718272,51.4314,196.084,0,0,0
1000,3,1,971,1,1,1,4315.02,24653.4,472.094,52.1883,0.731635,372.787,18024.9,249.82,28.9996,0.516154,220.131,53.2545,23.1887,0.0718272,29.994,303.074,0,0,0
1000,3,1,972,1,1,1,4324.6,18639.4,535.054,46.3844,0.482746,441.824,10792.2,124.241,23.1957,0.267264,100.778,127.74,23.1887,0.0718272,104.48,251.982,0,0,0
1000,3,1,973,1,1,1,4347.66,18692.7,412.114,46.3844,0.6264,318.383,13031.2,77.3705,23.1957,0.267264,53.9076,136.752,23.1887,0.0718272,113.491,214.122,0,0,0
1000,3,1,974,1,1,1,4319.48,18676.9,449.095,46.3844,0.517824,355.58,12358,128.792,23.1957,0.302342,105.294,74.7478,23.1887,0.0718272,51.4873,203.54,0,0,0
1000,3,1,975,1,1,1,4316.3,18642.5,374.893,46.3844,0.482746,281.197,13643.3,127.593,23.1957,0.267264,104.13,77.1753,23.1887,0.0718272,53.9148,204.768,0,0,0
1000,3,1,976,1,1,1,4315.02,18663.9,541.033,46.3844,0.482746,447.82,10710.4,128.618,23.1957,0.267264,105.155,126.221,23.1887,0.0718272,102.96,254.839,0,0,0
1000,3,1,977,1,1,1,4349.06,18767.3,405.899,46.3844,0.552902,312.223,13216.3,133.75,23.1957,0.302342,110.252,77.5713,23.1887,0.106906,54.2758,211.321,0,0,0
1000,3,1,978,1,1,1,4330.5,18745.8,487.781,46.3844,0.517824,394.378,11739,123.951,23.1957,0.302342,100.453,75.8416,23.1887,0.0718272,52.581,199.793,0,0,0
1000,3,1,979,1,1,1,4324.68,18689.8,482.535,46.3844,0.713261,388.922,11775.8,121.462,23.1957,0.462701,97.8039,73.3192,23.1887,0.106906,50.0236,194.782,0,0,0
1000,3,1,980,1,1,1,4327.82,24687.1,539.906,52.1883,0.945446,440.582,16851.9,272.129,28.9996,0.58631,242.432,76.7024,23.1887,0.0718272,53.4419,348.831,0,0,0
1000,3,1,981,1,1,1,4343.75,18663.6,480.555,46.3844,0.482746,387.166,11785.5,74.6579,23.1957,0.267264,51.195,130.222,23.1887,0.0718272,106.961,204.88,0,0,0
1000,3,1,982,1,1,1,4364.05,18740.9,360.658,46.3844,0.713261,266.69,13994.1,125.074,23.1957,0.462701,101.415,71.7635,23.1887,0.106906,48.4679,196.837,0,0,0
1000,3,1,983,1,1,1,4349.62,18662.5,448.652,46.3844,0.482746,355.17,12351.7,76.1234,23.1957,0.267264,52.6605,140.565,23.1887,0.0718272,117.305,216.689,0,0,0
1000,3,1,984,1,1,1,4315.66,18660.3,310.009,46.3844,0.482746,216.125,14814.9,91.7981,23.1957,0.267264,68.3351,46.8763,23.1887,0.0718272,23.6158,138.674,0,0,0
1000,3,1,985,1,1,1,4325.89,18654.2,535.531,46.3844,0.482746,442.302,10798.5,125.082,23.1957,0.267264,101.619,128.248,23.1887,0.0718272,104.987,253.33,0,0,0
1000,3,1,986,1,1,1,4326.06,18654.3,436.252,46.3844,0.6264,342.591,12563.6,127.959,23.1957,0.267264,104.496,72.2301,23.1887,0.0718272,48.9696,200.189,0,0,0
1000,3,1,987,1,1,1,4332.42,18733.2,405.09,46.3844,0.482746,311.481,13197.1,133.132,23.1957,0.267264,109.669,76.7151,23.1887,0.0718272,53.4546,209.847,0,0,0
1000,3,1,988,1,1,1,4326.76,18661.4,451.135,46.3844,0.661478,357.482,12305.8,126.135,23.1957,0.302342,102.637,74.4627,23.1887,0.0718272,51.2022,200.598,0,0,0
1000,3,1,989,1,0,0,-1,-1,1270.18,23.1957,0.337421,1201.78,275896,-1,-1,-1,-1,-1,-1,-1,-1,-1,0,0,0
1000,3,1,990,1,1,1,4343.88,18711.1,512.18,46.3844,0.482746,418.883,11270.7,129.392,23.1957,0.267264,105.929,99.9158,23.1887,0.0718272,76.6553,229.308,0,0,0
1000,3,1,991,1,1,2,4346.82,18706.8,407.064,69.5741,0.768384,290.623,13525.6,82.7919,23.1957,0.337421,59.2588,140.371,46.3784,0.287309,93.7052,223.163,1,0,0
1000,3,1,992,1,1,1,4319.94,24637.2,687.363,52.1883,0.731635,588.682,14180.8,275.753,28.9996,0.516154,246.144,126.731,23.1887,0.0718272,103.471,402.485,0,0,0
1000,3,1,993,0,0,0,-1,-1,739.099,23.206,0.516154,668.971,257400,-1,-1,-1,-1,-1,-1,-1,-1,-1,0,0,0
1000,3,1,994,1,1,1,4321.86,18665.1,529.298,46.3844,0.517824,436.016,10920.1,102.717,23.1957,0.267264,79.2542,129.326,23.1887,0.106906,106.03,232.043,0,0,0
1000,3,1,995,1,1,1,4332.26,18646.8,406.203,46.3952,0.644774,312.425,13090.4,79.1829,23.2065,0.285638,55.6907,129.713,23.1887,0.0718272,106.453,208.896,0,0,0
1000,3,1,996,1,1,2,10371.1,24692.4,579.076,69.5741,0.589651,463.314,16461.4,78.5499,23.1957,0.302342,55.0518,307.195,46.3784,0.143654,260.673,385.745,1,0,0
1000,3,1,997,1,1,1,4327.37,18659.6,520.183,46.3844,0.678182,426.714,11076.3,129.135,23.1957,0.462701,105.476,108.09,23.1887,0.0718272,84.8292,237.224,0,0,0
1000,3,1,998,1,1,1,4333.36,18650.4,540.739,46.3844,0.482746,447.525,10702.1,132.327,23.1957,0.267264,108.864,120.344,23.1887,0.0718272,97.0838,252.671,0,0,0
1000,3,1,999,1,1,1,4351.61,24696,688.061,52.1883,0.606355,589.507,14227.2,274.565,28.9996,0.355795,245.108,127.611,23.1887,0.106906,104.316,402.176,0,0,0
1000,3,1,1000,1,1,1,4331.27,18652.4,382.21,46.3844,0.482746,288.535,13523.1,82.1027,23.1957,0.267264,58.6398,117.067,23.1887,0.0718272,93.8063,199.17,0,0,0
