N,seed,dutyCycle,devId,registered,authSuccess,attempts,latencyMs,e2eMs,fullEnergyMJ,fullCpuEnergyMJ,fullTxEnergyMJ,fullRxEnergyMJ,idleListeningMs,regEnergyMJ,regCpuEnergyMJ,regTxEnergyMJ,regRxEnergyMJ,authEnergyMJ,authCpuEnergyMJ,authTxEnergyMJ,authRxEnergyMJ,sessionEnergyMJ,fallbackUsed,replayRejected,desync
1200,3,0,1,1,1,2,10346.2,30691.1,1651.86,75.3781,0.768384,1533.39,272795,336.101,28.9996,0.516154,306.585,201.148,46.3784,0.108576,154.661,537.248,1,0,0
1200,3,0,2,1,1,1,4323.61,24748.2,1629.21,52.1883,0.96215,1533.03,272797,329.823,28.9996,0.746669,300.077,104.551,23.1887,0.0718272,81.29,434.374,0,0,0
1200,3,0,3,1,1,1,4328.79,18682.4,1623.82,46.3844,0.713261,1533.53,272794,156.69,23.1957,0.462701,133.032,155.091,23.1887,0.106906,131.796,311.781,0,0,0
1200,3,0,4,1,1,1,4321.17,18707.2,1623.55,46.3844,0.517824,1533.45,272799,149.312,23.1957,0.302342,125.814,104.5,23.1887,0.0718272,81.2395,253.812,0,0,0
1200,3,0,5,1,1,1,4485,18906.9,1623.72,46.3844,0.482746,1533.66,272796,149.938,23.1957,0.267264,126.475,160.689,23.1887,0.0718272,137.428,310.627,0,0,0
1200,3,0,6,1,1,1,4344.62,18722.5,1623.83,46.3844,0.517824,1533.73,272794,134.337,23.1957,0.267264,110.874,149.691,23.1887,0.106906,126.396,284.028,0,0,0
1200,3,0,7,1,1,1,4323.46,18701.3,1623.85,46.3844,0.482746,1533.79,272794,156.04,23.1957,0.267264,132.577,79.8717,23.1887,0.0718272,56.6112,235.912,0,0,0
1200,3,0,8,1,1,1,4361.99,24845.1,1629.24,52.1883,1.07073,1532.96,272797,337.995,28.9996,0.71159,308.283,116.551,23.1887,0.0718272,93.2901,454.545,0,0,0
1200,3,0,9,1,1,1,4317.9,30630.9,1635.31,57.9922,1.17596,1533.29,272788,392.303,34.8035,0.96048,355.961,33.4161,23.1887,0.0718272,10.1556,425.719,0,0,0
1200,3,0,10,1,1,1,4369.7,18690.4,1623.11,46.3844,0.6264,1532.9,272807,88.9465,23.1957,0.267264,65.4836,139.439,23.1887,0.0718272,116.179,228.386,0,0,0
1200,3,0,11,1,1,1,4335.06,30738.4,1635.1,57.9922,1.3714,1532.89,272792,495.578,34.8035,1.15592,459.325,154.206,23.1887,0.0718272,130.945,649.784,0,0,0
1200,3,0,12,1,1,1,4337.65,18719.8,1623.89,46.3844,0.552902,1533.75,272793,149.218,23.1957,0.337421,125.684,150.766,23.1887,0.0718272,127.506,299.984,0,0,0
1200,3,0,13,1,1,1,4317.9,24633.7,1628.93,52.1883,0.696557,1533.02,272803,286.672,28.9996,0.481075,257.13,56.4652,23.1887,0.0718272,33.2047,343.137,0,0,0
1200,3,0,14,1,1,1,4518.37,18835.8,1623.24,46.3844,0.587981,1533.07,272804,147.963,23.1957,0.267264,124.501,161.514,23.1887,0.177062,138.148,309.478,0,0,0
1200,3,0,15,1,1,1,4330.74,18660.5,1623.68,46.3844,0.482746,1533.61,272797,91.7981,23.1957,0.267264,68.3351,152.935,23.1887,0.0718272,129.675,244.733,0,0,0
1200,3,0,16,1,1,1,4370.04,18891.8,1623.23,46.3844,0.587981,1533.06,272804,165.124,23.1957,0.372499,141.556,145.388,23.1887,0.0718272,122.127,310.512,0,0,0
1200,3,0,17,1,1,1,4385.29,18722.9,1623.72,46.3844,1.00057,1533.14,272795,155.205,23.1957,0.462701,131.546,120.166,23.1887,0.106906,96.8708,275.371,0,0,0
1200,3,0,18,1,1,1,4341.14,18736.6,1623.24,46.3844,0.482746,1533.18,272805,156.323,23.1957,0.267264,132.86,79.7038,23.1887,0.0718272,56.4433,236.027,0,0,0
1200,3,0,19,1,1,1,4370.1,24763.1,1629.25,52.1883,0.696557,1533.34,272798,300.808,28.9996,0.481075,271.294,157.326,23.1887,0.0718272,134.066,458.134,0,0,0
1200,3,0,20,1,1,1,4394.33,30719.9,1635.35,57.9922,1.42819,1533.09,272787,526.799,34.8035,0.925402,490.88,156.745,23.1887,0.0718272,133.485,683.544,0,0,0
1200,3,0,21,1,1,1,4324.52,18718.9,1623.26,46.3844,0.482746,1533.2,272805,148.785,23.1957,0.267264,125.322,106.339,23.1887,0.0718272,83.0786,255.124,0,0,0
1200,3,0,22,1,1,1,4320.01,24812.2,1629.09,52.1883,0.50112,1533.37,272801,348.383,28.9996,0.285638,319.098,153.323,23.1887,0.0718272,130.063,501.706,0,0,0
1200,3,0,23,1,1,1,4330.76,18651.9,1624.03,46.3844,0.482746,1533.96,272791,148.759,23.1957,0.267264,125.296,156.695,23.1887,0.0718272,133.434,305.454,0,0,0
1200,3,0,24,1,0,0,-1,-1,1601.33,23.1957,0.462701,1533.77,272796,-1,-1,-1,-1,-1,-1,-1,-1,-1,0,0,0
1200,3,0,25,1,1,1,4417.88,18745.2,1623.78,46.3844,0.517824,1533.68,272795,85.8784,23.1957,0.267264,62.4154,161.094,23.1887,0.106906,137.798,246.972,0,0,0
1200,3,0,26,1,1,1,4320.52,18672.3,1623.78,46.3844,0.517824,1533.68,272795,96.1882,23.1957,0.302342,72.6901,151.141,23.1887,0.0718272,127.881,247.33,0,0,0
1200,3,0,27,1,1,1,4315.27,18658.9,1623.77,46.3844,0.482746,1533.7,272796,148.842,23.1957,0.267264,125.379,103.145,23.1887,0.0718272,79.8841,251.987,0,0,0
1200,3,0,28,1,1,1,4333.81,18657.4,1623.78,46.3844,0.482746,1533.71,272796,92.8972,23.1957,0.267264,69.4343,151.703,23.1887,0.0718272,128.442,244.6,0,0,0
1200,3,0,29,1,1,2,10330.4,24735,1645.99,69.5849,0.768384,1533.14,272799,153.84,23.2065,0.516154,130.117,353.659,46.3784,0.108576,307.172,507.498,1,0,0
1200,3,0,30,1,1,1,4495.54,18816.7,1623.74,46.3844,0.517824,1533.64,272796,84.1169,23.1957,0.267264,60.6539,162.505,23.1887,0.106906,139.21,246.622,0,0,0
1200,3,0,31,1,1,2,10339.5,24723.5,1646.06,69.5741,0.519494,1533.47,272799,153.38,23.1957,0.267264,129.917,354.388,46.3784,0.108576,307.901,507.767,1,0,0
1200,3,0,32,1,1,1,4316.62,18756.4,1623.58,46.3844,0.748339,1533.25,272798,156.847,23.1957,0.532858,133.118,75.5275,23.1887,0.0718272,52.267,232.375,0,0,0
1200,3,0,33,1,1,1,4384.53,18729.6,1623.98,46.3844,0.678182,1533.72,272791,126.373,23.1957,0.462701,102.715,154.484,23.1887,0.0718272,131.223,280.857,0,0,0
1200,3,0,34,1,1,1,4340.21,18656.3,1623.6,46.3844,0.482746,1533.53,272799,114.939,23.1957,0.267264,91.4763,153.125,23.1887,0.0718272,129.864,268.064,0,0,0
1200,3,0,35,1,1,3,16336.3,30653.8,1668.46,92.7639,0.843552,1533.06,272799,89.1378,23.1957,0.267264,65.6749,559.403,69.5682,0.432634,489.402,648.541,2,0,0
1200,3,0,36,1,1,1,4374.74,18827.4,1623.42,46.3844,0.536198,1533.3,272802,162.489,23.1957,0.302342,138.991,149.705,23.1887,0.0902016,126.426,312.194,0,0,0
1200,3,0,37,1,1,1,4327.08,18676.4,1623.57,46.3844,0.517824,1533.47,272799,145.824,23.1957,0.302342,122.326,71.6725,23.1887,0.0718272,48.412,217.496,0,0,0
1200,3,0,38,1,1,1,4315.02,30667.3,1634.72,57.9922,0.945446,1532.93,272800,342.221,34.8035,0.729965,305.957,25.2313,23.1887,0.0718272,1.97084,367.452,0,0,0
1200,3,0,39,1,1,2,10350.1,24694,1646.2,69.5741,0.554573,1533.57,272796,144.229,23.1957,0.267264,120.766,345.928,46.3784,0.143654,299.405,490.157,1,0,0
1200,3,0,40,1,1,1,4434.69,18750.8,1623.64,46.3844,0.731635,1533.33,272797,85.4759,23.1957,0.267264,62.0129,159.81,23.1887,0.177062,136.445,245.286,0,0,0
1200,3,0,41,1,1,2,4416.1,18736.3,1646.25,69.5741,0.985536,1533.2,272794,89.4013,23.1957,0.267264,65.9384,178.311,46.3784,0.287309,131.646,267.713,1,0,0
1200,3,0,42,1,1,1,4340.39,18670.7,1623.7,46.3844,0.913709,1533.21,272796,88.5747,23.1957,0.267264,65.1118,140.033,23.1887,0.0718272,116.772,228.608,0,0,0
1200,3,0,43,1,1,1,4321.7,24659.4,1628.94,52.1883,0.536198,1533.19,272803,242.646,28.9996,0.320717,213.132,37.9949,23.1887,0.0718272,14.7344,280.641,0,0,0
1200,3,0,44,1,1,1,4330.34,24742.1,1629.43,52.1883,0.927072,1533.29,272794,341.458,28.9996,0.71159,311.747,132.489,23.1887,0.0718272,109.228,473.947,0,0,0
1200,3,0,45,1,0,0,-1,-1,1600.93,23.1957,0.267264,1533.57,272803,-1,-1,-1,-1,-1,-1,-1,-1,-1,0,0,0
1200,3,0,46,1,1,1,4321.65,24803,1629.06,52.1883,0.766714,1533.08,272801,348.136,28.9996,0.551232,318.585,152.378,23.1887,0.0718272,129.117,500.514,0,0,0
1200,3,0,47,1,1,1,4325.21,18687.7,1623.57,46.3844,0.517824,1533.47,272799,148.446,23.1957,0.302342,124.948,104.744,23.1887,0.0718272,81.4831,253.19,0,0,0
1200,3,0,48,1,1,1,4315.98,36633.5,1640.49,63.7961,0.713261,1533.31,272797,527.718,40.6075,0.497779,485.603,24.9949,23.1887,0.0718272,1.73441,552.713,0,0,0
1200,3,0,49,1,1,1,4331.28,18729.8,1623.52,46.3844,0.482746,1533.45,272800,157.639,23.1957,0.267264,134.176,84.3295,23.1887,0.0718272,61.069,241.969,0,0,0
1200,3,0,50,1,0,0,-1,-1,1601.38,23.1957,0.267264,1534.02,272795,-1,-1,-1,-1,-1,-1,-1,-1,-1,0,0,0
1200,3,0,51,1,1,1,4373.86,18705.8,1623.74,46.3844,0.552902,1533.61,272796,91.2693,23.1957,0.267264,67.8063,139.202,23.1887,0.141984,115.872,230.472,0,0,0
1200,3,0,52,1,0,0,-1,-1,1601.37,23.1957,0.267264,1534.01,272795,-1,-1,-1,-1,-1,-1,-1,-1,-1,0,0,0
1200,3,0,53,1,1,1,4354.32,18753.5,1623.89,46.3844,0.517824,1533.79,272793,156.665,23.1957,0.302342,133.167,153.331,23.1887,0.0718272,130.07,309.996,0,0,0
1200,3,0,54,1,1,2,10340.6,24655.8,1645.66,69.5741,0.806803,1532.78,272805,89.8146,23.1957,0.267264,66.3517,352.425,46.3784,0.25223,305.794,442.24,1,0,0
1200,3,0,55,1,1,1,4340.26,18703.7,1623.75,46.3844,0.517824,1533.65,272796,146.559,23.1957,0.267264,123.096,105.515,23.1887,0.106906,82.2195,252.074,0,0,0
1200,3,0,56,1,1,1,4315.02,24640.8,1629.57,52.1883,0.571277,1533.79,272792,333.385,28.9996,0.355795,304.029,99.6035,23.1887,0.0718272,76.343,432.988,0,0,0
1200,3,0,57,1,1,1,4356.54,18778,1623.56,46.3844,0.482746,1533.49,272799,156.784,23.1957,0.267264,133.321,151.932,23.1887,0.0718272,128.671,308.715,0,0,0
1200,3,0,58,1,1,1,4403.36,18725.7,1623.22,46.3844,0.482746,1533.15,272805,89.2804,23.1957,0.267264,65.8174,156.023,23.1887,0.0718272,132.763,245.304,0,0,0
1200,3,0,59,1,0,0,-1,-1,1601.25,23.1957,0.462701,1533.69,272797,-1,-1,-1,-1,-1,-1,-1,-1,-1,0,0,0
1200,3,0,60,1,1,1,4321,18684.2,1623.37,46.3844,0.6264,1533.16,272802,150.396,23.1957,0.267264,126.933,155.863,23.1887,0.0718272,132.602,306.259,0,0,0
1200,3,0,61,1,1,1,4324.49,18638.3,1623.28,46.3844,0.517824,1533.18,272804,80.0362,23.1957,0.267264,56.5733,128.266,23.1887,0.106906,104.971,208.303,0,0,0
1200,3,0,62,1,1,1,4343.72,18718,1623.29,46.3844,0.552902,1533.15,272804,127.483,23.1957,0.302342,103.985,66.3635,23.1887,0.106906,43.0679,193.847,0,0,0
1200,3,0,63,1,1,1,4317.19,18786.3,1623.44,46.3844,0.908698,1532.95,272800,158.54,23.1957,0.693216,134.651,80.8517,23.1887,0.0718272,57.5912,239.391,0,0,0
1200,3,0,64,1,1,1,4441.85,18780.5,1623.34,46.3844,0.696557,1533.06,272802,86.4693,23.1957,0.302342,62.9713,159.666,23.1887,0.106906,136.371,246.136,0,0,0
1200,3,0,65,1,1,1,4387.74,18704.8,1623.74,46.3844,0.552902,1533.61,272796,116.042,23.1957,0.267264,92.579,155.332,23.1887,0.141984,132.001,271.374,0,0,0
1200,3,0,66,1,1,1,4316.94,18633.2,1623.69,46.3844,0.482746,1533.62,272797,83.4365,23.1957,0.267264,59.9735,156.846,23.1887,0.0718272,133.586,240.283,0,0,0
1200,3,0,67,1,1,2,10346.7,24720.3,1645.88,69.5741,0.589651,1533.22,272801,134.517,23.1957,0.302342,111.019,350.483,46.3784,0.143654,303.961,485,1,0,0
1200,3,0,68,1,1,1,4344.91,18831.6,1623.16,46.3844,0.482746,1533.1,272806,159.908,23.1957,0.267264,136.445,152.58,23.1887,0.0718272,129.319,312.487,0,0,0
1200,3,0,69,1,1,1,4321.13,18639.6,1623.58,46.3844,0.482746,1533.51,272799,86.104,23.1957,0.267264,62.641,132.377,23.1887,0.0718272,109.116,218.481,0,0,0
1200,3,0,70,1,1,1,4328.84,36690.3,1640.22,63.7961,0.838541,1532.91,272802,707.086,40.6075,0.623059,665.359,79.2761,23.1887,0.0718272,56.0156,786.362,0,0,0
1200,3,0,71,1,1,1,4332.84,18770.1,1623.92,46.3844,0.748339,1533.59,272792,142.616,23.1957,0.532858,118.888,149.243,23.1887,0.0718272,125.982,291.859,0,0,0
1200,3,0,72,1,1,1,4332.78,18854.6,1623.96,46.3844,0.661478,1533.71,272792,163.967,23.1957,0.302342,140.469,143.96,23.1887,0.0718272,120.7,307.928,0,0,0
1200,3,0,73,1,1,1,4416.55,18889.6,1628.82,52.1883,0.606355,1533,272805,159.885,28.9996,0.390874,130.494,115.172,23.1887,0.0718272,91.9112,275.057,0,0,0
1200,3,0,74,1,1,1,4331.66,18646.8,1623.84,46.3844,0.517824,1533.74,272794,99.2357,23.1957,0.267264,75.7727,152.386,23.1887,0.106906,129.09,251.621,0,0,0
1200,3,0,75,1,1,1,4350.31,18684.6,1623.31,46.3844,0.770054,1532.96,272803,90.6069,23.1957,0.267264,67.144,138.179,23.1887,0.0718272,114.919,228.786,0,0,0
1200,3,0,76,1,1,1,4332.61,18814.5,1623.6,46.3844,0.696557,1533.32,272798,156.54,23.1957,0.337421,133.007,151.88,23.1887,0.0718272,128.619,308.419,0,0,0
1200,3,0,77,1,1,1,4327.11,18640.3,1623.77,46.3844,0.482746,1533.7,272796,84.4273,23.1957,0.267264,60.9643,156.336,23.1887,0.0718272,133.075,240.763,0,0,0
1200,3,0,78,1,1,1,4380.81,18714.6,1623.56,46.3844,0.552902,1533.42,272799,91.7628,23.1957,0.302342,68.2648,139.929,23.1887,0.106906,116.633,231.692,0,0,0
1200,3,0,79,1,1,2,4486.26,18806.9,1646.07,69.5741,0.698227,1533.3,272798,106.736,23.1957,0.267264,83.2735,182.268,46.3784,0.287309,135.602,289.004,1,0,0
1200,3,0,80,1,1,1,4315.34,24645.7,1629.28,52.1883,0.891994,1533.18,272797,226.328,28.9996,0.676512,196.413,34.2914,23.1887,0.0718272,11.0309,260.62,0,0,0
1200,3,0,81,1,1,1,4327.18,18726.6,1624.16,46.3844,0.678182,1533.9,272788,153.853,23.1957,0.462701,130.195,78.4802,23.1887,0.0718272,55.2197,232.333,0,0,0
1200,3,0,82,1,1,1,4336.71,18663.9,1623.75,46.3844,0.770054,1533.39,272795,88.8076,23.1957,0.267264,65.3446,139.713,23.1887,0.0718272,116.453,228.521,0,0,0
1200,3,0,83,1,1,1,4322.38,24645.5,1629.19,52.1883,0.731635,1533.24,272799,279.738,28.9996,0.481075,250.174,53.2607,23.1887,0.106906,29.9651,332.999,0,0,0
1200,3,0,84,1,1,1,4320.01,30680.4,1634.64,57.9922,1.47663,1532.32,272799,455.72,34.8035,1.26115,419.253,47.3401,23.1887,0.0718272,24.0796,503.06,0,0,0
1200,3,0,85,1,1,1,4318.66,18636.1,1623.54,46.3844,0.517824,1533.44,272800,84.5039,23.1957,0.302342,61.0058,158.682,23.1887,0.0718272,135.421,243.186,0,0,0
1200,3,0,86,1,1,1,4348.85,18741.5,1623.14,46.3844,0.517824,1533.04,272807,132.688,23.1957,0.302342,109.19,66.8031,23.1887,0.0718272,43.5426,199.492,0,0,0
1200,3,0,87,1,1,1,4314.38,18658.6,1623.73,46.3844,0.517824,1533.63,272796,149.59,23.1957,0.302342,126.092,153.331,23.1887,0.0718272,130.07,302.921,0,0,0
1200,3,0,88,1,1,1,4330.47,18685.7,1623.2,46.3844,0.482746,1533.14,272806,117.448,23.1957,0.267264,93.985,60.7895,23.1887,0.0718272,37.529,178.237,0,0,0
1200,3,0,89,1,1,1,4330.41,18649,1623.28,46.3844,0.482746,1533.21,272804,148.523,23.1957,0.267264,125.06,156.222,23.1887,0.0718272,132.961,304.745,0,0,0
1200,3,0,90,1,1,1,4328.78,24801.9,1629.24,52.1883,1.22774,1532.8,272796,331.812,28.9996,1.01226,301.8,104.646,23.1887,0.0718272,81.3857,436.459,0,0,0
1200,3,0,91,1,1,2,10489.3,30840,1657.24,81.182,1.6086,1532.3,272797,350.121,34.8035,0.925402,314.393,360.072,46.3784,0.539539,313.154,710.194,1,0,0
1200,3,0,92,1,0,0,-1,-1,1601.5,23.1957,0.267264,1534.13,272793,-1,-1,-1,-1,-1,-1,-1,-1,-1,0,0,0
1200,3,0,93,1,1,1,4324.19,24641.3,1629.28,52.1883,0.696557,1533.37,272797,278.745,28.9996,0.481075,249.18,52.9693,23.1887,0.0718272,29.7088,331.715,0,0,0
1200,3,0,94,1,1,1,4317.41,18675.5,1623.4,46.3844,0.482746,1533.33,272802,150.102,23.1957,0.267264,126.639,156.041,23.1887,0.0718272,132.781,306.144,0,0,0
1200,3,0,95,1,1,1,4421.78,18816.8,1623.69,46.3844,0.552902,1533.56,272797,156.347,23.1957,0.267264,132.884,157.915,23.1887,0.141984,134.584,314.261,0,0,0
1200,3,0,96,1,0,0,-1,-1,1601.42,23.1957,0.532858,1533.79,272793,-1,-1,-1,-1,-1,-1,-1,-1,-1,0,0,0
1200,3,0,97,1,1,1,4451.83,18784,1623.62,46.3844,0.587981,1533.45,272798,152.801,23.1957,0.302342,129.303,145.007,23.1887,0.141984,121.676,297.808,0,0,0
1200,3,0,98,1,1,3,16375.6,30712.9,1668.73,92.7639,1.02228,1533.15,272794,84.7674,23.1957,0.302342,61.2694,547.146,69.5682,0.576288,477.001,631.913,2,0,0
1200,3,0,99,1,1,1,4324.74,18682.7,1623.81,46.3844,0.517824,1533.71,272795,154.653,23.1957,0.302342,131.155,78.7635,23.1887,0.0718272,55.503,233.416,0,0,0
1200,3,0,100,1,0,0,-1,-1,1601.01,23.1957,0.267264,1533.65,272802,-1,-1,-1,-1,-1,-1,-1,-1,-1,0,0,0
1200,3,0,101,1,1,1,4387.89,18700.8,1623.8,46.3844,0.482746,1533.74,272795,86.048,23.1957,0.267264,62.585,159.66,23.1887,0.0718272,136.4,245.708,0,0,0
1200,3,0,102,1,0,0,-1,-1,1601.33,23.1957,0.267264,1533.96,272796,-1,-1,-1,-1,-1,-1,-1,-1,-1,0,0,0
1200,3,0,103,0,0,0,-1,-1,1601.06,23.206,0.516154,1533.44,272800,-1,-1,-1,-1,-1,-1,-1,-1,-1,0,0,0
1200,3,0,104,1,0,0,-1,-1,1601.07,23.1957,0.267264,1533.7,272801,-1,-1,-1,-1,-1,-1,-1,-1,-1,0,0,0
1200,3,0,105,1,1,1,4417.27,18893.8,1623.42,46.3844,0.661478,1533.18,272801,152.098,23.1957,0.267264,128.635,158.832,23.1887,0.106906,135.537,310.931,0,0,0
1200,3,0,106,1,1,1,4348.94,24762.1,1629.16,52.1883,0.83687,1533.11,272798,340.972,28.9996,0.621389,311.351,129.556,23.1887,0.0718272,106.296,470.528,0,0,0
1200,3,0,107,1,1,1,4362.25,18798.5,1623.24,46.3844,0.678182,1532.98,272805,155.21,23.1957,0.462701,131.552,89.1844,23.1887,0.0718272,65.9239,244.395,0,0,0
1200,3,0,108,1,1,1,4460.67,18778.8,1623.52,46.3844,0.482746,1533.45,272800,88.6614,23.1957,0.267264,65.1984,157.803,23.1887,0.0718272,134.542,246.464,0,0,0
1200,3,0,109,1,1,1,4403.36,18721.8,1623.81,46.3844,0.482746,1533.74,272795,84.9074,23.1957,0.267264,61.4444,159.624,23.1887,0.0718272,136.363,244.531,0,0,0
1200,3,0,110,1,1,1,4495.33,24957.6,1628.8,52.1883,1.34133,1532.25,272804,342.455,28.9996,0.676512,312.779,147.393,23.1887,0.0902016,124.114,489.848,0,0,0
1200,3,0,111,1,1,1,4332.28,18672.1,1623.77,46.3844,0.517824,1533.67,272795,153.519,23.1957,0.267264,130.056,153.664,23.1887,0.106906,130.368,307.182,0,0,0
1200,3,0,112,1,0,0,-1,-1,1606.37,28.9996,0.516154,1533.12,272806,-1,-1,-1,-1,-1,-1,-1,-1,-1,0,0,0
1200,3,0,113,1,1,1,4316.62,18753.8,1623.15,46.3844,0.873619,1532.69,272806,148.735,23.1957,0.658138,124.881,103.235,23.1887,0.0718272,79.9743,251.97,0,0,0
1200,3,0,114,1,1,1,4327.85,18640.4,1624.11,46.3844,0.6264,1533.9,272789,155.933,23.1957,0.267264,132.471,153.069,23.1887,0.0718272,129.808,309.002,0,0,0
1200,3,0,115,1,1,1,4333.96,18702.7,1623.85,46.3844,0.482746,1533.78,272794,154.677,23.1957,0.267264,131.214,151.928,23.1887,0.0718272,128.668,306.606,0,0,0
1200,3,0,116,1,1,1,4314.7,36752.8,1641.31,63.7961,1.65537,1533.19,272780,684.808,40.6075,1.43988,642.188,66.7833,23.1887,0.0718272,43.5228,751.591,0,0,0
1200,3,0,117,1,1,1,4321.1,24674.6,1629.34,52.1883,0.766714,1533.36,272796,245.929,28.9996,0.551232,216.192,39.0543,23.1887,0.0718272,15.7938,284.983,0,0,0
1200,3,0,118,1,1,1,4318.22,24778.3,1629.58,52.1883,0.731635,1533.64,272791,339.602,28.9996,0.516154,310.086,156.633,23.1887,0.0718272,133.373,496.235,0,0,0
1200,3,0,119,1,1,1,4349.41,18874.3,1624.1,46.3844,1.00057,1533.52,272788,164.207,23.1957,0.462701,140.549,146.822,23.1887,0.106906,123.526,311.029,0,0,0
1200,3,0,120,1,1,1,4342.86,18702.1,1623.13,46.3844,0.805133,1532.74,272806,155.136,23.1957,0.267264,131.673,156.04,23.1887,0.106906,132.745,311.176,0,0,0
1200,3,0,121,0,0,0,-1,-1,1584.45,5.80392,0.24889,1533.98,272796,-1,-1,-1,-1,-1,-1,-1,-1,-1,0,0,0
1200,3,0,122,1,0,0,-1,-1,1601.19,23.1957,0.267264,1533.82,272798,-1,-1,-1,-1,-1,-1,-1,-1,-1,0,0,0
1200,3,0,123,1,1,1,4316.3,18645.5,1623.62,46.3844,0.482746,1533.55,272798,115.118,23.1957,0.267264,91.655,58.8133,23.1887,0.0718272,35.5528,173.931,0,0,0
1200,3,0,124,1,1,1,4339.53,18721,1623.12,46.3844,0.517824,1533.02,272807,153.662,23.1957,0.302342,130.164,148.461,23.1887,0.0718272,125.201,302.123,0,0,0
1200,3,0,125,1,0,0,-1,-1,1601.14,23.1957,0.302342,1533.75,272799,-1,-1,-1,-1,-1,-1,-1,-1,-1,0,0,0
1200,3,0,126,1,1,1,4370.66,18724.9,1623.77,46.3844,0.482746,1533.7,272796,153.179,23.1957,0.267264,129.716,154.296,23.1887,0.0718272,131.036,307.476,0,0,0
1200,3,0,127,1,1,1,4317.9,36652.1,1640.76,63.7961,1.19434,1533.1,272791,634.37,40.6075,0.978854,592.081,46.5695,23.1887,0.0718272,23.309,680.939,0,0,0
1200,3,0,128,1,1,1,4457.02,18770.2,1623.48,46.3844,0.606355,1533.29,272800,105.928,23.1957,0.267264,82.4649,157.854,23.1887,0.195437,134.47,263.782,0,0,0
1200,3,0,129,1,1,1,4325.96,18646.2,1623.89,46.3844,0.482746,1533.82,272794,86.4902,23.1957,0.267264,63.0272,156.072,23.1887,0.0718272,132.812,242.562,0,0,0
1200,3,0,130,1,1,1,4315.98,18633.3,1623.12,46.3844,0.482746,1533.06,272807,87.1417,23.1957,0.267264,63.6788,134.212,23.1887,0.0718272,110.952,221.354,0,0,0
1200,3,0,131,1,1,1,4326.95,18754.8,1623.5,46.3844,0.482746,1533.43,272801,159.881,23.1957,0.267264,136.418,150.069,23.1887,0.0718272,126.809,309.95,0,0,0
1200,3,0,132,1,1,1,4330.6,18657.7,1623.91,46.3844,0.482746,1533.84,272793,150.965,23.1957,0.267264,127.502,147.559,23.1887,0.0718272,124.298,298.524,0,0,0
1200,3,0,133,1,1,1,4348.84,18666,1623.89,46.3844,0.661478,1533.65,272793,85.4009,23.1957,0.302342,61.9028,132.092,23.1887,0.0718272,108.831,217.493,0,0,0
1200,3,0,134,1,1,1,4326.02,30779.3,1635.11,57.9922,0.925402,1533.34,272792,530.319,34.8035,0.70992,494.605,121.568,23.1887,0.0718272,98.3075,651.887,0,0,0
1200,3,0,135,1,1,1,4320.52,24658.2,1629.71,52.1883,0.927072,1533.57,272789,263.358,28.9996,0.71159,233.514,46.158,23.1887,0.0718272,22.8975,309.516,0,0,0
1200,3,0,136,1,1,1,4344.32,18720.1,1623.83,46.3844,0.770054,1533.48,272794,146.251,23.1957,0.267264,122.788,147.348,23.1887,0.0718272,124.087,293.598,0,0,0
1200,3,0,137,1,1,1,4410.45,18843.6,1623.68,46.3844,0.587981,1533.51,272796,162.561,23.1957,0.302342,139.063,147.1,23.1887,0.141984,123.77,309.662,0,0,0
1200,3,0,138,1,1,1,4393.45,18769.1,1623.38,46.3844,1.1058,1532.69,272800,133.534,23.1957,0.532858,109.806,149.945,23.1887,0.141984,126.614,283.479,0,0,0
1200,3,0,139,1,0,0,-1,-1,1601.21,23.2173,0.304013,1533.78,272798,-1,-1,-1,-1,-1,-1,-1,-1,-1,0,0,0
1200,3,0,140,1,1,2,10368.4,24752.9,1645.96,69.5741,0.554573,1533.34,272800,153.321,23.1957,0.302342,129.823,354.516,46.3784,0.108576,308.029,507.837,1,0,0
1200,3,0,141,1,1,1,4356.13,18719.2,1623.67,46.3844,0.482746,1533.6,272798,153.486,23.1957,0.267264,130.023,156.33,23.1887,0.0718272,133.07,309.816,0,0,0
1200,3,0,142,1,1,1,4390.65,18795.3,1623.35,46.3844,0.6264,1533.14,272803,141.098,23.1957,0.267264,117.635,150.73,23.1887,0.0718272,127.469,291.828,0,0,0
1200,3,0,143,1,1,1,4332.81,18694.7,1623.87,46.3844,0.783418,1533.51,272793,149.909,23.1957,0.497779,126.215,156.906,23.1887,0.141984,133.575,306.814,0,0,0
1200,3,0,144,1,1,1,4349.93,18770.6,1623.72,46.3844,0.661478,1533.47,272796,160.062,23.1957,0.302342,136.564,148.297,23.1887,0.0718272,125.037,308.359,0,0,0
1200,3,0,145,1,1,1,4318.86,18690.4,1623.87,46.3844,0.482746,1533.8,272794,161.541,23.1957,0.267264,138.078,146.696,23.1887,0.0718272,123.436,308.237,0,0,0
1200,3,0,146,1,1,1,4326.02,18674,1623.75,46.3844,0.482746,1533.68,272796,87.3258,23.1957,0.267264,63.8628,144.332,23.1887,0.0718272,121.071,231.658,0,0,0
1200,3,0,147,1,0,0,-1,-1,1600.64,23.1957,0.302342,1533.24,272808,-1,-1,-1,-1,-1,-1,-1,-1,-1,0,0,0
1200,3,0,148,1,1,1,4405.4,18721.8,1623.76,46.3844,0.482746,1533.7,272796,127.046,23.1957,0.267264,103.583,153.069,23.1887,0.0718272,129.808,280.115,0,0,0
1200,3,0,149,1,0,0,-1,-1,1600.89,23.1957,0.267264,1533.53,272804,-1,-1,-1,-1,-1,-1,-1,-1,-1,0,0,0
1200,3,0,150,1,1,1,4371.35,24722,1628.59,52.1883,0.96215,1532.42,272808,338.547,28.9996,0.71159,308.836,153.055,23.1887,0.106906,129.76,491.602,0,0,0
1200,3,0,151,1,1,1,4329.51,18647.6,1623.95,46.3844,0.6264,1533.75,272792,88.5043,23.1957,0.267264,65.0414,146.065,23.1887,0.0718272,122.804,234.569,0,0,0
1200,3,0,152,1,1,1,4336.3,18838.5,1624.14,46.3844,1.06906,1533.49,272788,156.02,23.1957,0.853574,131.971,154.527,23.1887,0.0718272,131.267,310.547,0,0,0
1200,3,0,153,1,1,1,4315.66,24675.9,1629.06,52.1883,0.571277,1533.27,272801,297.939,28.9996,0.355795,268.547,58.8024,23.1887,0.0718272,35.5419,356.741,0,0,0
1200,3,0,154,1,1,3,16353.2,30673.9,1668.51,92.7639,0.734976,1533.22,272798,115.477,23.1957,0.267264,92.0141,552.361,69.5682,0.180403,482.613,667.838,2,0,0
1200,3,0,155,1,1,1,4379.64,30747.9,1634.5,57.9922,1.33632,1532.33,272802,512.671,34.8035,1.12084,476.509,155.428,23.1887,0.0718272,132.167,668.098,0,0,0
1200,3,0,156,1,1,2,10319.3,24656,1646.42,69.5741,1.12919,1533.22,272791,87.5937,23.1957,0.302342,64.0957,361.599,46.3784,0.683194,314.537,449.192,1,0,0
1200,3,0,157,1,1,1,4382.89,18806.7,1623.78,46.406,0.608026,1533.57,272795,155.022,23.2173,0.339091,131.465,118.694,23.1887,0.12528,95.3801,273.716,0,0,0
1200,3,0,158,1,0,0,-1,-1,1607.09,29.0104,0.729965,1533.62,272792,-1,-1,-1,-1,-1,-1,-1,-1,-1,0,0,0
1200,3,0,159,0,0,0,-1,-1,1600.82,23.206,1.10246,1532.61,272803,-1,-1,-1,-1,-1,-1,-1,-1,-1,0,0,0
1200,3,0,160,1,1,1,4317.9,30692.1,1635.2,57.9922,1.17596,1533.18,272790,513.287,34.8035,0.96048,477.287,70.438,23.1887,0.0718272,47.1775,583.725,0,0,0
1200,3,0,161,1,1,1,4318.44,24656.2,1629.47,52.1991,0.714931,1533.53,272794,283.779,29.0104,0.49945,254.195,55.2307,23.1887,0.0718272,31.9702,339.009,0,0,0
1200,3,0,162,1,0,0,-1,-1,1600.71,23.1957,0.302342,1533.31,272807,-1,-1,-1,-1,-1,-1,-1,-1,-1,0,0,0
1200,3,0,163,1,1,2,10375,24728.9,1646.29,69.5741,0.519494,1533.7,272795,154.378,23.1957,0.267264,130.915,355.119,46.3784,0.108576,308.632,509.496,1,0,0
1200,3,0,164,1,1,1,4329.4,18644.2,1623.77,46.3844,0.517824,1533.67,272795,118.386,23.1957,0.267264,94.9235,155.264,23.1887,0.106906,131.969,273.651,0,0,0
1200,3,0,165,1,1,1,4434.46,18801.2,1623.56,46.3844,0.678182,1533.29,272799,89.9054,23.1957,0.462701,66.247,157.095,23.1887,0.0718272,133.835,247.001,0,0,0
1200,3,0,166,1,1,1,4384.88,18724.9,1623.79,46.3844,0.482746,1533.72,272795,116.002,23.1957,0.267264,92.5393,154.462,23.1887,0.0718272,131.202,270.465,0,0,0
1200,3,0,167,1,1,1,4387.73,24763.4,1629.21,52.1883,0.801792,1533.2,272798,336.968,28.9996,0.551232,307.417,157.131,23.1887,0.106906,133.835,494.098,0,0,0
1200,3,0,168,1,1,1,4324.1,18670.4,1623.5,46.3844,0.482746,1533.44,272800,143.814,23.1957,0.267264,120.351,146.337,23.1887,0.0718272,123.077,290.151,0,0,0
1200,3,0,169,1,1,1,4328.2,18801.5,1623.73,46.3844,0.661478,1533.49,272796,156.99,23.1957,0.302342,133.492,153.488,23.1887,0.0718272,130.227,310.478,0,0,0
1200,3,0,170,1,1,1,4315.66,24731.9,1629.1,52.1883,0.927072,1532.96,272800,338.603,28.9996,0.71159,308.892,84.501,23.1887,0.0718272,61.2405,423.104,0,0,0
1200,3,0,171,1,1,1,4359.95,18893.5,1623.98,46.3844,0.821837,1533.57,272791,162.976,23.1957,0.462701,139.318,147.333,23.1887,0.0718272,124.073,310.31,0,0,0
1200,3,0,172,1,1,1,4321.78,18691.2,1623.12,46.3844,0.517824,1533.02,272807,153.574,23.1957,0.302342,130.076,80.0088,23.1887,0.0718272,56.7483,233.582,0,0,0
1200,3,0,173,1,0,0,-1,-1,1600.85,23.1957,0.267264,1533.48,272804,-1,-1,-1,-1,-1,-1,-1,-1,-1,0,0,0
1200,3,0,174,0,0,0,-1,-1,1600.78,23.206,0.71159,1532.96,272804,-1,-1,-1,-1,-1,-1,-1,-1,-1,0,0,0
1200,3,0,175,1,0,0,-1,-1,1606.84,28.9996,0.355795,1533.76,272797,-1,-1,-1,-1,-1,-1,-1,-1,-1,0,0,0
1200,3,0,176,1,1,1,4318.54,18784,1623.3,46.3844,0.517824,1533.2,272804,150.982,23.1957,0.302342,127.484,71.8475,23.1887,0.0718272,48.587,222.829,0,0,0
1200,3,0,177,1,1,1,4384.45,18787.5,1623.48,46.3844,0.482746,1533.41,272801,154.787,23.1957,0.267264,131.324,152.982,23.1887,0.0718272,129.722,307.77,0,0,0
1200,3,0,178,1,1,1,4343.94,18665,1623.89,46.3844,0.482746,1533.82,272794,86.732,23.1957,0.267264,63.2691,144.289,23.1887,0.0718272,121.028,231.021,0,0,0
1200,3,0,179,1,0,0,-1,-1,1601.06,23.1957,0.337421,1533.63,272800,-1,-1,-1,-1,-1,-1,-1,-1,-1,0,0,0
1200,3,0,180,1,1,1,4333.64,18694.5,1623.5,46.3844,0.587981,1533.33,272800,152.726,23.1957,0.267264,129.263,155.885,23.1887,0.177062,132.519,308.611,0,0,0
1200,3,0,181,1,1,1,4315.02,18661.5,1623.44,46.3844,0.482746,1533.37,272802,145.581,23.1957,0.267264,122.118,102.724,23.1887,0.0718272,79.4635,248.305,0,0,0
1200,3,0,182,1,1,1,4397.86,18849,1623.14,46.3844,0.661478,1532.9,272806,162.581,23.1957,0.302342,139.083,150.078,23.1887,0.0718272,126.818,312.66,0,0,0
1200,3,0,183,1,1,1,4324.71,18723.2,1623.66,46.3844,0.517824,1533.56,272797,145.187,23.1957,0.302342,121.689,69.0194,23.1887,0.0718272,45.7589,214.206,0,0,0
1200,3,0,184,1,0,0,-1,-1,1600.97,23.1957,0.267264,1533.61,272802,-1,-1,-1,-1,-1,-1,-1,-1,-1,0,0,0
1200,3,0,185,1,1,1,4351.53,18703.6,1623.97,46.3844,0.805133,1533.58,272791,153.353,23.1957,0.267264,129.89,149.11,23.1887,0.106906,125.814,302.463,0,0,0
1200,3,0,186,1,1,1,4315.34,18809.9,1623.66,46.3844,1.06906,1533.01,272796,158.168,23.1957,0.853574,134.118,79.758,23.1887,0.0718272,56.4975,237.926,0,0,0
1200,3,0,187,1,1,1,4349.35,24728.8,1629.08,52.1883,1.03231,1532.84,272799,341.26,28.9996,0.746669,311.514,130.951,23.1887,0.141984,107.62,472.211,0,0,0
1200,3,0,188,1,1,1,4328.37,18648.3,1623.73,46.3844,0.517824,1533.63,272796,82.4627,23.1957,0.302342,58.9646,131.718,23.1887,0.0718272,108.458,214.181,0,0,0
1200,3,0,189,1,1,1,4350.04,18769.2,1623.37,46.3844,0.785088,1533.01,272801,141.606,23.1957,0.497779,117.913,149.116,23.1887,0.143654,125.784,290.723,0,0,0
1200,3,0,190,1,1,1,4359.45,18778,1623.73,46.3844,0.770054,1533.38,272796,156.092,23.1957,0.267264,132.629,152.674,23.1887,0.0718272,129.413,308.766,0,0,0
1200,3,0,191,1,1,1,4329.77,18772.6,1623.7,46.3844,0.552902,1533.56,272796,155.022,23.1957,0.337421,131.489,155.596,23.1887,0.0718272,132.335,310.617,0,0,0
1200,3,0,192,1,1,1,4328.49,18711.3,1623.66,46.3844,0.6264,1533.45,272797,154.41,23.1957,0.267264,130.947,116.489,23.1887,0.0718272,93.2287,270.899,0,0,0
1200,3,0,193,1,0,0,-1,-1,1601.62,23.1957,0.462701,1534.06,272790,-1,-1,-1,-1,-1,-1,-1,-1,-1,0,0,0
1200,3,0,194,1,1,1,4336.1,18680.9,1623.79,46.3844,0.6264,1533.58,272795,121.054,23.1957,0.267264,97.591,155.832,23.1887,0.0718272,132.572,276.886,0,0,0
1200,3,0,195,1,1,1,4316.94,18631.1,1623.18,46.3844,0.482746,1533.11,272806,79.1068,23.1957,0.267264,55.6438,127.302,23.1887,0.0718272,104.041,206.409,0,0,0
1200,3,0,196,1,1,1,4455.05,18770.2,1623.69,46.3844,0.552902,1533.56,272797,83.099,23.1957,0.267264,59.636,162.679,23.1887,0.141984,139.349,245.778,0,0,0
1200,3,0,197,1,1,1,4338.25,18715.7,1624.14,46.3844,0.908698,1533.65,272788,153.777,23.1957,0.693216,129.888,92.9547,23.1887,0.0718272,69.6942,246.731,0,0,0
1200,3,0,198,1,1,1,4314.7,18831.8,1623.79,46.3844,1.06906,1533.14,272794,159.001,23.1957,0.853574,134.952,79.7381,23.1887,0.0718272,56.4776,238.74,0,0,0
1200,3,0,199,1,1,1,4355.56,24738.8,1629.64,52.1883,1.03565,1533.4,272790,348.656,28.9996,0.676512,318.98,152.71,23.1887,0.0718272,129.449,501.366,0,0,0
1200,3,0,200,1,1,1,4330.47,18722.1,1623.8,46.3844,0.517824,1533.7,272795,149.202,23.1957,0.302342,125.704,157.778,23.1887,0.0718272,134.517,306.98,0,0,0
1200,3,0,201,1,1,1,4406.26,18723.7,1623.56,46.3844,0.482746,1533.49,272799,85.3207,23.1957,0.267264,61.8577,161.176,23.1887,0.0718272,137.916,246.497,0,0,0
1200,3,0,202,1,1,1,4425.07,18767.6,1623.31,46.3844,0.748339,1532.98,272803,126.155,23.1957,0.462701,102.496,155.215,23.1887,0.141984,131.884,281.369,0,0,0
1200,3,0,203,1,1,1,4326.22,18681.9,1623.81,46.3844,0.482746,1533.75,272795,152.201,23.1957,0.267264,128.738,96.983,23.1887,0.0718272,73.7225,249.184,0,0,0
1200,3,0,204,1,1,1,4315.98,18683.1,1623.16,46.3844,0.482746,1533.09,272806,120.296,23.1957,0.267264,96.8329,62.3218,23.1887,0.0718272,39.0613,182.618,0,0,0
1200,3,0,205,1,1,1,4315.66,18737.1,1623.6,46.3844,0.482746,1533.53,272799,156.006,23.1957,0.267264,132.543,78.7112,23.1887,0.0718272,55.4507,234.717,0,0,0
1200,3,0,206,1,1,1,4318.14,24646.4,1629.26,52.1883,0.536198,1533.51,272798,336.851,28.9996,0.320717,307.531,91.3682,23.1887,0.0718272,68.1077,428.219,0,0,0
1200,3,0,207,1,1,1,4331.34,18732.9,1623.19,46.3844,0.748339,1532.86,272805,147.801,23.1957,0.532858,124.073,104.964,23.1887,0.0718272,81.7033,252.765,0,0,0
1200,3,0,208,1,1,1,4320.26,18638.4,1623.67,46.3844,0.482746,1533.61,272797,85.9397,23.1957,0.267264,62.4768,160.371,23.1887,0.0718272,137.111,246.311,0,0,0
1200,3,0,209,1,1,3,4456.57,24914.2,1674.82,98.5678,1.8057,1532.83,272783,347.8,28.9996,0.871949,317.928,204.334,69.5682,0.50279,134.263,552.133,2,0,0
1200,3,0,210,1,1,1,4319.69,18699.4,1623.48,46.3844,0.517824,1533.38,272801,161.087,23.1957,0.302342,137.589,146.924,23.1887,0.0718272,123.663,308.011,0,0,0
1200,3,0,211,1,1,2,10458.8,24862,1646.33,69.5741,0.681523,1533.58,272793,156.031,23.1957,0.267264,132.568,345.91,46.3784,0.270605,299.261,501.941,1,0,0
1200,3,0,212,1,1,1,4326.2,18685,1623.7,46.3844,0.517824,1533.6,272797,153.232,23.1957,0.267264,129.769,94.9678,23.1887,0.106906,71.6722,248.199,0,0,0
1200,3,0,213,1,1,1,4333.17,18653.4,1623.66,46.3844,0.482746,1533.59,272798,128.537,23.1957,0.267264,105.074,149.837,23.1887,0.0718272,126.576,278.373,0,0,0
1200,3,0,214,1,1,1,4350.95,18713.6,1622.97,46.3844,0.623059,1532.76,272809,157.509,23.1957,0.337421,133.976,81.0391,23.1887,0.141984,57.7085,238.548,0,0,0
1200,3,0,215,1,1,1,4415.94,24846.7,1629.37,52.1883,0.83687,1533.32,272795,344.229,28.9996,0.58631,314.643,154.015,23.1887,0.106906,130.72,498.245,0,0,0
1200,3,0,216,1,0,0,-1,-1,1601.2,23.1957,0.337421,1533.76,272798,-1,-1,-1,-1,-1,-1,-1,-1,-1,0,0,0
1200,3,0,217,1,1,1,4338.3,18809.2,1623.77,46.3844,0.678182,1533.51,272795,150.077,23.1957,0.462701,126.419,146.971,23.1887,0.0718272,123.71,297.048,0,0,0
1200,3,0,218,1,1,1,4363.82,24897.7,1629.57,52.1883,0.87529,1533.48,272791,346.518,28.9996,0.516154,317.002,144.85,23.1887,0.0718272,121.589,491.368,0,0,0
1200,3,0,219,1,1,1,4454.38,18778.6,1623.18,46.3844,0.482746,1533.11,272806,88.7155,23.1957,0.267264,65.2525,157.617,23.1887,0.0718272,134.357,246.333,0,0,0
1200,3,0,220,1,1,1,4386.29,18717.9,1623.7,46.3844,0.482746,1533.63,272797,138.862,23.1957,0.267264,115.399,150.746,23.1887,0.0718272,127.486,289.608,0,0,0
1200,3,0,221,1,1,1,4397.08,18816.5,1623.15,46.3844,0.587981,1532.98,272806,160.254,23.1957,0.267264,136.791,149.83,23.1887,0.177062,126.464,310.084,0,0,0
1200,3,0,222,1,1,1,4318.2,18688.7,1623.8,46.3844,0.482746,1533.74,272795,155.08,23.1957,0.267264,131.617,152.176,23.1887,0.0718272,128.915,307.255,0,0,0
1200,3,0,223,1,1,1,4322.63,24784.9,1628.81,52.1883,0.96215,1532.64,272804,326.141,28.9996,0.746669,296.395,66.7111,23.1887,0.0718272,43.4506,392.852,0,0,0
1200,3,0,224,1,1,1,4347.61,24765.3,1629.05,52.1883,0.766714,1533.07,272801,325.545,28.9996,0.551232,295.994,152.984,23.1887,0.0718272,129.724,478.529,0,0,0
1200,3,0,225,1,1,2,10398.3,24728.4,1646.39,69.5741,1.02061,1533.3,272791,91.7249,23.1957,0.302342,68.2269,347.786,46.3784,0.574618,300.833,439.511,1,0,0
1200,3,0,226,1,1,1,4346.46,18776.2,1623.32,46.3844,0.517824,1533.22,272803,159.846,23.1957,0.267264,136.383,150.061,23.1887,0.106906,126.766,309.907,0,0,0
1200,3,0,227,1,0,0,-1,-1,1600.66,23.1957,0.372499,1533.19,272807,-1,-1,-1,-1,-1,-1,-1,-1,-1,0,0,0
1200,3,0,228,1,1,1,4372.06,24713.2,1628.91,52.1883,0.731635,1532.97,272803,176.16,28.9996,0.516154,146.257,157.502,23.1887,0.0718272,134.241,333.662,0,0,0
1200,3,0,229,1,1,1,4324.11,18691.6,1623.75,46.3844,0.713261,1533.45,272795,152.377,23.1957,0.462701,128.718,97.1895,23.1887,0.106906,73.8939,249.566,0,0,0
1200,3,0,230,1,1,1,4316.62,42650.1,1646.43,69.6001,0.856915,1533.48,272791,805.064,46.4114,0.641434,756.98,42.3896,23.1887,0.0718272,19.1291,847.453,0,0,0
1200,3,0,231,1,1,1,4318.22,18717.4,1623.7,46.3844,0.517824,1533.6,272797,154.137,23.1957,0.302342,130.639,79.9439,23.1887,0.0718272,56.6834,234.081,0,0,0
1200,3,0,232,1,1,1,4324.28,18652.9,1623.77,46.3844,0.482746,1533.7,272796,138.147,23.1957,0.267264,114.684,149.252,23.1887,0.0718272,125.991,287.399,0,0,0
1200,3,0,233,1,1,2,10351.6,24712.5,1645.76,69.5741,1.37641,1532.31,272802,153.343,23.1957,0.658138,129.489,352.544,46.3784,0.143654,306.022,505.887,1,0,0
1200,3,0,234,1,1,1,4353.58,18674.7,1623.5,46.3844,0.517824,1533.4,272800,86.6292,23.1957,0.267264,63.1662,157.15,23.1887,0.106906,133.855,243.78,0,0,0
1200,3,0,235,1,0,0,-1,-1,1600.63,23.1957,0.372499,1533.16,272808,-1,-1,-1,-1,-1,-1,-1,-1,-1,0,0,0
1200,3,0,236,1,1,1,4327.93,24643.1,1628.82,52.1991,0.75001,1532.84,272805,257.973,29.0104,0.534528,228.284,44.3983,23.1887,0.0718272,21.1378,302.372,0,0,0
1200,3,0,237,1,1,1,4317.7,18698.1,1623.19,46.3952,0.731635,1532.87,272805,148.091,23.2065,0.516154,124.369,104.749,23.1887,0.0718272,81.4885,252.84,0,0,0
1200,3,0,238,1,1,1,4318.54,30649.4,1634.34,57.9922,0.75001,1532.75,272807,513.387,34.8035,0.534528,477.819,71.0859,23.1887,0.0718272,47.8254,584.472,0,0,0
1200,3,0,239,1,1,1,4315.34,18768.6,1623.81,46.3844,0.482746,1533.74,272795,154.627,23.1957,0.267264,131.164,74.1595,23.1887,0.0718272,50.899,228.786,0,0,0
1200,3,0,240,1,1,2,10442.9,24774.8,1646.15,69.5741,0.663149,1533.42,272797,86.6508,23.1957,0.267264,63.1879,364.13,46.3784,0.108576,317.643,450.781,1,0,0
1200,3,0,241,1,1,2,10331.9,24694.4,1645.79,69.5741,0.589651,1533.13,272803,149.778,23.1957,0.302342,126.28,298.922,46.3784,0.143654,252.399,448.7,1,0,0
1200,3,0,242,1,1,1,4412.77,18741.7,1623.92,46.3844,0.6264,1533.71,272793,109.119,23.1957,0.267264,85.6558,155.724,23.1887,0.0718272,132.463,264.843,0,0,0
1200,3,0,243,1,1,1,4317.7,18791.2,1623.45,46.3844,0.678182,1533.19,272801,150.465,23.1957,0.462701,126.807,107.144,23.1887,0.0718272,83.8835,257.609,0,0,0
1200,3,0,244,1,1,1,4333.29,18657.7,1623.46,46.3844,0.6264,1533.25,272801,89.0422,23.1957,0.267264,65.5792,153.47,23.1887,0.0718272,130.209,242.512,0,0,0
1200,3,0,245,1,0,0,-1,-1,1601.32,23.1957,0.407578,1533.82,272795,-1,-1,-1,-1,-1,-1,-1,-1,-1,0,0,0
1200,3,0,246,1,1,1,4366.95,18695.2,1623.16,46.3844,0.805133,1532.77,272806,151.294,23.1957,0.302342,127.796,148.58,23.1887,0.0718272,125.32,299.875,0,0,0
1200,3,0,247,1,1,2,10349.1,24669.3,1645.8,69.5741,0.589651,1533.14,272803,83.9292,23.1957,0.267264,60.4662,359.773,46.3784,0.178733,313.216,443.702,1,0,0
1200,3,0,248,1,1,1,4332.09,18649.8,1623.76,46.3844,0.517824,1533.66,272796,119.446,23.1957,0.267264,95.9829,155.331,23.1887,0.106906,132.036,274.777,0,0,0
1200,3,0,249,1,1,1,4318.54,18683.1,1623.38,46.3844,0.482746,1533.31,272803,155.194,23.1957,0.267264,131.731,78.7112,23.1887,0.0718272,55.4507,233.905,0,0,0
1200,3,0,250,1,1,1,4316.94,24789.4,1629.67,52.1883,0.731635,1533.73,272790,333.507,28.9996,0.516154,303.991,102.668,23.1887,0.0718272,79.4076,436.175,0,0,0
1200,3,0,251,1,1,1,4357.96,24776.2,1629.11,52.1883,0.927072,1532.97,272799,345.308,28.9996,0.71159,315.596,148.402,23.1887,0.0718272,125.141,493.709,0,0,0
1200,3,0,252,1,1,1,4327.47,18685.7,1623.63,46.3844,0.517824,1533.53,272798,157.541,23.1957,0.302342,134.042,156.639,23.1887,0.0718272,133.378,314.179,0,0,0
1200,3,0,253,1,1,1,4335.72,24665.7,1628.96,52.1883,0.927072,1532.82,272802,179.14,28.9996,0.676512,149.087,159.361,23.1887,0.106906,136.066,338.501,0,0,0
1200,3,0,254,1,1,1,4353.72,18747.8,1623.14,46.3844,0.517824,1533.04,272807,155.071,23.1957,0.267264,131.608,156.36,23.1887,0.106906,133.064,311.431,0,0,0
1200,3,0,255,1,1,3,16442.7,30779.3,1668.96,92.7639,0.734976,1533.67,272790,80.0515,23.1957,0.302342,56.5534,545.57,69.5682,0.288979,475.713,625.621,2,0,0
1200,3,0,256,1,0,0,-1,-1,1607.01,28.9996,0.551232,1533.73,272794,-1,-1,-1,-1,-1,-1,-1,-1,-1,0,0,0
1200,3,0,257,1,1,1,4323.29,30648.4,1635.1,57.9922,0.75001,1533.51,272793,456.089,34.8035,0.534528,420.356,48.8219,23.1887,0.0718272,25.5614,504.911,0,0,0
1200,3,0,258,1,1,1,4327.11,18695.8,1624.1,46.3844,0.517824,1534,272790,146.89,23.1957,0.267264,123.427,105.071,23.1887,0.106906,81.7755,251.961,0,0,0
1200,3,0,259,1,1,1,4360.38,18810.2,1623.99,46.3844,0.517824,1533.89,272792,160.035,23.1957,0.302342,136.537,153.498,23.1887,0.0718272,130.238,313.533,0,0,0
1200,3,0,260,1,1,1,4314.06,18659.6,1623.4,46.3844,0.482746,1533.33,272802,156.95,23.1957,0.267264,133.487,81.0412,23.1887,0.0718272,57.7807,237.991,0,0,0
1200,3,0,261,1,1,1,4317.26,18663.2,1623.57,46.3844,0.517824,1533.47,272799,145.557,23.1957,0.302342,122.059,99.4429,23.1887,0.0718272,76.1824,245,0,0,0
1200,3,0,262,1,1,1,4338.41,18677.6,1623.28,46.3844,0.482746,1533.22,272804,152.638,23.1957,0.267264,129.175,156.262,23.1887,0.0718272,133.001,308.9,0,0,0
1200,3,0,263,1,1,1,4386.87,18740.6,1624.05,46.3844,0.482746,1533.98,272791,132.939,23.1957,0.267264,109.476,150.789,23.1887,0.0718272,127.529,283.728,0,0,0
1200,3,0,264,1,1,1,4352.41,18681.3,1623.94,46.3844,1.03565,1533.32,272791,87.1015,23.1957,0.497779,63.408,144.048,23.1887,0.106906,120.752,231.149,0,0,0
1200,3,0,265,1,1,1,4339.96,18714.9,1623.48,46.3844,0.482746,1533.41,272801,153.465,23.1957,0.267264,130.002,92.7616,23.1887,0.0718272,69.501,246.226,0,0,0
1200,3,0,266,1,0,0,-1,-1,1600.6,23.1957,0.267264,1533.23,272809,-1,-1,-1,-1,-1,-1,-1,-1,-1,0,0,0
1200,3,0,267,1,1,2,10424,24752.2,1646.17,69.5741,0.537869,1533.56,272797,89.1017,23.1957,0.267264,65.6388,348.67,46.3784,0.12695,302.165,437.772,1,0,0
1200,3,0,268,1,1,1,4324.93,18737.9,1623.65,46.3844,0.482746,1533.58,272798,159.198,23.1957,0.267264,135.735,154.047,23.1887,0.0718272,130.787,313.246,0,0,0
1200,3,0,269,1,1,1,4316.94,24674.8,1628.95,52.1883,0.696557,1533.04,272803,234.817,28.9996,0.481075,205.117,36.7081,23.1887,0.0718272,13.4476,271.525,0,0,0
1200,3,0,270,1,1,1,4315.34,18648.4,1623.67,46.3844,0.517824,1533.57,272797,154.483,23.1957,0.302342,130.985,80.0467,23.1887,0.0718272,56.7862,234.53,0,0,0
1200,3,0,271,1,1,1,4322.12,24678,1629.44,52.1883,0.96215,1533.27,272793,336.401,28.9996,0.71159,306.69,89.2899,23.1887,0.106906,65.9943,425.691,0,0,0
1200,3,0,272,1,1,1,4380.51,18787.5,1623.98,46.3844,0.783418,1533.61,272791,162.53,23.1957,0.497779,138.836,149.259,23.1887,0.141984,125.928,311.788,0,0,0
1200,3,0,273,1,1,1,4407.88,18723,1623.65,46.3844,0.517824,1533.55,272798,84.6024,23.1957,0.267264,61.1394,160.681,23.1887,0.106906,137.385,245.283,0,0,0
1200,3,0,274,1,1,1,4370.56,18801.2,1623.81,46.3844,0.482746,1533.74,272795,156.583,23.1957,0.267264,133.12,155.859,23.1887,0.0718272,132.599,312.442,0,0,0
1200,3,0,275,1,1,1,4318.54,30636.3,1634.89,57.9922,0.820166,1533.23,272797,411.383,34.8035,0.604685,375.451,34.055,23.1887,0.0718272,10.7945,445.438,0,0,0
1200,3,0,276,1,1,1,4425,18746.7,1623.69,46.3844,0.482746,1533.62,272797,84.6186,23.1957,0.267264,61.1556,160.095,23.1887,0.0718272,136.835,244.714,0,0,0
1200,3,0,277,1,1,1,4316.62,18692.6,1623.52,46.3844,0.482746,1533.45,272800,146.236,23.1957,0.267264,122.773,70.9108,23.1887,0.0718272,47.6503,217.147,0,0,0
1200,3,0,278,1,1,1,4327.11,18667.6,1623.11,46.3844,0.552902,1532.98,272807,95.9128,23.1957,0.337421,72.3797,150.97,23.1887,0.0718272,127.709,246.883,0,0,0
1200,3,0,279,1,1,1,4355.84,18674.2,1623.3,46.3844,0.517824,1533.2,272804,118.09,23.1957,0.267264,94.6275,156.017,23.1887,0.106906,132.721,274.107,0,0,0
1200,3,0,280,1,1,1,4336.26,18683.4,1623.28,46.3844,0.552902,1533.14,272804,119.19,23.1957,0.302342,95.6923,62.0825,23.1887,0.106906,38.787,181.273,0,0,0
1200,3,0,281,0,0,0,-1,-1,1601.02,23.206,1.13754,1532.77,272799,-1,-1,-1,-1,-1,-1,-1,-1,-1,0,0,0
1200,3,0,282,1,1,1,4322.12,18801.2,1623.52,46.3844,0.678182,1533.26,272800,150.476,23.1957,0.462701,126.818,106.816,23.1887,0.0718272,83.555,257.292,0,0,0
1200,3,0,283,1,1,1,4327.53,24682.7,1628.93,52.1883,0.891994,1532.83,272803,336.054,28.9996,0.676512,306.377,82.2323,23.1887,0.0718272,58.9718,418.286,0,0,0
1200,3,0,284,1,1,1,4357.56,18693.9,1623.65,46.3844,0.482746,1533.58,272798,130.96,23.1957,0.267264,107.497,66.7833,23.1887,0.0718272,43.5228,197.744,0,0,0
1200,3,0,285,1,1,2,10350.8,24667.4,1646.62,69.5741,0.950458,1533.6,272788,144.641,23.1957,0.267264,121.178,345.783,46.3784,0.25223,299.153,490.424,1,0,0
1200,3,0,286,0,0,0,-1,-1,1611.81,34.8041,0.729965,1532.73,272808,-1,-1,-1,-1,-1,-1,-1,-1,-1,0,0,0
1200,3,0,287,1,1,1,4316.33,18632.7,1623.54,46.3844,0.482746,1533.48,272800,114.649,23.1957,0.267264,91.1857,153.029,23.1887,0.0718272,129.769,267.678,0,0,0
1200,3,0,288,1,1,1,4355.21,18799.2,1623.81,46.3844,0.678182,1533.55,272794,162.155,23.1957,0.462701,138.497,149.976,23.1887,0.0718272,126.715,312.131,0,0,0
1200,3,0,289,1,1,1,4341.92,18665.6,1623.21,46.3844,0.678182,1532.94,272805,93.1414,23.1957,0.462701,69.483,152.056,23.1887,0.0718272,128.796,245.198,0,0,0
1200,3,0,290,1,1,2,10333,30672.3,1651.58,75.3781,0.643104,1533.24,272800,183.945,28.9996,0.355795,154.226,364.18,46.3784,0.143654,317.657,548.125,1,0,0
1200,3,0,291,1,1,1,4334.54,18784.1,1623.24,46.3844,0.482746,1533.18,272805,148.929,23.1957,0.267264,125.466,103.883,23.1887,0.0718272,80.6222,252.812,0,0,0
1200,3,0,292,1,1,1,4437.48,18796,1623.57,46.3844,0.552902,1533.43,272799,149.201,23.1957,0.337421,125.668,158.51,23.1887,0.0718272,135.25,307.712,0,0,0
1200,3,0,293,1,1,1,4315.02,24630.2,1629.25,52.1883,0.696557,1533.34,272798,292.663,28.9996,0.481075,263.138,58.2249,23.1887,0.0718272,34.9644,350.888,0,0,0
1200,3,0,294,1,1,1,4316.94,42642.4,1646.55,69.6001,1.28287,1533.18,272788,889.602,46.4114,1.06739,841.34,71.4739,23.1887,0.0718272,48.2134,961.076,0,0,0
1200,3,0,295,1,1,1,4335.5,18662.2,1623.58,46.3844,0.482746,1533.51,272799,87.3168,23.1957,0.267264,63.8538,135.043,23.1887,0.0718272,111.782,222.359,0,0,0
1200,3,0,296,1,1,1,4318.86,18740.9,1623.76,46.3844,0.482746,1533.69,272796,156.475,23.1957,0.267264,133.012,75.0348,23.1887,0.0718272,51.7743,231.51,0,0,0
1200,3,0,297,1,1,1,4316.62,18731.7,1623.87,46.3844,0.482746,1533.8,272794,156.654,23.1957,0.267264,133.191,79.4114,23.1887,0.0718272,56.1509,236.065,0,0,0
1200,3,0,298,1,1,1,4319.5,24646.8,1629.5,52.1883,0.696557,1533.6,272793,295.123,28.9996,0.481075,265.603,58.7501,23.1887,0.0718272,35.4896,353.873,0,0,0
1200,3,0,299,1,1,1,4335.19,24665.7,1629.45,52.1883,0.96215,1533.28,272793,333.565,28.9996,0.746669,303.818,118.502,23.1887,0.0718272,95.2411,452.066,0,0,0
1200,3,0,300,1,1,1,4372.67,18695.4,1624.08,46.3844,0.661478,1533.84,272789,90.0284,23.1957,0.302342,66.5303,151.753,23.1887,0.0718272,128.493,241.782,0,0,0
1200,3,0,301,1,0,0,-1,-1,1612.35,34.8035,0.8352,1533.16,272798,-1,-1,-1,-1,-1,-1,-1,-1,-1,0,0,0
1200,3,0,302,1,1,1,4322.44,18712.5,1623.32,46.3844,0.482746,1533.26,272804,121.976,23.1957,0.267264,98.5132,63.679,23.1887,0.0718272,40.4185,185.655,0,0,0
1200,3,0,303,1,1,3,4405.52,18717.5,1668.81,92.7639,1.05736,1533.19,272792,91.0744,23.1957,0.267264,67.6114,186.651,69.5682,0.646445,116.437,277.726,2,0,0
1200,3,0,304,1,1,1,4315.98,18652,1622.93,46.3844,0.517824,1532.83,272810,149.664,23.1957,0.302342,126.166,98.7354,23.1887,0.0718272,75.4749,248.4,0,0,0
1200,3,0,305,1,0,0,-1,-1,1606.28,28.9996,0.481075,1533.08,272807,-1,-1,-1,-1,-1,-1,-1,-1,-1,0,0,0
1200,3,0,306,1,1,1,4410.93,18857.4,1623.8,46.3844,0.587981,1533.63,272794,161.923,23.1957,0.302342,138.425,151.625,23.1887,0.141984,128.294,313.547,0,0,0
1200,3,0,307,1,1,1,4316.3,18742.6,1624,46.3844,0.678182,1533.74,272791,120.289,23.1957,0.462701,96.6308,61.0259,23.1887,0.0718272,37.7654,181.315,0,0,0
1200,3,0,308,1,1,1,4319.62,18647.6,1623.99,46.3844,0.482746,1533.92,272792,117.554,23.1957,0.267264,94.0914,59.4991,23.1887,0.0718272,36.2386,177.053,0,0,0
1200,3,0,309,1,1,1,4364.95,18690.5,1623.31,46.3844,0.517824,1533.2,272804,120.519,23.1957,0.302342,97.0206,156.334,23.1887,0.0718272,133.073,276.853,0,0,0
1200,3,0,310,1,1,2,10490,24806.4,1646.3,69.5741,1.13086,1533.09,272793,90.764,23.1957,0.267264,67.301,362.974,46.3784,0.719942,315.876,453.738,1,0,0
1200,3,0,311,1,1,1,4481.51,18821,1624.01,46.3844,0.856915,1533.58,272790,84.3492,23.1957,0.497779,60.6557,161.965,23.1887,0.0718272,138.704,246.314,0,0,0
1200,3,0,312,1,1,1,4325.72,18718.8,1623.49,46.3952,0.50112,1533.39,272801,140.292,23.2065,0.285638,116.799,147.929,23.1887,0.0718272,124.668,288.22,0,0,0
1200,3,0,313,1,1,1,4325.89,18659.9,1623.64,46.3844,0.482746,1533.57,272798,147.604,23.1957,0.267264,124.141,110.611,23.1887,0.0718272,87.3505,258.215,0,0,0
1200,3,0,314,1,1,1,4383.14,18723.1,1623.46,46.3844,0.696557,1533.18,272800,155.738,23.1957,0.302342,132.24,154.048,23.1887,0.106906,130.752,309.785,0,0,0
1200,3,0,315,1,1,1,4447.58,18765.3,1623.85,46.3844,0.482746,1533.78,272794,88.8364,23.1957,0.267264,65.3735,156.928,23.1887,0.0718272,133.667,245.764,0,0,0
1200,3,0,316,1,0,0,-1,-1,1601.26,23.1957,0.267264,1533.89,272797,-1,-1,-1,-1,-1,-1,-1,-1,-1,0,0,0
1200,3,0,317,1,1,1,4347.44,24744.6,1628.68,52.1883,0.696557,1532.77,272808,335.696,28.9996,0.481075,306.215,84.8656,23.1887,0.0718272,61.605,420.561,0,0,0
1200,3,0,318,1,1,2,10330.5,24643.7,1646.41,69.5741,0.663149,1533.68,272792,82.6947,23.1957,0.267264,59.2317,357.881,46.3784,0.25223,311.25,440.576,1,0,0
1200,3,0,319,1,1,1,4319.11,18646.9,1623.52,46.3844,0.482746,1533.45,272800,89.1992,23.1957,0.267264,65.7362,143.173,23.1887,0.0718272,119.913,232.372,0,0,0
1200,3,0,320,1,1,1,4364.15,18680.9,1623.74,46.3844,0.50112,1533.66,272796,91.7097,23.1957,0.267264,68.2467,139.51,23.1887,0.0902016,116.231,231.219,0,0,0
1200,3,0,321,1,1,1,4328.47,18662.2,1623.14,46.3844,0.482746,1533.07,272807,87.3366,23.1957,0.267264,63.8737,155.966,23.1887,0.0718272,132.705,243.302,0,0,0
1200,3,0,322,1,1,1,4318.22,24656.6,1629.34,52.1883,0.536198,1533.59,272796,232.777,28.9996,0.320717,203.235,36.0601,23.1887,0.0718272,12.7996,268.838,0,0,0
1200,3,0,323,1,1,1,4435.98,18752.6,1623.23,46.3844,0.661478,1532.98,272805,85.8585,23.1957,0.267264,62.3955,159.199,23.1887,0.106906,135.903,245.057,0,0,0
1200,3,0,324,1,0,0,-1,-1,1600.79,23.1957,0.267264,1533.43,272806,-1,-1,-1,-1,-1,-1,-1,-1,-1,0,0,0
1200,3,0,325,0,0,0,-1,-1,1612.52,34.8041,0.37417,1533.8,272796,-1,-1,-1,-1,-1,-1,-1,-1,-1,0,0,0
1200,3,0,326,1,1,2,10325.5,30669.9,1652.07,75.3781,0.733306,1533.64,272791,336.228,28.9996,0.481075,306.747,301.096,46.3784,0.108576,254.609,637.324,1,0,0
1200,3,0,327,1,1,1,4320.58,18671.9,1623.5,46.3844,0.517824,1533.4,272800,158.25,23.1957,0.302342,134.752,146.518,23.1887,0.0718272,123.257,304.767,0,0,0
1200,3,0,328,1,1,1,4333.9,18667.6,1623.53,46.3844,0.517824,1533.43,272800,89.802,23.1957,0.267264,66.339,151.27,23.1887,0.106906,127.975,241.072,0,0,0
1200,3,0,329,1,0,0,-1,-1,1601.37,23.1957,0.267264,1534.01,272795,-1,-1,-1,-1,-1,-1,-1,-1,-1,0,0,0
1200,3,0,330,1,0,0,-1,-1,1606.91,28.9996,0.71159,1533.47,272795,-1,-1,-1,-1,-1,-1,-1,-1,-1,0,0,0
1200,3,0,331,0,0,0,-1,-1,1606.69,29.0099,0.995558,1532.96,272798,-1,-1,-1,-1,-1,-1,-1,-1,-1,0,0,0
1200,3,0,332,1,1,1,4330.7,18645.5,1623.52,46.3844,0.517824,1533.42,272800,116.055,23.1957,0.267264,92.5917,153.189,23.1887,0.106906,129.893,269.243,0,0,0
1200,3,0,333,1,1,2,10468.5,24785.5,1645.95,69.5741,0.698227,1533.18,272800,88.6559,23.1957,0.267264,65.193,349.647,46.3784,0.287309,302.981,438.302,1,0,0
1200,3,0,334,1,1,1,4321.58,18670.8,1623.74,46.3844,0.482746,1533.67,272796,154.268,23.1957,0.267264,130.805,79.6731,23.1887,0.0718272,56.4126,233.941,0,0,0
1200,3,0,335,1,0,0,-1,-1,1601.44,23.1957,0.267264,1534.08,272794,-1,-1,-1,-1,-1,-1,-1,-1,-1,0,0,0
1200,3,0,336,1,1,1,4319.3,18635.5,1623.72,46.3844,0.482746,1533.65,272797,86.8999,23.1957,0.267264,63.4369,155.04,23.1887,0.0718272,131.779,241.94,0,0,0
1200,3,0,337,1,1,1,4338.78,18728.4,1623.6,46.3844,0.482746,1533.53,272799,150.869,23.1957,0.267264,127.406,156.808,23.1887,0.0718272,133.548,307.678,0,0,0
1200,3,0,338,1,1,1,4316.74,36773.2,1640.56,63.7961,1.62029,1532.47,272794,712.424,40.6075,1.40481,669.916,79.8482,23.1887,0.0718272,56.5877,792.273,0,0,0
1200,3,0,339,1,1,1,4442.13,18861.3,1623.88,46.3844,0.517824,1533.78,272794,156.42,23.1957,0.302342,132.922,140.446,23.1887,0.0718272,117.186,296.866,0,0,0
1200,3,0,340,1,1,1,4331.53,18650.6,1623.67,46.3844,0.770054,1533.32,272797,147.42,23.1957,0.267264,123.957,153.199,23.1887,0.0718272,129.938,300.619,0,0,0
1200,3,0,341,1,1,1,4372.02,18692.9,1623.71,46.3844,0.661478,1533.47,272796,92.7258,23.1957,0.267264,69.2628,152.702,23.1887,0.106906,129.406,245.427,0,0,0
1200,3,0,342,1,1,1,4327.56,30689,1635.18,57.9922,0.980525,1533.36,272791,486.725,34.8035,0.765043,450.844,60.1452,23.1887,0.0718272,36.8847,546.87,0,0,0
1200,3,0,343,1,1,1,4351.87,24665.1,1629.39,52.1883,0.572947,1533.6,272795,190.51,28.9996,0.320717,160.849,152.221,23.1887,0.108576,128.924,342.732,0,0,0
1200,3,0,344,1,1,1,4347.87,18692.6,1623.71,46.3844,0.552902,1533.57,272796,153.453,23.1957,0.337421,129.92,88.134,23.1887,0.0718272,64.8735,241.587,0,0,0
1200,3,0,345,1,1,1,4436.45,18813.3,1623.76,46.3844,0.517824,1533.66,272796,154.732,23.1957,0.302342,131.234,156.956,23.1887,0.0718272,133.696,311.689,0,0,0
1200,3,0,346,1,1,1,4326.97,18708.8,1623.32,46.3844,0.517824,1533.22,272803,118.961,23.1957,0.302342,95.4631,59.9665,23.1887,0.0718272,36.706,178.928,0,0,0
1200,3,0,347,1,1,1,4445.02,18916.2,1623.97,46.3844,0.6264,1533.76,272792,161.871,23.1957,0.267264,138.408,150.389,23.1887,0.0718272,127.128,312.26,0,0,0
1200,3,0,348,1,1,1,4316.42,18663.6,1623.69,46.3844,0.482746,1533.63,272797,153.042,23.1957,0.267264,129.579,85.4449,23.1887,0.0718272,62.1844,238.487,0,0,0
1200,3,0,349,1,1,1,4316.62,30664,1634.94,57.9922,1.05068,1533.05,272795,423.536,34.8035,0.8352,387.404,36.9445,23.1887,0.0718272,13.684,460.481,0,0,0
1200,3,0,350,1,1,1,4332.17,18751.2,1623.78,46.3844,0.482746,1533.71,272796,158.278,23.1957,0.267264,134.815,83.5192,23.1887,0.0718272,60.2587,241.797,0,0,0
1200,3,0,351,1,1,1,4348.46,18662.8,1623.32,46.3844,0.482746,1533.26,272804,86.2177,23.1957,0.267264,62.7547,133.065,23.1887,0.0718272,109.804,219.282,0,0,0
1200,3,0,352,1,1,1,4341.06,18662.7,1623.52,46.3844,0.482746,1533.45,272800,86.9775,23.1957,0.267264,63.5145,155.047,23.1887,0.0718272,131.786,242.024,0,0,0
1200,3,0,353,1,1,1,4347.33,18681.6,1623.87,46.3844,0.482746,1533.81,272794,116.968,23.1957,0.267264,93.5049,60.5567,23.1887,0.0718272,37.2962,177.525,0,0,0
1200,3,0,354,1,1,1,4341.32,18759,1623.32,46.3844,0.517824,1533.21,272804,155.816,23.1957,0.267264,132.353,89.5678,23.1887,0.106906,66.2723,245.384,0,0,0
1200,3,0,355,1,1,1,4408.82,18722.7,1623.46,46.3844,0.482746,1533.39,272801,84.6728,23.1957,0.267264,61.2098,159.938,23.1887,0.0718272,136.678,244.611,0,0,0
1200,3,0,356,1,1,1,4322.05,18710.8,1623.5,46.3844,0.482746,1533.43,272801,158.982,23.1957,0.267264,135.519,82.3533,23.1887,0.0718272,59.0928,241.335,0,0,0
1200,3,0,357,1,1,1,4365.31,18707.7,1623.31,46.3844,0.770054,1532.95,272803,89.9716,23.1957,0.267264,66.5087,139.495,23.1887,0.0718272,116.235,229.467,0,0,0
1200,3,0,358,1,1,1,4393.98,18956.7,1623.41,46.3844,0.818496,1533.01,272801,166.502,23.1957,0.567936,142.738,146.309,23.1887,0.106906,123.013,312.811,0,0,0
1200,3,0,359,1,1,1,4318.34,18689.8,1623.61,46.3844,0.482746,1533.55,272798,156.258,23.1957,0.267264,132.795,120.462,23.1887,0.0718272,97.2011,276.72,0,0,0
1200,3,0,360,1,1,1,4330.71,18646.5,1623.7,46.3844,0.6264,1533.49,272796,86.7284,23.1957,0.267264,63.2655,154.457,23.1887,0.0718272,131.196,241.185,0,0,0
1200,3,0,361,1,1,1,4385.59,24710.8,1628.75,52.1883,0.75001,1532.79,272806,338.124,28.9996,0.516154,308.608,154.683,23.1887,0.0902016,131.404,492.807,0,0,0
1200,3,0,362,1,0,0,-1,-1,1600.87,23.1957,0.267264,1533.51,272804,-1,-1,-1,-1,-1,-1,-1,-1,-1,0,0,0
1200,3,0,363,1,1,1,4344.97,18667,1623.77,46.3844,0.482746,1533.71,272796,86.4776,23.1957,0.267264,63.0146,157.07,23.1887,0.0718272,133.81,243.548,0,0,0
1200,3,0,364,1,1,1,4340.02,24847.9,1629.37,52.1883,0.766714,1533.39,272795,338.256,28.9996,0.551232,308.706,115.359,23.1887,0.0718272,92.0989,453.616,0,0,0
1200,3,0,365,1,1,1,4418.38,18735.4,1623.76,46.3844,0.661478,1533.52,272795,86.8223,23.1957,0.267264,63.3593,158.324,23.1887,0.106906,135.028,245.146,0,0,0
1200,3,0,366,1,1,1,4388.42,18703.5,1623.59,46.3844,0.517824,1533.49,272799,85.1149,23.1957,0.267264,61.652,158.749,23.1887,0.106906,135.454,243.864,0,0,0
1200,3,0,367,1,1,1,4335.62,18691.1,1623.44,46.3844,0.482746,1533.37,272802,158.43,23.1957,0.267264,134.967,81.9887,23.1887,0.0718272,58.7282,240.418,0,0,0
1200,3,0,368,1,1,1,4317.9,30636.6,1635.13,57.9922,0.910368,1533.38,272792,416.469,34.8035,0.694886,380.461,34.7643,23.1887,0.0718272,11.5038,451.233,0,0,0
1200,3,0,369,1,1,1,4327.71,18761,1623.7,46.3844,0.482746,1533.63,272797,159.494,23.1957,0.267264,136.031,81.8894,23.1887,0.0718272,58.6289,241.384,0,0,0
1200,3,0,370,1,1,2,10317.3,24816.8,1646.07,69.5741,0.589651,1533.41,272798,152.907,23.1957,0.337421,129.373,305.573,46.3784,0.108576,259.086,458.48,1,0,0
1200,3,0,371,1,1,1,4373.52,18709.6,1623.82,46.3844,0.517824,1533.72,272794,91.5996,23.1957,0.267264,68.1366,139,23.1887,0.106906,115.704,230.599,0,0,0
1200,3,0,372,1,1,1,4316.94,30643.6,1635.19,57.9922,0.785088,1533.57,272791,460.179,34.8035,0.569606,424.422,50.8595,23.1887,0.0718272,27.599,511.038,0,0,0
1200,3,0,373,1,1,1,4337.67,18665.5,1623.71,46.3844,0.482746,1533.64,272797,91.0184,23.1957,0.267264,67.5555,137.522,23.1887,0.0718272,114.262,228.541,0,0,0
1200,3,0,374,1,1,1,4317.26,24685.8,1629.26,52.1883,0.536198,1533.51,272798,335.349,28.9996,0.320717,306.029,82.9795,23.1887,0.0718272,59.719,418.329,0,0,0
1200,3,0,375,1,0,0,-1,-1,1600.69,23.1957,0.302342,1533.29,272807,-1,-1,-1,-1,-1,-1,-1,-1,-1,0,0,0
1200,3,0,376,1,1,1,4331.51,18713.8,1623.73,46.3844,0.482746,1533.66,272796,158.184,23.1957,0.267264,134.721,124.892,23.1887,0.0718272,101.632,283.076,0,0,0
1200,3,0,377,1,1,1,4315.34,24644,1629.61,52.1883,0.96215,1533.44,272790,241.117,28.9996,0.746669,211.174,37.0582,23.1887,0.0718272,13.7977,278.175,0,0,0
1200,3,0,378,1,1,1,4324.81,18641.5,1623.71,46.3844,0.482746,1533.65,272797,86.7645,23.1957,0.267264,63.3016,155.271,23.1887,0.0718272,132.01,242.035,0,0,0
1200,3,0,379,1,1,1,4398.35,18714.1,1623.56,46.3844,0.482746,1533.49,272799,84.7991,23.1957,0.267264,61.3361,159.588,23.1887,0.0718272,136.327,244.387,0,0,0
1200,3,0,380,1,1,1,4360.84,18681.9,1623.57,46.3844,0.6264,1533.36,272799,90.8127,23.1957,0.267264,67.3497,152.094,23.1887,0.0718272,128.834,242.907,0,0,0
1200,3,0,381,1,1,1,4321.13,18636.5,1623.48,46.3844,0.482746,1533.41,272801,87.8673,23.1957,0.267264,64.4043,142.098,23.1887,0.0718272,118.837,229.965,0,0,0
1200,3,0,382,0,0,0,-1,-1,1601.3,23.206,1.17262,1533.02,272794,-1,-1,-1,-1,-1,-1,-1,-1,-1,0,0,0
1200,3,0,383,1,1,1,4334.34,18649.5,1623.54,46.3844,0.482746,1533.47,272800,87.5604,23.1957,0.267264,64.0975,141.811,23.1887,0.0718272,118.55,229.371,0,0,0
1200,3,0,384,1,1,2,10370.3,24692.3,1646.25,69.5741,1.09411,1533.09,272794,80.3864,23.1957,0.267264,56.9234,336.879,46.3784,0.539539,289.961,417.265,1,0,0
1200,3,0,385,1,1,1,4355.19,18784.7,1623.31,46.3844,0.661478,1533.06,272803,161.44,23.1957,0.267264,137.977,147.148,23.1887,0.106906,123.853,308.588,0,0,0
1200,3,0,386,1,1,1,4317.9,18757.7,1623.75,46.3844,0.713261,1533.46,272795,156.42,23.1957,0.497779,132.727,77.4839,23.1887,0.0718272,54.2234,233.904,0,0,0
1200,3,0,387,1,0,0,-1,-1,1601.36,23.1957,0.302342,1533.96,272795,-1,-1,-1,-1,-1,-1,-1,-1,-1,0,0,0
1200,3,0,388,1,1,1,4331.94,18671.6,1623.72,46.3844,0.482746,1533.65,272797,155.253,23.1957,0.267264,131.79,78.2744,23.1887,0.0718272,55.0139,233.527,0,0,0
1200,3,0,389,1,1,1,4319.4,18647.7,1623.06,46.3844,0.482746,1533,272808,152.291,23.1957,0.267264,128.828,79.7688,23.1887,0.0718272,56.5083,232.06,0,0,0
1200,3,0,390,1,1,1,4402.24,18717.7,1623.76,46.3844,0.482746,1533.7,272796,87.111,23.1957,0.267264,63.6481,159.321,23.1887,0.0718272,136.06,246.432,0,0,0
1200,3,0,391,1,1,1,4318.79,18679.3,1623.58,46.3844,0.482746,1533.51,272799,153.044,23.1957,0.267264,129.581,82.8983,23.1887,0.0718272,59.6378,235.942,0,0,0
1200,3,0,392,1,1,1,4330.08,18791.3,1623.74,46.3844,0.873619,1533.28,272795,161.224,23.1957,0.658138,137.371,149.988,23.1887,0.0718272,126.728,311.213,0,0,0
1200,3,0,393,1,1,1,4320.01,18688.1,1624.08,46.3844,0.908698,1533.59,272789,127.883,23.1957,0.693216,103.994,65.6661,23.1887,0.0718272,42.4056,193.549,0,0,0
1200,3,0,394,1,1,1,4315.56,18708.7,1623.14,46.3844,0.482746,1533.07,272807,134.89,23.1957,0.267264,111.427,66.0631,23.1887,0.0718272,42.8026,200.953,0,0,0
1200,3,0,395,1,1,1,4463.78,18801,1623.48,46.3844,0.552902,1533.34,272800,84.2693,23.1957,0.302342,60.7712,160.843,23.1887,0.106906,137.547,245.112,0,0,0
1200,3,0,396,1,1,1,4342.2,18721.5,1623.56,46.3844,0.623059,1533.35,272798,159.75,23.1957,0.302342,136.252,82.4585,23.1887,0.177062,59.0928,242.208,0,0,0
1200,3,0,397,1,1,1,4322.66,18674.8,1623.26,46.3844,0.517824,1533.16,272805,152.714,23.1957,0.267264,129.251,93.6503,23.1887,0.106906,70.3547,246.364,0,0,0
1200,3,0,398,1,1,1,4360.95,18675.1,1623.7,46.3844,0.587981,1533.53,272796,84.6565,23.1957,0.267264,61.1935,157.809,23.1887,0.177062,134.443,242.465,0,0,0
1200,3,0,399,1,1,1,4341.35,30750.5,1634.93,57.9922,0.62473,1533.47,272796,529.839,34.8035,0.409248,494.432,157.267,23.1887,0.0718272,134.006,687.106,0,0,0
1200,3,0,400,1,1,1,4327.06,18688.9,1623.5,46.3844,0.517824,1533.39,272800,156.732,23.1957,0.302342,133.234,153.004,23.1887,0.0718272,129.743,309.736,0,0,0
1200,3,0,401,1,1,1,4370.74,18787.1,1623.79,46.3844,0.517824,1533.69,272795,155.739,23.1957,0.302342,132.241,118.494,23.1887,0.0718272,95.2339,274.234,0,0,0
1200,3,0,402,1,1,1,4313.74,18630.1,1623.36,46.3844,0.482746,1533.3,272803,113.263,23.1957,0.267264,89.7996,152.118,23.1887,0.0718272,128.857,265.38,0,0,0
1200,3,0,403,1,1,1,4320.46,30709,1634.78,57.9922,0.908698,1533.03,272798,513.062,34.8035,0.639763,477.379,70.0962,23.1887,0.12528,46.7822,583.158,0,0,0
1200,3,0,404,1,1,1,4383.76,18734.6,1624.15,46.3844,0.908698,1533.66,272788,88.3267,23.1957,0.658138,64.4729,157.914,23.1887,0.106906,134.618,246.241,0,0,0
1200,3,0,405,1,1,1,4375.01,18703.3,1623.7,46.3844,0.482746,1533.63,272797,125.938,23.1957,0.267264,102.475,153.724,23.1887,0.0718272,130.464,279.662,0,0,0
1200,3,0,406,1,0,0,-1,-1,1601.65,23.1957,0.497779,1534.06,272789,-1,-1,-1,-1,-1,-1,-1,-1,-1,0,0,0
1200,3,0,407,1,1,1,4359.18,18673,1623.73,46.3844,0.770054,1533.38,272796,117.861,23.1957,0.267264,94.3983,155.152,23.1887,0.0718272,131.891,273.013,0,0,0
1200,3,0,408,1,1,1,4386.78,18706,1623.93,46.3844,0.482746,1533.86,272793,151.427,23.1957,0.267264,127.964,145.278,23.1887,0.0718272,122.017,296.705,0,0,0
1200,3,0,409,1,1,1,4406.33,18895.3,1623.83,46.3844,0.678182,1533.57,272794,162.327,23.1957,0.462701,138.668,149.938,23.1887,0.0718272,126.677,312.264,0,0,0
1200,3,0,410,1,1,2,10354.2,24790.9,1646.29,69.5741,0.537869,1533.68,272794,161.873,23.1957,0.267264,138.41,352.751,46.3784,0.12695,306.246,514.624,1,0,0
1200,3,0,411,1,1,1,4313.42,18666.9,1623.58,46.3844,0.482746,1533.51,272799,149.559,23.1957,0.267264,126.096,71.8475,23.1887,0.0718272,48.587,221.406,0,0,0
1200,3,0,412,1,1,1,4348.94,18764.2,1623.5,46.3844,0.661478,1533.26,272800,150.58,23.1957,0.267264,127.117,147.832,23.1887,0.106906,124.537,298.413,0,0,0
1200,3,0,413,1,1,1,4321.99,18697.8,1623.83,46.3844,0.552902,1533.69,272794,157.661,23.1957,0.302342,134.163,131.963,23.1887,0.106906,108.667,289.624,0,0,0
1200,3,0,414,1,1,1,4342.66,18663.8,1623.43,46.3844,0.770054,1533.08,272801,151.817,23.1957,0.267264,128.354,95.2034,23.1887,0.0718272,71.9429,247.02,0,0,0
1200,3,0,415,1,1,1,4332.95,18647.4,1623.44,46.3844,0.482746,1533.37,272802,91.5454,23.1957,0.267264,68.0825,152.509,23.1887,0.0718272,129.249,244.055,0,0,0
1200,3,0,416,1,1,1,4394.77,18768.2,1623.57,46.3844,0.517824,1533.47,272799,154.943,23.1957,0.267264,131.48,157.432,23.1887,0.106906,134.136,312.375,0,0,0
1200,3,0,417,1,0,0,-1,-1,1601.06,23.1957,0.442656,1533.52,272799,-1,-1,-1,-1,-1,-1,-1,-1,-1,0,0,0
1200,3,0,418,1,1,1,4449.97,24908.6,1629.43,52.1883,0.891994,1533.32,272794,333.159,28.9996,0.676512,303.483,148.992,23.1887,0.0718272,125.731,482.151,0,0,0
1200,3,0,419,1,1,1,4316.3,18667.3,1623.67,46.3844,0.482746,1533.6,272798,157.836,23.1957,0.267264,134.373,80.2958,23.1887,0.0718272,57.0353,238.132,0,0,0
1200,3,0,420,1,1,1,4433.72,18807.7,1623.26,46.3844,0.482746,1533.2,272805,151.284,23.1957,0.267264,127.821,114.813,23.1887,0.0718272,91.5521,266.097,0,0,0
1200,3,0,421,1,1,1,4383.69,18703.1,1623.77,46.3844,0.482746,1533.7,272796,92.058,23.1957,0.267264,68.595,139.831,23.1887,0.0718272,116.57,231.889,0,0,0
1200,3,0,422,1,1,1,4325.29,24786.4,1629.02,52.1883,0.571277,1533.24,272802,346.119,28.9996,0.355795,316.764,146.211,23.1887,0.0718272,122.95,492.33,0,0,0
1200,3,0,423,1,1,1,4323.61,18657.2,1623.09,46.3844,0.517824,1532.98,272808,91.3657,23.1957,0.302342,67.8677,136.524,23.1887,0.0718272,113.264,227.89,0,0,0
1200,3,0,424,1,1,1,4320.89,18638.8,1623.72,46.3844,0.482746,1533.65,272797,151.925,23.1957,0.267264,128.462,85.62,23.1887,0.0718272,62.3594,237.545,0,0,0
1200,3,0,425,1,1,2,10352.4,24807.4,1645.76,69.5741,0.591322,1533.1,272803,161.567,23.1957,0.302342,138.069,351.73,46.3784,0.145325,305.206,513.297,1,0,0
1200,3,0,426,1,1,1,4321.89,18645.1,1623.94,46.3844,0.678182,1533.68,272792,146.71,23.1957,0.462701,123.051,99.4556,23.1887,0.0718272,76.195,246.165,0,0,0
1200,3,0,427,1,1,1,4318.28,18645.8,1623.7,46.3844,0.482746,1533.63,272797,88.5964,23.1957,0.267264,65.1334,138.73,23.1887,0.0718272,115.469,227.326,0,0,0
1200,3,0,428,1,1,1,4319,18650.8,1623.81,46.3844,0.482746,1533.74,272795,154.197,23.1957,0.267264,130.734,89.8576,23.1887,0.0718272,66.5971,244.055,0,0,0
1200,3,0,429,1,1,1,4321.22,18634.1,1623.34,46.3844,0.482746,1533.28,272803,83.9671,23.1957,0.267264,60.5041,158.922,23.1887,0.0718272,135.661,242.889,0,0,0
1200,3,0,430,1,0,0,-1,-1,1600.65,23.1957,0.337421,1533.22,272807,-1,-1,-1,-1,-1,-1,-1,-1,-1,0,0,0
1200,3,0,431,1,1,1,4331.26,18695.4,1623.98,46.3844,0.6264,1533.77,272792,159.047,23.1957,0.267264,135.584,81.8479,23.1887,0.0718272,58.5874,240.895,0,0,0
1200,3,0,432,1,1,1,4316.3,24745.4,1629.67,52.1883,0.96215,1533.5,272789,337.035,28.9996,0.746669,307.289,79.5739,23.1887,0.0718272,56.3134,416.609,0,0,0
1200,3,0,433,1,1,1,4336.92,18667.1,1623.8,46.3844,0.517824,1533.7,272795,91.6906,23.1957,0.302342,68.1926,136.622,23.1887,0.0718272,113.361,228.312,0,0,0
1200,3,0,434,1,1,1,4426.48,18753.7,1623.23,46.3844,0.587981,1533.06,272805,109.297,23.1957,0.267264,85.8345,155.849,23.1887,0.177062,132.483,265.146,0,0,0
1200,3,0,435,1,1,2,4384.99,18751.6,1646,69.5741,1.02061,1532.91,272798,150.465,23.1957,0.267264,127.002,181.567,46.3784,0.466042,134.723,332.032,1,0,0
1200,3,0,436,1,1,1,4329.35,18653.5,1623.66,46.3844,0.6264,1533.45,272797,91.0726,23.1957,0.267264,67.6096,150.705,23.1887,0.0718272,127.444,241.777,0,0,0
1200,3,0,437,1,1,1,4334.66,18664.5,1623.78,46.3844,0.482746,1533.72,272795,131.071,23.1957,0.267264,107.608,66.2563,23.1887,0.0718272,42.9958,197.327,0,0,0
1200,3,0,438,1,1,1,4364.97,24738.5,1629.1,52.1883,0.801792,1533.08,272800,339.942,28.9996,0.481075,310.462,129.584,23.1887,0.177062,106.218,469.526,0,0,0
1200,3,0,439,1,1,1,4336.17,18686.8,1623.37,46.3844,0.536198,1533.25,272802,90.6701,23.1957,0.267264,67.2071,151.202,23.1887,0.12528,127.888,241.872,0,0,0
1200,3,0,440,1,1,1,4330.82,18662.8,1623.77,46.3844,0.482746,1533.7,272796,150.837,23.1957,0.267264,127.374,147.443,23.1887,0.0718272,124.183,298.28,0,0,0
1200,3,0,441,1,1,1,4322.46,18670.6,1623.44,46.3952,0.536198,1533.31,272801,145.202,23.2065,0.285638,121.71,103.209,23.1887,0.106906,79.9129,248.411,0,0,0
1200,3,0,442,1,1,1,4316.3,18718.1,1623.61,46.3844,0.517824,1533.51,272798,145.336,23.1957,0.302342,121.838,68.8443,23.1887,0.0718272,45.5838,214.181,0,0,0
1200,3,0,443,1,0,0,-1,-1,1606.72,28.9996,0.71159,1533.28,272799,-1,-1,-1,-1,-1,-1,-1,-1,-1,0,0,0
1200,3,0,444,1,1,3,16392.9,36729.6,1673.51,98.5678,1.01894,1532.3,272808,189.584,28.9996,0.58631,159.651,552.364,69.5682,0.145325,482.65,741.948,2,0,0
1200,3,0,445,1,1,1,4341.64,18733.3,1623.62,46.3844,0.482746,1533.55,272798,158.273,23.1957,0.267264,134.81,152.139,23.1887,0.0718272,128.879,310.412,0,0,0
1200,3,0,446,1,1,1,4319.52,18663.5,1623.71,46.3844,0.482746,1533.65,272797,155.814,23.1957,0.267264,132.351,83.1672,23.1887,0.0718272,59.9067,238.982,0,0,0
1200,3,0,447,1,1,1,4315.66,18655.8,1623.58,46.3844,0.482746,1533.51,272799,155.345,23.1957,0.267264,131.882,83.9812,23.1887,0.0718272,60.7207,239.326,0,0,0
1200,3,0,448,0,0,0,-1,-1,1602,23.206,1.26282,1533.63,272782,-1,-1,-1,-1,-1,-1,-1,-1,-1,0,0,0
1200,3,0,449,1,1,2,10327.1,24749.5,1645.84,69.5741,0.806803,1532.96,272802,156.659,23.1957,0.267264,133.196,351.39,46.3784,0.108576,304.903,508.049,1,0,0
1200,3,0,450,1,1,1,4455.89,18924.3,1623.28,46.3844,0.482746,1533.22,272804,151.985,23.1957,0.267264,128.522,159.777,23.1887,0.0718272,136.517,311.762,0,0,0
1200,3,0,451,1,1,2,10398.5,24713.4,1646.24,69.5741,0.663149,1533.51,272795,90.9047,23.1957,0.267264,67.4418,362.72,46.3784,0.108576,316.233,453.625,1,0,0
1200,3,0,452,1,1,1,4333.51,18647.7,1623.1,46.3844,0.482746,1533.04,272808,116.167,23.1957,0.267264,92.7036,153.78,23.1887,0.0718272,130.52,269.947,0,0,0
1200,3,0,453,1,1,1,4342.75,18668.5,1623.42,46.3844,0.517824,1533.31,272802,86.3646,23.1957,0.302342,62.8666,155.708,23.1887,0.0718272,132.447,242.072,0,0,0
1200,3,0,454,1,1,1,4372.21,18761.4,1623.67,46.3844,0.517824,1533.57,272797,155.708,23.1957,0.267264,132.245,156.493,23.1887,0.106906,133.198,312.201,0,0,0
1200,3,0,455,1,1,1,4318.22,18698.7,1623.79,46.3844,0.482746,1533.73,272795,148.139,23.1957,0.267264,124.676,107.669,23.1887,0.0718272,84.4087,255.808,0,0,0
1200,3,0,456,1,1,1,4346.67,18666.1,1623.78,46.3844,0.482746,1533.71,272796,90.5149,23.1957,0.267264,67.0519,138.737,23.1887,0.0718272,115.477,229.252,0,0,0
1200,3,0,457,1,0,0,-1,-1,1600.95,23.1957,0.267264,1533.59,272803,-1,-1,-1,-1,-1,-1,-1,-1,-1,0,0,0
1200,3,0,458,1,1,1,4357.94,18755.2,1623.59,46.3844,0.517824,1533.49,272799,157.607,23.1957,0.267264,134.144,153.18,23.1887,0.106906,129.884,310.786,0,0,0
1200,3,0,459,1,1,1,4383.26,18741.3,1623.58,46.3952,0.536198,1533.45,272799,153.981,23.2065,0.285638,130.489,155.403,23.1887,0.106906,132.108,309.384,0,0,0
1200,3,0,460,1,1,1,4338.89,18858.1,1623.58,46.3844,0.552902,1533.45,272798,150.532,23.1957,0.267264,127.069,105.471,23.1887,0.141984,82.1401,256.002,0,0,0
1200,3,0,461,1,1,2,10323.8,24803.7,1645.6,69.5741,0.589651,1532.94,272806,161.416,23.1957,0.337421,137.883,351.917,46.3784,0.108576,305.43,513.333,1,0,0
1200,3,0,462,1,1,1,4318.22,18634.3,1623.34,46.3844,0.482746,1533.28,272803,85.8188,23.1957,0.267264,62.3558,156.207,23.1887,0.0718272,132.947,242.026,0,0,0
1200,3,0,463,1,1,1,4434.76,18765.7,1623.82,46.3844,0.713261,1533.53,272794,152.651,23.1957,0.462701,128.993,144.423,23.1887,0.106906,121.127,297.074,0,0,0
1200,3,0,464,1,1,1,4322.15,18740.8,1623.76,46.3844,1.21271,1532.97,272794,149.833,23.1957,0.853574,125.784,105.985,23.1887,0.0718272,82.7248,255.818,0,0,0
1200,3,0,465,1,1,1,4329,18753.1,1623.49,46.3844,0.6264,1533.28,272800,156.213,23.1957,0.267264,132.75,78.7563,23.1887,0.0718272,55.4958,234.97,0,0,0
1200,3,0,466,1,1,1,4377.73,18937.3,1623.17,46.3844,0.873619,1532.71,272805,163.563,23.1957,0.658138,139.71,148.611,23.1887,0.0718272,125.351,312.174,0,0,0
1200,3,0,467,1,1,1,4335.3,36739.8,1634.37,57.9922,1.0156,1532.52,272805,702.14,34.8035,0.800122,665.859,80.3012,23.1887,0.0718272,57.0407,782.441,0,0,0
1200,3,0,468,1,1,1,4354.4,18722.1,1623.57,46.3844,0.517824,1533.47,272799,148.658,23.1957,0.267264,125.195,156.724,23.1887,0.106906,133.429,305.383,0,0,0
1200,3,0,469,1,1,1,4319.82,30731.5,1635.05,57.9922,1.47663,1532.74,272792,518.819,34.8035,1.26115,482.528,79.6551,23.1887,0.0718272,56.3946,598.474,0,0,0
1200,3,0,470,1,1,1,4324.46,18843.9,1623.74,46.3844,0.748339,1533.41,272795,139.532,23.1957,0.532858,115.803,66.2382,23.1887,0.0718272,42.9777,205.77,0,0,0
1200,3,0,471,1,1,1,4358.68,18687.3,1623.59,46.3844,0.713261,1533.29,272798,147.419,23.1957,0.462701,123.761,108.702,23.1887,0.106906,85.4067,256.121,0,0,0
1200,3,0,472,1,1,2,10334.5,24744.3,1646.18,69.5741,0.714931,1533.39,272796,152.247,23.1957,0.462701,128.588,224.429,46.3784,0.108576,177.942,376.676,1,0,0
1200,3,0,473,1,1,1,4363.73,18746.7,1623.66,46.3844,0.6264,1533.46,272797,154.443,23.1957,0.267264,130.98,152.36,23.1887,0.0718272,129.099,306.802,0,0,0
1200,3,0,474,1,1,1,4317.87,18638.7,1623.83,46.3844,0.482746,1533.77,272795,91.3415,23.1957,0.267264,67.8785,150.317,23.1887,0.0718272,127.056,241.658,0,0,0
1200,3,0,475,1,0,0,-1,-1,1600.91,23.1957,0.302342,1533.52,272803,-1,-1,-1,-1,-1,-1,-1,-1,-1,0,0,0
1200,3,0,476,1,1,1,4394.51,18884.7,1623.97,46.3844,0.482746,1533.91,272792,162.42,23.1957,0.267264,138.957,149.36,23.1887,0.0718272,126.1,311.78,0,0,0
1200,3,0,477,1,1,1,4425.28,18740.1,1623.4,46.3844,0.6264,1533.19,272802,88.1705,23.1957,0.267264,64.7075,158.288,23.1887,0.0718272,135.028,246.459,0,0,0
1200,3,0,478,1,1,1,4387.09,18751.7,1623.77,46.3844,0.517824,1533.67,272795,153.822,23.1957,0.267264,130.359,153.974,23.1887,0.106906,130.678,307.796,0,0,0
1200,3,0,479,1,1,1,4414.46,18739,1623.14,46.3844,0.552902,1533.01,272806,84.4688,23.1957,0.267264,61.0058,160.465,23.1887,0.141984,137.134,244.934,0,0,0
1200,3,0,480,1,1,1,4379.3,18762.2,1623.93,46.3844,0.678182,1533.67,272792,134.112,23.1957,0.462701,110.454,151.235,23.1887,0.0718272,127.975,285.347,0,0,0
1200,3,0,481,1,1,1,4395.12,18907.4,1623.85,46.3844,0.661478,1533.6,272794,162.025,23.1957,0.267264,138.562,148.85,23.1887,0.106906,125.555,310.875,0,0,0
1200,3,0,482,1,1,1,4332.58,18738.3,1623.82,46.3844,0.552902,1533.69,272794,149.481,23.1957,0.337421,125.948,158.095,23.1887,0.0718272,134.835,307.576,0,0,0
1200,3,0,483,1,1,1,4318,24646.8,1629.39,52.1883,0.766714,1533.41,272795,266.702,28.9996,0.551232,237.03,48.3905,23.1887,0.0718272,25.13,315.093,0,0,0
1200,3,0,484,1,1,1,4317.58,18631.1,1623.78,46.3844,0.482746,1533.71,272796,86.9125,23.1957,0.267264,63.4495,133.81,23.1887,0.0718272,110.549,220.722,0,0,0
1200,3,0,485,1,1,1,4328.81,18809.5,1623.83,46.3844,0.482746,1533.76,272795,157.778,23.1957,0.267264,134.315,79.8157,23.1887,0.0718272,56.5552,237.594,0,0,0
1200,3,0,486,1,1,1,4315.34,24710,1629.33,52.1883,0.536198,1533.59,272796,301.239,28.9996,0.320717,271.886,58.0318,23.1887,0.0718272,34.7713,359.27,0,0,0
1200,3,0,487,1,1,1,4315.66,30631.5,1634.72,57.9922,0.910368,1532.97,272800,348.954,34.8035,0.694886,312.75,27.8664,23.1887,0.0718272,4.60585,376.82,0,0,0
1200,3,0,488,1,1,1,4458.12,18773.3,1623.76,46.3844,0.482746,1533.7,272796,107.036,23.1957,0.267264,83.5731,158.227,23.1887,0.0718272,134.967,265.263,0,0,0
1200,3,0,489,1,1,1,4353.55,18781.2,1623.64,46.3844,0.482746,1533.57,272798,155.136,23.1957,0.267264,131.673,89.0292,23.1887,0.0718272,65.7687,244.165,0,0,0
1200,3,0,490,1,1,1,4393.94,18715.3,1623.58,46.3844,0.482746,1533.51,272799,86.3043,23.1957,0.267264,62.8413,157.471,23.1887,0.0718272,134.21,243.775,0,0,0
1200,3,0,491,1,1,2,10364,24677.5,1646.22,69.5741,0.663149,1533.49,272796,86.9703,23.1957,0.267264,63.5073,361.861,46.3784,0.108576,315.374,448.832,1,0,0
1200,3,0,492,1,1,1,4350.29,18674.5,1623.66,46.3844,0.482746,1533.59,272798,144.226,23.1957,0.267264,120.763,148.571,23.1887,0.0718272,125.311,292.797,0,0,0
1200,3,0,493,1,1,1,4375.85,24698,1629.34,52.1883,0.927072,1533.2,272795,334.415,28.9996,0.676512,304.739,145.351,23.1887,0.106906,122.055,479.765,0,0,0
1200,3,0,494,1,1,1,4476.32,18818.6,1623.36,46.3844,0.678182,1533.09,272803,148.152,23.1957,0.462701,124.493,160.499,23.1887,0.0718272,137.239,308.651,0,0,0
1200,3,0,495,1,1,1,4316.87,18656.8,1623.42,46.3844,0.482746,1533.35,272802,155.358,23.1957,0.267264,131.895,78.3773,23.1887,0.0718272,55.1168,233.735,0,0,0
1200,3,0,496,1,1,1,4384.85,18701.3,1623.15,46.3844,0.661478,1532.91,272806,84.5085,23.1957,0.267264,61.0456,159.231,23.1887,0.106906,135.936,243.74,0,0,0
1200,3,0,497,1,1,1,4327.43,18699.3,1623.94,46.3844,0.517824,1533.84,272792,159.457,23.1957,0.302342,135.959,81.8894,23.1887,0.0718272,58.6289,241.347,0,0,0
1200,3,0,498,1,1,1,4329,24821.4,1629.53,52.1883,1.31795,1533,272791,340.653,28.9996,1.06739,310.586,156.717,23.1887,0.106906,133.422,497.37,0,0,0
1200,3,0,499,1,1,1,4325.19,18647.5,1623.54,46.3844,0.482746,1533.47,272800,90.4174,23.1957,0.267264,66.9545,144.668,23.1887,0.0718272,121.407,235.085,0,0,0
1200,3,0,500,1,1,1,4326.34,18648.8,1623.76,46.3844,0.482746,1533.7,272796,156.636,23.1957,0.267264,133.173,82.7792,23.1887,0.0718272,59.5187,239.415,0,0,0
1200,3,0,501,1,1,1,4322.79,18642.2,1623.39,46.3844,0.6264,1533.18,272802,82.9257,23.1957,0.267264,59.4627,132.007,23.1887,0.0718272,108.746,214.933,0,0,0
1200,3,0,502,1,1,1,4359.66,18742.8,1623.44,46.3844,0.517824,1533.34,272801,156.166,23.1957,0.267264,132.703,153.523,23.1887,0.106906,130.227,309.689,0,0,0
1200,3,0,503,1,1,1,4318.34,24644.8,1628.54,52.1883,0.731635,1532.59,272810,178.96,28.9996,0.516154,149.067,158.606,23.1887,0.0718272,135.346,337.566,0,0,0
1200,3,0,504,1,1,1,4342.91,18766.1,1623.21,46.3844,0.6264,1533,272805,141.75,23.1957,0.267264,118.287,148.678,23.1887,0.0718272,125.417,290.427,0,0,0
1200,3,0,505,1,1,2,10333.7,24678.6,1646.4,69.5741,0.519494,1533.81,272793,148.581,23.1957,0.267264,125.118,294.407,46.3784,0.108576,247.92,442.988,1,0,0
1200,3,0,506,1,1,1,4340.42,18708.4,1623.64,46.3844,0.482746,1533.57,272798,139.051,23.1957,0.267264,115.588,148.994,23.1887,0.0718272,125.733,288.045,0,0,0
1200,3,0,507,1,1,1,4323.13,18643.1,1623.42,46.3844,0.482746,1533.35,272802,143.21,23.1957,0.267264,119.747,147.108,23.1887,0.0718272,123.847,290.317,0,0,0
1200,3,0,508,1,1,1,4327.88,24682.6,1628.93,52.1883,0.928742,1532.79,272802,311.985,28.9996,0.425952,282.559,64.7258,23.1887,0.0718272,41.4653,376.711,0,0,0
1200,3,0,509,1,1,1,4319.18,18831.4,1629.07,52.1883,1.08743,1532.77,272800,146.252,28.9996,0.871949,116.381,66.9998,23.1887,0.0718272,43.7393,213.252,0,0,0
1200,3,0,510,1,1,1,4322.51,18862.8,1623.69,46.3844,0.908698,1533.2,272796,162.642,23.1957,0.693216,138.753,81.6277,23.1887,0.0718272,58.3672,244.27,0,0,0
1200,3,0,511,1,1,1,4356.52,18744.6,1624.24,46.3844,0.821837,1533.84,272786,134.628,23.1957,0.462701,110.97,150.174,23.1887,0.0718272,126.914,284.802,0,0,0
1200,3,0,512,1,1,1,4316.94,36704.1,1640.86,63.7961,0.963821,1533.43,272790,705.421,40.6075,0.748339,663.56,82.5464,23.1887,0.0718272,59.2859,787.967,0,0,0
1200,3,0,513,1,1,1,4352.71,24701.5,1629.46,52.1883,0.571277,1533.68,272794,349.871,28.9996,0.320717,320.551,152.456,23.1887,0.106906,129.161,502.327,0,0,0
1200,3,0,514,1,1,1,4329.48,24647.4,1629.68,52.1883,0.891994,1533.58,272790,335.781,28.9996,0.676512,306.105,156.186,23.1887,0.0718272,132.925,491.967,0,0,0
1200,3,0,515,1,1,1,4326.96,18766.6,1623.27,46.3844,0.552902,1533.13,272804,158.965,23.1957,0.302342,135.466,122.347,23.1887,0.106906,99.051,281.311,0,0,0
1200,3,0,516,1,1,1,4345.5,18708.7,1623.98,46.3844,0.517824,1533.88,272792,150.117,23.1957,0.302342,126.619,148.526,23.1887,0.0718272,125.266,298.644,0,0,0
1200,3,0,517,1,1,1,4412.69,18727.5,1623.83,46.3844,0.913709,1533.34,272793,85.6618,23.1957,0.267264,62.1988,159.781,23.1887,0.0718272,136.52,245.443,0,0,0
1200,3,0,518,1,1,1,4315.34,18752.7,1623.64,46.3844,0.482746,1533.57,272798,144.792,23.1957,0.267264,121.329,69.763,23.1887,0.0718272,46.5025,214.555,0,0,0
1200,3,0,519,1,0,0,-1,-1,1601.01,23.1957,0.267264,1533.65,272802,-1,-1,-1,-1,-1,-1,-1,-1,-1,0,0,0
1200,3,0,520,1,1,1,4321.58,18644.6,1623.66,46.3844,0.482746,1533.59,272798,153.981,23.1957,0.267264,130.518,91.213,23.1887,0.0718272,67.9525,245.194,0,0,0
1200,3,0,521,1,1,1,4344.84,18668.1,1623.39,46.3844,0.6264,1533.18,272802,95.2074,23.1957,0.267264,71.7444,151.537,23.1887,0.0718272,128.276,246.744,0,0,0
1200,3,0,522,0,0,0,-1,-1,1601.47,23.206,0.907027,1533.46,272792,-1,-1,-1,-1,-1,-1,-1,-1,-1,0,0,0
1200,3,0,523,1,1,1,4378.89,24746.5,1629.55,52.1883,1.58855,1532.75,272790,341.214,28.9996,0.942106,311.272,154.852,23.1887,0.0718272,131.592,496.066,0,0,0
1200,3,0,524,1,1,1,4378.76,24911.7,1629.41,52.1883,1.24946,1532.95,272793,345.303,28.9996,0.746669,315.557,145.628,23.1887,0.0718272,122.367,490.931,0,0,0
1200,3,0,525,1,1,1,4422.27,24772.1,1629.7,52.1883,1.15759,1533.33,272788,336.595,28.9996,0.942106,306.654,158.133,23.1887,0.0718272,134.873,494.729,0,0,0
1200,3,0,526,1,1,2,10364.7,24683.7,1645.77,69.5741,0.950458,1532.75,272803,117.914,23.1957,0.267264,94.4506,355.211,46.3784,0.108576,308.724,473.124,1,0,0
1200,3,0,527,1,1,1,4316.1,18633,1623.5,46.3844,0.482746,1533.43,272801,87.6344,23.1957,0.267264,64.1715,160.07,23.1887,0.0718272,136.809,247.704,0,0,0
1200,3,0,528,1,1,1,4455.3,30825.7,1634.82,57.9922,1.42485,1532.55,272796,525.758,34.8035,0.96048,489.794,115.447,23.1887,0.177062,92.0809,641.204,0,0,0
1200,3,0,529,1,1,1,4340.14,18767.8,1623.51,46.3844,0.517824,1533.41,272800,150.922,23.1957,0.267264,127.459,157.02,23.1887,0.106906,133.725,307.942,0,0,0
1200,3,0,530,1,1,1,4315.02,24633.7,1629.16,52.1883,1.31795,1532.63,272798,259.456,28.9996,1.10246,229.213,44.6348,23.1887,0.0718272,21.3742,304.091,0,0,0
1200,3,0,531,1,1,1,4320.6,18650.1,1623.64,46.3844,0.482746,1533.57,272798,151.582,23.1957,0.267264,128.119,148.871,23.1887,0.0718272,125.61,300.453,0,0,0
1200,3,0,532,1,1,1,4327.48,24812.5,1629.03,52.1991,1.0156,1532.79,272800,348.029,29.0104,0.800122,318.219,152.71,23.1887,0.0718272,129.449,500.739,0,0,0
1200,3,0,533,1,1,1,4332.49,18828.3,1623.83,46.3844,0.713261,1533.53,272794,154.188,23.1957,0.497779,130.494,73.1181,23.1887,0.0718272,49.8576,227.306,0,0,0
1200,3,0,534,1,1,1,4360.68,18685.6,1623.7,46.3844,0.6264,1533.5,272796,88.2192,23.1957,0.267264,64.7562,154.237,23.1887,0.0718272,130.976,242.456,0,0,0
1200,3,0,535,1,1,1,4369.85,18821.1,1623.65,46.3844,0.482746,1533.59,272798,162.626,23.1957,0.267264,139.163,149.068,23.1887,0.0718272,125.807,311.693,0,0,0
1200,3,0,536,1,1,1,4325.52,18764.9,1623.86,46.3844,0.6264,1533.65,272794,157.359,23.1957,0.267264,133.896,152.138,23.1887,0.0718272,128.877,309.497,0,0,0
1200,3,0,537,1,1,1,4360.3,18693.4,1623.77,46.3844,0.482746,1533.7,272796,149.969,23.1957,0.267264,126.506,146.877,23.1887,0.0718272,123.616,296.845,0,0,0
1200,3,0,538,1,1,1,4316.62,30674.2,1634.56,57.9922,0.62473,1533.1,272803,519.052,34.8035,0.409248,483.621,79.184,23.1887,0.0718272,55.9235,598.236,0,0,0
1200,3,0,539,1,1,1,4482.51,18810.8,1623.04,46.3844,0.552902,1532.91,272808,107.088,23.1957,0.337421,83.555,159.411,23.1887,0.0718272,136.151,266.499,0,0,0
1200,3,0,540,1,1,1,4318.54,18654,1623.56,46.3844,0.482746,1533.49,272799,150.849,23.1957,0.267264,127.386,97.0173,23.1887,0.0718272,73.7568,247.867,0,0,0
1200,3,0,541,1,1,2,10361,24684.3,1646.02,69.5741,0.806803,1533.14,272799,87.1363,23.1957,0.267264,63.6733,354.995,46.3784,0.25223,308.365,442.131,1,0,0
1200,3,0,542,1,1,1,4426.51,18740.4,1623.82,46.3952,0.571277,1533.65,272794,84.5918,23.2065,0.285638,61.0997,160.645,23.1887,0.141984,137.315,245.237,0,0,0
1200,3,0,543,1,1,1,4394.79,18724.1,1623.38,46.3844,0.907027,1532.89,272800,126.968,23.1957,0.567936,103.204,155.192,23.1887,0.195437,131.808,282.16,0,0,0
1200,3,0,544,1,0,0,-1,-1,1606.96,28.9996,0.551232,1533.68,272795,-1,-1,-1,-1,-1,-1,-1,-1,-1,0,0,0
1200,3,0,545,1,1,1,4317.48,30641.6,1634.44,57.9922,0.714931,1532.88,272805,342.446,34.8035,0.49945,306.417,25.7042,23.1887,0.0718272,2.4437,368.15,0,0,0
1200,3,0,546,1,1,1,4337.32,18676.5,1623.57,46.3844,0.6264,1533.36,272799,88.3672,23.1957,0.267264,64.9042,141.377,23.1887,0.0718272,118.117,229.745,0,0,0
1200,3,0,547,1,1,1,4331.69,24676,1629.29,52.1883,0.766714,1533.31,272796,266.217,28.9996,0.551232,236.541,47.804,23.1887,0.0718272,24.5435,314.021,0,0,0
1200,3,0,548,1,1,1,4321.83,18637.3,1623.54,46.3844,0.6264,1533.33,272799,90.3687,23.1957,0.267264,66.9057,135.302,23.1887,0.0718272,112.042,225.671,0,0,0
1200,3,0,549,1,1,1,4314.7,18651.5,1623.62,46.3844,0.482746,1533.55,272798,115.408,23.1957,0.267264,91.9455,59.2049,23.1887,0.0718272,35.9444,174.613,0,0,0
1200,3,0,550,1,1,1,4316.62,18816.1,1623.89,46.3844,0.482746,1533.83,272793,157.02,23.1957,0.267264,133.557,79.6822,23.1887,0.0718272,56.4217,236.702,0,0,0
1200,3,0,551,1,1,1,4318.22,18731,1623.33,46.3844,0.748339,1533,272802,155.015,23.1957,0.532858,131.287,77.5363,23.1887,0.0718272,54.2758,232.551,0,0,0
1200,3,0,552,1,1,1,4375.67,18698.9,1623.7,46.3844,0.482746,1533.63,272797,115.591,23.1957,0.267264,92.1278,154.361,23.1887,0.0718272,131.101,269.952,0,0,0
1200,3,0,553,1,1,1,4317.7,18779.5,1623.6,46.3844,0.482746,1533.53,272799,155.796,23.1957,0.267264,132.333,153.356,23.1887,0.0718272,130.095,309.152,0,0,0
1200,3,0,554,1,1,1,4359.53,18677.8,1624.07,46.3952,0.644774,1533.84,272790,103.36,23.2065,0.285638,79.8678,154.857,23.1887,0.0718272,131.597,258.217,0,0,0
1200,3,0,555,1,1,1,4344.04,18661.1,1623.28,46.3844,0.482746,1533.22,272804,102.529,23.1957,0.267264,79.0665,154.28,23.1887,0.0718272,131.019,256.809,0,0,0
1200,3,0,556,1,1,1,4317.46,18726.8,1623.69,46.3844,0.482746,1533.63,272797,156.154,23.1957,0.267264,132.691,79.8735,23.1887,0.0718272,56.613,236.027,0,0,0
1200,3,0,557,1,1,1,4321.25,18667.1,1624.02,46.3844,0.482746,1533.95,272791,156.383,23.1957,0.267264,132.92,132.366,23.1887,0.0718272,109.106,288.749,0,0,0
1200,3,0,558,1,1,1,4388.71,18701.6,1623.68,46.3844,0.482746,1533.61,272797,84.4273,23.1957,0.267264,60.9643,160.001,23.1887,0.0718272,136.741,244.428,0,0,0
1200,3,0,559,1,1,1,4338.21,18741.1,1623.62,46.3844,0.678182,1533.36,272798,153.891,23.1957,0.462701,130.233,152.979,23.1887,0.0718272,129.718,306.87,0,0,0
1200,3,0,560,1,1,1,4319.88,24710.5,1629.6,52.1883,1.28287,1533.11,272790,333.867,28.9996,1.06739,303.8,86.4953,23.1887,0.0718272,63.2348,420.362,0,0,0
1200,3,0,561,1,0,0,-1,-1,1606.85,28.9996,0.516154,1533.61,272797,-1,-1,-1,-1,-1,-1,-1,-1,-1,0,0,0
1200,3,0,562,1,1,1,4407.86,18722.3,1623.66,46.3844,0.482746,1533.59,272798,126.559,23.1957,0.267264,103.096,152.692,23.1887,0.0718272,129.431,279.25,0,0,0
1200,3,0,563,1,1,1,4318.98,30730.1,1634.68,57.9922,0.890323,1532.95,272800,500.786,34.8035,0.674842,465.028,66.3718,23.1887,0.0718272,43.1113,567.158,0,0,0
1200,3,0,564,1,1,1,4413.02,18820.2,1623.96,46.3844,0.856915,1533.52,272791,161.751,23.1957,0.462701,138.092,147.433,23.1887,0.106906,124.138,309.184,0,0,0
1200,3,0,565,1,1,2,10351,24668,1645.61,69.5741,0.519494,1533.02,272807,82.812,23.1957,0.267264,59.349,340.195,46.3784,0.108576,293.708,423.007,1,0,0
1200,3,0,566,1,1,1,4376.52,18710.1,1624.1,46.3844,0.783418,1533.73,272789,90.4306,23.1957,0.462701,66.7722,153.696,23.1887,0.177062,130.33,244.126,0,0,0
1200,3,0,567,1,1,2,10345.2,24660.2,1645.62,69.5741,0.663149,1532.88,272806,86.418,23.1957,0.267264,62.955,361.258,46.3784,0.25223,314.627,447.676,1,0,0
1200,3,0,568,1,1,1,4318.34,18685.8,1623.66,46.3844,0.482746,1533.59,272798,155.751,23.1957,0.267264,132.288,79.4602,23.1887,0.0718272,56.1997,235.211,0,0,0
1200,3,0,569,1,1,1,4374.7,24741.7,1629.05,52.1883,0.571277,1533.26,272801,343.236,28.9996,0.320717,313.916,153.821,23.1887,0.106906,130.525,497.057,0,0,0
1200,3,0,570,1,1,1,4320.71,24691.6,1628.87,52.1883,0.696557,1532.96,272804,332.942,28.9996,0.481075,303.461,70.7971,23.1887,0.0718272,47.5366,403.739,0,0,0
1200,3,0,571,1,1,1,4323.46,30650.1,1634.95,57.9922,1.1058,1533.01,272795,468.888,34.8035,0.890323,432.836,57.0518,23.1887,0.0718272,33.7913,525.94,0,0,0
1200,3,0,572,1,1,1,4339.85,18689.5,1623.39,46.3844,0.552902,1533.26,272802,117.425,23.1957,0.302342,93.9272,60.1658,23.1887,0.106906,36.8703,177.591,0,0,0
1200,3,0,573,1,1,1,4333.67,18717.3,1623.46,46.3844,0.517824,1533.36,272801,158.944,23.1957,0.267264,135.481,147.663,23.1887,0.106906,124.367,306.606,0,0,0
1200,3,0,574,1,1,1,4383.79,18825.3,1622.96,46.3844,0.696557,1532.68,272809,159.451,23.1957,0.337421,135.918,154.183,23.1887,0.0718272,130.922,313.633,0,0,0
1200,3,0,575,1,1,1,4382.47,18736.7,1623.26,46.3844,0.713261,1532.96,272804,153.718,23.1957,0.497779,130.025,155.839,23.1887,0.0718272,132.579,309.558,0,0,0
1200,3,0,576,1,1,1,4354.43,18682.9,1623.6,46.3844,0.587981,1533.43,272798,84.2999,23.1957,0.302342,60.8019,158.229,23.1887,0.141984,134.898,242.529,0,0,0
1200,3,0,577,1,0,0,-1,-1,1601.07,23.2065,0.320717,1533.65,272800,-1,-1,-1,-1,-1,-1,-1,-1,-1,0,0,0
1200,3,0,578,1,1,1,4343.37,18658.3,1623.26,46.3844,0.482746,1533.2,272805,86.104,23.1957,0.267264,62.641,157.159,23.1887,0.0718272,133.898,243.263,0,0,0
1200,3,0,579,1,1,2,10344.7,24798.2,1646.33,69.5741,0.663149,1533.59,272794,162.588,23.1957,0.267264,139.125,353.212,46.3784,0.25223,306.581,515.8,1,0,0
1200,3,0,580,0,0,0,-1,-1,1600.8,23.206,0.551232,1533.14,272804,-1,-1,-1,-1,-1,-1,-1,-1,-1,0,0,0
1200,3,0,581,1,1,1,4337.41,18651.3,1623.74,46.3844,0.482746,1533.67,272796,115.771,23.1957,0.267264,92.3083,153.515,23.1887,0.0718272,130.254,269.286,0,0,0
1200,3,0,582,1,1,1,4339.56,18669.7,1623.73,46.3844,0.50112,1533.64,272796,88.8888,23.1957,0.267264,65.4258,143.424,23.1887,0.0902016,120.146,232.313,0,0,0
1200,3,0,583,1,1,1,4371.7,18784.8,1623.64,46.3844,0.913709,1533.14,272797,152.185,23.1957,0.267264,128.722,154.484,23.1887,0.0718272,131.223,306.669,0,0,0
1200,3,0,584,1,1,1,4326.12,18719.5,1623.96,46.3844,0.713261,1533.66,272792,146.85,23.1957,0.462701,123.192,103.109,23.1887,0.106906,79.8137,249.96,0,0,0
1200,3,0,585,1,1,1,4320.71,18762.5,1623.85,46.3844,0.482746,1533.79,272794,155.383,23.1957,0.267264,131.92,77.8918,23.1887,0.0718272,54.6313,233.275,0,0,0
1200,3,0,586,1,1,1,4351.18,18691.9,1623.06,46.3844,0.482746,1533,272808,117.175,23.1957,0.267264,93.7124,60.0279,23.1887,0.0718272,36.7674,177.203,0,0,0
1200,3,0,587,1,1,1,4322.72,18641.5,1623.75,46.3844,0.482746,1533.69,272796,91.2747,23.1957,0.267264,67.8118,143.318,23.1887,0.0718272,120.057,234.592,0,0,0
1200,3,0,588,1,1,2,4341,18667.9,1646.23,69.5741,0.698227,1533.46,272795,122.426,23.1957,0.267264,98.9626,178.784,46.3784,0.287309,132.119,301.21,1,0,0
1200,3,0,589,1,1,1,4318.54,24786.6,1628.83,52.1883,0.731635,1532.89,272805,319.089,28.9996,0.516154,289.573,66.1967,23.1887,0.0718272,42.9362,385.285,0,0,0
1200,3,0,590,1,1,1,4357.28,18694,1624.05,46.3844,0.482746,1533.98,272791,150.192,23.1957,0.267264,126.729,146.709,23.1887,0.0718272,123.448,296.901,0,0,0
1200,3,0,591,1,1,1,4318.79,18647.4,1623.12,46.3844,0.517824,1533.02,272807,151.663,23.1957,0.267264,128.2,79.8454,23.1887,0.106906,56.5498,231.509,0,0,0
1200,3,0,592,1,1,1,4320.97,48663.5,1652.45,75.404,1.83243,1532.9,272781,893.548,52.2153,1.61695,838.117,25.8215,23.1887,0.0718272,2.56101,919.37,0,0,0
1200,3,0,593,1,1,1,4390.34,18709.2,1624.33,46.3844,0.821837,1533.92,272785,104.198,23.1957,0.462701,80.5392,156.271,23.1887,0.0718272,133.01,260.468,0,0,0
1200,3,0,594,1,1,2,10355.8,24684.7,1646.35,69.5741,0.519494,1533.76,272794,87.4179,23.1957,0.267264,63.9549,362.818,46.3784,0.108576,316.331,450.236,1,0,0
1200,3,0,595,1,0,0,-1,-1,1600.87,23.1957,0.337421,1533.44,272804,-1,-1,-1,-1,-1,-1,-1,-1,-1,0,0,0
1200,3,0,596,1,1,1,4376.31,18699,1623.79,46.3844,0.6264,1533.58,272795,84.4887,23.1957,0.267264,61.0257,158.862,23.1887,0.0718272,135.602,243.351,0,0,0
1200,3,0,597,1,1,1,4325.45,18657,1623.19,46.3844,0.713261,1532.89,272805,147.948,23.1957,0.462701,124.289,104.716,23.1887,0.106906,81.4199,252.663,0,0,0
1200,3,0,598,1,1,1,4317.32,18754.4,1623.93,46.3844,0.678182,1533.67,272792,156.551,23.1957,0.462701,132.893,80.5828,23.1887,0.0718272,57.3223,237.134,0,0,0
1200,3,0,599,1,0,0,-1,-1,1601.22,23.1957,0.407578,1533.71,272797,-1,-1,-1,-1,-1,-1,-1,-1,-1,0,0,0
1200,3,0,600,1,1,1,4326.73,18648.3,1623.08,46.3844,0.770054,1532.73,272807,91.5996,23.1957,0.267264,68.1366,137.143,23.1887,0.0718272,113.883,228.743,0,0,0
1200,3,0,601,1,0,0,-1,-1,1601.23,23.1957,0.302342,1533.83,272797,-1,-1,-1,-1,-1,-1,-1,-1,-1,0,0,0
1200,3,0,602,1,1,1,4345.3,18669.3,1623.12,46.3844,0.678182,1532.86,272807,85.536,23.1957,0.462701,61.8776,160.588,23.1887,0.0718272,137.327,246.124,0,0,0
1200,3,0,603,1,1,1,4321.48,18878.6,1623.89,46.3844,0.517824,1533.79,272793,165.86,23.1957,0.267264,142.397,144.259,23.1887,0.106906,120.963,310.119,0,0,0
1200,3,0,604,1,1,1,4328.92,18642.8,1623.58,46.3844,0.482746,1533.51,272799,88.9447,23.1957,0.267264,65.4818,153.489,23.1887,0.0718272,130.229,242.434,0,0,0
1200,3,0,605,1,1,1,4423.64,18766.8,1623.1,46.3844,0.696557,1532.82,272807,87.7721,23.1957,0.462701,64.1137,156.659,23.1887,0.0902016,133.38,244.431,0,0,0
1200,3,0,606,1,1,2,10359.1,24690.5,1646.31,69.5741,0.858586,1533.38,272793,104.122,23.1957,0.462701,80.4634,355.446,46.3784,0.25223,308.816,459.568,1,0,0
1200,3,0,607,1,1,1,4349.74,18704.2,1624.06,46.3844,0.770054,1533.71,272790,153.528,23.1957,0.267264,130.065,153.082,23.1887,0.0718272,129.821,306.609,0,0,0
1200,3,0,608,1,1,1,4365.19,18746.7,1623.75,46.3844,0.517824,1533.65,272796,146.559,23.1957,0.267264,123.096,148.744,23.1887,0.106906,125.448,295.303,0,0,0
1200,3,0,609,1,0,0,-1,-1,1600.98,23.1957,0.337421,1533.55,272802,-1,-1,-1,-1,-1,-1,-1,-1,-1,0,0,0
1200,3,0,610,1,1,1,4395.07,18708.3,1623.69,46.3844,0.482746,1533.62,272797,109.124,23.1957,0.267264,85.6612,155.809,23.1887,0.0718272,132.548,264.933,0,0,0
1200,3,0,611,1,1,1,4369.68,18771.2,1623.9,46.3844,0.913709,1533.4,272792,158,23.1957,0.267264,134.537,149.194,23.1887,0.0718272,125.934,307.194,0,0,0
1200,3,0,612,1,1,1,4315.34,18702.5,1623.12,46.3844,0.517824,1533.02,272807,155.449,23.1957,0.302342,131.951,79.7544,23.1887,0.0718272,56.4938,235.203,0,0,0
1200,3,0,613,1,1,1,4319.47,18636.7,1623.87,46.3844,0.482746,1533.81,272794,90.6196,23.1957,0.267264,67.1566,143.733,23.1887,0.0718272,120.472,234.352,0,0,0
1200,3,0,614,1,1,1,4317.26,18630.5,1623.77,46.3844,0.482746,1533.7,272796,118.163,23.1957,0.267264,94.6997,154.441,23.1887,0.0718272,131.18,272.603,0,0,0
1200,3,0,615,1,1,2,10469.3,24789,1645.89,69.5741,0.519494,1533.3,272802,88.4683,23.1957,0.267264,65.0053,361.3,46.3784,0.108576,314.813,449.768,1,0,0
1200,3,0,616,1,0,0,-1,-1,1607.12,28.9996,0.746669,1533.65,272791,-1,-1,-1,-1,-1,-1,-1,-1,-1,0,0,0
1200,3,0,617,1,1,1,4317.26,24727.8,1629.15,52.1883,0.696557,1533.24,272799,335.328,28.9996,0.481075,305.847,78.8862,23.1887,0.0718272,55.6257,414.214,0,0,0
1200,3,0,618,1,1,1,4333.98,18762.1,1623.58,46.3844,0.482746,1533.51,272799,150.979,23.1957,0.267264,127.516,103.783,23.1887,0.0718272,80.523,254.763,0,0,0
1200,3,0,619,1,0,0,-1,-1,1600.91,23.1957,0.302342,1533.51,272803,-1,-1,-1,-1,-1,-1,-1,-1,-1,0,0,0
1200,3,0,620,1,1,1,4327.43,24740.8,1629.38,52.1883,0.891994,1533.28,272795,317.556,28.9996,0.676512,287.88,66.314,23.1887,0.0718272,43.0535,383.87,0,0,0
1200,3,0,621,1,1,1,4469.53,18791.7,1623.87,46.3844,0.482746,1533.81,272794,107.191,23.1957,0.267264,83.7283,158.812,23.1887,0.0718272,135.551,266.003,0,0,0
1200,3,0,622,1,1,1,4320.43,18638,1623.42,46.3844,0.482746,1533.35,272802,86.7826,23.1957,0.267264,63.3196,154.942,23.1887,0.0718272,131.682,241.725,0,0,0
1200,3,0,623,1,0,0,-1,-1,1601.46,23.1957,0.267264,1534.09,272794,-1,-1,-1,-1,-1,-1,-1,-1,-1,0,0,0
1200,3,0,624,1,0,0,-1,-1,1601.38,23.1957,0.302342,1533.98,272795,-1,-1,-1,-1,-1,-1,-1,-1,-1,0,0,0
1200,3,0,625,1,1,1,4316.23,18668.1,1623.88,46.3844,0.678182,1533.62,272793,155.887,23.1957,0.462701,132.229,156.146,23.1887,0.0718272,132.886,312.033,0,0,0
1200,3,0,626,1,1,1,4336.52,18744.9,1624.3,46.3844,1.01727,1533.7,272785,134.031,23.1957,0.658138,110.178,150.799,23.1887,0.0718272,127.538,284.83,0,0,0
1200,3,0,627,1,1,1,4318.34,18633.8,1623.4,46.3844,0.6264,1533.19,272802,85.6834,23.1957,0.267264,62.2205,158.68,23.1887,0.0718272,135.42,244.364,0,0,0
1200,3,0,628,1,1,1,4326.15,18716.9,1623.64,46.3952,0.50112,1533.55,272798,149.13,23.2065,0.285638,125.638,154.442,23.1887,0.0718272,131.182,303.572,0,0,0
1200,3,0,629,1,1,1,4369.33,18683.7,1623.81,46.3844,0.517824,1533.71,272795,85.7538,23.1957,0.267264,62.2909,158.397,23.1887,0.106906,135.102,244.151,0,0,0
1200,3,0,630,0,0,0,-1,-1,1612.48,34.8138,1.08409,1533.04,272795,-1,-1,-1,-1,-1,-1,-1,-1,-1,0,0,0
1200,3,0,631,1,1,1,4419.95,18785.5,1623.22,46.3844,0.536198,1533.1,272805,139.891,23.1957,0.267264,116.428,151.603,23.1887,0.12528,128.289,291.493,0,0,0
1200,3,0,632,1,1,1,4352.51,18683.8,1623.36,46.3844,0.587981,1533.19,272802,90.2738,23.1957,0.302342,66.7758,144.149,23.1887,0.141984,120.819,234.423,0,0,0
1200,3,0,633,1,1,1,4387.61,18714.8,1623.95,46.3952,0.50112,1533.86,272792,85.2452,23.2065,0.285638,61.753,159.472,23.1887,0.0718272,136.212,244.718,0,0,0
1200,3,0,634,1,1,1,4333.01,18673.7,1623.08,46.3844,0.482746,1533.02,272808,153.095,23.1957,0.267264,129.632,87.6828,23.1887,0.0718272,64.4223,240.777,0,0,0
1200,3,0,635,1,1,1,4322.6,18709,1623.77,46.3844,0.661478,1533.53,272795,149.289,23.1957,0.302342,125.791,102.96,23.1887,0.0718272,79.7,252.249,0,0,0
1200,3,0,636,1,1,1,4332.27,18684.4,1623.58,46.3844,0.6264,1533.37,272799,145.439,23.1957,0.267264,121.976,147.682,23.1887,0.0718272,124.421,293.12,0,0,0
1200,3,0,637,1,0,0,-1,-1,1601.17,23.1957,0.267264,1533.8,272799,-1,-1,-1,-1,-1,-1,-1,-1,-1,0,0,0
1200,3,0,638,1,1,1,4422.86,18772.1,1623.95,46.3844,0.482746,1533.89,272792,85.0391,23.1957,0.267264,61.5762,160.353,23.1887,0.0718272,137.093,245.392,0,0,0
1200,3,0,639,1,1,2,10330.7,24705.9,1646.4,69.5741,0.62473,1533.71,272792,145.075,23.1957,0.372499,121.506,346.445,46.3784,0.108576,299.958,491.519,1,0,0
1200,3,0,640,1,1,1,4325.83,18648.8,1623.48,46.3844,0.482746,1533.41,272801,89.8219,23.1957,0.267264,66.3589,150.981,23.1887,0.0718272,127.72,240.803,0,0,0
1200,3,0,641,1,1,1,4315.02,30662.5,1634.32,57.9922,0.820166,1532.66,272807,422.788,34.8035,0.604685,386.884,36.2966,23.1887,0.0718272,13.0361,459.085,0,0,0
1200,3,0,642,1,1,1,4378.73,18698,1623.44,46.3844,0.482746,1533.37,272802,84.3948,23.1957,0.267264,60.9319,160.436,23.1887,0.0718272,137.176,244.831,0,0,0
1200,3,0,643,1,1,1,4347.66,18671.2,1623.87,46.3844,0.6264,1533.66,272794,89.9139,23.1957,0.267264,66.4509,151.652,23.1887,0.0718272,128.392,241.566,0,0,0
1200,3,0,644,1,1,1,4322.4,18731.2,1623.56,46.3844,0.482746,1533.49,272799,154.161,23.1957,0.267264,130.698,77.834,23.1887,0.0718272,54.5735,231.995,0,0,0
1200,3,0,645,1,1,1,4318.07,18634.8,1623.56,46.3844,0.482746,1533.49,272799,136.828,23.1957,0.267264,113.365,149.521,23.1887,0.0718272,126.26,286.349,0,0,0
1200,3,0,646,1,1,1,4332.74,18812.2,1623.79,46.3844,0.517824,1533.69,272795,162.115,23.1957,0.267264,138.652,148.04,23.1887,0.106906,124.744,310.155,0,0,0
1200,3,0,647,1,1,1,4346.57,24776.5,1629.41,52.1883,1.35302,1532.85,272793,341.573,28.9996,1.13754,311.436,156.855,23.1887,0.0718272,133.595,498.429,0,0,0
1200,3,0,648,1,1,1,4316.94,18673.2,1623.08,46.3844,0.482746,1533.02,272808,118.542,23.1957,0.267264,95.0787,60.0893,23.1887,0.0718272,36.8287,178.631,0,0,0
1200,3,0,649,1,1,1,4325.74,18646,1623.5,46.3844,0.482746,1533.43,272801,86.1599,23.1957,0.267264,62.6969,155.937,23.1887,0.0718272,132.676,242.097,0,0,0
1200,3,0,650,1,1,1,4401.29,18849.3,1623.84,46.3844,0.571277,1533.68,272794,162.602,23.1957,0.267264,139.139,146.536,23.1887,0.160358,123.187,309.138,0,0,0
1200,3,0,651,1,1,1,4315.34,24657.8,1629.24,52.1883,0.731635,1533.3,272798,303.95,28.9996,0.516154,274.418,60.0279,23.1887,0.0718272,36.7674,363.978,0,0,0
1200,3,0,652,1,1,1,4388.05,18703.3,1624.05,46.3844,0.6264,1533.85,272790,83.9905,23.1957,0.267264,60.5276,160.494,23.1887,0.0718272,137.233,244.484,0,0,0
1200,3,0,653,1,1,1,4320.52,18658.4,1623.58,46.3844,0.482746,1533.51,272799,88.8256,23.1957,0.267264,65.3626,139.643,23.1887,0.0718272,116.383,228.469,0,0,0
1200,3,0,654,1,1,2,10364.9,24713.3,1646.3,69.5741,0.663149,1533.57,272794,154.255,23.1957,0.267264,130.792,353.35,46.3784,0.108576,306.863,507.605,1,0,0
1200,3,0,655,1,0,0,-1,-1,1601.49,23.1957,0.302342,1534.09,272793,-1,-1,-1,-1,-1,-1,-1,-1,-1,0,0,0
1200,3,0,656,1,1,1,4317.58,18660.5,1623.76,46.3844,0.482746,1533.69,272796,149.714,23.1957,0.267264,126.251,99.6035,23.1887,0.0718272,76.343,249.318,0,0,0
1200,3,0,657,1,1,1,4327.98,18820.5,1623.58,46.3844,0.482746,1533.51,272799,161.267,23.1957,0.267264,137.804,146.599,23.1887,0.0718272,123.338,307.865,0,0,0
1200,3,0,658,1,1,1,4317.26,24739.1,1629.45,52.1883,1.08743,1533.15,272793,301.238,28.9996,0.871949,271.33,57.7954,23.1887,0.0718272,34.5348,359.034,0,0,0
1200,3,0,659,1,1,1,4316.94,18746.8,1623.81,46.3844,0.482746,1533.74,272795,155.675,23.1957,0.267264,132.212,79.2003,23.1887,0.0718272,55.9398,234.876,0,0,0
1200,3,0,660,1,1,1,4321.61,18655.3,1623.06,46.3844,0.517824,1532.96,272808,155.153,23.1957,0.302342,131.655,78.9675,23.1887,0.0718272,55.707,234.12,0,0,0
1200,3,0,661,1,1,2,10351.7,24738.5,1646.09,69.5741,0.820166,1533.2,272797,154.795,23.1957,0.532858,131.066,353.401,46.3784,0.143654,306.879,508.196,1,0,0
1200,3,0,662,1,1,1,4386.36,18786.7,1623.87,46.3844,0.661478,1533.63,272793,153.961,23.1957,0.267264,130.498,152.786,23.1887,0.106906,129.491,306.747,0,0,0
1200,3,0,663,1,1,1,4320.84,18663.1,1623.67,46.3844,0.517824,1533.57,272797,143.218,23.1957,0.302342,119.72,148.533,23.1887,0.0718272,125.273,291.751,0,0,0
1200,3,0,664,1,1,1,4319.3,18672.3,1623.79,46.3844,0.482746,1533.72,272795,149.396,23.1957,0.267264,125.934,99.6559,23.1887,0.0718272,76.3954,249.052,0,0,0
1200,3,0,665,1,1,1,4317.9,18691,1623.76,46.3844,0.678182,1533.5,272795,127.48,23.1957,0.462701,103.821,64.9009,23.1887,0.0718272,41.6403,192.38,0,0,0
1200,3,0,666,1,1,1,4318.22,18778.2,1624.05,46.3844,0.482746,1533.98,272791,143.544,23.1957,0.267264,120.081,68.4707,23.1887,0.0718272,45.2102,212.014,0,0,0
1200,3,0,667,1,1,1,4431.59,18754.9,1623.5,46.3844,0.678182,1533.24,272800,158.8,23.1957,0.462701,135.142,148.288,23.1887,0.0718272,125.028,307.088,0,0,0
1200,3,0,668,1,1,1,4376.24,18692.3,1624.03,46.3844,0.482746,1533.96,272791,85.9289,23.1957,0.267264,62.4659,158.27,23.1887,0.0718272,135.01,244.199,0,0,0
1200,3,0,669,1,0,0,-1,-1,1601.23,23.1957,0.267264,1533.87,272798,-1,-1,-1,-1,-1,-1,-1,-1,-1,0,0,0
1200,3,0,670,1,1,2,10370.5,24687.4,1646.15,69.5741,0.519494,1533.56,272797,89.1793,23.1957,0.267264,65.7164,362.248,46.3784,0.108576,315.761,451.427,1,0,0
1200,3,0,671,1,1,1,4369.64,18685.4,1623.65,46.3844,0.770054,1533.3,272797,85.1438,23.1957,0.267264,61.6808,155.659,23.1887,0.0718272,132.398,240.803,0,0,0
1200,3,0,672,1,1,1,4358.09,18700.7,1623.73,46.3844,0.517824,1533.63,272796,121.124,23.1957,0.267264,97.6613,156.687,23.1887,0.106906,133.391,277.811,0,0,0
1200,3,0,673,1,1,1,4335.24,18710.1,1623.42,46.3844,0.517824,1533.32,272802,157.979,23.1957,0.302342,134.481,77.0508,23.1887,0.0718272,53.7903,235.03,0,0,0
1200,3,0,674,1,1,1,4328.63,18776,1623.24,46.3844,0.482746,1533.17,272805,159.415,23.1957,0.267264,135.952,122.979,23.1887,0.0718272,99.7188,282.394,0,0,0
1200,3,0,675,1,1,1,4371.27,18698.8,1623.7,46.3844,0.517824,1533.6,272797,84.0447,23.1957,0.267264,60.5817,160.099,23.1887,0.106906,136.804,244.144,0,0,0
1200,3,0,676,1,1,2,10431.9,25003.2,1646.26,69.5741,0.681523,1533.51,272795,165.735,23.1957,0.267264,142.272,353.244,46.3784,0.12695,306.738,518.979,1,0,0
1200,3,0,677,1,1,1,4380.6,18716.5,1623.48,46.3844,0.482746,1533.41,272801,148.059,23.1957,0.267264,124.596,158.442,23.1887,0.0718272,135.181,306.501,0,0,0
1200,3,0,678,1,1,1,4357.22,18767.6,1623.18,46.3844,0.552902,1533.04,272806,133.929,23.1957,0.267264,110.466,151.37,23.1887,0.141984,128.04,285.3,0,0,0
1200,3,0,679,1,1,1,4322.92,24796.8,1629.29,52.1883,0.766714,1533.31,272796,338.266,28.9996,0.551232,308.715,83.3549,23.1887,0.0718272,60.0944,421.62,0,0,0
1200,3,0,680,1,1,1,4383.97,18741,1623.79,46.3844,0.482746,1533.72,272795,89.6323,23.1957,0.267264,66.1694,156.531,23.1887,0.0718272,133.27,246.163,0,0,0
1200,3,0,681,1,0,0,-1,-1,1601.23,23.1957,0.302342,1533.83,272797,-1,-1,-1,-1,-1,-1,-1,-1,-1,0,0,0
1200,3,0,682,1,0,0,-1,-1,1601.12,23.1957,0.337421,1533.68,272799,-1,-1,-1,-1,-1,-1,-1,-1,-1,0,0,0
1200,3,0,683,1,1,1,4315.02,18628.2,1623.32,46.3844,0.482746,1533.26,272804,88.5332,23.1957,0.267264,65.0703,134.88,23.1887,0.0718272,111.62,223.413,0,0,0
1200,3,0,684,1,1,1,4332.95,18894.6,1623.93,46.3844,0.713261,1533.64,272792,152.053,23.1957,0.497779,128.359,104.704,23.1887,0.0718272,81.4434,256.757,0,0,0
1200,3,0,685,1,1,1,4367.43,18725,1623.4,46.3844,0.908698,1532.91,272801,145.474,23.1957,0.658138,121.62,149.058,23.1887,0.106906,125.762,294.532,0,0,0
1200,3,0,686,1,1,1,4444.2,18758.4,1623.21,46.3844,0.6264,1533,272805,83.8895,23.1957,0.267264,60.4265,161.945,23.1887,0.0718272,138.684,245.834,0,0,0
1200,3,0,687,1,1,1,4322.1,18834.6,1623.65,46.3844,0.517824,1533.55,272798,161.888,23.1957,0.302342,138.39,81.8028,23.1887,0.0718272,58.5423,243.691,0,0,0
1200,3,0,688,1,1,1,4326.09,18724.1,1623.53,46.3844,0.517824,1533.43,272800,132.091,23.1957,0.302342,108.593,66.592,23.1887,0.0718272,43.3314,198.683,0,0,0
1200,3,0,689,1,1,1,4328.87,18754.5,1623.38,46.3844,0.482746,1533.31,272803,153.925,23.1957,0.267264,130.462,152.266,23.1887,0.0718272,129.005,306.191,0,0,0
1200,3,0,690,1,1,1,4321.02,18683.3,1623.48,46.3844,1.06906,1532.83,272799,150.203,23.1957,0.853574,126.154,98.6669,23.1887,0.0718272,75.4063,248.87,0,0,0
1200,3,0,691,1,1,1,4318.86,24774.5,1628.88,52.1883,0.891994,1532.77,272804,312.357,28.9996,0.676512,282.671,64.7998,23.1887,0.0718272,41.5393,377.157,0,0,0
1200,3,0,692,1,1,1,4324.68,18744,1623.74,46.3844,0.482746,1533.67,272796,154.315,23.1957,0.267264,130.852,78.2401,23.1887,0.0718272,54.9796,232.555,0,0,0
1200,3,0,693,1,0,0,-1,-1,1601.22,23.1957,0.337421,1533.79,272797,-1,-1,-1,-1,-1,-1,-1,-1,-1,0,0,0
1200,3,0,694,1,1,1,4325.38,18760.8,1623.55,46.3844,0.517824,1533.45,272799,143.627,23.1957,0.302342,120.129,69.236,23.1887,0.0718272,45.9755,212.863,0,0,0
1200,3,0,695,1,1,1,4315.25,18690.8,1623.77,46.3844,0.517824,1533.67,272795,149.702,23.1957,0.302342,126.204,104.191,23.1887,0.0718272,80.9308,253.894,0,0,0
1200,3,0,696,1,1,1,4321.13,24705.9,1629.35,52.1883,0.891994,1533.24,272795,334.519,28.9996,0.676512,304.843,87.3183,23.1887,0.0718272,64.0578,421.838,0,0,0
1200,3,0,697,1,1,1,4331.66,18673.3,1623.34,46.3844,0.552902,1533.2,272803,148.136,23.1957,0.302342,124.638,105.201,23.1887,0.106906,81.9054,253.337,0,0,0
1200,3,0,698,1,1,1,4351.14,18738.5,1623.6,46.3844,0.482746,1533.53,272799,154.602,23.1957,0.267264,131.139,152.394,23.1887,0.0718272,129.133,306.995,0,0,0
1200,3,0,699,1,1,1,4360.8,18735.1,1623.87,46.3844,0.678182,1533.61,272793,90.0209,23.1957,0.462701,66.3625,154.856,23.1887,0.0718272,131.595,244.877,0,0,0
1200,3,0,700,1,1,1,4362.74,24708.3,1628.89,52.1883,0.696557,1532.98,272804,338.708,28.9996,0.481075,309.227,133.949,23.1887,0.0718272,110.688,472.657,0,0,0
1200,3,0,701,1,1,1,4322.07,24742.6,1629.39,52.1883,0.927072,1533.26,272794,330.945,28.9996,0.71159,301.234,102.219,23.1887,0.0718272,78.9582,433.164,0,0,0
1200,3,0,702,1,1,1,4323.84,18712.9,1623.79,46.3844,0.783418,1533.42,272794,158.36,23.1957,0.567936,134.597,126.576,23.1887,0.0718272,103.316,284.936,0,0,0
1200,3,0,703,1,1,1,4358.99,18752.9,1623.73,46.3844,0.517824,1533.63,272796,154.709,23.1957,0.302342,131.211,156.648,23.1887,0.0718272,133.387,311.357,0,0,0
1200,3,0,704,0,0,0,-1,-1,1601.29,23.206,0.516154,1533.66,272796,-1,-1,-1,-1,-1,-1,-1,-1,-1,0,0,0
1200,3,0,705,1,1,1,4463.62,18785.8,1623.4,46.3844,0.731635,1533.09,272801,84.2143,23.1957,0.267264,60.7514,161.213,23.1887,0.177062,137.847,245.427,0,0,0
1200,3,0,706,1,1,1,4422.05,18766,1623.2,46.3844,0.482746,1533.14,272806,108.714,23.1957,0.267264,85.2515,156.505,23.1887,0.0718272,133.245,265.22,0,0,0
1200,3,0,707,1,0,0,-1,-1,1601.29,23.1957,0.302342,1533.89,272796,-1,-1,-1,-1,-1,-1,-1,-1,-1,0,0,0
1200,3,0,708,1,1,1,4318.54,30864.2,1634.5,57.9922,1.3714,1532.29,272802,523.017,34.8035,1.15592,486.821,105.574,23.1887,0.0718272,82.3133,628.591,0,0,0
1200,3,0,709,1,1,1,4359.73,18762.5,1623.2,46.3844,0.517824,1533.09,272806,158.56,23.1957,0.302342,135.062,155.283,23.1887,0.0718272,132.023,313.844,0,0,0
1200,3,0,710,1,1,1,4315.66,18862,1623.92,46.3844,0.713261,1533.62,272792,163.076,23.1957,0.497779,139.383,81.2776,23.1887,0.0718272,58.0171,244.354,0,0,0
1200,3,0,711,1,1,1,4384,18845,1623.7,46.3844,0.587981,1533.53,272796,161.628,23.1957,0.267264,138.165,145.957,23.1887,0.177062,122.591,307.584,0,0,0
1200,3,0,712,1,1,1,4384.14,18705.8,1623.92,46.3844,0.6264,1533.71,272793,85.734,23.1957,0.267264,62.271,159.102,23.1887,0.0718272,135.842,244.836,0,0,0
1200,3,0,713,1,1,1,4421.56,18739.6,1623.04,46.3844,0.948787,1532.51,272807,90.8921,23.1957,0.267264,67.4291,152.124,23.1887,0.106906,128.828,243.016,0,0,0
1200,3,0,714,1,1,1,4322.15,18643.7,1623.6,46.3844,0.482746,1533.53,272799,134.947,23.1957,0.267264,111.484,150.705,23.1887,0.0718272,127.444,285.652,0,0,0
1200,3,0,715,1,1,1,4315.98,24656.9,1629.44,52.1883,0.696557,1533.53,272794,245.502,28.9996,0.481075,215.836,38.6428,23.1887,0.0718272,15.3823,284.145,0,0,0
1200,3,0,716,1,1,1,4327.05,18662,1623.65,46.3952,0.788429,1533.27,272797,85.0142,23.2065,0.285638,61.522,131.881,23.1887,0.0718272,108.62,216.895,0,0,0
1200,3,0,717,1,1,1,4382.41,18714,1623.65,46.3844,0.482746,1533.58,272798,89.4609,23.1957,0.267264,65.9979,155.034,23.1887,0.0718272,131.774,244.495,0,0,0
1200,3,0,718,1,1,1,4352.11,18685.8,1623.83,46.3844,0.482746,1533.76,272795,87.6182,23.1957,0.267264,64.1552,154.408,23.1887,0.0718272,131.148,242.026,0,0,0
1200,3,0,719,1,1,1,4388.54,18821.5,1623.78,46.3844,0.748339,1533.45,272794,157.309,23.1957,0.462701,133.651,154.171,23.1887,0.141984,130.841,311.481,0,0,0
1200,3,0,720,1,1,1,4329.78,18677.6,1623.48,46.3844,0.482746,1533.41,272801,147.949,23.1957,0.267264,124.486,110.115,23.1887,0.0718272,86.8542,258.064,0,0,0
1200,3,0,721,0,0,0,-1,-1,1601.25,23.206,0.58631,1533.56,272796,-1,-1,-1,-1,-1,-1,-1,-1,-1,0,0,0
1200,3,0,722,1,1,1,4373.08,18696.2,1623.75,46.3844,0.482746,1533.68,272796,115.461,23.1957,0.267264,91.9979,154.596,23.1887,0.0718272,131.335,270.057,0,0,0
1200,3,0,723,1,0,0,-1,-1,1600.69,23.1957,0.302342,1533.29,272807,-1,-1,-1,-1,-1,-1,-1,-1,-1,0,0,0
1200,3,0,724,1,0,0,-1,-1,1600.95,23.1957,0.302342,1533.55,272802,-1,-1,-1,-1,-1,-1,-1,-1,-1,0,0,0
1200,3,0,725,1,1,1,4325.56,18683.3,1623.76,46.3844,0.482746,1533.69,272796,147.963,23.1957,0.267264,124.501,104.854,23.1887,0.0718272,81.5932,252.817,0,0,0
1200,3,0,726,1,1,2,10385.1,24703.7,1646.26,69.5741,0.663149,1533.53,272795,90.8596,23.1957,0.267264,67.3966,348.03,46.3784,0.25223,301.4,438.89,1,0,0
1200,3,0,727,1,1,1,4318.28,18793.3,1623.4,46.3844,0.482746,1533.33,272802,159.343,23.1957,0.267264,135.88,152.336,23.1887,0.0718272,129.076,311.679,0,0,0
1200,3,0,728,1,1,1,4332.05,18792.5,1623.2,46.3844,0.713261,1532.9,272805,159.115,23.1957,0.497779,135.421,152.28,23.1887,0.0718272,129.02,311.395,0,0,0
1200,3,0,729,1,1,1,4318.54,18636.3,1623.8,46.3844,0.482746,1533.74,272795,87.4864,23.1957,0.267264,64.0235,142.664,23.1887,0.0718272,119.404,230.151,0,0,0
1200,3,0,730,1,0,0,-1,-1,1601.26,23.1957,0.302342,1533.87,272797,-1,-1,-1,-1,-1,-1,-1,-1,-1,0,0,0
1200,3,0,731,1,1,1,4320.96,24658.2,1629.05,52.1883,0.927072,1532.91,272800,284.285,28.9996,0.71159,254.502,56.0537,23.1887,0.0718272,32.7932,340.339,0,0,0
1200,3,0,732,1,0,0,-1,-1,1600.99,23.1957,0.462701,1533.43,272802,-1,-1,-1,-1,-1,-1,-1,-1,-1,0,0,0
1200,3,0,733,1,1,1,4358.2,24707.7,1628.87,52.1883,0.891994,1532.77,272804,338.705,28.9996,0.676512,309.029,152.935,23.1887,0.0718272,129.675,491.64,0,0,0
1200,3,0,734,1,1,2,10315.7,24653.5,1646.34,69.5741,0.554573,1533.71,272794,150.336,23.1957,0.302342,126.838,296.75,46.3784,0.108576,250.263,447.085,1,0,0
1200,3,0,735,1,1,1,4315.66,18784.8,1623.59,46.3844,0.517824,1533.49,272799,144.828,23.1957,0.302342,121.329,69.2937,23.1887,0.0718272,46.0332,214.121,0,0,0
1200,3,0,736,1,1,1,4483.63,18812.5,1623.31,46.3844,0.6264,1533.1,272804,88.5603,23.1957,0.267264,65.0973,157.881,23.1887,0.0718272,134.62,246.441,0,0,0
1200,3,0,737,1,1,1,4418.59,18734.6,1623.71,46.3844,0.552902,1533.57,272796,88.9519,23.1957,0.267264,65.489,156.543,23.1887,0.141984,133.212,245.495,0,0,0
1200,3,0,738,1,1,1,4351.75,18749.6,1623.81,46.3844,0.482746,1533.75,272795,150.92,23.1957,0.267264,127.457,149.542,23.1887,0.0718272,126.282,300.462,0,0,0
1200,3,0,739,1,1,1,4358.12,18866.1,1623.72,46.3844,1.00057,1533.13,272795,163.957,23.1957,0.497779,140.264,145.907,23.1887,0.0718272,122.647,309.865,0,0,0
1200,3,0,740,1,1,1,4317.58,18678.3,1623.7,46.3844,0.482746,1533.63,272797,120.222,23.1957,0.267264,96.7589,62.7947,23.1887,0.0718272,39.5341,183.017,0,0,0
1200,3,0,741,1,1,1,4389.95,18718.7,1623.91,46.3844,0.678182,1533.65,272793,91.9574,23.1957,0.462701,68.299,140.464,23.1887,0.0718272,117.204,232.422,0,0,0
1200,3,0,742,1,1,1,4319.82,30686.8,1634.42,57.9922,0.980525,1532.6,272805,480.014,34.8035,0.765043,444.113,58.0318,23.1887,0.0718272,34.7713,538.045,0,0,0
1200,3,0,743,1,1,1,4375.74,18734.3,1623.75,46.3844,0.482746,1533.68,272796,149.122,23.1957,0.267264,125.659,113.387,23.1887,0.0718272,90.1263,262.509,0,0,0
1200,3,0,744,1,1,1,4353.56,18684.7,1623.77,46.3844,0.696557,1533.49,272795,85.3756,23.1957,0.302342,61.8776,155.443,23.1887,0.106906,132.147,240.819,0,0,0
1200,3,0,745,1,1,1,4445.36,18882.2,1623.36,46.3844,0.713261,1533.06,272802,161.71,23.1957,0.497779,138.017,148.931,23.1887,0.0718272,125.67,310.641,0,0,0
1200,3,0,746,1,1,2,10465.7,24817.2,1645.86,69.5741,1.0891,1532.7,272801,139.434,23.1957,0.693216,115.545,350.226,46.3784,0.108576,303.739,489.66,1,0,0
1200,3,0,747,1,1,1,4388.28,18704.3,1623.72,46.3844,0.482746,1533.65,272797,89.1685,23.1957,0.267264,65.7055,154.273,23.1887,0.0718272,131.012,243.441,0,0,0
1200,3,0,748,1,1,1,4363.77,18750.8,1624.05,46.3844,0.482746,1533.98,272791,154.67,23.1957,0.267264,131.207,151.699,23.1887,0.0718272,128.439,306.369,0,0,0
1200,3,0,749,1,1,1,4338.59,18691.1,1623.34,46.3844,0.6264,1533.13,272803,154.32,23.1957,0.267264,130.857,152.988,23.1887,0.0718272,129.727,307.308,0,0,0
1200,3,0,750,1,1,1,4395.77,24789.8,1629.1,52.1883,0.606355,1533.28,272800,336.403,28.9996,0.390874,307.013,119.061,23.1887,0.0718272,95.8006,455.464,0,0,0
1200,3,0,751,1,1,1,4327.1,18891.4,1623.39,46.3844,0.517824,1533.29,272802,152.195,23.1957,0.302342,128.697,105.637,23.1887,0.0718272,82.3765,257.832,0,0,0
1200,3,0,752,1,1,1,4316.91,18687.1,1623.93,46.3844,0.678182,1533.67,272792,126.182,23.1957,0.462701,102.523,64.6085,23.1887,0.0718272,41.348,190.79,0,0,0
1200,3,0,753,1,1,1,4382.84,18754.1,1623.89,46.3844,0.482746,1533.83,272793,154.448,23.1957,0.267264,130.985,155.172,23.1887,0.0718272,131.911,309.62,0,0,0
1200,3,0,754,1,1,1,4317.9,24801.2,1629.41,52.1883,1.4783,1532.72,272793,348.765,28.9996,1.26282,318.502,153.504,23.1887,0.0718272,130.243,502.268,0,0,0
1200,3,0,755,1,1,1,4325.83,18671.1,1623.71,46.3844,0.517824,1533.61,272796,157.273,23.1957,0.302342,133.775,79.4927,23.1887,0.0718272,56.2322,236.766,0,0,0
1200,3,0,756,1,1,2,10344.7,24742.3,1645.73,69.5849,0.537869,1533.11,272805,140.941,23.2065,0.285638,117.449,347.421,46.3784,0.108576,300.934,488.362,1,0,0
1200,3,0,757,1,1,1,4488.79,18821.5,1623.23,46.3844,0.552902,1533.09,272805,84.541,23.1957,0.267264,61.078,162.154,23.1887,0.141984,138.823,246.695,0,0,0
1200,3,0,758,1,1,2,4351.58,18725.7,1646.46,69.5741,1.21605,1533.18,272789,158.01,23.1957,0.462701,134.351,175.891,46.3784,0.466042,129.047,333.901,1,0,0
1200,3,0,759,1,1,1,4330.98,18828.7,1623.72,46.3844,0.482746,1533.65,272797,157.35,23.1957,0.267264,133.887,79.7381,23.1887,0.0718272,56.4776,237.088,0,0,0
1200,3,0,760,1,1,1,4418.05,24768.2,1628.86,52.1883,0.823507,1532.82,272804,190.222,28.9996,0.285638,160.589,154.734,23.1887,0.106906,131.438,344.956,0,0,0
1200,3,0,761,1,1,1,4322.82,18722.3,1623.14,46.3844,0.482746,1533.07,272807,158.969,23.1957,0.267264,135.506,76.8757,23.1887,0.0718272,53.6152,235.845,0,0,0
1200,3,0,762,1,0,0,-1,-1,1600.79,23.1957,0.302342,1533.39,272805,-1,-1,-1,-1,-1,-1,-1,-1,-1,0,0,0
1200,3,0,763,1,1,1,4335.5,18696.3,1623.54,46.3844,0.482746,1533.47,272800,131.691,23.1957,0.267264,108.228,66.3104,23.1887,0.0718272,43.0499,198.002,0,0,0
1200,3,0,764,1,1,1,4322.89,36686.8,1641.19,63.7961,1.26449,1533.46,272783,642.634,40.6075,1.04901,600.295,49.9788,23.1887,0.0718272,26.7183,692.613,0,0,0
1200,3,0,765,1,1,1,4372.02,18810.4,1623.3,46.3844,0.587981,1533.13,272803,162.454,23.1957,0.337421,138.921,145.551,23.1887,0.106906,122.255,308.005,0,0,0
1200,3,0,766,1,1,1,4386.09,18735.3,1623.09,46.3952,0.50112,1533,272808,156.881,23.2065,0.285638,133.389,152.903,23.1887,0.0718272,129.642,309.784,0,0,0
1200,3,0,767,1,1,1,4321.61,18654.7,1624.08,46.3844,0.482746,1534.02,272790,128.719,23.1957,0.267264,105.256,149.781,23.1887,0.0718272,126.52,278.499,0,0,0
1200,3,0,768,1,1,1,4314.38,24642.9,1629.16,52.1883,0.536198,1533.42,272799,214.971,28.9996,0.320717,185.378,34.5279,23.1887,0.0718272,11.2674,249.499,0,0,0
1200,3,0,769,1,1,1,4326.6,18718.5,1623.99,46.3844,0.678182,1533.73,272791,132.636,23.1957,0.462701,108.977,66.4133,23.1887,0.0718272,43.1528,199.049,0,0,0
1200,3,0,770,1,1,1,4317.26,24702,1629.5,52.1883,0.606355,1533.69,272793,336.228,28.9996,0.390874,306.838,78.9476,23.1887,0.0718272,55.6871,415.176,0,0,0
1200,3,0,771,1,1,1,4327.02,18705.7,1623.48,46.3844,0.50112,1533.39,272801,159.832,23.1957,0.267264,136.369,82.1442,23.1887,0.0902016,58.8654,241.976,0,0,0
1200,3,0,772,1,1,1,4322.03,18837.6,1623.94,46.3844,0.517824,1533.84,272792,161.893,23.1957,0.267264,138.43,82.2079,23.1887,0.106906,58.9123,244.101,0,0,0
1200,3,0,773,1,1,1,4346.2,18806.1,1623.69,46.3844,0.748339,1533.36,272796,152.133,23.1957,0.532858,128.404,157.527,23.1887,0.0718272,134.266,309.66,0,0,0
1200,3,0,774,1,1,1,4337.29,18697.2,1624.02,46.3844,1.07073,1533.36,272789,85.0593,23.1957,0.532858,61.3307,132.621,23.1887,0.106906,109.326,217.681,0,0,0
1200,3,0,775,1,1,1,4314.7,18687.1,1623.96,46.3844,0.678182,1533.7,272792,154.185,23.1957,0.462701,130.527,78.3611,23.1887,0.0718272,55.1005,232.546,0,0,0
1200,3,0,776,1,0,0,-1,-1,1600.89,23.1957,0.462701,1533.33,272803,-1,-1,-1,-1,-1,-1,-1,-1,-1,0,0,0
1200,3,0,777,1,1,1,4319.3,18672.3,1623.7,46.3844,0.482746,1533.63,272797,153.221,23.1957,0.267264,129.758,94.7378,23.1887,0.0718272,71.4773,247.959,0,0,0
1200,3,0,778,1,0,0,-1,-1,1601.13,23.1957,0.267264,1533.76,272800,-1,-1,-1,-1,-1,-1,-1,-1,-1,0,0,0
1200,3,0,779,1,0,0,-1,-1,1600.68,23.1957,0.337421,1533.25,272807,-1,-1,-1,-1,-1,-1,-1,-1,-1,0,0,0
1200,3,0,780,1,1,1,4317.9,24652.7,1629.39,52.1883,0.696557,1533.48,272795,246.176,28.9996,0.481075,216.513,39.8773,23.1887,0.0718272,16.6168,286.053,0,0,0
1200,3,0,781,1,1,1,4392.5,18707.6,1623.85,46.3844,0.661478,1533.61,272794,88.9195,23.1957,0.267264,65.4565,154.701,23.1887,0.106906,131.406,243.621,0,0,0
1200,3,0,782,1,1,1,4341.58,18657.5,1623.72,46.3844,0.482746,1533.66,272796,90.0204,23.1957,0.267264,66.5574,152.665,23.1887,0.0718272,129.404,242.685,0,0,0
1200,3,0,783,1,1,1,4386.45,24712.7,1629.02,52.1883,1.07073,1532.74,272801,335.138,28.9996,0.71159,305.426,157.187,23.1887,0.0718272,133.927,492.325,0,0,0
1200,3,0,784,1,1,2,10355.3,24679.4,1646.04,69.5741,0.519494,1533.45,272799,118.166,23.1957,0.267264,94.7033,355.869,46.3784,0.108576,309.382,474.036,1,0,0
1200,3,0,785,1,1,1,4321.79,18690,1623.26,46.3844,0.517824,1533.16,272805,119.945,23.1957,0.302342,96.4467,62.2081,23.1887,0.0718272,38.9476,182.153,0,0,0
1200,3,0,786,1,0,0,-1,-1,1600.93,23.1957,0.267264,1533.56,272803,-1,-1,-1,-1,-1,-1,-1,-1,-1,0,0,0
1200,3,0,787,1,1,1,4351.62,18761,1623.08,46.3844,0.482746,1533.02,272808,155.101,23.1957,0.267264,131.639,156.254,23.1887,0.0718272,132.994,311.356,0,0,0
1200,3,0,788,1,1,1,4350.22,18662.8,1623.76,46.3844,0.587981,1533.59,272795,87.6164,23.1957,0.267264,64.1534,142.851,23.1887,0.177062,119.485,230.467,0,0,0
1200,3,0,789,1,1,1,4322.31,18653,1624.02,46.3844,0.482746,1533.95,272791,154.396,23.1957,0.267264,130.933,79.693,23.1887,0.0718272,56.4325,234.089,0,0,0
1200,3,0,790,1,1,1,4336.66,18704.1,1623.52,46.3844,0.482746,1533.45,272800,149.714,23.1957,0.267264,126.251,148.633,23.1887,0.0718272,125.372,298.347,0,0,0
1200,3,0,791,1,1,1,4323.27,18657.7,1623.52,46.3844,0.482746,1533.45,272800,149.478,23.1957,0.267264,126.015,98.8058,23.1887,0.0718272,75.5453,248.284,0,0,0
1200,3,0,792,1,1,1,4380.19,18697.6,1623.16,46.3844,0.482746,1533.09,272806,107.955,23.1957,0.267264,84.4917,155.204,23.1887,0.0718272,131.944,263.159,0,0,0
1200,3,0,793,1,1,1,4317.26,18711.6,1623.43,46.3844,0.908698,1532.94,272800,152.234,23.1957,0.693216,128.345,147.162,23.1887,0.0718272,123.901,299.395,0,0,0
1200,3,0,794,1,1,1,4329.83,18664.7,1623.4,46.3844,0.517824,1533.3,272802,150.465,23.1957,0.267264,127.002,145.659,23.1887,0.106906,122.364,296.124,0,0,0
1200,3,0,795,1,1,1,4392.9,24837.4,1629.63,52.1883,1.12251,1533.3,272790,336.197,28.9996,0.907027,306.291,114.592,23.1887,0.0718272,91.3319,450.79,0,0,0
1200,3,0,796,1,1,1,4325.56,18640.6,1623.94,46.3844,0.6264,1533.73,272792,90.024,23.1957,0.267264,66.561,143.864,23.1887,0.0718272,120.604,233.888,0,0,0
1200,3,0,797,1,1,2,10369.4,24686.6,1646.19,69.5741,0.519494,1533.6,272796,84.7323,23.1957,0.267264,61.2694,361.847,46.3784,0.108576,315.36,446.579,1,0,0
1200,3,0,798,1,1,1,4382.45,18720.1,1623.66,46.3844,0.6264,1533.45,272797,109.065,23.1957,0.267264,85.6017,155.074,23.1887,0.0718272,131.814,264.139,0,0,0
1200,3,0,799,1,1,1,4339.62,18766.5,1623.66,46.3844,0.805133,1533.27,272797,150.756,23.1957,0.267264,127.293,147.605,23.1887,0.106906,124.309,298.36,0,0,0
1200,3,0,800,1,1,1,4325.36,18654.1,1623.78,46.3844,0.482746,1533.71,272796,135.256,23.1957,0.267264,111.793,150.86,23.1887,0.0718272,127.599,286.116,0,0,0
1200,3,0,801,1,1,1,4338.23,24743.2,1629.74,52.1883,1.08743,1533.44,272788,346.452,28.9996,0.871949,316.58,152.603,23.1887,0.0718272,129.343,499.055,0,0,0
1200,3,0,802,1,1,1,4325.51,18741.4,1623.24,46.3844,0.482746,1533.18,272805,159.716,23.1957,0.267264,136.253,148.025,23.1887,0.0718272,124.764,307.741,0,0,0
1200,3,0,803,1,1,1,4320.2,18942.9,1624.1,46.3844,0.678182,1533.84,272789,154.001,23.1957,0.462701,130.343,105.872,23.1887,0.0718272,82.6111,259.873,0,0,0
1200,3,0,804,1,1,3,16335.2,30663.9,1668.55,92.7639,0.75168,1533.24,272798,134.43,23.1957,0.462701,110.771,551.276,69.5682,0.145325,481.562,685.705,2,0,0
1200,3,0,805,1,1,1,4318.86,18677.2,1623.55,46.3844,0.482746,1533.49,272800,157.457,23.1957,0.267264,133.994,80.0016,23.1887,0.0718272,56.7411,237.458,0,0,0
1200,3,0,806,1,1,1,4418.52,18891.7,1623.54,46.3844,0.661478,1533.3,272799,151.654,23.1957,0.267264,128.191,158.856,23.1887,0.106906,135.56,310.51,0,0,0
1200,3,0,807,1,1,1,4464.64,18787.6,1623.2,46.3844,0.482746,1533.14,272806,83.0033,23.1957,0.267264,59.5404,162.642,23.1887,0.0718272,139.381,245.645,0,0,0
1200,3,0,808,1,1,3,16329.9,30658.5,1668.74,92.7639,0.556243,1533.62,272795,84.449,23.1957,0.267264,60.986,559.213,69.5682,0.145325,489.5,643.662,2,0,0
1200,3,0,809,1,1,1,4356.87,18747,1623.57,46.3844,0.517824,1533.47,272799,155.633,23.1957,0.302342,132.135,156.072,23.1887,0.0718272,132.812,311.705,0,0,0
1200,3,0,810,1,1,1,4336.39,18665.1,1623.28,46.3844,0.482746,1533.22,272804,91.5436,23.1957,0.267264,68.0807,136.817,23.1887,0.0718272,113.556,228.36,0,0,0
1200,3,0,811,1,0,0,-1,-1,1606.9,28.9996,0.425952,1533.75,272796,-1,-1,-1,-1,-1,-1,-1,-1,-1,0,0,0
1200,3,0,812,1,1,1,4418.6,18809.3,1623.86,46.3844,1.1793,1533.1,272792,152.198,23.1957,0.462701,128.54,155.843,23.1887,0.141984,132.512,308.041,0,0,0
1200,3,0,813,1,0,0,-1,-1,1601.4,23.1957,0.567936,1533.74,272793,-1,-1,-1,-1,-1,-1,-1,-1,-1,0,0,0
1200,3,0,814,1,1,1,4417.8,18739.1,1623.61,46.3844,0.517824,1533.51,272798,151.605,23.1957,0.302342,128.107,144.884,23.1887,0.0718272,121.624,296.489,0,0,0
1200,3,0,815,1,1,1,4336.84,18658,1623.2,46.3844,0.770054,1532.84,272805,86.7014,23.1957,0.267264,63.2384,156.879,23.1887,0.0718272,133.618,243.58,0,0,0
1200,3,0,816,1,1,1,4322.63,18691.3,1623.92,46.3844,0.482746,1533.86,272793,158.502,23.1957,0.267264,135.039,79.7814,23.1887,0.0718272,56.5209,238.283,0,0,0
1200,3,0,817,1,1,1,4506.36,18884,1623.86,46.3844,0.891994,1533.39,272793,148.618,23.1957,0.497779,124.925,160.953,23.1887,0.106906,137.658,309.571,0,0,0
1200,3,0,818,1,1,1,4314.38,30636.2,1634.94,57.9922,0.659808,1533.44,272796,349.673,34.8035,0.444326,313.721,28.1028,23.1887,0.0718272,4.84228,377.776,0,0,0
1200,3,0,819,1,1,1,4417.29,18760.4,1623.67,46.3844,0.517824,1533.57,272797,140.782,23.1957,0.267264,117.319,149.045,23.1887,0.106906,125.749,289.827,0,0,0
1200,3,0,820,1,1,1,4319.5,18678.6,1623.38,46.3844,0.482746,1533.31,272803,155.022,23.1957,0.267264,131.559,80.155,23.1887,0.0718272,56.8945,235.177,0,0,0
1200,3,0,821,1,1,1,4321.42,18778.5,1623.22,46.3844,0.552902,1533.08,272805,161.506,23.1957,0.337421,137.973,150.147,23.1887,0.0718272,126.886,311.653,0,0,0
1200,3,0,822,1,1,1,4323.36,18667.7,1623.39,46.3844,0.783418,1533.02,272801,154.503,23.1957,0.532858,130.774,83.8412,23.1887,0.106906,60.5456,238.344,0,0,0
1200,3,0,823,1,1,1,4349.72,18687.3,1623.9,46.3844,0.482746,1533.84,272793,147.224,23.1957,0.267264,123.761,108.187,23.1887,0.0718272,84.9267,255.411,0,0,0
1200,3,0,824,1,1,1,4411.21,18732,1623.32,46.3844,0.482746,1533.26,272804,126.485,23.1957,0.267264,103.022,152.966,23.1887,0.0718272,129.706,279.451,0,0,0
1200,3,0,825,1,1,1,4338.28,18755.2,1623.98,46.3844,0.482746,1533.92,272792,154.502,23.1957,0.267264,131.039,152.755,23.1887,0.0718272,129.494,307.257,0,0,0
1200,3,0,826,1,1,1,4317.58,24637.2,1628.88,52.1883,0.536198,1533.14,272804,220.922,28.9996,0.320717,191.349,35.2895,23.1887,0.0718272,12.029,256.212,0,0,0
1200,3,0,827,1,1,1,4360.18,24850.1,1629.36,52.1883,1.33632,1532.81,272794,348.612,28.9996,0.977184,318.636,154.776,23.1887,0.0718272,131.516,503.389,0,0,0
1200,3,0,828,1,1,1,4320.33,24698.4,1629.69,52.1883,1.51338,1532.97,272788,334.386,28.9996,1.2979,304.089,87.2605,23.1887,0.0718272,64,421.647,0,0,0
1200,3,0,829,1,1,1,4317.58,18750.2,1623.95,46.3844,0.713261,1533.66,272792,124.769,23.1957,0.497779,101.076,64.1519,23.1887,0.0718272,40.8914,188.921,0,0,0
1200,3,0,830,1,1,1,4345.77,18666.7,1623.81,46.3844,0.661478,1533.56,272794,89.5168,23.1957,0.267264,66.0539,152.579,23.1887,0.106906,129.283,242.096,0,0,0
1200,3,0,831,1,0,0,-1,-1,1600.95,23.1957,0.267264,1533.59,272803,-1,-1,-1,-1,-1,-1,-1,-1,-1,0,0,0
1200,3,0,832,1,1,1,4317.9,24632.4,1628.73,52.1883,0.696557,1532.83,272807,281.041,28.9996,0.481075,251.483,54.0053,23.1887,0.0718272,30.7448,335.046,0,0,0
1200,3,0,833,1,1,2,10352.8,24804.1,1645.97,69.5741,0.62473,1533.28,272800,159.026,23.1957,0.372499,135.457,358.625,46.3784,0.108576,312.138,517.651,1,0,0
1200,3,0,834,1,1,1,4316.52,30824.5,1634.66,58.003,0.873619,1532.93,272800,522.119,34.8143,0.658138,486.413,106.388,23.1887,0.0718272,83.1273,628.507,0,0,0
1200,3,0,835,1,1,1,4316.65,36687.4,1639.93,63.7961,1.22941,1532.23,272806,709.109,40.6075,1.01393,666.996,78.8502,23.1887,0.0718272,55.5896,787.959,0,0,0
1200,3,0,836,1,0,0,-1,-1,1601.26,23.1957,0.267264,1533.89,272797,-1,-1,-1,-1,-1,-1,-1,-1,-1,0,0,0
1200,3,0,837,1,1,1,4319.27,18645.2,1623.93,46.3844,0.821837,1533.53,272792,81.6394,23.1957,0.462701,57.981,130.31,23.1887,0.0718272,107.05,211.95,0,0,0
1200,3,0,838,1,0,0,-1,-1,1601.33,23.1957,0.497779,1533.73,272795,-1,-1,-1,-1,-1,-1,-1,-1,-1,0,0,0
1200,3,0,839,1,1,1,4345.18,18660,1623.42,46.3844,0.482746,1533.36,272802,88.6993,23.1957,0.267264,65.2363,148.346,23.1887,0.0718272,125.085,237.045,0,0,0
1200,3,0,840,1,1,1,4322.75,30656.4,1634.91,57.9922,0.694886,1533.38,272796,459.487,34.8035,0.479405,423.818,50.448,23.1887,0.0718272,27.1875,509.935,0,0,0
1200,3,0,841,1,1,1,4354.79,18680.5,1623.99,46.3844,0.913709,1533.49,272791,90.5925,23.1957,0.267264,67.1295,149.562,23.1887,0.0718272,126.302,240.155,0,0,0
1200,3,0,842,1,1,1,4323.15,18662.6,1623.73,46.3844,0.482746,1533.66,272796,154.538,23.1957,0.267264,131.075,79.5125,23.1887,0.0718272,56.252,234.051,0,0,0
1200,3,0,843,1,0,0,-1,-1,1600.97,23.1957,0.302342,1533.57,272802,-1,-1,-1,-1,-1,-1,-1,-1,-1,0,0,0
1200,3,0,844,1,1,1,4458.43,18835.9,1623.84,46.3844,0.552902,1533.7,272794,159.417,23.1957,0.267264,135.954,151.578,23.1887,0.141984,128.247,310.995,0,0,0
1200,3,0,845,1,1,5,28353,42810.9,1713.46,139.143,0.843552,1533.08,272798,150.869,23.1957,0.337421,127.336,825.112,115.948,0.218822,708.945,975.981,4,0,0
1200,3,0,846,1,0,0,-1,-1,1601.26,23.1957,0.302342,1533.86,272797,-1,-1,-1,-1,-1,-1,-1,-1,-1,0,0,0
1200,3,0,847,1,1,1,4353.81,18664.5,1623.62,46.3844,0.482746,1533.55,272798,90.6376,23.1957,0.267264,67.1747,153.338,23.1887,0.0718272,130.077,243.975,0,0,0
1200,3,0,848,1,1,1,4349.54,18661.5,1623.73,46.3844,0.482746,1533.66,272796,89.5565,23.1957,0.267264,66.0936,152.356,23.1887,0.0718272,129.096,241.913,0,0,0
1200,3,0,849,1,1,2,10333.5,24820,1645.86,69.5741,0.519494,1533.27,272802,162.727,23.1957,0.267264,139.264,349.461,46.3784,0.108576,302.974,512.187,1,0,0
1200,3,0,850,1,1,1,4317.96,18648.8,1623.76,46.3844,0.482746,1533.69,272796,154.001,23.1957,0.267264,130.538,90.9044,23.1887,0.0718272,67.6439,244.905,0,0,0
1200,3,0,851,1,1,1,4319.03,18734.6,1623.66,46.3844,0.482746,1533.59,272798,155.601,23.1957,0.267264,132.138,77.8359,23.1887,0.0718272,54.5753,233.437,0,0,0
1200,3,0,852,1,1,1,4443.88,18772,1623.78,46.3844,0.783418,1533.41,272794,84.1751,23.1957,0.462701,60.5167,161.13,23.1887,0.177062,137.764,245.305,0,0,0
1200,3,0,853,1,1,1,4343.37,18677.8,1623.68,46.3844,0.517824,1533.57,272797,90.7882,23.1957,0.302342,67.2902,143.226,23.1887,0.0718272,119.965,234.014,0,0,0
1200,3,0,854,1,1,1,4337.03,24804.7,1629.31,52.1883,0.801792,1533.3,272796,344.995,28.9996,0.58631,315.409,154.349,23.1887,0.0718272,131.088,499.343,0,0,0
1200,3,0,855,1,1,1,4395.09,18824.1,1623.47,46.3844,1.23108,1532.66,272799,148.232,23.1957,0.658138,124.378,148.522,23.1887,0.141984,125.192,296.754,0,0,0
1200,3,0,856,0,0,0,-1,-1,1601.04,23.206,0.551232,1533.38,272800,-1,-1,-1,-1,-1,-1,-1,-1,-1,0,0,0
1200,3,0,857,0,0,0,-1,-1,1600.94,23.206,0.516154,1533.32,272802,-1,-1,-1,-1,-1,-1,-1,-1,-1,0,0,0
1200,3,0,858,1,1,1,4323.47,18646.4,1623.69,46.3844,0.482746,1533.62,272797,81.8879,23.1957,0.267264,58.425,131.678,23.1887,0.0718272,108.418,213.566,0,0,0
1200,3,0,859,1,1,1,4315.66,18696.4,1623.34,46.3844,0.482746,1533.28,272803,157.877,23.1957,0.267264,134.414,81.792,23.1887,0.0718272,58.5315,239.669,0,0,0
1200,3,0,860,1,1,1,4382.47,24818.8,1629.39,52.1991,0.714931,1533.45,272795,345.247,29.0104,0.49945,315.737,155.139,23.1887,0.0718272,131.879,500.386,0,0,0
1200,3,0,861,1,1,1,4477.7,18794.2,1623.31,46.3844,0.552902,1533.18,272803,83.6765,23.1957,0.267264,60.2135,161.815,23.1887,0.141984,138.484,245.491,0,0,0
1200,3,0,862,0,0,0,-1,-1,1601.22,23.206,0.656467,1533.46,272796,-1,-1,-1,-1,-1,-1,-1,-1,-1,0,0,0
1200,3,0,863,1,1,1,4364.39,18702.9,1623.76,46.3844,0.517824,1533.66,272796,94.9637,23.1957,0.267264,71.5008,152.655,23.1887,0.106906,129.359,247.618,0,0,0
1200,3,0,864,1,1,1,4345.17,18840.2,1623.61,46.3844,0.552902,1533.48,272798,157.292,23.1957,0.267264,133.83,79.875,23.1887,0.141984,56.5444,237.168,0,0,0
1200,3,0,865,1,1,4,16416.4,30872.2,1690.76,115.954,0.806803,1532.91,272802,160.421,23.1957,0.302342,136.923,546.142,92.758,0.360806,453.023,706.563,3,0,0
1200,3,0,866,1,1,1,4339.7,18680.8,1623.77,46.3844,0.482746,1533.7,272796,147.482,23.1957,0.267264,124.019,109.064,23.1887,0.0718272,85.8038,256.546,0,0,0
1200,3,0,867,1,1,1,4342.89,24712.8,1629.3,52.1883,0.910368,1533.18,272796,338.699,28.9996,0.551232,309.148,147.418,23.1887,0.0718272,124.158,486.117,0,0,0
1200,3,0,868,0,0,0,-1,-1,1600.9,23.206,0.551232,1533.24,272803,-1,-1,-1,-1,-1,-1,-1,-1,-1,0,0,0
1200,3,0,869,1,1,1,4322.54,18652.4,1623.46,46.3844,0.482746,1533.4,272801,90.8127,23.1957,0.267264,67.3497,143.89,23.1887,0.0718272,120.629,234.702,0,0,0
1200,3,0,870,1,1,1,4324.04,18740.5,1623.5,46.3844,0.482746,1533.43,272801,132.482,23.1957,0.267264,109.019,66.3519,23.1887,0.0718272,43.0914,198.834,0,0,0
1200,3,0,871,1,1,1,4362.47,18697.6,1623.75,46.3844,0.517824,1533.65,272796,156.639,23.1957,0.267264,133.176,129.634,23.1887,0.106906,106.339,286.274,0,0,0
1200,3,0,872,1,1,1,4320.26,18652.8,1623.67,46.3844,0.482746,1533.6,272798,154.472,23.1957,0.267264,131.009,91.2509,23.1887,0.0718272,67.9904,245.723,0,0,0
1200,3,0,873,1,1,1,4345.26,18714.5,1623.14,46.3844,0.696557,1532.86,272806,155.256,23.1957,0.302342,131.758,149.148,23.1887,0.106906,125.852,304.404,0,0,0
1200,3,0,874,1,1,1,4423.04,24861.6,1629.15,52.1883,1.15759,1532.78,272798,343.656,28.9996,0.942106,313.714,154.478,23.1887,0.0718272,131.218,498.134,0,0,0
1200,3,0,875,1,1,1,4348.78,18687.5,1623.34,46.3844,0.517824,1533.24,272803,126.021,23.1957,0.267264,102.558,154.663,23.1887,0.106906,131.368,280.684,0,0,0
1200,3,0,876,1,1,1,4326.79,18769.8,1623.72,46.3844,0.873619,1533.27,272796,156.42,23.1957,0.658138,132.566,80.4023,23.1887,0.0718272,57.1418,236.822,0,0,0
1200,3,0,877,1,0,0,-1,-1,1606.79,28.9996,0.516154,1533.55,272798,-1,-1,-1,-1,-1,-1,-1,-1,-1,0,0,0
1200,3,0,878,1,1,1,4337.86,18743.9,1623.58,46.3844,0.75001,1533.24,272798,161.431,23.1957,0.372499,137.863,147.092,23.1887,0.0902016,123.813,308.523,0,0,0
1200,3,0,879,1,1,1,4394.25,18807.4,1623.97,46.3844,1.10915,1533.28,272791,158.23,23.1957,0.462701,134.571,153.006,23.1887,0.0718272,129.745,311.235,0,0,0
1200,3,0,880,1,0,0,-1,-1,1612.26,34.8035,0.729965,1533.18,272800,-1,-1,-1,-1,-1,-1,-1,-1,-1,0,0,0
1200,3,0,881,1,1,1,4325.03,18817.4,1623.46,46.3844,0.678182,1533.2,272801,155.485,23.1957,0.462701,131.826,73.9429,23.1887,0.0718272,50.6824,229.428,0,0,0
1200,3,0,882,1,1,1,4321.26,18703.2,1624.24,46.3952,0.96215,1533.68,272786,91.4166,23.2065,0.746669,67.4634,153,23.1887,0.0718272,129.74,244.417,0,0,0
1200,3,0,883,1,1,1,4317.9,18644.4,1623.7,46.3844,0.482746,1533.63,272797,152.943,23.1957,0.267264,129.48,91.6047,23.1887,0.0718272,68.3442,244.548,0,0,0
1200,3,0,884,1,1,1,4379.91,18724.9,1623.26,46.3844,0.482746,1533.19,272805,152.586,23.1957,0.267264,129.123,144.742,23.1887,0.0718272,121.481,297.327,0,0,0
1200,3,0,885,1,1,1,4318.54,30634.4,1634.92,57.9922,0.589651,1533.5,272797,414.25,34.8035,0.37417,378.557,34.5279,23.1887,0.0718272,11.2674,448.778,0,0,0
1200,3,0,886,1,1,1,4318.86,18673.7,1623.8,46.3844,0.482746,1533.74,272795,120.644,23.1957,0.267264,97.1813,63.1538,23.1887,0.0718272,39.8933,183.798,0,0,0
1200,3,0,887,1,1,1,4334.11,18657.9,1623.81,46.3844,0.50112,1533.72,272795,144.543,23.1957,0.267264,121.08,148.326,23.1887,0.0902016,125.047,292.87,0,0,0
1200,3,0,888,1,1,2,10382.4,24700.5,1645.89,69.5741,0.663149,1533.16,272801,85.4236,23.1957,0.267264,61.9606,361.366,46.3784,0.25223,314.735,446.79,1,0,0
1200,3,0,889,1,1,1,4342.49,18798.1,1623.8,46.3844,0.783418,1533.43,272794,148.744,23.1957,0.462701,125.085,100.858,23.1887,0.177062,77.4927,249.602,0,0,0
1200,3,0,890,1,1,1,4485.95,18858.7,1623.79,46.3844,0.517824,1533.69,272795,149.673,23.1957,0.302342,126.175,160.108,23.1887,0.0718272,136.847,309.781,0,0,0
1200,3,0,891,1,1,1,4344.11,18669.2,1623.89,46.3844,0.482746,1533.83,272793,89.9319,23.1957,0.267264,66.469,144.276,23.1887,0.0718272,121.015,234.208,0,0,0
1200,3,0,892,1,1,1,4430.28,18758.7,1623.28,46.3844,0.536198,1533.16,272804,108.483,23.1957,0.267264,85.0205,156.099,23.1887,0.12528,132.785,264.582,0,0,0
1200,3,0,893,1,1,1,4342.41,18660,1623.63,46.3844,0.6264,1533.42,272798,90.4987,23.1957,0.267264,67.0357,149.64,23.1887,0.0718272,126.379,240.138,0,0,0
1200,3,0,894,1,1,1,4399.68,18858.5,1623.83,46.3844,0.943776,1533.31,272793,154.918,23.1957,0.728294,130.994,153.823,23.1887,0.0718272,130.563,308.742,0,0,0
1200,3,0,895,1,1,1,4332.01,24675.5,1629.29,52.1883,1.31795,1532.76,272795,340.522,28.9996,1.10246,310.42,153.863,23.1887,0.0718272,130.603,494.385,0,0,0
1200,3,0,896,1,1,1,4315.98,24653.4,1629.34,52.1883,0.696557,1533.43,272796,329.576,28.9996,0.481075,300.095,105.072,23.1887,0.0718272,81.8116,434.648,0,0,0
1200,3,0,897,1,1,1,4316.3,18750.7,1624.14,46.3844,0.748339,1533.81,272788,125.463,23.1957,0.532858,101.735,64.5634,23.1887,0.0718272,41.3028,190.027,0,0,0
1200,3,0,898,1,1,1,4322.61,18685.9,1623.56,46.3844,0.482746,1533.49,272799,145.783,23.1957,0.267264,122.32,147.857,23.1887,0.0718272,124.596,293.64,0,0,0
1200,3,0,899,1,1,3,4396.3,18787.5,1668.57,92.7639,1.14422,1532.87,272796,155.941,23.1957,0.462701,132.283,200.454,69.5682,0.537869,130.348,356.395,2,0,0
1200,3,0,900,1,1,2,10320.7,24649.9,1646.35,69.5741,0.554573,1533.72,272793,87.3266,23.1957,0.302342,63.8286,353.718,46.3784,0.108576,307.231,441.045,1,0,0
1200,3,0,901,1,1,2,4484.72,24927.2,1652.06,75.3781,1.18264,1533.18,272790,325.17,28.9996,0.320717,295.85,178.689,46.3784,0.287309,132.023,503.859,1,0,0
1200,3,0,902,1,1,1,4468.68,18859.6,1623.79,46.3844,0.517824,1533.69,272795,156.562,23.1957,0.302342,133.064,138.714,23.1887,0.0718272,115.453,295.276,0,0,0
1200,3,0,903,1,1,1,4368.64,18684.7,1623.52,46.3844,0.948787,1532.99,272799,86.8584,23.1957,0.267264,63.3954,157.685,23.1887,0.106906,134.389,244.543,0,0,0
1200,3,0,904,1,1,1,4335.48,18774.7,1623.77,46.3844,0.678182,1533.51,272795,156.105,23.1957,0.462701,132.447,79.6515,23.1887,0.0718272,56.391,235.757,0,0,0
1200,3,0,905,1,1,1,4404.69,18733.8,1623.12,46.3844,0.517824,1533.02,272807,91.5101,23.1957,0.302342,68.0121,154.935,23.1887,0.0718272,131.675,246.445,0,0,0
1200,3,0,906,1,1,1,4339.52,18788.9,1623.89,46.3844,0.482746,1533.82,272794,150.988,23.1957,0.267264,127.525,157.716,23.1887,0.0718272,134.456,308.705,0,0,0
1200,3,0,907,1,1,1,4322.89,18680.3,1623.7,46.3952,0.96215,1533.15,272795,149.416,23.2065,0.746669,125.462,103.262,23.1887,0.0718272,80.0014,252.678,0,0,0
1200,3,0,908,1,1,1,4330.44,18648.3,1623.16,46.3844,0.482746,1533.1,272806,86.9685,23.1957,0.267264,63.5055,134.07,23.1887,0.0718272,110.809,221.038,0,0,0
1200,3,0,909,1,1,1,4325.76,18661.8,1623.75,46.3844,0.678182,1533.49,272795,152.664,23.1957,0.462701,129.005,79.7724,23.1887,0.0718272,56.5119,232.436,0,0,0
1200,3,0,910,1,1,1,4318.86,30643.6,1635.24,57.9922,1.31628,1533.08,272789,431.438,34.8035,1.10079,395.067,38.4064,23.1887,0.0718272,15.1459,469.844,0,0,0
1200,3,0,911,1,1,1,4352.94,18688.8,1623.82,46.3844,0.6264,1533.61,272794,154.093,23.1957,0.267264,130.63,157.005,23.1887,0.0718272,133.745,311.098,0,0,0
1200,3,0,912,1,1,1,4322.52,18636,1623.32,46.3844,0.482746,1533.26,272804,98.1113,23.1957,0.267264,74.6483,151.522,23.1887,0.0718272,128.262,249.634,0,0,0
1200,3,0,913,1,0,0,-1,-1,1601.06,23.1957,0.853574,1533.11,272799,-1,-1,-1,-1,-1,-1,-1,-1,-1,0,0,0
1200,3,0,914,1,1,1,4322.18,18704.3,1623.56,46.3844,0.482746,1533.49,272799,145.738,23.1957,0.267264,122.275,70.3044,23.1887,0.0718272,47.0439,216.043,0,0,0
1200,3,0,915,1,0,0,-1,-1,1601.1,23.1957,0.302342,1533.7,272800,-1,-1,-1,-1,-1,-1,-1,-1,-1,0,0,0
1200,3,0,916,1,1,1,4367.3,18712.3,1623.83,46.3844,0.482746,1533.76,272795,156.639,23.1957,0.267264,133.176,134.886,23.1887,0.0718272,111.625,291.525,0,0,0
1200,3,0,917,1,1,1,4364.94,18753.7,1623.36,46.3844,0.908698,1532.87,272802,158.629,23.1957,0.658138,134.775,79.4303,23.1887,0.106906,56.1347,238.059,0,0,0
1200,3,0,918,1,1,1,4334.2,18887.9,1623.96,46.3844,0.821837,1533.56,272791,165.335,23.1957,0.462701,141.677,145.572,23.1887,0.0718272,122.311,310.907,0,0,0
1200,3,0,919,1,1,1,4318.22,18726,1623.99,46.3952,0.696557,1533.7,272791,159.241,23.2065,0.481075,135.553,79.3952,23.1887,0.0718272,56.1347,238.636,0,0,0
1200,3,0,920,0,0,0,-1,-1,1611.72,34.8138,0.783418,1532.58,272809,-1,-1,-1,-1,-1,-1,-1,-1,-1,0,0,0
1200,3,0,921,1,0,0,-1,-1,1601.18,23.1957,0.497779,1533.59,272798,-1,-1,-1,-1,-1,-1,-1,-1,-1,0,0,0
1200,3,0,922,1,1,1,4443.49,18758.3,1623.1,46.3844,0.517824,1533,272807,88.7697,23.1957,0.267264,65.3067,156.176,23.1887,0.106906,132.88,244.945,0,0,0
1200,3,0,923,1,1,1,4356.73,24773.9,1629.45,52.1883,0.766714,1533.48,272794,247.859,28.9996,0.551232,218.117,150.098,23.1887,0.0718272,126.838,397.958,0,0,0
1200,3,0,924,1,1,1,4324.38,18667.9,1623.6,46.3844,0.482746,1533.53,272799,155.91,23.1957,0.267264,132.447,149.826,23.1887,0.0718272,126.565,305.736,0,0,0
1200,3,0,925,1,1,1,4374.23,24690.4,1629.95,52.1883,1.35302,1533.39,272783,190.762,28.9996,1.13754,160.284,153.554,23.1887,0.0718272,130.294,344.316,0,0,0
1200,3,0,926,1,1,2,10338.7,24697.2,1645.82,69.5741,0.950458,1532.8,272802,156.957,23.1957,0.267264,133.494,351.011,46.3784,0.539539,304.093,507.967,1,0,0
1200,3,0,927,1,0,0,-1,-1,1601.44,23.1957,0.267264,1534.07,272794,-1,-1,-1,-1,-1,-1,-1,-1,-1,0,0,0
1200,3,0,928,1,1,1,4379.08,18718.7,1623.67,46.3844,0.678182,1533.41,272797,87.5754,23.1957,0.462701,63.917,156.283,23.1887,0.0718272,133.023,243.859,0,0,0
1200,3,0,929,1,1,1,4323.89,18642.9,1623.68,46.3844,0.517824,1533.57,272797,89.2361,23.1957,0.302342,65.738,152.058,23.1887,0.0718272,128.798,241.294,0,0,0
1200,3,0,930,1,1,1,4331.59,24903.8,1629.58,52.1883,1.15759,1533.21,272790,350.406,28.9996,0.942106,320.464,151.955,23.1887,0.0718272,128.695,502.361,0,0,0
1200,3,0,931,0,0,0,-1,-1,1618.22,40.608,0.748339,1533.49,272794,-1,-1,-1,-1,-1,-1,-1,-1,-1,0,0,0
1200,3,0,932,1,1,1,4330.12,18685.6,1623.06,46.3844,0.482746,1533,272808,147.947,23.1957,0.267264,124.484,105.272,23.1887,0.0718272,82.0119,253.22,0,0,0
1200,3,0,933,1,1,1,4333.18,18780.8,1623.75,46.3952,0.891994,1533.26,272795,159.618,23.2065,0.676512,135.735,123.176,23.1887,0.0718272,99.9155,282.794,0,0,0
1200,3,0,934,1,1,2,10348.9,24669.6,1646.48,69.5741,0.663149,1533.75,272791,83.6783,23.1957,0.267264,60.2153,359.72,46.3784,0.25223,313.089,443.398,1,0,0
1200,3,0,935,1,1,1,4339.83,24836.1,1628.97,52.1883,1.15759,1532.6,272801,343.946,28.9996,0.942106,314.005,73.9086,23.1887,0.0718272,50.6481,417.855,0,0,0
1200,3,0,936,1,0,0,-1,-1,1601.19,23.1957,0.567936,1533.53,272797,-1,-1,-1,-1,-1,-1,-1,-1,-1,0,0,0
1200,3,0,937,1,1,1,4342.04,18767,1623.66,46.3844,0.696557,1533.38,272797,159.453,23.1957,0.337421,135.919,154.668,23.1887,0.0718272,131.407,314.121,0,0,0
1200,3,0,938,1,1,1,4379.26,18725,1623.93,46.3844,0.713261,1533.63,272792,154.69,23.1957,0.462701,131.032,119.435,23.1887,0.106906,96.1399,274.126,0,0,0
1200,3,0,939,1,1,1,4329.29,24699.3,1629.35,52.1883,0.536198,1533.6,272796,349.255,28.9996,0.320717,319.935,154.998,23.1887,0.0718272,131.738,504.254,0,0,0
1200,3,0,940,1,1,1,4335.85,24723,1629.15,52.1883,0.696557,1533.24,272799,345.184,28.9996,0.481075,315.703,150.914,23.1887,0.0718272,127.654,496.098,0,0,0
1200,3,0,941,1,1,1,4363.64,18689,1623.47,46.3844,1.01894,1532.87,272799,152.4,23.1957,0.267264,128.937,156.455,23.1887,0.177062,133.09,308.855,0,0,0
1200,3,0,942,1,1,1,4319.43,18705.6,1623.56,46.3844,0.678182,1533.3,272799,90.2321,23.1957,0.462701,66.5737,153.397,23.1887,0.0718272,130.137,243.629,0,0,0
1200,3,0,943,1,1,2,10403.9,24719.6,1646.17,69.5741,0.519494,1533.58,272797,89.2281,23.1957,0.267264,65.7651,362.038,46.3784,0.108576,315.551,451.266,1,0,0
1200,3,0,944,1,1,1,4369.34,18691.2,1623.7,46.3844,0.482746,1533.63,272797,86.8277,23.1957,0.267264,63.3647,157.805,23.1887,0.0718272,134.544,244.632,0,0,0
1200,3,0,945,1,1,1,4321.22,24725.5,1629.14,52.1883,0.571277,1533.36,272800,335.356,28.9996,0.355795,306,83.4777,23.1887,0.0718272,60.2172,418.833,0,0,0
1200,3,0,946,1,0,0,-1,-1,1606.6,28.9996,0.481075,1533.39,272802,-1,-1,-1,-1,-1,-1,-1,-1,-1,0,0,0
1200,3,0,947,1,1,1,4438.42,18750.3,1623.73,46.3844,0.482746,1533.66,272796,106.561,23.1957,0.267264,83.0984,157.978,23.1887,0.0718272,134.717,264.539,0,0,0
1200,3,0,948,1,1,1,4315.34,24788.4,1629.62,52.1883,0.696557,1533.71,272791,330.433,28.9996,0.481075,300.952,68.2343,23.1887,0.0718272,44.9738,398.667,0,0,0
1200,3,0,949,1,1,1,4437.63,18785.7,1623.68,46.3844,0.678182,1533.42,272797,84.6191,23.1957,0.462701,60.9607,160.913,23.1887,0.0718272,137.652,245.532,0,0,0
1200,3,0,950,1,1,1,4342.37,18770.1,1623.62,46.3844,0.6264,1533.41,272798,155.692,23.1957,0.267264,132.229,156.038,23.1887,0.0718272,132.777,311.729,0,0,0
1200,3,0,951,1,1,1,4383.35,18694.3,1623.91,46.3844,0.482746,1533.85,272793,84.9687,23.1957,0.267264,61.5058,159.49,23.1887,0.0718272,136.23,244.459,0,0,0
1200,3,0,952,1,1,1,4377.77,18702.4,1624.08,46.3844,0.482746,1534.02,272790,147.852,23.1957,0.267264,124.389,113.035,23.1887,0.0718272,89.7744,260.886,0,0,0
1200,3,0,953,1,1,1,4325.51,24766.8,1629.66,52.1883,0.83687,1533.61,272789,338.659,28.9996,0.621389,309.038,89.4534,23.1887,0.0718272,66.1928,428.112,0,0,0
1200,3,0,954,1,1,1,4459.36,24887.5,1629.33,52.1883,0.536198,1533.58,272796,339.046,28.9996,0.320717,309.725,140.361,23.1887,0.0718272,117.101,479.407,0,0,0
1200,3,0,955,1,1,1,4443.56,18756.8,1623.52,46.3844,0.517824,1533.42,272800,105.45,23.1957,0.267264,81.9866,157.354,23.1887,0.106906,134.059,262.804,0,0,0
1200,3,0,956,1,1,1,4322.12,18668.2,1623.62,46.3844,0.482746,1533.55,272798,154.342,23.1957,0.267264,130.879,79.6154,23.1887,0.0718272,56.3549,233.957,0,0,0
1200,3,0,957,0,0,0,-1,-1,1601.07,23.206,0.551232,1533.42,272799,-1,-1,-1,-1,-1,-1,-1,-1,-1,0,0,0
1200,3,0,958,1,1,1,4331.34,24659,1628.87,52.1991,0.785088,1532.86,272804,271.369,29.0104,0.569606,241.681,50.3343,23.1887,0.0718272,27.0738,321.703,0,0,0
1200,3,0,959,1,1,1,4335.14,24775.5,1629.21,52.1883,1.14088,1532.86,272797,348.557,28.9996,0.746669,318.811,148.892,23.1887,0.106906,125.596,497.449,0,0,0
1200,3,0,960,1,1,1,4317.58,24632.7,1628.75,52.1883,0.891994,1532.65,272806,287.468,28.9996,0.676512,257.733,57.2882,23.1887,0.0718272,34.0277,344.756,0,0,0
1200,3,0,961,1,1,1,4364.39,18737.1,1623.77,46.3844,0.482746,1533.7,272796,158.085,23.1957,0.267264,134.622,157.973,23.1887,0.0718272,134.712,316.057,0,0,0
1200,3,0,962,1,1,1,4319.3,24661.7,1629.23,52.1883,0.696557,1533.32,272798,245.6,28.9996,0.481075,215.933,39.4658,23.1887,0.0718272,16.2053,285.065,0,0,0
1200,3,0,963,1,1,1,4325.38,18666.2,1623.7,46.3844,0.552902,1533.57,272796,154.647,23.1957,0.302342,131.149,83.899,23.1887,0.106906,60.6034,238.546,0,0,0
1200,3,0,964,1,1,2,10324.2,24640.1,1645.68,69.5741,0.663149,1532.94,272805,83.4996,23.1957,0.267264,60.0367,355.836,46.3784,0.25223,309.206,439.336,1,0,0
1200,3,0,965,1,1,1,4405.49,18822,1623.67,46.3844,0.482746,1533.6,272798,160.234,23.1957,0.267264,136.771,149.757,23.1887,0.0718272,126.497,309.991,0,0,0
1200,3,0,966,1,1,1,4335.43,18677,1623.76,46.3844,0.552902,1533.63,272795,153.049,23.1957,0.337421,129.516,92.5251,23.1887,0.0718272,69.2646,245.574,0,0,0
1200,3,0,967,1,1,1,4323.85,18654.2,1623.66,46.3844,0.482746,1533.59,272798,155.322,23.1957,0.267264,131.859,78.4946,23.1887,0.0718272,55.2341,233.816,0,0,0
1200,3,0,968,1,1,1,4330.68,24664.9,1629.68,52.1883,1.15759,1533.32,272788,334.789,28.9996,0.942106,304.847,80.5033,23.1887,0.0718272,57.2428,415.292,0,0,0
1200,3,0,969,1,0,0,-1,-1,1601.3,23.1957,0.267264,1533.94,272796,-1,-1,-1,-1,-1,-1,-1,-1,-1,0,0,0
1200,3,0,970,1,1,1,4317.9,18697.3,1623.72,46.3844,0.678182,1533.46,272796,146.029,23.1957,0.462701,122.371,99.6793,23.1887,0.0718272,76.4188,245.709,0,0,0
1200,3,0,971,1,1,1,4319.18,30642,1635.18,57.9922,0.945446,1533.39,272791,421.527,34.8035,0.729965,385.498,35.8237,23.1887,0.0718272,12.5632,457.35,0,0,0
1200,3,0,972,1,1,1,4346.45,18680,1623.8,46.3844,0.536198,1533.68,272795,149.13,23.1957,0.302342,125.632,151.665,23.1887,0.0902016,128.386,300.795,0,0,0
1200,3,0,973,1,1,1,4344.01,18703.7,1623.75,46.3844,0.644774,1533.53,272795,89.7497,23.1957,0.267264,66.2867,155.558,23.1887,0.0902016,132.279,245.308,0,0,0
1200,3,0,974,1,0,0,-1,-1,1601.08,23.1957,0.337421,1533.65,272800,-1,-1,-1,-1,-1,-1,-1,-1,-1,0,0,0
1200,3,0,975,1,1,1,4319.41,24636.6,1629.15,52.1883,0.696557,1533.24,272799,279.919,28.9996,0.481075,250.356,53.3574,23.1887,0.0718272,30.0968,333.276,0,0,0
1200,3,0,976,1,0,0,-1,-1,1600.65,23.1957,0.302342,1533.25,272808,-1,-1,-1,-1,-1,-1,-1,-1,-1,0,0,0
1200,3,0,977,1,1,1,4323.4,18701.3,1623.77,46.3844,0.517824,1533.67,272795,156.131,23.1957,0.302342,132.633,79.7128,23.1887,0.0718272,56.4523,235.844,0,0,0
1200,3,0,978,1,0,0,-1,-1,1600.83,23.1957,0.337421,1533.39,272804,-1,-1,-1,-1,-1,-1,-1,-1,-1,0,0,0
1200,3,0,979,1,1,1,4315.02,36643.7,1640.55,63.7961,1.15926,1532.92,272795,601.357,40.6075,0.943776,559.008,35.5873,23.1887,0.0718272,12.3268,636.944,0,0,0
1200,3,0,980,1,1,1,4336.02,18709.5,1623.28,46.3844,0.517824,1533.18,272804,145.632,23.1957,0.302342,122.134,100.735,23.1887,0.0718272,77.4746,246.368,0,0,0
1200,3,0,981,1,1,1,4398.94,18718.1,1623.79,46.3844,0.482746,1533.72,272795,83.5032,23.1957,0.267264,60.0403,159.572,23.1887,0.0718272,136.311,243.075,0,0,0
1200,3,0,982,1,1,1,4346.49,18823.9,1623.2,46.3844,0.517824,1533.1,272806,154.617,23.1957,0.302342,131.119,74.0259,23.1887,0.0718272,50.7654,228.643,0,0,0
1200,3,0,983,1,1,1,4353.62,18666.2,1623.48,46.3844,0.552902,1533.34,272800,85.4326,23.1957,0.267264,61.9696,157.916,23.1887,0.141984,134.586,243.349,0,0,0
1200,3,0,984,1,1,1,4314.38,18687.2,1623.55,46.3844,0.552902,1533.42,272799,119.29,23.1957,0.337421,95.7573,61.2624,23.1887,0.0718272,38.0019,180.553,0,0,0
1200,3,0,985,1,1,1,4355.31,18743.6,1623.72,46.3844,0.482746,1533.65,272797,151.149,23.1957,0.267264,127.686,152.26,23.1887,0.0718272,129,303.409,0,0,0
1200,3,0,986,1,1,1,4330.12,18649.5,1623.72,46.3844,0.482746,1533.65,272797,152.08,23.1957,0.267264,128.617,82.485,23.1887,0.0718272,59.2245,234.565,0,0,0
1200,3,0,987,1,1,1,4327.69,18713.7,1623.86,46.3844,0.552902,1533.73,272794,156.287,23.1957,0.337421,132.754,80.0991,23.1887,0.0718272,56.8386,236.386,0,0,0
1200,3,0,988,1,1,1,4350.96,18710.8,1623.88,46.3844,0.552902,1533.75,272793,153.42,23.1957,0.302342,129.922,96.029,23.1887,0.106906,72.7334,249.449,0,0,0
1200,3,0,989,1,0,0,-1,-1,1601.22,23.1957,0.267264,1533.85,272798,-1,-1,-1,-1,-1,-1,-1,-1,-1,0,0,0
1200,3,0,990,1,1,1,4320.26,18722.2,1624.04,46.3844,0.713261,1533.75,272790,158.433,23.1957,0.497779,134.739,126.6,23.1887,0.0718272,103.339,285.032,0,0,0
1200,3,0,991,1,1,2,10418.5,24749.3,1646.06,69.5741,0.912038,1533.08,272797,89.4699,23.1957,0.267264,66.007,348.312,46.3784,0.50112,301.432,437.782,1,0,0
1200,3,0,992,1,1,1,4344.1,18824.2,1624.44,46.3844,1.06906,1533.79,272782,157.879,23.1957,0.853574,133.83,154.302,23.1887,0.0718272,131.041,312.18,0,0,0
1200,3,0,993,1,1,1,4344.09,18780,1623.62,46.3844,0.783418,1533.25,272797,150.392,23.1957,0.567936,126.628,158.532,23.1887,0.0718272,135.272,308.924,0,0,0
1200,3,0,994,1,1,2,10345.8,24690.3,1646.24,69.5741,0.714931,1533.46,272795,120.961,23.1957,0.462701,97.3022,357.129,46.3784,0.108576,310.642,478.09,1,0,0
1200,3,0,995,1,1,1,4325.13,18655.9,1623.74,46.3844,0.552902,1533.6,272796,90.1258,23.1957,0.302342,66.6278,151.142,23.1887,0.106906,127.847,241.268,0,0,0
1200,3,0,996,1,1,1,4366.34,18687.9,1623.64,46.3844,0.661478,1533.39,272797,88.5838,23.1957,0.267264,65.1208,149.48,23.1887,0.106906,126.184,238.064,0,0,0
1200,3,0,997,1,1,1,4331.27,24693.7,1629.67,52.1883,0.891994,1533.57,272790,338.255,28.9996,0.676512,308.579,92.933,23.1887,0.0718272,69.6725,431.188,0,0,0
1200,3,0,998,1,1,1,4342.21,18827.5,1623.89,46.3844,0.517824,1533.79,272793,163.03,23.1957,0.267264,139.567,147.85,23.1887,0.106906,124.555,310.88,0,0,0
1200,3,0,999,1,1,1,4323.25,30715.8,1634.62,57.9922,0.945446,1532.83,272801,517.687,34.8035,0.729965,481.927,105.449,23.1887,0.0718272,82.1888,623.137,0,0,0
1200,3,0,1000,1,1,1,4389.28,18723.7,1623.94,46.3844,0.6264,1533.73,272792,89.6251,23.1957,0.267264,66.1622,140.073,23.1887,0.0718272,116.812,229.698,0,0,0
1200,3,0,1001,1,1,1,4328.42,18823.4,1623.54,46.3844,0.517824,1533.44,272800,155.282,23.1957,0.267264,131.819,73.8264,23.1887,0.106906,50.5308,229.108,0,0,0
1200,3,0,1002,1,1,1,4328.92,18647.6,1623.69,46.3844,0.482746,1533.62,272797,98.4705,23.1957,0.267264,75.0075,152.147,23.1887,0.0718272,128.886,250.617,0,0,0
1200,3,0,1003,1,1,1,4392.78,18833.4,1623.63,46.3844,0.517824,1533.53,272798,159.624,23.1957,0.267264,136.161,154.68,23.1887,0.106906,131.384,314.304,0,0,0
1200,3,0,1004,1,1,2,10355,24831.7,1645.92,69.5741,0.554573,1533.29,272801,154.736,23.1957,0.302342,131.238,318.422,46.3784,0.108576,271.935,473.158,1,0,0
1200,3,0,1005,1,1,1,4332.14,18667.4,1623.86,46.3844,0.678182,1533.6,272794,91.2193,23.1957,0.462701,67.5609,143.276,23.1887,0.0718272,120.016,234.495,0,0,0
1200,3,0,1006,1,1,1,4325.51,18707.5,1623.14,46.3844,0.482746,1533.07,272807,122.727,23.1957,0.267264,99.264,64.2692,23.1887,0.0718272,41.0087,186.996,0,0,0
1200,3,0,1007,1,1,2,10344.8,30755.5,1652.01,75.3781,0.963821,1533.35,272792,244.381,28.9996,0.71159,214.47,347.943,46.3784,0.108576,301.456,592.324,1,0,0
1200,3,0,1008,1,1,1,4369.36,18688.5,1623.48,46.3844,0.482746,1533.41,272801,90.8127,23.1957,0.267264,67.3497,152.73,23.1887,0.0718272,129.469,243.542,0,0,0
1200,3,0,1009,1,0,0,-1,-1,1600.58,23.1957,0.267264,1533.21,272809,-1,-1,-1,-1,-1,-1,-1,-1,-1,0,0,0
1200,3,0,1010,1,0,0,-1,-1,1600.81,23.1957,0.693216,1533.02,272804,-1,-1,-1,-1,-1,-1,-1,-1,-1,0,0,0
1200,3,0,1011,1,1,1,4345.79,18698.2,1623.79,46.3844,0.482746,1533.73,272795,157.244,23.1957,0.267264,133.781,155.514,23.1887,0.0718272,132.254,312.758,0,0,0
1200,3,0,1012,1,1,1,4358.26,18830.8,1623.28,46.3844,0.517824,1533.18,272804,163.558,23.1957,0.302342,140.06,145.667,23.1887,0.0718272,122.407,309.225,0,0,0
1200,3,0,1013,1,1,2,10369.3,24689.3,1646.3,69.5741,0.519494,1533.71,272795,142.32,23.1957,0.267264,118.857,348.834,46.3784,0.108576,302.347,491.154,1,0,0
1200,3,0,1014,1,1,1,4393.04,18759.7,1623.91,46.3844,1.06906,1533.26,272792,151.703,23.1957,0.853574,127.654,153.11,23.1887,0.0718272,129.85,304.813,0,0,0
1200,3,0,1015,1,1,1,4326.18,36652.2,1640.45,63.7961,1.26449,1532.72,272796,693.04,40.6075,1.04901,650.852,145.267,23.1887,0.0718272,122.006,838.306,0,0,0
1200,3,0,1016,1,1,1,4380.86,24751,1629.52,52.1883,1.1058,1533.2,272791,262.374,28.9996,0.71159,232.521,149.413,23.1887,0.106906,126.118,411.787,0,0,0
1200,3,0,1017,1,0,0,-1,-1,1601.62,23.1957,0.267264,1534.25,272791,-1,-1,-1,-1,-1,-1,-1,-1,-1,0,0,0
1200,3,0,1018,1,1,1,4318.22,18827.9,1623.75,46.3844,0.678182,1533.49,272796,154.864,23.1957,0.462701,131.205,73.0206,23.1887,0.0718272,49.7601,227.884,0,0,0
1200,3,0,1019,1,0,0,-1,-1,1601.13,23.1957,0.267264,1533.76,272800,-1,-1,-1,-1,-1,-1,-1,-1,-1,0,0,0
1200,3,0,1020,1,1,1,4350.06,18692,1623.83,46.3844,0.50112,1533.74,272794,90.5492,23.1957,0.267264,67.0862,152.916,23.1887,0.0902016,129.637,243.465,0,0,0
1200,3,0,1021,1,1,1,4329.38,18753.1,1623.62,46.3844,0.482746,1533.55,272798,150.837,23.1957,0.267264,127.374,104,23.1887,0.0718272,80.7395,254.837,0,0,0
1200,3,0,1022,1,0,0,-1,-1,1601.08,23.1957,0.372499,1533.61,272800,-1,-1,-1,-1,-1,-1,-1,-1,-1,0,0,0
1200,3,0,1023,1,1,2,10359.8,24701.7,1645.45,69.5741,1.09411,1532.28,272808,156.063,23.1957,0.267264,132.6,337.432,46.3784,0.683194,290.371,493.496,1,0,0
1200,3,0,1024,1,1,1,4469.69,18928.2,1623.78,46.3844,0.748339,1533.45,272795,158.422,23.1957,0.497779,134.728,138.998,23.1887,0.106906,115.702,297.42,0,0,0
1200,3,0,1025,1,1,1,4319.01,24687.4,1629.29,52.1883,0.891994,1533.18,272796,341.645,28.9996,0.676512,311.969,80.9275,23.1887,0.0718272,57.667,422.572,0,0,0
1200,3,0,1026,1,1,1,4504.55,24856.1,1629.54,52.1883,0.766714,1533.56,272792,336.177,28.9996,0.551232,306.626,161.333,23.1887,0.0718272,138.073,497.51,0,0,0
1200,3,0,1027,1,1,2,4472.96,18857.6,1646.58,69.5741,1.0156,1533.5,272788,159.244,23.1957,0.693216,135.355,174.895,46.3784,0.178733,128.338,334.138,1,0,0
1200,3,0,1028,1,1,1,4319.5,18782.4,1623.61,46.3844,0.517824,1533.51,272798,156.952,23.1957,0.302342,133.454,79.5594,23.1887,0.0718272,56.2989,236.512,0,0,0
1200,3,0,1029,1,1,1,4335.94,30693.9,1635.04,57.9922,0.980525,1533.22,272794,455.814,34.8035,0.729965,419.88,47.2146,23.1887,0.106906,23.919,503.029,0,0,0
1200,3,0,1030,1,1,1,4399.08,18716.3,1623.52,46.3844,0.50112,1533.43,272800,84.9705,23.1957,0.267264,61.5076,159.41,23.1887,0.0902016,136.131,244.38,0,0,0
1200,3,0,1031,1,1,1,4333.27,18737.8,1623.61,46.3844,0.517824,1533.51,272798,155.075,23.1957,0.302342,131.577,80.8535,23.1887,0.0718272,57.593,235.929,0,0,0
1200,3,0,1032,1,1,1,4322.06,30657.3,1634.6,57.9922,0.980525,1532.78,272801,520.299,34.8035,0.765043,484.52,109.122,23.1887,0.0718272,85.8616,629.421,0,0,0
1200,3,0,1033,1,1,2,10434.1,24749.9,1646.44,69.5741,0.663149,1533.71,272792,88.2535,23.1957,0.267264,64.7905,348.704,46.3784,0.25223,302.073,436.957,1,0,0
1200,3,0,1034,1,1,1,4356.32,18682.2,1623.73,46.3844,0.482746,1533.66,272796,151.237,23.1957,0.267264,127.774,148.136,23.1887,0.0718272,124.876,299.374,0,0,0
1200,3,0,1035,1,1,1,4335.08,18647,1623.77,46.3844,0.482746,1533.71,272796,82.4077,23.1957,0.267264,58.9448,132.267,23.1887,0.0718272,109.006,214.675,0,0,0
1200,3,0,1036,1,1,1,4326.93,18654.3,1623.68,46.3844,0.482746,1533.61,272797,90.8885,23.1957,0.267264,67.4255,142.971,23.1887,0.0718272,119.711,233.86,0,0,0
1200,3,0,1037,1,1,1,4325.96,18818.3,1623.87,46.3844,0.482746,1533.8,272794,158.067,23.1957,0.267264,134.604,80.2435,23.1887,0.0718272,56.983,238.31,0,0,0
1200,3,0,1038,1,1,1,4335.74,18667,1624.06,46.3844,0.482746,1534,272790,138.358,23.1957,0.267264,114.895,149.47,23.1887,0.0718272,126.21,287.829,0,0,0
1200,3,0,1039,1,0,0,-1,-1,1601.13,23.1957,0.372499,1533.66,272799,-1,-1,-1,-1,-1,-1,-1,-1,-1,0,0,0
1200,3,0,1040,1,0,0,-1,-1,1601.13,23.1957,0.477734,1533.55,272798,-1,-1,-1,-1,-1,-1,-1,-1,-1,0,0,0
1200,3,0,1041,1,1,1,4316.94,30717.3,1635.34,57.9922,1.33632,1533.16,272788,491.346,34.8035,1.12084,455.116,63.9154,23.1887,0.0718272,40.6549,555.261,0,0,0
1200,3,0,1042,1,1,1,4343.85,18680.9,1623.85,46.3844,0.661478,1533.61,272794,155.377,23.1957,0.302342,131.879,78.3502,23.1887,0.0718272,55.0897,233.727,0,0,0
1200,3,0,1043,1,1,1,4369.1,18697.5,1623.78,46.3844,0.482746,1533.71,272796,144.381,23.1957,0.267264,120.918,149.55,23.1887,0.0718272,126.289,293.931,0,0,0
1200,3,0,1044,0,0,0,-1,-1,1601.37,23.206,0.676512,1533.58,272794,-1,-1,-1,-1,-1,-1,-1,-1,-1,0,0,0
1200,3,0,1045,1,1,2,10382.9,24717.9,1646.28,69.5741,0.893664,1533.31,272794,90.6905,23.1957,0.462701,67.0321,347.328,46.3784,0.143654,300.806,438.019,1,0,0
1200,3,0,1046,1,1,1,4363.1,18692.9,1623.72,46.3844,0.770054,1533.37,272796,144.249,23.1957,0.267264,120.786,148.344,23.1887,0.0718272,125.083,292.593,0,0,0
1200,3,0,1047,1,1,1,4323.08,18743.1,1623.3,46.3844,0.873619,1532.84,272803,148.719,23.1957,0.658138,124.865,71.4974,23.1887,0.0718272,48.2369,220.216,0,0,0
1200,3,0,1048,1,1,1,4375.44,18899.5,1623.77,46.3844,0.482746,1533.7,272796,162.238,23.1957,0.267264,138.775,148.429,23.1887,0.0718272,125.168,310.666,0,0,0
1200,3,0,1049,1,0,0,-1,-1,1600.97,23.1957,0.267264,1533.61,272802,-1,-1,-1,-1,-1,-1,-1,-1,-1,0,0,0
1200,3,0,1050,1,1,1,4335.53,18695.8,1623.52,46.3844,0.482746,1533.45,272800,157.809,23.1957,0.267264,134.346,78.9314,23.1887,0.0718272,55.6709,236.74,0,0,0
1200,3,0,1051,1,1,1,4321.22,18673.3,1623.57,46.3844,0.552902,1533.43,272799,155.18,23.1957,0.302342,131.682,79.7317,23.1887,0.106906,56.4361,234.912,0,0,0
1200,3,0,1052,1,1,1,4384.89,18705.3,1623.81,46.3844,0.517824,1533.71,272795,86.6274,23.1957,0.267264,63.1644,159.836,23.1887,0.106906,136.54,246.463,0,0,0
1200,3,0,1053,1,1,1,4319.3,18663.2,1623.95,46.3844,0.482746,1533.89,272792,156.37,23.1957,0.267264,132.907,132.359,23.1887,0.0718272,109.098,288.729,0,0,0
1200,3,0,1054,1,0,0,-1,-1,1601.33,23.1957,0.267264,1533.97,272796,-1,-1,-1,-1,-1,-1,-1,-1,-1,0,0,0
1200,3,0,1055,1,1,1,4324.13,18703,1623.73,46.3844,0.482746,1533.66,272796,157.051,23.1957,0.267264,133.588,81.6674,23.1887,0.0718272,58.4069,238.718,0,0,0
1200,3,0,1056,1,1,1,4360.39,24730.5,1628.96,52.1883,1.05402,1532.69,272802,341.998,28.9996,0.481075,312.517,154.258,23.1887,0.141984,130.927,496.256,0,0,0
1200,3,0,1057,1,1,1,4320.09,24642.9,1629.18,52.1883,0.606355,1533.36,272799,287.305,28.9996,0.390874,257.854,56.4652,23.1887,0.0718272,33.2047,343.77,0,0,0
1200,3,0,1058,1,1,1,4387.15,18703.9,1623.52,46.3844,0.482746,1533.45,272800,86.2267,23.1957,0.267264,62.7637,157.844,23.1887,0.0718272,134.584,244.071,0,0,0
1200,3,0,1059,1,1,1,4336.5,18754.2,1623.59,46.3844,0.6264,1533.38,272799,156.681,23.1957,0.267264,133.218,151.266,23.1887,0.0718272,128.005,307.947,0,0,0
1200,3,0,1060,1,1,1,4317.74,24632.9,1629.43,52.1883,0.766714,1533.45,272794,281.212,28.9996,0.551232,251.584,53.7688,23.1887,0.0718272,30.5083,334.981,0,0,0
1200,3,0,1061,1,1,1,4323.53,18797.9,1623.94,46.3844,0.552902,1533.8,272792,157.742,23.1957,0.337421,134.209,80.5828,23.1887,0.0718272,57.3223,238.324,0,0,0
1200,3,0,1062,1,1,1,4324.36,24731.5,1629.17,52.1883,0.696557,1533.26,272799,331.095,28.9996,0.481075,301.615,146.814,23.1887,0.0718272,123.553,477.909,0,0,0
1200,3,0,1063,1,0,0,-1,-1,1601.18,23.1957,0.462701,1533.63,272798,-1,-1,-1,-1,-1,-1,-1,-1,-1,0,0,0
1200,3,0,1064,1,0,0,-1,-1,1606.93,28.9996,0.390874,1533.82,272795,-1,-1,-1,-1,-1,-1,-1,-1,-1,0,0,0
1200,3,0,1065,1,1,1,4322.09,18679.5,1623.46,46.3844,0.482746,1533.39,272801,149.27,23.1957,0.267264,125.807,104.953,23.1887,0.0718272,81.6925,254.223,0,0,0
1200,3,0,1066,1,0,0,-1,-1,1606.73,28.9996,0.551232,1533.45,272799,-1,-1,-1,-1,-1,-1,-1,-1,-1,0,0,0
1200,3,0,1067,1,1,1,4323.46,18638.3,1623.44,46.3844,0.482746,1533.37,272802,83.1549,23.1957,0.267264,59.692,131.906,23.1887,0.0718272,108.645,215.061,0,0,0
1200,3,0,1068,1,1,1,4353.34,18668.5,1623.4,46.3844,0.482746,1533.33,272802,90.1377,23.1957,0.267264,66.6747,153.145,23.1887,0.0718272,129.884,243.282,0,0,0
1200,3,0,1069,1,1,1,4319.75,18766.5,1623.24,46.3844,0.482746,1533.18,272805,144.966,23.1957,0.267264,121.503,69.8803,23.1887,0.0718272,46.6198,214.846,0,0,0
1200,3,0,1070,1,1,1,4337.6,18685.9,1624.03,46.3844,1.35636,1533.09,272789,86.5982,23.1957,0.853574,62.549,156.552,23.1887,0.0718272,133.292,243.15,0,0,0
1200,3,0,1071,1,1,1,4320.25,24651.2,1629.26,52.1883,0.50112,1533.55,272798,333.668,28.9996,0.285638,304.383,71.2989,23.1887,0.0718272,48.0384,404.967,0,0,0
1200,3,0,1072,1,1,1,4439.59,18812.5,1623.5,46.3844,0.482746,1533.44,272800,140.508,23.1957,0.267264,117.045,149.896,23.1887,0.0718272,126.636,290.404,0,0,0
1200,3,0,1073,1,1,1,4333.86,18723.4,1623.99,46.3844,0.482746,1533.92,272792,132.439,23.1957,0.267264,108.976,66.5883,23.1887,0.0718272,43.3278,199.027,0,0,0
1200,3,0,1074,1,1,1,4343.35,18731.5,1623.53,46.3844,0.891994,1533.06,272799,158.714,23.1957,0.497779,135.021,130.804,23.1887,0.106906,107.508,289.518,0,0,0
1200,3,0,1075,1,1,1,4354.4,18666.7,1623.14,46.3844,0.482746,1533.07,272807,90.8127,23.1957,0.267264,67.3497,153.053,23.1887,0.0718272,129.792,243.865,0,0,0
1200,3,0,1076,1,1,1,4460.88,18851.5,1623.74,46.3844,0.482746,1533.67,272796,157.543,23.1957,0.267264,134.08,137.959,23.1887,0.0718272,114.699,295.503,0,0,0
1200,3,0,1077,1,1,1,4319.34,18727.8,1623.3,46.3844,0.552902,1533.17,272803,160.539,23.1957,0.337421,137.006,81.9508,23.1887,0.0718272,58.6903,242.49,0,0,0
1200,3,0,1078,1,1,1,4316.3,18717.3,1623.71,46.3844,0.482746,1533.65,272797,160.575,23.1957,0.267264,137.112,146.711,23.1887,0.0718272,123.45,307.286,0,0,0
1200,3,0,1079,1,1,1,4375.41,18769.2,1623.82,46.3844,0.517824,1533.72,272794,155.438,23.1957,0.302342,131.94,156.814,23.1887,0.0718272,133.553,312.252,0,0,0
1200,3,0,1080,1,1,1,4323.44,24705.9,1629.13,52.1883,0.766714,1533.15,272799,336.051,28.9996,0.551232,306.5,117.444,23.1887,0.0718272,94.1835,453.495,0,0,0
1200,3,0,1081,1,1,1,4328.87,18784.7,1623.34,46.3844,0.482746,1533.27,272803,154.011,23.1957,0.267264,130.548,153.941,23.1887,0.0718272,130.68,307.952,0,0,0
1200,3,0,1082,1,1,1,4337.67,18682,1623.32,46.3844,0.517824,1533.22,272803,156.943,23.1957,0.302342,133.445,80.8571,23.1887,0.0718272,57.5966,237.8,0,0,0
1200,3,0,1083,1,1,1,4367.79,18720.7,1623.06,46.3844,0.536198,1532.94,272808,155.501,23.1957,0.302342,132.003,120.991,23.1887,0.0902016,97.7119,276.492,0,0,0
1200,3,0,1084,1,1,1,4317.9,24657.8,1629.27,52.1883,0.696557,1533.36,272797,284.054,28.9996,0.481075,254.5,55.6422,23.1887,0.0718272,32.3817,339.696,0,0,0
1200,3,0,1085,1,1,2,4368.68,24803.4,1651.44,75.3781,1.37307,1532.37,272800,349.911,28.9996,0.942106,319.969,177.911,46.3784,0.287309,131.245,527.822,1,0,0
1200,3,0,1086,1,1,1,4315.66,18675.4,1623.6,46.3844,0.482746,1533.53,272799,118.623,23.1957,0.267264,95.1599,59.9106,23.1887,0.0718272,36.6501,178.533,0,0,0
1200,3,0,1087,1,1,1,4325.58,18825.6,1623.6,46.3844,0.908698,1533.11,272797,152.748,23.1957,0.693216,128.859,156.469,23.1887,0.0718272,133.209,309.217,0,0,0
1200,3,0,1088,1,1,1,4329.72,18743.3,1623.68,46.3844,0.6264,1533.47,272797,159.967,23.1957,0.267264,136.504,80.1171,23.1887,0.0718272,56.8566,240.084,0,0,0
1200,3,0,1089,1,1,2,10439,24754.4,1646.37,69.5849,0.608026,1533.68,272793,91.4021,23.2065,0.320717,67.8749,349.263,46.3784,0.143654,302.741,440.665,1,0,0
1200,3,0,1090,1,1,1,4334.5,18724,1623.76,46.3844,0.482746,1533.69,272796,160.063,23.1957,0.267264,136.6,146.617,23.1887,0.0718272,123.356,306.68,0,0,0
1200,3,0,1091,1,0,0,-1,-1,1600.69,23.1957,0.302342,1533.29,272807,-1,-1,-1,-1,-1,-1,-1,-1,-1,0,0,0
1200,3,0,1092,1,1,1,4420.54,18747,1623.68,46.3844,0.661478,1533.44,272797,149.71,23.1957,0.302342,126.211,153.923,23.1887,0.0718272,130.662,303.632,0,0,0
1200,3,0,1093,1,1,2,10380.7,24774,1646.02,69.5741,0.519494,1533.43,272799,157.39,23.1957,0.267264,133.927,354.113,46.3784,0.108576,307.626,511.503,1,0,0
1200,3,0,1094,1,1,1,4335.47,18647.1,1623.8,46.3844,0.661478,1533.55,272795,90.9878,23.1957,0.267264,67.5248,152.157,23.1887,0.106906,128.861,243.144,0,0,0
1200,3,0,1095,1,1,1,4407.08,18773.8,1623.46,46.3844,0.856915,1533.02,272800,109.937,23.1957,0.462701,86.2785,155.104,23.1887,0.106906,131.808,265.041,0,0,0
1200,3,0,1096,1,1,1,4324.87,18726.5,1623.71,46.3844,0.482746,1533.64,272797,157.973,23.1957,0.267264,134.51,81.1585,23.1887,0.0718272,57.898,239.131,0,0,0
1200,3,0,1097,1,1,1,4317.9,24654.3,1629.38,52.1883,0.731635,1533.44,272795,230.944,28.9996,0.516154,201.201,35.3509,23.1887,0.0718272,12.0904,266.295,0,0,0
1200,3,0,1098,1,1,1,4332.05,18680.8,1623.84,46.3844,0.943776,1533.31,272793,152.161,23.1957,0.693216,128.273,97.1895,23.1887,0.106906,73.8939,249.351,0,0,0
1200,3,0,1099,1,1,1,4332.4,18677.5,1623.83,46.3844,0.927072,1533.32,272793,137.097,23.1957,0.693216,113.208,149.815,23.1887,0.0902016,126.536,286.912,0,0,0
1200,3,0,1100,1,0,0,-1,-1,1601.13,23.1957,0.302342,1533.73,272799,-1,-1,-1,-1,-1,-1,-1,-1,-1,0,0,0
1200,3,0,1101,1,1,1,4343.27,18690.1,1623.53,46.3844,0.552902,1533.39,272799,149.802,23.1957,0.337421,126.269,147.618,23.1887,0.0718272,124.358,297.421,0,0,0
1200,3,0,1102,1,1,2,4349.51,18671.3,1646,69.5741,0.841882,1533.09,272799,142.087,23.1957,0.267264,118.624,173.056,46.3784,0.287309,126.39,315.143,1,0,0
1200,3,0,1103,1,1,2,10396.9,24767.3,1645.68,69.5741,0.893664,1532.72,272804,86.9383,23.1957,0.462701,63.2799,361.026,46.3784,0.287309,314.36,447.964,1,0,0
1200,3,0,1104,1,1,1,4386.52,18840.4,1624,46.3844,0.873619,1533.54,272791,158.144,23.1957,0.658138,134.29,154.262,23.1887,0.0718272,131.001,312.406,0,0,0
1200,3,0,1105,1,1,1,4319.81,18808.5,1623.79,46.3844,0.482746,1533.72,272795,156.765,23.1957,0.267264,133.303,80.0558,23.1887,0.0718272,56.7953,236.821,0,0,0
1200,3,0,1106,1,1,1,4317.58,18715,1623.4,46.3844,0.678182,1533.14,272802,148.986,23.1957,0.462701,125.327,104.518,23.1887,0.0718272,81.2575,253.504,0,0,0
1200,3,0,1107,1,1,1,4424.29,24790.8,1628.7,52.1883,1.24612,1532.24,272805,336.418,28.9996,0.816826,306.601,158.008,23.1887,0.141984,134.678,494.426,0,0,0
1200,3,0,1108,1,1,1,4337.19,24818,1629.33,52.1883,0.641434,1533.47,272796,348.347,28.9996,0.390874,318.957,154.2,23.1887,0.106906,130.904,502.547,0,0,0
1200,3,0,1109,1,1,1,4379.49,18723.4,1623.58,46.3844,0.552902,1533.45,272799,121.127,23.1957,0.302342,97.6289,157.439,23.1887,0.106906,134.144,278.566,0,0,0
1200,3,0,1110,1,1,1,4355.86,18670.7,1623.3,46.3844,0.482746,1533.24,272804,143.107,23.1957,0.267264,119.644,147.174,23.1887,0.0718272,123.914,290.281,0,0,0
1200,3,0,1111,1,1,1,4317.9,24672.4,1629.61,52.1883,1.58354,1532.81,272789,297.971,28.9996,1.36806,267.569,58.566,23.1887,0.0718272,35.3055,356.537,0,0,0
1200,3,0,1112,1,1,1,4344.17,30770.6,1634.71,57.9922,1.19434,1532.68,272798,518.795,34.8035,0.8352,482.927,79.471,23.1887,0.0718272,56.2105,598.266,0,0,0
1200,3,0,1113,1,1,1,4328.2,18651.9,1623.74,46.3844,0.482746,1533.67,272796,85.8766,23.1957,0.267264,62.4136,156.289,23.1887,0.0718272,133.028,242.165,0,0,0
1200,3,0,1114,1,1,1,4318.86,18671.9,1623.85,46.3844,0.678182,1533.59,272794,150.615,23.1957,0.462701,126.957,98.499,23.1887,0.0718272,75.2385,249.114,0,0,0
1200,3,0,1115,1,1,1,4328.14,24713,1629.53,52.1883,1.15759,1533.17,272791,234.414,28.9996,0.942106,204.247,149.438,23.1887,0.0718272,126.177,383.852,0,0,0
1200,3,0,1116,1,1,1,4362.17,18680.9,1623.66,46.3844,0.482746,1533.59,272798,85.5355,23.1957,0.267264,62.0725,160.866,23.1887,0.0718272,137.605,246.401,0,0,0
1200,3,0,1117,1,1,1,4318.96,18665.8,1623.27,46.3952,0.50112,1533.18,272805,90.7209,23.2065,0.285638,67.2288,152.668,23.1887,0.0718272,129.408,243.389,0,0,0
1200,3,0,1118,1,1,1,4319.5,24738.6,1629.06,52.1883,0.891994,1532.95,272801,312.001,28.9996,0.676512,282.319,65.0362,23.1887,0.0718272,41.7757,377.037,0,0,0
1200,3,0,1119,1,1,1,4330.86,24734.4,1628.83,52.1883,0.606355,1533.01,272805,340.477,28.9996,0.390874,311.086,132.741,23.1887,0.0718272,109.481,473.218,0,0,0
1200,3,0,1120,1,1,1,4317.9,18707,1623.24,46.3844,0.482746,1533.17,272805,157.466,23.1957,0.267264,134.003,81.0412,23.1887,0.0718272,57.7807,238.507,0,0,0
1200,3,0,1121,1,1,1,4381.94,24704.4,1629.08,52.1883,0.606355,1533.26,272800,190.746,28.9996,0.390874,161.013,153.011,23.1887,0.0718272,129.751,343.757,0,0,0
1200,3,0,1122,1,1,1,4350.48,18679.4,1623.84,46.3844,0.661478,1533.59,272794,89.876,23.1957,0.267264,66.413,151.622,23.1887,0.106906,128.327,241.498,0,0,0
1200,3,0,1123,1,1,1,4318.89,18906.5,1623.28,46.3844,0.50112,1533.2,272804,152.497,23.1957,0.267264,129.034,105.641,23.1887,0.0902016,82.362,258.138,0,0,0
1200,3,0,1124,0,0,0,-1,-1,1601.38,23.206,0.71159,1533.57,272794,-1,-1,-1,-1,-1,-1,-1,-1,-1,0,0,0
1200,3,0,1125,1,1,1,4315.98,18718.7,1623.89,46.3844,0.678182,1533.63,272793,149.897,23.1957,0.462701,126.239,105.491,23.1887,0.0718272,82.2303,255.388,0,0,0
1200,3,0,1126,1,1,2,10374.7,24698.5,1645.73,69.5741,0.519494,1533.13,272805,119.04,23.1957,0.267264,95.5768,357.129,46.3784,0.108576,310.642,476.169,1,0,0
1200,3,0,1127,1,1,1,4402.68,18717.5,1623.57,46.3844,0.517824,1533.47,272799,87.0912,23.1957,0.267264,63.6282,158.195,23.1887,0.106906,134.9,245.287,0,0,0
1200,3,0,1128,1,1,1,4369.18,18681.7,1623.25,46.3844,0.770054,1532.9,272804,84.467,23.1957,0.267264,61.004,159.267,23.1887,0.0718272,136.006,243.734,0,0,0
1200,3,0,1129,1,1,1,4328.55,36732.4,1640.86,63.7961,1.10413,1533.29,272789,696.258,40.6075,0.888653,654.227,70.3766,23.1887,0.0718272,47.1161,766.634,0,0,0
1200,3,0,1130,1,1,1,4320.26,24675.3,1629.68,52.1883,0.696557,1533.77,272790,332.099,28.9996,0.481075,302.618,111.504,23.1887,0.0718272,88.2439,443.603,0,0,0
1200,3,0,1131,1,1,1,4343.78,18746.8,1623.31,46.3844,0.805133,1532.92,272803,162.269,23.1957,0.302342,138.771,146.768,23.1887,0.0718272,123.508,309.038,0,0,0
1200,3,0,1132,1,1,1,4391.26,18768.6,1623.58,46.3952,0.641434,1533.34,272798,154.267,23.2065,0.390874,130.669,155.616,23.1887,0.106906,132.321,309.883,0,0,0
1200,3,0,1133,1,1,1,4349.01,18671.6,1623.88,46.3844,0.552902,1533.74,272793,91.688,23.1957,0.267264,68.225,154.186,23.1887,0.141984,130.855,245.874,0,0,0
1200,3,0,1134,1,1,1,4328.66,24800.3,1628.67,52.1883,0.676512,1532.78,272807,349.009,28.9996,0.425952,319.583,153.241,23.1887,0.106906,129.946,502.25,0,0,0
1200,3,0,1135,1,1,1,4326.79,18664.3,1623.3,46.3844,0.482746,1533.23,272804,148.037,23.1957,0.267264,124.575,105.466,23.1887,0.0718272,82.205,253.503,0,0,0
1200,3,0,1136,1,1,2,4366.22,18741.5,1646.41,69.5741,1.23276,1533.11,272791,157.516,23.1957,0.658138,133.662,177.335,46.3784,0.287309,130.669,334.851,1,0,0
1200,3,0,1137,1,1,1,4358.71,18760.4,1623.39,46.3844,0.552902,1533.25,272802,154.8,23.1957,0.267264,131.337,156.586,23.1887,0.141984,133.256,311.386,0,0,0
1200,3,0,1138,1,0,0,-1,-1,1601.24,23.1957,0.302342,1533.85,272797,-1,-1,-1,-1,-1,-1,-1,-1,-1,0,0,0
1200,3,0,1139,1,1,1,4378.49,18698.1,1623.73,46.3844,0.482746,1533.66,272796,86.1581,23.1957,0.267264,62.6951,158.135,23.1887,0.0718272,134.875,244.293,0,0,0
1200,3,0,1140,1,1,1,4404.97,18739.3,1623.24,46.3844,0.517824,1533.13,272805,152.099,23.1957,0.302342,128.601,145.157,23.1887,0.0718272,121.896,297.256,0,0,0
1200,3,0,1141,1,1,1,4338.76,18869.3,1623.94,46.3844,0.748339,1533.61,272792,164.227,23.1957,0.462701,140.569,146.265,23.1887,0.141984,122.934,310.492,0,0,0
1200,3,0,1142,1,1,1,4316.3,18645.8,1623.58,46.3844,0.482746,1533.51,272799,141.791,23.1957,0.267264,118.328,149.109,23.1887,0.0718272,125.849,290.9,0,0,0
1200,3,0,1143,1,0,0,-1,-1,1601.39,23.1957,0.267264,1534.02,272795,-1,-1,-1,-1,-1,-1,-1,-1,-1,0,0,0
1200,3,0,1144,1,1,1,4340.75,18782.3,1623.16,46.3844,0.517824,1533.06,272806,156.028,23.1957,0.302342,132.53,89.1429,23.1887,0.0718272,65.8824,245.171,0,0,0
1200,3,0,1145,1,1,1,4315.66,18694.2,1623.28,46.3844,0.482746,1533.22,272804,155.298,23.1957,0.267264,131.835,75.3109,23.1887,0.0718272,52.0504,230.609,0,0,0
1200,3,0,1146,1,0,0,-1,-1,1601.12,23.1957,0.302342,1533.72,272799,-1,-1,-1,-1,-1,-1,-1,-1,-1,0,0,0
1200,3,0,1147,1,1,1,4431.59,18762.5,1624.14,46.3844,0.517824,1534.04,272789,108.503,23.1957,0.267264,85.0404,156.943,23.1887,0.106906,133.647,265.446,0,0,0
1200,3,0,1148,1,1,1,4392.42,18712.9,1623.74,46.3844,0.805133,1533.35,272795,89.1631,23.1957,0.267264,65.7001,154.916,23.1887,0.106906,131.62,244.079,0,0,0
1200,3,0,1149,1,1,1,4384.82,18911.2,1623.5,46.3844,0.856915,1533.06,272799,156.344,23.1957,0.462701,132.685,115.552,23.1887,0.106906,92.256,271.895,0,0,0
1200,3,0,1150,1,1,1,4314.12,18680,1623.18,46.3844,0.482746,1533.11,272806,134.131,23.1957,0.267264,110.669,66.2328,23.1887,0.0718272,42.9723,200.364,0,0,0
1200,3,0,1151,1,1,1,4321.2,18749.7,1623.46,46.3844,0.678182,1533.2,272801,159.421,23.1957,0.462701,135.762,81.967,23.1887,0.0718272,58.7065,241.388,0,0,0
1200,3,0,1152,1,1,1,4343.83,18659.6,1623.2,46.3844,0.482746,1533.14,272806,155.897,23.1957,0.267264,132.434,155.754,23.1887,0.0718272,132.494,311.652,0,0,0
1200,3,0,1153,1,1,1,4319.18,18647.2,1623.38,46.3844,0.482746,1533.31,272803,153.004,23.1957,0.267264,129.541,79.6876,23.1887,0.0718272,56.4271,232.692,0,0,0
1200,3,0,1154,1,1,1,4327.69,30675.3,1634.92,57.9922,0.855245,1533.22,272796,452.017,34.8035,0.639763,416.163,46.2753,23.1887,0.0718272,23.0148,498.293,0,0,0
1200,3,0,1155,1,1,1,4410.92,18749.3,1623.62,46.3844,0.482746,1533.55,272798,88.8978,23.1957,0.267264,65.4348,156.689,23.1887,0.0718272,133.429,245.587,0,0,0
1200,3,0,1156,1,1,1,4340.81,24807.2,1629.87,52.1883,1.15759,1533.51,272785,338.481,28.9996,0.907027,308.574,88.7088,23.1887,0.106906,65.4132,427.189,0,0,0
1200,3,0,1157,1,1,1,4337.74,18679.1,1623.48,46.3844,0.517824,1533.38,272801,91.7746,23.1957,0.267264,68.3117,137.422,23.1887,0.106906,114.127,229.197,0,0,0
1200,3,0,1158,1,1,1,4317.58,36636,1640.67,63.7961,1.03398,1533.17,272793,637.7,40.6075,0.818496,595.584,49.3886,23.1887,0.0718272,26.1281,687.089,0,0,0
1200,3,0,1159,1,1,1,4385.91,24837.3,1629.35,52.1883,0.571277,1533.57,272796,332.894,28.9996,0.355795,303.538,147.871,23.1887,0.0718272,124.611,480.765,0,0,0
1200,3,0,1160,1,1,1,4327.8,18645.9,1623.56,46.3844,0.482746,1533.49,272799,85.5932,23.1957,0.267264,62.1302,160.411,23.1887,0.0718272,137.15,246.004,0,0,0
1200,3,0,1161,1,1,1,4316.62,18836.5,1623.67,46.3952,0.571277,1533.5,272797,153.246,23.2065,0.355795,129.684,71.8475,23.1887,0.0718272,48.587,225.094,0,0,0
1200,3,0,1162,1,1,2,10407.2,24736.9,1646.23,69.5741,0.519494,1533.64,272796,153.405,23.1957,0.267264,129.942,349.65,46.3784,0.108576,303.163,503.055,1,0,0
1200,3,0,1163,1,1,1,4426.72,18745.6,1623.79,46.3844,0.913709,1533.3,272794,87.2211,23.1957,0.267264,63.7582,158.958,23.1887,0.0718272,135.697,246.179,0,0,0
1200,3,0,1164,1,1,1,4315.66,24649.9,1629.49,52.1883,0.731635,1533.55,272793,258.282,28.9996,0.516154,228.619,43.5013,23.1887,0.0718272,20.2408,301.784,0,0,0
1200,3,0,1165,1,1,1,4356.39,18867.3,1623.77,46.3844,1.16093,1533.02,272794,163.802,23.1957,0.658138,139.948,147.196,23.1887,0.0718272,123.936,310.998,0,0,0
1200,3,0,1166,1,1,1,4366.6,18686.5,1623.79,46.3844,0.6264,1533.59,272795,85.8748,23.1957,0.267264,62.4118,159.517,23.1887,0.0718272,136.257,245.392,0,0,0
1200,3,0,1167,1,1,1,4330.96,18645.8,1623.47,46.3844,0.6264,1533.26,272801,78.5274,23.1957,0.267264,55.0644,126.067,23.1887,0.0718272,102.807,204.595,0,0,0
1200,3,0,1168,1,1,1,4348.81,18831,1623.78,46.3952,0.50112,1533.68,272796,161.697,23.2065,0.285638,138.204,149.912,23.1887,0.0718272,126.652,311.609,0,0,0
1200,3,0,1169,1,1,1,4320.07,18659.1,1623.5,46.3844,0.482746,1533.43,272801,91.5238,23.1957,0.267264,68.0608,137.149,23.1887,0.0718272,113.888,228.673,0,0,0
1200,3,0,1170,1,1,1,4326.79,24877.1,1628.86,52.1883,0.891994,1532.75,272804,334.913,28.9996,0.676512,305.237,105.749,23.1887,0.0718272,82.4884,440.662,0,0,0
1200,3,0,1171,1,1,1,4322.63,18711.9,1623.22,46.3844,0.713261,1532.92,272805,156.83,23.1957,0.497779,133.136,78.8862,23.1887,0.0718272,55.6257,235.716,0,0,0
1200,3,0,1172,1,1,1,4326.86,18649,1623.7,46.3844,0.482746,1533.63,272797,88.6162,23.1957,0.267264,65.1533,138.806,23.1887,0.0718272,115.545,227.422,0,0,0
1200,3,0,1173,1,1,1,4380.24,18716.4,1623.14,46.3844,0.482746,1533.07,272807,125.811,23.1957,0.267264,102.348,153.637,23.1887,0.0718272,130.377,279.449,0,0,0
1200,3,0,1174,1,1,2,10406.2,24746.3,1646.52,69.5741,1.38142,1533.07,272788,142.387,23.1957,0.267264,118.924,349.588,46.3784,0.683194,302.526,491.974,1,0,0
1200,3,0,1175,1,1,1,4341.36,18710.2,1623.28,46.3844,0.482746,1533.22,272804,139.3,23.1957,0.267264,115.837,148.947,23.1887,0.0718272,125.686,288.247,0,0,0
1200,3,0,1176,1,1,1,4317.9,18781.7,1623.87,46.3844,0.482746,1533.8,272794,141.428,23.1957,0.267264,117.965,67.8228,23.1887,0.0718272,44.5623,209.251,0,0,0
1200,3,0,1177,1,1,1,4324.23,18639.4,1623.69,46.3844,0.482746,1533.62,272797,83.9617,23.1957,0.267264,60.4987,157.243,23.1887,0.0718272,133.983,241.205,0,0,0
1200,3,0,1178,1,0,0,-1,-1,1600.51,23.1957,0.302342,1533.11,272810,-1,-1,-1,-1,-1,-1,-1,-1,-1,0,0,0
1200,3,0,1179,1,1,1,4327.44,18665.5,1623.24,46.3844,0.517824,1533.14,272805,150.089,23.1957,0.302342,126.59,156.365,23.1887,0.0718272,133.104,306.453,0,0,0
1200,3,0,1180,1,1,1,4430.43,18833,1623.18,46.3844,0.517824,1533.07,272806,153.558,23.1957,0.267264,130.095,153.833,23.1887,0.106906,130.538,307.392,0,0,0
1200,3,0,1181,1,1,1,4389.96,18736,1623.39,46.3844,0.821837,1532.98,272802,109.583,23.1957,0.462701,85.9247,154.442,23.1887,0.0718272,131.182,264.026,0,0,0
1200,3,0,1182,1,1,1,4334.65,18828.2,1623.62,46.3844,0.482746,1533.55,272798,155.903,23.1957,0.267264,132.44,115.184,23.1887,0.0718272,91.9239,271.087,0,0,0
1200,3,0,1183,1,1,1,4441.77,18869.7,1623.28,46.3844,0.482746,1533.22,272804,150.497,23.1957,0.267264,127.034,159.276,23.1887,0.0718272,136.015,309.773,0,0,0
1200,3,0,1184,1,1,1,4320.01,18744.7,1624.12,46.3844,0.678182,1533.86,272789,160.569,23.1957,0.462701,136.91,150.304,23.1887,0.0718272,127.043,310.873,0,0,0
1200,3,0,1185,1,1,1,4358.45,18730.8,1623.26,46.3844,0.482746,1533.19,272805,150.313,23.1957,0.267264,126.85,152.472,23.1887,0.0718272,129.211,302.785,0,0,0
1200,3,0,1186,1,1,2,10328.8,24677,1646.01,69.5741,0.589651,1533.35,272799,144.827,23.1957,0.337421,121.293,344.947,46.3784,0.108576,298.46,489.773,1,0,0
1200,3,0,1187,1,1,1,4329.42,18720,1623.73,46.3844,0.482746,1533.66,272796,121.803,23.1957,0.267264,98.3399,63.679,23.1887,0.0718272,40.4185,185.482,0,0,0
1200,3,0,1188,1,0,0,-1,-1,1601.21,23.1957,0.462701,1533.65,272798,-1,-1,-1,-1,-1,-1,-1,-1,-1,0,0,0
1200,3,0,1189,1,1,1,4353.28,24861.9,1629.41,52.1883,1.03565,1533.17,272794,338.737,28.9996,0.676512,309.061,116.204,23.1887,0.0718272,92.9436,454.941,0,0,0
1200,3,0,1190,1,1,1,4317.58,18785.2,1623.15,46.3844,0.552902,1533.01,272806,139.851,23.1957,0.337421,116.318,67.4113,23.1887,0.0718272,44.1508,207.262,0,0,0
1200,3,0,1191,1,1,1,4354.71,18688,1623.91,46.3844,0.482746,1533.85,272793,94.7327,23.1957,0.267264,71.2697,151.921,23.1887,0.0718272,128.661,246.654,0,0,0
1200,3,0,1192,1,1,1,4316.3,18732.6,1623.4,46.3844,0.482746,1533.34,272802,157.39,23.1957,0.267264,133.927,79.48,23.1887,0.0718272,56.2195,236.87,0,0,0
1200,3,0,1193,1,1,1,4320.9,18681,1623.79,46.3844,0.482746,1533.72,272795,120.18,23.1957,0.267264,96.7174,62.6809,23.1887,0.0718272,39.4204,182.861,0,0,0
1200,3,0,1194,1,1,1,4318.09,18646.8,1623.32,46.3844,0.678182,1533.05,272803,80.3869,23.1957,0.462701,56.7285,128.26,23.1887,0.0718272,105,208.647,0,0,0
1200,3,0,1195,1,1,1,4385.51,18848.7,1623.4,46.3844,0.482746,1533.33,272802,154.21,23.1957,0.267264,130.747,155.116,23.1887,0.0718272,131.855,309.325,0,0,0
1200,3,0,1196,1,1,1,4455.84,18869,1623.52,46.3844,0.696557,1533.24,272799,141.789,23.1957,0.267264,118.326,149.721,23.1887,0.141984,126.39,291.51,0,0,0
1200,3,0,1197,1,1,1,4375.87,18697.3,1623.65,46.3844,0.482746,1533.59,272798,148.362,23.1957,0.267264,124.899,158.413,23.1887,0.0718272,135.152,306.775,0,0,0
1200,3,0,1198,1,1,1,4321.93,18680.1,1623.68,46.3844,0.713261,1533.39,272797,149.372,23.1957,0.462701,125.713,155.033,23.1887,0.106906,131.738,304.405,0,0,0
1200,3,0,1199,1,1,1,4401.89,18767.3,1623.91,46.3844,0.818496,1533.51,272792,155.227,23.1957,0.497779,131.534,154.136,23.1887,0.177062,130.77,309.363,0,0,0
1200,3,0,1200,1,1,2,10389.5,30747,1651.77,75.3781,0.768384,1533.3,272796,337.582,28.9996,0.481075,308.101,353.38,46.3784,0.143654,306.858,690.961,1,0,0
