N,seed,dutyCycle,devId,registered,authSuccess,attempts,latencyMs,e2eMs,fullEnergyMJ,fullCpuEnergyMJ,fullTxEnergyMJ,fullRxEnergyMJ,idleListeningMs,regEnergyMJ,regCpuEnergyMJ,regTxEnergyMJ,regRxEnergyMJ,authEnergyMJ,authCpuEnergyMJ,authTxEnergyMJ,authRxEnergyMJ,sessionEnergyMJ,fallbackUsed,replayRejected,desync
1200,4,0,1,1,1,1,4328.64,18643.4,1602.93,46.3844,0.482746,1512.81,273166,139.602,23.1957,0.267264,116.139,69.2306,23.1887,0.0718272,45.9701,208.832,0,0,0
1200,4,0,2,1,0,0,-1,-1,1580.4,23.1957,0.267264,1512.98,273168,-1,-1,-1,-1,-1,-1,-1,-1,-1,0,0,0
1200,4,0,3,1,1,1,4356.17,18781.4,1602.66,46.3952,0.554573,1512.45,273170,157.617,23.2065,0.320717,134.089,104.766,23.1887,0.0902016,81.4867,262.382,0,0,0
1200,4,0,4,1,1,1,4366.89,18707.6,1602.78,46.3844,0.6264,1512.51,273168,108.271,23.1957,0.267264,84.8076,154.885,23.1887,0.0718272,131.624,263.155,0,0,0
1200,4,0,5,1,1,2,10440.3,24766.1,1625.14,69.5741,0.554573,1512.45,273171,80.1958,23.1957,0.302342,56.6978,338.774,46.3784,0.108576,292.287,418.97,1,0,0
1200,4,0,6,0,0,0,-1,-1,1592.33,34.8138,1.40481,1512.51,273152,-1,-1,-1,-1,-1,-1,-1,-1,-1,0,0,0
1200,4,0,7,1,0,0,-1,-1,1580.08,23.1957,0.407578,1512.51,273173,-1,-1,-1,-1,-1,-1,-1,-1,-1,0,0,0
1200,4,0,8,1,1,1,4341.77,18723.6,1602.63,46.3844,0.517824,1512.46,273171,154.637,23.1957,0.302342,131.139,149.643,23.1887,0.0718272,126.383,304.28,0,0,0
1200,4,0,9,1,1,1,4331.55,18698.6,1602.71,46.3844,0.482746,1512.59,273170,154.62,23.1957,0.267264,131.157,154.051,23.1887,0.0718272,130.79,308.67,0,0,0
1200,4,0,10,1,1,1,4334.2,18672.6,1603.17,46.3844,0.482746,1513.05,273162,156.206,23.1957,0.267264,132.743,100.073,23.1887,0.0718272,76.8123,256.279,0,0,0
1200,4,0,11,1,1,1,4338.46,24659.2,1608.13,52.1883,0.766714,1512.09,273173,165.607,28.9996,0.551232,135.642,147.178,23.1887,0.0718272,123.918,312.785,0,0,0
1200,4,0,12,1,1,2,10358,24677.1,1625.33,69.5741,0.589651,1512.61,273167,104.809,23.1957,0.267264,81.3459,357.623,46.3784,0.178733,311.066,462.432,1,0,0
1200,4,0,13,1,1,1,4336.13,18669.3,1602.66,46.3844,0.482746,1512.53,273171,79.5832,23.1957,0.267264,56.1203,133.765,23.1887,0.0718272,110.504,213.348,0,0,0
1200,4,0,14,1,1,1,4349.16,18740.3,1602.67,46.3844,0.517824,1512.51,273171,149.968,23.1957,0.302342,126.47,160.564,23.1887,0.0718272,137.304,310.532,0,0,0
1200,4,0,15,0,0,0,-1,-1,1585.82,29.0099,1.03064,1511.99,273169,-1,-1,-1,-1,-1,-1,-1,-1,-1,0,0,0
1200,4,0,16,1,1,2,10395.8,24718.7,1625.22,69.5741,0.519494,1512.57,273169,107.233,23.1957,0.267264,83.7698,359.605,46.3784,0.108576,313.118,466.838,1,0,0
1200,4,0,17,1,1,1,4351.19,18679.1,1602.99,46.3844,0.517824,1512.83,273165,124.52,23.1957,0.302342,101.022,151.255,23.1887,0.0718272,127.995,275.775,0,0,0
1200,4,0,18,1,1,1,4351.83,18708.9,1602.64,46.3844,0.661478,1512.34,273171,125.772,23.1957,0.302342,102.274,150.29,23.1887,0.0718272,127.029,276.062,0,0,0
1200,4,0,19,1,1,1,4315.66,18659.6,1602.93,46.3844,0.482746,1512.81,273166,143.581,23.1957,0.267264,120.118,83.9379,23.1887,0.0718272,60.6774,227.519,0,0,0
1200,4,0,20,1,1,1,4337.7,18677.9,1602.68,46.3844,0.482746,1512.55,273171,151.07,23.1957,0.267264,127.607,112.816,23.1887,0.0718272,89.556,263.886,0,0,0
1200,4,0,21,1,1,1,4316.94,18635.8,1603.01,46.3844,0.482746,1512.89,273165,142.795,23.1957,0.267264,119.332,83.474,23.1887,0.0718272,60.2135,226.269,0,0,0
1200,4,0,22,1,1,2,10330.2,24648.9,1625.47,69.5741,0.75001,1512.59,273164,139.059,23.1957,0.462701,115.401,357.588,46.3784,0.143654,311.066,496.648,1,0,0
1200,4,0,23,1,0,0,-1,-1,1580.42,23.1957,0.267264,1513,273168,-1,-1,-1,-1,-1,-1,-1,-1,-1,0,0,0
1200,4,0,24,1,1,1,4426.14,24901.1,1608.61,52.1883,0.714931,1512.63,273164,345.005,28.9996,0.320717,315.685,155.033,23.1887,0.106906,131.738,500.038,0,0,0
1200,4,0,25,1,1,1,4331.14,24659.7,1608.39,52.1883,0.891994,1512.23,273168,345.794,28.9996,0.676512,316.118,105.969,23.1887,0.0718272,82.7086,451.763,0,0,0
1200,4,0,26,1,1,1,4316.62,24675.9,1608.32,52.1883,1.15759,1511.89,273168,240.98,28.9996,0.942106,210.837,35.766,23.1887,0.0718272,12.5055,276.746,0,0,0
1200,4,0,27,1,1,1,4321,18634.4,1602.77,46.3844,0.482746,1512.65,273169,144.958,23.1957,0.267264,121.496,82.8442,23.1887,0.0718272,59.5837,227.803,0,0,0
1200,4,0,28,1,1,1,4450.44,18767.9,1603.08,46.3844,0.6264,1512.81,273163,114.362,23.1957,0.267264,90.8988,158.547,23.1887,0.0718272,135.286,272.908,0,0,0
1200,4,0,29,1,1,1,4323.85,24654.1,1608.21,52.1883,0.927072,1512.01,273171,343.68,28.9996,0.71159,313.968,133.655,23.1887,0.0718272,110.394,477.334,0,0,0
1200,4,0,30,1,0,0,-1,-1,1580.35,23.1957,0.302342,1512.89,273169,-1,-1,-1,-1,-1,-1,-1,-1,-1,0,0,0
1200,4,0,31,1,1,1,4334.73,18651.1,1602.74,46.3844,0.482746,1512.61,273170,148.393,23.1957,0.267264,124.93,112.531,23.1887,0.0718272,89.2708,260.924,0,0,0
1200,4,0,32,1,1,1,4338.31,18657.7,1602.72,46.3844,0.517824,1512.55,273170,113.43,23.1957,0.267264,89.9675,155.808,23.1887,0.106906,132.512,269.238,0,0,0
1200,4,0,33,1,1,1,4343.82,18692.7,1602.79,46.3844,0.482746,1512.67,273169,82.8192,23.1957,0.267264,59.3563,133.671,23.1887,0.0718272,110.41,216.49,0,0,0
1200,4,0,34,1,1,1,4328.32,24764.1,1608.37,52.1991,0.820166,1512.26,273168,350.131,29.0104,0.569606,320.551,101.032,23.1887,0.106906,77.7363,451.162,0,0,0
1200,4,0,35,1,1,1,4318.6,18660.1,1602.94,46.3844,0.482746,1512.81,273166,152.905,23.1957,0.267264,129.442,144.249,23.1887,0.0718272,120.988,297.154,0,0,0
1200,4,0,36,1,1,1,4408.43,18738.5,1603.02,46.3844,0.482746,1512.89,273165,94.4259,23.1957,0.267264,70.9629,154.724,23.1887,0.0718272,131.463,249.15,0,0,0
1200,4,0,37,1,1,1,4355.02,18695.6,1603.01,46.3844,0.482746,1512.89,273165,151.021,23.1957,0.267264,127.558,143.63,23.1887,0.0718272,120.369,294.651,0,0,0
1200,4,0,38,1,1,1,4419.38,18835,1602.6,46.3844,0.517824,1512.44,273172,155.564,23.1957,0.302342,132.066,153.051,23.1887,0.0718272,129.79,308.615,0,0,0
1200,4,0,39,1,1,1,4327.82,18779.8,1602.68,46.3844,0.517824,1512.52,273170,157.431,23.1957,0.267264,133.968,89.9432,23.1887,0.106906,66.6477,247.375,0,0,0
1200,4,0,40,1,1,1,4329.93,18682,1602.83,46.3844,0.748339,1512.44,273167,81.807,23.1957,0.532858,58.0785,122.887,23.1887,0.0718272,99.6268,204.694,0,0,0
1200,4,0,41,1,1,1,4323.75,18786.7,1603.18,46.3844,0.661478,1512.87,273161,152.121,23.1957,0.302342,128.623,85.6669,23.1887,0.0718272,62.4064,237.788,0,0,0
1200,4,0,42,1,0,0,-1,-1,1580.21,23.1957,0.267264,1512.79,273171,-1,-1,-1,-1,-1,-1,-1,-1,-1,0,0,0
1200,4,0,43,1,1,1,4375.46,18763.8,1602.76,46.3844,0.50112,1512.61,273169,152.409,23.1957,0.267264,128.946,156.574,23.1887,0.0902016,133.295,308.983,0,0,0
1200,4,0,44,1,1,1,4344.61,18793.2,1602.73,46.3844,0.482746,1512.61,273170,157.926,23.1957,0.267264,134.463,103.529,23.1887,0.0718272,80.2685,261.455,0,0,0
1200,4,0,45,1,1,1,4333.64,18698.6,1602.94,46.3844,0.482746,1512.81,273166,154.513,23.1957,0.267264,131.05,155.922,23.1887,0.0718272,132.662,310.435,0,0,0
1200,4,0,46,1,1,1,4315.98,18644.8,1602.91,46.3844,0.482746,1512.79,273167,80.2943,23.1957,0.267264,56.8313,119.812,23.1887,0.0718272,96.5514,200.106,0,0,0
1200,4,0,47,1,1,1,4332.26,30705.7,1614.03,57.9922,1.0156,1512.11,273167,523.763,34.8035,0.800122,487.953,104.805,23.1887,0.0718272,81.5445,628.568,0,0,0
1200,4,0,48,1,1,1,4336.58,18658.7,1602.99,46.3844,0.770054,1512.57,273164,87.5045,23.1957,0.267264,64.0415,150.598,23.1887,0.0718272,127.338,238.103,0,0,0
1200,4,0,49,1,1,1,4340.46,18663.2,1602.66,46.3844,0.482746,1512.53,273171,148.996,23.1957,0.267264,125.533,160.263,23.1887,0.0718272,137.002,309.259,0,0,0
1200,4,0,50,1,1,1,4315.98,30634.1,1614.14,57.9922,0.785088,1512.46,273166,388.537,34.8035,0.569606,352.573,29.3192,23.1887,0.0718272,6.05871,417.856,0,0,0
1200,4,0,51,1,1,1,4320.23,18711.6,1602.84,46.3844,0.517824,1512.68,273168,155.393,23.1957,0.302342,131.895,152.028,23.1887,0.0718272,128.767,307.42,0,0,0
1200,4,0,52,1,1,1,4316.87,24734.5,1608.62,52.1883,1.12251,1512.23,273163,341.632,28.9996,0.907027,311.725,115.468,23.1887,0.0718272,92.2072,457.099,0,0,0
1200,4,0,53,1,1,1,4326.41,18643.9,1602.91,46.3844,0.482746,1512.79,273167,104.576,23.1957,0.267264,81.1131,154.599,23.1887,0.0718272,131.339,259.176,0,0,0
1200,4,0,54,1,1,1,4336.39,24708.3,1608.32,52.1883,0.536198,1512.51,273170,344.558,28.9996,0.320717,315.237,139.369,23.1887,0.0718272,116.108,483.926,0,0,0
1200,4,0,55,1,1,1,4363.8,18679.7,1602.97,46.3844,0.517824,1512.81,273165,155.726,23.1957,0.267264,132.263,133.32,23.1887,0.106906,110.024,289.046,0,0,0
1200,4,0,56,1,1,1,4357.39,18760.6,1602.66,46.3844,0.482746,1512.53,273171,158.011,23.1957,0.267264,134.548,153.942,23.1887,0.0718272,130.682,311.953,0,0,0
1200,4,0,57,1,1,1,4336.72,24748.5,1608.31,52.2099,0.768384,1512.25,273170,343.071,29.0212,0.552902,313.497,103.312,23.1887,0.0718272,80.0519,446.384,0,0,0
1200,4,0,58,1,1,1,4320.74,30643.3,1613.81,57.9922,1.0156,1511.9,273171,359.663,34.8035,0.800122,323.384,29.0918,23.1887,0.0718272,5.83131,388.755,0,0,0
1200,4,0,59,1,1,1,4359.07,18672.9,1602.84,46.3844,0.6264,1512.57,273167,119.998,23.1957,0.267264,96.5351,151.02,23.1887,0.0718272,127.76,271.019,0,0,0
1200,4,0,60,1,1,1,4320.36,24665.9,1608.7,52.1883,0.840211,1512.58,273163,339.201,28.9996,0.481075,309.72,105.682,23.1887,0.0718272,82.4216,444.883,0,0,0
1200,4,0,61,1,1,1,4321.29,18674.3,1602.93,46.3844,0.517824,1512.77,273166,138.458,23.1957,0.302342,114.96,67.9744,23.1887,0.0718272,44.7139,206.433,0,0,0
1200,4,0,62,1,1,1,4315.98,18653.6,1602.86,46.3844,0.517824,1512.7,273167,148.406,23.1957,0.302342,124.908,74.3345,23.1887,0.0718272,51.074,222.741,0,0,0
1200,4,0,63,1,1,1,4401.94,18719.9,1602.83,46.3844,0.482746,1512.71,273168,92.2222,23.1957,0.267264,68.7593,154.886,23.1887,0.0718272,131.626,247.109,0,0,0
1200,4,0,64,1,1,1,4349.54,18714.2,1602.97,46.3844,0.517824,1512.81,273165,84.2097,23.1957,0.302342,60.7117,125.542,23.1887,0.0718272,102.282,209.752,0,0,0
1200,4,0,65,1,1,2,10344.3,24809.4,1625.27,69.5741,0.589651,1512.55,273168,157.582,23.1957,0.302342,134.084,346.639,46.3784,0.143654,300.117,504.221,1,0,0
1200,4,0,66,1,1,1,4388.05,18878.4,1602.77,46.3844,0.552902,1512.57,273169,160.277,23.1957,0.337421,136.744,154.648,23.1887,0.0718272,131.388,314.926,0,0,0
1200,4,0,67,1,1,1,4320.26,18636.8,1602.77,46.3844,0.482746,1512.65,273169,81.1065,23.1957,0.267264,57.6435,136.506,23.1887,0.0718272,113.246,217.613,0,0,0
1200,4,0,68,1,1,1,4368.58,18698.2,1602.84,46.3844,0.6264,1512.57,273167,85.9054,23.1957,0.267264,62.4425,142.868,23.1887,0.0718272,119.608,228.774,0,0,0
1200,4,0,69,1,1,1,4322.12,24657.1,1608.23,52.1883,0.696557,1512.26,273171,280.188,28.9996,0.481075,250.624,48.9067,23.1887,0.0718272,25.6462,329.095,0,0,0
1200,4,0,70,1,1,1,4336.87,18664.7,1602.79,46.3844,0.482746,1512.67,273169,88.3834,23.1957,0.267264,64.9205,148.819,23.1887,0.0718272,125.558,237.202,0,0,0
1200,4,0,71,1,1,1,4344.58,18691.9,1602.72,46.3844,0.678182,1512.4,273169,156.196,23.1957,0.462701,132.537,154.646,23.1887,0.0718272,131.386,310.842,0,0,0
1200,4,0,72,1,1,1,4319.18,18634.8,1602.87,46.3844,0.482746,1512.75,273167,88.6993,23.1957,0.267264,65.2363,153.271,23.1887,0.0718272,130.011,241.97,0,0,0
1200,4,0,73,1,1,1,4389.63,18705.1,1602.73,46.3844,0.482746,1512.61,273170,138.452,23.1957,0.267264,114.989,155.838,23.1887,0.0718272,132.577,294.29,0,0,0
1200,4,0,74,1,0,0,-1,-1,1585.88,28.9996,0.58631,1512.51,273169,-1,-1,-1,-1,-1,-1,-1,-1,-1,0,0,0
1200,4,0,75,1,1,1,4327.72,18726.9,1602.74,46.3844,0.517824,1512.58,273169,155.88,23.1957,0.302342,132.382,149.994,23.1887,0.0718272,126.733,305.874,0,0,0
1200,4,0,76,1,1,1,4371.54,18780,1602.68,46.3844,0.748339,1512.29,273170,153.299,23.1957,0.532858,129.57,88.1647,23.1887,0.0718272,64.9042,241.463,0,0,0
1200,4,0,77,1,0,0,-1,-1,1580.26,23.1957,0.337421,1512.77,273170,-1,-1,-1,-1,-1,-1,-1,-1,-1,0,0,0
1200,4,0,78,1,1,1,4322.73,18682.2,1602.95,46.3844,0.482746,1512.82,273166,149.44,23.1957,0.267264,125.977,76.8017,23.1887,0.0718272,53.5412,226.242,0,0,0
1200,4,0,79,1,1,2,4351.09,18683.7,1625.25,69.5741,0.841882,1512.28,273168,126.965,23.1957,0.267264,103.502,174.722,46.3784,0.287309,128.056,301.686,1,0,0
1200,4,0,80,1,0,0,-1,-1,1585.74,28.9996,0.71159,1512.24,273172,-1,-1,-1,-1,-1,-1,-1,-1,-1,0,0,0
1200,4,0,81,1,1,1,4340.46,18656.8,1602.62,46.3844,0.482746,1512.49,273172,79.5273,23.1957,0.267264,56.0643,134.622,23.1887,0.0718272,111.362,214.149,0,0,0
1200,4,0,82,1,1,2,10338,24724.9,1625.42,69.5741,0.519494,1512.77,273166,135.407,23.1957,0.267264,111.945,357.026,46.3784,0.108576,310.539,492.434,1,0,0
1200,4,0,83,1,1,1,4351.4,18665.6,1602.82,46.3844,0.482746,1512.69,273168,82.451,23.1957,0.267264,58.9881,122.043,23.1887,0.0718272,98.7821,204.494,0,0,0
1200,4,0,84,1,1,1,4318.47,24672.3,1608.48,52.1883,0.571277,1512.64,273167,240.035,28.9996,0.355795,210.476,34.7065,23.1887,0.0718272,11.446,274.741,0,0,0
1200,4,0,85,1,1,1,4334.95,18658,1602.93,46.3844,0.482746,1512.81,273166,81.9439,23.1957,0.267264,58.4809,139.452,23.1887,0.0718272,116.191,221.396,0,0,0
1200,4,0,86,1,1,1,4325.19,18687.3,1602.95,46.3844,0.482746,1512.83,273166,157.533,23.1957,0.267264,134.07,103.782,23.1887,0.0718272,80.5212,261.314,0,0,0
1200,4,0,87,1,1,1,4329.95,18784.1,1602.84,46.3844,0.482746,1512.71,273168,157.218,23.1957,0.267264,133.756,150.116,23.1887,0.0718272,126.856,307.335,0,0,0
1200,4,0,88,1,1,1,4355.04,18670.2,1602.69,46.3844,0.482746,1512.57,273170,81.8067,23.1957,0.267264,58.3438,127.284,23.1887,0.0718272,104.023,209.09,0,0,0
1200,4,0,89,1,1,1,4318.51,18727.9,1602.85,46.3844,0.482746,1512.73,273168,155.585,23.1957,0.267264,132.122,107.232,23.1887,0.0718272,83.9719,262.818,0,0,0
1200,4,0,90,1,1,1,4340.77,24691.1,1608.69,52.1883,0.731635,1512.69,273163,345.053,28.9996,0.516154,315.537,98.5766,23.1887,0.0718272,75.3161,443.629,0,0,0
1200,4,0,91,1,1,1,4322.34,24743.3,1608.45,52.1883,0.891994,1512.28,273167,332.648,28.9996,0.676512,302.972,86.1542,23.1887,0.0718272,62.8937,418.802,0,0,0
1200,4,0,92,1,1,1,4357.81,18675.7,1602.98,46.3844,0.6264,1512.71,273165,82.9185,23.1957,0.267264,59.4555,127.379,23.1887,0.0718272,104.119,210.298,0,0,0
1200,4,0,93,1,1,1,4324.87,24668.4,1608.61,52.1883,0.696557,1512.64,273165,239.634,28.9996,0.481075,209.951,34.8239,23.1887,0.0718272,11.5634,274.458,0,0,0
1200,4,0,94,1,1,1,4340.36,18787.3,1602.9,46.3844,0.873619,1512.38,273166,156.878,23.1957,0.658138,133.025,150.683,23.1887,0.0718272,127.422,307.561,0,0,0
1200,4,0,95,1,1,1,4486.77,18829.7,1602.74,46.3844,0.6264,1512.47,273169,115.082,23.1957,0.267264,91.6189,159.045,23.1887,0.0718272,135.784,274.126,0,0,0
1200,4,0,96,1,1,1,4319.62,18634.3,1602.81,46.3844,0.482746,1512.69,273168,81.9042,23.1957,0.267264,58.4412,122.777,23.1887,0.0718272,99.5167,204.681,0,0,0
1200,4,0,97,1,0,0,-1,-1,1580.18,23.1957,0.337421,1512.69,273171,-1,-1,-1,-1,-1,-1,-1,-1,-1,0,0,0
1200,4,0,98,1,1,1,4361.42,18797.6,1602.52,46.3844,0.571277,1512.3,273173,162.077,23.1957,0.337421,138.544,119.3,23.1887,0.0902016,96.0208,281.376,0,0,0
1200,4,0,99,1,1,1,4331.21,18764,1602.71,46.3952,0.536198,1512.52,273170,154.254,23.2065,0.320717,130.727,144.473,23.1887,0.0718272,121.212,298.727,0,0,0
1200,4,0,100,1,1,1,4344.31,18671.2,1602.85,46.3844,0.482746,1512.73,273168,87.7355,23.1957,0.267264,64.2725,150.822,23.1887,0.0718272,127.561,238.557,0,0,0
1200,4,0,101,1,1,1,4390.26,18705.7,1602.85,46.3844,0.482746,1512.73,273168,94.2256,23.1957,0.267264,70.7626,154.486,23.1887,0.0718272,131.225,248.711,0,0,0
1200,4,0,102,1,1,1,4339.5,30684.5,1614.61,57.9922,1.0156,1512.69,273157,527.728,34.8035,0.800122,491.934,131.305,23.1887,0.0718272,108.044,659.033,0,0,0
1200,4,0,103,1,0,0,-1,-1,1580.56,23.1957,0.497779,1512.91,273165,-1,-1,-1,-1,-1,-1,-1,-1,-1,0,0,0
1200,4,0,104,1,1,1,4347.06,18819.5,1603.06,46.3844,1.01727,1512.4,273163,154.33,23.1957,0.658138,130.476,149.578,23.1887,0.0718272,126.318,303.909,0,0,0
1200,4,0,105,1,1,1,4347.11,24791.8,1608.5,52.1883,1.14088,1512.09,273165,345.992,28.9996,0.907027,316.085,107.267,23.1887,0.0902016,83.9882,453.259,0,0,0
1200,4,0,106,1,1,1,4339.21,18672.1,1602.76,46.3844,0.517824,1512.59,273169,123.586,23.1957,0.267264,100.123,150.144,23.1887,0.106906,126.849,273.73,0,0,0
1200,4,0,107,1,1,1,4339.72,18713.9,1602.81,46.3952,0.644774,1512.51,273168,155.528,23.2065,0.285638,132.036,150.515,23.1887,0.0718272,127.255,306.043,0,0,0
1200,4,0,108,1,1,1,4330.57,18664.7,1602.93,46.3844,0.482746,1512.81,273166,153.6,23.1957,0.267264,130.137,108.62,23.1887,0.0718272,85.3598,262.22,0,0,0
1200,4,0,109,1,1,1,4315.66,24690.2,1608.7,52.1883,0.927072,1512.51,273162,282.983,28.9996,0.71159,253.19,48.1559,23.1887,0.0718272,24.8954,331.139,0,0,0
1200,4,0,110,1,0,0,-1,-1,1591.39,34.8035,0.975514,1512,273170,-1,-1,-1,-1,-1,-1,-1,-1,-1,0,0,0
1200,4,0,111,1,1,1,4318.22,18637.8,1602.7,46.3844,0.482746,1512.57,273170,81.9313,23.1957,0.267264,58.4683,121.221,23.1887,0.0718272,97.9609,203.153,0,0,0
1200,4,0,112,1,1,1,4327.85,18685,1602.84,46.3844,0.661478,1512.54,273167,88.2128,23.1957,0.302342,64.7147,149.701,23.1887,0.0718272,126.441,237.914,0,0,0
1200,4,0,113,1,1,1,4351.34,18670.6,1602.9,46.3844,0.661478,1512.59,273166,84.4038,23.1957,0.267264,60.9409,148.365,23.1887,0.106906,125.069,232.768,0,0,0
1200,4,0,114,1,1,2,10319.6,24686.6,1625.28,69.5741,0.519494,1512.63,273168,157.644,23.1957,0.267264,134.181,188.384,46.3784,0.108576,141.897,346.028,1,0,0
1200,4,0,115,1,0,0,-1,-1,1580.52,23.1957,0.497779,1512.87,273165,-1,-1,-1,-1,-1,-1,-1,-1,-1,0,0,0
1200,4,0,116,1,1,1,4346.21,18661.7,1602.77,46.3844,0.482746,1512.65,273169,101.156,23.1957,0.267264,77.693,152.957,23.1887,0.0718272,129.697,254.113,0,0,0
1200,4,0,117,1,1,1,4320.16,18786.1,1602.54,46.3844,0.552902,1512.34,273173,153.381,23.1957,0.337421,129.848,85.4684,23.1887,0.0718272,62.2078,238.85,0,0,0
1200,4,0,118,1,1,1,4326.42,18639.9,1602.76,46.3844,0.482746,1512.63,273169,84.2558,23.1957,0.267264,60.7929,129.91,23.1887,0.0718272,106.649,214.166,0,0,0
1200,4,0,119,1,1,1,4347.49,18664.9,1602.76,46.3844,0.482746,1512.63,273169,87.6543,23.1957,0.267264,64.1913,148.501,23.1887,0.0718272,125.24,236.155,0,0,0
1200,4,0,120,1,1,1,4341.18,18700.4,1602.85,46.3844,0.571277,1512.63,273167,156.094,23.1957,0.337421,132.561,97.0122,23.1887,0.0902016,73.7333,253.106,0,0,0
1200,4,0,121,1,1,1,4319.62,30706,1614.01,57.9922,0.75001,1512.36,273168,526.806,34.8035,0.534528,491.268,107.115,23.1887,0.0718272,83.8546,633.921,0,0,0
1200,4,0,122,1,1,1,4318.34,18673.7,1602.83,46.3844,0.482746,1512.71,273168,150.028,23.1957,0.267264,126.565,84.7825,23.1887,0.0718272,61.522,234.811,0,0,0
1200,4,0,123,1,1,1,4353.29,18697.7,1602.92,46.3844,0.6264,1512.65,273166,150.537,23.1957,0.267264,127.074,158.117,23.1887,0.0718272,134.856,308.654,0,0,0
1200,4,0,124,1,1,1,4337.49,18760.8,1602.91,46.3844,0.482746,1512.79,273167,160.081,23.1957,0.267264,136.618,110.533,23.1887,0.0718272,87.2729,270.614,0,0,0
1200,4,0,125,1,1,1,4363.45,24703.1,1608.41,52.1883,1.1058,1512.03,273167,340.064,28.9996,0.676512,310.388,145.566,23.1887,0.141984,122.235,485.63,0,0,0
1200,4,0,126,1,0,0,-1,-1,1591.69,34.8035,0.8352,1512.44,273165,-1,-1,-1,-1,-1,-1,-1,-1,-1,0,0,0
1200,4,0,127,1,1,1,4329.7,18725.7,1602.58,46.3844,0.696557,1512.24,273172,154.803,23.1957,0.337421,131.27,153.314,23.1887,0.0718272,130.054,308.118,0,0,0
1200,4,0,128,1,0,0,-1,-1,1580.37,23.1957,0.267264,1512.95,273169,-1,-1,-1,-1,-1,-1,-1,-1,-1,0,0,0
1200,4,0,129,1,1,1,4420.95,18780.3,1602.69,46.3844,0.748339,1512.3,273170,119.971,23.1957,0.497779,96.2771,155.333,23.1887,0.106906,132.037,275.303,0,0,0
1200,4,0,130,1,1,1,4314.7,18636.6,1602.68,46.3844,0.482746,1512.55,273171,147.52,23.1957,0.267264,124.057,74.746,23.1887,0.0718272,51.4855,222.266,0,0,0
1200,4,0,131,1,1,1,4367.64,24750.1,1608.29,52.1883,0.50112,1512.51,273171,344.106,28.9996,0.285638,314.82,93.1785,23.1887,0.0718272,69.918,437.284,0,0,0
1200,4,0,132,1,1,1,4319.18,24720.6,1608.88,52.1883,1.35302,1512.25,273158,251.392,28.9996,1.13754,221.077,37.1845,23.1887,0.0718272,13.924,288.577,0,0,0
1200,4,0,133,1,1,1,4324.2,30692.2,1614.14,57.9922,0.785088,1512.46,273166,518.189,34.8035,0.569606,482.594,82.8297,23.1887,0.0718272,59.5692,601.019,0,0,0
1200,4,0,134,1,1,1,4345.03,18735,1602.86,46.3844,0.821837,1512.4,273167,154.593,23.1957,0.462701,130.935,153.085,23.1887,0.0718272,129.825,307.678,0,0,0
1200,4,0,135,1,1,1,4321.16,18734.7,1602.85,46.3844,0.517824,1512.69,273167,148.632,23.1957,0.302342,125.134,79.8049,23.1887,0.0718272,56.5444,228.437,0,0,0
1200,4,0,136,1,1,1,4349.67,18684.2,1602.95,46.3844,0.536198,1512.77,273166,127.005,23.1957,0.302342,103.507,152.143,23.1887,0.0902016,128.865,279.149,0,0,0
1200,4,0,137,1,1,1,4331.64,24741.8,1613.97,57.9922,0.980525,1512.09,273168,344.401,34.8035,0.765043,308.832,144.927,23.1887,0.0718272,121.667,489.328,0,0,0
1200,4,0,138,1,1,1,4324.34,18697.7,1602.7,46.3844,0.482746,1512.57,273170,150.835,23.1957,0.267264,127.372,111.503,23.1887,0.0718272,88.2421,262.338,0,0,0
1200,4,0,139,1,1,1,4335.26,18648.2,1603.19,46.3844,0.6264,1512.92,273161,87.5568,23.1957,0.267264,64.0939,150.243,23.1887,0.0718272,126.982,237.799,0,0,0
1200,4,0,140,1,1,1,4343.1,18668.7,1602.77,46.3844,0.482746,1512.65,273169,156.033,23.1957,0.267264,132.57,155.045,23.1887,0.0718272,131.785,311.078,0,0,0
1200,4,0,141,1,0,0,-1,-1,1580.28,23.1957,0.337421,1512.78,273170,-1,-1,-1,-1,-1,-1,-1,-1,-1,0,0,0
1200,4,0,142,1,1,1,4382.43,18754.6,1602.76,46.3844,0.482746,1512.63,273169,152.443,23.1957,0.267264,128.98,157.216,23.1887,0.0718272,133.956,309.659,0,0,0
1200,4,0,143,1,1,1,4315.66,24688.7,1608.31,52.1883,0.766714,1512.27,273170,250.076,28.9996,0.551232,220.348,36.9481,23.1887,0.0718272,13.6876,287.024,0,0,0
1200,4,0,144,1,1,1,4341.99,18716.6,1602.85,46.3844,0.482746,1512.73,273168,150.557,23.1957,0.267264,127.094,111.986,23.1887,0.0718272,88.7258,262.543,0,0,0
1200,4,0,145,1,1,1,4420.79,18740.3,1602.75,46.3844,0.482746,1512.63,273169,92.6085,23.1957,0.267264,69.1455,155.15,23.1887,0.0718272,131.889,247.758,0,0,0
1200,4,0,146,1,1,1,4327.03,18714.5,1602.89,46.3844,0.482746,1512.77,273167,151.006,23.1957,0.267264,127.543,111.721,23.1887,0.0718272,88.4605,262.727,0,0,0
1200,4,0,147,1,1,1,4332.87,18651.5,1602.83,46.3844,0.482746,1512.71,273168,139.719,23.1957,0.267264,116.256,154.61,23.1887,0.0718272,131.35,294.329,0,0,0
1200,4,0,148,1,1,1,4331.21,18722.9,1602.41,46.3844,0.587981,1512.18,273175,144.845,23.1957,0.372499,121.277,84.6923,23.1887,0.0718272,61.4318,229.538,0,0,0
1200,4,0,149,1,1,1,4375.72,18780.9,1602.88,46.3844,0.913709,1512.32,273166,153.443,23.1957,0.267264,129.98,145.628,23.1887,0.0718272,122.367,299.071,0,0,0
1200,4,0,150,1,1,1,4315.34,18689,1603.1,46.3844,0.873619,1512.58,273162,151.587,23.1957,0.658138,127.733,107.691,23.1887,0.0718272,84.4303,259.278,0,0,0
1200,4,0,151,1,1,2,4358.64,18687.9,1625.18,69.5741,0.698227,1512.35,273169,114.158,23.1957,0.267264,90.6948,178.69,46.3784,0.287309,132.025,292.848,1,0,0
1200,4,0,152,1,1,1,4338.4,18676.2,1602.77,46.3844,0.517824,1512.61,273169,126.795,23.1957,0.267264,103.332,151.812,23.1887,0.106906,128.516,278.607,0,0,0
1200,4,0,153,1,1,2,10386.2,24715,1625.39,69.5741,0.681523,1512.58,273166,88.8076,23.1957,0.267264,65.3446,355.602,46.3784,0.270605,308.953,444.409,1,0,0
1200,4,0,154,1,1,1,4332.51,18670.3,1602.89,46.3844,0.783418,1512.46,273166,83.2436,23.1957,0.532858,59.5151,138.682,23.1887,0.106906,115.386,221.926,0,0,0
1200,4,0,155,1,1,1,4348.95,18781.7,1603.28,46.3844,1.01727,1512.62,273159,157.104,23.1957,0.658138,133.25,149.08,23.1887,0.0718272,125.82,306.184,0,0,0
1200,4,0,156,1,1,1,4322.39,18693.6,1602.33,46.3952,0.606355,1512.07,273176,82.627,23.2065,0.390874,59.0296,122.947,23.1887,0.0718272,99.6863,205.574,0,0,0
1200,4,0,157,1,1,1,4361.69,18718,1603.14,46.3844,0.587981,1512.91,273162,152.565,23.1957,0.302342,129.067,144.267,23.1887,0.141984,120.936,296.831,0,0,0
1200,4,0,158,1,1,1,4350.94,18669.8,1602.89,46.3844,0.517824,1512.73,273167,87.7915,23.1957,0.267264,64.3285,151.732,23.1887,0.106906,128.437,239.524,0,0,0
1200,4,0,159,1,1,1,4356.66,18772.1,1602.68,46.3844,0.713261,1512.33,273170,159.391,23.1957,0.497779,135.697,136.03,23.1887,0.0718272,112.769,295.421,0,0,0
1200,4,0,160,1,1,1,4430.96,18755.4,1602.93,46.3844,0.482746,1512.81,273166,113.916,23.1957,0.267264,90.453,157.714,23.1887,0.0718272,134.454,271.63,0,0,0
1200,4,0,161,1,1,1,4340.43,18774,1603.06,46.3844,0.6264,1512.8,273163,154.434,23.1957,0.267264,130.971,157.148,23.1887,0.0718272,133.887,311.581,0,0,0
1200,4,0,162,1,0,0,-1,-1,1580.39,23.1957,0.462701,1512.77,273168,-1,-1,-1,-1,-1,-1,-1,-1,-1,0,0,0
1200,4,0,163,1,1,1,4369.93,18747,1603.03,46.3844,0.517824,1512.87,273164,125.329,23.1957,0.267264,101.867,151.462,23.1887,0.106906,128.166,276.791,0,0,0
1200,4,0,164,1,1,1,4318.22,30645.3,1613.92,57.9922,0.714931,1512.3,273170,375.41,34.8035,0.49945,339.477,30.2036,23.1887,0.0718272,6.94307,405.614,0,0,0
1200,4,0,165,1,1,2,10387.4,24706,1625.65,69.5741,1.12919,1512.4,273160,115.427,23.1957,0.302342,91.9293,362.162,46.3784,0.683194,315.1,477.589,1,0,0
1200,4,0,166,1,1,1,4341.23,24656.7,1608.65,52.1883,0.571277,1512.81,273164,175.136,28.9996,0.355795,145.395,150.928,23.1887,0.0718272,127.668,326.064,0,0,0
1200,4,0,167,1,1,1,4322.63,18687.2,1602.81,46.3844,0.517824,1512.65,273168,131.515,23.1957,0.267264,108.052,60.4835,23.1887,0.106906,37.1879,191.998,0,0,0
1200,4,0,168,0,0,0,-1,-1,1580.43,23.206,0.942106,1512.32,273166,-1,-1,-1,-1,-1,-1,-1,-1,-1,0,0,0
1200,4,0,169,1,1,1,4315.66,24639,1608.61,52.1883,0.696557,1512.64,273165,245.031,28.9996,0.481075,215.367,36.533,23.1887,0.0718272,13.2725,281.564,0,0,0
1200,4,0,170,1,1,1,4339.27,18652.8,1602.9,46.3844,0.6264,1512.63,273166,83.6278,23.1957,0.267264,60.1648,132.806,23.1887,0.0718272,109.546,216.434,0,0,0
1200,4,0,171,1,1,1,4318.15,18645.9,1602.9,46.3844,0.482746,1512.77,273167,82.3933,23.1957,0.267264,58.9303,123.144,23.1887,0.0718272,99.883,205.537,0,0,0
1200,4,0,172,1,1,1,4400.38,18889.6,1602.7,46.3844,0.517824,1512.54,273170,160.281,23.1957,0.267264,136.818,154.564,23.1887,0.106906,131.269,314.845,0,0,0
1200,4,0,173,1,1,1,4399.17,18730.7,1602.83,46.3844,0.482746,1512.71,273168,89.0963,23.1957,0.267264,65.6334,151.022,23.1887,0.0718272,127.762,240.119,0,0,0
1200,4,0,174,1,1,1,4361.7,18691.8,1602.93,46.3844,0.661478,1512.62,273166,134.409,23.1957,0.267264,110.946,153.597,23.1887,0.106906,130.301,288.006,0,0,0
1200,4,0,175,1,1,1,4335.68,18656.8,1602.81,46.3844,0.482746,1512.69,273168,149.797,23.1957,0.267264,126.334,86.3635,23.1887,0.0718272,63.103,236.161,0,0,0
1200,4,0,176,1,1,1,4322.66,18656.5,1602.77,46.3844,0.482746,1512.65,273169,153.439,23.1957,0.267264,129.976,148.339,23.1887,0.0718272,125.078,301.778,0,0,0
1200,4,0,177,1,1,1,4375.83,18701.1,1602.89,46.3844,0.517824,1512.73,273167,83.2325,23.1957,0.267264,59.7696,139.637,23.1887,0.106906,116.341,222.869,0,0,0
1200,4,0,178,1,1,1,4322.6,18770.5,1603.08,46.3844,0.6264,1512.81,273163,153.706,23.1957,0.267264,130.243,107.584,23.1887,0.0718272,84.3239,261.291,0,0,0
1200,4,0,179,0,0,0,-1,-1,1563.5,5.80392,0.24889,1512.96,273169,-1,-1,-1,-1,-1,-1,-1,-1,-1,0,0,0
1200,4,0,180,1,1,2,10337.1,24666.6,1625.36,69.5741,0.663149,1512.57,273166,142.051,23.1957,0.267264,118.588,359.233,46.3784,0.25223,312.602,501.284,1,0,0
1200,4,0,181,1,1,1,4347.46,24665.3,1608.27,52.1883,0.927072,1512.07,273170,343.588,28.9996,0.71159,313.876,98.2048,23.1887,0.0718272,74.9443,441.792,0,0,0
1200,4,0,182,1,1,1,4317.58,24635,1608.6,52.1883,0.891994,1512.44,273164,274.702,28.9996,0.676512,244.929,48.941,23.1887,0.0718272,25.6805,323.643,0,0,0
1200,4,0,183,1,1,1,4360.07,18716.4,1602.79,46.3844,0.770054,1512.38,273168,162.184,23.1957,0.267264,138.721,130.913,23.1887,0.0718272,107.653,293.097,0,0,0
1200,4,0,184,1,1,1,4383.24,24720.2,1608.73,52.1883,1.01894,1512.44,273161,252.579,28.9996,0.481075,222.934,151.588,23.1887,0.106906,128.292,404.167,0,0,0
1200,4,0,185,1,1,1,4370.78,18695.1,1602.95,46.3844,0.6264,1512.68,273166,148.869,23.1957,0.267264,125.407,153.269,23.1887,0.0718272,130.009,302.139,0,0,0
1200,4,0,186,1,1,1,4329.03,18662.3,1602.54,46.3844,0.517824,1512.38,273173,152.698,23.1957,0.302342,129.2,107.648,23.1887,0.0718272,84.387,260.346,0,0,0
1200,4,0,187,1,1,1,4343.52,18668.8,1602.7,46.3844,0.482746,1512.57,273170,126.355,23.1957,0.267264,102.892,151.409,23.1887,0.0718272,128.148,277.763,0,0,0
1200,4,0,188,1,1,1,4376.83,18735.7,1602.97,46.3844,0.482746,1512.85,273166,154.499,23.1957,0.267264,131.036,150.261,23.1887,0.0718272,127,304.759,0,0,0
1200,4,0,189,1,1,1,4331.69,18712.2,1602.84,46.3844,0.6264,1512.57,273167,157.024,23.1957,0.267264,133.561,96.0589,23.1887,0.0718272,72.7984,253.082,0,0,0
1200,4,0,190,1,1,1,4416.56,18810.9,1602.73,46.3844,0.552902,1512.54,273169,158.162,23.1957,0.267264,134.699,108.176,23.1887,0.141984,84.8455,266.339,0,0,0
1200,4,0,191,1,1,1,4317.62,18722.8,1602.79,46.3844,0.482746,1512.67,273169,145.791,23.1957,0.267264,122.328,71.6291,23.1887,0.0718272,48.3686,217.42,0,0,0
1200,4,0,192,1,0,0,-1,-1,1580.5,23.1957,0.302342,1513.04,273166,-1,-1,-1,-1,-1,-1,-1,-1,-1,0,0,0
1200,4,0,193,0,0,0,-1,-1,1580.24,23.206,0.516154,1512.56,273170,-1,-1,-1,-1,-1,-1,-1,-1,-1,0,0,0
1200,4,0,194,1,1,1,4315.02,18724.7,1602.77,46.3844,0.517824,1512.61,273169,147.36,23.1957,0.302342,123.862,84.8908,23.1887,0.0718272,61.6303,232.25,0,0,0
1200,4,0,195,1,0,0,-1,-1,1580.31,23.2065,0.285638,1512.86,273170,-1,-1,-1,-1,-1,-1,-1,-1,-1,0,0,0
1200,4,0,196,1,1,1,4356.96,24707.6,1608.53,52.1883,1.22774,1512.03,273164,337.488,28.9996,0.977184,307.511,155.878,23.1887,0.106906,132.582,493.366,0,0,0
1200,4,0,197,1,0,0,-1,-1,1580.56,23.1957,0.462701,1512.94,273165,-1,-1,-1,-1,-1,-1,-1,-1,-1,0,0,0
1200,4,0,198,1,1,1,4325.22,18660.9,1602.81,46.3844,0.482746,1512.69,273168,90.3019,23.1957,0.267264,66.839,152.304,23.1887,0.0718272,129.043,242.606,0,0,0
1200,4,0,199,1,1,1,4321.86,18659.5,1602.82,46.3844,0.482746,1512.69,273168,144.769,23.1957,0.267264,121.306,86.1812,23.1887,0.0718272,62.9207,230.95,0,0,0
1200,4,0,200,1,1,1,4337.84,18673.3,1602.74,46.3844,0.678182,1512.42,273169,82.8125,23.1957,0.462701,59.1541,123.149,23.1887,0.0718272,99.8885,205.961,0,0,0
1200,4,0,201,1,1,1,4350.85,18671.7,1602.64,46.3844,0.482746,1512.51,273171,79.1988,23.1957,0.267264,55.7358,134.929,23.1887,0.0718272,111.668,214.128,0,0,0
1200,4,0,202,1,1,2,4456.59,18775.5,1625.3,69.5741,0.698227,1512.47,273167,114.401,23.1957,0.267264,90.9385,182.381,46.3784,0.287309,135.716,296.783,1,0,0
1200,4,0,203,1,1,1,4373.21,18739.4,1603.01,46.3844,1.10413,1512.27,273163,153.057,23.1957,0.888653,128.973,158.534,23.1887,0.0718272,135.273,311.591,0,0,0
1200,4,0,204,1,1,1,4324.55,18644.7,1602.91,46.3844,0.482746,1512.79,273167,150.256,23.1957,0.267264,126.793,110.324,23.1887,0.0718272,87.0636,260.58,0,0,0
1200,4,0,205,1,1,1,4345.31,18722.2,1602.83,46.3844,0.661478,1512.53,273167,151.703,23.1957,0.267264,128.24,144.201,23.1887,0.106906,120.905,295.904,0,0,0
1200,4,0,206,1,1,3,10394.3,24709.7,1647.86,92.7639,1.45325,1511.79,273164,87.4738,23.1957,0.267264,64.0108,379.075,69.5682,0.898675,308.608,466.549,2,0,0
1200,4,0,207,1,0,0,-1,-1,1580.07,23.1957,0.302342,1512.61,273174,-1,-1,-1,-1,-1,-1,-1,-1,-1,0,0,0
1200,4,0,208,1,1,1,4350.36,18694.9,1602.91,46.3844,0.517824,1512.75,273166,156.188,23.1957,0.267264,132.725,156.659,23.1887,0.106906,133.364,312.847,0,0,0
1200,4,0,209,1,1,1,4354.59,18669.7,1602.81,46.3844,0.482746,1512.69,273168,113.033,23.1957,0.267264,89.5704,155.809,23.1887,0.0718272,132.548,268.842,0,0,0
1200,4,0,210,1,1,1,4316.62,24633.5,1608.7,52.1883,0.50112,1512.93,273163,266.447,28.9996,0.285638,237.041,41.1587,23.1887,0.0718272,17.8982,307.605,0,0,0
1200,4,0,211,1,1,1,4334.01,24665.8,1608.5,52.1883,0.696557,1512.53,273167,337.564,28.9996,0.481075,308.083,148.911,23.1887,0.0718272,125.65,486.474,0,0,0
1200,4,0,212,1,1,1,4330.98,18647.2,1602.84,46.3844,0.482746,1512.71,273168,82.7434,23.1957,0.267264,59.2805,124.753,23.1887,0.0718272,101.493,207.497,0,0,0
1200,4,0,213,1,1,1,4329.96,18648.9,1602.65,46.3844,0.482746,1512.53,273171,88.4809,23.1957,0.267264,65.0179,149.696,23.1887,0.0718272,126.435,238.177,0,0,0
1200,4,0,214,1,1,2,10355,24672,1625.35,69.5741,1.09411,1512.13,273165,85.4199,23.1957,0.267264,61.957,344.39,46.3784,0.683194,297.328,429.81,1,0,0
1200,4,0,215,1,1,1,4315.02,18647,1602.89,46.3844,0.482746,1512.77,273167,120.839,23.1957,0.267264,97.3762,153.141,23.1887,0.0718272,129.881,273.98,0,0,0
1200,4,0,216,1,1,1,4409.68,18739.2,1602.68,46.3844,0.482746,1512.55,273171,88.9032,23.1957,0.267264,65.4402,151.349,23.1887,0.0718272,128.088,240.252,0,0,0
1200,4,0,217,1,1,1,4332.62,18737.9,1603.11,46.3844,0.821837,1512.65,273162,151.473,23.1957,0.462701,127.814,150.553,23.1887,0.0718272,127.293,302.026,0,0,0
1200,4,0,218,1,1,1,4475.69,24872.6,1608.37,52.1883,0.571277,1512.53,273169,308.825,28.9996,0.355795,279.459,154.955,23.1887,0.0718272,131.694,463.78,0,0,0
1200,4,0,219,1,1,1,4315.66,24628.6,1608.44,52.1883,0.536198,1512.63,273168,273.879,28.9996,0.320717,244.46,44.9578,23.1887,0.0718272,21.6973,318.837,0,0,0
1200,4,0,220,1,1,1,4320.58,18638.4,1602.78,46.3844,0.482746,1512.65,273169,82.6189,23.1957,0.267264,59.1559,126.215,23.1887,0.0718272,102.955,208.834,0,0,0
1200,4,0,221,1,1,1,4330.25,18748.7,1602.65,46.3844,0.517824,1512.49,273171,155.257,23.1957,0.302342,131.759,155.89,23.1887,0.0718272,132.629,311.147,0,0,0
1200,4,0,222,1,1,1,4328.07,18643,1602.79,46.3844,0.482746,1512.67,273169,124.676,23.1957,0.267264,101.213,149.929,23.1887,0.0718272,126.668,274.605,0,0,0
1200,4,0,223,1,1,1,4347.14,18787.2,1602.92,46.3844,0.908698,1512.37,273165,160.176,23.1957,0.658138,136.322,101.779,23.1887,0.106906,78.4835,261.955,0,0,0
1200,4,0,224,1,1,1,4331.84,24677,1608.61,52.1883,0.571277,1512.77,273165,338.204,28.9996,0.355795,308.848,113.179,23.1887,0.0718272,89.9187,451.383,0,0,0
1200,4,0,225,1,1,1,4341.06,18673,1602.99,46.3844,0.517824,1512.82,273165,154.085,23.1957,0.267264,130.622,139.339,23.1887,0.106906,116.043,293.424,0,0,0
1200,4,0,226,1,1,1,4337.6,18653,1602.93,46.3844,0.6264,1512.66,273166,76.8345,23.1957,0.267264,53.3715,120.743,23.1887,0.0718272,97.4827,197.578,0,0,0
1200,4,0,227,1,1,2,4422.75,18739.3,1625.38,69.5741,0.733306,1512.51,273166,118.706,23.1957,0.267264,95.2429,177.549,46.3784,0.322387,130.848,296.255,1,0,0
1200,4,0,228,1,1,1,4314.06,18650.5,1602.64,46.3844,0.482746,1512.51,273171,80.4333,23.1957,0.267264,56.9703,133.92,23.1887,0.0718272,110.66,214.353,0,0,0
1200,4,0,229,1,1,1,4318.15,24696.2,1608.56,52.1883,0.731635,1512.55,273165,314.432,28.9996,0.516154,284.917,64.6753,23.1887,0.0718272,41.4147,379.108,0,0,0
1200,4,0,230,1,1,1,4318.8,18659.5,1602.97,46.3844,0.517824,1512.81,273165,156.422,23.1957,0.302342,132.924,105.875,23.1887,0.0718272,82.6147,262.297,0,0,0
1200,4,0,231,1,1,1,4315.34,24738.6,1608.49,52.1883,1.08743,1512.13,273166,335.489,28.9996,0.871949,305.618,80.3301,23.1887,0.0718272,57.0696,415.819,0,0,0
1200,4,0,232,1,1,1,4334.78,18658.3,1602.87,46.3844,0.482746,1512.75,273167,154.459,23.1957,0.267264,130.996,148.658,23.1887,0.0718272,125.398,303.117,0,0,0
1200,4,0,233,1,1,2,10426,24754.2,1625.4,69.5741,0.519494,1512.75,273166,115.156,23.1957,0.267264,91.6929,363.899,46.3784,0.108576,317.412,479.055,1,0,0
1200,4,0,234,1,1,1,4346.31,18833.5,1602.66,46.3844,0.713261,1512.3,273170,156.207,23.1957,0.497779,132.514,147.752,23.1887,0.0718272,124.491,303.959,0,0,0
1200,4,0,235,1,1,1,4452.09,18773.7,1603.09,46.3844,0.482746,1512.96,273163,150.016,23.1957,0.267264,126.553,157.622,23.1887,0.0718272,134.362,307.638,0,0,0
1200,4,0,236,1,1,1,4341.81,18670.2,1602.88,46.3844,0.678182,1512.55,273167,89.4488,23.1957,0.462701,65.7904,151.609,23.1887,0.0718272,128.348,241.058,0,0,0
1200,4,0,237,1,1,1,4337.7,18667.5,1602.93,46.3844,0.482746,1512.81,273166,106.204,23.1957,0.267264,82.7411,153.118,23.1887,0.0718272,129.857,259.322,0,0,0
1200,4,0,238,1,1,2,10344.6,30679.6,1630.71,75.3781,0.927072,1512.03,273170,341.758,28.9996,0.621389,312.137,271.592,46.3784,0.162029,225.051,613.349,1,0,0
1200,4,0,239,1,1,1,4335.08,18649.9,1602.7,46.3844,0.482746,1512.57,273170,108.249,23.1957,0.267264,84.7859,153.267,23.1887,0.0718272,130.007,261.516,0,0,0
1200,4,0,240,1,1,1,4341.11,18660.9,1602.67,46.3844,0.482746,1512.55,273171,152.207,23.1957,0.267264,128.744,144.991,23.1887,0.0718272,121.73,297.197,0,0,0
1200,4,0,241,1,1,1,4347.57,18725.8,1603.02,46.3844,0.482746,1512.89,273165,155.172,23.1957,0.267264,131.709,155.852,23.1887,0.0718272,132.591,311.024,0,0,0
1200,4,0,242,1,1,1,4358.5,18674.6,1602.92,46.3844,0.6264,1512.65,273166,84.7215,23.1957,0.267264,61.2585,131.476,23.1887,0.0718272,108.216,216.198,0,0,0
1200,4,0,243,1,1,1,4404.3,18720.6,1602.85,46.3844,0.517824,1512.69,273167,134.108,23.1957,0.267264,110.645,155.544,23.1887,0.106906,132.249,289.652,0,0,0
1200,4,0,244,1,1,1,4324.32,18739.4,1602.97,46.3844,0.482746,1512.85,273166,163.559,23.1957,0.267264,140.096,120.954,23.1887,0.0718272,97.6938,284.513,0,0,0
1200,4,0,245,1,0,0,-1,-1,1580.41,23.1957,0.267264,1512.99,273168,-1,-1,-1,-1,-1,-1,-1,-1,-1,0,0,0
1200,4,0,246,1,1,1,4348.26,24719.4,1608.4,52.1883,0.96215,1512.17,273167,345.329,28.9996,0.71159,315.618,98.1461,23.1887,0.106906,74.8505,443.475,0,0,0
1200,4,0,247,1,1,1,4326,18707.4,1602.64,46.3844,0.482746,1512.51,273171,133.431,23.1957,0.267264,109.968,62.0583,23.1887,0.0718272,38.7978,195.49,0,0,0
1200,4,0,248,1,1,1,4336.39,18671.3,1602.68,46.3844,0.482746,1512.55,273171,156.002,23.1957,0.267264,132.539,138.082,23.1887,0.0718272,114.821,294.084,0,0,0
1200,4,0,249,1,1,1,4321.61,18713,1602.85,46.3844,0.482746,1512.73,273168,159.357,23.1957,0.267264,135.894,110.485,23.1887,0.0718272,87.2242,269.842,0,0,0
1200,4,0,250,1,0,0,-1,-1,1580.2,23.1957,0.267264,1512.78,273172,-1,-1,-1,-1,-1,-1,-1,-1,-1,0,0,0
1200,4,0,251,1,1,1,4319.62,18654.3,1603.01,46.3844,0.517824,1512.85,273165,147.897,23.1957,0.302342,124.399,77.6824,23.1887,0.0718272,54.4219,225.58,0,0,0
1200,4,0,252,1,1,1,4362.26,18703.9,1602.93,46.3844,0.517824,1512.77,273166,150.026,23.1957,0.267264,126.563,154.62,23.1887,0.106906,131.324,304.646,0,0,0
1200,4,0,253,1,0,0,-1,-1,1580.45,23.1957,0.267264,1513.03,273167,-1,-1,-1,-1,-1,-1,-1,-1,-1,0,0,0
1200,4,0,254,1,1,1,4350.43,18664.4,1602.83,46.3844,0.50112,1512.69,273168,85.059,23.1957,0.267264,61.596,149.229,23.1887,0.0902016,125.95,234.288,0,0,0
1200,4,0,255,1,1,1,4328.52,18677.1,1602.99,46.3844,0.482746,1512.86,273165,145.581,23.1957,0.267264,122.118,85.7138,23.1887,0.0718272,62.4533,231.295,0,0,0
1200,4,0,256,1,1,1,4323.36,18654.6,1602.8,46.3844,0.517824,1512.64,273168,82.9626,23.1957,0.302342,59.4646,126.627,23.1887,0.0718272,103.366,209.589,0,0,0
1200,4,0,257,1,0,0,-1,-1,1586.03,28.9996,0.516154,1512.73,273167,-1,-1,-1,-1,-1,-1,-1,-1,-1,0,0,0
1200,4,0,258,0,0,0,-1,-1,1580.3,23.206,0.320717,1512.81,273170,-1,-1,-1,-1,-1,-1,-1,-1,-1,0,0,0
1200,4,0,259,1,1,1,4433.89,18750,1602.92,46.3844,0.482746,1512.79,273166,89.6161,23.1957,0.267264,66.1531,156.049,23.1887,0.0718272,132.788,245.665,0,0,0
1200,4,0,260,1,1,1,4343.4,18662.1,1602.79,46.3844,0.517824,1512.63,273168,82.7226,23.1957,0.302342,59.2245,125.199,23.1887,0.0718272,101.939,207.922,0,0,0
1200,4,0,261,1,1,1,4320.62,18664.7,1602.78,46.3844,0.482746,1512.65,273169,120.626,23.1957,0.267264,97.1632,151.19,23.1887,0.0718272,127.93,271.816,0,0,0
1200,4,0,262,1,1,1,4392.91,18792.5,1602.68,46.3844,0.482746,1512.55,273171,155.369,23.1957,0.267264,131.906,146.75,23.1887,0.0718272,123.49,302.119,0,0,0
1200,4,0,263,1,1,1,4327.05,18638.3,1602.7,46.3844,0.517824,1512.53,273170,87.9467,23.1957,0.267264,64.4837,150.563,23.1887,0.106906,127.267,238.51,0,0,0
1200,4,0,264,0,0,0,-1,-1,1580.26,23.206,1.10246,1511.99,273168,-1,-1,-1,-1,-1,-1,-1,-1,-1,0,0,0
1200,4,0,265,1,1,1,4323.56,18662.1,1602.99,46.3952,0.644774,1512.69,273165,153.779,23.2065,0.285638,130.287,108.212,23.1887,0.0718272,84.9519,261.991,0,0,0
1200,4,0,266,1,1,1,4348.04,18669.8,1602.91,46.3844,0.517824,1512.75,273166,82.4312,23.1957,0.267264,58.9682,122.215,23.1887,0.106906,98.9193,204.646,0,0,0
1200,4,0,267,1,1,1,4369.01,18757.6,1603.05,46.3844,0.482746,1512.92,273164,154.322,23.1957,0.267264,130.859,151.214,23.1887,0.0718272,127.953,305.535,0,0,0
1200,4,0,268,1,1,1,4335.71,18650.2,1602.85,46.3844,0.482746,1512.73,273168,72.2178,23.1957,0.267264,48.7549,120.649,23.1887,0.0718272,97.3888,192.867,0,0,0
1200,4,0,269,1,1,2,10374.8,24692.6,1625.6,69.5741,0.663149,1512.81,273162,85.7899,23.1957,0.267264,62.327,344.977,46.3784,0.108576,298.49,430.767,1,0,0
1200,4,0,270,1,1,1,4321.74,18718.7,1602.97,46.3844,0.517824,1512.81,273165,141.57,23.1957,0.302342,118.072,68.5267,23.1887,0.0718272,45.2662,210.097,0,0,0
1200,4,0,271,1,1,1,4346.63,18664.6,1602.9,46.3844,0.482746,1512.77,273167,148.259,23.1957,0.267264,124.797,160.712,23.1887,0.0718272,137.452,308.972,0,0,0
1200,4,0,272,1,1,2,10331.3,24687.6,1625.36,69.5741,0.519494,1512.71,273167,156.511,23.1957,0.267264,133.048,337.98,46.3784,0.108576,291.493,494.491,1,0,0
1200,4,0,273,1,1,1,4319.18,30644.1,1613.89,57.9922,0.785088,1512.2,273170,435.62,34.8035,0.569606,399.792,38.7078,23.1887,0.0718272,15.4473,474.328,0,0,0
1200,4,0,274,1,1,1,4362.82,18684.6,1602.87,46.3844,0.482746,1512.75,273167,121.052,23.1957,0.267264,97.5891,152.001,23.1887,0.0718272,128.74,273.053,0,0,0
1200,4,0,275,1,1,1,4319.5,24682,1608.39,52.1883,0.731635,1512.38,273168,343.668,28.9996,0.516154,314.153,107.139,23.1887,0.0718272,83.8781,450.807,0,0,0
1200,4,0,276,1,1,1,4329.82,18655.1,1602.81,46.3844,0.482746,1512.69,273168,153.674,23.1957,0.267264,130.211,108.46,23.1887,0.0718272,85.1992,262.134,0,0,0
1200,4,0,277,1,1,2,10338,30788.7,1631.09,75.3781,0.803462,1512.53,273164,341.761,28.9996,0.516154,312.245,226.587,46.3784,0.143654,180.065,568.348,1,0,0
1200,4,0,278,1,1,1,4354.14,18825.7,1602.97,46.3844,0.482746,1512.85,273166,151.559,23.1957,0.267264,128.096,86.4249,23.1887,0.0718272,63.1644,237.984,0,0,0
1200,4,0,279,1,1,1,4340.41,18673.2,1602.93,46.3844,0.482746,1512.81,273166,151.609,23.1957,0.267264,128.146,145.473,23.1887,0.0718272,122.212,297.082,0,0,0
1200,4,0,280,0,0,0,-1,-1,1585.81,29.0099,0.765043,1512.25,273170,-1,-1,-1,-1,-1,-1,-1,-1,-1,0,0,0
1200,4,0,281,1,0,0,-1,-1,1580.43,23.1957,0.462701,1512.81,273167,-1,-1,-1,-1,-1,-1,-1,-1,-1,0,0,0
1200,4,0,282,1,1,2,10349.1,24673.1,1625.18,69.5741,0.554573,1512.49,273170,73.8574,23.1957,0.302342,50.3593,307.373,46.3784,0.108576,260.886,381.23,1,0,0
1200,4,0,283,1,1,3,16345.5,30669.1,1647.7,92.7747,0.609696,1512.46,273169,107.926,23.2065,0.285638,84.434,563.08,69.5682,0.180403,493.331,671.006,2,0,0
1200,4,0,284,1,1,1,4317.58,18725.7,1602.79,46.3844,0.517824,1512.63,273169,148.814,23.1957,0.302342,125.316,86.23,23.1887,0.0718272,62.9695,235.044,0,0,0
1200,4,0,285,1,1,1,4458.61,24912.6,1608.48,52.1883,0.997229,1512.21,273166,345.193,28.9996,0.746669,315.447,109.545,23.1887,0.106906,86.2496,454.738,0,0,0
1200,4,0,286,1,1,1,4342.87,18662.4,1602.7,46.3844,0.482746,1512.57,273170,103.65,23.1957,0.267264,80.1873,154.565,23.1887,0.0718272,131.305,258.215,0,0,0
1200,4,0,287,1,1,2,4391.1,18763.6,1626.03,69.5741,1.46828,1512.44,273152,126.611,23.1957,0.462701,102.953,174.182,46.3784,0.287309,127.516,300.794,1,0,0
1200,4,0,288,1,1,2,10322.4,30823.5,1631.28,75.3781,0.87696,1512.64,273161,349.118,28.9996,0.481075,319.637,282.792,46.3784,0.25223,236.162,631.91,1,0,0
1200,4,0,289,1,1,1,4356.52,18750.8,1603.03,46.3844,0.678182,1512.71,273164,163.294,23.1957,0.462701,139.636,130.565,23.1887,0.0718272,107.304,293.859,0,0,0
1200,4,0,290,1,1,1,4316.3,18686.6,1602.68,46.3844,0.517824,1512.51,273171,156.422,23.1957,0.302342,132.924,95.9615,23.1887,0.0718272,72.701,252.383,0,0,0
1200,4,0,291,1,1,1,4316.94,18648.9,1602.79,46.3844,0.482746,1512.67,273169,147.572,23.1957,0.267264,124.109,76.6032,23.1887,0.0718272,53.3427,224.175,0,0,0
1200,4,0,292,1,1,1,4317.9,18775.7,1602.9,46.3844,0.587981,1512.67,273166,126.084,23.1957,0.372499,102.516,54.7597,23.1887,0.0718272,31.4992,180.844,0,0,0
1200,4,0,293,1,1,2,10329.5,24694.3,1625.34,69.5741,0.519494,1512.69,273167,143.421,23.1957,0.267264,119.958,360.017,46.3784,0.108576,313.53,503.438,1,0,0
1200,4,0,294,1,1,1,4317.51,18682.5,1602.94,46.3844,0.482746,1512.81,273166,157.354,23.1957,0.267264,133.891,133.537,23.1887,0.0718272,110.277,290.891,0,0,0
1200,4,0,295,1,1,1,4403.83,18794.2,1602.89,46.3844,0.713261,1512.53,273166,153.285,23.1957,0.497779,129.592,148.449,23.1887,0.0718272,125.188,301.734,0,0,0
1200,4,0,296,1,1,1,4328.62,24699,1608.63,52.1883,0.731635,1512.63,273164,317.3,28.9996,0.516154,287.784,66.4837,23.1887,0.0718272,43.2232,383.784,0,0,0
1200,4,0,297,1,1,1,4339.44,18657.1,1603.07,46.3844,0.482746,1512.95,273164,132.588,23.1957,0.267264,109.125,151.037,23.1887,0.0718272,127.776,283.625,0,0,0
1200,4,0,298,1,1,1,4336.86,18654.6,1602.83,46.3844,0.482746,1512.71,273168,85.3586,23.1957,0.267264,61.8956,131.967,23.1887,0.0718272,108.707,217.326,0,0,0
1200,4,0,299,1,1,1,4386.24,24717.3,1608.71,52.1883,0.983866,1512.46,273162,266.511,28.9996,0.481075,236.907,153.677,23.1887,0.0718272,130.417,420.188,0,0,0
1200,4,0,300,1,1,1,4329.68,18698.7,1602.71,46.3844,0.482746,1512.59,273170,147.121,23.1957,0.267264,123.658,83.2593,23.1887,0.0718272,59.9988,230.38,0,0,0
1200,4,0,301,1,1,1,4326.84,24760.2,1608.62,52.1883,0.50112,1512.85,273165,342.783,28.9996,0.285638,313.497,108.209,23.1887,0.0718272,84.9483,450.991,0,0,0
1200,4,0,302,1,1,1,4322.95,18638.4,1602.85,46.3844,0.482746,1512.73,273168,76.8345,23.1957,0.267264,53.3715,120.929,23.1887,0.0718272,97.6686,197.764,0,0,0
1200,4,0,303,1,1,1,4386.42,18744.5,1602.92,46.3844,0.6264,1512.65,273166,150.911,23.1957,0.267264,127.448,155.944,23.1887,0.0718272,132.683,306.855,0,0,0
1200,4,0,304,1,1,1,4333.83,18707.8,1602.65,46.3844,0.517824,1512.49,273171,150.202,23.1957,0.302342,126.704,111.894,23.1887,0.0718272,88.6337,262.096,0,0,0
1200,4,0,305,1,1,1,4315.34,18650.2,1602.99,46.3844,0.482746,1512.86,273165,145.451,23.1957,0.267264,121.988,84.1256,23.1887,0.0718272,60.8651,229.577,0,0,0
1200,4,0,306,1,1,1,4317.9,24654.4,1608.45,52.1883,1.08743,1512.09,273167,338.566,28.9996,0.871949,308.695,107.117,23.1887,0.0718272,83.8564,445.683,0,0,0
1200,4,0,307,1,1,2,4416.21,18863.8,1625.36,69.5741,0.716602,1512.51,273166,160.438,23.1957,0.267264,136.975,133.749,46.3784,0.305683,87.0654,294.188,1,0,0
1200,4,0,308,1,1,1,4377.24,18709.6,1602.61,46.3844,0.517824,1512.45,273172,115.682,23.1957,0.302342,92.1838,155.164,23.1887,0.0718272,131.904,270.846,0,0,0
1200,4,0,309,1,1,1,4325.83,18668.4,1602.97,46.3844,0.482746,1512.84,273166,157,23.1957,0.267264,133.537,104.171,23.1887,0.0718272,80.911,261.172,0,0,0
1200,4,0,310,1,1,1,4334.29,18648.8,1602.66,46.3844,0.482746,1512.53,273171,81.7021,23.1957,0.267264,58.2391,120.989,23.1887,0.0718272,97.7281,202.691,0,0,0
1200,4,0,311,1,1,1,4338.73,18685.5,1602.74,46.3844,0.482746,1512.61,273170,161.328,23.1957,0.267264,137.865,130.292,23.1887,0.0718272,107.032,291.62,0,0,0
1200,4,0,312,1,0,0,-1,-1,1580.46,23.1957,0.267264,1513.04,273167,-1,-1,-1,-1,-1,-1,-1,-1,-1,0,0,0
1200,4,0,313,1,0,0,-1,-1,1580.21,23.1957,0.462701,1512.59,273171,-1,-1,-1,-1,-1,-1,-1,-1,-1,0,0,0
1200,4,0,314,1,1,1,4316.23,18654.4,1603.03,46.3844,0.678182,1512.71,273164,151.195,23.1957,0.462701,127.536,142.681,23.1887,0.0718272,119.42,293.875,0,0,0
1200,4,0,315,1,1,1,4340.39,18678.3,1602.73,46.3844,0.519494,1512.57,273169,142.594,23.1957,0.267264,119.131,160.215,23.1887,0.108576,136.918,302.809,0,0,0
1200,4,0,316,1,1,1,4329.7,18734.1,1603.18,46.3844,0.6264,1512.91,273161,155.986,23.1957,0.267264,132.523,150.149,23.1887,0.0718272,126.888,306.135,0,0,0
1200,4,0,317,1,1,1,4427.51,18761.6,1602.95,46.3844,0.482746,1512.82,273166,88.6126,23.1957,0.267264,65.1497,152.094,23.1887,0.0718272,128.834,240.707,0,0,0
1200,4,0,318,1,1,1,4365.17,24787.6,1608.31,52.1883,0.731635,1512.31,273170,299.349,28.9996,0.516154,269.791,156.68,23.1887,0.0718272,133.42,456.029,0,0,0
1200,4,0,319,1,1,1,4321.22,18662.7,1603.01,46.3844,0.482746,1512.89,273165,144.695,23.1957,0.267264,121.232,83.0427,23.1887,0.0718272,59.7822,227.738,0,0,0
1200,4,0,320,0,0,0,-1,-1,1580.25,23.206,0.746669,1512.34,273169,-1,-1,-1,-1,-1,-1,-1,-1,-1,0,0,0
1200,4,0,321,1,0,0,-1,-1,1580.36,23.1957,0.267264,1512.94,273169,-1,-1,-1,-1,-1,-1,-1,-1,-1,0,0,0
1200,4,0,322,1,0,0,-1,-1,1586.07,28.9996,0.320717,1512.96,273167,-1,-1,-1,-1,-1,-1,-1,-1,-1,0,0,0
1200,4,0,323,0,0,0,-1,-1,1580.5,23.206,0.907027,1512.42,273165,-1,-1,-1,-1,-1,-1,-1,-1,-1,0,0,0
1200,4,0,324,1,1,1,4321.54,18670.1,1602.87,46.3844,0.517824,1512.71,273167,82.1388,23.1957,0.267264,58.6759,122.89,23.1887,0.106906,99.5943,205.029,0,0,0
1200,4,0,325,1,1,1,4315.66,36648.3,1620.04,63.7961,1.51505,1512,273159,714.308,40.6075,1.29957,671.931,109.541,23.1887,0.0718272,86.2803,823.848,0,0,0
1200,4,0,326,1,1,1,4329.35,18650.9,1602.63,46.3844,0.587981,1512.4,273171,152.787,23.1957,0.302342,129.289,148.102,23.1887,0.141984,124.771,300.889,0,0,0
1200,4,0,327,1,1,1,4326.54,18651.6,1602.83,46.3844,0.482746,1512.71,273168,82.1875,23.1957,0.267264,58.7246,138.538,23.1887,0.0718272,115.278,220.726,0,0,0
1200,4,0,328,1,1,1,4362.84,24797.3,1608.63,52.1883,0.644774,1512.71,273164,299.733,28.9996,0.285638,270.404,156.756,23.1887,0.0718272,133.496,456.489,0,0,0
1200,4,0,329,1,1,1,4315.98,30668.3,1614.38,57.9922,0.75001,1512.73,273162,525.775,34.8035,0.534528,490.24,106.834,23.1887,0.0718272,83.5731,632.608,0,0,0
1200,4,0,330,1,0,0,-1,-1,1580.39,23.2065,0.285638,1512.94,273168,-1,-1,-1,-1,-1,-1,-1,-1,-1,0,0,0
1200,4,0,331,1,1,1,4322.63,18690.7,1602.99,46.3844,0.678182,1512.67,273165,146.603,23.1957,0.462701,122.945,85.1092,23.1887,0.0718272,61.8487,231.712,0,0,0
1200,4,0,332,1,1,1,4367.01,24750.8,1608.47,52.1883,0.801792,1512.4,273166,336.915,28.9996,0.516154,307.399,143.447,23.1887,0.141984,120.117,480.362,0,0,0
1200,4,0,333,1,1,1,4400.31,18807.1,1602.81,46.3844,0.517824,1512.65,273168,155.361,23.1957,0.267264,131.898,151.75,23.1887,0.106906,128.455,307.112,0,0,0
1200,4,0,334,1,0,0,-1,-1,1580.45,23.1957,0.462701,1512.83,273167,-1,-1,-1,-1,-1,-1,-1,-1,-1,0,0,0
1200,4,0,335,1,1,1,4354.49,18726.8,1603.47,46.3844,1.01727,1512.81,273155,153.278,23.1957,0.658138,129.424,145.184,23.1887,0.0718272,121.923,298.462,0,0,0
1200,4,0,336,1,1,1,4432.21,18757.6,1602.84,46.3844,0.517824,1512.68,273168,137.586,23.1957,0.267264,114.123,157.986,23.1887,0.106906,134.69,295.572,0,0,0
1200,4,0,337,1,1,1,4377.48,18726.5,1602.86,46.3844,0.6264,1512.59,273167,121.606,23.1957,0.267264,98.1432,153.623,23.1887,0.0718272,130.363,275.229,0,0,0
1200,4,0,338,1,1,1,4333.67,18714.4,1602.76,46.3844,0.821837,1512.3,273168,154.467,23.1957,0.462701,130.808,153.123,23.1887,0.0718272,129.863,307.59,0,0,0
1200,4,0,339,1,1,1,4326.66,18640,1602.64,46.3844,0.482746,1512.51,273171,84.4706,23.1957,0.267264,61.0077,131.334,23.1887,0.0718272,108.073,215.804,0,0,0
1200,4,0,340,1,1,2,10316.9,24642,1625.14,69.5741,0.554573,1512.45,273170,88.0972,23.1957,0.302342,64.5992,354.292,46.3784,0.108576,307.805,442.389,1,0,0
1200,4,0,341,1,1,1,4317.95,18666.8,1602.66,46.3844,0.482746,1512.53,273171,150.145,23.1957,0.267264,126.683,85.6416,23.1887,0.0718272,62.3811,235.787,0,0,0
1200,4,0,342,1,1,3,10385.8,24751.1,1647.98,92.7639,1.09244,1512.27,273162,122.877,23.1957,0.337421,99.3434,384.781,69.5682,0.611366,314.602,507.658,2,0,0
1200,4,0,343,1,1,1,4371.64,18709.2,1602.87,46.3844,0.517824,1512.71,273167,149.012,23.1957,0.267264,125.549,159.583,23.1887,0.106906,136.288,308.595,0,0,0
1200,4,0,344,1,1,1,4368.49,18684.9,1602.81,46.3844,0.482746,1512.69,273168,153.486,23.1957,0.267264,130.023,106.514,23.1887,0.0718272,83.2536,260,0,0,0
1200,4,0,345,0,0,0,-1,-1,1585.92,29.0099,0.8352,1512.29,273168,-1,-1,-1,-1,-1,-1,-1,-1,-1,0,0,0
1200,4,0,346,1,1,1,4376.31,18714.9,1602.7,46.3844,0.482746,1512.57,273170,150.284,23.1957,0.267264,126.821,147.359,23.1887,0.0718272,124.098,297.643,0,0,0
1200,4,0,347,1,1,1,4315.98,18816.9,1602.92,46.3844,0.552902,1512.73,273166,156.679,23.1957,0.337421,133.146,105.215,23.1887,0.0718272,81.9542,261.893,0,0,0
1200,4,0,348,1,1,1,4316.42,18659.7,1602.83,46.3844,0.482746,1512.71,273168,152.694,23.1957,0.267264,129.231,107.574,23.1887,0.0718272,84.313,260.267,0,0,0
1200,4,0,349,1,1,1,4329.32,18641.6,1602.8,46.3844,0.661478,1512.49,273168,120.191,23.1957,0.267264,96.7283,153.804,23.1887,0.106906,130.509,273.996,0,0,0
1200,4,0,350,1,1,1,4316.3,18657.8,1602.85,46.3844,0.482746,1512.73,273168,130.894,23.1957,0.267264,107.431,59.759,23.1887,0.0718272,36.4985,190.653,0,0,0
1200,4,0,351,1,1,1,4316.3,30707.5,1614.02,57.9922,1.49668,1511.63,273166,412.58,34.8035,1.2812,375.963,31.8929,23.1887,0.0718272,8.63236,444.473,0,0,0
1200,4,0,352,1,1,1,4346.86,18672.9,1602.79,46.3844,0.482746,1512.67,273169,83.2253,23.1957,0.267264,59.7623,133.673,23.1887,0.0718272,110.412,216.898,0,0,0
1200,4,0,353,1,1,1,4323.88,18639.3,1602.81,46.3844,0.482746,1512.69,273168,86.7844,23.1957,0.267264,63.3214,148.759,23.1887,0.0718272,125.499,235.543,0,0,0
1200,4,0,354,1,1,1,4324.2,24746.2,1608.7,52.1883,1.10246,1512.32,273161,343.147,28.9996,0.851904,313.295,103.021,23.1887,0.106906,79.7252,446.168,0,0,0
1200,4,0,355,1,1,1,4322.79,18640.5,1602.77,46.3844,0.6264,1512.5,273169,121.081,23.1957,0.267264,97.618,153.879,23.1887,0.0718272,130.619,274.96,0,0,0
1200,4,0,356,1,1,3,16352.1,30672.7,1647.98,92.7639,0.556243,1512.81,273164,84.0284,23.1957,0.267264,60.5655,538.669,69.5682,0.145325,468.956,622.698,2,0,0
1200,4,0,357,1,0,0,-1,-1,1580.44,23.1957,0.302342,1512.98,273167,-1,-1,-1,-1,-1,-1,-1,-1,-1,0,0,0
1200,4,0,358,1,0,0,-1,-1,1580.62,23.1957,0.267264,1513.2,273164,-1,-1,-1,-1,-1,-1,-1,-1,-1,0,0,0
1200,4,0,359,1,1,1,4473.11,18819,1602.49,46.3844,0.696557,1512.14,273173,114.962,23.1957,0.337421,91.4294,159.16,23.1887,0.0718272,135.9,274.123,0,0,0
1200,4,0,360,1,1,1,4368.43,18732.5,1602.8,46.3844,0.517824,1512.64,273168,159.204,23.1957,0.267264,135.741,114.003,23.1887,0.106906,90.7074,273.207,0,0,0
1200,4,0,361,1,1,1,4338.68,18652.5,1602.7,46.3844,0.6264,1512.43,273170,122.644,23.1957,0.267264,99.181,150.41,23.1887,0.0718272,127.15,273.054,0,0,0
1200,4,0,362,1,1,1,4328.26,24719.3,1608.54,52.1883,0.696557,1512.58,273166,341.72,28.9996,0.481075,312.239,156.619,23.1887,0.0718272,133.358,498.339,0,0,0
1200,4,0,363,1,1,2,10355.9,24686.7,1625.24,69.5741,0.519494,1512.59,273169,121.341,23.1957,0.267264,97.8779,361.573,46.3784,0.108576,315.086,482.913,1,0,0
1200,4,0,364,1,1,1,4328.9,36700.6,1619.62,63.7961,1.42485,1511.67,273166,709.356,40.6075,1.20937,667.049,110.017,23.1887,0.0718272,86.7567,819.373,0,0,0
1200,4,0,365,1,1,1,4336.94,18651.1,1602.81,46.3844,0.482746,1512.69,273168,84.1313,23.1957,0.267264,60.6684,141.459,23.1887,0.0718272,118.198,225.59,0,0,0
1200,4,0,366,1,0,0,-1,-1,1580.58,23.1957,0.302342,1513.12,273165,-1,-1,-1,-1,-1,-1,-1,-1,-1,0,0,0
1200,4,0,367,1,1,1,4324.13,18714.6,1602.63,46.3844,0.482746,1512.51,273172,151.651,23.1957,0.267264,128.188,145.743,23.1887,0.0718272,122.483,297.394,0,0,0
1200,4,0,368,1,1,1,4318.86,18645.1,1602.85,46.3844,0.482746,1512.73,273168,148.96,23.1957,0.267264,125.497,84.9612,23.1887,0.0718272,61.7007,233.921,0,0,0
1200,4,0,369,1,0,0,-1,-1,1580.42,23.1957,0.603014,1512.66,273166,-1,-1,-1,-1,-1,-1,-1,-1,-1,0,0,0
1200,4,0,370,1,1,1,4352.34,18676.2,1602.72,46.3844,0.50112,1512.57,273170,122.05,23.1957,0.267264,98.5872,155.302,23.1887,0.0902016,132.023,277.352,0,0,0
1200,4,0,371,1,1,1,4371.47,18764,1603.13,46.3844,0.678182,1512.81,273162,152.22,23.1957,0.462701,128.561,146.981,23.1887,0.0718272,123.721,299.201,0,0,0
1200,4,0,372,1,1,1,4317.9,18654.9,1602.83,46.3844,0.482746,1512.71,273168,143.029,23.1957,0.267264,119.566,83.6491,23.1887,0.0718272,60.3886,226.678,0,0,0
1200,4,0,373,1,0,0,-1,-1,1580.38,23.1957,0.267264,1512.96,273168,-1,-1,-1,-1,-1,-1,-1,-1,-1,0,0,0
1200,4,0,374,1,0,0,-1,-1,1580.57,23.1957,0.267264,1513.14,273165,-1,-1,-1,-1,-1,-1,-1,-1,-1,0,0,0
1200,4,0,375,1,0,0,-1,-1,1580.48,23.1957,0.267264,1513.06,273167,-1,-1,-1,-1,-1,-1,-1,-1,-1,0,0,0
1200,4,0,376,1,0,0,-1,-1,1591.67,34.8035,0.765043,1512.5,273166,-1,-1,-1,-1,-1,-1,-1,-1,-1,0,0,0
1200,4,0,377,1,1,1,4354.07,18666.6,1602.7,46.3844,0.482746,1512.57,273170,88.8545,23.1957,0.267264,65.3915,153.95,23.1887,0.0718272,130.689,242.804,0,0,0
1200,4,0,378,1,1,1,4353.73,18675.1,1602.81,46.3844,0.482746,1512.69,273168,87.7499,23.1957,0.267264,64.287,149.245,23.1887,0.0718272,125.984,236.995,0,0,0
1200,4,0,379,1,1,1,4363.91,18684.6,1603.12,46.3844,0.482746,1513,273163,150.465,23.1957,0.267264,127.002,112.78,23.1887,0.0718272,89.5199,263.245,0,0,0
1200,4,0,380,1,1,2,10357.9,24697.7,1625.64,69.5741,0.841882,1512.67,273161,88.072,23.1957,0.302342,64.5739,355.503,46.3784,0.395885,308.729,443.575,1,0,0
1200,4,0,381,1,1,1,4317.8,18740.5,1602.66,46.3844,0.482746,1512.53,273171,133.433,23.1957,0.267264,109.97,58.6599,23.1887,0.0718272,35.3993,192.093,0,0,0
1200,4,0,382,1,1,1,4366.78,18690.2,1602.95,46.3844,0.517824,1512.79,273166,82.5178,23.1957,0.267264,59.0549,127.878,23.1887,0.106906,104.583,210.396,0,0,0
1200,4,0,383,1,1,1,4341.02,24707.9,1608.31,52.1883,0.731635,1512.31,273170,340.869,28.9996,0.516154,311.353,109.781,23.1887,0.0718272,86.5203,450.65,0,0,0
1200,4,0,384,1,1,1,4342.44,18674.5,1602.97,46.3844,0.517824,1512.81,273165,121.122,23.1957,0.267264,97.6595,154.434,23.1887,0.106906,131.139,275.557,0,0,0
1200,4,0,385,1,1,1,4331.36,30787,1614.17,58.003,1.03398,1512.23,273164,528.011,34.8143,0.818496,492.171,85.3727,23.1887,0.0718272,62.1122,613.383,0,0,0
1200,4,0,386,1,1,1,4318.15,18692,1602.9,46.3844,0.482746,1512.77,273167,114.212,23.1957,0.267264,90.749,49.7893,23.1887,0.0718272,26.5288,164.001,0,0,0
1200,4,0,387,1,1,1,4341.48,24689.8,1608.39,52.1883,1.07073,1512.05,273167,224.717,28.9996,0.676512,194.794,152.66,23.1887,0.106906,129.364,377.377,0,0,0
1200,4,0,388,1,1,1,4371.28,18763.6,1602.98,46.3844,0.6264,1512.71,273165,154.389,23.1957,0.267264,130.926,150.241,23.1887,0.0718272,126.98,304.629,0,0,0
1200,4,0,389,1,1,1,4349.94,18682.8,1603.05,46.3844,0.678182,1512.73,273164,87.2144,23.1957,0.462701,63.556,150.744,23.1887,0.0718272,127.484,237.959,0,0,0
1200,4,0,390,1,1,1,4349.84,18704.2,1602.68,46.3844,0.482746,1512.55,273171,153.732,23.1957,0.267264,130.269,152.854,23.1887,0.0718272,129.594,306.586,0,0,0
1200,4,0,391,1,1,1,4351.38,18754.2,1602.64,46.3844,0.517824,1512.47,273171,153.396,23.1957,0.267264,129.933,149.709,23.1887,0.106906,126.414,303.105,0,0,0
1200,4,0,392,1,1,1,4338.95,18659.5,1602.87,46.3844,0.482746,1512.75,273167,84.0086,23.1957,0.267264,60.5456,137.219,23.1887,0.0718272,113.959,221.228,0,0,0
1200,4,0,393,1,1,1,4364.66,18679.8,1602.85,46.3844,0.770054,1512.44,273167,129.015,23.1957,0.267264,105.552,149.817,23.1887,0.0718272,126.556,278.832,0,0,0
1200,4,0,394,1,1,1,4339.18,24667,1608.42,52.1883,0.945446,1512.2,273167,340.046,28.9996,0.58631,310.46,108.669,23.1887,0.0718272,85.4086,448.715,0,0,0
1200,4,0,395,1,0,0,-1,-1,1585.99,28.9996,0.516154,1512.69,273168,-1,-1,-1,-1,-1,-1,-1,-1,-1,0,0,0
1200,4,0,396,1,1,1,4321.54,18706.8,1602.68,46.3844,0.482746,1512.55,273171,158.868,23.1957,0.267264,135.405,102.145,23.1887,0.0718272,78.8842,261.013,0,0,0
1200,4,0,397,1,1,1,4331.85,30687.6,1613.79,57.9922,1.24612,1511.64,273170,418.765,34.8035,0.995558,382.457,34.7651,23.1887,0.106906,11.4695,453.53,0,0,0
1200,4,0,398,1,1,1,4317.83,24653,1608.81,52.1883,0.96215,1512.58,273160,240.146,28.9996,0.746669,210.2,35.2931,23.1887,0.0718272,12.0326,275.439,0,0,0
1200,4,0,399,1,1,1,4321.95,18677,1602.83,46.3844,0.482746,1512.71,273168,154.479,23.1957,0.267264,131.016,155.265,23.1887,0.0718272,132.005,309.744,0,0,0
1200,4,0,400,1,1,1,4334.98,18749.5,1602.73,46.3844,0.552902,1512.53,273169,158.219,23.1957,0.302342,134.721,105.692,23.1887,0.106906,82.3963,263.911,0,0,0
1200,4,0,401,0,0,0,-1,-1,1563.41,5.80392,0.24889,1512.86,273171,-1,-1,-1,-1,-1,-1,-1,-1,-1,0,0,0
1200,4,0,402,1,1,1,4327.18,18678.5,1602.81,46.3844,0.482746,1512.69,273168,149.447,23.1957,0.267264,125.984,153.509,23.1887,0.0718272,130.249,302.956,0,0,0
1200,4,0,403,1,1,1,4315.98,18760.6,1602.63,46.3844,0.482746,1512.51,273172,158.736,23.1957,0.267264,135.273,139.396,23.1887,0.0718272,116.135,298.132,0,0,0
1200,4,0,404,1,1,1,4341.9,18682.2,1602.68,46.3844,0.482746,1512.55,273171,153.419,23.1957,0.267264,129.956,148.878,23.1887,0.0718272,125.618,302.298,0,0,0
1200,4,0,405,1,1,1,4434.77,24791,1608.53,52.1883,0.696557,1512.56,273166,223.622,28.9996,0.481075,193.89,155.666,23.1887,0.0718272,132.406,379.288,0,0,0
1200,4,0,406,1,1,1,4332.87,18647,1602.75,46.3844,0.482746,1512.63,273169,82.451,23.1957,0.267264,58.9881,121.225,23.1887,0.0718272,97.9645,203.676,0,0,0
1200,4,0,407,1,1,1,4338.28,18686.6,1602.96,46.3844,0.482746,1512.83,273166,81.6281,23.1957,0.267264,58.1651,132.843,23.1887,0.0718272,109.582,214.471,0,0,0
1200,4,0,408,1,1,1,4324.17,18687.1,1602.81,46.3844,0.482746,1512.69,273168,149.456,23.1957,0.267264,125.993,74.0404,23.1887,0.0718272,50.7799,223.496,0,0,0
1200,4,0,409,1,1,1,4381.77,18703.4,1602.86,46.3844,0.696557,1512.53,273167,81.9411,23.1957,0.302342,58.443,123.123,23.1887,0.106906,99.8271,205.064,0,0,0
1200,4,0,410,1,1,2,10315.7,24679.7,1625.34,69.5741,0.75001,1512.46,273166,155.711,23.1957,0.497779,132.018,207.053,46.3784,0.108576,160.566,362.764,1,0,0
1200,4,0,411,1,1,1,4337.03,18793.8,1602.9,46.3844,0.517824,1512.74,273166,149.947,23.1957,0.267264,126.484,85.8716,23.1887,0.106906,62.576,235.819,0,0,0
1200,4,0,412,1,1,2,10341.4,24677.7,1625.14,69.5741,0.554573,1512.45,273171,86.6263,23.1957,0.302342,63.1283,354.877,46.3784,0.108576,308.39,441.503,1,0,0
1200,4,0,413,1,1,1,4411.29,18764,1602.86,46.3844,0.6264,1512.59,273167,150.566,23.1957,0.267264,127.103,156.624,23.1887,0.0718272,133.364,307.19,0,0,0
1200,4,0,414,1,1,2,10425.3,24811.6,1625.13,69.5741,0.699898,1512.3,273170,152.91,23.1957,0.267264,129.447,305.992,46.3784,0.288979,259.324,458.902,1,0,0
1200,4,0,415,1,1,1,4319.4,24717.5,1608.66,52.1883,0.571277,1512.82,273164,314.815,28.9996,0.355795,285.46,62.5095,23.1887,0.0718272,39.249,377.325,0,0,0
1200,4,0,416,1,1,1,4323.27,18642.9,1603.01,46.3844,0.482746,1512.89,273165,89.5096,23.1957,0.267264,66.0467,153.276,23.1887,0.0718272,130.016,242.786,0,0,0
1200,4,0,417,1,1,1,4343.3,18663.5,1603.02,46.3844,0.6264,1512.75,273164,132.644,23.1957,0.267264,109.181,150.809,23.1887,0.0718272,127.549,283.454,0,0,0
1200,4,0,418,1,1,2,10324.2,24648.7,1625.28,69.5741,0.519494,1512.63,273168,87.9214,23.1957,0.267264,64.4584,351.283,46.3784,0.108576,304.796,439.205,1,0,0
1200,4,0,419,1,1,1,4382.12,18754.2,1602.84,46.3844,0.856915,1512.34,273167,156.763,23.1957,0.497779,133.07,154.06,23.1887,0.0718272,130.799,310.823,0,0,0
1200,4,0,420,1,1,1,4378.94,18771.1,1603.01,46.3844,0.517824,1512.85,273165,154.909,23.1957,0.302342,131.411,151.241,23.1887,0.0718272,127.98,306.15,0,0,0
1200,4,0,421,1,1,1,4454.11,18786.2,1602.85,46.3844,0.482746,1512.73,273168,114.986,23.1957,0.267264,91.5232,158.731,23.1887,0.0718272,135.47,273.717,0,0,0
1200,4,0,422,1,1,1,4340.41,18707.1,1602.95,46.3844,0.482746,1512.83,273166,157.782,23.1957,0.267264,134.319,134.012,23.1887,0.0718272,110.752,291.794,0,0,0
1200,4,0,423,1,0,0,-1,-1,1580.62,23.1957,0.497779,1512.96,273164,-1,-1,-1,-1,-1,-1,-1,-1,-1,0,0,0
1200,4,0,424,1,1,1,4326.47,18762.2,1602.81,46.3844,0.552902,1512.61,273168,149.262,23.1957,0.302342,125.764,85.8445,23.1887,0.106906,62.549,235.106,0,0,0
1200,4,0,425,1,1,1,4368.12,18781.2,1602.88,46.3844,0.552902,1512.69,273167,157.175,23.1957,0.337421,133.642,92.9312,23.1887,0.0718272,69.6707,250.106,0,0,0
1200,4,0,426,1,1,1,4333.77,24702.2,1608.52,52.1883,0.50112,1512.75,273167,338.973,28.9996,0.285638,309.687,148.851,23.1887,0.0718272,125.591,487.824,0,0,0
1200,4,0,427,1,1,2,10461.5,24778.5,1625.51,69.5741,0.554573,1512.83,273164,113.916,23.1957,0.267264,90.453,364.497,46.3784,0.143654,317.975,478.413,1,0,0
1200,4,0,428,1,0,0,-1,-1,1580.27,23.1957,0.267264,1512.85,273170,-1,-1,-1,-1,-1,-1,-1,-1,-1,0,0,0
1200,4,0,429,1,1,1,4319.5,18702.2,1602.91,46.3844,0.482746,1512.79,273167,133.982,23.1957,0.267264,110.519,63.7295,23.1887,0.0718272,40.469,197.711,0,0,0
1200,4,0,430,1,1,1,4319.18,24657.3,1608.27,52.1883,0.766714,1512.23,273170,272.27,28.9996,0.551232,242.612,46.7698,23.1887,0.0718272,23.5093,319.04,0,0,0
1200,4,0,431,1,1,1,4356.78,18692.2,1602.97,46.3844,0.517824,1512.81,273165,120.515,23.1957,0.302342,97.017,151.273,23.1887,0.0718272,128.013,271.788,0,0,0
1200,4,0,432,1,1,1,4351.09,18681.4,1602.6,46.3844,0.696557,1512.26,273171,139.013,23.1957,0.267264,115.551,154.282,23.1887,0.141984,130.951,293.295,0,0,0
1200,4,0,433,1,1,1,4331.38,18722.4,1602.9,46.3844,0.978854,1512.28,273165,148.212,23.1957,0.763373,124.253,79.9222,23.1887,0.0718272,56.6617,228.135,0,0,0
1200,4,0,434,1,1,1,4336.67,18753,1602.83,46.3844,0.482746,1512.71,273168,158.399,23.1957,0.267264,134.936,106.027,23.1887,0.0718272,82.7663,264.426,0,0,0
1200,4,0,435,1,1,1,4333.37,18749.8,1603.09,46.3844,0.482746,1512.96,273163,144.137,23.1957,0.267264,120.674,71.1581,23.1887,0.0718272,47.8976,215.295,0,0,0
1200,4,0,436,1,1,1,4349.01,18698.6,1602.8,46.3844,0.661478,1512.5,273168,156.596,23.1957,0.267264,133.133,155.494,23.1887,0.106906,132.198,312.089,0,0,0
1200,4,0,437,1,1,1,4366.81,18683.3,1602.79,46.3844,0.517824,1512.63,273168,99.2555,23.1957,0.267264,75.7926,156.403,23.1887,0.106906,133.108,255.659,0,0,0
1200,4,0,438,1,1,1,4371.12,18693.8,1602.84,46.3844,0.6264,1512.57,273167,83.0178,23.1957,0.267264,59.5548,139.266,23.1887,0.0718272,116.005,222.284,0,0,0
1200,4,0,439,1,1,3,16347.3,30663.7,1647.8,92.7639,0.591322,1512.59,273167,135.048,23.1957,0.267264,111.585,553.323,69.5682,0.180403,483.575,688.371,2,0,0
1200,4,0,440,1,1,1,4387.87,18706,1602.65,46.3844,0.482746,1512.53,273171,82.2489,23.1957,0.267264,58.7859,127.959,23.1887,0.0718272,104.698,210.208,0,0,0
1200,4,0,441,1,1,1,4317.51,18697.2,1602.65,46.3844,0.552902,1512.45,273171,146.865,23.1957,0.302342,123.367,84.7923,23.1887,0.106906,61.4968,231.657,0,0,0
1200,4,0,442,1,1,1,4403.74,18720.2,1602.87,46.3844,0.50112,1512.73,273167,90.5438,23.1957,0.267264,67.0808,155.233,23.1887,0.0902016,131.954,245.777,0,0,0
1200,4,0,443,1,1,1,4500.14,19015.8,1602.98,46.3844,0.823507,1512.51,273164,162.37,23.1957,0.302342,138.872,110.012,23.1887,0.0902016,86.7333,272.382,0,0,0
1200,4,0,444,1,1,1,4316.36,18709,1602.75,46.3844,0.517824,1512.59,273169,152.39,23.1957,0.302342,128.892,109.629,23.1887,0.0718272,86.3687,262.019,0,0,0
1200,4,0,445,1,1,1,4393.8,24743.6,1608.47,52.1883,0.83687,1512.36,273166,342.149,28.9996,0.621389,312.528,133.902,23.1887,0.0718272,110.641,476.051,0,0,0
1200,4,0,446,1,1,1,4321.14,18636.6,1603.06,46.3844,0.482746,1512.93,273164,101.669,23.1957,0.267264,78.2056,153.17,23.1887,0.0718272,129.91,254.839,0,0,0
1200,4,0,447,1,1,1,4320.9,18699.2,1603.11,46.3844,0.873619,1512.6,273162,155.108,23.1957,0.658138,131.254,151.968,23.1887,0.0718272,128.708,307.076,0,0,0
1200,4,0,448,1,1,1,4335.94,24682.8,1608.95,52.1883,1.51338,1512.16,273157,281.022,28.9996,1.2979,250.642,48.7154,23.1887,0.0718272,25.4549,329.738,0,0,0
1200,4,0,449,1,1,1,4332.09,18678.9,1602.83,46.3844,0.482746,1512.71,273168,152.898,23.1957,0.267264,129.435,156.41,23.1887,0.0718272,133.149,309.307,0,0,0
1200,4,0,450,1,1,1,4325,30698.8,1614.26,57.9922,1.44156,1511.92,273162,523.822,34.8035,1.22607,487.587,103.803,23.1887,0.0718272,80.5428,627.626,0,0,0
1200,4,0,451,1,1,1,4324.91,24672.8,1608.72,52.1883,0.927072,1512.52,273162,237.219,28.9996,0.71159,207.298,33.1129,23.1887,0.0718272,9.8524,270.332,0,0,0
1200,4,0,452,1,1,1,4349.78,18664.6,1602.85,46.3844,0.554573,1512.65,273167,85.6708,23.1957,0.267264,62.2078,147.945,23.1887,0.143654,124.612,233.616,0,0,0
1200,4,0,453,1,1,2,4340.4,24717.4,1630.75,75.3781,0.912038,1512.08,273170,276.07,28.9996,0.481075,246.487,73.698,46.3784,0.287309,27.0323,349.768,1,0,0
1200,4,0,454,1,1,1,4356.34,18693.1,1602.85,46.3844,0.482746,1512.73,273168,151.236,23.1957,0.267264,127.773,145.996,23.1887,0.0718272,122.735,297.232,0,0,0
1200,4,0,455,1,1,1,4318.66,24686.9,1608.44,52.1883,0.696557,1512.48,273168,332.599,28.9996,0.481075,303.118,85.2608,23.1887,0.0718272,62.0003,417.859,0,0,0
1200,4,0,456,1,1,1,4335.52,18657.3,1602.91,46.3844,0.482746,1512.79,273167,147.633,23.1957,0.267264,124.17,76.2115,23.1887,0.0718272,52.951,223.845,0,0,0
1200,4,0,457,1,1,1,4315.98,24678.1,1608.46,52.1883,1.12251,1512.07,273166,330.857,28.9996,0.907027,300.95,85.0514,23.1887,0.0718272,61.7909,415.908,0,0,0
1200,4,0,458,1,1,1,4341.15,18657.7,1602.61,46.3844,0.517824,1512.45,273172,73.8115,23.1957,0.267264,50.3485,119.529,23.1887,0.106906,96.2337,193.341,0,0,0
1200,4,0,459,1,1,1,4377.84,18830.6,1602.76,46.3844,0.552902,1512.56,273169,156.068,23.1957,0.302342,132.57,88.8676,23.1887,0.106906,65.572,244.935,0,0,0
1200,4,0,460,1,1,1,4316.94,18644.1,1602.6,46.3844,0.482746,1512.47,273172,137.275,23.1957,0.267264,113.812,67.1496,23.1887,0.0718272,43.8891,204.425,0,0,0
1200,4,0,461,1,1,1,4353.59,24928.6,1608.33,52.1883,0.910368,1512.15,273169,348.098,28.9996,0.551232,318.547,153.338,23.1887,0.0718272,130.077,501.436,0,0,0
1200,4,0,462,1,1,1,4357.17,18760.5,1603.04,46.3844,0.482746,1512.91,273164,152.142,23.1957,0.267264,128.679,145.9,23.1887,0.0718272,122.64,298.042,0,0,0
1200,4,0,463,1,1,1,4320.3,18647.5,1602.92,46.3844,0.482746,1512.79,273166,151.014,23.1957,0.267264,127.551,144.072,23.1887,0.0718272,120.812,295.086,0,0,0
1200,4,0,464,1,1,1,4319.18,24678.4,1608.57,52.1883,0.891994,1512.4,273165,331.195,28.9996,0.676512,301.519,84.7735,23.1887,0.0718272,61.513,415.969,0,0,0
1200,4,0,465,0,0,0,-1,-1,1580.57,23.206,0.71159,1512.7,273164,-1,-1,-1,-1,-1,-1,-1,-1,-1,0,0,0
1200,4,0,466,1,1,1,4322.25,18673.1,1602.63,46.3844,0.482746,1512.51,273172,146.408,23.1957,0.267264,122.945,85.342,23.1887,0.0718272,62.0815,231.75,0,0,0
1200,4,0,467,1,1,1,4385.21,18727,1602.77,46.3844,0.482746,1512.65,273169,158.217,23.1957,0.267264,134.754,113.97,23.1887,0.0718272,90.7092,272.186,0,0,0
1200,4,0,468,1,1,1,4335.34,18672.3,1603.04,46.3844,0.482746,1512.91,273164,79.6229,23.1957,0.267264,56.16,134.104,23.1887,0.0718272,110.844,213.727,0,0,0
1200,4,0,469,1,1,1,4325.97,18649.1,1602.95,46.3844,0.482746,1512.82,273166,140.04,23.1957,0.267264,116.577,156.247,23.1887,0.0718272,132.987,296.288,0,0,0
1200,4,0,470,1,1,1,4424.88,18741.6,1602.72,46.3844,0.482746,1512.59,273170,89.1938,23.1957,0.267264,65.7308,155.193,23.1887,0.0718272,131.933,244.387,0,0,0
1200,4,0,471,1,1,1,4326.7,18684.9,1602.67,46.3844,0.517824,1512.51,273171,153.53,23.1957,0.302342,130.032,109.048,23.1887,0.0718272,85.7876,262.578,0,0,0
1200,4,0,472,1,1,1,4324.63,18781.3,1602.8,46.3844,0.552902,1512.61,273168,150.337,23.1957,0.337421,126.803,79.9186,23.1887,0.0718272,56.6581,230.255,0,0,0
1200,4,0,473,1,1,1,4336.52,18783.8,1602.89,46.3952,0.571277,1512.67,273166,157.046,23.2065,0.285638,133.553,89.9224,23.1887,0.141984,66.5917,246.968,0,0,0
1200,4,0,474,1,1,1,4335.78,18843.5,1602.57,46.3844,0.606355,1512.32,273172,159.804,23.1957,0.372499,136.235,157.024,23.1887,0.0902016,133.745,316.827,0,0,0
1200,4,0,475,1,1,1,4352.49,24792.5,1608.26,52.1883,0.731635,1512.26,273171,335.59,28.9996,0.516154,306.074,157.063,23.1887,0.0718272,133.802,492.653,0,0,0
1200,4,0,476,1,1,1,4338.01,18720.3,1602.83,46.3844,0.482746,1512.71,273168,154.354,23.1957,0.267264,130.891,147.261,23.1887,0.0718272,124.001,301.615,0,0,0
1200,4,0,477,1,1,1,4358.87,18692.7,1602.69,46.3844,0.517824,1512.53,273170,134.787,23.1957,0.267264,111.324,154.07,23.1887,0.106906,130.774,288.856,0,0,0
1200,4,0,478,1,1,2,10344.9,24676.2,1625.5,69.5741,0.519494,1512.85,273164,122.182,23.1957,0.267264,98.719,359.761,46.3784,0.108576,313.274,481.943,1,0,0
1200,4,0,479,1,1,1,4320.78,24655.2,1608.52,52.1883,0.891994,1512.36,273166,341.802,28.9996,0.676512,312.126,107.671,23.1887,0.0718272,84.4105,449.473,0,0,0
1200,4,0,480,1,1,1,4349.91,18666.8,1603.12,46.3844,0.770054,1512.71,273162,153.452,23.1957,0.267264,129.989,106.166,23.1887,0.0718272,82.9053,259.618,0,0,0
1200,4,0,481,1,1,1,4321.35,18717.9,1602.91,46.3844,0.517824,1512.75,273166,129.915,23.1957,0.267264,106.453,56.605,23.1887,0.106906,33.3094,186.52,0,0,0
1200,4,0,482,1,1,1,4374.75,24717.8,1608.51,52.1883,1.03231,1512.2,273165,278.298,28.9996,0.816826,248.391,157.803,23.1887,0.0718272,134.542,436.101,0,0,0
1200,4,0,483,1,1,1,4382.76,18703.1,1603.01,46.3844,1.01894,1512.35,273163,148.267,23.1957,0.267264,124.804,162.052,23.1887,0.177062,138.686,310.319,0,0,0
1200,4,0,484,1,1,1,4318.15,18724.1,1602.99,46.3844,0.517824,1512.83,273165,155.218,23.1957,0.302342,131.72,149.587,23.1887,0.0718272,126.327,304.805,0,0,0
1200,4,0,485,1,1,2,10328.8,24681.2,1625.44,69.5741,0.945446,1512.36,273164,151.746,23.1957,0.658138,127.892,297.063,46.3784,0.143654,250.541,448.808,1,0,0
1200,4,0,486,1,1,1,4376.38,18698.5,1602.85,46.3844,0.678182,1512.53,273167,84.0344,23.1957,0.462701,60.376,134.276,23.1887,0.0718272,111.015,218.31,0,0,0
1200,4,0,487,1,1,1,4387,30779.5,1614.34,57.9922,1.56684,1511.87,273160,529.518,34.8035,1.35135,493.171,131.866,23.1887,0.0718272,108.606,661.384,0,0,0
1200,4,0,488,1,1,1,4333.29,18779.6,1602.97,46.3844,0.678182,1512.65,273165,155.986,23.1957,0.462701,132.328,151.824,23.1887,0.0718272,128.563,307.81,0,0,0
1200,4,0,489,1,1,1,4387.87,18706.8,1602.97,46.3844,0.482746,1512.84,273166,158.011,23.1957,0.267264,134.548,114.865,23.1887,0.0718272,91.6044,272.876,0,0,0
1200,4,0,490,1,1,1,4362.07,18711.1,1602.84,46.3844,0.696557,1512.5,273167,114.594,23.1957,0.302342,91.0955,156.217,23.1887,0.106906,132.922,270.811,0,0,0
1200,4,0,491,1,1,1,4337.83,18720.6,1603.07,46.3844,0.821837,1512.61,273163,154.499,23.1957,0.462701,130.841,148.313,23.1887,0.0718272,125.053,302.812,0,0,0
1200,4,0,492,1,1,1,4332.46,18702.7,1602.68,46.3844,0.661478,1512.38,273170,154.508,23.1957,0.302342,131.01,102.939,23.1887,0.0718272,79.6783,257.447,0,0,0
1200,4,0,493,0,0,0,-1,-1,1585.94,29.0099,0.765043,1512.38,273168,-1,-1,-1,-1,-1,-1,-1,-1,-1,0,0,0
1200,4,0,494,1,1,1,4330.73,18648.8,1602.72,46.3844,0.482746,1512.59,273170,82.794,23.1957,0.267264,59.331,139.596,23.1887,0.0718272,116.336,222.39,0,0,0
1200,4,0,495,1,1,1,4337.5,24708.2,1608.45,52.1883,0.571277,1512.61,273167,341.006,28.9996,0.355795,311.651,110.369,23.1887,0.0718272,87.1087,451.376,0,0,0
1200,4,0,496,1,0,0,-1,-1,1580.27,23.1957,0.267264,1512.84,273170,-1,-1,-1,-1,-1,-1,-1,-1,-1,0,0,0
1200,4,0,497,1,0,0,-1,-1,1580.36,23.1957,0.267264,1512.94,273169,-1,-1,-1,-1,-1,-1,-1,-1,-1,0,0,0
1200,4,0,498,1,1,1,4334.34,18772.1,1602.73,46.3844,0.482746,1512.61,273170,149.602,23.1957,0.267264,126.139,86.1181,23.1887,0.0718272,62.8576,235.72,0,0,0
1200,4,0,499,1,1,1,4325.73,30671.2,1614.11,57.9922,0.785088,1512.42,273166,526.28,34.8035,0.569606,490.712,96.1203,23.1887,0.0718272,72.8598,622.4,0,0,0
1200,4,0,500,1,1,1,4338.59,18668.9,1602.7,46.3844,0.482746,1512.57,273170,83.0232,23.1957,0.267264,59.5602,126.744,23.1887,0.0718272,103.484,209.767,0,0,0
1200,4,0,501,1,1,1,4329.14,18724.1,1602.92,46.3844,0.482746,1512.79,273166,130.264,23.1957,0.267264,106.801,57.4073,23.1887,0.0718272,34.1468,187.671,0,0,0
1200,4,0,502,1,1,1,4320.58,24636.7,1608.68,52.1883,0.891994,1512.51,273163,236.053,28.9996,0.676512,206.168,32.7249,23.1887,0.0718272,9.46437,268.778,0,0,0
1200,4,0,503,1,1,1,4330.89,18767.6,1602.68,46.3844,0.482746,1512.55,273171,147.375,23.1957,0.267264,123.912,85.416,23.1887,0.0718272,62.1555,232.791,0,0,0
1200,4,0,504,1,1,1,4315.34,18722.3,1603,46.3844,0.678182,1512.68,273165,162.87,23.1957,0.462701,139.211,119.788,23.1887,0.0718272,96.5279,282.658,0,0,0
1200,4,0,505,1,1,1,4324.33,18652,1602.77,46.3844,0.482746,1512.65,273169,74.1345,23.1957,0.267264,50.6716,118.493,23.1887,0.0718272,95.2321,192.627,0,0,0
1200,4,0,506,1,1,1,4389.42,18737.5,1602.96,46.3844,0.913709,1512.4,273165,155.277,23.1957,0.267264,131.814,150.752,23.1887,0.0718272,127.491,306.028,0,0,0
1200,4,0,507,1,1,1,4322.95,18674.5,1602.77,46.3844,0.678182,1512.44,273169,121.441,23.1957,0.462701,97.7823,150.638,23.1887,0.0718272,127.377,272.079,0,0,0
1200,4,0,508,1,1,1,4326.22,18660.3,1602.75,46.3844,0.770054,1512.34,273169,108.377,23.1957,0.267264,84.914,153.255,23.1887,0.0718272,129.994,261.632,0,0,0
1200,4,0,509,1,1,1,4415.46,24781.6,1608.56,52.1883,0.891994,1512.4,273165,302.812,28.9996,0.676512,273.113,155.866,23.1887,0.0718272,132.606,458.679,0,0,0
1200,4,0,510,1,1,1,4315.66,18630.5,1602.82,46.3844,0.482746,1512.69,273168,82.4438,23.1957,0.267264,58.9809,125.448,23.1887,0.0718272,102.188,207.892,0,0,0
1200,4,0,511,1,1,1,4346.58,18658.5,1602.83,46.3844,0.482746,1512.71,273168,71.9886,23.1957,0.267264,48.5257,121.42,23.1887,0.0718272,98.1595,193.409,0,0,0
1200,4,0,512,1,1,1,4343.45,18664,1602.9,46.3844,0.482746,1512.77,273167,73.7339,23.1957,0.267264,50.2709,119.436,23.1887,0.0718272,96.176,193.17,0,0,0
1200,4,0,513,1,1,1,4322.64,24706.8,1608.72,52.1883,0.83687,1512.61,273162,345.746,28.9996,0.621389,316.125,136.725,23.1887,0.0718272,113.464,482.471,0,0,0
1200,4,0,514,1,1,1,4343.85,18660.6,1602.6,46.3844,0.482746,1512.47,273172,126.624,23.1957,0.267264,103.161,151.58,23.1887,0.0718272,128.319,278.204,0,0,0
1200,4,0,515,1,1,1,4318.54,18652.3,1602.68,46.3844,0.482746,1512.55,273171,143.636,23.1957,0.267264,120.173,83.4704,23.1887,0.0718272,60.2099,227.106,0,0,0
1200,4,0,516,1,1,1,4320.84,18754.3,1602.74,46.3844,0.678182,1512.42,273169,156.578,23.1957,0.462701,132.92,149.573,23.1887,0.0718272,126.313,306.151,0,0,0
1200,4,0,517,0,0,0,-1,-1,1580.25,23.206,0.355795,1512.73,273170,-1,-1,-1,-1,-1,-1,-1,-1,-1,0,0,0
1200,4,0,518,1,1,1,4360.66,18764.2,1608.52,52.1991,0.698227,1512.54,273166,158.265,29.0104,0.339091,128.915,146.915,23.1887,0.0718272,123.654,305.179,0,0,0
1200,4,0,519,1,0,0,-1,-1,1580.2,23.1957,0.337421,1512.71,273171,-1,-1,-1,-1,-1,-1,-1,-1,-1,0,0,0
1200,4,0,520,1,1,1,4337.32,24660.6,1608.53,52.1883,0.696557,1512.56,273166,207.201,28.9996,0.481075,177.426,156.37,23.1887,0.0718272,133.109,363.571,0,0,0
1200,4,0,521,1,1,1,4315.34,24657.8,1608.32,52.1883,0.536198,1512.52,273170,336.026,28.9996,0.320717,306.706,85.3528,23.1887,0.0718272,62.0923,421.379,0,0,0
1200,4,0,522,1,1,2,10473,24794.9,1625.27,69.5741,0.698227,1512.44,273168,113.916,23.1957,0.267264,90.453,365.523,46.3784,0.287309,318.858,479.439,1,0,0
1200,4,0,523,1,1,1,4338.29,18671.2,1602.89,46.3844,0.482746,1512.77,273167,149.277,23.1957,0.267264,125.814,158.77,23.1887,0.0718272,135.51,308.048,0,0,0
1200,4,0,524,1,1,1,4336.3,18817.2,1602.7,46.3844,0.856915,1512.2,273169,161.979,23.1957,0.497779,138.286,110.494,23.1887,0.0718272,87.2332,272.473,0,0,0
1200,4,0,525,1,1,1,4329.08,18653,1602.94,46.3844,0.517824,1512.78,273166,120.508,23.1957,0.302342,97.0098,152.41,23.1887,0.0718272,129.15,272.918,0,0,0
1200,4,0,526,1,1,1,4346.41,18760.4,1602.91,46.3844,0.552902,1512.71,273166,159.206,23.1957,0.302342,135.708,102.283,23.1887,0.106906,78.9871,261.489,0,0,0
1200,4,0,527,1,1,1,4318.54,18638.2,1602.77,46.3844,0.482746,1512.65,273169,143.336,23.1957,0.267264,119.873,83.7105,23.1887,0.0718272,60.45,227.046,0,0,0
1200,4,0,528,1,1,1,4315.02,18635.5,1602.75,46.3844,0.482746,1512.63,273169,82.5738,23.1957,0.267264,59.1108,125.919,23.1887,0.0718272,102.659,208.493,0,0,0
1200,4,0,529,1,1,1,4339.68,18657.4,1602.72,46.3844,0.770054,1512.3,273169,88.369,23.1957,0.267264,64.906,150.575,23.1887,0.0718272,127.314,238.944,0,0,0
1200,4,0,530,1,1,1,4348.36,18758.9,1602.79,46.3844,0.482746,1512.67,273169,148.808,23.1957,0.267264,125.345,86.7931,23.1887,0.0718272,63.5326,235.601,0,0,0
1200,4,0,531,1,1,1,4315.66,18669,1602.83,46.3844,0.482746,1512.71,273168,152.974,23.1957,0.267264,129.511,155.98,23.1887,0.0718272,132.72,308.954,0,0,0
1200,4,0,532,1,1,1,4326.34,18648.3,1602.72,46.3844,0.482746,1512.59,273170,84.6457,23.1957,0.267264,61.1827,131.505,23.1887,0.0718272,108.245,216.151,0,0,0
1200,4,0,533,1,1,1,4331.78,18681.3,1603.45,46.3844,0.873619,1512.93,273156,145.297,23.1957,0.658138,121.443,83.2124,23.1887,0.0718272,59.9518,228.509,0,0,0
1200,4,0,534,1,1,1,4354.64,24682.1,1608.37,52.1883,0.891994,1512.21,273168,198.847,28.9996,0.676512,168.852,153.778,23.1887,0.0718272,130.518,352.625,0,0,0
1200,4,0,535,1,1,2,10349.3,24670.9,1625.32,69.5741,0.519494,1512.67,273168,96.5736,23.1957,0.267264,73.1106,349.993,46.3784,0.108576,303.506,446.567,1,0,0
1200,4,0,536,1,1,1,4372.24,18738.8,1603.41,46.3844,1.06906,1512.7,273156,122.438,23.1957,0.853574,98.3887,153.979,23.1887,0.0718272,130.718,276.417,0,0,0
1200,4,0,537,1,1,1,4316.94,18699.3,1602.82,46.3844,0.873619,1512.3,273167,148.17,23.1957,0.658138,124.316,80.7416,23.1887,0.0718272,57.4811,228.912,0,0,0
1200,4,0,538,0,0,0,-1,-1,1580.43,23.206,0.781747,1512.48,273166,-1,-1,-1,-1,-1,-1,-1,-1,-1,0,0,0
1200,4,0,539,1,1,1,4323.95,18637.8,1602.72,46.3844,0.482746,1512.59,273170,84.7576,23.1957,0.267264,61.2946,139.511,23.1887,0.0718272,116.251,224.269,0,0,0
1200,4,0,540,1,1,1,4319.94,18636,1602.66,46.3844,0.482746,1512.53,273171,82.9022,23.1957,0.267264,59.4393,123.014,23.1887,0.0718272,99.7531,205.916,0,0,0
1200,4,0,541,1,1,1,4317.26,18660.2,1602.84,46.3844,0.482746,1512.71,273168,131.197,23.1957,0.267264,107.734,59.1724,23.1887,0.0718272,35.9119,190.369,0,0,0
1200,4,0,542,1,1,1,4442.36,18820.6,1602.98,46.3844,0.552902,1512.78,273165,153.907,23.1957,0.302342,130.409,148.634,23.1887,0.106906,125.338,302.541,0,0,0
1200,4,0,543,1,1,1,4336.01,18663,1602.79,46.3844,0.517824,1512.63,273168,149.399,23.1957,0.302342,125.901,157.911,23.1887,0.0718272,134.651,307.31,0,0,0
1200,4,0,544,1,1,1,4320.77,30665.9,1613.9,57.9922,1.1058,1511.89,273170,420.877,34.8035,0.890323,384.682,36.4139,23.1887,0.0718272,13.1534,457.291,0,0,0
1200,4,0,545,1,1,1,4356.58,18683.4,1602.92,46.3844,0.482746,1512.79,273166,150.447,23.1957,0.267264,126.984,112.409,23.1887,0.0718272,89.1481,262.855,0,0,0
1200,4,0,546,1,1,1,4373.63,18704.5,1602.67,46.3844,0.482746,1512.55,273171,89.8363,23.1957,0.267264,66.3733,154.641,23.1887,0.0718272,131.38,244.477,0,0,0
1200,4,0,547,1,1,1,4328.93,24716.7,1608.72,52.1883,1.28287,1512.17,273161,332.835,28.9996,1.06739,302.768,156.002,23.1887,0.0718272,132.741,488.837,0,0,0
1200,4,0,548,1,1,1,4318.86,18653.3,1602.85,46.3844,0.482746,1512.73,273168,148.476,23.1957,0.267264,125.013,76.9208,23.1887,0.0718272,53.6603,225.397,0,0,0
1200,4,0,549,1,1,1,4325.57,18795.9,1602.89,46.3844,0.482746,1512.77,273167,157.359,23.1957,0.267264,133.896,89.0725,23.1887,0.0718272,65.812,246.432,0,0,0
1200,4,0,550,1,1,1,4354.6,18764.8,1602.58,46.3844,0.517824,1512.42,273172,153.588,23.1957,0.302342,130.09,145.915,23.1887,0.0718272,122.654,299.503,0,0,0
1200,4,0,551,1,1,1,4370.65,18693,1602.91,46.3844,0.552902,1512.71,273166,130.534,23.1957,0.337421,107.001,151.416,23.1887,0.0718272,128.155,281.95,0,0,0
1200,4,0,552,1,1,1,4320.94,18652.5,1602.93,46.3844,0.552902,1512.73,273166,89.4996,23.1957,0.302342,66.0015,151.299,23.1887,0.106906,128.004,240.799,0,0,0
1200,4,0,553,1,1,1,4319.62,18648.8,1603.01,46.3844,0.482746,1512.89,273165,121.662,23.1957,0.267264,98.1992,152.482,23.1887,0.0718272,129.222,274.145,0,0,0
1200,4,0,554,1,1,1,4319.94,18666.8,1602.95,46.3844,0.482746,1512.82,273166,153.813,23.1957,0.267264,130.35,154.069,23.1887,0.0718272,130.808,307.882,0,0,0
1200,4,0,555,1,1,2,4392.11,18708.5,1625.24,69.5741,0.589651,1512.52,273169,88.295,23.1957,0.267264,64.832,175.521,46.3784,0.178733,128.964,263.816,1,0,0
1200,4,0,556,1,1,1,4320.26,18634.4,1602.64,46.3844,0.482746,1512.51,273171,87.1923,23.1957,0.267264,63.7293,149.416,23.1887,0.0718272,126.156,236.608,0,0,0
1200,4,0,557,1,1,2,10376,24719.6,1625.2,69.5741,0.537869,1512.53,273169,155.255,23.1957,0.267264,131.792,328.108,46.3784,0.12695,281.603,483.363,1,0,0
1200,4,0,558,1,0,0,-1,-1,1580.33,23.1957,0.462701,1512.71,273169,-1,-1,-1,-1,-1,-1,-1,-1,-1,0,0,0
1200,4,0,559,1,1,1,4318.92,18678.4,1602.71,46.3844,0.517824,1512.55,273170,143.871,23.1957,0.302342,120.373,84.122,23.1887,0.0718272,60.8615,227.993,0,0,0
1200,4,0,560,1,0,0,-1,-1,1580.44,23.1957,0.267264,1513.02,273167,-1,-1,-1,-1,-1,-1,-1,-1,-1,0,0,0
1200,4,0,561,1,1,1,4345.01,18669.4,1602.95,46.3844,0.482746,1512.82,273166,107.272,23.1957,0.267264,83.8095,152.558,23.1887,0.0718272,129.298,259.831,0,0,0
1200,4,0,562,1,1,1,4344.54,18793.7,1603.09,46.3844,0.678182,1512.77,273163,150.258,23.1957,0.462701,126.6,86.7046,23.1887,0.0718272,63.4441,236.963,0,0,0
1200,4,0,563,1,1,1,4317.26,18708.1,1603.03,46.3844,0.678182,1512.71,273164,146.966,23.1957,0.462701,123.308,84.6472,23.1887,0.0718272,61.3867,231.613,0,0,0
1200,4,0,564,1,1,1,4350.6,18670.9,1602.83,46.3844,0.482746,1512.71,273168,139.54,23.1957,0.267264,116.078,157.014,23.1887,0.0718272,133.754,296.555,0,0,0
1200,4,0,565,1,1,1,4325.73,18755.7,1603.08,46.3844,0.482746,1512.95,273164,156.722,23.1957,0.267264,133.259,149.024,23.1887,0.0718272,125.764,305.747,0,0,0
1200,4,0,566,1,1,1,4366.46,18680,1602.81,46.3844,0.696557,1512.47,273168,86.1942,23.1957,0.267264,62.7312,142.859,23.1887,0.141984,119.528,229.053,0,0,0
1200,4,0,567,1,1,1,4378.63,18729.6,1602.84,46.3844,0.552902,1512.65,273167,158.778,23.1957,0.267264,135.315,114.289,23.1887,0.141984,90.9583,273.067,0,0,0
1200,4,0,568,1,1,1,4336.71,18655.5,1602.8,46.3844,0.6264,1512.53,273168,123.155,23.1957,0.267264,99.6917,150.133,23.1887,0.0718272,126.872,273.287,0,0,0
1200,4,0,569,1,1,1,4317.58,18673.9,1602.94,46.3844,0.678182,1512.62,273166,121.679,23.1957,0.462701,98.0205,153.401,23.1887,0.0718272,130.141,275.08,0,0,0
1200,4,0,570,1,1,1,4329.47,18656.2,1602.77,46.3844,0.482746,1512.65,273169,140.609,23.1957,0.267264,117.146,70.2286,23.1887,0.0718272,46.9681,210.838,0,0,0
1200,4,0,571,1,1,1,4370.43,18712.7,1602.72,46.3844,0.482746,1512.59,273170,151.283,23.1957,0.267264,127.82,146.166,23.1887,0.0718272,122.905,297.448,0,0,0
1200,4,0,572,1,1,1,4332.53,18650,1602.69,46.3844,0.517824,1512.53,273170,81.6912,23.1957,0.267264,58.2283,123.39,23.1887,0.106906,100.094,205.081,0,0,0
1200,4,0,573,1,1,1,4389.15,18715.9,1602.79,46.3844,0.517824,1512.63,273168,115.786,23.1957,0.302342,92.2884,155.365,23.1887,0.0718272,132.104,271.151,0,0,0
1200,4,0,574,1,1,1,4419.8,18743.8,1602.84,46.3844,0.678182,1512.52,273167,119.266,23.1957,0.462701,95.6075,154.145,23.1887,0.0718272,130.884,273.41,0,0,0
1200,4,0,575,1,1,1,4323.21,18723.3,1602.69,46.3844,0.873619,1512.17,273170,146.452,23.1957,0.658138,122.598,72.102,23.1887,0.0718272,48.8415,218.554,0,0,0
1200,4,0,576,1,1,2,10329.9,24655.3,1625.44,69.5741,0.663149,1512.65,273165,113.896,23.1957,0.267264,90.4331,360.931,46.3784,0.25223,314.301,474.827,1,0,0
1200,4,0,577,1,1,1,4317.64,18721.3,1602.9,46.3844,0.482746,1512.77,273167,125.006,23.1957,0.267264,101.543,55.3499,23.1887,0.0718272,32.0893,180.356,0,0,0
1200,4,0,578,1,0,0,-1,-1,1580.44,23.1957,0.267264,1513.02,273167,-1,-1,-1,-1,-1,-1,-1,-1,-1,0,0,0
1200,4,0,579,1,1,1,4344.95,18674.9,1602.94,46.3844,0.482746,1512.81,273166,74.0804,23.1957,0.267264,50.6174,119.359,23.1887,0.0718272,96.0984,193.439,0,0,0
1200,4,0,580,1,1,1,4331.43,24711.6,1608.49,52.1883,1.12251,1512.09,273166,341.428,28.9996,0.907027,311.521,110.257,23.1887,0.0718272,86.9968,451.685,0,0,0
1200,4,0,581,1,1,1,4378.91,18752.2,1602.55,46.3844,0.766714,1512.14,273172,151.588,23.1957,0.302342,128.09,147.056,23.1887,0.177062,123.69,298.644,0,0,0
1200,4,0,582,1,1,1,4318.22,18631.4,1602.85,46.3844,0.482746,1512.73,273168,72.5625,23.1957,0.267264,49.0996,120.314,23.1887,0.0718272,97.0531,192.876,0,0,0
1200,4,0,583,1,1,1,4318.47,18641.2,1602.78,46.3844,0.482746,1512.65,273169,140.629,23.1957,0.267264,117.166,70.0915,23.1887,0.0718272,46.831,210.72,0,0,0
1200,4,0,584,1,1,1,4331.4,18754.6,1602.87,46.3844,0.482746,1512.75,273167,153.013,23.1957,0.267264,129.55,109.196,23.1887,0.0718272,85.9356,262.209,0,0,0
1200,4,0,585,1,1,1,4380.24,18712,1602.84,46.3844,0.805133,1512.39,273167,88.4303,23.1957,0.267264,64.9674,152.081,23.1887,0.106906,128.785,240.511,0,0,0
1200,4,0,586,1,1,1,4375.46,18690.4,1603.18,46.3844,0.770054,1512.77,273161,79.7023,23.1957,0.267264,56.2394,135.012,23.1887,0.0718272,111.751,214.714,0,0,0
1200,4,0,587,1,1,1,4318.26,18648.9,1602.95,46.3844,0.482746,1512.82,273166,140.17,23.1957,0.267264,116.707,69.1133,23.1887,0.0718272,45.8527,209.284,0,0,0
1200,4,0,588,1,1,1,4319.21,18637.3,1602.65,46.3844,0.482746,1512.53,273171,79.2945,23.1957,0.267264,55.8315,120.191,23.1887,0.0718272,96.9304,199.485,0,0,0
1200,4,0,589,1,1,1,4316.23,30754.7,1614.46,57.9922,1.53176,1512.03,273158,482.743,34.8035,1.31628,446.287,51.0039,23.1887,0.0718272,27.7434,533.747,0,0,0
1200,4,0,590,1,1,1,4340.81,24729.4,1608.45,52.1883,0.571277,1512.61,273167,291.081,28.9996,0.320717,261.7,49.6294,23.1887,0.106906,26.3338,340.71,0,0,0
1200,4,0,591,1,1,1,4332.95,18657.9,1602.64,46.3844,0.482746,1512.51,273171,159.85,23.1957,0.267264,136.387,125.549,23.1887,0.0718272,102.289,285.399,0,0,0
1200,4,0,592,1,1,1,4367.88,18748.9,1602.93,46.3844,0.661478,1512.63,273166,154.2,23.1957,0.302342,130.702,150.037,23.1887,0.0718272,126.776,304.237,0,0,0
1200,4,0,593,1,1,1,4442.57,18785.1,1602.99,46.3844,0.482746,1512.87,273165,115.058,23.1957,0.267264,91.5954,158.276,23.1887,0.0718272,135.015,273.334,0,0,0
1200,4,0,594,1,1,2,10327.2,24735,1625.25,69.5741,0.698227,1512.42,273168,153.088,23.1957,0.302342,129.59,290.299,46.3784,0.108576,243.812,443.387,1,0,0
1200,4,0,595,1,1,1,4324.42,18640.5,1602.85,46.3844,0.482746,1512.73,273168,137.079,23.1957,0.267264,113.616,153.464,23.1887,0.0718272,130.204,290.543,0,0,0
1200,4,0,596,1,1,1,4391.33,18711.8,1602.5,46.3844,0.517824,1512.34,273174,88.3473,23.1957,0.267264,64.8844,150.321,23.1887,0.106906,127.025,238.668,0,0,0
1200,4,0,597,1,1,1,4341.12,18676,1602.83,46.3844,0.482746,1512.71,273168,150.81,23.1957,0.267264,127.347,112.548,23.1887,0.0718272,89.2871,263.357,0,0,0
1200,4,0,598,1,1,1,4323.49,24661.4,1608.36,52.1883,0.536198,1512.55,273169,333.555,28.9996,0.320717,304.235,76.5653,23.1887,0.0718272,53.3048,410.121,0,0,0
1200,4,0,599,1,1,1,4396.49,18749.9,1602.67,46.3844,0.517824,1512.51,273171,159.162,23.1957,0.267264,135.699,114.951,23.1887,0.106906,91.655,274.113,0,0,0
1200,4,0,600,1,1,1,4382.87,18717.4,1602.77,46.3844,0.517824,1512.61,273169,115.369,23.1957,0.267264,91.9058,155.948,23.1887,0.106906,132.653,271.317,0,0,0
1200,4,0,601,1,1,1,4332.15,18693.1,1602.62,46.3844,0.517824,1512.46,273172,150.197,23.1957,0.302342,126.699,85.5803,23.1887,0.0718272,62.3197,235.777,0,0,0
1200,4,0,602,1,1,1,4314.7,24677.9,1608.76,52.1883,1.31795,1512.17,273160,270.718,28.9996,1.10246,240.5,42.4455,23.1887,0.0718272,19.185,313.164,0,0,0
1200,4,0,603,1,1,1,4330.89,18679.8,1602.79,46.3844,0.482746,1512.67,273169,84.2143,23.1957,0.267264,60.7514,124.8,23.1887,0.0718272,101.54,209.015,0,0,0
1200,4,0,604,1,1,1,4338.67,18712.2,1602.89,46.3844,0.517824,1512.73,273167,163.073,23.1957,0.267264,139.61,130.419,23.1887,0.106906,107.124,293.493,0,0,0
1200,4,0,605,1,1,1,4318.47,18640.1,1602.73,46.3844,0.482746,1512.61,273170,149.193,23.1957,0.267264,125.73,85.6615,23.1887,0.0718272,62.401,234.854,0,0,0
1200,4,0,606,1,1,1,4366.56,18725.1,1603.08,46.3844,0.748339,1512.69,273163,149.666,23.1957,0.462701,126.008,161.981,23.1887,0.141984,138.65,311.647,0,0,0
1200,4,0,607,1,1,1,4435.29,18811.8,1603.01,46.3844,0.517824,1512.85,273165,115.368,23.1957,0.302342,91.8697,157.61,23.1887,0.0718272,134.349,272.978,0,0,0
1200,4,0,608,1,0,0,-1,-1,1585.99,28.9996,0.320717,1512.88,273168,-1,-1,-1,-1,-1,-1,-1,-1,-1,0,0,0
1200,4,0,609,1,1,1,4420.19,18782.5,1602.8,46.3844,0.517824,1512.64,273168,153.364,23.1957,0.302342,129.866,148.615,23.1887,0.0718272,125.354,301.979,0,0,0
1200,4,0,610,1,1,1,4393.63,18713.6,1603.04,46.3844,0.482746,1512.91,273164,99.2429,23.1957,0.267264,75.7799,158.613,23.1887,0.0718272,135.353,257.856,0,0,0
1200,4,0,611,1,1,1,4346.1,18716.6,1602.91,46.3844,0.678182,1512.59,273166,152.422,23.1957,0.462701,128.763,143.706,23.1887,0.0718272,120.445,296.127,0,0,0
1200,4,0,612,1,1,1,4315.02,18668.2,1602.97,46.3844,0.482746,1512.85,273166,146.729,23.1957,0.267264,123.266,83.142,23.1887,0.0718272,59.8815,229.871,0,0,0
1200,4,0,613,1,1,1,4359.73,18850.1,1602.81,46.3844,0.517824,1512.65,273168,159.397,23.1957,0.267264,135.934,157.313,23.1887,0.106906,134.017,316.71,0,0,0
1200,4,0,614,1,1,1,4364.41,18689.4,1602.6,46.3844,0.517824,1512.44,273172,119.46,23.1957,0.267264,95.9973,153.81,23.1887,0.106906,130.514,273.27,0,0,0
1200,4,0,615,1,1,1,4315.02,24670.3,1608.59,52.1883,0.571277,1512.75,273165,330.627,28.9996,0.355795,301.272,82.8875,23.1887,0.0718272,59.627,413.515,0,0,0
1200,4,0,616,1,1,1,4333.8,18667.3,1602.77,46.3844,0.50112,1512.63,273169,151.223,23.1957,0.267264,127.76,143.146,23.1887,0.0902016,119.868,294.369,0,0,0
1200,4,0,617,1,1,1,4317.9,30675.7,1613.93,57.9922,1.0156,1512.01,273169,529.485,34.8035,0.800122,493.694,94.9544,23.1887,0.0718272,71.6939,624.439,0,0,0
1200,4,0,618,1,1,1,4319.5,24652.9,1608.4,52.1883,0.536198,1512.59,273169,241.726,28.9996,0.320717,212.21,36.6503,23.1887,0.0718272,13.3898,278.376,0,0,0
1200,4,0,619,1,1,1,4327.48,18649.9,1602.94,46.3844,0.6264,1512.67,273166,84.8496,23.1957,0.267264,61.3867,147.886,23.1887,0.0718272,124.625,232.735,0,0,0
1200,4,0,620,1,1,1,4320.97,18753.3,1602.97,46.3844,0.482746,1512.85,273166,156.435,23.1957,0.267264,132.972,149.611,23.1887,0.0718272,126.35,306.046,0,0,0
1200,4,0,621,1,1,1,4317.26,18652.7,1602.92,46.3844,0.482746,1512.79,273166,130.747,23.1957,0.267264,107.285,58.6996,23.1887,0.0718272,35.4391,189.447,0,0,0
1200,4,0,622,1,1,1,4372.44,18700.4,1603.01,46.3844,0.482746,1512.89,273165,105.293,23.1957,0.267264,81.8296,155.347,23.1887,0.0718272,132.086,260.639,0,0,0
1200,4,0,623,1,1,1,4340.39,18708.8,1602.85,46.3844,0.482746,1512.73,273168,143.473,23.1957,0.267264,120.01,160.155,23.1887,0.0718272,136.894,303.628,0,0,0
1200,4,0,624,1,1,1,4318.47,18642.3,1602.74,46.3844,0.482746,1512.61,273170,97.9561,23.1957,0.267264,74.4931,154.61,23.1887,0.0718272,131.35,252.566,0,0,0
1200,4,0,625,1,1,1,4371.27,18767.1,1602.86,46.3844,0.482746,1512.73,273168,155.058,23.1957,0.267264,131.595,146.469,23.1887,0.0718272,123.208,301.527,0,0,0
1200,4,0,626,1,1,1,4330.09,18665.6,1602.93,46.3844,0.482746,1512.81,273166,157.332,23.1957,0.267264,133.869,152.412,23.1887,0.0718272,129.151,309.744,0,0,0
1200,4,0,627,1,1,1,4318.92,18684.7,1602.83,46.3844,0.482746,1512.71,273168,145.801,23.1957,0.267264,122.338,85.0172,23.1887,0.0718272,61.7566,230.818,0,0,0
1200,4,0,628,1,1,1,4327.53,18662.5,1603.04,46.3844,0.482746,1512.91,273164,153.562,23.1957,0.267264,130.099,108.799,23.1887,0.0718272,85.5385,262.361,0,0,0
1200,4,0,629,1,1,1,4319.18,18644.6,1602.81,46.3844,0.482746,1512.69,273168,113.194,23.1957,0.267264,89.731,50.356,23.1887,0.0718272,27.0955,163.55,0,0,0
1200,4,0,630,1,0,0,-1,-1,1580.28,23.1957,0.267264,1512.86,273170,-1,-1,-1,-1,-1,-1,-1,-1,-1,0,0,0
1200,4,0,631,1,1,2,10328.9,24658.4,1625.14,69.5741,0.519494,1512.49,273171,94.7381,23.1957,0.267264,71.2752,349.816,46.3784,0.108576,303.329,444.554,1,0,0
1200,4,0,632,1,0,0,-1,-1,1585.92,28.9996,0.71159,1512.42,273169,-1,-1,-1,-1,-1,-1,-1,-1,-1,0,0,0
1200,4,0,633,1,0,0,-1,-1,1580.45,23.1957,0.407578,1512.88,273166,-1,-1,-1,-1,-1,-1,-1,-1,-1,0,0,0
1200,4,0,634,1,1,1,4356.4,18669.6,1602.95,46.3844,0.913709,1512.4,273165,110.707,23.1957,0.267264,87.244,153.908,23.1887,0.0718272,130.648,264.615,0,0,0
1200,4,0,635,1,1,1,4337.67,18649.9,1602.87,46.3844,0.482746,1512.75,273167,88.4303,23.1957,0.267264,64.9674,151.069,23.1887,0.0718272,127.809,239.5,0,0,0
1200,4,0,636,1,1,1,4366.35,24769.7,1608.43,52.1883,0.606355,1512.56,273168,342.141,28.9996,0.390874,312.75,157.222,23.1887,0.0718272,133.961,499.362,0,0,0
1200,4,0,637,1,1,1,4330.22,18653.4,1602.82,46.3844,0.6264,1512.55,273168,160.5,23.1957,0.267264,137.037,129.919,23.1887,0.0718272,106.658,290.418,0,0,0
1200,4,0,638,1,1,1,4325.46,18645.8,1602.87,46.3844,0.482746,1512.75,273167,83.1387,23.1957,0.267264,59.6757,137.284,23.1887,0.0718272,114.024,220.423,0,0,0
1200,4,0,639,1,1,1,4320.65,18704.6,1602.84,46.3952,0.50112,1512.69,273168,126.005,23.2065,0.285638,102.513,55.8227,23.1887,0.0718272,32.5622,181.827,0,0,0
1200,4,0,640,1,1,1,4387.98,18712,1603.04,46.3844,0.748339,1512.65,273163,121.341,23.1957,0.462701,97.683,152.791,23.1887,0.141984,129.46,274.132,0,0,0
1200,4,0,641,1,1,1,4340.99,18720.9,1602.9,46.3844,0.482746,1512.77,273167,156.823,23.1957,0.267264,133.36,154.888,23.1887,0.0718272,131.628,311.711,0,0,0
1200,4,0,642,1,1,1,4379.78,18699.9,1603.03,46.3844,0.517824,1512.87,273164,89.1396,23.1957,0.267264,65.6767,154.252,23.1887,0.106906,130.956,243.392,0,0,0
1200,4,0,643,1,1,1,4357.44,18777.9,1602.89,46.3844,0.536198,1512.71,273167,153.986,23.1957,0.267264,130.523,157.512,23.1887,0.12528,134.198,311.498,0,0,0
1200,4,0,644,1,0,0,-1,-1,1580.27,23.1957,0.267264,1512.85,273170,-1,-1,-1,-1,-1,-1,-1,-1,-1,0,0,0
1200,4,0,645,1,1,1,4399.56,24742.6,1608.67,52.1883,0.696557,1512.7,273164,342.076,28.9996,0.481075,312.595,134.342,23.1887,0.0718272,111.082,476.418,0,0,0
1200,4,0,646,1,1,1,4328.03,18643.2,1602.81,46.3844,0.517824,1512.65,273168,98.0265,23.1957,0.267264,74.5635,154.311,23.1887,0.106906,131.016,252.338,0,0,0
1200,4,0,647,1,1,1,4354.22,18672.1,1603.13,46.3844,0.661478,1512.83,273162,150.839,23.1957,0.267264,127.376,144.645,23.1887,0.106906,121.349,295.483,0,0,0
1200,4,0,648,1,1,1,4348.29,18726.5,1602.7,46.3844,0.713261,1512.34,273170,159.262,23.1957,0.462701,135.604,112.51,23.1887,0.106906,89.2149,271.773,0,0,0
1200,4,0,649,1,0,0,-1,-1,1580.37,23.1957,0.267264,1512.95,273169,-1,-1,-1,-1,-1,-1,-1,-1,-1,0,0,0
1200,4,0,650,1,1,1,4324.84,18665.3,1602.91,46.3844,0.482746,1512.79,273167,147.644,23.1957,0.267264,124.181,73.2751,23.1887,0.0718272,50.0146,220.919,0,0,0
1200,4,0,651,1,1,1,4348.61,18679.3,1602.81,46.3844,0.517824,1512.65,273168,86.4765,23.1957,0.302342,62.9785,147.562,23.1887,0.0718272,124.302,234.039,0,0,0
1200,4,0,652,1,1,1,4410.93,18725.7,1602.57,46.3844,0.6264,1512.3,273172,108.435,23.1957,0.267264,84.9718,155.605,23.1887,0.0718272,132.344,264.039,0,0,0
1200,4,0,653,1,1,1,4335.12,24773.5,1608.67,52.1883,0.606355,1512.79,273163,350.242,28.9996,0.390874,320.852,101.168,23.1887,0.0718272,77.9078,451.411,0,0,0
1200,4,0,654,1,1,1,4372.23,18697.4,1602.97,46.3844,0.517824,1512.81,273165,154.181,23.1957,0.267264,130.718,150.395,23.1887,0.106906,127.099,304.576,0,0,0
1200,4,0,655,1,1,1,4331.75,18673.4,1602.87,46.3844,0.482746,1512.75,273167,138.403,23.1957,0.267264,114.94,68.191,23.1887,0.0718272,44.9305,206.594,0,0,0
1200,4,0,656,1,1,1,4396.24,18758,1602.8,46.3844,0.713261,1512.44,273168,121.863,23.1957,0.462701,98.2046,154.773,23.1887,0.106906,131.478,276.636,0,0,0
1200,4,0,657,1,1,1,4351.22,18678,1602.93,46.3844,0.517824,1512.77,273166,138.807,23.1957,0.302342,115.309,156.511,23.1887,0.0718272,133.25,295.317,0,0,0
1200,4,0,658,1,1,1,4336.9,24756.7,1608.48,52.1883,0.641434,1512.57,273166,327.109,28.9996,0.425952,297.684,71.1003,23.1887,0.0718272,47.8398,398.21,0,0,0
1200,4,0,659,1,1,1,4317.9,18660.6,1602.97,46.3844,0.482746,1512.85,273166,145.662,23.1957,0.267264,122.199,85.647,23.1887,0.0718272,62.3865,231.309,0,0,0
1200,4,0,660,1,1,1,4352.75,18707.4,1602.87,46.3844,0.482746,1512.75,273167,156.643,23.1957,0.267264,133.18,105.834,23.1887,0.0718272,82.5732,262.476,0,0,0
1200,4,0,661,1,1,1,4319.41,18634.9,1602.77,46.3844,0.482746,1512.65,273169,86.7483,23.1957,0.267264,63.2853,149.237,23.1887,0.0718272,125.977,235.986,0,0,0
1200,4,0,662,1,1,1,4323.21,18701.3,1602.49,46.3844,0.713261,1512.13,273173,146.564,23.1957,0.497779,122.871,84.8908,23.1887,0.0718272,61.6303,231.455,0,0,0
1200,4,0,663,1,1,1,4349,18674,1602.55,46.3844,0.661478,1512.25,273172,74.0786,23.1957,0.267264,50.6156,118.948,23.1887,0.106906,95.6526,193.027,0,0,0
1200,4,0,664,1,1,1,4317.9,18653.6,1602.76,46.3844,0.678182,1512.44,273169,151.976,23.1957,0.462701,128.318,108.102,23.1887,0.0718272,84.8418,260.078,0,0,0
1200,4,0,665,1,1,1,4352.14,18671.7,1602.58,46.3844,0.770054,1512.16,273172,120.807,23.1957,0.267264,97.3437,152.293,23.1887,0.0718272,129.032,273.1,0,0,0
1200,4,0,666,1,1,1,4373.08,18726,1602.55,46.3844,0.552902,1512.36,273172,86.9602,23.1957,0.302342,63.4622,149.736,23.1887,0.106906,126.441,236.696,0,0,0
1200,4,0,667,1,1,1,4418.58,18817,1602.77,46.3844,0.678182,1512.45,273169,159.618,23.1957,0.462701,135.959,112.721,23.1887,0.0718272,89.4603,272.338,0,0,0
1200,4,0,668,1,1,1,4331.1,24689.1,1608.35,52.1883,0.676512,1512.4,273169,344.061,28.9996,0.46103,314.6,96.1979,23.1887,0.0718272,72.9374,440.259,0,0,0
1200,4,0,669,1,1,1,4374.07,18733.4,1603.07,46.3844,0.840211,1512.59,273162,108.628,23.1957,0.337421,85.0945,155.065,23.1887,0.0718272,131.805,263.693,0,0,0
1200,4,0,670,1,1,1,4341.77,18740.7,1602.67,46.3844,0.482746,1512.55,273171,156.941,23.1957,0.267264,133.478,105.303,23.1887,0.0718272,82.0426,262.244,0,0,0
1200,4,0,671,1,1,1,4405.76,18789.9,1602.66,46.3844,0.552902,1512.46,273171,154.641,23.1957,0.267264,131.178,151.466,23.1887,0.141984,128.135,306.107,0,0,0
1200,4,0,672,1,1,1,4350.82,18737.3,1602.68,46.3844,0.482746,1512.55,273171,154.966,23.1957,0.267264,131.503,107.916,23.1887,0.0718272,84.6559,262.883,0,0,0
1200,4,0,673,1,1,2,10328.2,24844.6,1625.23,69.5741,0.75001,1512.34,273169,156.783,23.1957,0.497779,133.09,290.169,46.3784,0.108576,243.682,446.952,1,0,0
1200,4,0,674,1,1,1,4351.91,18706,1602.78,46.3844,0.482746,1512.65,273169,138.642,23.1957,0.267264,115.179,156.321,23.1887,0.0718272,133.061,294.963,0,0,0
1200,4,0,675,1,1,1,4350.52,18860.2,1603.01,46.3952,0.910368,1512.44,273163,154.945,23.2065,0.551232,131.187,150.725,23.1887,0.0718272,127.464,305.67,0,0,0
1200,4,0,676,1,1,1,4357.29,18705.4,1603.1,46.3844,0.552902,1512.91,273163,138.501,23.1957,0.337421,114.968,156.588,23.1887,0.0718272,133.328,295.089,0,0,0
1200,4,0,677,1,1,1,4324.87,18699.3,1602.9,46.3844,0.482746,1512.77,273167,133.511,23.1957,0.267264,110.048,64.3197,23.1887,0.0718272,41.0592,197.83,0,0,0
1200,4,0,678,1,1,1,4323.27,18675,1602.94,46.3844,0.552902,1512.75,273166,151.33,23.1957,0.302342,127.832,143.88,23.1887,0.106906,120.584,295.21,0,0,0
1200,4,0,679,1,1,1,4323.68,18720.5,1602.91,46.3844,0.696557,1512.57,273166,152.362,23.1957,0.462701,128.704,107.211,23.1887,0.0902016,83.9322,259.573,0,0,0
1200,4,0,680,1,0,0,-1,-1,1580.65,23.1957,0.532858,1512.96,273163,-1,-1,-1,-1,-1,-1,-1,-1,-1,0,0,0
1200,4,0,681,1,1,1,4347.01,18675.3,1602.99,46.3844,0.6264,1512.73,273165,79.9532,23.1957,0.267264,56.4902,134.94,23.1887,0.0718272,111.679,214.893,0,0,0
1200,4,0,682,1,1,1,4318.22,24653.5,1608.83,52.1883,1.08743,1512.48,273160,279.683,28.9996,0.871949,249.727,49.7694,23.1887,0.0718272,26.5089,329.453,0,0,0
1200,4,0,683,1,1,1,4315.98,18743.5,1602.85,46.3844,0.482746,1512.73,273168,158.807,23.1957,0.267264,135.344,140.287,23.1887,0.0718272,117.027,299.094,0,0,0
1200,4,0,684,1,1,1,4344.38,18680.3,1602.77,46.406,0.928742,1512.18,273168,148.736,23.2173,0.534528,124.984,158.533,23.1887,0.106906,135.237,307.269,0,0,0
1200,4,0,685,1,1,1,4351.25,18779.2,1602.68,46.3844,0.482746,1512.55,273171,155.908,23.1957,0.267264,132.445,150.661,23.1887,0.0718272,127.401,306.57,0,0,0
1200,4,0,686,1,1,1,4333.53,18672.1,1603.05,46.3844,0.678182,1512.73,273164,81.773,23.1957,0.462701,58.1146,123.347,23.1887,0.0718272,100.087,205.12,0,0,0
1200,4,0,687,1,1,1,4316.04,18712.4,1603.18,46.3844,0.678182,1512.86,273161,126.81,23.1957,0.462701,103.152,55.7252,23.1887,0.0718272,32.4647,182.535,0,0,0
1200,4,0,688,1,1,1,4319.62,18635.4,1602.63,46.3844,0.482746,1512.51,273172,82.7272,23.1957,0.267264,59.2642,121.617,23.1887,0.0718272,98.3562,204.344,0,0,0
1200,4,0,689,1,1,1,4318.54,18632.9,1602.89,46.3844,0.482746,1512.77,273167,143.986,23.1957,0.267264,120.523,83.2376,23.1887,0.0718272,59.9771,227.223,0,0,0
1200,4,0,690,1,1,1,4327.18,18765.8,1602.81,46.3844,0.552902,1512.61,273168,160.131,23.1957,0.337421,136.598,100.82,23.1887,0.0718272,77.5595,260.951,0,0,0
1200,4,0,691,1,1,1,4373.92,18801.6,1602.83,46.3844,0.482746,1512.71,273168,154.432,23.1957,0.267264,130.969,88.1557,23.1887,0.0718272,64.8952,242.588,0,0,0
1200,4,0,692,1,1,1,4320.96,18720.6,1602.75,46.3844,0.482746,1512.63,273169,151.631,23.1957,0.267264,128.168,85.1976,23.1887,0.0718272,61.9371,236.828,0,0,0
1200,4,0,693,1,1,1,4332.47,18654.4,1602.81,46.3844,0.482746,1512.69,273168,70.8498,23.1957,0.267264,47.3868,121.404,23.1887,0.0718272,98.1432,192.254,0,0,0
1200,4,0,694,1,1,1,4403.74,18791.5,1602.75,46.3844,0.552902,1512.56,273169,154.161,23.1957,0.267264,130.698,89.1246,23.1887,0.141984,65.794,243.286,0,0,0
1200,4,0,695,1,1,1,4337.06,18655.4,1603.02,46.3844,0.6264,1512.75,273164,87.4756,23.1957,0.267264,64.0126,148.562,23.1887,0.0718272,125.302,236.038,0,0,0
1200,4,0,696,1,0,0,-1,-1,1580.29,23.1957,0.267264,1512.87,273170,-1,-1,-1,-1,-1,-1,-1,-1,-1,0,0,0
1200,4,0,697,1,1,1,4330.25,18644.4,1602.81,46.3844,0.482746,1512.69,273168,83.5231,23.1957,0.267264,60.0601,129.776,23.1887,0.0718272,106.516,213.299,0,0,0
1200,4,0,698,1,1,1,4315.02,18690,1602.95,46.3844,0.678182,1512.63,273165,147.764,23.1957,0.462701,124.105,81.7324,23.1887,0.0718272,58.4719,229.496,0,0,0
1200,4,0,699,1,1,1,4324.03,18645.3,1602.83,46.3844,0.713261,1512.47,273167,86.9437,23.1957,0.462701,63.2853,149.068,23.1887,0.106906,125.773,236.012,0,0,0
1200,4,0,700,1,1,1,4321.22,18736.1,1602.79,46.3844,0.517824,1512.63,273169,155.734,23.1957,0.302342,132.236,149.458,23.1887,0.0718272,126.197,305.191,0,0,0
1200,4,0,701,1,1,1,4333.53,18656.5,1602.92,46.3844,0.713261,1512.57,273166,82.8288,23.1957,0.462701,59.1704,123.124,23.1887,0.106906,99.8289,205.953,0,0,0
1200,4,0,702,1,1,1,4327.86,18640.9,1602.7,46.3844,0.50112,1512.55,273170,88.6866,23.1957,0.267264,65.2237,153.205,23.1887,0.0902016,129.926,241.891,0,0,0
1200,4,0,703,1,1,1,4379.61,18715.1,1602.89,46.3844,0.482746,1512.77,273167,131.677,23.1957,0.267264,108.214,152.176,23.1887,0.0718272,128.915,283.853,0,0,0
1200,4,0,704,1,1,1,4407.83,18793,1602.59,46.3844,0.517824,1512.43,273172,155.028,23.1957,0.302342,131.53,147.543,23.1887,0.0718272,124.282,302.571,0,0,0
1200,4,0,705,1,1,1,4315.66,18699.7,1602.7,46.3844,0.482746,1512.57,273170,153.17,23.1957,0.267264,129.707,143.106,23.1887,0.0718272,119.846,296.277,0,0,0
1200,4,0,706,1,1,1,4367.76,18706.8,1602.83,46.3844,0.517824,1512.67,273168,154.887,23.1957,0.267264,131.424,150,23.1887,0.106906,126.704,304.886,0,0,0
1200,4,0,707,1,1,1,4347.19,18725.5,1602.91,46.3844,0.552902,1512.71,273166,152.764,23.1957,0.267264,129.301,148.717,23.1887,0.141984,125.387,301.482,0,0,0
1200,4,0,708,1,0,0,-1,-1,1580,23.1957,0.407578,1512.44,273174,-1,-1,-1,-1,-1,-1,-1,-1,-1,0,0,0
1200,4,0,709,1,1,1,4325.58,18655.4,1602.89,46.3844,0.482746,1512.77,273167,143.096,23.1957,0.267264,119.633,84.297,23.1887,0.0718272,61.0365,227.393,0,0,0
1200,4,0,710,1,1,1,4315.98,18674.1,1602.81,46.3844,0.482746,1512.69,273168,114.075,23.1957,0.267264,90.6118,50.0257,23.1887,0.0718272,26.7652,164.1,0,0,0
1200,4,0,711,1,0,0,-1,-1,1591.69,34.8035,0.639763,1512.63,273166,-1,-1,-1,-1,-1,-1,-1,-1,-1,0,0,0
1200,4,0,712,1,0,0,-1,-1,1580.21,23.1957,0.267264,1512.79,273171,-1,-1,-1,-1,-1,-1,-1,-1,-1,0,0,0
1200,4,0,713,1,1,1,4329.5,18792.6,1602.93,46.3844,0.517824,1512.77,273166,157.9,23.1957,0.302342,134.402,148.099,23.1887,0.0718272,124.838,305.998,0,0,0
1200,4,0,714,1,1,1,4333.34,18661.2,1602.93,46.3844,0.770054,1512.51,273166,90.5745,23.1957,0.267264,67.1115,152.417,23.1887,0.0718272,129.157,242.992,0,0,0
1200,4,0,715,1,1,1,4318.47,18802,1602.67,46.3844,0.748339,1512.28,273170,152.124,23.1957,0.532858,128.395,85.9954,23.1887,0.0718272,62.7348,238.119,0,0,0
1200,4,0,716,1,1,1,4323.54,18782.5,1602.85,46.3844,0.50112,1512.71,273167,159.119,23.1957,0.267264,135.656,139.42,23.1887,0.0902016,116.141,298.539,0,0,0
1200,4,0,717,1,1,1,4320.71,18653.8,1602.46,46.3844,0.552902,1512.26,273174,119.548,23.1957,0.337421,96.0154,152.795,23.1887,0.0718272,129.534,272.343,0,0,0
1200,4,0,718,1,1,1,4340.84,24671.1,1608.46,52.1883,0.536198,1512.65,273168,335.288,28.9996,0.320717,305.968,145.399,23.1887,0.0718272,122.138,480.687,0,0,0
1200,4,0,719,1,1,1,4328.5,18652.9,1602.81,46.3844,0.821837,1512.34,273168,84.9891,23.1957,0.462701,61.3307,147.985,23.1887,0.0718272,124.724,232.974,0,0,0
1200,4,0,720,1,1,2,10318.3,30671.7,1630.91,75.3781,0.643104,1512.51,273167,346.9,28.9996,0.390874,317.509,202.339,46.3784,0.108576,155.852,549.239,1,0,0
1200,4,0,721,1,1,1,4316.94,36637.1,1619.31,63.7961,1.22941,1511.55,273172,646.776,40.6075,1.01393,604.491,47.1813,23.1887,0.0718272,23.9208,693.958,0,0,0
1200,4,0,722,1,1,1,4322.22,18780.7,1602.88,46.3844,0.678182,1512.56,273167,153.846,23.1957,0.462701,130.187,108.082,23.1887,0.0718272,84.822,261.928,0,0,0
1200,4,0,723,1,0,0,-1,-1,1580.25,23.1957,0.337421,1512.76,273170,-1,-1,-1,-1,-1,-1,-1,-1,-1,0,0,0
1200,4,0,724,1,1,1,4322.14,18639.5,1602.89,46.3844,0.482746,1512.77,273167,76.6594,23.1957,0.267264,53.1965,120.49,23.1887,0.0718272,97.23,197.15,0,0,0
1200,4,0,725,1,0,0,-1,-1,1580.48,23.1957,0.658138,1512.67,273166,-1,-1,-1,-1,-1,-1,-1,-1,-1,0,0,0
1200,4,0,726,1,1,1,4344.4,18675.5,1603.01,46.3844,0.517824,1512.85,273165,87.5197,23.1957,0.302342,64.0217,150.542,23.1887,0.0718272,127.282,238.062,0,0,0
1200,4,0,727,1,1,1,4321.35,24647.5,1608.3,52.1883,0.731635,1512.3,273170,337.455,28.9996,0.481075,307.975,113.559,23.1887,0.106906,90.2635,451.014,0,0,0
1200,4,0,728,1,1,1,4457.15,18830.2,1602.68,46.3844,0.536198,1512.5,273170,150.034,23.1957,0.302342,126.536,155.56,23.1887,0.0902016,132.281,305.594,0,0,0
1200,4,0,729,1,1,1,4321.51,18736.1,1602.82,46.406,0.714931,1512.44,273168,148.928,23.2173,0.49945,125.212,86.5025,23.1887,0.0718272,63.242,235.431,0,0,0
1200,4,0,730,1,1,1,4416.44,18758.3,1602.62,46.3844,0.482746,1512.49,273172,88.8491,23.1957,0.267264,65.3861,155.623,23.1887,0.0718272,132.362,244.472,0,0,0
1200,4,0,731,1,0,0,-1,-1,1580.42,23.1957,0.267264,1513,273168,-1,-1,-1,-1,-1,-1,-1,-1,-1,0,0,0
1200,4,0,732,1,1,1,4360.97,18675.5,1602.81,46.3844,0.517824,1512.65,273168,88.3257,23.1957,0.267264,64.8627,150.673,23.1887,0.106906,127.377,238.999,0,0,0
1200,4,0,733,1,0,0,-1,-1,1580.28,23.1957,0.302342,1512.82,273170,-1,-1,-1,-1,-1,-1,-1,-1,-1,0,0,0
1200,4,0,734,1,0,0,-1,-1,1580.61,23.1957,0.267264,1513.18,273164,-1,-1,-1,-1,-1,-1,-1,-1,-1,0,0,0
1200,4,0,735,1,1,1,4316.94,24633.2,1608.3,52.1883,0.731635,1512.3,273170,276.275,28.9996,0.516154,246.667,51.7204,23.1887,0.0718272,28.4599,327.996,0,0,0
1200,4,0,736,1,1,1,4330.7,18793,1603.03,46.3844,0.517824,1512.86,273164,158.186,23.1957,0.267264,134.723,156.672,23.1887,0.106906,133.377,314.858,0,0,0
1200,4,0,737,1,0,0,-1,-1,1580.38,23.1957,0.302342,1512.92,273168,-1,-1,-1,-1,-1,-1,-1,-1,-1,0,0,0
1200,4,0,738,1,1,1,4323.24,24688.9,1608.68,52.1883,0.696557,1512.71,273163,331.009,28.9996,0.481075,301.528,85.1688,23.1887,0.0718272,61.9082,416.177,0,0,0
1200,4,0,739,1,1,1,4323.27,18743.1,1602.97,46.3844,0.517824,1512.81,273165,155.277,23.1957,0.302342,131.779,155.773,23.1887,0.0718272,132.512,311.05,0,0,0
1200,4,0,740,1,1,1,4335.56,18651.8,1602.72,46.3844,0.482746,1512.59,273170,72.3532,23.1957,0.267264,48.8902,120.96,23.1887,0.0718272,97.6992,193.313,0,0,0
1200,4,0,741,1,1,2,10325.8,24637.8,1625.08,69.5741,0.806803,1512.14,273171,83.5032,23.1957,0.267264,60.0403,331.793,46.3784,0.25223,285.162,415.296,1,0,0
1200,4,0,742,1,1,1,4330.92,24727.5,1609.24,52.1883,1.4616,1512.51,273151,338.71,28.9996,1.10246,308.608,144.751,23.1887,0.0718272,121.49,483.461,0,0,0
1200,4,0,743,1,1,1,4374.29,18688.1,1602.83,46.3844,0.482746,1512.71,273168,134.012,23.1957,0.267264,110.549,154.318,23.1887,0.0718272,131.057,288.33,0,0,0
1200,4,0,744,1,0,0,-1,-1,1580.15,23.1957,0.302342,1512.69,273172,-1,-1,-1,-1,-1,-1,-1,-1,-1,0,0,0
1200,4,0,745,1,1,1,4318.22,48656,1630.66,75.404,1.4616,1511.42,273170,1039.32,52.2153,1.24612,984.688,67.0756,23.1887,0.0718272,43.8151,1106.4,0,0,0
1200,4,0,746,1,1,1,4326.28,18658.6,1602.68,46.3844,0.482746,1512.55,273171,155.489,23.1957,0.267264,132.027,105.626,23.1887,0.0718272,82.3657,261.116,0,0,0
1200,4,0,747,1,1,1,4325.45,18703.2,1602.8,46.3844,0.482746,1512.67,273169,133.964,23.1957,0.267264,110.501,64.7926,23.1887,0.0718272,41.5321,198.756,0,0,0
1200,4,0,748,1,1,1,4318.02,18632.8,1602.8,46.3844,0.482746,1512.67,273169,88.5441,23.1957,0.267264,65.0811,150.566,23.1887,0.0718272,127.305,239.11,0,0,0
1200,4,0,749,1,1,1,4320.58,24725.5,1608.5,52.1991,0.589651,1512.63,273167,302.798,29.0104,0.37417,273.384,54.2345,23.1887,0.0718272,30.974,357.032,0,0,0
1200,4,0,750,1,1,1,4342.08,18728.5,1602.91,46.3844,0.856915,1512.41,273166,157.003,23.1957,0.497779,133.31,96.9613,23.1887,0.0718272,73.7008,253.965,0,0,0
1200,4,0,751,1,1,1,4338.74,18661.4,1602.91,46.3844,0.482746,1512.79,273167,119.944,23.1957,0.267264,96.481,151.224,23.1887,0.0718272,127.964,271.168,0,0,0
1200,4,0,752,1,1,1,4339.24,18702.3,1602.68,46.3844,0.552902,1512.48,273170,87.1505,23.1957,0.337421,63.6174,148.6,23.1887,0.0718272,125.34,235.751,0,0,0
1200,4,0,753,1,1,1,4349.58,18741.8,1603.13,46.3844,0.908698,1512.58,273162,155.93,23.1957,0.693216,132.041,156.828,23.1887,0.0718272,133.568,312.758,0,0,0
1200,4,0,754,1,1,1,4316.94,24682.1,1608.65,52.1883,0.731635,1512.65,273164,340.82,28.9996,0.516154,311.305,108.631,23.1887,0.0718272,85.3706,449.451,0,0,0
1200,4,0,755,1,1,1,4334.44,18649.6,1602.83,46.3844,0.482746,1512.71,273168,86.7411,23.1957,0.267264,63.2781,149.337,23.1887,0.0718272,126.076,236.078,0,0,0
1200,4,0,756,1,0,0,-1,-1,1580.41,23.1957,0.267264,1512.98,273168,-1,-1,-1,-1,-1,-1,-1,-1,-1,0,0,0
1200,4,0,757,1,0,0,-1,-1,1580.56,23.1957,0.267264,1513.14,273165,-1,-1,-1,-1,-1,-1,-1,-1,-1,0,0,0
1200,4,0,758,1,1,1,4327.37,18668.5,1602.83,46.3844,0.482746,1512.71,273168,144.899,23.1957,0.267264,121.436,84.8908,23.1887,0.0718272,61.6303,229.79,0,0,0
1200,4,0,759,1,0,0,-1,-1,1580.4,23.1957,0.267264,1512.98,273168,-1,-1,-1,-1,-1,-1,-1,-1,-1,0,0,0
1200,4,0,760,1,1,1,4324.55,24668.7,1608.13,52.1883,0.801792,1512.05,273172,336.653,28.9996,0.516154,307.137,155.355,23.1887,0.141984,132.025,492.008,0,0,0
1200,4,0,761,1,1,1,4329.73,24769.3,1608.37,52.2207,0.591322,1512.47,273169,332.428,29.032,0.37584,303.021,85.6236,23.1887,0.0718272,62.3631,418.052,0,0,0
1200,4,0,762,1,1,1,4378.71,18801.9,1602.83,46.3844,0.517824,1512.67,273168,157.459,23.1957,0.267264,133.996,104.86,23.1887,0.106906,81.5643,262.318,0,0,0
1200,4,0,763,1,1,1,4338.94,18725.5,1602.83,46.3844,0.517824,1512.67,273168,152.051,23.1957,0.267264,128.588,109.74,23.1887,0.106906,86.4445,261.791,0,0,0
1200,4,0,764,1,1,1,4341.48,24750.8,1608.41,52.1883,0.644774,1512.5,273168,338.875,28.9996,0.285638,309.59,145.214,23.1887,0.0718272,121.954,484.09,0,0,0
1200,4,0,765,1,0,0,-1,-1,1585.87,28.9996,0.390874,1512.69,273170,-1,-1,-1,-1,-1,-1,-1,-1,-1,0,0,0
1200,4,0,766,1,1,1,4338.26,18700.3,1602.62,46.3844,0.482746,1512.49,273172,153.517,23.1957,0.267264,130.054,148.642,23.1887,0.0718272,125.381,302.159,0,0,0
1200,4,0,767,1,1,1,4366.92,24777.2,1608.53,52.1883,1.02061,1512.23,273165,344.531,28.9996,0.355795,315.176,110.906,23.1887,0.0902016,87.6266,455.437,0,0,0
1200,4,0,768,1,1,1,4374.07,18691.8,1602.85,46.3844,0.482746,1512.73,273168,82.0143,23.1957,0.267264,58.5513,123.921,23.1887,0.0718272,100.661,205.936,0,0,0
1200,4,0,769,1,1,1,4354.23,18684.8,1602.95,46.3844,0.482746,1512.82,273166,150.624,23.1957,0.267264,127.161,113.708,23.1887,0.0718272,90.4476,264.332,0,0,0
1200,4,0,770,1,0,0,-1,-1,1580.74,23.1957,0.497779,1513.08,273161,-1,-1,-1,-1,-1,-1,-1,-1,-1,0,0,0
1200,4,0,771,1,1,1,4351.24,24702.7,1608.39,52.1883,0.606355,1512.51,273168,292.639,28.9996,0.355795,263.234,161.343,23.1887,0.106906,138.047,453.982,0,0,0
1200,4,0,772,1,1,1,4333.85,18652.4,1602.98,46.3844,0.482746,1512.85,273165,155.457,23.1957,0.267264,131.994,141.654,23.1887,0.0718272,118.393,297.111,0,0,0
1200,4,0,773,1,1,1,4409.25,18728.6,1602.89,46.3844,0.770054,1512.47,273166,106.029,23.1957,0.267264,82.566,153.684,23.1887,0.0718272,130.424,259.713,0,0,0
1200,4,0,774,1,1,1,4360,18720.1,1602.85,46.3844,0.552902,1512.65,273167,127.956,23.1957,0.302342,104.458,151.59,23.1887,0.106906,128.294,279.546,0,0,0
1200,4,0,775,1,1,1,4331.13,18647.5,1602.89,46.3844,0.482746,1512.77,273167,113.376,23.1957,0.267264,89.9133,155.818,23.1887,0.0718272,132.557,269.194,0,0,0
1200,4,0,776,1,1,1,4325.9,18711.1,1602.91,46.3844,0.482746,1512.79,273167,112.268,23.1957,0.267264,88.8052,49.3778,23.1887,0.0718272,26.1173,161.646,0,0,0
1200,4,0,777,0,0,0,-1,-1,1580.31,23.206,0.551232,1512.59,273169,-1,-1,-1,-1,-1,-1,-1,-1,-1,0,0,0
1200,4,0,778,1,1,1,4336.64,18701.1,1602.8,46.3844,0.6264,1512.53,273168,159.772,23.1957,0.267264,136.309,131.186,23.1887,0.0718272,107.925,290.958,0,0,0
1200,4,0,779,1,1,1,4430.42,18885.8,1602.96,46.3844,0.552902,1512.77,273165,159.512,23.1957,0.267264,136.049,157.036,23.1887,0.141984,133.705,316.548,0,0,0
1200,4,0,780,1,1,1,4316.62,24736.1,1608.35,52.1883,0.801792,1512.28,273168,330.979,28.9996,0.58631,301.393,84.3963,23.1887,0.0718272,61.1358,415.375,0,0,0
1200,4,0,781,1,1,1,4316.3,18726.3,1602.48,46.3844,0.552902,1512.28,273174,149.485,23.1957,0.337421,125.952,159.656,23.1887,0.0718272,136.396,309.141,0,0,0
1200,4,0,782,1,1,1,4355.19,18717.4,1602.83,46.3844,0.482746,1512.71,273168,154.75,23.1957,0.267264,131.287,150.098,23.1887,0.0718272,126.838,304.848,0,0,0
1200,4,0,783,1,1,2,10332.4,24743.1,1625.4,69.5741,0.714931,1512.55,273166,154.227,23.1957,0.462701,130.568,347.529,46.3784,0.108576,301.042,501.756,1,0,0
1200,4,0,784,1,1,1,4316.62,18675.6,1602.61,46.3844,0.805133,1512.16,273171,156.23,23.1957,0.302342,132.732,155.024,23.1887,0.0718272,131.763,311.254,0,0,0
1200,4,0,785,1,1,1,4326.09,18655.2,1602.68,46.3844,0.482746,1512.55,273171,147.227,23.1957,0.267264,123.764,160.59,23.1887,0.0718272,137.329,307.817,0,0,0
1200,4,0,786,1,0,0,-1,-1,1580.52,23.1957,0.497779,1512.87,273165,-1,-1,-1,-1,-1,-1,-1,-1,-1,0,0,0
1200,4,0,787,1,1,1,4328.78,24751.4,1608.3,52.1883,0.536198,1512.49,273170,343.431,28.9996,0.320717,314.111,103.056,23.1887,0.0718272,79.7956,446.487,0,0,0
1200,4,0,788,1,1,1,4317.58,30632.8,1614.27,57.9922,1.1058,1512.27,273163,454.842,34.8035,0.890323,418.752,43.7324,23.1887,0.0718272,20.4718,498.575,0,0,0
1200,4,0,789,1,0,0,-1,-1,1580.39,23.1957,0.853574,1512.38,273167,-1,-1,-1,-1,-1,-1,-1,-1,-1,0,0,0
1200,4,0,790,1,1,1,4483.1,24949.9,1608.21,52.1883,0.766714,1512.18,273171,345.878,28.9996,0.551232,316.327,110.274,23.1887,0.0718272,87.013,456.152,0,0,0
1200,4,0,791,1,1,1,4328.42,18753.5,1603.02,46.3844,0.6264,1512.75,273164,153.392,23.1957,0.267264,129.929,108.18,23.1887,0.0718272,84.9194,261.572,0,0,0
1200,4,0,792,1,1,2,10352.4,24672.2,1625.37,69.5741,0.985536,1512.26,273165,83.413,23.1957,0.267264,59.95,335.223,46.3784,0.574618,288.27,418.636,1,0,0
1200,4,0,793,1,1,1,4319.75,18697.3,1602.64,46.3844,0.517824,1512.47,273171,150.005,23.1957,0.302342,126.507,73.923,23.1887,0.0718272,50.6625,223.929,0,0,0
1200,4,0,794,1,1,1,4330.45,18648.4,1603.02,46.3844,0.482746,1512.89,273165,87.4215,23.1957,0.267264,63.9585,147.561,23.1887,0.0718272,124.3,234.982,0,0,0
1200,4,0,795,1,1,1,4317.26,24671.8,1608.53,52.1883,1.31795,1511.94,273164,273.781,28.9996,1.10246,243.574,47.8292,23.1887,0.0718272,24.5687,321.611,0,0,0
1200,4,0,796,1,1,1,4339.19,30742.1,1614.21,57.9922,0.75001,1512.56,273165,501.897,34.8035,0.534528,466.285,145.178,23.1887,0.0718272,121.918,647.076,0,0,0
1200,4,0,797,1,1,1,4319.66,18668.1,1602.7,46.3844,0.6264,1512.43,273170,153.208,23.1957,0.267264,129.745,108.902,23.1887,0.0718272,85.6414,262.11,0,0,0
1200,4,0,798,1,1,1,4316.62,18746.4,1602.99,46.3844,0.873619,1512.48,273164,133.665,23.1957,0.658138,109.811,60.582,23.1887,0.0718272,37.3215,194.247,0,0,0
1200,4,0,799,1,1,1,4349.89,18704.9,1602.75,46.3844,0.482746,1512.63,273169,157.161,23.1957,0.267264,133.698,134.969,23.1887,0.0718272,111.708,292.129,0,0,0
1200,4,0,800,1,1,1,4341.43,18677.6,1602.76,46.3844,0.517824,1512.6,273169,114.886,23.1957,0.302342,91.3879,155.318,23.1887,0.0718272,132.057,270.204,0,0,0
1200,4,0,801,1,1,1,4330.38,18748.2,1603.03,46.3844,0.517824,1512.87,273164,152.672,23.1957,0.267264,129.209,107.511,23.1887,0.106906,84.2156,260.183,0,0,0
1200,4,0,802,1,1,1,4328.26,24682.7,1608.76,52.1883,0.571277,1512.91,273162,237.081,28.9996,0.320717,207.548,33.2274,23.1887,0.106906,9.93181,270.308,0,0,0
1200,4,0,803,1,0,0,-1,-1,1586.27,28.9996,0.676512,1512.81,273163,-1,-1,-1,-1,-1,-1,-1,-1,-1,0,0,0
1200,4,0,804,1,1,1,4319.43,18723.6,1602.64,46.3844,0.482746,1512.51,273171,153.196,23.1957,0.267264,129.733,156.725,23.1887,0.0718272,133.465,309.921,0,0,0
1200,4,0,805,1,1,3,16442.1,30801.9,1647.85,92.7639,0.556243,1512.67,273166,109.359,23.1957,0.267264,85.8958,565.49,69.5682,0.145325,495.777,674.849,2,0,0
1200,4,0,806,1,1,1,4348.59,18670,1602.99,46.3844,0.482746,1512.86,273165,84.1458,23.1957,0.267264,60.6828,133.028,23.1887,0.0718272,109.768,217.174,0,0,0
1200,4,0,807,1,1,1,4318.98,24682.2,1608.4,52.1883,0.696557,1512.44,273168,295.214,28.9996,0.481075,265.688,156.769,23.1887,0.0718272,133.508,451.982,0,0,0
1200,4,0,808,1,1,1,4331.72,18670,1602.78,46.3844,0.482746,1512.65,273169,154.999,23.1957,0.267264,131.536,152.724,23.1887,0.0718272,129.464,307.723,0,0,0
1200,4,0,809,1,1,1,4354.02,18695.2,1602.69,46.3844,0.517824,1512.53,273170,88.7101,23.1957,0.267264,65.2471,149.974,23.1887,0.106906,126.679,238.685,0,0,0
1200,4,0,810,1,1,1,4371.38,18766.4,1602.81,46.3844,0.482746,1512.69,273168,154.657,23.1957,0.267264,131.195,151.158,23.1887,0.0718272,127.897,305.815,0,0,0
1200,4,0,811,1,1,1,4315.66,30709,1614.28,57.9922,0.980525,1512.4,273163,418.235,34.8035,0.765043,382.15,33.8222,23.1887,0.0718272,10.5617,452.057,0,0,0
1200,4,0,812,1,1,1,4380.07,18773,1602.77,46.3844,0.571277,1512.55,273168,127.124,23.1957,0.302342,103.626,151.67,23.1887,0.12528,128.356,278.794,0,0,0
1200,4,0,813,1,1,1,4396.08,18855.9,1602.87,46.3844,0.713261,1512.51,273167,156.638,23.1957,0.462701,132.979,89.0426,23.1887,0.106906,65.7471,245.681,0,0,0
1200,4,0,814,1,1,1,4352.81,18668.6,1602.67,46.3844,0.482746,1512.55,273171,89.6053,23.1957,0.267264,66.1423,154.318,23.1887,0.0718272,131.057,243.923,0,0,0
1200,4,0,815,1,1,1,4330.96,18758.2,1602.76,46.3844,0.517824,1512.59,273169,155.978,23.1957,0.302342,132.48,145.601,23.1887,0.0718272,122.34,301.578,0,0,0
1200,4,0,816,1,1,1,4317.26,24774.5,1608.46,52.1883,0.696557,1512.5,273167,344.96,28.9996,0.481075,315.479,89.4173,23.1887,0.0718272,66.1567,434.377,0,0,0
1200,4,0,817,1,1,3,16327.3,30642.4,1647.91,92.7639,0.843552,1512.45,273165,120.691,23.1957,0.267264,97.2282,563.014,69.5682,0.432634,493.014,683.706,2,0,0
1200,4,0,818,1,1,1,4335.17,18691.2,1602.89,46.3844,0.517824,1512.73,273167,153.391,23.1957,0.267264,129.928,108.997,23.1887,0.106906,85.7009,262.387,0,0,0
1200,4,0,819,1,1,1,4323.85,18661,1602.84,46.3844,0.678182,1512.51,273167,115.988,23.1957,0.462701,92.33,51.1212,23.1887,0.0718272,27.8607,167.11,0,0,0
1200,4,0,820,1,1,1,4316.13,18759.9,1602.91,46.3844,0.678182,1512.59,273166,122.803,23.1957,0.462701,99.1449,52.5885,23.1887,0.0718272,29.328,175.392,0,0,0
1200,4,0,821,1,1,1,4387,18711.2,1602.79,46.3844,0.482746,1512.67,273169,149.516,23.1957,0.267264,126.053,147.792,23.1887,0.0718272,124.531,297.307,0,0,0
1200,4,0,822,1,1,1,4330.21,18647.6,1602.73,46.3844,0.6264,1512.46,273169,84.4706,23.1957,0.267264,61.0077,130.92,23.1887,0.0718272,107.66,215.391,0,0,0
1200,4,0,823,1,1,1,4334,18647.3,1602.74,46.3844,0.482746,1512.61,273170,155.661,23.1957,0.267264,132.198,106.148,23.1887,0.0718272,82.8872,261.809,0,0,0
1200,4,0,824,1,1,1,4323.58,18720.8,1602.83,46.3844,0.482746,1512.71,273168,151.943,23.1957,0.267264,128.48,150.25,23.1887,0.0718272,126.989,302.193,0,0,0
1200,4,0,825,1,1,1,4319.75,18667.3,1602.83,46.3844,0.482746,1512.71,273168,144.679,23.1957,0.267264,121.216,85.2157,23.1887,0.0718272,61.9552,229.894,0,0,0
1200,4,0,826,1,1,1,4380.38,18712.1,1603,46.3844,0.770054,1512.58,273164,86.436,23.1957,0.267264,62.9731,149.093,23.1887,0.0718272,125.832,235.529,0,0,0
1200,4,0,827,1,1,1,4316.62,18636.8,1602.99,46.3844,0.482746,1512.86,273165,139.746,23.1957,0.267264,116.283,155.976,23.1887,0.0718272,132.716,295.723,0,0,0
1200,4,0,828,1,1,1,4364.84,18685,1602.79,46.3844,0.482746,1512.67,273169,151.44,23.1957,0.267264,127.977,158.691,23.1887,0.0718272,135.43,310.13,0,0,0
1200,4,0,829,1,1,1,4342.44,18752.7,1602.85,46.3844,0.713261,1512.5,273167,156.294,23.1957,0.497779,132.6,150.432,23.1887,0.0718272,127.172,306.726,0,0,0
1200,4,0,830,1,1,1,4317.26,30673.1,1614.36,57.9922,1.0156,1512.44,273161,310.463,34.8035,0.800122,274.035,24.4697,23.1887,0.0718272,1.20922,334.932,0,0,0
1200,4,0,831,1,1,1,4320.59,18692.6,1602.73,46.3844,0.482746,1512.61,273170,132.558,23.1957,0.267264,109.095,61.2804,23.1887,0.0718272,38.0199,193.838,0,0,0
1200,4,0,832,1,1,1,4336.15,18650,1603.09,46.3844,0.482746,1512.97,273163,114.113,23.1957,0.267264,90.6497,155.35,23.1887,0.0718272,132.09,269.463,0,0,0
1200,4,0,833,1,0,0,-1,-1,1580.36,23.1957,0.372499,1512.83,273168,-1,-1,-1,-1,-1,-1,-1,-1,-1,0,0,0
1200,4,0,834,1,1,1,4333.49,18656.8,1603.07,46.3844,0.482746,1512.94,273164,115.131,23.1957,0.267264,91.6676,156.471,23.1887,0.0718272,133.21,271.602,0,0,0
1200,4,0,835,1,1,1,4318.86,18676.1,1602.89,46.3844,0.517824,1512.73,273167,148.722,23.1957,0.302342,125.224,76.448,23.1887,0.0718272,53.1875,225.17,0,0,0
1200,4,0,836,1,1,1,4325.86,18640.7,1602.85,46.3844,0.517824,1512.69,273167,77.8903,23.1957,0.267264,54.4274,121.255,23.1887,0.106906,97.9591,199.145,0,0,0
1200,4,0,837,1,1,1,4320.9,18639.6,1602.7,46.3844,0.482746,1512.57,273170,85.7286,23.1957,0.267264,62.2656,142.325,23.1887,0.0718272,119.064,228.054,0,0,0
1200,4,0,838,1,1,1,4347.34,18663.7,1602.82,46.3844,0.6264,1512.55,273168,82.276,23.1957,0.267264,58.813,121.573,23.1887,0.0718272,98.3129,203.849,0,0,0
1200,4,0,839,1,1,1,4327.2,18656.9,1602.66,46.3844,0.482746,1512.53,273171,134.552,23.1957,0.267264,111.089,153.017,23.1887,0.0718272,129.756,287.569,0,0,0
1200,4,0,840,1,1,1,4321.51,18705.8,1602.89,46.3844,0.482746,1512.77,273167,146.429,23.1957,0.267264,122.966,85.5333,23.1887,0.0718272,62.2728,231.963,0,0,0
1200,4,0,841,1,0,0,-1,-1,1580.46,23.1957,0.302342,1513,273167,-1,-1,-1,-1,-1,-1,-1,-1,-1,0,0,0
1200,4,0,842,1,1,2,10320.8,24640.1,1625.32,69.5741,0.537869,1512.65,273167,103.672,23.1957,0.267264,80.2089,356.455,46.3784,0.12695,309.949,460.126,1,0,0
1200,4,0,843,1,1,1,4319.19,18708.7,1602.62,46.3844,0.482746,1512.49,273172,119.46,23.1957,0.267264,95.9973,51.7258,23.1887,0.0718272,28.4653,171.186,0,0,0
1200,4,0,844,1,1,1,4355.73,18804.2,1602.72,46.3844,0.770054,1512.3,273169,145.269,23.1957,0.267264,121.806,71.3205,23.1887,0.0718272,48.06,216.589,0,0,0
1200,4,0,845,1,0,0,-1,-1,1580.28,23.1957,0.267264,1512.86,273170,-1,-1,-1,-1,-1,-1,-1,-1,-1,0,0,0
1200,4,0,846,1,1,1,4380.57,18734.9,1602.57,46.3844,0.552902,1512.37,273172,122.948,23.1957,0.302342,99.4499,152.084,23.1887,0.106906,128.789,275.032,0,0,0
1200,4,0,847,1,1,1,4371.43,18697.9,1603.09,46.3844,0.482746,1512.96,273163,122.045,23.1957,0.267264,98.5818,155.939,23.1887,0.0718272,132.678,277.983,0,0,0
1200,4,0,848,1,1,1,4369,18720.6,1602.63,46.3844,0.482746,1512.51,273172,154.681,23.1957,0.267264,131.218,156.96,23.1887,0.0718272,133.7,311.641,0,0,0
1200,4,0,849,1,1,1,4352.5,18713,1602.69,46.3844,0.517824,1512.53,273170,109.689,23.1957,0.267264,86.2261,154.248,23.1887,0.106906,130.953,263.937,0,0,0
1200,4,0,850,1,1,1,4414.88,18842.7,1602.9,46.3844,0.661478,1512.59,273166,155.791,23.1957,0.267264,132.328,152.348,23.1887,0.106906,129.052,308.139,0,0,0
1200,4,0,851,1,1,1,4319.18,24634,1608.49,52.1883,0.891994,1512.32,273166,234.663,28.9996,0.676512,204.774,32.3657,23.1887,0.0718272,9.10522,267.029,0,0,0
1200,4,0,852,1,1,1,4315.02,18640.6,1602.77,46.3844,0.482746,1512.65,273169,121.711,23.1957,0.267264,98.2479,151.82,23.1887,0.0718272,128.56,273.531,0,0,0
1200,4,0,853,1,1,1,4325.93,18644.4,1602.96,46.3844,0.6264,1512.69,273165,83.0268,23.1957,0.267264,59.5638,139.594,23.1887,0.0718272,116.334,222.621,0,0,0
1200,4,0,854,1,1,1,4342.99,18675.3,1602.7,46.3844,0.517824,1512.53,273170,151.28,23.1957,0.302342,127.782,157.509,23.1887,0.0718272,134.248,308.788,0,0,0
1200,4,0,855,1,1,1,4323.85,42668.1,1625.62,69.6001,1.21271,1512.25,273160,675.625,46.4114,0.997229,626.807,25.0599,23.1887,0.0718272,1.79939,700.684,0,0,0
1200,4,0,856,1,1,1,4321.12,24706.8,1608.42,52.1883,1.03231,1512.11,273167,276.737,28.9996,0.816826,246.819,50.762,23.1887,0.0718272,27.5015,327.499,0,0,0
1200,4,0,857,1,1,1,4335.56,18658.1,1602.68,46.3844,0.517824,1512.51,273171,98.5759,23.1957,0.302342,75.0779,155.094,23.1887,0.0718272,131.833,253.67,0,0,0
1200,4,0,858,1,1,1,4321.86,18643.7,1603.04,46.3844,0.482746,1512.91,273164,87.3096,23.1957,0.267264,63.8466,148.723,23.1887,0.0718272,125.462,236.033,0,0,0
1200,4,0,859,1,1,1,4419.01,18733.8,1602.87,46.3844,0.517824,1512.71,273167,93.7058,23.1957,0.267264,70.2428,155.308,23.1887,0.106906,132.012,249.013,0,0,0
1200,4,0,860,1,1,1,4327.69,18750.4,1602.49,46.3844,0.552902,1512.29,273174,146.07,23.1957,0.337421,122.537,84.3963,23.1887,0.0718272,61.1358,230.466,0,0,0
1200,4,0,861,1,0,0,-1,-1,1580.29,23.1957,0.673171,1512.46,273168,-1,-1,-1,-1,-1,-1,-1,-1,-1,0,0,0
1200,4,0,862,1,1,1,4318.92,18704.3,1602.52,46.3844,0.552902,1512.32,273173,131.933,23.1957,0.337421,108.4,58.7772,23.1887,0.0718272,35.5167,190.71,0,0,0
1200,4,0,863,1,1,1,4357.38,24682.6,1608.68,52.1883,0.731635,1512.67,273163,222.944,28.9996,0.481075,193.215,155.398,23.1887,0.106906,132.102,378.342,0,0,0
1200,4,0,864,1,1,1,4359,18673.2,1602.68,46.3844,0.482746,1512.55,273171,83.2776,23.1957,0.267264,59.8147,133.534,23.1887,0.0718272,110.273,216.811,0,0,0
1200,4,0,865,1,1,1,4317.58,18667.7,1602.93,46.3844,0.517824,1512.77,273166,155.454,23.1957,0.302342,131.956,106.294,23.1887,0.0718272,83.0334,261.748,0,0,0
1200,4,0,866,1,1,1,4321.16,18662.4,1602.81,46.3844,0.482746,1512.69,273168,139.775,23.1957,0.267264,116.312,153.452,23.1887,0.0718272,130.191,293.227,0,0,0
1200,4,0,867,1,1,1,4357.82,18758.8,1602.81,46.3844,0.517824,1512.65,273168,157.204,23.1957,0.267264,133.741,139.922,23.1887,0.106906,116.626,297.126,0,0,0
1200,4,0,868,1,0,0,-1,-1,1580.52,23.1957,0.267264,1513.1,273166,-1,-1,-1,-1,-1,-1,-1,-1,-1,0,0,0
1200,4,0,869,1,1,1,4327.3,24683.3,1608.93,52.1883,1.15759,1512.51,273157,238.447,28.9996,0.942106,208.297,33.8836,23.1887,0.0718272,10.6231,272.331,0,0,0
1200,4,0,870,1,1,2,4410.36,18799.6,1625.17,69.5741,0.733306,1512.3,273169,156.735,23.1957,0.267264,133.272,116.603,46.3784,0.322387,69.9017,273.337,1,0,0
1200,4,0,871,1,1,1,4325.02,18641.6,1602.7,46.3844,0.6264,1512.44,273170,82.3752,23.1957,0.267264,58.9123,122.51,23.1887,0.0718272,99.2496,204.885,0,0,0
1200,4,0,872,1,1,2,10330,30738.8,1631.09,75.3781,0.963821,1512.36,273164,346.101,28.9996,0.676512,316.425,280.3,46.3784,0.143654,233.778,626.401,1,0,0
1200,4,0,873,1,1,1,4324.62,18771.4,1602.86,46.3844,1.01727,1512.19,273166,155.714,23.1957,0.658138,131.86,103.545,23.1887,0.0718272,80.2847,259.26,0,0,0
1200,4,0,874,1,0,0,-1,-1,1580.48,23.1957,0.267264,1513.06,273167,-1,-1,-1,-1,-1,-1,-1,-1,-1,0,0,0
1200,4,0,875,1,1,1,4320.24,18773,1603.05,46.3844,0.908698,1512.49,273163,125.977,23.1957,0.693216,102.089,54.5233,23.1887,0.0718272,31.2627,180.501,0,0,0
1200,4,0,876,1,1,1,4335.27,18752.8,1602.95,46.3844,0.696557,1512.61,273165,156.159,23.1957,0.337421,132.626,148.068,23.1887,0.0718272,124.807,304.227,0,0,0
1200,4,0,877,1,1,1,4377.09,18697.6,1603.06,46.3844,0.770054,1512.65,273163,148.707,23.1957,0.267264,125.244,160.96,23.1887,0.0718272,137.699,309.667,0,0,0
1200,4,0,878,1,1,1,4366.92,18698.1,1602.74,46.3844,0.482746,1512.61,273170,151.205,23.1957,0.267264,127.742,145.393,23.1887,0.0718272,122.133,296.598,0,0,0
1200,4,0,879,1,1,1,4346.75,24792.2,1608.57,52.1883,0.840211,1512.46,273165,342.106,28.9996,0.481075,312.626,144.817,23.1887,0.0718272,121.557,486.924,0,0,0
1200,4,0,880,1,1,1,4330.4,24646.2,1608.46,52.1883,0.696557,1512.5,273167,173.474,28.9996,0.481075,143.603,150.012,23.1887,0.0718272,126.751,323.486,0,0,0
1200,4,0,881,1,1,1,4347.08,24718.4,1608.66,52.1883,0.536198,1512.85,273164,276.03,28.9996,0.320717,246.608,50.605,23.1887,0.0718272,27.3445,326.635,0,0,0
1200,4,0,882,1,1,1,4382.59,18734.6,1602.97,46.3844,0.552902,1512.78,273165,153.935,23.1957,0.302342,130.437,107.363,23.1887,0.106906,84.0676,261.298,0,0,0
1200,4,0,883,1,1,1,4320.78,18678.2,1602.83,46.3844,0.517824,1512.67,273168,146.279,23.1957,0.302342,122.781,84.7013,23.1887,0.0718272,61.4408,230.98,0,0,0
1200,4,0,884,1,1,2,4343.12,18684.6,1625.13,69.5849,0.75168,1512.24,273170,156.602,23.2065,0.320717,133.075,127.326,46.3784,0.287309,80.6601,283.928,1,0,0
1200,4,0,885,1,1,1,4396.15,18822.3,1603.01,46.3844,0.482746,1512.89,273165,155.869,23.1957,0.267264,132.406,151.347,23.1887,0.0718272,128.087,307.216,0,0,0
1200,4,0,886,1,1,1,4316.3,18663.9,1603.07,46.3844,0.678182,1512.75,273163,139.413,23.1957,0.462701,115.754,68.2524,23.1887,0.0718272,44.9919,207.665,0,0,0
1200,4,0,887,1,1,1,4353.72,18683.1,1602.78,46.3844,0.517824,1512.62,273169,102.03,23.1957,0.302342,78.5323,153.154,23.1887,0.0718272,129.893,255.184,0,0,0
1200,4,0,888,1,0,0,-1,-1,1580.25,23.1957,0.267264,1512.83,273171,-1,-1,-1,-1,-1,-1,-1,-1,-1,0,0,0
1200,4,0,889,1,1,1,4364.11,18713.4,1603.1,46.3844,0.766714,1512.69,273162,149.861,23.1957,0.372499,126.293,158.782,23.1887,0.106906,135.486,308.643,0,0,0
1200,4,0,890,1,1,1,4454.85,18839.3,1602.68,46.3844,0.50112,1512.53,273170,150.49,23.1957,0.267264,127.027,155.078,23.1887,0.0902016,131.799,305.568,0,0,0
1200,4,0,891,1,1,1,4346.04,18721.3,1602.7,46.3844,0.587981,1512.47,273170,152.165,23.1957,0.337421,128.632,110.504,23.1887,0.106906,87.2079,262.668,0,0,0
1200,4,0,892,1,0,0,-1,-1,1586.12,28.9996,0.516154,1512.82,273166,-1,-1,-1,-1,-1,-1,-1,-1,-1,0,0,0
1200,4,0,893,0,0,0,-1,-1,1585.74,29.0099,1.26115,1511.69,273170,-1,-1,-1,-1,-1,-1,-1,-1,-1,0,0,0
1200,4,0,894,1,1,1,4318.28,18652.9,1603.08,46.3844,0.482746,1512.95,273164,156.154,23.1957,0.267264,132.691,105.993,23.1887,0.0718272,82.732,262.146,0,0,0
1200,4,0,895,1,1,1,4322.85,24696.7,1608.23,52.1883,0.641434,1512.32,273171,341.257,28.9996,0.425952,311.832,109.737,23.1887,0.0718272,86.477,450.995,0,0,0
1200,4,0,896,1,1,1,4382,24718.5,1608.81,52.1883,0.980525,1512.56,273160,341.758,28.9996,0.621389,312.137,133.397,23.1887,0.0718272,110.136,475.154,0,0,0
1200,4,0,897,1,1,1,4331.23,18772.4,1602.95,46.3844,0.713261,1512.6,273165,155.779,23.1957,0.462701,132.12,152.086,23.1887,0.106906,128.791,307.865,0,0,0
1200,4,0,898,1,1,1,4349.86,18669.8,1602.9,46.3844,0.6264,1512.63,273166,105.76,23.1957,0.267264,82.2971,153.363,23.1887,0.0718272,130.103,259.123,0,0,0
1200,4,0,899,1,1,2,10364.3,24698.9,1625.49,69.5741,0.663149,1512.7,273164,89.3147,23.1957,0.267264,65.8517,354.219,46.3784,0.25223,307.588,443.534,1,0,0
1200,4,0,900,1,1,1,4326.04,18680.7,1602.78,46.3844,0.482746,1512.65,273169,144.487,23.1957,0.267264,121.024,82.8875,23.1887,0.0718272,59.627,227.375,0,0,0
1200,4,0,901,1,1,2,10336.3,24666.2,1625.18,69.5741,0.519494,1512.53,273170,113.763,23.1957,0.267264,90.2996,360.284,46.3784,0.108576,313.797,474.047,1,0,0
1200,4,0,902,1,1,1,4395.73,18794,1602.8,46.3844,0.6264,1512.53,273168,156.61,23.1957,0.267264,133.147,105.188,23.1887,0.0718272,81.9271,261.798,0,0,0
1200,4,0,903,1,1,1,4325.77,30681.3,1614.14,57.9922,1.0156,1512.22,273165,416.714,34.8035,0.765043,380.631,33.7634,23.1887,0.106906,10.4678,450.477,0,0,0
1200,4,0,904,1,1,1,4358.91,18681.4,1602.81,46.3844,0.482746,1512.69,273168,126.652,23.1957,0.267264,103.189,152.518,23.1887,0.0718272,129.258,279.171,0,0,0
1200,4,0,905,1,1,1,4315.66,30673.7,1613.87,57.9922,0.75001,1512.22,273171,528.207,34.8035,0.534528,492.678,110.344,23.1887,0.0718272,87.0834,638.551,0,0,0
1200,4,0,906,1,1,1,4344.33,18699.4,1602.87,46.3844,0.517824,1512.71,273167,80.0244,23.1957,0.302342,56.5263,134.319,23.1887,0.0718272,111.058,214.343,0,0,0
1200,4,0,907,1,1,1,4378.16,18691.4,1602.84,46.3844,0.552902,1512.64,273167,84.9417,23.1957,0.267264,61.4787,143.299,23.1887,0.141984,119.969,228.241,0,0,0
1200,4,0,908,1,1,3,16322.7,30647.8,1647.82,92.7639,0.574618,1512.63,273167,155.405,23.1957,0.267264,131.942,477.175,69.5682,0.163699,407.443,632.579,2,0,0
1200,4,0,909,1,1,1,4323.24,18725.4,1602.9,46.3844,0.821837,1512.44,273166,135.785,23.1957,0.462701,112.127,151.647,23.1887,0.0718272,128.386,287.432,0,0,0
1200,4,0,910,1,1,1,4374.49,24798.7,1608.37,52.1883,0.606355,1512.49,273169,341.556,28.9996,0.390874,312.165,119.695,23.1887,0.0718272,96.4341,461.251,0,0,0
1200,4,0,911,1,1,1,4314.06,18637.8,1602.79,46.3844,0.482746,1512.67,273169,150.333,23.1957,0.267264,126.87,110.678,23.1887,0.0718272,87.4173,261.011,0,0,0
1200,4,0,912,1,0,0,-1,-1,1580.4,23.1957,0.267264,1512.98,273168,-1,-1,-1,-1,-1,-1,-1,-1,-1,0,0,0
1200,4,0,913,1,1,2,10378.5,24693.3,1625.63,69.5741,1.09411,1512.41,273160,129.535,23.1957,0.267264,106.072,356.024,46.3784,0.683194,308.962,485.558,1,0,0
1200,4,0,914,1,1,1,4334.75,18780,1603.11,46.3844,0.908698,1512.55,273162,160.482,23.1957,0.693216,136.593,101.84,23.1887,0.0718272,78.5792,262.321,0,0,0
1200,4,0,915,1,1,1,4323.53,18691.7,1602.98,46.3844,0.482746,1512.85,273165,151.651,23.1957,0.267264,128.188,110.082,23.1887,0.0718272,86.8217,261.733,0,0,0
1200,4,0,916,1,1,1,4330.25,18646.3,1602.56,46.3844,0.517824,1512.4,273173,79.9713,23.1957,0.267264,56.5083,133.968,23.1887,0.106906,110.672,213.939,0,0,0
1200,4,0,917,1,1,2,10324.6,24775.2,1625.5,69.5741,0.519494,1512.85,273164,155.331,23.1957,0.267264,131.868,347.385,46.3784,0.108576,300.898,502.716,1,0,0
1200,4,0,918,1,1,1,4358.93,18723.4,1602.67,46.3844,0.552902,1512.47,273170,139.374,23.1957,0.337421,115.841,157.081,23.1887,0.0718272,133.821,296.455,0,0,0
1200,4,0,919,1,1,1,4325.58,18695.8,1602.92,46.3844,0.482746,1512.79,273166,114.694,23.1957,0.267264,91.2308,50.4137,23.1887,0.0718272,27.1532,165.108,0,0,0
1200,4,0,920,1,1,1,4350.85,18772.7,1602.62,46.3844,0.748339,1512.23,273171,152.6,23.1957,0.497779,128.906,108.35,23.1887,0.106906,85.0548,260.95,0,0,0
1200,4,0,921,1,1,1,4327.69,18671.2,1602.93,46.3844,0.552902,1512.74,273166,85.807,23.1957,0.302342,62.3089,141.838,23.1887,0.106906,118.543,227.645,0,0,0
1200,4,0,922,1,1,1,4340.69,18736.1,1602.85,46.3844,0.482746,1512.73,273168,160.817,23.1957,0.267264,137.354,115.354,23.1887,0.0718272,92.0935,276.171,0,0,0
1200,4,0,923,1,1,1,4322.82,18734.4,1602.76,46.406,0.589651,1512.51,273169,152.386,23.2173,0.37417,128.794,108.494,23.1887,0.0718272,85.2335,260.88,0,0,0
1200,4,0,924,0,0,0,-1,-1,1585.94,29.0099,0.729965,1512.42,273168,-1,-1,-1,-1,-1,-1,-1,-1,-1,0,0,0
1200,4,0,925,1,1,1,4326.44,24691.8,1608.45,52.1883,0.696557,1512.48,273168,337.185,28.9996,0.481075,307.704,85.1742,23.1887,0.0718272,61.9137,422.359,0,0,0
1200,4,0,926,1,1,1,4327.08,18680,1603.06,46.3844,0.6264,1512.79,273164,150.653,23.1957,0.267264,127.19,157.422,23.1887,0.0718272,134.162,308.075,0,0,0
1200,4,0,927,1,1,1,4328.07,18672.5,1602.81,46.3844,0.482746,1512.69,273168,155.721,23.1957,0.267264,132.258,154.756,23.1887,0.0718272,131.496,310.477,0,0,0
1200,4,0,928,1,1,1,4356.13,18754,1602.81,46.3844,0.517824,1512.65,273168,154.504,23.1957,0.267264,131.041,105.226,23.1887,0.106906,81.9307,259.73,0,0,0
1200,4,0,929,1,1,1,4335.04,18674.4,1602.86,46.3844,0.856915,1512.36,273166,151.078,23.1957,0.497779,127.385,157.059,23.1887,0.0718272,133.799,308.137,0,0,0
1200,4,0,930,1,1,1,4467.24,18836.3,1602.89,46.3844,0.517824,1512.73,273167,139.13,23.1957,0.302342,115.632,159.48,23.1887,0.0718272,136.219,298.609,0,0,0
1200,4,0,931,1,1,1,4318.54,18757.8,1603.01,46.3844,0.873619,1512.5,273164,153.691,23.1957,0.658138,129.837,107.554,23.1887,0.0718272,84.2932,261.245,0,0,0
1200,4,0,932,1,1,1,4366.33,18720.2,1602.7,46.3844,0.482746,1512.57,273170,154.286,23.1957,0.267264,130.823,147.925,23.1887,0.0718272,124.665,302.211,0,0,0
1200,4,0,933,1,1,1,4404.53,18766.5,1602.87,46.3844,0.519494,1512.71,273167,138.819,23.1957,0.267264,115.356,157.805,23.1887,0.108576,134.508,296.624,0,0,0
1200,4,0,934,1,1,1,4354.7,18772.3,1602.94,46.3844,0.821837,1512.47,273165,154.097,23.1957,0.462701,130.438,157.359,23.1887,0.0718272,134.098,311.456,0,0,0
1200,4,0,935,1,1,1,4336.28,18757.1,1602.84,46.3952,0.50112,1512.69,273168,156.528,23.2065,0.285638,133.035,148.375,23.1887,0.0718272,125.114,304.902,0,0,0
1200,4,0,936,1,1,1,4348.17,18667.3,1602.98,46.3844,0.482746,1512.85,273165,89.0512,23.1957,0.267264,65.5882,153.961,23.1887,0.0718272,130.7,243.012,0,0,0
1200,4,0,937,1,1,1,4329.97,18698,1602.76,46.3844,0.517824,1512.6,273169,154.799,23.1957,0.302342,131.301,147.043,23.1887,0.0718272,123.782,301.842,0,0,0
1200,4,0,938,1,1,1,4316.3,30636.1,1614.32,57.9922,1.14088,1512.29,273162,317.877,34.8035,0.925402,281.352,25.179,23.1887,0.0718272,1.9185,343.056,0,0,0
1200,4,0,939,1,1,1,4397.35,18750.5,1602.95,46.3844,0.517824,1512.79,273166,158.697,23.1957,0.302342,135.199,114.787,23.1887,0.0718272,91.5268,273.485,0,0,0
1200,4,0,940,1,1,1,4350.96,18672.4,1602.95,46.3844,0.482746,1512.82,273166,153.076,23.1957,0.267264,129.614,146.182,23.1887,0.0718272,122.921,299.258,0,0,0
1200,4,0,941,1,1,1,4346.7,18685.4,1602.99,46.3844,0.536198,1512.81,273165,161.303,23.1957,0.267264,137.84,126.886,23.1887,0.12528,103.572,288.189,0,0,0
1200,4,0,942,1,1,1,4318.98,18650.3,1602.83,46.3844,0.482746,1512.71,273168,155.702,23.1957,0.267264,132.24,137.752,23.1887,0.0718272,114.491,293.454,0,0,0
1200,4,0,943,1,0,0,-1,-1,1580.05,23.1957,0.407578,1512.48,273173,-1,-1,-1,-1,-1,-1,-1,-1,-1,0,0,0
1200,4,0,944,1,1,1,4322.18,18788.6,1602.62,46.3844,0.713261,1512.26,273171,156.474,23.1957,0.497779,132.781,103,23.1887,0.0718272,79.7397,259.475,0,0,0
1200,4,0,945,1,1,2,10348.1,24736.7,1625.62,69.5741,1.21605,1512.28,273160,151.846,23.1957,0.532858,128.117,290.669,46.3784,0.539539,243.751,442.515,1,0,0
1200,4,0,946,1,1,1,4358.06,18746.6,1603,46.3844,0.587981,1512.77,273164,159.204,23.1957,0.267264,135.741,113.393,23.1887,0.177062,90.027,272.597,0,0,0
1200,4,0,947,1,1,1,4407.38,24863.1,1608.48,52.1883,0.927072,1512.28,273166,311.179,28.9996,0.71159,281.455,153.383,23.1887,0.0718272,130.122,464.562,0,0,0
1200,4,0,948,1,1,1,4358.42,18707.2,1602.91,46.3844,0.517824,1512.75,273166,153.527,23.1957,0.302342,130.029,145.734,23.1887,0.0718272,122.474,299.261,0,0,0
1200,4,0,949,1,1,1,4372.99,18694.4,1602.68,46.3844,0.517824,1512.52,273170,88.7895,23.1957,0.267264,65.3265,149.827,23.1887,0.106906,126.531,238.616,0,0,0
1200,4,0,950,1,1,1,4334.9,18649.7,1602.77,46.3844,0.482746,1512.65,273169,87.7716,23.1957,0.267264,64.3086,150.039,23.1887,0.0718272,126.778,237.81,0,0,0
1200,4,0,951,1,1,1,4324.19,18673.7,1602.71,46.3844,0.482746,1512.59,273170,153.899,23.1957,0.267264,130.437,155.769,23.1887,0.0718272,132.508,309.668,0,0,0
1200,4,0,952,1,1,1,4315.66,18720.8,1602.93,46.3844,0.482746,1512.81,273166,151.779,23.1957,0.267264,128.316,85.0226,23.1887,0.0718272,61.7621,236.801,0,0,0
1200,4,0,953,1,1,1,4364.81,18780,1602.68,46.3844,0.482746,1512.55,273171,157.177,23.1957,0.267264,133.714,157.503,23.1887,0.0718272,134.243,314.68,0,0,0
1200,4,0,954,1,1,1,4322.31,18664.3,1602.97,46.3844,0.678182,1512.65,273165,85.2941,23.1957,0.462701,61.6357,147.629,23.1887,0.0718272,124.369,232.923,0,0,0
1200,4,0,955,1,1,1,4357.04,18691.5,1602.99,46.3844,0.913709,1512.44,273164,82.0215,23.1957,0.267264,58.5585,123.665,23.1887,0.0718272,100.405,205.687,0,0,0
1200,4,0,956,1,1,1,4338.64,18656,1602.73,46.3844,0.482746,1512.61,273170,83.9887,23.1957,0.267264,60.5258,136.844,23.1887,0.0718272,113.583,220.833,0,0,0
1200,4,0,957,1,1,1,4331.58,24679.7,1608.46,52.1883,0.731635,1512.46,273167,330.519,28.9996,0.516154,301.003,85.2879,23.1887,0.0718272,62.0274,415.806,0,0,0
1200,4,0,958,1,1,1,4328.9,18675.4,1602.87,46.3844,0.517824,1512.71,273167,83.8614,23.1957,0.302342,60.3633,124.568,23.1887,0.0718272,101.307,208.429,0,0,0
1200,4,0,959,1,1,1,4421.61,18798.7,1602.93,46.3844,0.517824,1512.77,273166,150.427,23.1957,0.267264,126.964,154.044,23.1887,0.106906,130.749,304.471,0,0,0
1200,4,0,960,1,1,1,4322.76,18641.7,1602.77,46.3844,0.517824,1512.61,273169,88.7542,23.1957,0.302342,65.2562,150.32,23.1887,0.0718272,127.06,239.074,0,0,0
1200,4,0,961,1,1,1,4438.41,18758,1603.02,46.3844,0.6264,1512.75,273164,89.9049,23.1957,0.267264,66.4419,155.574,23.1887,0.0718272,132.313,245.479,0,0,0
1200,4,0,962,1,1,2,10334.2,24646.4,1625.19,69.5741,0.519494,1512.53,273170,86.8331,23.1957,0.267264,63.3701,346.71,46.3784,0.108576,300.223,433.543,1,0,0
1200,4,0,963,1,1,1,4315.46,18665.4,1602.81,46.3844,0.482746,1512.69,273168,146.567,23.1957,0.267264,123.104,83.5336,23.1887,0.0718272,60.2731,230.1,0,0,0
1200,4,0,964,1,1,2,10366.6,24678.8,1625.35,69.5741,0.841882,1512.38,273166,82.3031,23.1957,0.267264,58.8401,327.612,46.3784,0.143654,281.09,409.916,1,0,0
1200,4,0,965,1,1,1,4319.88,18828.2,1602.95,46.3844,0.678182,1512.63,273165,155.172,23.1957,0.462701,131.514,150.461,23.1887,0.0718272,127.2,305.633,0,0,0
1200,4,0,966,1,1,1,4323.53,18667.7,1603.03,46.3844,0.678182,1512.71,273164,154.979,23.1957,0.462701,131.321,106.686,23.1887,0.0718272,83.4251,261.665,0,0,0
1200,4,0,967,1,0,0,-1,-1,1580.25,23.1957,0.337421,1512.75,273170,-1,-1,-1,-1,-1,-1,-1,-1,-1,0,0,0
1200,4,0,968,1,0,0,-1,-1,1586.04,28.9996,0.746669,1512.51,273166,-1,-1,-1,-1,-1,-1,-1,-1,-1,0,0,0
1200,4,0,969,1,1,1,4318.15,30652,1614.29,57.9922,1.0156,1512.38,273162,311.904,34.8035,0.800122,275.485,24.9426,23.1887,0.0718272,1.68207,336.847,0,0,0
1200,4,0,970,1,1,1,4341.92,24740.1,1608.82,52.1883,0.731635,1512.81,273161,342.344,28.9996,0.516154,312.828,156.895,23.1887,0.0718272,133.635,499.239,0,0,0
1200,4,0,971,1,1,1,4329.61,18721.9,1608.53,52.1883,0.801792,1512.45,273165,163.019,28.9996,0.551232,133.469,96.5849,23.1887,0.106906,73.2893,259.604,0,0,0
1200,4,0,972,1,1,1,4337.35,30665.8,1613.85,57.9922,0.75001,1512.2,273171,524.542,34.8035,0.534528,489.007,98.1344,23.1887,0.0718272,74.8739,622.676,0,0,0
1200,4,0,973,1,1,1,4340.3,18677.2,1603,46.3844,0.587981,1512.77,273164,90.4742,23.1957,0.302342,66.9761,152.964,23.1887,0.141984,129.633,243.438,0,0,0
1200,4,0,974,1,1,1,4318.54,18662,1602.82,46.3844,0.678182,1512.5,273168,145.802,23.1957,0.462701,122.143,78.8592,23.1887,0.0718272,55.5987,224.661,0,0,0
1200,4,0,975,1,1,1,4394.65,18792.1,1602.87,46.3844,0.731635,1512.49,273166,135.472,23.1957,0.337421,111.939,154.773,23.1887,0.106906,131.478,290.246,0,0,0
1200,4,0,976,1,0,0,-1,-1,1580.34,23.1957,0.267264,1512.92,273169,-1,-1,-1,-1,-1,-1,-1,-1,-1,0,0,0
1200,4,0,977,1,1,1,4324.11,18641.9,1603.04,46.3844,0.482746,1512.91,273164,81.9818,23.1957,0.267264,58.5188,126.443,23.1887,0.0718272,103.182,208.425,0,0,0
1200,4,0,978,1,1,2,10352.5,24681.3,1625.52,69.5741,0.519494,1512.87,273164,108.339,23.1957,0.267264,84.8761,358.208,46.3784,0.108576,311.721,466.548,1,0,0
1200,4,0,979,1,1,1,4342.56,18702.7,1602.89,46.3844,0.50112,1512.75,273167,157.574,23.1957,0.267264,134.111,156.007,23.1887,0.0902016,132.729,313.582,0,0,0
1200,4,0,980,1,1,1,4325.39,18740.3,1602.95,46.3844,0.783418,1512.52,273165,163.304,23.1957,0.567936,139.54,123.595,23.1887,0.0718272,100.334,286.898,0,0,0
1200,4,0,981,1,1,1,4337.06,18650,1602.86,46.3844,0.6264,1512.59,273167,80.0272,23.1957,0.267264,56.5642,132.68,23.1887,0.0718272,109.42,212.707,0,0,0
1200,4,0,982,1,1,1,4323.53,24721,1608.26,52.1883,0.696557,1512.3,273171,328.866,28.9996,0.481075,299.386,71.5118,23.1887,0.0718272,48.2513,400.378,0,0,0
1200,4,0,983,1,1,1,4361.96,24841,1608.5,52.1883,0.696557,1512.53,273167,345.452,28.9996,0.481075,315.972,88.7856,23.1887,0.0718272,65.5251,434.238,0,0,0
1200,4,0,984,1,0,0,-1,-1,1602.75,46.4114,1.42318,1511.65,273167,-1,-1,-1,-1,-1,-1,-1,-1,-1,0,0,0
1200,4,0,985,1,1,1,4316.1,24771.9,1608.27,52.1883,0.891994,1512.11,273170,339.465,28.9996,0.676512,309.789,85.4106,23.1887,0.0718272,62.1501,424.875,0,0,0
1200,4,0,986,1,1,1,4368.59,18699.5,1602.71,46.3844,0.552902,1512.51,273170,86.1896,23.1957,0.302342,62.6915,142.885,23.1887,0.106906,119.59,229.075,0,0,0
1200,4,0,987,1,1,1,4327.3,18646.5,1602.74,46.3844,0.482746,1512.61,273170,113.412,23.1957,0.267264,89.9494,155.412,23.1887,0.0718272,132.151,268.824,0,0,0
1200,4,0,988,1,1,1,4361.44,18739,1602.83,46.3844,0.50112,1512.69,273168,154.185,23.1957,0.267264,130.722,104.924,23.1887,0.0902016,81.6455,259.109,0,0,0
1200,4,0,989,1,1,1,4359.84,18758.1,1603.13,46.3844,0.873619,1512.61,273162,159.29,23.1957,0.658138,135.436,136.205,23.1887,0.0718272,112.944,295.495,0,0,0
1200,4,0,990,1,1,1,4407.03,18852.7,1602.79,46.3844,0.482746,1512.67,273169,156.816,23.1957,0.267264,133.353,152.473,23.1887,0.0718272,129.213,309.289,0,0,0
1200,4,0,991,1,0,0,-1,-1,1580.4,23.1957,0.462701,1512.78,273168,-1,-1,-1,-1,-1,-1,-1,-1,-1,0,0,0
1200,4,0,992,1,1,1,4327.37,18746.6,1603.09,46.3844,0.678182,1512.77,273163,147.224,23.1957,0.462701,123.566,85.3528,23.1887,0.0718272,62.0923,232.577,0,0,0
1200,4,0,993,1,1,1,4402.94,18720.4,1602.87,46.3844,0.552902,1512.68,273167,91.5815,23.1957,0.267264,68.1186,155.133,23.1887,0.141984,131.803,246.715,0,0,0
1200,4,0,994,1,1,1,4316.03,30654.7,1614.31,57.9922,1.33632,1512.08,273161,530.059,34.8035,1.12084,493.952,94.7811,23.1887,0.0718272,71.5206,624.84,0,0,0
1200,4,0,995,1,1,1,4342.2,18668.3,1602.72,46.3844,0.696557,1512.38,273169,154.936,23.1957,0.302342,131.438,138.965,23.1887,0.106906,115.67,293.901,0,0,0
1200,4,0,996,1,1,1,4359.16,18790.2,1602.82,46.3844,0.482746,1512.69,273168,154.861,23.1957,0.267264,131.398,149.943,23.1887,0.0718272,126.683,304.804,0,0,0
1200,4,0,997,1,1,1,4388.99,18792,1602.78,46.3844,0.482746,1512.65,273169,163.864,23.1957,0.267264,140.401,131.729,23.1887,0.0718272,108.468,295.593,0,0,0
1200,4,0,998,1,1,1,4387.4,18751.7,1602.87,46.3844,0.482746,1512.75,273167,151.205,23.1957,0.267264,127.742,157.451,23.1887,0.0718272,134.19,308.656,0,0,0
1200,4,0,999,1,0,0,-1,-1,1580.55,23.1957,0.267264,1513.12,273165,-1,-1,-1,-1,-1,-1,-1,-1,-1,0,0,0
1200,4,0,1000,1,1,1,4319.21,24787.3,1608.34,52.1883,0.731635,1512.33,273169,343.966,28.9996,0.516154,314.45,105.745,23.1887,0.0718272,82.4848,449.711,0,0,0
1200,4,0,1001,1,1,1,4346.31,24684.9,1608.69,52.1883,0.891994,1512.52,273163,340.488,28.9996,0.676512,310.812,102.432,23.1887,0.0718272,79.1712,442.92,0,0,0
1200,4,0,1002,1,1,1,4337.61,24716.9,1608.67,52.1883,0.606355,1512.8,273163,320.953,28.9996,0.355795,291.598,68.6412,23.1887,0.106906,45.3456,389.595,0,0,0
1200,4,0,1003,1,1,1,4360.31,18704.1,1602.96,46.3844,0.482746,1512.83,273166,158.249,23.1957,0.267264,134.786,113.672,23.1887,0.0718272,90.4115,271.921,0,0,0
1200,4,0,1004,1,1,1,4343.5,18666.2,1603.17,46.3844,0.678182,1512.85,273162,108.381,23.1957,0.462701,84.7227,153.825,23.1887,0.0718272,130.565,262.206,0,0,0
1200,4,0,1005,1,1,2,10404.3,24728.6,1625.43,69.5741,0.806803,1512.49,273165,83.2921,23.1957,0.267264,59.8291,345.146,46.3784,0.25223,298.516,428.438,1,0,0
1200,4,0,1006,1,1,1,4350.46,18676.8,1602.91,46.3844,0.517824,1512.75,273166,153.102,23.1957,0.267264,129.639,145.573,23.1887,0.106906,122.277,298.674,0,0,0
1200,4,0,1007,1,1,1,4322.44,18641.2,1602.67,46.3844,0.517824,1512.51,273171,82.1558,23.1957,0.302342,58.6578,121.335,23.1887,0.0718272,98.0746,203.491,0,0,0
1200,4,0,1008,1,1,1,4353.97,30760.5,1614.21,57.9922,0.890323,1512.42,273164,498.349,34.8035,0.674842,462.585,146.613,23.1887,0.0718272,123.353,644.962,0,0,0
1200,4,0,1009,1,1,1,4350.6,18676.7,1602.96,46.3844,0.6264,1512.69,273165,82.2561,23.1957,0.267264,58.7932,121.566,23.1887,0.0718272,98.3057,203.822,0,0,0
1200,4,0,1010,1,1,1,4315.02,24640.9,1608.57,52.1883,0.891994,1512.41,273165,341.892,28.9996,0.676512,312.216,108.371,23.1887,0.0718272,85.1108,450.263,0,0,0
1200,4,0,1011,1,1,1,4329.19,18668.6,1602.64,46.3844,0.748339,1512.25,273170,80.4895,23.1957,0.532858,56.761,133.904,23.1887,0.0718272,110.643,214.393,0,0,0
1200,4,0,1012,1,1,1,4472.49,18970,1602.83,46.3844,0.587981,1512.6,273167,161.511,23.1957,0.372499,137.943,109.84,23.1887,0.0718272,86.5799,271.351,0,0,0
1200,4,0,1013,1,1,1,4336.3,18650.5,1603.04,46.3844,0.770054,1512.63,273163,120.26,23.1957,0.267264,96.7968,151.598,23.1887,0.0718272,128.338,271.858,0,0,0
1200,4,0,1014,1,1,2,10348.6,30674.4,1631.65,75.3781,1.53844,1512.36,273152,339.838,28.9996,0.676512,310.162,290.344,46.3784,0.718272,243.247,630.182,1,0,0
1200,4,0,1015,1,1,1,4321.86,18745.7,1603.06,46.3844,0.482746,1512.93,273164,156.3,23.1957,0.267264,132.837,150.031,23.1887,0.0718272,126.771,306.331,0,0,0
1200,4,0,1016,1,0,0,-1,-1,1580.52,23.1957,0.302342,1513.06,273166,-1,-1,-1,-1,-1,-1,-1,-1,-1,0,0,0
1200,4,0,1017,1,1,1,4317.9,24633.7,1608.51,52.1883,0.731635,1512.51,273166,247.108,28.9996,0.516154,217.415,36.7117,23.1887,0.0718272,13.4512,283.819,0,0,0
1200,4,0,1018,1,1,1,4362.6,18790.7,1603.05,46.3844,0.770054,1512.63,273163,152.936,23.1957,0.267264,129.473,150.176,23.1887,0.0718272,126.915,303.112,0,0,0
1200,4,0,1019,1,0,0,-1,-1,1586.01,28.9996,0.516154,1512.71,273168,-1,-1,-1,-1,-1,-1,-1,-1,-1,0,0,0
1200,4,0,1020,1,1,1,4386.04,18818.7,1602.65,46.3844,0.552902,1512.46,273171,161.554,23.1957,0.267264,138.091,119.517,23.1887,0.141984,96.1868,281.071,0,0,0
1200,4,0,1021,1,0,0,-1,-1,1586.18,28.9996,0.481075,1512.91,273165,-1,-1,-1,-1,-1,-1,-1,-1,-1,0,0,0
1200,4,0,1022,1,1,1,4360.39,18680.5,1602.67,46.3844,0.770054,1512.25,273170,148.851,23.1957,0.267264,125.388,112.394,23.1887,0.0718272,89.1337,261.246,0,0,0
1200,4,0,1023,1,1,1,4327.85,18651.2,1602.77,46.3844,0.482746,1512.65,273169,73.9035,23.1957,0.267264,50.4406,118.601,23.1887,0.0718272,95.3404,192.504,0,0,0
1200,4,0,1024,0,0,0,-1,-1,1580.37,23.206,0.816826,1512.38,273167,-1,-1,-1,-1,-1,-1,-1,-1,-1,0,0,0
1200,4,0,1025,1,1,1,4339.87,18653.1,1602.76,46.3844,0.696557,1512.42,273168,83.5448,23.1957,0.267264,60.0818,138.749,23.1887,0.141984,115.419,222.294,0,0,0
1200,4,0,1026,1,1,1,4357.85,18675.3,1602.79,46.3844,0.517824,1512.62,273169,125.253,23.1957,0.302342,101.755,151.779,23.1887,0.0718272,128.518,277.031,0,0,0
1200,4,0,1027,1,1,1,4315.02,36737.3,1619.71,63.7961,1.26449,1511.91,273165,598.04,40.6075,1.04901,555.561,31.6564,23.1887,0.0718272,8.39593,629.696,0,0,0
1200,4,0,1028,1,1,1,4319.83,24699.4,1608.4,52.1883,0.536198,1512.59,273169,332.207,28.9996,0.320717,302.887,85.4196,23.1887,0.0718272,62.1591,417.627,0,0,0
1200,4,0,1029,1,1,1,4370.66,18736,1602.97,46.3844,0.770054,1512.56,273165,155.45,23.1957,0.267264,131.987,154.145,23.1887,0.0718272,130.884,309.594,0,0,0
1200,4,0,1030,1,1,1,4339.46,18654,1602.9,46.3844,0.661478,1512.59,273166,107.657,23.1957,0.267264,84.1939,152.202,23.1887,0.106906,128.906,259.859,0,0,0
1200,4,0,1031,1,1,1,4324.05,30769.2,1614.13,57.9922,1.12084,1512.11,273164,529.509,34.8035,0.905357,493.598,89.5183,23.1887,0.0718272,66.2578,619.027,0,0,0
1200,4,0,1032,1,1,1,4402.92,18731.7,1602.92,46.3844,0.6264,1512.65,273166,88.9086,23.1957,0.267264,65.4457,154.888,23.1887,0.0718272,131.628,243.797,0,0,0
1200,4,0,1033,1,1,1,4313.42,24749.5,1608.53,52.1883,0.766714,1512.5,273166,334.349,28.9996,0.551232,304.798,84.4216,23.1887,0.0718272,61.1611,418.771,0,0,0
1200,4,0,1034,1,1,1,4321.08,18759.2,1603.09,46.3844,0.678182,1512.77,273163,133.941,23.1957,0.462701,110.282,58.0516,23.1887,0.0718272,34.7911,191.992,0,0,0
1200,4,0,1035,1,1,1,4350.63,18687.3,1602.94,46.3844,0.6264,1512.67,273166,120.662,23.1957,0.267264,97.1993,152.426,23.1887,0.0718272,129.166,273.089,0,0,0
1200,4,0,1036,1,1,1,4461.74,18934.3,1603.2,46.3844,0.748339,1512.81,273161,160.67,23.1957,0.462701,137.011,109.467,23.1887,0.141984,86.1359,270.136,0,0,0
1200,4,0,1037,1,1,1,4324.87,18661,1602.66,46.3844,0.517824,1512.49,273171,145.62,23.1957,0.302342,122.122,78.9963,23.1887,0.0718272,55.7358,224.616,0,0,0
1200,4,0,1038,1,1,1,4467.79,18786.2,1602.68,46.3844,0.517824,1512.52,273170,149.781,23.1957,0.267264,126.318,157.928,23.1887,0.106906,134.633,307.709,0,0,0
1200,4,0,1039,1,1,2,10345.7,24684.4,1625.28,69.5741,0.716602,1512.43,273167,95.0457,23.1957,0.302342,71.5477,350.076,46.3784,0.12695,303.571,445.122,1,0,0
1200,4,0,1040,1,1,1,4320.2,18659.6,1602.93,46.3844,0.482746,1512.81,273166,150.496,23.1957,0.267264,127.033,107.413,23.1887,0.0718272,84.1524,257.909,0,0,0
1200,4,0,1041,1,1,1,4348.9,24669.4,1608.5,52.1883,0.731635,1512.5,273166,176.69,28.9996,0.516154,146.792,149.154,23.1887,0.0718272,125.894,325.844,0,0,0
1200,4,0,1042,1,1,2,10318.6,42776.5,1642.75,86.9859,1.65704,1512.08,273154,703.848,40.6075,1.40481,661.315,225.985,46.3784,0.108576,179.498,929.833,1,0,0
1200,4,0,1043,1,1,1,4330.88,18659.4,1602.95,46.3844,0.50112,1512.81,273166,140.217,23.1957,0.267264,116.754,71.0411,23.1887,0.0902016,47.7622,211.258,0,0,0
1200,4,0,1044,1,0,0,-1,-1,1580.34,23.1957,0.302342,1512.88,273169,-1,-1,-1,-1,-1,-1,-1,-1,-1,0,0,0
1200,4,0,1045,1,0,0,-1,-1,1580.48,23.1957,0.267264,1513.06,273167,-1,-1,-1,-1,-1,-1,-1,-1,-1,0,0,0
1200,4,0,1046,1,1,1,4318.87,18768.6,1602.74,46.3844,0.482746,1512.61,273170,124.631,23.1957,0.267264,101.168,53.3501,23.1887,0.0718272,30.0896,177.981,0,0,0
1200,4,0,1047,1,1,1,4346.12,18669.9,1602.81,46.3844,0.517824,1512.65,273168,152.226,23.1957,0.267264,128.763,145.192,23.1887,0.106906,121.896,297.418,0,0,0
1200,4,0,1048,1,1,1,4323.08,18697.7,1603.09,46.3844,0.482746,1512.96,273163,162.788,23.1957,0.267264,139.325,127.416,23.1887,0.0718272,104.155,290.204,0,0,0
1200,4,0,1049,1,1,1,4325.64,18807.4,1602.93,46.3844,0.678182,1512.61,273166,159.091,23.1957,0.462701,135.432,156.733,23.1887,0.0718272,133.472,315.823,0,0,0
1200,4,0,1050,1,1,1,4315.34,18691.6,1602.68,46.3844,0.678182,1512.36,273170,145.959,23.1957,0.462701,122.3,84.0408,23.1887,0.0718272,60.7802,230,0,0,0
1200,4,0,1051,1,0,0,-1,-1,1580.24,23.1957,0.302342,1512.79,273171,-1,-1,-1,-1,-1,-1,-1,-1,-1,0,0,0
1200,4,0,1052,1,1,1,4351.14,18706.3,1602.69,46.3844,0.748339,1512.3,273170,85.9238,23.1957,0.532858,62.1952,142.292,23.1887,0.0718272,119.032,228.216,0,0,0
1200,4,0,1053,1,1,1,4342.3,18712.3,1602.91,46.3844,0.661478,1512.61,273166,159.71,23.1957,0.302342,136.212,131.186,23.1887,0.0718272,107.925,290.896,0,0,0
1200,4,0,1054,1,1,1,4316.55,18647.9,1603.01,46.3844,0.482746,1512.88,273165,139.486,23.1957,0.267264,116.023,68.5592,23.1887,0.0718272,45.2987,208.046,0,0,0
1200,4,0,1055,1,1,1,4317.9,24706,1608.68,52.1883,1.12251,1512.28,273162,314.529,28.9996,0.907027,284.622,64.2024,23.1887,0.0718272,40.9419,378.731,0,0,0
1200,4,0,1056,1,1,1,4319.37,18732.5,1602.64,46.3844,0.873619,1512.13,273170,146.901,23.1957,0.658138,123.048,71.9883,23.1887,0.0718272,48.7278,218.89,0,0,0
1200,4,0,1057,1,1,1,4330.63,18652.3,1602.65,46.3844,0.6264,1512.38,273171,86.2303,23.1957,0.267264,62.7673,148.25,23.1887,0.0718272,124.99,234.48,0,0,0
1200,4,0,1058,1,1,1,4349.4,18776.3,1602.59,46.3844,0.661478,1512.28,273172,153.448,23.1957,0.267264,129.985,108.062,23.1887,0.106906,84.766,261.51,0,0,0
1200,4,0,1059,1,1,1,4359.3,18808.3,1603.1,46.3844,0.6264,1512.83,273163,155.367,23.1957,0.267264,131.904,145.108,23.1887,0.0718272,121.847,300.475,0,0,0
1200,4,0,1060,1,1,1,4318.6,18701.7,1602.85,46.3844,0.482746,1512.73,273168,120.843,23.1957,0.267264,97.3798,52.4748,23.1887,0.0718272,29.2143,173.318,0,0,0
1200,4,0,1061,1,1,1,4319.35,24684.4,1608.64,52.1883,0.766714,1512.6,273164,273.953,28.9996,0.551232,244.296,47.5928,23.1887,0.0718272,24.3323,321.546,0,0,0
1200,4,0,1062,1,1,1,4331.17,18653.1,1602.85,46.3844,0.482746,1512.73,273168,146.541,23.1957,0.267264,123.078,160.433,23.1887,0.0718272,137.172,306.974,0,0,0
1200,4,0,1063,1,1,1,4354.83,18755.3,1602.75,46.3844,0.552902,1512.55,273169,152.635,23.1957,0.302342,129.137,109.24,23.1887,0.106906,85.9446,261.875,0,0,0
1200,4,0,1064,1,1,1,4356.55,18683.3,1602.77,46.3844,0.482746,1512.65,273169,87.638,23.1957,0.267264,64.1751,151.127,23.1887,0.0718272,127.866,238.765,0,0,0
1200,4,0,1065,1,0,0,-1,-1,1580.27,23.1957,0.302342,1512.81,273170,-1,-1,-1,-1,-1,-1,-1,-1,-1,0,0,0
1200,4,0,1066,1,1,1,4357.17,24763.8,1608.4,52.1883,0.571277,1512.55,273168,292.532,28.9996,0.320717,263.152,161.065,23.1887,0.106906,137.769,453.597,0,0,0
1200,4,0,1067,1,0,0,-1,-1,1580.38,23.1957,0.302342,1512.92,273168,-1,-1,-1,-1,-1,-1,-1,-1,-1,0,0,0
1200,4,0,1068,1,1,1,4322.82,18643.6,1602.66,46.3844,0.517824,1512.5,273171,152.18,23.1957,0.302342,128.682,108.066,23.1887,0.0718272,84.8057,260.247,0,0,0
1200,4,0,1069,1,1,2,10413,24911.9,1625.69,69.5741,0.841882,1512.71,273160,159.474,23.1957,0.267264,136.012,331.875,46.3784,0.287309,285.209,491.349,1,0,0
1200,4,0,1070,1,1,1,4321.42,18691.2,1602.79,46.3844,0.517824,1512.63,273168,151.743,23.1957,0.267264,128.28,144.91,23.1887,0.106906,121.615,296.653,0,0,0
1200,4,0,1071,1,1,3,16439.4,30795.6,1647.53,92.7639,0.770054,1512.14,273171,83.9957,23.1957,0.337421,60.4626,535.649,69.5682,0.288979,465.792,619.645,2,0,0
1200,4,0,1072,1,1,1,4380.49,18795.3,1602.65,46.3844,0.536198,1512.47,273171,157.964,23.1957,0.267264,134.501,157.095,23.1887,0.12528,133.781,315.059,0,0,0
1200,4,0,1073,1,1,1,4324.22,18654.8,1602.77,46.3844,0.482746,1512.65,273169,85.2377,23.1957,0.267264,61.7747,147.579,23.1887,0.0718272,124.318,232.816,0,0,0
1200,4,0,1074,1,1,1,4316.94,18631.7,1602.68,46.3844,0.482746,1512.55,273171,76.1018,23.1957,0.267264,52.6388,119.622,23.1887,0.0718272,96.3619,195.724,0,0,0
1200,4,0,1075,1,1,1,4341.92,18679.1,1602.81,46.3844,0.517824,1512.65,273168,150.177,23.1957,0.302342,126.679,158.039,23.1887,0.0718272,134.779,308.216,0,0,0
1200,4,0,1076,1,1,1,4362.31,18694.4,1603.1,46.3844,0.805133,1512.65,273162,133.065,23.1957,0.267264,109.602,151.038,23.1887,0.106906,127.742,284.102,0,0,0
1200,4,0,1077,1,1,1,4435.1,18762.8,1602.64,46.3844,0.482746,1512.51,273171,88.2517,23.1957,0.267264,64.7887,156.484,23.1887,0.0718272,133.223,244.735,0,0,0
1200,4,0,1078,1,1,1,4384.75,24741.6,1608.69,52.1883,0.731635,1512.69,273163,224.004,28.9996,0.516154,194.238,154.737,23.1887,0.0718272,131.476,378.741,0,0,0
1200,4,0,1079,1,1,1,4315.34,30699.8,1614.05,57.9922,0.75001,1512.4,273168,520.309,34.8035,0.534528,484.753,84.8529,23.1887,0.0718272,61.5924,605.162,0,0,0
1200,4,0,1080,1,1,1,4322.38,18739.1,1602.81,46.3844,0.482746,1512.69,273168,156.246,23.1957,0.267264,132.783,149.026,23.1887,0.0718272,125.766,305.272,0,0,0
1200,4,0,1081,1,1,1,4329.15,18705.3,1602.87,46.3844,0.482746,1512.75,273167,159.465,23.1957,0.267264,136.003,131.65,23.1887,0.0718272,108.389,291.115,0,0,0
1200,4,0,1082,1,1,1,4372.04,18692.7,1602.72,46.3844,0.482746,1512.59,273170,83.8588,23.1957,0.267264,60.3958,134.247,23.1887,0.0718272,110.986,218.105,0,0,0
1200,4,0,1083,1,1,1,4376.81,18697.1,1602.81,46.3844,0.6264,1512.54,273168,86.1328,23.1957,0.267264,62.6699,143.245,23.1887,0.0718272,119.985,229.378,0,0,0
1200,4,0,1084,1,1,1,4316.62,24677.2,1608.51,52.1883,0.891994,1512.34,273166,235.283,28.9996,0.676512,205.388,32.1293,23.1887,0.0718272,8.86879,267.412,0,0,0
1200,4,0,1085,1,1,1,4329,18648.7,1602.66,46.3844,0.482746,1512.53,273171,88.3564,23.1957,0.267264,64.8934,151.322,23.1887,0.0718272,128.061,239.678,0,0,0
1200,4,0,1086,1,1,1,4323.98,18696.4,1602.89,46.3844,0.748339,1512.5,273166,155.955,23.1957,0.497779,132.261,151.902,23.1887,0.106906,128.606,307.857,0,0,0
1200,4,0,1087,1,1,1,4329.9,18666.7,1602.83,46.3844,0.482746,1512.71,273168,121.094,23.1957,0.267264,97.6307,150.99,23.1887,0.0718272,127.729,272.083,0,0,0
1200,4,0,1088,1,1,1,4333.75,18651.4,1603.02,46.3844,0.482746,1512.89,273165,89.2804,23.1957,0.267264,65.8174,153.861,23.1887,0.0718272,130.601,243.142,0,0,0
1200,4,0,1089,1,1,1,4315.98,18637.1,1603.01,46.3844,0.482746,1512.89,273165,147.016,23.1957,0.267264,123.553,72.6886,23.1887,0.0718272,49.4281,219.705,0,0,0
1200,4,0,1090,1,1,1,4424.37,18758.5,1602.85,46.3844,0.482746,1512.73,273168,137.223,23.1957,0.267264,113.76,158.012,23.1887,0.0718272,134.752,295.235,0,0,0
1200,4,0,1091,1,1,1,4321.96,18708.4,1602.86,46.3844,0.552902,1512.67,273167,137.181,23.1957,0.337421,113.648,66.3664,23.1887,0.0718272,43.1058,203.548,0,0,0
1200,4,0,1092,1,1,1,4315.34,18676.4,1602.68,46.3844,0.482746,1512.55,273171,157.17,23.1957,0.267264,133.707,95.5139,23.1887,0.0718272,72.2534,252.684,0,0,0
1200,4,0,1093,1,1,1,4329.05,24690.6,1608.66,52.1883,1.12251,1512.27,273162,341.067,28.9996,0.907027,311.16,156.476,23.1887,0.0718272,133.216,497.543,0,0,0
1200,4,0,1094,1,1,1,4353.86,18809.3,1603.2,46.3844,0.713261,1512.84,273161,157.104,23.1957,0.497779,133.411,146.379,23.1887,0.0718272,123.118,303.483,0,0,0
1200,4,0,1095,1,0,0,-1,-1,1580.38,23.1957,0.302342,1512.92,273168,-1,-1,-1,-1,-1,-1,-1,-1,-1,0,0,0
1200,4,0,1096,1,1,1,4327.89,18757.6,1603.12,46.3844,0.6264,1512.85,273162,155.085,23.1957,0.267264,131.622,103.48,23.1887,0.0718272,80.2198,258.565,0,0,0
1200,4,0,1097,1,1,1,4333.51,24710.8,1608.34,52.1883,0.536198,1512.53,273170,290.771,28.9996,0.320717,261.391,49.4554,23.1887,0.0718272,26.1949,340.227,0,0,0
1200,4,0,1098,1,1,1,4380.32,24737.3,1608.48,52.1883,1.46327,1511.75,273164,225.188,28.9996,0.907027,195.034,153.018,23.1887,0.12528,129.704,378.205,0,0,0
1200,4,0,1099,1,1,1,4321.78,18651.6,1602.87,46.3844,0.482746,1512.75,273167,151.201,23.1957,0.267264,127.738,142.958,23.1887,0.0718272,119.698,294.16,0,0,0
1200,4,0,1100,1,1,1,4328.2,18673.7,1602.75,46.3844,0.519494,1512.59,273169,145.928,23.1957,0.267264,122.465,85.5827,23.1887,0.108576,62.2855,231.51,0,0,0
1200,4,0,1101,1,1,1,4393.13,18767.2,1602.64,46.3844,0.517824,1512.47,273171,126.15,23.1957,0.302342,102.652,152.262,23.1887,0.0718272,129.002,278.412,0,0,0
1200,4,0,1102,1,1,1,4320.24,18639.3,1602.81,46.3844,0.482746,1512.69,273168,124.62,23.1957,0.267264,101.157,149.833,23.1887,0.0718272,126.572,274.453,0,0,0
1200,4,0,1103,1,1,1,4318.66,18661.8,1602.61,46.3844,0.482746,1512.49,273172,155.387,23.1957,0.267264,131.924,96.9721,23.1887,0.0718272,73.7116,252.359,0,0,0
1200,4,0,1104,1,1,1,4324.59,24674.3,1608.56,52.1883,0.731635,1512.56,273165,346.314,28.9996,0.516154,316.798,105.133,23.1887,0.0718272,81.8729,451.448,0,0,0
1200,4,0,1105,1,1,1,4345.36,18720,1603.2,46.3844,0.770054,1512.79,273161,154.394,23.1957,0.267264,130.931,149.773,23.1887,0.0718272,126.513,304.167,0,0,0
1200,4,0,1106,1,1,2,10321.1,24715.5,1625.3,69.5741,0.945446,1512.23,273167,152.987,23.1957,0.658138,129.133,293.67,46.3784,0.143654,247.148,446.657,1,0,0
1200,4,0,1107,1,1,1,4322.1,30766.3,1614.13,57.9922,0.980525,1512.25,273165,518.877,34.8035,0.765043,483.076,71.4541,23.1887,0.0718272,48.1936,590.331,0,0,0
1200,4,0,1108,1,1,1,4339.91,18666.5,1602.85,46.3844,0.517824,1512.69,273167,88.155,23.1957,0.302342,64.657,152.971,23.1887,0.0718272,129.711,241.126,0,0,0
1200,4,0,1109,1,1,1,4316.94,18652.7,1602.68,46.3844,0.482746,1512.55,273171,140.187,23.1957,0.267264,116.724,68.4653,23.1887,0.0718272,45.2048,208.652,0,0,0
1200,4,0,1110,1,1,1,4366.72,18711.4,1602.93,46.3844,0.517824,1512.77,273166,132.43,23.1957,0.267264,108.967,151.604,23.1887,0.106906,128.309,284.034,0,0,0
1200,4,0,1111,1,1,2,10339.7,24676.9,1625.2,69.5741,0.589651,1512.48,273169,148.724,23.1957,0.302342,125.226,363.945,46.3784,0.143654,317.423,512.669,1,0,0
1200,4,0,1112,1,1,1,4317.75,18744.4,1602.77,46.3844,0.482746,1512.65,273169,126.057,23.1957,0.267264,102.594,55.2325,23.1887,0.0718272,31.972,181.289,0,0,0
1200,4,0,1113,1,1,1,4369.17,24852.2,1608.46,52.1883,0.536198,1512.65,273168,343.55,28.9996,0.320717,314.23,117.796,23.1887,0.0718272,94.5354,461.346,0,0,0
1200,4,0,1114,1,1,1,4318.98,18760.5,1602.88,46.3844,0.517824,1512.72,273167,149.372,23.1957,0.302342,125.874,84.6779,23.1887,0.0718272,61.4173,234.05,0,0,0
1200,4,0,1115,1,1,1,4318.22,24647.5,1608.66,52.1883,0.891994,1512.5,273163,343.865,28.9996,0.676512,314.189,94.745,23.1887,0.0718272,71.4845,438.61,0,0,0
1200,4,0,1116,1,1,1,4322.82,36733.7,1619.79,63.7961,1.55013,1511.71,273164,709.527,40.6075,1.33465,667.088,85.6037,23.1887,0.0718272,62.3432,795.131,0,0,0
1200,4,0,1117,1,1,1,4326.44,18647,1602.84,46.3844,0.6264,1512.57,273167,88.6541,23.1957,0.267264,65.1912,150.169,23.1887,0.0718272,126.908,238.823,0,0,0
1200,4,0,1118,1,1,1,4353.16,18698.6,1602.79,46.3844,0.587981,1512.55,273168,156.095,23.1957,0.372499,132.526,99.7443,23.1887,0.0718272,76.4838,255.839,0,0,0
1200,4,0,1119,1,1,1,4361.81,18724.2,1602.79,46.3844,0.482746,1512.67,273169,162.395,23.1957,0.267264,138.932,130.758,23.1887,0.0718272,107.497,293.153,0,0,0
1200,4,0,1120,1,1,1,4363.15,18682.7,1602.92,46.3844,0.6264,1512.65,273166,87.481,23.1957,0.267264,64.0181,149.909,23.1887,0.0718272,126.648,237.39,0,0,0
1200,4,0,1121,1,1,1,4339.26,24679.6,1608.59,52.1883,0.766714,1512.56,273164,218.661,28.9996,0.516154,188.881,153.575,23.1887,0.106906,130.279,372.236,0,0,0
1200,4,0,1122,1,1,1,4318.86,30689.2,1614.19,57.9922,0.785088,1512.5,273165,498.331,34.8035,0.569606,462.679,58.936,23.1887,0.0718272,35.6755,557.267,0,0,0
1200,4,0,1123,1,1,1,4322.14,24674.4,1608.43,52.1883,0.766714,1512.39,273167,255.731,28.9996,0.551232,226.022,38.4714,23.1887,0.0718272,15.2109,294.202,0,0,0
1200,4,0,1124,1,0,0,-1,-1,1586.36,28.9996,0.516154,1513.06,273161,-1,-1,-1,-1,-1,-1,-1,-1,-1,0,0,0
1200,4,0,1125,1,1,1,4336.82,18653,1602.93,46.3844,0.482746,1512.81,273166,113.777,23.1957,0.267264,90.314,155.818,23.1887,0.0718272,132.557,269.595,0,0,0
1200,4,0,1126,1,1,1,4335.31,18665.9,1602.83,46.3844,0.482746,1512.71,273168,153.647,23.1957,0.267264,130.184,153.47,23.1887,0.0718272,130.209,307.116,0,0,0
1200,4,0,1127,1,1,1,4316.3,24632.8,1608.65,52.1883,0.927072,1512.45,273163,240.045,28.9996,0.71159,210.136,35.5295,23.1887,0.0718272,12.269,275.575,0,0,0
1200,4,0,1128,1,1,1,4322.86,18766.7,1602.74,46.3844,0.6264,1512.47,273169,145.713,23.1957,0.267264,122.25,71.1653,23.1887,0.0718272,47.9048,216.878,0,0,0
1200,4,0,1129,1,1,1,4329.35,18667.4,1602.82,46.3844,0.6264,1512.55,273168,149.981,23.1957,0.267264,126.518,157.298,23.1887,0.0718272,134.037,307.279,0,0,0
1200,4,0,1130,1,1,1,4336.93,18670,1602.62,46.3844,0.678182,1512.3,273171,105.643,23.1957,0.462701,81.9848,152.97,23.1887,0.0718272,129.709,258.613,0,0,0
1200,4,0,1131,1,1,1,4346.64,18670.2,1602.81,46.3844,0.482746,1512.69,273168,84.9724,23.1957,0.267264,61.5094,139.493,23.1887,0.0718272,116.233,224.466,0,0,0
1200,4,0,1132,1,0,0,-1,-1,1585.96,28.9996,0.481075,1512.69,273169,-1,-1,-1,-1,-1,-1,-1,-1,-1,0,0,0
1200,4,0,1133,1,1,1,4316.62,18664.5,1603.09,46.3844,0.678182,1512.77,273163,155.636,23.1957,0.462701,131.978,105.882,23.1887,0.0718272,82.6219,261.519,0,0,0
1200,4,0,1134,1,1,1,4315.34,18631.4,1602.92,46.3844,0.482746,1512.79,273166,81.8176,23.1957,0.267264,58.3546,121.303,23.1887,0.0718272,98.0422,203.12,0,0,0
1200,4,0,1135,1,1,1,4328.78,18806.1,1602.53,46.3844,0.731635,1512.15,273172,151.565,23.1957,0.497779,127.872,86.2863,23.1887,0.0902016,63.0074,237.852,0,0,0
1200,4,0,1136,1,1,1,4328.97,24708.9,1608.53,52.1883,0.766714,1512.5,273166,282.032,28.9996,0.551232,252.396,155.841,23.1887,0.0718272,132.581,437.874,0,0,0
1200,4,0,1137,1,1,1,4317.9,18700.2,1602.87,46.3844,0.587981,1512.64,273167,141.393,23.1957,0.372499,117.825,155.345,23.1887,0.0718272,132.084,296.738,0,0,0
1200,4,0,1138,1,1,1,4339.46,18676.1,1603.04,46.3844,0.482746,1512.91,273164,87.6362,23.1957,0.267264,64.1733,149.954,23.1887,0.0718272,126.693,237.59,0,0,0
1200,4,0,1139,1,1,2,10352.1,24749.4,1625.27,69.5741,0.589651,1512.55,273168,153.948,23.1957,0.267264,130.485,348.3,46.3784,0.178733,301.743,502.248,1,0,0
1200,4,0,1140,1,1,1,4325.49,24673.4,1608.31,52.1883,0.731635,1512.3,273170,344.675,28.9996,0.481075,315.194,127.22,23.1887,0.106906,103.924,471.894,0,0,0
1200,4,0,1141,1,1,1,4323.5,18658.8,1602.68,46.3844,0.661478,1512.38,273170,144.351,23.1957,0.302342,120.853,82.864,23.1887,0.0718272,59.6035,227.215,0,0,0
1200,4,0,1142,0,0,0,-1,-1,1580.18,23.206,0.516154,1512.5,273171,-1,-1,-1,-1,-1,-1,-1,-1,-1,0,0,0
1200,4,0,1143,1,1,1,4315.98,18633.5,1602.71,46.3844,0.482746,1512.59,273170,126.954,23.1957,0.267264,103.491,56.6421,23.1887,0.0718272,33.3816,183.596,0,0,0
1200,4,0,1144,0,0,0,-1,-1,1585.96,29.0099,0.96048,1512.21,273167,-1,-1,-1,-1,-1,-1,-1,-1,-1,0,0,0
1200,4,0,1145,1,1,1,4338.38,18655.1,1602.95,46.3844,0.482746,1512.82,273166,81.379,23.1957,0.267264,57.916,137.539,23.1887,0.0718272,114.278,218.918,0,0,0
1200,4,0,1146,1,1,1,4321.97,36740.2,1620.36,63.7961,1.78065,1512.06,273153,686.457,40.6075,1.56516,643.72,57.29,23.1887,0.0718272,34.0295,743.747,0,0,0
1200,4,0,1147,1,1,1,4314.38,18661.7,1602.64,46.3844,0.552902,1512.44,273171,152.661,23.1957,0.337421,129.128,155.881,23.1887,0.0718272,132.62,308.542,0,0,0
1200,4,0,1148,1,1,1,4320.97,18676.9,1602.81,46.3844,0.482746,1512.69,273168,153.611,23.1957,0.267264,130.148,108.445,23.1887,0.0718272,85.1848,262.056,0,0,0
1200,4,0,1149,1,1,2,10408.6,24731.7,1625.05,69.5741,0.698227,1512.22,273172,113.611,23.1957,0.267264,90.148,362.643,46.3784,0.287309,315.977,476.254,1,0,0
1200,4,0,1150,1,1,1,4372.71,18703.8,1603.12,46.3844,0.552902,1512.92,273162,139.058,23.1957,0.302342,115.56,157.625,23.1887,0.106906,134.329,296.683,0,0,0
1200,4,0,1151,1,1,1,4404.21,18822.8,1602.99,46.3844,0.517824,1512.83,273165,155.933,23.1957,0.267264,132.471,151.87,23.1887,0.106906,128.574,307.803,0,0,0
1200,4,0,1152,1,1,1,4330.25,18674.8,1602.97,46.3844,0.661478,1512.67,273165,87.2779,23.1957,0.302342,63.7798,148.983,23.1887,0.0718272,125.722,236.261,0,0,0
1200,4,0,1153,1,0,0,-1,-1,1580.13,23.1957,0.267264,1512.71,273173,-1,-1,-1,-1,-1,-1,-1,-1,-1,0,0,0
1200,4,0,1154,1,0,0,-1,-1,1580.5,23.1957,0.302342,1513.04,273166,-1,-1,-1,-1,-1,-1,-1,-1,-1,0,0,0
1200,4,0,1155,1,1,1,4374.95,18716.4,1602.99,46.3844,0.482746,1512.86,273165,133.615,23.1957,0.267264,110.152,154.497,23.1887,0.0718272,131.236,288.112,0,0,0
1200,4,0,1156,1,1,1,4358.02,18677.8,1602.85,46.3844,0.517824,1512.69,273167,120.931,23.1957,0.267264,97.4682,153.606,23.1887,0.106906,130.31,274.537,0,0,0
1200,4,0,1157,0,0,0,-1,-1,1580.18,23.206,0.551232,1512.46,273171,-1,-1,-1,-1,-1,-1,-1,-1,-1,0,0,0
1200,4,0,1158,1,1,1,4340.48,18701.4,1602.63,46.3844,0.482746,1512.51,273172,104.926,23.1957,0.267264,81.4633,155.029,23.1887,0.0718272,131.768,259.955,0,0,0
1200,4,0,1159,1,1,1,4333.79,18784.3,1602.88,46.3844,0.482746,1512.75,273167,161.839,23.1957,0.267264,138.376,116.186,23.1887,0.0718272,92.9255,278.025,0,0,0
1200,4,0,1160,1,1,1,4328.84,24680.3,1608.44,52.1883,0.696557,1512.48,273168,337.093,28.9996,0.481075,307.612,144.269,23.1887,0.0718272,121.008,481.361,0,0,0
1200,4,0,1161,1,1,2,10349.1,24683.6,1624.86,69.5741,0.659808,1512.07,273175,105.833,23.1957,0.302342,82.335,357.572,46.3784,0.213811,310.98,463.405,1,0,0
1200,4,0,1162,1,1,1,4322.99,18657.3,1602.36,46.3844,0.552902,1512.17,273176,156.649,23.1957,0.302342,133.151,151.998,23.1887,0.106906,128.702,308.647,0,0,0
1200,4,0,1163,1,1,1,4318.08,18817.6,1602.63,46.3844,0.482746,1512.51,273172,159.662,23.1957,0.267264,136.199,156.375,23.1887,0.0718272,133.115,316.038,0,0,0
1200,4,0,1164,1,1,1,4321.85,18684,1602.83,46.3844,0.482746,1512.71,273168,149.683,23.1957,0.267264,126.22,76.6844,23.1887,0.0718272,53.4239,226.368,0,0,0
1200,4,0,1165,1,1,1,4325.96,18684.3,1602.98,46.3844,0.482746,1512.85,273165,153.374,23.1957,0.267264,129.911,152.833,23.1887,0.0718272,129.572,306.207,0,0,0
1200,4,0,1166,1,1,1,4362.1,18715.2,1602.83,46.3844,0.482746,1512.71,273168,157.356,23.1957,0.267264,133.893,134.969,23.1887,0.0718272,111.708,292.324,0,0,0
1200,4,0,1167,1,1,1,4375.6,18759.1,1603.26,46.3844,1.01727,1512.6,273159,151.699,23.1957,0.658138,127.845,147.528,23.1887,0.0718272,124.268,299.227,0,0,0
1200,4,0,1168,1,1,1,4316.3,18633.8,1602.72,46.3844,0.482746,1512.59,273170,156.421,23.1957,0.267264,132.958,104.116,23.1887,0.0718272,80.855,260.536,0,0,0
1200,4,0,1169,1,1,1,4323.64,18677.4,1602.79,46.3844,0.482746,1512.67,273169,151.261,23.1957,0.267264,127.798,144.056,23.1887,0.0718272,120.795,295.317,0,0,0
1200,4,0,1170,1,1,1,4342.24,18673.1,1602.83,46.3844,0.587981,1512.6,273167,153.75,23.1957,0.302342,130.252,108.972,23.1887,0.141984,85.6414,262.722,0,0,0
1200,4,0,1171,1,1,1,4433.85,18764.4,1602.76,46.3844,0.482746,1512.63,273169,88.3491,23.1957,0.267264,64.8862,156.383,23.1887,0.0718272,133.122,244.732,0,0,0
1200,4,0,1172,1,1,1,4314.06,18644.8,1603.05,46.3844,0.482746,1512.93,273164,82.2796,23.1957,0.267264,58.8166,120.01,23.1887,0.0718272,96.7499,202.29,0,0,0
1200,4,0,1173,1,1,2,10332.2,24645.4,1625.3,69.5741,0.519494,1512.65,273168,90.8885,23.1957,0.267264,67.4255,352.186,46.3784,0.108576,305.699,443.074,1,0,0
1200,4,0,1174,1,1,1,4318.02,24658.5,1608.7,52.1883,0.766714,1512.66,273163,275.969,28.9996,0.551232,246.321,51.3486,23.1887,0.0718272,28.0881,327.317,0,0,0
1200,4,0,1175,1,1,1,4362.67,18684.9,1602.71,46.3952,0.50112,1512.55,273170,108.132,23.2065,0.285638,84.6397,154.284,23.1887,0.0718272,131.023,262.415,0,0,0
1200,4,0,1176,1,1,1,4326.92,18644.1,1602.68,46.3844,0.482746,1512.55,273171,87.6904,23.1957,0.267264,64.2274,148.279,23.1887,0.0718272,125.018,235.969,0,0,0
1200,4,0,1177,1,1,1,4364.98,18724,1602.69,46.3844,0.552902,1512.5,273170,149.803,23.1957,0.267264,126.34,153.928,23.1887,0.141984,130.597,303.73,0,0,0
1200,4,0,1178,1,1,1,4485.58,18858.6,1602.85,46.3844,0.517824,1512.69,273167,150.149,23.1957,0.267264,126.686,156.706,23.1887,0.106906,133.411,306.855,0,0,0
1200,4,0,1179,1,1,1,4420.35,18742.9,1602.88,46.3844,0.482746,1512.75,273167,119.052,23.1957,0.267264,95.5894,154.105,23.1887,0.0718272,130.844,273.157,0,0,0
1200,4,0,1180,1,1,1,4338.6,24703.5,1608.64,52.1883,1.1058,1512.26,273163,286.337,28.9996,0.746669,256.52,158.66,23.1887,0.0718272,135.4,444.997,0,0,0
1200,4,0,1181,1,1,1,4427.2,18751.7,1602.94,46.3844,0.552902,1512.75,273166,114.102,23.1957,0.267264,90.6389,157.839,23.1887,0.141984,134.508,271.941,0,0,0
1200,4,0,1182,1,1,1,4322.95,18704.7,1603.09,46.3844,0.482746,1512.96,273163,146.285,23.1957,0.267264,122.822,83.8242,23.1887,0.0718272,60.5637,230.109,0,0,0
1200,4,0,1183,1,1,2,4392.66,18738.8,1625.12,69.5741,0.841882,1512.15,273170,132.161,23.1957,0.267264,108.698,174.747,46.3784,0.287309,128.081,306.908,1,0,0
1200,4,0,1184,1,0,0,-1,-1,1580.47,23.1957,0.267264,1513.04,273167,-1,-1,-1,-1,-1,-1,-1,-1,-1,0,0,0
1200,4,0,1185,1,1,1,4347.3,18693,1603.03,46.3844,0.678182,1512.71,273164,108.269,23.1957,0.462701,84.6108,152.25,23.1887,0.0718272,128.989,260.519,0,0,0
1200,4,0,1186,1,1,1,4317.58,24649.6,1608.47,52.1883,0.83687,1512.36,273166,240.559,28.9996,0.621389,210.739,36.0024,23.1887,0.0718272,12.7419,276.561,0,0,0
1200,4,0,1187,1,1,1,4315.02,18665,1602.58,46.3952,0.536198,1512.39,273172,153.009,23.2065,0.320717,129.482,107.826,23.1887,0.0718272,84.5657,260.835,0,0,0
1200,4,0,1188,1,1,1,4361.96,18680.2,1602.84,46.3844,0.6264,1512.57,273167,83.0322,23.1957,0.267264,59.5692,127.455,23.1887,0.0718272,104.195,210.487,0,0,0
1200,4,0,1189,1,1,1,4350.13,18676.2,1602.91,46.3844,0.50112,1512.77,273166,113.439,23.1957,0.267264,89.9765,155.578,23.1887,0.0902016,132.299,269.017,0,0,0
1200,4,0,1190,1,1,1,4315.97,18633.1,1602.85,46.3844,0.482746,1512.73,273168,148.263,23.1957,0.267264,124.8,76.6844,23.1887,0.0718272,53.4239,224.947,0,0,0
1200,4,0,1191,1,1,1,4332.57,18719.9,1602.83,46.3844,0.517824,1512.67,273168,129.214,23.1957,0.302342,105.716,151.028,23.1887,0.0718272,127.767,280.242,0,0,0
1200,4,0,1192,1,1,1,4316.94,18631.1,1602.81,46.3844,0.482746,1512.69,273168,86.0751,23.1957,0.267264,62.6121,148.145,23.1887,0.0718272,124.885,234.221,0,0,0
1200,4,0,1193,1,1,1,4342.23,24874,1608.54,52.1883,0.96215,1512.31,273165,346.711,28.9996,0.746669,316.964,147.292,23.1887,0.0718272,124.031,494.002,0,0,0
1200,4,0,1194,1,1,1,4320.42,18671,1602.66,46.3844,0.482746,1512.53,273171,146.415,23.1957,0.267264,122.952,82.494,23.1887,0.0718272,59.2335,228.909,0,0,0
1200,4,0,1195,1,1,1,4332.66,18647.2,1602.84,46.3844,0.913709,1512.28,273167,103.268,23.1957,0.267264,79.8046,153.5,23.1887,0.0718272,130.24,256.768,0,0,0
1200,4,0,1196,1,1,1,4321.52,18652.6,1602.61,46.3844,0.552902,1512.42,273171,86.6235,23.1957,0.337421,63.0904,148.182,23.1887,0.0718272,124.921,234.805,0,0,0
1200,4,0,1197,1,1,1,4396.96,18806.9,1602.83,46.3844,0.482746,1512.71,273168,155.912,23.1957,0.267264,132.449,146.936,23.1887,0.0718272,123.676,302.848,0,0,0
1200,4,0,1198,1,1,1,4385.08,18792,1602.97,46.3844,0.482746,1512.84,273166,155.161,23.1957,0.267264,131.698,151.405,23.1887,0.0718272,128.144,306.566,0,0,0
1200,4,0,1199,1,1,1,4367.61,18687,1603.06,46.3844,0.6264,1512.79,273164,83.0502,23.1957,0.267264,59.5873,134.371,23.1887,0.0718272,111.111,217.421,0,0,0
1200,4,0,1200,1,1,1,4379.72,18700.1,1602.66,46.3844,0.482746,1512.53,273171,86.7681,23.1957,0.267264,63.3052,151.349,23.1887,0.0718272,128.088,238.117,0,0,0
