N,seed,dutyCycle,devId,registered,authSuccess,attempts,latencyMs,e2eMs,fullEnergyMJ,fullCpuEnergyMJ,fullTxEnergyMJ,fullRxEnergyMJ,idleListeningMs,regEnergyMJ,regCpuEnergyMJ,regTxEnergyMJ,regRxEnergyMJ,authEnergyMJ,authCpuEnergyMJ,authTxEnergyMJ,authRxEnergyMJ,sessionEnergyMJ,fallbackUsed,replayRejected,desync
1200,3,1,1,1,1,1,4317.83,24651.5,731.484,52.1883,0.696557,632.967,13410.8,328.874,28.9996,0.481075,299.393,95.9145,23.1887,0.0718272,72.654,424.788,0,0,0
1200,3,1,2,1,1,1,4319.84,24659.4,766.189,52.1883,0.766714,667.702,12801.1,325.72,28.9996,0.551232,296.169,100.087,23.1887,0.0718272,76.8267,425.808,0,0,0
1200,3,1,3,1,1,1,4374.71,18757.9,646.573,46.3844,0.517824,553.631,8927.43,157.016,23.1957,0.267264,133.553,156.685,23.1887,0.106906,133.389,313.701,0,0,0
1200,3,1,4,1,1,1,4322.28,18700.8,582.64,46.3844,0.713261,489.317,10006.7,146.548,23.1957,0.497779,122.855,98.499,23.1887,0.0718272,75.2385,245.047,0,0,0
1200,3,1,5,1,1,1,4473.63,18993.3,650.845,46.3844,0.714931,557.719,9086.18,153.001,23.1957,0.462701,129.343,156.219,23.1887,0.108576,132.922,309.22,0,0,0
1200,3,1,6,1,1,1,4389.95,18753.6,625.877,46.3844,0.840211,532.553,9290.09,131.924,23.1957,0.337421,108.391,150.259,23.1887,0.0718272,126.998,282.183,0,0,0
1200,3,1,7,1,1,1,4350.47,18747.6,489.115,46.3844,0.552902,395.681,11716.8,158.664,23.1957,0.267264,135.201,81.7448,23.1887,0.141984,58.4142,240.409,0,0,0
1200,3,1,8,1,1,1,4394.26,18875.3,647.02,46.3844,0.482746,554.115,9037.16,154.497,23.1957,0.267264,131.034,154.488,23.1887,0.0718272,131.227,308.984,0,0,0
1200,3,1,9,1,1,2,10318.6,24887.8,555.009,69.5741,0.589651,439.176,17084.8,157.61,23.1957,0.337421,134.077,158.386,46.3784,0.108576,111.899,315.996,1,0,0
1200,3,1,10,1,1,1,4353.86,18674.6,436.932,46.3844,0.517824,343.381,12571.9,90.6575,23.1957,0.267264,67.1945,140.043,23.1887,0.106906,116.747,230.7,0,0,0
1200,3,1,11,1,1,1,4341.26,18672,611.144,46.3844,0.678182,517.94,9471.26,119.95,23.1957,0.462701,96.2915,154.861,23.1887,0.0718272,131.601,274.811,0,0,0
1200,3,1,12,1,0,0,-1,-1,864.084,23.1957,0.267264,794.578,253545,-1,-1,-1,-1,-1,-1,-1,-1,-1,0,0,0
1200,3,1,13,1,1,1,4318.22,18752.7,457.585,46.3844,0.482746,364.129,12283,155.576,23.1957,0.267264,132.113,82.3876,23.1887,0.0718272,59.1271,237.964,0,0,0
1200,3,1,14,1,1,1,4451.5,18878.8,647.182,46.3844,0.661478,554.099,9037.15,149.898,23.1957,0.267264,126.435,155.956,23.1887,0.106906,132.66,305.854,0,0,0
1200,3,1,15,1,1,1,4341.06,18670.5,564.613,46.3844,0.770054,471.181,10296.9,89.3003,23.1957,0.267264,65.8373,147.734,23.1887,0.0718272,124.473,237.034,0,0,0
1200,3,1,16,1,1,1,4339.68,18718.7,639.05,46.3844,0.482746,546.122,9022.23,150.458,23.1957,0.267264,126.995,147.129,23.1887,0.0718272,123.869,297.587,0,0,0
1200,3,1,17,1,0,0,-1,-1,792.725,23.1957,0.302342,722.976,252214,-1,-1,-1,-1,-1,-1,-1,-1,-1,0,0,0
1200,3,1,18,1,1,1,4319.3,18843.4,486.363,46.3844,0.873619,392.6,11861.1,158.082,23.1957,0.658138,134.228,81.5537,23.1887,0.0718272,58.2932,239.636,0,0,0
1200,3,1,19,1,1,2,10428.1,24748,805.893,69.5741,0.663149,690.717,12483.8,118.125,23.1957,0.267264,94.6618,354.315,46.3784,0.25223,307.684,472.44,1,0,0
1200,3,1,20,1,1,1,4443.42,18810.6,646.83,46.3844,0.517824,553.89,8975.56,152.826,23.1957,0.302342,129.328,153.748,23.1887,0.0718272,130.487,306.574,0,0,0
1200,3,1,21,1,1,1,4321.22,18662.1,591.795,46.3844,0.50112,498.711,9805.76,143.479,23.1957,0.267264,120.016,98.4813,23.1887,0.0902016,75.2024,241.96,0,0,0
1200,3,1,22,1,1,2,10359,24778.6,844.223,69.5741,0.62473,729.197,11832.4,155.154,23.1957,0.267264,131.691,350.389,46.3784,0.213811,303.797,505.543,1,0,0
1200,3,1,23,1,1,1,4340.08,18675,641.677,46.3844,0.482746,548.757,8931.89,149.707,23.1957,0.267264,126.244,151.513,23.1887,0.0718272,128.253,301.22,0,0,0
1200,3,1,24,1,1,1,4337.36,18659.8,531.254,46.3844,0.482746,438.012,10880.2,81.1227,23.1957,0.267264,57.6598,148.355,23.1887,0.0718272,125.094,229.478,0,0,0
1200,3,1,25,1,1,1,4404.66,18727.7,511.377,46.3844,0.517824,418.042,11301.3,82.1234,23.1957,0.302342,58.6253,154.273,23.1887,0.0718272,131.012,236.396,0,0,0
1200,3,1,26,1,1,1,4321.8,18668.3,572.138,46.3844,0.482746,479.016,10161.7,94.2328,23.1957,0.267264,70.7698,145.186,23.1887,0.0718272,121.925,239.418,0,0,0
1200,3,1,27,1,1,1,4316.62,18765.5,579.686,46.3844,0.482746,486.585,10124.7,150.333,23.1957,0.267264,126.87,99.1433,23.1887,0.0718272,75.8828,249.477,0,0,0
1200,3,1,28,1,1,1,4331.37,18653.2,565.769,46.3844,0.482746,472.628,10259.8,90.5221,23.1957,0.267264,67.0591,148.331,23.1887,0.0718272,125.071,238.853,0,0,0
1200,3,1,29,1,1,1,4331.37,18767,646.216,46.3844,0.856915,552.935,8942.01,154.942,23.1957,0.497779,131.249,149.634,23.1887,0.0718272,126.374,304.577,0,0,0
1200,3,1,30,1,0,0,-1,-1,1457.04,23.1957,0.462701,1389.06,267328,-1,-1,-1,-1,-1,-1,-1,-1,-1,0,0,0
1200,3,1,31,1,0,0,-1,-1,1263.61,34.8035,1.47663,1182.77,259703,-1,-1,-1,-1,-1,-1,-1,-1,-1,0,0,0
1200,3,1,32,1,1,1,4317.9,18675.2,437.971,46.3844,0.482746,344.459,12554.3,151.842,23.1957,0.267264,128.379,78.3394,23.1887,0.0718272,55.0789,230.181,0,0,0
1200,3,1,33,1,1,1,4337.58,18661.3,619.611,46.3844,0.482746,526.626,9310.55,123.943,23.1957,0.267264,100.48,153.094,23.1887,0.0718272,129.834,277.038,0,0,0
1200,3,1,34,1,1,1,4325.73,18642.1,599.5,46.3844,0.517824,506.421,9648.68,114.151,23.1957,0.267264,90.6876,152.898,23.1887,0.106906,129.603,267.049,0,0,0
1200,3,1,35,1,1,2,10378.3,24699.1,671.562,69.5741,0.519494,556.138,14824,89.6684,23.1957,0.267264,66.2055,351.653,46.3784,0.108576,305.166,441.322,1,0,0
1200,3,1,36,1,1,1,4507.04,18852.2,639.748,46.3844,0.482746,546.822,9143.39,153.266,23.1957,0.267264,129.803,149.77,23.1887,0.0718272,126.509,303.036,0,0,0
1200,3,1,37,1,1,1,4320.33,18738.5,417.849,46.3844,0.748339,324.012,12974.5,144.955,23.1957,0.532858,121.227,74.2172,23.1887,0.0718272,50.9567,219.172,0,0,0
1200,3,1,38,1,1,1,4322.89,18707,414.815,46.3844,0.587981,321.13,12997.1,143.655,23.1957,0.337421,120.122,72.8265,23.1887,0.106906,49.5309,216.482,0,0,0
1200,3,1,39,1,1,1,4363.53,18737.8,634.463,46.3844,0.678182,541.326,9122.47,146.045,23.1957,0.462701,122.387,147.669,23.1887,0.0718272,124.408,293.714,0,0,0
1200,3,1,40,1,0,0,-1,-1,1428.01,23.1957,0.267264,1360.14,265681,-1,-1,-1,-1,-1,-1,-1,-1,-1,0,0,0
1200,3,1,41,1,1,1,4362.3,18678.4,559.579,46.3844,0.587981,466.315,10394.4,86.2267,23.1957,0.267264,62.7637,148.859,23.1887,0.177062,125.493,235.086,0,0,0
1200,3,1,42,1,1,1,4331.14,18661.5,439.017,46.3844,0.482746,345.507,12522,90.477,23.1957,0.267264,67.014,141.074,23.1887,0.0718272,117.814,231.551,0,0,0
1200,3,1,43,1,1,1,4319.23,18669.4,398.48,46.3844,0.482746,304.852,13250.8,131.733,23.1957,0.267264,108.27,67.9401,23.1887,0.0718272,44.6796,199.673,0,0,0
1200,3,1,44,1,1,1,4317.06,42653.7,1040.79,69.6001,1.08743,925.852,26210.9,822.089,46.4114,0.871949,773.824,49.7496,23.1887,0.0718272,26.489,871.839,0,0,0
1200,3,1,45,1,1,1,4351.74,18667.6,435.591,46.3844,0.517824,342.037,12588.8,89.9085,23.1957,0.267264,66.4455,139.73,23.1887,0.106906,116.435,229.639,0,0,0
1200,3,1,46,1,1,1,4328.56,18728.3,644.509,46.3844,0.713261,551.366,8934.05,154.402,23.1957,0.462701,130.743,150.195,23.1887,0.106906,126.899,304.596,0,0,0
1200,3,1,47,1,1,1,4320.81,18684.9,581.938,46.3844,0.517824,488.808,10003.8,145.535,23.1957,0.302342,122.037,98.2788,23.1887,0.0718272,75.0183,243.814,0,0,0
1200,3,1,48,1,1,1,4322.44,18720,526.61,46.3844,0.517824,433.32,11022.7,159.127,23.1957,0.302342,135.629,85.0334,23.1887,0.0718272,61.7729,244.16,0,0,0
1200,3,1,49,1,1,1,4316.94,18644.3,527.469,46.3844,0.482746,434.217,10932,155.838,23.1957,0.267264,132.375,85.6633,23.1887,0.0718272,62.4028,241.501,0,0,0
1200,3,1,50,1,1,1,4325.09,18640.5,550.563,46.3844,0.482746,457.378,10517.6,81.5216,23.1957,0.267264,58.0586,149.497,23.1887,0.0718272,126.237,231.019,0,0,0
1200,3,1,51,1,0,0,-1,-1,1560.61,23.1957,0.302342,1493.1,272079,-1,-1,-1,-1,-1,-1,-1,-1,-1,0,0,0
1200,3,1,52,0,0,0,-1,-1,1289.04,23.206,0.746669,1220.28,260481,-1,-1,-1,-1,-1,-1,-1,-1,-1,0,0,0
1200,3,1,53,1,0,0,-1,-1,1008.82,23.1957,0.267264,939.732,255741,-1,-1,-1,-1,-1,-1,-1,-1,-1,0,0,0
1200,3,1,54,1,1,2,10324.6,24638.8,756.544,69.5741,0.519494,641.368,13252.5,87.398,23.1957,0.267264,63.935,345.454,46.3784,0.108576,298.967,432.852,1,0,0
1200,3,1,55,1,1,1,4317.26,18672.2,584.523,46.3844,0.678182,491.241,9944.87,144.748,23.1957,0.462701,121.089,99.9302,23.1887,0.0718272,76.6697,244.678,0,0,0
1200,3,1,56,1,1,1,4357.14,18710.8,632.033,46.3844,0.661478,538.906,9138.53,149.116,23.1957,0.302342,125.618,142.662,23.1887,0.0718272,119.402,291.778,0,0,0
1200,3,1,57,1,1,1,4324.17,18742.5,643.819,46.3844,0.482746,550.904,8961.28,155.204,23.1957,0.267264,131.741,147.36,23.1887,0.0718272,124.1,302.565,0,0,0
1200,3,1,58,1,1,1,4366.79,18692.1,469.154,46.3844,0.482746,375.732,12016.7,89.6576,23.1957,0.267264,66.1946,153.829,23.1887,0.0718272,130.568,243.486,0,0,0
1200,3,1,59,1,1,1,4392.84,18724.7,626.609,46.3844,0.661478,533.466,9248.86,149.023,23.1957,0.267264,125.56,135.108,23.1887,0.106906,111.813,284.131,0,0,0
1200,3,1,60,1,1,1,4342.58,18726.1,643.443,46.3844,0.6264,550.385,8960.46,152.324,23.1957,0.267264,128.861,152.634,23.1887,0.0718272,129.373,304.958,0,0,0
1200,3,1,61,1,1,1,4325.77,18639.6,398.749,46.3844,0.517824,305.087,13216,80.4766,23.1957,0.267264,57.0136,126.998,23.1887,0.106906,103.702,207.474,0,0,0
1200,3,1,62,1,1,1,4315.02,18637.6,386.68,46.3844,0.482746,293.018,13428.8,125.277,23.1957,0.267264,101.814,64.5074,23.1887,0.0718272,41.2469,189.785,0,0,0
1200,3,1,63,1,1,1,4338.11,18739.3,527.457,46.3844,0.517824,434.17,11026.9,159.342,23.1957,0.302342,135.844,86.0874,23.1887,0.0718272,62.8269,245.429,0,0,0
1200,3,1,64,1,1,1,4333.58,18657.1,551.99,46.3844,0.482746,458.809,10508.7,82.868,23.1957,0.267264,59.405,149.279,23.1887,0.0718272,126.018,232.147,0,0,0
1200,3,1,65,1,1,1,4333.97,18650,600.983,46.3844,0.6264,507.8,9630.12,115.015,23.1957,0.267264,91.5521,152.134,23.1887,0.0718272,128.874,267.149,0,0,0
1200,3,1,66,1,0,0,-1,-1,1449.1,23.1957,0.302342,1381.26,266903,-1,-1,-1,-1,-1,-1,-1,-1,-1,0,0,0
1200,3,1,67,1,1,1,4345.86,18707.4,624.932,46.3844,0.821837,531.624,9267.33,132.102,23.1957,0.462701,108.443,149.658,23.1887,0.0718272,126.397,281.759,0,0,0
1200,3,1,68,1,1,1,4435.56,18854.2,643.816,46.3844,0.552902,550.832,9072.51,152.872,23.1957,0.337421,129.339,157.677,23.1887,0.0718272,134.416,310.549,0,0,0
1200,3,1,69,1,1,1,4321.77,18640.2,414.007,46.3844,0.482746,320.424,12945.5,86.5263,23.1957,0.267264,63.0633,131.043,23.1887,0.0718272,107.783,217.569,0,0,0
1200,3,1,70,0,0,0,-1,-1,992.964,23.206,0.746669,923.343,255490,-1,-1,-1,-1,-1,-1,-1,-1,-1,0,0,0
1200,3,1,71,1,1,1,4360.16,18731.2,631.09,46.3844,0.482746,538.139,9176.32,139.806,23.1957,0.267264,116.343,152.103,23.1887,0.0718272,128.843,291.909,0,0,0
1200,3,1,72,1,1,1,4344.83,18728.2,637.153,46.3844,0.482746,544.219,9065.48,152.461,23.1957,0.267264,128.998,145.014,23.1887,0.0718272,121.754,297.475,0,0,0
1200,3,1,73,1,1,1,4326.9,18726.4,602.391,46.3844,0.482746,509.356,9681.8,147.951,23.1957,0.267264,124.488,106.673,23.1887,0.0718272,83.4124,254.624,0,0,0
1200,3,1,74,1,1,2,10436.3,24752.1,777.634,69.5741,0.987206,662.051,12989.1,97.9976,23.1957,0.267264,74.5346,350.611,46.3784,0.576288,303.656,448.608,1,0,0
1200,3,1,75,1,1,1,4338.92,18673.2,435.193,46.3844,0.661478,341.493,12601.1,91.6267,23.1957,0.267264,68.1637,138.352,23.1887,0.106906,115.056,229.978,0,0,0
1200,3,1,76,1,1,1,4364.27,24828.4,827.56,52.1883,0.891994,729.127,11878.8,334.395,28.9996,0.676512,304.719,152.405,23.1887,0.0718272,129.144,486.8,0,0,0
1200,3,1,77,1,1,1,4326.47,18641.9,531.93,46.3844,0.482746,438.691,10850.3,80.6986,23.1957,0.267264,57.2356,147.611,23.1887,0.0718272,124.351,228.31,0,0,0
1200,3,1,78,1,1,1,4329.9,18663.7,431.629,46.3844,0.517824,338.063,12655.4,92.8006,23.1957,0.302342,69.3025,138.661,23.1887,0.0718272,115.401,231.462,0,0,0
1200,3,1,79,1,1,3,16366.9,30686.8,979.73,92.7639,0.843552,842.325,15730.4,104.71,23.1957,0.267264,81.2467,545.495,69.5682,0.432634,475.494,650.205,2,0,0
1200,3,1,80,1,1,1,4316.62,18672.9,380.672,46.3844,0.678182,286.797,13570.5,119.658,23.1957,0.462701,95.9991,62.3832,23.1887,0.0718272,39.1226,182.041,0,0,0
1200,3,1,81,1,1,1,4344.58,18861.2,498.679,46.3844,0.873619,404.952,11659.9,158.445,23.1957,0.658138,134.591,82.8297,23.1887,0.0718272,59.5692,241.275,0,0,0
1200,3,1,82,1,1,1,4322.76,18649.9,438.991,46.3844,0.517824,345.446,12510.7,90.7658,23.1957,0.267264,67.3028,140.947,23.1887,0.106906,117.651,231.713,0,0,0
1200,3,1,83,1,1,1,4329.63,24666.1,487.672,52.1883,0.696557,388.445,17760.9,267.87,28.9996,0.481075,238.27,48.4573,23.1887,0.0718272,25.1968,316.327,0,0,0
1200,3,1,84,0,0,0,-1,-1,636.864,34.8138,1.20937,554.456,249354,-1,-1,-1,-1,-1,-1,-1,-1,-1,0,0,0
1200,3,1,85,1,1,2,10348.2,24665.8,735.721,69.5741,0.663149,620.34,13649.4,81.0126,23.1957,0.267264,57.5497,350.654,46.3784,0.108576,304.167,431.666,1,0,0
1200,3,1,86,1,1,1,4331.56,18680,394.822,46.3844,0.696557,300.97,13325.7,130.228,23.1957,0.462701,106.57,66.17,23.1887,0.0902016,42.8911,196.398,0,0,0
1200,3,1,87,1,1,1,4315.34,18691.1,642.158,46.3844,0.748339,548.973,8938.47,152.842,23.1957,0.532858,129.114,150.142,23.1887,0.0718272,126.881,302.984,0,0,0
1200,3,1,88,1,1,1,4323.08,18646.5,368.423,46.3844,0.482746,274.709,13762.3,112.829,23.1957,0.267264,89.3665,59.7301,23.1887,0.0718272,36.4696,172.56,0,0,0
1200,3,1,89,1,1,1,4334.38,18672.1,641.694,46.3844,0.6264,548.63,8928.19,149.804,23.1957,0.267264,126.341,150.961,23.1887,0.0718272,127.7,300.765,0,0,0
1200,3,1,90,1,1,1,4425.9,18961.5,649.909,46.3844,0.517824,556.978,9071.67,153.113,23.1957,0.302342,129.615,155.193,23.1887,0.0718272,131.933,308.307,0,0,0
1200,3,1,91,1,1,1,4331.03,18687.3,643.174,46.3844,0.482746,550.258,8917.5,152.719,23.1957,0.267264,129.256,148.739,23.1887,0.0718272,125.479,301.458,0,0,0
1200,3,1,92,1,1,1,4344.05,18677.5,436.834,46.3844,0.482746,343.318,12576.8,90.8542,23.1957,0.267264,67.3912,139.73,23.1887,0.0718272,116.469,230.584,0,0,0
1200,3,1,93,1,1,1,4337.63,18661.7,444.429,46.3844,0.517824,350.9,12425.8,151.369,23.1957,0.267264,127.906,79.2552,23.1887,0.106906,55.9596,230.624,0,0,0
1200,3,1,94,1,1,1,4344.84,18679.5,642.554,46.3844,0.571277,549.547,8920.07,150.939,23.1957,0.302342,127.441,152.011,23.1887,0.12528,128.697,302.949,0,0,0
1200,3,1,95,1,1,1,4334.6,18693.6,640.685,46.3844,0.482746,547.762,8968.03,152.553,23.1957,0.267264,129.09,155.314,23.1887,0.0718272,132.054,307.867,0,0,0
1200,3,1,96,1,0,0,-1,-1,836.574,23.1957,0.267264,766.988,253017,-1,-1,-1,-1,-1,-1,-1,-1,-1,0,0,0
1200,3,1,97,1,1,1,4356.16,18690.4,631.034,46.3844,0.482746,538.083,9136.44,148.527,23.1957,0.267264,125.064,140.964,23.1887,0.0718272,117.704,289.491,0,0,0
1200,3,1,98,1,1,1,4328.1,18665.4,411.206,46.3844,0.661478,317.437,13019.8,85.2078,23.1957,0.302342,61.7097,129.986,23.1887,0.0718272,106.725,215.193,0,0,0
1200,3,1,99,1,1,1,4315.66,24665.5,574.118,52.1883,0.696557,475.142,16223,312.257,28.9996,0.481075,282.776,65.3304,23.1887,0.0718272,42.0699,377.587,0,0,0
1200,3,1,100,1,1,1,4400.92,18773.6,631.478,46.3844,0.517824,538.493,9211.53,139.934,23.1957,0.267264,116.471,152.637,23.1887,0.106906,129.341,292.571,0,0,0
1200,3,1,101,1,1,2,10370.3,24685.4,712.523,69.5741,0.519494,597.219,14081.9,82.2778,23.1957,0.267264,58.8148,353.965,46.3784,0.108576,307.478,436.243,1,0,0
1200,3,1,102,1,1,1,4319.82,30649.2,900.395,57.9922,0.785088,796.635,16504.3,514.573,34.8035,0.569606,478.974,89.9082,23.1887,0.0718272,66.6477,604.481,0,0,0
1200,3,1,103,1,1,1,4329.8,18731.6,645.699,46.3844,0.482746,552.79,8916.97,155.334,23.1957,0.267264,131.871,147.848,23.1887,0.0718272,124.587,303.182,0,0,0
1200,3,1,104,1,1,1,4341.1,30661.3,933.24,57.9922,0.838541,829.522,15931.9,507.775,34.8035,0.604685,472.123,97.6619,23.1887,0.0902016,74.383,605.437,0,0,0
1200,3,1,105,1,1,2,10328.4,24834.2,788.31,69.5741,0.75001,672.995,12882.4,152.19,23.1957,0.497779,128.496,296.066,46.3784,0.108576,249.579,448.255,1,0,0
1200,3,1,106,1,1,1,4383.97,18811.7,646.555,46.3844,0.517824,553.613,8981.58,158.462,23.1957,0.267264,134.999,155.503,23.1887,0.106906,132.207,313.965,0,0,0
1200,3,1,107,1,1,1,4328.68,18692.3,546.338,46.3844,0.482746,453.14,10644.5,157.596,23.1957,0.267264,134.133,91.1354,23.1887,0.0718272,67.8749,248.731,0,0,0
1200,3,1,108,1,1,1,4362.26,18678.4,469.544,46.3844,0.6264,375.98,11995.7,89.1721,23.1957,0.267264,65.7092,153.148,23.1887,0.0718272,129.888,242.32,0,0,0
1200,3,1,109,1,0,0,-1,-1,1453.73,23.1957,0.267264,1385.94,267138,-1,-1,-1,-1,-1,-1,-1,-1,-1,0,0,0
1200,3,1,110,0,0,0,-1,-1,1302.39,34.8138,0.888653,1222.24,260553,-1,-1,-1,-1,-1,-1,-1,-1,-1,0,0,0
1200,3,1,111,1,1,1,4415.18,18750.5,645.937,46.3844,0.482746,553.029,8931.58,153.055,23.1957,0.267264,129.592,158.911,23.1887,0.0718272,135.651,311.966,0,0,0
1200,3,1,112,1,0,0,-1,-1,942.677,23.1957,0.462701,873.204,254748,-1,-1,-1,-1,-1,-1,-1,-1,-1,0,0,0
1200,3,1,113,1,1,1,4318.22,24860.7,664.846,52.1883,0.927072,565.904,14804.2,338.753,28.9996,0.71159,309.041,82.0446,23.1887,0.0718272,58.7841,420.797,0,0,0
1200,3,1,114,1,1,1,4341.27,18656.1,643.303,46.3844,0.6264,550.244,8883.6,154.416,23.1957,0.267264,130.953,155.047,23.1887,0.0718272,131.786,309.463,0,0,0
1200,3,1,115,1,1,1,4349.42,18665.8,635.465,46.3844,0.661478,542.348,9032.49,148.056,23.1957,0.267264,124.593,149.971,23.1887,0.106906,126.675,298.026,0,0,0
1200,3,1,116,1,1,1,4423.42,18890.4,648.252,46.3844,0.517824,555.315,9030.05,150.506,23.1957,0.267264,127.043,156.08,23.1887,0.106906,132.785,306.587,0,0,0
1200,3,1,117,1,1,1,4322.18,18735.7,402.468,46.3844,0.517824,308.818,13246,135.244,23.1957,0.302342,111.746,68.6404,23.1887,0.0718272,45.3799,203.884,0,0,0
1200,3,1,118,1,0,0,-1,-1,1092.73,23.2065,0.320717,1023.82,257189,-1,-1,-1,-1,-1,-1,-1,-1,-1,0,0,0
1200,3,1,119,1,1,1,4341.38,24744.7,824.558,52.1883,1.61862,725.389,11846.1,334.385,28.9996,1.40314,303.982,149.47,23.1887,0.0718272,126.21,483.855,0,0,0
1200,3,1,120,1,1,1,4343.05,18760.1,645.024,46.3844,0.713261,551.883,8956.76,153.673,23.1957,0.497779,129.98,150.645,23.1887,0.0718272,127.385,304.318,0,0,0
1200,3,1,121,1,1,1,4516,18876.1,646.77,46.3844,0.482746,553.864,9042.39,150.987,23.1957,0.267264,127.524,156.55,23.1887,0.0718272,133.29,307.537,0,0,0
1200,3,1,122,1,0,0,-1,-1,1296.67,23.1957,0.267264,1228.42,260661,-1,-1,-1,-1,-1,-1,-1,-1,-1,0,0,0
1200,3,1,123,1,1,1,4317.26,18635.7,357.653,46.3844,0.482746,263.907,13943.1,106.704,23.1957,0.267264,83.241,55.9238,23.1887,0.0718272,32.6633,162.628,0,0,0
1200,3,1,124,1,0,0,-1,-1,1276.4,23.1957,0.302342,1208.06,260214,-1,-1,-1,-1,-1,-1,-1,-1,-1,0,0,0
1200,3,1,125,1,1,1,4335.3,24660.9,822.606,52.1883,0.536198,724.513,11800,335.293,28.9996,0.320717,305.973,155.993,23.1887,0.0718272,132.732,491.286,0,0,0
1200,3,1,126,1,1,3,16448.5,30814.1,1046.02,92.7639,0.947117,908.702,14678.9,152.401,23.1957,0.658138,128.547,553.014,69.5682,0.145325,483.3,705.414,2,0,0
1200,3,1,127,1,1,1,4351.06,18713.5,609.761,46.3844,0.873619,516.357,9536.91,150.332,23.1957,0.658138,126.479,115.71,23.1887,0.0718272,92.4491,266.042,0,0,0
1200,3,1,128,1,1,1,4322.47,18635,586.671,46.3844,0.482746,493.591,9869.98,103.881,23.1957,0.267264,80.4183,149.719,23.1887,0.0718272,126.459,253.6,0,0,0
1200,3,1,129,1,1,1,4319.37,18647.1,500.735,46.3844,0.482746,407.405,11410.2,83.8065,23.1957,0.267264,60.3435,149.634,23.1887,0.0718272,126.374,233.441,0,0,0
1200,3,1,130,1,1,1,4319.62,18637,418.617,46.3844,0.482746,325.048,12860.3,87.564,23.1957,0.267264,64.1011,132.476,23.1887,0.0718272,109.216,220.04,0,0,0
1200,3,1,131,1,1,1,4383.43,18751.7,636.28,46.3844,0.482746,543.344,9104.55,153.457,23.1957,0.267264,129.994,147.109,23.1887,0.0718272,123.849,300.567,0,0,0
1200,3,1,132,1,1,1,4379.99,24731.5,819.305,52.1883,0.536198,721.203,11929.4,331.478,28.9996,0.320717,302.158,147.799,23.1887,0.0718272,124.538,479.277,0,0,0
1200,3,1,133,1,1,1,4325.29,18642.4,412.99,46.3844,0.661478,319.226,12965.1,85.8232,23.1957,0.302342,62.3252,130.428,23.1887,0.0718272,107.167,216.251,0,0,0
1200,3,1,134,1,0,0,-1,-1,1155.07,28.9996,0.481075,1080.55,258148,-1,-1,-1,-1,-1,-1,-1,-1,-1,0,0,0
1200,3,1,135,1,1,1,4340.91,18674.9,425.764,46.3844,0.517824,332.181,12770.9,145.553,23.1957,0.302342,122.055,75.5149,23.1887,0.0718272,52.2544,221.068,0,0,0
1200,3,1,136,1,1,1,4377.85,18703.2,638.324,46.3844,0.661478,545.216,9019.01,145.621,23.1957,0.267264,122.158,150.406,23.1887,0.106906,127.11,296.027,0,0,0
1200,3,1,137,1,1,1,4349.09,18746.4,639.521,46.3844,0.552902,546.524,9041.13,151.327,23.1957,0.337421,127.794,147.084,23.1887,0.0718272,123.824,298.412,0,0,0
1200,3,1,138,1,0,0,-1,-1,1357.49,23.1957,0.302342,1289.38,262125,-1,-1,-1,-1,-1,-1,-1,-1,-1,0,0,0
1200,3,1,139,1,1,1,4378.64,18721.1,616.468,46.3844,0.552902,523.405,9425.7,121.953,23.1957,0.302342,98.4554,156.836,23.1887,0.106906,133.541,278.79,0,0,0
1200,3,1,140,1,1,1,4338.12,18813.5,647.008,46.3844,0.873619,553.713,8974.62,156.028,23.1957,0.658138,132.175,150.196,23.1887,0.0718272,126.935,306.224,0,0,0
1200,3,1,141,1,1,1,4364.12,18706.9,643.435,46.3844,0.482746,550.52,8932.48,152.246,23.1957,0.267264,128.783,150.925,23.1887,0.0718272,127.664,303.171,0,0,0
1200,3,1,142,1,1,2,4376.62,18722,653.047,69.5741,0.733306,537.356,9167.23,139.094,23.1957,0.302342,115.596,175.46,46.3784,0.287309,128.794,314.554,1,0,0
1200,3,1,143,1,1,1,4325.51,18681.5,642.933,46.3844,0.713261,549.785,8915.32,150.906,23.1957,0.462701,127.247,151.361,23.1887,0.106906,128.065,302.266,0,0,0
1200,3,1,144,1,1,1,4326.98,18684,639.584,46.3844,0.482746,546.658,8978.07,150.678,23.1957,0.267264,127.215,149.394,23.1887,0.0718272,126.134,300.072,0,0,0
1200,3,1,145,1,1,1,4320.26,18714.2,636.831,46.3844,0.482746,543.896,9057.23,155.166,23.1957,0.267264,131.703,142.246,23.1887,0.0718272,118.985,297.412,0,0,0
1200,3,1,146,1,1,1,4359.08,18723.5,450.991,46.3844,0.713261,357.285,12370.4,89.168,23.1957,0.497779,65.4745,146.05,23.1887,0.0718272,122.79,235.218,0,0,0
1200,3,1,147,1,1,1,4363.97,18679.6,568.404,46.3844,0.482746,475.271,10239.4,91.0672,23.1957,0.267264,67.6042,148.449,23.1887,0.0718272,125.188,239.516,0,0,0
1200,3,1,148,1,1,1,4333.7,18650.8,621.112,46.3844,0.482746,528.131,9273.29,125.838,23.1957,0.267264,102.375,152.349,23.1887,0.0718272,129.088,278.187,0,0,0
1200,3,1,149,0,0,0,-1,-1,1123.13,23.206,0.907027,1053.73,257648,-1,-1,-1,-1,-1,-1,-1,-1,-1,0,0,0
1200,3,1,150,1,1,1,4412.47,18799.4,642.615,46.3844,0.482746,549.697,9039.57,152.38,23.1957,0.267264,128.917,157.265,23.1887,0.0718272,134.005,309.645,0,0,0
1200,3,1,151,1,1,1,4328.89,18647.7,453.363,46.3844,0.482746,359.895,12253.1,89.9229,23.1957,0.267264,66.46,146.458,23.1887,0.0718272,123.197,236.381,0,0,0
1200,3,1,152,1,1,1,4328.97,24715.5,783.89,52.1883,0.606355,685.615,12542.6,328.612,28.9996,0.390874,299.221,108.842,23.1887,0.0718272,85.5818,437.454,0,0,0
1200,3,1,153,1,1,1,4317.58,18756,472.203,46.3844,0.587981,378.685,12025.7,152.518,23.1957,0.372499,128.949,81.2271,23.1887,0.0718272,57.9666,233.745,0,0,0
1200,3,1,154,1,0,0,-1,-1,1390.68,23.1957,0.267264,1322.7,263461,-1,-1,-1,-1,-1,-1,-1,-1,-1,0,0,0
1200,3,1,155,1,1,1,4413.36,24735.2,801.92,52.1883,0.96215,703.341,12241.1,317.957,28.9996,0.676512,288.281,148.853,23.1887,0.141984,125.522,466.81,0,0,0
1200,3,1,156,1,1,1,4372.78,18698.2,485.605,46.3844,0.517824,392.196,11730.1,86.7573,23.1957,0.267264,63.2943,151.685,23.1887,0.106906,128.39,238.443,0,0,0
1200,3,1,157,1,1,1,4315.34,24674.8,705.234,52.1883,0.536198,606.801,13901.1,336.768,28.9996,0.320717,307.448,85.6633,23.1887,0.0718272,62.4028,422.431,0,0,0
1200,3,1,158,1,1,1,4339.94,18728.3,638.499,46.3844,0.482746,545.569,9041.66,150.487,23.1957,0.267264,127.024,152.802,23.1887,0.0718272,129.541,303.288,0,0,0
1200,3,1,159,1,1,1,4319.56,18685.5,371.531,46.3844,0.482746,277.825,13746,115.632,23.1957,0.267264,92.1693,60.0893,23.1887,0.0718272,36.8287,175.722,0,0,0
1200,3,1,160,1,1,1,4339.48,24732.4,704.497,52.1883,0.96215,605.635,13970.6,337.134,28.9996,0.71159,307.422,85.8662,23.1887,0.106906,62.5706,423,0,0,0
1200,3,1,161,1,1,1,4315.34,24634.9,496.581,52.1883,0.50112,397.576,17571.7,271.839,28.9996,0.285638,242.448,50.5112,23.1887,0.0718272,27.2507,322.35,0,0,0
1200,3,1,162,1,1,1,4363.75,18685,476.136,46.3844,0.517824,382.699,11885.3,89.7226,23.1957,0.267264,66.2596,152.191,23.1887,0.106906,128.895,241.913,0,0,0
1200,3,1,163,1,1,1,4328.79,18700.6,637.263,46.3844,0.517824,544.295,9035.71,149.392,23.1957,0.302342,125.894,149.743,23.1887,0.0718272,126.482,299.135,0,0,0
1200,3,1,164,1,1,1,4388,18699.6,609.925,46.3844,0.482746,516.913,9521.05,117.491,23.1957,0.267264,94.0283,156.07,23.1887,0.0718272,132.81,273.562,0,0,0
1200,3,1,165,0,0,0,-1,-1,1515.7,23.206,0.977184,1447.36,270004,-1,-1,-1,-1,-1,-1,-1,-1,-1,0,0,0
1200,3,1,166,1,1,1,4335.31,18667.5,600.82,46.3844,0.482746,507.78,9650.86,115.069,23.1957,0.267264,91.6062,152.43,23.1887,0.0718272,129.17,267.499,0,0,0
1200,3,1,167,1,1,1,4331.2,24706.3,823.462,52.1883,0.696557,725.212,11830.1,332.279,28.9996,0.481075,302.799,151.439,23.1887,0.0718272,128.179,483.718,0,0,0
1200,3,1,168,1,1,1,4400.18,18735.9,632.021,46.3844,0.517824,539.038,9164.18,144.487,23.1957,0.267264,121.024,148.54,23.1887,0.106906,125.244,293.027,0,0,0
1200,3,1,169,1,1,2,10347.3,24747,840.567,69.5849,0.821837,725.322,11865.3,150.368,23.2065,0.390874,126.771,357.418,46.3784,0.287309,310.752,507.786,1,0,0
1200,3,1,170,1,0,0,-1,-1,785.73,23.1957,0.302342,715.961,252078,-1,-1,-1,-1,-1,-1,-1,-1,-1,0,0,0
1200,3,1,171,1,1,1,4344.03,24657.3,820.156,52.1883,0.927072,721.666,11839.1,332.416,28.9996,0.71159,302.705,152.744,23.1887,0.0718272,129.484,485.16,0,0,0
1200,3,1,172,1,1,1,4323.56,18638.4,488.554,46.3844,0.482746,395.188,11618.1,153.174,23.1957,0.267264,129.711,81.3101,23.1887,0.0718272,58.0496,234.484,0,0,0
1200,3,1,173,1,1,1,4330.6,18780.3,577.977,46.3844,0.6264,484.728,10169.5,150.274,23.1957,0.267264,126.811,97.6634,23.1887,0.0718272,74.4029,247.937,0,0,0
1200,3,1,174,0,0,0,-1,-1,547.176,34.8041,0.569606,465.157,247971,-1,-1,-1,-1,-1,-1,-1,-1,-1,0,0,0
1200,3,1,175,1,1,1,4319.5,18638.6,513.886,46.3844,0.482746,420.594,11167.8,155.482,23.1957,0.267264,132.019,83.4181,23.1887,0.0718272,60.1576,238.9,0,0,0
1200,3,1,176,1,1,1,4345.39,18725.4,426.913,46.3844,0.748339,333.103,12800.2,147.036,23.1957,0.532858,123.308,75.9065,23.1887,0.0718272,52.646,222.943,0,0,0
1200,3,1,177,1,0,0,-1,-1,976.504,23.1957,0.658138,906.934,255291,-1,-1,-1,-1,-1,-1,-1,-1,-1,0,0,0
1200,3,1,178,1,1,2,10367.7,24688.8,646.435,69.5741,0.950458,530.508,15259.3,88.7281,23.1957,0.267264,65.2652,343.525,46.3784,0.108576,297.038,432.253,1,0,0
1200,3,1,179,1,1,1,4464.26,18822.4,647.228,46.3844,0.6264,554.18,8980.11,152.791,23.1957,0.267264,129.328,154.067,23.1887,0.0718272,130.806,306.858,0,0,0
1200,3,1,180,1,1,1,4329.61,24678.2,822.961,52.1883,0.927072,724.479,11810.1,335.387,28.9996,0.71159,305.675,152.488,23.1887,0.0718272,129.227,487.874,0,0,0
1200,3,1,181,1,1,1,4316.94,18668.1,571.994,46.3844,0.482746,478.871,10164,147.52,23.1957,0.267264,124.057,96.918,23.1887,0.0718272,73.6575,244.438,0,0,0
1200,3,1,182,1,1,2,4371.2,18757.7,661.072,69.5741,0.698227,545.439,9061.76,150.416,23.1957,0.267264,126.953,171.175,46.3784,0.287309,124.51,321.591,1,0,0
1200,3,1,183,1,1,1,4319.31,18657.2,412.328,46.3844,0.482746,318.74,12992.3,141.981,23.1957,0.267264,118.518,71.871,23.1887,0.0718272,48.6105,213.852,0,0,0
1200,3,1,184,1,1,1,4389.13,18854.6,647.537,46.3844,0.770054,554.346,9018.15,150.938,23.1957,0.267264,127.475,154.403,23.1887,0.0718272,131.142,305.34,0,0,0
1200,3,1,185,1,1,1,4326.22,18738.7,642.315,46.3844,0.517824,549.361,8983.97,153.821,23.1957,0.302342,130.323,146.568,23.1887,0.0718272,123.308,300.389,0,0,0
1200,3,1,186,1,1,1,4316.62,18888.8,478.143,46.3844,0.713261,384.516,12052.9,157.57,23.1957,0.497779,133.876,81.4057,23.1887,0.0718272,58.1452,238.976,0,0,0
1200,3,1,187,1,1,1,4340.13,18704,644.662,46.3844,0.552902,551.68,8907.27,156.285,23.1957,0.337421,132.752,155.933,23.1887,0.0718272,132.673,312.218,0,0,0
1200,3,1,188,1,1,1,4333.54,18653.5,406.708,46.3844,0.517824,313.07,13088.3,82.885,23.1957,0.302342,59.3869,130.337,23.1887,0.0718272,107.077,213.222,0,0,0
1200,3,1,189,1,1,2,10327.2,24690.9,821.918,69.5741,0.806803,706.644,12141.3,139.797,23.1957,0.267264,116.334,343.973,46.3784,0.25223,297.343,483.77,1,0,0
1200,3,1,190,1,1,1,4320.13,18672.4,635.838,46.3844,0.517824,542.866,9032.79,148.879,23.1957,0.302342,125.381,150.374,23.1887,0.0718272,127.114,299.254,0,0,0
1200,3,1,191,0,0,0,-1,-1,1260.12,29.0099,0.925402,1185.46,259745,-1,-1,-1,-1,-1,-1,-1,-1,-1,0,0,0
1200,3,1,192,1,1,1,4393.11,18739.5,608.872,46.3844,0.517824,515.821,9579.47,148.687,23.1957,0.267264,125.224,113.976,23.1887,0.106906,90.6804,262.663,0,0,0
1200,3,1,193,1,1,1,4367.08,18838.1,642.306,46.3844,0.517824,549.352,9083.55,153.539,23.1957,0.302342,130.041,147.51,23.1887,0.0718272,124.25,301.049,0,0,0
1200,3,1,194,1,1,1,4369.8,18726.8,613.871,46.3844,0.698227,520.654,9477.04,120.594,23.1957,0.302342,97.0964,155.374,23.1887,0.108576,132.077,275.969,0,0,0
1200,3,1,195,1,1,1,4317.58,18631.7,395.197,46.3844,0.482746,301.56,13271.5,79.5291,23.1957,0.267264,56.0661,125.923,23.1887,0.0718272,102.662,205.452,0,0,0
1200,3,1,196,1,0,0,-1,-1,1434.83,23.1957,0.267264,1366.99,266174,-1,-1,-1,-1,-1,-1,-1,-1,-1,0,0,0
1200,3,1,197,1,1,1,4330.63,18822.5,553.39,46.3844,0.482746,460.213,10649.2,158.926,23.1957,0.267264,135.463,94.0646,23.1887,0.0718272,70.8041,252.99,0,0,0
1200,3,1,198,1,1,1,4318.6,18911,480.21,46.3844,0.517824,386.785,12038.8,158.516,23.1957,0.267264,135.053,81.6538,23.1887,0.106906,58.3582,240.17,0,0,0
1200,3,1,199,1,1,1,4413.16,18753.5,638.515,46.3844,0.482746,545.586,9066.52,154.925,23.1957,0.267264,131.462,146.629,23.1887,0.0718272,123.369,301.554,0,0,0
1200,3,1,200,1,1,1,4326.51,36664.2,929.614,63.7961,1.15926,819.921,22098.8,670.906,40.6075,0.943776,628.758,64.2132,23.1887,0.0718272,40.9527,735.12,0,0,0
1200,3,1,201,1,1,1,4412.81,18730.6,511.46,46.3844,0.482746,418.161,11303,81.61,23.1957,0.267264,58.147,154.724,23.1887,0.0718272,131.463,236.334,0,0,0
1200,3,1,202,1,1,1,4332.74,18687.7,620.089,46.3844,0.552902,527.036,9327.89,124.774,23.1957,0.302342,101.276,152.489,23.1887,0.106906,129.193,277.263,0,0,0
1200,3,1,203,1,1,2,10322.9,24672.5,660.389,69.5741,1.09411,544.358,14994.4,150.839,23.1957,0.267264,127.376,201.208,46.3784,0.683194,154.146,352.046,1,0,0
1200,3,1,204,1,1,1,4315.34,18685.4,373.499,46.3844,0.587981,279.693,13710.2,115.931,23.1957,0.372499,92.3624,60.6722,23.1887,0.0718272,37.4117,176.603,0,0,0
1200,3,1,205,1,1,1,4325.83,30657.7,600.398,57.9922,0.980525,495.571,21846.9,414.62,34.8035,0.765043,378.535,32.7195,23.1887,0.0718272,9.45896,447.34,0,0,0
1200,3,1,206,1,1,1,4316.94,18778.6,624.054,46.3844,0.587981,530.978,9348.09,154.247,23.1957,0.372499,130.678,130.514,23.1887,0.0718272,107.254,284.761,0,0,0
1200,3,1,207,1,1,1,4320.06,18669,585.09,46.3844,0.517824,491.97,9931.81,144.154,23.1957,0.302342,120.656,99.544,23.1887,0.0718272,76.2835,243.698,0,0,0
1200,3,1,208,1,1,1,4313.42,18634.7,509.891,46.3844,0.482746,416.588,11235,82.3428,23.1957,0.267264,58.8798,153.415,23.1887,0.0718272,130.155,235.758,0,0,0
1200,3,1,209,1,1,1,4336.53,18737.3,636.974,46.3844,0.517824,544.005,9077.51,152.076,23.1957,0.302342,128.578,150.039,23.1887,0.0718272,126.778,302.114,0,0,0
1200,3,1,210,1,1,1,4333.45,24676.6,825.22,52.1883,0.571277,727.1,11769,335.879,28.9996,0.355795,306.524,155.513,23.1887,0.0718272,132.252,491.392,0,0,0
1200,3,1,211,1,1,1,4413.86,18769.4,646.225,46.3844,0.517824,553.283,8945.15,153.22,23.1957,0.302342,129.722,159.126,23.1887,0.0718272,135.865,312.346,0,0,0
1200,3,1,212,1,1,1,4316.94,18792.1,554.082,46.3844,0.943776,460.446,10605.1,158.046,23.1957,0.728294,134.122,93.7109,23.1887,0.0718272,70.4504,251.757,0,0,0
1200,3,1,213,1,1,1,4320.74,18639.1,620.509,46.3844,0.482746,527.527,9272.35,126.64,23.1957,0.267264,103.177,151.927,23.1887,0.0718272,128.666,278.566,0,0,0
1200,3,1,214,1,1,1,4316.62,18645,447.748,46.3844,0.482746,354.264,12350.3,151.658,23.1957,0.267264,128.195,80.4348,23.1887,0.0718272,57.1743,232.093,0,0,0
1200,3,1,215,0,0,0,-1,-1,1149.62,23.206,1.10246,1080.1,258144,-1,-1,-1,-1,-1,-1,-1,-1,-1,0,0,0
1200,3,1,216,1,1,1,4361.5,18689.5,568.656,46.3844,0.482746,475.523,10244.8,91.1249,23.1957,0.267264,67.662,148.259,23.1887,0.0718272,124.999,239.384,0,0,0
1200,3,1,217,1,1,1,4427.22,18794.7,640.287,46.3844,0.517824,547.327,9076.03,147.224,23.1957,0.302342,123.726,151.006,23.1887,0.0718272,127.746,298.23,0,0,0
1200,3,1,218,1,0,0,-1,-1,1285.93,23.1957,0.497779,1217.42,260408,-1,-1,-1,-1,-1,-1,-1,-1,-1,0,0,0
1200,3,1,219,1,0,0,-1,-1,1512.18,23.1957,0.267264,1444.56,269880,-1,-1,-1,-1,-1,-1,-1,-1,-1,0,0,0
1200,3,1,220,1,1,1,4401.99,18731.5,629.046,46.3844,0.482746,536.089,9212.95,138.539,23.1957,0.267264,115.076,151.654,23.1887,0.0718272,128.393,290.193,0,0,0
1200,3,1,221,1,1,1,4371.05,18763.4,641.135,46.3844,0.661478,548.035,9029.28,151.162,23.1957,0.302342,127.664,148.876,23.1887,0.0718272,125.616,300.039,0,0,0
1200,3,1,222,1,1,1,4327.43,18690.2,641.906,46.3844,0.482746,548.986,8942.98,153.517,23.1957,0.267264,130.054,147.795,23.1887,0.0718272,124.535,301.312,0,0,0
1200,3,1,223,1,1,1,4325.38,18719.1,517.964,46.3844,1.06906,424.097,11174.5,157.976,23.1957,0.853574,133.927,84.7374,23.1887,0.0718272,61.4769,242.714,0,0,0
1200,3,1,224,1,1,1,4364.94,18747,626.466,46.3844,0.678182,533.306,9273.84,132.006,23.1957,0.462701,108.348,153.065,23.1887,0.0718272,129.805,285.071,0,0,0
1200,3,1,225,1,1,1,4331.5,18661.6,431.553,46.3844,0.517824,337.987,12654.6,92.7825,23.1957,0.302342,69.2845,138.205,23.1887,0.0718272,114.944,230.987,0,0,0
1200,3,1,226,1,1,1,4419.33,18759.6,636.414,46.3844,0.6264,543.335,9109.59,152.178,23.1957,0.267264,128.715,147.914,23.1887,0.0718272,124.654,300.092,0,0,0
1200,3,1,227,1,1,1,4488.17,18841.9,638.543,46.3844,0.713261,545.383,9153.77,152.893,23.1957,0.462701,129.235,149.78,23.1887,0.106906,126.484,302.672,0,0,0
1200,3,1,228,1,1,1,4346.21,24692.4,583.998,52.1883,0.731635,485.017,16074,176.016,28.9996,0.481075,146.147,150.557,23.1887,0.106906,127.262,326.574,0,0,0
1200,3,1,229,1,1,1,4336.51,18690,555.681,46.3952,0.519494,462.464,10475.7,151.081,23.2065,0.285638,127.589,94.9818,23.1887,0.0902016,71.7029,246.062,0,0,0
1200,3,1,230,1,0,0,-1,-1,955.603,28.9996,0.320717,880.665,254860,-1,-1,-1,-1,-1,-1,-1,-1,-1,0,0,0
1200,3,1,231,1,1,1,4323.91,24667.4,558.745,52.1883,0.571277,459.85,16498.3,300.659,28.9996,0.355795,271.278,61.636,23.1887,0.0718272,38.3755,362.295,0,0,0
1200,3,1,232,1,1,1,4336.65,18680.7,630.675,46.3844,0.517824,537.688,9132.95,139.399,23.1957,0.302342,115.901,151.4,23.1887,0.0718272,128.139,290.798,0,0,0
1200,3,1,233,1,1,1,4327.59,18657.3,642.239,46.3844,0.482746,549.32,8904.17,151.717,23.1957,0.267264,128.255,148.476,23.1887,0.0718272,125.215,300.193,0,0,0
1200,3,1,234,1,1,1,4319.99,18639.8,487.188,46.3844,0.482746,393.818,11643.8,85.752,23.1957,0.267264,62.2891,150.336,23.1887,0.0718272,127.076,236.089,0,0,0
1200,3,1,235,0,0,0,-1,-1,1486.96,23.206,0.516154,1419.01,268631,-1,-1,-1,-1,-1,-1,-1,-1,-1,0,0,0
1200,3,1,236,1,1,1,4318.86,18701.5,418.781,46.3844,0.482746,325.212,12921.9,144.63,23.1957,0.267264,121.167,74.0422,23.1887,0.0718272,50.7817,218.672,0,0,0
1200,3,1,237,1,1,1,4315.98,30671.3,738.479,57.9922,1.47663,633.557,19403.4,481.721,34.8035,1.26115,445.331,61.1487,23.1887,0.0718272,37.8882,542.87,0,0,0
1200,3,1,238,1,1,1,4350.29,18714.6,605.614,46.3844,0.766714,512.305,9611.53,148.497,23.1957,0.497779,124.804,110.589,23.1887,0.12528,87.2747,259.086,0,0,0
1200,3,1,239,1,1,1,4316.62,24658.2,472.116,52.1883,0.696557,372.845,18029.6,259.613,28.9996,0.481075,229.987,44.7683,23.1887,0.0718272,21.5078,304.381,0,0,0
1200,3,1,240,1,1,2,4402.31,18731.8,513.053,69.5741,0.841882,396.847,11631.4,85.3712,23.1957,0.267264,61.9082,174.264,46.3784,0.430963,127.455,259.636,1,0,0
1200,3,1,241,1,1,1,4334.5,18719.8,641.982,46.3844,1.10413,548.441,8969.57,150.094,23.1957,0.888653,126.009,151.024,23.1887,0.0718272,127.764,301.118,0,0,0
1200,3,1,242,1,1,1,4329.03,18655.5,593.799,46.3844,0.6264,500.596,9763.33,108.359,23.1957,0.267264,84.896,151.557,23.1887,0.0718272,128.296,259.915,0,0,0
1200,3,1,243,1,1,1,4320.27,18790.3,592.785,46.3844,0.482746,499.722,9916.57,148.734,23.1957,0.267264,125.271,98.5405,23.1887,0.0718272,75.28,247.275,0,0,0
1200,3,1,244,1,1,1,4316.62,18639.9,473.422,46.3844,0.678182,379.817,11888.2,89.5751,23.1957,0.462701,65.9167,152.45,23.1887,0.0718272,129.189,242.025,0,0,0
1200,3,1,245,1,1,1,4341,18658.8,610.858,46.3844,0.482746,517.848,9463.69,119.431,23.1957,0.267264,95.9684,155.641,23.1887,0.0718272,132.38,275.072,0,0,0
1200,3,1,246,1,1,2,10370.5,24714.6,836.298,69.5741,0.698227,721.175,11909.5,150.733,23.1957,0.302342,127.235,344.325,46.3784,0.25223,297.695,495.058,1,0,0
1200,3,1,247,1,0,0,-1,-1,1435.54,23.1957,0.267264,1367.7,266230,-1,-1,-1,-1,-1,-1,-1,-1,-1,0,0,0
1200,3,1,248,1,1,1,4361.32,18678.7,609.904,46.3844,0.482746,516.891,9500.52,118.455,23.1957,0.267264,94.992,155.44,23.1887,0.0718272,132.18,273.895,0,0,0
1200,3,1,249,1,1,1,4329.36,18713.1,506.444,46.3844,0.713261,412.9,11373.9,155.96,23.1957,0.497779,132.267,83.4596,23.1887,0.0718272,60.1991,239.42,0,0,0
1200,3,1,250,1,1,1,4362.36,18710.3,644.072,46.3844,0.482746,551.159,8924.58,150.391,23.1957,0.267264,126.928,152.008,23.1887,0.0718272,128.747,302.399,0,0,0
1200,3,1,251,1,1,3,16341.2,30753.1,1040.46,92.7639,1.34467,902.732,14715.2,154.089,23.1957,0.337421,130.556,547.076,69.5682,0.863597,476.644,701.165,2,0,0
1200,3,1,252,1,0,0,-1,-1,1223.93,23.1957,0.267264,1155.47,259322,-1,-1,-1,-1,-1,-1,-1,-1,-1,0,0,0
1200,3,1,253,1,1,1,4337.7,18711.9,450.625,46.3844,0.713261,356.919,12365.3,89.5181,23.1957,0.497779,65.8247,145.94,23.1887,0.0718272,122.679,235.458,0,0,0
1200,3,1,254,1,1,2,10365.2,24810,845.329,69.5741,1.00224,729.928,11843.6,154.929,23.1957,0.462701,131.27,350.007,46.3784,0.25223,303.376,504.935,1,0,0
1200,3,1,255,1,1,1,4325.19,18661.8,399.755,46.3844,0.517824,306.096,13220.3,80.4738,23.1957,0.302342,56.9757,126.944,23.1887,0.0718272,103.684,207.418,0,0,0
1200,3,1,256,1,1,1,4325.54,18760.8,643.431,46.3844,0.821837,550.177,8985.61,154.871,23.1957,0.462701,131.213,146.397,23.1887,0.0718272,123.136,301.268,0,0,0
1200,3,1,257,0,0,0,-1,-1,633.068,29.0099,0.800122,556.703,249372,-1,-1,-1,-1,-1,-1,-1,-1,-1,0,0,0
1200,3,1,258,1,1,1,4352.58,24880.3,682.935,57.9922,0.980525,578.348,14601.8,343.771,34.8035,0.694886,308.272,83.2157,23.1887,0.141984,59.8851,426.987,0,0,0
1200,3,1,259,1,1,1,4333.6,18738.9,637.165,46.3844,0.552902,544.162,9075.51,152.372,23.1957,0.302342,128.874,149.893,23.1887,0.106906,126.598,302.265,0,0,0
1200,3,1,260,1,1,1,4320.65,24650.5,490.772,52.1883,0.927072,391.324,17689.4,270.118,28.9996,0.71159,240.295,49.1052,23.1887,0.0718272,25.8447,319.223,0,0,0
1200,3,1,261,1,1,1,4324.3,18703.3,562.947,46.3844,0.552902,469.728,10359.7,147.535,23.1957,0.302342,124.037,95.8215,23.1887,0.106906,72.5259,243.356,0,0,0
1200,3,1,262,1,1,1,4317.26,24738.3,825.158,52.1883,0.997229,726.612,11830.7,337.747,28.9996,0.781747,307.966,153.877,23.1887,0.0718272,130.617,491.625,0,0,0
1200,3,1,263,1,1,1,4400.3,18761.5,625.35,46.3844,0.818496,532.046,9307.26,131.207,23.1957,0.567936,107.443,151.873,23.1887,0.106906,128.578,283.08,0,0,0
1200,3,1,264,1,1,2,10342.4,24671.3,645.747,69.5741,0.785088,529.983,15254.3,89.2709,23.1957,0.497779,65.5774,343.538,46.3784,0.143654,297.016,432.809,1,0,0
1200,3,1,265,1,1,1,4339.43,24738.2,640.487,52.1883,1.61862,540.783,15112.8,341.834,28.9996,1.33298,311.501,82.4487,23.1887,0.141984,59.118,424.283,0,0,0
1200,3,1,266,1,0,0,-1,-1,1461.97,23.1957,0.267264,1394.2,267575,-1,-1,-1,-1,-1,-1,-1,-1,-1,0,0,0
1200,3,1,267,1,0,0,-1,-1,1553.45,23.1957,0.302342,1485.91,271766,-1,-1,-1,-1,-1,-1,-1,-1,-1,0,0,0
1200,3,1,268,1,1,1,4318.79,18732.4,638.038,46.3844,0.552902,545.037,9053.46,152.814,23.1957,0.302342,129.316,150.328,23.1887,0.106906,127.033,303.142,0,0,0
1200,3,1,269,1,1,1,4323.4,18694.9,391.179,46.3844,0.482746,297.53,13406.1,127.423,23.1957,0.267264,103.96,65.7419,23.1887,0.0718272,42.4814,193.165,0,0,0
1200,3,1,270,1,1,1,4322.31,18683.7,487.589,46.3844,0.482746,394.221,11680.6,157.498,23.1957,0.267264,134.035,81.9815,23.1887,0.0718272,58.721,239.48,0,0,0
1200,3,1,271,1,1,1,4346.21,18730.1,620.748,46.3844,0.482746,527.767,9359.12,151.898,23.1957,0.267264,128.435,129.024,23.1887,0.0718272,105.763,280.922,0,0,0
1200,3,1,272,1,0,0,-1,-1,1184.61,23.1957,0.267264,1116.03,258676,-1,-1,-1,-1,-1,-1,-1,-1,-1,0,0,0
1200,3,1,273,1,1,1,4380.39,18693.9,531.028,46.3844,0.517824,437.751,10918.1,80.0669,23.1957,0.267264,56.6039,150.094,23.1887,0.106906,126.798,230.161,0,0,0
1200,3,1,274,1,1,1,4333.22,18680.3,640.952,46.3844,0.731635,547.78,8948.94,151.846,23.1957,0.372499,128.278,156.855,23.1887,0.0718272,133.595,308.702,0,0,0
1200,3,1,275,1,1,1,4342.18,18844.3,498.019,46.3844,0.482746,404.681,11655.6,157.782,23.1957,0.267264,134.319,83.142,23.1887,0.0718272,59.8815,240.924,0,0,0
1200,3,1,276,1,1,1,4336.7,18653.8,522.587,46.3844,0.482746,429.32,11028.3,80.0416,23.1957,0.267264,56.5787,150.21,23.1887,0.0718272,126.95,230.252,0,0,0
1200,3,1,277,1,1,1,4316.65,18715.4,415.721,46.3844,0.482746,322.144,12990.2,144.193,23.1957,0.267264,120.73,72.8889,23.1887,0.0718272,49.6284,217.082,0,0,0
1200,3,1,278,1,1,1,4344.1,18671.4,572.399,46.3844,0.913709,478.846,10158.9,93.9639,23.1957,0.267264,70.5009,145.494,23.1887,0.0718272,122.234,239.458,0,0,0
1200,3,1,279,1,1,1,4359.31,18677.6,606.704,46.3844,0.661478,513.504,9562.67,117.215,23.1957,0.267264,93.7521,155.633,23.1887,0.106906,132.337,272.848,0,0,0
1200,3,1,280,1,1,1,4317.42,24643.6,395.186,52.1883,1.08743,295.3,19382,215.801,28.9996,0.871949,185.66,30.1945,23.1887,0.0718272,6.93404,245.995,0,0,0
1200,3,1,281,1,1,1,4316.3,18792.6,537.976,46.3844,0.517824,444.719,10893.3,159.177,23.1957,0.302342,135.679,86.0278,23.1887,0.0718272,62.7673,245.205,0,0,0
1200,3,1,282,1,1,1,4315.66,24680.4,685.959,52.1883,0.766714,587.239,14248.7,334.423,28.9996,0.551232,304.872,83.1329,23.1887,0.0718272,59.8724,417.556,0,0,0
1200,3,1,283,1,1,1,4358.92,18708.1,604.791,46.3844,0.482746,511.764,9620.88,147.803,23.1957,0.267264,124.34,110.459,23.1887,0.0718272,87.1989,258.262,0,0,0
1200,3,1,284,1,1,1,4323.14,18740.6,394.632,46.3844,0.482746,300.994,13390.4,130.435,23.1957,0.267264,106.972,66.3898,23.1887,0.0718272,43.1293,196.825,0,0,0
1200,3,1,285,1,1,1,4355.32,18687.2,633.491,46.3844,0.482746,540.547,9089.62,144.863,23.1957,0.267264,121.4,147.42,23.1887,0.0718272,124.159,292.283,0,0,0
1200,3,1,286,1,1,1,4381.65,18699.4,629.042,46.3952,0.571277,535.986,9180.35,148.156,23.2065,0.320717,124.629,138.537,23.1887,0.106906,115.242,286.693,0,0,0
1200,3,1,287,1,1,1,4324.9,18640.7,599.544,46.3844,0.482746,506.501,9646.73,113.777,23.1957,0.267264,90.314,153.284,23.1887,0.0718272,130.023,267.061,0,0,0
1200,3,1,288,1,1,1,4468.23,18832.9,639.775,46.3844,0.482746,546.849,9123.52,154.103,23.1957,0.267264,130.64,148.968,23.1887,0.0718272,125.708,303.072,0,0,0
1200,3,1,289,1,1,1,4358.82,18685.7,570.022,46.3844,0.552902,476.823,10216.2,90.725,23.1957,0.302342,67.227,147.321,23.1887,0.106906,124.026,238.046,0,0,0
1200,3,1,290,1,1,1,4354.69,24679.9,618.543,52.1883,0.910368,519.483,15446.6,181.64,28.9996,0.551232,151.721,151.36,23.1887,0.0718272,128.099,333,0,0,0
1200,3,1,291,1,1,1,4316.3,24961.7,664.913,52.1883,0.96215,565.937,14903.8,342.466,28.9996,0.746669,312.72,81.7559,23.1887,0.0718272,58.4954,424.222,0,0,0
1200,3,1,292,1,1,1,4323.21,24668.9,762.726,52.1883,1.28287,663.713,12871.2,324.206,28.9996,1.06739,294.139,100.096,23.1887,0.0718272,76.8358,424.302,0,0,0
1200,3,1,293,1,1,1,4321.11,24649.6,515.068,52.1883,0.571277,416.046,17257.2,280.287,28.9996,0.355795,250.849,53.0253,23.1887,0.0718272,29.7648,333.312,0,0,0
1200,3,1,294,1,1,1,4342.74,30731.9,970.337,57.9922,0.890323,866.676,15342.5,513.253,34.8035,0.674842,477.536,113.54,23.1887,0.0718272,90.2797,626.794,0,0,0
1200,3,1,295,1,1,1,4332.95,18659.7,420.493,46.3844,0.6264,326.786,12849.2,87.7572,23.1957,0.267264,64.2942,132.938,23.1887,0.0718272,109.678,220.695,0,0,0
1200,3,1,296,1,1,1,4317.62,18655.6,435.852,46.3844,0.517824,342.298,12572.1,151.088,23.1957,0.302342,127.59,77.9279,23.1887,0.0718272,54.6674,229.016,0,0,0
1200,3,1,297,1,1,1,4322.06,24636.6,527.787,52.1883,0.571277,428.802,17018,284.618,28.9996,0.355795,255.195,53.1715,23.1887,0.0718272,29.911,337.789,0,0,0
1200,3,1,298,1,1,1,4321.4,18674.8,465.667,46.3844,0.517824,372.2,12061.2,154.09,23.1957,0.302342,130.592,84.1689,23.1887,0.0718272,60.9084,238.259,0,0,0
1200,3,1,299,1,1,1,4332.05,18656.9,642.735,46.3844,0.661478,549.639,8894.24,152.164,23.1957,0.302342,128.666,153.116,23.1887,0.0718272,129.855,305.28,0,0,0
1200,3,1,300,1,1,1,4334.33,18657.7,463.43,46.3844,0.661478,369.813,12083.5,91.021,23.1957,0.302342,67.523,150.143,23.1887,0.0718272,126.883,241.164,0,0,0
1200,3,1,301,1,1,1,4330.85,18736.6,635.52,46.3844,0.713261,542.351,9102.19,151.856,23.1957,0.497779,128.162,148.133,23.1887,0.0718272,124.872,299.989,0,0,0
1200,3,1,302,1,1,1,4315.02,18648,376.561,46.3844,0.482746,282.87,13619.1,116.896,23.1957,0.267264,93.4327,62.3218,23.1887,0.0718272,39.0613,179.217,0,0,0
1200,3,1,303,1,1,2,10387.9,24699.8,629.126,69.5741,0.519494,513.579,15579.3,92.15,23.1957,0.267264,68.6871,340.599,46.3784,0.108576,294.112,432.749,1,0,0
1200,3,1,304,1,1,1,4317.62,18636.7,556.05,46.3844,0.482746,462.881,10416.2,149.016,23.1957,0.267264,125.553,96.7339,23.1887,0.0718272,73.4734,245.75,0,0,0
1200,3,1,305,1,0,0,-1,-1,941.498,23.1957,0.267264,872.217,254731,-1,-1,-1,-1,-1,-1,-1,-1,-1,0,0,0
1200,3,1,306,1,1,1,4480.07,18878.3,640.875,46.3844,0.965491,547.47,9148.18,155.003,23.1957,0.462701,131.344,148.878,23.1887,0.0718272,125.618,303.881,0,0,0
1200,3,1,307,1,1,1,4315.34,24629.2,393.439,52.1883,0.536198,294.099,19399.9,215.089,28.9996,0.320717,185.499,29.7217,23.1887,0.0718272,6.46118,244.811,0,0,0
1200,3,1,308,1,1,1,4339.23,18668,365.452,46.3844,0.482746,271.729,13836.7,111.312,23.1957,0.267264,87.8486,58.27,23.1887,0.0718272,35.0095,169.582,0,0,0
1200,3,1,309,1,1,2,10418.3,24745.7,809.248,69.5741,0.698227,694.047,12421.6,119.377,23.1957,0.267264,95.9143,353.329,46.3784,0.143654,306.807,472.706,1,0,0
1200,3,1,310,1,1,1,4330.73,18644.3,461.305,46.3844,0.482746,367.86,12108.5,91.7548,23.1957,0.267264,68.2918,149.062,23.1887,0.0718272,125.802,240.817,0,0,0
1200,3,1,311,1,1,2,10318.2,24639.6,696.764,46.3844,0.50112,603.985,13916.6,81.0848,23.1957,0.267264,57.6218,329.921,23.1887,0.0902016,306.547,411.006,0,0,0
1200,3,1,312,1,1,1,4341.44,18694.1,630.179,46.3844,0.6264,537.081,9155.03,139.448,23.1957,0.267264,115.985,150.777,23.1887,0.0718272,127.516,290.225,0,0,0
1200,3,1,313,1,1,1,4364.17,18697.6,594.674,46.3844,0.482746,501.617,9790.26,142.659,23.1957,0.267264,119.196,102.383,23.1887,0.0718272,79.1224,245.042,0,0,0
1200,3,1,314,1,1,1,4364.06,18748.3,646.326,46.3844,0.965491,552.937,8921.24,156.43,23.1957,0.462701,132.772,154.771,23.1887,0.0718272,131.51,311.201,0,0,0
1200,3,1,315,1,1,1,4365.67,18681.8,469.119,46.3844,0.6264,375.554,12006.6,89.367,23.1957,0.267264,65.9041,153.336,23.1887,0.0718272,130.076,242.703,0,0,0
1200,3,1,316,1,1,1,4349.47,18662.7,537.352,46.3844,0.6264,443.984,10774.3,80.6679,23.1957,0.267264,57.2049,149.207,23.1887,0.0718272,125.946,229.875,0,0,0
1200,3,1,317,1,0,0,-1,-1,800.004,23.1957,0.372499,730.206,252411,-1,-1,-1,-1,-1,-1,-1,-1,-1,0,0,0
1200,3,1,318,1,1,1,4324.38,18643.2,541.414,46.3844,0.482746,448.202,10683,79.4713,23.1957,0.267264,56.0084,148.355,23.1887,0.0718272,125.094,227.826,0,0,0
1200,3,1,319,1,1,1,4317.9,18645.7,446.786,46.3844,0.482746,353.299,12368.1,91.4444,23.1957,0.267264,67.9814,143.023,23.1887,0.0718272,119.763,234.468,0,0,0
1200,3,1,320,1,1,1,4348.04,18664.8,431.498,46.3844,0.482746,337.967,12659,92.8052,23.1957,0.267264,69.3422,138.602,23.1887,0.0718272,115.341,231.407,0,0,0
1200,3,1,321,1,1,1,4332.73,18656.1,500.281,46.3844,0.482746,406.95,11427.2,84.1331,23.1957,0.267264,60.6702,150.024,23.1887,0.0718272,126.764,234.157,0,0,0
1200,3,1,322,1,1,1,4315.02,24630.5,414.786,52.1883,0.536198,315.508,19021.6,228.199,28.9996,0.320717,198.647,32.6022,23.1887,0.0718272,9.34164,260.801,0,0,0
1200,3,1,323,1,1,1,4366.88,18693.9,553.453,46.3844,0.661478,460.098,10518.9,83.0665,23.1957,0.267264,59.6035,150.372,23.1887,0.106906,127.076,233.438,0,0,0
1200,3,1,324,1,1,1,4331.76,18646.6,469.516,46.3844,0.482746,376.095,11964.8,88.896,23.1957,0.267264,65.433,152.528,23.1887,0.0718272,129.267,241.423,0,0,0
1200,3,1,325,1,1,1,4381.89,18745.2,636.183,46.3844,0.678182,543.052,9099.25,152.651,23.1957,0.462701,128.993,147.521,23.1887,0.0718272,124.26,300.172,0,0,0
1200,3,1,326,1,1,1,4331.59,18691.6,637.885,46.3844,0.482746,544.954,9015.88,149.47,23.1957,0.267264,126.008,153.089,23.1887,0.0718272,129.828,302.559,0,0,0
1200,3,1,327,1,1,2,10336.2,24683,840.84,69.5741,1.09411,725.335,11796.2,151.227,23.1957,0.267264,127.764,350.216,46.3784,0.683194,303.154,501.442,1,0,0
1200,3,1,328,1,1,1,4328.22,18661.3,464.56,46.3844,0.482746,371.125,12067.6,90.5239,23.1957,0.267264,67.061,150.391,23.1887,0.0718272,127.13,240.915,0,0,0
1200,3,1,329,1,1,1,4343.83,18660.2,523.542,46.3844,0.517824,430.243,11017.5,80.464,23.1957,0.267264,57.001,150.305,23.1887,0.106906,127.009,230.769,0,0,0
1200,3,1,330,1,1,1,4362.26,18733.2,481.366,46.3844,0.821837,387.64,11839.8,90.9829,23.1957,0.462701,67.3245,152.336,23.1887,0.0718272,129.076,243.319,0,0,0
1200,3,1,331,1,0,0,-1,-1,1481.52,23.1957,0.267264,1413.81,268476,-1,-1,-1,-1,-1,-1,-1,-1,-1,0,0,0
1200,3,1,332,1,1,3,16324.6,30639.7,994.856,92.7639,0.699898,857.639,15414.8,114.988,23.1957,0.267264,91.525,547.568,69.5682,0.288979,477.711,662.556,2,0,0
1200,3,1,333,1,1,1,4334.18,18651.2,437.526,46.3844,0.6264,343.869,12537.9,90.5203,23.1957,0.267264,67.0573,138.701,23.1887,0.0718272,115.44,229.221,0,0,0
1200,3,1,334,1,1,1,4324.99,18644.7,510.786,46.3844,0.517824,417.45,11228.8,155.203,23.1957,0.302342,131.705,83.0752,23.1887,0.0718272,59.8147,238.279,0,0,0
1200,3,1,335,1,1,1,4450.96,18850.6,630.512,46.3844,0.696557,537.345,9305.08,141.705,23.1957,0.302342,118.207,149.489,23.1887,0.106906,126.193,291.194,0,0,0
1200,3,1,336,1,0,0,-1,-1,1493.4,23.1957,0.337421,1425.65,269047,-1,-1,-1,-1,-1,-1,-1,-1,-1,0,0,0
1200,3,1,337,1,1,1,4353.49,18696.2,643.323,46.3844,0.87529,550.015,8922.3,150.347,23.1957,0.302342,126.849,152.062,23.1887,0.141984,128.731,302.408,0,0,0
1200,3,1,338,1,1,1,4354.15,18711.5,638.854,46.3844,0.678182,545.73,9018.09,149.783,23.1957,0.462701,126.125,147.49,23.1887,0.0718272,124.23,297.274,0,0,0
1200,3,1,339,1,1,1,4357.48,18699.9,628.987,46.3844,0.678182,535.834,9181.88,149.206,23.1957,0.462701,125.547,137.584,23.1887,0.0718272,114.323,286.789,0,0,0
1200,3,1,340,1,1,1,4338.19,18753,640.698,46.3844,0.482746,547.775,9027.29,150.615,23.1957,0.267264,127.152,149.241,23.1887,0.0718272,125.98,299.856,0,0,0
1200,3,1,341,1,1,1,4323.49,18641.6,565.08,46.3844,0.482746,471.937,10260.4,90.0168,23.1957,0.267264,66.5538,147.757,23.1887,0.0718272,124.497,237.774,0,0,0
1200,3,1,342,1,1,1,4318.02,18783.9,579.822,46.3844,0.482746,486.722,10140.6,150.959,23.1957,0.267264,127.496,98.7715,23.1887,0.0718272,75.511,249.731,0,0,0
1200,3,1,343,1,1,1,4441.23,18780.8,487.385,46.3844,0.821837,393.677,11780.4,90.7248,23.1957,0.462701,67.0664,154.426,23.1887,0.0718272,131.166,245.151,0,0,0
1200,3,1,344,1,1,1,4315.34,18645.6,544.004,46.3844,0.482746,450.799,10639.3,155.603,23.1957,0.267264,132.14,90.9387,23.1887,0.0718272,67.6782,246.542,0,0,0
1200,3,1,345,1,1,2,4359.54,24689.8,835.808,75.3781,0.912038,714.825,11982.3,332.232,28.9996,0.481075,302.752,163.061,46.3784,0.287309,116.395,495.293,1,0,0
1200,3,1,346,1,1,1,4321.47,18677.7,363.824,46.3844,0.482746,270.096,13875.4,110.391,23.1957,0.267264,86.9282,56.624,23.1887,0.0718272,33.3635,167.015,0,0,0
1200,3,1,347,1,1,1,4434.81,18796.5,639.98,46.3844,0.482746,547.055,9083.56,148.117,23.1957,0.267264,124.654,149.643,23.1887,0.0718272,126.383,297.76,0,0,0
1200,3,1,348,1,0,0,-1,-1,632.15,23.1957,0.267264,561.97,249430,-1,-1,-1,-1,-1,-1,-1,-1,-1,0,0,0
1200,3,1,349,1,1,1,4317.9,18684.2,506.796,46.3952,0.50112,413.454,11339.5,156.822,23.2065,0.285638,133.33,82.8965,23.1887,0.0718272,59.636,239.718,0,0,0
1200,3,1,350,1,1,1,4316.62,18657.1,527.434,46.3844,0.678182,433.986,10945,156.598,23.1957,0.462701,132.94,85.4268,23.1887,0.0718272,62.1663,242.025,0,0,0
1200,3,1,351,1,1,1,4325.51,18639.9,414.797,46.3844,0.482746,321.216,12931.1,86.658,23.1957,0.267264,63.1951,131.056,23.1887,0.0718272,107.795,217.714,0,0,0
1200,3,1,352,1,1,1,4380.44,18702.1,487.181,46.3844,0.482746,393.811,11706.2,86.3133,23.1957,0.267264,62.8504,152.322,23.1887,0.0718272,129.061,238.635,0,0,0
1200,3,1,353,1,1,1,4354.29,18731.3,368.483,46.3844,0.908698,274.342,13844.9,114.226,23.1957,0.658138,90.3718,59.859,23.1887,0.106906,36.5634,174.085,0,0,0
1200,3,1,354,1,1,1,4326.14,18668.3,545.978,46.3844,0.482746,452.779,10626.9,156.82,23.1957,0.267264,133.357,91.2888,23.1887,0.0718272,68.0283,248.108,0,0,0
1200,3,1,355,1,1,1,4324.43,18637.5,522.517,46.3844,0.482746,429.25,11013.3,80.3304,23.1957,0.267264,56.8674,149.602,23.1887,0.0718272,126.341,229.932,0,0,0
1200,3,1,356,1,1,1,4331.21,18734.5,466.406,46.3844,0.552902,372.906,12107.5,155.018,23.1957,0.337421,131.485,84.2267,23.1887,0.0718272,60.9661,239.245,0,0,0
1200,3,1,357,1,1,2,10330.5,24673,633.859,69.5741,0.985536,517.86,15466.8,91.0473,23.1957,0.267264,67.5843,338.518,46.3784,0.574618,291.565,429.566,1,0,0
1200,3,1,358,1,0,0,-1,-1,1119.51,23.1957,0.267264,1050.75,257602,-1,-1,-1,-1,-1,-1,-1,-1,-1,0,0,0
1200,3,1,359,1,1,1,4325.66,24803.7,711.3,52.1883,0.766714,612.654,13921.4,336.408,28.9996,0.551232,306.858,85.5405,23.1887,0.0718272,62.28,421.949,0,0,0
1200,3,1,360,1,1,1,4355.97,18684.5,485.227,46.3844,0.517824,391.817,11723.1,86.1751,23.1957,0.302342,62.6771,151.403,23.1887,0.0718272,128.143,237.578,0,0,0
1200,3,1,361,1,1,1,4345.87,18735.4,640.985,46.3844,0.536198,548.009,9004.06,152.47,23.1957,0.267264,129.007,155.295,23.1887,0.12528,131.981,307.765,0,0,0
1200,3,1,362,1,1,1,4331.21,18788.8,632.985,46.3844,0.482746,540.039,9200.23,149.877,23.1957,0.267264,126.414,143.081,23.1887,0.0718272,119.821,292.958,0,0,0
1200,3,1,363,1,1,1,4360.66,18682.7,503.689,46.3844,0.517824,410.332,11393,83.5014,23.1957,0.267264,60.0385,152.227,23.1887,0.106906,128.931,235.728,0,0,0
1200,3,1,364,1,1,1,4442.5,18901.4,646.838,46.3844,0.482746,553.933,9066.42,153.992,23.1957,0.267264,130.529,154.825,23.1887,0.0718272,131.565,308.817,0,0,0
1200,3,1,365,1,1,1,4418.63,18735.7,492.918,46.3844,0.482746,399.565,11637.8,85.7917,23.1957,0.267264,62.3288,152.95,23.1887,0.0718272,129.689,238.742,0,0,0
1200,3,1,366,1,1,1,4341.75,18658.5,525.835,46.3844,0.482746,432.578,10975.2,80.926,23.1957,0.267264,57.463,150.318,23.1887,0.0718272,127.058,231.244,0,0,0
1200,3,1,367,1,1,1,4343.78,18745.6,462.257,46.3844,0.696557,368.602,12192,155.467,23.1957,0.302342,131.969,83.5254,23.1887,0.106906,60.2298,238.992,0,0,0
1200,3,1,368,1,1,1,4324.49,18884.1,501.447,46.3844,0.552902,408.049,11634,160.216,23.1957,0.337421,136.683,83.1311,23.1887,0.0718272,59.8706,243.347,0,0,0
1200,3,1,369,1,1,1,4317.19,18724.8,461.599,46.3844,0.517824,368.12,12183.5,155.171,23.1957,0.302342,131.673,83.2142,23.1887,0.0718272,59.9537,238.385,0,0,0
1200,3,1,370,1,1,1,4420.98,18869.7,647.751,46.3844,0.696557,554.635,9017.67,150.115,23.1957,0.337421,126.581,155.753,23.1887,0.0718272,132.492,305.867,0,0,0
1200,3,1,371,1,1,1,4376.24,18712.3,429.945,46.3844,0.482746,336.409,12734.2,92.6572,23.1957,0.267264,69.1942,140.246,23.1887,0.0718272,116.985,232.903,0,0,0
1200,3,1,372,1,1,1,4318.86,18675.3,540.327,46.3844,0.482746,447.112,10734.4,155.695,23.1957,0.267264,132.232,88.7621,23.1887,0.0718272,65.5016,244.457,0,0,0
1200,3,1,373,1,1,1,4359.5,18687.3,427.636,46.3844,0.805133,333.771,12749.2,92.0941,23.1957,0.267264,68.6311,138.644,23.1887,0.106906,115.348,230.738,0,0,0
1200,3,1,374,1,0,0,-1,-1,793.058,23.1957,0.302342,723.31,252244,-1,-1,-1,-1,-1,-1,-1,-1,-1,0,0,0
1200,3,1,375,1,1,1,4332,18652.1,544.493,46.3844,0.482746,451.29,10637.1,155.486,23.1957,0.267264,132.023,91.2563,23.1887,0.0718272,67.9958,246.742,0,0,0
1200,3,1,376,1,1,1,4332.42,24737.9,713.501,52.1883,1.12418,614.504,13815.5,332.818,28.9996,0.871949,302.947,88.1455,23.1887,0.108576,64.8483,420.964,0,0,0
1200,3,1,377,1,1,1,4320.2,18657.3,398.153,46.3844,0.678182,304.329,13244,131.788,23.1957,0.462701,108.129,67.4059,23.1887,0.0718272,44.1454,199.193,0,0,0
1200,3,1,378,1,1,1,4355.13,18671.9,486.512,46.3844,0.6264,392.997,11687.5,86.1563,23.1957,0.267264,62.6933,151.235,23.1887,0.0718272,127.975,237.392,0,0,0
1200,3,1,379,1,1,1,4338.63,18656.4,517.852,46.3844,0.6264,424.428,11114.8,82.2435,23.1957,0.267264,58.7805,151.418,23.1887,0.0718272,128.157,233.661,0,0,0
1200,3,1,380,1,1,1,4414.28,18737.8,484.036,46.3844,0.517824,390.622,11797.6,90.4309,23.1957,0.302342,66.9328,154.033,23.1887,0.0718272,130.772,244.464,0,0,0
1200,3,1,381,1,1,1,4323.78,18639.1,446.453,46.3844,0.482746,352.965,12367.5,90.0168,23.1957,0.267264,66.5538,143.014,23.1887,0.0718272,119.754,233.031,0,0,0
1200,3,1,382,1,1,1,4401.27,18967.5,650.309,46.3844,0.552902,557.344,9070.35,157.567,23.1957,0.337421,134.033,154.585,23.1887,0.0718272,131.324,312.152,0,0,0
1200,3,1,383,1,1,1,4313.74,18628.9,446.429,46.3844,0.482746,352.941,12357.6,89.7858,23.1957,0.267264,66.3228,142.399,23.1887,0.0718272,119.138,232.185,0,0,0
1200,3,1,384,1,1,1,4319.43,18641.4,397.562,46.3844,0.482746,303.932,13239.1,80.6535,23.1957,0.267264,57.1905,126.488,23.1887,0.0718272,103.227,207.141,0,0,0
1200,3,1,385,1,1,1,4339.34,24657.4,823.182,52.1883,0.983866,724.643,11785.3,334.826,28.9996,0.481075,305.345,155.253,23.1887,0.0718272,131.992,490.079,0,0,0
1200,3,1,386,1,1,1,4326.6,18903.1,501.455,46.3844,0.517824,408.092,11653.1,160.679,23.1957,0.302342,137.181,82.6583,23.1887,0.0718272,59.3978,243.337,0,0,0
1200,3,1,387,1,1,1,4321.86,18659.3,594.334,46.3844,0.482746,501.276,9758,108.826,23.1957,0.267264,85.3634,151.464,23.1887,0.0718272,128.204,260.291,0,0,0
1200,3,1,388,1,1,1,4318.86,24762.4,580.32,52.1883,0.927072,481.133,16209,317.111,28.9996,0.71159,287.4,65.9783,23.1887,0.0718272,42.7178,383.089,0,0,0
1200,3,1,389,1,1,1,4322.97,18645.8,488.153,46.3844,0.517824,394.751,11632.4,153.732,23.1957,0.267264,130.269,81.3073,23.1887,0.106906,58.0117,235.039,0,0,0
1200,3,1,390,1,1,1,4373.14,18688,554.589,46.3844,0.482746,461.415,10493.4,83.783,23.1957,0.267264,60.32,151.067,23.1887,0.0718272,127.807,234.85,0,0,0
1200,3,1,391,1,1,1,4343.66,18804.7,535.061,46.3844,0.913709,441.4,10956.2,158.812,23.1957,0.267264,135.349,85.62,23.1887,0.0718272,62.3594,244.432,0,0,0
1200,3,1,392,1,1,1,4421.98,18783.8,637.367,46.3844,0.482746,544.434,9117.3,152.82,23.1957,0.267264,129.357,148.674,23.1887,0.0718272,125.414,301.494,0,0,0
1200,3,1,393,1,1,1,4316.94,18698.5,385.638,46.3844,0.482746,291.973,13508.2,125.277,23.1957,0.267264,101.814,63.0979,23.1887,0.0718272,39.8374,188.375,0,0,0
1200,3,1,394,1,1,1,4316.94,24633.2,427.943,52.1883,0.891994,328.347,18789.6,234.55,28.9996,0.676512,204.661,34.6596,23.1887,0.0718272,11.3991,269.21,0,0,0
1200,3,1,395,1,1,1,4365.45,18686.9,521.134,46.3844,0.6264,427.72,11086.9,80.6986,23.1957,0.267264,57.2356,151.165,23.1887,0.0718272,127.904,231.863,0,0,0
1200,3,1,396,1,1,1,4321.42,24645.1,513.726,52.1991,0.820166,414.442,17275.8,280.163,29.0104,0.604685,250.467,52.6138,23.1887,0.0718272,29.3533,332.777,0,0,0
1200,3,1,397,1,1,1,4319.26,18809,553.411,46.3844,0.517824,460.199,10635.1,159.123,23.1957,0.302342,135.625,93.9275,23.1887,0.0718272,70.6669,253.051,0,0,0
1200,3,1,398,1,1,1,4333.12,18649.2,531.415,46.3844,0.6264,438.03,10866.3,80.5434,23.1957,0.267264,57.0804,147.057,23.1887,0.0718272,123.797,227.601,0,0,0
1200,3,1,399,1,1,1,4361.38,18769.6,645.453,46.3844,0.661478,552.364,8958.71,153.11,23.1957,0.302342,129.612,150.335,23.1887,0.0718272,127.074,303.444,0,0,0
1200,3,1,400,1,1,1,4341.44,18686.2,644.705,46.3844,0.552902,551.724,8888.71,155,23.1957,0.267264,131.537,155.816,23.1887,0.141984,132.485,310.816,0,0,0
1200,3,1,401,1,1,1,4399.08,18733.4,608.297,46.3844,0.482746,515.279,9583.82,148.339,23.1957,0.267264,124.876,113.394,23.1887,0.0718272,90.1335,261.733,0,0,0
1200,3,1,402,1,1,1,4313.1,18628.9,598.419,46.3844,0.482746,505.373,9654.92,112.801,23.1957,0.267264,89.3376,152.381,23.1887,0.0718272,129.121,265.182,0,0,0
1200,3,1,403,1,1,1,4348.15,18743.7,604.048,46.3844,0.748339,510.753,9668.75,148.39,23.1957,0.462701,124.732,108.328,23.1887,0.141984,84.9971,256.718,0,0,0
1200,3,1,404,1,1,1,4366.96,18724,497.502,46.3844,0.536198,404.109,11544.1,86.3873,23.1957,0.267264,62.9244,150.787,23.1887,0.12528,127.473,237.174,0,0,0
1200,3,1,405,1,1,1,4363.66,18691.3,620.169,46.3844,0.482746,527.186,9330.59,124.46,23.1957,0.267264,100.997,153.831,23.1887,0.0718272,130.57,278.29,0,0,0
1200,3,1,406,1,1,1,4356.51,30689,1008.61,57.9922,0.910368,905.04,14619.8,517.194,34.8035,0.694886,481.477,151.941,23.1887,0.0718272,128.68,669.135,0,0,0
1200,3,1,407,1,1,1,4357.83,18672,606.438,46.3844,0.552902,513.345,9554.99,117.255,23.1957,0.267264,93.7918,155.312,23.1887,0.141984,131.981,272.567,0,0,0
1200,3,1,408,1,1,1,4344.82,18662,630.666,46.3844,0.661478,537.534,9114.01,147.314,23.1957,0.267264,123.851,142.08,23.1887,0.106906,118.785,289.394,0,0,0
1200,3,1,409,1,0,0,-1,-1,1132.46,23.1957,0.267264,1063.73,257844,-1,-1,-1,-1,-1,-1,-1,-1,-1,0,0,0
1200,3,1,410,1,1,1,4315.98,18727.5,636.489,46.3844,0.482746,543.553,9076.56,153.52,23.1957,0.267264,130.057,143.76,23.1887,0.0718272,120.499,297.28,0,0,0
1200,3,1,411,1,1,1,4313.42,18646.9,425.185,46.3844,0.482746,331.636,12753.4,145.893,23.1957,0.267264,122.43,74.8615,23.1887,0.0718272,51.601,220.755,0,0,0
1200,3,1,412,1,1,1,4439.12,18813.7,642.751,46.3844,0.713261,549.603,9050.73,149.131,23.1957,0.497779,125.437,151.261,23.1887,0.0718272,128,300.391,0,0,0
1200,3,1,413,1,1,1,4340.65,18777.5,623.505,46.3844,0.482746,530.532,9357.45,153.652,23.1957,0.267264,130.189,130.552,23.1887,0.0718272,107.292,284.204,0,0,0
1200,3,1,414,1,1,1,4315.66,18700.2,553.728,46.3844,0.517824,460.516,10520.7,154.62,23.1957,0.302342,131.122,93.969,23.1887,0.0718272,70.7085,248.589,0,0,0
1200,3,1,415,1,1,1,4338.89,18651.5,564.14,46.3844,0.6264,470.851,10286.7,89.0873,23.1957,0.267264,65.6243,147.947,23.1887,0.0718272,124.686,237.034,0,0,0
1200,3,1,416,1,1,1,4322.03,24719.8,814.958,52.1883,0.891994,716.488,11994.3,333.601,28.9996,0.676512,303.925,142.874,23.1887,0.0718272,119.613,476.474,0,0,0
1200,3,1,417,1,0,0,-1,-1,1125.41,23.1957,0.267264,1056.67,257679,-1,-1,-1,-1,-1,-1,-1,-1,-1,0,0,0
1200,3,1,418,1,1,1,4392.99,18768.5,630.724,46.3844,0.517824,537.737,9219.84,139.807,23.1957,0.302342,116.309,151.843,23.1887,0.0718272,128.583,291.65,0,0,0
1200,3,1,419,1,1,1,4313.74,18661.8,466.88,46.3844,0.482746,373.451,12026.9,153.616,23.1957,0.267264,130.153,83.2882,23.1887,0.0718272,60.0276,236.904,0,0,0
1200,3,1,420,1,1,1,4346.07,18820.7,602.787,46.3844,0.770054,509.466,9768.31,149.16,23.1957,0.267264,125.697,105.572,23.1887,0.0718272,82.3115,254.732,0,0,0
1200,3,1,421,1,1,1,4353.83,18673.2,431.21,46.3844,0.482746,337.678,12672.6,93.1156,23.1957,0.267264,69.6526,138.968,23.1887,0.0718272,115.708,232.084,0,0,0
1200,3,1,422,1,1,1,4359.93,18716.2,641.94,46.3844,0.482746,549.02,8968.38,151.142,23.1957,0.267264,127.679,147.573,23.1887,0.0718272,124.313,298.715,0,0,0
1200,3,1,423,1,1,1,4322.52,18656.2,425.944,46.3844,0.554573,332.325,12748.5,92.3259,23.1957,0.302342,68.8279,136.906,23.1887,0.108576,113.609,229.232,0,0,0
1200,3,1,424,1,1,1,4323.53,18780,539.033,46.3844,0.908698,445.389,10860.8,158.922,23.1957,0.693216,135.033,86.9357,23.1887,0.0718272,63.6751,245.858,0,0,0
1200,3,1,425,1,1,3,16324.3,36687.6,1083.9,98.5678,1.35636,940.642,19977.6,334.084,28.9996,1.06739,304.017,414.681,69.5682,0.145325,344.968,748.765,2,0,0
1200,3,1,426,1,1,1,4316.3,18640.3,558.814,46.3844,0.482746,465.653,10370.6,147.628,23.1957,0.267264,124.165,93.6495,23.1887,0.0718272,70.389,241.277,0,0,0
1200,3,1,427,1,1,2,10359.7,24687.2,635.647,69.5741,0.663149,519.976,15450.3,90.3633,23.1957,0.267264,66.9003,338.545,46.3784,0.108576,292.058,428.908,1,0,0
1200,3,1,428,1,1,1,4320.33,18666.5,546.125,46.3844,0.552902,452.857,10622,156.614,23.1957,0.267264,133.151,91.3265,23.1887,0.141984,67.9958,247.94,0,0,0
1200,3,1,429,1,0,0,-1,-1,1440.24,23.1957,0.267264,1372.41,266366,-1,-1,-1,-1,-1,-1,-1,-1,-1,0,0,0
1200,3,1,430,1,1,1,4344.79,18791.6,463.659,46.3844,0.6264,370.078,12213.6,156.446,23.1957,0.267264,132.983,84.0787,23.1887,0.0718272,60.8182,240.525,0,0,0
1200,3,1,431,1,1,1,4342.53,18744.1,462.211,46.3844,0.517824,368.733,12192,155.488,23.1957,0.267264,132.025,83.704,23.1887,0.106906,60.4085,239.192,0,0,0
1200,3,1,432,1,1,2,10352.9,24737.8,690.759,69.5741,0.519494,575.392,14521.3,145.854,23.1957,0.267264,122.391,206.472,46.3784,0.108576,159.985,352.325,1,0,0
1200,3,1,433,1,0,0,-1,-1,1563.68,23.1957,0.302342,1496.17,272193,-1,-1,-1,-1,-1,-1,-1,-1,-1,0,0,0
1200,3,1,434,1,0,0,-1,-1,1397.43,23.1957,0.267264,1329.48,263848,-1,-1,-1,-1,-1,-1,-1,-1,-1,0,0,0
1200,3,1,435,1,1,1,4338.31,18717.8,643.293,46.3844,0.482746,550.377,8945.87,151.546,23.1957,0.267264,128.083,152.845,23.1887,0.0718272,129.585,304.391,0,0,0
1200,3,1,436,1,0,0,-1,-1,1523.85,23.1957,0.267264,1456.26,270324,-1,-1,-1,-1,-1,-1,-1,-1,-1,0,0,0
1200,3,1,437,1,1,1,4317.26,24639.7,420.699,52.1883,0.696557,321.278,18925.4,231.576,28.9996,0.481075,201.872,33.0136,23.1887,0.0718272,9.75314,264.59,0,0,0
1200,3,1,438,1,1,1,4390.54,18826.5,646.912,46.3844,1.10915,553.381,8988.58,159.065,23.1957,0.462701,135.407,154.164,23.1887,0.0718272,130.904,313.23,0,0,0
1200,3,1,439,1,1,1,4344.68,18695.7,464.633,46.3844,0.517824,371.163,12100.5,91.623,23.1957,0.267264,68.1601,149.886,23.1887,0.106906,126.59,241.509,0,0,0
1200,3,1,440,1,1,1,4357.97,18728.3,641.501,46.3844,0.661478,548.401,8987.6,150.74,23.1957,0.302342,127.242,148.016,23.1887,0.0718272,124.755,298.756,0,0,0
1200,3,1,441,1,1,1,4316.62,18665.4,571.157,46.3844,0.482746,478.032,10176.2,147.101,23.1957,0.267264,123.638,97.0732,23.1887,0.0718272,73.8127,244.174,0,0,0
1200,3,1,442,1,1,1,4315.34,18656.7,413.125,46.3844,0.482746,319.54,12977.7,142.118,23.1957,0.267264,118.655,72.4576,23.1887,0.0718272,49.197,214.575,0,0,0
1200,3,1,443,1,1,1,4457.35,18832.1,639.396,46.3844,0.6264,546.326,9129.08,154.421,23.1957,0.267264,130.958,148.012,23.1887,0.0718272,124.751,302.433,0,0,0
1200,3,1,444,1,1,1,4419.67,18783.2,482.898,46.3844,0.587981,389.411,11862.7,90.7467,23.1957,0.302342,67.2487,154.168,23.1887,0.141984,130.837,244.915,0,0,0
1200,3,1,445,1,1,1,4326.83,18661.6,633.442,46.3844,0.482746,540.498,9064.83,150.192,23.1957,0.267264,126.729,147.436,23.1887,0.0718272,124.176,297.629,0,0,0
1200,3,1,446,1,1,1,4328.14,18706.7,526.483,46.3844,0.552902,433.157,11011.4,158.647,23.1957,0.302342,135.149,84.805,23.1887,0.106906,61.5094,243.452,0,0,0
1200,3,1,447,1,1,1,4347.03,18678.1,529.52,46.3844,0.517824,436.238,10929.1,155.374,23.1957,0.267264,131.911,87.1422,23.1887,0.106906,63.8466,242.516,0,0,0
1200,3,1,448,1,1,1,4340.87,18711.9,638.513,46.3844,0.552902,545.513,9024.5,149.927,23.1957,0.337421,126.394,147.348,23.1887,0.0718272,124.087,297.275,0,0,0
1200,3,1,449,1,1,1,4335.76,18719.9,643.086,46.3844,0.482746,550.17,8951.67,154.275,23.1957,0.267264,130.812,148.321,23.1887,0.0718272,125.06,302.595,0,0,0
1200,3,1,450,1,1,1,4432.48,18944,649.401,46.3844,0.678182,556.308,9063.03,152.265,23.1957,0.462701,128.606,155.626,23.1887,0.0718272,132.366,307.891,0,0,0
1200,3,1,451,1,1,1,4356.33,18669.3,469.17,46.3844,0.6264,375.604,11993.3,91.9912,23.1957,0.267264,68.5283,152.587,23.1887,0.0718272,129.327,244.578,0,0,0
1200,3,1,452,1,1,1,4332.17,18654,602.639,46.3844,0.482746,509.605,9604.99,115.163,23.1957,0.267264,91.7001,153.217,23.1887,0.0718272,129.956,268.38,0,0,0
1200,3,1,453,1,1,1,4406.82,18742.6,556.229,46.3844,0.856915,462.686,10517.8,83.7167,23.1957,0.462701,60.0583,150.444,23.1887,0.106906,127.148,234.16,0,0,0
1200,3,1,454,1,1,2,10349.2,24683.9,831.684,69.5741,0.519494,716.726,11961.5,152.441,23.1957,0.267264,128.978,348.414,46.3784,0.108576,301.927,500.855,1,0,0
1200,3,1,455,1,1,1,4319.11,18663.3,591.799,46.3844,0.678182,498.538,9806.57,144.838,23.1957,0.462701,121.18,98.7715,23.1887,0.0718272,75.511,243.61,0,0,0
1200,3,1,456,1,1,1,4338.91,18658.4,433.493,46.3844,0.6264,339.824,12616.8,91.5906,23.1957,0.267264,68.1276,138.522,23.1887,0.0718272,115.262,230.113,0,0,0
1200,3,1,457,1,1,1,4338.89,18675.1,415.837,46.3844,0.517824,322.225,12947.6,87.0046,23.1957,0.267264,63.5416,131.549,23.1887,0.106906,108.254,218.554,0,0,0
1200,3,1,458,1,1,1,4351.78,18729.4,635.646,46.3844,0.713261,542.478,9092.74,151.852,23.1957,0.462701,128.193,148.19,23.1887,0.106906,124.894,300.041,0,0,0
1200,3,1,459,1,0,0,-1,-1,1015.11,23.1957,0.302342,946.009,255884,-1,-1,-1,-1,-1,-1,-1,-1,-1,0,0,0
1200,3,1,460,1,1,1,4318.73,18766.8,589.923,46.3844,1.06906,496.266,9942.56,148.072,23.1957,0.853574,124.022,99.3202,23.1887,0.0718272,76.0597,247.392,0,0,0
1200,3,1,461,1,0,0,-1,-1,1214.78,28.9996,0.781747,1140.14,259150,-1,-1,-1,-1,-1,-1,-1,-1,-1,0,0,0
1200,3,1,462,1,1,1,4336.75,18650.6,504.178,46.3844,0.517824,410.823,11352.2,82.8445,23.1957,0.267264,59.3815,151.83,23.1887,0.106906,128.534,234.674,0,0,0
1200,3,1,463,1,1,1,4350.31,18682.9,630.819,46.3844,0.517824,537.832,9132.61,148.352,23.1957,0.267264,124.889,140.844,23.1887,0.106906,117.548,289.196,0,0,0
1200,3,1,464,1,1,1,4344.17,18675.6,591.505,46.3844,0.679853,498.242,9823.73,143.15,23.1957,0.267264,119.687,98.5561,23.1887,0.12528,75.2421,241.706,0,0,0
1200,3,1,465,1,1,1,4316.94,24643.5,541.737,52.1883,0.731635,442.633,16776.6,292.345,28.9996,0.516154,262.782,55.6873,23.1887,0.0718272,32.4268,348.033,0,0,0
1200,3,1,466,1,0,0,-1,-1,1145.64,23.1957,0.267264,1076.95,258096,-1,-1,-1,-1,-1,-1,-1,-1,-1,0,0,0
1200,3,1,467,1,1,1,4353.69,18673,637.957,46.3844,0.661478,544.847,8999.63,146.229,23.1957,0.267264,122.766,156.746,23.1887,0.106906,133.451,302.975,0,0,0
1200,3,1,468,1,0,0,-1,-1,875.992,23.1957,0.337421,806.45,253697,-1,-1,-1,-1,-1,-1,-1,-1,-1,0,0,0
1200,3,1,469,1,1,1,4372.99,18874.4,647.255,46.3844,0.873619,553.96,9031.08,153.094,23.1957,0.658138,129.24,152.573,23.1887,0.0718272,129.312,305.666,0,0,0
1200,3,1,470,1,1,1,4321.16,18687.7,399.308,46.3844,0.482746,305.683,13254.4,132.68,23.1957,0.267264,109.217,68.0538,23.1887,0.0718272,44.7933,200.734,0,0,0
1200,3,1,471,1,1,1,4338.74,18662.4,593.305,46.3844,0.517824,500.209,9779.18,143.376,23.1957,0.267264,119.913,99.9779,23.1887,0.106906,76.6823,243.354,0,0,0
1200,3,1,472,1,1,1,4330.61,18808.3,603.132,46.3844,0.482746,510.1,9750.53,149.4,23.1957,0.267264,125.937,106.112,23.1887,0.0718272,82.8511,255.512,0,0,0
1200,3,1,473,1,0,0,-1,-1,980.241,23.1957,0.267264,911.072,255334,-1,-1,-1,-1,-1,-1,-1,-1,-1,0,0,0
1200,3,1,474,1,1,1,4320.58,18641.8,462.195,46.3844,0.482746,368.753,12090.2,92.0833,23.1957,0.267264,68.6203,148.745,23.1887,0.0718272,125.484,240.828,0,0,0
1200,3,1,475,1,1,1,4411.82,18754.2,641.145,46.3844,0.6264,548.08,9020.12,150.577,23.1957,0.267264,127.114,156.346,23.1887,0.0718272,133.086,306.923,0,0,0
1200,3,1,476,1,0,0,-1,-1,1138.83,28.9996,0.355795,1064.39,257842,-1,-1,-1,-1,-1,-1,-1,-1,-1,0,0,0
1200,3,1,477,1,1,1,4322.34,18648,497.474,46.3844,0.482746,404.134,11469,86.0625,23.1957,0.267264,62.5995,149.236,23.1887,0.0718272,125.975,235.298,0,0,0
1200,3,1,478,1,1,1,4378.67,18727.7,642.649,46.3844,0.482746,549.731,8967.24,153.104,23.1957,0.267264,129.641,154.37,23.1887,0.0718272,131.11,307.474,0,0,0
1200,3,1,479,1,0,0,-1,-1,1462.14,23.1957,0.267264,1394.37,267570,-1,-1,-1,-1,-1,-1,-1,-1,-1,0,0,0
1200,3,1,480,1,1,1,4386.08,18784.8,626.825,46.3844,1.06906,533.275,9304.37,132.812,23.1957,0.853574,108.763,152.726,23.1887,0.0718272,129.466,285.538,0,0,0
1200,3,1,481,1,1,1,4332.48,18712.9,634.375,46.3844,0.6264,541.29,9099.13,149.124,23.1957,0.267264,125.661,143.606,23.1887,0.0718272,120.346,292.73,0,0,0
1200,3,1,482,1,1,1,4363.78,24763.6,770.139,52.1883,0.606355,671.824,12835.2,328.33,28.9996,0.355795,298.974,99.9238,23.1887,0.106906,76.6282,428.253,0,0,0
1200,3,1,483,1,1,1,4317.51,24653.5,466.916,52.1883,1.03231,367.293,18115.9,256.227,28.9996,0.816826,226.257,43.6566,23.1887,0.0718272,20.396,299.883,0,0,0
1200,3,1,484,1,1,1,4335.91,18649.4,417.425,46.3844,0.6264,323.709,12893.5,87.3348,23.1957,0.267264,63.8719,131.89,23.1887,0.0718272,108.629,219.224,0,0,0
1200,3,1,485,1,1,1,4320.14,24656.4,536.028,52.1883,0.696557,436.942,16891.3,290.557,28.9996,0.481075,261.023,55.0484,23.1887,0.0718272,31.7879,345.606,0,0,0
1200,3,1,486,1,1,1,4331.26,24671.3,541.177,52.1883,0.891994,441.911,16814.1,292.228,28.9996,0.676512,262.503,55.7397,23.1887,0.0718272,32.4792,347.968,0,0,0
1200,3,1,487,1,1,1,4314.7,18761.8,429.428,46.3844,0.517824,335.855,12792.6,149.374,23.1957,0.302342,125.876,76.0256,23.1887,0.0718272,52.7651,225.399,0,0,0
1200,3,1,488,1,1,1,4331.82,18647.4,583.586,46.3844,0.517824,490.462,9936.93,104.221,23.1957,0.267264,80.7576,150.032,23.1887,0.106906,126.737,254.253,0,0,0
1200,3,1,489,1,1,1,4320.86,18663.9,545.631,46.3844,0.517824,452.397,10628.4,157.05,23.1957,0.302342,133.552,91.0199,23.1887,0.0718272,67.7594,248.07,0,0,0
1200,3,1,490,1,1,1,4378.46,18705,490.842,46.3844,0.552902,397.413,11643.5,85.2312,23.1957,0.302342,61.7332,151.608,23.1887,0.106906,128.312,236.839,0,0,0
1200,3,1,491,1,1,1,4325.31,18643.9,499.914,46.3844,0.482746,406.582,11421.6,84.1331,23.1957,0.267264,60.6702,149.732,23.1887,0.0718272,126.471,233.865,0,0,0
1200,3,1,492,1,1,2,10373.2,24720.6,827.367,69.5741,0.663149,712.253,12074.6,145.303,23.1957,0.267264,121.84,341.745,46.3784,0.108576,295.258,487.048,1,0,0
1200,3,1,493,1,1,1,4360.32,24680.6,814.096,52.1883,1.00224,715.513,11969.8,331.047,28.9996,0.481075,301.566,142.038,23.1887,0.0902016,118.759,473.085,0,0,0
1200,3,1,494,1,1,1,4445.84,18921.1,648.765,46.3844,0.552902,555.795,9051.37,151.54,23.1957,0.337421,128.007,155.643,23.1887,0.0718272,132.382,307.183,0,0,0
1200,3,1,495,1,1,1,4316.94,18637.4,508.847,46.3844,0.482746,415.541,11256.3,155.791,23.1957,0.267264,132.328,82.0771,23.1887,0.0718272,58.8166,237.868,0,0,0
1200,3,1,496,1,1,1,4343.91,18659.4,516.227,46.3844,0.552902,422.872,11146.5,81.5486,23.1957,0.267264,58.0857,151.374,23.1887,0.141984,128.043,232.923,0,0,0
1200,3,1,497,1,1,1,4371.68,18754.9,462.67,46.3844,0.661478,369.051,12194.2,154.638,23.1957,0.267264,131.175,84.3989,23.1887,0.106906,61.1033,239.037,0,0,0
1200,3,1,498,1,1,2,10350.6,24757.1,843.143,69.5741,0.950458,727.787,11829.7,152.161,23.1957,0.267264,128.698,351.595,46.3784,0.25223,304.964,503.756,1,0,0
1200,3,1,499,1,1,1,4319.69,18642,446.379,46.3844,0.482746,352.891,12371.7,92.6428,23.1957,0.267264,69.1798,144.987,23.1887,0.0718272,121.727,237.63,0,0,0
1200,3,1,500,1,1,1,4318.34,18793.2,465.84,46.3844,0.517824,372.374,12176.5,157.712,23.1957,0.302342,134.214,84.288,23.1887,0.0718272,61.0275,242,0,0,0
1200,3,1,501,1,1,1,4316.74,18636.1,407.951,46.3844,0.482746,314.351,13049.1,83.3661,23.1957,0.267264,59.9031,129.892,23.1887,0.0718272,106.631,213.258,0,0,0
1200,3,1,502,1,1,1,4340.15,18680.3,644.116,46.3844,0.517824,551.168,8893.53,154.206,23.1957,0.267264,130.743,156.053,23.1887,0.106906,132.757,310.259,0,0,0
1200,3,1,503,1,1,1,4324.97,18698.3,450.174,46.3844,0.482746,356.697,12360.5,89.6739,23.1957,0.267264,66.2109,145.525,23.1887,0.0718272,122.264,235.199,0,0,0
1200,3,1,504,1,1,1,4336.58,18703.2,630.163,46.3844,0.482746,537.21,9164.78,139.876,23.1957,0.267264,116.413,151.154,23.1887,0.0718272,127.894,291.03,0,0,0
1200,3,1,505,1,1,1,4319.69,18699.4,643.651,46.3844,0.482746,550.737,8921.13,150.922,23.1957,0.267264,127.459,152.129,23.1887,0.0718272,128.868,303.05,0,0,0
1200,3,1,506,1,1,1,4330.01,24738.4,807.019,52.1883,0.840211,708.577,12154.1,323.896,28.9996,0.481075,294.415,142.785,23.1887,0.0718272,119.525,466.681,0,0,0
1200,3,1,507,1,1,1,4357.26,18672.4,630.617,46.3844,0.482746,537.664,9125.9,143.897,23.1957,0.267264,120.434,147.355,23.1887,0.0718272,124.094,291.252,0,0,0
1200,3,1,508,1,1,1,4320.9,24655.1,567.016,52.1883,0.766714,467.95,16338.5,307.116,28.9996,0.551232,277.56,62.6809,23.1887,0.0718272,39.4204,369.797,0,0,0
1200,3,1,509,1,1,1,4324.49,18693,403.148,46.3844,0.482746,309.534,13191.4,134.711,23.1957,0.267264,111.248,69.2306,23.1887,0.0718272,45.9701,203.941,0,0,0
1200,3,1,510,1,1,1,4322.82,18783.6,459.095,46.3844,0.482746,365.643,12287.1,156.448,23.1957,0.267264,132.985,82.7991,23.1887,0.0718272,59.5385,239.247,0,0,0
1200,3,1,511,1,0,0,-1,-1,1362.07,23.1957,0.267264,1294.01,262184,-1,-1,-1,-1,-1,-1,-1,-1,-1,0,0,0
1200,3,1,512,0,0,0,-1,-1,1133.69,11.6078,0.693216,1075.81,258094,-1,-1,-1,-1,-1,-1,-1,-1,-1,0,0,0
1200,3,1,513,1,1,1,4342.38,18740.6,637.874,46.3844,0.783418,544.642,9063.87,154.728,23.1957,0.532858,131,142.411,23.1887,0.106906,119.115,297.139,0,0,0
1200,3,1,514,1,1,1,4323.92,18676.6,637.597,46.3844,0.482746,544.665,9006.03,147.427,23.1957,0.267264,123.964,155.809,23.1887,0.0718272,132.548,303.236,0,0,0
1200,3,1,515,1,1,1,4328.92,18787.5,611.966,46.3844,0.482746,518.959,9572.64,152.984,23.1957,0.267264,129.521,117.628,23.1887,0.0718272,94.3676,270.613,0,0,0
1200,3,1,516,1,1,1,4333.99,18753.5,632.667,46.3844,0.482746,539.72,9170.59,149.868,23.1957,0.267264,126.405,143.049,23.1887,0.0718272,119.788,292.916,0,0,0
1200,3,1,517,1,1,1,4366.22,18682.9,513.512,46.3844,0.482746,420.219,11218.8,82.1821,23.1957,0.267264,58.7192,151.93,23.1887,0.0718272,128.67,234.112,0,0,0
1200,3,1,518,1,1,1,4315.34,18719.3,409.735,46.3844,0.678182,315.945,13100,140.682,23.1957,0.462701,117.023,71.2321,23.1887,0.0718272,47.9716,211.914,0,0,0
1200,3,1,519,1,1,1,4321.42,18660.2,640.447,46.3844,0.517824,547.488,8938.69,152.548,23.1957,0.302342,129.05,156.707,23.1887,0.0718272,133.447,309.256,0,0,0
1200,3,1,520,1,1,1,4317.9,18700.6,548.667,46.3844,0.517824,455.441,10611.1,157.535,23.1957,0.302342,134.037,92.3085,23.1887,0.0718272,69.048,249.844,0,0,0
1200,3,1,521,1,1,1,4333.89,18660,571.769,46.3844,0.482746,478.646,10160,93.5127,23.1957,0.267264,70.0497,145.722,23.1887,0.0718272,122.461,239.234,0,0,0
1200,3,1,522,1,1,2,10494,24895.9,846.908,69.5741,0.519494,731.994,11902.7,151.252,23.1957,0.267264,127.789,355.94,46.3784,0.108576,309.453,507.192,1,0,0
1200,3,1,523,1,1,1,4399.89,18818,640.833,46.3844,0.908698,547.484,9088.69,150.423,23.1957,0.693216,126.535,149.012,23.1887,0.0718272,125.751,299.435,0,0,0
1200,3,1,524,1,1,1,4440.1,18807.1,641.779,46.3844,0.552902,548.789,9061.64,148.238,23.1957,0.267264,124.775,151.246,23.1887,0.141984,127.915,299.484,0,0,0
1200,3,1,525,1,1,1,4314.06,36720,1032.44,63.7961,1.941,922.262,20324.4,697.805,40.6075,1.72552,654.942,81.4888,23.1887,0.0718272,58.2283,779.294,0,0,0
1200,3,1,526,1,1,1,4365.7,18684.5,606.852,46.3844,0.482746,513.83,9560.6,117.307,23.1957,0.267264,93.8442,155.655,23.1887,0.0718272,132.395,272.962,0,0,0
1200,3,1,527,1,1,1,4323.24,18638.8,510.873,46.3844,0.6264,417.429,11221.2,83.653,23.1957,0.267264,60.1901,154.298,23.1887,0.0718272,131.038,237.951,0,0,0
1200,3,1,528,1,1,1,4353.55,18755.7,639.926,46.3844,0.482746,547.001,9043.65,151.288,23.1957,0.267264,127.825,147.402,23.1887,0.0718272,124.141,298.69,0,0,0
1200,3,1,529,1,1,1,4335.46,18744.2,643.667,46.3844,0.6264,550.608,8965.28,150.748,23.1957,0.267264,127.285,153.123,23.1887,0.0718272,129.863,303.871,0,0,0
1200,3,1,530,1,1,1,4317.26,18672,419.811,46.3844,0.517824,326.21,12873.9,143.79,23.1957,0.302342,120.292,74.2786,23.1887,0.0718272,51.0181,218.068,0,0,0
1200,3,1,531,1,1,1,4348.41,18693.2,641.506,46.3844,0.552902,548.515,8952.56,151.076,23.1957,0.302342,127.578,147.408,23.1887,0.106906,124.112,298.484,0,0,0
1200,3,1,532,1,1,1,4331.71,18714.9,644.603,46.3844,0.713261,551.46,8918.97,153.796,23.1957,0.497779,130.103,150.762,23.1887,0.0718272,127.502,304.559,0,0,0
1200,3,1,533,1,1,1,4336.01,18720.3,431.819,46.3844,0.748339,338.023,12707.9,149.08,23.1957,0.497779,125.387,76.7899,23.1887,0.106906,53.4943,225.87,0,0,0
1200,3,1,534,1,1,1,4447.53,18806.7,488.335,46.3844,1.13921,394.313,11788.4,88.5662,23.1957,0.888653,64.4819,154.014,23.1887,0.106906,130.718,242.58,0,0,0
1200,3,1,535,1,1,1,4323.66,18678.6,636.001,46.3844,0.482746,543.064,9036.38,149.987,23.1957,0.267264,126.524,146.4,23.1887,0.0718272,123.14,296.387,0,0,0
1200,3,1,536,1,1,1,4321.22,18684.5,642.063,46.3844,0.517824,549.109,8934.28,153.769,23.1957,0.302342,130.27,147.487,23.1887,0.0718272,124.226,301.255,0,0,0
1200,3,1,537,1,1,1,4345.29,18737.4,632.251,46.3844,0.482746,539.303,9161.89,149.045,23.1957,0.267264,125.582,143.197,23.1887,0.0718272,119.936,292.241,0,0,0
1200,3,1,538,1,1,1,4438.33,18934.2,649.782,46.3844,0.6264,556.741,9046.48,151.436,23.1957,0.267264,127.973,156.004,23.1887,0.0718272,132.743,307.439,0,0,0
1200,3,1,539,1,1,1,4416.05,18738.4,587.198,46.3844,0.6264,493.976,9963.62,104.349,23.1957,0.267264,80.8857,152.134,23.1887,0.0718272,128.874,256.483,0,0,0
1200,3,1,540,1,1,1,4318.28,18644.3,555.559,46.3844,0.482746,462.388,10432.5,150.299,23.1957,0.267264,126.836,95.8044,23.1887,0.0718272,72.5439,246.103,0,0,0
1200,3,1,541,1,1,1,4333.03,18659.1,451.267,46.3844,0.517824,357.758,12301.5,88.9744,23.1957,0.302342,65.4763,145.662,23.1887,0.0718272,122.402,234.636,0,0,0
1200,3,1,542,1,1,1,4337.87,18650.4,519.308,46.3844,0.482746,426.032,11083.2,81.3754,23.1957,0.267264,57.9124,152.038,23.1887,0.0718272,128.778,233.414,0,0,0
1200,3,1,543,1,1,1,4328.45,18650.4,618.47,46.3844,0.482746,525.482,9319.93,125.476,23.1957,0.267264,102.013,153.859,23.1887,0.0718272,130.599,279.335,0,0,0
1200,3,1,544,1,0,0,-1,-1,1166.35,23.1957,0.302342,1097.69,258401,-1,-1,-1,-1,-1,-1,-1,-1,-1,0,0,0
1200,3,1,545,1,1,1,4321.1,24652.1,450.009,52.1883,0.731635,350.638,18416.4,247.6,28.9996,0.516154,217.906,39.4044,23.1887,0.0718272,16.1439,287.004,0,0,0
1200,3,1,546,1,1,1,4340.36,18679.5,447.361,46.3844,0.482746,353.876,12391.7,90.495,23.1957,0.267264,67.0321,143.572,23.1887,0.0718272,120.312,234.067,0,0,0
1200,3,1,547,1,1,1,4336.65,24669.2,467.267,52.1883,0.731635,367.946,18126.6,256.232,28.9996,0.481075,226.598,43.9461,23.1887,0.106906,20.6505,300.178,0,0,0
1200,3,1,548,1,1,1,4319.3,18634.8,423.769,46.3844,0.482746,330.215,12766.4,91.2152,23.1957,0.267264,67.7522,134.66,23.1887,0.0718272,111.399,225.875,0,0,0
1200,3,1,549,1,1,1,4317.7,18653.2,358.758,46.3844,0.482746,265.015,13940.9,107.633,23.1957,0.267264,84.1705,56.3353,23.1887,0.0718272,33.0748,163.969,0,0,0
1200,3,1,550,1,1,1,4314.38,18829.4,476.009,46.3844,0.482746,382.607,12032.1,155.704,23.1957,0.267264,132.241,80.9943,23.1887,0.0718272,57.7337,236.699,0,0,0
1200,3,1,551,1,1,1,4326.63,24658.5,567.017,52.1883,0.731635,467.986,16342.1,307.295,28.9996,0.516154,277.775,62.856,23.1887,0.0718272,39.5955,370.151,0,0,0
1200,3,1,552,1,0,0,-1,-1,1391.82,23.1957,0.267264,1323.84,263495,-1,-1,-1,-1,-1,-1,-1,-1,-1,0,0,0
1200,3,1,553,1,1,1,4342.66,18687.8,637.812,46.3844,0.587981,544.775,9012.63,147.918,23.1957,0.267264,124.455,155.434,23.1887,0.177062,132.068,303.352,0,0,0
1200,3,1,554,1,1,2,10436.3,24750.4,781.686,69.5741,0.806803,666.296,12916.3,101.369,23.1957,0.267264,77.906,353.589,46.3784,0.395885,306.814,454.957,1,0,0
1200,3,1,555,1,0,0,-1,-1,1405.19,23.1957,0.372499,1337.15,264398,-1,-1,-1,-1,-1,-1,-1,-1,-1,0,0,0
1200,3,1,556,1,1,1,4327.88,18746.2,524.205,46.3844,0.658138,430.768,11090.7,159.62,23.1957,0.337421,136.087,85.1838,23.1887,0.177062,61.818,244.804,0,0,0
1200,3,1,557,1,1,1,4320.45,18777.4,623.539,46.3844,0.713261,530.335,9356.03,154.3,23.1957,0.497779,130.606,130.083,23.1887,0.0718272,106.823,284.383,0,0,0
1200,3,1,558,1,1,1,4377.41,18690.3,530.734,46.3844,0.587981,437.386,10919.2,80.0272,23.1957,0.267264,56.5642,149.541,23.1887,0.177062,126.175,229.568,0,0,0
1200,3,1,559,1,0,0,-1,-1,943.149,23.1957,0.567936,873.572,254765,-1,-1,-1,-1,-1,-1,-1,-1,-1,0,0,0
1200,3,1,560,1,1,1,4366.72,18784.9,617.933,46.3844,0.623059,524.803,9463.03,152.509,23.1957,0.372499,128.94,125.283,23.1887,0.106906,101.987,277.792,0,0,0
1200,3,1,561,1,1,1,4335.4,18749.7,636.172,46.3844,0.482746,543.236,9104.38,152.409,23.1957,0.267264,128.946,148.093,23.1887,0.0718272,124.833,300.502,0,0,0
1200,3,1,562,1,1,1,4350.85,18667.9,621.07,46.3844,0.770054,527.803,9290.37,125.218,23.1957,0.267264,101.755,152.298,23.1887,0.0718272,129.038,277.516,0,0,0
1200,3,1,563,1,1,1,4318.54,18761.1,592.161,46.3844,0.873619,498.706,9897.54,148.634,23.1957,0.658138,124.78,99.0495,23.1887,0.0718272,75.789,247.684,0,0,0
1200,3,1,564,1,1,1,4327.95,18680.3,638.045,46.3844,0.6264,544.97,9001.34,149.638,23.1957,0.267264,126.175,146.115,23.1887,0.0718272,122.855,295.753,0,0,0
1200,3,1,565,1,1,1,4348.71,18665.8,408.489,46.3844,0.770054,314.604,13068.4,83.2524,23.1957,0.267264,59.7894,130.478,23.1887,0.0718272,107.218,213.731,0,0,0
1200,3,1,566,1,1,1,4415,18765.3,482.905,46.3844,0.482746,389.523,11845.5,90.5329,23.1957,0.267264,67.07,154.742,23.1887,0.0718272,131.481,245.275,0,0,0
1200,3,1,567,1,1,2,10319.8,24635.8,699.86,69.5741,0.519494,584.519,14257.5,83.3661,23.1957,0.267264,59.9031,350.125,46.3784,0.108576,303.638,433.491,1,0,0
1200,3,1,568,1,1,1,4325.51,18789,486.45,46.3844,0.482746,393.078,11806.1,157.024,23.1957,0.267264,133.561,81.6909,23.1887,0.0718272,58.4304,238.714,0,0,0
1200,3,1,569,1,1,1,4350,18741.5,639.246,46.3844,0.482746,546.318,9041.58,150.97,23.1957,0.267264,127.507,146.841,23.1887,0.0718272,123.58,297.811,0,0,0
1200,3,1,570,1,0,0,-1,-1,606.37,23.1957,0.442656,535.939,249034,-1,-1,-1,-1,-1,-1,-1,-1,-1,0,0,0
1200,3,1,571,1,1,1,4321.19,18641.5,555.287,46.3844,0.482746,462.115,10434.6,149.99,23.1957,0.267264,126.527,95.9849,23.1887,0.0718272,72.7244,245.975,0,0,0
1200,3,1,572,1,1,1,4329.1,18682.3,367.415,46.3844,0.713261,273.467,13815.3,113.463,23.1957,0.462701,89.805,59.5703,23.1887,0.106906,36.2747,173.034,0,0,0
1200,3,1,573,1,1,1,4330.76,18675.2,638.735,46.3844,0.482746,545.806,8984.37,149.848,23.1957,0.267264,126.385,148.595,23.1887,0.0718272,125.334,298.443,0,0,0
1200,3,1,574,1,0,0,-1,-1,1205.65,23.1957,0.497779,1136.91,259111,-1,-1,-1,-1,-1,-1,-1,-1,-1,0,0,0
1200,3,1,575,1,1,2,10350.1,24760.4,833.107,69.5741,0.963821,717.709,12011.3,154.729,23.1957,0.658138,130.875,347.839,46.3784,0.162029,301.299,502.568,1,0,0
1200,3,1,576,1,1,2,4388.24,18711.6,548.398,69.5741,0.733306,432.403,11009.8,79.789,23.1957,0.267264,56.326,173.049,46.3784,0.322387,126.349,252.838,1,0,0
1200,3,1,577,1,1,1,4321.86,30729.2,793.168,57.9922,0.75001,689.132,18491.2,514.952,34.8035,0.534528,479.377,75.7892,23.1887,0.0718272,52.5287,590.741,0,0,0
1200,3,1,578,1,1,1,4328.06,18643.9,506.466,46.3844,0.6264,413.009,11304.7,83.1297,23.1957,0.267264,59.6667,152.538,23.1887,0.0718272,129.278,235.668,0,0,0
1200,3,1,579,1,1,1,4326.47,24740.7,826.163,52.1883,0.571277,728.045,11816.4,336.321,28.9996,0.355795,306.966,154.45,23.1887,0.0718272,131.189,490.771,0,0,0
1200,3,1,580,1,1,1,4350.76,18717.2,497.101,46.3844,0.517824,403.725,11544.7,87.3132,23.1957,0.267264,63.8502,150.094,23.1887,0.106906,126.798,237.407,0,0,0
1200,3,1,581,1,1,1,4353.22,18666.4,602.265,46.3844,0.770054,508.943,9623.3,114.744,23.1957,0.267264,91.2814,152.241,23.1887,0.0718272,128.98,266.985,0,0,0
1200,3,1,582,1,1,1,4327.69,18657.9,447.131,46.3844,0.770054,353.358,12373.3,91.1538,23.1957,0.267264,67.6908,143.105,23.1887,0.0718272,119.844,234.258,0,0,0
1200,3,1,583,1,1,1,4407.91,18896.4,649.66,46.3844,0.482746,556.763,9011.31,155.125,23.1957,0.267264,131.662,156.825,23.1887,0.0718272,133.564,311.95,0,0,0
1200,3,1,584,1,1,1,4317.22,18671.5,568.098,46.3844,0.482746,474.964,10236.7,148.115,23.1957,0.267264,124.652,97.0371,23.1887,0.0718272,73.7766,245.152,0,0,0
1200,3,1,585,1,1,1,4328.39,18880.6,499.468,46.3844,0.482746,406.134,11666.2,159.411,23.1957,0.267264,135.948,82.3009,23.1887,0.0718272,59.0404,241.712,0,0,0
1200,3,1,586,1,1,1,4335.41,18730,373.351,52.1883,0.606355,273.882,13857.4,119.182,28.9996,0.355795,89.8267,58.9891,23.1887,0.106906,35.6935,178.171,0,0,0
1200,3,1,587,1,1,1,4317.7,18636.4,443.163,46.3844,0.482746,349.666,12423.3,93.2149,23.1957,0.267264,69.7519,143.588,23.1887,0.0718272,120.328,236.803,0,0,0
1200,3,1,588,1,1,1,4370.72,18697.3,615.719,46.3844,0.678182,522.528,9415.25,121.787,23.1957,0.462701,98.1288,156.576,23.1887,0.0718272,133.315,278.363,0,0,0
1200,3,1,589,1,1,1,4319.3,18799.4,505.918,46.3844,0.517824,412.568,11470,157.494,23.1957,0.302342,133.996,83.4019,23.1887,0.0718272,60.1414,240.895,0,0,0
1200,3,1,590,1,1,2,10320.5,30647.4,841.32,75.3781,0.716602,720.548,17852.8,327.924,28.9996,0.320717,298.604,201.028,46.3784,0.25223,154.397,528.952,1,0,0
1200,3,1,591,1,1,1,4318.86,18660.6,490.05,46.3844,0.517824,396.654,11613.4,153.767,23.1957,0.302342,130.269,81.2523,23.1887,0.0718272,57.9918,235.019,0,0,0
1200,3,1,592,1,1,1,4406.49,18875.7,646.712,46.3844,0.482746,553.806,9042.99,154.302,23.1957,0.267264,130.839,154.533,23.1887,0.0718272,131.272,308.835,0,0,0
1200,3,1,593,1,1,2,10441,24754.2,781.976,69.5741,0.806803,666.587,12914.8,101.932,23.1957,0.267264,78.4691,353.141,46.3784,0.108576,306.654,455.073,1,0,0
1200,3,1,594,1,1,1,4348.91,18670,487.507,46.3844,0.517824,394.103,11668.1,86.3628,23.1957,0.302342,62.8648,151.02,23.1887,0.0718272,127.76,237.383,0,0,0
1200,3,1,595,1,0,0,-1,-1,852.159,23.1957,0.532858,782.352,253385,-1,-1,-1,-1,-1,-1,-1,-1,-1,0,0,0
1200,3,1,596,1,1,1,4330.69,18652.1,515.99,46.3844,0.482746,422.704,11143.9,81.296,23.1957,0.267264,57.833,151.275,23.1887,0.0718272,128.014,232.571,0,0,0
1200,3,1,597,1,1,1,4317.9,24652.8,667.926,52.1883,0.536198,569.384,14542.5,335.909,28.9996,0.320717,306.589,81.4509,23.1887,0.0718272,58.1904,417.36,0,0,0
1200,3,1,598,1,1,1,4318.63,24696.2,591.795,52.1883,0.606355,492.961,15939.2,323.854,28.9996,0.390874,294.464,69.1133,23.1887,0.0718272,45.8527,392.968,0,0,0
1200,3,1,599,1,1,1,4354.39,18829.4,603.366,46.3844,0.821837,509.995,9766.61,149.606,23.1957,0.462701,125.948,105.996,23.1887,0.0718272,82.7356,255.603,0,0,0
1200,3,1,600,1,1,1,4321.22,18642.8,427.797,46.3844,0.482746,334.254,12702.8,92.6572,23.1957,0.267264,69.1942,138.302,23.1887,0.0718272,115.042,230.959,0,0,0
1200,3,1,601,1,1,2,10344.3,24711.7,837.91,69.5741,1.23777,722.252,11876.6,151.259,23.1957,0.267264,127.796,353.964,46.3784,0.683194,306.903,505.223,1,0,0
1200,3,1,602,1,1,1,4375.79,18699.8,511.48,46.3844,0.661478,418.003,11271.2,81.8807,23.1957,0.267264,58.4178,154.346,23.1887,0.106906,131.05,236.226,0,0,0
1200,3,1,603,1,1,1,4352.57,18693.8,638.306,46.3844,0.661478,545.198,9009.92,149.128,23.1957,0.267264,125.665,147.48,23.1887,0.106906,124.185,296.608,0,0,0
1200,3,1,604,1,1,1,4318.54,18633,473.561,46.3844,0.482746,380.152,11879.3,89.6865,23.1957,0.267264,66.2235,152.683,23.1887,0.0718272,129.422,242.369,0,0,0
1200,3,1,605,1,1,1,4407.8,18734.8,557.02,46.3844,0.482746,463.853,10497,84.1151,23.1957,0.267264,60.6521,150.726,23.1887,0.0718272,127.466,234.841,0,0,0
1200,3,1,606,1,1,1,4376.83,18696.9,581.423,46.3844,0.6264,488.184,10024.8,101.587,23.1957,0.267264,78.1244,151.901,23.1887,0.0718272,128.641,253.489,0,0,0
1200,3,1,607,1,1,1,4355.44,18686,641.435,46.3844,0.517824,548.479,8946.9,153.077,23.1957,0.302342,129.579,154.114,23.1887,0.0718272,130.853,307.191,0,0,0
1200,3,1,608,1,1,1,4402.85,18737.5,639.757,46.3844,0.678182,546.636,9027.99,146.127,23.1957,0.462701,122.468,151.64,23.1887,0.0718272,128.379,297.766,0,0,0
1200,3,1,609,1,1,1,4362.68,18748.3,642.48,46.3844,0.517824,549.527,8990.66,153.585,23.1957,0.267264,130.122,156.219,23.1887,0.106906,132.924,309.805,0,0,0
1200,3,1,610,1,1,1,4319.33,18637.1,593.83,46.3844,0.482746,500.771,9744.76,108.538,23.1957,0.267264,85.0747,151.547,23.1887,0.0718272,128.287,260.085,0,0,0
1200,3,1,611,1,1,1,4393.35,18781.6,642.096,46.3844,0.913709,548.746,9029.82,150.651,23.1957,0.267264,127.188,150.125,23.1887,0.0718272,126.865,300.776,0,0,0
1200,3,1,612,1,1,1,4337.73,18726.6,524.006,46.3844,0.6264,430.6,11075.5,158.774,23.1957,0.267264,135.311,85.1868,23.1887,0.0718272,61.9263,243.961,0,0,0
1200,3,1,613,1,1,1,4320.43,18637.7,443.908,46.3844,0.482746,350.413,12411.2,92.7907,23.1957,0.267264,69.3278,144.673,23.1887,0.0718272,121.413,237.464,0,0,0
1200,3,1,614,1,1,1,4326.23,18641.4,604.669,46.3844,0.482746,511.641,9556.27,116.995,23.1957,0.267264,93.532,154.025,23.1887,0.0718272,130.765,271.02,0,0,0
1200,3,1,615,1,1,1,4330.62,18652.2,457.484,46.3844,0.482746,364.028,12184.4,89.9247,23.1957,0.267264,66.4618,148.163,23.1887,0.0718272,124.903,238.088,0,0,0
1200,3,1,616,1,1,1,4415.74,18770.8,646.283,46.3844,0.517824,553.341,8945.48,153.174,23.1957,0.267264,129.711,159.168,23.1887,0.106906,135.873,312.342,0,0,0
1200,3,1,617,1,1,1,4363.08,18828.6,591.587,46.3844,1.01393,497.989,9974.21,148.471,23.1957,0.693216,124.582,100.525,23.1887,0.177062,77.1588,248.995,0,0,0
1200,3,1,618,1,1,1,4322.5,18799.2,578.121,46.3844,0.517824,484.98,10185.9,151.279,23.1957,0.267264,127.816,97.4296,23.1887,0.106906,74.134,248.708,0,0,0
1200,3,1,619,1,1,2,10379.3,24715.2,827.183,69.5741,0.87696,711.855,12071.5,144.856,23.1957,0.267264,121.393,342.916,46.3784,0.178733,296.359,487.772,1,0,0
1200,3,1,620,1,1,1,4322.79,24663.1,572.049,52.1883,0.927072,472.838,16256.8,311.229,28.9996,0.71159,281.518,64.9189,23.1887,0.0718272,41.6584,376.148,0,0,0
1200,3,1,621,1,0,0,-1,-1,1402.04,23.1957,0.693216,1333.68,264180,-1,-1,-1,-1,-1,-1,-1,-1,-1,0,0,0
1200,3,1,622,1,1,2,10335.7,24654,683.079,69.5741,0.519494,567.689,14574,86.0426,23.1957,0.267264,62.5796,349.394,46.3784,0.108576,302.907,435.436,1,0,0
1200,3,1,623,1,1,1,4384.11,18731.8,638.082,46.3844,0.482746,545.151,9052.54,147.749,23.1957,0.267264,124.286,148.66,23.1887,0.0718272,125.399,296.409,0,0,0
1200,3,1,624,1,1,1,4335.7,36755.3,1076.4,63.7961,0.978854,967.319,19579.2,697.298,40.6075,0.763373,655.393,88.477,23.1887,0.0718272,65.2164,785.775,0,0,0
1200,3,1,625,1,1,1,4330.14,18689.7,642.84,46.3844,0.482746,549.923,8925.87,151.932,23.1957,0.267264,128.469,150.374,23.1887,0.0718272,127.114,302.307,0,0,0
1200,3,1,626,1,1,1,4331.85,18695.1,623.928,46.3844,0.482746,530.956,9267.58,130.015,23.1957,0.267264,106.552,152.313,23.1887,0.0718272,129.052,282.327,0,0,0
1200,3,1,627,1,1,1,4329.29,18646,507.544,46.3844,0.482746,414.234,11288,82.1659,23.1957,0.267264,58.7029,153.309,23.1887,0.0718272,130.048,235.475,0,0,0
1200,3,1,628,0,0,0,-1,-1,873.844,23.206,0.516154,804.107,253670,-1,-1,-1,-1,-1,-1,-1,-1,-1,0,0,0
1200,3,1,629,1,1,1,4328.66,18647.3,525.364,46.3844,0.482746,432.105,10972.4,81.3339,23.1957,0.267264,57.8709,149.936,23.1887,0.0718272,126.675,231.27,0,0,0
1200,3,1,630,1,1,1,4319.69,18771.4,536.595,46.3844,0.482746,443.369,10896.8,158.736,23.1957,0.267264,135.273,86.0802,23.1887,0.0718272,62.8197,244.817,0,0,0
1200,3,1,631,1,1,1,4401.68,18741.7,629.598,46.3844,0.644774,536.48,9212.73,139.134,23.1957,0.267264,115.671,151.199,23.1887,0.0902016,127.921,290.334,0,0,0
1200,3,1,632,1,1,1,4321.51,18652.8,446.342,46.3844,0.517824,352.819,12382.8,92.4613,23.1957,0.302342,68.9632,143.518,23.1887,0.0718272,120.257,235.979,0,0,0
1200,3,1,633,1,1,2,10417.1,24750.4,732.841,69.5741,0.554573,617.561,13785.3,80.9874,23.1957,0.267264,57.5244,351.474,46.3784,0.143654,304.952,432.461,1,0,0
1200,3,1,634,1,1,1,4327.93,18673.9,544.091,46.3844,0.678182,450.691,10665.6,155.681,23.1957,0.462701,132.023,90.9676,23.1887,0.0718272,67.7071,246.649,0,0,0
1200,3,1,635,1,1,1,4318.22,24731.6,666.68,52.1883,1.12251,567.548,14642.1,337.472,28.9996,0.907027,307.565,81.5213,23.1887,0.0718272,58.2607,418.993,0,0,0
1200,3,1,636,1,1,1,4355.21,18683.6,635.219,46.3844,0.696557,542.066,9054.36,145.019,23.1957,0.302342,121.521,148.247,23.1887,0.106906,124.952,293.266,0,0,0
1200,3,1,637,1,1,2,4416.81,18757.4,652.047,69.5741,0.698227,536.388,9222.81,142.165,23.1957,0.267264,118.702,171.323,46.3784,0.287309,124.658,313.488,1,0,0
1200,3,1,638,1,1,2,10386.4,24707.9,749.681,69.5741,0.519494,634.485,13443.6,81.1426,23.1957,0.267264,57.6796,351.828,46.3784,0.108576,305.341,432.971,1,0,0
1200,3,1,639,1,1,1,4331.62,18660.7,634.676,46.3844,0.6264,541.592,9041.67,143.793,23.1957,0.267264,120.33,147.958,23.1887,0.0718272,124.697,291.75,0,0,0
1200,3,1,640,1,1,1,4327.25,18649.9,464.628,46.3844,0.6264,371.049,12054.6,90.8127,23.1957,0.267264,67.3497,150.43,23.1887,0.0718272,127.17,241.243,0,0,0
1200,3,1,641,1,1,1,4318.22,18785.4,506.898,46.3952,0.50112,413.557,11438.8,157.535,23.2065,0.285638,134.042,83.6383,23.1887,0.0718272,60.3778,241.173,0,0,0
1200,3,1,642,1,1,1,4346.51,18662.3,536.664,46.3844,0.50112,443.42,10786.3,80.8231,23.1957,0.267264,57.3602,149.256,23.1887,0.0902016,125.977,230.079,0,0,0
1200,3,1,643,1,1,2,10337.4,24661.9,677.36,69.5741,0.519494,561.953,14683.7,89.7497,23.1957,0.267264,66.2867,352.35,46.3784,0.108576,305.863,442.1,1,0,0
1200,3,1,644,1,1,1,4318.25,18871.1,499.155,46.3844,0.482746,405.82,11662.3,159.357,23.1957,0.267264,135.894,82.4237,23.1887,0.0718272,59.1631,241.781,0,0,0
1200,3,1,645,1,1,1,4353.77,18669.9,629.636,46.3844,0.482746,536.681,9140.81,137.687,23.1957,0.267264,114.224,151.439,23.1887,0.0718272,128.179,289.126,0,0,0
1200,3,1,646,1,1,1,4326.25,24745.2,826.888,52.1991,1.31962,728.015,11806.1,334.811,29.0104,0.96048,304.84,155.498,23.1887,0.0718272,132.238,490.309,0,0,0
1200,3,1,647,1,1,3,16346.7,30723.2,990.137,92.7747,0.861926,852.734,15581.7,151.747,23.2065,0.285638,128.255,499.583,69.5682,0.145325,429.869,651.329,2,0,0
1200,3,1,648,1,1,1,4314.7,18647.2,363.964,46.3844,0.482746,270.236,13842.3,110.727,23.1957,0.267264,87.2639,57.3333,23.1887,0.0718272,34.0728,168.06,0,0,0
1200,3,1,649,1,1,1,4325.06,18645.9,500.72,46.3844,0.482746,407.39,11409.2,83.5159,23.1957,0.267264,60.0529,149.912,23.1887,0.0718272,126.652,233.428,0,0,0
1200,3,1,650,1,0,0,-1,-1,1120,23.1957,0.693216,1050.81,257600,-1,-1,-1,-1,-1,-1,-1,-1,-1,0,0,0
1200,3,1,651,1,1,1,4317.26,18745.8,487.35,46.3844,0.482746,393.981,11746.9,157.421,23.1957,0.267264,133.958,81.6386,23.1887,0.0718272,58.3781,239.059,0,0,0
1200,3,1,652,1,1,1,4336.56,18652,537.187,46.3844,0.482746,443.963,10766.9,80.4585,23.1957,0.267264,56.9956,149.127,23.1887,0.0718272,125.867,229.586,0,0,0
1200,3,1,653,1,1,1,4346.73,18684.6,439.601,46.3844,0.6264,345.949,12534.4,90.5167,23.1957,0.267264,67.0537,140.533,23.1887,0.0718272,117.272,231.049,0,0,0
1200,3,1,654,1,1,1,4351.66,18791.7,645.543,46.3844,0.748339,552.368,8978.89,153.943,23.1957,0.532858,130.215,150.412,23.1887,0.0718272,127.152,304.355,0,0,0
1200,3,1,655,1,0,0,-1,-1,993.905,23.1957,0.267264,924.776,255498,-1,-1,-1,-1,-1,-1,-1,-1,-1,0,0,0
1200,3,1,656,1,1,1,4323.61,18709.1,557.801,46.3844,0.482746,464.637,10457.4,150.887,23.1957,0.267264,127.424,97.1725,23.1887,0.0718272,73.912,248.06,0,0,0
1200,3,1,657,1,1,1,4342.21,24659.3,820.073,52.1883,0.731635,721.777,11843.1,331.657,28.9996,0.516154,302.142,152.528,23.1887,0.0718272,129.267,484.185,0,0,0
1200,3,1,658,1,1,1,4322.63,18954.3,481.612,46.3844,0.713261,387.996,12056.7,159.92,23.1957,0.497779,136.226,81.4635,23.1887,0.0718272,58.203,241.383,0,0,0
1200,3,1,659,1,1,1,4315.98,24677.5,586.695,52.1883,0.891994,487.561,16010.9,321.039,28.9996,0.676512,291.363,67.6423,23.1887,0.0718272,44.3818,388.682,0,0,0
1200,3,1,660,1,1,1,4318.54,18640.2,509.213,46.3844,0.482746,415.907,11252.6,156.002,23.1957,0.267264,132.539,82.3136,23.1887,0.0718272,59.0531,238.316,0,0,0
1200,3,1,661,1,1,1,4321.98,24658.9,823.02,52.1883,0.606355,724.858,11790.2,333.629,28.9996,0.390874,304.239,155.502,23.1887,0.0718272,132.241,489.131,0,0,0
1200,3,1,662,1,1,1,4385.59,18754.6,642.522,46.3844,0.587981,549.498,8995.72,153.483,23.1957,0.302342,129.985,153.708,23.1887,0.141984,130.377,307.191,0,0,0
1200,3,1,663,1,1,2,10425.9,24749.9,831.151,69.5741,0.519494,716.192,12037,143.237,23.1957,0.267264,119.774,346.827,46.3784,0.108576,300.34,490.064,1,0,0
1200,3,1,664,0,0,0,-1,-1,674.391,23.206,0.781747,603.808,250311,-1,-1,-1,-1,-1,-1,-1,-1,-1,0,0,0
1200,3,1,665,1,1,1,4320.35,18682.9,384.359,46.3844,0.517824,290.656,13515.1,123.995,23.1957,0.302342,100.497,62.8614,23.1887,0.0718272,39.6009,186.856,0,0,0
1200,3,1,666,1,1,1,4324.75,18706,408.704,46.3844,0.678182,314.911,13105.1,139.081,23.1957,0.462701,115.422,71.4072,23.1887,0.0718272,48.1466,210.488,0,0,0
1200,3,1,667,1,0,0,-1,-1,1123.24,23.2173,0.304013,1054.43,257660,-1,-1,-1,-1,-1,-1,-1,-1,-1,0,0,0
1200,3,1,668,1,1,2,10362.4,24679.1,725.298,69.5741,0.519494,610.031,13848.4,81.5089,23.1957,0.267264,58.046,350.941,46.3784,0.108576,304.454,432.449,1,0,0
1200,3,1,669,1,0,0,-1,-1,800.539,23.1957,0.267264,730.848,252420,-1,-1,-1,-1,-1,-1,-1,-1,-1,0,0,0
1200,3,1,670,1,1,1,4350.5,18664.8,469.437,46.3844,0.571277,375.927,11983.7,89.441,23.1957,0.267264,65.9781,153.197,23.1887,0.160358,129.848,242.638,0,0,0
1200,3,1,671,1,0,0,-1,-1,1477.41,23.1957,0.267264,1409.69,268398,-1,-1,-1,-1,-1,-1,-1,-1,-1,0,0,0
1200,3,1,672,1,1,1,4404.55,24774.8,792.872,52.1883,0.801792,694.427,12441.7,301.545,28.9996,0.516154,272.001,151.973,23.1887,0.141984,128.643,453.518,0,0,0
1200,3,1,673,1,1,1,4319.72,18649.9,442.103,46.3844,0.482746,348.603,12455.6,152.219,23.1957,0.267264,128.756,78.9223,23.1887,0.0718272,55.6618,231.142,0,0,0
1200,3,1,674,1,0,0,-1,-1,801.357,23.1957,0.567936,731.368,252427,-1,-1,-1,-1,-1,-1,-1,-1,-1,0,0,0
1200,3,1,675,1,0,0,-1,-1,1439.89,23.1957,0.407578,1371.92,266353,-1,-1,-1,-1,-1,-1,-1,-1,-1,0,0,0
1200,3,1,676,1,1,2,10349.8,24689.6,838.651,69.5849,0.537869,723.685,11843.2,150.774,23.2065,0.285638,127.282,349.161,46.3784,0.108576,302.674,499.935,1,0,0
1200,3,1,677,1,1,1,4324,24771.5,756.396,52.1991,0.785088,657.851,13087.3,330.465,29.0104,0.569606,300.885,97.1382,23.1887,0.0718272,73.8777,427.604,0,0,0
1200,3,1,678,1,1,1,4365.73,18743.9,624.893,46.3844,0.517824,531.889,9298.96,130.379,23.1957,0.267264,106.916,153.068,23.1887,0.106906,129.772,283.447,0,0,0
1200,3,1,679,1,0,0,-1,-1,800.903,23.1957,0.267264,731.213,252424,-1,-1,-1,-1,-1,-1,-1,-1,-1,0,0,0
1200,3,1,680,1,1,1,4336.23,18713.9,469.514,46.3844,0.482746,376.093,12032.2,90.838,23.1957,0.267264,67.375,153.598,23.1887,0.0718272,130.337,244.436,0,0,0
1200,3,1,681,1,1,1,4347.58,18675.5,547.274,46.3844,0.698227,453.864,10610,80.6145,23.1957,0.302342,57.1165,150.563,23.1887,0.108576,127.265,231.177,0,0,0
1200,3,1,682,1,1,1,4389.77,24707.9,703.647,52.1883,0.696557,605.048,13962.2,209.669,28.9996,0.481075,179.902,156.872,23.1887,0.0718272,133.611,366.541,0,0,0
1200,3,1,683,1,1,1,4317.06,18630.3,421.183,46.3844,0.482746,327.622,12807.9,88.7426,23.1957,0.267264,65.2796,133.377,23.1887,0.0718272,110.116,222.119,0,0,0
1200,3,1,684,1,1,1,4316.62,36674.1,774.448,63.7961,1.31962,664.143,24867.7,589.83,40.6075,1.10413,547.282,31.429,23.1887,0.0718272,8.16852,621.259,0,0,0
1200,3,1,685,1,1,1,4383,18742.8,635.048,46.3844,0.748339,541.842,9116.58,145.758,23.1957,0.532858,122.03,148.088,23.1887,0.0718272,124.827,293.846,0,0,0
1200,3,1,686,1,1,1,4346.55,18659.8,537.572,46.3844,0.482746,444.349,10767.8,80.935,23.1957,0.267264,57.4721,149.566,23.1887,0.0718272,126.305,230.501,0,0,0
1200,3,1,687,1,1,1,4316.3,18768.1,459.838,46.3844,0.552902,366.318,12257.9,156.031,23.1957,0.337421,132.498,83.2304,23.1887,0.0718272,59.9699,239.261,0,0,0
1200,3,1,688,1,1,1,4329.1,18665.2,396.21,46.3844,0.517824,302.54,13286.7,130.795,23.1957,0.302342,107.297,66.9421,23.1887,0.0718272,43.6816,197.737,0,0,0
1200,3,1,689,1,1,1,4327.55,18662.5,637.446,46.3844,0.482746,544.514,8994.56,145.772,23.1957,0.267264,122.309,155.94,23.1887,0.0718272,132.68,301.713,0,0,0
1200,3,1,690,1,1,1,4324.31,18693.8,557.159,46.3844,1.01727,463.458,10452.2,150.672,23.1957,0.658138,126.818,96.4578,23.1887,0.0718272,73.1973,247.129,0,0,0
1200,3,1,691,1,1,1,4364.2,18974.9,508.098,52.1883,1.28287,408.345,11705,167.504,28.9996,1.06739,137.437,83.826,23.1887,0.0718272,60.5655,251.33,0,0,0
1200,3,1,692,1,1,1,4346.89,18894,505.304,52.1883,0.536198,406.289,11675.4,165.191,28.9996,0.320717,135.871,83.1221,23.1887,0.0718272,59.8616,248.313,0,0,0
1200,3,1,693,1,1,1,4344.49,18758,644.445,46.3844,0.482746,551.532,8965.65,155.365,23.1957,0.267264,131.902,147.38,23.1887,0.0718272,124.12,302.745,0,0,0
1200,3,1,694,0,0,0,-1,-1,415.815,23.206,0.621389,344.641,246156,-1,-1,-1,-1,-1,-1,-1,-1,-1,0,0,0
1200,3,1,695,1,1,1,4317.58,18767.6,581.422,46.3844,0.482746,488.327,10095.9,151.015,23.1957,0.267264,127.552,97.0859,23.1887,0.0718272,73.8253,248.101,0,0,0
1200,3,1,696,1,1,1,4324.95,18650.5,616.183,46.3844,0.482746,523.188,9360.71,150.918,23.1957,0.267264,127.455,125.914,23.1887,0.0718272,102.653,276.832,0,0,0
1200,3,1,697,0,0,0,-1,-1,715.592,23.206,0.516154,645.395,250970,-1,-1,-1,-1,-1,-1,-1,-1,-1,0,0,0
1200,3,1,698,1,1,2,10333.2,24706.2,812.848,69.5741,0.806803,697.548,12318,154.793,23.1957,0.267264,131.33,325.513,46.3784,0.395885,278.739,480.306,1,0,0
1200,3,1,699,1,1,1,4432.11,18832.3,489.03,46.3844,0.713261,395.435,11802.8,89.9892,23.1957,0.497779,66.2957,153.957,23.1887,0.0718272,130.696,243.946,0,0,0
1200,3,1,700,1,1,1,4314.35,24771.8,809.005,52.1883,0.536198,710.873,12152.9,337.716,28.9996,0.320717,308.395,131.29,23.1887,0.0718272,108.03,469.006,0,0,0
1200,3,1,701,1,1,1,4320.33,18731.8,637.67,46.3844,0.517824,544.703,9059.69,150.478,23.1957,0.267264,127.015,147.191,23.1887,0.106906,123.896,297.669,0,0,0
1200,3,1,702,1,1,1,4320.2,24694.2,715.32,52.1883,1.08743,616.364,13740,332.333,28.9996,0.871949,302.461,88.587,23.1887,0.0718272,65.3265,420.92,0,0,0
1200,3,1,703,1,1,1,4338.34,36732.1,1129.1,63.7961,1.10413,1020.04,18618.9,695.876,40.6075,0.888653,653.847,99.035,23.1887,0.0718272,75.7745,794.911,0,0,0
1200,3,1,704,1,1,1,4329.81,18725.5,523.98,46.3844,0.482746,430.717,11075.3,159.021,23.1957,0.267264,135.559,85.4846,23.1887,0.0718272,62.2241,244.506,0,0,0
1200,3,1,705,1,1,1,4356.61,18681,521.611,46.3844,0.6264,428.198,11072.5,80.4098,23.1957,0.267264,56.9469,151.071,23.1887,0.0718272,127.811,231.481,0,0,0
1200,3,1,706,1,1,1,4356.44,18697.8,591.464,46.3844,0.517824,498.363,9847.26,106.184,23.1957,0.267264,82.7212,152.279,23.1887,0.106906,128.984,258.463,0,0,0
1200,3,1,707,1,1,1,4409.19,18730.7,554.605,46.3844,0.50112,461.413,10535.6,82.8355,23.1957,0.267264,59.3725,151.459,23.1887,0.0902016,128.181,234.295,0,0,0
1200,3,1,708,1,0,0,-1,-1,1094.96,23.1957,0.337421,1026.05,257238,-1,-1,-1,-1,-1,-1,-1,-1,-1,0,0,0
1200,3,1,709,1,1,2,10410.3,24810.2,841.838,69.5741,0.519494,726.91,11907.2,152.633,23.1957,0.267264,129.17,350.592,46.3784,0.108576,304.105,503.225,1,0,0
1200,3,1,710,1,1,1,4322.5,18754.3,456.617,46.3844,0.482746,363.158,12301.9,155.367,23.1957,0.267264,131.904,82.2089,23.1887,0.0718272,58.9484,237.576,0,0,0
1200,3,1,711,1,1,1,4336.01,18691.4,636.297,46.3844,0.6264,543.218,9043.48,151.551,23.1957,0.267264,128.088,144.339,23.1887,0.0718272,121.079,295.891,0,0,0
1200,3,1,712,1,1,1,4319.94,18660.9,525.824,46.3844,0.482746,432.567,10977.8,81.4476,23.1957,0.267264,57.9846,149.775,23.1887,0.0718272,126.515,231.223,0,0,0
1200,3,1,713,1,1,2,10373.6,24689,680.756,69.5741,0.554573,565.325,14650.1,90.5708,23.1957,0.267264,67.1079,353.334,46.3784,0.143654,306.812,443.905,1,0,0
1200,3,1,714,1,1,1,4363.51,18690.6,626.412,46.3844,0.517824,533.412,9218.68,133.914,23.1957,0.302342,110.416,150.99,23.1887,0.0718272,127.729,284.904,0,0,0
1200,3,1,715,1,1,1,4319.82,24646.4,432.401,52.1883,0.571277,333.139,18724,237.392,28.9996,0.355795,207.83,35.7912,23.1887,0.0718272,12.5307,273.183,0,0,0
1200,3,1,716,1,1,1,4318.6,18653.6,410.722,46.3952,0.50112,317.102,13017.2,85.4365,23.2065,0.285638,61.9443,129.579,23.1887,0.0718272,106.319,215.016,0,0,0
1200,3,1,717,1,1,1,4362.3,18685.8,559.552,46.3844,0.482746,466.393,10403,86.131,23.1957,0.267264,62.6681,148.985,23.1887,0.0718272,125.724,235.116,0,0,0
1200,3,1,718,1,1,1,4389.81,18716.5,556.04,46.3844,0.587981,462.765,10495.4,83.8451,23.1957,0.302342,60.3471,150.248,23.1887,0.141984,126.917,234.093,0,0,0
1200,3,1,719,1,1,1,4418.44,18780.7,646.598,46.3844,0.678182,553.496,8949.56,153.494,23.1957,0.462701,129.836,159.027,23.1887,0.0718272,135.766,312.52,0,0,0
1200,3,1,720,1,1,1,4360.79,18701.8,594.844,46.3844,0.517824,501.752,9791.22,143.367,23.1957,0.302342,119.869,101.959,23.1887,0.0718272,78.6983,245.326,0,0,0
1200,3,1,721,1,1,1,4341.8,18770.8,642.874,46.3844,0.50112,549.939,9006.11,151.698,23.1957,0.267264,128.235,150.974,23.1887,0.0902016,127.695,302.672,0,0,0
1200,3,1,722,1,1,1,4328.34,18655.7,600.471,46.3844,0.678182,507.235,9644.78,115.129,23.1957,0.462701,91.4709,152.177,23.1887,0.0718272,128.917,267.307,0,0,0
1200,3,1,723,1,1,2,4368.5,24739.1,725.959,75.3781,1.09077,604.478,13964.1,336.407,28.9996,0.481075,306.926,108.855,46.3784,0.322387,62.1537,445.261,1,0,0
1200,3,1,724,1,0,0,-1,-1,1552.45,23.1957,0.302342,1484.91,271737,-1,-1,-1,-1,-1,-1,-1,-1,-1,0,0,0
1200,3,1,725,1,1,1,4329.1,18678.6,582.525,46.3844,0.482746,489.433,9987.26,145.069,23.1957,0.267264,121.606,99.0441,23.1887,0.0718272,75.7836,244.113,0,0,0
1200,3,1,726,1,0,0,-1,-1,1556.94,23.1957,0.267264,1489.45,271879,-1,-1,-1,-1,-1,-1,-1,-1,-1,0,0,0
1200,3,1,727,1,1,1,4436.21,18758.4,641.305,46.3844,0.482746,548.383,9021.89,149.741,23.1957,0.267264,126.278,157.89,23.1887,0.0718272,134.629,307.631,0,0,0
1200,3,1,728,0,0,0,-1,-1,1051.05,29.0099,0.96048,975.74,256423,-1,-1,-1,-1,-1,-1,-1,-1,-1,0,0,0
1200,3,1,729,1,1,1,4323.59,18641.3,447.864,46.3844,0.482746,354.38,12344.6,89.5403,23.1957,0.267264,66.0773,143.929,23.1887,0.0718272,120.669,233.47,0,0,0
1200,3,1,730,1,0,0,-1,-1,799.196,23.1957,0.372499,729.395,252393,-1,-1,-1,-1,-1,-1,-1,-1,-1,0,0,0
1200,3,1,731,1,1,1,4325.13,18768.1,454.413,46.3844,0.50112,360.929,12354.7,155.446,23.1957,0.267264,131.983,82.6225,23.1887,0.0902016,59.3436,238.069,0,0,0
1200,3,1,732,1,1,1,4369.61,24734,824.824,52.1883,1.44156,725.833,11830.7,336.348,28.9996,1.01226,306.336,156.621,23.1887,0.141984,133.29,492.968,0,0,0
1200,3,1,733,1,1,2,10374.9,24740.4,841.142,69.5741,0.950458,725.78,11848.6,151.835,23.1957,0.267264,128.372,356.801,46.3784,0.395885,310.027,508.636,1,0,0
1200,3,1,734,1,1,1,4329.26,18671.5,642.397,46.3844,0.856915,549.105,8914.44,151.026,23.1957,0.497779,127.332,150.975,23.1887,0.0718272,127.715,302.001,0,0,0
1200,3,1,735,1,1,1,4322.64,18718.2,409.429,46.3844,0.517824,315.798,13104.6,140.261,23.1957,0.302342,116.763,71.1112,23.1887,0.0718272,47.8507,211.373,0,0,0
1200,3,1,736,1,1,1,4375.47,18733.6,471.884,46.3844,0.552902,378.4,12009.2,89.2766,23.1957,0.337421,65.7434,153.982,23.1887,0.0718272,130.722,243.259,0,0,0
1200,3,1,737,1,0,0,-1,-1,1513.56,23.1957,0.302342,1445.9,269944,-1,-1,-1,-1,-1,-1,-1,-1,-1,0,0,0
1200,3,1,738,1,1,2,10320.5,24807.3,756.721,69.5741,0.945446,641.119,13416.6,151.571,23.1957,0.693216,127.682,266.373,46.3784,0.108576,219.886,417.944,1,0,0
1200,3,1,739,1,1,1,4317.58,18670.6,634.02,46.3844,0.482746,541.077,9063.59,150.922,23.1957,0.267264,127.459,143.796,23.1887,0.0718272,120.535,294.717,0,0,0
1200,3,1,740,1,1,1,4318.54,24636,397.377,52.1883,0.696557,297.888,19336.4,215.294,28.9996,0.481075,185.544,30.431,23.1887,0.0718272,7.17047,245.725,0,0,0
1200,3,1,741,1,1,1,4344.06,18672.8,432.364,46.3844,0.678182,338.64,12651.2,93.0331,23.1957,0.462701,69.3747,138.448,23.1887,0.0718272,115.188,231.481,0,0,0
1200,3,1,742,1,1,1,4313.74,18666.6,569.214,46.3844,0.482746,476.083,10212,147.819,23.1957,0.267264,124.356,96.9794,23.1887,0.0718272,73.7189,244.798,0,0,0
1200,3,1,743,1,1,1,4319.62,30674.3,762.262,52.2099,1.31962,663.19,18884.8,495.149,29.0212,1.10413,464.579,69.4724,23.1887,0.0718272,46.2119,564.622,0,0,0
1200,3,1,744,1,1,1,4323.14,18669.9,498.692,46.3844,0.482746,405.356,11469.3,83.866,23.1957,0.267264,60.403,149.405,23.1887,0.0718272,126.145,233.271,0,0,0
1200,3,1,745,1,1,1,4375.19,18749,637.287,46.3844,0.6264,544.21,9083.55,152.465,23.1957,0.267264,129.002,144.419,23.1887,0.0718272,121.158,296.883,0,0,0
1200,3,1,746,1,1,1,4424.69,18765.4,629.825,46.3844,0.50112,536.852,9232.79,139.494,23.1957,0.267264,116.031,151.037,23.1887,0.0902016,127.758,290.531,0,0,0
1200,3,1,747,1,1,1,4345.41,18664.5,559.401,46.3844,0.482746,466.241,10384.4,86.4758,23.1957,0.267264,63.0128,148.633,23.1887,0.0718272,125.372,235.108,0,0,0
1200,3,1,748,1,1,1,4320.07,18641.9,637.091,46.3844,0.517824,544.122,8980.09,147.173,23.1957,0.267264,123.71,154.782,23.1887,0.106906,131.487,301.955,0,0,0
1200,3,1,749,1,1,1,4341.37,18659.9,642.054,46.3844,0.517824,549.1,8909.8,152.699,23.1957,0.267264,129.236,148.756,23.1887,0.106906,125.461,301.456,0,0,0
1200,3,1,750,1,1,1,4407.06,18882.1,650.175,46.3844,0.678182,557.084,8987.4,155.062,23.1957,0.462701,131.404,157.767,23.1887,0.0718272,134.506,312.829,0,0,0
1200,3,1,751,1,1,1,4328.28,18778.2,590.344,46.3844,0.482746,497.275,9947.82,147.927,23.1957,0.267264,124.464,99.414,23.1887,0.0718272,76.1535,247.341,0,0,0
1200,3,1,752,1,1,1,4328.81,18674.4,382.994,46.3844,0.6264,289.178,13530.7,122.491,23.1957,0.267264,99.0276,62.3326,23.1887,0.0718272,39.0721,184.823,0,0,0
1200,3,1,753,1,1,1,4440.59,18772.8,646.459,46.3844,0.517824,553.518,8944.38,152.862,23.1957,0.302342,129.364,159.66,23.1887,0.0718272,136.4,312.523,0,0,0
1200,3,1,754,0,0,0,-1,-1,1245.97,23.206,0.355795,1177.47,259620,-1,-1,-1,-1,-1,-1,-1,-1,-1,0,0,0
1200,3,1,755,1,1,1,4316.62,18700.9,445.043,46.3844,0.517824,351.515,12454.1,153.371,23.1957,0.302342,129.873,79.4512,23.1887,0.0718272,56.1906,232.823,0,0,0
1200,3,1,756,0,0,0,-1,-1,1334.42,23.206,0.58631,1265.95,261548,-1,-1,-1,-1,-1,-1,-1,-1,-1,0,0,0
1200,3,1,757,1,0,0,-1,-1,1432.37,23.1957,0.267264,1364.52,265940,-1,-1,-1,-1,-1,-1,-1,-1,-1,0,0,0
1200,3,1,758,0,0,0,-1,-1,1006.29,23.206,0.516154,936.938,255685,-1,-1,-1,-1,-1,-1,-1,-1,-1,0,0,0
1200,3,1,759,1,1,1,4315.98,24658.3,531.249,52.1883,0.536198,432.309,16978.4,287.19,28.9996,0.320717,257.805,54.3482,23.1887,0.0718272,31.0877,341.538,0,0,0
1200,3,1,760,1,1,1,4411.41,24725,663.434,52.1883,0.536198,564.879,14694.6,185.947,28.9996,0.320717,156.272,150.598,23.1887,0.0718272,127.338,336.545,0,0,0
1200,3,1,761,1,1,1,4319.5,18649.4,442.197,46.3844,0.482746,348.696,12453.4,152.602,23.1957,0.267264,129.139,79.101,23.1887,0.0718272,55.8405,231.703,0,0,0
1200,3,1,762,1,1,1,4365.63,18680.4,628.227,46.3844,0.482746,535.268,9176.4,148.267,23.1957,0.267264,124.804,137.701,23.1887,0.0718272,114.441,285.968,0,0,0
1200,3,1,763,1,1,1,4317.58,18678.1,393.784,46.3844,0.517824,300.108,13342.7,129.73,23.1957,0.302342,106.232,65.3539,23.1887,0.0718272,42.0934,195.084,0,0,0
1200,3,1,764,1,1,1,4314.7,18679.6,614.145,46.3844,0.482746,521.145,9425.99,150.757,23.1957,0.267264,127.294,122.378,23.1887,0.0718272,99.1178,273.136,0,0,0
1200,3,1,765,1,1,1,4379.13,18799.7,641.076,46.3844,0.482746,548.154,9067.23,151.912,23.1957,0.267264,128.449,148.106,23.1887,0.0718272,124.845,300.018,0,0,0
1200,3,1,766,1,1,1,4353.38,18682,633.164,46.3844,0.517824,540.184,9090.02,150.324,23.1957,0.267264,126.861,147.246,23.1887,0.106906,123.95,297.57,0,0,0
1200,3,1,767,1,1,1,4329.04,18656.3,621.041,46.3844,0.552902,527.991,9279.57,127.019,23.1957,0.337421,103.485,152.134,23.1887,0.0718272,128.874,279.153,0,0,0
1200,3,1,768,1,1,1,4316.94,18659.6,363.897,46.3844,0.517824,270.133,13855.7,110.464,23.1957,0.302342,86.9661,57.0969,23.1887,0.0718272,33.8364,167.561,0,0,0
1200,3,1,769,1,1,1,4330.82,18650,395.608,46.3844,0.482746,301.972,13282.5,130.074,23.1957,0.267264,106.611,66.9367,23.1887,0.0718272,43.6762,197.011,0,0,0
1200,3,1,770,1,1,1,4319.18,24719.9,684.573,52.1883,1.12251,585.493,14312.2,335.678,28.9996,0.907027,305.771,83.1654,23.1887,0.0718272,59.9049,418.843,0,0,0
1200,3,1,771,1,1,1,4345.43,18747.6,462.513,46.3844,0.644774,368.91,12194.9,155.414,23.1957,0.267264,131.951,83.9924,23.1887,0.0902016,60.7135,239.406,0,0,0
1200,3,1,772,1,1,1,4317.8,24630.7,508.132,52.1883,0.731635,408.93,17361.4,277.425,28.9996,0.516154,247.821,51.2728,23.1887,0.0718272,28.0123,328.697,0,0,0
1200,3,1,773,1,1,1,4320.97,24756.1,773.131,52.1883,0.927072,674.504,12774.1,330.14,28.9996,0.71159,300.429,98.6253,23.1887,0.0718272,75.3648,428.765,0,0,0
1200,3,1,774,1,1,1,4327.85,18687.8,411.87,46.3844,0.891994,317.872,13029.7,85.3264,23.1957,0.532858,61.5978,130.226,23.1887,0.0718272,106.965,215.552,0,0,0
1200,3,1,775,1,1,1,4319.56,18877.4,501.14,46.3844,0.482746,407.811,11633.3,159.994,23.1957,0.267264,136.531,82.6601,23.1887,0.0718272,59.3996,242.654,0,0,0
1200,3,1,776,1,1,1,4330.72,24677.3,800.114,52.1883,0.731635,701.76,12216,318.233,28.9996,0.516154,288.717,147.073,23.1887,0.0718272,123.813,465.307,0,0,0
1200,3,1,777,1,1,1,4319.3,18705.1,553.453,46.3844,0.482746,460.276,10530.7,155.083,23.1957,0.267264,131.62,93.7325,23.1887,0.0718272,70.472,248.816,0,0,0
1200,3,1,778,1,1,1,4452.83,18810.7,637.488,46.3844,0.748339,544.29,9141.12,153.197,23.1957,0.497779,129.503,148.435,23.1887,0.106906,125.139,301.632,0,0,0
1200,3,1,779,1,0,0,-1,-1,1241.13,23.1957,0.888653,1172.1,259556,-1,-1,-1,-1,-1,-1,-1,-1,-1,0,0,0
1200,3,1,780,1,1,1,4318.22,18663,403.488,46.3844,0.482746,309.875,13155.3,134.664,23.1957,0.267264,111.201,69.5861,23.1887,0.0718272,46.3256,204.25,0,0,0
1200,3,1,781,1,1,1,4390.64,18713.2,559.541,46.3844,0.731635,466.133,10429.5,85.4362,23.1957,0.267264,61.9732,149.469,23.1887,0.177062,126.103,234.905,0,0,0
1200,3,1,782,1,1,1,4340.27,18655.8,474.136,46.3844,0.517824,380.694,11891.6,90.1485,23.1957,0.267264,66.6856,151.299,23.1887,0.106906,128.004,241.448,0,0,0
1200,3,1,783,1,1,1,4331.45,18747.4,639.598,46.3844,1.05235,546.102,9039.65,150.893,23.1957,0.693216,127.004,154.367,23.1887,0.0718272,131.106,305.259,0,0,0
1200,3,1,784,1,1,2,10342.2,24666.3,801.55,69.5741,0.698227,686.326,12479.1,117.422,23.1957,0.302342,93.9236,351.691,46.3784,0.25223,305.06,469.112,1,0,0
1200,3,1,785,1,1,1,4326.79,18693.7,373.631,46.3844,0.482746,279.932,13716.9,115.946,23.1957,0.267264,92.4834,61.1433,23.1887,0.0718272,37.8828,177.09,0,0,0
1200,3,1,786,1,1,1,4359.09,18699.6,470.836,46.3844,0.678182,377.223,11993.9,89.0553,23.1957,0.462701,65.3969,153.423,23.1887,0.0718272,130.162,242.478,0,0,0
1200,3,1,787,1,1,1,4399.38,18791.9,646.224,46.3844,0.517824,553.281,8967.66,154.298,23.1957,0.267264,130.835,152.263,23.1887,0.106906,128.967,306.561,0,0,0
1200,3,1,788,1,1,1,4325.9,18638.5,446.421,46.3844,0.517824,352.898,12367.1,89.8237,23.1957,0.267264,66.3607,143.261,23.1887,0.106906,119.965,233.084,0,0,0
1200,3,1,789,1,1,1,4324.23,18654.1,488.291,46.3844,0.482746,394.925,11638.5,155.262,23.1957,0.267264,131.799,81.588,23.1887,0.0718272,58.3275,236.85,0,0,0
1200,3,1,790,1,1,1,4331.55,18816.6,634.023,46.3844,0.482746,541.081,9209.55,150.793,23.1957,0.267264,127.33,143.139,23.1887,0.0718272,119.878,293.932,0,0,0
1200,3,1,791,1,1,1,4319.62,18649.3,556.029,46.3844,0.678182,462.664,10428.6,148.975,23.1957,0.462701,125.316,96.7339,23.1887,0.0718272,73.4734,245.709,0,0,0
1200,3,1,792,1,1,1,4340.46,18655,592.781,46.3844,0.482746,499.718,9781.26,106.946,23.1957,0.267264,83.4828,151.434,23.1887,0.0718272,128.173,258.38,0,0,0
1200,3,1,793,1,1,1,4390.73,18750.3,642.786,46.3844,0.482746,549.868,8987.41,150.043,23.1957,0.267264,126.58,149.772,23.1887,0.0718272,126.511,299.814,0,0,0
1200,3,1,794,1,1,1,4317.9,30721,824.442,57.9922,0.945446,720.301,17926.4,516.451,34.8035,0.729965,480.685,83.9938,23.1887,0.0718272,60.7333,600.445,0,0,0
1200,3,1,795,0,0,0,-1,-1,946.623,23.206,0.907027,876.707,254801,-1,-1,-1,-1,-1,-1,-1,-1,-1,0,0,0
1200,3,1,796,1,1,1,4343.62,18658.6,444.576,46.3844,0.482746,351.082,12420.3,92.3269,23.1957,0.267264,68.8639,144.884,23.1887,0.0718272,121.624,237.211,0,0,0
1200,3,1,797,1,1,1,4353.14,18671.4,522.449,46.3844,0.517824,429.147,11048.1,80.2943,23.1957,0.267264,56.8313,151.029,23.1887,0.106906,127.733,231.323,0,0,0
1200,3,1,798,1,1,1,4336.68,18675.2,595.195,46.3844,0.6264,501.996,9758.15,109.056,23.1957,0.267264,85.5926,152.13,23.1887,0.0718272,128.87,261.186,0,0,0
1200,3,1,799,1,0,0,-1,-1,1295.63,28.9996,0.355795,1221.65,260521,-1,-1,-1,-1,-1,-1,-1,-1,-1,0,0,0
1200,3,1,800,1,1,2,10492.3,24812.9,823.208,69.5741,0.733306,708.012,12240.3,134.034,23.1957,0.267264,110.571,349.068,46.3784,0.322387,302.367,483.102,1,0,0
1200,3,1,801,1,1,1,4326.35,18721.8,644.515,46.3844,0.661478,551.424,8927.51,153.32,23.1957,0.267264,129.857,148.233,23.1887,0.106906,124.937,301.553,0,0,0
1200,3,1,802,1,1,2,4404.44,24870.5,850.927,75.3781,1.19601,729.704,11875.5,333.124,28.9996,0.676512,303.448,177.747,46.3784,0.37584,130.992,510.871,1,0,0
1200,3,1,803,1,1,1,4332.47,24697.1,683.093,52.1883,0.910368,584.221,14315.9,333.796,28.9996,0.516154,304.28,83.5561,23.1887,0.106906,60.2605,417.352,0,0,0
1200,3,1,804,1,1,1,4319.86,18632.1,623.674,46.3844,0.482746,530.701,9209.08,132.251,23.1957,0.267264,108.788,149.665,23.1887,0.0718272,126.405,281.916,0,0,0
1200,3,1,805,1,1,1,4322.65,24657.7,487.62,52.1883,0.696557,388.393,17753.4,267.818,28.9996,0.481075,238.217,48.34,23.1887,0.0718272,25.0795,316.158,0,0,0
1200,3,1,806,1,1,1,4399.8,18848.6,646.941,46.3844,0.482746,554.036,9011.89,150.219,23.1957,0.267264,126.757,155.074,23.1887,0.0718272,131.814,305.294,0,0,0
1200,3,1,807,1,1,1,4319.55,18644,539.144,46.3844,0.517824,445.89,10723.9,79.6446,23.1957,0.267264,56.1816,147.91,23.1887,0.106906,124.614,227.554,0,0,0
1200,3,1,808,1,1,2,10325.5,24646,734.879,69.5741,0.519494,619.64,13644.9,80.8015,23.1957,0.267264,57.3385,350.513,46.3784,0.108576,304.026,431.314,1,0,0
1200,3,1,809,1,1,1,4324.1,18652,639.599,46.3844,0.482746,546.672,8945.79,152.082,23.1957,0.267264,128.619,155.061,23.1887,0.0718272,131.801,307.143,0,0,0
1200,3,1,810,1,1,1,4356.39,18685.1,427.378,46.3844,0.6264,333.691,12752.2,92.4641,23.1957,0.267264,69.0011,137.849,23.1887,0.0718272,114.589,230.313,0,0,0
1200,3,1,811,1,1,2,10332.4,24787.2,843.508,69.5741,0.75001,728.354,11853.8,153.809,23.1957,0.497779,130.115,351.078,46.3784,0.108576,304.591,504.886,1,0,0
1200,3,1,812,1,1,2,10347,24700.2,805.572,69.5741,0.714931,690.343,12441.6,152.994,23.1957,0.462701,129.336,317.839,46.3784,0.108576,271.352,470.833,1,0,0
1200,3,1,813,1,1,1,4362.67,18744.5,639.594,46.3844,0.713261,546.437,9037.69,147.506,23.1957,0.462701,123.847,150.029,23.1887,0.106906,126.733,297.534,0,0,0
1200,3,1,814,1,0,0,-1,-1,839.658,23.1957,0.267264,770.081,253083,-1,-1,-1,-1,-1,-1,-1,-1,-1,0,0,0
1200,3,1,815,1,1,1,4332.48,18655.3,506.581,46.3844,0.6264,413.124,11314,83.5556,23.1957,0.267264,60.0926,152.349,23.1887,0.0718272,129.088,235.904,0,0,0
1200,3,1,816,1,1,1,4315.66,18660.9,468.789,46.3844,0.482746,375.366,11992,153.517,23.1957,0.267264,130.054,82.8767,23.1887,0.0718272,59.6162,236.394,0,0,0
1200,3,1,817,1,1,1,4446.03,18963.8,649.951,46.3844,0.482746,557.055,9073.5,152.882,23.1957,0.267264,129.419,155.471,23.1887,0.0718272,132.211,308.353,0,0,0
1200,3,1,818,1,1,1,4320.24,18711.5,429.646,46.3844,0.873619,335.718,12737.7,148.152,23.1957,0.658138,124.298,75.847,23.1887,0.0718272,52.5865,223.999,0,0,0
1200,3,1,819,1,1,1,4364.82,18713.4,627.7,46.3844,0.482746,534.739,9218.74,141.917,23.1957,0.267264,118.454,147.479,23.1887,0.0718272,124.219,289.397,0,0,0
1200,3,1,820,1,1,1,4325.78,18722,524.833,46.3844,0.482746,431.573,11056.5,159.408,23.1957,0.267264,135.945,85.1507,23.1887,0.0718272,61.8902,244.558,0,0,0
1200,3,1,821,1,1,1,4354.95,24746.6,823.564,52.1883,0.997229,725.013,11867.3,334.524,28.9996,0.71159,304.813,157.924,23.1887,0.141984,134.593,492.448,0,0,0
1200,3,1,822,1,1,1,4319.11,18691.7,531.263,46.3844,0.482746,438.021,10911.9,156.511,23.1957,0.267264,133.048,87.2786,23.1887,0.0718272,64.0181,243.79,0,0,0
1200,3,1,823,1,1,1,4316.94,30665.8,760.46,57.9922,1.14088,655.938,19008.5,496.665,34.8035,0.925402,460.655,67.2308,23.1887,0.0718272,43.9703,563.896,0,0,0
1200,3,1,824,1,1,1,4338.95,18658.8,620.593,46.3844,0.482746,527.612,9290.59,125.281,23.1957,0.267264,101.818,152.316,23.1887,0.0718272,129.056,277.597,0,0,0
1200,3,1,825,1,1,1,4351.94,18685.3,638.424,46.3844,0.517824,545.459,8999.71,145.979,23.1957,0.302342,122.481,157.061,23.1887,0.0718272,133.801,303.04,0,0,0
1200,3,1,826,1,1,1,4321.74,24637.2,394.744,52.1883,0.606355,295.337,19384.2,215.305,28.9996,0.390874,185.645,30.3119,23.1887,0.0718272,7.05135,245.617,0,0,0
1200,3,1,827,1,1,1,4395.67,24749.8,821.649,52.1883,0.83687,723.254,11904.8,332.524,28.9996,0.621389,302.903,156.581,23.1887,0.0718272,133.321,489.105,0,0,0
1200,3,1,828,1,1,1,4317.7,18710.6,617.065,46.3844,0.517824,524.038,9404.87,152.231,23.1957,0.302342,128.733,125.212,23.1887,0.0718272,101.951,277.443,0,0,0
1200,3,1,829,1,1,1,4317.9,18670.9,379.99,46.3844,0.517824,286.274,13580.8,118.974,23.1957,0.302342,95.4757,62.1467,23.1887,0.0718272,38.8862,181.12,0,0,0
1200,3,1,830,1,1,1,4371.08,18690.4,467.349,46.3844,0.913709,373.491,12046,90.2767,23.1957,0.267264,66.8137,151.039,23.1887,0.0718272,127.778,241.315,0,0,0
1200,3,1,831,1,1,2,4460.42,18812.1,653.69,69.5741,0.768384,537.966,9241.84,142.262,23.1957,0.267264,118.799,173.178,46.3784,0.357466,126.442,315.441,1,0,0
1200,3,1,832,1,1,1,4318.84,24633.4,489.99,52.1883,0.606355,390.86,17686.7,269.508,28.9996,0.390874,240.006,48.9879,23.1887,0.0718272,25.7274,318.496,0,0,0
1200,3,1,833,1,1,2,10337.9,24651.5,840.026,69.5741,0.519494,725.093,11780.7,149.923,23.1957,0.267264,126.461,357.108,46.3784,0.108576,310.621,507.031,1,0,0
1200,3,1,834,1,1,1,4316.87,18681.8,639.328,46.3844,0.943776,545.939,8979.03,151.063,23.1957,0.728294,127.139,149.297,23.1887,0.0718272,126.036,300.36,0,0,0
1200,3,1,835,1,1,2,10323,24768.4,841.82,69.5741,0.928742,726.483,11864.4,153.876,23.1957,0.532858,130.148,349.491,46.3784,0.25223,302.86,503.367,1,0,0
1200,3,1,836,1,1,1,4340.74,18655.9,555.462,46.3844,0.482746,462.29,10445.8,149.171,23.1957,0.267264,125.708,96.8151,23.1887,0.0718272,73.5546,245.986,0,0,0
1200,3,1,837,1,1,1,4327.21,18653.2,404.458,46.3844,0.821837,310.509,13127.4,82.0617,23.1957,0.462701,58.4033,128.48,23.1887,0.0718272,105.22,210.542,0,0,0
1200,3,1,838,1,1,1,4458.98,18800.9,643.576,46.3844,0.770054,550.374,9023.2,148.575,23.1957,0.267264,125.112,151.262,23.1887,0.0718272,128.002,299.838,0,0,0
1200,3,1,839,1,1,1,4361.84,18676.3,457.186,46.3844,0.517824,363.694,12213.5,90.1557,23.1957,0.267264,66.6928,148.836,23.1887,0.106906,125.54,238.991,0,0,0
1200,3,1,840,1,1,1,4317.9,30647,668.052,63.7961,1.65537,557.102,20731.1,455.707,40.6075,1.43988,413.422,45.1798,23.1887,0.0718272,21.9193,500.886,0,0,0
1200,3,1,841,1,1,2,4364.55,18691.6,483.538,69.5741,0.733306,367.354,12159,91.5454,23.1957,0.267264,68.0825,172.922,46.3784,0.178733,126.365,264.467,1,0,0
1200,3,1,842,1,1,1,4324.62,18926.8,485.041,46.3844,0.482746,391.665,11969,160.353,23.1957,0.267264,136.89,81.5195,23.1887,0.0718272,58.2589,241.873,0,0,0
1200,3,1,843,1,0,0,-1,-1,1210.7,34.8035,0.765043,1130.41,259009,-1,-1,-1,-1,-1,-1,-1,-1,-1,0,0,0
1200,3,1,844,1,1,1,4452.33,18788.5,641.283,46.3844,0.482746,548.361,9052.4,149.326,23.1957,0.267264,125.863,150.205,23.1887,0.0718272,126.944,299.531,0,0,0
1200,3,1,845,1,1,2,4468.78,18818.6,663.91,69.5741,0.982195,548.002,9067.65,147.358,23.1957,0.497779,123.665,175.418,46.3784,0.340762,128.698,322.776,1,0,0
1200,3,1,846,1,1,1,4330.38,18728.6,607.887,46.3844,1.21271,514.139,9584.52,150.172,23.1957,0.853574,126.123,110.739,23.1887,0.0718272,87.4787,260.911,0,0,0
1200,3,1,847,1,1,1,4420.72,18736.2,485.852,46.3844,0.661478,392.3,11763.3,90.5113,23.1957,0.267264,67.0483,153.683,23.1887,0.106906,130.388,244.195,0,0,0
1200,3,1,848,1,1,1,4369.08,18682.1,475.318,46.3844,0.482746,381.914,11897.1,89.7803,23.1957,0.267264,66.3174,151.649,23.1887,0.0718272,128.388,241.429,0,0,0
1200,3,1,849,1,1,1,4317.51,18699.7,636.305,46.3844,0.482746,543.369,9052.01,152.497,23.1957,0.267264,129.034,144.164,23.1887,0.0718272,120.904,296.661,0,0,0
1200,3,1,850,1,1,1,4340.09,18721.4,548.499,46.3844,0.482746,455.308,10635.1,157.403,23.1957,0.267264,133.94,92.4259,23.1887,0.0718272,69.1654,249.828,0,0,0
1200,3,1,851,1,1,1,4330.89,18883.9,500.877,46.3844,0.552902,407.477,11644,159.874,23.1957,0.302342,136.376,82.9695,23.1887,0.106906,59.6739,242.844,0,0,0
1200,3,1,852,1,1,1,4377.37,18705.1,548.16,46.3844,0.517824,454.932,10624.6,80.6362,23.1957,0.302342,57.1382,151.284,23.1887,0.0718272,128.023,231.92,0,0,0
1200,3,1,853,1,1,1,4326.02,18660.4,443.539,46.3844,0.552902,349.972,12440.1,93.1525,23.1957,0.302342,69.6545,144.152,23.1887,0.106906,120.857,237.305,0,0,0
1200,3,1,854,1,1,1,4457.45,18774.6,640.856,46.3844,0.482746,547.934,9046.01,148.797,23.1957,0.267264,125.334,150.226,23.1887,0.0718272,126.966,299.024,0,0,0
1200,3,1,855,1,1,1,4451.19,18837.5,641.612,46.3844,0.983866,548.19,9101.07,147.524,23.1957,0.302342,124.026,151.546,23.1887,0.106906,128.251,299.07,0,0,0
1200,3,1,856,1,1,1,4314.38,18688.8,406.236,46.3844,0.482746,312.631,13132.3,136.976,23.1957,0.267264,113.513,70.6455,23.1887,0.0718272,47.385,207.621,0,0,0
1200,3,1,857,1,1,1,4358.73,18689,623.449,46.3844,0.552902,530.405,9269.46,130.622,23.1957,0.302342,107.124,150.557,23.1887,0.106906,127.262,281.179,0,0,0
1200,3,1,858,1,1,1,4324.39,18647.3,405.68,46.3844,0.482746,312.073,13100.6,82.3283,23.1957,0.267264,58.8654,129.809,23.1887,0.0718272,106.548,212.137,0,0,0
1200,3,1,859,1,1,1,4326.41,18762.6,462.496,46.3844,0.552902,368.984,12205.2,156.011,23.1957,0.337421,132.478,83.3315,23.1887,0.0718272,60.071,239.342,0,0,0
1200,3,1,860,1,1,1,4382.4,18756.3,640.92,46.3844,0.587981,547.892,9025.9,151.238,23.1957,0.372499,127.67,147.833,23.1887,0.0718272,124.573,299.071,0,0,0
1200,3,1,861,1,1,1,4329.41,18648.2,545.492,46.3844,0.482746,452.292,10615.4,80.6065,23.1957,0.267264,57.1436,149.968,23.1887,0.0718272,126.708,230.575,0,0,0
1200,3,1,862,1,1,1,4503.92,18970.2,649.154,46.3844,0.805133,555.933,9093.1,154.216,23.1957,0.302342,130.718,156.088,23.1887,0.0718272,132.828,310.304,0,0,0
1200,3,1,863,1,1,1,4332.68,18681.2,572.345,46.3844,0.908698,478.797,10169.7,93.8584,23.1957,0.658138,70.0046,145.571,23.1887,0.106906,122.275,239.429,0,0,0
1200,3,1,864,1,1,1,4316.62,24677.3,531.254,52.1883,0.696557,432.154,16997,287.158,28.9996,0.481075,257.61,54.1118,23.1887,0.0718272,30.8513,341.27,0,0,0
1200,3,1,865,1,0,0,-1,-1,1140.88,23.1957,0.267264,1072.18,258030,-1,-1,-1,-1,-1,-1,-1,-1,-1,0,0,0
1200,3,1,866,1,1,1,4330.93,18670.9,593.759,46.3844,0.517824,500.664,9779.6,143.373,23.1957,0.302342,119.875,100.797,23.1887,0.0718272,77.536,244.169,0,0,0
1200,3,1,867,1,1,1,4440.79,18824,642.901,46.3844,0.482746,549.984,9059.04,151.497,23.1957,0.267264,128.034,157.899,23.1887,0.0718272,134.638,309.396,0,0,0
1200,3,1,868,1,1,1,4319.18,18693.7,562.344,46.3844,0.678182,468.997,10360.7,147.957,23.1957,0.462701,124.298,95.0645,23.1887,0.0718272,71.804,243.021,0,0,0
1200,3,1,869,1,1,1,4329.7,18659.5,444.41,46.3844,0.482746,350.916,12424.2,92.9821,23.1957,0.267264,69.5191,144.695,23.1887,0.0718272,121.434,237.677,0,0,0
1200,3,1,870,1,1,1,4322.54,18662.6,396.52,46.3844,0.482746,302.887,13278.8,131.107,23.1957,0.267264,107.644,67.2308,23.1887,0.0718272,43.9703,198.337,0,0,0
1200,3,1,871,1,1,1,4326.59,18658.5,616.729,46.3844,0.6264,523.592,9367.43,151.144,23.1957,0.267264,127.681,125.853,23.1887,0.0718272,102.592,276.996,0,0,0
1200,3,1,872,0,0,0,-1,-1,651.102,23.206,0.746669,580.487,249772,-1,-1,-1,-1,-1,-1,-1,-1,-1,0,0,0
1200,3,1,873,1,1,1,4364.38,18714.9,639.766,46.3844,0.482746,546.84,9005.7,149.191,23.1957,0.267264,125.728,149.929,23.1887,0.0718272,126.668,299.119,0,0,0
1200,3,1,874,1,1,1,4353.42,18712.2,634.798,46.3844,0.50112,541.839,9091.17,150.701,23.1957,0.267264,127.238,145.137,23.1887,0.0902016,121.858,295.839,0,0,0
1200,3,1,875,1,1,1,4369.14,18686.2,618.836,46.3844,0.6264,525.706,9348.79,123.974,23.1957,0.267264,100.511,155.596,23.1887,0.0718272,132.335,279.57,0,0,0
1200,3,1,876,1,1,1,4318.22,18953.9,482.004,46.3844,0.517824,388.584,12049.8,160.315,23.1957,0.302342,136.816,81.8172,23.1887,0.0718272,58.5567,242.132,0,0,0
1200,3,1,877,1,1,1,4319.5,30782.4,911.485,57.9922,0.945446,807.597,16440,520.727,34.8035,0.729965,484.964,92.7327,23.1887,0.0718272,69.4722,613.46,0,0,0
1200,3,1,878,1,1,1,4335.69,18729.8,637.153,46.3844,0.482746,544.219,9067.1,154.966,23.1957,0.267264,131.503,142.729,23.1887,0.0718272,119.469,297.695,0,0,0
1200,3,1,879,1,1,3,4398.34,18771.8,686.341,92.7639,0.948787,547.979,9020.47,151.815,23.1957,0.267264,128.352,203.098,69.5682,0.537869,132.992,354.913,2,0,0
1200,3,1,880,1,1,1,4322.36,18680.2,634.056,46.3844,0.552902,541.043,9072.12,150.73,23.1957,0.337421,127.197,144.422,23.1887,0.0718272,121.162,295.152,0,0,0
1200,3,1,881,1,1,1,4349.83,18775.3,434.157,46.3844,0.587981,340.528,12721.5,151.052,23.1957,0.372499,127.484,77.7889,23.1887,0.0718272,54.5284,228.841,0,0,0
1200,3,1,882,1,1,1,4408.98,18741.7,486.077,46.3844,0.482746,392.705,11765.4,90.9354,23.1957,0.267264,67.4724,153.452,23.1887,0.0718272,130.191,244.387,0,0,0
1200,3,1,883,1,1,1,4336.35,24662.1,637.446,52.1883,1.28287,538.069,15092.1,339.671,28.9996,1.06739,309.604,81.6729,23.1887,0.0718272,58.4124,421.344,0,0,0
1200,3,1,884,1,1,1,4340.84,18681.3,631.553,46.3844,0.482746,538.603,9118.12,147.821,23.1957,0.267264,124.358,141.654,23.1887,0.0718272,118.393,289.474,0,0,0
1200,3,1,885,1,1,1,4315.08,24642.7,566.146,52.1883,0.696557,467.147,16342,306.423,28.9996,0.481075,276.936,62.3507,23.1887,0.0718272,39.0902,368.773,0,0,0
1200,3,1,886,1,1,1,4316.94,18673.7,374.816,46.3844,0.517824,281.085,13675.6,116.185,23.1957,0.302342,92.6873,61.4988,23.1887,0.0718272,38.2383,177.684,0,0,0
1200,3,1,887,1,0,0,-1,-1,1308.96,23.1957,0.302342,1240.71,260936,-1,-1,-1,-1,-1,-1,-1,-1,-1,0,0,0
1200,3,1,888,1,1,1,4354.15,18671,524.623,46.3844,0.6264,431.219,11008.9,81.3916,23.1957,0.267264,57.9287,149.837,23.1887,0.0718272,126.576,231.228,0,0,0
1200,3,1,889,1,1,1,4334.6,18661.3,567.44,46.3844,0.517824,474.269,10238,146.833,23.1957,0.302342,123.335,97.7771,23.1887,0.0718272,74.5166,244.61,0,0,0
1200,3,1,890,1,1,1,4329.42,24716.4,764.448,52.1883,0.927072,665.796,12888.8,325.54,28.9996,0.71159,295.828,100.154,23.1887,0.0718272,76.8935,425.694,0,0,0
1200,3,1,891,1,1,1,4324.33,18649.4,446.433,46.3844,0.482746,352.945,12378.1,92.1591,23.1957,0.267264,68.6961,143.408,23.1887,0.0718272,120.147,235.567,0,0,0
1200,3,1,892,1,1,1,4321.86,18636.4,589.475,46.3844,0.50112,496.385,9821.28,106.042,23.1957,0.267264,82.5786,151.061,23.1887,0.0902016,127.782,257.102,0,0,0
1200,3,1,893,1,1,1,4328,18645.2,459.565,46.3844,0.517824,366.08,12140.2,91.4119,23.1957,0.267264,67.9489,148.946,23.1887,0.106906,125.65,240.358,0,0,0
1200,3,1,894,1,1,1,4402.74,18790.5,644.409,46.3844,0.661478,551.318,8998.11,154.499,23.1957,0.267264,131.036,154.014,23.1887,0.106906,130.718,308.512,0,0,0
1200,3,1,895,1,1,1,4336.19,18660.4,636.915,46.3844,0.482746,543.981,9001.93,148.669,23.1957,0.267264,125.206,147.081,23.1887,0.0718272,123.82,295.75,0,0,0
1200,3,1,896,1,1,1,4320.68,18660.6,640.353,46.3844,0.482746,547.428,8940.95,149.176,23.1957,0.267264,125.713,150.867,23.1887,0.0718272,127.607,300.043,0,0,0
1200,3,1,897,1,1,1,4316.62,24666.7,405.31,52.1883,0.641434,305.899,19225.5,220.836,28.9996,0.425952,191.152,30.8425,23.1887,0.0718272,7.58196,251.679,0,0,0
1200,3,1,898,1,1,2,10320.3,24694.9,826.853,69.5741,0.928742,711.472,12057.3,145.366,23.1957,0.658138,121.512,341.052,46.3784,0.12695,294.547,486.418,1,0,0
1200,3,1,899,1,1,1,4336.9,24742.3,799.841,52.1883,0.536198,701.683,12286.3,335.579,28.9996,0.320717,306.258,125.331,23.1887,0.0718272,102.07,460.91,0,0,0
1200,3,1,900,1,1,2,10323.2,24652.4,645.175,69.5741,0.554573,529.64,15246.2,89.265,23.1957,0.302342,65.7669,342.814,46.3784,0.108576,296.327,432.078,1,0,0
1200,3,1,901,1,1,1,4322.31,18711.9,624.22,46.3844,0.873619,530.858,9278.18,130.772,23.1957,0.658138,106.918,151.883,23.1887,0.0718272,128.623,282.655,0,0,0
1200,3,1,902,1,0,0,-1,-1,830.725,23.1957,0.267264,761.122,252941,-1,-1,-1,-1,-1,-1,-1,-1,-1,0,0,0
1200,3,1,903,1,1,1,4322.22,18638.6,487.54,46.3844,0.482746,394.172,11636.3,85.8657,23.1957,0.267264,62.4028,150.454,23.1887,0.0718272,127.193,236.32,0,0,0
1200,3,1,904,1,1,1,4318.15,24669.5,529.407,52.1883,0.571277,430.427,17022.1,285.679,28.9996,0.355795,256.253,53.758,23.1887,0.0718272,30.4975,339.437,0,0,0
1200,3,1,905,1,1,1,4317.58,18658.3,562.267,46.3844,0.713261,468.885,10326.5,89.0308,23.1957,0.497779,65.3374,147.712,23.1887,0.0718272,124.452,236.743,0,0,0
1200,3,1,906,1,0,0,-1,-1,915.271,23.1957,0.372499,845.809,254299,-1,-1,-1,-1,-1,-1,-1,-1,-1,0,0,0
1200,3,1,907,0,0,0,-1,-1,709.628,23.206,0.71159,639.219,250893,-1,-1,-1,-1,-1,-1,-1,-1,-1,0,0,0
1200,3,1,908,1,1,1,4316.3,18634.1,417.768,46.3844,0.482746,324.196,12872.5,87.4088,23.1957,0.267264,63.9459,132.458,23.1887,0.0718272,109.198,219.867,0,0,0
1200,3,1,909,1,1,1,4320.97,18643.9,488.253,46.3844,0.482746,394.887,11628.9,153.594,23.1957,0.267264,130.131,81.4455,23.1887,0.0718272,58.1849,235.04,0,0,0
1200,3,1,910,1,1,1,4316.62,18693.6,516.448,46.3844,0.517824,423.128,11177,157.519,23.1957,0.302342,134.021,84.0516,23.1887,0.0718272,60.7911,241.57,0,0,0
1200,3,1,911,1,1,1,4346.79,24688.7,823.617,52.1883,0.801792,725.262,11808.9,332.435,28.9996,0.516154,302.919,156.453,23.1887,0.141984,133.122,488.888,0,0,0
1200,3,1,912,1,1,1,4340.18,18654.4,574.868,46.3844,0.482746,481.753,10099.2,96.9273,23.1957,0.267264,73.4644,146.604,23.1887,0.0718272,123.344,243.531,0,0,0
1200,3,1,913,1,1,1,4342.1,24828.5,784.409,52.1883,0.731635,686.01,12646.5,331.71,28.9996,0.516154,302.194,106.249,23.1887,0.0718272,82.9883,437.959,0,0,0
1200,3,1,914,1,1,1,4315.98,24649.1,449.012,52.1883,0.536198,349.833,18431.5,247.108,28.9996,0.320717,217.608,38.9929,23.1887,0.0718272,15.7324,286.101,0,0,0
1200,3,1,915,1,1,1,4404.09,18859.7,640.739,46.3844,0.552902,547.746,9132.7,152.053,23.1957,0.267264,128.59,148.344,23.1887,0.141984,125.013,300.397,0,0,0
1200,3,1,916,1,1,1,4325.42,18674.5,625.574,46.3844,0.6264,532.463,9217.34,150.756,23.1957,0.267264,127.293,131.213,23.1887,0.0718272,107.952,281.968,0,0,0
1200,3,1,917,1,1,1,4319.62,18701.9,444.794,46.3844,0.482746,351.301,12459.7,153.495,23.1957,0.267264,130.032,79.4602,23.1887,0.0718272,56.1997,232.955,0,0,0
1200,3,1,918,1,1,2,4351.5,18717.8,658.7,69.5741,1.21605,542.543,9069.27,151.248,23.1957,0.497779,127.554,168.033,46.3784,0.287309,121.367,319.281,1,0,0
1200,3,1,919,1,1,1,4321.22,18666.3,445.148,46.3844,0.482746,351.656,12417.8,152.109,23.1957,0.267264,128.646,79.314,23.1887,0.0718272,56.0535,231.423,0,0,0
1200,3,1,920,1,1,1,4319.27,18739.7,646.173,46.3844,0.748339,553,8915.65,154.559,23.1957,0.532858,130.83,155.558,23.1887,0.0718272,132.297,310.116,0,0,0
1200,3,1,921,1,0,0,-1,-1,1429.79,23.1957,0.337421,1361.86,265817,-1,-1,-1,-1,-1,-1,-1,-1,-1,0,0,0
1200,3,1,922,1,1,1,4404.84,18719,473.415,46.3844,0.6264,379.862,11967.5,89.3003,23.1957,0.267264,65.8373,154.114,23.1887,0.0718272,130.853,243.414,0,0,0
1200,3,1,923,1,1,1,4332.39,18661.5,549.225,46.3844,0.517824,456.001,10562.1,80.8672,23.1957,0.302342,57.3692,150.1,23.1887,0.0718272,126.84,230.967,0,0,0
1200,3,1,924,1,1,2,10383.8,24849.5,844.755,69.5741,0.945446,729.41,11893.4,157.126,23.1957,0.693216,133.238,346.95,46.3784,0.108576,300.463,504.077,1,0,0
1200,3,1,925,1,1,1,4406.47,18805.5,487.784,46.3844,0.517824,394.381,11798.6,90.1764,23.1957,0.302342,66.6783,153.083,23.1887,0.0718272,129.823,243.26,0,0,0
1200,3,1,926,1,1,1,4350.39,18685.8,640.203,46.3844,0.770054,546.992,8968,150.295,23.1957,0.267264,126.832,148.905,23.1887,0.0718272,125.645,299.201,0,0,0
1200,3,1,927,1,0,0,-1,-1,1539.09,23.1957,0.302342,1471.51,271130,-1,-1,-1,-1,-1,-1,-1,-1,-1,0,0,0
1200,3,1,928,1,1,1,4339.43,18664.8,498.207,46.3844,0.517824,404.835,11472.6,85.1338,23.1957,0.302342,61.6357,149.772,23.1887,0.0718272,126.511,234.905,0,0,0
1200,3,1,929,1,1,1,4337.91,18657.9,477.558,46.3844,0.661478,383.982,11832.4,89.1097,23.1957,0.302342,65.6117,152.098,23.1887,0.0718272,128.837,241.208,0,0,0
1200,3,1,930,1,1,1,4319.68,24699.4,823.432,52.1883,0.731635,725.147,11823.4,336.889,28.9996,0.516154,307.374,152.08,23.1887,0.0718272,128.819,488.969,0,0,0
1200,3,1,931,1,1,1,4447.01,18902,648.559,46.3844,1.10915,555.032,9034.86,150.397,23.1957,0.462701,126.738,155.606,23.1887,0.0718272,132.346,306.003,0,0,0
1200,3,1,932,1,1,1,4325.83,18710.4,582.817,46.3844,0.482746,489.725,10013.9,146.301,23.1957,0.267264,122.838,98.6326,23.1887,0.0718272,75.3721,244.934,0,0,0
1200,3,1,933,1,1,1,4337.18,18805,612.942,46.3844,0.678182,519.743,9572.31,152.992,23.1957,0.462701,129.334,118.812,23.1887,0.0718272,95.5515,271.804,0,0,0
1200,3,1,934,1,1,1,4335.77,18654.2,538.632,46.3844,0.482746,445.412,10743.4,80.0687,23.1957,0.267264,56.6057,148.38,23.1887,0.0718272,125.12,228.449,0,0,0
1200,3,1,935,1,1,1,4320.07,18783.2,538.072,46.3844,0.482746,444.851,10882.3,158.864,23.1957,0.267264,135.402,86.1433,23.1887,0.0718272,62.8828,245.008,0,0,0
1200,3,1,936,1,1,1,4407.45,18750.1,645.568,46.3844,0.661478,552.48,8937.08,153.438,23.1957,0.302342,129.94,159.447,23.1887,0.0718272,136.187,312.885,0,0,0
1200,3,1,937,1,1,1,4328.14,18655.7,637.637,46.3844,0.482746,544.705,8984.39,149.927,23.1957,0.267264,126.464,149.918,23.1887,0.0718272,126.657,299.845,0,0,0
1200,3,1,938,1,1,1,4354.11,18702,611.346,46.3844,0.770054,518.05,9497.41,151.046,23.1957,0.267264,127.583,114.74,23.1887,0.0718272,91.4799,265.786,0,0,0
1200,3,1,939,1,1,1,4397.88,30821.2,985.34,57.9922,0.694886,881.917,15165.5,517.679,34.8035,0.444326,482.199,129.97,23.1887,0.106906,106.675,647.649,0,0,0
1200,3,1,940,1,1,2,10337.5,24686.5,837.908,69.5741,1.32463,722.164,11851.1,153.241,23.1957,0.462701,129.583,345.667,46.3784,0.718272,298.57,498.908,1,0,0
1200,3,1,941,1,1,2,10357.9,24728,842.004,69.5741,1.34467,726.252,11819.1,152.956,23.1957,0.302342,129.458,349.656,46.3784,0.755021,302.522,502.612,1,0,0
1200,3,1,942,1,1,1,4439.6,18840.6,489.104,46.3844,0.731635,395.491,11809.3,90.3061,23.1957,0.372499,66.7379,153.845,23.1887,0.0718272,130.584,244.151,0,0,0
1200,3,1,943,1,1,1,4333.57,18648.7,465.922,46.3844,0.482746,372.491,12030.8,90.1991,23.1957,0.267264,66.7361,151.069,23.1887,0.0718272,127.809,241.268,0,0,0
1200,3,1,944,1,1,1,4354.49,18669.6,554.22,46.3844,0.482746,461.045,10481.6,83.7307,23.1957,0.267264,60.2677,150.443,23.1887,0.0718272,127.182,234.174,0,0,0
1200,3,1,945,1,1,1,4327.18,24770.3,711.321,52.1883,0.536198,612.905,13888.4,333.916,28.9996,0.320717,304.596,86.378,23.1887,0.0718272,63.1175,420.294,0,0,0
1200,3,1,946,1,1,1,4390.05,24772.8,826.447,52.1883,0.840211,728.062,11843,337.111,28.9996,0.481075,307.63,156.901,23.1887,0.0718272,133.64,494.011,0,0,0
1200,3,1,947,1,0,0,-1,-1,1403.76,23.1957,0.337421,1335.75,264244,-1,-1,-1,-1,-1,-1,-1,-1,-1,0,0,0
1200,3,1,948,1,1,1,4317.39,18751.9,523.305,46.3844,0.482746,430.041,11113.6,160.245,23.1957,0.267264,136.782,84.3187,23.1887,0.0718272,61.0582,244.564,0,0,0
1200,3,1,949,1,1,1,4374.23,24731.9,730.878,52.1883,0.536198,632.519,13502.1,239.536,28.9996,0.320717,210.01,152.661,23.1887,0.0718272,129.401,392.197,0,0,0
1200,3,1,950,1,1,1,4340.31,24715,825.231,52.1883,0.945446,726.737,11806.1,336.006,28.9996,0.551232,306.455,154.669,23.1887,0.106906,131.373,490.675,0,0,0
1200,3,1,951,1,1,1,4381.28,18692.9,513.04,46.3844,0.6264,419.602,11236.8,81.6028,23.1957,0.267264,58.1398,151.416,23.1887,0.0718272,128.155,233.019,0,0,0
1200,3,1,952,1,1,1,4355.88,18824,598.833,46.3844,0.552902,505.718,9842.26,146.548,23.1957,0.302342,123.049,102.705,23.1887,0.106906,79.4094,249.252,0,0,0
1200,3,1,953,1,1,1,4336.92,18709.4,620.395,46.3844,0.482746,527.413,9344.68,151.723,23.1957,0.267264,128.26,129.486,23.1887,0.0718272,106.225,281.209,0,0,0
1200,3,1,954,1,1,1,4395.64,18744.9,645.519,46.3844,0.661478,552.431,8937.07,153.242,23.1957,0.302342,129.743,158.7,23.1887,0.0718272,135.439,311.941,0,0,0
1200,3,1,955,1,0,0,-1,-1,1404.27,23.1957,0.267264,1336.34,264277,-1,-1,-1,-1,-1,-1,-1,-1,-1,0,0,0
1200,3,1,956,0,0,0,-1,-1,579.657,23.206,0.58631,508.995,248658,-1,-1,-1,-1,-1,-1,-1,-1,-1,0,0,0
1200,3,1,957,1,1,1,4341.05,24824.1,782.502,52.1883,0.679853,684.149,12676,330.567,28.9996,0.320717,301.246,104.787,23.1887,0.0718272,81.5264,435.354,0,0,0
1200,3,1,958,1,1,1,4316.94,36639.2,489.988,63.7961,1.38977,378.786,29890.6,410.571,40.6075,1.17429,367.437,23.5958,23.1887,0.0718272,0.333888,434.166,0,0,0
1200,3,1,959,1,0,0,-1,-1,1272.88,23.1957,0.658138,1204.17,260041,-1,-1,-1,-1,-1,-1,-1,-1,-1,0,0,0
1200,3,1,960,1,1,1,4322.51,18798.6,462.802,46.3844,0.661478,369.183,12235.6,157.373,23.1957,0.302342,133.875,83.5047,23.1887,0.0718272,60.2442,240.877,0,0,0
1200,3,1,961,1,1,1,4368.52,18701.9,640.781,46.3844,0.552902,547.787,8974.2,150.524,23.1957,0.267264,127.062,150.582,23.1887,0.141984,127.251,301.106,0,0,0
1200,3,1,962,1,1,1,4320.07,24664.7,434.563,52.1883,1.81405,334.065,18700.5,239.147,28.9996,1.59857,208.344,36.3579,23.1887,0.0718272,13.0974,275.505,0,0,0
1200,3,1,963,1,1,1,4335.05,18699.8,530.712,46.3844,0.482746,437.469,10929.9,156.069,23.1957,0.267264,132.606,87.5186,23.1887,0.0718272,64.2581,243.587,0,0,0
1200,3,1,964,1,0,0,-1,-1,1432.86,23.1957,0.302342,1364.97,265989,-1,-1,-1,-1,-1,-1,-1,-1,-1,0,0,0
1200,3,1,965,1,1,1,4324.49,18641.6,633.272,46.3844,0.517824,540.292,9047.66,147.643,23.1957,0.302342,124.145,143.803,23.1887,0.0718272,120.543,291.446,0,0,0
1200,3,1,966,1,1,1,4336.38,18776.9,552.204,46.3844,0.552902,458.953,10624.2,158.273,23.1957,0.267264,134.81,93.7034,23.1887,0.141984,70.3728,251.976,0,0,0
1200,3,1,967,1,1,1,4315.98,18638.6,508.658,46.3844,0.482746,415.351,11260.8,155.906,23.1957,0.267264,132.443,82.0212,23.1887,0.0718272,58.7607,237.928,0,0,0
1200,3,1,968,1,1,1,4319.87,24704.2,700.456,52.1883,0.96215,601.583,14014.2,335.912,28.9996,0.71159,306.201,85.1677,23.1887,0.106906,61.8722,421.08,0,0,0
1200,3,1,969,1,1,1,4345.78,18711.8,609.591,46.3844,0.678182,516.382,9538.77,150.482,23.1957,0.462701,126.823,113.598,23.1887,0.0718272,90.3375,264.08,0,0,0
1200,3,1,970,1,1,1,4320.62,18701.4,565.154,46.3844,0.482746,472.011,10318.9,147.861,23.1957,0.267264,124.398,96.6419,23.1887,0.0718272,73.3814,244.502,0,0,0
1200,3,1,971,1,1,1,4324.1,18776.3,504.381,46.3844,0.552902,410.991,11474,156.68,23.1957,0.302342,133.182,83.1049,23.1887,0.106906,59.8093,239.785,0,0,0
1200,3,1,972,1,0,0,-1,-1,966.211,23.1957,0.267264,897.002,255083,-1,-1,-1,-1,-1,-1,-1,-1,-1,0,0,0
1200,3,1,973,1,1,1,4322.43,18642.4,468.479,46.3952,0.50112,375.027,11979,90.5603,23.2065,0.285638,67.0682,153.944,23.1887,0.0718272,130.684,244.505,0,0,0
1200,3,1,974,1,1,1,4342.9,18778.5,551.879,46.3844,0.482746,458.697,10632.2,158.17,23.1957,0.267264,134.707,93.2994,23.1887,0.0718272,70.0389,251.469,0,0,0
1200,3,1,975,1,1,1,4315.02,18646.3,445.288,46.3844,0.482746,351.797,12395.4,151.732,23.1957,0.267264,128.269,79.5504,23.1887,0.0718272,56.2899,231.282,0,0,0
1200,3,1,976,1,1,1,4325.51,24669.3,760.941,52.1883,1.26282,661.943,12902.6,324.382,28.9996,1.01226,294.37,98.9239,23.1887,0.106906,75.6283,423.306,0,0,0
1200,3,1,977,1,1,1,4338.05,18680.4,486.736,46.3844,0.482746,393.365,11692.4,156.284,23.1957,0.267264,132.821,81.4635,23.1887,0.0718272,58.203,237.747,0,0,0
1200,3,1,978,0,0,0,-1,-1,746.758,23.206,0.516154,676.652,251530,-1,-1,-1,-1,-1,-1,-1,-1,-1,0,0,0
1200,3,1,979,1,1,1,4357.34,18780.6,590.19,46.3844,0.517824,497.085,9952.7,147.149,23.1957,0.302342,123.65,99.8652,23.1887,0.0718272,76.6047,247.014,0,0,0
1200,3,1,980,1,1,1,4317.58,18677,565.079,46.3844,0.678182,471.74,10295.4,147.729,23.1957,0.462701,124.071,95.9362,23.1887,0.0718272,72.6757,243.666,0,0,0
1200,3,1,981,1,1,1,4342.96,18670,545.321,46.3844,0.482746,452.12,10640.3,80.5686,23.1957,0.267264,57.1057,149.304,23.1887,0.0718272,126.044,229.873,0,0,0
1200,3,1,982,1,1,1,4318.47,18751.2,432.953,46.3844,0.678182,339.23,12719.1,150.391,23.1957,0.462701,126.733,76.5599,23.1887,0.0718272,53.2994,226.951,0,0,0
1200,3,1,983,1,1,1,4336.04,18651.8,1494.46,46.3844,0.913709,1403.59,268116,82.4384,23.1957,0.267264,58.9754,151.871,23.1887,0.0718272,128.61,234.309,0,0,0
1200,3,1,984,1,1,1,4325.42,18691.4,372.226,46.3844,0.482746,278.522,13739.6,116.361,23.1957,0.267264,92.8985,60.378,23.1887,0.0718272,37.1175,176.739,0,0,0
1200,3,1,985,1,1,1,4359.43,18676,641.327,46.3952,0.536198,548.342,8938.81,151.685,23.2065,0.285638,128.193,152.314,23.1887,0.106906,129.018,303.999,0,0,0
1200,3,1,986,1,1,1,4336.23,18775.1,534.163,46.3844,0.6264,440.786,10943.4,157.978,23.1957,0.267264,134.515,85.8077,23.1887,0.0718272,62.5471,243.786,0,0,0
1200,3,1,987,1,0,0,-1,-1,536.06,23.1957,0.302342,465.564,247975,-1,-1,-1,-1,-1,-1,-1,-1,-1,0,0,0
1200,3,1,988,1,1,1,4319.56,18755.2,555.254,46.3844,0.552902,462.013,10548.3,155.699,23.1957,0.337421,132.166,94.2216,23.1887,0.0718272,70.9611,249.92,0,0,0
1200,3,1,989,1,1,1,4326.01,18652.8,446.674,46.3844,0.482746,353.187,12377.2,92.3702,23.1957,0.267264,68.9073,144.72,23.1887,0.0718272,121.459,237.09,0,0,0
1200,3,1,990,1,1,1,4321.22,36686.6,841.926,63.7961,1.47496,731.662,23678.3,629.333,40.6075,1.25948,586.744,45.9414,23.1887,0.0718272,22.6809,675.275,0,0,0
1200,3,1,991,1,0,0,-1,-1,1552.62,23.1957,0.337421,1485.05,271747,-1,-1,-1,-1,-1,-1,-1,-1,-1,0,0,0
1200,3,1,992,1,1,1,4363.27,18743.9,639.207,46.3844,0.783418,545.979,9043.43,149.738,23.1957,0.462701,126.08,155.372,23.1887,0.177062,132.007,305.111,0,0,0
1200,3,1,993,1,0,0,-1,-1,914.133,23.2065,0.425952,844.603,254288,-1,-1,-1,-1,-1,-1,-1,-1,-1,0,0,0
1200,3,1,994,1,1,1,4342.09,18679.7,611.493,46.3844,0.678182,518.29,9472.84,120.228,23.1957,0.462701,96.5694,155.621,23.1887,0.0718272,132.36,275.849,0,0,0
1200,3,1,995,1,1,1,4321.16,18652.2,463.074,46.3844,0.517824,369.6,12084.7,90.9254,23.1957,0.302342,67.4273,149.775,23.1887,0.0718272,126.515,240.701,0,0,0
1200,3,1,996,1,1,1,4337.28,18662.3,457.734,46.3844,0.482746,364.279,12190.1,89.885,23.1957,0.267264,66.4221,148.321,23.1887,0.0718272,125.06,238.206,0,0,0
1200,3,1,997,1,1,1,4348.81,18663.1,625.846,46.3844,0.482746,532.88,9201.41,150.382,23.1957,0.267264,126.919,132.352,23.1887,0.0718272,109.091,282.734,0,0,0
1200,3,1,998,1,1,1,4329.29,18642.8,633.715,46.3844,0.6264,540.628,9040.84,147.942,23.1957,0.267264,124.479,144.076,23.1887,0.0718272,120.815,292.017,0,0,0
1200,3,1,999,1,1,1,4331.72,24822.4,826.952,52.1883,0.696557,728.711,11884.1,334.584,28.9996,0.481075,305.103,151.463,23.1887,0.0718272,128.202,486.047,0,0,0
1200,3,1,1000,1,1,1,4353.82,18688.2,435.741,46.3844,0.6264,342.078,12606.6,90.5871,23.1957,0.267264,67.1241,139.369,23.1887,0.0718272,116.108,229.956,0,0,0
1200,3,1,1001,1,1,1,4321.23,18732.4,433.51,46.3844,0.482746,339.985,12690.8,150.503,23.1957,0.267264,127.04,77.4966,23.1887,0.0718272,54.236,227.999,0,0,0
1200,3,1,1002,1,1,1,4341.23,18659.2,575.273,46.3844,0.482746,482.16,10096.9,97.3009,23.1957,0.267264,73.838,147.088,23.1887,0.0718272,123.827,244.389,0,0,0
1200,3,1,1003,1,1,1,4350.5,18797.1,639.062,46.3844,1.13921,545.477,9098.52,154.028,23.1957,0.888653,129.944,150.166,23.1887,0.106906,126.87,304.194,0,0,0
1200,3,1,1004,1,1,1,4543.33,19036.5,652.073,46.3844,1.01727,558.649,9107.1,155.229,23.1957,0.658138,131.375,157.653,23.1887,0.0718272,134.393,312.882,0,0,0
1200,3,1,1005,1,1,1,4326.38,18661.6,443.778,46.3844,0.713261,350.052,12436.8,93.4861,23.1957,0.462701,69.8277,144.159,23.1887,0.106906,120.864,237.646,0,0,0
1200,3,1,1006,1,1,1,4318.86,18673.2,378.37,46.3844,0.517824,284.649,13611.9,117.988,23.1957,0.302342,94.4903,62.1467,23.1887,0.0718272,38.8862,180.135,0,0,0
1200,3,1,1007,1,1,1,4343.85,18662.7,546.807,46.3844,0.482746,453.611,10606.5,81.2021,23.1957,0.267264,57.7392,150.331,23.1887,0.0718272,127.071,231.533,0,0,0
1200,3,1,1008,1,1,1,4416.11,18731.4,484.024,46.3844,0.482746,390.645,11791.7,90.7062,23.1957,0.267264,67.2432,154.154,23.1887,0.0718272,130.893,244.86,0,0,0
1200,3,1,1009,1,1,3,16329,30691,1012.36,92.7639,0.556243,875.339,15155.2,151.454,23.1957,0.267264,127.991,523.032,69.5682,0.145325,453.319,674.486,2,0,0
1200,3,1,1010,1,1,1,4368.57,18804.2,622.912,46.3844,0.623059,529.797,9393.74,153.729,23.1957,0.302342,130.231,129.535,23.1887,0.177062,106.169,283.264,0,0,0
1200,3,1,1011,1,1,1,4339.01,18722.4,641.255,46.3844,1.05235,547.764,8985.12,152.22,23.1957,0.658138,128.366,150.323,23.1887,0.106906,127.027,302.543,0,0,0
1200,3,1,1012,1,1,3,16318.1,30770.2,998.871,92.7639,0.913709,861.453,15473.1,152.965,23.1957,0.462701,129.307,507.422,69.5682,0.307354,437.547,660.387,2,0,0
1200,3,1,1013,1,1,1,4328.71,18656.1,635.209,46.3844,0.482746,542.27,9027.97,143.248,23.1957,0.267264,119.785,149.145,23.1887,0.0718272,125.885,292.393,0,0,0
1200,3,1,1014,1,1,2,10330.8,24652.5,806.554,69.5741,0.519494,691.524,12377,152.434,23.1957,0.267264,128.971,319.353,46.3784,0.108576,272.866,471.787,1,0,0
1200,3,1,1015,1,1,3,16339.1,30718,1022.29,92.7639,0.6264,885.226,15005.2,132.154,23.1957,0.302342,108.656,550.143,69.5682,0.180403,480.394,682.297,2,0,0
1200,3,1,1016,1,1,2,10346.1,24658.5,764.353,69.5741,0.806803,648.912,13132.6,90.2514,23.1957,0.267264,66.7884,347.321,46.3784,0.25223,300.691,437.573,1,0,0
1200,3,1,1017,1,0,0,-1,-1,793.236,23.1957,0.658138,723.133,252216,-1,-1,-1,-1,-1,-1,-1,-1,-1,0,0,0
1200,3,1,1018,1,1,1,4321.86,18702.6,431.983,46.3844,0.678182,338.257,12687.8,149.17,23.1957,0.462701,125.511,77.0526,23.1887,0.0718272,53.7921,226.222,0,0,0
1200,3,1,1019,1,1,1,4339.83,18666.8,637.452,46.3844,0.482746,544.519,8998.78,145.204,23.1957,0.267264,121.741,150.217,23.1887,0.0718272,126.957,295.421,0,0,0
1200,3,1,1020,1,1,1,4385.74,18751.5,481.968,46.3844,1.21271,387.853,11846.5,90.6211,23.1957,0.853574,66.5719,153.224,23.1887,0.0718272,129.964,243.845,0,0,0
1200,3,1,1021,1,1,1,4329.87,18762.8,577.911,46.3844,0.482746,484.805,10153.5,149.772,23.1957,0.267264,126.309,98.1308,23.1887,0.0718272,74.8703,247.903,0,0,0
1200,3,1,1022,1,1,1,4378.87,18706.7,616.909,46.3844,0.517824,523.881,9403.72,122.077,23.1957,0.267264,98.6143,156.941,23.1887,0.106906,133.645,279.018,0,0,0
1200,3,1,1023,1,1,1,4393.69,18714.4,645.078,46.3844,0.552902,552.097,8910.27,154.968,23.1957,0.267264,131.505,157.586,23.1887,0.141984,134.255,312.554,0,0,0
1200,3,1,1024,1,1,1,4326.41,24671.6,731.789,52.1883,0.696557,633.272,13425.5,329.269,28.9996,0.481075,299.788,96.1744,23.1887,0.0718272,72.9139,425.443,0,0,0
1200,3,1,1025,1,1,1,4317.58,24688.8,636.221,52.1883,0.731635,537.392,15141.8,341.396,28.9996,0.516154,311.88,80.6098,23.1887,0.0718272,57.3493,422.006,0,0,0
1200,3,1,1026,1,1,1,4326.98,36851.4,1037.58,63.7961,1.62029,927.741,20364.7,701.256,40.6075,1.36973,658.739,82.1339,23.1887,0.106906,58.8383,783.39,0,0,0
1200,3,1,1027,1,1,1,4404.02,18723.1,638.667,46.3844,0.50112,545.719,9033.22,147.945,23.1957,0.267264,124.482,149.158,23.1887,0.0902016,125.879,297.104,0,0,0
1200,3,1,1028,1,1,1,4333.64,18690.3,516.944,46.3844,0.517824,423.626,11164.9,156.782,23.1957,0.267264,133.319,84.8519,23.1887,0.106906,61.5563,241.634,0,0,0
1200,3,1,1029,1,1,1,4332.95,18774.7,534.235,46.3844,0.517824,440.967,10941.8,158.132,23.1957,0.267264,134.669,86.1947,23.1887,0.106906,62.8991,244.326,0,0,0
1200,3,1,1030,1,1,1,4369.73,18686.5,512.207,46.3844,0.482746,418.91,11245.5,81.8537,23.1957,0.267264,58.3907,151.609,23.1887,0.0718272,128.348,233.463,0,0,0
1200,3,1,1031,1,1,1,4356.95,18990.8,482.388,46.3844,0.482746,389.005,12080.1,159.489,23.1957,0.267264,136.026,82.6366,23.1887,0.0718272,59.3761,242.126,0,0,0
1200,3,1,1032,1,1,1,4377.68,18703.4,638.251,46.3844,0.482746,545.32,9021.15,149.896,23.1957,0.267264,126.433,147.636,23.1887,0.0718272,124.376,297.533,0,0,0
1200,3,1,1033,1,1,1,4347.24,18663,436.832,46.3844,0.661478,343.138,12561.8,90.0601,23.1957,0.267264,66.5971,138.918,23.1887,0.106906,115.623,228.978,0,0,0
1200,3,1,1034,1,1,1,4401.16,18720.3,641.885,46.3844,0.913709,548.535,8972.2,149.748,23.1957,0.267264,126.285,147.909,23.1887,0.0718272,124.649,297.657,0,0,0
1200,3,1,1035,1,1,1,4351.42,18663.4,407.451,46.3844,0.482746,313.849,13085.2,82.8481,23.1957,0.267264,59.3851,130.861,23.1887,0.0718272,107.6,213.709,0,0,0
1200,3,1,1036,1,1,1,4318.34,18645.7,443.16,46.3844,0.482746,349.662,12432.6,93.0001,23.1957,0.267264,69.5371,143.85,23.1887,0.0718272,120.59,236.85,0,0,0
1200,3,1,1037,1,1,1,4323.08,18780.3,523.87,46.3844,0.482746,430.607,11132,160.806,23.1957,0.267264,137.343,84.2014,23.1887,0.0718272,60.9409,245.008,0,0,0
1200,3,1,1038,1,1,1,4316.3,18656,629.807,46.3844,0.482746,536.852,9123.93,139.261,23.1957,0.267264,115.798,151.053,23.1887,0.0718272,127.792,290.314,0,0,0
1200,3,1,1039,1,1,1,4347.02,18705.8,642.96,46.3844,1.00057,549.526,8938.35,152.404,23.1957,0.462701,128.745,152.384,23.1887,0.106906,129.088,304.788,0,0,0
1200,3,1,1040,1,1,1,4357.12,18698,620.117,46.3844,0.6264,526.991,9337.77,125.694,23.1957,0.267264,102.231,154.267,23.1887,0.0718272,131.007,279.961,0,0,0
1200,3,1,1041,1,1,1,4341.43,18707.3,585.127,46.3844,0.482746,492.043,9969.72,145.559,23.1957,0.267264,122.097,100.724,23.1887,0.0718272,77.4638,246.284,0,0,0
1200,3,1,1042,1,1,1,4312.78,30633.8,606.788,57.9922,0.589651,502.37,21710.3,418.229,34.8035,0.37417,382.547,33.2501,23.1887,0.0718272,9.98957,451.48,0,0,0
1200,3,1,1043,1,1,1,4366.79,18713.4,634.069,46.3844,0.517824,541.092,9105.26,145.303,23.1957,0.267264,121.84,147.72,23.1887,0.106906,124.425,293.024,0,0,0
1200,3,1,1044,1,1,1,4314.7,18831.7,485.773,46.3844,0.482746,392.4,11860.8,157.354,23.1957,0.267264,133.891,81.1098,23.1887,0.0718272,57.8493,238.464,0,0,0
1200,3,1,1045,1,1,2,10344.7,24679.8,633.102,69.5741,0.714931,517.371,15488.1,91.6109,23.1957,0.462701,67.9525,338.164,46.3784,0.108576,291.677,429.775,1,0,0
1200,3,1,1046,1,1,1,4333.79,18669.3,631.751,46.3844,0.517824,538.767,9102.42,145.17,23.1957,0.267264,121.707,146.414,23.1887,0.106906,123.118,291.583,0,0,0
1200,3,1,1047,1,1,1,4329.2,24650.3,454.943,52.1883,0.62473,355.694,18326.5,248.796,28.9996,0.390874,219.233,41.1572,23.1887,0.0902016,17.8783,289.953,0,0,0
1200,3,1,1048,1,1,2,10379.4,30778.4,988.129,75.3781,1.01727,867.484,15372.1,333.708,28.9996,0.516154,304.192,318.66,46.3784,0.213811,272.068,652.368,1,0,0
1200,3,1,1049,1,1,1,4437.96,18805.8,629.193,46.3844,0.482746,536.237,9284.66,140.613,23.1957,0.267264,117.15,149.564,23.1887,0.0718272,126.304,290.177,0,0,0
1200,3,1,1050,1,1,1,4321.99,18686.6,443.725,46.3844,0.517824,350.194,12463.2,153.222,23.1957,0.302342,129.724,79.101,23.1887,0.0718272,55.8405,232.323,0,0,0
1200,3,1,1051,1,1,1,4325.13,18841.7,485.101,46.3844,0.805133,391.403,11881.7,157.746,23.1957,0.302342,134.248,81.6963,23.1887,0.0718272,58.4358,239.443,0,0,0
1200,3,1,1052,1,1,1,4396.27,18712.9,511.652,46.3844,0.517824,418.318,11281.6,82.6658,23.1957,0.267264,59.2029,153.155,23.1887,0.106906,129.859,235.82,0,0,0
1200,3,1,1053,1,0,0,-1,-1,831.611,34.8035,0.444326,750.544,252723,-1,-1,-1,-1,-1,-1,-1,-1,-1,0,0,0
1200,3,1,1054,1,1,1,4316.3,24685.2,694.906,52.1883,0.83687,596.142,14093.9,333.584,28.9996,0.621389,303.963,85.1417,23.1887,0.0718272,61.8812,418.725,0,0,0
1200,3,1,1055,1,1,1,4330.98,18687.8,525.905,46.3844,0.6264,432.504,11002.9,158.229,23.1957,0.267264,134.766,85.5893,23.1887,0.0718272,62.3288,243.818,0,0,0
1200,3,1,1056,1,1,1,4414.06,18790.7,640.031,46.3844,0.517824,547.071,9076.56,150.07,23.1957,0.267264,126.607,149.841,23.1887,0.106906,126.545,299.911,0,0,0
1200,3,1,1057,1,1,1,4317.58,18751.7,459.785,46.3844,0.517824,366.3,12242.7,155.46,23.1957,0.302342,131.962,83.447,23.1887,0.0718272,60.1865,238.907,0,0,0
1200,3,1,1058,1,1,1,4333.14,18655.3,489.069,46.3844,0.517824,395.67,11625.5,85.2936,23.1957,0.267264,61.8306,150.527,23.1887,0.106906,127.231,235.82,0,0,0
1200,3,1,1059,1,1,1,4326.91,24669.6,823.343,52.1883,0.945446,724.844,11794.5,334.491,28.9996,0.71159,304.78,149.101,23.1887,0.0902016,125.822,483.592,0,0,0
1200,3,1,1060,1,1,1,4321.06,18677.2,446.994,46.3844,0.482746,353.508,12395.9,151.669,23.1957,0.267264,128.206,80.3734,23.1887,0.0718272,57.1129,232.042,0,0,0
1200,3,1,1061,1,1,1,4318.66,24655.3,592.845,52.1883,0.766714,493.855,15879.4,324.092,28.9996,0.551232,294.542,70.5318,23.1887,0.0718272,47.2713,394.624,0,0,0
1200,3,1,1062,0,0,0,-1,-1,1341.97,23.206,0.551232,1273.56,261642,-1,-1,-1,-1,-1,-1,-1,-1,-1,0,0,0
1200,3,1,1063,1,1,1,4354.92,18677.3,595.567,46.3844,0.517824,502.478,9753.86,109.147,23.1957,0.302342,85.6486,152.89,23.1887,0.0718272,129.63,262.037,0,0,0
1200,3,1,1064,1,0,0,-1,-1,1241.13,23.1957,0.267264,1172.72,259569,-1,-1,-1,-1,-1,-1,-1,-1,-1,0,0,0
1200,3,1,1065,1,1,1,4317.9,18749.7,581.253,46.3844,0.482746,488.157,10081,150.191,23.1957,0.267264,126.728,97.1905,23.1887,0.0718272,73.93,247.381,0,0,0
1200,3,1,1066,1,1,1,4321.07,18673.6,641.718,46.3844,0.482746,548.798,8929.72,151.671,23.1957,0.267264,128.208,149.634,23.1887,0.0718272,126.374,301.305,0,0,0
1200,3,1,1067,1,1,1,4318.22,18633,408.53,46.3844,0.482746,314.932,13035.7,83.5953,23.1957,0.267264,60.1323,129.883,23.1887,0.0718272,106.622,213.478,0,0,0
1200,3,1,1068,1,1,1,4356,18669.5,474.535,46.3844,0.482746,381.129,11898.5,90.3597,23.1957,0.267264,66.8967,151.936,23.1887,0.0718272,128.675,242.295,0,0,0
1200,3,1,1069,1,1,1,4319.43,24650.2,442.627,52.1883,0.606355,343.36,18545.7,243.415,28.9996,0.390874,213.835,37.8812,23.1887,0.0718272,14.6207,281.296,0,0,0
1200,3,1,1070,1,1,1,4341.03,18666.7,503.731,46.3844,0.482746,410.41,11376.5,82.96,23.1957,0.267264,59.497,151.856,23.1887,0.0718272,128.596,234.816,0,0,0
1200,3,1,1071,1,1,1,4319.33,24723.1,603.062,52.1883,0.766714,504.1,15765.5,331.812,28.9996,0.551232,302.261,73.2805,23.1887,0.0718272,50.02,405.092,0,0,0
1200,3,1,1072,1,0,0,-1,-1,1324.93,23.1957,0.302342,1256.73,261420,-1,-1,-1,-1,-1,-1,-1,-1,-1,0,0,0
1200,3,1,1073,1,1,1,4315.02,24644.1,424.153,52.1883,0.731635,324.707,18868.1,233.178,28.9996,0.516154,203.442,33.6616,23.1887,0.0718272,10.4011,266.839,0,0,0
1200,3,1,1074,1,1,1,4403.28,18790.9,620.843,46.3844,0.482746,527.862,9418.25,152.239,23.1957,0.267264,128.776,128.919,23.1887,0.0718272,105.658,281.158,0,0,0
1200,3,1,1075,1,1,1,4408.4,18720.6,485.287,46.3844,0.482746,391.912,11758.4,90.6863,23.1957,0.267264,67.2234,154.457,23.1887,0.0718272,131.196,245.143,0,0,0
1200,3,1,1076,1,0,0,-1,-1,829.62,23.1957,0.267264,760.014,252922,-1,-1,-1,-1,-1,-1,-1,-1,-1,0,0,0
1200,3,1,1077,1,1,1,4319.06,18733.1,463.342,46.3844,0.482746,369.903,12161.1,155.726,23.1957,0.267264,132.263,84.4053,23.1887,0.0718272,61.1448,240.131,0,0,0
1200,3,1,1078,1,1,1,4342.91,18720.7,636.702,46.3844,0.6264,543.624,9065.59,152.434,23.1957,0.267264,128.971,143.482,23.1887,0.0718272,120.221,295.916,0,0,0
1200,3,1,1079,1,1,1,4313.42,30689.7,918.728,57.9922,0.820166,814.986,16218.6,512.82,34.8035,0.604685,477.173,97.2952,23.1887,0.0718272,74.0347,610.115,0,0,0
1200,3,1,1080,1,1,1,4350.69,18755.9,646.931,46.3844,1.05235,553.456,8917.7,153.13,23.1957,0.658138,129.276,156.555,23.1887,0.106906,133.259,309.685,0,0,0
1200,3,1,1081,1,1,1,4455.27,18920.5,647.636,46.3844,0.517824,554.698,9071.1,154.317,23.1957,0.302342,130.819,155.561,23.1887,0.0718272,132.301,309.879,0,0,0
1200,3,1,1082,1,1,1,4323.67,18680.9,447.183,46.3844,0.713261,353.466,12395.5,152.347,23.1957,0.497779,128.653,80.2796,23.1887,0.0718272,57.019,232.626,0,0,0
1200,3,1,1083,1,1,1,4324.4,24789.5,711.268,52.1883,0.696557,612.692,13908.3,336.38,28.9996,0.481075,306.899,85.6344,23.1887,0.0718272,62.3739,422.014,0,0,0
1200,3,1,1084,1,1,1,4325.7,18740.6,453.347,46.3844,0.552902,359.809,12345.9,154.108,23.1957,0.302342,130.61,82.8143,23.1887,0.106906,59.5187,236.922,0,0,0
1200,3,1,1085,1,1,1,4368.99,24787.2,826.495,52.1883,0.731635,728.219,11856.8,338.691,28.9996,0.516154,309.175,155.621,23.1887,0.0718272,132.36,494.312,0,0,0
1200,3,1,1086,1,1,1,4323.59,18672.9,364.164,46.3844,0.552902,270.366,13864,110.732,23.1957,0.337421,87.1989,57.2142,23.1887,0.0718272,33.9537,167.946,0,0,0
1200,3,1,1087,1,1,1,4424.07,18892,648.391,46.3844,0.482746,555.49,9029.49,150.566,23.1957,0.267264,127.103,155.888,23.1887,0.0718272,132.628,306.454,0,0,0
1200,3,1,1088,1,1,1,4325.62,24647.5,522.9,52.1883,0.696557,423.776,17115.9,284.096,28.9996,0.481075,254.545,52.8213,23.1887,0.0718272,29.5608,336.918,0,0,0
1200,3,1,1089,1,1,1,4340.23,18655.6,431.465,46.3952,0.536198,337.869,12650.2,92.4597,23.2065,0.320717,68.9325,138.876,23.1887,0.0718272,115.615,231.336,0,0,0
1200,3,1,1090,1,1,1,4351.89,18719.5,636.14,46.3844,0.482746,543.203,9074.79,152.272,23.1957,0.267264,128.809,143.337,23.1887,0.0718272,120.077,295.609,0,0,0
1200,3,1,1091,1,1,1,4360.91,18688.6,585.527,46.3844,0.482746,492.443,9943.87,104.659,23.1957,0.267264,81.1961,150.25,23.1887,0.0718272,126.989,254.909,0,0,0
1200,3,1,1092,1,1,1,4344.94,18667.8,641.364,46.3844,0.482746,548.443,8930.17,151.954,23.1957,0.267264,128.491,151.889,23.1887,0.0718272,128.628,303.842,0,0,0
1200,3,1,1093,1,1,1,4339.92,18721.7,635.188,46.3844,0.678182,542.054,9093.44,151.72,23.1957,0.462701,128.061,148.104,23.1887,0.0718272,124.843,299.824,0,0,0
1200,3,1,1094,1,1,2,10359.3,24670.9,681.189,69.5741,0.519494,565.794,14624.6,90.9011,23.1957,0.267264,67.4382,352.085,46.3784,0.108576,305.598,442.986,1,0,0
1200,3,1,1095,1,1,1,4374.65,18707.8,596.12,46.3844,0.517824,503.032,9774.47,108.86,23.1957,0.302342,85.3616,152.932,23.1887,0.0718272,129.671,261.791,0,0,0
1200,3,1,1096,1,1,1,4349.43,18746.2,452.612,46.3844,0.552902,359.072,12364.5,152.923,23.1957,0.267264,129.46,82.501,23.1887,0.141984,59.1704,235.424,0,0,0
1200,3,1,1097,1,1,1,4317.62,18647.5,386.354,46.3844,0.482746,292.692,13444.5,125.187,23.1957,0.267264,101.724,64.0959,23.1887,0.0718272,40.8354,189.283,0,0,0
1200,3,1,1098,1,0,0,-1,-1,664.428,23.1957,0.302342,594.306,250072,-1,-1,-1,-1,-1,-1,-1,-1,-1,0,0,0
1200,3,1,1099,1,1,1,4334.43,18652.2,627.489,46.3844,0.482746,534.528,9161.36,136.027,23.1957,0.267264,112.564,150.183,23.1887,0.0718272,126.923,286.21,0,0,0
1200,3,1,1100,1,1,1,4346.84,18693.3,540.92,46.3844,0.517824,447.672,10741.5,79.7998,23.1957,0.267264,56.3368,149.005,23.1887,0.106906,125.71,228.805,0,0,0
1200,3,1,1101,1,0,0,-1,-1,1285.15,23.1957,0.462701,1216.67,260403,-1,-1,-1,-1,-1,-1,-1,-1,-1,0,0,0
1200,3,1,1102,1,1,1,4339.45,18659.9,636.038,46.3844,0.6264,542.958,9016.6,142.71,23.1957,0.267264,119.247,150.282,23.1887,0.0718272,127.022,292.992,0,0,0
1200,3,1,1103,1,1,1,4343.07,18658.1,498.131,46.3844,0.50112,404.775,11467.3,83.8642,23.1957,0.267264,60.4012,149.725,23.1887,0.0902016,126.446,233.589,0,0,0
1200,3,1,1104,1,1,1,4392.7,18783.6,646.45,46.3844,0.678182,553.348,8955.14,153.978,23.1957,0.462701,130.319,158.516,23.1887,0.0718272,135.255,312.493,0,0,0
1200,3,1,1105,1,1,1,4317.58,24651.7,531.438,52.1883,0.536198,432.499,16968.4,287.284,28.9996,0.320717,257.901,54.5846,23.1887,0.0718272,31.3241,341.868,0,0,0
1200,3,1,1106,1,1,1,4325.14,18701.1,584.688,46.3844,0.482746,491.602,9971.29,145.33,23.1957,0.267264,121.867,100.011,23.1887,0.0718272,76.7509,245.342,0,0,0
1200,3,1,1107,1,1,1,4358.91,24801.8,826.022,52.1883,1.06739,727.408,11878.3,333.203,28.9996,0.816826,303.387,152.187,23.1887,0.106906,128.892,485.391,0,0,0
1200,3,1,1108,1,1,1,4336.68,30697.1,1008.43,57.9922,1.08576,904.688,14629.8,517.811,34.8035,0.870278,481.916,151.176,23.1887,0.0718272,127.915,668.987,0,0,0
1200,3,1,1109,1,1,1,4366.06,24803,793.682,52.1883,0.910368,695.131,12455.6,302.894,28.9996,0.676512,273.184,151.061,23.1887,0.0902016,127.782,453.955,0,0,0
1200,3,1,1110,1,1,1,4421.1,18737.5,631.834,46.3844,0.770054,538.597,9168.58,143.293,23.1957,0.267264,119.83,148.328,23.1887,0.0718272,125.067,291.62,0,0,0
1200,3,1,1111,1,1,1,4332.71,18751.2,471.88,46.3844,0.783418,378.165,12026.2,151.915,23.1957,0.567936,128.152,81.6332,23.1887,0.0718272,58.3726,233.548,0,0,0
1200,3,1,1112,1,1,2,10337.9,24802.2,783.793,69.5741,0.519494,668.696,12931.3,151.198,23.1957,0.267264,127.735,292.035,46.3784,0.108576,245.548,443.233,1,0,0
1200,3,1,1113,1,1,1,4340.48,18664.3,503.769,46.3844,0.482746,410.448,11373.4,82.8445,23.1957,0.267264,59.3815,152.127,23.1887,0.0718272,128.866,234.971,0,0,0
1200,3,1,1114,1,1,1,4324.49,18647.8,556.286,46.3844,0.482746,463.117,10423.1,149.267,23.1957,0.267264,125.804,96.8711,23.1887,0.0718272,73.6106,246.138,0,0,0
1200,3,1,1115,1,1,1,4358.29,18677.2,535.38,46.3844,0.482746,442.151,10824.3,80.9765,23.1957,0.267264,57.5136,149.988,23.1887,0.0718272,126.728,230.965,0,0,0
1200,3,1,1116,1,1,1,4407.37,18727.1,511.282,46.3844,0.482746,417.983,11302.6,81.7454,23.1957,0.267264,58.2824,154.547,23.1887,0.0718272,131.287,236.292,0,0,0
1200,3,1,1117,1,1,1,4419.22,18740.3,486.084,46.3844,0.6264,392.567,11763.5,90.3164,23.1957,0.267264,66.8534,153.856,23.1887,0.0718272,130.595,244.172,0,0,0
1200,3,1,1118,1,1,1,4316.3,18866.4,499.051,46.3844,0.517824,405.681,11659.2,159.156,23.1957,0.302342,135.658,82.1259,23.1887,0.0718272,58.8654,241.282,0,0,0
1200,3,1,1119,1,1,1,4319.14,18680.7,644.151,46.3844,0.482746,551.238,8893.54,155.715,23.1957,0.267264,132.252,155.153,23.1887,0.0718272,131.893,310.869,0,0,0
1200,3,1,1120,1,1,1,4355.09,18752,452.674,46.3844,0.482746,359.204,12369.7,153.017,23.1957,0.267264,129.554,82.4904,23.1887,0.0718272,59.2299,235.507,0,0,0
1200,3,1,1121,1,1,1,4401.16,18810.6,488.44,46.3844,0.748339,394.809,11791.3,90.6235,23.1957,0.532858,66.8949,153.038,23.1887,0.0718272,129.778,243.662,0,0,0
1200,3,1,1122,1,1,1,4323.53,18652.8,463.477,46.3844,0.482746,370.038,12078.4,90.8668,23.1957,0.267264,67.4039,150.044,23.1887,0.0718272,126.784,240.911,0,0,0
1200,3,1,1123,1,1,1,4324.58,24810.6,683.091,52.1883,0.96215,584.167,14429.4,335.921,28.9996,0.71159,306.21,83.1283,23.1887,0.106906,59.8327,419.049,0,0,0
1200,3,1,1124,1,1,1,4399.88,18734.3,632.016,46.3844,0.517824,539.032,9162.68,144.354,23.1957,0.267264,120.891,148.179,23.1887,0.106906,124.883,292.533,0,0,0
1200,3,1,1125,1,1,1,4345.93,18731.2,583.285,46.3844,0.517824,490.16,10026.1,147.125,23.1957,0.302342,123.627,99.5837,23.1887,0.0718272,76.3232,246.709,0,0,0
1200,3,1,1126,1,1,1,4380.76,18706.9,609.575,46.3844,0.661478,516.382,9533.95,118.353,23.1957,0.302342,94.8549,155.926,23.1887,0.0718272,132.665,274.279,0,0,0
1200,3,1,1127,1,1,1,4425.29,18739.1,493.683,46.3844,0.517824,400.297,11627.4,85.7322,23.1957,0.267264,62.2692,152.716,23.1887,0.106906,129.42,238.448,0,0,0
1200,3,1,1128,1,1,1,4355.55,18668.4,529.909,46.3844,0.482746,436.664,10912.7,79.9514,23.1957,0.267264,56.4884,149.598,23.1887,0.0718272,126.338,229.55,0,0,0
1200,3,1,1129,1,1,1,4337.86,24758.4,784.117,52.1883,0.75001,685.699,12581.1,329.713,28.9996,0.390874,300.322,107.682,23.1887,0.0718272,84.4213,437.395,0,0,0
1200,3,1,1130,1,1,1,4366.06,18725.5,642.203,46.3844,0.482746,549.284,8973.02,151.53,23.1957,0.267264,128.067,150.858,23.1887,0.0718272,127.598,302.388,0,0,0
1200,3,1,1131,1,0,0,-1,-1,1180.43,23.1957,0.267264,1111.85,258585,-1,-1,-1,-1,-1,-1,-1,-1,-1,0,0,0
1200,3,1,1132,1,1,1,4336.39,18713.5,643.032,46.3844,0.482746,550.116,8946.24,153.564,23.1957,0.267264,130.101,157.796,23.1887,0.0718272,134.535,311.359,0,0,0
1200,3,1,1133,1,1,2,10344.8,24660.4,759.362,69.5741,0.768384,643.945,13232.4,88.7426,23.1957,0.267264,65.2796,346.626,46.3784,0.213811,300.034,435.368,1,0,0
1200,3,1,1134,1,1,1,4329.65,18647.8,637.927,46.3844,0.482746,544.995,8971.3,149.776,23.1957,0.267264,126.313,150.38,23.1887,0.0718272,127.119,300.155,0,0,0
1200,3,1,1135,1,1,1,4335.69,18692.8,583.063,46.3844,0.482746,489.973,9991.89,147.803,23.1957,0.267264,124.34,98.6272,23.1887,0.0718272,75.3666,246.43,0,0,0
1200,3,1,1136,1,1,2,10325.9,24680.3,824.623,69.5741,0.663149,709.501,12083.1,155.477,23.1957,0.267264,132.014,337.216,46.3784,0.25223,290.585,492.693,1,0,0
1200,3,1,1137,1,1,1,4404.59,18840.6,647.891,46.3952,0.50112,554.96,8986.94,155.748,23.2065,0.285638,132.256,152.441,23.1887,0.0718272,129.18,308.189,0,0,0
1200,3,1,1138,1,1,1,4371.31,18835.7,641.245,52.1883,1.12251,542.039,9198.47,157.308,28.9996,0.871949,127.437,144.203,23.1887,0.106906,120.907,301.511,0,0,0
1200,3,1,1139,1,1,1,4332.14,18650.2,524.437,46.3844,0.552902,431.105,10991.3,81.527,23.1957,0.267264,58.064,149.986,23.1887,0.141984,126.655,231.513,0,0,0
1200,3,1,1140,1,1,1,4332.53,18655.7,631.06,46.3844,0.678182,537.913,9100.85,147.598,23.1957,0.462701,123.939,141.717,23.1887,0.0718272,118.456,289.314,0,0,0
1200,3,1,1141,1,1,1,4367.37,18715,638.879,46.3844,0.678182,545.755,9021.11,150.628,23.1957,0.462701,126.969,147.212,23.1887,0.0718272,123.952,297.84,0,0,0
1200,3,1,1142,1,1,1,4322.92,18639,635.151,46.3844,0.6264,542.068,9011.48,143.072,23.1957,0.267264,119.61,149.633,23.1887,0.0718272,126.372,292.705,0,0,0
1200,3,1,1143,1,1,1,4396.11,18775.8,626.083,46.3844,0.783418,532.817,9308.71,132.014,23.1957,0.567936,108.25,151.921,23.1887,0.0718272,128.661,283.935,0,0,0
1200,3,1,1144,1,1,1,4344.41,18688.1,546.41,46.3844,0.482746,453.212,10639,156.839,23.1957,0.267264,133.377,91.5866,23.1887,0.0718272,68.3261,248.426,0,0,0
1200,3,1,1145,1,1,1,4330.66,18692.3,436.697,46.3844,0.731635,342.932,12593,151.792,23.1957,0.372499,128.224,78.103,23.1887,0.0718272,54.8425,229.895,0,0,0
1200,3,1,1146,1,1,1,4356.01,18730.4,643.686,46.3844,0.587981,550.666,8950.76,153.703,23.1957,0.337421,130.169,158.026,23.1887,0.106906,134.73,311.728,0,0,0
1200,3,1,1147,1,1,1,4342.99,18667.3,590.741,46.3844,0.696557,497.459,9828.99,106.259,23.1957,0.302342,82.7609,151.839,23.1887,0.106906,128.543,258.098,0,0,0
1200,3,1,1148,1,1,1,4362.88,18683.5,559.485,46.3844,0.6264,466.182,10401.5,86.0083,23.1957,0.267264,62.5453,148.301,23.1887,0.0718272,125.04,234.309,0,0,0
1200,3,1,1149,1,0,0,-1,-1,776.201,23.1957,0.302342,706.404,251966,-1,-1,-1,-1,-1,-1,-1,-1,-1,0,0,0
1200,3,1,1150,1,1,1,4316.94,24675.7,427.123,52.1883,0.927072,327.49,18846.4,234.691,28.9996,0.71159,204.76,34.4232,23.1887,0.0718272,11.1627,269.114,0,0,0
1200,3,1,1151,1,1,1,4315.98,18707.1,461.359,46.3844,0.482746,367.914,12170.3,155.21,23.1957,0.267264,131.747,83.308,23.1887,0.0718272,60.0475,238.518,0,0,0
1200,3,1,1152,1,1,1,4444.99,24821.5,824.409,52.1883,0.536198,726.322,11928.7,333.963,28.9996,0.320717,304.643,157.918,23.1887,0.0718272,134.658,491.882,0,0,0
1200,3,1,1153,1,1,1,4316.94,18632.4,488.24,46.3844,0.482746,394.874,11617.6,154.481,23.1957,0.267264,131.018,80.8029,23.1887,0.0718272,57.5424,235.284,0,0,0
1200,3,1,1154,1,1,1,4317.9,18742.5,532.945,46.3844,0.552902,439.638,10932.3,157.381,23.1957,0.337421,133.848,86.2246,23.1887,0.0718272,62.9641,243.605,0,0,0
1200,3,1,1155,1,1,1,4352.55,18709.7,469.025,46.3844,0.517824,375.568,12036.4,90.1944,23.1957,0.302342,66.6964,154,23.1887,0.0718272,130.74,244.195,0,0,0
1200,3,1,1156,1,1,1,4424.57,18795.5,621.354,46.3844,0.517824,528.339,9413.46,151.631,23.1957,0.267264,128.168,130.459,23.1887,0.106906,107.164,282.09,0,0,0
1200,3,1,1157,1,1,1,4330.66,18672,426.984,46.3844,0.6264,333.296,12746.2,92.6391,23.1957,0.267264,69.1762,137.867,23.1887,0.0718272,114.607,230.506,0,0,0
1200,3,1,1158,1,1,1,4328.03,18816,612.195,46.3844,0.482746,519.189,9597.1,153.483,23.1957,0.267264,130.02,116.782,23.1887,0.0718272,93.5211,270.264,0,0,0
1200,3,1,1159,1,1,1,4384.58,24832.4,809.064,52.1883,1.47997,709.988,12209.7,325.032,28.9996,0.942106,295.09,144.786,23.1887,0.106906,121.49,469.818,0,0,0
1200,3,1,1160,1,1,1,4326.06,18650.1,509.547,46.3844,0.482746,416.243,11256.5,81.8609,23.1957,0.267264,58.3979,153.549,23.1887,0.0718272,130.289,235.41,0,0,0
1200,3,1,1161,1,1,1,4328.71,24667.8,467.358,52.1883,1.03231,367.737,18122.3,256.495,28.9996,0.816826,226.526,43.7739,23.1887,0.0718272,20.5134,300.269,0,0,0
1200,3,1,1162,1,1,1,4371.92,18731.6,645.077,46.3844,0.50112,552.148,8927.78,153.825,23.1957,0.267264,130.363,158.63,23.1887,0.0902016,135.351,312.455,0,0,0
1200,3,1,1163,1,1,1,4364.41,18687.1,496.35,46.3844,0.517824,402.972,11527.9,85.3413,23.1957,0.302342,61.8433,150.842,23.1887,0.0718272,127.581,236.183,0,0,0
1200,3,1,1164,1,1,1,4318.34,24641,453.52,52.1883,0.536198,354.354,18343.3,248.64,28.9996,0.320717,219.146,40.1661,23.1887,0.0718272,16.9056,288.806,0,0,0
1200,3,1,1165,1,1,1,4316.3,18677.2,638.429,46.3844,0.482746,545.499,8991.85,151.389,23.1957,0.267264,127.926,145.922,23.1887,0.0718272,122.661,297.311,0,0,0
1200,3,1,1166,1,1,1,4324.46,18645.6,508.194,46.3844,0.821837,414.546,11275.2,82.4768,23.1957,0.462701,58.8184,153.574,23.1887,0.0718272,130.314,236.051,0,0,0
1200,3,1,1167,1,1,1,4333.54,18648.4,393.106,46.3844,0.482746,299.463,13325.3,78.5238,23.1957,0.267264,55.0608,125.345,23.1887,0.0718272,102.085,203.869,0,0,0
1200,3,1,1168,1,1,1,4461.51,18837.4,638.463,46.3844,0.482746,545.533,9151.36,153.573,23.1957,0.267264,130.11,148.781,23.1887,0.0718272,125.52,302.354,0,0,0
1200,3,1,1169,1,1,1,4340.04,18679,426.962,46.3844,0.482746,333.417,12754,92.446,23.1957,0.267264,68.9831,138.298,23.1887,0.0718272,115.038,230.744,0,0,0
1200,3,1,1170,1,1,2,4390.42,18854,669.062,69.5741,0.87696,553.274,9008.05,150.267,23.1957,0.302342,126.769,177.318,46.3784,0.430963,130.509,327.585,1,0,0
1200,3,1,1171,1,1,1,4315.34,18694.8,508.46,46.3844,0.482746,415.153,11320.5,157.533,23.1957,0.267264,134.07,83.0102,23.1887,0.0718272,59.7497,240.543,0,0,0
1200,3,1,1172,1,1,1,4314.38,18636.5,437.548,46.3844,0.482746,344.035,12523.2,90.4607,23.1957,0.267264,66.9978,139.419,23.1887,0.0718272,116.159,229.88,0,0,0
1200,3,1,1173,1,1,1,4366.31,18717.7,620.848,46.3844,0.696557,527.653,9344.09,124.537,23.1957,0.337421,101.004,152.526,23.1887,0.0718272,129.265,277.063,0,0,0
1200,3,1,1174,1,1,1,4337.54,18660.5,635.685,46.3844,0.517824,542.712,9023.69,143.219,23.1957,0.267264,119.756,149.231,23.1887,0.106906,125.935,292.45,0,0,0
1200,3,1,1175,1,1,1,4320.84,18686.7,630.09,46.3844,0.482746,537.136,9149.54,139.945,23.1957,0.267264,116.482,150.715,23.1887,0.0718272,127.455,290.66,0,0,0
1200,3,1,1176,1,1,1,4316.94,24663.4,436.934,52.1883,0.571277,337.685,18660.3,240.93,28.9996,0.355795,211.375,36.7694,23.1887,0.0718272,13.5089,277.699,0,0,0
1200,3,1,1177,1,1,2,10322.7,24638.8,727.343,69.5741,0.519494,612.082,13771.8,79.5417,23.1957,0.267264,56.0787,349.979,46.3784,0.108576,303.492,429.52,1,0,0
1200,3,1,1178,1,1,1,4345.79,18769.1,599.809,46.3844,0.50112,506.748,9770.21,147.09,23.1957,0.267264,123.627,105.257,23.1887,0.0902016,81.9776,252.346,0,0,0
1200,3,1,1179,1,1,1,4318.34,18650.7,641.161,46.3952,0.50112,548.21,8916.66,150.462,23.2065,0.285638,126.969,150.587,23.1887,0.0718272,127.327,301.049,0,0,0
1200,3,1,1180,1,1,1,4347.82,24820.7,794.563,52.1883,0.766714,696.158,12457.8,336.003,28.9996,0.516154,306.488,117.631,23.1887,0.106906,94.3351,453.634,0,0,0
1200,3,1,1181,1,1,1,4351.43,18676.4,595.551,46.3844,0.482746,502.496,9753.44,109.209,23.1957,0.267264,85.746,152.358,23.1887,0.0718272,129.097,261.567,0,0,0
1200,3,1,1182,1,1,1,4365.12,18812.9,606.306,46.3844,0.623059,513.143,9697.78,150.126,23.1957,0.372499,126.558,109.042,23.1887,0.106906,85.746,259.168,0,0,0
1200,3,1,1183,1,1,1,4320.78,24647.6,766.634,52.1883,0.731635,668.184,12781.5,325.979,28.9996,0.516154,296.464,99.0044,23.1887,0.0718272,75.7438,424.984,0,0,0
1200,3,1,1184,1,0,0,-1,-1,1193.88,23.1957,0.337421,1125.26,258907,-1,-1,-1,-1,-1,-1,-1,-1,-1,0,0,0
1200,3,1,1185,1,1,1,4359.9,18717.8,643.628,46.3844,1.01393,550.182,8938.02,152.514,23.1957,0.728294,128.59,153.581,23.1887,0.141984,130.251,306.095,0,0,0
1200,3,1,1186,1,1,1,4363.56,18717,634.003,46.3844,0.517824,541.025,9110.02,145.296,23.1957,0.267264,121.833,147.654,23.1887,0.106906,124.358,292.95,0,0,0
1200,3,1,1187,1,1,1,4324.36,18669.9,376.755,46.3844,0.713261,282.834,13636.9,117.228,23.1957,0.462701,93.5699,61.9652,23.1887,0.106906,38.6696,179.193,0,0,0
1200,3,1,1188,1,1,1,4315.98,30657.2,884.76,57.9922,0.945446,780.794,16790.1,516.342,34.8035,0.729965,480.586,85.6633,23.1887,0.0718272,62.4028,602.005,0,0,0
1200,3,1,1189,1,1,1,4387.47,18897.1,648.008,46.3844,0.678182,554.911,9040.85,155.526,23.1957,0.462701,131.868,154.563,23.1887,0.0718272,131.303,310.089,0,0,0
1200,3,1,1190,1,1,1,4316.62,18637.9,403.603,46.3844,0.482746,309.991,13128.2,134.141,23.1957,0.267264,110.678,70.1727,23.1887,0.0718272,46.9122,204.313,0,0,0
1200,3,1,1191,1,1,1,4328.79,18671,571.787,46.3844,0.661478,478.485,10170,93.4675,23.1957,0.267264,70.0046,145.547,23.1887,0.106906,122.252,239.015,0,0,0
1200,3,1,1192,1,1,1,4337.03,18699,487.641,46.3844,0.554573,394.201,11694.3,157.616,23.1957,0.267264,134.153,81.9956,23.1887,0.143654,58.6632,239.611,0,0,0
1200,3,1,1193,0,0,0,-1,-1,369.829,23.206,0.551232,298.592,245401,-1,-1,-1,-1,-1,-1,-1,-1,-1,0,0,0
1200,3,1,1194,1,0,0,-1,-1,1569.16,23.1957,0.462701,1501.51,273160,-1,-1,-1,-1,-1,-1,-1,-1,-1,0,0,0
1200,3,1,1195,1,1,1,4552.4,19000.2,650.395,46.3844,0.696557,557.286,9101.1,153.467,23.1957,0.302342,129.969,158.466,23.1887,0.106906,135.17,311.933,0,0,0
1200,3,1,1196,1,1,2,10345.5,24735.6,823.479,69.5741,1.12919,707.888,12157.2,141.51,23.1957,0.302342,118.012,344.222,46.3784,0.683194,297.16,485.732,1,0,0
1200,3,1,1197,1,1,2,4364.07,18743.2,666.863,69.5741,0.87696,551.069,8948.53,151.131,23.1957,0.267264,127.668,175.969,46.3784,0.466042,129.124,327.1,1,0,0
1200,3,1,1198,1,1,1,4348.96,24720.7,760.927,52.1883,0.83687,662.354,12955.4,325.914,28.9996,0.516154,296.399,98.9454,23.1887,0.177062,75.5796,424.86,0,0,0
1200,3,1,1199,1,1,1,4348.04,18684.9,641.958,46.3844,0.482746,549.038,8936.78,154.872,23.1957,0.267264,131.409,152.475,23.1887,0.0718272,129.215,307.347,0,0,0
1200,3,1,1200,1,1,1,4337.42,36825.2,1142.93,63.7961,1.15926,1033.86,18466.6,691.656,40.6075,0.943776,649.544,106.088,23.1887,0.0718272,82.8277,797.745,0,0,0
