N,seed,dutyCycle,devId,registered,authSuccess,attempts,latencyMs,e2eMs,fullEnergyMJ,fullCpuEnergyMJ,fullTxEnergyMJ,fullRxEnergyMJ,idleListeningMs,regEnergyMJ,regCpuEnergyMJ,regTxEnergyMJ,regRxEnergyMJ,authEnergyMJ,authCpuEnergyMJ,authTxEnergyMJ,authRxEnergyMJ,sessionEnergyMJ,fallbackUsed,replayRejected,desync
1200,4,1,1,1,1,1,4314.06,18752.6,429.981,46.3844,1.06906,335.859,12772.4,149.932,23.1957,0.853574,125.883,72.3547,23.1887,0.0718272,49.0942,222.287,0,0,0
1200,4,1,2,1,1,1,4407.73,18731.5,535.702,46.3844,0.6264,442.329,10872.4,88.1235,23.1957,0.267264,64.6606,156.828,23.1887,0.0718272,133.568,244.952,0,0,0
1200,4,1,3,1,0,0,-1,-1,781.977,23.2065,0.481075,712.008,251120,-1,-1,-1,-1,-1,-1,-1,-1,-1,0,0,0
1200,4,1,4,1,1,1,4450.08,24778.9,769.007,52.1883,0.766714,670.528,12870.5,262.848,28.9996,0.481075,233.234,160.649,23.1887,0.141984,137.318,423.497,0,0,0
1200,4,1,5,1,1,1,4346.34,18672.1,443.292,46.3844,0.910368,349.368,12454.9,79.9648,23.1957,0.302342,56.4668,131.567,23.1887,0.177062,108.201,211.532,0,0,0
1200,4,1,6,1,1,1,4326.31,24660.7,707.929,52.1883,1.08743,608.952,13837.9,224.74,28.9996,0.871949,194.624,156.565,23.1887,0.0718272,133.304,381.305,0,0,0
1200,4,1,7,1,1,1,4452.53,18776.9,633.909,46.3844,0.783418,540.666,9170.68,129.736,23.1957,0.462701,106.077,155.714,23.1887,0.177062,132.348,285.449,0,0,0
1200,4,1,8,1,0,0,-1,-1,1167.63,23.1957,0.302342,1098.98,257046,-1,-1,-1,-1,-1,-1,-1,-1,-1,0,0,0
1200,4,1,9,1,1,1,4315.66,30719.3,974.812,63.7961,1.33465,865.075,15349.1,535.69,40.6075,1.11917,493.947,105.993,23.1887,0.0718272,82.732,641.683,0,0,0
1200,4,1,10,1,1,1,4344.33,18722.5,541.157,46.3844,0.482746,447.944,10766.8,155.399,23.1957,0.267264,131.936,85.4702,23.1887,0.0718272,62.2097,240.869,0,0,0
1200,4,1,11,1,1,1,4322.25,24643,560.869,52.1883,0.766714,461.785,16435.7,165.222,28.9996,0.551232,135.255,145.025,23.1887,0.0718272,121.764,310.247,0,0,0
1200,4,1,12,1,1,1,4340.65,18659.7,558.868,46.3844,0.482746,465.707,10389,104.923,23.1957,0.267264,81.4596,150.854,23.1887,0.0718272,127.594,255.777,0,0,0
1200,4,1,13,1,1,1,4338.18,18671.3,443.768,46.3844,0.552902,350.202,12446.9,79.3143,23.1957,0.267264,55.8513,131.38,23.1887,0.141984,108.05,210.695,0,0,0
1200,4,1,14,1,1,1,4389.33,18754.3,655.282,46.3844,0.482746,562.401,8769.23,147.382,23.1957,0.267264,123.919,159.732,23.1887,0.0718272,136.472,307.115,0,0,0
1200,4,1,15,1,1,1,4377.99,18810.3,659.918,46.3844,0.783418,566.751,8741.54,155.663,23.1957,0.462701,132.005,156.165,23.1887,0.177062,132.799,311.828,0,0,0
1200,4,1,16,1,1,1,4355.67,18678.5,572.21,46.3844,0.482746,479.088,10170.7,106.41,23.1957,0.267264,82.9468,152.217,23.1887,0.0718272,128.957,258.627,0,0,0
1200,4,1,17,1,1,1,4326.25,18674.6,619.453,46.3844,0.678182,526.272,9326.18,125.337,23.1957,0.462701,101.679,155.401,23.1887,0.0718272,132.14,280.738,0,0,0
1200,4,1,18,1,1,1,4409.59,18760.4,627.355,46.3844,0.517824,534.358,9271.69,124.761,23.1957,0.267264,101.298,154.755,23.1887,0.106906,131.46,279.516,0,0,0
1200,4,1,19,1,1,1,4322.68,24646.6,527.932,52.1883,0.731635,428.788,17025.2,290.893,28.9996,0.516154,261.326,55.7379,23.1887,0.0718272,32.4774,346.63,0,0,0
1200,4,1,20,1,1,1,4381.01,18701.8,590.582,46.3844,0.552902,497.443,9866.73,151.611,23.1957,0.267264,128.148,105.976,23.1887,0.141984,82.6454,257.587,0,0,0
1200,4,1,21,1,1,1,4318.54,18732.2,475.664,46.3844,0.678182,382.065,11940.6,155.566,23.1957,0.462701,131.907,81.8064,23.1887,0.0718272,58.5459,237.372,0,0,0
1200,4,1,22,1,1,1,4333.67,18654.8,638.917,46.3844,0.678182,545.793,8960.2,134.845,23.1957,0.462701,111.187,154.682,23.1887,0.0718272,131.422,289.527,0,0,0
1200,4,1,23,1,1,1,4315.66,36644.7,885.224,63.7961,0.998899,775.562,22869,659.892,40.6075,0.783418,617.873,54.3987,23.1887,0.0718272,31.1382,714.291,0,0,0
1200,4,1,24,1,1,1,4422.58,18844.7,661.399,46.3844,0.748339,568.27,8749.87,155.008,23.1957,0.532858,131.279,158.713,23.1887,0.0718272,135.452,313.72,0,0,0
1200,4,1,25,1,1,1,4377.7,18794.5,639.599,46.3844,0.482746,546.672,9088.35,161.025,23.1957,0.267264,137.562,135.952,23.1887,0.0718272,112.692,296.977,0,0,0
1200,4,1,26,1,1,1,4314.7,18745,392.122,46.3844,0.482746,298.476,13439.5,133.976,23.1957,0.267264,110.513,64.1067,23.1887,0.0718272,40.8462,198.083,0,0,0
1200,4,1,27,1,1,1,4317.9,24646.2,517.932,52.1883,0.731635,418.759,17202.6,287.152,28.9996,0.516154,257.574,54.7904,23.1887,0.0718272,31.5299,341.942,0,0,0
1200,4,1,28,1,1,1,4354.85,18678.6,592.748,46.3844,0.517824,499.65,9805.22,113.988,23.1957,0.267264,90.5252,157.912,23.1887,0.106906,134.616,271.9,0,0,0
1200,4,1,29,1,1,1,4359.39,18708.3,656.978,46.3844,0.587981,563.996,8692.32,156.614,23.1957,0.337421,133.081,154.689,23.1887,0.106906,131.393,311.302,0,0,0
1200,4,1,30,1,1,2,10396,24738.7,671.782,69.5741,0.663149,556.216,14859.3,85.5788,23.1957,0.267264,62.1158,343.574,46.3784,0.25223,296.944,429.153,1,0,0
1200,4,1,31,1,1,1,4320.87,18661.9,590.807,46.3844,0.482746,497.739,9823.31,151.672,23.1957,0.267264,128.209,106.779,23.1887,0.0718272,83.5189,258.452,0,0,0
1200,4,1,32,1,1,1,4327.3,18648.6,580.977,46.3844,0.517824,487.845,9984.62,113.293,23.1957,0.267264,89.8303,154.983,23.1887,0.106906,131.687,268.276,0,0,0
1200,4,1,33,1,1,1,4325.64,18674.6,442.873,46.3844,0.661478,349.196,12465.9,82.664,23.1957,0.267264,59.201,129.472,23.1887,0.106906,106.176,212.136,0,0,0
1200,4,1,34,1,1,1,4385.87,18698.8,633.29,46.3844,0.517824,540.31,9104.5,158.913,23.1957,0.267264,135.45,131.508,23.1887,0.106906,108.212,290.421,0,0,0
1200,4,1,35,1,1,1,4318.47,18675.4,654.985,46.3844,0.482746,562.103,8695.62,156.248,23.1957,0.267264,132.785,150.647,23.1887,0.0718272,127.386,306.894,0,0,0
1200,4,1,36,1,1,1,4419.55,18749.6,544.971,46.3844,0.517824,451.734,10725.9,93.953,23.1957,0.267264,70.4901,153.902,23.1887,0.106906,130.606,247.855,0,0,0
1200,4,1,37,1,1,2,10321.4,24701.4,817.924,69.5741,0.519494,702.926,12223.6,156.544,23.1957,0.267264,133.081,313.007,46.3784,0.108576,266.52,469.551,1,0,0
1200,4,1,38,1,1,2,10370.7,24786.3,861.446,69.5849,0.591322,746.492,11534.1,156.306,23.2065,0.285638,132.813,354.091,46.3784,0.162029,307.551,510.397,1,0,0
1200,4,1,39,1,1,1,4317.26,24708.2,602.446,52.1883,1.03231,503.218,15760.6,326.72,28.9996,0.816826,296.904,70.1817,23.1887,0.0718272,46.9212,396.902,0,0,0
1200,4,1,40,1,1,1,4318.86,18671,423.908,46.3844,0.748339,330.089,12799.2,81.807,23.1957,0.532858,58.0785,122.104,23.1887,0.0718272,98.8435,203.911,0,0,0
1200,4,1,41,1,1,1,4314.38,18736,512.7,46.3844,0.482746,419.405,11286.3,155.148,23.1957,0.267264,131.685,79.7652,23.1887,0.0718272,56.5047,234.914,0,0,0
1200,4,1,42,1,1,2,4431.2,18754.9,676.806,69.5741,0.733306,561.185,8762.89,146.435,23.1957,0.267264,122.972,183.108,46.3784,0.322387,136.407,329.542,1,0,0
1200,4,1,43,1,1,1,4481,18825.2,660.52,46.3844,0.805133,567.332,8745.93,152.512,23.1957,0.267264,129.049,159.239,23.1887,0.106906,135.943,311.75,0,0,0
1200,4,1,44,1,1,1,4349.78,18790,615.83,46.3844,0.482746,522.834,9506.47,157.186,23.1957,0.267264,133.723,108.996,23.1887,0.0718272,85.7352,266.182,0,0,0
1200,4,1,45,1,1,1,4334.8,18677.1,657.062,46.3844,0.678182,563.991,8659.92,151.942,23.1957,0.462701,128.283,152.719,23.1887,0.0718272,129.458,304.661,0,0,0
1200,4,1,46,1,1,1,4315.98,18644.8,411.519,46.3844,0.482746,317.93,12994.3,80.0831,23.1957,0.267264,56.6202,119.485,23.1887,0.0718272,96.2247,199.568,0,0,0
1200,4,1,47,1,1,1,4438.09,24859.8,846.065,52.1883,0.980525,747.597,11580.2,342.326,28.9996,0.551232,312.775,155.274,23.1887,0.141984,131.944,497.6,0,0,0
1200,4,1,48,1,1,4,22394.1,36716.2,1136.06,115.954,1.16761,976.234,19378.6,87.5045,23.1957,0.267264,64.0415,768.133,92.758,0.756691,674.618,855.637,3,0,0
1200,4,1,49,1,1,1,4353.89,18684.9,653.362,46.3844,0.661478,560.297,8733.36,146.928,23.1957,0.302342,123.43,158.408,23.1887,0.0718272,135.147,305.336,0,0,0
1200,4,1,50,1,1,1,4355.4,18770.1,479.233,46.3844,0.805133,385.518,11914.5,154.642,23.1957,0.302342,131.144,81.5447,23.1887,0.0718272,58.2842,236.187,0,0,0
1200,4,1,51,1,1,1,4348.21,18723.4,658.015,46.3844,0.482746,565.142,8689.71,153.08,23.1957,0.267264,129.617,150.992,23.1887,0.0718272,127.731,304.072,0,0,0
1200,4,1,52,1,1,2,10318.7,24653.1,831.026,69.5741,0.841882,715.744,11941.3,156.389,23.1957,0.302342,132.891,327,46.3784,0.395885,280.226,483.389,1,0,0
1200,4,1,53,1,1,1,4362.8,18680.3,559.937,46.3844,0.482746,466.779,10390.6,104.69,23.1957,0.267264,81.2268,151.791,23.1887,0.0718272,128.531,256.481,0,0,0
1200,4,1,54,1,1,1,4331.22,18701,659.243,46.3844,0.696557,566.16,8644.8,158.728,23.1957,0.462701,135.069,153.228,23.1887,0.0902016,129.949,311.956,0,0,0
1200,4,1,55,1,0,0,-1,-1,854.818,23.1957,0.267264,785.285,252230,-1,-1,-1,-1,-1,-1,-1,-1,-1,0,0,0
1200,4,1,56,1,1,1,4323.37,18736.5,658.078,46.3844,0.482746,565.206,8701.66,154.672,23.1957,0.267264,131.209,150.169,23.1887,0.0718272,126.908,304.841,0,0,0
1200,4,1,57,1,1,1,4317.58,30714.7,890.66,57.9922,1.17596,786.481,16741.9,530.968,34.8035,0.96048,495.015,80.7632,23.1887,0.0718272,57.5027,611.732,0,0,0
1200,4,1,58,1,1,1,4319.98,24652.6,477.546,52.1883,0.891994,378.095,17927,267.344,28.9996,0.676512,237.548,46.9323,23.1887,0.0718272,23.6718,314.277,0,0,0
1200,4,1,59,1,1,1,4388.93,18706.1,611.529,46.3844,0.482746,518.521,9499.02,119.825,23.1957,0.267264,96.3619,158.711,23.1887,0.0718272,135.45,278.536,0,0,0
1200,4,1,60,1,1,1,4342.53,18905.1,662.878,46.3844,0.482746,570.019,8784.95,161.44,23.1957,0.267264,137.977,153.728,23.1887,0.0718272,130.467,315.168,0,0,0
1200,4,1,61,1,1,1,4318.86,18729.6,422.697,46.3844,0.517824,329.105,12880.1,145.253,23.1957,0.302342,121.755,71.2953,23.1887,0.0718272,48.0348,216.549,0,0,0
1200,4,1,62,1,1,1,4316.62,24673.8,486.23,52.1883,0.571277,387.124,17794.2,273.086,28.9996,0.355795,243.623,48.423,23.1887,0.0718272,25.1625,321.509,0,0,0
1200,4,1,63,1,1,1,4415.98,18734,542.627,46.3844,0.482746,449.419,10752.1,90.9733,23.1957,0.267264,67.5103,155.283,23.1887,0.0718272,132.023,246.257,0,0,0
1200,4,1,64,1,0,0,-1,-1,1561.65,23.1957,0.302342,1494.13,270751,-1,-1,-1,-1,-1,-1,-1,-1,-1,0,0,0
1200,4,1,65,1,1,1,4343.16,18792.2,661.562,46.3844,0.482746,568.7,8695.48,158.762,23.1957,0.267264,135.299,151.8,23.1887,0.0718272,128.54,310.562,0,0,0
1200,4,1,66,1,1,1,4337.25,18699.6,659.363,46.3844,0.713261,566.263,8641.2,158.084,23.1957,0.497779,134.391,155.466,23.1887,0.0718272,132.205,313.55,0,0,0
1200,4,1,67,1,0,0,-1,-1,472.625,69.5741,0.698227,356.444,12330.6,-1,-1,-1,-1,-1,-1,-1,-1,-1,1,0,0
1200,4,1,68,1,1,1,4345.21,18674.8,466.375,46.3844,0.6264,372.801,12048.5,85.6744,23.1957,0.267264,62.2115,139.047,23.1887,0.0718272,115.787,224.722,0,0,0
1200,4,1,69,1,1,1,4333.84,18731.1,477.651,46.3844,0.517824,384.218,11904.4,154.201,23.1957,0.267264,130.738,80.9553,23.1887,0.106906,57.6598,235.156,0,0,0
1200,4,1,70,1,0,0,-1,-1,1482.42,23.1957,0.267264,1414.71,266420,-1,-1,-1,-1,-1,-1,-1,-1,-1,0,0,0
1200,4,1,71,1,1,1,4323.91,18685.7,658.429,46.3844,0.482746,565.558,8644.63,158.184,23.1957,0.267264,134.721,152.457,23.1887,0.0718272,129.197,310.641,0,0,0
1200,4,1,72,1,1,1,4320.71,18636.3,529.618,46.3844,0.482746,436.372,10885.8,87.5659,23.1957,0.267264,64.1029,152.686,23.1887,0.0718272,129.426,240.252,0,0,0
1200,4,1,73,1,1,1,4340.03,18656.4,638.428,46.3844,0.6264,545.355,8970.65,133.996,23.1957,0.267264,110.533,154.789,23.1887,0.0718272,131.528,288.785,0,0,0
1200,4,1,74,1,1,1,4400.23,18823.4,617.761,46.3844,0.678182,524.576,9505.05,158.017,23.1957,0.462701,134.358,111.268,23.1887,0.0718272,88.0075,269.285,0,0,0
1200,4,1,75,1,0,0,-1,-1,1151.73,23.1957,0.497779,1082.83,256765,-1,-1,-1,-1,-1,-1,-1,-1,-1,0,0,0
1200,4,1,76,1,1,1,4343.98,18718.1,523.524,46.3844,0.517824,430.225,11075.7,155.461,23.1957,0.267264,131.998,81.4769,23.1887,0.106906,58.1813,236.938,0,0,0
1200,4,1,77,1,1,1,4419.02,18772.1,638.619,46.3844,0.517824,545.654,9083.06,158.795,23.1957,0.302342,135.297,137.454,23.1887,0.0718272,114.193,296.249,0,0,0
1200,4,1,78,1,1,1,4318.15,24649.5,494.331,52.1883,0.571277,395.249,17625.9,277.22,28.9996,0.320717,247.808,49.9164,23.1887,0.106906,26.6208,327.137,0,0,0
1200,4,1,79,1,1,1,4339.88,18663.7,623.294,46.3844,0.482746,530.321,9247.39,126.06,23.1957,0.267264,102.597,155.357,23.1887,0.0718272,132.097,281.418,0,0,0
1200,4,1,80,1,1,1,4315.46,18725.6,657,46.3844,0.482746,564.125,8709.92,158.161,23.1957,0.267264,134.698,150.013,23.1887,0.0718272,126.753,308.174,0,0,0
1200,4,1,81,1,1,1,4349.23,18665.6,445.852,46.3844,0.482746,352.362,12404.6,79.2963,23.1957,0.267264,55.8333,131.641,23.1887,0.0718272,108.38,210.937,0,0,0
1200,4,1,82,1,1,1,4322.12,18730.2,633.773,46.3844,0.783418,540.529,9126.4,132.687,23.1957,0.567936,108.923,155.06,23.1887,0.0718272,131.799,287.747,0,0,0
1200,4,1,83,1,1,1,4332.79,18647,1604.17,46.3844,0.913709,1513.62,272062,82.451,23.1957,0.267264,58.9881,120.676,23.1887,0.0718272,97.4159,203.127,0,0,0
1200,4,1,84,1,0,0,-1,-1,393.58,23.1957,0.267264,322.705,245079,-1,-1,-1,-1,-1,-1,-1,-1,-1,0,0,0
1200,4,1,85,1,1,1,4324.9,18648,458.091,46.3844,0.482746,364.636,12169.3,81.7129,23.1957,0.267264,58.2499,136.059,23.1887,0.0718272,112.798,217.772,0,0,0
1200,4,1,86,1,0,0,-1,-1,648.011,23.1957,0.302342,577.841,249109,-1,-1,-1,-1,-1,-1,-1,-1,-1,0,0,0
1200,4,1,87,1,1,1,4357.3,18842.4,663.176,46.3844,0.482746,570.319,8716.96,160,23.1957,0.267264,136.537,152.598,23.1887,0.0718272,129.337,312.598,0,0,0
1200,4,1,88,1,0,0,-1,-1,1566.08,23.1957,0.267264,1498.61,271143,-1,-1,-1,-1,-1,-1,-1,-1,-1,0,0,0
1200,4,1,89,1,1,1,4338.35,18778.8,558.299,46.3844,0.873619,464.745,10517.3,154.431,23.1957,0.658138,130.577,93.6946,23.1887,0.0718272,70.4341,248.126,0,0,0
1200,4,1,90,1,1,1,4345.54,18800.8,628.865,46.3844,0.517824,535.872,9285.17,160.637,23.1957,0.267264,137.174,124.776,23.1887,0.106906,101.48,285.413,0,0,0
1200,4,1,91,1,1,1,4343.4,18763,594.838,46.3844,0.482746,501.781,9852.78,153.77,23.1957,0.267264,130.307,107.689,23.1887,0.0718272,84.4285,261.459,0,0,0
1200,4,1,92,1,1,1,4348.68,18666.6,423.585,46.3844,0.517824,329.995,12801.3,82.9185,23.1957,0.267264,59.4555,126.375,23.1887,0.106906,103.079,209.293,0,0,0
1200,4,1,93,1,1,1,4380.28,18780,389.851,46.3844,0.482746,296.198,13514.8,132.412,23.1957,0.267264,108.949,63.6321,23.1887,0.0718272,40.3716,196.044,0,0,0
1200,4,1,94,1,1,1,4340.62,18751.2,659.684,46.3844,0.517824,566.781,8687.56,157.485,23.1957,0.302342,133.987,151.378,23.1887,0.0718272,128.117,308.862,0,0,0
1200,4,1,95,1,1,1,4379.49,18731.1,594.858,46.3844,0.517824,501.767,9820.19,114.419,23.1957,0.267264,90.9565,158.215,23.1887,0.106906,134.92,272.635,0,0,0
1200,4,1,96,1,1,1,4318.34,18633,424.739,46.3844,0.482746,331.188,12747.5,81.693,23.1957,0.267264,58.2301,122.097,23.1887,0.0718272,98.8363,203.79,0,0,0
1200,4,1,97,1,1,1,4320.48,18640.2,587.638,46.3844,0.482746,494.56,9857.98,113.811,23.1957,0.267264,90.3483,156.496,23.1887,0.0718272,133.236,270.308,0,0,0
1200,4,1,98,1,1,1,4327.48,18764.3,630.036,46.406,0.554573,536.989,9227.84,160.833,23.2173,0.339091,137.277,124.977,23.1887,0.0718272,101.717,285.81,0,0,0
1200,4,1,99,1,1,1,4327.57,18705,656.275,46.3844,0.482746,563.397,8702.28,157.092,23.1957,0.267264,133.629,150.246,23.1887,0.0718272,126.986,307.338,0,0,0
1200,4,1,100,1,1,1,4344.81,18671.7,503.009,46.3844,0.6264,409.542,11393.9,87.5045,23.1957,0.267264,64.0415,152.248,23.1887,0.0718272,128.987,239.752,0,0,0
1200,4,1,101,1,0,0,-1,-1,1454.49,23.1957,0.267264,1386.7,265214,-1,-1,-1,-1,-1,-1,-1,-1,-1,0,0,0
1200,4,1,102,1,1,1,4364.82,18722.6,656.127,46.3844,0.517824,563.213,8722.26,153.121,23.1957,0.302342,129.623,154.34,23.1887,0.0718272,131.079,307.46,0,0,0
1200,4,1,103,1,1,1,4375.41,18716.5,561.872,46.3844,0.678182,468.524,10391.9,105.697,23.1957,0.462701,82.039,152.154,23.1887,0.0718272,128.893,257.851,0,0,0
1200,4,1,104,1,1,1,4315.59,18761.7,658.507,46.3844,0.482746,565.635,8719.23,154.504,23.1957,0.267264,131.041,152.587,23.1887,0.0718272,129.327,307.091,0,0,0
1200,4,1,105,1,0,0,-1,-1,855.396,28.9996,0.320717,780.166,252174,-1,-1,-1,-1,-1,-1,-1,-1,-1,0,0,0
1200,4,1,106,1,1,1,4411.83,18736.6,625.877,46.3844,0.552902,532.84,9273.88,122.796,23.1957,0.267264,99.3326,156.556,23.1887,0.141984,133.225,279.351,0,0,0
1200,4,1,107,1,1,1,4323.7,18659.9,656.801,46.3844,0.482746,563.924,8647.86,155.12,23.1957,0.267264,131.657,151.125,23.1887,0.0718272,127.865,306.245,0,0,0
1200,4,1,108,1,1,1,4330.48,18706.9,562.575,46.3844,0.482746,469.425,10370.4,153.08,23.1957,0.267264,129.617,95.032,23.1887,0.0718272,71.7715,248.112,0,0,0
1200,4,1,109,1,1,2,10320.2,30745.3,576.393,75.3781,1.31962,454.248,22660.4,299.971,28.9996,1.06739,269.863,93.8145,46.3784,0.108576,47.1829,393.785,1,0,0
1200,4,1,110,1,1,1,4347.7,18776,658.276,46.3844,0.482746,565.404,8737.63,154.408,23.1957,0.267264,130.945,152.484,23.1887,0.0718272,129.224,306.893,0,0,0
1200,4,1,111,1,1,1,4330.97,18650.5,406.611,46.3844,0.519494,312.97,13086.9,81.9313,23.1957,0.267264,58.4683,120.932,23.1887,0.108576,97.6343,202.863,0,0,0
1200,4,1,112,1,1,1,4318.54,18675.7,504.063,46.3844,0.517824,410.708,11379.3,87.7706,23.1957,0.302342,64.2725,151.607,23.1887,0.0718272,128.347,239.378,0,0,0
1200,4,1,113,1,1,1,4330.99,18650.2,476.081,46.3844,0.482746,382.679,11851.7,84.1728,23.1957,0.267264,60.7099,144.908,23.1887,0.0718272,121.647,229.08,0,0,0
1200,4,1,114,1,1,1,4332.04,18741.6,532.509,46.3844,0.678182,439.075,10939.2,156.336,23.1957,0.462701,132.678,83.8819,23.1887,0.0718272,60.6214,240.218,0,0,0
1200,4,1,115,1,1,1,4341.68,18714.9,646.894,46.3844,1.01727,553.455,8877.67,155.783,23.1957,0.658138,131.929,146.025,23.1887,0.0718272,122.764,301.808,0,0,0
1200,4,1,116,1,1,1,4344.12,18659.6,553.731,46.3844,0.50112,460.536,10480.1,101.405,23.1957,0.267264,77.9421,149.133,23.1887,0.0902016,125.854,250.538,0,0,0
1200,4,1,117,1,1,1,4316.94,30637.3,615.262,57.9922,0.945446,510.513,21562.4,423.463,34.8035,0.729965,387.44,37.051,23.1887,0.0718272,13.7905,460.514,0,0,0
1200,4,1,118,1,1,2,10377.1,24690.6,637.006,69.5741,0.519494,521.483,15429.9,84.2558,23.1957,0.267264,60.7929,332.082,46.3784,0.108576,285.595,416.338,1,0,0
1200,4,1,119,1,1,1,4323.98,18641.3,511.532,46.3844,0.482746,418.234,11212.4,87.4233,23.1957,0.267264,63.9603,151.179,23.1887,0.0718272,127.919,238.603,0,0,0
1200,4,1,120,1,1,1,4335.35,18761.6,535.644,46.3844,0.517824,442.38,10903.7,155.705,23.1957,0.302342,132.207,84.7356,23.1887,0.0718272,61.4751,240.441,0,0,0
1200,4,1,121,1,1,1,4327.66,36690.9,1062.19,63.8069,1.5518,952.483,19766.9,713.907,40.6183,1.19267,671.62,78.1102,23.1887,0.0718272,54.8497,792.017,0,0,0
1200,4,1,122,1,1,1,4326.09,18685.6,514.661,46.3844,0.517824,421.336,11200.8,153.151,23.1957,0.302342,129.653,80.7632,23.1887,0.0718272,57.5027,233.915,0,0,0
1200,4,1,123,1,1,2,10396.3,24749.5,856.117,69.5741,0.554573,741.195,11592.4,149.645,23.1957,0.302342,126.146,359.329,46.3784,0.108576,312.842,508.974,1,0,0
1200,4,1,124,1,1,1,4343.07,18705.9,618.794,46.3844,0.482746,525.807,9369.61,156.993,23.1957,0.267264,133.53,117.888,23.1887,0.0718272,94.6275,274.881,0,0,0
1200,4,1,125,1,1,1,4329.16,24694.3,841.41,52.1883,0.927072,742.982,11498.1,343.366,28.9996,0.71159,313.654,149.894,23.1887,0.0718272,126.634,493.26,0,0,0
1200,4,1,126,1,1,1,4331.06,18674.8,609.112,46.3844,0.482746,516.097,9510.7,121.563,23.1957,0.267264,98.0999,156.803,23.1887,0.0718272,133.543,278.366,0,0,0
1200,4,1,127,1,1,1,4320.3,18676.6,656.245,46.3844,0.482746,563.367,8674.38,149.815,23.1957,0.267264,126.352,151.031,23.1887,0.0718272,127.771,300.847,0,0,0
1200,4,1,128,1,1,1,4367.36,18685.5,534.498,46.3844,0.482746,441.266,10848.2,88.0676,23.1957,0.267264,64.6046,155.948,23.1887,0.0718272,132.687,244.015,0,0,0
1200,4,1,129,1,1,1,4357.29,18706.6,606.877,46.3844,0.678182,513.661,9581.75,120.795,23.1957,0.462701,97.1361,157.09,23.1887,0.0718272,133.83,277.885,0,0,0
1200,4,1,130,1,1,1,4314.38,18635.5,442.627,46.3844,0.482746,349.128,12431.9,154.363,23.1957,0.267264,130.9,76.3144,23.1887,0.0718272,53.0539,230.678,0,0,0
1200,4,1,131,1,0,0,-1,-1,792.539,23.1957,0.267264,722.824,251265,-1,-1,-1,-1,-1,-1,-1,-1,-1,0,0,0
1200,4,1,132,1,1,1,4313.74,24671.1,442.913,52.1883,0.96215,343.291,18560.8,247.02,28.9996,0.746669,217.09,38.5833,23.1887,0.0718272,15.3228,285.604,0,0,0
1200,4,1,133,1,1,1,4344.2,18682.5,644.175,46.3844,0.482746,551.262,8894.97,154.955,23.1957,0.267264,131.492,144.411,23.1887,0.0718272,121.151,299.367,0,0,0
1200,4,1,134,1,1,1,4334.6,18709.8,657.402,46.3844,0.482746,564.527,8687.03,150.633,23.1957,0.267264,127.17,151.427,23.1887,0.0718272,128.166,302.059,0,0,0
1200,4,1,135,1,1,1,4321.95,24641.4,505.928,52.1883,0.766714,406.685,17411,282.012,28.9996,0.551232,252.385,52.2275,23.1887,0.0718272,28.967,334.239,0,0,0
1200,4,1,136,1,1,1,4389.16,18737.5,625.699,46.3844,1.39144,531.824,9275.96,128.058,23.1957,0.853574,104.009,155.97,23.1887,0.106906,132.674,284.028,0,0,0
1200,4,1,137,1,1,1,4386.92,24802.9,845.398,52.1991,1.26783,746.63,11534.8,345.113,29.0104,0.729965,315.373,151.424,23.1887,0.106906,128.128,496.537,0,0,0
1200,4,1,138,1,1,1,4316.3,18741.3,594.492,46.3844,0.482746,501.435,9837.18,154.271,23.1957,0.267264,130.808,107.247,23.1887,0.0718272,83.9864,261.518,0,0,0
1200,4,1,139,1,1,1,4322.31,18635.2,521.297,46.3844,0.482746,428.026,11032.6,87.5568,23.1957,0.267264,64.0939,150.941,23.1887,0.0718272,127.681,238.498,0,0,0
1200,4,1,140,1,0,0,-1,-1,1060.8,23.1957,0.302342,991.83,255338,-1,-1,-1,-1,-1,-1,-1,-1,-1,0,0,0
1200,4,1,141,1,1,1,4423.35,18748.2,552.561,46.3844,0.661478,459.202,10589.1,99.519,23.1957,0.267264,76.0561,154.923,23.1887,0.106906,131.628,254.442,0,0,0
1200,4,1,142,1,1,1,4442.47,18806.9,660.044,46.3844,0.517824,567.142,8736.93,153.306,23.1957,0.267264,129.843,159.136,23.1887,0.106906,135.84,312.441,0,0,0
1200,4,1,143,1,1,1,4318.72,18684.8,407.947,46.3844,0.482746,314.347,13097.8,139.905,23.1957,0.267264,116.442,67.0089,23.1887,0.0718272,43.7484,206.914,0,0,0
1200,4,1,144,1,1,2,10324.2,24755.9,696.489,69.5741,0.589651,581.068,14437,154.457,23.1957,0.337421,130.924,209.933,46.3784,0.108576,163.446,364.39,1,0,0
1200,4,1,145,1,1,1,4403.89,18723.4,542.355,46.3844,0.482746,449.146,10746.4,91.6248,23.1957,0.267264,68.1619,154.699,23.1887,0.0718272,131.438,246.324,0,0,0
1200,4,1,146,1,1,1,4316.81,24786.9,679.903,52.1883,1.12251,580.81,14462.2,340.087,28.9996,0.907027,310.18,80.1099,23.1887,0.0718272,56.8494,420.197,0,0,0
1200,4,1,147,1,1,1,4361.8,18678.2,640.722,46.3844,0.517824,547.764,8951.78,135.216,23.1957,0.267264,111.753,155.219,23.1887,0.106906,131.924,290.435,0,0,0
1200,4,1,148,1,1,1,4314.38,18702.2,477.325,46.3844,0.517824,383.892,11881.3,154.128,23.1957,0.302342,130.63,80.6965,23.1887,0.0718272,57.436,234.824,0,0,0
1200,4,1,149,1,1,2,10361.1,24888.5,828.551,69.5741,0.554573,713.549,12221.5,163.543,23.1957,0.267264,140.08,316.905,46.3784,0.143654,270.383,480.447,1,0,0
1200,4,1,150,1,0,0,-1,-1,697.088,23.1957,0.267264,627.096,249929,-1,-1,-1,-1,-1,-1,-1,-1,-1,0,0,0
1200,4,1,151,1,1,1,4332.59,18669.9,591.308,46.3844,0.696557,498.027,9821.68,113.851,23.1957,0.462701,90.1931,156.946,23.1887,0.0902016,133.667,270.797,0,0,0
1200,4,1,152,1,1,1,4354.76,18683.1,623.795,46.3844,0.482746,530.822,9257.96,126.791,23.1957,0.267264,103.328,155.883,23.1887,0.0718272,132.622,282.674,0,0,0
1200,4,1,153,1,0,0,-1,-1,1486.12,23.1957,0.337421,1418.36,266547,-1,-1,-1,-1,-1,-1,-1,-1,-1,0,0,0
1200,4,1,154,1,0,0,-1,-1,1529.88,23.1957,0.567936,1462.01,269222,-1,-1,-1,-1,-1,-1,-1,-1,-1,0,0,0
1200,4,1,155,1,1,1,4341.31,18697.6,657.532,46.3844,0.517824,564.623,8672.25,154.851,23.1957,0.302342,131.353,154.762,23.1887,0.0718272,131.501,309.613,0,0,0
1200,4,1,156,1,1,1,4318.61,18689.9,423.933,46.3952,0.606355,330.246,12817.9,82.627,23.2065,0.390874,59.0296,122.268,23.1887,0.0718272,99.0077,204.895,0,0,0
1200,4,1,157,1,1,1,4337.51,18701.5,658.063,46.3844,0.713261,564.96,8666.22,156.603,23.1957,0.497779,132.909,152.367,23.1887,0.0718272,129.106,308.969,0,0,0
1200,4,1,158,1,1,1,4338.96,18657.9,522.742,46.3844,0.482746,429.476,11029.6,87.7915,23.1957,0.267264,64.3285,152.217,23.1887,0.0718272,128.957,240.009,0,0,0
1200,4,1,159,1,1,1,4362.8,24711.4,756.411,52.1883,0.731635,657.931,13027.2,340.905,28.9996,0.516154,311.389,97.1508,23.1887,0.0718272,73.8903,438.056,0,0,0
1200,4,1,160,1,0,0,-1,-1,1411.08,23.1957,0.267264,1343.16,263027,-1,-1,-1,-1,-1,-1,-1,-1,-1,0,0,0
1200,4,1,161,1,1,1,4371.55,18797.1,660.844,46.3844,0.482746,567.98,8713.07,154.809,23.1957,0.267264,131.346,157.375,23.1887,0.0718272,134.115,312.184,0,0,0
1200,4,1,162,1,1,2,10343.8,24765.7,860.728,69.5741,0.591322,745.783,11526.1,154.546,23.1957,0.302342,131.048,353.89,46.3784,0.145325,307.366,508.437,1,0,0
1200,4,1,163,1,1,1,4322.67,24736.7,811.951,52.1883,0.731635,713.632,12064.9,308.01,28.9996,0.516154,278.479,153.027,23.1887,0.0718272,129.767,461.038,0,0,0
1200,4,1,164,1,0,0,-1,-1,491.807,23.1957,0.923731,420.562,246609,-1,-1,-1,-1,-1,-1,-1,-1,-1,0,0,0
1200,4,1,165,1,1,1,4364.3,18682.1,587.902,46.3844,0.6264,494.681,9894.8,114.728,23.1957,0.267264,91.2651,157.592,23.1887,0.0718272,134.331,272.32,0,0,0
1200,4,1,166,1,1,1,4345.59,24661.1,582.293,52.1883,0.606355,483.432,16073,174.868,28.9996,0.355795,145.126,152.115,23.1887,0.106906,128.819,326.983,0,0,0
1200,4,1,167,1,1,1,4316.3,24677.9,442.016,52.1883,0.766714,342.587,18584,246.357,28.9996,0.551232,216.619,38.3468,23.1887,0.0718272,15.0863,284.703,0,0,0
1200,4,1,168,1,1,1,4316.3,18716.1,404.602,46.3844,0.482746,310.992,13188.7,140.158,23.1957,0.267264,116.695,67.1839,23.1887,0.0718272,43.9234,207.342,0,0,0
1200,4,1,169,1,1,1,4319.38,18759.5,399.681,46.3844,0.678182,305.861,13319.1,138.57,23.1957,0.462701,114.912,66.2617,23.1887,0.0718272,43.0012,204.832,0,0,0
1200,4,1,170,1,1,1,4341.3,18654.8,439.958,46.3844,0.482746,346.451,12498.6,83.6278,23.1957,0.267264,60.1648,130.189,23.1887,0.0718272,106.929,213.817,0,0,0
1200,4,1,171,1,1,1,4324.87,18652.7,423.775,46.3844,0.482746,330.221,12784.2,82.3933,23.1957,0.267264,58.9303,122.445,23.1887,0.0718272,99.1846,204.838,0,0,0
1200,4,1,172,1,1,2,10371,24720.6,846.749,69.5741,0.663149,731.691,11729.9,157.717,23.1957,0.267264,134.254,344.455,46.3784,0.25223,297.824,502.172,1,0,0
1200,4,1,173,1,1,1,4413.89,18745.4,518.321,46.3844,0.517824,425.007,11195.6,89.0963,23.1957,0.267264,65.6334,152.31,23.1887,0.106906,129.014,241.406,0,0,0
1200,4,1,174,1,0,0,-1,-1,1297.04,23.1957,0.337421,1228.73,259841,-1,-1,-1,-1,-1,-1,-1,-1,-1,0,0,0
1200,4,1,175,1,1,1,4323.78,18685.6,521.035,46.3844,0.517824,427.729,11087.5,154.707,23.1957,0.302342,131.209,80.6405,23.1887,0.0718272,57.38,235.348,0,0,0
1200,4,1,176,1,1,1,4340.34,18659.4,655.197,46.3844,0.482746,562.316,8675.85,152.549,23.1957,0.267264,129.087,151.295,23.1887,0.0718272,128.034,303.844,0,0,0
1200,4,1,177,1,0,0,-1,-1,1531.78,23.1957,0.267264,1464.21,269294,-1,-1,-1,-1,-1,-1,-1,-1,-1,0,0,0
1200,4,1,178,1,1,1,4323.53,36678.4,779.95,63.7961,1.78065,669.2,24772.8,597.375,40.6075,1.53009,554.424,33.9692,23.1887,0.106906,10.6736,631.344,0,0,0
1200,4,1,179,1,1,1,4325.64,18772.8,461.707,46.3844,0.517824,368.228,12229.6,158.069,23.1957,0.302342,134.571,80.3247,23.1887,0.0718272,57.0642,238.394,0,0,0
1200,4,1,180,1,1,1,4337.77,18668.3,643.882,46.3844,0.482746,550.968,8885.98,138.757,23.1957,0.267264,115.294,155.018,23.1887,0.0718272,131.758,293.775,0,0,0
1200,4,1,181,1,1,1,4343.43,18771.5,628.225,46.3844,1.06906,534.679,9266.1,160.059,23.1957,0.853574,136.01,124.281,23.1887,0.0718272,101.02,284.34,0,0,0
1200,4,1,182,1,1,1,4318.22,18642,465.721,46.3844,0.482746,372.289,12027.8,152.921,23.1957,0.267264,129.458,82.2342,23.1887,0.0718272,58.9736,235.155,0,0,0
1200,4,1,183,1,1,1,4332.23,24721.7,742.403,52.1883,1.06739,643.547,13285.1,343.854,28.9996,0.851904,314.003,90.908,23.1887,0.0718272,67.6475,434.762,0,0,0
1200,4,1,184,1,1,1,4387.42,24726.2,751.767,52.1883,0.696557,653.309,13124.8,250.582,28.9996,0.481075,220.931,154.045,23.1887,0.0718272,130.785,404.627,0,0,0
1200,4,1,185,1,1,1,4367.37,18716.2,654.175,46.3844,0.552902,561.221,8750.29,151.654,23.1957,0.267264,128.191,152.006,23.1887,0.141984,128.675,303.66,0,0,0
1200,4,1,186,1,1,1,4346.82,18695,573.567,46.3844,0.482746,480.449,10163,151.136,23.1957,0.267264,127.673,98.9412,23.1887,0.0718272,75.6807,250.078,0,0,0
1200,4,1,187,1,1,2,10346.9,24665.3,823.79,69.5741,0.554573,708.774,12083,126.2,23.1957,0.302342,102.702,359.161,46.3784,0.108576,312.674,485.362,1,0,0
1200,4,1,188,1,1,1,4376.42,18759.3,658.676,46.3844,0.482746,565.805,8713.86,154.898,23.1957,0.267264,131.435,153.026,23.1887,0.0718272,129.765,307.923,0,0,0
1200,4,1,189,1,1,1,4327.62,24727.6,613.112,52.1883,0.696557,514.251,15591.8,332.548,28.9996,0.481075,303.067,73.4376,23.1887,0.0718272,50.177,405.986,0,0,0
1200,4,1,190,1,1,1,4347.62,18793.6,619.829,46.3844,0.517824,526.81,9438.67,159.064,23.1957,0.302342,135.566,112.807,23.1887,0.0718272,89.547,271.871,0,0,0
1200,4,1,191,1,1,1,4327.3,18698.1,443.172,52.1883,0.50112,344.011,12584.6,158.495,28.9996,0.285638,129.209,73.5531,23.1887,0.0718272,50.2926,232.048,0,0,0
1200,4,1,192,1,1,1,4413.34,18737.7,553.223,46.3844,0.482746,460.045,10567.4,99.2501,23.1957,0.267264,75.7872,155.173,23.1887,0.0718272,131.913,254.423,0,0,0
1200,4,1,193,0,0,0,-1,-1,1424.93,34.8041,0.569606,1345.46,263117,-1,-1,-1,-1,-1,-1,-1,-1,-1,0,0,0
1200,4,1,194,0,0,0,-1,-1,572.32,29.0099,0.96048,495.618,247825,-1,-1,-1,-1,-1,-1,-1,-1,-1,0,0,0
1200,4,1,195,1,1,2,10335.5,24670.6,803.722,69.5741,1.34133,687.862,12443.3,121.068,23.1957,0.658138,97.2137,360.499,46.3784,0.395885,313.725,481.567,1,0,0
1200,4,1,196,1,1,1,4375.66,24761.2,839.199,52.1883,0.571277,741.119,11605.1,337.246,28.9996,0.320717,307.926,154.454,23.1887,0.106906,131.158,491.7,0,0,0
1200,4,1,197,1,1,1,4318.47,24772.4,733.614,52.1883,0.891994,634.907,13493.4,346.561,28.9996,0.676512,316.885,87.3634,23.1887,0.0718272,64.1029,433.925,0,0,0
1200,4,1,198,1,1,1,4348.61,18684.3,528.842,46.3844,0.482746,435.594,10947.5,89.2064,23.1957,0.267264,65.7434,153.97,23.1887,0.0718272,130.709,243.176,0,0,0
1200,4,1,199,1,1,1,4317.58,30695.3,593.863,57.9922,1.0156,488.982,22000.5,411.614,34.8035,0.800122,375.478,33.4721,23.1887,0.0718272,10.2116,445.087,0,0,0
1200,4,1,200,1,1,1,4330.93,18666.4,415.439,46.3844,0.678182,321.666,12945.7,82.6573,23.1957,0.462701,58.9989,122.685,23.1887,0.0718272,99.4246,205.342,0,0,0
1200,4,1,201,1,1,1,4350.71,18671.5,445.513,46.3844,0.6264,351.878,12416.2,78.9678,23.1957,0.267264,55.5048,131.935,23.1887,0.0718272,108.674,210.903,0,0,0
1200,4,1,202,1,1,2,10340.8,24660,794.717,69.5741,0.519494,679.652,12594.9,113.578,23.1957,0.267264,90.1155,361.571,46.3784,0.108576,315.084,475.149,1,0,0
1200,4,1,203,1,1,1,4383.45,18740.1,660.236,46.3844,0.821837,567.03,8666.1,153.781,23.1957,0.462701,130.122,157.778,23.1887,0.0718272,134.517,311.559,0,0,0
1200,4,1,204,1,1,1,4315.98,18746.8,587.697,46.3952,0.731635,494.36,9962.77,155.681,23.2065,0.516154,131.958,102.616,23.1887,0.0718272,79.3553,258.296,0,0,0
1200,4,1,205,1,1,1,4341.55,24809.5,805.212,52.1883,0.927072,706.678,12257,346.827,28.9996,0.71159,317.116,108.315,23.1887,0.0718272,85.0548,455.143,0,0,0
1200,4,1,206,1,0,0,-1,-1,1484.65,23.1957,0.267264,1416.94,266508,-1,-1,-1,-1,-1,-1,-1,-1,-1,0,0,0
1200,4,1,207,1,0,0,-1,-1,1319.41,23.1957,0.407578,1251.08,260267,-1,-1,-1,-1,-1,-1,-1,-1,-1,0,0,0
1200,4,1,208,1,1,1,4422.6,18769.3,660.331,46.3844,0.805133,567.142,8693.43,155.778,23.1957,0.267264,132.315,155.753,23.1887,0.106906,132.458,311.532,0,0,0
1200,4,1,209,1,1,1,4352.59,18668,581.612,46.3844,0.6264,488.373,9992.56,112.921,23.1957,0.267264,89.4585,155.15,23.1887,0.0718272,131.889,268.071,0,0,0
1200,4,1,210,1,1,1,4317.38,18673.1,433.235,46.3844,0.482746,339.708,12636.5,149.063,23.1957,0.267264,125.6,74.0205,23.1887,0.0718272,50.76,223.083,0,0,0
1200,4,1,211,1,1,1,4369.92,24714.3,839.59,52.1883,0.891994,741.192,11550.7,339.27,28.9996,0.676512,309.594,153.109,23.1887,0.0718272,129.848,492.378,0,0,0
1200,4,1,212,1,1,1,4328.1,18644.3,423.929,46.3844,0.482746,330.376,12773.2,82.7434,23.1957,0.267264,59.2805,123.903,23.1887,0.0718272,100.643,206.647,0,0,0
1200,4,1,213,1,1,1,4328.49,18647.5,487.734,46.3844,0.6264,394.222,11641.3,88.0387,23.1957,0.267264,64.5757,148.028,23.1887,0.0718272,124.768,236.067,0,0,0
1200,4,1,214,1,1,1,4335.49,18652.5,469.202,46.3844,0.517824,375.745,11976.1,85.1889,23.1957,0.267264,61.726,139.718,23.1887,0.106906,116.422,224.907,0,0,0
1200,4,1,215,1,1,1,4366.32,18710.2,601.434,46.3844,1.03565,507.844,9680.88,122.279,23.1957,0.497779,98.5854,154.891,23.1887,0.106906,131.595,277.17,0,0,0
1200,4,1,216,1,1,2,4460.18,18789.7,540.476,69.5741,0.87696,424.314,11187.1,88.8076,23.1957,0.267264,65.3446,174.52,46.3784,0.466042,127.675,263.327,1,0,0
1200,4,1,217,1,1,1,4343.74,18740.3,656.769,46.3844,0.519494,563.856,8728.33,151.813,23.1957,0.267264,128.35,153.665,23.1887,0.108576,130.368,305.478,0,0,0
1200,4,1,218,1,1,1,4343.94,24724.6,810.789,52.1883,0.927072,712.272,12072.9,306.532,28.9996,0.71159,276.806,150.438,23.1887,0.0718272,127.177,456.969,0,0,0
1200,4,1,219,1,1,1,4342.73,18716.4,449.613,46.3844,0.482746,356.134,12388.6,157.105,23.1957,0.267264,133.642,78.6715,23.1887,0.0718272,55.411,235.776,0,0,0
1200,4,1,220,1,1,1,4320.58,18638.4,421.414,46.3844,0.482746,327.853,12812,82.4077,23.1957,0.267264,58.9448,126.315,23.1887,0.0718272,103.054,208.722,0,0,0
1200,4,1,221,1,1,1,4338.62,18755.3,659.07,46.3844,0.552902,566.13,8702.34,154.725,23.1957,0.302342,131.227,152.952,23.1887,0.106906,129.657,307.677,0,0,0
1200,4,1,222,1,0,0,-1,-1,1327.58,23.1957,0.302342,1259.39,260565,-1,-1,-1,-1,-1,-1,-1,-1,-1,0,0,0
1200,4,1,223,1,1,1,4321.65,18660.2,546.536,46.3844,0.482746,453.339,10608.9,155.717,23.1957,0.267264,132.254,87.1739,23.1887,0.0718272,63.9134,242.891,0,0,0
1200,4,1,224,1,1,1,4361.73,18693.7,656.85,46.3844,0.50112,563.955,8680.54,152.977,23.1957,0.267264,129.514,156.894,23.1887,0.0902016,133.615,309.871,0,0,0
1200,4,1,225,1,1,1,4317.58,18672,643.804,46.3844,0.552902,550.82,8890.49,154.831,23.1957,0.337421,131.297,143.938,23.1887,0.0718272,120.678,298.769,0,0,0
1200,4,1,226,1,1,1,4324.49,18639.9,398.384,46.3844,0.482746,304.757,13223,76.8345,23.1957,0.267264,53.3715,120.801,23.1887,0.0718272,97.5404,197.635,0,0,0
1200,4,1,227,1,1,1,4384.5,18721.9,606.112,46.3844,0.482746,513.088,9611.19,119.727,23.1957,0.267264,96.2644,157.341,23.1887,0.0718272,134.08,277.068,0,0,0
1200,4,1,228,1,1,1,4315.66,18652.1,442.931,46.3844,0.482746,349.433,12443,80.2023,23.1957,0.267264,56.7393,131.061,23.1887,0.0718272,107.801,211.263,0,0,0
1200,4,1,229,1,1,1,4326.93,24751.7,599.836,52.1883,0.75001,500.883,15851.4,327.844,28.9996,0.516154,298.328,70.3354,23.1887,0.0902016,47.0566,398.179,0,0,0
1200,4,1,230,1,1,1,4315.98,30657.3,680.693,57.9922,0.820166,576.26,20418.8,464.17,34.8035,0.604685,428.387,50.5292,23.1887,0.0718272,27.2687,514.699,0,0,0
1200,4,1,231,1,1,1,4323.85,18771,558.244,46.3844,0.482746,465.081,10511.5,154.277,23.1957,0.267264,130.814,93.7,23.1887,0.0718272,70.4395,247.977,0,0,0
1200,4,1,232,1,1,2,10411.4,24769.6,842.951,69.5741,0.855245,727.69,11845.4,155.756,23.1957,0.497779,132.063,340.988,46.3784,0.213811,294.395,496.744,1,0,0
1200,4,1,233,1,1,1,4327.83,18652.4,584.08,46.3844,0.482746,490.992,9933.39,114.461,23.1957,0.267264,90.998,155.904,23.1887,0.0718272,132.644,270.365,0,0,0
1200,4,1,234,1,0,0,-1,-1,911.915,23.1957,0.372499,842.443,253180,-1,-1,-1,-1,-1,-1,-1,-1,-1,0,0,0
1200,4,1,235,1,1,1,4408.23,18732.3,658.472,46.3844,0.482746,565.601,8690.53,152.003,23.1957,0.267264,128.54,157.44,23.1887,0.0718272,134.18,309.443,0,0,0
1200,4,1,236,1,1,1,4344.17,18661.9,495.558,46.3844,0.482746,402.212,11517,88.8473,23.1957,0.267264,65.3843,152.724,23.1887,0.0718272,129.464,241.571,0,0,0
1200,4,1,237,1,1,2,10394.9,24724.7,771.715,69.5741,0.806803,656.296,13067.9,106.338,23.1957,0.267264,82.8746,360.655,46.3784,0.25223,314.024,466.993,1,0,0
1200,4,1,238,1,1,1,4330.95,24666,826.747,52.1883,0.731635,728.471,11731,343.222,28.9996,0.516154,313.707,139.345,23.1887,0.0718272,116.085,482.568,0,0,0
1200,4,1,239,1,1,1,4350.76,18665.6,569.68,46.3844,0.770054,476.263,10201.9,107.263,23.1957,0.267264,83.8005,151.966,23.1887,0.0718272,128.706,259.23,0,0,0
1200,4,1,240,1,1,1,4337.04,18742.2,657.602,46.3844,0.6264,564.585,8715.45,158.011,23.1957,0.267264,134.548,151.132,23.1887,0.0718272,127.872,309.143,0,0,0
1200,4,1,241,1,1,1,4350.18,18700.6,657.478,46.3844,0.6264,564.46,8676.08,152.156,23.1957,0.267264,128.693,152.82,23.1887,0.0718272,129.559,304.976,0,0,0
1200,4,1,242,1,1,1,4343.48,18659.6,439.352,46.3844,0.482746,345.843,12514.2,84.7215,23.1957,0.267264,61.2585,129.451,23.1887,0.0718272,106.191,214.173,0,0,0
1200,4,1,243,1,1,1,4418.46,18733.9,637.002,46.3844,0.50112,544.05,9073.7,130.989,23.1957,0.267264,107.526,160.034,23.1887,0.0902016,136.755,291.023,0,0,0
1200,4,1,244,1,1,1,4325.77,24776,733.314,52.1883,0.766714,634.732,13502.3,346.201,28.9996,0.551232,316.65,87.3056,23.1887,0.0718272,64.0451,433.507,0,0,0
1200,4,1,245,1,0,0,-1,-1,1580.66,23.1957,0.267264,1513.23,272039,-1,-1,-1,-1,-1,-1,-1,-1,-1,0,0,0
1200,4,1,246,1,1,1,4336.97,18766.8,628.269,46.3844,0.517824,535.275,9261.77,159.993,23.1957,0.302342,136.495,124.703,23.1887,0.0718272,101.442,284.696,0,0,0
1200,4,1,247,1,1,1,4319.56,18659.8,410.62,46.3844,0.482746,317.028,13025.3,140.483,23.1957,0.267264,117.02,68.7162,23.1887,0.0718272,45.4557,209.199,0,0,0
1200,4,1,248,1,1,1,4318.86,36662.4,894.955,63.7961,1.33465,784.985,22712.2,663.688,40.6075,1.11917,621.342,55.6332,23.1887,0.0718272,32.3727,719.321,0,0,0
1200,4,1,249,1,0,0,-1,-1,798.096,23.1957,0.267264,728.397,251396,-1,-1,-1,-1,-1,-1,-1,-1,-1,0,0,0
1200,4,1,250,1,0,0,-1,-1,1252.25,28.9996,0.516154,1177.98,258507,-1,-1,-1,-1,-1,-1,-1,-1,-1,0,0,0
1200,4,1,251,1,1,1,4316.94,18683.5,452.265,46.3844,0.482746,358.794,12308.5,157.32,23.1957,0.267264,133.857,78.2004,23.1887,0.0718272,54.9399,235.52,0,0,0
1200,4,1,252,1,1,1,4380.01,18726.7,655.939,46.3844,0.517824,563.025,8729.65,152.604,23.1957,0.267264,129.141,154.337,23.1887,0.106906,131.041,306.94,0,0,0
1200,4,1,253,1,1,1,4320.2,18755.3,626.295,46.3844,0.678182,533.134,9285.18,160.347,23.1957,0.462701,136.688,122.423,23.1887,0.0718272,99.1629,282.77,0,0,0
1200,4,1,254,1,1,1,4319.62,18633.5,478.512,46.3844,0.482746,385.117,11791.8,84.8081,23.1957,0.267264,61.3452,145.649,23.1887,0.0718272,122.389,230.458,0,0,0
1200,4,1,255,1,1,1,4316.94,18667.2,496.829,46.3844,0.517824,403.452,11499.5,150.706,23.1957,0.302342,127.208,78.565,23.1887,0.0718272,55.3045,229.271,0,0,0
1200,4,1,256,1,1,1,4321.54,18652.8,421.9,46.3844,0.517824,328.306,12817.5,82.8669,23.1957,0.302342,59.3689,126.777,23.1887,0.0718272,103.516,209.644,0,0,0
1200,4,1,257,1,1,1,4366.07,18870.1,664.338,46.3844,0.713261,571.253,8723.22,162.784,23.1957,0.497779,139.091,152.056,23.1887,0.0718272,128.796,314.84,0,0,0
1200,4,1,258,1,1,1,4319.18,18640.7,602.265,46.3844,0.482746,509.23,9598.42,150.705,23.1957,0.267264,127.242,106.543,23.1887,0.0718272,83.2825,257.248,0,0,0
1200,4,1,259,1,1,1,4425.13,18741.2,538.465,46.3844,0.482746,445.244,10833.4,88.5404,23.1957,0.267264,65.0775,156.236,23.1887,0.0718272,132.976,244.777,0,0,0
1200,4,1,260,1,1,1,4321.13,18639.8,423.754,46.3844,0.517824,330.165,12771.6,82.7226,23.1957,0.302342,59.2245,123.806,23.1887,0.0718272,100.545,206.528,0,0,0
1200,4,1,261,1,1,1,4334.95,18670.1,606.947,46.3844,0.482746,513.926,9544.5,120.592,23.1957,0.267264,97.1289,156.449,23.1887,0.0718272,133.189,277.041,0,0,0
1200,4,1,262,1,1,1,4336.04,24788.9,819.746,52.1883,0.96215,721.22,11977.7,350.12,28.9996,0.746669,320.374,126.627,23.1887,0.0718272,103.366,476.747,0,0,0
1200,4,1,263,1,1,1,4317.26,18628.5,521.57,46.3844,0.482746,428.301,11021.1,87.9467,23.1957,0.267264,64.4837,151.862,23.1887,0.0718272,128.601,239.808,0,0,0
1200,4,1,264,1,1,1,4441.56,18940.3,666.122,46.3844,0.821837,572.934,8761.59,159.331,23.1957,0.462701,135.672,154.664,23.1887,0.0718272,131.404,313.995,0,0,0
1200,4,1,265,1,1,1,4316.3,24703.4,646.835,52.1883,0.871949,547.896,14966.7,338.761,28.9996,0.656467,309.104,82.1511,23.1887,0.0718272,58.8906,420.912,0,0,0
1200,4,1,266,1,0,0,-1,-1,1581.17,23.1957,0.267264,1513.75,272059,-1,-1,-1,-1,-1,-1,-1,-1,-1,0,0,0
1200,4,1,267,1,1,2,10333.5,24785.2,861.052,69.5741,0.589651,746.11,11540.1,157.665,23.1957,0.302342,134.167,353.941,46.3784,0.143654,307.419,511.606,1,0,0
1200,4,1,268,1,1,1,4345.71,18660.2,392.286,46.3844,0.482746,298.64,13351.7,72.2178,23.1957,0.267264,48.7549,122.369,23.1887,0.0718272,99.1088,194.587,0,0,0
1200,4,1,269,1,1,1,4331.88,18649.7,467.338,46.3844,0.482746,373.911,12006.6,85.5589,23.1957,0.267264,62.0959,138.982,23.1887,0.0718272,115.722,224.541,0,0,0
1200,4,1,270,1,1,1,4320.17,24661.5,463.232,52.1991,0.910368,363.711,18190.4,260.122,29.0104,0.694886,230.274,43.5031,23.1887,0.0718272,20.2426,303.626,0,0,0
1200,4,1,271,1,1,1,4338.31,18671.5,653.863,46.3844,0.517824,560.943,8711.44,146.85,23.1957,0.267264,123.387,159.3,23.1887,0.106906,136.004,306.15,0,0,0
1200,4,1,272,1,1,1,4394.22,18778.2,661.076,46.3844,0.623059,568.072,8689.15,158.661,23.1957,0.302342,135.163,153.829,23.1887,0.177062,130.464,312.491,0,0,0
1200,4,1,273,1,1,1,4322.7,18646.6,525.767,46.3844,0.482746,432.509,10964.6,153.409,23.1957,0.267264,129.946,82.7413,23.1887,0.0718272,59.4808,236.15,0,0,0
1200,4,1,274,1,1,1,4328.42,18644,605.596,46.3844,0.482746,512.57,9542.43,120.325,23.1957,0.267264,96.8618,155.713,23.1887,0.0718272,132.452,276.038,0,0,0
1200,4,1,275,1,1,1,4354.59,30779.8,832.162,57.9922,1.21104,727.778,17847,531.076,34.8035,0.995558,495.084,80.1767,23.1887,0.0718272,56.9162,611.253,0,0,0
1200,4,1,276,1,1,1,4319.3,18798,559.927,46.3844,0.873619,466.378,10507.6,155.77,23.1957,0.658138,131.916,93.9888,23.1887,0.0718272,70.7283,249.759,0,0,0
1200,4,1,277,1,1,1,4393.7,18934.9,664.002,46.3844,0.482746,571.147,8794.76,158.881,23.1957,0.267264,135.418,155.329,23.1887,0.0718272,132.068,314.209,0,0,0
1200,4,1,278,1,1,1,4319.5,24762.6,581.697,52.1883,0.766714,482.674,16184.9,322.246,28.9996,0.551232,292.695,65.7888,23.1887,0.0718272,42.5283,388.035,0,0,0
1200,4,1,279,1,1,1,4350.2,18763.1,660.295,46.3844,0.482746,567.429,8688.86,159.516,23.1957,0.267264,136.053,152.004,23.1887,0.0718272,128.744,311.52,0,0,0
1200,4,1,280,1,1,1,4327.21,24730.6,541.311,52.1883,1.03565,441.902,16870.7,300.144,28.9996,0.676512,270.431,56.4544,23.1887,0.0718272,33.1939,356.599,0,0,0
1200,4,1,281,1,1,1,4335.01,18678.6,656.274,46.3844,0.50112,563.377,8675.67,156.619,23.1957,0.267264,133.156,153.293,23.1887,0.0902016,130.014,309.912,0,0,0
1200,4,1,282,1,1,1,4353.16,18677.1,394.884,46.3844,0.552902,301.176,13322,73.8574,23.1957,0.302342,50.3593,119.867,23.1887,0.106906,96.5712,193.724,0,0,0
1200,4,1,283,1,1,1,4376.25,18699.9,575.91,46.3844,0.482746,482.798,10126.2,107.074,23.1957,0.267264,83.611,154.177,23.1887,0.0718272,130.917,261.251,0,0,0
1200,4,1,284,1,1,1,4321.22,18686,493.34,46.3844,0.552902,399.918,11580.1,152.277,23.1957,0.337421,128.744,78.9368,23.1887,0.0718272,55.6763,231.214,0,0,0
1200,4,1,285,1,1,1,4390.96,18857.4,668.962,52.1883,0.679853,570.279,8728.27,167.739,28.9996,0.320717,138.419,152.311,23.1887,0.0718272,129.05,320.05,0,0,0
1200,4,1,286,1,1,1,4318.95,18638.5,556.371,46.3844,0.6264,463.059,10411.8,103.816,23.1957,0.267264,80.3533,149.707,23.1887,0.0718272,126.446,253.523,0,0,0
1200,4,1,287,1,1,1,4390.3,18725.8,626.614,46.3844,0.6264,533.506,9250.11,124.604,23.1957,0.267264,101.141,153.506,23.1887,0.0718272,130.245,278.11,0,0,0
1200,4,1,288,1,1,2,10321.6,24700,855.653,69.5741,0.554573,740.73,11551.1,158.049,23.1957,0.267264,134.586,350.517,46.3784,0.143654,303.995,508.566,1,0,0
1200,4,1,289,1,1,1,4401.63,18773.4,639.979,46.3844,0.6264,546.91,9060,159.114,23.1957,0.267264,135.651,138.403,23.1887,0.0718272,115.143,297.517,0,0,0
1200,4,1,290,0,0,0,-1,-1,624.942,23.206,0.516154,554.481,248714,-1,-1,-1,-1,-1,-1,-1,-1,-1,0,0,0
1200,4,1,291,1,1,1,4315.66,18692.9,445.44,46.3844,0.482746,351.949,12439.3,156.118,23.1957,0.267264,132.655,76.3758,23.1887,0.0718272,53.1153,232.493,0,0,0
1200,4,1,292,1,1,1,4342.15,18808.4,392.383,46.3844,0.678182,298.543,13497.7,134.758,23.1957,0.462701,111.1,64.1843,23.1887,0.0718272,40.9238,198.943,0,0,0
1200,4,1,293,1,1,1,4333.86,18658.2,643.135,46.3844,0.482746,550.219,8889.14,138.555,23.1957,0.267264,115.092,154.641,23.1887,0.0718272,131.38,293.196,0,0,0
1200,4,1,294,1,1,1,4318.47,18652.7,639.025,46.3844,0.517824,546.062,8956.49,155.156,23.1957,0.267264,131.693,139.974,23.1887,0.106906,116.679,295.13,0,0,0
1200,4,1,295,1,1,1,4324.49,18664,656.676,46.3844,0.482746,563.8,8654.14,156.957,23.1957,0.267264,133.494,151.203,23.1887,0.0718272,127.942,308.16,0,0,0
1200,4,1,296,1,1,1,4321.43,18723.7,530.936,46.3952,0.696557,437.469,10949.2,155.996,23.2065,0.481075,132.308,83.4307,23.1887,0.0718272,60.1702,239.426,0,0,0
1200,4,1,297,1,1,1,4328.24,18644.1,630.707,46.3844,0.482746,537.755,9096.05,129.43,23.1957,0.267264,105.967,152.001,23.1887,0.0718272,128.74,281.43,0,0,0
1200,4,1,298,1,1,1,4329.32,18647.1,437.759,46.3844,0.482746,344.246,12530,85.3586,23.1957,0.267264,61.8956,129.653,23.1887,0.0718272,106.393,215.012,0,0,0
1200,4,1,299,1,1,1,4474.87,30914.8,958.168,57.9922,0.893664,854.468,15742.4,451.994,34.8035,0.534528,416.23,155.8,23.1887,0.0718272,132.539,607.794,0,0,0
1200,4,1,300,1,1,1,4315.98,18657.9,465.91,46.3844,0.482746,372.478,12040.2,154.396,23.1957,0.267264,130.933,82.8406,23.1887,0.0718272,59.5801,237.236,0,0,0
1200,4,1,301,1,1,1,4361.2,18905.8,657.186,46.3844,1.10413,563.69,8885.25,161.313,23.1957,0.853574,137.264,149.597,23.1887,0.106906,126.302,310.911,0,0,0
1200,4,1,302,1,1,1,4328.54,18644,399.439,46.3844,0.482746,305.814,13208.3,76.8345,23.1957,0.267264,53.3715,120.998,23.1887,0.0718272,97.7371,197.832,0,0,0
1200,4,1,303,1,0,0,-1,-1,1212.48,23.1957,0.337421,1143.92,257807,-1,-1,-1,-1,-1,-1,-1,-1,-1,0,0,0
1200,4,1,304,1,1,1,4340.81,18763.8,594.843,46.3844,0.552902,501.716,9852.95,153.947,23.1957,0.302342,130.449,107.701,23.1887,0.106906,84.4051,261.648,0,0,0
1200,4,1,305,1,1,1,4318.49,18681.4,494.597,46.3844,0.482746,401.249,11553.7,152.497,23.1957,0.267264,129.034,78.0578,23.1887,0.0718272,54.7973,230.555,0,0,0
1200,4,1,306,1,1,1,4358.89,18908.5,663.111,46.3844,0.6264,570.109,8788.03,160.243,23.1957,0.267264,136.78,154.621,23.1887,0.0718272,131.361,314.864,0,0,0
1200,4,1,307,1,1,1,4363.63,18719.4,619.845,46.3844,0.517824,526.827,9364.23,157.271,23.1957,0.267264,133.808,117.865,23.1887,0.106906,94.5697,275.136,0,0,0
1200,4,1,308,1,1,1,4343.18,18673.7,595.635,46.3844,0.552902,502.51,9748.78,116.843,23.1957,0.337421,93.31,156.574,23.1887,0.0718272,133.313,273.417,0,0,0
1200,4,1,309,1,1,1,4328.38,18665,547.322,46.3844,0.661478,453.949,10603.6,152.324,23.1957,0.267264,128.861,88.5499,23.1887,0.106906,65.2543,240.874,0,0,0
1200,4,1,310,1,1,1,4336.08,18650.6,405.275,46.3844,0.50112,311.649,13110.9,81.7021,23.1957,0.267264,58.2391,121.106,23.1887,0.0902016,97.8274,202.808,0,0,0
1200,4,1,311,1,0,0,-1,-1,842.434,23.1957,0.372499,772.759,252015,-1,-1,-1,-1,-1,-1,-1,-1,-1,0,0,0
1200,4,1,312,1,1,1,4340.97,18664.9,588.801,46.3844,0.536198,495.674,9861.51,113.99,23.1957,0.267264,90.527,157.351,23.1887,0.12528,134.037,271.341,0,0,0
1200,4,1,313,1,1,1,4455.39,18799.6,639,46.3844,0.50112,546.053,9103.85,131.247,23.1957,0.267264,107.784,160.788,23.1887,0.0902016,137.51,292.036,0,0,0
1200,4,1,314,1,1,1,4323.21,18672.4,657.005,46.3844,0.517824,564.094,8656.43,155.739,23.1957,0.302342,132.241,151.932,23.1887,0.0718272,128.671,307.671,0,0,0
1200,4,1,315,1,1,1,4357.89,18677.1,645.292,46.3844,0.663149,552.202,8868.84,139.183,23.1957,0.267264,115.72,157.165,23.1887,0.108576,133.867,296.348,0,0,0
1200,4,1,316,1,1,1,4424.94,18890,664.579,46.3844,0.517824,571.69,8739.34,158.952,23.1957,0.302342,135.454,154.812,23.1887,0.0718272,131.552,313.764,0,0,0
1200,4,1,317,1,1,1,4429.88,18764,518.871,46.3844,0.482746,425.593,11204.6,88.6126,23.1957,0.267264,65.1497,152.69,23.1887,0.0718272,129.429,241.303,0,0,0
1200,4,1,318,1,1,1,4343.32,18694.9,611.96,46.3844,0.517824,518.918,9479.89,122.569,23.1957,0.302342,99.0709,158.023,23.1887,0.0718272,134.763,280.592,0,0,0
1200,4,1,319,1,1,1,4339.69,18778.7,471.349,46.3844,0.552902,377.864,12063.8,155.706,23.1957,0.337421,132.173,83.2394,23.1887,0.0718272,59.9789,238.945,0,0,0
1200,4,1,320,1,1,1,4335.97,18670.6,606.759,46.3844,0.517824,513.702,9548.12,120.957,23.1957,0.302342,97.4592,156.11,23.1887,0.0718272,132.85,277.067,0,0,0
1200,4,1,321,1,1,1,4354.33,24796.5,844.858,52.1883,0.910368,746.456,11538.8,345.061,28.9996,0.551232,315.51,151.708,23.1887,0.0718272,128.448,496.769,0,0,0
1200,4,1,322,1,0,0,-1,-1,1490.48,34.8035,0.639763,1411.13,266366,-1,-1,-1,-1,-1,-1,-1,-1,-1,0,0,0
1200,4,1,323,0,0,0,-1,-1,1514.51,23.206,0.907027,1446.24,268407,-1,-1,-1,-1,-1,-1,-1,-1,-1,0,0,0
1200,4,1,324,1,1,1,4318.73,18667.3,423.816,46.3844,0.482746,330.262,12798.1,82.0432,23.1957,0.267264,58.5802,122.174,23.1887,0.0718272,98.9139,204.218,0,0,0
1200,4,1,325,1,1,1,4327.05,24706,843.335,52.1883,0.766714,745.072,11475.9,342.987,28.9996,0.551232,313.436,155.042,23.1887,0.0718272,131.781,498.028,0,0,0
1200,4,1,326,1,1,1,4325.64,18648,654.841,46.3844,0.482746,561.959,8670.79,152.578,23.1957,0.267264,129.115,151.085,23.1887,0.0718272,127.825,303.664,0,0,0
1200,4,1,327,1,1,1,4346.71,18671.8,456.767,46.3844,0.6264,363.165,12216.3,81.9565,23.1957,0.267264,58.4936,135.4,23.1887,0.0718272,112.139,217.356,0,0,0
1200,4,1,328,1,1,1,4335.27,18670.9,610.897,46.3844,0.552902,517.817,9474.56,122.998,23.1957,0.267264,99.5347,157.362,23.1887,0.141984,134.032,280.36,0,0,0
1200,4,1,329,1,1,1,4358.74,18740.8,658.374,46.3844,0.517824,565.467,8700.54,151.874,23.1957,0.267264,128.412,151.801,23.1887,0.106906,128.505,303.675,0,0,0
1200,4,1,330,1,1,1,4366.21,18821.9,662.402,46.3952,0.663149,569.351,8709.55,158.886,23.2065,0.285638,135.394,152.851,23.1887,0.0902016,129.572,311.737,0,0,0
1200,4,1,331,1,1,1,4316.3,24689.1,545.458,52.1883,0.606355,446.489,16756,301.474,28.9996,0.390874,272.056,55.5736,23.1887,0.0718272,32.3131,357.048,0,0,0
1200,4,1,332,1,1,1,4322.63,18700.9,658.295,46.3844,0.678182,565.227,8661.82,154.319,23.1957,0.462701,130.66,150.158,23.1887,0.0718272,126.897,304.477,0,0,0
1200,4,1,333,1,1,1,4324.49,30802.9,989.355,57.9922,0.785088,885.854,15076.1,532.176,34.8035,0.569606,496.603,108.332,23.1887,0.0718272,85.0711,640.507,0,0,0
1200,4,1,334,1,1,1,4422.2,18754.9,553.34,46.3844,0.821837,459.823,10581.7,99.3553,23.1957,0.462701,75.6969,153.165,23.1887,0.0718272,129.904,252.52,0,0,0
1200,4,1,335,1,1,1,4319.75,18687.8,656.091,46.3844,0.873619,562.821,8687.35,158.079,23.1957,0.658138,134.225,149.405,23.1887,0.0718272,126.145,307.484,0,0,0
1200,4,1,336,1,0,0,-1,-1,1287.85,23.1957,0.302342,1219.54,259611,-1,-1,-1,-1,-1,-1,-1,-1,-1,0,0,0
1200,4,1,337,1,1,1,4329.26,18666.2,604.592,46.3844,0.482746,511.563,9582.51,122.861,23.1957,0.267264,99.3976,155.424,23.1887,0.0718272,132.164,278.285,0,0,0
1200,4,1,338,1,1,1,4356.69,18696.1,657.097,46.3844,0.517824,564.186,8678.54,149.319,23.1957,0.267264,125.856,151.799,23.1887,0.106906,128.504,301.118,0,0,0
1200,4,1,339,1,1,1,4330.89,18644.2,438.303,46.3844,0.517824,344.757,12517.2,84.4706,23.1957,0.267264,61.0077,129.616,23.1887,0.106906,106.321,214.087,0,0,0
1200,4,1,340,1,1,1,4325.13,18650.3,529.196,46.3844,0.517824,435.913,10907,86.9061,23.1957,0.302342,63.408,152.374,23.1887,0.0718272,129.114,239.28,0,0,0
1200,4,1,341,1,1,1,4316.62,18713.3,520.041,46.3844,0.482746,426.767,11133,155.035,23.1957,0.267264,131.572,80.0955,23.1887,0.0718272,56.835,235.13,0,0,0
1200,4,1,342,1,1,1,4353.59,18697.9,609.554,46.3844,0.517824,516.505,9525.72,121.33,23.1957,0.267264,97.8671,157.241,23.1887,0.106906,133.945,278.571,0,0,0
1200,4,1,343,1,1,1,4386.93,18766.8,655.7,46.3844,0.517824,562.785,8774.02,149.071,23.1957,0.302342,125.573,158.512,23.1887,0.0718272,135.252,307.583,0,0,0
1200,4,1,344,1,1,1,4325.16,18696,554.704,46.3844,0.770054,461.244,10502.6,152.521,23.1957,0.267264,129.058,91.2473,23.1887,0.0718272,67.9868,243.768,0,0,0
1200,4,1,345,1,1,1,4317.9,24711.8,542.615,52.1883,0.731635,443.513,16829.3,300.138,28.9996,0.516154,270.586,56.8081,23.1887,0.0718272,33.5476,356.946,0,0,0
1200,4,1,346,1,0,0,-1,-1,917.799,23.1957,0.267264,848.449,253263,-1,-1,-1,-1,-1,-1,-1,-1,-1,0,0,0
1200,4,1,347,1,1,1,4316.94,18681.8,603.467,46.3844,0.552902,510.365,9617.63,151.264,23.1957,0.337421,127.731,106.779,23.1887,0.0718272,83.5189,258.044,0,0,0
1200,4,1,348,1,1,1,4323.63,18658.9,571.08,46.3844,0.482746,477.954,10171.1,150.142,23.1957,0.267264,126.679,97.9955,23.1887,0.0718272,74.735,248.137,0,0,0
1200,4,1,349,1,0,0,-1,-1,1397.44,23.1957,0.372499,1329.38,262457,-1,-1,-1,-1,-1,-1,-1,-1,-1,0,0,0
1200,4,1,350,1,1,1,4317.26,18725.6,406.513,46.3844,0.482746,312.909,13164.2,140.286,23.1957,0.267264,116.823,67.6369,23.1887,0.0718272,44.3764,207.923,0,0,0
1200,4,1,351,1,1,1,4326.47,18652,500,46.3844,0.517824,406.632,11427.9,150.087,23.1957,0.302342,126.589,77.9369,23.1887,0.0718272,54.6764,228.024,0,0,0
1200,4,1,352,1,1,1,4344.68,18670.7,442.584,46.3844,0.482746,349.084,12467.9,83.2253,23.1957,0.267264,59.7623,130.316,23.1887,0.0718272,107.055,213.541,0,0,0
1200,4,1,353,1,1,1,4321.84,18637.3,513.071,46.3844,0.482746,419.777,11181,86.7844,23.1957,0.267264,63.3214,150.515,23.1887,0.0718272,127.255,237.3,0,0,0
1200,4,1,354,1,1,1,4347.9,18735.8,658.756,46.3844,0.805133,565.563,8687.91,157.344,23.1957,0.302342,133.846,151.073,23.1887,0.0718272,127.812,308.417,0,0,0
1200,4,1,355,1,1,2,10341.3,24676.1,810.276,69.5741,0.714931,695.061,12333.8,122.737,23.1957,0.462701,99.0781,362.84,46.3784,0.108576,316.353,485.576,1,0,0
1200,4,1,356,1,1,1,4319.88,18640.5,452.611,46.3844,0.482746,359.141,12259.3,83.7776,23.1957,0.267264,60.3146,132.839,23.1887,0.0718272,109.578,216.617,0,0,0
1200,4,1,357,1,1,1,4335.77,18677.4,616.337,46.3844,0.482746,523.343,9384.81,122.749,23.1957,0.267264,99.2857,156.734,23.1887,0.0718272,133.474,279.483,0,0,0
1200,4,1,358,1,0,0,-1,-1,1498.19,23.1957,0.267264,1430.53,267254,-1,-1,-1,-1,-1,-1,-1,-1,-1,0,0,0
1200,4,1,359,1,1,2,10338.6,24677.6,795.923,69.5741,0.554573,680.827,12590.8,114.205,23.1957,0.302342,90.7074,361.123,46.3784,0.108576,314.636,475.329,1,0,0
1200,4,1,360,1,1,1,4331.17,18766.2,625.315,46.3952,0.50112,532.319,9313.98,160.103,23.2065,0.285638,136.611,121.299,23.1887,0.0718272,98.0385,281.402,0,0,0
1200,4,1,361,1,1,1,4342.43,18655.6,617.102,46.3844,0.482746,524.11,9349.47,122.269,23.1957,0.267264,98.8056,155.108,23.1887,0.0718272,131.848,277.377,0,0,0
1200,4,1,362,1,1,1,4377.84,18789.6,660.642,46.3844,0.696557,567.563,8708.35,154.472,23.1957,0.302342,130.974,157.082,23.1887,0.106906,133.786,311.554,0,0,0
1200,4,1,363,1,0,0,-1,-1,1391.17,23.1957,0.302342,1323.16,262272,-1,-1,-1,-1,-1,-1,-1,-1,-1,0,0,0
1200,4,1,364,1,1,2,10334.1,24672.4,853.345,69.5741,0.698227,738.271,11564.2,146.982,23.1957,0.302342,123.484,359.365,46.3784,0.108576,312.878,506.348,1,0,0
1200,4,1,365,1,1,1,4321.38,18635.6,462.676,46.3844,0.482746,369.235,12075.4,83.9003,23.1957,0.267264,60.4373,138.046,23.1887,0.0718272,114.785,221.946,0,0,0
1200,4,1,366,1,1,1,4330.62,24804.1,829.747,52.1883,0.641434,731.57,11815.6,348.128,28.9996,0.425952,318.702,139.188,23.1887,0.0718272,115.928,487.316,0,0,0
1200,4,1,367,1,1,1,4319.75,24758.6,790.713,52.1883,0.766714,692.298,12464.1,344.987,28.9996,0.551232,315.436,108.375,23.1887,0.0718272,85.1144,453.361,0,0,0
1200,4,1,368,1,1,1,4321.42,24782.3,586.487,52.1883,1.35302,486.892,16118,324.449,28.9996,1.10246,294.347,67.459,23.1887,0.106906,44.1635,391.908,0,0,0
1200,4,1,369,1,1,1,4382.08,18721,655.687,46.3844,0.517824,562.773,8728.43,150.321,23.1957,0.267264,126.858,152.14,23.1887,0.106906,128.845,302.461,0,0,0
1200,4,1,370,1,1,1,4342.81,18668.9,602.142,46.3844,0.6264,508.963,9628.39,122.985,23.1957,0.267264,99.5221,154.697,23.1887,0.0718272,131.436,277.682,0,0,0
1200,4,1,371,1,1,1,4386.82,18920.9,663.178,46.3844,0.552902,570.25,8794.88,158.357,23.1957,0.337421,134.824,155.601,23.1887,0.0718272,132.341,313.958,0,0,0
1200,4,1,372,1,1,1,4314.38,18758.8,474.834,46.3844,0.908698,381.002,11981.3,156.249,23.1957,0.693216,132.36,82.3695,23.1887,0.0718272,59.109,238.619,0,0,0
1200,4,1,373,1,1,2,10483.5,24798.3,788.076,69.5741,0.519494,672.992,12851.3,108.651,23.1957,0.267264,85.1884,365.298,46.3784,0.108576,318.811,473.949,1,0,0
1200,4,1,374,1,1,1,4345.26,18664.9,551.906,46.3844,0.517824,458.69,10517.8,99.1888,23.1957,0.267264,75.7258,150.577,23.1887,0.106906,127.282,249.766,0,0,0
1200,4,1,375,1,0,0,-1,-1,1532.78,23.1957,0.267264,1465.21,269314,-1,-1,-1,-1,-1,-1,-1,-1,-1,0,0,0
1200,4,1,376,1,1,1,4338.28,18661.2,592.46,46.3844,0.552902,499.327,9792.74,113.529,23.1957,0.302342,90.0306,157.179,23.1887,0.106906,133.884,270.708,0,0,0
1200,4,1,377,1,1,1,4333.93,18646.5,532.086,46.3844,0.6264,438.704,10851.7,87.759,23.1957,0.267264,64.296,154.177,23.1887,0.0718272,130.917,241.936,0,0,0
1200,4,1,378,1,1,1,4344.06,18665.4,518.432,46.3844,0.482746,425.153,11113.8,87.712,23.1957,0.267264,64.2491,149.799,23.1887,0.0718272,126.538,237.511,0,0,0
1200,4,1,379,1,0,0,-1,-1,719.554,23.1957,0.267264,649.627,250196,-1,-1,-1,-1,-1,-1,-1,-1,-1,0,0,0
1200,4,1,380,1,1,1,4315.66,18655.5,518.433,46.3844,0.517824,425.119,11103.6,87.9168,23.1957,0.302342,64.4187,149.452,23.1887,0.0718272,126.192,237.369,0,0,0
1200,4,1,381,1,1,1,4316.94,24630.8,435.503,52.1883,0.801792,336.019,18652.5,241.609,28.9996,0.58631,211.831,37.9353,23.1887,0.0718272,14.6748,279.545,0,0,0
1200,4,1,382,1,1,1,4355.22,18678.6,423.418,46.3844,0.482746,329.863,12816.5,82.5178,23.1957,0.267264,59.0549,127.101,23.1887,0.0718272,103.841,209.619,0,0,0
1200,4,1,383,0,0,0,-1,-1,892.628,23.206,0.516154,822.945,252822,-1,-1,-1,-1,-1,-1,-1,-1,-1,0,0,0
1200,4,1,384,1,1,1,4332.35,18666.9,604.041,46.3844,0.678182,510.816,9592.54,122.717,23.1957,0.462701,99.0583,155.565,23.1887,0.0718272,132.304,278.282,0,0,0
1200,4,1,385,1,1,1,4427.53,18846,663.013,46.3844,0.908698,569.728,8722.22,158.515,23.1957,0.658138,134.662,155.259,23.1887,0.106906,131.963,313.774,0,0,0
1200,4,1,386,1,1,1,4315.98,18639.9,374.268,46.3844,0.482746,280.571,13651.8,121.734,23.1957,0.267264,98.2714,58.2808,23.1887,0.0718272,35.0203,180.015,0,0,0
1200,4,1,387,1,1,2,10386.3,36751,1099.94,81.182,1.39311,973.599,19455.4,392.561,34.8035,0.925402,356.246,361.311,46.3784,0.180403,314.752,753.872,1,0,0
1200,4,1,388,1,1,1,4317.61,18741.9,659.088,46.3952,0.50112,566.189,8689.12,157.179,23.2065,0.285638,133.687,151.966,23.1887,0.0718272,128.706,309.145,0,0,0
1200,4,1,389,1,1,1,4320.84,18653.7,502.621,46.3844,0.678182,409.101,11382.7,86.9834,23.1957,0.462701,63.325,151.407,23.1887,0.0718272,128.146,238.39,0,0,0
1200,4,1,390,1,0,0,-1,-1,1128.07,23.1957,0.302342,1059.29,256493,-1,-1,-1,-1,-1,-1,-1,-1,-1,0,0,0
1200,4,1,391,1,1,1,4369.35,18770.8,659.283,46.3844,0.6264,566.27,8731.33,154.816,23.1957,0.267264,131.353,152.537,23.1887,0.0718272,129.276,307.353,0,0,0
1200,4,1,392,1,1,1,4331.14,18651.7,452.956,46.3844,0.482746,359.487,12264.4,83.6224,23.1957,0.267264,60.1594,133.418,23.1887,0.0718272,110.158,217.041,0,0,0
1200,4,1,393,1,1,1,4339.98,18653.2,628.205,46.3844,0.482746,535.246,9149.58,127.946,23.1957,0.267264,104.483,151.728,23.1887,0.0718272,128.467,279.674,0,0,0
1200,4,1,394,1,1,1,4343.39,18697.9,639.995,46.3844,0.517824,547.035,8984.41,155.748,23.1957,0.302342,132.25,140.286,23.1887,0.0718272,117.025,296.034,0,0,0
1200,4,1,395,1,1,1,4344.29,36846.9,1102.29,63.7961,1.20937,993.053,19209.7,718.972,40.6075,0.993888,676.887,86.5404,23.1887,0.0718272,63.2799,805.513,0,0,0
1200,4,1,396,1,1,1,4318.54,18651.6,546.861,46.3844,0.713261,453.434,10593.7,154.917,23.1957,0.497779,131.223,87.6991,23.1887,0.0718272,64.4386,242.616,0,0,0
1200,4,1,397,1,1,1,4328.85,18642,504.6,46.3844,0.482746,411.281,11336.3,150.575,23.1957,0.267264,127.112,78.047,23.1887,0.0718272,54.7865,228.622,0,0,0
1200,4,1,398,1,1,1,4357.16,18795.6,390.885,46.3844,0.623059,297.095,13511,133.879,23.1957,0.372499,110.311,63.2286,23.1887,0.106906,39.933,197.108,0,0,0
1200,4,1,399,1,1,1,4352.9,24712.6,845.283,52.1883,0.997229,746.796,11447.1,342.359,28.9996,0.746669,312.613,156.759,23.1887,0.106906,133.463,499.118,0,0,0
1200,4,1,400,1,1,1,4388.45,18823.4,618.776,46.3844,0.482746,525.789,9487.47,159.041,23.1957,0.267264,135.578,112.033,23.1887,0.0718272,88.7727,271.075,0,0,0
1200,4,1,401,1,1,1,4317.9,18733.5,382.613,46.3844,0.482746,288.939,13597,127.567,23.1957,0.267264,104.104,59.8691,23.1887,0.0718272,36.6086,187.437,0,0,0
1200,4,1,402,1,0,0,-1,-1,1205.13,23.1957,0.267264,1136.62,257705,-1,-1,-1,-1,-1,-1,-1,-1,-1,0,0,0
1200,4,1,403,1,1,1,4317.9,18670.1,647.11,46.3844,0.482746,554.205,8830.32,154.937,23.1957,0.267264,131.474,147.095,23.1887,0.0718272,123.835,302.032,0,0,0
1200,4,1,404,1,1,1,4354.17,18679.4,655.824,46.3844,0.517824,562.91,8684.48,152.825,23.1957,0.302342,129.327,151.726,23.1887,0.0718272,128.466,304.551,0,0,0
1200,4,1,405,1,1,1,4381.07,24740.1,710.203,52.1883,0.87529,611.445,13877.1,223.972,28.9996,0.481075,194.24,158.011,23.1887,0.106906,134.716,381.983,0,0,0
1200,4,1,406,1,1,1,4316.94,18631.1,407.602,46.3844,0.482746,314.001,13050.3,82.451,23.1957,0.267264,58.9881,120.193,23.1887,0.0718272,96.9322,202.644,0,0,0
1200,4,1,407,1,1,2,10414.6,24762.9,646.04,69.5741,0.519494,530.543,15341.6,81.4728,23.1957,0.267264,58.0099,334.197,46.3784,0.108576,287.71,415.67,1,0,0
1200,4,1,408,1,1,1,4321.47,24679,485.34,52.1883,0.731635,386.072,17815,272.339,28.9996,0.516154,242.713,48.1866,23.1887,0.0718272,24.9261,320.526,0,0,0
1200,4,1,409,1,1,1,4326.41,18648.1,410.71,46.3844,0.517824,317.084,13011.7,81.9411,23.1957,0.302342,58.443,121.393,23.1887,0.0718272,98.1324,203.334,0,0,0
1200,4,1,410,1,1,1,4322.63,24660,639.174,52.1883,0.536198,540.548,15061,340.071,28.9996,0.320717,310.75,78.9548,23.1887,0.0718272,55.6943,419.026,0,0,0
1200,4,1,411,1,1,1,4323.66,24707.9,556.311,52.1883,1.54846,456.432,16579.8,304.774,28.9996,1.2979,274.456,56.5147,23.1887,0.106906,33.2191,361.288,0,0,0
1200,4,1,412,1,0,0,-1,-1,1490.62,23.1957,0.302342,1422.9,266917,-1,-1,-1,-1,-1,-1,-1,-1,-1,0,0,0
1200,4,1,413,1,1,1,4402.63,18764.4,659.322,46.3844,0.482746,566.453,8707.48,152.864,23.1957,0.267264,129.401,157.505,23.1887,0.0718272,134.245,310.369,0,0,0
1200,4,1,414,1,1,1,4382.85,18818,662.083,46.3844,0.853574,568.851,8710.32,161.231,23.1957,0.532858,137.502,152.091,23.1887,0.177062,128.726,313.322,0,0,0
1200,4,1,415,1,1,1,4324.52,18655.9,523.034,46.3844,0.517824,429.734,11022.2,154.395,23.1957,0.302342,130.897,82.3172,23.1887,0.0718272,59.0567,236.712,0,0,0
1200,4,1,416,1,1,1,4324.87,18644.5,530.1,46.3844,0.482746,436.855,10885.4,88.4141,23.1957,0.267264,64.9511,152.383,23.1887,0.0718272,129.123,240.797,0,0,0
1200,4,1,417,1,1,1,4341.92,18663.4,631.025,46.3844,0.482746,538.074,9109.6,129.558,23.1957,0.267264,106.095,152.408,23.1887,0.0718272,129.148,281.967,0,0,0
1200,4,1,418,1,1,1,4330.78,18655.3,486.115,46.3844,0.482746,392.743,11678.3,87.6904,23.1957,0.267264,64.2274,146.918,23.1887,0.0718272,123.658,234.609,0,0,0
1200,4,1,419,1,1,1,4356.41,18764.5,659.081,46.3844,0.748339,565.946,8710.93,154.36,23.1957,0.462701,130.702,151.5,23.1887,0.141984,128.17,305.861,0,0,0
1200,4,1,420,1,0,0,-1,-1,1170.64,23.1957,0.302342,1101.99,257055,-1,-1,-1,-1,-1,-1,-1,-1,-1,0,0,0
1200,4,1,421,1,1,1,4350.82,24684.2,779.34,52.1883,0.571277,681.086,12592.5,275.423,28.9996,0.320717,246.005,155.241,23.1887,0.106906,131.945,430.664,0,0,0
1200,4,1,422,1,1,1,4338.08,18681.6,640.936,46.3844,0.482746,548.013,8951.59,155.471,23.1957,0.267264,132.008,141.655,23.1887,0.0718272,118.395,297.127,0,0,0
1200,4,1,423,1,1,1,4345.1,18671.5,513.28,46.3844,0.856915,419.612,11210.4,88.1158,23.1957,0.497779,64.4223,151.233,23.1887,0.0718272,127.973,239.349,0,0,0
1200,4,1,424,1,1,1,4317.51,24691.6,556.087,52.1883,0.731635,457.024,16569.5,304.603,28.9996,0.516154,275.068,57.0879,23.1887,0.0718272,33.8274,361.691,0,0,0
1200,4,1,425,1,1,1,4321.73,30673.2,640.817,57.9922,0.589651,536.498,21144.5,441.515,34.8035,0.37417,405.896,41.6911,23.1887,0.0718272,18.4306,483.207,0,0,0
1200,4,1,426,1,0,0,-1,-1,1198.11,23.1957,0.267264,1129.58,257609,-1,-1,-1,-1,-1,-1,-1,-1,-1,0,0,0
1200,4,1,427,1,1,1,4346.67,18664.9,583.065,46.3844,0.770054,489.687,9963.22,113.219,23.1957,0.267264,89.7563,156.395,23.1887,0.0718272,133.135,269.614,0,0,0
1200,4,1,428,1,0,0,-1,-1,1486.98,23.1957,0.267264,1419.28,266575,-1,-1,-1,-1,-1,-1,-1,-1,-1,0,0,0
1200,4,1,429,1,1,1,4317.58,24631.8,446.809,52.1883,0.536198,347.624,18453.4,249.547,28.9996,0.320717,220.057,39.695,23.1887,0.0718272,16.4345,289.242,0,0,0
1200,4,1,430,1,1,1,4337.74,18770.3,460.223,46.3844,0.482746,366.775,12253.7,157.343,23.1957,0.267264,133.88,80.1352,23.1887,0.0718272,56.8747,237.478,0,0,0
1200,4,1,431,1,1,1,4387.84,18702.1,611.434,46.3844,0.770054,518.138,9495.93,120.058,23.1957,0.267264,96.5947,158.586,23.1887,0.0718272,135.326,278.644,0,0,0
1200,4,1,432,1,1,1,4329.14,18692.2,640.22,46.3844,0.517824,547.26,8974.71,135.958,23.1957,0.267264,112.495,154.178,23.1887,0.106906,130.882,290.136,0,0,0
1200,4,1,433,1,1,1,4346.33,18744.8,458.908,46.3844,0.517824,365.421,12251.4,156.259,23.1957,0.302342,132.761,80.2705,23.1887,0.0718272,57.01,236.53,0,0,0
1200,4,1,434,1,1,1,4384.93,18814.7,618.4,46.3844,0.517824,525.377,9485.21,158.58,23.1957,0.302342,135.082,112.16,23.1887,0.0718272,88.899,270.74,0,0,0
1200,4,1,435,1,1,1,4320.9,18679.5,435.502,46.3844,0.482746,341.983,12602.6,150.987,23.1957,0.267264,127.524,74.0728,23.1887,0.0718272,50.8123,225.059,0,0,0
1200,4,1,436,1,1,1,4393.32,18708.8,659.433,46.3844,0.552902,566.494,8649.42,155.998,23.1957,0.267264,132.535,155.706,23.1887,0.141984,132.375,311.704,0,0,0
1200,4,1,437,1,0,0,-1,-1,1445.8,23.1957,0.267264,1377.99,264795,-1,-1,-1,-1,-1,-1,-1,-1,-1,0,0,0
1200,4,1,438,1,1,1,4362.03,18684.7,456.88,46.3844,0.6264,363.279,12227.2,82.7867,23.1957,0.267264,59.3238,136.028,23.1887,0.0718272,112.768,218.815,0,0,0
1200,4,1,439,1,1,2,10475.9,24796.6,840.668,69.5741,0.554573,725.701,11914.1,132.989,23.1957,0.267264,109.526,362.286,46.3784,0.143654,315.764,495.275,1,0,0
1200,4,1,440,1,1,2,10386.6,24704.7,619.162,69.5741,0.554573,503.552,15761.1,82.2489,23.1957,0.267264,58.7859,323.561,46.3784,0.143654,277.039,405.81,1,0,0
1200,4,1,441,1,1,1,4328.14,18691.7,505.539,46.3844,0.696557,412.009,11368.7,152.918,23.1957,0.462701,129.26,78.5148,23.1887,0.0902016,55.2359,231.433,0,0,0
1200,4,1,442,1,1,1,4395.61,18712.1,539.992,46.3844,0.482746,446.776,10777.1,89.5836,23.1957,0.267264,66.1207,155.343,23.1887,0.0718272,132.082,244.927,0,0,0
1200,4,1,443,1,1,1,4336.23,18682,618.855,46.3844,0.661478,525.69,9343.99,156.99,23.1957,0.302342,133.492,116.386,23.1887,0.0718272,93.1259,273.376,0,0,0
1200,4,1,444,0,0,0,-1,-1,713.707,23.206,0.516154,643.505,250121,-1,-1,-1,-1,-1,-1,-1,-1,-1,0,0,0
1200,4,1,445,1,1,1,4323.32,36745.1,1022.27,63.7961,1.88588,912.122,20529.7,719.752,40.6075,1.6704,677.006,80.7217,23.1887,0.0718272,57.4612,800.474,0,0,0
1200,4,1,446,1,1,1,4340.21,18655.7,554.141,46.3844,0.517824,460.931,10468.9,102.053,23.1957,0.267264,78.59,148.767,23.1887,0.106906,125.472,250.82,0,0,0
1200,4,1,447,1,1,1,4418.39,24813.2,844.992,52.1883,0.679853,746.821,11553.9,341.428,28.9996,0.320717,312.108,155.182,23.1887,0.0718272,131.922,496.61,0,0,0
1200,4,1,448,1,1,1,4346.95,18753.6,478.42,46.3844,0.731635,384.776,11912.3,154.581,23.1957,0.302342,131.083,81.2647,23.1887,0.141984,57.9341,235.845,0,0,0
1200,4,1,449,1,1,1,4331.37,18675.1,657.05,46.3844,0.6264,564.031,8658.14,152.3,23.1957,0.267264,128.837,152.084,23.1887,0.0718272,128.823,304.384,0,0,0
1200,4,1,450,1,1,1,4334.66,24693.3,840.764,52.1883,0.731635,742.529,11509.1,339.838,28.9996,0.516154,310.323,152.84,23.1887,0.0718272,129.579,492.678,0,0,0
1200,4,1,451,1,1,1,4318.44,18714.5,384.967,46.3844,0.482746,291.3,13536.2,127.533,23.1957,0.267264,104.07,60.517,23.1887,0.0718272,37.2565,188.05,0,0,0
1200,4,1,452,1,1,1,4333.43,18648.2,481.233,46.3844,0.482746,387.846,11758.1,85.4398,23.1957,0.267264,61.9768,145.729,23.1887,0.0718272,122.468,231.169,0,0,0
1200,4,1,453,1,1,1,4342.15,18751.4,470.724,46.3844,0.748339,377.041,12047.2,155.021,23.1957,0.532858,131.292,83.2142,23.1887,0.0718272,59.9537,238.235,0,0,0
1200,4,1,454,1,0,0,-1,-1,972.538,28.9996,0.355795,897.614,253858,-1,-1,-1,-1,-1,-1,-1,-1,-1,0,0,0
1200,4,1,455,1,1,1,4336.58,18651.8,601.848,46.3844,0.517824,508.777,9616.66,152.158,23.1957,0.267264,128.695,106.845,23.1887,0.106906,83.5496,259.003,0,0,0
1200,4,1,456,1,1,1,4320.9,18672.8,444.173,46.3844,0.482746,350.678,12441.7,155.087,23.1957,0.267264,131.624,76.1195,23.1887,0.0718272,52.859,231.207,0,0,0
1200,4,1,457,1,1,1,4328.36,18751.3,585.416,46.3844,0.6264,492.189,10008.2,155.036,23.1957,0.267264,131.574,101.591,23.1887,0.0718272,78.3301,256.627,0,0,0
1200,4,1,458,1,1,1,4344.28,18660.8,394.157,46.3844,0.482746,300.517,13319.1,73.8115,23.1957,0.267264,50.3485,120.666,23.1887,0.0718272,97.4051,194.477,0,0,0
1200,4,1,459,1,0,0,-1,-1,609.199,28.9996,0.425952,533.149,248347,-1,-1,-1,-1,-1,-1,-1,-1,-1,0,0,0
1200,4,1,460,1,1,1,4317.9,18722.2,421.957,46.3844,0.482746,328.398,12886.1,144.556,23.1957,0.267264,121.093,71.4902,23.1887,0.0718272,48.2297,216.046,0,0,0
1200,4,1,461,1,1,1,4395.11,18781.3,659.8,46.3844,0.821837,566.593,8715,154.145,23.1957,0.462701,130.487,157.796,23.1887,0.0718272,134.535,311.941,0,0,0
1200,4,1,462,1,1,2,10322.6,24887.8,810.161,69.5741,0.519494,695.14,12548.1,160.554,23.1957,0.267264,137.091,302.233,46.3784,0.108576,255.746,462.786,1,0,0
1200,4,1,463,1,1,1,4348.62,18742.2,659.297,46.3844,0.517824,566.393,8685.49,158.648,23.1957,0.267264,135.185,152.211,23.1887,0.106906,128.915,310.859,0,0,0
1200,4,1,464,1,1,1,4335.96,18795,597.453,46.3844,0.482746,504.404,9838.23,155.84,23.1957,0.267264,132.377,106.341,23.1887,0.0718272,83.0804,262.18,0,0,0
1200,4,1,465,1,1,1,4320.46,18646.2,492.653,46.3844,0.482746,399.299,11553,151.355,23.1957,0.267264,127.892,78.0398,23.1887,0.0718272,54.7793,229.394,0,0,0
1200,4,1,466,1,1,1,4327.11,18680.9,506.643,46.3844,0.482746,413.33,11338.9,151.927,23.1957,0.267264,128.464,79.1624,23.1887,0.0718272,55.9019,231.089,0,0,0
1200,4,1,467,1,1,1,4360.71,24785.9,722.361,52.1883,0.731635,623.782,13707.1,342.879,28.9996,0.481075,313.398,85.3645,23.1887,0.106906,62.0689,428.243,0,0,0
1200,4,1,468,1,0,0,-1,-1,1543.73,23.1957,0.267264,1476.2,269962,-1,-1,-1,-1,-1,-1,-1,-1,-1,0,0,0
1200,4,1,469,1,1,1,4329.06,18655.1,641.538,46.3844,0.482746,548.618,8914.37,137.333,23.1957,0.267264,113.87,155.015,23.1887,0.0718272,131.754,292.348,0,0,0
1200,4,1,470,1,1,1,4438.18,18754.9,538.09,46.3844,0.661478,444.69,10853.1,87.8871,23.1957,0.267264,64.4241,156.885,23.1887,0.106906,133.589,244.772,0,0,0
1200,4,1,471,1,1,1,4315.02,30673.2,707.245,57.9922,0.945446,602.763,19962.7,474.361,34.8035,0.729965,438.48,56.2811,23.1887,0.0718272,33.0206,530.642,0,0,0
1200,4,1,472,1,1,1,4322.61,18785.6,461.207,46.3844,0.482746,367.762,12251.6,158.386,23.1957,0.267264,134.923,80.0359,23.1887,0.0718272,56.7754,238.422,0,0,0
1200,4,1,473,1,1,1,4316.94,24730.8,602.263,52.1883,0.766714,503.299,15787.4,327.417,28.9996,0.551232,297.866,69.7504,23.1887,0.0718272,46.4898,397.167,0,0,0
1200,4,1,474,1,0,0,-1,-1,1080.46,28.9996,0.676512,1005.53,255619,-1,-1,-1,-1,-1,-1,-1,-1,-1,0,0,0
1200,4,1,475,1,1,1,4346.12,18675,653.159,46.3844,0.770054,559.984,8726.88,146.716,23.1957,0.267264,123.253,158.454,23.1887,0.0718272,135.194,305.171,0,0,0
1200,4,1,476,1,1,1,4384.7,18713.4,657.294,46.3844,0.678182,564.224,8692.11,156.104,23.1957,0.462701,132.445,154.045,23.1887,0.0718272,130.785,310.149,0,0,0
1200,4,1,477,0,0,0,-1,-1,1304.76,29.0099,0.765043,1230.38,259882,-1,-1,-1,-1,-1,-1,-1,-1,-1,0,0,0
1200,4,1,478,1,0,0,-1,-1,1358.17,23.1957,0.267264,1290.1,261470,-1,-1,-1,-1,-1,-1,-1,-1,-1,0,0,0
1200,4,1,479,1,1,1,4337.02,18685.7,646.471,46.3844,0.482746,553.565,8857.34,154.852,23.1957,0.267264,131.389,146.922,23.1887,0.0718272,123.661,301.774,0,0,0
1200,4,1,480,1,1,1,4325.62,18727.5,554.903,46.3844,0.517824,461.695,10527.1,153.38,23.1957,0.302342,129.882,91.7761,23.1887,0.0718272,68.5156,245.157,0,0,0
1200,4,1,481,1,1,1,4316.3,24664.5,430.283,52.1883,0.731635,330.854,18779.5,237.564,28.9996,0.516154,207.839,36.6395,23.1887,0.0718272,13.379,274.204,0,0,0
1200,4,1,482,1,1,2,10349.1,24723.9,797.301,69.5741,0.985536,681.778,12611.4,115.399,23.1957,0.267264,91.9365,360.441,46.3784,0.287309,313.775,475.841,1,0,0
1200,4,1,483,1,1,1,4366.34,18692.2,651.195,46.3844,0.482746,558.302,8779.78,144.973,23.1957,0.267264,121.51,159.007,23.1887,0.0718272,135.746,303.98,0,0,0
1200,4,1,484,1,1,1,4333.4,18829,661.449,46.3844,0.482746,568.586,8734.29,156.661,23.1957,0.267264,133.198,150.239,23.1887,0.0718272,126.979,306.9,0,0,0
1200,4,1,485,1,1,1,4316.94,18670.4,656.954,46.3844,0.482746,564.078,8655.63,155.834,23.1957,0.267264,132.371,151.659,23.1887,0.0718272,128.399,307.494,0,0,0
1200,4,1,486,1,1,1,4349.76,18671.9,441.87,46.3844,0.678182,348.173,12481.2,84.0344,23.1957,0.462701,60.376,130.381,23.1887,0.0718272,107.12,214.415,0,0,0
1200,4,1,487,1,1,1,4355.17,18734.1,654.698,46.3844,0.552902,561.746,8758.95,152.429,23.1957,0.302342,128.931,151.539,23.1887,0.106906,128.244,303.969,0,0,0
1200,4,1,488,0,0,0,-1,-1,1051.45,40.6177,1.66873,964.14,254973,-1,-1,-1,-1,-1,-1,-1,-1,-1,0,0,0
1200,4,1,489,1,0,0,-1,-1,805.666,23.1957,0.267264,735.99,251481,-1,-1,-1,-1,-1,-1,-1,-1,-1,0,0,0
1200,4,1,490,1,1,1,4339.38,18672,585.212,46.3844,0.661478,491.949,9936.53,113.938,23.1957,0.267264,90.4746,156.437,23.1887,0.106906,133.142,270.375,0,0,0
1200,4,1,491,1,1,1,4377.78,18750,658.531,46.3844,0.517824,565.624,8706.88,157.471,23.1957,0.267264,134.008,153.254,23.1887,0.106906,129.958,310.725,0,0,0
1200,4,1,492,1,1,1,4317.26,24683.9,701.361,52.1883,0.50112,602.951,13979.3,338.78,28.9996,0.285638,309.494,79.7038,23.1887,0.0718272,56.4433,418.483,0,0,0
1200,4,1,493,1,1,1,4455.68,24858.3,842.132,52.1883,1.28287,743.35,11648.6,334.993,28.9996,1.06739,304.926,159.333,23.1887,0.0718272,136.073,494.327,0,0,0
1200,4,1,494,1,1,1,4353.61,18671.7,460.536,46.3844,0.482746,367.089,12149.6,82.5629,23.1957,0.267264,59.1,137.504,23.1887,0.0718272,114.244,220.067,0,0,0
1200,4,1,495,1,1,1,4330.02,18710.1,658.497,46.3844,0.6264,565.482,8683.37,158.516,23.1957,0.267264,135.053,154.684,23.1887,0.0718272,131.424,313.2,0,0,0
1200,4,1,496,1,1,1,4333.48,18666.5,592.846,46.3844,0.482746,499.783,9791.7,114.569,23.1957,0.267264,91.1063,156.98,23.1887,0.0718272,133.719,271.549,0,0,0
1200,4,1,497,1,1,1,4343.99,18659.5,489.16,46.3844,0.482746,395.796,11628.4,86.7465,23.1957,0.267264,63.2835,148.914,23.1887,0.0718272,125.654,235.661,0,0,0
1200,4,1,498,1,1,1,4317.42,18769.5,494.309,46.3844,0.482746,400.96,11646.8,153.629,23.1957,0.267264,130.166,80.0684,23.1887,0.0718272,56.8079,233.697,0,0,0
1200,4,1,499,0,0,0,-1,-1,984.958,23.206,0.516154,915.544,254161,-1,-1,-1,-1,-1,-1,-1,-1,-1,0,0,0
1200,4,1,500,1,1,1,4322.63,18652.9,422,46.3844,0.482746,328.441,12816.1,82.812,23.1957,0.267264,59.349,127.125,23.1887,0.0718272,103.864,209.937,0,0,0
1200,4,1,501,1,1,1,4317.9,18734.1,399.954,46.3844,0.482746,306.331,13289.3,137.839,23.1957,0.267264,114.376,67.0847,23.1887,0.0718272,43.8242,204.923,0,0,0
1200,4,1,502,1,0,0,-1,-1,385.028,23.1957,0.267264,314.129,244964,-1,-1,-1,-1,-1,-1,-1,-1,-1,0,0,0
1200,4,1,503,1,1,1,4320.2,24708.9,568.96,52.1883,0.536198,470.131,16358.5,312.241,28.9996,0.320717,282.92,60.4809,23.1887,0.0718272,37.2204,372.722,0,0,0
1200,4,1,504,1,1,1,4317.51,24808.6,731.643,52.1883,0.696557,633.126,13565.1,346.573,28.9996,0.481075,317.093,86.3653,23.1887,0.0718272,63.1048,432.939,0,0,0
1200,4,1,505,1,1,2,10355,24682.7,579.668,69.5741,0.519494,463.978,16441.6,74.1147,23.1957,0.267264,50.6517,305.458,46.3784,0.108576,258.971,379.572,1,0,0
1200,4,1,506,1,1,2,10400.2,24742.4,841.534,69.5741,0.519494,726.605,11844.8,155.103,23.1957,0.267264,131.64,339.978,46.3784,0.108576,293.491,495.081,1,0,0
1200,4,1,507,1,1,1,4354.67,18701.9,608.072,46.3844,0.678182,514.859,9555.85,121.686,23.1957,0.462701,98.0277,156.834,23.1887,0.0718272,133.573,278.52,0,0,0
1200,4,1,508,1,1,1,4337.96,18672,568.155,46.3844,0.6264,474.877,10235.8,108.079,23.1957,0.267264,84.6162,151.908,23.1887,0.0718272,128.648,259.988,0,0,0
1200,4,1,509,1,1,1,4325.78,18682.4,616.055,46.3844,0.552902,522.99,9394.33,123.059,23.1957,0.337421,99.5257,156.26,23.1887,0.0718272,132.999,279.319,0,0,0
1200,4,1,510,1,1,1,4316.3,18631.1,420.735,46.3844,0.482746,327.172,12816.7,82.4438,23.1957,0.267264,58.9809,125.643,23.1887,0.0718272,102.383,208.087,0,0,0
1200,4,1,511,1,1,1,4343.96,18655.9,392.072,46.3844,0.50112,298.407,13351,71.9886,23.1957,0.267264,48.5257,122.868,23.1887,0.0902016,99.5889,194.856,0,0,0
1200,4,1,512,1,1,1,4364.03,18684.6,394.369,46.3844,0.517824,300.694,13338.8,73.7339,23.1957,0.267264,50.2709,120.605,23.1887,0.106906,97.3094,194.339,0,0,0
1200,4,1,513,1,1,1,4325.68,24704.2,832.033,52.1883,0.83687,733.667,11674.6,345.779,28.9996,0.621389,316.158,143.314,23.1887,0.0718272,120.053,489.093,0,0,0
1200,4,1,514,1,1,1,4352.72,18674.7,622.002,46.3844,0.661478,528.846,9286.02,126.674,23.1957,0.267264,103.211,155.97,23.1887,0.106906,132.674,282.644,0,0,0
1200,4,1,515,1,1,1,4331.4,18733.1,473.626,46.3844,0.482746,380.217,11978.2,154.509,23.1957,0.267264,131.047,82.6493,23.1887,0.0718272,59.3887,237.159,0,0,0
1200,4,1,516,1,1,1,4349.48,18748.9,659.619,46.3844,1.01727,566.216,8685.36,156.436,23.1957,0.658138,132.582,154.199,23.1887,0.0718272,130.938,310.635,0,0,0
1200,4,1,517,1,1,2,4343.13,18700,667.768,69.5741,0.698227,552.155,8884.3,155.863,23.1957,0.267264,132.4,168.149,46.3784,0.287309,121.483,324.012,1,0,0
1200,4,1,518,1,1,1,4330.61,36731.9,938.956,63.7961,1.06906,829.38,22000.2,686.758,40.6075,0.818496,644.77,60.2759,23.1887,0.106906,36.9804,747.033,0,0,0
1200,4,1,519,1,1,1,4318.02,18645.5,605.916,46.3844,0.552902,512.821,9537.79,120.622,23.1957,0.337421,97.0892,155.841,23.1887,0.0718272,132.581,276.463,0,0,0
1200,4,1,520,1,0,0,-1,-1,1510.54,28.9996,0.481075,1437.05,267776,-1,-1,-1,-1,-1,-1,-1,-1,-1,0,0,0
1200,4,1,521,1,1,1,4318.1,18717.7,608.863,46.3844,1.06906,515.261,9556.59,153.825,23.1957,0.853574,129.776,105.635,23.1887,0.0718272,82.3747,259.46,0,0,0
1200,4,1,522,1,1,1,4353.81,18677,583.742,46.3844,0.482746,490.653,9964.08,113.497,23.1957,0.267264,90.0343,156.915,23.1887,0.0718272,133.654,270.412,0,0,0
1200,4,1,523,1,1,1,4383.21,24775.6,839.694,52.1883,0.927072,741.26,11610,338.133,28.9996,0.676512,308.457,154.104,23.1887,0.106906,130.808,492.237,0,0,0
1200,4,1,524,1,1,1,4323.21,24714.3,718.848,52.1883,0.766714,620.223,13697.8,341.565,28.9996,0.551232,312.014,83.2864,23.1887,0.0718272,60.0258,424.851,0,0,0
1200,4,1,525,1,1,1,4327.1,18646.9,604.313,46.3844,0.482746,511.284,9568.2,121.431,23.1957,0.267264,97.9682,156.522,23.1887,0.0718272,133.261,277.953,0,0,0
1200,4,1,526,1,1,1,4316.36,30655.8,670.818,57.9922,1.0156,566.16,20592.5,458.62,34.8035,0.800122,422.626,48.0928,23.1887,0.0718272,24.8322,506.713,0,0,0
1200,4,1,527,1,1,1,4314.7,18744.1,476.476,46.3844,0.517824,383.04,11938.3,155.979,23.1957,0.302342,132.481,82.0428,23.1887,0.0718272,58.7823,238.022,0,0,0
1200,4,1,528,1,1,1,4337.93,18658.4,430.786,46.3844,0.482746,337.252,12665.4,82.5738,23.1957,0.267264,59.1108,125.091,23.1887,0.0718272,101.83,207.665,0,0,0
1200,4,1,529,1,1,1,4335.32,18653,495.505,46.3844,0.482746,402.16,11509.1,88.138,23.1957,0.267264,64.675,151.802,23.1887,0.0718272,128.541,239.94,0,0,0
1200,4,1,530,1,1,1,4316.3,24636.3,556.938,52.1883,1.08743,457.522,16498.4,305.834,28.9996,0.871949,275.956,57.7159,23.1887,0.0718272,34.4554,363.55,0,0,0
1200,4,1,531,0,0,0,-1,-1,1083.1,23.206,0.516154,1013.98,255748,-1,-1,-1,-1,-1,-1,-1,-1,-1,0,0,0
1200,4,1,532,1,1,1,4329.92,18651.9,437.923,46.3844,0.482746,344.41,12531.9,84.6457,23.1957,0.267264,61.1827,129.675,23.1887,0.0718272,106.415,214.321,0,0,0
1200,4,1,533,1,1,1,4346.57,18767.5,471.296,46.3844,0.908698,377.454,12052.9,155.786,23.1957,0.693216,131.897,83.1781,23.1887,0.0718272,59.9176,238.964,0,0,0
1200,4,1,534,1,1,4,22333.8,42661.3,1267.43,121.758,1.14589,1102.36,23087.8,197.97,28.9996,0.676512,167.973,763.056,92.758,0.325728,669.972,961.026,3,0,0
1200,4,1,535,1,1,1,4373.69,18695.2,545.91,46.3844,0.6264,452.568,10661.9,95.8246,23.1957,0.267264,72.3617,151.43,23.1887,0.0718272,128.17,247.255,0,0,0
1200,4,1,536,1,1,1,4329.48,18656.4,604.268,46.3844,0.482746,511.238,9578.48,122.563,23.1957,0.267264,99.0998,155.735,23.1887,0.0718272,132.474,278.297,0,0,0
1200,4,1,537,1,1,1,4327.75,18749.6,462.188,46.3844,0.482746,368.746,12198.2,157.3,23.1957,0.267264,133.837,80.6098,23.1887,0.0718272,57.3493,237.91,0,0,0
1200,4,1,538,1,1,1,4334,24737.9,767.121,52.1883,0.571277,668.832,12863.5,342.714,28.9996,0.355795,313.358,98.6777,23.1887,0.0718272,75.4172,441.392,0,0,0
1200,4,1,539,1,1,2,4380.21,18694.1,478.123,69.5741,0.733306,361.924,12230,84.5266,23.1957,0.267264,61.0636,158.568,46.3784,0.322387,111.867,243.094,1,0,0
1200,4,1,540,1,1,1,4319.62,18635.7,418.403,46.3844,0.482746,324.833,12862.8,82.9022,23.1957,0.267264,59.4393,122.696,23.1887,0.0718272,99.4355,205.598,0,0,0
1200,4,1,541,1,1,1,4317.9,18729.8,404.925,46.3844,0.517824,311.281,13196.3,140.186,23.1957,0.302342,116.688,67.4204,23.1887,0.0718272,44.1598,207.606,0,0,0
1200,4,1,542,1,1,1,4357.79,18719.4,658.378,46.3844,0.517824,565.471,8679.05,159.334,23.1957,0.267264,135.871,150.523,23.1887,0.106906,127.228,309.857,0,0,0
1200,4,1,543,1,1,1,4332.3,18699.1,654.803,46.3844,0.748339,561.656,8721.58,150.268,23.1957,0.497779,126.574,156.916,23.1887,0.106906,133.62,307.183,0,0,0
1200,4,1,544,1,1,2,4346.12,18745.4,530.466,69.5741,0.698227,414.454,11359.5,153.284,23.1957,0.267264,129.821,102.412,46.3784,0.287309,55.7467,255.696,1,0,0
1200,4,1,545,1,1,1,4326.77,18654.2,589.076,46.3844,0.482746,496.002,9846.44,151.82,23.1957,0.267264,128.357,104.025,23.1887,0.0718272,80.7648,255.846,0,0,0
1200,4,1,546,1,1,1,4370.5,18701.4,534.988,46.3844,0.482746,441.757,10855.4,88.4917,23.1957,0.267264,65.0287,156.379,23.1887,0.0718272,133.118,244.871,0,0,0
1200,4,1,547,1,1,1,4330.86,18656.4,649.637,46.3844,0.482746,556.739,8771.72,144.823,23.1957,0.267264,121.36,158.043,23.1887,0.0718272,134.782,302.866,0,0,0
1200,4,1,548,1,1,1,4318.54,24655.7,496.042,52.1883,0.731635,396.805,17601.3,278.362,28.9996,0.516154,248.757,50.2928,23.1887,0.0718272,27.0323,328.655,0,0,0
1200,4,1,549,1,1,1,4331.46,24770.4,599.751,52.1883,1.06739,500.48,15870.5,328.024,28.9996,0.851904,298.173,70.2232,23.1887,0.0718272,46.9627,398.248,0,0,0
1200,4,1,550,1,1,1,4341.92,18879.2,664.525,46.3844,0.696557,571.457,8728.84,163.801,23.1957,0.302342,140.303,150.9,23.1887,0.106906,127.605,314.702,0,0,0
1200,4,1,551,1,1,1,4346.34,18677.6,629.877,46.3844,1.1793,536.226,9142.11,129.468,23.1957,0.532858,105.74,151.338,23.1887,0.0718272,128.078,280.806,0,0,0
1200,4,1,552,1,1,1,4352.6,18682.5,496.189,46.3844,0.552902,402.775,11525.9,89.2686,23.1957,0.302342,65.7705,152.878,23.1887,0.106906,129.583,242.147,0,0,0
1200,4,1,553,1,1,1,4315.98,18633.4,609.056,46.3844,0.482746,516.041,9470.31,120.397,23.1957,0.267264,96.934,157.33,23.1887,0.0718272,134.07,277.727,0,0,0
1200,4,1,554,1,1,1,4319.94,18704.6,657.91,46.3844,0.678182,564.841,8672.33,153.467,23.1957,0.462701,129.808,151.963,23.1887,0.0718272,128.702,305.429,0,0,0
1200,4,1,555,1,1,1,4351.34,18667.7,501.776,46.3844,0.6264,408.305,11411.9,88.064,23.1957,0.267264,64.601,152.423,23.1887,0.0718272,129.162,240.487,0,0,0
1200,4,1,556,1,1,1,4365.23,18679.4,508.611,46.3844,0.6264,415.16,11302,86.9612,23.1957,0.267264,63.4983,152.414,23.1887,0.0718272,129.153,239.375,0,0,0
1200,4,1,557,1,1,1,4372.16,18729.1,656.627,46.3844,0.517824,563.715,8719.84,155.494,23.1957,0.302342,131.996,153.314,23.1887,0.0718272,130.054,308.808,0,0,0
1200,4,1,558,1,1,1,4355.3,24855.4,820.247,52.1991,1.44657,721.227,12034.1,350.932,29.0104,0.925402,320.996,124.904,23.1887,0.0902016,101.625,475.836,0,0,0
1200,4,1,559,1,1,1,4323.04,24665.5,532.783,52.1883,0.766714,433.618,16957.7,294.638,28.9996,0.551232,265.044,55.9129,23.1887,0.0718272,32.6524,350.551,0,0,0
1200,4,1,560,1,1,1,4349.22,18664.7,413.746,46.3844,0.482746,320.162,12974.6,82.202,23.1957,0.267264,58.739,121.653,23.1887,0.0718272,98.3923,203.855,0,0,0
1200,4,1,561,1,1,1,4377.65,18702,572.495,46.3844,0.587981,479.268,10188.4,106.43,23.1957,0.267264,82.9667,153.024,23.1887,0.177062,129.659,259.454,0,0,0
1200,4,1,562,0,0,0,-1,-1,548.203,23.206,0.516154,477.519,247520,-1,-1,-1,-1,-1,-1,-1,-1,-1,0,0,0
1200,4,1,563,1,1,1,4317.58,18754.8,481.138,46.3844,0.482746,387.75,11866.3,155.284,23.1957,0.267264,131.821,80.1424,23.1887,0.0718272,56.8819,235.426,0,0,0
1200,4,1,564,1,1,1,4356.54,18672,640.932,46.3844,0.482746,548.009,8942.09,136.012,23.1957,0.267264,112.549,155.706,23.1887,0.0718272,132.445,291.718,0,0,0
1200,4,1,565,1,1,1,4332.74,18705.8,658.447,46.3844,0.482746,565.576,8664.42,155.811,23.1957,0.267264,132.348,154.522,23.1887,0.0718272,131.261,310.333,0,0,0
1200,4,1,566,1,1,2,10347.2,24660.7,667.511,69.5741,0.698227,551.897,14856.9,85.9632,23.1957,0.267264,62.5002,340.39,46.3784,0.287309,293.724,426.353,1,0,0
1200,4,1,567,1,1,1,4334.27,18765.3,624.879,46.3952,0.644774,531.737,9324.99,159.731,23.2065,0.285638,136.239,121.339,23.1887,0.0718272,98.0782,281.07,0,0,0
1200,4,1,568,1,1,1,4412.13,18731.9,626.437,46.3844,0.517824,533.438,9259.48,122.509,23.1957,0.267264,99.0456,157.181,23.1887,0.106906,133.885,279.69,0,0,0
1200,4,1,569,1,1,1,4345.36,18689,600.824,46.3844,0.6264,507.642,9671.84,122.37,23.1957,0.267264,98.9066,154.444,23.1887,0.0718272,131.184,276.814,0,0,0
1200,4,1,570,1,1,1,4330.24,18753.7,430.24,46.3844,0.482746,336.705,12770.3,148.622,23.1957,0.267264,125.159,73.692,23.1887,0.0718272,50.4315,222.314,0,0,0
1200,4,1,571,0,0,0,-1,-1,969.518,23.206,0.516154,900.059,253893,-1,-1,-1,-1,-1,-1,-1,-1,-1,0,0,0
1200,4,1,572,1,1,1,4321.26,18638.7,425.007,46.3844,0.482746,331.457,12748.4,81.6912,23.1957,0.267264,58.2283,122.458,23.1887,0.0718272,99.1972,204.149,0,0,0
1200,4,1,573,1,1,1,4344.62,18675,595.97,46.3844,0.482746,502.917,9744.64,117.255,23.1957,0.267264,93.7918,156.632,23.1887,0.0718272,133.371,273.886,0,0,0
1200,4,1,574,1,1,1,4356.85,18684.5,605.113,46.3844,0.482746,512.087,9591.54,119.37,23.1957,0.267264,95.9071,156.675,23.1887,0.0718272,133.414,276.045,0,0,0
1200,4,1,575,1,1,1,4320.02,24650.1,481.32,52.1883,0.571277,382.201,17857.8,269.895,28.9996,0.355795,240.426,47.3636,23.1887,0.0718272,24.1031,317.258,0,0,0
1200,4,1,576,1,0,0,-1,-1,1410.9,23.1957,0.337421,1342.91,263025,-1,-1,-1,-1,-1,-1,-1,-1,-1,0,0,0
1200,4,1,577,1,1,1,4314.38,24642.8,421.298,52.1883,0.571277,322.003,18917.9,233.687,28.9996,0.355795,204.114,34.952,23.1887,0.0718272,11.6915,268.639,0,0,0
1200,4,1,578,1,1,1,4341.45,18883.3,661.803,46.3844,0.482746,568.942,8782.22,161.157,23.1957,0.267264,137.694,152.677,23.1887,0.0718272,129.417,313.834,0,0,0
1200,4,1,579,1,1,1,4365.05,18695,394.63,46.3844,0.6264,300.848,13344.4,73.9252,23.1957,0.267264,50.4622,120.532,23.1887,0.0718272,97.2715,194.457,0,0,0
1200,4,1,580,1,1,1,4317.9,30702.7,857.429,57.9922,0.75001,753.58,17322,527.945,34.8035,0.534528,492.411,79.5504,23.1887,0.0718272,56.2899,607.495,0,0,0
1200,4,1,581,1,1,1,4313.35,24778.4,790.159,52.1883,0.696557,691.812,12494.3,344.362,28.9996,0.481075,314.882,107.593,23.1887,0.0718272,84.3329,451.956,0,0,0
1200,4,1,582,1,1,1,4315.98,18629.2,393.349,46.3844,0.482746,299.707,13301.8,72.5625,23.1957,0.267264,49.0996,121.561,23.1887,0.0718272,98.3002,194.123,0,0,0
1200,4,1,583,1,1,1,4326.15,18739.8,429.753,46.3844,0.50112,336.198,12764.8,148.213,23.1957,0.267264,124.75,73.3567,23.1887,0.0902016,50.0778,221.569,0,0,0
1200,4,1,584,1,1,1,4319.24,18803,598.34,46.3844,0.482746,505.293,9830.48,156.753,23.1957,0.267264,133.29,106.101,23.1887,0.0718272,82.8403,262.854,0,0,0
1200,4,1,585,1,0,0,-1,-1,1499.03,23.1957,0.267264,1431.37,267316,-1,-1,-1,-1,-1,-1,-1,-1,-1,0,0,0
1200,4,1,586,1,1,1,4338.28,18653.2,446.141,46.3844,0.482746,352.653,12387.1,79.4713,23.1957,0.267264,56.0084,131.613,23.1887,0.0718272,108.353,211.085,0,0,0
1200,4,1,587,1,1,1,4361.99,18753,429.984,46.3844,0.517824,336.413,12773.9,148.126,23.1957,0.267264,124.663,73.7885,23.1887,0.106906,50.4929,221.914,0,0,0
1200,4,1,588,1,1,1,4319.53,18637.6,400.978,46.3844,0.482746,307.357,13174.6,79.2945,23.1957,0.267264,55.8315,120.352,23.1887,0.0718272,97.091,199.646,0,0,0
1200,4,1,589,1,1,1,4332.1,18849.1,600.04,46.3844,0.552902,506.929,9845.81,156.958,23.1957,0.337421,133.425,106.462,23.1887,0.0718272,83.2013,263.42,0,0,0
1200,4,1,590,1,1,1,4341.45,18788.8,494.61,46.3844,0.517824,401.227,11660.6,153.454,23.1957,0.267264,129.991,80.7153,23.1887,0.106906,57.4197,234.169,0,0,0
1200,4,1,591,1,1,1,4400.21,18720.7,633.819,46.3844,0.517824,540.841,9117.05,157.585,23.1957,0.267264,134.122,134.02,23.1887,0.106906,110.724,291.605,0,0,0
1200,4,1,592,1,1,1,4355.27,18756.4,658.54,46.3844,0.536198,565.615,8712.93,155.396,23.1957,0.267264,131.933,152.052,23.1887,0.12528,128.738,307.448,0,0,0
1200,4,1,593,1,1,1,4334.89,18664,592.835,46.3844,0.482746,499.773,9789.39,113.952,23.1957,0.267264,90.4891,156.917,23.1887,0.0718272,133.656,270.869,0,0,0
1200,4,1,594,1,1,1,4392.19,18755.5,657.882,46.3844,1.01894,564.473,8722.3,152.915,23.1957,0.372499,129.346,156.744,23.1887,0.0718272,133.483,309.658,0,0,0
1200,4,1,595,1,1,1,4421.29,18737.3,637.62,46.3844,0.6264,544.544,9065.92,133.63,23.1957,0.267264,110.167,155.724,23.1887,0.0718272,132.463,289.354,0,0,0
1200,4,1,596,1,0,0,-1,-1,1487.11,23.1957,0.267264,1419.42,266578,-1,-1,-1,-1,-1,-1,-1,-1,-1,0,0,0
1200,4,1,597,1,1,1,4327.91,18653.7,589.413,46.3844,0.517824,496.306,9839.64,151.8,23.1957,0.267264,128.338,104.604,23.1887,0.106906,81.308,256.404,0,0,0
1200,4,1,598,1,1,2,10318,24742.2,650.578,69.5741,0.75001,534.863,15239.5,156.159,23.1957,0.497779,132.465,189.476,46.3784,0.108576,142.989,345.634,1,0,0
1200,4,1,599,1,1,1,4343.43,18762.8,625.898,46.3844,0.482746,532.932,9300.26,159.931,23.1957,0.267264,136.468,122.579,23.1887,0.0718272,99.3181,282.51,0,0,0
1200,4,1,600,1,1,1,4348.86,18677.5,586.873,46.3844,0.482746,493.793,9908.86,114.865,23.1957,0.267264,91.4023,157.283,23.1887,0.0718272,134.023,272.148,0,0,0
1200,4,1,601,1,1,1,4333.56,18702.8,519.296,46.3844,0.482746,426.019,11135.9,154.304,23.1957,0.267264,130.841,80.2326,23.1887,0.0718272,56.9721,234.536,0,0,0
1200,4,1,602,1,1,1,4315.34,18676.2,438.943,46.3844,0.482746,345.433,12538.1,154.033,23.1957,0.267264,130.57,74.6684,23.1887,0.0718272,51.4079,228.701,0,0,0
1200,4,1,603,1,1,1,4333.84,18682.7,428.372,46.3844,0.482746,334.832,12732.6,84.0591,23.1957,0.267264,60.5962,123.929,23.1887,0.0718272,100.668,207.988,0,0,0
1200,4,1,604,1,0,0,-1,-1,839.356,23.1957,0.337421,769.707,251988,-1,-1,-1,-1,-1,-1,-1,-1,-1,0,0,0
1200,4,1,605,1,1,1,4316.62,18695.8,520.086,46.3844,0.678182,426.617,11114.3,155.21,23.1957,0.462701,131.552,79.859,23.1887,0.0718272,56.5985,235.069,0,0,0
1200,4,1,606,1,0,0,-1,-1,1267.4,34.8035,0.569606,1187.47,258726,-1,-1,-1,-1,-1,-1,-1,-1,-1,0,0,0
1200,4,1,607,1,1,1,4351.61,18730.8,595.051,46.3844,0.873619,501.604,9815.76,115.424,23.1957,0.658138,91.5701,156.975,23.1887,0.0718272,133.714,272.399,0,0,0
1200,4,1,608,1,1,1,4342.76,30706.1,962.007,57.9922,1.24612,857.966,15464.1,529.33,34.8035,0.925402,493.412,103.753,23.1887,0.177062,80.3876,633.083,0,0,0
1200,4,1,609,1,1,1,4351,18711.2,657.874,46.3844,0.517824,564.966,8679.83,159.235,23.1957,0.302342,135.737,150.353,23.1887,0.0718272,127.092,309.588,0,0,0
1200,4,1,610,1,0,0,-1,-1,1448.82,23.1957,0.337421,1380.94,264862,-1,-1,-1,-1,-1,-1,-1,-1,-1,0,0,0
1200,4,1,611,1,1,1,4327.11,18745.8,658.364,46.3844,0.482746,565.493,8705.92,157.726,23.1957,0.267264,134.263,151.215,23.1887,0.0718272,127.955,308.941,0,0,0
1200,4,1,612,1,1,1,4317.9,18728,466.26,46.3844,0.713261,372.599,12103.4,156.962,23.1957,0.497779,133.268,82.4074,23.1887,0.0718272,59.1469,239.369,0,0,0
1200,4,1,613,1,1,1,4456.96,18816.3,661.497,46.3844,0.552902,568.564,8720.17,153.672,23.1957,0.267264,130.209,159.23,23.1887,0.141984,135.9,312.902,0,0,0
1200,4,1,614,1,1,1,4331.89,18652.1,597.339,46.3844,0.482746,504.29,9697.36,120.55,23.1957,0.267264,97.0874,155.081,23.1887,0.0718272,131.821,275.632,0,0,0
1200,4,1,615,1,1,1,4334.5,18739.7,569.302,46.3844,0.482746,476.171,10283.5,152.853,23.1957,0.267264,129.39,97.7338,23.1887,0.0718272,74.4733,250.586,0,0,0
1200,4,1,616,1,1,1,4347.46,18686.9,658.17,46.3844,0.482746,565.298,8650.49,155.802,23.1957,0.267264,132.339,152.56,23.1887,0.0718272,129.299,308.362,0,0,0
1200,4,1,617,1,1,1,4334.77,18681.3,656.792,46.3844,0.571277,563.827,8668.68,158.529,23.1957,0.337421,134.995,149.292,23.1887,0.0902016,126.013,307.82,0,0,0
1200,4,1,618,1,1,1,4332.94,18738.2,394.696,46.3844,0.517824,301.023,13386.6,135.61,23.1957,0.267264,112.147,65.5099,23.1887,0.106906,42.2143,201.119,0,0,0
1200,4,1,619,1,1,1,4323.12,18645.6,475.28,46.3844,0.482746,381.876,11861.3,84.4634,23.1957,0.267264,61.0004,144.825,23.1887,0.0718272,121.564,229.288,0,0,0
1200,4,1,620,1,1,1,4329.85,18722.5,658.882,46.3844,0.6264,565.868,8672.96,156.583,23.1957,0.267264,133.12,154.136,23.1887,0.0718272,130.875,310.719,0,0,0
1200,4,1,621,1,1,1,4315.02,18751.7,404.084,46.3844,0.482746,310.473,13233.4,140.62,23.1957,0.267264,117.157,67.359,23.1887,0.0718272,44.0985,207.979,0,0,0
1200,4,1,622,1,1,1,4379.14,18707.1,561.336,46.3844,0.6264,468.039,10392.2,105.002,23.1957,0.267264,81.5391,151.746,23.1887,0.0718272,128.486,256.748,0,0,0
1200,4,1,623,1,1,1,4350.02,18700,645.485,46.3844,0.840211,552.218,8887.86,139.819,23.1957,0.302342,116.321,156.854,23.1887,0.106906,133.559,296.674,0,0,0
1200,4,1,624,1,1,1,4331.21,18655.1,548.358,46.3844,0.517824,455.131,10571.1,97.8947,23.1957,0.267264,74.4318,152.831,23.1887,0.106906,129.536,250.726,0,0,0
1200,4,1,625,1,1,1,4368.91,18701.2,655.547,46.3844,0.517824,562.632,8711.15,155.772,23.1957,0.302342,132.274,151.936,23.1887,0.0718272,128.675,307.707,0,0,0
1200,4,1,626,1,1,1,4324.9,18751.9,660.914,46.3844,0.482746,568.05,8666.68,156.208,23.1957,0.267264,132.745,151.109,23.1887,0.0718272,127.848,307.317,0,0,0
1200,4,1,627,1,1,1,4319.34,18695.9,498.289,46.3844,0.661478,404.773,11501.8,151.323,23.1957,0.302342,127.825,78.3755,23.1887,0.0718272,55.115,229.698,0,0,0
1200,4,1,628,1,1,1,4317.26,24685.6,648.553,52.1883,0.927072,549.563,14918.9,338.377,28.9996,0.71159,308.666,82.6438,23.1887,0.0718272,59.3833,421.021,0,0,0
1200,4,1,629,1,1,1,4318.22,18641.7,376.129,46.3952,0.50112,282.408,13620.5,122.792,23.2065,0.285638,99.3001,58.9089,23.1887,0.0718272,35.6484,181.701,0,0,0
1200,4,1,630,1,0,0,-1,-1,1545,23.1957,0.267264,1477.47,270005,-1,-1,-1,-1,-1,-1,-1,-1,-1,0,0,0
1200,4,1,631,1,0,0,-1,-1,1452.91,23.1957,0.302342,1385.08,265159,-1,-1,-1,-1,-1,-1,-1,-1,-1,0,0,0
1200,4,1,632,1,1,1,4329.77,18664.8,656.103,46.3844,0.748339,562.959,8664.14,158.335,23.1957,0.497779,134.642,149.085,23.1887,0.106906,125.789,307.42,0,0,0
1200,4,1,633,1,1,1,4388.76,18742.2,619.17,46.3844,0.731635,525.935,9398.12,157.305,23.1957,0.267264,133.842,115.273,23.1887,0.177062,91.9076,272.579,0,0,0
1200,4,1,634,1,1,1,4324.23,18639.4,578.133,46.3844,0.482746,485.027,10026.2,110.507,23.1957,0.267264,87.0437,152.381,23.1887,0.0718272,129.121,262.888,0,0,0
1200,4,1,635,1,0,0,-1,-1,1499.15,23.1957,0.267264,1431.49,267315,-1,-1,-1,-1,-1,-1,-1,-1,-1,0,0,0
1200,4,1,636,1,1,1,4364.67,36734.7,1129.13,63.7961,1.06906,1020.1,18621.4,714.851,40.6075,0.818496,672.95,97.8338,23.1887,0.106906,74.5382,812.685,0,0,0
1200,4,1,637,1,1,1,4410.33,18734.4,639.746,46.3844,0.770054,546.533,9024.75,157.213,23.1957,0.267264,133.75,139.676,23.1887,0.0718272,116.415,296.889,0,0,0
1200,4,1,638,1,1,1,4319.82,18640.1,453.005,46.3844,0.482746,359.536,12251.9,82.9077,23.1957,0.267264,59.4447,133.451,23.1887,0.0718272,110.19,216.358,0,0,0
1200,4,1,639,1,1,1,4320.58,24640.3,422.765,52.1883,0.536198,323.51,18889.5,234.865,28.9996,0.320717,205.332,35.5187,23.1887,0.0718272,12.2582,270.384,0,0,0
1200,4,1,640,1,1,1,4334.18,18654,605.684,46.3844,0.552902,512.588,9550.44,121.05,23.1957,0.267264,97.5873,155.408,23.1887,0.141984,132.077,276.458,0,0,0
1200,4,1,641,1,0,0,-1,-1,1061.68,28.9996,0.71159,986.659,255268,-1,-1,-1,-1,-1,-1,-1,-1,-1,0,0,0
1200,4,1,642,1,1,1,4396.54,18716.6,535.889,46.3844,0.482746,442.661,10854.6,88.0062,23.1957,0.267264,64.5433,156.363,23.1887,0.0718272,133.102,244.369,0,0,0
1200,4,1,643,1,1,1,4357.16,18789.7,660.211,46.3844,0.908698,566.918,8715.81,155.591,23.1957,0.693216,131.702,156.841,23.1887,0.0718272,133.58,312.432,0,0,0
1200,4,1,644,1,1,1,4375.31,18720.6,625.168,46.3844,0.482746,532.199,9271.05,126.862,23.1957,0.267264,103.399,156.83,23.1887,0.0718272,133.57,283.692,0,0,0
1200,4,1,645,1,1,1,4317.58,24757.2,829.966,52.1883,0.606355,731.825,11765,346.434,28.9996,0.390874,317.044,140.161,23.1887,0.0718272,116.901,486.595,0,0,0
1200,4,1,646,1,1,1,4378.43,18693.6,552.287,46.3844,0.552902,459.036,10539.5,98.0987,23.1957,0.267264,74.6357,152.22,23.1887,0.141984,128.89,250.319,0,0,0
1200,4,1,647,1,0,0,-1,-1,961.217,23.1957,0.658138,891.602,253789,-1,-1,-1,-1,-1,-1,-1,-1,-1,0,0,0
1200,4,1,648,1,1,1,4323.37,24736.4,720.658,52.1883,1.35302,621.452,13686.3,343.147,28.9996,1.13754,313.01,83.3423,23.1887,0.0718272,60.0818,426.49,0,0,0
1200,4,1,649,1,0,0,-1,-1,1460.72,23.1957,0.267264,1392.95,265601,-1,-1,-1,-1,-1,-1,-1,-1,-1,0,0,0
1200,4,1,650,1,1,1,4316.94,18676.1,440.911,46.3844,0.517824,347.372,12502.7,155.187,23.1957,0.302342,131.689,75.3164,23.1887,0.0718272,52.0558,230.503,0,0,0
1200,4,1,651,1,1,1,4351.49,18682.1,483.883,46.3844,0.517824,390.468,11744.6,86.2455,23.1957,0.302342,62.7475,145.875,23.1887,0.0718272,122.615,232.121,0,0,0
1200,4,1,652,1,1,1,4333.22,18647.1,576.212,46.3844,0.482746,483.102,10068,108.265,23.1957,0.267264,84.8021,152.435,23.1887,0.0718272,129.175,260.701,0,0,0
1200,4,1,653,1,1,1,4346.48,18781.7,633.446,46.3844,0.678182,540.307,9184.38,161.688,23.1957,0.462701,138.029,128.063,23.1887,0.0718272,104.803,289.751,0,0,0
1200,4,1,654,1,1,1,4392.42,18725.9,656.677,46.3844,0.517824,563.765,8715.81,155.163,23.1957,0.267264,131.7,153.647,23.1887,0.106906,130.352,308.81,0,0,0
1200,4,1,655,1,1,1,4327.4,24647,459.914,52.1883,0.891994,360.411,18234.9,258.21,28.9996,0.676512,228.388,42.5665,23.1887,0.0718272,19.3059,300.776,0,0,0
1200,4,1,656,1,1,1,4357.64,18698.9,605.679,46.3844,0.770054,512.366,9595.03,122.785,23.1957,0.267264,99.3218,155.783,23.1887,0.0718272,132.523,278.568,0,0,0
1200,4,1,657,1,1,1,4362.75,18696.4,640.457,46.3844,0.482746,547.533,8974.96,135.379,23.1957,0.267264,111.916,156.022,23.1887,0.0718272,132.761,291.4,0,0,0
1200,4,1,658,1,1,1,4348.16,18729.4,541.359,46.3844,0.678182,447.951,10769.6,155.479,23.1957,0.462701,131.821,85.8221,23.1887,0.0718272,62.5616,241.301,0,0,0
1200,4,1,659,1,1,1,4317.9,24648.4,546.5,52.1883,0.536198,447.605,16697.3,300.643,28.9996,0.320717,271.299,55.626,23.1887,0.0718272,32.3655,356.269,0,0,0
1200,4,1,660,1,1,1,4316.62,18652.2,549.329,46.3844,0.482746,456.14,10551.2,153.347,23.1957,0.267264,129.884,88.412,23.1887,0.0718272,65.1515,241.759,0,0,0
1200,4,1,661,1,1,1,4324.23,18639.7,503.884,46.3844,0.482746,410.563,11346.8,86.5173,23.1957,0.267264,63.0543,151.605,23.1887,0.0718272,128.345,238.123,0,0,0
1200,4,1,662,1,1,1,4357.06,18737.3,507.857,46.3844,0.552902,414.478,11373.2,152.743,23.1957,0.267264,129.28,79.7956,23.1887,0.141984,56.465,232.538,0,0,0
1200,4,1,663,1,1,2,10327.4,24652.4,578.384,69.5741,0.519494,462.689,16434.2,73.9234,23.1957,0.267264,50.4604,304.765,46.3784,0.108576,258.278,378.688,1,0,0
1200,4,1,664,1,1,1,4315.34,18645,575.03,46.3844,0.482746,481.916,10087,150.564,23.1957,0.267264,127.101,98.6885,23.1887,0.0718272,75.428,249.253,0,0,0
1200,4,1,665,1,1,1,4324.87,18646,607.838,46.3844,0.482746,514.819,9504.6,121.061,23.1957,0.267264,97.5982,155.047,23.1887,0.0718272,131.786,276.108,0,0,0
1200,4,1,666,1,1,1,4357.67,18710.5,510.164,46.3844,0.805133,416.539,11304.9,86.7292,23.1957,0.302342,63.2312,151.098,23.1887,0.0718272,127.838,237.827,0,0,0
1200,4,1,667,1,1,1,4333.85,18686.6,618.346,46.3844,0.50112,525.339,9358.11,157.377,23.1957,0.267264,133.914,116.979,23.1887,0.0902016,93.6998,274.356,0,0,0
1200,4,1,668,1,1,1,4316.62,30755,797.251,57.9922,0.910368,693.067,18444.2,519.54,34.8035,0.694886,483.813,71.9432,23.1887,0.0718272,48.6827,591.484,0,0,0
1200,4,1,669,1,1,1,4379.04,18704.5,576.405,46.3844,0.840211,482.937,10125,107.243,23.1957,0.337421,83.7102,153.921,23.1887,0.0718272,130.66,261.164,0,0,0
1200,4,1,670,1,1,1,4342.45,24682.2,709.658,52.1883,0.983866,610.789,13828.8,340.919,28.9996,0.481075,311.438,81.8985,23.1887,0.0718272,58.638,422.817,0,0,0
1200,4,1,671,1,0,0,-1,-1,1168.47,23.1957,0.302342,1099.81,257048,-1,-1,-1,-1,-1,-1,-1,-1,-1,0,0,0
1200,4,1,672,1,1,1,4342.77,18758.7,557.251,46.3844,0.748339,463.819,10515.9,153.206,23.1957,0.497779,129.512,93.8272,23.1887,0.106906,70.5316,247.033,0,0,0
1200,4,1,673,1,1,1,4327.4,18714.8,656.612,46.3844,0.856915,563.361,8704.94,154.15,23.1957,0.497779,130.456,152.869,23.1887,0.0718272,129.608,307.018,0,0,0
1200,4,1,674,1,0,0,-1,-1,1293.14,23.1957,0.267264,1224.89,259709,-1,-1,-1,-1,-1,-1,-1,-1,-1,0,0,0
1200,4,1,675,1,1,1,4344.33,18789.5,658.728,46.3844,0.482746,565.857,8743.13,153.284,23.1957,0.267264,129.821,151.454,23.1887,0.0718272,128.193,304.738,0,0,0
1200,4,1,676,1,1,1,4335.09,18684.3,636.178,46.3844,0.482746,543.241,9038.94,134.532,23.1957,0.267264,111.069,153.603,23.1887,0.0718272,130.343,288.135,0,0,0
1200,4,1,677,1,1,1,4328.33,18697.1,413.464,46.3844,0.517824,319.845,13011.8,141.022,23.1957,0.267264,117.559,70.3142,23.1887,0.106906,47.0186,211.336,0,0,0
1200,4,1,678,1,1,1,4329.1,18796.3,659.468,46.3844,0.770054,566.312,8735.97,159.419,23.1957,0.267264,135.956,152.728,23.1887,0.0718272,129.467,312.146,0,0,0
1200,4,1,679,1,1,1,4342.95,18776.8,602.777,46.3844,0.6264,509.6,9725.01,155.935,23.1957,0.267264,132.472,108.418,23.1887,0.0718272,85.1577,264.353,0,0,0
1200,4,1,680,1,1,1,4333.51,18705.7,618.595,46.3844,0.517824,525.572,9372.74,158.164,23.1957,0.267264,134.701,116.573,23.1887,0.106906,93.2775,274.737,0,0,0
1200,4,1,681,1,1,1,4333.67,18662,445.891,46.3844,0.482746,352.402,12400.3,79.7222,23.1957,0.267264,56.2592,131.597,23.1887,0.0718272,108.337,211.319,0,0,0
1200,4,1,682,1,1,1,4339.48,18733.4,478.39,46.3844,0.482746,384.995,11893.9,154.325,23.1957,0.267264,130.862,81.5682,23.1887,0.0718272,58.3077,235.894,0,0,0
1200,4,1,683,1,1,1,4359.85,30762.3,851.367,57.9922,1.12418,747.126,17488.3,528.162,34.8035,0.729965,492.431,81.7693,23.1887,0.106906,58.4737,609.932,0,0,0
1200,4,1,684,1,1,1,4388.11,24770.1,839.218,52.1991,0.733306,740.966,11613.2,337.056,29.0104,0.37417,307.671,154.114,23.1887,0.0718272,130.853,491.17,0,0,0
1200,4,1,685,1,1,1,4471.25,18929.7,665.532,46.3844,0.770054,572.394,8761.51,157.783,23.1957,0.267264,134.32,154.506,23.1887,0.0718272,131.245,312.289,0,0,0
1200,4,1,686,1,1,1,4325.51,18664.1,424.223,46.3844,0.678182,330.475,12787.2,81.773,23.1957,0.462701,58.1146,122.337,23.1887,0.0718272,99.0763,204.11,0,0,0
1200,4,1,687,1,1,1,4317.26,18730.1,393.092,46.3844,0.482746,299.449,13407.3,134.171,23.1957,0.267264,110.708,64.6734,23.1887,0.0718272,41.4129,198.845,0,0,0
1200,4,1,688,1,1,1,4320.9,18636.7,416.618,46.3844,0.482746,323.043,12895.5,82.7272,23.1957,0.267264,59.2642,121.532,23.1887,0.0718272,98.2714,204.259,0,0,0
1200,4,1,689,1,1,1,4317.9,18695.2,477.218,46.3844,0.482746,383.82,11876.4,153.3,23.1957,0.267264,129.837,80.7849,23.1887,0.0718272,57.5244,234.085,0,0,0
1200,4,1,690,1,1,1,4315.98,18667.6,546.023,46.3844,0.482746,452.824,10625.3,156.148,23.1957,0.267264,132.685,87.2948,23.1887,0.0718272,64.0343,243.443,0,0,0
1200,4,1,691,1,1,1,4319.08,24707.4,596.874,52.1883,1.22774,497.434,15858.4,327.418,28.9996,1.01226,297.406,68.8299,23.1887,0.0718272,45.5694,396.248,0,0,0
1200,4,1,692,1,1,1,4321.44,18731.1,514.579,46.3844,0.482746,421.289,11248,155.042,23.1957,0.267264,131.579,80.7434,23.1887,0.0718272,57.4829,235.785,0,0,0
1200,4,1,693,1,1,1,4343.33,18665.3,390.59,46.3844,0.552902,296.87,13386.5,70.8498,23.1957,0.267264,47.3868,122.862,23.1887,0.141984,99.5311,193.712,0,0,0
1200,4,1,694,1,1,1,4318.36,24678,596.882,52.1883,0.696557,497.973,15830.8,326.641,28.9996,0.481075,297.16,69.2215,23.1887,0.0718272,45.961,395.863,0,0,0
1200,4,1,695,1,1,1,4349.68,18668,513.848,46.3844,0.482746,420.556,11197.9,87.4756,23.1957,0.267264,64.0126,150.066,23.1887,0.0718272,126.805,237.541,0,0,0
1200,4,1,696,1,0,0,-1,-1,836.181,23.1957,0.337421,766.524,251916,-1,-1,-1,-1,-1,-1,-1,-1,-1,0,0,0
1200,4,1,697,1,1,1,4336.65,18650.8,434.309,46.3844,0.482746,340.786,12595.1,83.5231,23.1957,0.267264,60.0601,128.646,23.1887,0.0718272,105.386,212.169,0,0,0
1200,4,1,698,1,1,1,4319.11,24659,512.952,52.1883,0.96215,413.534,17303.3,286.793,28.9996,0.71159,257.016,53.591,23.1887,0.106906,30.2954,340.384,0,0,0
1200,4,1,699,1,1,1,4318.02,18639.3,513.537,46.3844,0.678182,420.049,11174.2,86.9437,23.1957,0.462701,63.2853,150.811,23.1887,0.0718272,127.551,237.755,0,0,0
1200,4,1,700,1,1,1,4369.45,18799.9,660.192,46.3844,0.517824,567.29,8727.29,154.484,23.1957,0.267264,131.021,151.346,23.1887,0.106906,128.051,305.83,0,0,0
1200,4,1,701,1,1,1,4322.14,18645.1,415.051,46.3844,0.678182,321.276,12931.4,82.6736,23.1957,0.462701,59.0152,122.337,23.1887,0.0718272,99.0763,205.01,0,0,0
1200,4,1,702,1,1,1,4341.27,18654.3,528.469,46.3844,0.517824,435.184,10924,87.5911,23.1957,0.267264,64.1282,153.407,23.1887,0.106906,130.112,240.998,0,0,0
1200,4,1,703,1,1,1,4426.07,18758,633.389,46.3844,0.805133,540.122,9161.2,129.382,23.1957,0.302342,105.884,154.742,23.1887,0.0718272,131.481,284.124,0,0,0
1200,4,1,704,1,1,1,4375.14,18752.5,658.952,46.3844,0.696557,565.868,8701.25,158.274,23.1957,0.267264,134.811,152.374,23.1887,0.141984,129.043,310.648,0,0,0
1200,4,1,705,1,1,1,4410.42,18805.9,661.663,46.3844,0.482746,568.801,8707.34,157.587,23.1957,0.267264,134.124,155.015,23.1887,0.0718272,131.754,312.601,0,0,0
1200,4,1,706,1,0,0,-1,-1,1024.39,28.9996,0.516154,949.46,254761,-1,-1,-1,-1,-1,-1,-1,-1,-1,0,0,0
1200,4,1,707,1,1,1,4342.56,18672.2,656.661,46.3844,0.770054,563.496,8687.33,152.651,23.1957,0.267264,129.188,156.287,23.1887,0.0718272,133.026,308.937,0,0,0
1200,4,1,708,1,1,4,22341.2,36655.9,1212.57,115.954,1.18598,1052.95,17957.6,122.68,23.1957,0.267264,99.2171,769.676,92.758,0.775066,676.143,892.356,3,0,0
1200,4,1,709,0,0,0,-1,-1,517.236,23.206,1.10246,445.876,247020,-1,-1,-1,-1,-1,-1,-1,-1,-1,0,0,0
1200,4,1,710,1,1,1,4322.12,18642.5,375.91,46.3844,0.517824,282.182,13624.9,122.59,23.1957,0.267264,99.1268,58.8628,23.1887,0.106906,35.5672,181.453,0,0,0
1200,4,1,711,1,1,1,4381.28,18729.5,652.23,46.3844,0.482746,559.34,8798.66,145.639,23.1957,0.267264,122.176,159.593,23.1887,0.0718272,136.333,305.232,0,0,0
1200,4,1,712,1,1,1,4463.87,18920,665.29,46.3844,0.873619,572.048,8756.03,157.613,23.1957,0.658138,133.759,155.394,23.1887,0.0718272,132.133,313.007,0,0,0
1200,4,1,713,1,1,1,4360.35,18690.1,657.204,46.3844,0.482746,564.328,8670.83,155.744,23.1957,0.267264,132.281,154.937,23.1887,0.0718272,131.676,310.681,0,0,0
1200,4,1,714,1,1,2,10360.8,24688.7,731.899,69.5741,0.519494,616.651,13740.6,89.4789,23.1957,0.267264,66.016,360.755,46.3784,0.108576,314.268,450.234,1,0,0
1200,4,1,715,1,1,1,4318.22,30666.3,612.893,57.9922,0.554573,508.528,21634.5,421.784,34.8035,0.339091,386.142,36.4031,23.1887,0.0718272,13.1426,458.187,0,0,0
1200,4,1,716,1,1,1,4325.17,18687.7,645.683,46.3844,0.678182,552.579,8872.78,155.192,23.1957,0.462701,131.534,146.368,23.1887,0.0718272,123.107,301.56,0,0,0
1200,4,1,717,1,1,1,4362.25,18697.6,599.673,46.3844,0.482746,506.631,9701.35,121.025,23.1957,0.267264,97.5621,155.289,23.1887,0.0718272,132.028,276.314,0,0,0
1200,4,1,718,1,1,1,4493.55,18934.8,665.716,46.3844,0.678182,572.67,8763.71,157.398,23.1957,0.462701,133.739,156.231,23.1887,0.0718272,132.97,313.629,0,0,0
1200,4,1,719,1,1,1,4330.26,18654.6,475.745,46.3844,0.678182,382.147,11861.6,84.7581,23.1957,0.462701,61.0997,144.731,23.1887,0.0718272,121.47,229.489,0,0,0
1200,4,1,720,1,1,1,4416.23,18759.2,636.101,46.3844,0.587981,543.059,9114.48,158.496,23.1957,0.267264,135.033,135.59,23.1887,0.177062,112.224,294.086,0,0,0
1200,4,1,721,1,1,1,4329.48,30816.2,834.204,57.9922,1.0156,730.022,17847.6,533.103,34.8035,0.800122,497.302,80.0179,23.1887,0.0718272,56.7574,613.121,0,0,0
1200,4,1,722,1,1,1,4321.25,18775,580.711,46.3844,0.552902,487.543,10115.5,154.695,23.1957,0.337421,131.162,99.479,23.1887,0.0718272,76.2185,254.174,0,0,0
1200,4,1,723,1,1,1,4347.87,18667.2,456.568,46.3844,0.482746,363.11,12215.7,82.2471,23.1957,0.267264,58.7841,135.501,23.1887,0.0718272,112.241,217.748,0,0,0
1200,4,1,724,1,1,1,4328.25,18645.6,397.784,46.3844,0.6264,304.011,13239,76.6594,23.1957,0.267264,53.1965,120.483,23.1887,0.0718272,97.2228,197.143,0,0,0
1200,4,1,725,1,1,1,4323.59,30657,612.225,57.9922,1.17596,507.237,21635.4,420.88,34.8035,0.96048,384.617,36.5204,23.1887,0.0718272,13.2599,457.4,0,0,0
1200,4,1,726,1,1,1,4338.77,18669.9,503.401,46.3844,0.517824,410.043,11385.3,87.2887,23.1957,0.302342,63.7907,151.244,23.1887,0.0718272,127.984,238.533,0,0,0
1200,4,1,727,1,1,1,4352.87,24682.2,776.738,52.1883,0.766714,678.282,12636.3,337.933,28.9996,0.551232,308.383,106.978,23.1887,0.0718272,83.7175,444.911,0,0,0
1200,4,1,728,1,0,0,-1,-1,1195.92,23.1957,0.462701,1127.18,257540,-1,-1,-1,-1,-1,-1,-1,-1,-1,0,0,0
1200,4,1,729,1,1,1,4323.78,18786,494.568,46.3844,0.748339,400.954,11657.8,154.014,23.1957,0.497779,130.321,80.1486,23.1887,0.106906,56.853,234.163,0,0,0
1200,4,1,730,1,1,1,4401.66,18743.5,537.386,46.3844,0.517824,444.127,10854.6,87.7156,23.1957,0.267264,64.2527,156.566,23.1887,0.106906,133.27,244.281,0,0,0
1200,4,1,731,1,1,1,4343.34,18681.3,650.703,46.3844,0.517824,557.773,8777.44,145.344,23.1957,0.302342,121.846,157.944,23.1887,0.0718272,134.683,303.287,0,0,0
1200,4,1,732,1,1,1,4346.8,18661.3,488.783,46.3844,0.6264,395.275,11636.5,88.0947,23.1957,0.267264,64.6317,148.445,23.1887,0.0718272,125.185,236.54,0,0,0
1200,4,1,733,1,1,1,4353.21,18694.8,529.1,46.3844,0.661478,435.673,10952.9,89.3209,23.1957,0.302342,65.8229,154.395,23.1887,0.0718272,131.135,243.716,0,0,0
1200,4,1,734,1,0,0,-1,-1,1231.66,23.1957,0.267264,1163.23,258097,-1,-1,-1,-1,-1,-1,-1,-1,-1,0,0,0
1200,4,1,735,1,1,1,4319.67,18713.6,470.195,46.3952,0.696557,376.552,12019.2,153.471,23.2065,0.481075,129.783,83.0968,23.1887,0.0718272,59.8363,236.568,0,0,0
1200,4,1,736,1,1,1,4340.07,18683.4,658.018,46.3844,0.6264,565.002,8649.22,153.298,23.1957,0.267264,129.836,154.128,23.1887,0.0718272,130.868,307.427,0,0,0
1200,4,1,737,1,1,1,4469.18,18834.6,628.244,46.3952,0.644774,535.112,9329.91,126.4,23.2065,0.285638,102.908,159.032,23.1887,0.0718272,135.771,285.432,0,0,0
1200,4,1,738,1,1,1,4325.9,18782.9,585.705,46.3844,0.482746,492.622,10035.1,155.998,23.1957,0.267264,132.535,100.954,23.1887,0.0718272,77.693,256.952,0,0,0
1200,4,1,739,1,1,1,4342.63,24716.5,843.925,52.1883,0.766714,745.664,11475.9,344.236,28.9996,0.481075,314.755,154.531,23.1887,0.141984,131.2,498.767,0,0,0
1200,4,1,740,1,1,1,4343.73,18660,392.634,46.3844,0.517824,298.954,13345,72.3532,23.1957,0.267264,48.8902,122.116,23.1887,0.106906,98.82,194.469,0,0,0
1200,4,1,741,1,1,1,4318.34,18630.3,433.014,46.3844,0.482746,339.486,12597.6,83.5032,23.1957,0.267264,60.0403,127.971,23.1887,0.0718272,104.711,211.475,0,0,0
1200,4,1,742,1,1,1,4378.84,18837.2,663.114,46.3844,0.517824,570.221,8712.6,159.132,23.1957,0.302342,135.634,153.831,23.1887,0.0718272,130.57,312.963,0,0,0
1200,4,1,743,1,1,1,4366.89,18685.8,634.621,46.3844,0.482746,541.68,9068.07,130.874,23.1957,0.267264,107.411,157.548,23.1887,0.0718272,134.288,288.422,0,0,0
1200,4,1,744,1,1,1,4354.29,18675,508.117,46.3844,0.482746,414.808,11306.8,87.1363,23.1957,0.267264,63.6733,153.109,23.1887,0.0718272,129.848,240.245,0,0,0
1200,4,1,745,1,1,2,10348.8,30771.7,1019.42,75.3781,0.860256,899.023,14809.8,317.101,28.9996,0.320717,287.781,353.137,46.3784,0.108576,306.65,670.238,1,0,0
1200,4,1,746,1,1,1,4342.79,18704.2,552.222,46.3844,0.482746,459.042,10551.8,153.712,23.1957,0.267264,130.249,90.3973,23.1887,0.0718272,67.1368,244.109,0,0,0
1200,4,1,747,1,1,1,4316.3,24631.8,450.291,52.1883,0.50112,351.151,18391.7,251.388,28.9996,0.285638,221.938,40.2816,23.1887,0.0718272,17.0211,291.669,0,0,0
1200,4,1,748,1,1,1,4400.24,18715,502.135,46.3844,0.840211,408.452,11452,88.313,23.1957,0.267264,64.8501,152.518,23.1887,0.141984,129.188,240.831,0,0,0
1200,4,1,749,1,1,2,4342.16,18701.4,528.607,69.5849,0.786758,412.491,11361,152.107,23.2065,0.355795,128.545,102.416,46.3784,0.287309,55.7503,254.523,1,0,0
1200,4,1,750,1,1,1,4325.95,18788.4,536.321,46.3844,0.552902,443.024,10918.2,156.558,23.1957,0.337421,133.025,84.7717,23.1887,0.0718272,61.5112,241.329,0,0,0
1200,4,1,751,1,1,1,4344.39,18670.1,611.812,46.3844,0.770054,518.517,9466.73,119.617,23.1957,0.267264,96.1543,156.704,23.1887,0.0718272,133.443,276.321,0,0,0
1200,4,1,752,1,1,1,4337.58,18700.6,509.443,46.3844,0.658138,415.963,11307.7,86.8589,23.1957,0.372499,63.2907,151.295,23.1887,0.141984,127.964,238.154,0,0,0
1200,4,1,753,1,1,1,4337.33,18711.9,658.03,46.3844,0.482746,565.157,8677.99,153.187,23.1957,0.267264,129.724,153.049,23.1887,0.0718272,129.789,306.236,0,0,0
1200,4,1,754,1,0,0,-1,-1,861.617,23.1957,0.267264,792.103,252372,-1,-1,-1,-1,-1,-1,-1,-1,-1,0,0,0
1200,4,1,755,1,1,1,4345.84,18661,519.388,46.3844,0.6264,425.969,11092,86.7411,23.1957,0.267264,63.2781,151.289,23.1887,0.0718272,128.029,238.03,0,0,0
1200,4,1,756,1,1,1,4407.81,18734.1,537.412,46.3844,0.482746,444.188,10845,87.4467,23.1957,0.267264,63.9838,156.65,23.1887,0.0718272,133.389,244.096,0,0,0
1200,4,1,757,1,1,1,4325.13,18809.1,582.612,46.3844,0.482746,489.52,10116.2,156.035,23.1957,0.267264,132.572,99.7154,23.1887,0.0718272,76.4549,255.75,0,0,0
1200,4,1,758,1,1,1,4314.7,18645.8,495.432,46.3844,0.482746,402.086,11503.2,150.29,23.1957,0.267264,126.827,78.7202,23.1887,0.0718272,55.4597,229.01,0,0,0
1200,4,1,759,1,1,1,4325.12,18831.2,601.974,46.3844,0.678182,508.742,9793.62,157.558,23.1957,0.462701,133.9,106.906,23.1887,0.0718272,83.6453,264.464,0,0,0
1200,4,1,760,1,1,3,16352,30735.9,1052.17,92.7639,0.856915,914.965,14491,150.594,23.1957,0.567936,126.831,555.836,69.5682,0.145325,486.123,706.431,2,0,0
1200,4,1,761,1,1,1,4348.92,18750.3,592.671,46.3844,0.552902,499.538,9878.1,153.238,23.1957,0.302342,129.74,107.024,23.1887,0.106906,83.7283,260.262,0,0,0
1200,4,1,762,1,0,0,-1,-1,780.017,23.1957,0.267264,710.266,251101,-1,-1,-1,-1,-1,-1,-1,-1,-1,0,0,0
1200,4,1,763,1,1,1,4314.06,18812.9,584.795,46.3844,0.482746,491.709,10081.2,157.238,23.1957,0.267264,133.775,99.6469,23.1887,0.0718272,76.3864,256.885,0,0,0
1200,4,1,764,1,1,2,4381.62,30763.2,1015.3,81.182,1.21438,888.889,14958.9,532.361,34.8035,0.639763,496.735,137.835,46.3784,0.287309,91.1695,670.196,1,0,0
1200,4,1,765,1,1,1,4330.7,18661.3,642.516,46.3844,0.482746,549.598,8903.26,137.068,23.1957,0.267264,113.605,155.199,23.1887,0.0718272,131.938,292.267,0,0,0
1200,4,1,766,1,1,2,10401,24751.9,840.909,69.5741,0.663149,725.835,11865,156.578,23.1957,0.267264,133.115,337.416,46.3784,0.25223,290.786,493.994,1,0,0
1200,4,1,767,1,1,1,4315.98,30711.5,909.318,57.9922,0.820166,805.549,16407.7,534.743,34.8035,0.604685,499.157,83.095,23.1887,0.0718272,59.8345,617.838,0,0,0
1200,4,1,768,1,0,0,-1,-1,1571.9,23.1957,0.267264,1504.45,271579,-1,-1,-1,-1,-1,-1,-1,-1,-1,0,0,0
1200,4,1,769,1,1,1,4359.4,18675.9,590.271,46.3844,0.482746,497.201,9846.83,151.414,23.1957,0.267264,127.951,105.944,23.1887,0.0718272,82.6833,257.358,0,0,0
1200,4,1,770,1,1,1,4396.11,18753.7,619.605,46.3844,0.482746,526.621,9402.99,157.143,23.1957,0.267264,133.68,116.386,23.1887,0.0718272,93.1259,273.529,0,0,0
1200,4,1,771,1,1,1,4349.26,24683.9,795.188,52.1883,1.31795,696.234,12308.8,290.206,28.9996,1.10246,260.05,158.13,23.1887,0.0718272,134.869,448.336,0,0,0
1200,4,1,772,1,1,1,4355.23,18694.7,648.967,46.3844,0.482746,556.068,8821.88,154.156,23.1957,0.267264,130.693,148.82,23.1887,0.0718272,125.56,302.976,0,0,0
1200,4,1,773,1,1,1,4373.22,18692.5,564.249,46.3844,0.552902,471.033,10325.7,106.143,23.1957,0.267264,82.6797,152.462,23.1887,0.141984,129.132,258.605,0,0,0
1200,4,1,774,1,1,1,4438.49,18806.9,627.24,46.3844,0.644774,534.116,9319.85,127.362,23.1957,0.267264,103.899,157.482,23.1887,0.0902016,134.203,284.844,0,0,0
1200,4,1,775,1,1,1,4332.04,18648.1,582.27,46.3844,0.482746,489.177,9961.35,112.912,23.1957,0.267264,89.4495,155.534,23.1887,0.0718272,132.274,268.447,0,0,0
1200,4,1,776,1,1,1,4317.26,18653.7,371.621,46.3844,0.482746,277.916,13712.7,119.617,23.1957,0.267264,96.1543,57.4994,23.1887,0.0718272,34.2389,177.117,0,0,0
1200,4,1,777,1,1,1,4320.9,18727.4,394.655,46.3844,0.536198,300.963,13376.3,135.605,23.1957,0.302342,112.107,65.3758,23.1887,0.0902016,42.097,200.981,0,0,0
1200,4,1,778,1,1,1,4348.17,24742.4,745.78,52.1883,0.766714,647.234,13247,342.498,28.9996,0.551232,312.947,93.5232,23.1887,0.0718272,70.2627,436.021,0,0,0
1200,4,1,779,1,0,0,-1,-1,1047.71,23.1957,0.267264,978.739,255164,-1,-1,-1,-1,-1,-1,-1,-1,-1,0,0,0
1200,4,1,780,1,1,1,4320.39,18761.1,579.156,46.3844,0.873619,485.663,10128.8,154.195,23.1957,0.658138,130.341,98.7138,23.1887,0.0718272,75.4533,252.908,0,0,0
1200,4,1,781,1,1,1,4434.94,24791.4,840.095,52.1883,0.676512,741.914,11618.6,333.452,28.9996,0.390874,304.062,158.685,23.1887,0.141984,135.355,492.138,0,0,0
1200,4,1,782,1,1,2,10382.1,24792.8,844.596,69.5741,1.00224,729.193,11839.5,157.223,23.1957,0.462701,133.564,341.3,46.3784,0.395885,294.525,498.522,1,0,0
1200,4,1,783,1,1,1,4382.26,24712.7,841.304,52.1883,1.35302,742.45,11517.2,342.153,28.9996,1.06739,312.086,151.518,23.1887,0.141984,128.188,493.671,0,0,0
1200,4,1,784,1,1,1,4331.32,18701.8,659.427,46.3844,0.713261,566.328,8642.26,158.94,23.1957,0.497779,135.246,153.347,23.1887,0.0718272,130.086,312.287,0,0,0
1200,4,1,785,1,1,2,10352.7,24678.4,850.133,69.5741,0.519494,735.229,11627.9,144.238,23.1957,0.267264,120.775,360.52,46.3784,0.108576,314.033,504.759,1,0,0
1200,4,1,786,1,1,1,4394.52,18763.3,661.295,46.3844,0.517824,568.396,8671.05,157.864,23.1957,0.302342,134.366,155.255,23.1887,0.0718272,131.994,313.118,0,0,0
1200,4,1,787,1,1,1,4341.37,24707.3,797.112,52.1883,0.71159,698.77,12298.6,342.772,28.9996,0.46103,313.311,105.508,23.1887,0.106906,82.2122,448.28,0,0,0
1200,4,1,788,1,1,1,4320.82,18652.3,546.842,46.3844,0.482746,453.646,10595.5,153.795,23.1957,0.267264,130.332,88.2243,23.1887,0.0718272,64.9638,242.019,0,0,0
1200,4,1,789,1,0,0,-1,-1,1427.39,23.1957,0.302342,1359.48,263679,-1,-1,-1,-1,-1,-1,-1,-1,-1,0,0,0
1200,4,1,790,1,1,1,4346.38,18806.4,661.147,46.3844,1.08743,567.678,8715.25,161.338,23.1957,0.728294,137.414,150.396,23.1887,0.0718272,127.136,311.734,0,0,0
1200,4,1,791,1,0,0,-1,-1,707.194,23.1957,0.267264,637.232,250043,-1,-1,-1,-1,-1,-1,-1,-1,-1,0,0,0
1200,4,1,792,1,0,0,-1,-1,1551.65,23.1957,0.267264,1484.15,270207,-1,-1,-1,-1,-1,-1,-1,-1,-1,0,0,0
1200,4,1,793,1,1,1,4320.65,18690,442.401,46.3844,0.873619,348.51,12489.4,156.586,23.1957,0.658138,132.732,75.8452,23.1887,0.0718272,52.5847,232.431,0,0,0
1200,4,1,794,1,1,1,4330.45,18648.4,485.502,46.3844,0.482746,392.127,11682.4,87.1905,23.1957,0.267264,63.7275,146.019,23.1887,0.0718272,122.759,233.21,0,0,0
1200,4,1,795,1,1,1,4322.57,18714.4,464.588,46.3844,0.873619,370.762,12119.3,156.288,23.1957,0.658138,132.434,82.3262,23.1887,0.0718272,59.0657,238.614,0,0,0
1200,4,1,796,1,1,1,4338.43,18701.4,633.217,46.3844,0.908698,539.846,9107.54,131.413,23.1957,0.693216,107.525,155.801,23.1887,0.0718272,132.541,287.215,0,0,0
1200,4,1,797,1,1,1,4337.99,18729.1,568.874,46.3844,0.587981,475.637,10279.8,152.076,23.1957,0.302342,128.578,97.8454,23.1887,0.141984,74.5148,249.921,0,0,0
1200,4,1,798,1,1,1,4322.56,18671.4,409.671,46.3844,0.482746,316.076,13053.8,139.757,23.1957,0.267264,116.294,67.9456,23.1887,0.0718272,44.685,207.703,0,0,0
1200,4,1,799,1,1,1,4365.99,18702.2,641.81,46.3844,0.713261,548.659,8955.96,155.143,23.1957,0.462701,131.485,142.923,23.1887,0.106906,119.628,298.067,0,0,0
1200,4,1,800,1,1,1,4369.04,18701.1,589.454,46.3844,0.661478,496.203,9885.93,114.164,23.1957,0.302342,90.6659,157.592,23.1887,0.0718272,134.331,271.756,0,0,0
1200,4,1,801,1,1,1,4316.55,24705.4,688.287,52.1883,0.766714,589.574,14232.3,338.719,28.9996,0.551232,309.168,78.3701,23.1887,0.0718272,55.1096,417.089,0,0,0
1200,4,1,802,1,1,1,4317.26,24636.8,413.632,52.1883,0.696557,314.19,19048.1,228.113,28.9996,0.481075,198.4,34.7156,23.1887,0.0718272,11.4551,262.829,0,0,0
1200,4,1,803,1,1,1,4345.1,24711.8,809.542,52.1883,0.927072,711.021,12082.4,349.261,28.9996,0.676512,319.585,117.115,23.1887,0.106906,93.8189,466.376,0,0,0
1200,4,1,804,1,1,1,4350.23,18694.5,659.048,46.3844,0.6264,566.034,8642.11,152.207,23.1957,0.267264,128.744,156.854,23.1887,0.0718272,133.593,309.06,0,0,0
1200,4,1,805,1,0,0,-1,-1,1427.41,23.1957,0.462701,1359.34,263668,-1,-1,-1,-1,-1,-1,-1,-1,-1,0,0,0
1200,4,1,806,1,1,1,4358.46,18679.9,440.26,46.3844,0.6264,346.61,12518,84.1458,23.1957,0.267264,60.6828,129.866,23.1887,0.0718272,106.606,214.012,0,0,0
1200,4,1,807,0,0,0,-1,-1,1362.69,23.206,0.551232,1294.34,261614,-1,-1,-1,-1,-1,-1,-1,-1,-1,0,0,0
1200,4,1,808,1,0,0,-1,-1,1098.5,23.1957,0.267264,1029.67,255971,-1,-1,-1,-1,-1,-1,-1,-1,-1,0,0,0
1200,4,1,809,1,1,1,4336.9,18678.1,489.16,46.3844,0.482746,395.796,11647,88.2679,23.1957,0.267264,64.805,148.102,23.1887,0.0718272,124.842,236.37,0,0,0
1200,4,1,810,1,1,2,4351.25,18808.8,682.398,69.5741,0.75168,566.774,8715.09,158.138,23.1957,0.302342,134.64,174.866,46.3784,0.305683,128.182,333.004,1,0,0
1200,4,1,811,1,1,1,4321.8,18651.2,504.908,46.3844,0.482746,411.59,11340.1,151.115,23.1957,0.267264,127.652,78.2437,23.1887,0.0718272,54.9832,229.358,0,0,0
1200,4,1,812,1,1,1,4479.44,18828.4,628.024,46.3844,0.770054,534.777,9327.27,125.902,23.1957,0.267264,102.439,158.682,23.1887,0.0718272,135.421,284.583,0,0,0
1200,4,1,813,1,1,1,4319.63,18664.9,523.647,46.3844,0.482746,430.383,11020.6,154.443,23.1957,0.267264,130.98,81.5555,23.1887,0.0718272,58.295,235.998,0,0,0
1200,4,1,814,1,1,1,4361.84,18677.6,534.106,46.3844,0.482746,440.873,10847.3,88.6451,23.1957,0.267264,65.1822,155.787,23.1887,0.0718272,132.526,244.432,0,0,0
1200,4,1,815,1,1,2,10390.7,24715,816.527,46.3844,0.50112,724.097,11862.4,155.56,23.1957,0.267264,132.097,313.958,23.1887,0.0902016,290.526,469.518,0,0,0
1200,4,1,816,1,1,1,4322.67,24696.3,711.523,52.1883,0.731635,612.912,13810.3,341.804,28.9996,0.516154,312.288,82.2576,23.1887,0.0718272,58.9971,424.062,0,0,0
1200,4,1,817,1,1,1,4339.71,18654.8,600.484,46.3844,0.6264,507.3,9643.77,121.74,23.1957,0.267264,98.2768,154.482,23.1887,0.0718272,131.222,276.222,0,0,0
1200,4,1,818,1,1,1,4360.57,18694.3,565.951,46.3844,0.482746,472.811,10297.7,150.981,23.1957,0.267264,127.518,96.4704,23.1887,0.0718272,73.2099,247.452,0,0,0
1200,4,1,819,1,1,1,4317.58,18679.6,378.851,46.3844,1.13921,284.51,13608.1,125.387,23.1957,0.923731,101.267,59.1453,23.1887,0.0718272,35.8848,184.532,0,0,0
1200,4,1,820,0,0,0,-1,-1,388.5,23.206,1.17262,316.695,245003,-1,-1,-1,-1,-1,-1,-1,-1,-1,0,0,0
1200,4,1,821,0,0,0,-1,-1,915.862,23.206,1.04734,845.717,253240,-1,-1,-1,-1,-1,-1,-1,-1,-1,0,0,0
1200,4,1,822,1,1,1,4331.5,18648.9,436.178,46.3844,0.517824,342.625,12559.7,84.4706,23.1957,0.267264,61.0077,129.595,23.1887,0.106906,106.299,214.065,0,0,0
1200,4,1,823,1,1,1,4336.39,24734.3,634.929,52.1883,0.696557,536.13,15210.5,343.314,28.9996,0.481075,313.833,78.5542,23.1887,0.0718272,55.2937,421.868,0,0,0
1200,4,1,824,0,0,0,-1,-1,1186.75,29.0099,0.765043,1112.03,257308,-1,-1,-1,-1,-1,-1,-1,-1,-1,0,0,0
1200,4,1,825,1,1,1,4315.66,18644,487.347,46.3844,0.517824,393.943,11644.9,149.728,23.1957,0.302342,126.23,79.2111,23.1887,0.0718272,55.9506,228.939,0,0,0
1200,4,1,826,1,1,1,4351.5,18683.2,509.71,46.3844,0.6264,416.263,11286.3,86.205,23.1957,0.267264,62.7421,151.495,23.1887,0.0718272,128.235,237.7,0,0,0
1200,4,1,827,1,1,1,4327.62,18655.9,641.188,46.3844,0.517824,548.231,8921.14,137.283,23.1957,0.302342,113.785,154.61,23.1887,0.0718272,131.35,291.894,0,0,0
1200,4,1,828,1,1,1,4371.71,18727.6,659.438,46.3844,0.519494,566.532,8668.16,153.607,23.1957,0.267264,130.144,157.096,23.1887,0.108576,133.799,310.703,0,0,0
1200,4,1,829,1,1,1,4325.38,30744.9,992.817,57.9922,1.72719,888.384,14954.4,533.719,34.8035,1.51171,497.219,113.192,23.1887,0.0718272,89.9314,646.911,0,0,0
1200,4,1,830,1,1,1,4316.94,24633.5,406.51,52.1883,1.15759,306.587,19170,223.699,28.9996,0.942106,193.512,33.2356,23.1887,0.0718272,9.97513,256.935,0,0,0
1200,4,1,831,1,1,1,4318.54,18646.3,409.785,46.3844,0.482746,316.19,13026.7,139.51,23.1957,0.267264,116.047,68.1621,23.1887,0.0718272,44.9016,207.672,0,0,0
1200,4,1,832,1,1,1,4354.39,18667.9,589.567,46.3844,0.482746,496.495,9851.38,113.411,23.1957,0.267264,89.9476,157.438,23.1887,0.0718272,134.178,270.849,0,0,0
1200,4,1,833,1,1,1,4331.13,24654.1,762.149,52.1883,0.679853,663.737,12867.9,340.693,28.9996,0.320717,311.373,98.5929,23.1887,0.0718272,75.3324,439.286,0,0,0
1200,4,1,834,1,1,2,10362.1,24684.2,789.686,69.5741,0.554573,674.571,12708.3,114.636,23.1957,0.267264,91.1731,362.938,46.3784,0.143654,316.416,477.574,1,0,0
1200,4,1,835,1,1,1,4314.7,18729.3,447.426,46.3844,0.482746,353.941,12440.3,157.726,23.1957,0.267264,134.263,76.7674,23.1887,0.0718272,53.5069,234.493,0,0,0
1200,4,1,836,1,1,1,4321.51,18636.3,399.985,46.3844,0.6264,306.219,13190.5,77.8903,23.1957,0.267264,54.4274,120.761,23.1887,0.0718272,97.5007,198.652,0,0,0
1200,4,1,837,1,1,1,4318.54,18637.2,469.982,46.3844,0.482746,376.562,11947.1,85.4975,23.1957,0.267264,62.0346,139.457,23.1887,0.0718272,116.197,224.955,0,0,0
1200,4,1,838,1,1,1,4331.85,18648.3,408.543,46.3844,0.482746,314.945,13050.7,82.276,23.1957,0.267264,58.813,120.734,23.1887,0.0718272,97.4736,203.01,0,0,0
1200,4,1,839,1,1,1,4506.96,18862,640.392,46.3844,1.06906,546.881,9140.31,132.65,23.1957,0.853574,108.6,160.71,23.1887,0.0718272,137.45,293.36,0,0,0
1200,4,1,840,1,1,1,4322.44,18694.2,489.624,46.3844,0.482746,396.262,11654.9,150.53,23.1957,0.267264,127.067,79.5179,23.1887,0.0718272,56.2574,230.048,0,0,0
1200,4,1,841,0,0,0,-1,-1,598.515,23.206,0.516154,527.978,248259,-1,-1,-1,-1,-1,-1,-1,-1,-1,0,0,0
1200,4,1,842,1,1,1,4320.9,18640.2,556.171,46.3844,0.482746,463.002,10417.5,103.569,23.1957,0.267264,80.106,149.23,23.1887,0.0718272,125.97,252.799,0,0,0
1200,4,1,843,1,1,1,4316.72,24670.3,409.877,52.1883,0.891994,310.229,19147.9,225.317,28.9996,0.676512,195.395,34.3041,23.1887,0.0718272,11.0436,259.621,0,0,0
1200,4,1,844,1,1,1,4319.33,18642.4,435.652,46.3844,0.482746,342.132,12562.8,151.225,23.1957,0.267264,127.762,73.7841,23.1887,0.0718272,50.5236,225.009,0,0,0
1200,4,1,845,1,1,1,4360.53,18729.1,656.326,46.3844,0.482746,563.448,8725.45,156.966,23.1957,0.267264,133.503,151.039,23.1887,0.0718272,127.778,308.004,0,0,0
1200,4,1,846,1,1,1,4443.23,24833.4,804.447,52.1883,0.997229,705.841,12294,298.37,28.9996,0.71159,268.619,159.131,23.1887,0.141984,135.8,457.501,0,0,0
1200,4,1,847,1,0,0,-1,-1,1396.56,23.1957,0.302342,1328.57,262388,-1,-1,-1,-1,-1,-1,-1,-1,-1,0,0,0
1200,4,1,848,1,1,2,10368.1,24720.3,863.499,69.5741,0.681523,748.472,11431.5,153.002,23.1957,0.267264,129.54,360.056,46.3784,0.270605,313.407,513.059,1,0,0
1200,4,1,849,1,1,1,4466.92,24793,770.927,52.1883,0.840211,672.38,12850.5,263.45,28.9996,0.481075,233.839,161.169,23.1887,0.0718272,137.908,424.619,0,0,0
1200,4,1,850,1,1,1,4485.19,18943.4,666.115,46.3844,0.482746,573.266,8765.63,157.821,23.1957,0.267264,134.358,156.354,23.1887,0.0718272,133.093,314.175,0,0,0
1200,4,1,851,1,1,1,4327.15,18753.1,383.041,46.3844,0.661478,289.19,13608.4,128.184,23.1957,0.302342,104.686,60.0243,23.1887,0.0718272,36.7638,188.208,0,0,0
1200,4,1,852,1,1,1,4336.21,18666.3,610.025,46.3844,0.517824,516.978,9485.68,121.791,23.1957,0.302342,98.293,158.2,23.1887,0.0718272,134.939,279.991,0,0,0
1200,4,1,853,1,1,1,4318.66,18637.1,460.347,46.3844,0.482746,366.9,12118.4,82.7958,23.1957,0.267264,59.3328,137.017,23.1887,0.0718272,113.757,219.813,0,0,0
1200,4,1,854,1,1,1,4348.83,18669.4,657.586,46.3844,0.6264,564.569,8642.98,152.665,23.1957,0.267264,129.202,156.899,23.1887,0.0718272,133.638,309.564,0,0,0
1200,4,1,855,1,1,1,4327.18,18874.9,601.052,46.3844,0.908698,507.587,9852.98,158.104,23.1957,0.658138,134.25,106.495,23.1887,0.106906,83.1995,264.599,0,0,0
1200,4,1,856,1,1,1,4318.26,18740.5,470.284,46.3844,0.482746,376.866,12045,154.8,23.1957,0.267264,131.337,82.9416,23.1887,0.0718272,59.6811,237.742,0,0,0
1200,4,1,857,1,1,1,4406.58,18729.1,553.069,46.3844,0.536198,459.838,10561.1,98.4171,23.1957,0.302342,74.9191,154.206,23.1887,0.0902016,130.927,252.623,0,0,0
1200,4,1,858,1,1,1,4326.89,18648.7,513.738,46.3844,0.6264,420.302,11180.2,87.3096,23.1957,0.267264,63.8466,150.78,23.1887,0.0718272,127.52,238.09,0,0,0
1200,4,1,859,1,0,0,-1,-1,1455.09,23.1957,0.267264,1387.3,265261,-1,-1,-1,-1,-1,-1,-1,-1,-1,0,0,0
1200,4,1,860,1,1,1,4322.26,18725.7,478.17,46.3844,0.482746,384.774,11890,154.89,23.1957,0.267264,131.427,80.7867,23.1887,0.0718272,57.5262,235.677,0,0,0
1200,4,1,861,1,1,1,4384.22,18737.1,626.88,46.3844,0.696557,533.703,9256.13,124.852,23.1957,0.302342,101.354,153.734,23.1887,0.106906,130.438,278.586,0,0,0
1200,4,1,862,1,1,1,4320.97,24667.7,434.327,52.1883,0.696557,334.946,18711,241.141,28.9996,0.481075,211.461,37.6412,23.1887,0.0718272,14.3806,278.782,0,0,0
1200,4,1,863,1,1,1,4358,24692,702.566,52.1883,0.731635,603.929,13965.2,222.665,28.9996,0.516154,192.899,155.514,23.1887,0.0718272,132.254,378.18,0,0,0
1200,4,1,864,1,1,1,4321.98,18636.1,440.071,46.3844,0.482746,346.565,12477.9,83.2776,23.1957,0.267264,59.8147,129.363,23.1887,0.0718272,106.102,212.641,0,0,0
1200,4,1,865,1,1,1,4324.3,18721.6,553.126,46.3844,0.517824,459.914,10552.8,153.833,23.1957,0.302342,130.335,90.7907,23.1887,0.0718272,67.5302,244.624,0,0,0
1200,4,1,866,1,1,1,4318.86,18676.6,640.455,46.3844,0.482746,547.531,8955.17,136.344,23.1957,0.267264,112.881,154.363,23.1887,0.0718272,131.102,290.707,0,0,0
1200,4,1,867,1,0,0,-1,-1,871.62,23.1957,0.302342,802.1,252534,-1,-1,-1,-1,-1,-1,-1,-1,-1,0,0,0
1200,4,1,868,1,0,0,-1,-1,1164.6,23.1957,0.302342,1095.93,257000,-1,-1,-1,-1,-1,-1,-1,-1,-1,0,0,0
1200,4,1,869,1,1,1,4323.85,18728.6,387.975,46.3844,0.517824,294.282,13496.5,130.375,23.1957,0.302342,106.877,61.4573,23.1887,0.0718272,38.1968,191.832,0,0,0
1200,4,1,870,1,1,1,4324.55,18708.3,530.938,46.3844,0.517824,437.66,10934.1,155.588,23.1957,0.302342,132.09,83.7195,23.1887,0.0718272,60.459,239.307,0,0,0
1200,4,1,871,1,1,1,4324.54,18641.1,412.655,46.3844,0.482746,319.069,12970.4,82.3752,23.1957,0.267264,58.9123,122.534,23.1887,0.0718272,99.273,204.909,0,0,0
1200,4,1,872,1,1,1,4342.22,18704.7,658.75,46.3952,0.696557,565.655,8657.48,158.154,23.2065,0.481075,134.467,152.585,23.1887,0.0718272,129.325,310.739,0,0,0
1200,4,1,873,1,1,1,4317.31,18746.9,606.944,46.3844,0.482746,513.922,9621.35,154.125,23.1957,0.267264,130.662,105.294,23.1887,0.0718272,82.0336,259.419,0,0,0
1200,4,1,874,1,1,1,4342.75,18660.9,499.484,46.3844,0.482746,406.15,11446.2,88.4881,23.1957,0.267264,65.0251,152.286,23.1887,0.0718272,129.025,240.774,0,0,0
1200,4,1,875,1,1,1,4363.57,18790.6,390.862,46.3844,0.623059,297.072,13506.5,133.313,23.1957,0.372499,109.744,63.9686,23.1887,0.106906,40.673,197.281,0,0,0
1200,4,1,876,1,1,1,4315.98,24743.1,776.268,52.1883,0.766714,677.811,12705.5,345.21,28.9996,0.551232,315.66,102.616,23.1887,0.0718272,79.3553,447.826,0,0,0
1200,4,1,877,1,1,1,4338.98,30785.2,1023.63,57.9922,1.08743,919.926,14447.5,526.915,34.8035,0.800122,491.102,154.767,23.1887,0.143654,131.435,681.682,0,0,0
1200,4,1,878,1,0,0,-1,-1,961.338,23.1957,0.267264,892.114,253797,-1,-1,-1,-1,-1,-1,-1,-1,-1,0,0,0
1200,4,1,879,1,1,1,4357.58,18767.7,658.003,46.3844,0.661478,564.951,8733.55,154.293,23.1957,0.267264,130.83,151.978,23.1887,0.106906,128.682,306.271,0,0,0
1200,4,1,880,1,1,1,4356.18,24672,592.479,52.1883,0.696557,493.557,15903.1,173.244,28.9996,0.481075,143.372,152.273,23.1887,0.0718272,129.013,325.517,0,0,0
1200,4,1,881,1,1,1,4318.47,18709.1,469.999,46.3844,0.678182,376.384,12018.3,154.604,23.1957,0.462701,130.945,82.8189,23.1887,0.0718272,59.5584,237.423,0,0,0
1200,4,1,882,1,1,1,4322.22,18738.5,556.3,46.3844,0.482746,463.132,10513.5,153.436,23.1957,0.267264,129.973,91.9512,23.1887,0.0718272,68.6907,245.387,0,0,0
1200,4,1,883,1,1,1,4317.58,18695.4,482.068,46.3844,1.06906,388.097,11789,152.816,23.1957,0.853574,128.767,79.4331,23.1887,0.0718272,56.1726,232.249,0,0,0
1200,4,1,884,1,1,1,4322.54,18637.7,547.368,46.3844,0.6264,454.03,10571.1,152.483,23.1957,0.267264,129.02,88.1882,23.1887,0.0718272,64.9277,240.671,0,0,0
1200,4,1,885,1,1,1,4453.62,18883.4,662.998,46.3844,0.482746,570.14,8761.12,156.078,23.1957,0.267264,132.615,154.708,23.1887,0.0718272,131.447,310.786,0,0,0
1200,4,1,886,1,1,1,4316.62,18712.3,423.107,46.3844,0.482746,329.551,12855.7,145.379,23.1957,0.267264,121.916,71.2953,23.1887,0.0718272,48.0348,216.674,0,0,0
1200,4,1,887,1,1,1,4338.36,18667.7,554.367,46.3844,0.552902,461.123,10476.6,102.357,23.1957,0.302342,78.8589,148.893,23.1887,0.106906,125.598,251.25,0,0,0
1200,4,1,888,1,1,1,4335.94,18669.2,442.611,46.3844,0.770054,348.825,12465,81.6443,23.1957,0.267264,58.1813,129.639,23.1887,0.0718272,106.379,211.283,0,0,0
1200,4,1,889,1,1,1,4370.95,18720.8,655.701,46.3844,0.770054,562.535,8727.44,150.214,23.1957,0.267264,126.751,157.671,23.1887,0.0718272,134.411,307.885,0,0,0
1200,4,1,890,0,0,0,-1,-1,1192.96,23.206,0.71159,1123.96,257489,-1,-1,-1,-1,-1,-1,-1,-1,-1,0,0,0
1200,4,1,891,1,1,1,4344.46,18781.7,585.162,46.3844,0.482746,492.077,10043.5,155.12,23.1957,0.267264,131.657,101.482,23.1887,0.0718272,78.2218,256.602,0,0,0
1200,4,1,892,1,1,1,4330.7,24823.1,786.17,52.1883,0.891994,687.616,12609.5,344.074,28.9996,0.676512,314.398,106.586,23.1887,0.0718272,83.3258,450.66,0,0,0
1200,4,1,893,1,0,0,-1,-1,1118.11,28.9996,0.907027,1043.06,256223,-1,-1,-1,-1,-1,-1,-1,-1,-1,0,0,0
1200,4,1,894,1,1,1,4316.3,18673.3,550.439,46.3844,0.482746,457.253,10552.5,153.721,23.1957,0.267264,130.258,88.6249,23.1887,0.0718272,65.3644,242.346,0,0,0
1200,4,1,895,1,1,1,4347.56,24817.2,774.699,52.1883,0.766714,676.237,12807.5,345.859,28.9996,0.516154,316.344,100.857,23.1887,0.106906,77.5613,446.716,0,0,0
1200,4,1,896,1,1,1,4318.54,36726.9,1024.02,63.7961,1.38977,914.371,20482.1,719.146,40.6075,1.17429,676.896,81.7396,23.1887,0.0718272,58.4791,800.885,0,0,0
1200,4,1,897,1,1,2,10355.9,24764.5,846.477,69.5741,0.858586,731.224,11778.2,157.742,23.1957,0.462701,134.084,342.167,46.3784,0.108576,295.68,499.91,1,0,0
1200,4,1,898,1,1,1,4369.43,18689.3,564.976,46.3844,0.482746,471.832,10310.1,105.719,23.1957,0.267264,82.2556,152.226,23.1887,0.0718272,128.966,257.945,0,0,0
1200,4,1,899,1,1,1,4437.25,18771.9,538.131,46.3844,0.517824,444.874,10869.8,88.1813,23.1957,0.267264,64.7183,157.995,23.1887,0.106906,134.699,246.176,0,0,0
1200,4,1,900,1,1,1,4325.51,18684.3,471.676,46.3844,0.517824,378.227,11963.9,152.534,23.1957,0.302342,129.036,82.5915,23.1887,0.0718272,59.331,235.126,0,0,0
1200,4,1,901,1,1,1,4362.54,18693.3,590.854,46.3844,0.678182,497.591,9853.44,113.14,23.1957,0.462701,89.482,157.619,23.1887,0.0718272,134.358,270.759,0,0,0
1200,4,1,902,1,1,1,4378.83,18773.4,617.021,46.3844,0.482746,524.029,9468.64,157.217,23.1957,0.267264,133.754,111.555,23.1887,0.0718272,88.2944,268.772,0,0,0
1200,4,1,903,1,1,1,4342.15,18706.4,505.15,46.3844,0.783418,411.532,11389.8,152.647,23.1957,0.462701,128.989,78.6035,23.1887,0.177062,55.2377,231.251,0,0,0
1200,4,1,904,1,1,1,4381.33,18705.1,1367,46.3844,0.6264,1276.05,260894,126.943,23.1957,0.267264,103.48,156.189,23.1887,0.0718272,132.929,283.132,0,0,0
1200,4,1,905,1,1,1,4334.88,24761.4,847.007,52.1883,0.679853,748.842,11466.2,344.592,28.9996,0.320717,315.271,155.085,23.1887,0.0718272,131.824,499.677,0,0,0
1200,4,1,906,1,1,1,4335.38,18690.5,444.006,46.3844,0.517824,350.476,12462.1,79.7934,23.1957,0.302342,56.2953,131.236,23.1887,0.0718272,107.976,211.03,0,0,0
1200,4,1,907,1,1,1,4331.91,18645.1,464.465,46.3844,0.482746,371.029,12053.2,84.7107,23.1957,0.267264,61.2477,138.714,23.1887,0.0718272,115.453,223.424,0,0,0
1200,4,1,908,1,1,1,4337.46,18681.3,658.676,46.3844,0.661478,565.626,8635.19,158.006,23.1957,0.302342,134.508,153.637,23.1887,0.0718272,130.377,311.644,0,0,0
1200,4,1,909,1,1,1,4344.87,24785.5,819.543,52.1883,1.07073,720.908,11977.8,317.182,28.9996,0.71159,287.47,151.654,23.1887,0.0718272,128.393,468.836,0,0,0
1200,4,1,910,1,1,1,4327.87,18783.7,658.14,46.3844,0.517824,565.233,8747.56,159.58,23.1957,0.302342,136.082,150.006,23.1887,0.0718272,126.746,309.586,0,0,0
1200,4,1,911,1,1,1,4324.17,18685.6,587.389,46.3844,0.713261,494.08,9907.06,153.36,23.1957,0.462701,129.702,103.546,23.1887,0.106906,80.2504,256.906,0,0,0
1200,4,1,912,1,1,1,4388.09,18704.8,540.835,46.3844,0.482746,447.621,10754.8,90.3723,23.1957,0.267264,66.9094,154.825,23.1887,0.0718272,131.565,245.197,0,0,0
1200,4,1,913,0,0,0,-1,-1,1323.24,23.206,0.58631,1254.74,260343,-1,-1,-1,-1,-1,-1,-1,-1,-1,0,0,0
1200,4,1,914,1,1,1,4315.43,24634.4,626.714,52.1883,0.96215,527.626,15255.7,341.807,28.9996,0.746669,312.061,75.708,23.1887,0.0718272,52.4475,417.515,0,0,0
1200,4,1,915,1,1,1,4328.74,18777.2,586.757,46.3844,0.517824,493.642,10010.4,156.091,23.1957,0.302342,132.593,101.878,23.1887,0.0718272,78.6171,257.969,0,0,0
1200,4,1,916,1,1,1,4343.69,18659.8,447.363,46.3844,0.482746,353.878,12371.9,79.7402,23.1957,0.267264,56.2773,131.142,23.1887,0.0718272,107.882,210.883,0,0,0
1200,4,1,917,1,1,1,4382.18,18800.7,660.343,46.3844,0.6264,567.333,8725.24,155.903,23.1957,0.267264,132.44,152.013,23.1887,0.0718272,128.753,307.916,0,0,0
1200,4,1,918,1,1,1,4331.12,18675.9,639.839,46.3844,0.517824,546.878,8965.22,135.766,23.1957,0.302342,112.268,154.543,23.1887,0.0718272,131.283,290.309,0,0,0
1200,4,1,919,1,1,1,4315.66,18666,376.29,46.3844,0.517824,282.563,13641.7,123.202,23.1957,0.302342,99.7044,58.6725,23.1887,0.0718272,35.412,181.875,0,0,0
1200,4,1,920,1,1,1,4315.34,18803.1,601.408,46.3844,0.482746,508.371,9776,156.823,23.1957,0.267264,133.36,106.848,23.1887,0.0718272,83.5875,263.671,0,0,0
1200,4,1,921,1,1,2,10380.7,24724.3,670.985,69.5741,0.554573,555.525,14859.2,85.3648,23.1957,0.302342,61.8667,342.967,46.3784,0.108576,296.48,428.332,1,0,0
1200,4,1,922,1,1,1,4317.26,24708.9,724.864,52.1883,0.606355,626.417,13585.7,341.91,28.9996,0.390874,312.519,84.7428,23.1887,0.0718272,61.4823,426.652,0,0,0
1200,4,1,923,1,1,1,4338.41,18798,580.893,46.3844,0.731635,487.547,10134.6,154.833,23.1957,0.267264,131.37,99.1619,23.1887,0.177062,75.7962,253.994,0,0,0
1200,4,1,924,1,1,1,4350.68,18669.6,655.476,46.3844,0.482746,562.596,8681.05,155.257,23.1957,0.267264,131.794,151.201,23.1887,0.0718272,127.94,306.458,0,0,0
1200,4,1,925,1,1,1,4317.9,18675.1,610.706,46.3844,0.482746,517.696,9482.67,152.605,23.1957,0.267264,129.142,107.411,23.1887,0.0718272,84.1506,260.017,0,0,0
1200,4,1,926,1,1,1,4395.38,24721.9,838.468,52.1883,1.03565,739.923,11577.9,335.411,28.9996,0.676512,305.735,155.177,23.1887,0.0718272,131.916,490.588,0,0,0
1200,4,1,927,1,1,1,4361.25,24702.2,836.154,52.1883,1.21438,737.423,11622.3,344.859,28.9996,0.676512,315.183,147.038,23.1887,0.106906,123.743,491.897,0,0,0
1200,4,1,928,1,1,1,4319.75,24726.7,700.248,52.1883,0.731635,601.605,14041.1,339.535,28.9996,0.516154,310.02,80.5882,23.1887,0.0718272,57.3277,420.123,0,0,0
1200,4,1,929,1,1,3,16324.9,30674.2,1049.61,92.7639,0.6264,912.624,14475.6,152.159,23.1957,0.302342,128.661,550.3,69.5682,0.180403,480.551,702.459,2,0,0
1200,4,1,930,1,1,1,4348.13,24793.2,825.515,52.1883,0.87529,727.093,11879.7,321.01,28.9996,0.481075,291.529,150.779,23.1887,0.106906,127.484,471.789,0,0,0
1200,4,1,931,1,1,2,4347.12,24745.4,683.936,75.3781,1.37307,562.051,14723.8,338.627,28.9996,0.942106,308.686,104.113,46.3784,0.287309,57.4468,442.74,1,0,0
1200,4,1,932,1,1,1,4345.5,18863.5,657.338,46.3844,0.552902,564.393,8841.37,161.714,23.1957,0.267264,138.251,151.148,23.1887,0.141984,127.818,312.863,0,0,0
1200,4,1,933,1,1,1,4352.66,18720.9,637.013,46.3844,0.587981,543.974,9059.99,134.876,23.1957,0.372499,111.307,154.408,23.1887,0.0718272,131.148,289.284,0,0,0
1200,4,1,934,1,1,1,4317.58,18809.9,661.124,46.3844,0.713261,568.03,8720.23,157.077,23.1957,0.497779,133.384,155.951,23.1887,0.0718272,132.691,313.028,0,0,0
1200,4,1,935,1,1,1,4321.54,24707,774.892,52.1883,0.766714,676.43,12694,342.989,28.9996,0.551232,313.438,102.71,23.1887,0.0718272,79.4491,445.698,0,0,0
1200,4,1,936,1,1,1,4351.19,18670.3,529.676,46.3844,0.482746,436.43,10918.7,87.9557,23.1957,0.267264,64.4927,153.356,23.1887,0.0718272,130.095,241.312,0,0,0
1200,4,1,937,1,1,1,4320.84,24791.8,773.039,52.1883,0.571277,674.768,12812.1,345.71,28.9996,0.355795,316.354,99.5945,23.1887,0.0718272,76.334,445.304,0,0,0
1200,4,1,938,1,1,1,4365.39,18762.1,388.964,46.3844,0.482746,295.309,13512.7,131.386,23.1957,0.267264,107.923,62.8073,23.1887,0.0718272,39.5468,194.194,0,0,0
1200,4,1,939,1,1,1,4327.58,18734.8,623.694,46.3844,0.552902,530.651,9310.9,158.938,23.1957,0.267264,135.476,120.801,23.1887,0.141984,97.47,279.739,0,0,0
1200,4,1,940,1,1,1,4320.2,24830.4,772.115,52.1883,0.50112,673.911,12867.7,346.427,28.9996,0.285638,317.141,99.4177,23.1887,0.0718272,76.1571,445.844,0,0,0
1200,4,1,941,1,1,1,4369.81,18721,635.832,46.3844,0.552902,542.824,9081.32,158.547,23.1957,0.337421,135.013,135.037,23.1887,0.0718272,111.777,293.584,0,0,0
1200,4,1,942,1,1,1,4338.88,24705.8,756.977,52.1883,0.696557,658.534,13011.7,341.682,28.9996,0.481075,312.202,97.2699,23.1887,0.0718272,74.0094,438.952,0,0,0
1200,4,1,943,1,1,3,16396.5,30724.5,1042.79,92.7639,0.699898,905.717,14647.1,151.694,23.1957,0.267264,128.231,544.074,69.5682,0.288979,474.217,695.768,2,0,0
1200,4,1,944,1,1,1,4321.99,18751.2,607.41,46.3844,0.517824,514.355,9617.09,153.85,23.1957,0.302342,130.352,104.271,23.1887,0.0718272,81.0103,258.12,0,0,0
1200,4,1,945,1,1,1,4389.89,18947.2,664.291,46.3844,0.770054,571.149,8801.12,159.502,23.1957,0.267264,136.039,154.841,23.1887,0.0718272,131.581,314.343,0,0,0
1200,4,1,946,1,1,1,4321.35,36650.3,836.227,63.7961,0.963821,726.457,23746.1,634.825,40.6075,0.748339,592.769,44.79,23.1887,0.0718272,21.5295,679.615,0,0,0
1200,4,1,947,1,1,1,4444.44,18806.3,627.098,46.3844,1.1793,533.439,9320.21,127.191,23.1957,0.462701,103.532,156.815,23.1887,0.141984,133.485,284.006,0,0,0
1200,4,1,948,1,1,2,10376.9,24699.9,837.194,69.5741,0.519494,722.252,11879.4,156.056,23.1957,0.267264,132.593,334.262,46.3784,0.108576,287.775,490.319,1,0,0
1200,4,1,949,1,1,1,4355.75,18677.2,518.238,46.3844,0.517824,424.924,11128.8,88.5783,23.1957,0.267264,65.1154,149.738,23.1887,0.106906,126.442,238.316,0,0,0
1200,4,1,950,1,1,1,4328.91,18643.7,505.299,46.3844,0.482746,411.982,11325.6,87.5406,23.1957,0.267264,64.0776,151.84,23.1887,0.0718272,128.579,239.38,0,0,0
1200,4,1,951,1,1,2,4426.11,24766.6,869.15,75.3781,0.786758,748.389,11467.4,342.652,28.9996,0.320717,313.331,180.967,46.3784,0.322387,134.266,523.619,1,0,0
1200,4,1,952,1,1,1,4329.3,18795.5,515.957,46.3844,0.482746,422.672,11287.9,156.747,23.1957,0.267264,133.284,80.4745,23.1887,0.0718272,57.214,237.222,0,0,0
1200,4,1,953,1,1,1,4452.37,18790.2,660.547,46.3844,0.482746,567.682,8711.5,153.439,23.1957,0.267264,129.976,159.037,23.1887,0.0718272,135.777,312.477,0,0,0
1200,4,1,954,1,1,2,10349,24691,677.394,69.5741,0.714931,561.793,14711.7,85.0631,23.1957,0.462701,61.4047,347.282,46.3784,0.108576,300.795,432.345,1,0,0
1200,4,1,955,1,1,2,10322.4,24656.8,625.097,69.5741,0.519494,509.538,15607.9,82.0215,23.1957,0.267264,58.5585,323.143,46.3784,0.108576,276.656,405.165,1,0,0
1200,4,1,956,1,1,1,4330.4,18647.8,452.065,46.3844,0.6264,358.45,12275.9,83.7577,23.1957,0.267264,60.2948,132.963,23.1887,0.0718272,109.703,216.721,0,0,0
1200,4,1,957,1,1,1,4351.25,18803.8,584.991,46.3844,0.482746,491.905,10068.7,155.435,23.1957,0.267264,131.972,100.822,23.1887,0.0718272,77.5613,256.257,0,0,0
1200,4,1,958,1,1,1,4349.07,18695.6,428.874,46.3844,0.805133,335.012,12735.5,83.7062,23.1957,0.302342,60.2081,124.199,23.1887,0.0718272,100.939,207.906,0,0,0
1200,4,1,959,1,1,1,4347.56,18683.8,654.99,46.3844,0.482746,562.109,8703.92,150.508,23.1957,0.267264,127.045,150.768,23.1887,0.0718272,127.507,301.276,0,0,0
1200,4,1,960,1,1,1,4316.94,18635.8,497.484,46.3844,0.517824,404.109,11456.5,88.5232,23.1957,0.302342,65.0251,151.214,23.1887,0.0718272,127.953,239.737,0,0,0
1200,4,1,961,1,1,1,4413.63,18733.2,539.681,46.3844,0.482746,446.464,10803.8,88.887,23.1957,0.267264,65.424,156.148,23.1887,0.0718272,132.887,245.035,0,0,0
1200,4,1,962,1,1,1,4320.71,18633,473.918,46.3844,0.482746,380.51,11872.9,86.6021,23.1957,0.267264,63.1391,142.536,23.1887,0.0718272,119.276,229.138,0,0,0
1200,4,1,963,1,1,1,4322.29,18636.4,465.521,46.3844,0.482746,372.088,12025.6,153.421,23.1957,0.267264,129.958,82.8604,23.1887,0.0718272,59.5999,236.282,0,0,0
1200,4,1,964,1,1,1,4323.27,18635.5,427.795,46.3844,0.482746,334.253,12695.6,82.3031,23.1957,0.267264,58.8401,123.927,23.1887,0.0718272,100.666,206.23,0,0,0
1200,4,1,965,1,1,1,4372.41,24719.8,840.378,52.1883,1.56684,741.307,11540,340.878,28.9996,1.17262,310.705,152.22,23.1887,0.106906,128.924,493.097,0,0,0
1200,4,1,966,1,1,1,4321.03,18703.3,553.531,46.3844,0.482746,460.354,10527.6,153.483,23.1957,0.267264,130.02,91.37,23.1887,0.0718272,68.1095,244.853,0,0,0
1200,4,1,967,1,0,0,-1,-1,788.102,23.1957,0.302342,718.339,251199,-1,-1,-1,-1,-1,-1,-1,-1,-1,0,0,0
1200,4,1,968,1,1,1,4413.29,18854.1,663.466,46.3844,0.482746,570.609,8723.45,158.496,23.1957,0.267264,135.033,154.345,23.1887,0.0718272,131.084,312.841,0,0,0
1200,4,1,969,1,1,1,4333.49,18733,382.078,46.3952,0.536198,288.338,13605.8,126.95,23.2065,0.285638,103.458,60.4474,23.1887,0.106906,37.1518,187.398,0,0,0
1200,4,1,970,1,1,1,4328.01,36701.5,1128.97,63.7961,1.15926,1019.86,18591.2,715.319,40.6075,0.908698,673.329,97.361,23.1887,0.106906,74.0654,812.68,0,0,0
1200,4,1,971,1,1,1,4317.26,36644,662.633,63.7961,1.22941,552.094,26825.6,533.597,40.6075,1.01393,490.981,25.17,23.1887,0.0718272,1.90948,558.767,0,0,0
1200,4,1,972,1,1,1,4350.28,24750.5,816.205,52.1883,0.96215,717.668,12002.3,348.405,28.9996,0.71159,318.693,124.722,23.1887,0.106906,101.426,473.126,0,0,0
1200,4,1,973,1,1,1,4388.48,18725.4,530.203,46.3844,0.661478,436.78,10963.8,89.3787,23.1957,0.302342,65.8806,155.177,23.1887,0.0718272,131.916,244.556,0,0,0
1200,4,1,974,1,1,1,4315.02,24647.1,502.208,52.1883,1.08743,402.633,17482.4,279.494,28.9996,0.871949,249.537,51.4659,23.1887,0.0718272,28.2054,330.96,0,0,0
1200,4,1,975,1,1,1,4437.59,24911.9,829.714,57.9922,0.980525,725.553,12023.4,324.983,34.8035,0.765043,289.414,154.67,23.1887,0.0718272,131.409,479.653,0,0,0
1200,4,1,976,1,1,1,4491.33,18828,639.172,46.3844,0.552902,546.174,9128.95,132.112,23.1957,0.267264,108.649,160.476,23.1887,0.141984,137.145,292.588,0,0,0
1200,4,1,977,1,1,1,4330.88,18648.7,421.714,46.3844,0.482746,328.154,12816.9,81.9818,23.1957,0.267264,58.5188,126.147,23.1887,0.0718272,102.886,208.129,0,0,0
1200,4,1,978,1,1,1,4317.83,18646.6,567.242,46.3844,0.482746,474.105,10227,107.966,23.1957,0.267264,84.5025,151.409,23.1887,0.0718272,128.148,259.374,0,0,0
1200,4,1,979,1,1,1,4380.64,18750.7,660.792,46.3844,0.482746,567.927,8667.62,157.962,23.1957,0.267264,134.499,155.022,23.1887,0.0718272,131.761,312.984,0,0,0
1200,4,1,980,1,1,1,4365.62,18737.6,634.45,46.3844,0.552902,541.438,9122.5,159.974,23.1957,0.337421,136.441,131.29,23.1887,0.0718272,108.03,291.265,0,0,0
1200,4,1,981,1,1,1,4320.68,18633.6,441.885,46.3844,0.6264,348.24,12442.7,80.0272,23.1957,0.267264,56.5642,129.796,23.1887,0.0718272,106.536,209.823,0,0,0
1200,4,1,982,1,1,1,4315.66,24661.6,622.571,52.1883,0.696557,523.737,15357.5,338.847,28.9996,0.481075,309.366,74.1956,23.1887,0.0718272,50.9351,413.042,0,0,0
1200,4,1,983,1,1,1,4423.39,18877,620.364,46.3844,0.766714,527.097,9516.34,159.562,23.1957,0.372499,135.993,112.792,23.1887,0.106906,89.4964,272.354,0,0,0
1200,4,1,984,1,0,0,-1,-1,931.456,23.1957,0.337421,862.075,253421,-1,-1,-1,-1,-1,-1,-1,-1,-1,0,0,0
1200,4,1,985,1,1,1,4314.38,30746.3,767.54,57.9922,1.14088,663.038,18963.1,507.717,34.8035,0.925402,471.726,66.6732,23.1887,0.0718272,43.4127,574.391,0,0,0
1200,4,1,986,1,1,1,4347.61,18678.5,466.605,46.3844,0.587981,373.07,12047.8,85.9586,23.1957,0.302342,62.4605,139.163,23.1887,0.141984,115.832,225.121,0,0,0
1200,4,1,987,1,1,1,4343.75,18666.4,590.016,46.3844,0.517824,496.91,9841.61,112.689,23.1957,0.302342,89.1914,157.449,23.1887,0.0718272,134.189,270.139,0,0,0
1200,4,1,988,1,1,1,4348.35,18737.6,607.546,46.3844,0.623059,514.386,9600.36,152.594,23.1957,0.337421,129.061,105.64,23.1887,0.141984,82.3097,258.235,0,0,0
1200,4,1,989,1,1,1,4340.88,18707.4,643.623,46.3844,0.6264,550.565,8929.26,156.109,23.1957,0.267264,132.646,143.702,23.1887,0.0718272,120.442,299.811,0,0,0
1200,4,1,990,1,1,1,4506.9,18992.6,667.56,46.3844,0.552902,574.645,8788.69,158.573,23.1957,0.302342,135.075,156.912,23.1887,0.106906,133.617,315.485,0,0,0
1200,4,1,991,1,0,0,-1,-1,1206.97,28.9996,0.320717,1132.76,257653,-1,-1,-1,-1,-1,-1,-1,-1,-1,0,0,0
1200,4,1,992,1,1,1,4325.83,24677.6,551.575,52.1883,0.571277,452.66,16636,302.834,28.9996,0.355795,273.458,55.9725,23.1887,0.0718272,32.712,358.806,0,0,0
1200,4,1,993,1,1,1,4425.81,18743.3,542.663,46.3844,0.482746,449.455,10760.8,90.6593,23.1957,0.267264,67.1963,155.729,23.1887,0.0718272,132.469,246.388,0,0,0
1200,4,1,994,1,1,1,4330.92,18668.2,656.169,46.3844,0.482746,563.291,8667.34,157.181,23.1957,0.267264,133.718,148.438,23.1887,0.0718272,125.177,305.618,0,0,0
1200,4,1,995,1,1,1,4317.26,36680.6,896.161,63.7961,1.22941,786.301,22709.6,664.545,40.6075,1.01393,622.304,55.8696,23.1887,0.0718272,32.6091,720.415,0,0,0
1200,4,1,996,1,1,1,4339.01,18782.8,659.948,46.3844,0.482746,567.081,8714.71,157.045,23.1957,0.267264,133.582,152.713,23.1887,0.0718272,129.453,309.759,0,0,0
1200,4,1,997,1,0,0,-1,-1,840.903,23.1957,0.302342,771.294,252002,-1,-1,-1,-1,-1,-1,-1,-1,-1,0,0,0
1200,4,1,998,1,1,1,4429.31,18773.5,658.969,46.3844,0.552902,566.029,8722.39,151.958,23.1957,0.302342,128.46,158.45,23.1887,0.106906,135.154,310.408,0,0,0
1200,4,1,999,0,0,0,-1,-1,643.012,23.206,0.551232,572.569,248937,-1,-1,-1,-1,-1,-1,-1,-1,-1,0,0,0
1200,4,1,1000,1,1,1,4324.33,18707,657.861,46.3844,0.517824,564.953,8675.85,156.754,23.1957,0.302342,133.256,151.641,23.1887,0.0718272,128.381,308.395,0,0,0
1200,4,1,1001,1,1,1,4337.17,18729.5,659.12,46.3844,0.482746,566.251,8676.21,157.157,23.1957,0.267264,133.694,152.475,23.1887,0.0718272,129.215,309.632,0,0,0
1200,4,1,1002,1,1,1,4320.71,18703,532.98,46.3844,0.482746,439.743,10892.7,155.45,23.1957,0.267264,131.987,83.1077,23.1887,0.0718272,59.8472,238.557,0,0,0
1200,4,1,1003,1,1,1,4322.18,30821.3,798.445,57.9922,1.15592,694.018,18487.5,521.118,34.8035,0.940435,485.139,71.7844,23.1887,0.0718272,48.5239,592.902,0,0,0
1200,4,1,1004,1,1,1,4345.07,18667.8,568.556,46.3844,0.678182,475.227,10224.4,107.538,23.1957,0.462701,83.8799,152.482,23.1887,0.0718272,129.222,260.021,0,0,0
1200,4,1,1005,1,1,1,4361.58,18685.9,456.078,46.3844,0.552902,362.548,12242.6,82.9059,23.1957,0.267264,59.4429,135.768,23.1887,0.141984,112.437,218.674,0,0,0
1200,4,1,1006,1,1,1,4353.45,18871.7,655.331,46.3844,0.517824,562.415,8885.51,160.106,23.1957,0.267264,136.643,149.33,23.1887,0.106906,126.035,309.436,0,0,0
1200,4,1,1007,1,1,1,4325.36,18644.1,409.044,46.3844,0.517824,315.412,13037.4,82.1558,23.1957,0.302342,58.6578,120.552,23.1887,0.0718272,97.2914,202.708,0,0,0
1200,4,1,1008,1,1,1,4500.26,18878.3,630.029,46.3844,0.6264,536.932,9341.89,125.921,23.1957,0.267264,102.458,160.097,23.1887,0.0718272,136.836,286.018,0,0,0
1200,4,1,1009,1,1,1,4332.17,18658.3,410.89,46.3844,0.482746,317.298,13019,82.2561,23.1957,0.267264,58.7932,121.241,23.1887,0.0718272,97.9808,203.497,0,0,0
1200,4,1,1010,1,1,1,4328.01,18675.5,639.847,46.3844,0.482746,546.921,8964.89,155.268,23.1957,0.267264,131.805,139.293,23.1887,0.0718272,116.032,294.56,0,0,0
1200,4,1,1011,1,1,1,4327.14,18666.5,443.025,46.3844,0.748339,349.261,12454.9,80.1033,23.1957,0.532858,56.3747,131.005,23.1887,0.0718272,107.745,211.109,0,0,0
1200,4,1,1012,1,1,1,4364.51,18700,619.638,46.3844,0.482746,526.653,9348.75,157.157,23.1957,0.267264,133.694,117.209,23.1887,0.0718272,93.9489,274.367,0,0,0
1200,4,1,1013,1,1,1,4325.74,18642.5,606.623,46.3844,0.482746,513.601,9522.63,120.186,23.1957,0.267264,96.7228,155.839,23.1887,0.0718272,132.579,276.025,0,0,0
1200,4,1,1014,1,0,0,-1,-1,1105.95,28.9996,0.481075,1031.29,255988,-1,-1,-1,-1,-1,-1,-1,-1,-1,0,0,0
1200,4,1,1015,1,1,1,4362.78,24801.6,845.327,52.1883,0.891994,746.945,11536,345.574,28.9996,0.676512,315.898,150.567,23.1887,0.0718272,127.307,496.141,0,0,0
1200,4,1,1016,1,1,1,4334.31,18700.7,636.844,46.3844,1.01727,543.375,9042.19,134.474,23.1957,0.658138,110.62,153.179,23.1887,0.0718272,129.919,287.653,0,0,0
1200,4,1,1017,1,1,1,4324.3,18783.6,402.917,46.3844,0.517824,309.267,13285.9,140.48,23.1957,0.302342,116.982,67.4528,23.1887,0.0718272,44.1923,207.933,0,0,0
1200,4,1,1018,1,1,1,4334.62,24777,842.558,52.1883,0.96215,744.097,11560.2,343.686,28.9996,0.746669,313.94,150.517,23.1887,0.0718272,127.256,494.203,0,0,0
1200,4,1,1019,1,1,1,4321.13,18705,658.193,46.3844,0.482746,565.321,8668.13,156.457,23.1957,0.267264,132.994,151.38,23.1887,0.0718272,128.119,307.837,0,0,0
1200,4,1,1020,1,1,1,4338.23,24797.3,729.636,52.1883,0.83687,630.973,13588.5,344.658,28.9996,0.621389,315.037,85.7842,23.1887,0.0718272,62.5237,430.442,0,0,0
1200,4,1,1021,1,1,1,4316.62,18690.7,632.154,46.3844,0.482746,539.206,9116.86,131.459,23.1957,0.267264,107.996,153.683,23.1887,0.0718272,130.422,285.141,0,0,0
1200,4,1,1022,1,1,1,4333.69,18712.7,592.094,46.3844,0.678182,498.834,9850.75,152.729,23.1957,0.462701,129.07,106.936,23.1887,0.0718272,83.6759,259.665,0,0,0
1200,4,1,1023,1,1,1,4365.9,18689.2,395.443,46.3844,0.6264,301.663,13324.2,73.9035,23.1957,0.267264,50.4406,119.927,23.1887,0.0718272,96.6669,193.831,0,0,0
1200,4,1,1024,1,1,1,4330.31,18759.3,659.621,46.3844,0.748339,566.487,8696.14,158.092,23.1957,0.497779,134.398,151.696,23.1887,0.106906,128.401,309.788,0,0,0
1200,4,1,1025,1,1,1,4368.68,18681.9,456.204,46.3844,0.517824,362.709,12236.6,83.3137,23.1957,0.267264,59.8508,135.861,23.1887,0.106906,112.565,219.175,0,0,0
1200,4,1,1026,1,1,1,4361.49,18692.8,621.118,46.3844,0.517824,528.103,9314.94,126.024,23.1957,0.267264,102.561,155.342,23.1887,0.106906,132.046,281.366,0,0,0
1200,4,1,1027,1,1,1,4326.96,24726.6,684.96,52.1883,1.05402,585.95,14311.9,338.493,28.9996,0.551232,308.942,78.3737,23.1887,0.0718272,55.1132,416.867,0,0,0
1200,4,1,1028,1,1,1,4318.86,18668.8,602.513,46.3844,0.482746,509.479,9622.08,154.594,23.1957,0.267264,131.131,106.651,23.1887,0.0718272,83.3908,261.246,0,0,0
1200,4,1,1029,1,1,1,4340.26,18703.5,658.021,46.3844,0.770054,564.861,8668.89,151.929,23.1957,0.267264,128.466,150.909,23.1887,0.0718272,127.648,302.837,0,0,0
1200,4,1,1030,1,1,1,4350.02,18664.5,570.624,46.3844,0.517824,477.462,10184.6,106.814,23.1957,0.267264,83.3511,152.155,23.1887,0.106906,128.859,258.969,0,0,0
1200,4,1,1031,1,0,0,-1,-1,979.3,28.9996,0.320717,904.43,253923,-1,-1,-1,-1,-1,-1,-1,-1,-1,0,0,0
1200,4,1,1032,1,1,2,10360.9,24689.7,738.646,69.5741,0.968832,622.968,13620.3,87.564,23.1957,0.267264,64.1011,360.215,46.3784,0.557914,313.279,447.779,1,0,0
1200,4,1,1033,1,1,1,4327.16,18707.1,602.721,46.3844,0.517824,509.652,9656.45,154.918,23.1957,0.302342,131.42,106.933,23.1887,0.0718272,83.6723,261.851,0,0,0
1200,4,1,1034,1,1,1,4316.02,24669.6,434.395,52.1883,0.571277,335.139,18711.7,241.19,28.9996,0.355795,211.634,37.5238,23.1887,0.0718272,14.2633,278.714,0,0,0
1200,4,1,1035,1,1,1,4318.6,18672.4,605.013,46.3844,0.482746,511.986,9581.22,121.624,23.1957,0.267264,98.1613,156.159,23.1887,0.0718272,132.898,277.783,0,0,0
1200,4,1,1036,1,0,0,-1,-1,792.327,23.1957,0.302342,722.577,251258,-1,-1,-1,-1,-1,-1,-1,-1,-1,0,0,0
1200,4,1,1037,1,1,1,4314.7,24666.7,501.744,52.1883,0.571277,402.683,17511.3,279.58,28.9996,0.355795,250.136,51.0544,23.1887,0.0718272,27.7939,330.634,0,0,0
1200,4,1,1038,1,1,1,4451.32,18785,658.475,46.3844,0.587981,565.498,8742.37,152.198,23.1957,0.267264,128.735,157.484,23.1887,0.177062,134.118,309.682,0,0,0
1200,4,1,1039,1,1,1,4410.6,18749.2,545.694,46.3844,0.840211,452.137,10711.6,94.3978,23.1957,0.302342,70.8998,152.954,23.1887,0.106906,129.659,247.352,0,0,0
1200,4,1,1040,1,1,1,4318.33,18765.3,602.577,46.3844,0.678182,509.347,9716.99,156.634,23.1957,0.462701,132.976,108.084,23.1887,0.0718272,84.8238,264.719,0,0,0
1200,4,1,1041,1,1,1,4346.45,24667,606.159,52.1883,0.893664,507.08,15653.9,176.304,28.9996,0.516154,146.405,149.535,23.1887,0.0902016,126.257,325.84,0,0,0
1200,4,1,1042,1,1,1,4335.46,18656.1,642.462,46.3844,0.517824,549.509,8898.75,136.93,23.1957,0.302342,113.432,155.218,23.1887,0.0718272,131.958,292.148,0,0,0
1200,4,1,1043,1,1,1,4320.58,18677.9,431.759,46.3844,0.482746,338.229,12667.5,148.389,23.1957,0.267264,124.926,74.0205,23.1887,0.0718272,50.76,222.41,0,0,0
1200,4,1,1044,1,1,2,10325.3,24660.5,790.553,69.5741,0.519494,675.475,12669.4,114.845,23.1957,0.267264,91.3824,361.744,46.3784,0.108576,315.257,476.589,1,0,0
1200,4,1,1045,1,1,1,4336.95,24748.3,605.28,52.1883,0.766714,506.326,15751.2,328.879,28.9996,0.551232,299.328,71.2339,23.1887,0.0718272,47.9734,400.113,0,0,0
1200,4,1,1046,1,1,1,4365.26,18751.5,388.667,46.3844,0.482746,295.011,13507.4,131.495,23.1957,0.267264,108.032,62.9679,23.1887,0.0718272,39.7074,194.463,0,0,0
1200,4,1,1047,1,1,1,4342.7,18666.1,655.357,46.3844,0.6264,562.332,8679.33,156.042,23.1957,0.267264,132.579,149.449,23.1887,0.0718272,126.188,305.49,0,0,0
1200,4,1,1048,1,1,1,4416.05,18783.3,639.389,46.3844,0.696557,546.248,9079.9,159.648,23.1957,0.337421,136.114,137.261,23.1887,0.0718272,114,296.908,0,0,0
1200,4,1,1049,1,1,1,4421.03,18795.2,661.366,46.3844,0.748339,568.238,8701.02,154.245,23.1957,0.497779,130.552,158.109,23.1887,0.106906,134.813,312.354,0,0,0
1200,4,1,1050,1,1,1,4318.86,30649.5,560.224,57.9922,0.589651,455.67,22554,392.688,34.8035,0.37417,356.93,30.8984,23.1887,0.0718272,7.63791,423.586,0,0,0
1200,4,1,1051,1,1,1,4483.44,18827.7,639.489,46.3844,0.482746,546.562,9123.43,132.175,23.1957,0.267264,108.712,160.575,23.1887,0.0718272,137.315,292.75,0,0,0
1200,4,1,1052,1,1,1,4339.24,18694.4,469.318,46.3844,0.748339,375.631,12015.2,85.6928,23.1957,0.532858,61.9642,139.666,23.1887,0.0718272,116.406,225.359,0,0,0
1200,4,1,1053,1,1,1,4342.96,18765,639.809,46.3844,0.661478,546.705,9054.37,157.746,23.1957,0.302342,134.248,139.015,23.1887,0.0718272,115.754,296.761,0,0,0
1200,4,1,1054,1,1,1,4318.92,18765.5,426.31,46.3844,0.713261,332.533,12851.3,147.05,23.1957,0.497779,123.356,71.9017,23.1887,0.0718272,48.6412,218.951,0,0,0
1200,4,1,1055,1,1,1,4334.31,18692.3,524.368,46.3844,0.821837,430.768,11034.3,155.023,23.1957,0.462701,131.364,81.7306,23.1887,0.0718272,58.4701,236.753,0,0,0
1200,4,1,1056,1,1,1,4315.98,18687.9,438.438,46.3844,0.748339,344.661,12557.8,153.782,23.1957,0.532858,130.054,74.432,23.1887,0.0718272,51.1715,228.214,0,0,0
1200,4,1,1057,1,1,1,4341.7,18663.4,481.263,46.3844,0.517824,387.841,11772.5,85.9993,23.1957,0.267264,62.5363,146.932,23.1887,0.106906,123.636,232.931,0,0,0
1200,4,1,1058,1,1,1,4315.34,24649.9,664.165,52.1883,0.571277,565.577,14606.3,336.213,28.9996,0.355795,306.858,79.8446,23.1887,0.0718272,56.5841,416.058,0,0,0
1200,4,1,1059,1,1,1,4340.73,18764.1,657.453,46.3844,0.678182,564.383,8739.99,158.748,23.1957,0.462701,135.089,150.174,23.1887,0.0718272,126.914,308.922,0,0,0
1200,4,1,1060,1,1,1,4322.38,18705.6,384.597,46.3844,0.678182,290.733,13533.4,126.814,23.1957,0.462701,103.155,60.4556,23.1887,0.0718272,37.1951,187.269,0,0,0
1200,4,1,1061,1,1,1,4326.13,18746,463.227,46.3844,0.517824,369.753,12175.8,157.414,23.1957,0.302342,133.916,81.348,23.1887,0.0718272,58.0875,238.762,0,0,0
1200,4,1,1062,1,1,1,4347.75,18667.8,648.781,46.3844,0.6264,555.738,8797.93,143.54,23.1957,0.267264,120.077,157.788,23.1887,0.0718272,134.528,301.328,0,0,0
1200,4,1,1063,1,1,1,4327.61,18886.1,585.36,46.3844,0.856915,491.902,10143.3,159.151,23.1957,0.497779,135.457,98.481,23.1887,0.0718272,75.2205,257.632,0,0,0
1200,4,1,1064,1,1,1,4317.41,18644.1,502.034,46.3844,0.482746,408.708,11384.1,87.3872,23.1957,0.267264,63.9242,151.511,23.1887,0.0718272,128.251,238.899,0,0,0
1200,4,1,1065,1,1,1,4358.01,18669.9,614.745,46.3844,0.482746,521.746,9405.7,121.483,23.1957,0.267264,98.0205,157.249,23.1887,0.0718272,133.988,278.732,0,0,0
1200,4,1,1066,1,1,1,4399.57,18769.9,608.427,46.3844,0.517824,515.375,9617.78,120.852,23.1957,0.267264,97.3888,158.6,23.1887,0.106906,135.304,279.451,0,0,0
1200,4,1,1067,1,1,1,4342.69,18662.9,423.434,46.3844,0.482746,329.88,12800.5,83.0737,23.1957,0.267264,59.6107,126.437,23.1887,0.0718272,103.177,209.511,0,0,0
1200,4,1,1068,1,1,1,4318.15,18654.4,564.116,46.3844,0.482746,470.97,10290.4,151.214,23.1957,0.267264,127.751,94.4274,23.1887,0.0718272,71.1669,245.641,0,0,0
1200,4,1,1069,1,1,2,10327.8,24670.4,843.611,69.5741,0.519494,728.688,11735.9,156.879,23.1957,0.267264,133.416,342.393,46.3784,0.108576,295.906,499.272,1,0,0
1200,4,1,1070,1,1,1,4386.23,18953.6,664.285,46.3844,0.661478,571.252,8807.83,161.668,23.1957,0.302342,138.17,154.659,23.1887,0.0718272,131.398,316.327,0,0,0
1200,4,1,1071,1,1,1,4321.52,18677.7,428.028,46.3844,0.696557,334.272,12732.8,83.9957,23.1957,0.337421,60.4626,123.483,23.1887,0.0718272,100.222,207.479,0,0,0
1200,4,1,1072,1,0,0,-1,-1,1053.71,28.9996,0.621389,978.759,255171,-1,-1,-1,-1,-1,-1,-1,-1,-1,0,0,0
1200,4,1,1073,1,1,1,4323.71,18654.3,475.485,46.3844,0.482746,382.082,11866.3,84.9868,23.1957,0.267264,61.5238,144.597,23.1887,0.0718272,121.337,229.584,0,0,0
1200,4,1,1074,1,1,1,4332.04,18646.8,396.761,46.3844,0.482746,303.129,13258.8,76.1018,23.1957,0.267264,52.6388,119.222,23.1887,0.0718272,95.9612,195.323,0,0,0
1200,4,1,1075,1,1,1,4405.89,24732,839.039,52.1883,0.967162,740.564,11591.3,335.21,28.9996,0.320717,305.89,155.872,23.1887,0.0718272,132.611,491.082,0,0,0
1200,4,1,1076,1,1,2,10345.7,24665,832.751,69.5741,0.698227,717.617,11923,129.453,23.1957,0.267264,105.99,355.195,46.3784,0.287309,308.529,484.648,1,0,0
1200,4,1,1077,1,0,0,-1,-1,1460.1,23.1957,0.267264,1392.33,265592,-1,-1,-1,-1,-1,-1,-1,-1,-1,0,0,0
1200,4,1,1078,1,1,1,4338.51,24680.4,708.424,52.1883,0.679853,609.856,13849.5,224.057,28.9996,0.320717,194.489,156.608,23.1887,0.0718272,133.348,380.665,0,0,0
1200,4,1,1079,1,1,1,4319.85,24719.5,790.48,52.1883,0.714931,692.116,12429.3,343.818,28.9996,0.355795,314.463,106.765,23.1887,0.0718272,83.5045,450.583,0,0,0
1200,4,1,1080,1,1,1,4350.07,24744.4,827.269,52.1883,0.801792,728.924,11799.7,345.846,28.9996,0.58631,316.261,139.775,23.1887,0.0718272,116.514,485.621,0,0,0
1200,4,1,1081,0,0,0,-1,-1,849.028,23.206,0.71159,779.024,252158,-1,-1,-1,-1,-1,-1,-1,-1,-1,0,0,0
1200,4,1,1082,1,1,1,4352.02,18672.7,442.193,46.3844,0.482746,348.693,12476.8,83.8588,23.1957,0.267264,60.3958,130.227,23.1887,0.0718272,106.967,214.086,0,0,0
1200,4,1,1083,1,0,0,-1,-1,1522.46,23.1957,0.267264,1454.87,268795,-1,-1,-1,-1,-1,-1,-1,-1,-1,0,0,0
1200,4,1,1084,1,1,1,4320.52,24678.1,409.477,52.1883,0.62473,310.095,19162.9,224.92,28.9996,0.390874,195.281,34.4199,23.1887,0.0902016,11.141,259.34,0,0,0
1200,4,1,1085,1,1,1,4335.49,18655.2,524.142,46.3844,0.788429,430.575,11001.1,88.3203,23.1957,0.267264,64.8573,153.566,23.1887,0.0902016,130.287,241.886,0,0,0
1200,4,1,1086,1,1,1,4362.62,18730.4,658.289,46.3844,0.552902,565.346,8691.34,153.559,23.1957,0.302342,130.061,150.974,23.1887,0.106906,127.679,304.534,0,0,0
1200,4,1,1087,1,0,0,-1,-1,1351.81,23.1957,0.267264,1283.72,261327,-1,-1,-1,-1,-1,-1,-1,-1,-1,0,0,0
1200,4,1,1088,1,1,1,4339.41,18657.1,529.676,46.3844,0.482746,436.43,10905.6,88.1849,23.1957,0.267264,64.7219,153.105,23.1887,0.0718272,129.845,241.29,0,0,0
1200,4,1,1089,1,1,1,4316.62,18650.3,439.173,46.3844,0.482746,345.664,12508,154.266,23.1957,0.267264,130.803,74.9247,23.1887,0.0718272,51.6642,229.191,0,0,0
1200,4,1,1090,1,1,2,10346,24685.1,839.376,69.5741,0.554573,724.405,11825.6,133.623,23.1957,0.302342,110.125,358.423,46.3784,0.108576,311.936,492.047,1,0,0
1200,4,1,1091,1,1,1,4316.62,24659.5,457.225,52.1883,0.696557,357.91,18295.6,256.827,28.9996,0.481075,227.194,41.8048,23.1887,0.0718272,18.5443,298.632,0,0,0
1200,4,1,1092,1,1,1,4319.94,18735.3,532.664,46.3844,0.517824,439.391,10930.4,156.685,23.1957,0.302342,133.187,83.2701,23.1887,0.0718272,60.0096,239.955,0,0,0
1200,4,1,1093,1,1,1,4319.27,18749.7,660.14,46.3844,0.517824,567.238,8677.95,155.187,23.1957,0.302342,131.689,156.601,23.1887,0.0718272,133.34,311.788,0,0,0
1200,4,1,1094,1,1,1,4386.15,18721.3,656.914,46.3844,0.482746,564.038,8707.18,156.06,23.1957,0.267264,132.597,152.82,23.1887,0.0718272,129.559,308.88,0,0,0
1200,4,1,1095,1,1,1,4348.03,18692.2,645.754,46.3844,0.517824,552.81,8876.34,140.107,23.1957,0.267264,116.644,157.598,23.1887,0.106906,134.302,297.705,0,0,0
1200,4,1,1096,1,1,1,4317,18754.6,607.272,46.3844,0.713261,514.021,9622.55,154.162,23.1957,0.497779,130.469,105.451,23.1887,0.0718272,82.1906,259.614,0,0,0
1200,4,1,1097,1,1,1,4324.17,24697.9,556.207,52.1883,0.871949,457.004,16572.7,304.568,28.9996,0.656467,274.893,57.2052,23.1887,0.0718272,33.9447,361.773,0,0,0
1200,4,1,1098,1,1,1,4342.6,24673.7,706.258,52.1991,0.643104,607.71,13881,224.802,29.0104,0.339091,195.209,156.31,23.1887,0.160358,132.961,381.113,0,0,0
1200,4,1,1099,1,1,1,4317.89,24733.5,800.156,52.1883,0.96215,701.573,12270.7,344.956,28.9996,0.746669,315.21,106.007,23.1887,0.0718272,82.7465,450.963,0,0,0
1200,4,1,1100,1,1,1,4321.48,18714.3,483.565,46.3844,0.713261,389.954,11782,153.082,23.1957,0.462701,129.424,79.3094,23.1887,0.106906,56.0138,232.392,0,0,0
1200,4,1,1101,1,1,1,4487.21,18876.6,629.963,46.3844,0.713261,536.778,9341.04,125.653,23.1957,0.462701,101.995,160.031,23.1887,0.106906,136.735,285.684,0,0,0
1200,4,1,1102,1,1,1,4416.07,18745.8,627.546,46.3844,0.517824,534.549,9253.71,124.035,23.1957,0.267264,100.572,156.06,23.1887,0.106906,132.765,280.096,0,0,0
1200,4,1,1103,1,1,1,4318.02,18729,537.705,46.3844,0.482746,444.483,10834.7,155.365,23.1957,0.267264,131.902,84.5714,23.1887,0.0718272,61.3109,239.936,0,0,0
1200,4,1,1104,1,1,1,4317.58,24723.7,738.02,52.1883,0.696557,639.522,13366.8,344.205,28.9996,0.481075,314.725,87.894,23.1887,0.0718272,64.6335,432.099,0,0,0
1200,4,1,1105,1,1,2,10336.3,24802.2,862.553,69.5741,1.48499,746.72,11528.3,158.284,23.1957,0.658138,134.431,354.657,46.3784,0.683194,307.596,512.942,1,0,0
1200,4,1,1106,1,1,1,4332.38,18729.7,657.535,46.3844,0.482746,564.661,8704.59,156.897,23.1957,0.267264,133.434,151.445,23.1887,0.0718272,128.184,308.342,0,0,0
1200,4,1,1107,1,1,1,4397.57,18878.3,633.694,46.3844,0.913709,540.319,9275.9,162.106,23.1957,0.267264,138.643,125.214,23.1887,0.0718272,101.953,287.32,0,0,0
1200,4,1,1108,1,1,1,4358.95,18685.5,530.802,46.3844,0.661478,437.381,10913.3,87.0595,23.1957,0.302342,63.5614,152.529,23.1887,0.0718272,129.269,239.589,0,0,0
1200,4,1,1109,1,1,1,4327.5,18742.9,428.921,46.3952,0.50112,335.353,12783,148.752,23.2065,0.285638,125.26,72.1959,23.1887,0.0718272,48.9353,220.948,0,0,0
1200,4,1,1110,1,1,1,4426.33,18760.5,633.907,46.3844,0.661478,540.785,9154.9,129.86,23.1957,0.267264,106.397,154.2,23.1887,0.106906,130.904,284.059,0,0,0
1200,4,1,1111,1,1,1,4333.61,18722.2,654.734,46.3844,0.943776,561.39,8745.48,147.952,23.1957,0.728294,124.028,158.889,23.1887,0.0718272,135.629,306.841,0,0,0
1200,4,1,1112,1,1,1,4392.23,18869.3,393.152,46.3844,0.748339,299.243,13544.5,135.026,23.1957,0.497779,111.333,64.5317,23.1887,0.106906,41.2361,199.558,0,0,0
1200,4,1,1113,1,1,1,4364.65,18826.5,659.58,46.3844,0.6264,566.568,8764.61,159.895,23.1957,0.267264,136.432,150.607,23.1887,0.0718272,127.347,310.502,0,0,0
1200,4,1,1114,1,1,1,4317.58,18695.4,509.93,46.3844,0.517824,416.591,11294.7,153.758,23.1957,0.302342,130.26,79.2977,23.1887,0.0718272,56.0372,233.055,0,0,0
1200,4,1,1115,1,1,1,4375.94,18725.7,619.879,46.3844,0.552902,526.825,9369.71,157.172,23.1957,0.302342,133.674,117.118,23.1887,0.106906,93.8225,274.29,0,0,0
1200,4,1,1116,1,1,1,4343.4,18683,656.276,46.3844,0.517824,563.363,8679.98,149.16,23.1957,0.267264,125.697,151.572,23.1887,0.106906,128.276,300.732,0,0,0
1200,4,1,1117,1,1,1,4317.58,18638.1,494.773,46.3844,0.482746,401.425,11507.2,88.212,23.1957,0.267264,64.749,151.15,23.1887,0.0718272,127.89,239.362,0,0,0
1200,4,1,1118,1,1,1,4366.15,18752.7,542.04,46.3844,0.482746,448.83,10781.3,155.701,23.1957,0.267264,132.238,85.499,23.1887,0.0718272,62.2385,241.2,0,0,0
1200,4,1,1119,1,1,1,4436.21,18819.9,641.124,46.3844,0.6264,548.058,9086.22,159.021,23.1957,0.267264,135.559,139.843,23.1887,0.0718272,116.583,298.865,0,0,0
1200,4,1,1120,1,1,1,4341.55,18661.1,506.999,46.3844,0.482746,413.687,11312.8,87.0388,23.1957,0.267264,63.5759,152.12,23.1887,0.0718272,128.859,239.158,0,0,0
1200,4,1,1121,1,1,1,4375.13,24701.6,696.539,52.1883,0.731635,597.885,14082,218.05,28.9996,0.516154,188.271,155.812,23.1887,0.0718272,132.552,373.862,0,0,0
1200,4,1,1122,1,1,1,4324.91,18729.6,610.992,46.3844,0.517824,517.947,9531.87,153.368,23.1957,0.302342,129.87,106.942,23.1887,0.0718272,83.6814,260.31,0,0,0
1200,4,1,1123,1,1,1,4316.44,18726.3,415.911,46.3844,0.748339,322.068,12996.8,142.078,23.1957,0.532858,118.35,70.3568,23.1887,0.0718272,47.0963,212.435,0,0,0
1200,4,1,1124,1,1,1,4390.72,18742.5,625.522,46.3844,0.482746,532.555,9286.63,127.151,23.1957,0.267264,103.688,156.94,23.1887,0.0718272,133.68,284.091,0,0,0
1200,4,1,1125,1,1,1,4361.61,18678.1,583.044,46.3844,0.661478,489.774,9976.96,113.042,23.1957,0.267264,89.5794,155.331,23.1887,0.106906,132.036,268.374,0,0,0
1200,4,1,1126,1,1,1,4337.41,18653.8,656.177,46.3844,0.517824,563.264,8652.6,148.809,23.1957,0.302342,125.311,151.297,23.1887,0.0718272,128.036,300.106,0,0,0
1200,4,1,1127,1,1,1,4321.54,24643.7,420.737,52.1883,0.606355,321.406,18928.4,233.073,28.9996,0.390874,203.464,34.8383,23.1887,0.0718272,11.5778,267.911,0,0,0
1200,4,1,1128,1,1,1,4316.94,24643.9,479.062,52.1883,0.766714,379.741,17891.3,268.57,28.9996,0.551232,238.903,46.7771,23.1887,0.0718272,23.5165,315.347,0,0,0
1200,4,1,1129,1,1,1,4370.99,18714.1,655.095,46.3844,0.482746,562.213,8732.33,148.815,23.1957,0.267264,125.352,157.574,23.1887,0.0718272,134.313,306.389,0,0,0
1200,4,1,1130,1,1,1,4364.35,18697.4,565.653,46.3844,0.678182,472.316,10305.7,105.757,23.1957,0.462701,82.0985,151.737,23.1887,0.0718272,128.476,257.494,0,0,0
1200,4,1,1131,1,0,0,-1,-1,1534.09,23.1957,0.267264,1466.53,269343,-1,-1,-1,-1,-1,-1,-1,-1,-1,0,0,0
1200,4,1,1132,1,1,1,4351.78,30771,1019.15,57.9922,1.14088,915.382,14513.6,526.353,34.8035,0.890323,490.453,148.495,23.1887,0.106906,125.199,674.847,0,0,0
1200,4,1,1133,1,1,1,4348.37,18724.1,553.207,46.3844,0.517824,459.995,10553.9,153.697,23.1957,0.267264,130.234,91.0225,23.1887,0.106906,67.7269,244.72,0,0,0
1200,4,1,1134,1,1,1,4315.66,18631.7,406.479,46.3844,0.482746,312.875,13070.9,81.8176,23.1957,0.267264,58.3546,121.036,23.1887,0.0718272,97.775,202.853,0,0,0
1200,4,1,1135,1,1,1,4319.24,24730.4,581.777,52.1883,0.891994,482.629,16151.3,321.554,28.9996,0.676512,291.878,66.148,23.1887,0.0718272,42.8875,387.702,0,0,0
1200,4,1,1136,1,1,1,4334.81,18698,597.636,46.3844,0.482746,504.588,9738.01,119.765,23.1957,0.267264,96.3023,156.305,23.1887,0.0718272,133.044,276.07,0,0,0
1200,4,1,1137,1,1,1,4331.71,18679.9,642.652,46.3844,0.482746,549.735,8919.39,137.028,23.1957,0.267264,113.565,155.274,23.1887,0.0718272,132.014,292.303,0,0,0
1200,4,1,1138,1,1,1,4341.86,18678.5,504.524,46.3844,0.6264,411.061,11373.8,87.4052,23.1957,0.267264,63.9423,152.148,23.1887,0.0718272,128.888,239.554,0,0,0
1200,4,1,1139,1,1,1,4330.79,18775.2,659.67,46.3844,0.696557,566.588,8711.18,157.171,23.1957,0.337421,133.638,152.365,23.1887,0.0718272,129.105,309.536,0,0,0
1200,4,1,1140,1,1,1,4345.13,18714.7,657.489,46.3844,0.678182,564.419,8689.87,157.396,23.1957,0.462701,133.737,151.95,23.1887,0.0718272,128.689,309.346,0,0,0
1200,4,1,1141,1,1,1,4319.82,24668.2,521.625,52.1883,0.891994,422.302,17158.8,289.028,28.9996,0.676512,259.292,55.2217,23.1887,0.0718272,31.9612,344.25,0,0,0
1200,4,1,1142,1,1,1,4359.73,18680.9,650.73,46.3844,0.805133,557.514,8775.76,144.709,23.1957,0.267264,121.246,158.342,23.1887,0.106906,135.046,303.051,0,0,0
1200,4,1,1143,1,1,1,4316.94,24636.6,426.008,52.1883,0.696557,326.602,18827.8,235.666,28.9996,0.481075,205.975,35.9302,23.1887,0.0718272,12.6697,271.596,0,0,0
1200,4,1,1144,1,1,1,4323.49,24765,844.035,52.1883,0.696557,745.844,11522.9,345.016,28.9996,0.481075,315.535,150.818,23.1887,0.0718272,127.558,495.834,0,0,0
1200,4,1,1145,1,1,1,4355.37,18672.1,450.843,46.3844,0.6264,357.224,12322,81.148,23.1957,0.267264,57.685,134.243,23.1887,0.0718272,110.983,215.391,0,0,0
1200,4,1,1146,1,1,1,4378.82,18835.6,662.687,46.3844,0.908698,569.402,8717.63,159.994,23.1957,0.658138,136.14,154.035,23.1887,0.106906,130.74,314.029,0,0,0
1200,4,1,1147,1,1,1,4335.66,18666.5,656.652,46.3844,0.517824,563.74,8656.86,151.557,23.1957,0.267264,128.094,152.256,23.1887,0.106906,128.96,303.813,0,0,0
1200,4,1,1148,1,1,1,4315.02,18643.9,570.022,46.3952,0.50112,476.864,10174.8,150.583,23.2065,0.285638,127.09,97.0245,23.1887,0.0718272,73.764,247.607,0,0,0
1200,4,1,1149,1,1,1,4342.46,18663.3,584.914,46.3844,0.536198,491.776,9929.02,113.107,23.1957,0.267264,89.6444,157.053,23.1887,0.12528,133.739,270.161,0,0,0
1200,4,1,1150,1,1,1,4330.16,18659.1,639.211,46.3844,0.517824,546.248,8959.58,135.243,23.1957,0.267264,111.78,155.006,23.1887,0.106906,131.711,290.25,0,0,0
1200,4,1,1151,1,1,1,4461.12,18902,663.931,46.3844,0.517824,571.041,8762.88,156.62,23.1957,0.302342,133.122,155.233,23.1887,0.0718272,131.972,311.853,0,0,0
1200,4,1,1152,1,1,1,4318.25,18662.8,518.433,46.3844,0.517824,425.119,11110.9,87.2779,23.1957,0.302342,63.7798,150.281,23.1887,0.0718272,127.02,237.558,0,0,0
1200,4,1,1153,1,1,1,4447.08,18823.4,627.905,46.3844,0.482746,534.945,9325.09,127.521,23.1957,0.267264,104.058,158.22,23.1887,0.0718272,134.959,285.74,0,0,0
1200,4,1,1154,1,1,1,4389.85,18733.5,458.054,46.3844,0.696557,364.386,12254.6,83.5022,23.1957,0.302342,60.0042,136.256,23.1887,0.106906,112.961,219.758,0,0,0
1200,4,1,1155,1,1,1,4438.44,24872.6,823.083,52.1883,0.96215,724.566,12002.1,317.999,28.9996,0.71159,288.288,155.367,23.1887,0.106906,132.072,473.366,0,0,0
1200,4,1,1156,1,1,1,4329.56,18658.7,603.771,46.3844,0.482746,510.74,9589.61,122.225,23.1957,0.267264,98.7623,155.551,23.1887,0.0718272,132.29,277.776,0,0,0
1200,4,1,1157,1,1,2,10372.1,24701.3,817.261,69.5741,1.03732,701.744,12233.8,121.333,23.1957,0.497779,97.6397,365.637,46.3784,0.395885,318.863,486.971,1,0,0
1200,4,1,1158,1,1,2,10361.3,24722.2,766.394,69.5741,0.806803,650.959,13160,104.962,23.1957,0.267264,81.4994,358.479,46.3784,0.108576,311.992,463.442,1,0,0
1200,4,1,1159,1,1,1,4336.97,18788.3,630.153,46.3844,0.482746,537.199,9250.09,160.482,23.1957,0.267264,137.019,124.586,23.1887,0.0718272,101.325,285.067,0,0,0
1200,4,1,1160,1,1,1,4370,18858.7,663.47,46.3844,1.10413,569.992,8726.37,159.948,23.1957,0.888653,135.864,153.23,23.1887,0.0718272,129.969,313.177,0,0,0
1200,4,1,1161,1,1,1,4345.11,18679.6,564.35,46.3844,0.517824,471.17,10311.2,105.755,23.1957,0.302342,82.2574,151.569,23.1887,0.0718272,128.309,257.325,0,0,0
1200,4,1,1162,1,1,1,4344.52,18693.4,659.064,46.3844,0.482746,566.195,8641.09,153.885,23.1957,0.267264,130.422,150.367,23.1887,0.0718272,127.107,304.252,0,0,0
1200,4,1,1163,1,0,0,-1,-1,1080.5,28.9996,0.481075,1005.77,255622,-1,-1,-1,-1,-1,-1,-1,-1,-1,0,0,0
1200,4,1,1164,1,1,1,4353.57,18739.1,449.964,46.3844,0.943776,356.026,12403.5,157.518,23.1957,0.693216,133.629,78.7842,23.1887,0.106906,55.4886,236.302,0,0,0
1200,4,1,1165,0,0,0,-1,-1,1113.1,29.0099,0.765043,1038.17,256153,-1,-1,-1,-1,-1,-1,-1,-1,-1,0,0,0
1200,4,1,1166,1,0,0,-1,-1,860.725,23.1957,0.302342,791.174,252354,-1,-1,-1,-1,-1,-1,-1,-1,-1,0,0,0
1200,4,1,1167,1,1,1,4354.63,18846.7,660.983,46.3844,0.552902,568.048,8759.74,157.438,23.1957,0.302342,133.94,154.16,23.1887,0.106906,130.864,311.597,0,0,0
1200,4,1,1168,1,1,1,4338.87,18687.2,547.797,46.3844,0.552902,454.533,10612.9,153.006,23.1957,0.337421,129.473,88.5149,23.1887,0.0718272,65.2543,241.521,0,0,0
1200,4,1,1169,1,1,1,4324.06,18822.5,659.992,46.3844,0.678182,566.929,8753.24,160.284,23.1957,0.462701,136.625,152.551,23.1887,0.0718272,129.29,312.835,0,0,0
1200,4,1,1170,1,1,1,4315.02,30670.4,694.386,57.9922,1.33632,589.477,20187.6,470.327,34.8035,1.12084,434.044,52.8141,23.1887,0.0718272,29.5536,523.141,0,0,0
1200,4,1,1171,1,1,1,4432.88,18763.4,537.784,46.3844,0.6264,444.418,10867.3,87.2735,23.1957,0.267264,63.8105,157.348,23.1887,0.0718272,134.088,244.622,0,0,0
1200,4,1,1172,1,1,1,4313.74,18644.5,412.646,46.3844,0.482746,319.06,12974,82.2796,23.1957,0.267264,58.8166,119.684,23.1887,0.0718272,96.4232,201.963,0,0,0
1200,4,1,1173,1,1,1,4419.7,18732.9,541.127,46.3844,0.6264,447.771,10777.3,89.8706,23.1957,0.267264,66.4076,155.662,23.1887,0.0718272,132.402,245.533,0,0,0
1200,4,1,1174,1,1,1,4316.62,30634,537.968,57.9922,0.75001,433.19,22934,378.273,34.8035,0.534528,342.315,29.0828,23.1887,0.0718272,5.82228,407.356,0,0,0
1200,4,1,1175,1,1,2,10340.2,24662.4,773.779,69.5849,0.537869,658.624,12969.6,107.643,23.2065,0.285638,84.1506,359.506,46.3784,0.108576,313.019,467.149,1,0,0
1200,4,1,1176,1,1,1,4340.16,18657.3,486.504,46.3844,0.482746,393.132,11673.4,87.4594,23.1957,0.267264,63.9964,147.579,23.1887,0.0718272,124.318,235.038,0,0,0
1200,4,1,1177,1,1,1,4386.43,18759.6,655.716,46.3844,0.766714,562.553,8765.62,152.675,23.1957,0.497779,128.982,152.998,23.1887,0.12528,129.684,305.673,0,0,0
1200,4,1,1178,1,1,1,4375.73,18708.6,654.932,46.3844,0.536198,561.997,8729.24,150.355,23.1957,0.267264,126.892,151.413,23.1887,0.12528,128.099,301.768,0,0,0
1200,4,1,1179,1,1,1,4344.04,18676.8,605.027,46.3844,0.482746,512,9585.35,119.496,23.1957,0.267264,96.0334,156.346,23.1887,0.0718272,133.086,275.843,0,0,0
1200,4,1,1180,1,1,1,4379.94,18728.6,600.355,46.3844,0.6264,507.17,9719.87,121.184,23.1957,0.267264,97.7209,155.778,23.1887,0.0718272,132.517,276.962,0,0,0
1200,4,1,1181,1,1,1,4334.76,18654.8,591.067,46.3844,0.6264,497.856,9811.22,113.306,23.1957,0.267264,89.8429,157.104,23.1887,0.0718272,133.844,270.41,0,0,0
1200,4,1,1182,1,1,1,4315.34,18784.7,480.908,46.3844,0.873619,387.13,11899.4,156.512,23.1957,0.658138,132.658,81.0213,23.1887,0.0718272,57.7608,237.533,0,0,0
1200,4,1,1183,1,1,1,4420.42,18754.8,633.784,46.3844,0.482746,540.841,9151.96,129.925,23.1957,0.267264,106.462,154.352,23.1887,0.0718272,131.092,284.277,0,0,0
1200,4,1,1184,1,1,1,4418.75,18831,661.262,46.3844,0.482746,568.398,8739.57,154.307,23.1957,0.267264,130.844,153.349,23.1887,0.0718272,130.088,307.656,0,0,0
1200,4,1,1185,1,1,1,4347.42,18693.2,571.145,46.3844,0.678182,477.824,10203.7,107.446,23.1957,0.462701,83.7878,152.558,23.1887,0.0718272,129.298,260.004,0,0,0
1200,4,1,1186,1,1,1,4323.08,18792,392.118,46.3844,0.536198,298.418,13486.1,135.022,23.1957,0.302342,111.524,63.6541,23.1887,0.0902016,40.3752,198.676,0,0,0
1200,4,1,1187,1,1,1,4318.54,24676.2,658.307,52.1883,0.696557,559.576,14736.7,336.609,28.9996,0.481075,307.128,81.5501,23.1887,0.0718272,58.2896,418.159,0,0,0
1200,4,1,1188,1,0,0,-1,-1,1565.18,23.1957,0.267264,1497.72,271083,-1,-1,-1,-1,-1,-1,-1,-1,-1,0,0,0
1200,4,1,1189,1,1,1,4326.44,18652.6,580.836,46.3844,0.6264,487.596,9990.86,113.089,23.1957,0.267264,89.6264,154.684,23.1887,0.0718272,131.424,267.774,0,0,0
1200,4,1,1190,1,1,1,4332.07,18708.8,449.775,46.3844,0.678182,356.101,12377.6,157.638,23.1957,0.462701,133.979,78.2943,23.1887,0.0718272,55.0338,235.932,0,0,0
1200,4,1,1191,1,1,2,10325.4,24655.1,825.758,69.5741,1.11249,710.191,12036.2,126.237,23.1957,0.267264,102.774,359.26,46.3784,0.701568,312.18,485.497,1,0,0
1200,4,1,1192,1,1,1,4324.16,18638.3,481.246,46.3844,0.482746,387.859,11748,85.8441,23.1957,0.267264,62.3811,146.508,23.1887,0.0718272,123.248,232.353,0,0,0
1200,4,1,1193,1,1,1,4334.06,18736.4,659.084,46.3844,0.661478,566.036,8683.03,153.283,23.1957,0.302342,129.785,151.804,23.1887,0.0718272,128.543,305.087,0,0,0
1200,4,1,1194,1,1,1,4318.59,24643.1,513.386,52.1883,0.801792,414.129,17279.8,286.521,28.9996,0.58631,256.872,54.1623,23.1887,0.0718272,30.9018,340.684,0,0,0
1200,4,1,1195,1,1,1,4321.34,18635.8,555.785,46.3844,0.482746,462.615,10420,103.01,23.1957,0.267264,79.5466,149.19,23.1887,0.0718272,125.93,252.2,0,0,0
1200,4,1,1196,1,1,1,4323.41,18654.5,508.109,46.3844,0.696557,414.586,11285.6,86.3925,23.1957,0.337421,62.8594,150.613,23.1887,0.0718272,127.352,237.005,0,0,0
1200,4,1,1197,1,1,1,4330.74,18698.4,657.206,46.3844,0.482746,564.33,8679.16,157.899,23.1957,0.267264,134.436,151.181,23.1887,0.0718272,127.921,309.08,0,0,0
1200,4,1,1198,1,1,1,4471.65,18889.4,663.022,46.3844,0.482746,570.163,8766.67,155.239,23.1957,0.267264,131.776,154.549,23.1887,0.0718272,131.288,309.788,0,0,0
1200,4,1,1199,1,1,1,4327.14,18646.6,442.235,46.3844,0.482746,348.734,12449.9,83.0502,23.1957,0.267264,59.5873,129.89,23.1887,0.0718272,106.629,212.94,0,0,0
1200,4,1,1200,1,1,1,4339.1,18659.5,502.506,46.3844,0.482746,409.181,11391.1,86.5371,23.1957,0.267264,63.0742,151.874,23.1887,0.0718272,128.614,238.411,0,0,0
