N,seed,dutyCycle,devId,registered,authSuccess,attempts,latencyMs,e2eMs,fullEnergyMJ,fullCpuEnergyMJ,fullTxEnergyMJ,fullRxEnergyMJ,idleListeningMs,regEnergyMJ,regCpuEnergyMJ,regTxEnergyMJ,regRxEnergyMJ,authEnergyMJ,authCpuEnergyMJ,authTxEnergyMJ,authRxEnergyMJ,sessionEnergyMJ,fallbackUsed,replayRejected,desync
1200,2,1,1,1,1,1,4319.24,24739.6,662.099,52.1883,0.731635,563.345,14732.4,337.492,28.9996,0.516154,307.976,80.1983,23.1887,0.0718272,56.9378,417.691,0,0,0
1200,2,1,2,1,1,1,4315.98,18758.5,480.97,46.3844,0.552902,387.512,11872.6,159.53,23.1957,0.337421,135.997,82.0176,23.1887,0.0718272,58.7571,241.548,0,0,0
1200,2,1,3,1,1,1,4314.7,18704.2,595.774,46.3844,0.482746,502.72,9777.34,153.715,23.1957,0.267264,130.252,104.357,23.1887,0.0718272,81.0969,258.073,0,0,0
1200,2,1,4,1,1,1,4343.11,18759.3,634.495,46.3844,0.482746,541.554,9143.89,155.883,23.1957,0.267264,132.42,137.176,23.1887,0.0718272,113.915,293.059,0,0,0
1200,2,1,5,1,1,1,4342.41,18689.8,636.347,46.3844,0.770054,543.124,9040.59,139.226,23.1957,0.267264,115.763,155.247,23.1887,0.0718272,131.987,294.474,0,0,0
1200,2,1,6,1,1,1,4344.31,18738.9,627.322,46.3844,0.770054,534.073,9250.18,140.463,23.1957,0.267264,117,157.361,23.1887,0.0718272,134.1,297.823,0,0,0
1200,2,1,7,1,1,1,4353.02,18674,638.807,46.3844,0.482746,545.878,8981.85,141.555,23.1957,0.267264,118.092,156.383,23.1887,0.0718272,133.122,297.937,0,0,0
1200,2,1,8,1,1,1,4361.9,18681.8,602.276,46.3844,0.482746,509.241,9639.24,120.117,23.1957,0.267264,96.6543,157.211,23.1887,0.0718272,133.95,277.328,0,0,0
1200,2,1,9,1,1,1,4322.89,18703.3,643.601,46.3952,0.606355,550.552,8925.18,155.859,23.2065,0.390874,132.261,147.498,23.1887,0.0718272,124.237,303.356,0,0,0
1200,2,1,10,1,1,1,4319.97,18653,642.134,46.3844,0.482746,549.215,8901.76,146.595,23.1957,0.267264,123.132,146.135,23.1887,0.0718272,122.874,292.73,0,0,0
1200,2,1,11,1,1,1,4315.66,24644.5,468.368,52.1883,0.696557,369.085,18082.6,265.454,28.9996,0.481075,235.848,39.8863,23.1887,0.0718272,16.6258,305.34,0,0,0
1200,2,1,12,1,1,1,4327.52,18672.6,593.699,46.3844,0.587981,500.534,9781.87,152.459,23.1957,0.337421,128.926,104.952,23.1887,0.106906,81.6564,257.411,0,0,0
1200,2,1,13,1,1,1,4312.46,24677.7,523.878,52.1883,0.571277,424.882,17128.7,296.203,28.9996,0.355795,266.805,50.43,23.1887,0.0718272,27.1695,346.633,0,0,0
1200,2,1,14,1,1,1,4321.03,18710.4,419.551,46.3844,0.482746,325.985,12917.1,147.832,23.1957,0.267264,124.369,70.2268,23.1887,0.0718272,46.9663,218.059,0,0,0
1200,2,1,15,1,1,1,4316.94,18760.3,392.484,46.3844,0.482746,298.839,13448.3,134.471,23.1957,0.267264,111.008,61.1487,23.1887,0.0718272,37.8882,195.619,0,0,0
1200,2,1,16,1,1,1,4325.36,18727.1,376.489,46.3844,0.482746,282.798,13699.5,126.611,23.1957,0.267264,103.148,57.2846,23.1887,0.0718272,34.0241,183.895,0,0,0
1200,2,1,17,1,1,1,4336.16,18692.5,482.655,46.3844,0.517824,389.238,11776.9,156.732,23.1957,0.302342,133.234,80.7813,23.1887,0.0718272,57.5208,237.513,0,0,0
1200,2,1,18,1,1,1,4318.79,18646.4,545.794,46.3844,0.482746,452.595,10608.2,81.5468,23.1957,0.267264,58.0839,145.054,23.1887,0.0718272,121.793,226.601,0,0,0
1200,2,1,19,0,0,0,-1,-1,587.152,29.0099,1.22607,510.228,248505,-1,-1,-1,-1,-1,-1,-1,-1,-1,0,0,0
1200,2,1,20,1,1,1,4329.1,18655,444.183,46.3844,0.482746,350.689,12423.6,79.0634,23.1957,0.267264,55.6005,136.562,23.1887,0.0718272,113.302,215.626,0,0,0
1200,2,1,21,1,1,1,4376.67,18722.6,567.558,46.3844,0.482746,474.422,10297.4,96.3336,23.1957,0.267264,72.8706,149.42,23.1887,0.0718272,126.159,245.753,0,0,0
1200,2,1,22,1,1,1,4323.4,18655.2,536.597,46.3844,0.678182,443.176,10780.1,83.7961,23.1957,0.462701,60.1377,146.615,23.1887,0.0718272,123.354,230.411,0,0,0
1200,2,1,23,1,1,1,4331.11,18655.4,484.254,46.3844,0.661478,390.698,11710.9,83.0564,23.1957,0.302342,59.5584,144.46,23.1887,0.0718272,121.2,227.516,0,0,0
1200,2,1,24,1,1,1,4338.09,24652,797.62,52.1883,0.696557,699.295,12235.2,341.199,28.9996,0.481075,311.718,111.611,23.1887,0.0718272,88.3504,452.809,0,0,0
1200,2,1,25,1,1,1,4318.54,18700.1,377.554,46.3844,0.482746,283.866,13653.6,127.262,23.1957,0.267264,103.799,57.965,23.1887,0.0718272,34.7045,185.227,0,0,0
1200,2,1,26,1,1,1,4318.15,24708.1,732.466,52.1883,0.731635,633.916,13449.7,244.527,28.9996,0.516154,214.815,155.018,23.1887,0.0718272,131.758,399.545,0,0,0
1200,2,1,27,1,1,1,4320.2,18641.2,643.59,46.3844,0.482746,550.675,8864.06,146.577,23.1957,0.267264,123.114,146.167,23.1887,0.0718272,122.907,292.745,0,0,0
1200,2,1,28,1,1,1,4335.97,30690.7,831.717,57.9922,0.75001,727.793,17767.3,524.638,34.8035,0.534528,489.099,83.4307,23.1887,0.0718272,60.1702,608.068,0,0,0
1200,2,1,29,1,1,1,4320.26,18710.9,515.974,46.3844,0.482746,422.688,11203,153.344,23.1957,0.267264,129.881,80.8228,23.1887,0.0718272,57.5623,234.166,0,0,0
1200,2,1,30,1,1,1,4324.55,18638.4,574.452,46.3844,0.482746,481.337,10090.7,101.566,23.1957,0.267264,78.1027,150.641,23.1887,0.0718272,127.381,252.207,0,0,0
1200,2,1,31,1,1,1,4329.24,18685,649.887,46.3844,0.696557,556.777,8795.18,148.464,23.1957,0.462701,124.806,151.968,23.1887,0.0902016,128.689,300.432,0,0,0
1200,2,1,32,1,1,1,4413.54,18752.5,633.434,46.3844,0.714931,540.258,9154.85,137.118,23.1957,0.337421,113.585,158.072,23.1887,0.0902016,134.793,295.19,0,0,0
1200,2,1,33,1,1,1,4336.87,18744.2,434.12,46.3844,0.482746,340.596,12691.8,154.574,23.1957,0.267264,131.112,73.0892,23.1887,0.0718272,49.8287,227.664,0,0,0
1200,2,1,34,1,1,1,4319.79,24769.5,823.598,52.1883,0.731635,725.313,11890.5,346.182,28.9996,0.516154,316.667,136.764,23.1887,0.0718272,113.504,482.947,0,0,0
1200,2,1,35,1,1,1,4329.84,18708.9,633.727,46.3844,0.517824,540.749,9106.83,138.489,23.1957,0.302342,114.991,154.852,23.1887,0.0718272,131.592,293.341,0,0,0
1200,2,1,36,1,0,0,-1,-1,1392.06,23.1957,0.302342,1324.05,262693,-1,-1,-1,-1,-1,-1,-1,-1,-1,0,0,0
1200,2,1,37,1,1,1,4336.93,18651.7,602.317,46.3844,0.482746,509.282,9608.48,122.671,23.1957,0.267264,99.2081,155.323,23.1887,0.0718272,132.063,277.994,0,0,0
1200,2,1,38,1,1,1,4363.67,18707.5,645.456,46.3844,0.908698,552.121,8896,148.363,23.1957,0.658138,124.51,149.666,23.1887,0.106906,126.37,298.029,0,0,0
1200,2,1,39,1,1,1,4364.35,18689.5,449.677,46.3844,0.517824,356.163,12360.3,78.7007,23.1957,0.267264,55.2377,138.314,23.1887,0.106906,115.018,217.014,0,0,0
1200,2,1,40,1,0,0,-1,-1,1315.44,23.2173,0.304013,1247.19,260878,-1,-1,-1,-1,-1,-1,-1,-1,-1,0,0,0
1200,2,1,41,1,1,1,4336.96,18690.9,617.604,46.3844,0.482746,524.614,9375.79,135.803,23.1957,0.267264,112.34,155.117,23.1887,0.0718272,131.857,290.92,0,0,0
1200,2,1,42,1,1,1,4338.07,24683.2,678.667,52.1883,0.785088,579.908,14380.7,334.467,28.9996,0.425952,305.042,81.5934,23.1887,0.0718272,58.3329,416.061,0,0,0
1200,2,1,43,1,1,1,4333.71,30707.8,941.73,57.9922,0.820166,838.055,15827.7,523.973,34.8035,0.604685,488.359,96.1347,23.1887,0.0718272,72.8742,620.108,0,0,0
1200,2,1,44,1,0,0,-1,-1,1113.15,23.1957,0.693216,1043.94,257027,-1,-1,-1,-1,-1,-1,-1,-1,-1,0,0,0
1200,2,1,45,1,1,1,4325.59,18676.1,646.977,46.3844,0.482746,554.072,8838.74,147.269,23.1957,0.267264,123.806,149.595,23.1887,0.0718272,126.334,296.863,0,0,0
1200,2,1,46,1,1,1,4317.9,24667.6,691.154,52.1883,0.696557,592.519,14144,332.523,28.9996,0.481075,303.042,81.4671,23.1887,0.0718272,58.2066,413.99,0,0,0
1200,2,1,47,1,1,1,4386.14,18772.7,624.371,46.3844,0.482746,531.4,9337.25,153.762,23.1957,0.267264,130.299,127.946,23.1887,0.0718272,104.686,281.708,0,0,0
1200,2,1,48,1,1,1,4321.32,18733.9,508.111,46.3844,0.482746,414.803,11365.8,152.981,23.1957,0.267264,129.518,82.5265,23.1887,0.0718272,59.266,235.507,0,0,0
1200,2,1,49,1,1,2,10377.9,24748.6,831.831,69.5741,0.519494,716.874,12023.5,156.661,23.1957,0.267264,133.198,331.893,46.3784,0.108576,285.406,488.553,1,0,0
1200,2,1,50,0,0,0,-1,-1,1538.35,23.206,0.516154,1470.55,270972,-1,-1,-1,-1,-1,-1,-1,-1,-1,0,0,0
1200,2,1,51,1,1,1,4334.25,18786,647.346,46.3844,1.01727,553.908,8940.68,150.578,23.1957,0.658138,126.724,146.689,23.1887,0.0718272,123.428,297.267,0,0,0
1200,2,1,52,1,1,1,4368.99,18729.6,640.459,46.3844,0.482746,547.535,9008.07,144.836,23.1957,0.267264,121.373,153.062,23.1887,0.0718272,129.801,297.897,0,0,0
1200,2,1,53,1,1,1,4326.97,18690.6,650.422,46.3844,0.678182,557.331,8791.47,156.676,23.1957,0.462701,133.017,158.384,23.1887,0.0718272,135.124,315.06,0,0,0
1200,2,1,54,1,1,1,4336.04,18704.5,647.617,46.3844,0.661478,554.536,8855.03,156.945,23.1957,0.302342,133.447,146.886,23.1887,0.0718272,123.625,303.831,0,0,0
1200,2,1,55,1,1,1,4330.25,18660.6,469.114,46.3844,0.713261,375.462,11985.3,76.3539,23.1957,0.497779,52.6605,143.108,23.1887,0.0718272,119.848,219.462,0,0,0
1200,2,1,56,1,0,0,-1,-1,1327.2,23.1957,0.497779,1258.81,261122,-1,-1,-1,-1,-1,-1,-1,-1,-1,0,0,0
1200,2,1,57,1,1,1,4325.59,18641.4,599.56,46.3844,0.482746,506.517,9647.2,153.067,23.1957,0.267264,129.604,104.054,23.1887,0.0718272,80.7937,257.122,0,0,0
1200,2,1,58,1,1,1,4339.19,18767.3,653.518,46.3844,0.661478,560.454,8812.93,158.902,23.1957,0.267264,135.439,157.094,23.1887,0.106906,133.799,315.997,0,0,0
1200,2,1,59,1,1,1,4338.58,18728.1,641.538,46.3844,0.552902,548.547,8986.93,143.283,23.1957,0.337421,119.75,154.303,23.1887,0.0718272,131.043,297.587,0,0,0
1200,2,1,60,1,1,1,4316.3,18665.1,427.845,46.3844,0.482746,334.303,12724.3,87.8221,23.1957,0.267264,64.3592,136.864,23.1887,0.0718272,113.603,224.686,0,0,0
1200,2,1,61,1,1,2,10347.1,24663.2,743.429,69.5741,0.519494,628.215,13510.1,84.4291,23.1957,0.267264,60.9661,353.065,46.3784,0.108576,306.578,437.494,1,0,0
1200,2,1,62,1,0,0,-1,-1,1459.14,23.1957,0.267264,1391.37,266355,-1,-1,-1,-1,-1,-1,-1,-1,-1,0,0,0
1200,2,1,63,1,1,1,4359.29,18726.1,651.305,46.3844,0.948787,557.947,8810.27,148.767,23.1957,0.302342,125.269,152.028,23.1887,0.0718272,128.767,300.795,0,0,0
1200,2,1,64,1,1,1,4346.6,18732.9,640.99,46.3844,0.517824,548.033,9001.68,144.939,23.1957,0.302342,121.441,151.768,23.1887,0.0718272,128.507,296.707,0,0,0
1200,2,1,65,1,1,1,4347.58,18678.4,645.273,46.3844,0.482746,552.363,8871.26,147.812,23.1957,0.267264,124.349,149.068,23.1887,0.0718272,125.807,296.88,0,0,0
1200,2,1,66,1,0,0,-1,-1,1423.08,23.1957,0.302342,1355.16,264580,-1,-1,-1,-1,-1,-1,-1,-1,-1,0,0,0
1200,2,1,67,1,1,1,4378.98,18700.3,548.987,46.3844,0.482746,455.797,10605.4,81.5631,23.1957,0.267264,58.1001,147.747,23.1887,0.0718272,124.486,229.31,0,0,0
1200,2,1,68,1,1,1,4317.26,18641.3,520.149,46.3844,0.482746,426.875,11059.2,150.478,23.1957,0.267264,127.015,79.7598,23.1887,0.0718272,56.4993,230.237,0,0,0
1200,2,1,69,1,1,2,4406.02,18736.2,456.526,69.5741,0.698227,340.299,12661.9,82.6983,23.1957,0.267264,59.2353,162.117,46.3784,0.287309,115.451,244.815,1,0,0
1200,2,1,70,1,1,1,4320.06,18758.7,574.967,46.3844,0.482746,481.853,10201.8,152.786,23.1957,0.267264,129.323,97.5533,23.1887,0.0718272,74.2928,250.339,0,0,0
1200,2,1,71,1,1,1,4323.5,24646.1,601.991,52.1883,0.96215,502.832,15707,176.358,28.9996,0.746669,146.229,146.983,23.1887,0.0718272,123.723,323.341,0,0,0
1200,2,1,72,1,1,1,4315.02,18745.7,655.145,46.3844,0.908698,561.838,8761.89,161.342,23.1957,0.693216,137.454,155.971,23.1887,0.0718272,132.711,317.314,0,0,0
1200,2,1,73,1,1,1,4327.21,30667.4,989.681,57.9922,1.62029,885.346,14932.2,500.101,34.8035,1.26115,463.767,147.299,23.1887,0.0718272,124.038,647.4,0,0,0
1200,2,1,74,1,1,1,4319.62,18787.8,465.411,46.3844,0.552902,371.908,12178.5,164.21,23.1957,0.337421,140.677,81.0069,23.1887,0.0718272,57.7464,245.217,0,0,0
1200,2,1,75,1,1,1,4316.62,18690,372.042,46.3844,0.482746,278.338,13741.5,123.063,23.1957,0.267264,99.5997,55.9888,23.1887,0.0718272,32.7282,179.051,0,0,0
1200,2,1,76,1,1,1,4334.67,18652.2,462.314,46.3844,0.482746,368.872,12098.5,76.7894,23.1957,0.267264,53.3264,143.106,23.1887,0.0718272,119.846,219.896,0,0,0
1200,2,1,77,1,1,1,4368.43,24761,819.527,52.1883,0.641434,721.321,11954.2,320.483,28.9996,0.390874,291.093,148.823,23.1887,0.106906,125.527,469.306,0,0,0
1200,2,1,78,1,1,1,4353.41,18757,555.052,46.3844,0.517824,461.845,10553.9,149.245,23.1957,0.267264,125.782,88.9326,23.1887,0.106906,65.637,238.177,0,0,0
1200,2,1,79,1,1,1,4345.81,18754.5,652.919,46.3844,0.482746,560.031,8811.47,157.421,23.1957,0.267264,133.958,160.523,23.1887,0.0718272,137.262,317.943,0,0,0
1200,2,1,80,1,1,1,4359.99,18697,477.354,46.3844,0.696557,383.742,11875,80.8935,23.1957,0.267264,57.4305,142.637,23.1887,0.141984,119.306,223.53,0,0,0
1200,2,1,81,1,1,1,4354.88,18718.7,648.846,46.3844,0.6264,555.803,8847.66,147.59,23.1957,0.267264,124.127,149.602,23.1887,0.0718272,126.341,297.192,0,0,0
1200,2,1,82,1,0,0,-1,-1,1339.92,23.1957,0.267264,1271.8,261345,-1,-1,-1,-1,-1,-1,-1,-1,-1,0,0,0
1200,2,1,83,1,1,1,4316.62,18666.6,453.205,46.3844,0.678182,359.541,12274.3,161.408,23.1957,0.462701,137.75,77.4171,23.1887,0.0718272,54.1566,238.825,0,0,0
1200,2,1,84,1,1,1,4324.87,18700.9,608.995,46.3844,0.552902,515.909,9538.43,151.493,23.1957,0.302342,127.995,110.852,23.1887,0.106906,87.5563,262.345,0,0,0
1200,2,1,85,1,1,1,4344.15,18671.8,611.33,46.3844,0.517824,518.286,9468.06,129.632,23.1957,0.267264,106.169,156.125,23.1887,0.106906,132.83,285.757,0,0,0
1200,2,1,86,1,1,2,10363.2,24696.5,830.57,69.5741,0.698227,715.43,11993.3,137.326,23.1957,0.267264,113.863,351.877,46.3784,0.287309,305.212,489.203,1,0,0
1200,2,1,87,1,1,2,10388.6,24714.2,804.634,69.5741,0.519494,689.598,12472.8,123.415,23.1957,0.267264,99.9516,358.033,46.3784,0.108576,311.546,481.448,1,0,0
1200,2,1,88,1,1,1,4335.68,18662.3,447.191,46.3844,0.482746,353.705,12377.5,78.4263,23.1957,0.267264,54.9634,137.577,23.1887,0.0718272,114.316,216.003,0,0,0
1200,2,1,89,1,1,1,4319.85,18686.5,624.092,46.3844,0.678182,530.925,9255.61,138.612,23.1957,0.462701,114.953,155.978,23.1887,0.0718272,132.718,294.59,0,0,0
1200,2,1,90,1,1,1,4322.82,24653.1,450.623,52.1883,0.641434,351.344,18406.1,255.876,28.9996,0.425952,226.297,36.9625,23.1887,0.0718272,13.702,292.838,0,0,0
1200,2,1,91,1,1,1,4316.62,18826,409.697,46.3844,0.482746,316.102,13207.9,145.823,23.1957,0.267264,122.36,65.778,23.1887,0.0718272,42.5175,211.601,0,0,0
1200,2,1,92,1,0,0,-1,-1,878.709,23.1957,0.267264,809.245,253292,-1,-1,-1,-1,-1,-1,-1,-1,-1,0,0,0
1200,2,1,93,1,1,2,10369.9,24714.3,838.456,69.5741,0.62473,723.413,11870.7,156.072,23.1957,0.267264,132.609,340.962,46.3784,0.213811,294.37,497.035,1,0,0
1200,2,1,94,1,0,0,-1,-1,1155.42,23.1957,0.372499,1086.66,257747,-1,-1,-1,-1,-1,-1,-1,-1,-1,0,0,0
1200,2,1,95,1,1,1,4317.6,18643,633.457,46.3844,0.482746,540.512,9046.06,136.173,23.1957,0.267264,112.71,155.096,23.1887,0.0718272,131.835,291.268,0,0,0
1200,2,1,96,1,1,1,4365.56,18692.3,494.652,46.3844,0.482746,401.304,11563.6,81.1534,23.1957,0.267264,57.6904,146.886,23.1887,0.0718272,123.625,228.039,0,0,0
1200,2,1,97,1,1,1,4325.42,18644,409.839,46.3844,0.482746,316.244,13023.4,89.8074,23.1957,0.267264,66.3444,138.569,23.1887,0.0718272,115.309,228.377,0,0,0
1200,2,1,98,1,1,1,4321.45,18643.1,535.124,46.3844,0.6264,441.75,10794.3,84.3371,23.1957,0.267264,60.8741,146.35,23.1887,0.0718272,123.089,230.687,0,0,0
1200,2,1,99,1,1,1,4322.44,18643.5,442.884,46.3844,0.482746,349.386,12435.3,79.0508,23.1957,0.267264,55.5878,136.772,23.1887,0.0718272,113.511,215.822,0,0,0
1200,2,1,100,1,1,1,4349.61,18664.4,424.025,46.3844,0.482746,330.472,12791.6,93.9873,23.1957,0.267264,70.5244,138.945,23.1887,0.0718272,115.684,232.932,0,0,0
1200,2,1,101,1,1,1,4362.22,24692.4,836.767,52.1883,0.571277,738.681,11579.5,340.61,28.9996,0.320717,311.29,159.309,23.1887,0.106906,136.013,499.919,0,0,0
1200,2,1,102,1,1,1,4315.02,24646.3,703.594,52.1883,0.731635,604.96,13901.3,328.053,28.9996,0.516154,298.537,81.7956,23.1887,0.0718272,58.5351,409.849,0,0,0
1200,2,1,103,1,1,1,4323.6,18676.1,439.893,46.3844,0.482746,346.386,12521.1,157.038,23.1957,0.267264,133.575,74.728,23.1887,0.0718272,51.4675,231.766,0,0,0
1200,2,1,104,1,0,0,-1,-1,1376.46,23.1957,0.462701,1308.25,262001,-1,-1,-1,-1,-1,-1,-1,-1,-1,0,0,0
1200,2,1,105,1,1,3,16424.6,30834.7,1022.65,92.7639,0.734976,885.482,15115.2,149.105,23.1957,0.302342,125.607,527.654,69.5682,0.288979,457.797,676.759,2,0,0
1200,2,1,106,1,1,1,4350.55,30679,890.613,57.9922,0.820166,786.79,16707.8,521.363,34.8035,0.604685,485.749,80.1803,23.1887,0.0718272,56.9198,601.544,0,0,0
1200,2,1,107,1,1,2,10379.2,24693.8,746.617,69.5741,0.663149,631.269,13483.7,82.5431,23.1957,0.267264,59.0801,354.053,46.3784,0.25223,307.422,436.596,1,0,0
1200,2,1,108,1,1,1,4414.5,18734.6,580.44,46.3844,0.948787,486.875,10078.9,104.212,23.1957,0.267264,80.7486,154.232,23.1887,0.106906,130.936,258.444,0,0,0
1200,2,1,109,1,1,1,4315.02,18754.4,435.415,46.3844,1.10413,341.273,12677.4,155.797,23.1957,0.888653,131.712,72.9521,23.1887,0.0718272,49.6916,228.749,0,0,0
1200,2,1,110,1,1,1,4362.12,18694.3,615.29,46.3844,0.482746,522.293,9420.38,149.308,23.1957,0.267264,125.845,120.765,23.1887,0.0718272,97.5043,270.073,0,0,0
1200,2,1,111,1,1,1,4319.17,24699,827.16,52.1883,0.571277,729.045,11757,335.569,28.9996,0.355795,306.213,150.313,23.1887,0.0718272,127.053,485.882,0,0,0
1200,2,1,112,1,0,0,-1,-1,1554.95,23.1957,0.302342,1487.42,271587,-1,-1,-1,-1,-1,-1,-1,-1,-1,0,0,0
1200,2,1,113,1,1,1,4393.49,18824.3,657.587,46.3844,0.482746,564.713,8798.21,159.808,23.1957,0.267264,136.345,158.368,23.1887,0.0718272,135.107,318.176,0,0,0
1200,2,1,114,1,1,1,4319.3,18642.3,405.036,46.3844,0.517824,311.393,13106.8,87.5125,23.1957,0.302342,64.0145,136.773,23.1887,0.0718272,113.513,224.286,0,0,0
1200,2,1,115,1,1,1,4317.26,18661.2,475.678,46.3844,0.517824,382.24,11869.6,157.25,23.1957,0.302342,133.752,82.2504,23.1887,0.0718272,58.9899,239.5,0,0,0
1200,2,1,116,1,1,1,4457.47,24804.1,810.939,52.1883,0.87529,712.474,12154.2,343.766,28.9996,0.516154,314.25,121.934,23.1887,0.0718272,98.6738,465.7,0,0,0
1200,2,1,117,1,1,1,4319.94,18667.3,383.805,46.3844,0.517824,290.1,13509.4,129.498,23.1957,0.302342,106,58.9685,23.1887,0.0718272,35.708,188.466,0,0,0
1200,2,1,118,0,0,0,-1,-1,355.295,23.206,0.516154,284.05,245041,-1,-1,-1,-1,-1,-1,-1,-1,-1,0,0,0
1200,2,1,119,1,1,1,4357.48,18741,653.188,46.3952,0.536198,560.237,8792.89,157.381,23.2065,0.285638,133.889,156.235,23.1887,0.106906,132.94,313.617,0,0,0
1200,2,1,120,1,1,1,4316.3,18724.6,528.663,46.3844,0.873619,435.024,10990.1,147.398,23.1957,0.658138,123.544,82.4255,23.1887,0.0718272,59.165,229.823,0,0,0
1200,2,1,121,1,1,1,4345.45,18768.5,556.114,46.3844,0.891994,462.536,10545.7,150.056,23.1957,0.658138,126.202,89.1523,23.1887,0.0902016,65.8734,239.209,0,0,0
1200,2,1,122,1,1,1,4353.17,18689.4,414.574,46.3844,0.50112,320.975,12984.4,146.031,23.1957,0.267264,122.568,69.0667,23.1887,0.0902016,45.7878,215.097,0,0,0
1200,2,1,123,1,1,1,4344.2,18665.5,413.308,46.3844,0.552902,319.654,12982.7,89.7342,23.1957,0.302342,66.2362,137.722,23.1887,0.106906,114.426,227.456,0,0,0
1200,2,1,124,1,0,0,-1,-1,845.509,23.1957,0.267264,775.948,252733,-1,-1,-1,-1,-1,-1,-1,-1,-1,0,0,0
1200,2,1,125,1,1,1,4396.22,18721.9,641.376,46.3844,0.6264,548.311,8983.7,142.45,23.1957,0.267264,118.987,155.253,23.1887,0.0718272,131.992,297.703,0,0,0
1200,2,1,126,1,1,1,4315.66,18699.1,365.328,46.3844,0.713261,271.373,13869.3,121.591,23.1957,0.497779,97.8978,53.9313,23.1887,0.0718272,30.6708,175.523,0,0,0
1200,2,1,127,1,1,1,4318.66,24665.5,824.267,52.1883,0.536198,726.179,11775.1,334.254,28.9996,0.320717,304.934,147.882,23.1887,0.0718272,124.621,482.136,0,0,0
1200,2,1,128,1,1,1,4364.68,24708,837.33,52.1883,0.731635,739.085,11584.9,341.078,28.9996,0.516154,311.563,159.18,23.1887,0.0718272,135.919,500.258,0,0,0
1200,2,1,129,1,1,1,4315.34,24662.3,452.107,52.1883,0.696557,352.777,18389.5,256.598,28.9996,0.481075,226.963,37.199,23.1887,0.0718272,13.9385,293.797,0,0,0
1200,2,1,130,1,1,1,4333.59,18660.3,469.212,46.3844,0.678182,375.595,11983.5,76.5878,23.1957,0.462701,52.9294,143.085,23.1887,0.0718272,119.824,219.673,0,0,0
1200,2,1,131,1,1,1,4317,18768.8,388.69,46.3844,0.482746,295.034,13524.2,132.765,23.1957,0.267264,109.302,59.7752,23.1887,0.0718272,36.5147,192.54,0,0,0
1200,2,1,132,1,1,1,4321.54,18779.1,401.112,46.3844,0.713261,307.262,13313,140.46,23.1957,0.497779,116.767,63.5003,23.1887,0.0718272,40.2398,203.961,0,0,0
1200,2,1,133,1,1,2,10329.9,24670.3,832.985,69.5741,0.519494,718.031,11924.8,139.122,23.1957,0.267264,115.659,356.923,46.3784,0.108576,310.436,496.045,1,0,0
1200,2,1,134,1,1,1,4314.38,36644,777.234,63.7961,1.06906,667.188,24788,600.259,40.6075,0.853574,557.997,31.7268,23.1887,0.0718272,8.46632,631.986,0,0,0
1200,2,1,135,1,1,1,4317.9,18668.7,650.496,46.3844,0.713261,557.371,8768,147.68,23.1957,0.497779,123.986,151.134,23.1887,0.0718272,127.874,298.814,0,0,0
1200,2,1,136,1,1,1,4330.31,18715.3,653.761,46.3844,0.552902,560.806,8756.76,159.955,23.1957,0.267264,136.492,155.321,23.1887,0.141984,131.99,315.276,0,0,0
1200,2,1,137,1,1,1,4339.38,18724.7,647.293,46.3844,0.482746,554.389,8881.62,147.958,23.1957,0.267264,124.495,148.014,23.1887,0.0718272,124.753,295.972,0,0,0
1200,2,1,138,1,1,1,4399.07,18717.7,590.244,46.3844,0.661478,496.995,9888.47,110.314,23.1957,0.267264,86.8506,158.325,23.1887,0.106906,135.03,268.639,0,0,0
1200,2,1,139,1,1,1,4379.59,18772.9,619.404,46.3844,0.83687,526.065,9423.92,136.338,23.1957,0.372499,112.769,156.286,23.1887,0.177062,132.92,292.623,0,0,0
1200,2,1,140,1,1,1,4315.02,24638.5,533.182,52.1883,0.731635,434.053,16923.7,301.708,28.9996,0.516154,272.173,51.7168,23.1887,0.0718272,28.4563,353.425,0,0,0
1200,2,1,141,1,1,1,4317.9,18674.3,484.737,46.3844,0.517824,391.326,11721.6,156.582,23.1957,0.302342,133.084,80.9564,23.1887,0.0718272,57.6958,237.539,0,0,0
1200,2,1,142,1,1,1,4387.74,18835.7,656.77,46.3844,0.821837,563.554,8823.28,159.477,23.1957,0.462701,135.818,156.83,23.1887,0.0718272,133.57,316.307,0,0,0
1200,2,1,143,1,1,1,4323.4,24676.4,662.14,52.1883,1.19267,562.924,14667.1,334.474,28.9996,0.977184,304.497,80.4673,23.1887,0.0718272,57.2067,414.941,0,0,0
1200,2,1,144,1,1,1,4320.71,18740.4,398.911,46.3844,0.552902,305.215,13313.6,138.223,23.1957,0.337421,114.69,62.5582,23.1887,0.0718272,39.2977,200.781,0,0,0
1200,2,1,145,1,1,1,4340.3,18733.5,653.204,46.3844,0.517824,560.282,8785.15,158.171,23.1957,0.267264,134.708,155.51,23.1887,0.106906,132.214,313.681,0,0,0
1200,2,1,146,1,1,1,4343.45,18686.8,584.555,46.3844,0.713261,491.238,9958.69,108.582,23.1957,0.497779,84.8888,154.977,23.1887,0.0718272,131.716,263.559,0,0,0
1200,2,1,147,1,1,1,4318.15,18684.8,555.057,46.3844,0.482746,461.884,10482,147.725,23.1957,0.267264,124.262,88.5546,23.1887,0.0718272,65.2941,236.28,0,0,0
1200,2,1,148,1,1,1,4352.66,18668.1,428.007,46.3844,0.482746,334.466,12724.4,90.791,23.1957,0.267264,67.3281,138.555,23.1887,0.0718272,115.294,229.346,0,0,0
1200,2,1,149,1,1,1,4332.9,18688.7,544.084,46.3844,0.517824,450.844,10680.7,146.733,23.1957,0.267264,123.27,85.6641,23.1887,0.106906,62.3685,232.397,0,0,0
1200,2,1,150,1,1,1,4314.7,18634,510.625,46.3844,0.552902,417.254,11220.7,150.604,23.1957,0.337421,127.071,81.2884,23.1887,0.0718272,58.0279,231.892,0,0,0
1200,2,1,151,1,1,1,4333.55,18702,616.784,46.3844,0.908698,523.365,9400.31,150.58,23.1957,0.658138,126.726,121.002,23.1887,0.106906,97.7065,271.582,0,0,0
1200,2,1,152,1,1,1,4351.99,18677.7,450.741,46.3844,0.482746,357.266,12329.7,78.0437,23.1957,0.267264,54.5808,137.687,23.1887,0.0718272,114.426,215.73,0,0,0
1200,2,1,153,1,1,1,4360.65,18679.8,525.843,46.3844,0.517824,432.551,10996.2,83.0755,23.1957,0.267264,59.6125,147.668,23.1887,0.106906,124.372,230.743,0,0,0
1200,2,1,154,1,0,0,-1,-1,1431.23,23.1957,0.267264,1363.37,265041,-1,-1,-1,-1,-1,-1,-1,-1,-1,0,0,0
1200,2,1,155,1,1,1,4378.13,18697.5,646.201,46.3844,0.482746,553.294,8873.9,147.848,23.1957,0.267264,124.385,152.703,23.1887,0.0718272,129.442,300.551,0,0,0
1200,2,1,156,1,1,2,10346.7,24665.8,797.592,69.5741,0.663149,682.391,12549.2,118.971,23.1957,0.267264,95.5082,358.839,46.3784,0.25223,312.209,477.811,1,0,0
1200,2,1,157,1,1,1,4359.11,18673.6,428.354,46.3844,0.661478,334.635,12723.1,90.5961,23.1957,0.267264,67.1331,138.409,23.1887,0.106906,115.114,229.005,0,0,0
1200,2,1,158,1,1,2,10400.9,24735.8,832.281,69.5741,0.519494,717.325,12002.7,136.364,23.1957,0.267264,112.901,353.812,46.3784,0.108576,307.325,490.176,1,0,0
1200,2,1,159,1,1,1,4346.44,18683.5,547.659,46.3844,0.482746,454.465,10612.2,81.9836,23.1957,0.267264,58.5206,146.357,23.1887,0.0718272,123.096,228.34,0,0,0
1200,2,1,160,1,1,1,4371.23,18699.5,649.863,46.3844,0.482746,556.967,8810.81,155.706,23.1957,0.267264,132.243,151.64,23.1887,0.0718272,128.379,307.346,0,0,0
1200,2,1,161,1,1,1,4328.47,24660,734.311,52.1883,0.731635,635.766,13368.8,244.384,28.9996,0.516154,214.681,154.654,23.1887,0.0718272,131.393,399.037,0,0,0
1200,2,1,162,1,1,1,4319.62,18633.8,508.486,46.3844,0.482746,415.178,11259,84.9272,23.1957,0.267264,61.4643,146.906,23.1887,0.0718272,123.645,231.833,0,0,0
1200,2,1,163,1,1,1,4414.09,18775.4,653.598,46.3844,0.517824,560.677,8820.02,155.475,23.1957,0.267264,132.012,162.523,23.1887,0.106906,139.228,317.998,0,0,0
1200,2,1,164,1,1,1,4328.36,18723.4,565.539,46.3844,0.482746,472.397,10334.1,148.969,23.1957,0.267264,125.506,93.6008,23.1887,0.0718272,70.3403,242.57,0,0,0
1200,2,1,165,1,1,1,4394.54,18813.7,639.923,46.3844,0.678182,546.802,9101.28,155.344,23.1957,0.462701,131.685,142.547,23.1887,0.0718272,119.286,297.891,0,0,0
1200,2,1,166,1,0,0,-1,-1,1012.2,23.1957,0.302342,943.087,255267,-1,-1,-1,-1,-1,-1,-1,-1,-1,0,0,0
1200,2,1,167,1,1,1,4353.67,18720.4,648.547,46.3844,0.6264,555.503,8854.64,147.911,23.1957,0.267264,124.448,149.297,23.1887,0.0718272,126.036,297.208,0,0,0
1200,2,1,168,1,1,1,4315.02,18641.3,593.119,46.3844,0.482746,500.058,9761.61,152.017,23.1957,0.267264,128.554,104.433,23.1887,0.0718272,81.1727,256.45,0,0,0
1200,2,1,169,1,1,1,4370.47,18718.3,548.296,46.3844,0.943776,454.644,10634.2,81.8627,23.1957,0.693216,57.9738,147.316,23.1887,0.106906,124.02,229.179,0,0,0
1200,2,1,170,1,1,1,4343.69,18672.4,429.501,46.3844,0.50112,335.945,12702,92.354,23.1957,0.267264,68.891,140.56,23.1887,0.0902016,117.281,232.914,0,0,0
1200,2,1,171,1,1,1,4374.63,18733.6,630.375,46.3844,0.517824,537.386,9191.23,153.984,23.1957,0.267264,130.521,134.448,23.1887,0.106906,111.152,288.432,0,0,0
1200,2,1,172,1,1,1,4324.55,18720.1,651.346,46.3844,0.482746,558.454,8805.03,155.755,23.1957,0.267264,132.292,156.087,23.1887,0.0718272,132.826,311.841,0,0,0
1200,2,1,173,1,1,1,4343.17,18699,630.63,46.3844,0.50112,537.659,9152.05,137.629,23.1957,0.267264,114.166,156.544,23.1887,0.0902016,133.265,294.173,0,0,0
1200,2,1,174,1,1,1,4381.64,18706.1,495.063,46.3844,0.661478,401.537,11569.4,81.1534,23.1957,0.267264,57.6904,147.715,23.1887,0.106906,124.419,228.868,0,0,0
1200,2,1,175,1,1,1,4319.94,30666.9,860.272,57.9922,0.910368,756.271,17235.5,517.738,34.8035,0.694886,482.021,81.8209,23.1887,0.0718272,58.5603,599.559,0,0,0
1200,2,1,176,1,1,1,4318.6,18655.2,472.316,46.3844,0.482746,378.903,11923.6,158.724,23.1957,0.267264,135.261,83.6148,23.1887,0.0718272,60.3543,242.339,0,0,0
1200,2,1,177,1,1,1,4393.54,18783.8,620.873,46.3844,0.517824,527.857,9410.36,151.283,23.1957,0.267264,127.82,124.245,23.1887,0.106906,100.95,275.528,0,0,0
1200,2,1,178,1,0,0,-1,-1,838.694,23.1957,0.267264,769.114,252641,-1,-1,-1,-1,-1,-1,-1,-1,-1,0,0,0
1200,2,1,179,1,1,1,4318.86,18632.7,535.814,46.3844,0.482746,442.586,10772,84.9705,23.1957,0.267264,61.5076,146.678,23.1887,0.0718272,123.418,231.649,0,0,0
1200,2,1,180,1,1,1,4323.86,18735.1,490.201,46.3844,0.517824,396.805,11685.3,157.849,23.1957,0.302342,134.351,81.1892,23.1887,0.0718272,57.9287,239.038,0,0,0
1200,2,1,181,0,0,0,-1,-1,940.592,23.206,0.516154,871.049,254171,-1,-1,-1,-1,-1,-1,-1,-1,-1,0,0,0
1200,2,1,182,1,1,1,4328.14,18690.2,567.047,46.3844,0.482746,473.91,10274.1,148.703,23.1957,0.267264,125.24,94.2686,23.1887,0.0718272,71.0081,242.972,0,0,0
1200,2,1,183,1,0,0,-1,-1,1245.07,28.9996,0.71159,1170.58,259377,-1,-1,-1,-1,-1,-1,-1,-1,-1,0,0,0
1200,2,1,184,1,1,1,4329.09,18743.3,653.084,46.3844,1.06906,559.611,8795.85,150.429,23.1957,0.853574,126.379,153.405,23.1887,0.0718272,130.144,303.833,0,0,0
1200,2,1,185,1,1,1,4331.84,24713.7,837.418,52.1883,0.696557,739.208,11589.2,343.738,28.9996,0.481075,314.257,157.772,23.1887,0.0718272,134.512,501.51,0,0,0
1200,2,1,186,1,1,1,4361.74,18722.9,644.47,46.3844,0.552902,551.487,8929.61,145.601,23.1957,0.267264,122.138,153.827,23.1887,0.141984,130.496,299.428,0,0,0
1200,2,1,187,1,1,1,4314.38,18684.4,509.434,46.3844,0.482746,416.129,11292.8,151.891,23.1957,0.267264,128.428,81.8172,23.1887,0.0718272,58.5567,233.708,0,0,0
1200,2,1,188,1,1,2,10344,24703.3,827.584,69.5741,0.519494,712.614,12053.7,139.9,23.1957,0.267264,116.437,361.497,46.3784,0.108576,315.01,501.396,1,0,0
1200,2,1,189,1,0,0,-1,-1,1227.24,23.1957,0.337421,1158.72,259067,-1,-1,-1,-1,-1,-1,-1,-1,-1,0,0,0
1200,2,1,190,1,1,1,4317.26,18689.1,585.408,46.3844,0.482746,492.324,9946.48,151.725,23.1957,0.267264,128.262,99.8219,23.1887,0.0718272,76.5614,251.547,0,0,0
1200,2,1,191,1,1,1,4323.72,18662.9,651.495,46.3844,0.482746,558.604,8745.15,157.596,23.1957,0.267264,134.133,153.506,23.1887,0.0718272,130.245,311.101,0,0,0
1200,2,1,192,1,0,0,-1,-1,1221.98,23.1957,0.763373,1153.01,258904,-1,-1,-1,-1,-1,-1,-1,-1,-1,0,0,0
1200,2,1,193,1,1,1,4333.77,18679.7,601.521,46.3844,0.713261,508.253,9649.9,154.127,23.1957,0.462701,130.469,105.179,23.1887,0.106906,81.8838,259.307,0,0,0
1200,2,1,194,1,1,1,4324.29,24680.6,828.706,52.1883,0.696557,730.471,11711,333.999,28.9996,0.481075,304.518,150.652,23.1887,0.0718272,127.392,484.652,0,0,0
1200,2,1,195,1,1,1,4318.6,18638.1,413.971,46.3844,0.517824,320.354,12943.8,90.1547,23.1957,0.302342,66.6567,136.75,23.1887,0.0718272,113.489,226.905,0,0,0
1200,2,1,196,1,1,1,4339.23,18687.4,474.467,46.3844,0.482746,381.06,11917.6,157.843,23.1957,0.267264,134.38,83.9704,23.1887,0.0718272,60.7099,241.813,0,0,0
1200,2,1,197,1,1,1,4331.98,18648.7,577.352,46.3844,0.770054,483.957,10048.6,103.921,23.1957,0.267264,80.458,152.508,23.1887,0.0718272,129.247,256.429,0,0,0
1200,2,1,198,0,0,0,-1,-1,1572.54,23.206,0.58631,1504.77,272185,-1,-1,-1,-1,-1,-1,-1,-1,-1,0,0,0
1200,2,1,199,1,1,1,4339.07,18743.5,627.035,46.3844,0.623059,533.932,9259.76,154.72,23.1957,0.337421,131.187,129.59,23.1887,0.141984,106.259,284.31,0,0,0
1200,2,1,200,1,0,0,-1,-1,1130.2,23.1957,0.372499,1061.37,257322,-1,-1,-1,-1,-1,-1,-1,-1,-1,0,0,0
1200,2,1,201,1,1,1,4315.98,24696.7,762.263,52.1883,0.891994,663.639,12908.2,337.266,28.9996,0.676512,307.59,97.6399,23.1887,0.0718272,74.3794,434.906,0,0,0
1200,2,1,202,1,1,1,4325.45,18687.3,555.021,46.3844,0.482746,461.848,10485.1,147.649,23.1957,0.267264,124.186,88.7314,23.1887,0.0718272,65.4709,236.381,0,0,0
1200,2,1,203,1,1,1,4331.45,24718,817.837,52.1883,0.96215,719.305,11940.8,318.46,28.9996,0.746669,288.714,149.508,23.1887,0.0718272,126.248,467.968,0,0,0
1200,2,1,204,1,1,2,10385.1,24744.4,846.963,69.5849,0.928742,731.63,11749.3,147.876,23.2065,0.676512,123.993,348.952,46.3784,0.108576,302.465,496.828,1,0,0
1200,2,1,205,1,1,1,4325.98,24672.2,674.708,52.1883,0.536198,576.186,14441.3,334.922,28.9996,0.320717,305.601,79.8951,23.1887,0.0718272,56.6346,414.817,0,0,0
1200,2,1,206,1,1,1,4341.24,18689.2,646.302,46.3844,0.482746,553.395,8863.81,149.128,23.1957,0.267264,125.665,149.634,23.1887,0.0718272,126.374,298.762,0,0,0
1200,2,1,207,1,1,1,4355.45,18673.6,426.603,46.3844,0.482746,333.058,12754.9,91.6627,23.1957,0.267264,68.1998,140.749,23.1887,0.0718272,117.489,232.412,0,0,0
1200,2,1,208,1,1,1,4337.29,18714.1,485.073,46.3844,0.891994,391.288,11754.5,157.562,23.1957,0.658138,133.709,80.5795,23.1887,0.0902016,57.3006,238.142,0,0,0
1200,2,1,209,1,1,1,4330.8,18665.2,438.549,46.3844,0.482746,345.038,12534.1,79.5959,23.1957,0.267264,56.1329,137.719,23.1887,0.0718272,114.459,217.315,0,0,0
1200,2,1,210,1,1,1,4328.12,18659.9,635.85,46.3844,0.552902,542.842,9019.84,137.27,23.1957,0.267264,113.807,155.234,23.1887,0.141984,131.904,292.505,0,0,0
1200,2,1,211,1,1,1,4376,18689.5,650.99,46.3844,0.482746,558.096,8780.77,155.748,23.1957,0.267264,132.285,153.143,23.1887,0.0718272,129.882,308.891,0,0,0
1200,2,1,212,1,1,1,4334.06,18660,474.702,46.3844,0.6264,381.152,11885.6,79.7511,23.1957,0.267264,56.2881,141.432,23.1887,0.0718272,118.171,221.183,0,0,0
1200,2,1,213,1,1,1,4317.32,18686,431.634,46.3844,0.517824,338.068,12677.6,153.164,23.1957,0.302342,129.666,72.1904,23.1887,0.0718272,48.9299,225.354,0,0,0
1200,2,1,214,1,1,1,4320.38,30711.2,848.884,57.9922,0.890323,744.87,17481.5,522.961,34.8035,0.674842,487.271,80.8625,23.1887,0.0718272,57.602,603.823,0,0,0
1200,2,1,215,1,1,1,4336.28,18721.1,646.694,46.3844,0.482746,553.788,8888.68,149.47,23.1957,0.267264,126.008,149.723,23.1887,0.0718272,126.462,299.193,0,0,0
1200,2,1,216,1,0,0,-1,-1,1461.39,23.1957,0.267264,1393.62,266508,-1,-1,-1,-1,-1,-1,-1,-1,-1,0,0,0
1200,2,1,217,1,0,0,-1,-1,791.214,23.1957,0.267264,721.496,251982,-1,-1,-1,-1,-1,-1,-1,-1,-1,0,0,0
1200,2,1,218,1,0,0,-1,-1,1327.91,23.1957,0.337421,1259.68,261123,-1,-1,-1,-1,-1,-1,-1,-1,-1,0,0,0
1200,2,1,219,1,1,1,4328.39,24735.9,568.716,52.1883,1.31795,469.104,16387.9,316.131,28.9996,1.06739,286.064,58.4964,23.1887,0.106906,35.2008,374.628,0,0,0
1200,2,1,220,1,1,2,10338,24666.5,618.759,69.5741,0.554573,503.148,15730.1,90.245,23.1957,0.302342,66.7469,328.339,46.3784,0.108576,281.852,418.584,1,0,0
1200,2,1,221,1,1,1,4331.68,18755.9,561.182,46.3844,0.482746,468.028,10444.1,149.241,23.1957,0.267264,125.778,91.2166,23.1887,0.0718272,67.9561,240.458,0,0,0
1200,2,1,222,1,1,1,4323.57,18661,603.288,46.3844,0.713261,510.026,9599.72,153.026,23.1957,0.462701,129.368,108.188,23.1887,0.106906,84.8924,261.214,0,0,0
1200,2,1,223,1,1,1,4316.62,24653.9,713.871,52.1883,0.731635,615.267,13726.1,327.939,28.9996,0.516154,298.424,83.4885,23.1887,0.0718272,60.228,411.428,0,0,0
1200,2,1,224,1,1,1,4317.83,18702.5,531.792,46.3844,0.50112,438.534,10913.1,145.505,23.1957,0.267264,122.042,83.4816,23.1887,0.0902016,60.2027,228.987,0,0,0
1200,2,1,225,1,1,1,4344.54,18688.6,471.136,46.3844,0.517824,377.685,11977.7,159.33,23.1957,0.267264,135.867,83.2312,23.1887,0.106906,59.9356,242.561,0,0,0
1200,2,1,226,1,1,1,4326.92,18700.6,635.69,46.3844,0.482746,542.752,9063.89,139.277,23.1957,0.267264,115.814,154.803,23.1887,0.0718272,131.543,294.08,0,0,0
1200,2,1,227,1,1,1,4333.86,18680.1,555.755,46.3844,0.678182,462.39,10464.3,87.7487,23.1957,0.462701,64.0903,147.543,23.1887,0.0718272,124.282,235.291,0,0,0
1200,2,1,228,1,1,1,4386.59,18737,639.001,46.3844,0.661478,545.894,9040.81,143.358,23.1957,0.302342,119.86,155.899,23.1887,0.0718272,132.638,299.257,0,0,0
1200,2,1,229,1,1,1,4315.66,36655.2,1086.77,63.7961,1.38977,977.299,19294.6,700.414,40.6075,1.17429,658.12,83.8242,23.1887,0.0718272,60.5637,784.238,0,0,0
1200,2,1,230,1,1,1,4318.06,18635.1,545.193,46.3844,0.482746,451.992,10607.6,81.6136,23.1957,0.267264,58.1507,146.001,23.1887,0.0718272,122.741,227.615,0,0,0
1200,2,1,231,1,1,1,4357.83,24796.8,819.364,52.1883,0.731635,721.066,11993.2,319.563,28.9996,0.516154,290.048,150.024,23.1887,0.0718272,126.764,469.588,0,0,0
1200,2,1,232,1,1,1,4359.09,18745,635.843,46.3844,0.552902,542.835,9105.11,154.453,23.1957,0.337421,130.92,139.778,23.1887,0.0718272,116.518,294.232,0,0,0
1200,2,1,233,1,1,1,4325.83,18669.6,593.705,46.3844,0.517824,500.61,9779.26,152.496,23.1957,0.302342,128.998,104.937,23.1887,0.0718272,81.6762,257.433,0,0,0
1200,2,1,234,1,0,0,-1,-1,1135.45,23.1957,0.302342,1066.7,257408,-1,-1,-1,-1,-1,-1,-1,-1,-1,0,0,0
1200,2,1,235,1,1,1,4326.76,18769.2,566.754,46.3844,1.01727,473.081,10357,150.296,23.1957,0.658138,126.442,93.2272,23.1887,0.0718272,69.9667,243.524,0,0,0
1200,2,1,236,1,1,1,4323.68,18644.9,583.013,46.3844,0.482746,489.922,9944.87,108.234,23.1957,0.267264,84.7715,154.756,23.1887,0.0718272,131.496,262.991,0,0,0
1200,2,1,237,1,1,1,4319.82,24665.4,701.268,52.1883,0.696557,602.662,13962,329.792,28.9996,0.481075,300.312,80.9979,23.1887,0.0718272,57.7374,410.79,0,0,0
1200,2,1,238,0,0,0,-1,-1,1177.46,23.206,1.10246,1108.02,258062,-1,-1,-1,-1,-1,-1,-1,-1,-1,0,0,0
1200,2,1,239,1,1,1,4361,18697.9,629.241,46.3844,0.6264,536.141,9175.52,153.123,23.1957,0.267264,129.66,134.041,23.1887,0.0718272,110.78,287.164,0,0,0
1200,2,1,240,1,1,1,4391.32,18741.1,644.995,46.3844,0.6264,551.94,8938.5,146.761,23.1957,0.267264,123.299,149.781,23.1887,0.0718272,126.52,296.542,0,0,0
1200,2,1,241,1,1,1,4397.46,24804.7,834.13,52.1883,0.536198,736.071,11739,338.033,28.9996,0.320717,308.713,158.389,23.1887,0.0718272,135.129,496.423,0,0,0
1200,2,1,242,1,1,1,4334.23,18685.2,646.213,46.3844,0.805133,552.984,8860.35,149.044,23.1957,0.302342,125.545,149.308,23.1887,0.0718272,126.047,298.351,0,0,0
1200,2,1,243,1,1,1,4344.71,24687.7,739.976,52.1883,0.766714,641.413,13295.5,331.349,28.9996,0.516154,301.833,88.7088,23.1887,0.106906,65.4132,420.057,0,0,0
1200,2,1,244,1,1,1,4353.14,18742,653.294,46.3844,0.770054,560.12,8796.06,158.038,23.1957,0.267264,134.575,155.792,23.1887,0.0718272,132.532,313.83,0,0,0
1200,2,1,245,1,1,1,4362.89,18679.9,439.569,46.3844,0.482746,346.061,12530.6,76.9933,23.1957,0.267264,53.5304,138.8,23.1887,0.0718272,115.54,215.794,0,0,0
1200,2,1,246,1,1,1,4365.48,18716.7,532.162,46.3844,0.552902,438.853,10920.4,144.278,23.1957,0.267264,120.815,84.6632,23.1887,0.141984,61.3325,228.941,0,0,0
1200,2,1,247,1,0,0,-1,-1,1393.26,23.1957,0.302342,1325.26,262762,-1,-1,-1,-1,-1,-1,-1,-1,-1,0,0,0
1200,2,1,248,1,1,1,4328.43,18644.5,599.327,46.3844,0.517824,506.248,9654.15,153.07,23.1957,0.302342,129.572,104.049,23.1887,0.0718272,80.7883,257.119,0,0,0
1200,2,1,249,1,1,1,4339.64,18677,440.255,46.3844,0.482746,346.749,12515.5,78.3072,23.1957,0.267264,54.8443,139.264,23.1887,0.0718272,116.004,217.571,0,0,0
1200,2,1,250,1,1,1,4325.51,24653,631.114,52.1883,0.731635,532.27,15196.8,339.902,28.9996,0.516154,310.386,77.5543,23.1887,0.0718272,54.2938,417.456,0,0,0
1200,2,1,251,1,1,1,4337.88,18655,450.012,46.3844,0.552902,356.464,12319.5,78.4679,23.1957,0.267264,55.0049,137.934,23.1887,0.141984,114.603,216.402,0,0,0
1200,2,1,252,1,1,2,10344,24720.8,490.493,69.5741,0.554573,374.509,18065.2,157.958,23.1957,0.267264,134.496,126.57,46.3784,0.143654,79.9942,284.528,1,0,0
1200,2,1,253,1,1,1,4343.69,18703.8,652.374,46.3844,0.482746,559.484,8770.45,157.022,23.1957,0.267264,133.559,156.251,23.1887,0.0718272,132.99,313.273,0,0,0
1200,2,1,254,1,1,1,4334.47,18652.3,454.338,46.3844,0.6264,360.729,12240,76.867,23.1957,0.267264,53.404,138.876,23.1887,0.0718272,115.615,215.743,0,0,0
1200,2,1,255,1,1,1,4415.74,18736.8,640.002,46.3844,0.482746,547.076,9023.47,143.325,23.1957,0.267264,119.862,155.879,23.1887,0.0718272,132.619,299.204,0,0,0
1200,2,1,256,1,1,1,4347.64,24670.8,835.694,52.1883,0.696557,737.479,11577,339.738,28.9996,0.481075,310.258,161.001,23.1887,0.0718272,137.741,500.739,0,0,0
1200,2,1,257,1,1,1,4381.05,18733.5,652.045,46.3844,0.517824,559.12,8805.71,154.66,23.1957,0.302342,131.162,160.068,23.1887,0.0718272,136.807,314.728,0,0,0
1200,2,1,258,1,1,1,4334.1,18678.4,534.974,46.3844,0.517824,441.709,10832.3,84.4696,23.1957,0.302342,60.9716,147.801,23.1887,0.0718272,124.54,232.27,0,0,0
1200,2,1,259,1,1,1,4333.7,18692.5,418.649,46.3844,0.482746,325.081,12915.2,146.891,23.1957,0.267264,123.428,70.539,23.1887,0.0718272,47.2785,217.43,0,0,0
1200,2,1,260,1,1,1,4344.27,18706.4,636.105,46.3844,0.552902,543.099,9061.79,139.986,23.1957,0.337421,116.453,153.95,23.1887,0.0718272,130.689,293.936,0,0,0
1200,2,1,261,1,1,1,4332.94,18796.4,646.638,46.3844,0.873619,553.341,8964.09,158.523,23.1957,0.658138,134.669,147.757,23.1887,0.0718272,124.497,306.28,0,0,0
1200,2,1,262,1,1,1,4352,18731.7,644.993,46.3844,0.517824,552.047,8929.39,155.932,23.1957,0.302342,132.434,148.306,23.1887,0.0718272,125.046,304.239,0,0,0
1200,2,1,263,1,1,1,4374.2,18727.9,648.708,46.3844,0.927072,555.364,8858.13,157.113,23.1957,0.567936,133.349,145.507,23.1887,0.0718272,122.246,302.62,0,0,0
1200,2,1,264,1,1,1,4360.58,18681.9,428.756,46.3844,0.482746,335.216,12724.9,86.7158,23.1957,0.267264,63.2528,137.425,23.1887,0.0718272,114.164,224.141,0,0,0
1200,2,1,265,1,1,1,4352.52,18719,648.641,46.3844,0.482746,555.741,8851.95,147.686,23.1957,0.267264,124.223,149.472,23.1887,0.0718272,126.211,297.158,0,0,0
1200,2,1,266,1,1,1,4369.68,18693.7,529.761,46.3844,0.644774,436.354,10940,83.2795,23.1957,0.267264,59.8165,147.682,23.1887,0.0902016,124.403,230.961,0,0,0
1200,2,1,267,1,1,1,4322.76,18674.6,644.901,46.3844,0.713261,551.76,8873.42,148.921,23.1957,0.462701,125.262,148.671,23.1887,0.106906,125.376,297.592,0,0,0
1200,2,1,268,1,1,1,4334.76,18674.2,562.29,46.3844,0.713261,468.909,10341.9,147.178,23.1957,0.497779,123.484,92.841,23.1887,0.0718272,69.5805,240.019,0,0,0
1200,2,1,269,1,1,1,4351.83,18759,627.924,46.3844,0.517824,534.928,9260.21,140.592,23.1957,0.302342,117.094,158.915,23.1887,0.0718272,135.654,299.506,0,0,0
1200,2,1,270,1,1,1,4357.45,18736.1,648.064,46.3844,0.517824,555.128,8879.08,147.511,23.1957,0.302342,124.013,148.662,23.1887,0.0718272,125.401,296.173,0,0,0
1200,2,1,271,1,1,1,4358.91,24678.4,807.692,52.1883,0.766714,709.326,12082,310.861,28.9996,0.551232,281.311,152.502,23.1887,0.0718272,129.242,463.364,0,0,0
1200,2,1,272,1,1,1,4344.2,18742.1,655.381,46.3844,0.661478,562.322,8754.61,160.354,23.1957,0.302342,136.856,156.753,23.1887,0.0718272,133.492,317.107,0,0,0
1200,2,1,273,1,1,1,4358.27,24766.1,818.607,52.1883,0.696557,720.343,11976.1,318.519,28.9996,0.481075,289.039,150.253,23.1887,0.0718272,126.993,468.773,0,0,0
1200,2,1,274,1,1,1,4396.82,18727.1,640.126,46.3844,0.482746,547.201,9011.52,143.437,23.1957,0.267264,119.974,154.944,23.1887,0.0718272,131.684,298.381,0,0,0
1200,2,1,275,1,1,1,4351.08,18755.9,649.749,46.3844,0.6264,556.709,8868.85,154.746,23.1957,0.267264,131.283,146.651,23.1887,0.0718272,123.391,301.397,0,0,0
1200,2,1,276,1,1,1,4324.68,24644.4,576.578,52.1883,0.731635,477.575,16158,174.278,28.9996,0.516154,144.373,146.361,23.1887,0.0718272,123.1,320.639,0,0,0
1200,2,1,277,1,1,2,10321.5,24731.9,751.43,69.5741,0.519494,636.239,13436.5,156.054,23.1957,0.267264,132.591,255.268,46.3784,0.108576,208.781,411.322,1,0,0
1200,2,1,278,1,1,1,4344.6,18663.1,550.752,46.3844,0.482746,457.567,10536.8,83.2524,23.1957,0.267264,59.7894,145.824,23.1887,0.0718272,122.564,229.077,0,0,0
1200,2,1,279,1,1,1,4335.3,24708.8,739.474,52.1883,0.83687,640.839,13325.1,332.906,28.9996,0.58631,303.32,88.568,23.1887,0.106906,65.2724,421.474,0,0,0
1200,2,1,280,1,1,1,4323.81,18645.4,415,46.3844,0.482746,321.42,12933.1,91.004,23.1957,0.267264,67.541,136.986,23.1887,0.0718272,113.726,227.99,0,0,0
1200,2,1,281,1,1,1,4332.35,18664.2,469.161,46.3844,0.482746,375.74,11988.7,76.3941,23.1957,0.267264,52.9312,142.908,23.1887,0.0718272,119.647,219.302,0,0,0
1200,2,1,282,1,0,0,-1,-1,798.859,23.1957,0.302342,729.128,252082,-1,-1,-1,-1,-1,-1,-1,-1,-1,0,0,0
1200,2,1,283,1,1,1,4324.54,18640,452.388,46.3844,0.482746,358.917,12262.8,77.2514,23.1957,0.267264,53.7885,138.298,23.1887,0.0718272,115.038,215.55,0,0,0
1200,2,1,284,1,1,1,4328.9,18646.6,444.011,46.3844,0.482746,350.516,12418.3,78.7729,23.1957,0.267264,55.3099,136.97,23.1887,0.0718272,113.71,215.743,0,0,0
1200,2,1,285,1,0,0,-1,-1,1465.63,23.1957,0.267264,1397.87,266649,-1,-1,-1,-1,-1,-1,-1,-1,-1,0,0,0
1200,2,1,286,1,1,1,4320.98,18650.6,554.76,46.3844,0.482746,461.587,10453.1,87.4161,23.1957,0.267264,63.9531,146.934,23.1887,0.0718272,123.674,234.35,0,0,0
1200,2,1,287,1,1,1,4317.58,18713.9,374.254,46.3844,0.482746,280.556,13726.1,125.106,23.1957,0.267264,101.643,56.5753,23.1887,0.0718272,33.3148,181.681,0,0,0
1200,2,1,288,1,1,1,4428.99,18804.8,630.562,46.3844,0.517824,537.574,9259,141.275,23.1957,0.267264,117.812,159.157,23.1887,0.106906,135.862,300.432,0,0,0
1200,2,1,289,1,1,1,4343.37,18672.3,410.687,46.3844,0.517824,317.06,13036.4,89.7677,23.1957,0.267264,66.3047,139.086,23.1887,0.106906,115.791,228.854,0,0,0
1200,2,1,290,1,0,0,-1,-1,449.417,23.1957,0.462701,378.51,246382,-1,-1,-1,-1,-1,-1,-1,-1,-1,0,0,0
1200,2,1,291,1,1,1,4350.57,18722.8,626.687,46.3844,0.770054,533.436,9245.37,139.651,23.1957,0.267264,116.188,156.541,23.1887,0.0718272,133.281,296.192,0,0,0
1200,2,1,292,1,1,1,4321.43,24695.9,770.969,52.1883,0.536198,672.727,12753.3,334.812,28.9996,0.320717,305.491,100.466,23.1887,0.0718272,77.2057,435.278,0,0,0
1200,2,1,293,1,1,1,4386.17,18756.4,625.87,46.3844,0.943776,532.443,9292.87,139.644,23.1957,0.658138,115.791,157.566,23.1887,0.141984,134.236,297.211,0,0,0
1200,2,1,294,1,1,1,4343.88,18679,542.734,46.3844,0.678182,449.33,10694.8,79.7823,23.1957,0.462701,56.1239,146.857,23.1887,0.0718272,123.596,226.639,0,0,0
1200,2,1,295,1,1,1,4331.04,18701.4,609.085,46.3844,0.482746,516.07,9537.76,151.346,23.1957,0.267264,127.883,110.853,23.1887,0.0718272,87.5924,262.199,0,0,0
1200,2,1,296,1,1,1,4313.74,18666.2,530.361,46.3844,0.482746,437.117,10902.5,143.516,23.1957,0.267264,120.053,83.2936,23.1887,0.0718272,60.0331,226.81,0,0,0
1200,2,1,297,1,1,1,4318.54,24718.5,597.341,52.1883,0.891994,498.239,15862.7,327.714,28.9996,0.676512,298.037,69.2071,23.1887,0.0718272,45.9466,396.921,0,0,0
1200,2,1,298,1,1,1,4317.32,24639.8,572.432,52.1883,1.31795,472.831,16225.7,172.322,28.9996,1.10246,141.825,144.363,23.1887,0.0718272,121.102,316.685,0,0,0
1200,2,1,299,1,1,1,4321.18,18720.6,481.093,46.3844,0.482746,387.705,11833,157.967,23.1957,0.267264,134.505,81.5267,23.1887,0.0718272,58.2662,239.494,0,0,0
1200,2,1,300,1,1,1,4377.73,24701.8,581.482,52.1883,0.801792,482.423,16127.7,175.578,28.9996,0.516154,145.676,149.169,23.1887,0.141984,125.838,324.747,0,0,0
1200,2,1,301,1,1,1,4317.58,24674.4,746.012,52.1883,0.766714,647.467,13174.9,332.741,28.9996,0.551232,303.19,91.1553,23.1887,0.0718272,67.8948,423.896,0,0,0
1200,2,1,302,1,1,1,4321.83,18685.5,650.478,46.3844,0.517824,557.548,8785.59,156.438,23.1957,0.302342,132.94,149.56,23.1887,0.0718272,126.3,305.998,0,0,0
1200,2,1,303,1,1,1,4359.39,18687.4,566.28,46.3844,0.552902,473.071,10284.5,95.062,23.1957,0.302342,71.5639,148.96,23.1887,0.106906,125.665,244.022,0,0,0
1200,2,1,304,1,1,1,4317.7,18672.4,500.085,46.3844,1.06906,406.167,11445.7,153.268,23.1957,0.853574,129.218,80.8282,23.1887,0.0718272,57.5677,234.096,0,0,0
1200,2,1,305,1,1,1,4340.29,18660,496.336,46.3844,0.6264,402.849,11500.9,81.462,23.1957,0.267264,57.9991,146.552,23.1887,0.0718272,123.291,228.014,0,0,0
1200,2,1,306,1,0,0,-1,-1,1311.67,23.1957,0.267264,1243.46,260839,-1,-1,-1,-1,-1,-1,-1,-1,-1,0,0,0
1200,2,1,307,1,0,0,-1,-1,936.416,23.1957,0.462701,866.925,254104,-1,-1,-1,-1,-1,-1,-1,-1,-1,0,0,0
1200,2,1,308,1,1,1,4320.29,18661.4,635.533,46.3952,0.50112,542.566,9027.48,139.211,23.2065,0.285638,115.718,155.06,23.1887,0.0718272,131.799,294.27,0,0,0
1200,2,1,309,1,1,1,4332.68,18667.1,644.157,46.3844,0.482746,551.244,8879.88,148.276,23.1957,0.267264,124.813,148.517,23.1887,0.0718272,125.257,296.793,0,0,0
1200,2,1,310,1,1,1,4332.36,18655.9,418.266,46.3844,0.661478,324.517,12884.8,92.3494,23.1957,0.302342,68.8513,138.113,23.1887,0.0718272,114.852,230.462,0,0,0
1200,2,1,311,1,1,1,4359.02,18677,544.826,46.3844,0.482746,451.624,10656,81.0974,23.1957,0.267264,57.6345,147.241,23.1887,0.0718272,123.981,228.339,0,0,0
1200,2,1,312,1,1,1,4343.62,18658.4,432.279,46.3844,0.482746,338.75,12638.8,83.5448,23.1957,0.267264,60.0818,138.755,23.1887,0.0718272,115.495,222.3,0,0,0
1200,2,1,313,1,1,2,10435,24855,828.76,69.5741,0.910368,713.403,12183.7,160.878,23.1957,0.658138,137.024,331.313,46.3784,0.108576,284.826,492.191,1,0,0
1200,2,1,314,1,1,1,4317.58,18744.4,462.983,46.3844,0.517824,369.508,12178.5,163.213,23.1957,0.302342,139.715,79.9673,23.1887,0.0718272,56.7068,243.18,0,0,0
1200,2,1,315,1,1,1,4378.09,18726.2,427.894,46.3844,0.482746,334.352,12784.5,92.5309,23.1957,0.267264,69.0679,141.471,23.1887,0.0718272,118.211,234.002,0,0,0
1200,2,1,316,1,1,1,4316.94,18674.4,490.414,46.3844,0.552902,396.984,11620.5,157.128,23.1957,0.337421,133.595,80.3788,23.1887,0.0718272,57.1183,237.507,0,0,0
1200,2,1,317,1,1,1,4316.62,18734.4,377.668,46.3844,0.482746,283.98,13685.8,128.123,23.1957,0.267264,104.66,57.965,23.1887,0.0718272,34.7045,186.088,0,0,0
1200,2,1,318,1,1,1,4328.35,18678.8,469.226,46.3844,0.482746,375.804,12002.2,160.862,23.1957,0.267264,137.399,83.1023,23.1887,0.0718272,59.8418,243.965,0,0,0
1200,2,1,319,1,1,1,4343.32,18713.8,640.57,46.3844,0.482746,547.647,8990.3,144.61,23.1957,0.267264,121.147,152.694,23.1887,0.0718272,129.433,297.304,0,0,0
1200,2,1,320,1,1,1,4345.52,18663,468.504,46.3844,0.6264,374.936,11998.8,76.2552,23.1957,0.267264,52.7922,144.101,23.1887,0.0718272,120.84,220.356,0,0,0
1200,2,1,321,1,1,1,4380.19,18702.1,549.246,46.3844,0.482746,456.057,10602.5,81.139,23.1957,0.267264,57.676,147.866,23.1887,0.0718272,124.605,229.005,0,0,0
1200,2,1,322,1,1,1,4362.7,18711.9,434.178,46.3844,0.482746,340.654,12658.5,83.8534,23.1957,0.267264,60.3904,138.434,23.1887,0.0718272,115.173,222.287,0,0,0
1200,2,1,323,1,1,1,4377.38,18709.4,434.251,46.3844,0.517824,340.692,12654.5,82.8489,23.1957,0.302342,59.3508,138.954,23.1887,0.0718272,115.693,221.802,0,0,0
1200,2,1,324,1,1,1,4348.12,30726,986.579,57.9922,1.0156,882.84,15047.9,494.45,34.8035,0.800122,458.555,145.557,23.1887,0.0718272,122.297,640.008,0,0,0
1200,2,1,325,1,1,1,4380.76,18720.4,644.755,46.3844,0.517824,551.809,8922.28,146.69,23.1957,0.302342,123.192,150.762,23.1887,0.0718272,127.502,297.452,0,0,0
1200,2,1,326,1,1,1,4350.18,18736.5,649.71,46.3844,0.661478,556.635,8849.9,159.177,23.1957,0.267264,135.714,145.134,23.1887,0.106906,121.838,304.311,0,0,0
1200,2,1,327,1,0,0,-1,-1,1428.07,23.1957,0.267264,1360.2,264817,-1,-1,-1,-1,-1,-1,-1,-1,-1,0,0,0
1200,2,1,328,1,1,1,4351.77,24715.4,833.845,52.1883,0.571277,735.75,11654.4,339.452,28.9996,0.320717,310.131,156.862,23.1887,0.106906,133.566,496.313,0,0,0
1200,2,1,329,1,1,1,4334.71,18652.7,443.037,46.3844,0.482746,349.539,12441.8,79.0291,23.1957,0.267264,55.5662,137.275,23.1887,0.0718272,114.015,216.304,0,0,0
1200,2,1,330,1,1,1,4324.65,24711,738.543,52.1883,0.840211,639.903,13344.3,333.75,28.9996,0.481075,304.269,88.3506,23.1887,0.0718272,65.0901,422.101,0,0,0
1200,2,1,331,1,1,1,4366.33,18687.2,629.547,46.3844,0.6264,536.448,9159.35,136.799,23.1957,0.267264,113.336,156.392,23.1887,0.0718272,133.131,293.191,0,0,0
1200,2,1,332,1,1,1,4320.52,18674.7,530.822,46.3844,0.482746,437.579,10902.7,144.217,23.1957,0.267264,120.754,83.5968,23.1887,0.0718272,60.3363,227.813,0,0,0
1200,2,1,333,1,1,1,4365.48,18695.6,429.566,46.3844,0.482746,336.028,12724.2,93.5343,23.1957,0.267264,70.0714,141.056,23.1887,0.0718272,117.796,234.591,0,0,0
1200,2,1,334,1,1,1,4335,18687.1,545.726,46.3844,0.482746,452.527,10650.1,147.139,23.1957,0.267264,123.676,87.1216,23.1887,0.0718272,63.861,234.26,0,0,0
1200,2,1,335,1,1,1,4352.16,18723.1,616.254,46.3844,0.517824,523.224,9431.73,134.961,23.1957,0.302342,111.463,156.861,23.1887,0.0718272,133.6,291.822,0,0,0
1200,2,1,336,1,1,1,4344.17,24699.9,815.264,52.1883,0.75001,716.937,11968.7,311.912,28.9996,0.390874,282.522,153.174,23.1887,0.0718272,129.913,465.086,0,0,0
1200,2,1,337,1,1,1,4316.3,18647.5,524.601,46.3844,0.482746,431.34,10986.2,145.301,23.1957,0.267264,121.838,81.81,23.1887,0.0718272,58.5495,227.111,0,0,0
1200,2,1,338,1,1,1,4334.5,30683.1,971.786,57.9922,0.75001,868.269,15268.9,524.682,34.8035,0.534528,489.144,106.24,23.1887,0.0718272,82.9793,630.922,0,0,0
1200,2,1,339,1,0,0,-1,-1,1125.47,28.9996,0.481075,1050.87,257128,-1,-1,-1,-1,-1,-1,-1,-1,-1,0,0,0
1200,2,1,340,1,1,1,4337.94,18713.8,647.674,46.3844,0.6264,554.628,8863.6,147.516,23.1957,0.267264,124.053,149.145,23.1887,0.0718272,125.885,296.661,0,0,0
1200,2,1,341,1,1,1,4350.92,18708.5,419.591,46.3844,0.661478,325.846,12913.8,92.8926,23.1957,0.302342,69.3946,138.27,23.1887,0.0718272,115.009,231.162,0,0,0
1200,2,1,342,1,1,1,4333.08,18752.6,628.967,46.3844,1.10413,535.389,9233.77,140.025,23.1957,0.888653,115.94,155.119,23.1887,0.0718272,131.859,295.144,0,0,0
1200,2,1,343,1,1,1,4333.96,18736.2,379.437,46.3844,0.748339,285.489,13655.2,128.375,23.1957,0.497779,104.682,57.5507,23.1887,0.106906,34.2551,185.926,0,0,0
1200,2,1,344,1,1,1,4324.68,24687.9,450.067,52.1883,0.731635,350.696,18451.1,256.458,28.9996,0.481075,226.82,35.9851,23.1887,0.106906,12.6895,292.443,0,0,0
1200,2,1,345,0,0,0,-1,-1,1174.34,23.206,0.551232,1105.44,257981,-1,-1,-1,-1,-1,-1,-1,-1,-1,0,0,0
1200,2,1,346,1,1,1,4329.48,24692.4,629.357,52.1883,0.766714,530.472,15267.3,339.587,28.9996,0.551232,310.036,76.9064,23.1887,0.0718272,53.6459,416.493,0,0,0
1200,2,1,347,1,1,1,4318.86,18710.8,444.987,46.3844,0.678182,351.299,12464.8,158.804,23.1957,0.462701,135.145,76.2043,23.1887,0.0718272,52.9438,235.008,0,0,0
1200,2,1,348,1,1,1,4356.39,18785,650.112,46.3844,0.661478,557.037,8891.21,159.511,23.1957,0.267264,136.048,145.206,23.1887,0.106906,121.911,304.717,0,0,0
1200,2,1,349,1,1,1,4327.3,24723.6,823.9,52.1883,1.08743,725.261,11838.6,334.298,28.9996,0.871949,304.426,142.852,23.1887,0.0718272,119.591,477.15,0,0,0
1200,2,1,350,1,1,1,4353.82,18691.1,615.29,46.3844,0.552902,522.222,9416.71,134.25,23.1957,0.337421,110.717,156.606,23.1887,0.0718272,133.346,290.857,0,0,0
1200,2,1,351,1,1,1,4344.9,18715.6,652.567,46.3844,0.713261,559.448,8778.09,158.485,23.1957,0.497779,134.791,153.565,23.1887,0.0718272,130.305,312.05,0,0,0
1200,2,1,352,1,1,2,10413,30752.2,1018.38,75.3781,0.678182,898.162,14808.8,316.634,28.9996,0.320717,287.313,355.123,46.3784,0.213811,308.531,671.756,1,0,0
1200,2,1,353,1,1,1,4391.47,18788.1,633.574,46.3844,0.517824,540.595,9188.75,138.152,23.1957,0.302342,114.654,158.2,23.1887,0.0718272,134.939,296.352,0,0,0
1200,2,1,354,1,1,1,4333.7,18653.7,470.224,46.3844,0.517824,376.77,11959.1,76.026,23.1957,0.267264,52.563,142.752,23.1887,0.106906,119.456,218.778,0,0,0
1200,2,1,355,1,1,1,4390.78,24797,743.585,52.1883,0.980525,644.819,13339.7,248.953,28.9996,0.621389,219.146,157.072,23.1887,0.0718272,133.811,406.025,0,0,0
1200,2,1,356,1,1,1,4340.27,18708.9,649.023,46.3844,0.678182,555.929,8834.65,158.143,23.1957,0.462701,134.485,143.812,23.1887,0.0718272,120.552,301.955,0,0,0
1200,2,1,357,1,1,1,4325.27,18638.2,438.092,46.3844,0.482746,344.58,12515.2,155.892,23.1957,0.267264,132.429,74.1829,23.1887,0.0718272,50.9224,230.075,0,0,0
1200,2,1,358,1,1,1,4356.87,18685.1,634.972,46.3844,0.661478,541.853,9060.49,136.501,23.1957,0.267264,113.038,154.382,23.1887,0.106906,131.086,290.883,0,0,0
1200,2,1,359,1,1,1,4319.59,18693.7,570.434,46.3844,0.482746,477.306,10217.4,150.353,23.1957,0.267264,126.89,96.6491,23.1887,0.0718272,73.3886,247.002,0,0,0
1200,2,1,360,1,0,0,-1,-1,1478.07,23.1957,0.267264,1410.35,267438,-1,-1,-1,-1,-1,-1,-1,-1,-1,0,0,0
1200,2,1,361,1,0,0,-1,-1,1245.64,23.1957,0.337421,1177.18,259461,-1,-1,-1,-1,-1,-1,-1,-1,-1,0,0,0
1200,2,1,362,1,1,1,4315.66,18694.6,651.834,46.3844,0.482746,558.943,8770.79,158.282,23.1957,0.267264,134.819,151.961,23.1887,0.0718272,128.7,310.242,0,0,0
1200,2,1,363,1,1,1,4333.19,18709.7,484.847,46.3844,0.587981,391.365,11754.6,157.392,23.1957,0.372499,133.824,80.8571,23.1887,0.0718272,57.5966,238.249,0,0,0
1200,2,1,364,1,1,1,4336.01,18661.4,515.79,46.3844,0.482746,422.504,11156.7,84.2234,23.1957,0.267264,60.7604,147.023,23.1887,0.0718272,123.762,231.246,0,0,0
1200,2,1,365,1,1,1,4349.67,18681.1,439.389,46.3844,0.482746,345.881,12535.1,80.8502,23.1957,0.267264,57.3872,137.392,23.1887,0.0718272,114.132,218.243,0,0,0
1200,2,1,366,1,1,1,4317.58,30735.3,1009.92,57.9922,1.24612,906.022,14641.3,521.279,34.8035,1.03064,485.224,151.031,23.1887,0.0718272,127.771,672.31,0,0,0
1200,2,1,367,1,1,1,4318.22,18633.7,423.919,46.3844,0.482746,330.365,12762.7,147.909,23.1957,0.267264,124.446,70.6582,23.1887,0.0718272,47.3977,218.568,0,0,0
1200,2,1,368,1,0,0,-1,-1,1105.65,23.1957,0.337421,1036.77,256897,-1,-1,-1,-1,-1,-1,-1,-1,-1,0,0,0
1200,2,1,369,1,1,1,4318.22,18646,524.523,46.3844,0.482746,431.262,10986.1,145.238,23.1957,0.267264,121.775,81.6638,23.1887,0.0718272,58.4033,226.902,0,0,0
1200,2,1,370,1,1,1,4328.75,30643.6,698.724,57.9922,1.56684,593.597,20082.9,473.179,34.8035,1.35135,436.68,49.1991,23.1887,0.0718272,25.9386,522.378,0,0,0
1200,2,1,371,1,1,1,4339.54,18660.2,433.447,46.3844,0.482746,339.921,12619.8,84.5266,23.1957,0.267264,61.0636,138.937,23.1887,0.0718272,115.677,223.464,0,0,0
1200,2,1,372,1,1,1,4317.58,18676.6,526.375,46.3844,0.482746,433.12,10983.7,145.803,23.1957,0.267264,122.34,82.014,23.1887,0.0718272,58.7535,227.817,0,0,0
1200,2,1,373,1,1,1,4344.7,18671.2,625.856,46.3844,0.696557,532.676,9208.51,139.265,23.1957,0.302342,115.767,157.56,23.1887,0.106906,134.264,296.825,0,0,0
1200,2,1,374,1,1,1,4319.5,18696.2,365.145,46.3952,0.50112,271.391,13870.3,121.114,23.2065,0.285638,97.6216,54.1677,23.1887,0.0718272,30.9072,175.281,0,0,0
1200,2,1,375,1,1,1,4378.94,18804.1,655.679,46.3844,0.482746,562.8,8811.98,159.597,23.1957,0.267264,136.134,156.442,23.1887,0.0718272,133.182,316.039,0,0,0
1200,2,1,376,1,1,2,10389.5,24729,847.559,69.5741,0.858586,732.308,11723.5,147.807,23.1957,0.462701,124.149,349.05,46.3784,0.25223,302.42,496.857,1,0,0
1200,2,1,377,1,0,0,-1,-1,1422.27,23.1957,0.302342,1354.35,264570,-1,-1,-1,-1,-1,-1,-1,-1,-1,0,0,0
1200,2,1,378,1,1,1,4320.31,30660.8,647.213,57.9922,1.2812,542.221,21016.3,445.282,34.8035,1.06572,408.984,40.2978,23.1887,0.0718272,17.0373,485.58,0,0,0
1200,2,1,379,1,1,1,4380.05,18811.4,651.244,46.3844,0.587981,558.246,8897.43,156.376,23.1957,0.372499,132.808,155.655,23.1887,0.0718272,132.395,312.031,0,0,0
1200,2,1,380,1,1,1,4359.3,18771.5,653.35,46.3844,0.587981,560.358,8820.01,158.369,23.1957,0.302342,134.871,159.052,23.1887,0.141984,135.721,317.421,0,0,0
1200,2,1,381,1,1,1,4327.56,18675.5,568.019,46.3844,0.482746,474.884,10242.1,148.965,23.1957,0.267264,125.502,96.3134,23.1887,0.0718272,73.0529,245.279,0,0,0
1200,2,1,382,1,1,1,4334.42,18661.2,561.373,46.3844,0.482746,468.219,10346,146.319,23.1957,0.267264,122.856,91.8646,23.1887,0.0718272,68.6041,238.184,0,0,0
1200,2,1,383,1,1,1,4356.04,18702.1,648.714,46.3844,0.517824,555.779,8833.56,153.871,23.1957,0.267264,130.408,146.847,23.1887,0.106906,123.551,300.717,0,0,0
1200,2,1,384,1,1,2,10434.7,30764.4,1019.16,75.3781,0.860256,898.767,14807,333.505,28.9996,0.320717,304.185,344.322,46.3784,0.108576,297.835,677.827,1,0,0
1200,2,1,385,1,1,1,4344.06,18657.6,445.702,46.3844,0.6264,352.068,12398.9,78.8505,23.1957,0.267264,55.3875,137.216,23.1887,0.0718272,113.955,216.066,0,0,0
1200,2,1,386,1,1,1,4331.5,18657.8,507.292,46.3844,0.6264,413.837,11303.9,86.2971,23.1957,0.267264,62.8341,148.929,23.1887,0.0718272,125.668,235.226,0,0,0
1200,2,1,387,1,1,1,4366.05,18714.8,652.628,46.3844,0.517824,559.705,8776.66,156.327,23.1957,0.267264,132.864,156.862,23.1887,0.106906,133.566,313.189,0,0,0
1200,2,1,388,1,1,1,4350.95,18729.8,651.319,46.3844,0.552902,558.356,8814.68,157.734,23.1957,0.302342,134.236,150.792,23.1887,0.106906,127.496,308.526,0,0,0
1200,2,1,389,1,1,1,4335.95,18746.2,651.981,46.3844,0.482746,559.091,8819.76,156.244,23.1957,0.267264,132.781,156.31,23.1887,0.0718272,133.05,312.554,0,0,0
1200,2,1,390,1,1,1,4324.21,18708.6,428.658,46.3844,0.517824,335.083,12753.1,151.451,23.1957,0.302342,127.953,71.2447,23.1887,0.0718272,47.9842,222.696,0,0,0
1200,2,1,391,1,1,1,4316.62,24663.2,437.531,52.1883,0.731635,338.124,18649.3,247.635,28.9996,0.516154,217.939,33.075,23.1887,0.0718272,9.8145,280.71,0,0,0
1200,2,1,392,1,1,1,4317.58,18645.1,645.249,46.3844,0.482746,552.339,8838.37,146.904,23.1957,0.267264,123.441,150.36,23.1887,0.0718272,127.099,297.264,0,0,0
1200,2,1,393,1,1,1,4350.25,18702.1,591.367,46.3844,0.482746,498.3,9853.6,150.909,23.1957,0.267264,127.446,103.811,23.1887,0.0718272,80.55,254.719,0,0,0
1200,2,1,394,1,1,1,4417.24,18768.7,431.042,46.3844,0.517824,337.474,12770.8,87.4648,23.1957,0.267264,64.0018,138.234,23.1887,0.106906,114.939,225.699,0,0,0
1200,2,1,395,1,1,1,4338.76,18729,648.654,46.3844,0.482746,555.754,8861.75,154.197,23.1957,0.267264,130.734,146.12,23.1887,0.0718272,122.86,300.318,0,0,0
1200,2,1,396,1,1,1,4316.62,18654.1,549.303,46.3844,0.482746,456.114,10553.6,147.478,23.1957,0.267264,124.015,87.3399,23.1887,0.0718272,64.0794,234.818,0,0,0
1200,2,1,397,1,1,1,4378.66,18703.5,440.542,46.3844,0.6264,346.893,12536.5,77.2442,23.1957,0.267264,53.7812,139.071,23.1887,0.0718272,115.81,216.315,0,0,0
1200,2,1,398,1,1,1,4328.72,24770.9,759.56,52.1883,0.536198,661.284,13031.1,340.345,28.9996,0.320717,311.025,96.9216,23.1887,0.0718272,73.6611,437.267,0,0,0
1200,2,1,399,1,1,1,4379.6,18720.3,634.173,46.3844,0.678182,541.036,9110.11,138.931,23.1957,0.462701,115.273,157.002,23.1887,0.0718272,133.741,295.933,0,0,0
1200,2,1,400,1,1,1,4368.2,18732,645.193,46.3844,0.482746,552.283,8926.35,147.341,23.1957,0.267264,123.878,150.616,23.1887,0.0718272,127.356,297.957,0,0,0
1200,2,1,401,1,1,1,4321.93,18653.9,451.487,46.3844,0.678182,357.818,12292.2,77.8511,23.1957,0.462701,54.1927,137.817,23.1887,0.0718272,114.556,215.668,0,0,0
1200,2,1,402,1,0,0,-1,-1,847.057,23.1957,0.302342,777.466,252747,-1,-1,-1,-1,-1,-1,-1,-1,-1,0,0,0
1200,2,1,403,1,0,0,-1,-1,1478.21,23.1957,0.267264,1410.49,267425,-1,-1,-1,-1,-1,-1,-1,-1,-1,0,0,0
1200,2,1,404,1,1,1,4324.87,18755.8,482.587,46.3844,0.678182,389.008,11841.2,158.964,23.1957,0.462701,135.306,80.978,23.1887,0.0718272,57.7175,239.942,0,0,0
1200,2,1,405,1,1,1,4330.11,24731.8,565.46,52.1883,1.12251,466.034,16442.1,314.975,28.9996,0.907027,285.068,57.3784,23.1887,0.0718272,34.1179,372.353,0,0,0
1200,2,1,406,1,1,1,4350.22,18667.5,518.65,46.3844,0.482746,425.372,11112,85.4885,23.1957,0.267264,62.0256,147.761,23.1887,0.0718272,124.501,233.25,0,0,0
1200,2,1,407,1,1,1,4380.89,18803.1,633.892,46.3844,0.552902,540.879,9197.93,139.079,23.1957,0.302342,115.581,157.094,23.1887,0.106906,133.799,296.174,0,0,0
1200,2,1,408,1,1,1,4334.4,18669.9,627.171,46.3844,0.482746,534.208,9184.69,153.697,23.1957,0.267264,130.234,131.942,23.1887,0.0718272,108.681,285.639,0,0,0
1200,2,1,409,1,1,1,4322.76,18664.7,482.114,46.3844,0.517824,388.694,11758.6,156.153,23.1957,0.302342,132.655,80.6838,23.1887,0.0718272,57.4233,236.836,0,0,0
1200,2,1,410,1,1,1,4386.81,18736.2,634.055,46.3844,0.696557,540.899,9127.67,137.326,23.1957,0.267264,113.863,155.464,23.1887,0.141984,132.133,292.79,0,0,0
1200,2,1,411,1,1,1,4315.34,18699.4,647.614,46.3844,0.678182,554.516,8850.19,157.094,23.1957,0.462701,133.436,146.711,23.1887,0.0718272,123.45,303.805,0,0,0
1200,2,1,412,0,0,0,-1,-1,729.778,23.206,0.621389,659.517,250998,-1,-1,-1,-1,-1,-1,-1,-1,-1,0,0,0
1200,2,1,413,1,1,1,4336.26,24658.8,719.304,52.1883,1.01894,620.429,13633.6,330.426,28.9996,0.516154,300.911,83.2503,23.1887,0.0718272,59.9897,413.677,0,0,0
1200,2,1,414,1,1,1,4313.74,24641.7,489.512,52.1883,0.927072,390.061,17703,280.184,28.9996,0.71159,250.391,43.3389,23.1887,0.0718272,20.0784,323.523,0,0,0
1200,2,1,415,1,1,2,10339,24684.2,833.767,69.5741,0.519494,718.816,11924.7,138.266,23.1957,0.267264,114.803,352.787,46.3784,0.108576,306.3,491.053,1,0,0
1200,2,1,416,1,1,1,4318.54,30649.7,677.997,57.9922,0.785088,573.591,20459.4,464.914,34.8035,0.569606,429.171,45.326,23.1887,0.0718272,22.0655,510.24,0,0,0
1200,2,1,417,1,1,2,10346.5,24667.8,649.578,69.5741,0.519494,534.091,15183.6,77.7622,23.1957,0.267264,54.2992,335.434,46.3784,0.108576,288.947,413.196,1,0,0
1200,2,1,418,1,1,1,4352.47,18707.5,602.003,46.3844,0.517824,508.932,9669.61,154.293,23.1957,0.267264,130.83,105.492,23.1887,0.106906,82.196,259.785,0,0,0
1200,2,1,419,1,1,1,4323.78,18653.3,545.911,46.3844,0.482746,452.712,10613.1,82.1063,23.1957,0.267264,58.6434,145.42,23.1887,0.0718272,122.16,227.527,0,0,0
1200,2,1,420,1,1,1,4322.81,18700.3,496.917,46.3844,0.517824,403.541,11531,155.362,23.1957,0.302342,131.864,80.7705,23.1887,0.0718272,57.51,236.133,0,0,0
1200,2,1,421,1,1,1,4365.25,18680,643.992,46.3844,0.517824,551.043,8895.42,146.484,23.1957,0.267264,123.021,150.196,23.1887,0.106906,126.901,296.68,0,0,0
1200,2,1,422,1,1,1,4384.09,18724.9,567.643,46.3844,0.482746,474.507,10298.2,95.9473,23.1957,0.267264,72.4844,149.656,23.1887,0.0718272,126.396,245.603,0,0,0
1200,2,1,423,1,1,1,4383.19,24718.2,830.702,52.1883,0.536198,732.633,11713.4,334.779,28.9996,0.320717,305.459,152.004,23.1887,0.0718272,128.744,486.783,0,0,0
1200,2,1,424,1,1,1,4338.28,18726.5,651.831,46.3844,0.6264,558.797,8802.39,157.312,23.1957,0.267264,133.849,157.512,23.1887,0.0718272,134.252,314.825,0,0,0
1200,2,1,425,1,1,1,4345.45,18763.2,593.208,46.3844,0.587981,500.041,9881.23,153.516,23.1957,0.372499,129.947,104,23.1887,0.0718272,80.7395,257.516,0,0,0
1200,2,1,426,1,1,1,4343.38,18695.3,652.567,46.3844,0.678182,559.483,8758.03,148.493,23.1957,0.462701,124.834,153.291,23.1887,0.0718272,130.03,301.784,0,0,0
1200,2,1,427,1,1,1,4385.52,18750.4,652.712,46.3844,0.482746,559.824,8811.02,155.295,23.1957,0.267264,131.832,160.021,23.1887,0.0718272,136.761,315.316,0,0,0
1200,2,1,428,1,1,1,4340.86,24804.4,835.475,52.1883,1.26616,736.69,11712.9,340.861,28.9996,0.907027,310.954,155.917,23.1887,0.0718272,132.656,496.778,0,0,0
1200,2,1,429,1,1,1,4354.12,18686.1,615.058,46.3844,0.50112,522.042,9416.04,134.09,23.1957,0.267264,110.627,156.679,23.1887,0.0902016,133.4,290.769,0,0,0
1200,2,1,430,1,1,1,4323.07,18724.7,582.875,46.3844,0.678182,489.588,10026.7,152.395,23.1957,0.462701,128.736,99.6017,23.1887,0.0718272,76.3412,251.997,0,0,0
1200,2,1,431,1,1,1,4315.98,18633.6,425.576,46.3844,0.482746,332.027,12733.2,92.7077,23.1957,0.267264,69.2448,139.313,23.1887,0.0718272,116.052,232.02,0,0,0
1200,2,1,432,1,1,1,4328.79,18684.9,649.089,46.3952,0.840211,555.822,8808.99,147.879,23.2065,0.481075,124.192,152.176,23.1887,0.0718272,128.915,300.055,0,0,0
1200,2,1,433,1,1,1,4314.7,24747,615.355,52.1883,0.891994,516.305,15570.8,334.693,28.9996,0.676512,305.017,73.7552,23.1887,0.0718272,50.4947,408.448,0,0,0
1200,2,1,434,1,1,2,4339.46,18706.2,437.044,69.5741,0.733306,320.726,12994.9,146.419,23.1957,0.267264,122.956,91.4581,46.3784,0.322387,44.7572,237.877,1,0,0
1200,2,1,435,1,1,1,4328.14,18666.4,529.705,46.3844,0.770054,436.171,10913.5,144.818,23.1957,0.267264,121.355,83.0174,23.1887,0.0718272,59.7569,227.835,0,0,0
1200,2,1,436,1,1,1,4320.89,18670.4,624.997,46.3844,0.482746,532.028,9223.88,153.178,23.1957,0.267264,129.715,129.224,23.1887,0.0718272,105.963,282.401,0,0,0
1200,2,1,437,1,1,1,4319.05,18767.7,392.848,46.3844,0.517824,299.169,13449,134.58,23.1957,0.302342,111.082,61.5403,23.1887,0.0718272,38.2798,196.12,0,0,0
1200,2,1,438,1,1,1,4367.36,18736,651.646,46.3844,0.783418,558.454,8814.35,147.993,23.1957,0.532858,124.264,153.454,23.1887,0.106906,130.159,301.447,0,0,0
1200,2,1,439,1,1,1,4339.81,18676.8,525.719,46.3844,0.517824,432.426,10995.3,83.5365,23.1957,0.302342,60.0385,147.023,23.1887,0.0718272,123.762,230.559,0,0,0
1200,2,1,440,1,1,1,4334.41,18649.2,520.293,46.3844,0.482746,427.019,11064.5,86.2231,23.1957,0.267264,62.7601,146.835,23.1887,0.0718272,123.575,233.058,0,0,0
1200,2,1,441,1,1,2,10341.5,24654.1,673.309,69.5741,0.519494,557.891,14747.9,80.695,23.1957,0.267264,57.232,339.993,46.3784,0.108576,293.506,420.688,1,0,0
1200,2,1,442,1,1,1,4316.94,18787.1,600.626,46.3844,0.517824,507.551,9773.68,156.947,23.1957,0.302342,133.449,104.009,23.1887,0.0718272,80.7486,260.956,0,0,0
1200,2,1,443,1,1,1,4316.94,24649.4,505.483,52.1883,0.731635,406.273,17427.2,288.376,28.9996,0.516154,258.801,45.7375,23.1887,0.0718272,22.477,334.114,0,0,0
1200,2,1,444,1,0,0,-1,-1,772.45,23.1957,0.267264,702.677,251720,-1,-1,-1,-1,-1,-1,-1,-1,-1,0,0,0
1200,2,1,445,1,1,1,4333.65,18682.1,648.315,46.406,0.554573,555.321,8820.56,156.806,23.2173,0.304013,133.284,151.871,23.1887,0.106906,128.576,308.677,0,0,0
1200,2,1,446,0,0,0,-1,-1,1571.46,23.206,0.516154,1503.76,272165,-1,-1,-1,-1,-1,-1,-1,-1,-1,0,0,0
1200,2,1,447,1,1,1,4318.54,24682.8,556.902,52.1883,0.571277,458.002,16546.5,313.588,28.9996,0.355795,284.233,54.4041,23.1887,0.0718272,31.1436,367.992,0,0,0
1200,2,1,448,1,0,0,-1,-1,1567.41,23.1957,0.658138,1499.56,271972,-1,-1,-1,-1,-1,-1,-1,-1,-1,0,0,0
1200,2,1,449,1,1,1,4314.7,24750.3,829.925,52.1883,0.571277,731.819,11759,336.254,28.9996,0.355795,306.899,149.476,23.1887,0.0718272,126.215,485.73,0,0,0
1200,2,1,450,1,1,1,4386.08,18737.3,611.006,46.3844,0.678182,517.801,9539.03,149.843,23.1957,0.462701,126.184,115.094,23.1887,0.0718272,91.8336,264.937,0,0,0
1200,2,1,451,1,1,1,4332.27,18660.7,561.407,46.3844,0.482746,468.254,10344.9,146.085,23.1957,0.267264,122.622,91.5848,23.1887,0.0718272,68.3243,237.67,0,0,0
1200,2,1,452,1,1,1,4378.27,18693.7,429.159,46.3844,0.482746,335.621,12729.6,93.1499,23.1957,0.267264,69.6869,140.634,23.1887,0.0718272,117.373,233.784,0,0,0
1200,2,1,453,1,1,1,4398.45,18771.6,653.327,46.3844,0.482746,560.441,8821.25,155.666,23.1957,0.267264,132.203,161.492,23.1887,0.0718272,138.231,317.158,0,0,0
1200,2,1,454,1,1,1,4320.97,24651.4,529.306,52.1883,0.731635,430.165,17005.6,300.055,28.9996,0.516154,270.514,51.5417,23.1887,0.0718272,28.2812,351.597,0,0,0
1200,2,1,455,1,1,1,4326.63,18707.5,476.18,46.3844,0.856915,382.405,11906.1,158.288,23.1957,0.497779,134.595,82.911,23.1887,0.0718272,59.6504,241.199,0,0,0
1200,2,1,456,1,1,1,4325.45,18654.5,636.775,46.3844,0.482746,543.84,8998.48,143.41,23.1957,0.267264,119.947,154.482,23.1887,0.0718272,131.222,297.892,0,0,0
1200,2,1,457,1,1,1,4318.54,18678.3,368.154,46.3844,0.517824,274.404,13798.7,122.345,23.1957,0.302342,98.8471,55.1658,23.1887,0.0718272,31.9053,177.511,0,0,0
1200,2,1,458,1,1,1,4338.05,18727.8,652.892,46.3844,0.482746,560.004,8785.21,157.551,23.1957,0.267264,134.088,155.827,23.1887,0.0718272,132.566,313.377,0,0,0
1200,2,1,459,1,1,1,4331.75,18664.3,413.359,46.3844,0.856915,319.401,12980,90.1408,23.1957,0.497779,66.4473,136.909,23.1887,0.0718272,113.648,227.05,0,0,0
1200,2,1,460,1,1,1,4320.84,18734.8,394.62,46.3844,0.908698,300.555,13383.7,135.752,23.1957,0.693216,111.863,62.7333,23.1887,0.0718272,39.4728,198.486,0,0,0
1200,2,1,461,1,1,1,4322.18,18644.8,467.434,46.3844,0.482746,374.007,12000.1,77.2983,23.1957,0.267264,53.8354,143.489,23.1887,0.0718272,120.229,220.787,0,0,0
1200,2,1,462,1,1,1,4334.42,18715.3,639.208,46.3844,0.482746,546.28,9016.07,143.365,23.1957,0.267264,119.902,155.839,23.1887,0.0718272,132.579,299.204,0,0,0
1200,2,1,463,1,0,0,-1,-1,957.034,23.1957,0.267264,887.797,254367,-1,-1,-1,-1,-1,-1,-1,-1,-1,0,0,0
1200,2,1,464,1,1,1,4378.21,18795.4,655.402,46.3844,0.552902,562.451,8807.74,159.538,23.1957,0.302342,136.04,156.36,23.1887,0.106906,133.064,315.898,0,0,0
1200,2,1,465,1,1,2,4416.82,24740.3,841.337,75.3781,1.17763,720.104,11942.7,317.275,28.9996,0.71159,287.564,174.338,46.3784,0.322387,127.637,491.613,1,0,0
1200,2,1,466,1,1,1,4420.53,18763.3,653.187,46.3844,0.552902,560.23,8814.98,154.712,23.1957,0.267264,131.249,162.8,23.1887,0.141984,139.47,317.512,0,0,0
1200,2,1,467,1,1,1,4317.26,18697.7,651.503,46.3844,0.482746,558.611,8779.86,157.078,23.1957,0.267264,133.615,156.123,23.1887,0.0718272,132.862,313.2,0,0,0
1200,2,1,468,1,1,1,4372.23,18708.5,650.674,46.3844,0.6264,557.636,8804.96,148.382,23.1957,0.267264,124.919,153.15,23.1887,0.0718272,129.89,301.532,0,0,0
1200,2,1,469,1,1,1,4342.51,24765.7,824.234,52.1883,0.96215,725.721,11874.7,344.431,28.9996,0.746669,314.685,138.831,23.1887,0.0718272,115.57,483.262,0,0,0
1200,2,1,470,1,1,1,4330.16,18737.8,575.541,46.3844,0.482746,482.428,10170.7,151.889,23.1957,0.267264,128.426,97.2068,23.1887,0.0718272,73.9463,249.096,0,0,0
1200,2,1,471,1,1,2,10356.2,24684.8,621.228,69.5741,0.714931,505.463,15704.3,86.0576,23.1957,0.462701,62.3992,329.46,46.3784,0.108576,282.973,415.517,1,0,0
1200,2,1,472,1,1,1,4315.98,24633.1,473.644,52.1883,0.696557,374.377,17977.3,269.571,28.9996,0.481075,239.979,41.7633,23.1887,0.0718272,18.5028,311.334,0,0,0
1200,2,1,473,1,1,1,4439.59,18828.7,634.605,46.3844,0.587981,541.559,9210.58,138.081,23.1957,0.372499,114.513,158.675,23.1887,0.0718272,135.414,296.756,0,0,0
1200,2,1,474,1,1,1,4328.93,18706.2,647.643,46.3844,0.482746,554.74,8856.97,147.521,23.1957,0.267264,124.058,149.589,23.1887,0.0718272,126.329,297.111,0,0,0
1200,2,1,475,1,1,1,4321.35,18729.6,558.039,46.3844,0.482746,464.875,10473.7,148.467,23.1957,0.267264,125.004,89.2963,23.1887,0.0718272,66.0358,237.763,0,0,0
1200,2,1,476,1,1,1,4326.06,18748.4,445.645,46.3844,0.908698,351.728,12489.9,159.727,23.1957,0.693216,135.838,76.1051,23.1887,0.0718272,52.8445,235.832,0,0,0
1200,2,1,477,1,1,1,4372.47,18692.9,635.1,46.3844,0.482746,542.16,9066.65,138.283,23.1957,0.267264,114.82,154.796,23.1887,0.0718272,131.536,293.079,0,0,0
1200,2,1,478,1,1,1,4362.18,18675.1,558.652,46.3844,0.482746,465.49,10408.3,90.7874,23.1957,0.267264,67.3245,147.779,23.1887,0.0718272,124.519,238.566,0,0,0
1200,2,1,479,1,1,1,4320.61,18643.1,604.457,46.3844,0.482746,511.428,9561.75,125.665,23.1957,0.267264,102.202,155.027,23.1887,0.0718272,131.767,280.692,0,0,0
1200,2,1,480,1,1,3,16322.5,30639.3,1001.65,92.7639,0.699898,864.458,15293.5,146.767,23.1957,0.267264,123.304,506.395,69.5682,0.288979,436.538,653.162,2,0,0
1200,2,1,481,1,1,1,4330.46,30792.2,755.3,57.9922,1.0156,650.888,19226.6,500.27,34.8035,0.800122,464.377,60.3852,23.1887,0.0718272,37.1247,560.655,0,0,0
1200,2,1,482,1,1,1,4335.12,18651.2,421.971,46.3844,0.6264,328.268,12814.5,93.5831,23.1957,0.267264,70.1201,138.56,23.1887,0.0718272,115.3,232.143,0,0,0
1200,2,1,483,1,1,1,4334.18,18697.4,616.591,46.3844,0.482746,523.598,9400.31,150.405,23.1957,0.267264,126.942,121.205,23.1887,0.0718272,97.9447,271.611,0,0,0
1200,2,1,484,1,1,1,4337.45,18741.6,539.421,46.3844,0.678182,446.008,10816.3,147.968,23.1957,0.462701,124.309,83.9613,23.1887,0.0718272,60.7008,231.929,0,0,0
1200,2,1,485,1,1,1,4395.3,18730.6,649.336,46.3844,0.913709,556.007,8850.1,153.677,23.1957,0.267264,130.215,146.422,23.1887,0.0718272,123.161,300.099,0,0,0
1200,2,1,486,1,1,1,4318.54,18664.3,648.724,46.3844,0.482746,555.824,8795.78,156.457,23.1957,0.267264,132.994,149.672,23.1887,0.0718272,126.412,306.129,0,0,0
1200,2,1,487,1,1,2,10330.2,24653.5,653.374,69.5741,0.806803,537.61,15101,77.5257,23.1957,0.267264,54.0628,336.583,46.3784,0.25223,289.952,414.108,1,0,0
1200,2,1,488,1,1,1,4322.55,18710,625.88,46.3844,0.552902,532.844,9247.27,154.569,23.1957,0.337421,131.036,129.049,23.1887,0.0718272,105.788,283.618,0,0,0
1200,2,1,489,1,1,1,4320.07,24707.8,675.914,52.1883,0.801792,577.13,14454.5,335.75,28.9996,0.58631,306.164,80.1839,23.1887,0.0718272,56.9234,415.934,0,0,0
1200,2,1,490,1,1,1,4320.14,18726.4,566.168,46.3844,0.517824,472.993,10325.7,149.168,23.1957,0.302342,125.67,93.7398,23.1887,0.0718272,70.4792,242.908,0,0,0
1200,2,1,491,1,1,1,4365.58,18738.1,634.92,46.3844,0.482746,541.98,9115.07,138.775,23.1957,0.267264,115.312,155.717,23.1887,0.0718272,132.456,294.492,0,0,0
1200,2,1,492,1,1,1,4406.03,18798.1,654.495,46.3844,0.536198,561.558,8826.52,156.784,23.1957,0.267264,133.321,162.024,23.1887,0.12528,138.71,318.807,0,0,0
1200,2,1,493,1,1,1,4388.67,18738.4,639.192,46.3844,0.678182,546.069,9038.93,143.044,23.1957,0.462701,119.386,156.144,23.1887,0.0718272,132.884,299.188,0,0,0
1200,2,1,494,1,1,1,4370.53,18685.7,527.193,46.3952,0.644774,433.767,10977.9,83.5649,23.2065,0.285638,60.0728,147.478,23.1887,0.0718272,124.217,231.043,0,0,0
1200,2,1,495,1,1,1,4349.11,18661.4,490.137,46.3844,0.482746,396.776,11612.9,82.9835,23.1957,0.267264,59.5205,147.526,23.1887,0.0718272,124.266,230.51,0,0,0
1200,2,1,496,1,1,1,4322.08,18666,604.124,46.3844,0.482746,511.094,9590.61,152.309,23.1957,0.267264,128.846,108.619,23.1887,0.0718272,85.358,260.928,0,0,0
1200,2,1,497,1,1,1,4346.36,18662.6,606.909,46.3844,0.482746,513.888,9537.66,126.945,23.1957,0.267264,103.482,156.074,23.1887,0.0718272,132.813,283.019,0,0,0
1200,2,1,498,1,1,1,4318.86,24643.9,405.64,52.1883,0.696557,306.175,19197.4,228.558,28.9996,0.481075,198.846,30.6674,23.1887,0.0718272,7.4069,259.226,0,0,0
1200,2,1,499,1,0,0,-1,-1,1574.32,23.1957,0.267264,1506.87,272310,-1,-1,-1,-1,-1,-1,-1,-1,-1,0,0,0
1200,2,1,500,1,1,1,4333.96,18668.6,438.652,46.3844,0.482746,345.141,12535.7,79.4803,23.1957,0.267264,56.0174,137.956,23.1887,0.0718272,114.695,217.436,0,0,0
1200,2,1,501,1,1,1,4330.38,24703.1,829.157,52.1883,0.731635,730.888,11725.3,341.735,28.9996,0.516154,312.22,147.306,23.1887,0.0718272,124.046,489.042,0,0,0
1200,2,1,502,1,1,1,4317.78,24727.6,744.791,52.1883,0.997229,646.012,13249,333.264,28.9996,0.781747,303.483,90.8809,23.1887,0.0718272,67.6204,424.145,0,0,0
1200,2,1,503,1,0,0,-1,-1,1286.61,23.1957,0.658138,1217.94,260256,-1,-1,-1,-1,-1,-1,-1,-1,-1,0,0,0
1200,2,1,504,1,1,1,4378.82,18783.4,646.429,46.3844,0.805133,553.2,8954.67,148.857,23.1957,0.267264,125.394,146.773,23.1887,0.106906,123.477,295.63,0,0,0
1200,2,1,505,1,1,1,4334.82,18706.8,567.427,46.3844,0.552902,474.22,10283.5,148.891,23.1957,0.337421,125.358,94.366,23.1887,0.0718272,71.1055,243.257,0,0,0
1200,2,1,506,1,1,1,4315.66,18784.4,409.79,46.3844,0.50112,316.177,13164.5,145.265,23.1957,0.267264,121.802,66.3306,23.1887,0.0902016,43.0517,211.596,0,0,0
1200,2,1,507,1,0,0,-1,-1,1576.18,23.1957,0.267264,1508.74,272622,-1,-1,-1,-1,-1,-1,-1,-1,-1,0,0,0
1200,2,1,508,1,1,1,4320.58,18697.4,610.399,46.3844,0.50112,517.369,9510.21,129.282,23.1957,0.267264,105.819,156.11,23.1887,0.0902016,132.831,285.392,0,0,0
1200,2,1,509,1,1,1,4316.62,18687.1,471.615,46.3844,0.517824,378.165,11967.7,160.246,23.1957,0.302342,136.748,83.1799,23.1887,0.0718272,59.9194,243.426,0,0,0
1200,2,1,510,1,1,1,4329.35,36663.9,769.764,63.7961,0.908698,659.857,24941,595.017,40.6075,0.693216,552.899,30.1621,23.1887,0.0718272,6.90156,625.179,0,0,0
1200,2,1,511,1,1,1,4421.11,18774.3,629.191,46.3844,0.517824,536.199,9252.98,140.607,23.1957,0.267264,117.144,158.908,23.1887,0.106906,135.613,299.515,0,0,0
1200,2,1,512,1,1,1,4368,18701.1,633.049,46.3844,0.517824,540.068,9111.15,136.828,23.1957,0.267264,113.365,155.676,23.1887,0.106906,132.38,292.504,0,0,0
1200,2,1,513,1,1,1,4330.82,18773.9,405.908,46.3844,0.482746,312.303,13223.2,142.648,23.1957,0.267264,119.185,64.9532,23.1887,0.0718272,41.6927,207.602,0,0,0
1200,2,1,514,1,1,1,4329.67,18656.4,431.9,46.3844,0.678182,338.174,12643.1,84.5848,23.1957,0.462701,60.9264,137.844,23.1887,0.0718272,114.583,222.428,0,0,0
1200,2,1,515,1,1,1,4360.11,18689,434.938,46.3844,0.678182,341.221,12621.6,81.2387,23.1957,0.462701,57.5803,137.782,23.1887,0.0718272,114.522,219.021,0,0,0
1200,2,1,516,1,1,1,4352.88,24791.9,823.144,52.1883,0.891994,724.698,11920.8,345.906,28.9996,0.676512,316.23,136.609,23.1887,0.0718272,113.349,482.515,0,0,0
1200,2,1,517,1,1,1,4339.75,18722.4,515.929,46.3844,0.678182,422.448,11214.8,152.083,23.1957,0.462701,128.424,82.7575,23.1887,0.0718272,59.497,234.84,0,0,0
1200,2,1,518,1,1,1,4356.72,18670.2,523.596,46.3844,0.552902,430.263,11026.3,84.5049,23.1957,0.267264,61.0419,148.055,23.1887,0.141984,124.724,232.56,0,0,0
1200,2,1,519,1,1,1,4324.17,24739.3,583.645,52.1883,0.536198,484.858,16127.7,323.62,28.9996,0.320717,294.3,62.6755,23.1887,0.0718272,39.415,386.296,0,0,0
1200,2,1,520,1,1,1,4323.96,18759.3,604.743,52.1883,0.731635,505.822,9772.05,161.501,28.9996,0.516154,131.985,103.978,23.1887,0.0718272,80.7179,265.479,0,0,0
1200,2,1,521,1,0,0,-1,-1,813.923,23.1957,0.267264,744.271,252258,-1,-1,-1,-1,-1,-1,-1,-1,-1,0,0,0
1200,2,1,522,1,1,1,4380.54,18723.5,647.309,46.3844,0.6264,554.261,8879.84,147.577,23.1957,0.267264,124.114,151.445,23.1887,0.0718272,128.184,299.022,0,0,0
1200,2,1,523,1,1,1,4319.59,18674,370.9,46.3844,0.482746,277.192,13745.8,122.209,23.1957,0.267264,98.746,55.7523,23.1887,0.0718272,32.4918,177.961,0,0,0
1200,2,1,524,1,1,1,4346.92,18667.7,544.367,46.3844,0.482746,451.164,10655,81.2725,23.1957,0.267264,57.8095,146.99,23.1887,0.0718272,123.73,228.263,0,0,0
1200,2,1,525,1,1,1,4355.08,18669.8,525.263,46.3952,0.571277,431.905,10996.2,83.1065,23.2065,0.285638,59.6143,147.355,23.1887,0.141984,124.024,230.461,0,0,0
1200,2,1,526,1,1,1,4330.24,18738.9,598.665,46.3844,0.517824,505.584,9760.39,154.671,23.1957,0.302342,131.173,104.532,23.1887,0.0718272,81.2719,259.203,0,0,0
1200,2,1,527,1,0,0,-1,-1,1282.53,23.1957,0.302342,1214.2,260206,-1,-1,-1,-1,-1,-1,-1,-1,-1,0,0,0
1200,2,1,528,1,1,1,4337.67,18723,515.99,46.3844,0.856915,422.33,11213.7,152.175,23.1957,0.497779,128.482,82.5175,23.1887,0.0718272,59.257,234.693,0,0,0
1200,2,1,529,1,0,0,-1,-1,1282.22,28.9996,0.46103,1208.09,260105,-1,-1,-1,-1,-1,-1,-1,-1,-1,0,0,0
1200,2,1,530,1,1,1,4367.13,18857.6,596.232,46.3844,0.783418,502.879,9921.31,155.93,23.1957,0.532858,132.202,103.779,23.1887,0.106906,80.4833,259.709,0,0,0
1200,2,1,531,1,1,1,4315.34,24634.7,533.358,52.1883,0.891994,434.069,16916.6,302.002,28.9996,0.676512,272.308,51.5417,23.1887,0.0718272,28.2812,353.544,0,0,0
1200,2,1,532,1,1,2,10357.1,24672.5,775.335,69.5741,0.519494,660.214,12952.1,96.2704,23.1957,0.267264,72.8074,357.591,46.3784,0.108576,311.104,453.862,1,0,0
1200,2,1,533,1,1,1,4351.4,18669.4,597.911,46.3844,0.6264,504.72,9704.1,118.832,23.1957,0.267264,95.3692,157.429,23.1887,0.0718272,134.169,276.262,0,0,0
1200,2,1,534,1,1,1,4389.39,18719.2,633.176,46.3844,0.552902,540.16,9126.7,136.74,23.1957,0.302342,113.242,156.261,23.1887,0.106906,132.965,293.001,0,0,0
1200,2,1,535,1,1,1,4316.94,24720.6,629.031,52.1883,0.997229,529.915,15300.5,340.638,28.9996,0.781747,310.857,76.5743,23.1887,0.0718272,53.3138,417.213,0,0,0
1200,2,1,536,1,0,0,-1,-1,1332.82,28.9996,0.551232,1258.75,261125,-1,-1,-1,-1,-1,-1,-1,-1,-1,0,0,0
1200,2,1,537,1,1,1,4318.79,18713.5,645.352,46.3844,0.482746,552.442,8905.02,148.933,23.1957,0.267264,125.47,146.554,23.1887,0.0718272,123.293,295.486,0,0,0
1200,2,1,538,1,1,1,4363.78,18683.7,598.212,46.3844,0.482746,505.165,9713.4,118.931,23.1957,0.267264,95.4685,158.225,23.1887,0.0718272,134.965,277.157,0,0,0
1200,2,1,539,1,1,1,4335.24,18657.9,444.599,46.3844,0.482746,351.106,12419.2,77.9643,23.1957,0.267264,54.5014,136.618,23.1887,0.0718272,113.358,214.583,0,0,0
1200,2,1,540,1,0,0,-1,-1,1066.2,23.1957,0.267264,997.28,256284,-1,-1,-1,-1,-1,-1,-1,-1,-1,0,0,0
1200,2,1,541,1,1,1,4367.43,18753.8,639.401,46.3844,0.517824,546.439,9050.89,144.214,23.1957,0.302342,120.716,155.058,23.1887,0.0718272,131.797,299.272,0,0,0
1200,2,1,542,1,0,0,-1,-1,1122.91,23.1957,0.337421,1054.08,257179,-1,-1,-1,-1,-1,-1,-1,-1,-1,0,0,0
1200,2,1,543,1,1,1,4322.38,18671.3,602.389,46.3844,0.482746,509.354,9626.75,153.676,23.1957,0.267264,130.213,106.141,23.1887,0.0718272,82.88,259.816,0,0,0
1200,2,1,544,1,1,1,4357.9,24692.1,818.194,52.1883,0.571277,720.054,11909.5,322.368,28.9996,0.320717,293.047,147.316,23.1887,0.106906,124.02,469.684,0,0,0
1200,2,1,545,1,1,1,4330.25,30726.5,943.619,57.9922,0.62473,840.145,15813.2,525.553,34.8035,0.409248,490.135,96.8278,23.1887,0.0718272,73.5673,622.38,0,0,0
1200,2,1,546,1,1,1,4323.85,18638.3,437.406,46.3844,0.482746,343.892,12527.5,156.087,23.1957,0.267264,132.624,74.284,23.1887,0.0718272,51.0235,230.371,0,0,0
1200,2,1,547,1,1,1,4317.26,18693.1,510.069,46.3844,0.482746,416.766,11290.2,152.342,23.1957,0.267264,128.879,81.6223,23.1887,0.0718272,58.3618,233.964,0,0,0
1200,2,1,548,1,1,2,10383.2,24724.2,617.796,69.5741,1.16427,501.572,15803.1,94.0405,23.1957,0.302342,70.5424,333.118,46.3784,0.718272,286.021,427.158,1,0,0
1200,2,1,549,1,0,0,-1,-1,1088.81,23.1957,0.462701,1019.76,256616,-1,-1,-1,-1,-1,-1,-1,-1,-1,0,0,0
1200,2,1,550,1,1,1,4324.08,18741.2,652.488,46.3844,0.713261,559.369,8805.04,158.541,23.1957,0.497779,134.847,158.485,23.1887,0.0718272,135.225,317.026,0,0,0
1200,2,1,551,1,1,2,4377.52,18696.1,582.791,69.5741,0.87696,466.752,10388.2,92.1518,23.1957,0.267264,68.6889,170.773,46.3784,0.466042,123.928,262.925,1,0,0
1200,2,1,552,1,1,1,4332.35,18760.5,652.127,46.3844,0.482746,559.237,8831.49,156.468,23.1957,0.267264,133.005,156.352,23.1887,0.0718272,133.091,312.82,0,0,0
1200,2,1,553,1,1,1,4346.88,18724.3,574.764,46.3844,0.482746,481.649,10171,150.781,23.1957,0.267264,127.318,96.9433,23.1887,0.0718272,73.6828,247.724,0,0,0
1200,2,1,554,1,1,1,4328.37,18720.3,653.088,46.3844,0.482746,560.201,8774.27,158.543,23.1957,0.267264,135.08,150.241,23.1887,0.0718272,126.98,308.784,0,0,0
1200,2,1,555,1,1,1,4416.19,18743,557.548,46.3844,0.587981,464.278,10495.1,87.555,23.1957,0.267264,64.0921,149.74,23.1887,0.177062,126.374,237.295,0,0,0
1200,2,1,556,1,1,1,4315.46,18664.2,600.299,46.3844,1.06906,506.672,9655.43,154.392,23.1957,0.853574,130.343,103.919,23.1887,0.0718272,80.6583,258.311,0,0,0
1200,2,1,557,1,1,2,10329.7,24669,854.257,69.5741,0.841882,739.042,11544.1,153.745,23.1957,0.302342,130.247,353.412,46.3784,0.25223,306.782,507.157,1,0,0
1200,2,1,558,1,1,1,4359.78,18699.1,645.525,46.3844,0.482746,552.615,8887.5,146.812,23.1957,0.267264,123.349,151.737,23.1887,0.0718272,128.476,298.549,0,0,0
1200,2,1,559,1,1,1,4384.65,18714.5,646.895,46.3844,0.517824,553.954,8878.29,146.672,23.1957,0.302342,123.174,151.105,23.1887,0.0718272,127.845,297.777,0,0,0
1200,2,1,560,1,1,1,4353.31,18680,643.474,46.3844,0.517824,550.524,8904.62,146.623,23.1957,0.267264,123.16,149.707,23.1887,0.106906,126.412,296.33,0,0,0
1200,2,1,561,1,1,1,4365.56,18744.1,648.569,46.3844,0.482746,555.669,8878.36,147.727,23.1957,0.267264,124.264,149.705,23.1887,0.0718272,126.444,297.432,0,0,0
1200,2,1,562,1,1,1,4319.41,18720.1,631.027,46.3844,0.482746,538.076,9166.32,137.979,23.1957,0.267264,114.516,155.637,23.1887,0.0718272,132.377,293.617,0,0,0
1200,2,1,563,1,1,1,4319.05,18705.8,574.56,46.3844,0.713261,481.214,10155.4,151.253,23.1957,0.497779,127.56,96.9342,23.1887,0.0718272,73.6737,248.187,0,0,0
1200,2,1,564,1,1,1,4384.14,30708.1,984.359,57.9922,0.980525,880.649,15069.6,521.704,34.8035,0.765043,485.932,118.585,23.1887,0.0718272,95.3241,640.289,0,0,0
1200,2,1,565,1,0,0,-1,-1,1429.57,23.1957,0.267264,1361.71,264827,-1,-1,-1,-1,-1,-1,-1,-1,-1,0,0,0
1200,2,1,566,1,1,1,4354.9,18781.1,635.908,46.3844,0.482746,542.97,9140.57,156.282,23.1957,0.267264,132.819,137.871,23.1887,0.0718272,114.61,294.153,0,0,0
1200,2,1,567,1,1,1,4428.83,18742.7,641.31,46.3844,0.770054,548.102,9021.92,143.029,23.1957,0.267264,119.566,154.359,23.1887,0.0718272,131.099,297.389,0,0,0
1200,2,1,568,1,1,1,4396.96,18747.4,628.211,46.3844,0.552902,535.181,9243.19,141.341,23.1957,0.302342,117.843,158.018,23.1887,0.106906,134.723,299.359,0,0,0
1200,2,1,569,1,1,1,4331.72,18653,579.722,46.3844,0.482746,486.621,10011.5,105.865,23.1957,0.267264,82.4018,153.28,23.1887,0.0718272,130.02,259.145,0,0,0
1200,2,1,570,1,1,1,4321.54,18690.5,584.235,46.3844,0.482746,491.147,9968.76,150.947,23.1957,0.267264,127.484,99.9392,23.1887,0.0718272,76.6787,250.886,0,0,0
1200,2,1,571,1,1,1,4353.04,18751.5,592.639,46.3844,0.482746,499.576,9880.32,152.768,23.1957,0.267264,129.305,103.61,23.1887,0.0718272,80.3497,256.378,0,0,0
1200,2,1,572,1,1,2,10326.2,24669.5,793.424,69.5741,0.554573,678.32,12627.2,154.879,23.1957,0.267264,131.417,304.199,46.3784,0.143654,257.677,459.078,1,0,0
1200,2,1,573,1,1,1,4333.26,18796.6,646.587,46.3844,0.783418,553.381,8964.91,158.214,23.1957,0.567936,134.45,148.026,23.1887,0.0718272,124.766,306.24,0,0,0
1200,2,1,574,1,1,1,4327.56,24652.9,835.351,52.1883,0.731635,737.1,11565,339.828,28.9996,0.516154,310.312,159.703,23.1887,0.0718272,136.443,499.531,0,0,0
1200,2,1,575,1,1,1,4348.35,18664.8,473.494,46.3844,0.536198,380.031,11911.8,78.2665,23.1957,0.302342,54.7685,142.374,23.1887,0.0902016,119.095,220.641,0,0,0
1200,2,1,576,1,1,1,4349.96,18722.6,649.148,46.3844,0.623059,556.109,8845.63,147.498,23.1957,0.337421,123.964,151.379,23.1887,0.141984,128.049,298.877,0,0,0
1200,2,1,577,1,1,1,4325.53,18646.2,524.232,46.3844,0.482746,430.97,10991.5,84.3497,23.1957,0.267264,60.8867,146.265,23.1887,0.0718272,123.004,230.615,0,0,0
1200,2,1,578,1,1,1,4319.18,24663.7,521.396,52.1883,0.536198,422.428,17159,294.417,28.9996,0.320717,265.053,49.607,23.1887,0.0718272,26.3465,344.024,0,0,0
1200,2,1,579,1,1,1,4383.73,18698.2,440.755,46.3844,0.482746,347.251,12527.9,77.0114,23.1957,0.267264,53.5484,138.979,23.1887,0.0718272,115.718,215.99,0,0,0
1200,2,1,580,1,1,1,4322.57,18724.3,507.573,46.3844,0.748339,413.998,11364.8,152.2,23.1957,0.532858,128.471,82.6005,23.1887,0.0718272,59.34,234.8,0,0,0
1200,2,1,581,1,1,1,4318.54,18721.9,415.288,52.1883,0.696557,315.851,13103.8,149.803,28.9996,0.481075,120.322,66.5486,23.1887,0.0718272,43.2881,216.352,0,0,0
1200,2,1,582,1,1,1,4325.1,18646.7,475.565,46.3844,0.6264,382.018,11856.9,80.6029,23.1957,0.267264,57.14,141.403,23.1887,0.0718272,118.142,222.006,0,0,0
1200,2,1,583,1,1,1,4316.94,18772.9,391.782,46.3844,0.482746,298.135,13473.4,134.222,23.1957,0.267264,110.759,60.9122,23.1887,0.0718272,37.6517,195.134,0,0,0
1200,2,1,584,1,1,1,4327.62,18709.9,398.062,46.3844,0.713261,304.203,13298,137.421,23.1957,0.497779,113.728,63.3036,23.1887,0.0718272,40.0431,200.725,0,0,0
1200,2,1,585,1,1,1,4382.76,18773.1,632.666,46.3844,0.517824,539.684,9189.97,138.038,23.1957,0.302342,114.54,156.832,23.1887,0.0718272,133.571,294.87,0,0,0
1200,2,1,586,1,1,1,4321.26,30645.8,686.759,57.9922,0.589651,582.573,20300.2,469.237,34.8035,0.37417,433.702,46.324,23.1887,0.0718272,23.0635,515.561,0,0,0
1200,2,1,587,1,1,1,4344.14,18716.9,635.183,46.3844,0.587981,542.138,9088.45,153.934,23.1957,0.372499,130.366,139.405,23.1887,0.0718272,116.144,293.339,0,0,0
1200,2,1,588,1,1,1,4345.88,24705.5,735.271,52.1883,1.56684,635.894,13394.7,333.172,28.9996,1.2077,302.965,87.5529,23.1887,0.0718272,64.2924,420.725,0,0,0
1200,2,1,589,1,1,1,4320.55,18691.4,474.171,46.3844,0.6264,380.62,11926.4,157.924,23.1957,0.267264,134.461,83.2827,23.1887,0.0718272,60.0222,241.207,0,0,0
1200,2,1,590,1,1,1,4316.62,24689,629.566,52.1883,0.696557,530.752,15260.6,339.856,28.9996,0.481075,310.375,76.7891,23.1887,0.0718272,53.5286,416.645,0,0,0
1200,2,1,591,1,1,1,4353.96,18726.1,649.787,46.3844,0.713261,556.66,8837.98,155.019,23.1957,0.462701,131.361,146.486,23.1887,0.106906,123.19,301.505,0,0,0
1200,2,1,592,1,1,1,4317.26,24671.5,467.225,52.1883,0.696557,367.939,18129.8,265.877,28.9996,0.481075,236.268,39.6499,23.1887,0.0718272,16.3894,305.527,0,0,0
1200,2,1,593,1,1,1,4323.72,18638.5,408.577,46.3844,0.482746,314.979,13040.4,89.0981,23.1957,0.267264,65.6352,138.531,23.1887,0.0718272,115.271,227.629,0,0,0
1200,2,1,594,1,1,1,4321.06,30650.9,700.577,57.9922,0.820166,596.201,20058.9,474.051,34.8035,0.604685,438.299,50.1935,23.1887,0.0718272,26.933,524.245,0,0,0
1200,2,1,595,1,0,0,-1,-1,1262.28,23.1957,0.267264,1193.93,259790,-1,-1,-1,-1,-1,-1,-1,-1,-1,0,0,0
1200,2,1,596,1,1,1,4348.11,18662.3,586.547,46.3844,0.6264,493.322,9899.05,109.029,23.1957,0.267264,85.5656,155.773,23.1887,0.0718272,132.512,264.801,0,0,0
1200,2,1,597,1,1,1,4326.86,18648.1,644.916,46.3844,0.482746,552.005,8847.36,146.516,23.1957,0.267264,123.053,150.64,23.1887,0.0718272,127.379,297.156,0,0,0
1200,2,1,598,1,1,1,4327.62,24782.1,827.819,52.1883,0.536198,729.742,11828.5,342.401,28.9996,0.320717,313.08,144.162,23.1887,0.0718272,120.902,486.563,0,0,0
1200,2,1,599,1,1,1,4382.03,18736.2,429.853,46.3952,0.641434,336.148,12758.7,87.9622,23.2065,0.320717,64.435,138.911,23.1887,0.177062,115.545,226.873,0,0,0
1200,2,1,600,1,1,1,4326.43,24679.7,450.19,52.1883,1.28287,350.268,18439.5,256.454,28.9996,1.06739,226.232,36.0457,23.1887,0.0718272,12.7852,292.5,0,0,0
1200,2,1,601,1,1,1,4321.86,18707.8,652.427,46.3844,0.517824,559.502,8773.28,158.788,23.1957,0.302342,135.29,154.201,23.1887,0.0718272,130.94,312.988,0,0,0
1200,2,1,602,1,1,1,4325,18780.4,389.712,46.3844,0.482746,296.059,13517.7,133.285,23.1957,0.267264,109.822,60.2481,23.1887,0.0718272,36.9876,193.533,0,0,0
1200,2,1,603,1,1,1,4325.54,18642.6,409.857,46.3844,0.482746,316.262,13021.7,89.7081,23.1957,0.267264,66.2452,138.955,23.1887,0.0718272,115.695,228.664,0,0,0
1200,2,1,604,1,1,1,4331.71,18647.8,400.475,46.3844,0.6264,306.71,13193.3,85.4217,23.1957,0.267264,61.9588,135.541,23.1887,0.0718272,112.28,220.962,0,0,0
1200,2,1,605,1,1,1,4327.72,18662,425.238,46.3844,0.482746,331.688,12767.6,93.6769,23.1957,0.267264,70.2139,139.298,23.1887,0.0718272,116.038,232.975,0,0,0
1200,2,1,606,1,1,1,4337.66,18654.9,471.294,46.3844,0.482746,377.878,11941.5,76.4302,23.1957,0.267264,52.9673,143.433,23.1887,0.0718272,120.173,219.863,0,0,0
1200,2,1,607,1,1,1,4336.19,18658.2,456.587,46.3844,0.6264,362.985,12205.9,77.7423,23.1957,0.267264,54.2794,141.096,23.1887,0.0718272,117.835,218.838,0,0,0
1200,2,1,608,1,1,1,4328.04,18666.7,401.332,46.3844,0.552902,307.643,13196.8,86.13,23.1957,0.302342,62.632,135.119,23.1887,0.106906,111.824,221.249,0,0,0
1200,2,1,609,1,1,1,4449.06,18793,616.835,46.3844,0.517824,523.807,9491.36,149.51,23.1957,0.267264,126.047,121.598,23.1887,0.106906,98.302,271.108,0,0,0
1200,2,1,610,1,0,0,-1,-1,1359.44,23.1957,0.267264,1291.37,261730,-1,-1,-1,-1,-1,-1,-1,-1,-1,0,0,0
1200,2,1,611,1,1,1,4342.89,18658,491.555,46.3844,0.482746,398.198,11584.3,81.0758,23.1957,0.267264,57.6128,146.586,23.1887,0.0718272,123.326,227.662,0,0,0
1200,2,1,612,1,1,1,4390.86,18730.6,615.428,46.3844,0.517824,522.396,9453.94,150.348,23.1957,0.302342,126.85,119.579,23.1887,0.0718272,96.3186,269.927,0,0,0
1200,2,1,613,1,1,1,4316.3,24668.5,569.16,52.1883,0.96215,469.905,16313.2,315.163,28.9996,0.746669,285.416,59.1851,23.1887,0.0718272,35.9245,374.348,0,0,0
1200,2,1,614,1,1,1,4335.21,18663.4,537.034,46.3844,0.661478,443.631,10780.3,84.2512,23.1957,0.302342,60.7532,147.256,23.1887,0.0718272,123.995,231.507,0,0,0
1200,2,1,615,1,1,1,4413.55,18868.7,641.261,46.3844,0.713261,548.109,9132.21,156.543,23.1957,0.497779,132.85,142.863,23.1887,0.0718272,119.602,299.406,0,0,0
1200,2,1,616,1,1,1,4321.53,18709.1,506.927,46.3844,0.552902,413.545,11361.6,152.042,23.1957,0.337421,128.509,82.4327,23.1887,0.0718272,59.1722,234.475,0,0,0
1200,2,1,617,1,1,1,4316.62,18679.5,499.967,46.3844,0.678182,406.439,11455.7,153.972,23.1957,0.462701,130.314,81.2397,23.1887,0.0718272,57.9792,235.212,0,0,0
1200,2,1,618,1,1,1,4335.4,18667.2,490.639,46.3844,0.482746,397.28,11609.8,82.6189,23.1957,0.267264,59.1559,146.499,23.1887,0.0718272,123.239,229.118,0,0,0
1200,2,1,619,1,1,1,4341.18,24762.4,828.478,52.1883,0.714931,730.224,11796.7,342.249,28.9996,0.481075,312.768,146.097,23.1887,0.0902016,122.818,488.346,0,0,0
1200,2,1,620,1,1,1,4329.33,36677.4,1113.92,63.7961,1.24779,1004.68,18833.8,698.039,40.6075,0.888653,656.023,93.8733,23.1887,0.0718272,70.6128,791.912,0,0,0
1200,2,1,621,1,1,1,4399.08,18730.8,640.082,46.3844,0.552902,547.087,9015.52,143.319,23.1957,0.302342,119.821,155.212,23.1887,0.106906,131.916,298.531,0,0,0
1200,2,1,622,1,1,1,4343.39,18659.2,537.259,46.3844,0.663149,443.854,10771.9,83.4653,23.1957,0.267264,60.0024,146.805,23.1887,0.108576,123.508,230.27,0,0,0
1200,2,1,623,1,1,1,4320.78,24669.7,750.373,52.1883,0.891994,651.715,13092.6,334.965,28.9996,0.676512,305.289,93.3481,23.1887,0.0718272,70.0876,428.313,0,0,0
1200,2,1,624,1,1,1,4325.1,24734.4,820.355,52.1883,1.51338,721.279,11911.2,320.721,28.9996,1.2979,290.423,148.097,23.1887,0.0718272,124.836,468.817,0,0,0
1200,2,1,625,1,1,1,4317.58,18748.2,530.485,46.3844,0.482746,437.242,10982.2,148.287,23.1957,0.267264,124.824,82.8694,23.1887,0.0718272,59.6089,231.156,0,0,0
1200,2,1,626,1,1,1,4348.21,18691.9,645.759,46.3844,0.587981,552.745,8875.42,150.669,23.1957,0.337421,127.136,146.668,23.1887,0.106906,123.373,297.337,0,0,0
1200,2,1,627,1,1,1,4415.29,18787.1,630.277,46.3844,1.01894,536.787,9244.89,142.005,23.1957,0.462701,118.346,158.134,23.1887,0.12528,134.82,300.139,0,0,0
1200,2,1,628,1,1,1,4349.08,18662.6,543.864,46.3844,0.517824,450.624,10658.5,80.7834,23.1957,0.267264,57.3204,147.062,23.1887,0.106906,123.766,227.845,0,0,0
1200,2,1,629,1,1,1,4334.43,18664.4,644.097,46.3844,0.482746,551.184,8878.18,146.366,23.1957,0.267264,122.903,147.382,23.1887,0.0718272,124.122,293.748,0,0,0
1200,2,1,630,1,1,1,4339.52,18666.9,647.966,46.3844,0.552902,554.994,8811.46,155.401,23.1957,0.267264,131.938,153.054,23.1887,0.141984,129.724,308.455,0,0,0
1200,2,1,631,1,1,2,10324.7,24641.9,779.464,69.5741,0.519494,664.354,12848,100.963,23.1957,0.267264,77.4999,357.385,46.3784,0.108576,310.898,458.348,1,0,0
1200,2,1,632,1,1,1,4316.62,18713.3,382.524,46.3844,0.678182,288.654,13578,129.295,23.1957,0.462701,105.637,57.8712,23.1887,0.0718272,34.6106,187.166,0,0,0
1200,2,1,633,1,1,1,4397.07,18743.8,611.059,46.3844,0.552902,517.979,9544.65,149.738,23.1957,0.302342,126.24,115.053,23.1887,0.106906,91.7578,264.792,0,0,0
1200,2,1,634,1,1,1,4366.2,18702.8,523.1,46.3844,0.482746,429.835,11068.2,85.5697,23.1957,0.267264,62.1068,148.732,23.1887,0.0718272,125.472,234.302,0,0,0
1200,2,1,635,1,1,1,4317.9,18692.2,575.41,46.3844,0.482746,482.297,10127.4,151.29,23.1957,0.267264,127.827,97.4233,23.1887,0.0718272,74.1628,248.713,0,0,0
1200,2,1,636,1,1,1,4316.68,18703.3,444.191,46.3844,0.678182,350.501,12471.4,158.829,23.1957,0.462701,135.17,75.6575,23.1887,0.0718272,52.397,234.486,0,0,0
1200,2,1,637,1,1,2,10377.7,24696.1,694.27,69.5741,0.589651,578.843,14416.7,81.2491,23.1957,0.267264,57.7861,350.747,46.3784,0.178733,304.19,431.996,1,0,0
1200,2,1,638,1,0,0,-1,-1,835.717,23.1957,0.337421,766.058,252606,-1,-1,-1,-1,-1,-1,-1,-1,-1,0,0,0
1200,2,1,639,1,1,2,10338.7,36751.4,1161.53,81.182,1.39311,1035.37,18360.3,513.66,34.8035,0.8352,477.779,312.717,46.3784,0.414259,265.925,826.377,1,0,0
1200,2,1,640,1,1,1,4316.3,18771.3,402.69,46.3844,0.517824,309.04,13277.6,141.191,23.1957,0.302342,117.693,63.6555,23.1887,0.0718272,40.395,204.846,0,0,0
1200,2,1,641,1,0,0,-1,-1,862.477,23.1957,0.267264,792.966,252969,-1,-1,-1,-1,-1,-1,-1,-1,-1,0,0,0
1200,2,1,642,1,1,1,4332.74,18654.5,436.45,46.3844,0.517824,342.898,12560.4,80.425,23.1957,0.302342,56.927,136.273,23.1887,0.0718272,113.013,216.699,0,0,0
1200,2,1,643,1,1,1,4440.94,24796.9,715.809,52.1883,1.15759,616.785,13833.4,230.125,28.9996,0.871949,200.021,159.422,23.1887,0.141984,136.091,389.546,0,0,0
1200,2,1,644,1,0,0,-1,-1,1405.13,23.1957,0.267264,1337.19,263569,-1,-1,-1,-1,-1,-1,-1,-1,-1,0,0,0
1200,2,1,645,1,1,1,4387.04,18748.1,639.148,46.3844,0.552902,546.151,9049.46,142.771,23.1957,0.267264,119.308,156.628,23.1887,0.141984,133.297,299.399,0,0,0
1200,2,1,646,1,1,1,4368.13,18699.1,648.862,46.3844,0.913709,555.532,8827.02,156.507,23.1957,0.267264,133.044,144.705,23.1887,0.0718272,121.445,301.213,0,0,0
1200,2,1,647,1,1,1,4330.34,18650.9,516.639,46.3844,0.482746,423.356,11131.1,84.9904,23.1957,0.267264,61.5274,147.196,23.1887,0.0718272,123.936,232.187,0,0,0
1200,2,1,648,1,1,1,4399.52,18717.5,530.629,46.3844,0.805133,437.063,10947.9,83.0845,23.1957,0.267264,59.6216,148.884,23.1887,0.106906,125.589,231.969,0,0,0
1200,2,1,649,1,1,1,4379.78,18715.8,435.832,46.3844,0.840211,341.955,12631.7,81.4221,23.1957,0.337421,57.889,137.919,23.1887,0.0718272,114.659,219.342,0,0,0
1200,2,1,650,1,1,1,4328.42,18709.1,499.96,46.3844,0.696557,406.414,11485,155.179,23.1957,0.337421,131.646,81.4761,23.1887,0.0718272,58.2156,236.655,0,0,0
1200,2,1,651,1,1,1,4334.09,18657.3,561.596,46.3844,0.482746,468.443,10338.2,146.251,23.1957,0.267264,122.788,91.5614,23.1887,0.0718272,68.3009,237.812,0,0,0
1200,2,1,652,1,1,1,4345.83,18697.1,649.032,46.3844,0.482746,556.133,8823.18,155.311,23.1957,0.267264,131.848,145.572,23.1887,0.0718272,122.311,300.883,0,0,0
1200,2,1,653,1,1,1,4348.98,18726.4,639.971,46.3844,0.482746,547.046,9013.57,143.387,23.1957,0.267264,119.924,157.052,23.1887,0.0718272,133.792,300.439,0,0,0
1200,2,1,654,1,1,2,10354.3,24740.1,853.582,69.5741,0.928742,738.279,11626.9,148.299,23.1957,0.497779,124.605,356.17,46.3784,0.143654,309.648,504.469,1,0,0
1200,2,1,655,1,1,1,4317.7,18728.4,651.456,46.3844,0.482746,558.564,8811.32,156.41,23.1957,0.267264,132.947,156.059,23.1887,0.0718272,132.799,312.469,0,0,0
1200,2,1,656,1,0,0,-1,-1,1524.26,23.1957,0.302342,1456.64,270328,-1,-1,-1,-1,-1,-1,-1,-1,-1,0,0,0
1200,2,1,657,0,0,0,-1,-1,375.631,23.206,0.551232,304.41,245298,-1,-1,-1,-1,-1,-1,-1,-1,-1,0,0,0
1200,2,1,658,1,1,1,4393.28,18721.4,645.429,46.3844,0.482746,552.52,8911.53,148.256,23.1957,0.267264,124.793,148.268,23.1887,0.0718272,125.008,296.524,0,0,0
1200,2,1,659,1,1,1,4422.53,18844.9,635.047,46.3844,0.661478,541.929,9219.01,138.842,23.1957,0.267264,115.379,157.688,23.1887,0.106906,134.393,296.53,0,0,0
1200,2,1,660,1,1,1,4320.71,18711.8,379.676,46.3844,0.482746,285.994,13627.6,127.981,23.1957,0.267264,104.518,57.7177,23.1887,0.0718272,34.4572,185.698,0,0,0
1200,2,1,661,1,1,1,4370.73,18790,629.931,46.3844,0.536198,536.923,9255.24,142.858,23.1957,0.302342,119.36,156.827,23.1887,0.0902016,133.548,299.685,0,0,0
1200,2,1,662,1,1,1,4318.22,24635.9,409.116,52.1883,0.731635,309.626,19127.3,230.903,28.9996,0.516154,201.163,31.0789,23.1887,0.0718272,7.81839,261.982,0,0,0
1200,2,1,663,1,0,0,-1,-1,780.759,23.1957,0.302342,710.976,251858,-1,-1,-1,-1,-1,-1,-1,-1,-1,0,0,0
1200,2,1,664,1,1,1,4315.98,18653.4,614.425,46.3844,0.517824,521.39,9394.57,134.685,23.1957,0.302342,111.187,155.054,23.1887,0.0718272,131.794,289.739,0,0,0
1200,2,1,665,1,1,1,4325.67,18641.8,444.154,46.3844,0.517824,350.624,12410.8,77.829,23.1957,0.267264,54.366,137.15,23.1887,0.106906,113.854,214.979,0,0,0
1200,2,1,666,1,1,1,4337.71,24698.4,814.297,52.1883,0.766714,715.95,11984.6,343.537,28.9996,0.516154,314.021,128.772,23.1887,0.106906,105.476,472.308,0,0,0
1200,2,1,667,0,0,0,-1,-1,1321.01,29.0099,0.995558,1246.45,260872,-1,-1,-1,-1,-1,-1,-1,-1,-1,0,0,0
1200,2,1,668,1,1,1,4338.42,18662.2,623.752,46.3844,0.482746,530.779,9237.76,136.981,23.1957,0.267264,113.518,157.207,23.1887,0.0718272,133.947,294.189,0,0,0
1200,2,1,669,1,1,1,4421.59,18779.8,642.63,46.3844,0.6264,549.569,9019.25,144.605,23.1957,0.267264,121.142,155.022,23.1887,0.0718272,131.761,299.626,0,0,0
1200,2,1,670,1,1,2,10349.9,24663.2,612.118,69.5741,1.23777,495.804,15843.1,92.8341,23.1957,0.267264,69.3711,331.632,46.3784,0.683194,284.57,424.466,1,0,0
1200,2,1,671,1,0,0,-1,-1,1421.69,23.1957,0.267264,1353.81,264574,-1,-1,-1,-1,-1,-1,-1,-1,-1,0,0,0
1200,2,1,672,1,1,1,4381.03,18705.6,433.919,46.3844,0.482746,340.394,12656.9,82.3518,23.1957,0.267264,58.8888,138.979,23.1887,0.0718272,115.718,221.331,0,0,0
1200,2,1,673,1,1,1,4400.9,18839.8,657.736,46.3844,0.482746,564.863,8811.05,160.231,23.1957,0.267264,136.768,158.094,23.1887,0.0718272,134.833,318.324,0,0,0
1200,2,1,674,1,1,1,4319.85,18634.4,633.668,46.3844,0.517824,540.689,9033.45,136.139,23.1957,0.302342,112.641,155.244,23.1887,0.0718272,131.983,291.383,0,0,0
1200,2,1,675,1,1,1,4343.98,18729.1,507.934,46.3844,0.6264,414.481,11363.8,151.497,23.1957,0.267264,128.034,82.9904,23.1887,0.0718272,59.7299,234.488,0,0,0
1200,2,1,676,1,1,1,4339.96,18772.9,406.281,46.3844,0.482746,312.676,13215.6,142.535,23.1957,0.267264,119.072,65.4423,23.1887,0.0718272,42.1818,207.977,0,0,0
1200,2,1,677,1,0,0,-1,-1,789.648,23.1957,0.337421,719.855,251961,-1,-1,-1,-1,-1,-1,-1,-1,-1,0,0,0
1200,2,1,678,1,1,2,10326.2,24659.7,791.425,69.5741,1.28955,675.58,12651.1,111.695,23.1957,0.462701,88.0363,359.981,46.3784,0.683194,312.92,471.676,1,0,0
1200,2,1,679,1,1,1,4318.15,24684.8,754.422,52.1883,0.731635,655.937,13035.9,336.9,28.9996,0.516154,307.385,94.1711,23.1887,0.0718272,70.9106,431.071,0,0,0
1200,2,1,680,1,1,1,4317.26,24668.3,447.134,52.1883,0.571277,347.915,18483.9,254.397,28.9996,0.355795,224.88,34.5369,23.1887,0.0718272,11.2764,288.934,0,0,0
1200,2,1,681,1,0,0,-1,-1,743.057,23.1957,0.302342,673.163,251210,-1,-1,-1,-1,-1,-1,-1,-1,-1,0,0,0
1200,2,1,682,1,1,1,4325.83,18666.8,580.575,46.3844,0.517824,487.442,10009.9,149.889,23.1957,0.267264,126.426,99.6422,23.1887,0.106906,76.3466,249.531,0,0,0
1200,2,1,683,1,1,1,4322.54,18719.1,504.874,46.3844,0.482746,411.556,11408.6,151.896,23.1957,0.267264,128.433,82.2089,23.1887,0.0718272,58.9484,234.105,0,0,0
1200,2,1,684,1,1,1,4328.33,18656.8,545.832,46.3844,0.482746,452.633,10618,82.202,23.1957,0.267264,58.739,145.886,23.1887,0.0718272,122.625,228.088,0,0,0
1200,2,1,685,1,1,1,4335.23,18679.6,493.933,46.3844,0.482746,400.583,11563.7,157.071,23.1957,0.267264,133.608,80.7199,23.1887,0.0718272,57.4594,237.79,0,0,0
1200,2,1,686,1,1,1,4345.01,36684.3,1105.3,63.7961,1.03398,996.244,18994.8,698.229,40.6075,0.818496,656.285,89.4173,23.1887,0.0718272,66.1567,787.646,0,0,0
1200,2,1,687,1,1,1,4361.08,18677.4,491.842,46.3844,0.587981,398.381,11597.8,81.8284,23.1957,0.267264,58.3654,147.415,23.1887,0.177062,124.049,229.243,0,0,0
1200,2,1,688,1,1,1,4334.83,18736.8,507.915,46.3844,0.552902,414.535,11371.7,151.995,23.1957,0.337421,128.462,83.1492,23.1887,0.0718272,59.8887,235.144,0,0,0
1200,2,1,689,1,1,2,10324.1,24664.6,620.422,69.5741,0.663149,504.707,15698.4,86.6364,23.1957,0.267264,63.1734,328.315,46.3784,0.25223,281.684,414.951,1,0,0
1200,2,1,690,1,1,1,4331.48,18684.6,647.634,46.3844,0.482746,554.731,8835.54,153.008,23.1957,0.267264,129.545,146.088,23.1887,0.0718272,122.827,299.096,0,0,0
1200,2,1,691,1,1,1,4320.58,18637.3,570.535,46.3844,0.482746,477.408,10159.2,100.279,23.1957,0.267264,76.8159,147.916,23.1887,0.0718272,124.656,248.195,0,0,0
1200,2,1,692,1,1,1,4349.84,18768.3,593.413,46.3844,0.678182,500.157,9882.94,153.718,23.1957,0.462701,130.059,104.043,23.1887,0.0718272,80.7828,257.761,0,0,0
1200,2,1,693,1,1,1,4318.22,18641.7,427.971,46.3844,0.482746,334.429,12698.6,90.2099,23.1957,0.267264,66.7469,136.512,23.1887,0.0718272,113.251,226.722,0,0,0
1200,2,1,694,1,1,1,4327.13,18698.3,643.983,46.3844,1.10413,550.448,8912.46,146.455,23.1957,0.888653,122.371,152.964,23.1887,0.0718272,129.704,299.419,0,0,0
1200,2,1,695,1,1,1,4367.72,18688.5,430.004,46.3844,0.517824,336.433,12709.1,85.669,23.1957,0.267264,62.206,137.213,23.1887,0.106906,113.917,222.882,0,0,0
1200,2,1,696,1,1,1,4334.72,18656.6,458.949,46.3844,0.482746,365.497,12162.8,77.8109,23.1957,0.267264,54.3479,142.182,23.1887,0.0718272,118.922,219.993,0,0,0
1200,2,1,697,1,1,1,4329.94,18655.7,647.884,46.3844,0.552902,554.911,8801.72,155.585,23.1957,0.267264,132.122,144.231,23.1887,0.141984,120.9,299.816,0,0,0
1200,2,1,698,1,1,1,4330.21,18647.5,534.261,46.3844,0.482746,441.028,10814.4,84.2974,23.1957,0.267264,60.8344,147.857,23.1887,0.0718272,124.596,232.154,0,0,0
1200,2,1,699,1,1,1,4316.87,18652.4,451.251,46.3844,0.517824,357.742,12295.1,77.615,23.1957,0.302342,54.1169,137.679,23.1887,0.0718272,114.419,215.294,0,0,0
1200,2,1,700,1,0,0,-1,-1,1392.37,23.1957,0.267264,1324.4,262696,-1,-1,-1,-1,-1,-1,-1,-1,-1,0,0,0
1200,2,1,701,1,1,1,4316.3,18641.2,425.205,46.3844,0.482746,331.655,12747.4,148.763,23.1957,0.267264,125.3,70.4831,23.1887,0.0718272,47.2226,219.246,0,0,0
1200,2,1,702,1,1,1,4335.88,18752.7,592.539,46.3844,0.805133,499.154,9882.28,153.196,23.1957,0.267264,129.733,103.194,23.1887,0.106906,79.8985,256.39,0,0,0
1200,2,1,703,1,0,0,-1,-1,1548.01,23.1957,0.302342,1480.45,271398,-1,-1,-1,-1,-1,-1,-1,-1,-1,0,0,0
1200,2,1,704,1,1,2,10358.1,24678.1,769.645,69.5741,0.519494,654.507,13058.9,92.1428,23.1957,0.267264,68.6799,357.947,46.3784,0.108576,311.46,450.09,1,0,0
1200,2,1,705,1,1,1,4316.3,18641.9,517.638,46.3844,0.482746,424.357,11104.4,150.537,23.1957,0.267264,127.074,79.6461,23.1887,0.0718272,56.3856,230.183,0,0,0
1200,2,1,706,1,1,1,4340.39,18652,452.238,46.3844,0.6264,358.623,12277.1,77.2713,23.1957,0.267264,53.8083,137.753,23.1887,0.0718272,114.493,215.025,0,0,0
1200,2,1,707,1,1,1,4362.64,18748.6,653.371,46.3844,0.482746,560.484,8797.47,157.282,23.1957,0.267264,133.819,156.886,23.1887,0.0718272,133.626,314.168,0,0,0
1200,2,1,708,1,1,1,4374.99,24770.2,839.674,52.1883,0.83687,741.331,11604.7,343.63,28.9996,0.58631,314.044,157.502,23.1887,0.106906,134.207,501.132,0,0,0
1200,2,1,709,1,1,1,4343.75,24668.7,828.086,52.1883,0.731635,729.814,11709.9,333.084,28.9996,0.481075,303.603,150.918,23.1887,0.106906,127.623,484.003,0,0,0
1200,2,1,710,1,1,1,4324.87,18712.7,565.442,46.3844,0.482746,472.3,10325.2,148.657,23.1957,0.267264,125.194,93.8769,23.1887,0.0718272,70.6164,242.533,0,0,0
1200,2,1,711,1,1,1,4318.66,18652.1,412.183,46.3844,0.517824,318.56,12989.6,144.647,23.1957,0.302342,121.149,67.3915,23.1887,0.0718272,44.131,212.039,0,0,0
1200,2,1,712,1,1,3,16359.3,30689.6,1024.71,92.7639,0.6264,887.655,14933.7,136.78,23.1957,0.302342,113.282,556.693,69.5682,0.180403,486.944,693.473,2,0,0
1200,2,1,713,1,1,1,4332.87,18665.2,603.271,46.3844,0.517824,510.204,9604.76,123.709,23.1957,0.267264,100.246,155.457,23.1887,0.106906,132.162,279.166,0,0,0
1200,2,1,714,1,1,1,4397.02,18811.8,634.525,46.3844,0.552902,541.514,9195.36,139.053,23.1957,0.337421,115.52,158.366,23.1887,0.0718272,135.106,297.419,0,0,0
1200,2,1,715,1,1,1,4334.39,18663.7,413.01,46.3844,0.482746,319.424,12986.7,89.802,23.1957,0.267264,66.339,138.152,23.1887,0.0718272,114.892,227.954,0,0,0
1200,2,1,716,1,1,1,4325.92,18707.5,466.989,46.3844,0.482746,373.561,12070.7,161.588,23.1957,0.267264,138.125,82.2739,23.1887,0.0718272,59.0134,243.862,0,0,0
1200,2,1,717,1,1,1,4320.33,18795.6,642.789,46.3844,0.482746,549.872,9032.64,156.789,23.1957,0.267264,133.326,143.942,23.1887,0.0718272,120.682,300.731,0,0,0
1200,2,1,718,1,1,1,4328.69,18654.3,455.053,46.3844,0.482746,361.59,12229.7,160.837,23.1957,0.267264,137.374,78.3574,23.1887,0.0718272,55.0969,239.195,0,0,0
1200,2,1,719,1,1,1,4325.16,18644.8,444.032,46.3844,0.6264,350.393,12415.8,78.9497,23.1957,0.267264,55.4868,136.196,23.1887,0.0718272,112.935,215.146,0,0,0
1200,2,1,720,1,1,1,4347.26,18745.9,558.236,46.3844,0.661478,464.895,10485.9,148.091,23.1957,0.302342,124.593,89.7223,23.1887,0.0718272,66.4618,237.813,0,0,0
1200,2,1,721,1,0,0,-1,-1,1513.36,23.1957,0.267264,1445.75,269751,-1,-1,-1,-1,-1,-1,-1,-1,-1,0,0,0
1200,2,1,722,1,1,1,4395.89,18808.7,656.923,46.3844,0.482746,564.047,8794.47,159.281,23.1957,0.267264,135.818,158.171,23.1887,0.0718272,134.911,317.452,0,0,0
1200,2,1,723,1,0,0,-1,-1,1377.14,23.1957,0.337421,1309.05,262035,-1,-1,-1,-1,-1,-1,-1,-1,-1,0,0,0
1200,2,1,724,1,0,0,-1,-1,1095.17,28.9996,0.320717,1020.64,256622,-1,-1,-1,-1,-1,-1,-1,-1,-1,0,0,0
1200,2,1,725,1,1,1,4334.38,18685,614.971,46.3844,0.661478,521.795,9416.07,135.031,23.1957,0.302342,111.533,155.525,23.1887,0.0718272,132.265,290.556,0,0,0
1200,2,1,726,1,1,1,4323.34,30674.3,700.152,57.9922,0.980525,595.615,20089.7,474.561,34.8035,0.729965,438.682,49.4453,23.1887,0.106906,26.1497,524.006,0,0,0
1200,2,1,727,1,1,1,4344.29,18692.5,637.435,46.3844,0.482746,544.503,9024.76,142.861,23.1957,0.267264,119.398,154.453,23.1887,0.0718272,131.193,297.315,0,0,0
1200,2,1,728,1,0,0,-1,-1,1420.12,23.1957,0.267264,1352.23,264551,-1,-1,-1,-1,-1,-1,-1,-1,-1,0,0,0
1200,2,1,729,1,0,0,-1,-1,830.722,23.1957,0.888653,760.498,252524,-1,-1,-1,-1,-1,-1,-1,-1,-1,0,0,0
1200,2,1,730,1,1,1,4374.88,18766.4,632.66,46.3844,0.6264,539.57,9183.2,137.822,23.1957,0.267264,114.359,156.765,23.1887,0.0718272,133.505,294.587,0,0,0
1200,2,1,731,1,1,1,4371.91,18688.5,623.807,46.3844,0.6264,530.691,9262.68,137.682,23.1957,0.267264,114.219,156.314,23.1887,0.0718272,133.053,293.996,0,0,0
1200,2,1,732,1,1,1,4356.43,18688.9,637.399,46.3844,0.482746,544.467,9021.8,143.213,23.1957,0.267264,119.75,154.966,23.1887,0.0718272,131.705,298.179,0,0,0
1200,2,1,733,1,1,1,4318.54,18635.9,603.814,46.3844,0.482746,510.784,9566.02,125.748,23.1957,0.267264,102.285,154.554,23.1887,0.0718272,131.294,280.302,0,0,0
1200,2,1,734,1,1,1,4368.59,18749.2,653.244,46.3844,0.517824,560.322,8800.16,157.119,23.1957,0.267264,133.656,152.016,23.1887,0.106906,128.72,309.135,0,0,0
1200,2,1,735,1,1,1,4317.19,18778.1,389.979,46.3844,0.678182,296.132,13510.2,133.628,23.1957,0.462701,109.97,60.1506,23.1887,0.0718272,36.8901,193.779,0,0,0
1200,2,1,736,1,1,1,4331.88,18704.1,651.839,46.3844,0.482746,558.948,8780.24,157.607,23.1957,0.267264,134.144,156.112,23.1887,0.0718272,132.851,313.718,0,0,0
1200,2,1,737,1,1,1,4318.85,18693.1,428.409,46.3844,0.678182,334.673,12741.8,151.126,23.1957,0.462701,127.468,71.122,23.1887,0.0718272,47.8615,222.248,0,0,0
1200,2,1,738,1,1,1,4390.7,18710.2,502.938,46.3844,0.770054,409.327,11433.3,83.5953,23.1957,0.267264,60.1323,148.154,23.1887,0.0718272,124.894,231.75,0,0,0
1200,2,1,739,1,1,1,4370.39,18742,653.913,46.3844,0.678182,560.833,8780.82,156.715,23.1957,0.462701,133.057,152.002,23.1887,0.0718272,128.742,308.718,0,0,0
1200,2,1,740,1,1,1,4331.94,18690.2,648.045,46.3844,0.517824,555.108,8833.6,158.432,23.1957,0.302342,134.934,144.722,23.1887,0.0718272,121.461,303.154,0,0,0
1200,2,1,741,1,1,1,4319.62,18700,428.654,46.3844,0.587981,335.009,12744.1,151.68,23.1957,0.372499,128.112,71.4198,23.1887,0.0718272,48.1593,223.1,0,0,0
1200,2,1,742,1,1,1,4342.39,18687.2,645.576,46.3844,0.965491,552.184,8873.47,148.054,23.1957,0.462701,124.396,149.42,23.1887,0.0718272,126.159,297.474,0,0,0
1200,2,1,743,1,1,1,4331.52,24649.8,715.09,52.1883,0.571277,616.65,13700.6,328.692,28.9996,0.355795,299.337,83.9415,23.1887,0.0718272,60.681,412.634,0,0,0
1200,2,1,744,1,1,1,4332.14,18649.6,579.416,46.3844,0.482746,486.314,10013.5,105.838,23.1957,0.267264,82.3747,153.105,23.1887,0.0718272,129.845,258.943,0,0,0
1200,2,1,745,1,1,1,4348.93,18687.6,460.063,46.3844,0.770054,366.327,12173.1,77.9842,23.1957,0.267264,54.5212,142.278,23.1887,0.0718272,119.018,220.262,0,0,0
1200,2,1,746,1,1,1,4324.94,18761.9,395.081,46.3844,0.678182,301.248,13403.2,136.04,23.1957,0.462701,112.381,62.8506,23.1887,0.0718272,39.5901,198.89,0,0,0
1200,2,1,747,1,1,2,10327.6,24658.4,698.925,69.5741,0.554573,583.546,14296.5,81.84,23.1957,0.302342,58.342,350.423,46.3784,0.108576,303.936,432.263,1,0,0
1200,2,1,748,1,1,2,10382.7,24717.5,827.292,69.5741,0.589651,712.252,12072.7,157.607,23.1957,0.302342,134.109,330.728,46.3784,0.143654,284.205,488.335,1,0,0
1200,2,1,749,1,1,1,4342.15,18687.6,427.287,46.3844,0.482746,333.744,12756.8,93.2871,23.1957,0.267264,69.8241,140.448,23.1887,0.0718272,117.187,233.735,0,0,0
1200,2,1,750,1,1,1,4346.95,24668.2,804.443,52.1883,0.696557,706.137,12130.1,306.943,28.9996,0.481075,277.459,153.331,23.1887,0.0718272,130.07,460.274,0,0,0
1200,2,1,751,1,1,1,4359.78,18716.1,624.367,46.3844,0.644774,531.234,9280.12,139.172,23.1957,0.267264,115.709,157.182,23.1887,0.0902016,133.904,296.355,0,0,0
1200,2,1,752,1,1,1,4317.9,30645.4,687.517,57.9922,1.21104,582.712,20284.7,469.515,34.8035,0.995558,433.36,46.7355,23.1887,0.0718272,23.475,516.251,0,0,0
1200,2,1,753,1,1,1,4317.26,18632.7,552.204,46.3844,0.482746,459.024,10480.5,86.1834,23.1957,0.267264,62.7204,146.023,23.1887,0.0718272,122.762,232.206,0,0,0
1200,2,1,754,1,1,1,4316.3,30652.4,444.844,57.9922,0.820166,339.725,24607.9,335.595,34.8035,0.604685,299.44,23.9449,23.1887,0.0718272,0.684019,359.54,0,0,0
1200,2,1,755,1,1,1,4315.02,18674.7,458.031,46.3844,0.482746,364.577,12197.1,161.014,23.1957,0.267264,137.551,79.1245,23.1887,0.0718272,55.864,240.138,0,0,0
1200,2,1,756,1,1,1,4334.45,18659.5,497.818,46.3844,0.482746,404.479,11474.5,81.9601,23.1957,0.267264,58.4972,147.723,23.1887,0.0718272,124.463,229.683,0,0,0
1200,2,1,757,1,1,1,4379.97,18705.5,560.983,46.3844,0.482746,467.828,10397.3,92.3089,23.1957,0.267264,68.8459,147.857,23.1887,0.0718272,124.596,240.166,0,0,0
1200,2,1,758,1,1,2,10413,30824.5,1009.77,75.3781,1.15926,889.041,15033.6,335.665,28.9996,0.907027,305.758,333.882,46.3784,0.108576,287.395,669.547,1,0,0
1200,2,1,759,1,0,0,-1,-1,1236.67,23.1957,0.267264,1168.25,259328,-1,-1,-1,-1,-1,-1,-1,-1,-1,0,0,0
1200,2,1,760,1,1,1,4319.75,18786.6,463.201,46.3844,0.908698,369.336,12215.9,164.59,23.1957,0.658138,140.736,79.7263,23.1887,0.106906,56.4307,244.317,0,0,0
1200,2,1,761,1,1,1,4346.79,18696.4,635.641,46.3844,0.482746,542.703,9060.54,139.909,23.1957,0.267264,116.446,154.033,23.1887,0.0718272,130.772,293.941,0,0,0
1200,2,1,762,1,1,1,4336.64,18718.1,652.365,46.3844,0.482746,559.475,8784.89,157.159,23.1957,0.267264,133.696,155.949,23.1887,0.0718272,132.689,313.108,0,0,0
1200,2,1,763,1,1,1,4352.22,18672.4,419.996,46.3844,0.696557,326.218,12882,92.7175,23.1957,0.302342,69.2195,138.801,23.1887,0.106906,115.505,231.519,0,0,0
1200,2,1,764,1,1,1,4345.61,18668.4,545.634,46.3844,0.482746,452.434,10633.1,81.0812,23.1957,0.267264,57.6182,146.285,23.1887,0.0718272,123.024,227.366,0,0,0
1200,2,1,765,1,1,1,4320.58,24638,558.607,52.1883,0.696557,459.587,16471.4,310.84,28.9996,0.481075,281.359,55.4636,23.1887,0.0718272,32.203,366.304,0,0,0
1200,2,1,766,0,0,0,-1,-1,1249.68,29.0099,0.96048,1174.95,259436,-1,-1,-1,-1,-1,-1,-1,-1,-1,0,0,0
1200,2,1,767,1,1,1,4315.42,18632.2,465.973,46.3844,0.482746,372.541,12013.4,76.719,23.1957,0.267264,53.256,142.789,23.1887,0.0718272,119.528,219.508,0,0,0
1200,2,1,768,1,0,0,-1,-1,1456.15,23.1957,0.267264,1388.36,266090,-1,-1,-1,-1,-1,-1,-1,-1,-1,0,0,0
1200,2,1,769,1,1,1,4341.99,24696.4,809.121,52.1883,0.571277,710.954,12075.1,342.957,28.9996,0.355795,313.602,121.559,23.1887,0.0718272,98.2984,464.516,0,0,0
1200,2,1,770,1,1,1,4344.2,18697.8,646.747,46.3844,0.678182,553.646,8864.06,147.816,23.1957,0.462701,124.158,149.64,23.1887,0.0718272,126.379,297.456,0,0,0
1200,2,1,771,1,1,1,4351.26,18681.4,635.582,46.3844,0.482746,542.644,9046.62,138.2,23.1957,0.267264,114.737,155.417,23.1887,0.0718272,132.156,293.617,0,0,0
1200,2,1,772,1,1,1,4403.75,18801.7,654.835,46.3844,0.873619,561.562,8823.66,157.035,23.1957,0.658138,133.182,161.99,23.1887,0.0718272,138.73,319.026,0,0,0
1200,2,1,773,1,1,1,4326.41,18734.7,420.032,46.3844,0.517824,326.432,12932.6,148.35,23.1957,0.302342,124.852,70.364,23.1887,0.0718272,47.1035,218.714,0,0,0
1200,2,1,774,1,1,1,4454.04,18807.2,630.296,46.3844,0.623059,537.202,9265.42,140.869,23.1957,0.337421,117.335,159.793,23.1887,0.141984,136.463,300.662,0,0,0
1200,2,1,775,1,1,1,4326.43,18739.2,647.958,46.3844,0.482746,555.055,8884.37,149.418,23.1957,0.267264,125.955,151.912,23.1887,0.0718272,128.652,301.33,0,0,0
1200,2,1,776,1,1,1,4321.99,18741.2,516.629,46.3844,0.482746,423.345,11221.6,153.215,23.1957,0.267264,129.752,82.1692,23.1887,0.0718272,58.9087,235.385,0,0,0
1200,2,1,777,0,0,0,-1,-1,494.297,5.80392,0.444326,440.452,247305,-1,-1,-1,-1,-1,-1,-1,-1,-1,0,0,0
1200,2,1,778,1,1,1,4316.62,18685.2,421.394,46.3844,0.482746,327.833,12859.2,148.767,23.1957,0.267264,125.304,70.6383,23.1887,0.0718272,47.3778,219.405,0,0,0
1200,2,1,779,1,1,2,10321.9,24671.5,792.186,69.5741,0.572947,677.06,12651,154.651,23.1957,0.302342,131.153,303.18,46.3784,0.12695,256.675,457.831,1,0,0
1200,2,1,780,1,1,1,4331.91,18652.2,513.69,46.3844,0.482746,420.397,11184.9,83.8552,23.1957,0.267264,60.3922,147.649,23.1887,0.0718272,124.389,231.504,0,0,0
1200,2,1,781,1,1,1,4321.16,18682.8,498.691,46.3844,0.517824,405.32,11482,154.764,23.1957,0.267264,131.301,81.7224,23.1887,0.106906,58.4268,236.486,0,0,0
1200,2,1,782,1,1,3,16329.2,30661.4,934.227,92.7639,0.87863,796.655,16513.9,82.7893,23.1957,0.302342,59.2913,554.312,69.5682,0.432634,484.311,637.101,2,0,0
1200,2,1,783,1,1,1,4360.69,18695.9,647.062,46.3844,0.517824,554.122,8856.78,147.83,23.1957,0.267264,124.367,152.227,23.1887,0.106906,128.931,300.057,0,0,0
1200,2,1,784,1,1,1,4328.39,18688.7,563.699,46.3844,0.517824,470.517,10332,147.539,23.1957,0.267264,124.076,93.4626,23.1887,0.106906,70.167,241.002,0,0,0
1200,2,1,785,1,1,1,4315.34,24664.9,784.945,52.1883,0.731635,686.548,12473.3,339.42,28.9996,0.516154,309.904,104.883,23.1887,0.0718272,81.6221,444.302,0,0,0
1200,2,1,786,1,1,1,4315.34,24732.1,784.099,52.1883,0.731635,685.699,12555.6,341.459,28.9996,0.516154,311.943,103.661,23.1887,0.0718272,80.4002,445.12,0,0,0
1200,2,1,787,1,1,1,4356.6,18672,440.737,46.3844,0.482746,347.233,12502,78.4372,23.1957,0.267264,54.9742,137.299,23.1887,0.0718272,114.038,215.736,0,0,0
1200,2,1,788,1,1,1,4345.22,18727.5,611.152,46.3844,0.536198,518.089,9526.64,129.124,23.1957,0.302342,105.626,156.511,23.1887,0.0902016,133.232,285.635,0,0,0
1200,2,1,789,1,1,1,4373.04,18688,542.324,46.3844,0.6264,448.971,10711.1,80.722,23.1957,0.267264,57.2591,147.348,23.1887,0.0718272,124.087,228.07,0,0,0
1200,2,1,790,1,1,1,4321.61,18702.5,448.928,46.3844,0.678182,355.251,12386.3,160.237,23.1957,0.462701,136.578,76.3577,23.1887,0.0718272,53.0972,236.594,0,0,0
1200,2,1,791,1,1,1,4372.35,18790.6,646.872,46.3844,0.713261,553.736,8954.35,149.689,23.1957,0.462701,126.031,147.314,23.1887,0.106906,124.019,297.004,0,0,0
1200,2,1,792,1,1,1,4352.13,18676.4,490.119,46.3844,0.482746,396.758,11628.3,82.9257,23.1957,0.267264,59.4627,147.303,23.1887,0.0718272,124.042,230.228,0,0,0
1200,2,1,793,1,1,1,4314.7,18673.5,648.924,46.3844,0.482746,556.025,8801.46,147.852,23.1957,0.267264,124.389,152.118,23.1887,0.0718272,128.857,299.969,0,0,0
1200,2,1,794,1,1,2,10336.2,24695.6,812.33,69.5741,0.714931,697.12,12316.9,157.302,23.1957,0.462701,133.644,317.306,46.3784,0.108576,270.819,474.608,1,0,0
1200,2,1,795,1,1,1,4319.78,24661.3,822.944,52.1883,0.785088,724.604,11793.5,334.417,28.9996,0.516154,304.901,145.806,23.1887,0.12528,122.492,480.223,0,0,0
1200,2,1,796,1,1,1,4316.62,18691.4,524.628,46.3952,0.50112,431.338,11029.6,147.112,23.2065,0.285638,123.62,81.5555,23.1887,0.0718272,58.295,228.667,0,0,0
1200,2,1,797,1,1,1,4341.79,18783,600.084,46.3844,0.678182,506.847,9778.95,156.167,23.1957,0.462701,132.508,104.554,23.1887,0.0718272,81.2936,260.721,0,0,0
1200,2,1,798,1,1,1,4316.94,18800.2,408.305,46.3844,0.482746,314.707,13206.9,144.134,23.1957,0.267264,120.671,65.5614,23.1887,0.0718272,42.3009,209.695,0,0,0
1200,2,1,799,1,1,1,4320.78,18692,382.404,46.3844,0.482746,288.73,13559.3,129.311,23.1957,0.267264,105.848,58.3621,23.1887,0.0718272,35.1016,187.673,0,0,0
1200,2,1,800,1,1,1,4325.75,18742.4,651.499,46.3844,0.552902,558.537,8824.14,156.519,23.1957,0.302342,133.021,156.225,23.1887,0.106906,132.929,312.744,0,0,0
1200,2,1,801,1,1,1,4322.18,18734.8,646.367,46.3844,0.519494,553.424,8907.75,157.83,23.1957,0.267264,134.367,148.357,23.1887,0.108576,125.06,306.188,0,0,0
1200,2,1,802,1,1,1,4318.22,18644,648.364,46.3952,0.50112,555.434,8781.86,156.632,23.2065,0.285638,133.14,150.207,23.1887,0.0718272,126.946,306.839,0,0,0
1200,2,1,803,1,1,2,10324.8,24641.8,825.815,69.5741,0.950458,710.409,12022.6,138.55,23.1957,0.267264,115.087,360.13,46.3784,0.539539,313.212,498.68,1,0,0
1200,2,1,804,1,1,3,4364.02,18697.7,566.207,92.7639,1.01894,427.425,11065.1,149.446,23.1957,0.372499,125.878,128.084,69.5682,0.50279,58.0135,277.53,2,0,0
1200,2,1,805,1,1,1,4386.65,18778.8,648.826,46.3844,0.517824,555.891,8908.3,148.734,23.1957,0.267264,125.271,151.352,23.1887,0.106906,128.056,300.086,0,0,0
1200,2,1,806,1,1,1,4346.5,18680.6,577.909,46.3844,0.552902,484.733,10070.9,148.924,23.1957,0.267264,125.461,98.9771,23.1887,0.141984,75.6464,247.901,0,0,0
1200,2,1,807,1,1,1,4319.62,18690.1,651.573,46.3844,0.678182,558.486,8770.47,157.703,23.1957,0.462701,134.044,156.045,23.1887,0.0718272,132.785,313.748,0,0,0
1200,2,1,808,1,1,2,10383.8,24699,806.493,69.5741,0.519494,691.462,12424.5,125.692,23.1957,0.267264,102.229,357.461,46.3784,0.108576,310.974,483.154,1,0,0
1200,2,1,809,1,1,1,4323.01,18716.1,647.308,46.3844,0.482746,554.404,8872.79,148.301,23.1957,0.267264,124.838,147.896,23.1887,0.0718272,124.636,296.197,0,0,0
1200,2,1,810,1,1,1,4334.95,18739.3,641.782,46.3844,0.678182,548.666,8993.84,143.759,23.1957,0.462701,120.1,154.368,23.1887,0.0718272,131.108,298.127,0,0,0
1200,2,1,811,1,1,2,10337,24697.3,831.531,69.5741,0.714931,716.377,11977.1,155.461,23.1957,0.462701,131.803,332.577,46.3784,0.108576,286.09,488.038,1,0,0
1200,2,1,812,1,1,1,4352.06,18803.6,656.572,46.3844,0.482746,563.695,8795.54,160.931,23.1957,0.267264,137.468,156.635,23.1887,0.0718272,133.375,317.566,0,0,0
1200,2,1,813,1,1,1,4407.05,18779.4,624.322,46.3844,0.678182,531.156,9344.33,153.003,23.1957,0.462701,129.345,128.267,23.1887,0.0718272,105.007,281.27,0,0,0
1200,2,1,814,1,1,2,10408.4,24729.4,664.708,69.5741,0.663149,549.121,14975.7,76.4302,23.1957,0.267264,52.9673,341.075,46.3784,0.108576,294.588,417.506,1,0,0
1200,2,1,815,1,1,1,4319.85,18644.8,476.3,46.3844,0.482746,382.899,11842.3,156.352,23.1957,0.267264,132.889,81.9562,23.1887,0.0718272,58.6957,238.308,0,0,0
1200,2,1,816,1,1,1,4350,18694,618.377,46.3844,0.678182,525.193,9364.71,135.895,23.1957,0.462701,112.237,155.536,23.1887,0.0718272,132.276,291.431,0,0,0
1200,2,1,817,1,1,1,4362.81,18724.3,617.636,46.3844,0.608026,524.52,9407.47,135.992,23.1957,0.337421,112.459,155.689,23.1887,0.12695,132.373,291.681,0,0,0
1200,2,1,818,1,1,1,4329.48,24647.2,809.976,52.1883,0.766714,711.616,12010.3,314.786,28.9996,0.516154,285.27,148.7,23.1887,0.106906,125.405,463.486,0,0,0
1200,2,1,819,1,0,0,-1,-1,1496.91,23.1957,0.302342,1429.21,268857,-1,-1,-1,-1,-1,-1,-1,-1,-1,0,0,0
1200,2,1,820,1,1,1,4319.66,18658.6,565.13,46.3844,0.517824,471.952,10276.4,95.8037,23.1957,0.302342,72.3057,147.23,23.1887,0.0718272,123.97,243.034,0,0,0
1200,2,1,821,1,1,1,4320.21,18742.3,585.097,46.3844,0.482746,492.012,10005.3,152.508,23.1957,0.267264,129.045,100.073,23.1887,0.0718272,76.8123,252.581,0,0,0
1200,2,1,822,1,1,2,10334.7,24655.4,797.88,69.5741,0.663149,682.68,12533.7,118.987,23.1957,0.267264,95.5245,358.096,46.3784,0.25223,311.465,477.083,1,0,0
1200,2,1,823,1,1,1,4334.38,18650.1,463.341,46.3844,0.6264,369.758,12077.8,75.9086,23.1957,0.267264,52.4457,142.464,23.1887,0.0718272,119.203,218.373,0,0,0
1200,2,1,824,1,1,1,4389.71,18728,649.517,46.3844,0.517824,556.584,8845.2,154.028,23.1957,0.267264,130.565,147.592,23.1887,0.106906,124.297,301.62,0,0,0
1200,2,1,825,1,1,1,4318.22,24645.6,447.376,52.1883,0.696557,348.032,18457,253.738,28.9996,0.481075,224.098,34.9484,23.1887,0.0718272,11.6879,288.687,0,0,0
1200,2,1,826,1,0,0,-1,-1,1343.66,23.1957,0.302342,1275.51,261443,-1,-1,-1,-1,-1,-1,-1,-1,-1,0,0,0
1200,2,1,827,1,1,2,10399.7,24732.7,695.095,69.5741,1.18097,579.079,14437.2,82.7981,23.1957,0.462701,59.1397,351.034,46.3784,0.430963,304.224,433.832,1,0,0
1200,2,1,828,1,1,1,4366.75,18720.6,518.616,46.3844,0.587981,425.233,11165,85.8926,23.1957,0.337421,62.3594,148.168,23.1887,0.106906,124.872,234.06,0,0,0
1200,2,1,829,1,1,1,4357.12,18674.5,411.622,46.3844,0.913709,317.601,13021,89.5728,23.1957,0.267264,66.1098,138.335,23.1887,0.0718272,115.074,227.907,0,0,0
1200,2,1,830,1,1,1,4347.74,18724.7,634.683,46.3844,0.678182,541.546,9105.42,138.494,23.1957,0.462701,114.836,155.28,23.1887,0.0718272,132.019,293.774,0,0,0
1200,2,1,831,1,1,1,4316.3,18675.2,525.759,46.3844,0.713261,432.271,10992.6,145.976,23.1957,0.497779,122.282,81.7775,23.1887,0.0718272,58.517,227.753,0,0,0
1200,2,1,832,0,0,0,-1,-1,533.118,29.0099,0.604685,456.658,247553,-1,-1,-1,-1,-1,-1,-1,-1,-1,0,0,0
1200,2,1,833,1,1,2,10340.3,24716.9,839.227,69.5741,0.663149,724.147,11860,147.864,23.1957,0.267264,124.401,344.591,46.3784,0.108576,298.104,492.455,1,0,0
1200,2,1,834,1,1,1,4336.84,18690.2,646.399,46.3844,0.748339,553.227,8862.16,147.912,23.1957,0.462701,124.253,151.818,23.1887,0.141984,128.487,299.73,0,0,0
1200,2,1,835,1,1,2,10318.2,30647.4,1021.9,75.3781,0.770054,901.599,14641.3,331.668,28.9996,0.355795,302.313,347.067,46.3784,0.270605,300.418,678.735,1,0,0
1200,2,1,836,1,1,1,4370.25,18700.1,429.255,46.3844,0.517824,335.682,12734,87.1371,23.1957,0.302342,63.6391,137.522,23.1887,0.0718272,114.262,224.659,0,0,0
1200,2,1,837,1,1,1,4326.39,18652.7,615.887,46.3952,0.50112,522.863,9368.06,135.689,23.2065,0.285638,112.197,155.572,23.1887,0.0718272,132.312,291.262,0,0,0
1200,2,1,838,1,0,0,-1,-1,1002.89,23.1957,0.267264,933.787,255137,-1,-1,-1,-1,-1,-1,-1,-1,-1,0,0,0
1200,2,1,839,1,1,1,4316.94,24643.7,528.581,52.1883,0.50112,429.669,17011.5,299.323,28.9996,0.285638,270.011,51.4858,23.1887,0.0718272,28.2253,350.808,0,0,0
1200,2,1,840,1,0,0,-1,-1,1239.18,23.1957,0.658138,1170.38,259366,-1,-1,-1,-1,-1,-1,-1,-1,-1,0,0,0
1200,2,1,841,1,1,1,4318.22,18686.6,524.55,46.3844,0.482746,431.289,11026.2,147.621,23.1957,0.267264,124.158,81.718,23.1887,0.0718272,58.4575,229.339,0,0,0
1200,2,1,842,1,1,1,4361.26,18721.1,651.714,46.3844,0.678182,558.627,8799.03,154.685,23.1957,0.462701,131.027,161.08,23.1887,0.0718272,137.82,315.766,0,0,0
1200,2,1,843,1,1,1,4337.34,18743.2,490.08,46.3844,0.696557,396.506,11694.8,157.492,23.1957,0.302342,133.994,81.3614,23.1887,0.106906,58.0658,238.853,0,0,0
1200,2,1,844,1,1,1,4341.26,18674.5,614.643,46.3952,0.536198,521.58,9411.76,134.074,23.2065,0.285638,110.582,156.058,23.1887,0.106906,132.763,290.133,0,0,0
1200,2,1,845,1,1,1,4328.65,24754.4,653.188,52.1883,0.927072,554.213,14905.2,339.496,28.9996,0.71159,309.785,83.2033,23.1887,0.0718272,59.9428,422.699,0,0,0
1200,2,1,846,1,1,1,4331.37,18648,495.113,46.3844,0.661478,401.588,11510.4,81.5188,23.1957,0.302342,58.0207,146.187,23.1887,0.0718272,122.927,227.706,0,0,0
1200,2,1,847,1,1,1,4329.23,18773.3,647.487,46.3844,0.517824,554.548,8926.59,151.919,23.1957,0.302342,128.421,146.05,23.1887,0.0718272,122.79,297.969,0,0,0
1200,2,1,848,1,1,1,4318.22,18691.8,515.854,46.3844,0.517824,422.533,11185.8,152.511,23.1957,0.302342,129.013,81.0592,23.1887,0.0718272,57.7987,233.57,0,0,0
1200,2,1,849,1,1,1,4316.94,18719.2,582.88,46.3844,0.482746,489.788,10021.5,151.954,23.1957,0.267264,128.491,99.6414,23.1887,0.0718272,76.3809,251.595,0,0,0
1200,2,1,850,1,1,1,4343.92,24708.5,809.011,52.1883,0.731635,710.683,12089,343.256,28.9996,0.481075,313.775,121.175,23.1887,0.106906,97.8797,464.431,0,0,0
1200,2,1,851,1,1,1,4387.05,18714.7,644.895,46.3844,0.482746,551.984,8914.34,146.16,23.1957,0.267264,122.698,154.137,23.1887,0.0718272,130.877,300.298,0,0,0
1200,2,1,852,1,1,1,4439.89,18779.5,530.41,46.3844,0.748339,436.901,11013.9,83.4775,23.1957,0.497779,59.784,149.933,23.1887,0.106906,126.637,233.41,0,0,0
1200,2,1,853,1,1,1,4377.53,18763.4,622.536,46.3844,0.587981,529.454,9359.87,138.808,23.1957,0.337421,115.274,157.34,23.1887,0.106906,134.044,296.147,0,0,0
1200,2,1,854,1,1,1,4340.6,18717.2,652.168,46.3844,0.6264,559.134,8787.05,157.074,23.1957,0.267264,133.611,155.368,23.1887,0.0718272,132.108,312.442,0,0,0
1200,2,1,855,1,1,1,4412.58,18865.8,641.377,46.3844,0.678182,548.26,9127.47,156.131,23.1957,0.462701,132.472,143.159,23.1887,0.0718272,119.898,299.29,0,0,0
1200,2,1,856,1,1,1,4325.45,18711.6,649.051,46.3844,1.06906,555.566,8835.91,156.94,23.1957,0.853574,132.891,152.446,23.1887,0.0718272,129.186,309.387,0,0,0
1200,2,1,857,1,1,1,4328.97,18693.4,646.674,46.3844,0.482746,553.769,8861.37,157.101,23.1957,0.267264,133.638,149.876,23.1887,0.0718272,126.616,306.977,0,0,0
1200,2,1,858,1,1,1,4346.49,24705.6,810.603,52.1883,0.96215,712.05,12057,313.587,28.9996,0.746669,283.841,149.634,23.1887,0.0718272,126.374,463.222,0,0,0
1200,2,1,859,1,1,2,10381.4,24765.3,828.352,69.5741,0.663149,713.241,12101.7,158.834,23.1957,0.267264,135.371,331.345,46.3784,0.25223,284.714,490.179,1,0,0
1200,2,1,860,1,1,1,4323.53,18650.6,460.356,46.3844,0.482746,366.909,12131.7,77.3705,23.1957,0.267264,53.9076,142.809,23.1887,0.0718272,119.548,220.179,0,0,0
1200,2,1,861,1,1,1,4355,18694.2,635.624,46.3844,0.6264,542.543,9058.31,136.521,23.1957,0.267264,113.058,154.93,23.1887,0.0718272,131.669,291.451,0,0,0
1200,2,1,862,1,1,1,4367.29,18796,656.611,46.3844,0.517824,563.699,8787.01,160.015,23.1957,0.302342,136.517,157.168,23.1887,0.0718272,133.907,317.183,0,0,0
1200,2,1,863,1,1,1,4317.9,18735.6,459.658,46.3844,0.482746,366.208,12229.1,162.896,23.1957,0.267264,139.433,79.0306,23.1887,0.0718272,55.7701,241.927,0,0,0
1200,2,1,864,1,1,1,4316.87,18698.4,444.151,46.3844,0.482746,350.656,12467.6,158.345,23.1957,0.267264,134.882,76.0274,23.1887,0.0718272,52.7669,234.372,0,0,0
1200,2,1,865,1,1,1,4358.18,18781.3,643.828,46.3844,0.517824,550.879,8999.62,156.81,23.1957,0.302342,133.312,146.4,23.1887,0.0718272,123.14,303.21,0,0,0
1200,2,1,866,1,1,1,4338.42,18657.5,539.673,46.3844,0.6264,446.313,10727.7,84.1385,23.1957,0.267264,60.6756,146.59,23.1887,0.0718272,123.329,230.728,0,0,0
1200,2,1,867,1,1,1,4335.56,18650.6,587.394,46.3844,0.6264,494.172,9872.31,110.305,23.1957,0.267264,86.8416,155.704,23.1887,0.0718272,132.443,266.008,0,0,0
1200,2,1,868,1,1,1,4313.1,24716,567.003,52.1883,0.83687,467.867,16399.1,314.823,28.9996,0.621389,285.202,57.4597,23.1887,0.0718272,34.1992,372.282,0,0,0
1200,2,1,869,1,1,1,4319.04,18799.2,407.73,46.3844,0.482746,314.129,13216.1,143.988,23.1957,0.267264,120.525,65.3051,23.1887,0.0718272,42.0446,209.293,0,0,0
1200,2,1,870,1,1,1,4339.03,18706.7,557.083,46.3844,0.482746,463.917,10467.8,147.26,23.1957,0.267264,123.797,89.4136,23.1887,0.0718272,66.1531,236.673,0,0,0
1200,2,1,871,1,1,1,4317.26,30641.5,536.6,57.9922,1.17596,431.392,22964.6,386.692,34.8035,0.96048,350.332,27.9187,23.1887,0.0718272,4.65819,414.611,0,0,0
1200,2,1,872,1,1,1,4325.96,24652.3,411.917,52.1883,0.536198,312.631,19094.3,232.806,28.9996,0.320717,203.266,31.8441,23.1887,0.0718272,8.58363,264.65,0,0,0
1200,2,1,873,1,1,1,4316.94,18633,442.962,46.3844,0.482746,349.463,12423.4,79.2006,23.1957,0.267264,55.7376,136.205,23.1887,0.0718272,112.944,215.405,0,0,0
1200,2,1,874,1,1,1,4326.47,18710.5,544.736,46.3844,0.908698,451.108,10690,147.92,23.1957,0.693216,124.031,85.194,23.1887,0.0718272,61.9335,233.114,0,0,0
1200,2,1,875,1,1,1,4317.91,18631.8,507.714,46.3844,0.482746,414.404,11270.7,86.3512,23.1957,0.267264,62.8883,148.342,23.1887,0.0718272,125.082,234.693,0,0,0
1200,2,1,876,1,1,1,4323.71,24777,690.202,52.1883,0.997229,591.263,14269.2,335.895,28.9996,0.746669,306.148,82.623,23.1887,0.106906,59.3274,418.517,0,0,0
1200,2,1,877,1,1,5,28341.9,42684,1225.57,139.143,0.664819,1043.95,24155.7,84.8306,23.1957,0.302342,61.3325,936.908,115.948,0.218822,820.742,1021.74,4,0,0
1200,2,1,878,1,1,1,4364.47,18678.3,494.901,46.3844,0.482746,401.554,11545.1,80.3214,23.1957,0.267264,56.8584,147.528,23.1887,0.0718272,124.268,227.85,0,0,0
1200,2,1,879,1,1,1,4325.7,18643,475.868,46.3844,0.482746,382.466,11848.2,80.4477,23.1957,0.267264,56.9848,141.599,23.1887,0.0718272,118.339,222.047,0,0,0
1200,2,1,880,1,1,1,4324.68,24680,779.945,52.1883,0.696557,681.568,12577.5,338.825,28.9996,0.481075,309.345,104.444,23.1887,0.0718272,81.1835,443.269,0,0,0
1200,2,1,881,1,1,1,4357.72,18758.4,653.062,46.3844,0.517824,560.14,8812.52,156.075,23.1957,0.302342,132.577,160.851,23.1887,0.0718272,137.591,316.926,0,0,0
1200,2,1,882,1,1,1,4339.96,18683.5,429.508,46.3844,0.482746,335.971,12713.1,86.7717,23.1957,0.267264,63.3088,136.071,23.1887,0.0718272,112.811,222.843,0,0,0
1200,2,1,883,1,1,1,4334.49,30747.8,1009.33,57.9922,1.0156,905.652,14665.1,521.009,34.8035,0.800122,485.184,150.815,23.1887,0.0718272,127.554,671.824,0,0,0
1200,2,1,884,1,1,1,4365.17,18679,503.98,46.3844,0.482746,410.659,11384.4,85.3911,23.1957,0.267264,61.9281,148.562,23.1887,0.0718272,125.302,233.953,0,0,0
1200,2,1,885,1,1,2,10321.7,24667.4,601.57,69.5741,1.09411,485.368,16035.3,151.562,23.1957,0.267264,128.099,167.279,46.3784,0.683194,120.218,318.842,1,0,0
1200,2,1,886,1,1,1,4334.28,18673.9,626.364,46.3844,0.6264,533.255,9202.63,136.938,23.1957,0.267264,113.475,155.397,23.1887,0.0718272,132.137,292.335,0,0,0
1200,2,1,887,1,1,3,16426.3,30745.3,905.757,92.7639,0.699898,768.282,17104.7,83.4383,23.1957,0.267264,59.9753,554.202,69.5682,0.288979,484.345,637.641,2,0,0
1200,2,1,888,1,1,1,4330.02,18755.4,399.765,46.3844,0.517824,306.107,13313.7,138.935,23.1957,0.302342,115.437,63.3289,23.1887,0.0718272,40.0684,202.264,0,0,0
1200,2,1,889,1,1,3,16320.6,30639.6,949.461,92.7639,0.556243,812.256,16222.3,79.724,23.1957,0.267264,56.261,557.011,69.5682,0.145325,487.298,636.735,2,0,0
1200,2,1,890,1,1,1,4335.1,18669.6,534.463,46.3844,0.6264,441.088,10832.6,84.5121,23.1957,0.267264,61.0492,147.615,23.1887,0.0718272,124.354,232.127,0,0,0
1200,2,1,891,1,1,1,4328.37,18653.8,439.56,46.3844,0.482746,346.052,12504.7,78.0185,23.1957,0.267264,54.5555,139.011,23.1887,0.0718272,115.751,217.03,0,0,0
1200,2,1,892,1,0,0,-1,-1,1221.44,23.1957,0.302342,1152.94,258884,-1,-1,-1,-1,-1,-1,-1,-1,-1,0,0,0
1200,2,1,893,1,1,1,4321.5,24654.3,404.446,52.1883,0.801792,304.872,19228.3,227.911,28.9996,0.58631,198.089,30.431,23.1887,0.0718272,7.17047,258.342,0,0,0
1200,2,1,894,1,1,1,4317.58,18637.6,541.45,46.3844,0.482746,448.238,10676.7,145.707,23.1957,0.267264,122.245,84.0606,23.1887,0.0718272,60.8001,229.768,0,0,0
1200,2,1,895,1,0,0,-1,-1,1530.83,23.1957,0.302342,1463.23,270688,-1,-1,-1,-1,-1,-1,-1,-1,-1,0,0,0
1200,2,1,896,1,1,1,4327.09,24645.7,602.074,52.1883,0.696557,503.18,15706.2,179.793,28.9996,0.481075,149.939,148.104,23.1887,0.0718272,124.843,327.897,0,0,0
1200,2,1,897,1,1,1,4356.9,18677.4,429.193,46.3844,0.50112,335.637,12712.4,91.8703,23.1957,0.267264,68.4073,140.459,23.1887,0.0902016,117.18,232.329,0,0,0
1200,2,1,898,1,1,1,4352.98,18690.7,475.898,46.3844,0.6264,382.352,11895,80.0416,23.1957,0.267264,56.5787,141.202,23.1887,0.0718272,117.942,221.244,0,0,0
1200,2,1,899,1,1,1,4356.71,24701.3,815.999,52.1883,0.75001,717.673,11957.2,316.805,28.9996,0.481075,287.324,150.247,23.1887,0.12528,126.933,467.052,0,0,0
1200,2,1,900,1,1,1,4322.03,18661.3,651.417,46.3844,0.517824,558.49,8744.73,155.431,23.1957,0.302342,131.933,160.534,23.1887,0.0718272,137.273,315.964,0,0,0
1200,2,1,901,1,1,1,4330.59,18686.1,552.677,46.3844,0.517824,459.462,10525.3,147.509,23.1957,0.267264,124.046,88.2558,23.1887,0.106906,64.9602,235.764,0,0,0
1200,2,1,902,1,1,1,4314.7,18627.6,414.302,46.3844,0.482746,320.72,12927.6,90.5799,23.1957,0.267264,67.1169,136.777,23.1887,0.0718272,113.517,227.357,0,0,0
1200,2,1,903,1,0,0,-1,-1,1311.57,23.1957,0.462701,1243.17,260832,-1,-1,-1,-1,-1,-1,-1,-1,-1,0,0,0
1200,2,1,904,1,1,1,4358.27,18709.2,649.49,46.3844,0.696557,556.378,8826.46,157.14,23.1957,0.462701,133.481,144.61,23.1887,0.0902016,121.331,301.75,0,0,0
1200,2,1,905,1,1,1,4345.92,18678.7,633.195,46.3844,0.552902,540.18,9085.83,137.992,23.1957,0.337421,114.459,155.834,23.1887,0.0718272,132.573,293.826,0,0,0
1200,2,1,906,1,1,2,10328.8,24643.9,707.837,69.5741,0.519494,592.519,14123.7,86.1419,23.1957,0.267264,62.6789,351.242,46.3784,0.108576,304.755,437.384,1,0,0
1200,2,1,907,1,1,1,4328.39,18730,645.929,46.3844,0.482746,553.021,8911.26,157.587,23.1957,0.267264,134.124,148.382,23.1887,0.0718272,125.121,305.969,0,0,0
1200,2,1,908,1,1,2,10343.7,24785.9,820.197,69.5849,0.537869,705.177,12267.7,159.919,23.2065,0.285638,136.427,321.824,46.3784,0.108576,275.337,481.742,1,0,0
1200,2,1,909,1,1,1,4324.67,18637.9,511.89,46.3844,0.482746,418.593,11202.6,84.3714,23.1957,0.267264,60.9084,147.032,23.1887,0.0718272,123.771,231.403,0,0,0
1200,2,1,910,1,1,2,10327.8,24654,666.554,69.5741,1.09411,550.542,14866.3,76.5439,23.1957,0.267264,53.081,339.31,46.3784,0.539539,292.392,415.854,1,0,0
1200,2,1,911,1,1,1,4345.83,18697.8,429.871,46.3844,0.908698,335.909,12719.8,93.2664,23.1957,0.658138,69.4126,140.752,23.1887,0.106906,117.456,234.018,0,0,0
1200,2,1,912,1,1,1,4346.97,18811.2,661.541,52.1883,0.696557,562.82,8814.19,166.584,28.9996,0.481075,137.103,155.361,23.1887,0.0718272,132.101,321.945,0,0,0
1200,2,1,913,1,1,1,4318.54,42643.1,886.057,69.6001,1.28287,770.469,28951.4,744.723,46.4114,1.06739,696.039,26.8069,23.1887,0.0718272,3.54643,771.53,0,0,0
1200,2,1,914,1,1,1,4356.08,24758.2,816.401,52.1883,0.731635,718.096,12007.2,344.831,28.9996,0.516154,315.315,128.612,23.1887,0.0718272,105.352,473.443,0,0,0
1200,2,1,915,1,1,1,4319.18,24727.5,688.473,52.1883,0.606355,589.921,14251.3,334.376,28.9996,0.390874,304.986,82.1674,23.1887,0.0718272,58.9069,416.544,0,0,0
1200,2,1,916,1,1,1,4344.57,18664.2,600.225,46.3844,0.517824,507.149,9657.95,119.109,23.1957,0.302342,95.6111,157.22,23.1887,0.0718272,133.959,276.329,0,0,0
1200,2,1,917,1,1,1,4347.84,18674.5,648.615,46.3844,0.517824,555.68,8807.72,156.005,23.1957,0.302342,132.507,145.094,23.1887,0.0718272,121.833,301.098,0,0,0
1200,2,1,918,1,1,1,4343.25,18664,413.142,46.3844,0.517824,319.522,12984.4,89.875,23.1957,0.302342,66.3769,138.116,23.1887,0.0718272,114.856,227.991,0,0,0
1200,2,1,919,1,1,1,4448.56,24787.6,810.113,52.1883,1.07073,711.45,12147.6,343.389,28.9996,0.71159,313.678,121.716,23.1887,0.0718272,98.4554,465.105,0,0,0
1200,2,1,920,1,1,1,4317.4,18785.3,642.547,46.3844,0.678182,549.433,9026.19,156.47,23.1957,0.462701,132.812,144.002,23.1887,0.0718272,120.741,300.472,0,0,0
1200,2,1,921,1,1,1,4378.51,18698.4,548.677,46.3844,0.482746,455.486,10609,81.4602,23.1957,0.267264,57.9972,147.848,23.1887,0.0718272,124.587,229.308,0,0,0
1200,2,1,922,1,1,1,4320.26,18662.3,606.632,46.3844,0.482746,513.61,9542.28,151.551,23.1957,0.267264,128.088,110.043,23.1887,0.0718272,86.782,261.594,0,0,0
1200,2,1,923,1,1,1,4371.03,18697.5,441.678,46.3844,0.482746,348.177,12510.8,78.5527,23.1957,0.267264,55.0897,136.896,23.1887,0.0718272,113.636,215.449,0,0,0
1200,2,1,924,1,1,1,4328.1,24660.2,793.789,52.1883,0.96215,695.187,12310.6,342.524,28.9996,0.746669,312.777,108.72,23.1887,0.0718272,85.4591,451.243,0,0,0
1200,2,1,925,1,1,1,4337.38,24679.1,521.455,52.1883,0.536198,422.487,17173.4,294.622,28.9996,0.320717,265.259,49.8994,23.1887,0.0718272,26.6388,344.521,0,0,0
1200,2,1,926,1,1,1,4366.86,18739.3,653.99,46.3844,0.678182,560.91,8776.71,156.849,23.1957,0.462701,133.191,151.742,23.1887,0.0718272,128.482,308.591,0,0,0
1200,2,1,927,1,1,2,4347.96,18707.9,451.377,69.5741,0.963821,334.87,12739,87.958,23.1957,0.462701,64.2996,160.61,46.3784,0.357466,113.874,248.568,1,0,0
1200,2,1,928,1,1,1,4342.44,18735.6,592.629,46.3844,0.696557,499.352,9863.91,152.453,23.1957,0.462701,128.794,103.82,23.1887,0.0902016,80.541,256.272,0,0,0
1200,2,1,929,1,1,1,4364.18,18695.2,527.687,46.3844,0.482746,434.435,10979,83.0502,23.1957,0.267264,59.5873,148.091,23.1887,0.0718272,124.831,231.142,0,0,0
1200,2,1,930,1,1,2,10327.2,24655.6,835.992,69.5741,0.806803,720.76,11855.8,143.823,23.1957,0.267264,120.36,349.017,46.3784,0.395885,302.243,492.84,1,0,0
1200,2,1,931,1,1,1,4386.28,18703.3,434.287,46.3844,0.517824,340.728,12647.7,84.0447,23.1957,0.267264,60.5817,139.629,23.1887,0.106906,116.334,223.674,0,0,0
1200,2,1,932,1,1,1,4396.4,18736.2,648.364,46.3844,0.482746,555.463,8874.1,146.965,23.1957,0.267264,123.502,151.461,23.1887,0.0718272,128.2,298.426,0,0,0
1200,2,1,933,1,1,1,4338.33,24693.9,836.598,52.1883,1.26616,737.817,11582.5,340.717,28.9996,0.907027,310.81,160.627,23.1887,0.0718272,137.367,501.344,0,0,0
1200,2,1,934,1,1,1,4321.22,18734.3,480.166,46.3844,1.10413,386.155,11861.5,158.97,23.1957,0.888653,134.885,82.0699,23.1887,0.0718272,58.8094,241.04,0,0,0
1200,2,1,935,1,1,1,4323.27,18645.6,574.415,46.3844,0.482746,481.299,10098.5,101.454,23.1957,0.267264,77.9908,150.47,23.1887,0.0718272,127.21,251.924,0,0,0
1200,2,1,936,1,1,1,4364.63,18703,650.252,46.3844,0.770054,557.07,8806.58,146.949,23.1957,0.267264,123.486,152.589,23.1887,0.0718272,129.328,299.538,0,0,0
1200,2,1,937,1,1,1,4390.33,18776.2,646.073,46.3844,0.552902,553.095,8954.36,148.402,23.1957,0.267264,124.939,146.81,23.1887,0.141984,123.479,295.212,0,0,0
1200,2,1,938,1,1,1,4326.47,18639.6,409.587,46.3844,0.482746,315.992,13023.5,89.2696,23.1957,0.267264,65.8066,138.824,23.1887,0.0718272,115.563,228.093,0,0,0
1200,2,1,939,1,1,1,4353.61,18698.9,643.38,46.3844,0.696557,550.251,8924.58,144.72,23.1957,0.267264,121.257,154.202,23.1887,0.141984,130.871,298.922,0,0,0
1200,2,1,940,1,1,1,4346.3,24704.5,825.298,52.1883,0.731635,727.019,11795.3,334.476,28.9996,0.516154,304.961,148.247,23.1887,0.0718272,124.986,482.723,0,0,0
1200,2,1,941,1,1,1,4395.9,18742.3,651.42,46.3844,0.770054,558.241,8825.07,155.742,23.1957,0.267264,132.279,150.981,23.1887,0.0718272,127.72,306.723,0,0,0
1200,2,1,942,1,1,1,4317.58,18642.1,635.564,46.3844,0.482746,542.626,9007.6,136.992,23.1957,0.267264,113.529,154.746,23.1887,0.0718272,131.485,291.738,0,0,0
1200,2,1,943,1,1,1,4393.22,18750.2,624.164,46.3844,0.482746,531.192,9318.47,152.571,23.1957,0.267264,129.108,128.096,23.1887,0.0718272,104.835,280.667,0,0,0
1200,2,1,944,1,1,1,4334.5,18655.3,644.771,46.3844,0.482746,551.859,8857.09,147.415,23.1957,0.267264,123.952,150.744,23.1887,0.0718272,127.484,298.159,0,0,0
1200,2,1,945,1,1,1,4315.98,18696.8,490.562,46.3844,0.482746,397.202,11640.8,158.135,23.1957,0.267264,134.672,80.4312,23.1887,0.0718272,57.1706,238.566,0,0,0
1200,2,1,946,1,1,1,4337.8,18664.1,438.823,46.3844,0.482746,345.312,12528.1,80.9855,23.1957,0.267264,57.5226,137.315,23.1887,0.0718272,114.054,218.3,0,0,0
1200,2,1,947,1,1,1,4318.86,18727.2,548.504,46.3844,0.482746,455.313,10640.8,148.871,23.1957,0.267264,125.408,87.5872,23.1887,0.0718272,64.3267,236.458,0,0,0
1200,2,1,948,1,1,1,4337.38,18690.5,606.802,46.3844,0.587981,513.675,9566.81,151.938,23.1957,0.302342,128.44,110.093,23.1887,0.141984,86.7622,262.031,0,0,0
1200,2,1,949,1,1,1,4326.25,18668.1,624.962,46.3844,0.517824,531.958,9221.9,153.737,23.1957,0.267264,130.274,129.131,23.1887,0.106906,105.835,282.868,0,0,0
1200,2,1,950,1,1,1,4322.82,24641.2,603.091,52.1883,0.696557,504.2,15683.6,174.534,28.9996,0.481075,144.666,147.35,23.1887,0.0718272,124.089,321.884,0,0,0
1200,2,1,951,1,1,1,4316.94,18676.5,499.824,46.3844,0.552902,406.421,11455.3,153.5,23.1957,0.337421,129.967,81.4761,23.1887,0.0718272,58.2156,234.977,0,0,0
1200,2,1,952,1,1,1,4357.81,18694.9,543.023,46.3844,0.482746,449.816,10706,79.5688,23.1957,0.267264,56.1058,147.689,23.1887,0.0718272,124.428,227.258,0,0,0
1200,2,1,953,1,1,1,4323.4,18671,650.36,46.3844,0.482746,557.465,8773.49,155.648,23.1957,0.267264,132.185,149.631,23.1887,0.0718272,126.37,305.279,0,0,0
1200,2,1,954,1,1,1,4381.74,18788.9,654.148,46.3844,0.552902,561.194,8823.54,157.629,23.1957,0.302342,134.131,161.509,23.1887,0.106906,138.213,319.138,0,0,0
1200,2,1,955,0,0,0,-1,-1,1284.47,29.0099,0.800122,1210,260145,-1,-1,-1,-1,-1,-1,-1,-1,-1,0,0,0
1200,2,1,956,1,1,1,4352.23,24716.6,813.01,52.1883,1.12084,714.306,12023.9,314.406,28.9996,0.691546,284.714,149.614,23.1887,0.141984,126.284,464.02,0,0,0
1200,2,1,957,1,1,2,10325.8,24640,648.191,69.5741,0.519494,532.699,15180.5,77.0962,23.1957,0.267264,53.6332,334.537,46.3784,0.108576,288.05,411.633,1,0,0
1200,2,1,958,1,0,0,-1,-1,935.446,23.1957,0.462701,865.952,254089,-1,-1,-1,-1,-1,-1,-1,-1,-1,0,0,0
1200,2,1,959,1,1,1,4369.65,18820,645.446,46.3844,0.748339,552.271,9008.88,157.689,23.1957,0.497779,133.996,146.693,23.1887,0.106906,123.398,304.382,0,0,0
1200,2,1,960,1,1,1,4323.4,18642.8,587.213,46.3844,0.482746,494.134,9868.1,110.353,23.1957,0.267264,86.8903,155.838,23.1887,0.0718272,132.577,266.191,0,0,0
1200,2,1,961,1,1,1,4316.3,18685.7,439.154,46.3952,0.50112,345.616,12543.8,157.701,23.2065,0.285638,134.209,74.4356,23.1887,0.0718272,51.1751,232.136,0,0,0
1200,2,1,962,1,1,1,4330.55,18651.3,509.446,46.3844,0.517824,416.106,11259.2,84.5591,23.1957,0.267264,61.0961,147.426,23.1887,0.106906,124.131,231.985,0,0,0
1200,2,1,963,1,1,1,4401.85,18737,568.102,46.3844,0.482746,474.967,10302.2,95.904,23.1957,0.267264,72.4411,150.021,23.1887,0.0718272,126.76,245.925,0,0,0
1200,2,1,964,1,1,1,4373.74,18800.9,650.753,46.3844,0.536198,557.806,8895.91,159.446,23.1957,0.267264,135.983,145.813,23.1887,0.12528,122.499,305.259,0,0,0
1200,2,1,965,1,1,1,4331.27,18667.1,648.441,46.3844,0.517824,555.505,8803.41,156.626,23.1957,0.302342,133.127,144.489,23.1887,0.0718272,121.228,301.114,0,0,0
1200,2,1,966,1,1,1,4327.31,18644.8,508.852,46.3844,0.6264,415.402,11263.2,84.1187,23.1957,0.267264,60.6557,145.711,23.1887,0.0718272,122.45,229.829,0,0,0
1200,2,1,967,1,1,1,4323.37,18714.6,649.606,46.3844,0.50112,556.691,8830.26,148.537,23.1957,0.267264,125.074,150.891,23.1887,0.0902016,127.612,299.428,0,0,0
1200,2,1,968,1,1,1,4323.99,18751.2,632.522,46.3844,0.552902,539.505,9170.32,156.652,23.1957,0.337421,133.118,134.683,23.1887,0.0718272,111.423,291.335,0,0,0
1200,2,1,969,1,1,1,4319.3,18668.3,524.268,46.3844,0.482746,431.006,11012.9,145.996,23.1957,0.267264,122.533,81.5555,23.1887,0.0718272,58.295,227.552,0,0,0
1200,2,1,970,1,1,1,4328.07,18670.4,648.046,46.3844,0.482746,555.144,8813.95,156.439,23.1957,0.267264,132.976,151.479,23.1887,0.0718272,128.218,307.918,0,0,0
1200,2,1,971,1,1,1,4335.37,18674.9,562.58,46.3844,0.517824,469.394,10338.1,147.024,23.1957,0.302342,123.526,92.8789,23.1887,0.0718272,69.6184,239.903,0,0,0
1200,2,1,972,1,1,1,4419.43,18782,643.019,46.3844,0.517824,550.067,9014.69,143.622,23.1957,0.302342,120.124,155.657,23.1887,0.0718272,132.397,299.279,0,0,0
1200,2,1,973,1,1,1,4352.13,18683.1,520.542,46.3844,0.713261,427.039,11093.3,149.601,23.1957,0.462701,125.943,80.7803,23.1887,0.106906,57.4847,230.381,0,0,0
1200,2,1,974,1,1,1,4359.57,18808.7,655.961,46.3844,0.536198,563.029,8811.09,160.069,23.1957,0.302342,136.571,156.094,23.1887,0.0902016,132.815,316.163,0,0,0
1200,2,1,975,1,1,1,4326.76,18652.6,421.469,46.3844,0.821837,327.569,12824.3,93.9536,23.1957,0.462701,70.2952,138.383,23.1887,0.0718272,115.123,232.337,0,0,0
1200,2,1,976,1,1,1,4344.98,18766.7,649.644,46.3844,0.482746,556.747,8881.83,159.103,23.1957,0.267264,135.64,144.655,23.1887,0.0718272,121.394,303.758,0,0,0
1200,2,1,977,1,1,1,4327.32,18648.3,412.162,46.3844,0.482746,318.574,12986.4,89.9771,23.1957,0.267264,66.5141,137.845,23.1887,0.0718272,114.585,227.823,0,0,0
1200,2,1,978,1,0,0,-1,-1,986.068,23.1957,0.267264,916.916,254784,-1,-1,-1,-1,-1,-1,-1,-1,-1,0,0,0
1200,2,1,979,1,1,1,4315.02,18629.8,485.406,46.3844,0.482746,392.031,11665.5,84.2035,23.1957,0.267264,60.7405,145.507,23.1887,0.0718272,122.246,229.71,0,0,0
1200,2,1,980,1,1,1,4318.66,18738.3,652.21,46.3844,0.482746,559.32,8807.87,157.814,23.1957,0.267264,134.351,149.521,23.1887,0.0718272,126.26,307.335,0,0,0
1200,2,1,981,1,1,1,4347.64,18663.4,609.02,46.3844,0.482746,516.005,9500.92,127.858,23.1957,0.267264,104.395,156.861,23.1887,0.0718272,133.6,284.719,0,0,0
1200,2,1,982,1,1,1,4337.14,18750.2,652.09,46.3844,0.517824,559.165,8821.65,156.56,23.1957,0.267264,133.097,156.427,23.1887,0.106906,133.131,312.986,0,0,0
1200,2,1,983,1,1,1,4327.75,18675.5,441.26,46.3844,0.519494,347.72,12495.7,156.969,23.1957,0.267264,133.506,75.2953,23.1887,0.108576,51.9981,232.265,0,0,0
1200,2,1,984,1,0,0,-1,-1,1014.75,28.9996,0.907027,939.398,255225,-1,-1,-1,-1,-1,-1,-1,-1,-1,0,0,0
1200,2,1,985,1,1,1,4384.85,18751.9,648.578,46.3844,0.536198,555.624,8885.54,147.73,23.1957,0.302342,124.232,150.4,23.1887,0.0902016,127.121,298.13,0,0,0
1200,2,1,986,1,1,1,4316.62,18680,539.084,46.3844,0.482746,445.865,10761.2,146.953,23.1957,0.267264,123.49,84.122,23.1887,0.0718272,60.8615,231.075,0,0,0
1200,2,1,987,1,1,2,10318,24753,768.126,69.5741,0.519494,652.984,13160.7,157.168,23.1957,0.267264,133.705,271.316,46.3784,0.108576,224.829,428.484,1,0,0
1200,2,1,988,1,1,1,4343.08,18675.2,535.3,46.3844,0.713261,441.84,10822.9,84.1019,23.1957,0.497779,60.4085,147.951,23.1887,0.0718272,124.69,232.052,0,0,0
1200,2,1,989,1,1,2,10322.5,30647.4,814.466,75.3781,0.928742,693.404,18330.1,329.623,28.9996,0.676512,299.947,181.519,46.3784,0.108576,135.032,511.142,1,0,0
1200,2,1,990,1,1,1,4331.46,24718.8,654.043,52.1883,0.997229,554.999,14853.9,338.032,28.9996,0.781747,308.251,84.0065,23.1887,0.0718272,60.746,422.039,0,0,0
1200,2,1,991,1,1,1,4354.59,18688.4,427.072,46.3844,0.517824,333.493,12761.1,92.7031,23.1957,0.302342,69.2051,140.944,23.1887,0.0718272,117.684,233.647,0,0,0
1200,2,1,992,1,0,0,-1,-1,959.47,28.9996,0.816826,884.047,254342,-1,-1,-1,-1,-1,-1,-1,-1,-1,0,0,0
1200,2,1,993,1,1,1,4368.09,18685.8,440.777,46.3844,0.482746,347.272,12515,77.302,23.1957,0.267264,53.839,138.466,23.1887,0.0718272,115.206,215.768,0,0,0
1200,2,1,994,1,1,1,4426.95,18783.1,629.641,46.3844,0.713261,536.455,9253.29,141.076,23.1957,0.497779,117.382,159.066,23.1887,0.0718272,135.806,300.142,0,0,0
1200,2,1,995,1,1,1,4342.54,18699.7,651.42,46.3844,0.770054,558.241,8782.52,156.67,23.1957,0.267264,133.207,149.714,23.1887,0.0718272,126.453,306.384,0,0,0
1200,2,1,996,1,0,0,-1,-1,455.769,23.1957,0.267264,385.076,246462,-1,-1,-1,-1,-1,-1,-1,-1,-1,0,0,0
1200,2,1,997,0,0,0,-1,-1,924.111,23.206,0.516154,854.52,253975,-1,-1,-1,-1,-1,-1,-1,-1,-1,0,0,0
1200,2,1,998,1,1,1,4320.07,18690.7,569.612,46.3844,0.482746,476.482,10229.1,149.628,23.1957,0.267264,126.165,96.8242,23.1887,0.0718272,73.5636,246.452,0,0,0
1200,2,1,999,1,1,1,4382,18704.7,614.129,46.3844,0.536198,521.075,9450.9,131.265,23.1957,0.267264,107.803,157.106,23.1887,0.12528,133.792,288.371,0,0,0
1200,2,1,1000,1,1,1,4372.43,18697.3,613.833,46.3844,0.517824,520.797,9448.98,149.61,23.1957,0.302342,126.112,118.698,23.1887,0.0718272,95.4378,268.309,0,0,0
1200,2,1,1001,1,1,1,4345.6,18668.7,490.176,46.3844,0.6264,396.672,11619.1,83.7776,23.1957,0.267264,60.3146,147.781,23.1887,0.0718272,124.52,231.558,0,0,0
1200,2,1,1002,1,1,1,4327.54,18688.1,647.413,46.3844,0.517824,554.474,8842.68,147.147,23.1957,0.302342,123.649,148.245,23.1887,0.0718272,124.984,295.391,0,0,0
1200,2,1,1003,1,0,0,-1,-1,1117.9,23.1957,0.267264,1049.13,257091,-1,-1,-1,-1,-1,-1,-1,-1,-1,0,0,0
1200,2,1,1004,1,1,1,4379.2,18785.7,646.909,46.3844,1.1058,553.381,8947.7,150.631,23.1957,0.853574,126.581,148.215,23.1887,0.108576,124.917,298.845,0,0,0
1200,2,1,1005,1,1,1,4328.78,18766.3,645.937,46.3844,0.482746,553.029,8947.35,157.581,23.1957,0.267264,134.118,147.987,23.1887,0.0718272,124.726,305.568,0,0,0
1200,2,1,1006,1,1,1,4321.06,18663.3,635.442,46.3844,0.873619,542.113,9030.02,137.641,23.1957,0.658138,113.787,153.365,23.1887,0.0718272,130.104,291.006,0,0,0
1200,2,1,1007,1,0,0,-1,-1,971.746,23.1957,0.302342,902.517,254595,-1,-1,-1,-1,-1,-1,-1,-1,-1,0,0,0
1200,2,1,1008,1,1,1,4316.62,24637.4,418.931,52.1883,1.42318,318.778,18952.2,237.731,28.9996,1.2077,207.319,31.9633,23.1887,0.0718272,8.70275,269.694,0,0,0
1200,2,1,1009,1,1,1,4319.18,24672,764.422,52.1883,0.696557,666,12845.6,335.921,28.9996,0.481075,306.441,99.2552,23.1887,0.0718272,75.9947,435.177,0,0,0
1200,2,1,1010,1,1,1,4357.78,18757.4,628.652,46.3844,0.748339,535.428,9244.85,140.4,23.1957,0.462701,116.742,155.931,23.1887,0.141984,132.6,296.331,0,0,0
1200,2,1,1011,1,1,1,4322.44,18709,490.87,46.3844,0.482746,397.511,11647.5,158.2,23.1957,0.267264,134.737,81.182,23.1887,0.0718272,57.9214,239.382,0,0,0
1200,2,1,1012,1,1,1,4316.62,18680.5,430.033,46.3844,0.482746,336.498,12700.8,152.364,23.1957,0.267264,128.901,71.7916,23.1887,0.0718272,48.5311,224.155,0,0,0
1200,2,1,1013,1,1,1,4356.23,18720.7,429.292,46.3844,0.552902,335.684,12753.7,87.7219,23.1957,0.302342,64.2238,137.926,23.1887,0.106906,114.63,225.648,0,0,0
1200,2,1,1014,1,1,1,4390.84,18752.7,628.076,46.3844,0.770054,534.829,9250.59,139.744,23.1957,0.267264,116.281,158.274,23.1887,0.0718272,135.013,298.018,0,0,0
1200,2,1,1015,1,1,1,4392.84,18738,648.809,46.3844,0.748339,555.644,8867.1,156.516,23.1957,0.497779,132.822,146.426,23.1887,0.106906,123.131,302.942,0,0,0
1200,2,1,1016,1,1,2,10358.8,24690.2,851.757,69.5741,0.589651,736.788,11610.4,156.603,23.1957,0.267264,133.14,349.157,46.3784,0.178733,302.6,505.76,1,0,0
1200,2,1,1017,1,1,1,4356.15,18717.8,634.466,46.3844,0.482746,541.525,9102.83,138.685,23.1957,0.267264,115.222,154.906,23.1887,0.0718272,131.646,293.591,0,0,0
1200,2,1,1018,1,1,1,4321.16,18789.8,401.297,46.3844,0.678182,307.482,13320.6,140.47,23.1957,0.462701,116.812,63.3866,23.1887,0.0718272,40.1261,203.857,0,0,0
1200,2,1,1019,1,1,2,10325.2,24643.8,597.508,69.5741,0.519494,481.869,16085.5,88.6957,23.1957,0.267264,65.2327,328.98,46.3784,0.108576,282.493,417.675,1,0,0
1200,2,1,1020,1,1,1,4323.33,24709.1,649.259,52.1883,0.801792,550.397,14929.7,338.589,28.9996,0.551232,309.038,83.0579,23.1887,0.106906,59.7623,421.646,0,0,0
1200,2,1,1021,1,1,1,4346.92,18678.2,500.194,46.3844,0.517824,406.827,11450.6,82.7849,23.1957,0.267264,59.322,148.809,23.1887,0.106906,125.513,231.594,0,0,0
1200,2,1,1022,1,1,1,4315.66,18698.5,457.834,46.3844,0.678182,364.183,12224,162.132,23.1957,0.462701,138.473,78.4766,23.1887,0.0718272,55.2161,240.608,0,0,0
1200,2,1,1023,1,1,1,4328.68,18654.1,643.233,46.3844,0.6264,550.173,8882.89,146.207,23.1957,0.267264,122.744,146.454,23.1887,0.0718272,123.194,292.662,0,0,0
1200,2,1,1024,1,1,1,4338.81,18726,585.001,46.3844,0.482746,491.916,9990.66,151.573,23.1957,0.267264,128.11,99.914,23.1887,0.0718272,76.6535,251.487,0,0,0
1200,2,1,1025,1,1,1,4327.56,18700.5,596.901,46.3844,0.678182,503.655,9753.05,153.878,23.1957,0.462701,130.22,103.654,23.1887,0.0718272,80.393,257.532,0,0,0
1200,2,1,1026,1,1,1,4318.66,18636.6,404.822,46.3844,0.482746,311.212,13105.3,87.6723,23.1957,0.267264,64.2094,136.674,23.1887,0.0718272,113.414,224.346,0,0,0
1200,2,1,1027,1,1,1,4317.58,18729.5,572.135,46.3844,0.482746,479.012,10222.9,151.187,23.1957,0.267264,127.724,96.9054,23.1887,0.0718272,73.6449,248.092,0,0,0
1200,2,1,1028,1,1,1,4319.94,18672.9,491.194,46.3844,0.482746,397.836,11605.7,157.029,23.1957,0.267264,133.566,80.9257,23.1887,0.0718272,57.6652,237.955,0,0,0
1200,2,1,1029,1,1,1,4329.35,18760.4,653.137,46.3844,0.482746,560.25,8813.5,158.8,23.1957,0.267264,135.337,157.46,23.1887,0.0718272,134.2,316.26,0,0,0
1200,2,1,1030,1,1,1,4406.89,18792.4,630.178,46.3952,0.50112,537.195,9253.72,141.678,23.2065,0.285638,118.186,158.355,23.1887,0.0718272,135.095,300.033,0,0,0
1200,2,1,1031,1,1,1,4321.66,18787,642.834,46.3844,1.06906,549.331,9021.84,156.587,23.1957,0.853574,132.537,144.216,23.1887,0.0718272,120.956,300.803,0,0,0
1200,2,1,1032,1,1,1,4333.17,18666.7,562.671,46.3844,0.517824,469.486,10328.2,147.008,23.1957,0.302342,123.51,92.8554,23.1887,0.0718272,69.5949,239.863,0,0,0
1200,2,1,1033,1,1,1,4326.77,18723.3,652.427,46.3844,0.517824,559.502,8788.79,157.551,23.1957,0.302342,134.053,155.19,23.1887,0.0718272,131.929,312.741,0,0,0
1200,2,1,1034,1,0,0,-1,-1,1182.5,34.8035,1.38643,1101.52,257939,-1,-1,-1,-1,-1,-1,-1,-1,-1,0,0,0
1200,2,1,1035,1,1,2,10374.7,24716.8,730.09,69.5741,0.663149,614.693,13800.6,83.5357,23.1957,0.267264,60.0728,351.451,46.3784,0.25223,304.82,434.986,1,0,0
1200,2,1,1036,1,1,1,4387.9,18777.9,653.727,46.3844,0.908698,560.416,8819.27,156.139,23.1957,0.693216,132.25,160.182,23.1887,0.0718272,136.921,316.321,0,0,0
1200,2,1,1037,1,1,1,4326.41,24753.3,784.465,52.1883,0.766714,686.032,12570,341.427,28.9996,0.516154,311.911,104.373,23.1887,0.106906,81.077,445.799,0,0,0
1200,2,1,1038,0,0,0,-1,-1,1443.13,23.206,0.516154,1375.05,265682,-1,-1,-1,-1,-1,-1,-1,-1,-1,0,0,0
1200,2,1,1039,1,1,1,4328.69,18791.7,465.555,46.3844,0.482746,372.123,12180.3,164.18,23.1957,0.267264,140.717,80.969,23.1887,0.0718272,57.7085,245.149,0,0,0
1200,2,1,1040,1,1,1,4324.51,18736.3,440.819,46.3844,0.873619,346.924,12563.8,159.407,23.1957,0.658138,135.553,74.6955,23.1887,0.0718272,51.435,234.102,0,0,0
1200,2,1,1041,1,1,2,10326.6,24651.8,797.529,69.5741,0.519494,682.472,12536.7,119.108,23.1957,0.267264,95.6454,358.116,46.3784,0.108576,311.629,477.225,1,0,0
1200,2,1,1042,1,1,4,22337.2,36654.1,1140.82,115.954,1.02396,981.152,19232.3,84.0447,23.1957,0.267264,60.5817,752.039,92.758,0.469382,658.812,836.084,3,0,0
1200,2,1,1043,1,1,1,4326.07,18647.8,427.802,46.3844,0.482746,334.26,12707.8,88.609,23.1957,0.267264,65.1461,136.501,23.1887,0.0718272,113.24,225.11,0,0,0
1200,2,1,1044,1,1,1,4315.02,24794.5,615.512,52.1883,1.31795,516.036,15614.4,335.909,28.9996,1.10246,305.807,73.3834,23.1887,0.0718272,50.1229,409.293,0,0,0
1200,2,1,1045,1,1,2,10345.1,24675.9,693.022,69.5741,0.716602,577.464,14418.3,82.2345,23.1957,0.267264,58.7715,349.034,46.3784,0.162029,302.494,431.268,1,0,0
1200,2,1,1046,1,1,1,4389.12,18767.6,629.103,46.3844,0.552902,536.076,9247.59,141.318,23.1957,0.337421,117.785,157.83,23.1887,0.0718272,134.569,299.148,0,0,0
1200,2,1,1047,1,1,1,4418.13,24779.4,810.018,52.1883,0.891994,711.533,12141.7,344.116,28.9996,0.676512,314.439,121.039,23.1887,0.0718272,97.7786,465.155,0,0,0
1200,2,1,1048,1,1,1,4316.3,18693.7,595.714,46.3844,0.482746,502.66,9767.81,153.548,23.1957,0.267264,130.085,104.338,23.1887,0.0718272,81.077,257.885,0,0,0
1200,2,1,1049,1,0,0,-1,-1,1461.18,23.1957,0.267264,1393.41,266498,-1,-1,-1,-1,-1,-1,-1,-1,-1,0,0,0
1200,2,1,1050,1,1,1,4350.09,18668.5,523.251,46.3844,0.552902,429.916,11030.8,84.68,23.1957,0.267264,61.217,148.775,23.1887,0.141984,125.444,233.455,0,0,0
1200,2,1,1051,1,0,0,-1,-1,1465.62,23.1957,0.302342,1397.83,266678,-1,-1,-1,-1,-1,-1,-1,-1,-1,0,0,0
1200,2,1,1052,1,1,1,4319.99,18740.1,650.49,46.3844,0.482746,557.595,8840.21,150.173,23.1957,0.267264,126.71,152.408,23.1887,0.0718272,129.148,302.581,0,0,0
1200,2,1,1053,1,1,1,4350.09,18696.3,643.737,46.3844,0.517824,550.787,8916.29,145.285,23.1957,0.267264,121.822,153.916,23.1887,0.106906,130.621,299.201,0,0,0
1200,2,1,1054,1,1,1,4318.54,18726.2,648.701,46.3844,0.482746,555.801,8858.09,149.261,23.1957,0.267264,125.798,149.115,23.1887,0.0718272,125.854,298.376,0,0,0
1200,2,1,1055,1,1,1,4355.98,18768.6,632.842,46.3844,0.517824,539.861,9182.26,156.108,23.1957,0.302342,132.609,135.508,23.1887,0.0718272,112.248,291.616,0,0,0
1200,2,1,1056,1,1,1,4354.02,18667.2,457.61,46.3844,0.482746,364.154,12197.2,77.2641,23.1957,0.267264,53.8011,141.852,23.1887,0.0718272,118.592,219.116,0,0,0
1200,2,1,1057,1,1,1,4321.59,18668.6,493.599,46.3844,0.517824,400.213,11558.4,157.033,23.1957,0.302342,133.535,80.3517,23.1887,0.0718272,57.0912,237.385,0,0,0
1200,2,1,1058,1,1,1,4325.54,18644.3,402.426,46.3844,0.482746,308.81,13155.5,86.6346,23.1957,0.267264,63.1716,135.703,23.1887,0.0718272,112.443,222.338,0,0,0
1200,2,1,1059,1,1,2,10334.6,24645.6,784.522,69.5741,0.519494,669.427,12761.8,106.652,23.1957,0.267264,83.1886,359.407,46.3784,0.108576,312.92,466.058,1,0,0
1200,2,1,1060,1,1,1,4317.92,18676.1,650.61,46.3844,0.482746,557.716,8774.08,155.213,23.1957,0.267264,131.75,150.456,23.1887,0.0718272,127.195,305.669,0,0,0
1200,2,1,1061,1,1,1,4325.77,18740.7,404.998,46.3844,0.482746,311.389,13206.2,141.517,23.1957,0.267264,118.054,64.9135,23.1887,0.0718272,41.653,206.43,0,0,0
1200,2,1,1062,1,1,1,4316.94,24676.6,653.278,52.1883,0.801792,554.427,14825.8,336.905,28.9996,0.58631,307.32,82.8785,23.1887,0.0718272,59.618,419.784,0,0,0
1200,2,1,1063,0,0,0,-1,-1,1214.68,23.206,0.551232,1145.89,258799,-1,-1,-1,-1,-1,-1,-1,-1,-1,0,0,0
1200,2,1,1064,1,1,1,4344.05,18701,624.704,46.3844,0.482746,531.734,9259.64,153.132,23.1957,0.267264,129.669,128.701,23.1887,0.0718272,105.44,281.833,0,0,0
1200,2,1,1065,1,1,1,4375.62,18692.4,624.924,46.3844,0.6264,531.811,9246.75,136.902,23.1957,0.267264,113.439,158.112,23.1887,0.0718272,134.851,295.013,0,0,0
1200,2,1,1066,1,1,1,4371.97,18689.3,599.841,46.3844,0.517824,506.764,9689.81,118.175,23.1957,0.267264,94.7123,158.423,23.1887,0.106906,135.127,276.598,0,0,0
1200,2,1,1067,1,1,1,4405.69,18783.8,643.432,46.3844,0.788429,550.211,9008.38,144.818,23.1957,0.267264,121.355,154.161,23.1887,0.0902016,130.882,298.979,0,0,0
1200,2,1,1068,1,1,1,4325.07,24727.5,817.12,52.1883,0.766714,718.781,11963.5,315.689,28.9996,0.551232,286.138,152.143,23.1887,0.0718272,128.883,467.832,0,0,0
1200,2,1,1069,1,1,2,10340.8,24755.6,827.54,69.5741,0.663149,712.427,12106.5,159.736,23.1957,0.267264,136.273,329.33,46.3784,0.108576,282.843,489.066,1,0,0
1200,2,1,1070,1,1,1,4329.67,18680.1,562.014,46.3844,0.678182,468.667,10353,146.749,23.1957,0.462701,123.091,91.7202,23.1887,0.0718272,68.4597,238.47,0,0,0
1200,2,1,1071,1,1,1,4426.98,18746.3,591.761,46.3844,0.482746,498.695,9890.71,111.575,23.1957,0.267264,88.1121,159.353,23.1887,0.0718272,136.093,270.928,0,0,0
1200,2,1,1072,1,1,1,4424.18,18817,654.926,46.3844,0.517824,562.009,8837.97,156.624,23.1957,0.302342,133.126,162.638,23.1887,0.0718272,139.377,319.262,0,0,0
1200,2,1,1073,1,1,1,4328.46,18665.1,426.674,46.3844,0.517824,333.094,12744.9,93.1687,23.1957,0.302342,69.6707,140.314,23.1887,0.0718272,117.054,233.483,0,0,0
1200,2,1,1074,1,1,1,4372.07,18765.9,623.664,46.3844,0.678182,530.496,9342.62,153.375,23.1957,0.462701,129.716,126.584,23.1887,0.0718272,103.323,279.958,0,0,0
1200,2,1,1075,1,1,1,4321.71,18697.8,499.508,46.3844,0.482746,406.174,11482.7,154.935,23.1957,0.267264,131.472,81.0051,23.1887,0.0718272,57.7446,235.941,0,0,0
1200,2,1,1076,1,1,1,4399.38,18752.8,635.509,46.3844,0.517824,542.536,9119.03,139.169,23.1957,0.267264,115.706,157.723,23.1887,0.106906,134.427,296.891,0,0,0
1200,2,1,1077,1,0,0,-1,-1,1402.36,23.1957,0.267264,1334.41,263338,-1,-1,-1,-1,-1,-1,-1,-1,-1,0,0,0
1200,2,1,1078,1,1,1,4341.86,18656.7,499.626,46.3844,0.552902,406.223,11439,82.6099,23.1957,0.267264,59.1469,148.609,23.1887,0.141984,125.278,231.219,0,0,0
1200,2,1,1079,1,1,2,10369.5,24685.9,796.972,69.5741,0.519494,681.913,12580.7,118.054,23.1957,0.267264,94.5914,358.649,46.3784,0.108576,312.162,476.703,1,0,0
1200,2,1,1080,1,1,1,4374.44,18699.1,589.106,46.3844,0.913709,495.602,9889.55,110.595,23.1957,0.267264,87.1321,156.484,23.1887,0.0718272,133.223,267.079,0,0,0
1200,2,1,1081,1,1,1,4364.99,18722.4,644.168,46.3844,0.482746,551.255,8934.94,146.743,23.1957,0.267264,123.28,146.992,23.1887,0.0718272,123.732,293.736,0,0,0
1200,2,1,1082,1,1,1,4321.22,24642.8,647.678,52.1883,0.766714,548.847,14891.8,338.307,28.9996,0.551232,308.756,82.3966,23.1887,0.0718272,59.1361,420.704,0,0,0
1200,2,1,1083,1,0,0,-1,-1,999.625,23.1957,0.302342,930.477,255038,-1,-1,-1,-1,-1,-1,-1,-1,-1,0,0,0
1200,2,1,1084,1,1,1,4367.12,18694.8,428.668,46.3844,0.482746,335.128,12739.3,86.9053,23.1957,0.267264,63.4423,136.948,23.1887,0.0718272,113.688,223.854,0,0,0
1200,2,1,1085,1,1,1,4324.55,24696.5,565.408,52.1883,0.696557,466.407,16408.9,315.233,28.9996,0.481075,285.752,57.6113,23.1887,0.0718272,34.3508,372.844,0,0,0
1200,2,1,1086,1,1,1,4383.88,18777.3,635.57,46.3844,0.87529,542.24,9145.8,155.127,23.1957,0.267264,131.664,138.236,23.1887,0.177062,114.87,293.363,0,0,0
1200,2,1,1087,1,1,1,4323.39,18642.6,472.744,46.3844,0.482746,379.333,11903.4,77.7911,23.1957,0.267264,54.3281,142.029,23.1887,0.0718272,118.768,219.82,0,0,0
1200,2,1,1088,1,1,2,10389,24718.1,804.848,69.5741,0.519494,689.813,12472.9,123.55,23.1957,0.267264,100.087,358.515,46.3784,0.108576,312.028,482.065,1,0,0
1200,2,1,1089,1,1,1,4331.92,18677.2,650.471,46.3844,0.6264,557.432,8777.28,155.885,23.1957,0.267264,132.422,159.557,23.1887,0.0718272,136.297,315.442,0,0,0
1200,2,1,1090,1,1,1,4357.2,18699.3,517.911,46.3844,0.6264,424.487,11156.6,85.6455,23.1957,0.267264,62.1826,148.071,23.1887,0.0718272,124.811,233.717,0,0,0
1200,2,1,1091,1,1,1,4330.03,18691.4,635.244,46.3844,0.517824,542.27,9062.36,137.459,23.1957,0.302342,113.96,154.599,23.1887,0.0718272,131.339,292.058,0,0,0
1200,2,1,1092,1,1,1,4328.95,18644.7,461.891,46.3844,0.482746,368.448,12098.5,76.5963,23.1957,0.267264,53.1333,143.124,23.1887,0.0718272,119.864,219.721,0,0,0
1200,2,1,1093,1,1,1,4355.68,18835.1,656.55,46.3844,1.13921,563.016,8825.56,161.61,23.1957,0.888653,137.526,156.824,23.1887,0.106906,133.528,318.434,0,0,0
1200,2,1,1094,1,0,0,-1,-1,1069.85,23.1957,0.302342,1000.91,256344,-1,-1,-1,-1,-1,-1,-1,-1,-1,0,0,0
1200,2,1,1095,1,1,1,4351.42,18793,655.127,46.3844,0.482746,562.246,8810.63,159.696,23.1957,0.267264,136.234,155.368,23.1887,0.0718272,132.108,315.065,0,0,0
1200,2,1,1096,1,1,1,4317.58,18793.6,464.879,46.3844,0.517824,371.41,12194,164.213,23.1957,0.302342,140.715,80.1839,23.1887,0.0718272,56.9234,244.397,0,0,0
1200,2,1,1097,1,1,1,4333.97,30682.9,831.771,57.9922,0.910368,727.686,17758.3,524.681,34.8035,0.694886,488.983,83.3567,23.1887,0.0718272,60.0962,608.038,0,0,0
1200,2,1,1098,1,1,1,4355.46,18771.1,593.52,46.3844,0.517824,500.424,9884,153.386,23.1957,0.302342,129.888,103.711,23.1887,0.0718272,80.4508,257.097,0,0,0
1200,2,1,1099,1,1,1,4340.3,24676.3,449.179,52.1883,0.766714,349.77,18455.1,255.178,28.9996,0.516154,225.506,36.1782,23.1887,0.106906,12.8827,291.357,0,0,0
1200,2,1,1100,1,0,0,-1,-1,848.754,34.8035,1.15592,767.026,252637,-1,-1,-1,-1,-1,-1,-1,-1,-1,0,0,0
1200,2,1,1101,1,1,1,4318.86,18655.5,625.334,46.3844,0.517824,532.331,9202.7,139.641,23.1957,0.302342,116.142,157.113,23.1887,0.0718272,133.853,296.754,0,0,0
1200,2,1,1102,1,1,1,4339.4,18666.2,521.849,46.3844,0.644774,428.418,11053.2,85.5697,23.1957,0.267264,62.1068,147.852,23.1887,0.0902016,124.573,233.421,0,0,0
1200,2,1,1103,1,0,0,-1,-1,1333.67,23.1957,0.442656,1265.36,261231,-1,-1,-1,-1,-1,-1,-1,-1,-1,0,0,0
1200,2,1,1104,1,1,1,4341.49,18682.1,607.929,46.3844,0.6264,514.767,9538.7,150.149,23.1957,0.267264,126.686,110.885,23.1887,0.0718272,87.6248,261.034,0,0,0
1200,2,1,1105,1,1,1,4345.82,18726.7,651.99,46.3844,0.840211,558.743,8799.08,156.194,23.1957,0.462701,132.535,150.584,23.1887,0.0902016,127.305,306.778,0,0,0
1200,2,1,1106,1,1,1,4350.6,18667,541.484,46.3844,0.6264,448.128,10705.1,81.924,23.1957,0.267264,58.4611,147.131,23.1887,0.0718272,123.871,229.055,0,0,0
1200,2,1,1107,1,0,0,-1,-1,949.997,34.8035,0.604685,869.114,254145,-1,-1,-1,-1,-1,-1,-1,-1,-1,0,0,0
1200,2,1,1108,1,1,1,4324.42,18790.5,594.591,46.3844,1.08743,500.929,9883,155.32,23.1957,0.853574,131.27,103.394,23.1887,0.0902016,80.1151,258.714,0,0,0
1200,2,1,1109,1,1,1,4406.54,18742.5,641.782,46.3844,0.856915,548.488,8996.37,142.263,23.1957,0.462701,118.604,155.71,23.1887,0.106906,132.415,297.973,0,0,0
1200,2,1,1110,1,1,1,4349.82,30702,993.763,57.9922,1.0156,890.044,14896.1,522.985,34.8035,0.765043,487.211,130.654,23.1887,0.106906,107.359,653.639,0,0,0
1200,2,1,1111,1,1,1,4332.76,18770.4,559.194,46.3844,0.678182,465.839,10493.5,149.568,23.1957,0.462701,125.91,89.2386,23.1887,0.0718272,65.9781,238.807,0,0,0
1200,2,1,1112,1,1,1,4347.89,18674,525.319,46.3844,0.482746,432.06,10999.9,84.1548,23.1957,0.267264,60.6918,146.94,23.1887,0.0718272,123.679,231.095,0,0,0
1200,2,1,1113,1,1,1,4341.49,18765.2,648.355,46.3844,1.08743,554.85,8901.47,150.971,23.1957,0.728294,127.047,149.86,23.1887,0.0718272,126.6,300.831,0,0,0
1200,2,1,1114,1,1,1,4323.47,18699.6,492.518,46.3844,0.482746,399.164,11608.8,158.171,23.1957,0.267264,134.708,80.9618,23.1887,0.0718272,57.7013,239.133,0,0,0
1200,2,1,1115,1,1,1,4322.01,18665.6,414.541,46.3844,0.482746,320.96,12961.4,146.128,23.1957,0.267264,122.665,68.931,23.1887,0.0718272,45.6705,215.059,0,0,0
1200,2,1,1116,1,1,1,4335.01,18654.7,539.4,46.3844,0.552902,446.112,10729.7,83.949,23.1957,0.267264,60.4861,147.145,23.1887,0.141984,123.815,231.094,0,0,0
1200,2,1,1117,1,1,1,4371.41,18804.3,644.003,46.3844,0.517824,551.054,9019.58,156.497,23.1957,0.302342,132.999,146.355,23.1887,0.0718272,123.095,302.852,0,0,0
1200,2,1,1118,1,1,1,4334.08,18664.4,642.432,46.3844,0.644774,549.352,8907.22,146.595,23.1957,0.267264,123.132,146.103,23.1887,0.0902016,122.824,292.698,0,0,0
1200,2,1,1119,1,1,1,4348.78,18725.7,630.923,46.3844,0.661478,537.792,9173.1,154.689,23.1957,0.302342,131.191,134.03,23.1887,0.0718272,110.77,288.719,0,0,0
1200,2,1,1120,1,1,1,4339.18,18711.5,650.383,46.3844,0.821837,557.149,8812.67,148.098,23.1957,0.462701,124.439,151.114,23.1887,0.0718272,127.854,299.212,0,0,0
1200,2,1,1121,1,1,1,4354.97,18668.2,540.454,46.3844,0.517824,447.204,10724.7,83.6206,23.1957,0.267264,60.1576,147.908,23.1887,0.106906,124.612,231.529,0,0,0
1200,2,1,1122,1,1,1,4328.58,18707.2,364.689,46.3844,0.552902,270.893,13889,121.149,23.1957,0.337421,97.6162,53.8176,23.1887,0.0718272,30.5571,174.967,0,0,0
1200,2,1,1123,1,1,1,4372.43,24739.3,836.778,52.1883,0.731635,738.531,11626,340.373,28.9996,0.516154,310.857,160.039,23.1887,0.0718272,136.779,500.412,0,0,0
1200,2,1,1124,1,1,1,4318.86,18677.1,446.739,46.3844,0.552902,353.181,12399.8,158.695,23.1957,0.337421,135.161,75.5961,23.1887,0.0718272,52.3356,234.291,0,0,0
1200,2,1,1125,1,1,1,4324.28,18657.4,395.129,46.3844,0.482746,301.492,13298.3,135.204,23.1957,0.267264,111.741,61.9482,23.1887,0.0718272,38.6877,197.152,0,0,0
1200,2,1,1126,1,1,1,4349.98,18706.1,648.735,46.3844,0.482746,555.835,8837.45,154.302,23.1957,0.267264,130.839,146.503,23.1887,0.0718272,123.243,300.805,0,0,0
1200,2,1,1127,1,1,2,10355.4,24742.1,828.343,69.5741,1.17596,712.719,12077.2,158.895,23.1957,0.923731,134.775,330.476,46.3784,0.108576,283.989,489.371,1,0,0
1200,2,1,1128,1,1,2,10335.8,30714.2,1008.48,75.3781,1.17763,887.732,14945.8,313.406,28.9996,0.781747,283.624,346.814,46.3784,0.25223,300.183,660.22,1,0,0
1200,2,1,1129,1,1,1,4357.25,18703.4,609.073,46.3844,0.517824,516.023,9539.77,150.031,23.1957,0.302342,126.533,111.932,23.1887,0.0718272,88.6716,261.963,0,0,0
1200,2,1,1130,1,1,1,4327.15,18727.3,433.305,46.3844,0.482746,339.779,12689.5,154.349,23.1957,0.267264,130.886,72.6579,23.1887,0.0718272,49.3974,227.007,0,0,0
1200,2,1,1131,1,1,1,4339.6,18654.4,489.681,46.3844,0.517824,396.284,11613.8,83.1784,23.1957,0.267264,59.7154,147.964,23.1887,0.106906,124.668,231.142,0,0,0
1200,2,1,1132,1,1,1,4363.76,18680.8,423.592,46.3844,0.517824,330.002,12815.4,93.9873,23.1957,0.267264,70.5244,139.236,23.1887,0.106906,115.94,233.223,0,0,0
1200,2,1,1133,1,1,1,4324.7,18739.3,377.227,46.3844,0.482746,283.538,13698.6,127.447,23.1957,0.267264,103.984,57.8513,23.1887,0.0718272,34.5908,185.298,0,0,0
1200,2,1,1134,1,1,1,4326.76,18643.9,403.903,46.3844,0.6264,310.148,13128.5,86.8439,23.1957,0.267264,63.381,135.961,23.1887,0.0718272,112.701,222.805,0,0,0
1200,2,1,1135,1,1,1,4366.09,18741,612.047,46.3844,0.572947,518.95,9523.78,150.005,23.1957,0.302342,126.507,115.31,23.1887,0.12695,91.9943,265.315,0,0,0
1200,2,1,1136,1,1,1,4323.99,18638.6,455.073,46.3844,0.482746,361.61,12213.6,160.427,23.1957,0.267264,136.964,78.2401,23.1887,0.0718272,54.9796,238.668,0,0,0
1200,2,1,1137,1,1,1,4343.08,18709.1,636.292,46.3844,0.6264,543.212,9061.28,138.864,23.1957,0.267264,115.401,154.773,23.1887,0.0718272,131.512,293.636,0,0,0
1200,2,1,1138,1,1,1,4336.93,18656.9,643.451,46.3844,0.482746,550.536,8882.2,145.955,23.1957,0.267264,122.492,147.384,23.1887,0.0718272,124.123,293.339,0,0,0
1200,2,1,1139,1,1,2,10333.1,24669.1,846.114,69.5741,0.519494,731.198,11690.1,147.68,23.1957,0.267264,124.217,349.168,46.3784,0.108576,302.681,496.848,1,0,0
1200,2,1,1140,1,1,1,4317.61,18673.4,637.688,46.3844,0.50112,544.737,9000.95,141.49,23.1957,0.267264,118.027,155.255,23.1887,0.0902016,131.976,296.745,0,0,0
1200,2,1,1141,1,1,1,4322.5,24667.3,822.617,52.1883,0.571277,724.49,11806.1,334.081,28.9996,0.355795,304.726,144.206,23.1887,0.0718272,120.945,478.287,0,0,0
1200,2,1,1142,1,1,1,4330.44,18670.4,425.504,46.3844,0.678182,331.76,12770.7,94.356,23.1957,0.462701,70.6976,139.239,23.1887,0.0718272,115.978,233.595,0,0,0
1200,2,1,1143,1,1,1,4358.2,18695.3,651.425,46.3844,0.482746,558.533,8778.78,156.601,23.1957,0.267264,133.138,153.863,23.1887,0.0718272,130.603,310.464,0,0,0
1200,2,1,1144,1,0,0,-1,-1,398.277,23.1957,0.532858,327.151,245631,-1,-1,-1,-1,-1,-1,-1,-1,-1,0,0,0
1200,2,1,1145,1,1,1,4370.85,18692.5,589.738,46.3844,0.482746,496.667,9872.92,111.227,23.1957,0.267264,87.7638,157.534,23.1887,0.0718272,134.274,268.761,0,0,0
1200,2,1,1146,1,1,1,4329.7,18720.5,646.243,46.3844,0.517824,553.301,8895.94,148.24,23.1957,0.302342,124.742,147.267,23.1887,0.0718272,124.006,295.507,0,0,0
1200,2,1,1147,1,0,0,-1,-1,764.962,23.1957,0.267264,695.167,251604,-1,-1,-1,-1,-1,-1,-1,-1,-1,0,0,0
1200,2,1,1148,1,1,1,4329.42,18644.5,473.086,46.3844,0.482746,379.676,11899.3,77.6972,23.1957,0.267264,54.2342,142.671,23.1887,0.0718272,119.411,220.369,0,0,0
1200,2,1,1149,1,1,1,4421.87,18777.2,622.616,46.3844,0.571277,529.552,9372.31,151.46,23.1957,0.302342,127.962,127.316,23.1887,0.12528,104.002,278.776,0,0,0
1200,2,1,1150,1,1,1,4321.06,30723.8,905.388,57.9922,0.945446,801.483,16489.8,523.462,34.8035,0.729965,487.717,84.0029,23.1887,0.0718272,60.7423,607.465,0,0,0
1200,2,1,1151,1,1,2,10385.8,24761.4,826.808,69.5741,0.519494,711.837,12125.7,138.934,23.1957,0.267264,115.471,363.154,46.3784,0.108576,316.667,502.088,1,0,0
1200,2,1,1152,1,1,1,4317.61,18634,450.813,46.3844,0.482746,357.338,12284.8,77.0421,23.1957,0.267264,53.5791,137.766,23.1887,0.0718272,114.506,214.808,0,0,0
1200,2,1,1153,1,1,1,4345.38,18667.1,524.15,46.3844,0.517824,430.853,11013.6,84.0942,23.1957,0.302342,60.5962,146.803,23.1887,0.0718272,123.542,230.897,0,0,0
1200,2,1,1154,1,1,1,4385.32,18739.1,531.312,46.3844,0.678182,437.875,10958,83.1248,23.1957,0.462701,59.4664,148.416,23.1887,0.0718272,125.156,231.541,0,0,0
1200,2,1,1155,1,1,1,4340.4,18661.3,645.175,46.3844,0.482746,552.265,8855.96,146.891,23.1957,0.267264,123.428,150.457,23.1887,0.0718272,127.197,297.349,0,0,0
1200,2,1,1156,1,1,1,4320.2,18689.8,632.356,46.3844,0.587981,539.303,9111.67,155.133,23.1957,0.372499,131.565,135.266,23.1887,0.0718272,112.006,290.399,0,0,0
1200,2,1,1157,1,1,1,4336.62,24686.8,810.036,52.1883,0.87529,711.568,12048.7,314.685,28.9996,0.516154,285.169,148.649,23.1887,0.0718272,125.388,463.334,0,0,0
1200,2,1,1158,1,1,1,4353.38,18692.2,646.736,46.3952,0.50112,553.801,8859.01,146.731,23.2065,0.285638,123.239,150.154,23.1887,0.0718272,126.894,296.885,0,0,0
1200,2,1,1159,1,1,1,4322.63,18683.1,524.015,46.3844,0.517824,430.717,11032,147.668,23.1957,0.302342,124.17,81.7757,23.1887,0.0718272,58.5152,229.444,0,0,0
1200,2,1,1160,1,1,1,4333.76,18735.1,631.846,46.3844,0.678182,538.702,9166.25,138.276,23.1957,0.462701,114.617,155.72,23.1887,0.0718272,132.46,293.996,0,0,0
1200,2,1,1161,1,1,1,4318,18633.7,413.762,46.3844,0.482746,320.179,12943.3,90.2947,23.1957,0.267264,66.8317,136.883,23.1887,0.0718272,113.623,227.178,0,0,0
1200,2,1,1162,1,1,2,10359.8,24681.4,716.632,69.5741,0.519494,601.34,14004.8,149.591,23.1957,0.267264,126.128,220.91,46.3784,0.108576,174.423,370.502,1,0,0
1200,2,1,1163,1,1,1,4369.24,18748.2,623.108,46.3844,0.770054,529.846,9334.47,152.817,23.1957,0.267264,129.354,126.569,23.1887,0.0718272,103.309,279.386,0,0,0
1200,2,1,1164,1,1,1,4340.57,18668.9,635.742,46.3844,0.482746,542.804,9031.31,137.562,23.1957,0.267264,114.099,154.296,23.1887,0.0718272,131.036,291.859,0,0,0
1200,2,1,1165,1,1,1,4411.26,18754.8,616.847,46.3844,0.517824,523.82,9452.93,149.693,23.1957,0.302342,126.195,121.595,23.1887,0.0718272,98.3345,271.288,0,0,0
1200,2,1,1166,1,1,1,4358.66,18676.4,562.701,46.3844,0.482746,469.551,10337.6,93.5831,23.1957,0.267264,70.1201,146.882,23.1887,0.0718272,123.622,240.465,0,0,0
1200,2,1,1167,1,1,1,4319.37,18645.6,495.589,46.3844,0.517824,402.209,11499.9,81.2462,23.1957,0.302342,57.7482,146.51,23.1887,0.0718272,123.25,227.757,0,0,0
1200,2,1,1168,1,1,1,4316.32,24636.9,649.135,52.1883,0.731635,550.343,14860.3,336.319,28.9996,0.516154,306.803,83.5083,23.1887,0.0718272,60.2478,419.827,0,0,0
1200,2,1,1169,1,1,1,4320.9,18703.3,516.549,46.3844,0.873619,422.874,11184.3,152.975,23.1957,0.658138,129.121,81.117,23.1887,0.0718272,57.8565,234.092,0,0,0
1200,2,1,1170,1,1,1,4318.57,24677.5,529.618,52.1883,0.606355,430.604,17026.1,300.583,28.9996,0.390874,271.164,51.4244,23.1887,0.0718272,28.1639,352.007,0,0,0
1200,2,1,1171,1,1,1,4355.74,18737.2,621.551,46.3844,0.50112,528.554,9351.73,138.754,23.1957,0.267264,115.291,156.437,23.1887,0.0902016,133.158,295.191,0,0,0
1200,2,1,1172,1,1,2,10376.7,24705.6,835.008,69.5741,0.841882,719.738,11923,143.919,23.1957,0.267264,120.456,349.536,46.3784,0.430963,302.726,493.455,1,0,0
1200,2,1,1173,1,1,1,4321.18,18737.7,530.391,46.3844,1.13921,436.491,10971.5,148.044,23.1957,0.923731,123.925,83.0698,23.1887,0.0718272,59.8093,231.114,0,0,0
1200,2,1,1174,1,1,1,4388.92,18706.3,558.306,46.3844,0.517824,465.108,10445.4,89.293,23.1957,0.267264,65.8301,148.498,23.1887,0.106906,125.203,237.791,0,0,0
1200,2,1,1175,1,1,1,4367.31,18683.4,472.876,46.3844,0.50112,379.447,11941.6,76.6594,23.1957,0.267264,53.1965,143.464,23.1887,0.0902016,120.185,220.124,0,0,0
1200,2,1,1176,1,1,1,4355.11,18764.1,648.019,46.3844,0.482746,555.117,8908.15,149.03,23.1957,0.267264,125.567,150.598,23.1887,0.0718272,127.338,299.628,0,0,0
1200,2,1,1177,1,1,1,4316.62,18643,622.686,46.3844,0.482746,529.711,9237.57,137.2,23.1957,0.267264,113.737,156.298,23.1887,0.0718272,133.037,293.497,0,0,0
1200,2,1,1178,1,1,2,10429.2,24763.1,832.777,69.5741,0.912038,717.43,12019.7,136.303,23.1957,0.302342,112.805,354.382,46.3784,0.466042,307.538,490.686,1,0,0
1200,2,1,1179,1,1,1,4335.06,18670,646.082,46.3844,0.6264,553.03,8848.07,147.153,23.1957,0.267264,123.69,150.349,23.1887,0.0718272,127.089,297.502,0,0,0
1200,2,1,1180,1,1,1,4341.87,18656.7,464.328,46.3844,0.482746,370.892,12067.2,76.5421,23.1957,0.267264,53.0792,143.374,23.1887,0.0718272,120.113,219.916,0,0,0
1200,2,1,1181,1,1,1,4335.83,24760.6,816.573,52.1883,1.0156,717.984,12005.3,316.766,28.9996,0.621389,287.145,152.611,23.1887,0.106906,129.316,469.378,0,0,0
1200,2,1,1182,1,1,1,4323.11,36758.7,932.185,63.7961,1.63866,822.02,22145.8,682.754,40.6075,1.27953,640.289,57.5734,23.1887,0.0718272,34.3129,740.328,0,0,0
1200,2,1,1183,1,1,1,4318.54,18660.8,539.96,46.3844,0.482746,446.744,10726.3,146.354,23.1957,0.267264,122.891,84.1797,23.1887,0.0718272,60.9192,230.533,0,0,0
1200,2,1,1184,1,1,1,4321.54,18721.7,646.616,46.3844,0.678182,553.514,8890.28,148.946,23.1957,0.462701,125.287,149.622,23.1887,0.0718272,126.361,298.568,0,0,0
1200,2,1,1185,1,1,1,4350.76,18671.9,525.178,46.3844,0.6264,431.775,11000,83.635,23.1957,0.267264,60.172,146.913,23.1887,0.0718272,123.652,230.548,0,0,0
1200,2,1,1186,1,1,1,4325.38,18703,538.004,46.3844,0.482746,444.782,10803.3,146.861,23.1957,0.267264,123.398,83.9433,23.1887,0.0718272,60.6828,230.804,0,0,0
1200,2,1,1187,1,1,1,4332.36,18689.8,635.401,46.3844,0.517824,542.427,9057.96,138.577,23.1957,0.267264,115.114,154.613,23.1887,0.106906,131.317,293.19,0,0,0
1200,2,1,1188,1,1,1,4318.86,18783,574.533,46.3844,0.482746,481.418,10233.8,153.089,23.1957,0.267264,129.626,97.1418,23.1887,0.0718272,73.8813,250.231,0,0,0
1200,2,1,1189,1,1,2,10350,24663.8,644.863,69.5741,0.519494,529.362,15263.4,78.7187,23.1957,0.267264,55.2558,333.795,46.3784,0.108576,287.308,412.514,1,0,0
1200,2,1,1190,1,1,2,10326.3,30650.7,907.228,75.3781,0.821837,786.543,16683.5,223.952,28.9996,0.425952,194.281,360.624,46.3784,0.25223,313.994,584.577,1,0,0
1200,2,1,1191,1,1,1,4337.99,18674.5,425.265,46.3844,0.587981,331.61,12778.9,93.1432,23.1957,0.372499,69.575,139.452,23.1887,0.0718272,116.191,232.595,0,0,0
1200,2,1,1192,1,1,1,4337.61,18683.6,530.822,46.3844,0.482746,437.579,10911.6,143.908,23.1957,0.267264,120.445,84.0696,23.1887,0.0718272,60.8091,227.978,0,0,0
1200,2,1,1193,1,1,1,4315.02,18685.7,539.243,46.3844,0.678182,445.829,10763.5,147.24,23.1957,0.462701,123.582,84.297,23.1887,0.0718272,61.0365,231.537,0,0,0
1200,2,1,1194,1,1,2,10348.7,24765.4,841.523,69.5741,0.75001,726.363,11867.3,158.992,23.1957,0.497779,135.299,341.832,46.3784,0.108576,295.345,500.824,1,0,0
1200,2,1,1195,1,1,1,4338.86,18677.6,495.107,46.3844,0.821837,401.422,11539.9,156.373,23.1957,0.462701,132.714,79.637,23.1887,0.0718272,56.3765,236.01,0,0,0
1200,2,1,1196,1,1,1,4328.35,24696.6,731.67,52.1883,0.536198,633.313,13452.8,333.121,28.9996,0.320717,303.8,87.358,23.1887,0.0718272,64.0975,420.478,0,0,0
1200,2,1,1197,1,1,1,4327.08,18731.2,651.379,46.3844,0.661478,558.308,8814.89,158.392,23.1957,0.302342,134.894,150.308,23.1887,0.0718272,127.047,308.7,0,0,0
1200,2,1,1198,1,1,1,4331.4,36721.7,1024.84,63.7961,1.03398,915.546,20463.1,712.896,40.6075,0.818496,670.987,82.9073,23.1887,0.0718272,59.6468,795.804,0,0,0
1200,2,1,1199,1,1,1,4332.45,18653.7,545.163,46.3844,0.482746,451.962,10626.8,81.5252,23.1957,0.267264,58.0622,146.557,23.1887,0.0718272,123.297,228.082,0,0,0
1200,2,1,1200,1,1,1,4323.56,18644.8,584.749,46.3844,0.6264,491.519,9913.57,108.059,23.1957,0.267264,84.5964,155.397,23.1887,0.0718272,132.137,263.456,0,0,0
