N,seed,dutyCycle,devId,registered,authSuccess,attempts,latencyMs,e2eMs,fullEnergyMJ,fullCpuEnergyMJ,fullTxEnergyMJ,fullRxEnergyMJ,idleListeningMs,regEnergyMJ,regCpuEnergyMJ,regTxEnergyMJ,regRxEnergyMJ,authEnergyMJ,authCpuEnergyMJ,authTxEnergyMJ,authRxEnergyMJ,sessionEnergyMJ,fallbackUsed,replayRejected,desync
1200,5,1,1,1,1,1,4317.66,18736.8,365.783,46.3844,0.482746,272.061,13899.5,118.15,23.1957,0.267264,94.687,53.9078,23.1887,0.0718272,30.6473,172.058,0,0,0
1200,5,1,2,1,1,1,4372.12,18694.9,521.414,46.3844,0.948787,427.678,11088.9,93.9899,23.1957,0.302342,70.4919,150.418,23.1887,0.0718272,127.157,244.408,0,0,0
1200,5,1,3,1,1,1,4330.57,18674.5,510.142,46.3844,0.517824,416.804,11270,150.283,23.1957,0.302342,126.785,82.6908,23.1887,0.0718272,59.4303,232.974,0,0,0
1200,5,1,4,1,1,1,4327.94,24678,761.636,52.1883,0.536198,663.367,12901.4,329.569,28.9996,0.320717,300.248,98.6903,23.1887,0.0718272,75.4298,428.259,0,0,0
1200,5,1,5,1,1,1,4321.83,24759.1,785.74,52.1883,0.536198,687.54,12553.9,344.879,28.9996,0.320717,315.558,107.981,23.1887,0.0718272,84.7209,452.86,0,0,0
1200,5,1,6,1,1,1,4318.86,18737.8,510.894,46.3844,0.587981,417.488,11319.5,153.241,23.1957,0.372499,129.673,84.057,23.1887,0.0718272,60.7965,237.298,0,0,0
1200,5,1,7,1,1,1,4350.25,18669.9,469.161,46.3844,0.6264,375.595,11994.1,86.6274,23.1957,0.267264,63.1644,143.435,23.1887,0.0718272,120.174,230.062,0,0,0
1200,5,1,8,1,1,1,4330.76,24729.8,829.017,52.1883,0.696557,730.783,11754.7,343.025,28.9996,0.481075,313.544,141.989,23.1887,0.0718272,118.729,485.014,0,0,0
1200,5,1,9,1,1,1,4316.3,18629.8,403.922,46.3844,0.482746,310.31,13114.4,68.1462,23.1957,0.267264,44.6832,127.34,23.1887,0.0718272,104.079,195.486,0,0,0
1200,5,1,10,1,1,1,4362.2,18719,661.35,46.3844,0.482746,568.487,8625.98,144.152,23.1957,0.267264,120.689,152.085,23.1887,0.0718272,128.825,296.237,0,0,0
1200,5,1,11,1,1,1,4356.14,18837.5,646.56,46.3844,0.6264,553.511,9007.1,166.291,23.1957,0.267264,142.828,154.388,23.1887,0.0718272,131.128,320.679,0,0,0
1200,5,1,12,1,1,1,4329.23,24646.3,732.51,52.1883,0.536198,634.156,13387.5,318.952,28.9996,0.285638,289.667,97.0289,23.1887,0.106906,73.7333,415.981,0,0,0
1200,5,1,13,1,1,1,4347.98,24764.9,807.105,52.1883,0.731635,708.772,12179.3,354.201,28.9996,0.516154,324.685,127.416,23.1887,0.0718272,104.155,481.617,0,0,0
1200,5,1,14,1,1,1,4326.41,18655,490.839,46.3844,0.552902,397.41,11593.5,153.985,23.1957,0.302342,130.487,80.5312,23.1887,0.106906,57.2356,234.516,0,0,0
1200,5,1,15,1,1,1,4337.1,18666.6,406.073,46.3844,0.517824,312.433,13112.7,68.5649,23.1957,0.267264,45.102,127.734,23.1887,0.106906,104.438,196.299,0,0,0
1200,5,1,16,1,1,1,4331.7,18666.2,648.727,46.3952,0.840211,555.46,8796.75,135.017,23.2065,0.481075,111.329,156.832,23.1887,0.0718272,133.571,291.849,0,0,0
1200,5,1,17,1,1,1,4316.07,18771.8,481.784,46.3844,0.482746,388.398,11871.9,155.336,23.1957,0.267264,131.873,81.3642,23.1887,0.0718272,58.1037,236.7,0,0,0
1200,5,1,18,1,1,1,4355.83,24824.3,709.861,52.1883,0.96215,611.015,13967.1,322.339,28.9996,0.746669,292.592,91.7545,23.1887,0.0718272,68.494,414.093,0,0,0
1200,5,1,19,1,0,0,-1,-1,785.411,23.1957,0.302342,715.641,252432,-1,-1,-1,-1,-1,-1,-1,-1,-1,0,0,0
1200,5,1,20,1,1,1,4330.44,24691.8,821.746,52.1883,0.571277,723.617,11846,325.373,28.9996,0.355795,296.018,137.558,23.1887,0.0718272,114.298,462.932,0,0,0
1200,5,1,21,1,1,1,4323.98,18721.8,366.579,46.3844,0.552902,272.788,13870,119.022,23.1957,0.267264,95.5587,54.1224,23.1887,0.141984,30.7917,173.144,0,0,0
1200,5,1,22,0,0,0,-1,-1,1510.99,23.206,0.516154,1443.1,267940,-1,-1,-1,-1,-1,-1,-1,-1,-1,0,0,0
1200,5,1,23,1,1,2,10353,24775.2,856.061,75.3781,1.35469,734.694,11717.1,154.29,28.9996,1.06739,124.223,337.66,46.3784,0.143654,291.138,491.949,1,0,0
1200,5,1,24,1,1,1,4389.33,18717,652.702,46.3844,0.6264,559.67,8777.42,136.7,23.1957,0.267264,113.237,159.202,23.1887,0.0718272,135.941,295.901,0,0,0
1200,5,1,25,1,1,1,4317.9,18782.9,360.214,46.3844,0.482746,266.475,14044.7,115.295,23.1957,0.267264,91.8318,50.6682,23.1887,0.0718272,27.4077,165.963,0,0,0
1200,5,1,26,1,0,0,-1,-1,1525.22,23.1957,0.337421,1457.56,268600,-1,-1,-1,-1,-1,-1,-1,-1,-1,0,0,0
1200,5,1,27,1,1,1,4389.51,18817.6,596.218,46.3844,0.552902,503.095,9882.27,152.603,23.1957,0.302342,129.105,109.868,23.1887,0.106906,86.5726,262.471,0,0,0
1200,5,1,28,1,1,2,10334.2,24652.2,833.611,69.5741,0.519494,718.659,11895.5,123.745,23.1957,0.267264,100.282,369.727,46.3784,0.108576,323.24,493.472,1,0,0
1200,5,1,29,1,1,1,4344.39,18777.1,654.524,46.3844,0.482746,561.641,8805.45,165.371,23.1957,0.267264,141.908,138.533,23.1887,0.0718272,115.273,303.904,0,0,0
1200,5,1,30,1,1,1,4389.71,18719.2,495.591,46.3844,0.713261,402.016,11573.1,91.8229,23.1957,0.497779,68.1294,144.431,23.1887,0.0718272,121.171,236.254,0,0,0
1200,5,1,31,1,1,1,4320.62,18662.1,452.625,46.3844,0.482746,359.155,12280.6,152.743,23.1957,0.267264,129.28,79.9836,23.1887,0.0718272,56.7231,232.726,0,0,0
1200,5,1,32,1,1,1,4396.48,18789.4,663.34,46.3844,0.482746,570.483,8661.05,145.168,23.1957,0.267264,121.705,153.006,23.1887,0.0718272,129.745,298.174,0,0,0
1200,5,1,33,1,1,1,4404.55,18793.1,578.043,46.3844,0.517824,484.903,10181.2,140.148,23.1957,0.302342,116.65,102.089,23.1887,0.0718272,78.8282,242.236,0,0,0
1200,5,1,34,1,1,1,4326.21,18643.7,506.951,46.3844,0.482746,413.639,11296.3,91.8504,23.1957,0.267264,68.3875,143.18,23.1887,0.0718272,119.92,235.031,0,0,0
1200,5,1,35,1,1,1,4335.83,18668.5,549.225,46.3844,0.714931,455.804,10568.2,94.2452,23.1957,0.337421,70.7121,159.193,23.1887,0.0902016,135.914,253.438,0,0,0
1200,5,1,36,1,1,1,4349.9,24774.8,767.316,52.1883,1.03231,668.567,12895.5,331.636,28.9996,0.781747,301.855,100.427,23.1887,0.106906,77.1317,432.063,0,0,0
1200,5,1,37,1,1,1,4424.68,18971.2,649.606,46.3844,0.552902,556.638,9086.55,163.634,23.1957,0.302342,140.136,156.948,23.1887,0.106906,133.653,320.582,0,0,0
1200,5,1,38,1,1,3,16470.2,30790.3,927.109,92.7639,0.699898,789.696,16770,93.6805,23.1957,0.267264,70.2175,569.527,69.5682,0.288979,499.67,663.207,2,0,0
1200,5,1,39,1,1,1,4323.88,24791.3,643.43,52.1883,0.87529,544.477,15115.7,322.567,28.9996,0.516154,293.051,81.8606,23.1887,0.0718272,58.6001,404.427,0,0,0
1200,5,1,40,1,1,1,4318.02,36762.5,1113.49,63.7961,1.19434,1004.29,18927.3,636.304,40.6075,0.978854,594.003,147.992,23.1887,0.0718272,124.732,784.296,0,0,0
1200,5,1,41,1,1,1,4517.15,18864.3,658.243,46.3844,0.606355,565.247,8825.65,158.809,23.1957,0.302342,135.311,140.542,23.1887,0.160358,117.193,299.351,0,0,0
1200,5,1,42,1,1,1,4434.87,18775.6,600.398,46.3844,0.536198,507.304,9766.03,151.414,23.1957,0.267264,127.951,117.756,23.1887,0.12528,94.4416,269.17,0,0,0
1200,5,1,43,1,1,1,4319.11,18858.2,638.722,46.3844,0.482746,545.793,9167.59,159.478,23.1957,0.267264,136.015,151.421,23.1887,0.0718272,128.161,310.899,0,0,0
1200,5,1,44,1,1,1,4335,24818.5,769.836,52.1991,0.945446,671.171,12895.1,334.206,29.0104,0.694886,304.5,101.433,23.1887,0.106906,78.137,435.638,0,0,0
1200,5,1,45,1,1,1,4383.19,18746.7,655.688,46.3844,0.482746,562.809,8754.41,139.975,23.1957,0.267264,116.512,158.935,23.1887,0.0718272,135.674,298.91,0,0,0
1200,5,1,46,1,1,1,4317.08,24668.6,664.128,52.1883,0.606355,565.505,14625.4,318.572,28.9996,0.390874,289.181,81.0412,23.1887,0.0718272,57.7807,399.613,0,0,0
1200,5,1,47,1,1,2,10393.9,24713.5,795.029,69.5741,0.733306,679.751,12642,104.973,23.1957,0.267264,81.5102,375.309,46.3784,0.178733,328.752,480.282,1,0,0
1200,5,1,48,1,0,0,-1,-1,523.888,23.1957,0.693216,452.967,247700,-1,-1,-1,-1,-1,-1,-1,-1,-1,0,0,0
1200,5,1,49,1,0,0,-1,-1,1455.27,23.1957,0.267264,1387.49,265443,-1,-1,-1,-1,-1,-1,-1,-1,-1,0,0,0
1200,5,1,50,1,1,1,4367.29,18683.8,503.374,46.3844,0.517824,410.016,11399.7,93.7924,23.1957,0.267264,70.3294,143.813,23.1887,0.106906,120.517,237.605,0,0,0
1200,5,1,51,1,1,1,4360.21,18684.5,597.644,46.3844,0.517824,504.561,9724.13,111.866,23.1957,0.302342,88.3684,163.45,23.1887,0.0718272,140.19,275.317,0,0,0
1200,5,1,52,1,1,1,4331.46,18715.4,445.521,46.3844,0.587981,351.925,12459.6,153.48,23.1957,0.372499,129.911,77.7167,23.1887,0.0718272,54.4562,231.196,0,0,0
1200,5,1,53,1,1,1,4319.34,18646.8,658.789,46.3844,0.482746,565.919,8599.35,143.466,23.1957,0.267264,120.003,149.786,23.1887,0.0718272,126.526,293.252,0,0,0
1200,5,1,54,1,0,0,-1,-1,615.161,69.5741,0.768384,499.325,9917.04,-1,-1,-1,-1,-1,-1,-1,-1,-1,1,0,0
1200,5,1,55,1,0,0,-1,-1,1194.53,23.1957,0.658138,1125.59,258290,-1,-1,-1,-1,-1,-1,-1,-1,-1,0,0,0
1200,5,1,56,1,1,1,4409.74,18752.5,648.852,46.3844,0.482746,555.952,8881.76,137.122,23.1957,0.267264,113.659,163.721,23.1887,0.0718272,140.46,300.843,0,0,0
1200,5,1,57,1,1,1,4328.91,18738.7,653.971,46.3844,0.517824,561.051,8776.71,164.582,23.1957,0.267264,141.119,139.028,23.1887,0.106906,115.733,303.61,0,0,0
1200,5,1,58,1,1,1,4346.47,18671.9,560.718,46.3844,0.482746,467.562,10368.4,95.2814,23.1957,0.267264,71.8184,159.407,23.1887,0.0718272,136.147,254.689,0,0,0
1200,5,1,59,1,1,1,4315.98,18757.8,479.148,46.3844,0.517824,385.72,11904.5,156.467,23.1957,0.302342,132.969,81.893,23.1887,0.0718272,58.6325,238.36,0,0,0
1200,5,1,60,1,1,1,4360.25,18764.5,637.161,46.3844,0.517824,544.192,9101.41,129.682,23.1957,0.302342,106.184,164.921,23.1887,0.0718272,141.661,294.603,0,0,0
1200,5,1,61,1,1,1,4316.62,18631.7,523.919,46.3844,0.482746,430.656,10982.5,146.48,23.1957,0.267264,123.017,88.6466,23.1887,0.0718272,65.3861,235.127,0,0,0
1200,5,1,62,1,1,1,4319.88,18755.7,487.631,46.3844,0.678182,394.067,11751.3,157.12,23.1957,0.462701,133.461,81.5718,23.1887,0.0718272,58.3113,238.692,0,0,0
1200,5,1,63,1,1,2,4406.14,18782.7,689.105,69.5741,1.02061,573.232,8593.92,146.518,23.1957,0.267264,123.055,178.401,46.3784,0.322387,131.7,324.919,1,0,0
1200,5,1,64,1,1,1,4328.14,18750.4,465.577,46.3844,0.482746,372.144,12138.6,157.273,23.1957,0.267264,133.81,79.8879,23.1887,0.0718272,56.6274,237.161,0,0,0
1200,5,1,65,1,1,1,4333.77,18772.4,363.736,46.3844,0.482746,270.007,13971.6,117.834,23.1957,0.267264,94.3712,52.852,23.1887,0.0718272,29.5915,170.686,0,0,0
1200,5,1,66,1,1,1,4329.54,18654.6,469.469,46.3844,0.482746,376.048,11973.6,86.4884,23.1957,0.267264,63.0254,143.058,23.1887,0.0718272,119.797,229.546,0,0,0
1200,5,1,67,1,0,0,-1,-1,1492.99,23.1957,0.267264,1425.31,267134,-1,-1,-1,-1,-1,-1,-1,-1,-1,0,0,0
1200,5,1,68,0,0,0,-1,-1,1481.8,23.206,0.516154,1413.83,266468,-1,-1,-1,-1,-1,-1,-1,-1,-1,0,0,0
1200,5,1,69,1,1,1,4349.37,18717.1,653.22,46.3844,0.517824,560.298,8768.4,163.737,23.1957,0.267264,140.274,137.727,23.1887,0.106906,114.432,301.465,0,0,0
1200,5,1,70,1,1,1,4342.88,18821.9,642.986,46.3844,0.517824,550.034,9055.25,162.19,23.1957,0.302342,138.692,152.699,23.1887,0.0718272,129.438,314.889,0,0,0
1200,5,1,71,1,1,1,4360.25,18862.2,645.901,46.3844,0.517824,552.958,9043.68,163.465,23.1957,0.267264,140.002,153.815,23.1887,0.106906,130.52,317.28,0,0,0
1200,5,1,72,1,1,1,4337.74,18659.6,434.712,46.3844,0.552902,341.12,12596.3,80.5163,23.1957,0.267264,57.0533,131.527,23.1887,0.141984,108.196,212.043,0,0,0
1200,5,1,73,1,1,1,4315.66,18686.5,494.24,46.3844,0.482746,400.891,11565,155.304,23.1957,0.267264,131.841,80.4817,23.1887,0.0718272,57.2212,235.785,0,0,0
1200,5,1,74,1,1,1,4318.18,24643.8,445.618,52.1883,0.536198,346.43,18486.5,253.461,28.9996,0.320717,223.981,37.8289,23.1887,0.0718272,14.5683,291.29,0,0,0
1200,5,1,75,1,1,1,4316.3,18681.9,570.182,46.3844,0.482746,477.054,10210.1,141.396,23.1957,0.267264,117.933,99.6017,23.1887,0.0718272,76.3412,240.998,0,0,0
1200,5,1,76,1,1,1,4336.06,18778.8,659.969,46.3844,0.554573,567.03,8709.69,162.119,23.1957,0.302342,138.621,139.516,23.1887,0.108576,116.218,301.635,0,0,0
1200,5,1,77,1,1,2,10367.4,24700.7,630.093,69.5741,0.663149,514.406,15562.6,80.8267,23.1957,0.267264,57.3638,326.709,46.3784,0.108576,280.222,407.536,1,0,0
1200,5,1,78,1,1,2,10465.7,24784.3,807.207,69.5741,0.663149,692.034,12496.7,111.667,23.1957,0.267264,88.2042,374.178,46.3784,0.25223,327.548,485.846,1,0,0
1200,5,1,79,1,1,1,4393.03,18713,603.483,46.3844,0.482746,510.452,9648.97,113.571,23.1957,0.267264,90.1082,163.578,23.1887,0.0718272,140.318,277.15,0,0,0
1200,5,1,80,1,1,2,10334.8,24650.5,744.577,69.5741,0.519494,629.366,13477,94.6966,23.1957,0.267264,71.2337,369.846,46.3784,0.108576,323.359,464.542,1,0,0
1200,5,1,81,1,1,1,4317.26,18639,512.157,46.3844,0.482746,418.86,11198.9,149.216,23.1957,0.267264,125.753,82.0501,23.1887,0.0718272,58.7896,231.266,0,0,0
1200,5,1,82,1,1,1,4345.74,18741.1,650.154,46.3844,0.696557,557.044,8846.55,165.718,23.1957,0.462701,142.059,149.622,23.1887,0.0902016,126.343,315.34,0,0,0
1200,5,1,83,1,1,1,4379.46,18726.3,565.656,46.3844,0.552902,472.444,10334.5,94.7742,23.1957,0.267264,71.3113,162.775,23.1887,0.141984,139.444,257.549,0,0,0
1200,5,1,84,1,1,1,4390.39,30849.2,1002.36,57.9922,1.45993,898.225,14888.8,545.02,34.8035,1.03064,509.028,131.797,23.1887,0.141984,108.467,676.817,0,0,0
1200,5,1,85,1,1,1,4346.41,18710.6,658.38,46.3844,0.517824,565.473,8670.15,159.547,23.1957,0.302342,136.049,139.569,23.1887,0.0718272,116.309,299.117,0,0,0
1200,5,1,86,1,1,1,4360.38,18676.8,641.732,46.3844,0.913709,548.381,8931.43,130.755,23.1957,0.267264,107.292,162.328,23.1887,0.0718272,139.067,293.082,0,0,0
1200,5,1,87,1,1,1,4503.26,18832.1,659.753,46.3844,0.644774,566.723,8766.92,140.89,23.1957,0.267264,117.428,160.507,23.1887,0.0902016,137.228,301.397,0,0,0
1200,5,1,88,1,1,1,4323.98,30726.6,1012.36,57.9922,1.67207,908.04,14588.1,534.735,34.8035,1.45659,498.296,153.183,23.1887,0.0718272,129.922,687.918,0,0,0
1200,5,1,89,1,1,1,4330.7,18676.1,545.478,46.3844,0.517824,452.243,10643.3,95.377,23.1957,0.267264,71.9141,158.915,23.1887,0.106906,135.62,254.293,0,0,0
1200,5,1,90,1,1,1,4321.94,18658.7,553.342,46.3844,0.587981,460.06,10485.5,134.224,23.1957,0.372499,110.656,97.9323,23.1887,0.0718272,74.6718,232.156,0,0,0
1200,5,1,91,1,1,3,16418.9,30752,948.641,92.7639,1.34467,810.646,16347,95.1682,23.1957,0.462701,71.5098,577.001,69.5682,0.738317,506.694,672.169,2,0,0
1200,5,1,92,0,0,0,-1,-1,396.034,23.206,0.551232,324.873,245702,-1,-1,-1,-1,-1,-1,-1,-1,-1,0,0,0
1200,5,1,93,1,0,0,-1,-1,894.203,23.1957,0.267264,824.785,253931,-1,-1,-1,-1,-1,-1,-1,-1,-1,0,0,0
1200,5,1,94,1,1,1,4359.27,18745.7,659.743,46.3844,0.678182,566.68,8680.8,160.451,23.1957,0.462701,136.793,141.249,23.1887,0.0718272,117.989,301.701,0,0,0
1200,5,1,95,1,1,1,4351.38,18665.9,408.887,46.3844,0.482746,315.29,13062.2,69.8517,23.1957,0.267264,46.3888,126.701,23.1887,0.0718272,103.44,196.553,0,0,0
1200,5,1,96,0,0,0,-1,-1,521.728,29.0099,1.06572,444.773,247562,-1,-1,-1,-1,-1,-1,-1,-1,-1,0,0,0
1200,5,1,97,1,1,2,4512.72,18864,647.523,69.5741,0.698227,531.851,9349.47,152.974,23.1957,0.267264,129.511,167.593,46.3784,0.287309,120.927,320.566,1,0,0
1200,5,1,98,1,1,1,4316.62,18760,365.406,46.3844,0.517824,271.648,13929.3,118.788,23.1957,0.302342,95.2898,53.3213,23.1887,0.0718272,30.0607,172.109,0,0,0
1200,5,1,99,1,1,1,4318.54,18728.9,512.047,46.3844,0.482746,418.75,11290.8,153.932,23.1957,0.267264,130.469,84.7609,23.1887,0.0718272,61.5004,238.693,0,0,0
1200,5,1,100,0,0,0,-1,-1,934.687,23.206,0.516154,865.127,254444,-1,-1,-1,-1,-1,-1,-1,-1,-1,0,0,0
1200,5,1,101,1,1,1,4321.22,18647.2,465.106,46.3844,0.517824,371.637,12043.6,87.2526,23.1957,0.302342,63.7546,141.376,23.1887,0.0718272,118.115,228.628,0,0,0
1200,5,1,102,1,1,2,4387.52,18714.3,442.902,69.5741,0.982195,326.351,12883,75.8225,23.1957,0.462701,52.1641,151.166,46.3784,0.37584,104.411,226.988,1,0,0
1200,5,1,103,1,1,2,4362.97,18684.9,628.606,69.5741,0.698227,512.879,9559.46,151.781,23.1957,0.267264,128.318,152.781,46.3784,0.287309,106.115,304.561,1,0,0
1200,5,1,104,1,1,1,4330.57,18651.4,599.02,46.3844,0.482746,505.976,9666.82,112.302,23.1957,0.267264,88.8395,161.382,23.1887,0.0718272,138.121,273.684,0,0,0
1200,5,1,105,1,0,0,-1,-1,1317.94,40.6183,0.871949,1232.21,260328,-1,-1,-1,-1,-1,-1,-1,-1,-1,0,0,0
1200,5,1,106,1,1,1,4424.16,18767.8,638.45,46.3844,0.6264,545.376,9081.67,126.892,23.1957,0.267264,103.429,165.589,23.1887,0.0718272,142.328,292.481,0,0,0
1200,5,1,107,1,1,1,4368.65,18807.9,654.337,46.3844,0.661478,561.275,8839.01,166.153,23.1957,0.302342,142.655,143,23.1887,0.0718272,119.739,309.153,0,0,0
1200,5,1,108,1,1,1,4410.55,18730.1,607.226,46.3844,0.482746,514.206,9599.55,115.439,23.1957,0.267264,91.9762,164.053,23.1887,0.0718272,140.792,279.492,0,0,0
1200,5,1,109,1,1,2,10370.9,24735.8,818.863,69.5741,0.519494,703.868,12241.3,164.988,23.1957,0.267264,141.525,326.991,46.3784,0.108576,280.504,491.979,1,0,0
1200,5,1,110,1,1,1,4320.28,18833.2,637.477,46.3844,0.678182,544.349,9164.27,158.421,23.1957,0.462701,134.763,152.547,23.1887,0.0718272,129.287,310.968,0,0,0
1200,5,1,111,0,0,0,-1,-1,1530.08,29.0099,0.800122,1456.33,268585,-1,-1,-1,-1,-1,-1,-1,-1,-1,0,0,0
1200,5,1,112,1,1,1,4331.77,18649.3,569.767,46.3844,0.6264,476.494,10184.5,98.308,23.1957,0.267264,74.8451,160.108,23.1887,0.0718272,136.847,258.416,0,0,0
1200,5,1,113,1,1,1,4324.07,18682.6,653.611,46.3844,0.6264,560.582,8726.86,161.259,23.1957,0.267264,137.796,134.857,23.1887,0.0718272,111.596,296.116,0,0,0
1200,5,1,114,1,1,1,4330.85,18883.8,645.711,46.3844,0.517824,552.767,9068.62,165.092,23.1957,0.302342,141.594,152.336,23.1887,0.0718272,129.076,317.428,0,0,0
1200,5,1,115,1,0,0,-1,-1,536.745,23.1957,0.302342,466.252,247872,-1,-1,-1,-1,-1,-1,-1,-1,-1,0,0,0
1200,5,1,116,1,1,1,4372.78,18697.3,664.535,46.3844,0.482746,571.681,8547.64,150.432,23.1957,0.267264,126.969,151.454,23.1887,0.0718272,128.193,301.886,0,0,0
1200,5,1,117,1,1,1,4329.83,18725.8,642.108,46.3844,0.873619,548.798,8974.07,165.307,23.1957,0.658138,141.453,150.937,23.1887,0.0718272,127.677,316.244,0,0,0
1200,5,1,118,1,0,0,-1,-1,419.175,23.1957,0.462701,348.18,246000,-1,-1,-1,-1,-1,-1,-1,-1,-1,0,0,0
1200,5,1,119,1,1,1,4350.52,18796.8,646.655,46.3844,1.10413,553.128,8963.44,167.288,23.1957,0.888653,143.204,150.867,23.1887,0.0718272,127.607,318.155,0,0,0
1200,5,1,120,1,1,1,4360.61,24906.2,845.993,52.1883,1.15759,747.348,11627.9,366.36,28.9996,0.942106,336.418,154.693,23.1887,0.0718272,131.433,521.053,0,0,0
1200,5,1,121,1,1,1,4321.41,18661.6,660.609,46.3844,0.482746,567.743,8581.81,146.437,23.1957,0.267264,122.974,149.227,23.1887,0.0718272,125.966,295.663,0,0,0
1200,5,1,122,1,1,1,4427.05,18750.3,602.734,46.3844,0.482746,509.701,9699.64,112.609,23.1957,0.267264,89.1463,164.847,23.1887,0.0718272,141.587,277.456,0,0,0
1200,5,1,123,1,1,1,4320.13,18635.1,392.259,46.3844,0.50112,298.595,13326.9,129.823,23.1957,0.267264,106.36,61.436,23.1887,0.0902016,38.1571,191.259,0,0,0
1200,5,1,124,1,1,1,4416.13,18764.9,645.971,46.3844,0.482746,553.063,8945.38,165.874,23.1957,0.267264,142.411,153.589,23.1887,0.0718272,130.328,319.463,0,0,0
1200,5,1,125,1,1,1,4325.98,18778.2,567.267,46.3844,0.517824,474.096,10358,138.763,23.1957,0.302342,115.265,102.179,23.1887,0.0718272,78.9185,240.942,0,0,0
1200,5,1,126,1,1,2,10334.7,24781.4,683.605,69.5741,0.663149,568.073,14691.7,140.345,23.1957,0.267264,116.882,208.447,46.3784,0.25223,161.817,348.793,1,0,0
1200,5,1,127,1,1,1,4338.66,18756.3,662.36,46.3844,0.587981,569.395,8644.63,146.488,23.1957,0.372499,122.92,149.979,23.1887,0.0718272,126.719,296.467,0,0,0
1200,5,1,128,1,0,0,-1,-1,769.797,28.9996,0.390874,694.249,252016,-1,-1,-1,-1,-1,-1,-1,-1,-1,0,0,0
1200,5,1,129,1,1,1,4419.73,18763.5,551.267,46.3844,0.910368,457.656,10626.3,94.7639,23.1957,0.372499,71.1958,160.428,23.1887,0.106906,137.132,255.192,0,0,0
1200,5,1,130,1,1,1,4388.32,18729.2,657.313,46.3844,0.805133,564.116,8707.01,140.712,23.1957,0.267264,117.249,158.533,23.1887,0.106906,135.237,299.245,0,0,0
1200,5,1,131,1,1,1,4323.92,18646.1,508.664,46.3844,0.482746,415.357,11268.2,93.1589,23.1957,0.267264,69.696,144.554,23.1887,0.0718272,121.293,237.713,0,0,0
1200,5,1,132,1,1,1,4343.23,18851.1,644.274,46.3844,0.482746,551.361,9061.77,163.212,23.1957,0.267264,139.749,153.035,23.1887,0.0718272,129.774,316.247,0,0,0
1200,5,1,133,1,1,1,4344.84,18665,492.63,46.3844,0.661478,399.097,11571.6,90.7874,23.1957,0.267264,67.3245,143.681,23.1887,0.106906,120.386,234.469,0,0,0
1200,5,1,134,1,0,0,-1,-1,1202.95,28.9996,0.907027,1128.15,258335,-1,-1,-1,-1,-1,-1,-1,-1,-1,0,0,0
1200,5,1,135,1,1,1,4333.56,18649.7,415.027,46.3844,0.482746,321.448,12936.8,73.3765,23.1957,0.267264,49.9135,126.482,23.1887,0.0718272,103.222,199.859,0,0,0
1200,5,1,136,1,1,1,4435.4,18989.6,650.404,46.3844,0.873619,557.118,9090.36,164.069,23.1957,0.658138,140.215,157.269,23.1887,0.0718272,134.008,321.337,0,0,0
1200,5,1,137,1,1,1,4327.53,18763.4,531.733,46.3844,0.873619,438.103,10974.3,144.557,23.1957,0.658138,120.703,91.1102,23.1887,0.0718272,67.8497,235.667,0,0,0
1200,5,1,138,1,1,1,4462,19061.8,652.105,46.3844,0.517824,559.179,9133.02,165.855,23.1957,0.302342,142.357,158.003,23.1887,0.0718272,134.743,323.859,0,0,0
1200,5,1,139,1,0,0,-1,-1,1119.73,28.9996,0.551232,1045.04,256891,-1,-1,-1,-1,-1,-1,-1,-1,-1,0,0,0
1200,5,1,140,1,1,1,4347.33,18749.8,650.658,46.3844,0.552902,557.694,8846.43,165.997,23.1957,0.337421,142.464,149.873,23.1887,0.0718272,126.612,315.869,0,0,0
1200,5,1,141,1,1,1,4322.25,48789.4,1379.29,75.404,2.63422,1258.14,26423.9,1031.4,52.2153,2.41874,975.543,82.9452,23.1887,0.0718272,59.6847,1114.34,0,0,0
1200,5,1,142,1,1,1,4335.75,18858.9,522.584,46.3844,0.770054,429.03,11232.7,156.524,23.1957,0.267264,133.061,85.6182,23.1887,0.0718272,62.3576,242.142,0,0,0
1200,5,1,143,1,1,1,4384.05,18766.5,607.004,46.3844,0.517824,513.947,9639.69,153.492,23.1957,0.267264,130.029,125.823,23.1887,0.106906,102.527,279.314,0,0,0
1200,5,1,144,1,1,1,4326.47,18640,445.614,46.3844,0.482746,352.124,12383.2,82.6008,23.1957,0.267264,59.1379,135.46,23.1887,0.0718272,112.199,218.06,0,0,0
1200,5,1,145,1,1,1,4367.46,18688.2,663.765,46.3844,0.482746,570.909,8552.23,144.065,23.1957,0.267264,120.602,153.841,23.1887,0.0718272,130.581,297.907,0,0,0
1200,5,1,146,1,1,1,4317.9,24635.6,446.422,52.1883,0.927072,346.845,18463.1,254.049,28.9996,0.71159,224.181,38.0653,23.1887,0.0718272,14.8048,292.115,0,0,0
1200,5,1,147,1,1,1,4338.17,24736.9,821.82,52.1883,1.08743,723.174,11888.9,312.145,28.9996,0.871949,282.273,147.068,23.1887,0.0718272,123.807,459.213,0,0,0
1200,5,1,148,1,1,1,4319.21,30719.6,906.697,57.9922,1.49668,802.244,16461.2,519.805,34.8035,1.2812,483.499,91.1625,23.1887,0.0718272,67.902,610.968,0,0,0
1200,5,1,149,1,1,1,4319.43,18726,664.026,46.3844,0.678182,570.976,8584.92,153.342,23.1957,0.462701,129.684,147.286,23.1887,0.0718272,124.026,300.629,0,0,0
1200,5,1,150,0,0,0,-1,-1,1179.55,23.206,0.516154,1110.7,258029,-1,-1,-1,-1,-1,-1,-1,-1,-1,0,0,0
1200,5,1,151,1,1,2,4420.42,18754.6,627.356,69.5741,0.733306,511.59,9640.66,114.713,23.1957,0.302342,91.2146,186.628,46.3784,0.287309,139.962,301.341,1,0,0
1200,5,1,152,1,1,1,4330.5,18653.7,449.782,46.3844,0.482746,356.304,12322.8,83.8281,23.1957,0.267264,60.3651,136.156,23.1887,0.0718272,112.896,219.984,0,0,0
1200,5,1,153,1,1,1,4426.76,18741.6,500.418,46.3844,0.482746,407.087,11510.3,94.4692,23.1957,0.267264,71.0062,145.346,23.1887,0.0718272,122.086,239.815,0,0,0
1200,5,1,154,1,1,1,4392.25,30726,990.219,57.9922,1.31962,886.186,14982.6,540.964,34.8035,1.08576,504.925,119.935,23.1887,0.0902016,96.6561,660.899,0,0,0
1200,5,1,155,1,1,1,4324.27,18650.3,559.366,46.3844,0.517824,466.171,10370.6,94.7191,23.1957,0.302342,71.221,158.445,23.1887,0.0718272,135.185,253.165,0,0,0
1200,5,1,156,1,1,1,4328.06,18649.4,464.355,46.3844,0.482746,370.919,12059.4,87.5839,23.1957,0.267264,64.1209,141.329,23.1887,0.0718272,118.068,228.913,0,0,0
1200,5,1,157,1,1,1,4329.13,18646.8,466.489,46.3844,0.661478,372.881,12018.2,87.1255,23.1957,0.267264,63.6625,141.867,23.1887,0.106906,118.572,228.993,0,0,0
1200,5,1,158,1,1,1,4317.26,24671.8,397.024,52.1883,0.766714,297.464,19378,223.755,28.9996,0.551232,193.953,31.0789,23.1887,0.0718272,7.81839,254.834,0,0,0
1200,5,1,159,1,0,0,-1,-1,1450.94,23.1957,0.497779,1382.91,265327,-1,-1,-1,-1,-1,-1,-1,-1,-1,0,0,0
1200,5,1,160,1,1,1,4338.68,18744.1,484.053,46.3844,0.482746,390.674,11803.9,154.831,23.1957,0.267264,131.368,81.9147,23.1887,0.0718272,58.6542,236.745,0,0,0
1200,5,1,161,1,0,0,-1,-1,1290.22,23.1957,0.267264,1221.95,260073,-1,-1,-1,-1,-1,-1,-1,-1,-1,0,0,0
1200,5,1,162,1,1,1,4334.34,18802.5,459.117,46.3844,0.873619,365.275,12304.7,158.456,23.1957,0.658138,134.602,81.9309,23.1887,0.0718272,58.6704,240.387,0,0,0
1200,5,1,163,1,1,1,4332.1,18674.6,529.236,46.3844,0.482746,435.989,10930.9,145.915,23.1957,0.267264,122.452,90.2222,23.1887,0.0718272,66.9617,236.137,0,0,0
1200,5,1,164,1,1,1,4320.2,18678.3,453.074,46.3844,0.517824,359.57,12288.6,153.288,23.1957,0.302342,129.79,79.8717,23.1887,0.0718272,56.6112,233.16,0,0,0
1200,5,1,165,1,1,1,4326.37,18667.9,377.715,46.3844,0.482746,284.027,13618.6,124.591,23.1957,0.267264,101.128,55.5448,23.1887,0.0718272,32.2843,180.136,0,0,0
1200,5,1,166,1,0,0,-1,-1,437.287,23.1957,0.302342,366.504,246285,-1,-1,-1,-1,-1,-1,-1,-1,-1,0,0,0
1200,5,1,167,1,1,1,4317.26,18633.1,570.056,46.3844,0.482746,476.927,10163.5,139.808,23.1957,0.267264,116.345,98.7914,23.1887,0.0718272,75.5309,238.599,0,0,0
1200,5,1,168,1,1,1,4330.02,18679.1,444.348,46.3844,0.713261,350.624,12444.1,152.128,23.1957,0.497779,128.435,77.5832,23.1887,0.0718272,54.3227,229.712,0,0,0
1200,5,1,169,1,1,1,4365.53,18715.2,642.992,46.3844,0.713261,549.845,8947.92,133.374,23.1957,0.462701,109.716,163.355,23.1887,0.106906,140.06,296.729,0,0,0
1200,5,1,170,1,1,1,4324.49,18716,443.027,46.3844,0.517824,349.494,12505,151.832,23.1957,0.302342,128.334,76.4678,23.1887,0.0718272,53.2073,228.3,0,0,0
1200,5,1,171,1,1,2,10404.3,24925.5,789.262,69.5741,0.950458,673.75,12956.3,162.77,23.1957,0.267264,139.307,298.253,46.3784,0.539539,251.335,461.023,1,0,0
1200,5,1,172,1,0,0,-1,-1,1021.79,23.1957,0.497779,952.516,255636,-1,-1,-1,-1,-1,-1,-1,-1,-1,0,0,0
1200,5,1,173,1,1,1,4316.3,18676.7,555.708,46.3844,0.482746,462.538,10462.2,133.345,23.1957,0.267264,109.882,99.7804,23.1887,0.0718272,76.5199,233.125,0,0,0
1200,5,1,174,1,1,1,4327.11,24734.7,567.053,52.1883,1.15759,467.597,16416.5,313.086,28.9996,0.942106,283.144,56.3046,23.1887,0.0718272,33.0441,369.391,0,0,0
1200,5,1,175,1,1,1,4349.35,18678.4,663.52,46.3844,0.482746,570.663,8546.85,143.861,23.1957,0.267264,120.398,152.981,23.1887,0.0718272,129.72,296.842,0,0,0
1200,5,1,176,1,1,1,4387.69,18730.9,656.148,46.3952,0.891994,562.85,8729.41,140.285,23.2065,0.676512,116.402,159.153,23.1887,0.0718272,135.892,299.438,0,0,0
1200,5,1,177,1,1,1,4461.51,18939.8,648.777,46.3844,0.587981,555.772,9069.62,161.821,23.1957,0.372499,138.253,158.319,23.1887,0.0718272,135.059,320.14,0,0,0
1200,5,1,178,1,1,1,4460.44,18864,654.501,46.3844,0.482746,561.618,8892.81,164.45,23.1957,0.267264,140.987,154.659,23.1887,0.0718272,131.398,319.109,0,0,0
1200,5,1,179,1,1,1,4361.26,24972.4,845.327,52.1883,0.890323,746.947,11705.9,364.637,28.9996,0.621389,335.016,154.638,23.1887,0.12528,131.324,519.275,0,0,0
1200,5,1,180,1,1,1,4366.31,18821.6,664.117,46.3844,0.536198,571.208,8678.91,146.782,23.1957,0.302342,123.284,152.867,23.1887,0.0902016,129.588,299.649,0,0,0
1200,5,1,181,1,1,1,4369.13,18896.4,650.73,46.3844,0.517824,557.801,8992.01,168.563,23.1957,0.267264,145.101,155.198,23.1887,0.106906,131.902,323.761,0,0,0
1200,5,1,182,1,1,1,4390.14,18735.2,637.594,46.3844,0.661478,544.483,9064.02,127.017,23.1957,0.267264,103.554,164.496,23.1887,0.106906,141.2,291.513,0,0,0
1200,5,1,183,1,1,1,4317.26,18646.6,556.297,46.3844,0.517824,463.094,10421.5,132.512,23.1957,0.302342,109.014,100.12,23.1887,0.0718272,76.8592,232.631,0,0,0
1200,5,1,184,0,0,0,-1,-1,1022.27,23.206,0.71159,952.767,255651,-1,-1,-1,-1,-1,-1,-1,-1,-1,0,0,0
1200,5,1,185,1,1,1,4340.13,18659.4,475.309,46.3844,0.482746,381.905,11874.6,89.4302,23.1957,0.267264,65.9672,140.775,23.1887,0.0718272,117.514,230.205,0,0,0
1200,5,1,186,1,1,1,4343.37,18663.3,454.52,46.3844,0.482746,361.056,12248.2,85.7159,23.1957,0.267264,62.253,134.667,23.1887,0.0718272,111.407,220.383,0,0,0
1200,5,1,187,1,1,3,16323.2,30705.6,1024.98,92.7639,0.6264,887.924,14944.9,160.736,23.1957,0.337421,137.203,508.125,69.5682,0.145325,438.411,668.861,2,0,0
1200,5,1,188,1,1,1,4330.5,18712.3,602.726,46.3844,0.873619,509.302,9660.78,151.173,23.1957,0.658138,127.32,120.934,23.1887,0.0718272,97.674,272.108,0,0,0
1200,5,1,189,1,1,1,4347.3,18673.1,577.271,46.3844,0.482746,484.163,10075.3,102.295,23.1957,0.267264,78.8319,161.653,23.1887,0.0718272,138.392,263.947,0,0,0
1200,5,1,190,1,0,0,-1,-1,992.278,23.1957,0.267264,923.144,255230,-1,-1,-1,-1,-1,-1,-1,-1,-1,0,0,0
1200,5,1,191,1,1,2,10353.7,24687.4,717.521,69.5741,0.698227,602.052,13994.4,93.7563,23.1957,0.267264,70.2934,358.163,46.3784,0.287309,311.498,451.92,1,0,0
1200,5,1,192,1,1,1,4316.74,18641.9,480.914,46.3844,0.552902,387.456,11757,91.5127,23.1957,0.337421,67.9796,142.034,23.1887,0.0718272,118.774,233.547,0,0,0
1200,5,1,193,1,1,1,4422.22,24776.7,791.523,52.1883,0.766714,693.11,12467.8,344.651,28.9996,0.481075,315.17,116.004,23.1887,0.141984,92.6729,460.655,0,0,0
1200,5,1,194,1,1,1,4341.22,24766.5,743.535,52.1883,1.31795,644.431,13309.9,323.694,28.9996,1.10246,293.592,99.1289,23.1887,0.0718272,75.8684,422.823,0,0,0
1200,5,1,195,1,1,2,10327,24714.3,592.838,69.5741,0.785088,476.92,16238.1,151.438,23.1957,0.532858,127.709,164.815,46.3784,0.108576,118.328,316.253,1,0,0
1200,5,1,196,1,1,1,4336.3,30684.8,998.106,57.9922,1.14088,894.275,14801.6,543.072,34.8035,0.925402,507.198,130.076,23.1887,0.0718272,106.815,673.148,0,0,0
1200,5,1,197,1,1,1,4319.75,18633.6,455.78,46.3844,0.482746,362.319,12196.1,84.5645,23.1957,0.267264,61.1015,135.903,23.1887,0.0718272,112.643,220.468,0,0,0
1200,5,1,198,1,1,1,4323.91,18730.7,555.379,46.3844,0.482746,462.207,10522.1,134.658,23.1957,0.267264,111.196,99.1126,23.1887,0.0718272,75.8521,233.771,0,0,0
1200,5,1,199,1,1,2,10377.3,24704.3,721.659,69.5741,0.663149,606.238,13937.9,95.1496,23.1957,0.267264,71.6867,359.661,46.3784,0.108576,313.174,454.811,1,0,0
1200,5,1,200,1,1,1,4374.08,18686.3,585.385,46.3844,0.482746,492.301,9944.16,105.343,23.1957,0.267264,81.8802,164.331,23.1887,0.0718272,141.07,269.674,0,0,0
1200,5,1,201,1,1,1,4339.62,24769.5,829.006,52.1883,0.907027,730.561,11793.2,337.339,28.9996,0.691546,307.648,134.669,23.1887,0.0718272,111.408,472.008,0,0,0
1200,5,1,202,1,1,1,4324.9,18741.2,646.334,46.3844,0.482746,553.427,8915.27,167.753,23.1957,0.267264,144.29,149.384,23.1887,0.0718272,126.123,317.137,0,0,0
1200,5,1,203,1,1,1,4423.24,18745.2,622.476,46.3844,0.482746,529.499,9343.5,117.876,23.1957,0.267264,94.4127,166.322,23.1887,0.0718272,143.061,284.197,0,0,0
1200,5,1,204,1,1,1,4351.71,18773.3,654.537,46.3844,0.552902,561.583,8800.99,165.245,23.1957,0.302342,141.747,136.994,23.1887,0.106906,113.699,302.24,0,0,0
1200,5,1,205,1,1,1,4329.86,18779.1,653.605,46.3844,0.678182,560.524,8823.38,166.396,23.1957,0.462701,142.738,141.363,23.1887,0.0718272,118.103,307.759,0,0,0
1200,5,1,206,1,1,1,4321.67,18638.6,521.371,46.3844,0.482746,428.1,11034.7,94.4999,23.1957,0.267264,71.0369,149.916,23.1887,0.0718272,126.655,244.416,0,0,0
1200,5,1,207,1,1,1,4320.9,36834.6,1062.89,63.7961,1.78065,952.96,19897.8,713.884,40.6075,1.56516,671.211,82.8478,23.1887,0.0718272,59.5873,796.732,0,0,0
1200,5,1,208,1,1,1,4335.31,18655.1,662.88,46.3844,0.482746,570.021,8534.96,142.943,23.1957,0.267264,119.48,152.926,23.1887,0.0718272,129.666,295.869,0,0,0
1200,5,1,209,1,0,0,-1,-1,1078.7,23.1957,0.267264,1009.82,256395,-1,-1,-1,-1,-1,-1,-1,-1,-1,0,0,0
1200,5,1,210,1,1,1,4325.82,18898.8,638.231,46.3952,0.50112,545.272,9216.9,160.411,23.2065,0.285638,136.919,151.109,23.1887,0.0718272,127.848,311.52,0,0,0
1200,5,1,211,1,1,1,4324.43,18646.2,429.074,46.3844,0.6264,335.391,12683.2,82.1496,23.1957,0.267264,58.6867,129.755,23.1887,0.0718272,106.494,211.904,0,0,0
1200,5,1,212,1,1,1,4349.92,18669.6,475.653,46.3844,0.517824,382.215,11878.5,89.4465,23.1957,0.267264,65.9835,141.319,23.1887,0.106906,118.023,230.765,0,0,0
1200,5,1,213,1,1,1,4351.79,18672.4,530.635,46.3844,0.661478,437.213,10903.2,94.2562,23.1957,0.267264,70.7933,153.611,23.1887,0.106906,130.316,247.867,0,0,0
1200,5,1,214,1,1,1,4316.62,24633.6,385.988,52.1883,0.891994,286.27,19536.1,215.846,28.9996,0.676512,185.902,30.1945,23.1887,0.0718272,6.93404,246.04,0,0,0
1200,5,1,215,1,1,1,4336.9,18854.8,638.681,46.3844,0.482746,545.752,9164.93,158.975,23.1957,0.267264,135.512,151.847,23.1887,0.0718272,128.587,310.822,0,0,0
1200,5,1,216,1,1,1,4352.92,18677.8,616.68,46.3844,0.805133,523.365,9378.12,117.547,23.1957,0.267264,94.0842,161.915,23.1887,0.106906,138.619,279.462,0,0,0
1200,5,1,217,1,1,1,4338.6,18792.9,506.358,46.3844,0.552902,412.974,11455.5,154.914,23.1957,0.267264,131.451,82.7862,23.1887,0.141984,59.4555,237.7,0,0,0
1200,5,1,218,1,1,1,4317.26,24774.1,709.172,52.1883,0.891994,610.394,13929.7,322.675,28.9996,0.676512,292.998,90.9549,23.1887,0.0718272,67.6944,413.63,0,0,0
1200,5,1,219,1,1,1,4365.05,18749.3,663.499,46.3844,0.587981,570.537,8617.41,145.048,23.1957,0.302342,121.55,153.029,23.1887,0.141984,129.698,298.077,0,0,0
1200,5,1,220,1,0,0,-1,-1,521.686,23.1957,0.267264,451.184,247667,-1,-1,-1,-1,-1,-1,-1,-1,-1,0,0,0
1200,5,1,221,1,1,1,4318.22,18865.6,440.723,46.3844,0.748339,346.953,12694.9,157.531,23.1957,0.532858,133.802,73.8797,23.1887,0.0718272,50.6192,231.411,0,0,0
1200,5,1,222,1,1,1,4360.33,18733.8,658.613,46.3844,0.766714,565.458,8688.27,159.832,23.1957,0.532858,136.104,140.228,23.1887,0.0902016,116.949,300.06,0,0,0
1200,5,1,223,1,1,1,4318.67,18673.1,661.926,46.3844,0.552902,568.994,8569.38,143.968,23.1957,0.302342,120.47,152.471,23.1887,0.106906,129.175,296.439,0,0,0
1200,5,1,224,1,1,1,4349.44,18675.6,597.679,46.3844,0.805133,504.308,9713.81,111.941,23.1957,0.267264,88.4785,162.599,23.1887,0.106906,139.303,274.541,0,0,0
1200,5,1,225,1,1,1,4341.68,24869.9,843.715,52.1883,0.606355,745.613,11633.2,362.632,28.9996,0.355795,333.276,153.171,23.1887,0.106906,129.875,515.802,0,0,0
1200,5,1,226,1,1,1,4355.64,18878.8,648.11,46.3844,0.6264,555.064,9020.82,167.739,23.1957,0.267264,144.276,154.406,23.1887,0.0718272,131.146,322.145,0,0,0
1200,5,1,227,1,1,1,4371.31,18734,654.35,46.3844,0.517824,561.432,8765.22,160.309,23.1957,0.302342,136.811,134.644,23.1887,0.0718272,111.383,294.953,0,0,0
1200,5,1,228,1,1,1,4363.17,18703.5,642.885,46.3844,0.517824,549.933,8938.61,131.394,23.1957,0.267264,107.931,162.947,23.1887,0.106906,139.652,294.341,0,0,0
1200,5,1,229,1,1,2,10340.4,24664.7,746.301,69.5741,0.87696,630.738,13459.3,94.2913,23.1957,0.302342,70.7933,371.23,46.3784,0.287309,324.564,465.521,1,0,0
1200,5,1,230,1,1,1,4432.33,18758.4,608.041,46.3844,0.482746,515.023,9613.39,115.825,23.1957,0.267264,92.3624,164.349,23.1887,0.0718272,141.088,280.174,0,0,0
1200,5,1,231,1,1,2,10421.4,24755.9,765.801,69.5741,0.698227,650.473,13204.3,95.3652,23.1957,0.302342,71.8671,377.934,46.3784,0.25223,331.304,473.299,1,0,0
1200,5,1,232,1,0,0,-1,-1,1285.01,34.8035,1.22607,1204.48,259745,-1,-1,-1,-1,-1,-1,-1,-1,-1,0,0,0
1200,5,1,233,1,1,1,4314.7,18696.2,601.057,46.3844,0.713261,507.788,9674.61,149.907,23.1957,0.497779,126.213,120.135,23.1887,0.0718272,96.8744,270.042,0,0,0
1200,5,1,234,1,1,1,4399.04,18801.1,595.401,46.3844,0.552902,502.276,9880.34,151.651,23.1957,0.267264,128.188,110.118,23.1887,0.141984,86.7874,261.769,0,0,0
1200,5,1,235,1,0,0,-1,-1,1279.3,23.1957,0.462701,1210.8,259881,-1,-1,-1,-1,-1,-1,-1,-1,-1,0,0,0
1200,5,1,236,1,1,1,4346.65,18736.6,1060.07,46.3844,0.913709,967.932,255885,163.575,23.1957,0.267264,140.112,146.101,23.1887,0.0718272,122.84,309.676,0,0,0
1200,5,1,237,1,1,1,4334.83,18690.3,662.397,46.3844,0.661478,569.358,8578.02,143.775,23.1957,0.302342,120.277,152.706,23.1887,0.0718272,129.446,296.482,0,0,0
1200,5,1,238,1,1,1,4322.62,18707.3,605.471,46.3844,0.517824,512.41,9607.73,153.728,23.1957,0.267264,130.265,124.498,23.1887,0.106906,101.202,278.226,0,0,0
1200,5,1,239,1,1,1,4319.73,18735.2,442.659,46.3844,0.713261,348.929,12530.3,152.836,23.1957,0.497779,129.142,75.3091,23.1887,0.0718272,52.0486,228.145,0,0,0
1200,5,1,240,1,1,1,4318.86,18705.6,513.724,46.3844,0.482746,420.432,11237.7,148.442,23.1957,0.267264,124.979,82.9344,23.1887,0.0718272,59.6739,231.376,0,0,0
1200,5,1,241,1,1,1,4517.75,18886,626.079,46.3844,0.50112,533.095,9420,153.381,23.1957,0.267264,129.919,145.184,23.1887,0.0902016,121.905,298.566,0,0,0
1200,5,1,242,1,1,1,4381.19,18729.4,620.348,46.3844,0.554573,527.294,9364.88,118.161,23.1957,0.267264,94.6979,164.738,23.1887,0.143654,141.406,282.899,0,0,0
1200,5,1,243,1,1,1,4351.36,18669.3,551,46.3844,0.482746,457.816,10538.5,135.884,23.1957,0.267264,112.421,98.739,23.1887,0.0718272,75.4785,234.623,0,0,0
1200,5,1,244,1,0,0,-1,-1,1241.61,23.1957,0.337421,1173.13,259220,-1,-1,-1,-1,-1,-1,-1,-1,-1,0,0,0
1200,5,1,245,1,1,1,4325.52,18770.7,482.393,46.3844,0.517824,388.974,11859.7,154.629,23.1957,0.302342,131.131,81.7613,23.1887,0.0718272,58.5008,236.391,0,0,0
1200,5,1,246,1,1,1,4322.76,24691.6,835.018,52.1883,0.571277,736.927,11609.9,357.015,28.9996,0.355795,327.66,150.923,23.1887,0.0718272,127.663,507.938,0,0,0
1200,5,1,247,1,1,1,4332.39,18652.1,480.705,46.3844,0.6264,387.173,11770.9,91.2693,23.1957,0.267264,67.8063,141.717,23.1887,0.0718272,118.456,232.986,0,0,0
1200,5,1,248,1,1,1,4323.46,18644.1,512.457,46.3844,0.482746,419.161,11198.7,92.9279,23.1957,0.267264,69.4649,146.267,23.1887,0.0718272,123.006,239.195,0,0,0
1200,5,1,249,1,1,1,4326.88,18641.7,511.421,46.3844,0.482746,418.122,11214.8,91.7746,23.1957,0.267264,68.3117,145.888,23.1887,0.0718272,122.627,237.662,0,0,0
1200,5,1,250,1,1,1,4324.83,24809.7,842.834,52.1883,0.696557,744.641,11588.9,364.547,28.9996,0.481075,335.067,153.735,23.1887,0.0718272,130.474,518.282,0,0,0
1200,5,1,251,1,1,1,4323.42,18729.4,521.423,46.3844,0.482746,428.153,11124.6,152.77,23.1957,0.267264,129.307,85.6885,23.1887,0.0718272,62.428,238.458,0,0,0
1200,5,1,252,1,1,1,4322.66,18638.1,492.59,46.3844,0.482746,399.236,11546,91.3812,23.1957,0.267264,67.9182,143.417,23.1887,0.0718272,120.156,234.798,0,0,0
1200,5,1,253,0,0,0,-1,-1,1388.49,23.206,0.551232,1320.22,262571,-1,-1,-1,-1,-1,-1,-1,-1,-1,0,0,0
1200,5,1,254,1,1,1,4316.3,24635.6,393.415,52.1883,0.927072,293.684,19405.7,221.188,28.9996,0.71159,191.224,30.431,23.1887,0.0718272,7.17047,251.619,0,0,0
1200,5,1,255,1,1,1,4322.76,18677.6,487.264,46.3844,0.678182,393.699,11679.8,92.4502,23.1957,0.462701,68.7918,144.429,23.1887,0.0718272,121.169,236.88,0,0,0
1200,5,1,256,1,1,1,4323.27,18647.1,447.053,46.3844,0.517824,353.531,12364.5,152.085,23.1957,0.302342,128.587,78.4621,23.1887,0.0718272,55.2016,230.547,0,0,0
1200,5,1,257,1,1,1,4325.87,18657.6,548.872,46.3844,0.678182,455.486,10564.3,134.944,23.1957,0.462701,111.286,97.0299,23.1887,0.0718272,73.7694,231.974,0,0,0
1200,5,1,258,1,1,1,4334.76,18766.9,663.047,46.3844,0.552902,570.118,8643.27,144.476,23.1957,0.302342,120.978,153.425,23.1887,0.106906,130.13,297.901,0,0,0
1200,5,1,259,1,0,0,-1,-1,1217.05,23.1957,0.267264,1148.57,258819,-1,-1,-1,-1,-1,-1,-1,-1,-1,0,0,0
1200,5,1,260,1,1,1,4373.48,18703.2,564.99,46.3844,0.482746,471.847,10323.7,94.1985,23.1957,0.267264,70.7355,162.257,23.1887,0.0718272,138.997,256.456,0,0,0
1200,5,1,261,1,1,1,4317.58,18724.4,422.348,46.3844,0.678182,328.595,12880.9,149.507,23.1957,0.462701,125.849,67.5124,23.1887,0.0718272,44.2519,217.02,0,0,0
1200,5,1,262,1,1,1,4317.64,24768.1,642.305,52.1883,0.696557,543.528,15113.1,322.051,28.9996,0.481075,292.571,81.8389,23.1887,0.0718272,58.5784,403.89,0,0,0
1200,5,1,263,1,1,1,4329.69,18699.6,536.944,46.3844,0.678182,443.524,10818.3,140.436,23.1957,0.462701,116.778,93.9473,23.1887,0.0718272,70.6868,234.383,0,0,0
1200,5,1,264,1,1,1,4395.61,18813.4,578.629,46.3844,0.482746,485.525,10191.4,141.253,23.1957,0.267264,117.79,102.309,23.1887,0.0718272,79.0484,243.562,0,0,0
1200,5,1,265,1,1,1,4398.95,18717.4,544.964,46.3844,0.696557,451.548,10693.2,97.5861,23.1957,0.267264,74.1231,159.469,23.1887,0.141984,136.138,257.055,0,0,0
1200,5,1,266,1,1,1,4326.33,18710.3,660.28,46.3844,0.517824,567.379,8636.09,155.618,23.1957,0.302342,132.12,146.045,23.1887,0.0718272,122.784,301.663,0,0,0
1200,5,1,267,1,0,0,-1,-1,857.929,23.1957,0.267264,788.405,253486,-1,-1,-1,-1,-1,-1,-1,-1,-1,0,0,0
1200,5,1,268,1,0,0,-1,-1,1181.56,23.1957,0.302342,1112.94,258066,-1,-1,-1,-1,-1,-1,-1,-1,-1,0,0,0
1200,5,1,269,1,1,1,4327.62,18667.3,471.27,46.3844,0.517824,377.819,11954.1,87.1732,23.1957,0.302342,63.6751,140.619,23.1887,0.0718272,117.359,227.793,0,0,0
1200,5,1,270,1,1,1,4394.59,18707.5,496.806,46.3844,0.482746,403.465,11540.4,92.3215,23.1957,0.267264,68.8585,144.428,23.1887,0.0718272,121.167,236.749,0,0,0
1200,5,1,271,1,1,1,4325.96,24854.9,843.11,52.1883,0.696557,744.917,11629.3,362.836,28.9996,0.481075,333.356,152.517,23.1887,0.0718272,129.256,515.353,0,0,0
1200,5,1,272,1,1,1,4334.05,18681.2,490.906,46.3844,0.482746,397.547,11619,91.9299,23.1957,0.267264,68.4669,145.413,23.1887,0.0718272,122.152,237.343,0,0,0
1200,5,1,273,1,1,1,4315.02,18670.8,584.109,46.3844,0.482746,491.021,9951.33,145.644,23.1957,0.267264,122.181,103.419,23.1887,0.0718272,80.1584,249.063,0,0,0
1200,5,1,274,1,1,1,4346.82,18684.6,646.919,46.3844,0.770054,553.727,8847.43,136.702,23.1957,0.267264,113.239,156.767,23.1887,0.0718272,133.506,293.469,0,0,0
1200,5,1,275,1,1,1,4327.05,30771.1,745.416,57.9922,0.62473,641.366,19382.3,486.695,34.8035,0.409248,451.157,59.3764,23.1887,0.0718272,36.1159,546.072,0,0,0
1200,5,1,276,1,1,1,4384.28,18710.2,654.779,46.3844,0.517824,561.861,8733.84,160.285,23.1957,0.267264,136.822,134.536,23.1887,0.106906,111.241,294.821,0,0,0
1200,5,1,277,1,1,1,4314.06,18681.1,555.366,46.3844,0.482746,462.195,10472.7,133.489,23.1957,0.267264,110.026,99.544,23.1887,0.0718272,76.2835,233.033,0,0,0
1200,5,1,278,1,0,0,-1,-1,1384.83,23.1957,0.267264,1316.83,262503,-1,-1,-1,-1,-1,-1,-1,-1,-1,0,0,0
1200,5,1,279,1,1,1,4326.6,18658.8,616.219,46.3844,0.482746,523.224,9368.32,117.76,23.1957,0.267264,94.2972,161.375,23.1887,0.0718272,138.114,279.135,0,0,0
1200,5,1,280,1,1,1,4321.22,24778.2,708.542,52.1883,0.891994,609.763,13944.9,321.841,28.9996,0.676512,292.165,90.9694,23.1887,0.0718272,67.7089,412.81,0,0,0
1200,5,1,281,1,0,0,-1,-1,1034.16,28.9996,0.551232,959.221,255726,-1,-1,-1,-1,-1,-1,-1,-1,-1,0,0,0
1200,5,1,282,1,1,1,4438.09,18776.5,599.703,46.3844,0.678182,506.465,9779.28,151.644,23.1957,0.462701,127.986,116.487,23.1887,0.0718272,93.2269,268.131,0,0,0
1200,5,1,283,1,1,1,4437.27,18863.9,654.586,46.3844,0.805133,561.381,8890.13,165.485,23.1957,0.302342,141.987,153.314,23.1887,0.0718272,130.054,318.8,0,0,0
1200,5,1,284,1,1,1,4328.04,18668,486.892,46.3952,0.644774,393.349,11676.8,92.1864,23.2065,0.285638,68.6943,144.39,23.1887,0.0718272,121.129,236.576,0,0,0
1200,5,1,285,1,1,1,4362.03,18739,603.859,46.3844,0.482746,510.829,9668.3,151.479,23.1957,0.267264,128.016,122.826,23.1887,0.0718272,99.5654,274.305,0,0,0
1200,5,1,286,1,1,1,4372.42,18706.9,408.637,46.3844,0.482746,315.039,13107.7,69.7777,23.1957,0.267264,46.3148,127.61,23.1887,0.0718272,104.35,197.388,0,0,0
1200,5,1,287,1,1,1,4346.5,18790.7,434.955,46.3844,0.482746,341.434,12723.4,153.055,23.1957,0.267264,129.592,71.3747,23.1887,0.0718272,48.1142,224.429,0,0,0
1200,5,1,288,1,1,2,10498.3,24825.6,808.908,69.5741,0.519494,693.884,12508.2,112.095,23.1957,0.267264,88.6319,375.435,46.3784,0.108576,328.948,487.53,1,0,0
1200,5,1,289,1,0,0,-1,-1,950.08,23.1957,0.267264,880.824,254691,-1,-1,-1,-1,-1,-1,-1,-1,-1,0,0,0
1200,5,1,290,1,1,1,4326.64,18644.3,544.285,46.3844,0.517824,451.047,10632.7,95.8517,23.1957,0.267264,72.3887,157.663,23.1887,0.106906,134.367,253.515,0,0,0
1200,5,1,291,1,1,1,4352.73,18683.2,581.8,46.3844,0.482746,488.706,10004.8,104.838,23.1957,0.267264,81.3748,162.847,23.1887,0.0718272,139.587,267.685,0,0,0
1200,5,1,292,1,1,1,4331.56,18683.9,523.879,46.3844,0.713261,430.385,11034.7,95.6545,23.1957,0.497779,71.961,150.8,23.1887,0.0718272,127.54,246.455,0,0,0
1200,5,1,293,1,1,1,4385.19,18810.5,578.939,46.3844,0.943776,485.376,10181.5,141.527,23.1957,0.658138,117.673,101.608,23.1887,0.141984,78.2778,243.135,0,0,0
1200,5,1,294,1,0,0,-1,-1,778.948,23.1957,0.337421,709.124,252346,-1,-1,-1,-1,-1,-1,-1,-1,-1,0,0,0
1200,5,1,295,1,1,1,4325.29,18661.3,495.601,46.3952,0.50112,402.227,11515.6,150.317,23.2065,0.285638,126.825,80.6297,23.1887,0.0718272,57.3692,230.947,0,0,0
1200,5,1,296,1,0,0,-1,-1,1423.38,23.1957,0.267264,1355.5,264141,-1,-1,-1,-1,-1,-1,-1,-1,-1,0,0,0
1200,5,1,297,1,1,1,4400.8,18802.4,664.682,46.3844,0.552902,571.759,8649.65,145.354,23.1957,0.267264,121.891,154.716,23.1887,0.141984,131.386,300.07,0,0,0
1200,5,1,298,1,1,1,4354.02,18674.6,512.082,46.3844,0.6264,418.641,11235.5,92.8124,23.1957,0.267264,69.3494,145.965,23.1887,0.0718272,122.705,238.778,0,0,0
1200,5,1,299,1,1,1,4326.28,18651.1,558.57,46.3844,0.517824,465.373,10385.5,95.6233,23.1957,0.302342,72.1252,158.252,23.1887,0.0718272,134.992,253.876,0,0,0
1200,5,1,300,1,1,1,4330.79,24882.3,834.706,52.1883,1.45826,735.727,11803.4,360.05,28.9996,1.24278,329.807,149.134,23.1887,0.0718272,125.874,509.184,0,0,0
1200,5,1,301,1,1,2,10324.7,24657.5,631.325,69.5741,0.519494,515.785,15497.9,81.9782,23.1957,0.267264,58.5152,326.859,46.3784,0.108576,280.372,408.837,1,0,0
1200,5,1,302,1,0,0,-1,-1,1307.96,23.1957,0.267264,1239.75,260510,-1,-1,-1,-1,-1,-1,-1,-1,-1,0,0,0
1200,5,1,303,1,1,1,4323.08,18689.4,470.125,46.3844,0.678182,376.51,11996.3,155.438,23.1957,0.462701,131.779,81.1007,23.1887,0.0718272,57.8402,236.538,0,0,0
1200,5,1,304,1,1,3,16352.8,30668,977.112,92.7639,1.16594,839.378,15757.1,101.504,23.1957,0.267264,78.0414,565.302,69.5682,0.755021,494.979,666.807,2,0,0
1200,5,1,305,1,1,3,16333.3,30650.4,1000.41,92.7639,0.699898,863.214,15326.6,116.594,23.1957,0.267264,93.1313,556.529,69.5682,0.288979,486.672,673.123,2,0,0
1200,5,1,306,1,0,0,-1,-1,912.39,23.1957,0.462701,842.829,254173,-1,-1,-1,-1,-1,-1,-1,-1,-1,0,0,0
1200,5,1,307,1,1,1,4316.3,18759.2,479.102,46.3844,0.482746,385.709,11907,157.273,23.1957,0.267264,133.81,81.6584,23.1887,0.0718272,58.3979,238.931,0,0,0
1200,5,1,308,1,1,1,4418.83,18797.9,620.106,46.3844,0.517824,527.088,9438.04,154.45,23.1957,0.267264,130.987,138.005,23.1887,0.106906,114.709,292.455,0,0,0
1200,5,1,309,1,1,1,4329.86,18646.4,556.036,46.3844,0.482746,462.866,10426.2,95.6784,23.1957,0.267264,72.2155,158.797,23.1887,0.0718272,135.537,254.476,0,0,0
1200,5,1,310,1,1,1,4322.54,18639.2,454.04,46.3844,0.482746,360.574,12232.6,85.1745,23.1957,0.267264,61.7115,134.194,23.1887,0.0718272,110.934,219.369,0,0,0
1200,5,1,311,1,1,1,4399.64,18753.4,632.424,46.3844,0.587981,539.372,9174.04,124.692,23.1957,0.337421,101.159,166.918,23.1887,0.106906,143.622,291.61,0,0,0
1200,5,1,312,1,1,1,4343.78,18800.3,663.93,46.3844,0.873619,570.683,8660.52,145.815,23.1957,0.658138,121.961,153.199,23.1887,0.0718272,129.938,299.014,0,0,0
1200,5,1,313,1,1,1,4326.07,24747.1,829.668,52.1883,0.731635,731.401,11760.2,339.58,28.9996,0.516154,310.065,136.389,23.1887,0.0718272,113.128,475.969,0,0,0
1200,5,1,314,1,1,1,4358.97,18698.7,638.702,46.3844,0.482746,545.773,9008.42,128.217,23.1957,0.267264,104.754,162.864,23.1887,0.0718272,139.603,291.081,0,0,0
1200,5,1,315,1,1,1,4354.59,18698.1,417.607,46.3844,0.783418,323.734,12938.1,74.7278,23.1957,0.497779,51.0343,127.746,23.1887,0.141984,104.415,202.473,0,0,0
1200,5,1,316,1,1,1,4491.46,19105.9,653.667,46.3844,0.517824,560.746,9149.34,166.268,23.1957,0.267264,142.805,159.267,23.1887,0.106906,135.972,325.535,0,0,0
1200,5,1,317,1,1,1,4328.83,18670.1,451.708,46.3844,0.517824,358.2,12304.8,85.0977,23.1957,0.302342,61.5996,136.248,23.1887,0.0718272,112.988,221.346,0,0,0
1200,5,1,318,1,1,1,4384.63,18758.7,658.662,46.3844,0.517824,565.756,8713.3,159.103,23.1957,0.267264,135.64,139.319,23.1887,0.106906,116.023,298.422,0,0,0
1200,5,1,319,1,1,1,4366.78,18692,492.085,46.3844,0.696557,398.516,11608,90.0274,23.1957,0.337421,66.4942,144.346,23.1887,0.0718272,121.086,234.374,0,0,0
1200,5,1,320,1,1,1,4349.02,18683.4,658.996,46.3844,0.482746,566.126,8632.29,158.837,23.1957,0.267264,135.374,141.592,23.1887,0.0718272,118.332,300.43,0,0,0
1200,5,1,321,1,1,1,4339.14,18742.3,643.212,46.3844,0.731635,550.047,8970.68,134.013,23.1957,0.372499,110.445,162.526,23.1887,0.0718272,139.266,296.539,0,0,0
1200,5,1,322,1,1,1,4323.21,24650.3,445.175,52.1883,0.536198,345.986,18500.9,253.042,28.9996,0.320717,223.561,37.7097,23.1887,0.0718272,14.4492,290.752,0,0,0
1200,5,1,323,1,0,0,-1,-1,447.147,23.1957,0.337421,376.359,246398,-1,-1,-1,-1,-1,-1,-1,-1,-1,0,0,0
1200,5,1,324,1,0,0,-1,-1,747.087,23.1957,0.337421,677.17,251809,-1,-1,-1,-1,-1,-1,-1,-1,-1,0,0,0
1200,5,1,325,1,1,1,4341.05,18759,652.316,46.3844,0.661478,559.248,8826,165.538,23.1957,0.302342,142.04,142.202,23.1887,0.0718272,118.942,307.74,0,0,0
1200,5,1,326,1,1,1,4336.26,18779.9,585.055,46.3844,0.482746,491.97,10043.6,145.778,23.1957,0.267264,122.315,102.587,23.1887,0.0718272,79.3264,248.365,0,0,0
1200,5,1,327,1,1,1,4323.62,18640.2,485.8,46.3844,0.482746,392.427,11668.8,92.7167,23.1957,0.267264,69.2538,144.126,23.1887,0.0718272,120.866,236.843,0,0,0
1200,5,1,328,1,1,1,4326.92,18686.4,611.701,46.3844,0.713261,518.463,9475.6,117.93,23.1957,0.462701,94.2719,161.5,23.1887,0.106906,138.204,279.43,0,0,0
1200,5,1,329,1,1,1,4394.56,18769.2,666.195,46.3844,0.6264,573.203,8589.68,146.09,23.1957,0.267264,122.627,154.729,23.1887,0.0718272,131.469,300.819,0,0,0
1200,5,1,330,1,1,1,4451.78,18799.4,663.531,46.3952,0.50112,570.645,8667.62,142.239,23.2065,0.285638,118.747,156.513,23.1887,0.0718272,133.252,298.751,0,0,0
1200,5,1,331,1,1,1,4340.46,18656.3,651.04,46.3844,0.913709,557.716,8745.47,162.288,23.1957,0.267264,138.825,137.253,23.1887,0.0718272,113.993,299.542,0,0,0
1200,5,1,332,1,1,1,4332.58,18665.8,559.583,46.3844,0.678182,466.229,10382,95.6104,23.1957,0.462701,71.952,158.588,23.1887,0.0718272,135.328,254.198,0,0,0
1200,5,1,333,1,1,1,4316.62,18775.4,653.329,46.3844,0.482746,560.443,8825.06,166.813,23.1957,0.267264,143.35,140.179,23.1887,0.0718272,116.919,306.992,0,0,0
1200,5,1,334,1,1,1,4347.66,18667.6,555.993,46.3844,0.6264,462.68,10447.7,96.8786,23.1957,0.267264,73.4157,158.413,23.1887,0.0718272,135.152,255.292,0,0,0
1200,5,1,335,1,0,0,-1,-1,1418.46,23.1957,0.302342,1350.53,263909,-1,-1,-1,-1,-1,-1,-1,-1,-1,0,0,0
1200,5,1,336,1,1,1,4365.6,18685.3,608.547,46.3844,0.482746,515.53,9531.28,116.136,23.1957,0.267264,92.6729,162.804,23.1887,0.0718272,139.544,278.94,0,0,0
1200,5,1,337,1,0,0,-1,-1,1465.03,34.8035,0.780077,1385.47,265441,-1,-1,-1,-1,-1,-1,-1,-1,-1,0,0,0
1200,5,1,338,1,1,1,4329.74,18683.1,484.864,46.3844,0.482746,391.488,11728.4,153.925,23.1957,0.267264,130.462,82.1096,23.1887,0.0718272,58.8491,236.034,0,0,0
1200,5,1,339,1,1,1,4318.22,24809,594.52,52.1883,0.731635,495.569,16003.5,327.037,28.9996,0.516154,297.521,65.0182,23.1887,0.0718272,41.7577,392.055,0,0,0
1200,5,1,340,1,1,1,4319.5,30660.7,648.085,57.9922,1.05068,543.326,21001.5,443.843,34.8035,0.8352,407.771,44.1059,23.1887,0.0718272,20.8454,487.949,0,0,0
1200,5,1,341,1,1,1,4316.94,30653.7,629.633,57.9922,0.659808,525.211,21323.4,436.607,34.8035,0.444326,400.906,39.2998,23.1887,0.0718272,16.0393,475.907,0,0,0
1200,5,1,342,1,1,1,4336.37,18648.6,580.654,46.3844,0.482746,487.556,9990.57,104.583,23.1957,0.267264,81.1203,162.008,23.1887,0.0718272,138.748,266.591,0,0,0
1200,5,1,343,1,1,1,4316.94,24683.7,737.394,52.1883,0.606355,638.984,13337.7,321.676,28.9996,0.390874,292.286,98.0153,23.1887,0.0718272,74.7548,419.691,0,0,0
1200,5,1,344,1,1,1,4375.75,18700.7,604.335,46.3844,0.678182,511.11,9621.13,114.539,23.1957,0.462701,90.8807,163.356,23.1887,0.0718272,140.096,277.895,0,0,0
1200,5,1,345,1,1,1,4347.04,18927.3,414.324,46.3844,1.01393,320.211,13225.1,148.113,23.1957,0.763373,124.154,64.4667,23.1887,0.106906,41.1711,212.58,0,0,0
1200,5,1,346,1,1,1,4326.15,18751.7,659.819,52.1883,0.801792,560.988,8784.64,171.23,28.9996,0.58631,141.644,138.208,23.1887,0.0718272,114.948,309.438,0,0,0
1200,5,1,347,1,1,1,4413.01,18726.2,605.849,46.3844,0.482746,512.825,9620.15,114.483,23.1957,0.267264,91.0197,164.031,23.1887,0.0718272,140.771,278.514,0,0,0
1200,5,1,348,1,1,1,4450.47,18801.4,606.518,52.1883,1.15759,507.176,9781.44,157.76,28.9996,0.907027,127.854,117.936,23.1887,0.106906,94.6401,275.696,0,0,0
1200,5,1,349,1,1,1,4378.08,24929,846.196,52.1883,1.03231,747.676,11647,364.481,28.9996,0.816826,334.664,155.697,23.1887,0.0718272,132.436,520.177,0,0,0
1200,5,1,350,1,1,1,4319.26,24688.6,799.028,52.1883,0.696557,700.706,12246.8,348.367,28.9996,0.481075,318.887,120.566,23.1887,0.0718272,97.3058,468.933,0,0,0
1200,5,1,351,1,1,1,4370.53,24743.7,742.102,52.1883,0.696557,643.615,13314.2,321.411,28.9996,0.481075,291.93,99.6992,23.1887,0.0718272,76.4387,421.11,0,0,0
1200,5,1,352,1,1,1,4343.17,18672.2,646.264,46.3844,0.713261,553.126,8846.81,136.003,23.1957,0.497779,112.309,158.408,23.1887,0.0718272,135.147,294.41,0,0,0
1200,5,1,353,1,1,1,4360.87,18704.5,534.319,46.3844,1.01727,440.552,10869.1,95.0712,23.1957,0.658138,71.2174,154.341,23.1887,0.0718272,131.081,249.413,0,0,0
1200,5,1,354,1,1,1,4431.92,18803.1,626.464,46.3844,0.517824,533.465,9330.21,153.35,23.1957,0.302342,129.852,146.442,23.1887,0.0718272,123.181,299.792,0,0,0
1200,5,1,355,1,1,1,4319.66,24647.9,735.264,52.1883,0.536198,636.918,13340.2,321.819,28.9996,0.320717,292.499,97.8637,23.1887,0.0718272,74.6032,419.683,0,0,0
1200,5,1,356,1,1,3,16393,30758.3,1047.63,92.7639,1.43153,909.832,14592.6,142.555,23.1957,0.532858,118.826,542.116,69.5682,0.324058,472.224,684.671,2,0,0
1200,5,1,357,1,1,1,4315.34,24634.7,456.709,52.1883,0.891994,357.197,18279.6,259.224,28.9996,0.676512,229.406,40.2365,23.1887,0.0718272,16.9759,299.461,0,0,0
1200,5,1,358,1,1,1,4379.13,24741.3,828.201,52.1883,1.1626,729.498,11815.5,334.749,28.9996,0.516154,305.233,132.671,23.1887,0.0718272,109.411,467.42,0,0,0
1200,5,1,359,1,1,1,4318.98,18635.8,451.781,46.3844,0.482746,358.309,12269.4,84.2306,23.1957,0.267264,60.7676,135.943,23.1887,0.0718272,112.683,220.174,0,0,0
1200,5,1,360,1,1,1,4332.87,18691.3,487.568,46.3844,0.587981,394.094,11687.8,92.1668,23.1957,0.372499,68.5986,144.586,23.1887,0.0718272,121.326,236.753,0,0,0
1200,5,1,361,1,1,1,4387.1,24904.3,846.013,52.1883,0.910368,747.615,11626.3,363.773,28.9996,0.676512,334.097,155.858,23.1887,0.0902016,132.579,519.631,0,0,0
1200,5,1,362,1,1,1,4356.44,24692.2,694.386,52.1883,0.571277,595.885,14111.1,322.434,28.9996,0.320717,293.114,87.1512,23.1887,0.106906,63.8556,409.586,0,0,0
1200,5,1,363,1,1,1,4325.58,18672.5,512.578,46.3844,0.482746,419.282,11225,147.005,23.1957,0.267264,123.542,83.1131,23.1887,0.0718272,59.8526,230.118,0,0,0
1200,5,1,364,1,1,1,4378.41,18697.3,622.459,46.3844,0.552902,529.413,9295.41,118.931,23.1957,0.267264,95.4685,164.85,23.1887,0.141984,141.52,283.782,0,0,0
1200,5,1,365,1,1,1,4352.9,18675,648.456,46.3844,0.482746,555.555,8811.3,136.57,23.1957,0.267264,113.107,156.827,23.1887,0.0718272,133.566,293.396,0,0,0
1200,5,1,366,1,1,1,4328.71,18660.8,544.73,46.3844,0.517824,451.492,10641.3,137.664,23.1957,0.302342,114.166,94.4924,23.1887,0.0718272,71.2318,232.157,0,0,0
1200,5,1,367,1,1,1,4319.92,24694.4,660.454,52.1883,0.731635,561.695,14716.4,323.409,28.9996,0.516154,293.894,81.1296,23.1887,0.0718272,57.8691,404.539,0,0,0
1200,5,1,368,1,0,0,-1,-1,1080.01,28.9996,0.71159,1005.04,256304,-1,-1,-1,-1,-1,-1,-1,-1,-1,0,0,0
1200,5,1,369,1,1,1,4328.46,18733.7,661.53,46.3844,0.678182,568.472,8637.03,154.977,23.1957,0.462701,131.319,144.799,23.1887,0.0718272,121.539,299.777,0,0,0
1200,5,1,370,1,1,1,4489.77,18834.5,660.321,46.3844,0.661478,567.276,8759.15,142.725,23.1957,0.302342,119.227,157.446,23.1887,0.0718272,134.185,300.171,0,0,0
1200,5,1,371,1,1,1,4322.25,24865.1,693.304,52.1883,0.927072,594.445,14302.6,328.342,28.9996,0.71159,298.631,85.7319,23.1887,0.0718272,62.4713,414.074,0,0,0
1200,5,1,372,1,1,1,4317.7,18653.4,536.333,46.3844,0.678182,442.911,10783,139.184,23.1957,0.462701,115.525,93.4347,23.1887,0.0718272,70.1742,232.618,0,0,0
1200,5,1,373,1,1,1,4332.68,18648.4,463.771,46.3844,0.6264,370.19,12068.4,86.7952,23.1957,0.267264,63.3322,141.114,23.1887,0.0718272,117.853,227.909,0,0,0
1200,5,1,374,1,1,1,4353.77,18699.4,649.325,46.3844,0.913709,555.996,8819.06,135.202,23.1957,0.267264,111.739,156.74,23.1887,0.0718272,133.479,291.942,0,0,0
1200,5,1,375,1,1,1,4321.86,24642.6,485.93,52.1883,0.536198,386.859,17768.5,272.658,28.9996,0.320717,243.235,46.8962,23.1887,0.0718272,23.6357,319.554,0,0,0
1200,5,1,376,1,0,0,-1,-1,1517.52,23.1957,0.267264,1449.91,268181,-1,-1,-1,-1,-1,-1,-1,-1,-1,0,0,0
1200,5,1,377,1,1,1,4350.57,18839.7,636.678,46.3844,0.482746,543.743,9185.39,157.72,23.1957,0.267264,134.257,152.412,23.1887,0.0718272,129.151,310.132,0,0,0
1200,5,1,378,1,1,1,4455.42,18836.6,664.653,46.3844,0.678182,571.604,8684.4,142.456,23.1957,0.462701,118.797,156.538,23.1887,0.0718272,133.277,298.994,0,0,0
1200,5,1,379,1,1,1,4318.58,18681.1,569.889,46.3844,0.678182,476.565,10214,140.593,23.1957,0.462701,116.935,100.656,23.1887,0.0718272,77.3952,241.249,0,0,0
1200,5,1,380,1,1,1,4365.85,18700.1,658.354,46.3844,0.517824,565.447,8660.15,158.571,23.1957,0.302342,135.073,140.906,23.1887,0.0718272,117.646,299.477,0,0,0
1200,5,1,381,1,1,1,4315.02,18663.7,582.216,46.3844,0.482746,489.122,9977.86,104.045,23.1957,0.267264,80.5825,162.416,23.1887,0.0718272,139.155,266.461,0,0,0
1200,5,1,382,1,1,1,4358.6,18714.5,658.126,46.3844,0.6264,565.11,8678.41,159.085,23.1957,0.267264,135.622,140.323,23.1887,0.0718272,117.063,299.408,0,0,0
1200,5,1,383,1,0,0,-1,-1,941.298,23.1957,0.267264,872.016,254564,-1,-1,-1,-1,-1,-1,-1,-1,-1,0,0,0
1200,5,1,384,1,1,1,4318.65,18771,392.445,46.3844,0.678182,298.604,13459.2,131.813,23.1957,0.462701,108.154,59.8492,23.1887,0.0718272,36.5887,191.662,0,0,0
1200,5,1,385,1,1,1,4327.43,18734.7,503.947,46.3844,0.482746,410.626,11440.7,153.383,23.1957,0.267264,129.92,82.4399,23.1887,0.0718272,59.1794,235.823,0,0,0
1200,5,1,386,1,1,1,4318.73,24820.9,786.476,52.1883,1.12251,687.692,12601.2,346.904,28.9996,0.907027,316.997,107.22,23.1887,0.0718272,83.9593,454.123,0,0,0
1200,5,1,387,1,1,1,4316.25,24793.5,573.724,52.1883,0.606355,474.837,16357.8,317.57,28.9996,0.390874,288.18,58.261,23.1887,0.0718272,35.0005,375.831,0,0,0
1200,5,1,388,1,1,2,10329.3,24857.8,781.089,69.5741,0.893664,665.61,13033.9,164.011,23.1957,0.497779,140.318,289.34,46.3784,0.25223,242.71,453.351,1,0,0
1200,5,1,389,1,1,1,4336.07,18649.3,587.073,46.3844,0.770054,493.707,9876.3,107.346,23.1957,0.267264,83.8835,162.313,23.1887,0.0718272,139.053,269.66,0,0,0
1200,5,1,390,1,1,1,4346.83,24673.2,722.46,52.1991,0.75001,623.853,13592.6,223.344,29.0104,0.534528,193.552,163.454,23.1887,0.0718272,140.193,386.798,0,0,0
1200,5,1,391,1,1,1,4401.11,18781.1,664.133,46.3844,0.517824,571.243,8638.37,148.68,23.1957,0.267264,125.217,152.678,23.1887,0.106906,129.383,301.358,0,0,0
1200,5,1,392,1,1,1,4387.19,18720.5,657.003,46.3844,0.517824,564.092,8704.6,140.241,23.1957,0.267264,116.778,159.013,23.1887,0.106906,135.717,299.254,0,0,0
1200,5,1,393,1,1,1,4339.37,18664.1,495.225,46.3844,0.482746,401.878,11525.2,149.898,23.1957,0.267264,126.435,80.691,23.1887,0.0718272,57.4305,230.589,0,0,0
1200,5,1,394,1,1,2,10520.6,24846.2,813.176,69.5741,0.663149,698.021,12452.5,112.481,23.1957,0.267264,89.0182,375.453,46.3784,0.108576,328.966,487.934,1,0,0
1200,5,1,395,1,1,1,4320.35,18707.9,656.999,46.3844,0.482746,564.123,8692.31,160.521,23.1957,0.267264,137.058,136.793,23.1887,0.0718272,113.533,297.315,0,0,0
1200,5,1,396,1,1,2,10350.7,24705.8,837.557,69.5741,0.572947,722.563,11878.4,135.446,23.1957,0.302342,111.948,346.537,46.3784,0.12695,300.032,481.983,1,0,0
1200,5,1,397,0,0,0,-1,-1,743.029,40.6177,2.27508,654.22,251402,-1,-1,-1,-1,-1,-1,-1,-1,-1,0,0,0
1200,5,1,398,1,1,1,4328.65,18646.5,544.421,46.3844,0.482746,451.218,10632.8,94.7183,23.1957,0.267264,71.2553,157.971,23.1887,0.0718272,134.71,252.689,0,0,0
1200,5,1,399,1,1,1,4370.3,18683.5,418.569,46.3844,0.679853,324.803,12906.8,75.2282,23.1957,0.267264,51.7653,126.89,23.1887,0.12528,103.576,202.118,0,0,0
1200,5,1,400,1,1,1,4362.18,18687.6,438.044,46.3844,0.678182,344.336,12564.9,81.5762,23.1957,0.462701,57.9178,132.166,23.1887,0.0718272,108.905,213.742,0,0,0
1200,5,1,401,1,1,1,4322.63,18696,465.833,46.3844,0.517824,372.366,12079.4,155.599,23.1957,0.302342,132.101,79.0595,23.1887,0.0718272,55.799,234.658,0,0,0
1200,5,1,402,1,1,1,4351.7,18683.7,643.496,46.3844,0.821837,550.242,8907.36,163.308,23.1957,0.462701,139.65,150.239,23.1887,0.0718272,126.979,313.547,0,0,0
1200,5,1,403,1,1,2,10329,24669.3,842.088,69.5741,0.554573,727.125,11761.6,141.648,23.1957,0.267264,118.186,337.977,46.3784,0.143654,291.455,479.626,1,0,0
1200,5,1,404,1,1,1,4412.28,18735.6,591.047,46.3844,0.517824,497.944,9892.47,109.599,23.1957,0.267264,86.1359,165.036,23.1887,0.106906,141.74,274.634,0,0,0
1200,5,1,405,1,1,1,4351.35,18750.6,659.976,46.3844,0.517824,567.074,8681.84,160.914,23.1957,0.302342,137.416,140.735,23.1887,0.0718272,117.474,301.649,0,0,0
1200,5,1,406,1,1,1,4340.55,18673.2,577.699,46.3844,0.482746,484.592,10067.7,102.91,23.1957,0.267264,79.4473,161.573,23.1887,0.0718272,138.313,264.483,0,0,0
1200,5,1,407,1,1,1,4321.35,18857.3,461.143,46.3844,0.517824,367.663,12324.2,160.84,23.1957,0.302342,137.342,81.7144,23.1887,0.0718272,58.4539,242.554,0,0,0
1200,5,1,408,1,1,1,4324.52,18683.3,585.325,46.3844,0.552902,492.171,9941.75,147.673,23.1957,0.337421,124.14,104.897,23.1887,0.0718272,81.6365,252.57,0,0,0
1200,5,1,409,1,1,1,4319.75,24669.2,460.832,52.1883,0.891994,361.332,18240.8,261.284,28.9996,0.676512,231.467,41.1731,23.1887,0.0718272,17.9126,302.458,0,0,0
1200,5,1,410,1,1,1,4316.62,24630.7,408.327,52.1883,1.31795,308.249,19134.7,230.353,28.9996,1.10246,200.026,32.1997,23.1887,0.0718272,8.93917,262.553,0,0,0
1200,5,1,411,1,1,1,4427.49,18780.3,659.155,46.3844,0.587981,566.18,8725.6,159.258,23.1957,0.267264,135.795,141.459,23.1887,0.177062,118.093,300.717,0,0,0
1200,5,1,412,1,1,1,4351.18,18673.8,486.356,46.3844,0.661478,392.806,11691.9,93.5423,23.1957,0.302342,70.0443,144.48,23.1887,0.0718272,121.219,238.022,0,0,0
1200,5,1,413,1,1,1,4320.26,18654.9,456.914,46.3844,0.678182,363.261,12196.7,85.5071,23.1957,0.462701,61.8487,136.883,23.1887,0.0718272,113.623,222.391,0,0,0
1200,5,1,414,1,1,1,4315.34,24629.5,478.918,52.1883,0.731635,379.631,17879.7,270.363,28.9996,0.516154,240.739,45.4541,23.1887,0.0718272,22.1936,315.817,0,0,0
1200,5,1,415,1,1,1,4316.3,24652.5,416.17,52.1883,0.731635,316.701,19018.5,234.41,28.9996,0.516154,204.677,32.6725,23.1887,0.0718272,9.41203,267.082,0,0,0
1200,5,1,416,1,1,1,4344.32,18660.1,490.458,46.3844,0.482746,397.098,11605.9,89.515,23.1957,0.267264,66.0521,144.615,23.1887,0.0718272,121.355,234.13,0,0,0
1200,5,1,417,1,1,1,4362.81,18694.3,450.687,46.3844,0.482746,357.211,12347.3,84.9128,23.1957,0.267264,61.4498,137.432,23.1887,0.0718272,114.172,222.345,0,0,0
1200,5,1,418,1,1,1,4335.57,24750.5,819.342,52.1883,0.50112,721.276,11948,299.278,28.9996,0.285638,269.951,152.286,23.1887,0.0718272,129.025,451.563,0,0,0
1200,5,1,419,1,1,1,4316.94,18683.9,469.148,46.3844,0.678182,375.53,12008.2,155.097,23.1957,0.462701,131.438,80.5665,23.1887,0.0718272,57.306,235.663,0,0,0
1200,5,1,420,1,1,2,10329.4,24670.5,855.538,69.5741,0.950458,740.219,11522.7,161.83,23.1957,0.267264,138.367,335.302,46.3784,0.539539,288.384,497.131,1,0,0
1200,5,1,421,1,1,1,4333.76,18661.6,641.256,46.3844,0.482746,548.334,8925.94,162.794,23.1957,0.267264,139.331,152.663,23.1887,0.0718272,129.402,315.456,0,0,0
1200,5,1,422,1,0,0,-1,-1,1083.67,23.1957,0.372499,1014.7,256456,-1,-1,-1,-1,-1,-1,-1,-1,-1,0,0,0
1200,5,1,423,1,1,1,4323.02,18800.1,533.206,46.3844,0.482746,439.971,10985.7,145.872,23.1957,0.267264,122.409,91.3376,23.1887,0.0718272,68.0771,237.209,0,0,0
1200,5,1,424,1,1,1,4327.12,18738.9,664.335,46.3844,0.482746,571.481,8592.85,145.348,23.1957,0.267264,121.885,151.481,23.1887,0.0718272,128.22,296.829,0,0,0
1200,5,1,425,1,1,1,4367.59,18685.8,583.153,46.3844,0.805133,489.74,9982.32,104.1,23.1957,0.267264,80.6367,163.213,23.1887,0.106906,139.917,267.312,0,0,0
1200,5,1,426,1,1,1,4336.58,18712.2,662.667,46.3844,0.552902,569.737,8595.33,144.832,23.1957,0.337421,121.299,152.468,23.1887,0.0718272,129.207,297.3,0,0,0
1200,5,1,427,0,0,0,-1,-1,1532.07,23.206,0.516154,1464.25,268892,-1,-1,-1,-1,-1,-1,-1,-1,-1,0,0,0
1200,5,1,428,1,1,1,4333.16,18678.5,633.858,46.3844,0.482746,540.915,9074.39,126.598,23.1957,0.267264,103.135,163.531,23.1887,0.0718272,140.271,290.13,0,0,0
1200,5,1,429,1,1,1,4377.88,18695.1,659.684,46.3844,0.482746,566.815,8631.75,158.157,23.1957,0.267264,134.694,142.807,23.1887,0.0718272,119.546,300.964,0,0,0
1200,5,1,430,1,1,1,4326.45,18783.5,567.668,46.3844,0.482746,474.532,10356.3,138.811,23.1957,0.267264,115.348,102.475,23.1887,0.0718272,79.2145,241.286,0,0,0
1200,5,1,431,1,1,1,4324.36,18719.6,476.742,46.3844,0.517824,383.307,11909,155.777,23.1957,0.302342,132.279,82.0952,23.1887,0.0718272,58.8347,237.872,0,0,0
1200,5,1,432,1,1,1,4339.77,18773.8,646.035,46.3844,0.517824,553.092,8952.95,167.153,23.1957,0.302342,143.655,148.687,23.1887,0.0718272,125.426,315.84,0,0,0
1200,5,1,433,1,1,1,4324.05,18650.8,539.397,46.3844,0.482746,446.179,10726.4,138.075,23.1957,0.267264,114.612,93.0377,23.1887,0.0718272,69.7772,231.113,0,0,0
1200,5,1,434,1,1,1,4351.37,18680,490.312,46.3844,0.482746,396.951,11628.4,89.5746,23.1957,0.267264,66.1116,145.094,23.1887,0.0718272,121.833,234.668,0,0,0
1200,5,1,435,1,0,0,-1,-1,1434.56,23.1957,0.267264,1366.71,264571,-1,-1,-1,-1,-1,-1,-1,-1,-1,0,0,0
1200,5,1,436,1,1,1,4350.85,18673,638.702,46.3844,0.482746,545.773,8982.75,128.378,23.1957,0.267264,104.915,162.735,23.1887,0.0718272,139.475,291.113,0,0,0
1200,5,1,437,1,1,1,4328.01,24664,699.981,52.1883,1.12251,600.946,13982.3,317.415,28.9996,0.907027,287.508,90.1428,23.1887,0.0718272,66.8823,407.558,0,0,0
1200,5,1,438,1,0,0,-1,-1,1547,23.1957,0.267264,1479.48,269743,-1,-1,-1,-1,-1,-1,-1,-1,-1,0,0,0
1200,5,1,439,1,1,1,4342.72,18799.5,615.7,46.3844,0.552902,522.634,9517.8,157.28,23.1957,0.337421,133.747,131.783,23.1887,0.0718272,108.523,289.063,0,0,0
1200,5,1,440,1,0,0,-1,-1,747.078,23.1957,0.267264,677.231,251797,-1,-1,-1,-1,-1,-1,-1,-1,-1,0,0,0
1200,5,1,441,1,1,1,4320.58,24650.1,416.555,52.1883,0.731635,317.087,19009.2,234.734,28.9996,0.516154,205.004,33.084,23.1887,0.0718272,9.82353,267.818,0,0,0
1200,5,1,442,1,1,1,4366.01,18774.2,651.179,46.3844,0.678182,558.091,8861.62,165.848,23.1957,0.462701,142.189,150.457,23.1887,0.0718272,127.197,316.305,0,0,0
1200,5,1,443,1,1,1,4325.67,18644.8,451.927,46.3844,0.482746,358.455,12275.8,84.9074,23.1957,0.267264,61.4444,136.051,23.1887,0.0718272,112.791,220.959,0,0,0
1200,5,1,444,1,0,0,-1,-1,1401.69,23.1957,0.302342,1333.71,263171,-1,-1,-1,-1,-1,-1,-1,-1,-1,0,0,0
1200,5,1,445,1,1,1,4417.23,18740.6,646.835,46.3844,0.482746,553.929,8905.7,134.954,23.1957,0.267264,111.492,164.354,23.1887,0.0718272,141.094,299.309,0,0,0
1200,5,1,446,1,1,1,4317.26,18690.8,484.798,46.3844,0.482746,391.421,11737.3,154.537,23.1957,0.267264,131.074,81.7523,23.1887,0.0718272,58.4918,236.289,0,0,0
1200,5,1,447,1,1,1,4347.92,18661.6,614.979,46.3844,0.517824,521.946,9392.92,117.154,23.1957,0.267264,93.6908,162.354,23.1887,0.106906,139.058,279.507,0,0,0
1200,5,1,448,1,1,1,4318.15,18736.6,465.304,46.3844,0.678182,371.675,12129.3,157.295,23.1957,0.462701,133.636,79.5396,23.1887,0.0718272,56.2791,236.834,0,0,0
1200,5,1,449,1,1,1,4336.14,18661.7,544.491,46.3844,0.482746,451.288,10646.7,96.3895,23.1957,0.267264,72.9266,157.962,23.1887,0.0718272,134.701,254.351,0,0,0
1200,5,1,450,1,1,1,4451.71,24892.7,844.012,52.1883,0.571277,745.947,11651,361.319,28.9996,0.320717,331.998,157.096,23.1887,0.106906,133.801,518.415,0,0,0
1200,5,1,451,1,1,1,4323.41,18723.7,455.05,46.3844,0.517824,361.552,12299,155.157,23.1957,0.267264,131.694,80.7658,23.1887,0.106906,57.4702,235.923,0,0,0
1200,5,1,452,1,1,1,4324.94,18722.6,654.188,46.3844,0.482746,561.304,8756.95,164.988,23.1957,0.267264,141.525,138.706,23.1887,0.0718272,115.446,303.695,0,0,0
1200,5,1,453,1,1,1,4326.15,24656.7,527.567,52.1883,0.801792,428.351,17041.3,290.645,28.9996,0.58631,261.007,50.3921,23.1887,0.0718272,27.1316,341.037,0,0,0
1200,5,1,454,1,1,1,4315.59,36813.1,1144.33,63.7961,0.998899,1035.42,18429.9,711.734,40.6075,0.783418,669.839,100.399,23.1887,0.0718272,77.139,812.134,0,0,0
1200,5,1,455,1,0,0,-1,-1,921.736,23.1957,0.302342,852.362,254283,-1,-1,-1,-1,-1,-1,-1,-1,-1,0,0,0
1200,5,1,456,1,1,1,4365.92,18680.1,634.118,46.3844,0.517824,541.14,9071.1,126.201,23.1957,0.267264,102.738,166.266,23.1887,0.106906,142.971,292.468,0,0,0
1200,5,1,457,1,1,1,4346.34,18735,608.392,46.3844,0.482746,515.375,9583.73,153.881,23.1957,0.267264,130.418,128.267,23.1887,0.0718272,105.007,282.149,0,0,0
1200,5,1,458,1,1,1,4369.43,18693.9,578.847,46.3844,0.50112,485.726,10067.7,103.091,23.1957,0.267264,79.6278,163.324,23.1887,0.0902016,140.045,266.415,0,0,0
1200,5,1,459,1,0,0,-1,-1,1309.59,23.1957,0.302342,1241.35,260583,-1,-1,-1,-1,-1,-1,-1,-1,-1,0,0,0
1200,5,1,460,1,1,1,4322.25,18744.9,533.838,46.3844,0.482746,440.604,10919.4,145.695,23.1957,0.267264,122.232,91.1571,23.1887,0.0718272,67.8966,236.852,0,0,0
1200,5,1,461,1,1,1,4321.01,18676,427.626,46.3844,0.482746,334.083,12739.2,148.288,23.1957,0.267264,124.825,69.2901,23.1887,0.0718272,46.0296,217.578,0,0,0
1200,5,1,462,1,1,1,4368.06,18684.1,608.727,46.3844,0.482746,515.711,9526.81,115.463,23.1957,0.267264,91.9997,163.064,23.1887,0.0718272,139.803,278.527,0,0,0
1200,5,1,463,1,1,1,4361.01,18695.5,610.744,46.3844,1.00057,517.216,9500.91,117.262,23.1957,0.497779,93.5681,162.037,23.1887,0.0718272,138.776,279.299,0,0,0
1200,5,1,464,1,1,2,10335,24728.5,833.041,69.5741,1.24946,717.357,11980.1,123.057,23.1957,0.853574,99.0077,370.764,46.3784,0.25223,324.133,493.821,1,0,0
1200,5,1,465,1,1,1,4333.18,18658.4,636.304,46.3844,0.482746,543.368,9010.75,126.582,23.1957,0.267264,103.119,161.849,23.1887,0.0718272,138.589,288.431,0,0,0
1200,5,1,466,1,1,1,4351.38,18713.5,584.136,46.3844,0.482746,491.048,9993.52,145.487,23.1957,0.267264,122.024,103.448,23.1887,0.0718272,80.1873,248.935,0,0,0
1200,5,1,467,1,1,1,4315.66,24630.8,430.621,52.1883,0.731635,331.193,18739.8,241.471,28.9996,0.516154,211.763,35.4826,23.1887,0.0718272,12.2221,276.954,0,0,0
1200,5,1,468,1,1,1,4355.85,18731.1,662.304,46.3844,0.482746,569.443,8621.12,144.977,23.1957,0.267264,121.514,152.417,23.1887,0.0718272,129.157,297.394,0,0,0
1200,5,1,469,1,0,0,-1,-1,1055.67,28.9996,0.355795,980.986,256036,-1,-1,-1,-1,-1,-1,-1,-1,-1,0,0,0
1200,5,1,470,1,1,1,4316.74,18634.1,443.629,46.3844,0.482746,350.133,12412.6,81.4241,23.1957,0.267264,57.9612,134.382,23.1887,0.0718272,111.122,215.806,0,0,0
1200,5,1,471,1,1,1,4320.08,18798.4,392.392,46.3844,0.748339,298.481,13487.1,132.137,23.1957,0.532858,108.409,59.259,23.1887,0.0718272,35.9985,191.397,0,0,0
1200,5,1,472,1,1,1,4346.7,18662,595.233,46.3844,0.517824,502.142,9744.45,110.33,23.1957,0.267264,86.8668,163.153,23.1887,0.106906,139.858,273.483,0,0,0
1200,5,1,473,1,1,1,4325.46,18640.3,404.866,46.3844,0.482746,311.258,13108.1,68.1065,23.1957,0.267264,44.6435,127.816,23.1887,0.0718272,104.556,195.923,0,0,0
1200,5,1,474,1,1,1,4347.82,18665,630.752,46.3844,0.661478,537.621,9115.46,123.983,23.1957,0.267264,100.52,164.837,23.1887,0.106906,141.541,288.82,0,0,0
1200,5,1,475,1,1,1,4346.86,18787.9,657.473,46.3844,0.552902,564.529,8763.37,165.247,23.1957,0.302342,141.749,134.637,23.1887,0.106906,111.342,299.884,0,0,0
1200,5,1,476,1,0,0,-1,-1,1522.59,23.1957,0.267264,1455,268446,-1,-1,-1,-1,-1,-1,-1,-1,-1,0,0,0
1200,5,1,477,1,1,1,4323.74,30900.9,971.565,57.9922,1.33632,867.461,15489.2,537.692,34.8035,1.12084,501.568,100.632,23.1887,0.0718272,77.3718,638.324,0,0,0
1200,5,1,478,1,1,1,4334.13,18681.7,473.167,46.3844,0.482746,379.757,11934.9,87.2699,23.1957,0.267264,63.8069,141.619,23.1887,0.0718272,118.359,228.889,0,0,0
1200,5,1,479,1,1,1,4323.38,18781.1,650.631,46.3844,0.552902,557.667,8878.25,165.597,23.1957,0.302342,142.099,146.035,23.1887,0.106906,122.739,311.632,0,0,0
1200,5,1,480,1,1,1,4318.86,18655.6,512.7,46.3844,0.713261,419.174,11205.2,147.732,23.1957,0.497779,124.038,82.7178,23.1887,0.0718272,59.4573,230.45,0,0,0
1200,5,1,481,1,1,1,4325.31,18639.2,579.012,46.3844,0.482746,485.91,10010.3,103.715,23.1957,0.267264,80.2522,162.201,23.1887,0.0718272,138.941,265.916,0,0,0
1200,5,1,482,0,0,0,-1,-1,946.722,5.80392,0.319046,894.318,254861,-1,-1,-1,-1,-1,-1,-1,-1,-1,0,0,0
1200,5,1,483,1,1,1,4325.64,30758.9,756.64,57.9922,1.14088,652.107,19169.6,491.795,34.8035,0.925402,455.757,62.6701,23.1887,0.0718272,39.4096,554.465,0,0,0
1200,5,1,484,1,1,1,4347.32,18717.9,584.452,46.3844,0.6264,491.221,9991.89,145.68,23.1957,0.267264,122.217,103.361,23.1887,0.0718272,80.1006,249.042,0,0,0
1200,5,1,485,1,1,2,10400.1,24760.7,821.198,69.5741,1.02061,705.709,12223.1,165.833,23.1957,0.267264,142.37,328.813,46.3784,0.322387,282.112,494.646,1,0,0
1200,5,1,486,1,1,1,4496.23,18813.7,501.143,46.3844,0.482746,407.814,11569.5,93.3376,23.1957,0.267264,69.8746,147.373,23.1887,0.0718272,124.112,240.711,0,0,0
1200,5,1,487,1,0,0,-1,-1,1171.98,23.1957,0.462701,1103.17,257822,-1,-1,-1,-1,-1,-1,-1,-1,-1,0,0,0
1200,5,1,488,1,1,1,4372.97,18695.7,646.925,46.3844,0.482746,554.019,8859.24,135.606,23.1957,0.267264,112.143,158.005,23.1887,0.0718272,134.745,293.611,0,0,0
1200,5,1,489,1,1,1,4316.3,30870.6,755.101,52.1883,0.571277,656.778,19209.9,490.532,28.9996,0.355795,460.684,62.7261,23.1887,0.0718272,39.4656,553.258,0,0,0
1200,5,1,490,1,1,1,4358.22,24711.1,763.15,52.1883,1.07073,664.35,12906.1,254.136,28.9996,0.71159,224.263,163.107,23.1887,0.0718272,139.847,417.243,0,0,0
1200,5,1,491,1,1,1,4321.93,18672.7,569.64,46.3844,0.482746,476.511,10210.5,140.941,23.1957,0.267264,117.478,100.212,23.1887,0.0718272,76.9513,241.153,0,0,0
1200,5,1,492,1,1,1,4383.28,24702.7,704.816,52.1883,0.967162,605.951,13935.3,216.929,28.9996,0.320717,187.344,162.58,23.1887,0.0718272,139.32,379.509,0,0,0
1200,5,1,493,1,1,1,4320.39,18782.8,389.71,46.3844,0.517824,296.021,13519.9,133.093,23.1957,0.302342,109.595,58.261,23.1887,0.0718272,35.0005,191.354,0,0,0
1200,5,1,494,1,1,1,4338.12,24654.9,471.211,52.1883,0.606355,372.027,18042.1,267.156,28.9996,0.390874,237.647,43.4003,23.1887,0.0718272,20.1398,310.556,0,0,0
1200,5,1,495,1,1,1,4415.6,18739.6,638.692,46.3844,0.482746,545.762,9049.51,126.844,23.1957,0.267264,103.381,165.342,23.1887,0.0718272,142.081,292.185,0,0,0
1200,5,1,496,1,1,1,4316.3,24664.3,722.748,52.1883,0.536198,624.365,13579.2,320.664,28.9996,0.320717,291.343,93.7343,23.1887,0.0718272,70.4738,414.398,0,0,0
1200,5,1,497,1,0,0,-1,-1,1048.51,23.1957,0.462701,979.342,256017,-1,-1,-1,-1,-1,-1,-1,-1,-1,0,0,0
1200,5,1,498,1,1,1,4363.92,24767.5,607.175,52.1883,0.927072,508.066,15736.5,325.764,28.9996,0.676512,296.088,71.796,23.1887,0.106906,48.5004,397.56,0,0,0
1200,5,1,499,1,1,1,4369.92,18691.5,482.941,46.3844,0.661478,389.38,11770.4,91.8143,23.1957,0.267264,68.3514,142.878,23.1887,0.106906,119.582,234.692,0,0,0
1200,5,1,500,1,1,1,4318.86,18648.6,418.652,46.3844,0.678182,324.887,12870.8,75.4778,23.1957,0.462701,51.8194,126.753,23.1887,0.0718272,103.493,202.231,0,0,0
1200,5,1,501,1,1,1,4318.54,18661.2,391.996,46.3844,0.482746,298.35,13357.9,129.717,23.1957,0.267264,106.254,60.7895,23.1887,0.0718272,37.529,190.506,0,0,0
1200,5,1,502,1,1,1,4330.77,18661.7,449.611,46.3844,0.678182,355.937,12333.3,83.7384,23.1957,0.462701,60.08,136.156,23.1887,0.0718272,112.896,219.895,0,0,0
1200,5,1,503,1,1,1,4349.55,18699.5,507.797,46.3844,0.517824,414.452,11336.8,94.2165,23.1957,0.267264,70.7536,144.486,23.1887,0.106906,121.191,238.703,0,0,0
1200,5,1,504,1,1,1,4318.54,18825.3,484.005,46.3844,0.587981,390.521,11885.1,156.421,23.1957,0.372499,132.853,81.6241,23.1887,0.0718272,58.3636,238.045,0,0,0
1200,5,1,505,1,1,1,4321.19,18713.7,533.163,46.3844,0.482746,439.927,10900.2,144.486,23.1957,0.267264,121.023,91.4513,23.1887,0.0718272,68.1908,235.937,0,0,0
1200,5,1,506,1,1,1,4327.98,18732.8,562.089,46.3844,0.482746,468.938,10404.9,135.713,23.1957,0.267264,112.25,102.188,23.1887,0.0718272,78.9275,237.901,0,0,0
1200,5,1,507,1,1,1,4331.02,18684.1,661.173,46.3952,0.891994,567.889,8593.34,154.823,23.2065,0.676512,130.94,145.209,23.1887,0.0718272,121.949,300.032,0,0,0
1200,5,1,508,1,1,1,4317.9,30648.2,598.111,57.9922,1.17596,493.082,21877.6,418.484,34.8035,0.96048,382.215,32.4361,23.1887,0.0718272,9.1756,450.92,0,0,0
1200,5,1,509,1,1,1,4399.12,18937.1,659.363,46.3844,1.10915,565.868,8877.77,168.057,23.1957,0.462701,144.398,135.36,23.1887,0.0718272,112.1,303.417,0,0,0
1200,5,1,510,1,1,1,4317.26,24639,397.751,52.1883,0.536198,298.424,19333,224.824,28.9996,0.320717,195.261,31.5518,23.1887,0.0718272,8.29125,256.376,0,0,0
1200,5,1,511,1,1,1,4384.63,18716.6,651.458,46.3844,0.661478,558.387,8798.83,136.186,23.1957,0.302342,112.688,158.09,23.1887,0.0718272,134.829,294.276,0,0,0
1200,5,1,512,1,1,1,4313.74,18627.3,448.076,46.3844,0.482746,354.593,12326.7,84.0609,23.1957,0.267264,60.598,135.974,23.1887,0.0718272,112.713,220.035,0,0,0
1200,5,1,513,1,1,1,4329.33,24793,829.35,52.1883,0.766714,731.047,11811.5,356.988,28.9996,0.551232,327.438,147.51,23.1887,0.0718272,124.25,504.499,0,0,0
1200,5,1,514,1,1,1,4325.13,18839.8,405.368,46.3844,0.713261,311.53,13298,139.717,23.1957,0.497779,116.023,61.6973,23.1887,0.0718272,38.4368,201.414,0,0,0
1200,5,1,515,1,1,1,4338.57,18711.4,648.23,46.3844,0.517824,555.294,8851.45,163.299,23.1957,0.267264,139.836,146.601,23.1887,0.106906,123.306,309.9,0,0,0
1200,5,1,516,1,1,1,4324.89,24670,745.214,52.1883,0.997229,646.436,13184,321.959,28.9996,0.781747,292.177,100.762,23.1887,0.0718272,77.5017,422.721,0,0,0
1200,5,1,517,1,0,0,-1,-1,1326.51,23.1957,0.462701,1258.15,261048,-1,-1,-1,-1,-1,-1,-1,-1,-1,0,0,0
1200,5,1,518,1,1,1,4317.9,18644.4,494.147,46.3844,0.482746,400.797,11524.6,150.348,23.1957,0.267264,126.885,79.628,23.1887,0.0718272,56.3675,229.976,0,0,0
1200,5,1,519,1,1,1,4348.55,18731.9,561.391,46.3844,0.713261,468.006,10415.6,135.157,23.1957,0.462701,111.499,102.321,23.1887,0.106906,79.025,237.478,0,0,0
1200,5,1,520,1,1,1,4362.18,24862.1,804.444,52.1883,1.12418,705.711,12322.4,287.425,28.9996,0.71159,257.624,152.655,23.1887,0.12528,129.341,440.08,0,0,0
1200,5,1,521,1,1,1,4332.3,18655.7,561.39,46.3844,0.965491,467.754,10339,95.7457,23.1957,0.462701,72.0873,159.57,23.1887,0.0718272,136.309,255.316,0,0,0
1200,5,1,522,1,1,1,4334.66,18686.5,642.341,46.3844,0.482746,549.423,8931.54,133.171,23.1957,0.267264,109.708,162.705,23.1887,0.0718272,139.444,295.876,0,0,0
1200,5,1,523,1,1,1,4327.11,18706.9,649.671,46.3844,0.482746,556.774,8821.63,163.869,23.1957,0.267264,140.406,150.279,23.1887,0.0718272,127.018,314.148,0,0,0
1200,5,1,524,1,0,0,-1,-1,1057.89,23.1957,0.302342,988.911,256112,-1,-1,-1,-1,-1,-1,-1,-1,-1,0,0,0
1200,5,1,525,1,1,2,4393.53,18750.6,677.495,69.5741,1.25113,561.358,8756.51,160.634,23.1957,0.658138,136.78,157.638,46.3784,0.305683,110.954,318.272,1,0,0
1200,5,1,526,1,1,1,4329,24806.7,655.325,52.1883,0.714931,556.568,14927.7,324.877,28.9996,0.355795,295.522,82.1457,23.1887,0.0718272,58.8852,407.023,0,0,0
1200,5,1,527,1,1,1,4332.49,18664.1,511.723,46.3844,0.482746,418.425,11231.8,93.2167,23.1957,0.267264,69.7537,145.633,23.1887,0.0718272,122.373,238.85,0,0,0
1200,5,1,528,1,1,1,4316.3,24776,631.305,52.1991,0.554573,532.627,15316.9,329.038,29.0104,0.339091,299.689,81.9328,23.1887,0.0718272,58.6722,410.971,0,0,0
1200,5,1,529,1,1,1,4314.7,18636.4,550.529,46.3844,0.482746,457.344,10514,136.4,23.1957,0.267264,112.937,97.8529,23.1887,0.0718272,74.5924,234.253,0,0,0
1200,5,1,530,1,1,2,10399.3,24743.5,838.579,69.5741,1.19768,722.963,11896.7,128.581,23.1957,0.658138,104.727,362.563,46.3784,0.108576,316.076,491.144,1,0,0
1200,5,1,531,1,1,1,4366.26,42868.6,1175.04,69.6001,1.77898,1059.79,24036.6,688.685,46.4114,1.52842,639.349,139.351,23.1887,0.106906,116.056,828.037,0,0,0
1200,5,1,532,1,1,1,4383.76,18700.9,521.583,46.3844,0.770054,428.026,11092.4,93.9711,23.1957,0.267264,70.5081,151.057,23.1887,0.0718272,127.796,245.028,0,0,0
1200,5,1,533,1,1,1,4340.81,18707.6,587.335,46.3844,0.552902,494.187,9930.23,145.547,23.1957,0.337421,122.014,105.52,23.1887,0.0718272,82.2592,251.066,0,0,0
1200,5,1,534,1,1,1,4425.34,18769.2,626.996,46.3844,0.552902,533.963,9286.61,153.652,23.1957,0.267264,130.189,148.263,23.1887,0.141984,124.932,301.915,0,0,0
1200,5,1,535,1,1,1,4332.69,18832.8,646.246,46.3844,0.50112,553.321,9008.14,166.661,23.1957,0.267264,143.198,153.708,23.1887,0.0902016,130.429,320.369,0,0,0
1200,5,1,536,1,1,1,4402.11,18750.4,665.475,46.3844,0.678182,572.428,8583.62,150.377,23.1957,0.462701,126.719,151.248,23.1887,0.0718272,127.987,301.625,0,0,0
1200,5,1,537,1,1,1,4324.49,18738.2,615.724,46.3844,0.517824,522.694,9456.26,156.136,23.1957,0.302342,132.638,131.491,23.1887,0.0718272,108.23,287.627,0,0,0
1200,5,1,538,1,1,2,10417.1,24731.9,772.268,69.5741,0.554573,657.102,13065.8,96.2812,23.1957,0.267264,72.8183,378.271,46.3784,0.143654,331.749,474.553,1,0,0
1200,5,1,539,1,1,1,4350.25,18729.7,515.208,46.3844,0.517824,421.885,11235.2,149.723,23.1957,0.267264,126.26,84.3141,23.1887,0.106906,61.0185,234.037,0,0,0
1200,5,1,540,1,1,1,4316.94,18656.2,498.084,46.3844,0.482746,404.746,11466.4,150.288,23.1957,0.267264,126.825,81.2776,23.1887,0.0718272,58.0171,231.566,0,0,0
1200,5,1,541,1,1,1,4397.98,18734.6,665.228,46.3844,0.50112,572.358,8572.42,151.273,23.1957,0.267264,127.811,151.315,23.1887,0.0902016,128.036,302.588,0,0,0
1200,5,1,542,1,1,1,4318.02,18657,494.384,46.406,0.519494,400.978,11532.9,153.767,23.2173,0.304013,130.245,79.8446,23.1887,0.0718272,56.5841,233.611,0,0,0
1200,5,1,543,1,1,1,4317.83,18652.3,550.401,46.3844,0.482746,457.215,10532.2,135.868,23.1957,0.267264,112.405,98.1525,23.1887,0.0718272,74.892,234.02,0,0,0
1200,5,1,544,1,1,1,4321.29,18635.8,607.009,46.3844,0.517824,513.953,9508.85,115.638,23.1957,0.267264,92.1747,161.273,23.1887,0.106906,137.977,276.91,0,0,0
1200,5,1,545,1,1,1,4315.66,24679.1,722.476,52.1883,0.536198,624.093,13598.8,321.164,28.9996,0.320717,291.843,93.303,23.1887,0.0718272,70.0425,414.467,0,0,0
1200,5,1,546,1,1,1,4358.66,18845.8,438.255,46.3844,0.783418,344.442,12718.7,156.038,23.1957,0.532858,132.31,72.8572,23.1887,0.106906,49.5616,228.896,0,0,0
1200,5,1,547,1,1,1,4323.27,18648.1,523.805,46.3844,0.482746,430.542,11001,147.337,23.1957,0.267264,123.874,87.8687,23.1887,0.0718272,64.6082,235.206,0,0,0
1200,5,1,548,1,1,1,4316.94,18637.6,548.558,46.3844,0.482746,455.367,10550.3,134.615,23.1957,0.267264,111.152,96.9126,23.1887,0.0718272,73.6521,231.528,0,0,0
1200,5,1,549,1,1,1,4320.79,18820.2,651.896,46.3844,0.517824,558.97,8895.08,167.268,23.1957,0.302342,143.77,145.725,23.1887,0.0718272,122.465,312.994,0,0,0
1200,5,1,550,1,1,1,4316.94,24713.4,598.91,52.1883,0.96215,499.742,15829.2,326.587,28.9996,0.746669,296.841,67.294,23.1887,0.0718272,44.0335,393.881,0,0,0
1200,5,1,551,1,1,1,4322.47,18652.6,533.115,46.3844,0.482746,439.878,10839.9,142.351,23.1957,0.267264,118.888,91.6263,23.1887,0.0718272,68.3658,233.977,0,0,0
1200,5,1,552,1,1,1,4342.55,24706.4,824.933,52.1883,0.571277,726.813,11803.9,354.176,28.9996,0.355795,324.821,146.312,23.1887,0.0718272,123.051,500.488,0,0,0
1200,5,1,553,1,1,1,4344.55,18658.1,491.088,46.3844,0.6264,397.587,11592.3,90.0547,23.1957,0.267264,66.5917,144.444,23.1887,0.0718272,121.183,234.498,0,0,0
1200,5,1,554,1,1,1,4343.98,18665,473.541,46.3844,0.6264,379.988,11911.2,87.3457,23.1957,0.267264,63.8827,141.536,23.1887,0.0718272,118.276,228.882,0,0,0
1200,5,1,555,1,1,1,4325.16,18678.6,648.642,46.3952,1.03565,555.178,8810.22,162.782,23.2065,0.676512,138.899,148.846,23.1887,0.0718272,125.585,311.628,0,0,0
1200,5,1,556,1,1,1,4366.47,24785.3,816.392,52.1883,0.891994,717.926,12034.2,355.251,28.9996,0.676512,325.575,133.788,23.1887,0.0718272,110.528,489.039,0,0,0
1200,5,1,557,1,1,1,4366.82,18693.7,466.716,46.3844,0.552902,373.216,12061.2,87.7193,23.1957,0.267264,64.2563,142.955,23.1887,0.141984,119.624,230.674,0,0,0
1200,5,1,558,1,1,1,4315.34,18797.4,481.955,46.3844,0.482746,388.57,11894.4,156.477,23.1957,0.267264,133.014,81.801,23.1887,0.0718272,58.5405,238.278,0,0,0
1200,5,1,559,1,0,0,-1,-1,1379.78,28.9996,0.481075,1305.92,262246,-1,-1,-1,-1,-1,-1,-1,-1,-1,0,0,0
1200,5,1,560,1,1,1,4326.47,18682.8,495.109,46.3844,0.482746,401.763,11545.9,154.773,23.1957,0.267264,131.31,80.3445,23.1887,0.0718272,57.084,235.118,0,0,0
1200,5,1,561,1,0,0,-1,-1,1585.88,23.1957,0.407578,1518.33,272358,-1,-1,-1,-1,-1,-1,-1,-1,-1,0,0,0
1200,5,1,562,1,1,1,4338.31,18762.5,479.164,46.3844,0.770054,385.484,11908.4,156.771,23.1957,0.267264,133.308,82.0627,23.1887,0.0718272,58.8022,238.834,0,0,0
1200,5,1,563,1,1,1,4315.98,18775.3,644.483,46.3844,0.482746,551.57,8982.21,165.365,23.1957,0.267264,141.902,153.921,23.1887,0.0718272,130.66,319.286,0,0,0
1200,5,1,564,1,1,1,4319.62,18667.8,526.003,46.3844,0.482746,432.746,10981.5,95.7235,23.1957,0.267264,72.2606,151.336,23.1887,0.0718272,128.076,247.06,0,0,0
1200,5,1,565,1,1,1,4366.15,18687.6,502.024,46.3844,0.517824,408.663,11427.5,94.9493,23.1957,0.267264,71.4863,143.329,23.1887,0.106906,120.034,238.279,0,0,0
1200,5,1,566,1,0,0,-1,-1,1312.29,23.1957,0.888653,1243.47,260698,-1,-1,-1,-1,-1,-1,-1,-1,-1,0,0,0
1200,5,1,567,1,1,2,10370.4,24697.3,780.236,69.5741,0.537869,665.11,12889.5,95.6694,23.1957,0.267264,72.2064,377.421,46.3784,0.12695,330.915,473.09,1,0,0
1200,5,1,568,1,1,1,4317.26,24745.5,648.746,52.1883,0.536198,550.148,14976.2,320.788,28.9996,0.320717,291.468,82.0374,23.1887,0.0718272,58.7769,402.826,0,0,0
1200,5,1,569,1,1,2,10318,24668.5,590.858,69.5741,1.12919,474.59,16226.6,150.724,23.1957,0.302342,127.226,163.668,46.3784,0.683194,116.606,314.392,1,0,0
1200,5,1,570,1,1,1,4386.36,18751.1,655.323,46.3844,0.658138,562.267,8764.06,159.188,23.1957,0.372499,135.62,136.41,23.1887,0.141984,113.08,295.598,0,0,0
1200,5,1,571,1,1,1,4321.48,18638.3,485.057,46.3844,0.482746,391.681,11680.1,93.722,23.1957,0.267264,70.2591,143.619,23.1887,0.0718272,120.359,237.341,0,0,0
1200,5,1,572,1,1,1,4330.54,18840.4,414.648,46.3844,0.6264,320.924,13133.9,147.222,23.1957,0.267264,123.759,64.7168,23.1887,0.0718272,41.4563,211.938,0,0,0
1200,5,1,573,1,1,1,4364.53,18724.9,636.332,46.3844,0.733306,543.146,9075.47,128.262,23.1957,0.337421,104.729,165.622,23.1887,0.108576,142.325,293.884,0,0,0
1200,5,1,574,1,1,1,4487.49,18813.8,661.089,46.3844,0.770054,567.938,8724.61,143.679,23.1957,0.267264,120.216,156.59,23.1887,0.0718272,133.33,300.269,0,0,0
1200,5,1,575,1,1,1,4347.11,30765.8,940.483,57.9922,1.46327,836.162,15906.3,434.713,34.8035,0.96048,398.476,144.467,23.1887,0.0718272,121.207,579.18,0,0,0
1200,5,1,576,1,1,1,4317.9,18866.3,644.999,46.3844,0.482746,552.088,9064.11,164.903,23.1957,0.267264,141.44,151.694,23.1887,0.0718272,128.433,316.597,0,0,0
1200,5,1,577,1,1,2,10361.1,24700.9,851.748,69.5741,0.554573,736.813,11621.5,155.758,23.1957,0.267264,132.295,339.113,46.3784,0.143654,292.591,494.871,1,0,0
1200,5,1,578,1,1,1,4325.92,18690.4,492.367,46.3844,0.482746,399.012,11602.3,154.903,23.1957,0.267264,131.44,81.2289,23.1887,0.0718272,57.9684,236.132,0,0,0
1200,5,1,579,1,1,2,10337.7,24656.4,836.266,69.5741,0.554573,721.287,11852.2,135.689,23.1957,0.267264,112.226,352.735,46.3784,0.143654,306.213,488.424,1,0,0
1200,5,1,580,1,1,1,4331.18,18661,532.996,46.3844,0.482746,439.759,10850.5,137.904,23.1957,0.267264,114.441,92.2039,23.1887,0.0718272,68.9434,230.107,0,0,0
1200,5,1,581,1,1,1,4331.08,24839.2,831.494,52.1883,1.31795,732.646,11818.4,343.414,28.9996,1.10246,313.311,134.202,23.1887,0.0718272,110.941,477.615,0,0,0
1200,5,1,582,1,1,1,4332.6,18656.2,521.752,46.3844,0.482746,428.483,11045.5,94.9367,23.1957,0.267264,71.4737,150.122,23.1887,0.0718272,126.861,245.058,0,0,0
1200,5,1,583,1,0,0,-1,-1,1169.83,23.1957,0.497779,1100.98,257803,-1,-1,-1,-1,-1,-1,-1,-1,-1,0,0,0
1200,5,1,584,1,1,1,4345.72,24723.9,826.12,52.1883,0.927072,727.647,11799.7,332.021,28.9996,0.71159,302.309,134.819,23.1887,0.0718272,111.558,466.839,0,0,0
1200,5,1,585,1,1,1,4358.28,18696.4,490.761,46.3844,0.552902,397.332,11636.4,89.588,23.1957,0.302342,66.09,145.322,23.1887,0.106906,122.026,234.91,0,0,0
1200,5,1,586,1,1,1,4320.9,30857.8,970.846,57.9922,1.40648,866.67,15458.5,536.515,34.8035,1.191,500.325,100.677,23.1887,0.0718272,77.4169,637.193,0,0,0
1200,5,1,587,1,1,1,4317.32,18669.9,524.349,46.3844,0.482746,431.087,11013.1,148.465,23.1957,0.267264,125.002,88.0059,23.1887,0.0718272,64.7454,236.471,0,0,0
1200,5,1,588,1,1,1,4323.21,18777.2,479.146,46.3844,0.517824,385.718,11923.9,157.873,23.1957,0.302342,134.375,81.9761,23.1887,0.0718272,58.7156,239.849,0,0,0
1200,5,1,589,1,1,2,10564.5,24896.1,804.913,69.5741,0.698227,689.699,12649.1,110.32,23.1957,0.302342,86.8217,378.12,46.3784,0.25223,331.489,488.44,1,0,0
1200,5,1,590,1,1,1,4404.61,18726.1,649.403,46.3844,0.482746,556.505,8845.58,136.31,23.1957,0.267264,112.847,163.326,23.1887,0.0718272,140.065,299.636,0,0,0
1200,5,1,591,1,1,1,4317.32,18644.2,544.155,46.3844,0.482746,450.951,10635.1,95.6243,23.1957,0.267264,72.1613,157.446,23.1887,0.0718272,134.185,253.07,0,0,0
1200,5,1,592,1,0,0,-1,-1,1260.13,23.1957,0.532858,1191.51,259479,-1,-1,-1,-1,-1,-1,-1,-1,-1,0,0,0
1200,5,1,593,1,1,1,4502.46,18819.4,662.963,46.3844,0.6264,569.961,8697.36,140.589,23.1957,0.267264,117.126,157.63,23.1887,0.0718272,134.369,298.219,0,0,0
1200,5,1,594,1,1,2,10551.5,24868.2,804.289,69.5741,0.519494,689.251,12632.9,109.55,23.1957,0.267264,86.0872,377.641,46.3784,0.108576,331.154,487.191,1,0,0
1200,5,1,595,1,1,1,4323.72,18774.8,361.853,46.3844,0.552902,268.049,14007,116.889,23.1957,0.302342,93.3912,51.6815,23.1887,0.106906,28.3859,168.571,0,0,0
1200,5,1,596,1,1,1,4331.62,18659,544.635,46.3844,0.482746,451.433,10641.4,95.7163,23.1957,0.267264,72.2534,157.798,23.1887,0.0718272,134.537,253.514,0,0,0
1200,5,1,597,1,0,0,-1,-1,982.07,28.9996,1.13754,906.392,255022,-1,-1,-1,-1,-1,-1,-1,-1,-1,0,0,0
1200,5,1,598,1,0,0,-1,-1,1551.46,23.1957,0.267264,1483.95,270079,-1,-1,-1,-1,-1,-1,-1,-1,-1,0,0,0
1200,5,1,599,1,1,1,4404.58,18728.8,1605.16,46.3844,0.840211,1514.68,271895,80.9729,23.1957,0.267264,57.51,131.514,23.1887,0.141984,108.183,212.487,0,0,0
1200,5,1,600,1,1,1,4327.69,18764.5,389.371,46.3844,0.678182,295.522,13507.4,132.661,23.1957,0.462701,109.003,58.3783,23.1887,0.0718272,35.1178,191.039,0,0,0
1200,5,1,601,1,1,1,4346.12,18717.3,554.308,46.3844,0.482746,461.134,10527.8,133.577,23.1957,0.267264,110.114,99.0928,23.1887,0.0718272,75.8323,232.67,0,0,0
1200,5,1,602,1,1,1,4326.41,18779.8,458.15,46.3844,0.552902,364.626,12299.6,157.641,23.1957,0.337421,134.107,81.8136,23.1887,0.0718272,58.5531,239.454,0,0,0
1200,5,1,603,1,1,1,4347.56,18744.3,512.243,46.3844,0.661478,418.768,11302.1,152.126,23.1957,0.302342,128.628,82.911,23.1887,0.0718272,59.6504,235.037,0,0,0
1200,5,1,604,1,1,1,4324.88,18707.1,589.478,46.3844,0.517824,496.371,9891.87,148.977,23.1957,0.302342,125.479,107.469,23.1887,0.0718272,84.2084,256.446,0,0,0
1200,5,1,605,1,1,1,4343.58,18705.3,565.259,46.3844,0.856915,471.742,10319.9,95.2061,23.1957,0.462701,71.5477,161.486,23.1887,0.106906,138.19,256.692,0,0,0
1200,5,1,606,1,1,1,4353.74,18684.1,534.039,46.3844,0.482746,440.806,10855,94.7526,23.1957,0.267264,71.2896,154.749,23.1887,0.0718272,131.489,249.502,0,0,0
1200,5,1,607,1,1,1,4376.04,18735.4,626.731,46.3844,0.696557,533.553,9257.17,153.591,23.1957,0.337421,130.057,147.077,23.1887,0.0718272,123.816,300.668,0,0,0
1200,5,1,608,1,1,1,4316.62,18629.5,461.195,46.3844,0.482746,367.75,12095.7,86.6959,23.1957,0.267264,63.233,140.237,23.1887,0.0718272,116.976,226.933,0,0,0
1200,5,1,609,1,1,1,4359.52,18675.7,610.917,46.3844,0.571277,517.819,9478.84,117.123,23.1957,0.267264,93.6601,162.606,23.1887,0.160358,139.257,279.729,0,0,0
1200,5,1,610,1,1,1,4371.4,18692.9,648.275,46.3844,0.678182,555.178,8831.91,136.132,23.1957,0.462701,112.473,160.665,23.1887,0.0718272,137.405,296.797,0,0,0
1200,5,1,611,1,0,0,-1,-1,831.463,23.1957,0.337421,761.792,253094,-1,-1,-1,-1,-1,-1,-1,-1,-1,0,0,0
1200,5,1,612,1,0,0,-1,-1,1392.25,23.1957,0.302342,1324.24,262857,-1,-1,-1,-1,-1,-1,-1,-1,-1,0,0,0
1200,5,1,613,1,0,0,-1,-1,1318.19,23.1957,0.267264,1250,260817,-1,-1,-1,-1,-1,-1,-1,-1,-1,0,0,0
1200,5,1,614,1,1,1,4360.78,18812,518.098,46.3844,0.713261,424.588,11265.7,152.347,23.1957,0.497779,128.653,84.8403,23.1887,0.0718272,61.5798,237.187,0,0,0
1200,5,1,615,1,1,1,4387.46,18741.4,657.963,46.3844,0.482746,565.09,8708.68,159.471,23.1957,0.267264,136.008,140.233,23.1887,0.0718272,116.973,299.704,0,0,0
1200,5,1,616,1,0,0,-1,-1,764.135,23.1957,0.302342,694.303,252024,-1,-1,-1,-1,-1,-1,-1,-1,-1,0,0,0
1200,5,1,617,1,0,0,-1,-1,1197.85,23.1957,0.337421,1129.25,258346,-1,-1,-1,-1,-1,-1,-1,-1,-1,0,0,0
1200,5,1,618,1,0,0,-1,-1,1139.61,23.1957,0.302342,1070.87,257344,-1,-1,-1,-1,-1,-1,-1,-1,-1,0,0,0
1200,5,1,619,1,1,1,4348,18688.7,642.456,46.3844,0.661478,549.359,8931.08,131.703,23.1957,0.302342,108.205,162.423,23.1887,0.0718272,139.163,294.126,0,0,0
1200,5,1,620,1,0,0,-1,-1,965.308,23.1957,0.267264,896.096,254874,-1,-1,-1,-1,-1,-1,-1,-1,-1,0,0,0
1200,5,1,621,1,1,1,4341.13,18689.3,507.714,46.3844,0.50112,414.386,11328.1,94.7598,23.1957,0.267264,71.2968,144.41,23.1887,0.0902016,121.131,239.17,0,0,0
1200,5,1,622,1,1,1,4331.5,24791.1,708.946,52.1883,0.927072,610.132,13950.4,322.072,28.9996,0.676512,292.396,91.5098,23.1887,0.106906,68.2142,413.582,0,0,0
1200,5,1,623,1,1,1,4322.7,18685.2,641.973,46.3844,0.517824,549.018,8936.56,133.178,23.1957,0.302342,109.68,162.645,23.1887,0.0718272,139.385,295.823,0,0,0
1200,5,1,624,1,1,2,10403.9,36767.8,1183.82,81.182,0.786758,1058.33,17982.7,506.507,34.8035,0.534528,470.914,344.136,46.3784,0.108576,297.649,850.643,1,0,0
1200,5,1,625,1,1,1,4372,18692.1,521.847,46.3844,0.482746,428.579,11079.7,94.0252,23.1957,0.267264,70.5623,150.898,23.1887,0.0718272,127.637,244.923,0,0,0
1200,5,1,626,1,1,1,4471.8,24843.2,825.034,52.1883,0.980525,726.504,11937.8,352.905,28.9996,0.746669,323.158,145.978,23.1887,0.0902016,122.699,498.883,0,0,0
1200,5,1,627,1,1,1,4318.22,24653.3,397.649,52.1883,0.536198,298.321,19349.1,224.549,28.9996,0.320717,194.983,31.3153,23.1887,0.0718272,8.05482,255.865,0,0,0
1200,5,1,628,1,0,0,-1,-1,620.665,28.9996,0.781747,544.292,249470,-1,-1,-1,-1,-1,-1,-1,-1,-1,0,0,0
1200,5,1,629,1,1,1,4349.16,18666.1,443.693,46.3844,0.6264,350.054,12443.1,80.5343,23.1957,0.267264,57.0714,134.111,23.1887,0.0718272,110.851,214.646,0,0,0
1200,5,1,630,1,1,1,4321.14,18677,553.137,46.3844,0.517824,459.924,10508,135.21,23.1957,0.302342,111.712,97.7302,23.1887,0.0718272,74.4697,232.94,0,0,0
1200,5,1,631,1,1,1,4340.01,18675.3,633.841,46.3844,0.6264,540.754,9071.1,125.6,23.1957,0.267264,102.137,163.616,23.1887,0.0718272,140.356,289.216,0,0,0
1200,5,1,632,1,1,1,4475.13,19026.1,651.234,46.3844,0.6264,558.198,9112.62,164.073,23.1957,0.267264,140.61,158.384,23.1887,0.0718272,135.124,322.457,0,0,0
1200,5,1,633,1,1,1,4332.5,18647.9,632.453,46.3844,0.50112,539.487,9068.59,126.106,23.1957,0.267264,102.643,164.732,23.1887,0.0902016,141.453,290.837,0,0,0
1200,5,1,634,0,0,0,-1,-1,1083.8,23.206,0.58631,1014.6,256460,-1,-1,-1,-1,-1,-1,-1,-1,-1,0,0,0
1200,5,1,635,1,1,1,4316.55,18656.9,374.092,46.3844,0.482746,280.394,13671.9,122.559,23.1957,0.267264,99.0962,55.0809,23.1887,0.0718272,31.8204,177.64,0,0,0
1200,5,1,636,1,1,2,10378,30703.4,849.179,75.3781,0.803462,728.343,17768.8,187.871,28.9996,0.516154,158.005,376.088,46.3784,0.143654,329.566,563.959,1,0,0
1200,5,1,637,1,1,1,4314.06,24648.7,516.94,52.1883,0.696557,417.799,17223.1,285.313,28.9996,0.481075,255.764,50.0473,23.1887,0.0718272,26.7868,335.36,0,0,0
1200,5,1,638,1,1,1,4320.49,18838.2,442.044,46.3844,0.482746,348.543,12645,157.442,23.1957,0.267264,133.979,74.1974,23.1887,0.0718272,50.9369,231.64,0,0,0
1200,5,1,639,1,1,1,4317.58,30653.3,887.297,57.9922,0.785088,783.5,16741.3,515.634,34.8035,0.569606,480.037,86.6379,23.1887,0.0718272,63.3774,602.272,0,0,0
1200,5,1,640,1,1,1,4361.43,24685.6,711.385,52.1883,0.96215,612.544,13801.3,218.567,28.9996,0.71159,188.594,162.951,23.1887,0.106906,139.655,381.518,0,0,0
1200,5,1,641,1,1,1,4338.9,18749.7,484.036,46.3844,0.552902,390.588,11809.2,155.134,23.1957,0.337421,131.601,81.6927,23.1887,0.0718272,58.4322,236.826,0,0,0
1200,5,1,642,1,1,1,4364.78,18833.2,596.953,46.3844,0.517824,503.868,9885.1,153.635,23.1957,0.302342,130.137,109.747,23.1887,0.0718272,86.486,263.381,0,0,0
1200,5,1,643,1,1,1,4333.38,18860.7,644.362,46.3844,0.552902,551.379,9069.27,163.788,23.1957,0.267264,140.325,152.415,23.1887,0.141984,129.085,316.203,0,0,0
1200,5,1,644,1,1,1,4379.38,18758.7,666.397,46.3844,0.517824,573.513,8575.73,143.982,23.1957,0.267264,120.519,153.934,23.1887,0.106906,130.639,297.916,0,0,0
1200,5,1,645,1,1,1,4357.12,18710.6,613.068,46.3844,1.12251,519.425,9474.06,118.063,23.1957,0.693216,94.1745,162.538,23.1887,0.141984,139.208,280.602,0,0,0
1200,5,1,646,1,1,1,4317.9,18882.7,646.874,52.1883,0.536198,548.271,9146.75,167.155,28.9996,0.320717,137.834,150.548,23.1887,0.0718272,127.287,317.702,0,0,0
1200,5,1,647,1,1,1,4328.24,30754.1,982.374,57.9922,1.14088,878.497,15150.7,495.343,34.8035,0.925402,459.316,138.398,23.1887,0.0718272,115.137,633.74,0,0,0
1200,5,1,648,1,1,1,4400.84,18715.3,569.987,46.3844,0.6264,476.714,10251.8,98.2683,23.1957,0.267264,74.8054,162.557,23.1887,0.0718272,139.296,260.825,0,0,0
1200,5,1,649,1,1,1,4470,30934,1341.58,57.9922,1.72719,1238.16,260492,532.099,34.8035,1.51171,495.587,157.489,23.1887,0.0718272,134.228,689.588,0,0,0
1200,5,1,650,1,1,1,4377.17,18696.8,570.015,46.3844,0.517824,476.852,10227.7,99.0805,23.1957,0.267264,75.6175,161.944,23.1887,0.106906,138.648,261.024,0,0,0
1200,5,1,651,1,1,1,4375.14,18899.3,650.806,46.3844,0.482746,557.912,8993.79,168.466,23.1957,0.267264,145.003,155.569,23.1887,0.0718272,132.308,324.035,0,0,0
1200,5,1,652,1,1,1,4329.74,18678.9,585.102,46.3844,0.482746,492.017,9941.73,146.65,23.1957,0.267264,123.187,104.487,23.1887,0.0718272,81.2268,251.137,0,0,0
1200,5,1,653,1,1,1,4378.29,18736.3,608.392,46.3844,0.482746,515.375,9585.05,152.012,23.1957,0.267264,128.549,130.265,23.1887,0.0718272,107.005,282.277,0,0,0
1200,5,1,654,1,1,1,4321.67,18638.2,527.894,46.3844,0.482746,434.643,10918.3,143.482,23.1957,0.267264,120.019,89.6771,23.1887,0.0718272,66.4166,233.159,0,0,0
1200,5,1,655,1,0,0,-1,-1,1276.84,23.1957,0.497779,1208.31,259856,-1,-1,-1,-1,-1,-1,-1,-1,-1,0,0,0
1200,5,1,656,1,1,1,4317.58,30641.4,648.077,57.9922,1.1058,543.263,20982.7,443.472,34.8035,0.890323,407.347,44.3424,23.1887,0.0718272,21.0819,487.815,0,0,0
1200,5,1,657,1,1,1,4325.51,18646.4,558.46,46.3844,0.482746,465.297,10383,95.608,23.1957,0.267264,72.1451,158.016,23.1887,0.0718272,134.755,253.624,0,0,0
1200,5,1,658,1,1,1,4315.66,36649.8,587.268,63.7961,1.26449,476.474,28171.4,486.26,40.6075,1.04901,443.47,23.9445,23.1887,0.0718272,0.684019,510.204,0,0,0
1200,5,1,659,1,1,1,4327.5,18709.7,469.403,46.3844,0.482746,375.981,12029.9,155.582,23.1957,0.267264,132.119,80.7416,23.1887,0.0718272,57.4811,236.323,0,0,0
1200,5,1,660,1,1,1,4332.42,18690.4,624.957,46.3844,0.552902,531.918,9244.03,120.79,23.1957,0.337421,97.2571,163.73,23.1887,0.0718272,140.469,284.52,0,0,0
1200,5,1,661,1,1,1,4316.94,30751.9,1001.04,57.9922,1.44156,896.917,14815.4,543.959,34.8035,1.22607,507.771,130.81,23.1887,0.0718272,107.55,674.769,0,0,0
1200,5,1,662,1,1,1,4361.09,18692.3,533.721,46.3844,0.552902,440.416,10868.3,94.6152,23.1957,0.337421,71.082,154.811,23.1887,0.0718272,131.55,249.426,0,0,0
1200,5,1,663,1,0,0,-1,-1,763.434,23.1957,0.267264,693.635,252014,-1,-1,-1,-1,-1,-1,-1,-1,-1,0,0,0
1200,5,1,664,1,1,1,4317.26,18680.9,533.225,46.3844,0.783418,439.689,10865.1,143.541,23.1957,0.567936,119.777,91.0199,23.1887,0.0718272,67.7594,234.561,0,0,0
1200,5,1,665,1,1,2,10317,24780,691.787,69.5741,0.589651,576.352,14544.7,144.85,23.1957,0.337421,121.317,212.976,46.3784,0.108576,166.489,357.826,1,0,0
1200,5,1,666,1,1,1,4350.36,18665.7,490.042,46.3844,0.482746,396.681,11618.9,89.5583,23.1957,0.267264,66.0954,145.597,23.1887,0.0718272,122.337,235.155,0,0,0
1200,5,1,667,1,1,1,4374.44,18710,544.77,46.3844,0.552902,451.498,10689.5,96.0175,23.1957,0.337421,72.4844,159.171,23.1887,0.0718272,135.91,255.188,0,0,0
1200,5,1,668,1,1,1,4315.44,18629.3,469.293,46.3844,0.482746,375.871,11951.5,86.3512,23.1957,0.267264,62.8883,143.103,23.1887,0.0718272,119.842,229.454,0,0,0
1200,5,1,669,1,1,1,4347.04,18664.9,435.724,46.3844,0.482746,342.205,12584,80.9964,23.1957,0.267264,57.5334,131.971,23.1887,0.0718272,108.71,212.967,0,0,0
1200,5,1,670,1,1,1,4407.99,18755.7,639.512,46.3844,0.482746,546.585,9051.01,127.221,23.1957,0.267264,103.758,164.858,23.1887,0.0718272,141.597,292.079,0,0,0
1200,5,1,671,1,1,1,4316.62,24633.8,406.02,52.1883,0.536198,306.717,19180.8,228.358,28.9996,0.320717,198.806,31.7268,23.1887,0.0718272,8.46632,260.085,0,0,0
1200,5,1,672,1,0,0,-1,-1,972.455,23.1957,0.372499,903.158,254953,-1,-1,-1,-1,-1,-1,-1,-1,-1,0,0,0
1200,5,1,673,1,1,1,4359.01,24801.6,769.127,52.1883,1.08743,670.328,12890.5,332.787,28.9996,0.871949,302.916,101.899,23.1887,0.0718272,78.6387,434.687,0,0,0
1200,5,1,674,1,1,2,10320.3,24711.3,708.261,69.5741,0.714931,592.749,14183.1,151.182,23.1957,0.462701,127.524,224.045,46.3784,0.108576,177.558,375.227,1,0,0
1200,5,1,675,1,1,1,4317.58,18652.2,472.077,46.3844,0.482746,378.663,11924.8,154.12,23.1957,0.267264,130.657,81.5664,23.1887,0.0718272,58.3059,235.686,0,0,0
1200,5,1,676,1,1,1,4315.66,18667.7,472.429,46.3844,0.482746,379.017,11934.1,154.612,23.1957,0.267264,131.149,81.7396,23.1887,0.0718272,58.4791,236.352,0,0,0
1200,5,1,677,1,1,1,4318.57,18822.1,464.483,46.3844,0.482746,371.047,12229.8,160.384,23.1957,0.267264,136.921,82.1872,23.1887,0.0718272,58.9267,242.571,0,0,0
1200,5,1,678,1,1,1,4316.94,18637.5,506.099,46.3844,0.482746,412.785,11305.2,94.915,23.1957,0.267264,71.452,143.565,23.1887,0.0718272,120.304,238.48,0,0,0
1200,5,1,679,1,1,1,4346.06,24700.2,715.538,52.1883,0.83687,616.834,13742,319.342,28.9996,0.551232,289.791,93.9507,23.1887,0.141984,70.62,413.293,0,0,0
1200,5,1,680,1,1,1,4319.82,18656.3,546.35,46.3844,0.482746,453.153,10608.3,136.487,23.1957,0.267264,113.024,94.4779,23.1887,0.0718272,71.2174,230.965,0,0,0
1200,5,1,681,1,1,1,4316.62,30813.2,833.002,57.9922,1.0156,728.816,17865.9,511.904,34.8035,0.800122,476.039,81.5628,23.1887,0.0718272,58.3023,593.467,0,0,0
1200,5,1,682,1,1,1,4321.83,18739.4,522.395,46.3844,0.517824,429.093,11117,153.391,23.1957,0.302342,129.893,85.7463,23.1887,0.0718272,62.4858,239.138,0,0,0
1200,5,1,683,1,1,1,4351.58,24823.4,609.668,52.1883,0.766714,510.726,15748.4,328.302,28.9996,0.516154,298.786,73.0774,23.1887,0.106906,49.7818,401.38,0,0,0
1200,5,1,684,1,0,0,-1,-1,940.101,28.9996,0.481075,864.958,254440,-1,-1,-1,-1,-1,-1,-1,-1,-1,0,0,0
1200,5,1,685,1,1,2,10334.9,24650.7,608.618,69.5741,0.698227,492.833,15894.2,73.2033,23.1957,0.267264,49.7403,321.263,46.3784,0.143654,274.741,394.466,1,0,0
1200,5,1,686,1,1,1,4341.44,18680,609.261,46.3844,0.482746,516.247,9513.23,153.228,23.1957,0.267264,129.765,129.641,23.1887,0.0718272,106.38,282.869,0,0,0
1200,5,1,687,1,1,1,4398.74,18732.9,495.88,46.3844,0.768384,402.25,11580.8,92.5172,23.1957,0.302342,69.0192,144.031,23.1887,0.178733,120.664,236.548,0,0,0
1200,5,1,688,1,1,1,4328.21,18659.3,523.921,46.3844,0.482746,430.658,11010.1,148.003,23.1957,0.267264,124.54,88.1034,23.1887,0.0718272,64.8429,236.107,0,0,0
1200,5,1,689,1,1,1,4316.62,18738.3,363.651,46.3844,0.552902,269.852,13938.6,117.437,23.1957,0.337421,93.9037,53.0848,23.1887,0.0718272,29.8243,170.522,0,0,0
1200,5,1,690,1,1,2,10358.5,24692.4,703.707,69.5741,0.698227,588.199,14245,90.4445,23.1957,0.267264,66.9815,359.503,46.3784,0.287309,312.837,449.947,1,0,0
1200,5,1,691,1,1,1,4337.04,18758.9,604.968,46.3844,0.517824,511.906,9668.29,153.317,23.1957,0.302342,129.819,122.335,23.1887,0.0718272,99.0745,275.652,0,0,0
1200,5,1,692,1,0,0,-1,-1,960.084,23.1957,0.337421,890.786,254818,-1,-1,-1,-1,-1,-1,-1,-1,-1,0,0,0
1200,5,1,693,1,1,1,4384.35,18738.4,636.976,46.3844,0.552902,543.972,9078.38,126.847,23.1957,0.267264,103.384,164.713,23.1887,0.141984,141.383,291.561,0,0,0
1200,5,1,694,1,1,1,4321.02,18646.6,546.951,46.3844,0.482746,453.756,10587.8,136.546,23.1957,0.267264,113.083,95.0067,23.1887,0.0718272,71.7462,231.553,0,0,0
1200,5,1,695,1,1,1,4323.08,18673.8,469.099,46.3844,0.678182,375.481,11999,86.8589,23.1957,0.462701,63.2005,143.132,23.1887,0.0718272,119.871,229.991,0,0,0
1200,5,1,696,1,0,0,-1,-1,759.517,23.1957,0.302342,689.672,251967,-1,-1,-1,-1,-1,-1,-1,-1,-1,0,0,0
1200,5,1,697,1,1,1,4349.51,18663,440.108,46.3844,0.517824,346.567,12503.9,80.8195,23.1957,0.267264,57.3565,132.76,23.1887,0.106906,109.465,213.58,0,0,0
1200,5,1,698,1,1,1,4316.94,18675.1,370.522,46.3844,0.482746,276.813,13753.6,121.025,23.1957,0.267264,97.5621,55.3787,23.1887,0.0718272,32.1182,176.404,0,0,0
1200,5,1,699,1,0,0,-1,-1,1445.72,23.1957,0.267264,1377.91,265051,-1,-1,-1,-1,-1,-1,-1,-1,-1,0,0,0
1200,5,1,700,1,1,1,4322.57,24881.6,843.632,52.1883,1.22774,744.91,11644.7,364.238,28.9996,0.977184,334.262,151.974,23.1887,0.106906,128.679,516.213,0,0,0
1200,5,1,701,1,1,2,4382.03,18703.5,454.218,69.5741,0.733306,337.949,12685.6,80.9188,23.1957,0.267264,57.4558,155.346,46.3784,0.322387,108.645,236.265,1,0,0
1200,5,1,702,1,1,1,4369.61,18715.9,545.465,46.3844,0.482746,452.265,10683.6,97.2197,23.1957,0.267264,73.7568,158.96,23.1887,0.0718272,135.699,256.18,0,0,0
1200,5,1,703,1,1,1,4333.48,18690.1,431.371,46.3844,0.482746,337.839,12686.6,150.189,23.1957,0.267264,126.726,70.5842,23.1887,0.0718272,47.3237,220.773,0,0,0
1200,5,1,704,1,1,1,4324.1,24672.2,777.369,52.1883,0.731635,678.95,12615.3,339.032,28.9996,0.516154,309.516,105.18,23.1887,0.0718272,81.9199,444.212,0,0,0
1200,5,1,705,1,1,1,4456.19,18786,649.506,46.3844,0.696557,556.395,8902.75,136.326,23.1957,0.267264,112.863,164.367,23.1887,0.141984,141.036,300.693,0,0,0
1200,5,1,706,1,1,1,4340.98,18739.1,366.933,46.3844,0.482746,273.214,13881.4,119.233,23.1957,0.267264,95.7699,54.498,23.1887,0.0718272,31.2375,173.731,0,0,0
1200,5,1,707,1,1,1,4346.35,18667.1,551.414,46.3844,0.731635,457.982,10527.9,95.1783,23.1957,0.337421,71.6451,158.688,23.1887,0.106906,135.392,253.866,0,0,0
1200,5,1,708,1,1,1,4336.5,18802.8,655.604,46.3844,0.482746,562.724,8811.97,166.751,23.1957,0.267264,143.288,138.981,23.1887,0.0718272,115.72,305.732,0,0,0
1200,5,1,709,1,1,1,4499.73,25070.8,849.944,52.1991,0.963821,751.493,11722.4,362.755,29.0104,0.49945,333.245,158.977,23.1887,0.177062,135.611,521.732,0,0,0
1200,5,1,710,1,1,1,4321.22,18782.8,388.219,46.3844,0.482746,294.561,13546.6,132.132,23.1957,0.267264,108.669,57.7881,23.1887,0.0718272,34.5276,189.92,0,0,0
1200,5,1,711,1,0,0,-1,-1,1521.26,23.1957,0.267264,1453.66,268324,-1,-1,-1,-1,-1,-1,-1,-1,-1,0,0,0
1200,5,1,712,1,1,1,4317.06,18635.3,569.057,46.3844,0.482746,475.926,10183.4,139.892,23.1957,0.267264,116.429,98.555,23.1887,0.0718272,75.2945,238.447,0,0,0
1200,5,1,713,1,1,1,4341.27,30709.1,978.565,57.9922,0.75001,875.068,15174.4,538.207,34.8035,0.534528,502.705,105.635,23.1887,0.0718272,82.3747,643.842,0,0,0
1200,5,1,714,1,1,1,4329.96,18696.1,644.88,46.3844,0.482746,551.969,8895.94,165.941,23.1957,0.267264,142.478,150.454,23.1887,0.0718272,127.193,316.395,0,0,0
1200,5,1,715,0,0,0,-1,-1,766.151,23.206,0.551232,696.066,252046,-1,-1,-1,-1,-1,-1,-1,-1,-1,0,0,0
1200,5,1,716,1,1,1,4320.14,18700.4,449.242,46.3844,0.482746,355.762,12379.1,154.203,23.1957,0.267264,130.74,78.3466,23.1887,0.0718272,55.0861,232.549,0,0,0
1200,5,1,717,1,1,1,4334.27,18727.1,660.92,46.3844,0.482746,568.055,8641.8,156.047,23.1957,0.267264,132.584,146.546,23.1887,0.0718272,123.286,302.594,0,0,0
1200,5,1,718,1,1,1,4325.51,18639,528.331,46.3844,0.482746,435.081,10911.4,93.8682,23.1957,0.267264,70.4052,151.643,23.1887,0.0718272,128.383,245.511,0,0,0
1200,5,1,719,1,1,1,4344.01,18695.9,527.072,46.3844,0.482746,433.818,10990.7,95.7254,23.1957,0.267264,72.2624,152.134,23.1887,0.0718272,128.874,247.859,0,0,0
1200,5,1,720,1,1,1,4333.4,24706.9,748.728,52.1883,0.766714,650.19,13159.1,323.118,28.9996,0.551232,293.567,102.305,23.1887,0.0718272,79.0448,425.423,0,0,0
1200,5,1,721,0,0,0,-1,-1,1557.24,34.8041,0.569606,1478.15,269719,-1,-1,-1,-1,-1,-1,-1,-1,-1,0,0,0
1200,5,1,722,0,0,0,-1,-1,1276.68,29.0099,1.56182,1201.43,259709,-1,-1,-1,-1,-1,-1,-1,-1,-1,0,0,0
1200,5,1,723,1,1,1,4337.41,18672.9,661.499,46.3844,0.482746,568.637,8577.29,142.762,23.1957,0.267264,119.299,151.732,23.1887,0.0718272,128.471,294.494,0,0,0
1200,5,1,724,1,1,1,4422.17,18750.2,648.858,46.3844,0.517824,555.924,8879.06,135.668,23.1957,0.302342,112.17,163.936,23.1887,0.0718272,140.675,299.604,0,0,0
1200,5,1,725,1,1,1,4322.89,18647.7,531.641,46.3844,0.482746,438.4,10861.3,94.1985,23.1957,0.267264,70.7355,153.168,23.1887,0.0718272,129.908,247.367,0,0,0
1200,5,1,726,1,1,2,10346.5,24661.3,667.694,69.5741,1.23777,551.541,14853,87.8185,23.1957,0.267264,64.3556,346.861,46.3784,0.683194,299.799,434.679,1,0,0
1200,5,1,727,1,1,3,16327.3,30652.6,935.913,92.7639,0.591322,798.633,16476,93.2175,23.1957,0.302342,69.7194,571.233,69.5682,0.145325,501.52,664.451,2,0,0
1200,5,1,728,1,1,1,4320.9,18639.2,451.479,46.3844,0.482746,358.006,12278.1,85.4308,23.1957,0.267264,61.9678,135.651,23.1887,0.0718272,112.39,221.082,0,0,0
1200,5,1,729,1,1,2,10350.4,24670.1,842.821,69.5741,0.806803,727.609,11748.9,143.293,23.1957,0.267264,119.83,340.583,46.3784,0.395885,293.809,483.876,1,0,0
1200,5,1,730,1,0,0,-1,-1,1305.19,23.1957,0.267264,1236.97,260428,-1,-1,-1,-1,-1,-1,-1,-1,-1,0,0,0
1200,5,1,731,1,1,1,4329.74,18779.1,615.725,46.3844,0.482746,522.73,9497.44,156.941,23.1957,0.267264,133.478,131.316,23.1887,0.0718272,108.055,288.256,0,0,0
1200,5,1,732,1,1,1,4351.94,18666.7,569.915,46.3844,0.517824,476.751,10199.4,98.8657,23.1957,0.267264,75.4027,160.731,23.1887,0.106906,137.436,259.597,0,0,0
1200,5,1,733,1,1,1,4320.14,18710,374.145,46.3844,0.678182,280.251,13723.7,123.005,23.1957,0.462701,99.347,56.5518,23.1887,0.0718272,33.2913,179.557,0,0,0
1200,5,1,734,1,1,1,4344.52,18704.2,482.583,46.3844,0.482746,389.2,11790.1,153.32,23.1957,0.267264,129.857,82.0248,23.1887,0.0718272,58.7643,235.345,0,0,0
1200,5,1,735,1,1,1,4321.04,18640.8,433.787,46.3844,0.482746,340.263,12594.4,80.6914,23.1957,0.267264,57.2284,131.215,23.1887,0.0718272,107.954,211.906,0,0,0
1200,5,1,736,1,1,1,4387.66,18749.2,646.041,46.3844,0.482746,553.133,8928.39,166.353,23.1957,0.267264,142.89,153.253,23.1887,0.0718272,129.993,319.606,0,0,0
1200,5,1,737,1,1,1,4355.68,18737.3,658.88,46.3844,0.517824,565.974,8688.05,160.062,23.1957,0.302342,136.564,140.912,23.1887,0.0718272,117.651,300.974,0,0,0
1200,5,1,738,1,0,0,-1,-1,1265.61,23.1957,0.462701,1197.08,259565,-1,-1,-1,-1,-1,-1,-1,-1,-1,0,0,0
1200,5,1,739,1,1,2,10355,24682.4,835.252,69.5849,0.537869,720.276,11896.5,126.837,23.2065,0.285638,103.345,365.22,46.3784,0.108576,318.733,492.057,1,0,0
1200,5,1,740,1,1,1,4357.03,18675.3,469.396,46.3844,0.696557,375.761,11994.7,85.8675,23.1957,0.267264,62.4046,141.421,23.1887,0.141984,118.09,227.288,0,0,0
1200,5,1,741,1,1,1,4340.31,18767.4,646.764,46.3844,0.873619,553.467,8932.8,167.343,23.1957,0.658138,143.489,149.384,23.1887,0.0718272,126.123,316.726,0,0,0
1200,5,1,742,1,1,1,4337.86,18862.3,639.309,46.3844,0.482746,546.382,9161.27,159.44,23.1957,0.267264,135.977,151.396,23.1887,0.0718272,128.135,310.836,0,0,0
1200,5,1,743,1,1,1,4325.77,18644.1,462.931,46.3844,0.482746,369.491,12079.4,86.7555,23.1957,0.267264,63.2925,140.65,23.1887,0.0718272,117.39,227.406,0,0,0
1200,5,1,744,1,1,1,4380.63,18773.7,577.563,46.3844,0.517824,484.421,10170.4,140.435,23.1957,0.302342,116.937,101.959,23.1887,0.0718272,78.6983,242.393,0,0,0
1200,5,1,745,1,1,1,4329.93,18805.2,657.222,46.3844,0.678182,564.152,8785.1,167.979,23.1957,0.462701,144.321,138.163,23.1887,0.0718272,114.903,306.142,0,0,0
1200,5,1,746,1,1,1,4319.75,24661.1,700.398,52.1883,0.766714,601.72,13972.6,317.72,28.9996,0.551232,288.169,90.1626,23.1887,0.0718272,66.9021,407.882,0,0,0
1200,5,1,747,1,1,1,4316.62,18717.3,645.586,46.3844,0.482746,552.677,8904.66,165.993,23.1957,0.267264,142.53,149.124,23.1887,0.0718272,125.863,315.117,0,0,0
1200,5,1,748,1,1,1,4332.35,18672,442.888,46.3844,0.678182,349.195,12463.3,81.3687,23.1957,0.462701,57.7103,133.949,23.1887,0.0718272,110.688,215.318,0,0,0
1200,5,1,749,1,1,1,4327.88,18658.8,374.4,46.3844,0.482746,280.702,13668.3,122.377,23.1957,0.267264,98.9139,54.9636,23.1887,0.0718272,31.7031,177.34,0,0,0
1200,5,1,750,1,1,1,4350.75,18671.1,438.888,46.3844,0.6264,345.235,12533.6,81.2039,23.1957,0.267264,57.741,132.344,23.1887,0.0718272,109.084,213.548,0,0,0
1200,5,1,751,1,1,1,4324.87,18646.5,463.806,46.3844,0.482746,370.368,12066.3,87.5839,23.1957,0.267264,64.1209,140.336,23.1887,0.0718272,117.076,227.92,0,0,0
1200,5,1,752,1,1,2,10325.1,24694.8,846.704,69.5741,0.75001,731.559,11704.6,145.935,23.1957,0.462701,122.277,336.84,46.3784,0.143654,290.318,482.776,1,0,0
1200,5,1,753,1,1,1,4357.33,18724,655.032,46.3952,0.788429,561.834,8742.56,161.336,23.2065,0.285638,137.843,135.219,23.1887,0.0718272,111.959,296.555,0,0,0
1200,5,1,754,1,1,1,4318.86,24635,447.921,52.1883,0.696557,348.579,18436.6,254.534,28.9996,0.481075,224.898,38.8883,23.1887,0.0718272,15.6278,293.422,0,0,0
1200,5,1,755,1,1,1,4330.06,18692.9,642.163,46.3844,0.482746,549.244,8941.11,133.301,23.1957,0.267264,109.838,162.611,23.1887,0.0718272,139.35,295.912,0,0,0
1200,5,1,756,1,1,1,4372.75,18711.9,527.57,46.3844,0.482746,434.318,10997.8,94.4259,23.1957,0.267264,70.9629,153.174,23.1887,0.0718272,129.913,247.6,0,0,0
1200,5,1,757,1,1,1,4360.16,18674.6,549.797,46.3844,0.482746,456.609,10565.3,94.5468,23.1957,0.267264,71.0839,159.12,23.1887,0.0718272,135.86,253.667,0,0,0
1200,5,1,758,1,1,1,4346.41,18674.7,407.998,46.3844,0.678182,314.203,13086.3,69.9172,23.1957,0.462701,46.2588,127.332,23.1887,0.0718272,104.072,197.25,0,0,0
1200,5,1,759,1,1,1,4317.83,18737.3,443.448,46.3844,0.783418,349.651,12517.8,152.43,23.1957,0.567936,128.666,76.5256,23.1887,0.0718272,53.2651,228.955,0,0,0
1200,5,1,760,1,1,1,4323.46,24692.5,746.262,52.1883,0.766714,647.717,13188.5,323.029,28.9996,0.551232,293.479,100.665,23.1887,0.0718272,77.4043,423.694,0,0,0
1200,5,1,761,1,1,2,10333.3,24655.1,740.004,69.5741,0.663149,624.636,13562.5,95.4402,23.1957,0.267264,71.9772,368.015,46.3784,0.25223,321.384,463.455,1,0,0
1200,5,1,762,1,1,1,4375.53,18742.2,509.36,46.3844,0.908698,415.629,11350.8,95.3012,23.1957,0.693216,71.4123,145.011,23.1887,0.0718272,121.75,240.312,0,0,0
1200,5,1,763,1,1,1,4329.99,18704.2,607.433,46.3844,0.658138,514.238,9568.74,153.841,23.1957,0.337421,130.308,128.975,23.1887,0.177062,105.61,282.817,0,0,0
1200,5,1,764,1,1,1,4330.27,18713.3,382.263,46.3844,0.517824,288.553,13582.8,127.13,23.1957,0.302342,103.632,57.5553,23.1887,0.0718272,34.2948,184.685,0,0,0
1200,5,1,765,1,1,1,4331.72,18649.1,371.53,46.3844,0.517824,277.789,13709.4,120.583,23.1957,0.267264,97.1199,56.6014,23.1887,0.106906,33.3058,177.184,0,0,0
1200,5,1,766,1,1,1,4331.57,30743.6,864.563,57.9922,1.17596,760.308,17234.9,512.444,34.8035,0.96048,476.435,84.2393,23.1887,0.0718272,60.9788,596.683,0,0,0
1200,5,1,767,1,1,1,4315.98,18642.6,441.812,46.3844,0.482746,348.31,12453.5,81.6533,23.1957,0.267264,58.1904,133.149,23.1887,0.0718272,109.889,214.803,0,0,0
1200,5,1,768,1,1,1,4325.12,18648.8,574.519,46.3844,0.482746,481.403,10099.9,100.934,23.1957,0.267264,77.471,160.927,23.1887,0.0718272,137.667,261.861,0,0,0
1200,5,1,769,1,1,1,4361.28,18725.3,648.739,46.3844,0.661478,555.66,8855.92,137.202,23.1957,0.302342,113.704,160.001,23.1887,0.0718272,136.741,297.203,0,0,0
1200,5,1,770,1,1,1,4325.36,18637.9,447.768,46.3844,0.482746,354.284,12342.9,84.1548,23.1957,0.267264,60.6918,135.503,23.1887,0.0718272,112.242,219.658,0,0,0
1200,5,1,771,1,1,1,4316.3,18699,443.569,46.3844,0.517824,350.037,12478.4,151.242,23.1957,0.302342,127.744,77.2872,23.1887,0.0718272,54.0267,228.529,0,0,0
1200,5,1,772,1,0,0,-1,-1,947.757,23.1957,0.267264,878.494,254673,-1,-1,-1,-1,-1,-1,-1,-1,-1,0,0,0
1200,5,1,773,1,1,1,4328.01,18800.4,437.989,46.3844,0.536198,344.423,12678.8,156.117,23.1957,0.302342,132.619,72.7827,23.1887,0.0902016,49.5039,228.899,0,0,0
1200,5,1,774,1,1,1,4337.67,18796.5,619.397,46.3844,0.517824,526.377,9449.31,157.06,23.1957,0.302342,133.562,134.606,23.1887,0.0718272,111.345,291.666,0,0,0
1200,5,1,775,1,1,1,4475.64,18816.2,662.538,46.3844,0.482746,569.678,8702.13,141.342,23.1957,0.267264,117.879,156.901,23.1887,0.0718272,133.64,298.242,0,0,0
1200,5,1,776,1,1,1,4379.05,18698.8,641.665,46.3844,0.6264,548.601,8955.46,129.726,23.1957,0.267264,106.263,163.798,23.1887,0.0718272,140.538,293.524,0,0,0
1200,5,1,777,1,1,1,4335.82,18668,499.2,46.3844,0.482746,405.865,11458.3,150.261,23.1957,0.267264,126.798,81.7866,23.1887,0.0718272,58.5261,232.048,0,0,0
1200,5,1,778,1,1,1,4328.49,18716.5,651.708,46.3952,0.788429,558.501,8798.36,164.617,23.2065,0.285638,141.125,141.248,23.1887,0.0718272,117.987,305.864,0,0,0
1200,5,1,779,1,1,2,10393,30741.5,833.611,75.3781,0.733306,712.8,18084.2,186.123,28.9996,0.481075,156.283,370.2,46.3784,0.108576,323.713,556.323,1,0,0
1200,5,1,780,1,0,0,-1,-1,1264.74,23.1957,0.337421,1196.33,259552,-1,-1,-1,-1,-1,-1,-1,-1,-1,0,0,0
1200,5,1,781,1,1,1,4340.74,18680.9,530.714,46.3844,0.661478,437.292,10910.2,94.1181,23.1957,0.302342,70.62,153.497,23.1887,0.0718272,130.236,247.615,0,0,0
1200,5,1,782,0,0,0,-1,-1,970.806,23.206,1.2979,900.57,254926,-1,-1,-1,-1,-1,-1,-1,-1,-1,0,0,0
1200,5,1,783,1,1,1,4337.51,24909.7,693.453,52.1883,0.96215,594.559,14344.3,328.571,28.9996,0.746669,298.824,85.259,23.1887,0.0718272,61.9985,413.83,0,0,0
1200,5,1,784,1,0,0,-1,-1,876.998,23.1957,0.267264,807.529,253697,-1,-1,-1,-1,-1,-1,-1,-1,-1,0,0,0
1200,5,1,785,1,1,1,4356.2,18669.3,1607.88,46.3844,0.661478,1517.59,272002,82.1496,23.1957,0.267264,58.6867,130.241,23.1887,0.106906,106.945,212.39,0,0,0
1200,5,1,786,1,1,1,4331.21,18660.6,577.728,46.3844,0.482746,484.621,10054.6,103.102,23.1957,0.267264,79.6386,161.34,23.1887,0.0718272,138.08,264.442,0,0,0
1200,5,1,787,1,1,1,4336.1,18658.8,511.742,46.3844,0.6264,418.3,11225.8,91.9281,23.1957,0.267264,68.4651,145.485,23.1887,0.0718272,122.225,237.413,0,0,0
1200,5,1,788,1,1,1,4338.22,18686.7,660.472,46.3844,0.661478,567.427,8608.66,141.524,23.1957,0.267264,118.061,152.517,23.1887,0.106906,129.222,294.041,0,0,0
1200,5,1,789,1,0,0,-1,-1,1125.75,23.2065,0.320717,1056.94,257065,-1,-1,-1,-1,-1,-1,-1,-1,-1,0,0,0
1200,5,1,790,1,1,1,4341.51,18665.9,478.803,46.3844,0.805133,385.087,11818,90.6853,23.1957,0.302342,67.1873,140.275,23.1887,0.0718272,117.014,230.96,0,0,0
1200,5,1,791,1,1,1,4379.2,24895.7,845.84,52.1883,0.714931,747.637,11621.1,363.881,28.9996,0.355795,334.525,155.262,23.1887,0.0718272,132.001,519.142,0,0,0
1200,5,1,792,1,1,1,4401.36,18801.4,645.973,46.3844,0.606355,552.942,8980.94,132.965,23.1957,0.337421,109.432,164.929,23.1887,0.12528,141.615,297.895,0,0,0
1200,5,1,793,1,1,2,10318.6,30763.6,880.501,75.3889,0.696557,759.853,17272,334.368,29.0104,0.444326,304.914,212.554,46.3784,0.108576,166.067,546.922,1,0,0
1200,5,1,794,1,1,1,4321.49,18662,634.846,46.3844,0.482746,541.906,9040.33,127.582,23.1957,0.267264,104.119,162.947,23.1887,0.0718272,139.686,290.528,0,0,0
1200,5,1,795,1,0,0,-1,-1,444.049,23.1957,0.302342,373.287,246365,-1,-1,-1,-1,-1,-1,-1,-1,-1,0,0,0
1200,5,1,796,1,1,1,4341.13,18711,658.411,46.3844,0.482746,565.539,8670.29,155.351,23.1957,0.267264,131.888,144.783,23.1887,0.0718272,121.523,300.134,0,0,0
1200,5,1,797,1,1,1,4327.24,24765.5,802.894,52.1883,0.891994,704.388,12254.5,287.087,28.9996,0.676512,257.33,151.964,23.1887,0.0718272,128.704,439.051,0,0,0
1200,5,1,798,1,1,2,10424.2,24756.6,726.887,69.5741,0.663149,611.481,13897.3,93.2365,23.1957,0.267264,69.7736,363.616,46.3784,0.108576,317.129,456.852,1,0,0
1200,5,1,799,1,1,1,4490.74,18876.6,624.779,46.3844,0.482746,531.81,9433.88,154.387,23.1957,0.267264,130.924,143.096,23.1887,0.0718272,119.835,297.482,0,0,0
1200,5,1,800,1,1,1,4517.28,18875.5,595.781,46.3844,0.821837,502.388,9947.59,111.101,23.1957,0.462701,87.4426,168.04,23.1887,0.0718272,144.779,279.141,0,0,0
1200,5,1,801,1,1,2,10336.1,24654.4,667.443,69.5741,0.806803,551.72,14851.7,87.6435,23.1957,0.267264,64.1805,346.422,46.3784,0.25223,299.792,434.066,1,0,0
1200,5,1,802,1,1,1,4326.15,24694.8,694.387,52.1883,0.96215,595.496,14112.8,323.167,28.9996,0.746669,293.421,85.5261,23.1887,0.0718272,62.2656,408.693,0,0,0
1200,5,1,803,1,1,1,4344.81,18671.7,646.523,46.3844,0.482746,553.617,8842.35,135.797,23.1957,0.267264,112.334,158.525,23.1887,0.0718272,135.264,294.322,0,0,0
1200,5,1,804,1,0,0,-1,-1,1113.16,23.1957,0.267264,1044.37,256890,-1,-1,-1,-1,-1,-1,-1,-1,-1,0,0,0
1200,5,1,805,1,1,1,4394.21,18737.5,598.041,46.3844,0.552902,504.923,9769.79,148.664,23.1957,0.337421,125.13,118.377,23.1887,0.0718272,95.1166,267.041,0,0,0
1200,5,1,806,1,1,1,4365.58,18727.9,658.107,46.3844,1.16093,564.556,8690.86,159.752,23.1957,0.658138,135.898,137.851,23.1887,0.0718272,114.59,297.603,0,0,0
1200,5,1,807,1,1,1,4349.8,18664.8,577.058,46.3844,0.482746,483.95,10070.7,102.315,23.1957,0.267264,78.8517,161.959,23.1887,0.0718272,138.699,264.274,0,0,0
1200,5,1,808,1,1,1,4316.62,18784.9,479.989,46.3844,0.482746,386.599,11916.8,156.352,23.1957,0.267264,132.889,81.9941,23.1887,0.0718272,58.7336,238.346,0,0,0
1200,5,1,809,1,1,2,10354.1,24708.3,841.962,69.5741,0.663149,726.89,11802.7,162.884,23.1957,0.267264,139.421,344.001,46.3784,0.108576,297.514,506.885,1,0,0
1200,5,1,810,1,1,1,4317.02,18632.8,536.523,46.3844,0.482746,443.297,10759.5,96.2758,23.1957,0.267264,72.8129,154.585,23.1887,0.0718272,131.324,250.861,0,0,0
1200,5,1,811,1,1,1,4343.08,18849.2,648.996,46.3844,0.482746,556.097,8975.89,168.087,23.1957,0.267264,144.624,153.513,23.1887,0.0718272,130.252,321.6,0,0,0
1200,5,1,812,1,1,1,4320.33,18814.4,464.095,46.3844,0.517824,370.623,12228.8,160.147,23.1957,0.302342,136.649,82.3045,23.1887,0.0718272,59.044,242.451,0,0,0
1200,5,1,813,1,1,1,4319.28,18662.5,538.393,46.3844,0.482746,445.172,10755.9,139.154,23.1957,0.267264,115.691,92.4583,23.1887,0.0718272,69.1978,231.613,0,0,0
1200,5,1,814,1,1,2,10337.1,24656.9,727.364,69.5741,0.519494,612.103,13789.5,151.936,23.1957,0.267264,128.473,251.456,46.3784,0.108576,204.969,403.392,1,0,0
1200,5,1,815,1,1,1,4350.76,18666.3,617.238,46.3844,0.517824,524.211,9357.51,117.21,23.1957,0.302342,93.7124,163.576,23.1887,0.0718272,140.316,280.787,0,0,0
1200,5,1,816,1,1,2,10470,24805.7,836.111,46.3844,0.536198,743.702,11604.6,158.989,23.1957,0.267264,135.526,318.721,23.1887,0.12528,295.256,477.71,0,0,0
1200,5,1,817,1,0,0,-1,-1,1240.77,23.1957,0.267264,1172.36,259197,-1,-1,-1,-1,-1,-1,-1,-1,-1,0,0,0
1200,5,1,818,1,1,1,4321.88,18676.5,513.271,46.3844,0.482746,419.977,11216.6,148.315,23.1957,0.267264,124.852,82.9362,23.1887,0.0718272,59.6757,231.252,0,0,0
1200,5,1,819,1,1,1,4329.35,24815.8,834.96,52.1883,1.12251,736.317,11733.9,346.779,28.9996,0.907027,316.872,138.096,23.1887,0.0718272,114.836,484.875,0,0,0
1200,5,1,820,1,1,2,10352.9,30769.8,1027.64,75.3781,0.87696,907.253,14661.8,344.722,28.9996,0.481075,315.241,342.14,46.3784,0.108576,295.653,686.862,1,0,0
1200,5,1,821,1,1,1,4477.68,24957.3,846.595,52.1883,0.766714,748.342,11669.2,362.88,28.9996,0.516154,333.365,157.988,23.1887,0.106906,134.692,520.868,0,0,0
1200,5,1,822,1,1,1,4344.67,18940.3,638.321,46.3844,0.678182,545.196,9256.35,161.735,23.1957,0.462701,138.076,149.755,23.1887,0.0718272,126.495,311.49,0,0,0
1200,5,1,823,1,1,1,4333.83,18770,390.356,46.3844,0.552902,296.635,13495.3,132.218,23.1957,0.337421,108.685,58.7248,23.1887,0.0718272,35.4643,190.943,0,0,0
1200,5,1,824,1,0,0,-1,-1,1484.22,23.1957,0.267264,1416.52,266590,-1,-1,-1,-1,-1,-1,-1,-1,-1,0,0,0
1200,5,1,825,1,1,1,4352.3,18751.5,591.088,46.3844,0.856915,497.647,9906.81,148.687,23.1957,0.497779,124.993,107.393,23.1887,0.0718272,84.1326,256.08,0,0,0
1200,5,1,826,1,1,1,4330.12,18658,535.416,46.3844,0.482746,442.187,10804.4,138.685,23.1957,0.267264,115.222,93.4492,23.1887,0.0718272,70.1887,232.134,0,0,0
1200,5,1,827,1,1,1,4317.9,18803.2,630.487,46.3844,0.482746,537.534,9258.99,158.032,23.1957,0.267264,134.569,147.203,23.1887,0.0718272,123.943,305.236,0,0,0
1200,5,1,828,1,0,0,-1,-1,1168.22,23.2065,0.390874,1099.46,257766,-1,-1,-1,-1,-1,-1,-1,-1,-1,0,0,0
1200,5,1,829,1,1,2,10328.3,24650.1,838.503,69.5741,0.663149,723.422,11806,136.927,23.1957,0.267264,113.464,346.049,46.3784,0.25223,299.418,482.976,1,0,0
1200,5,1,830,1,1,1,4323.14,18642.2,469.086,46.3844,0.482746,375.664,11968.1,85.6167,23.1957,0.267264,62.1537,141.155,23.1887,0.0718272,117.895,226.772,0,0,0
1200,5,1,831,1,1,1,4388.69,18716.8,660.968,46.3844,0.482746,568.104,8630.6,140.555,23.1957,0.267264,117.092,154.437,23.1887,0.0718272,131.176,294.992,0,0,0
1200,5,1,832,1,1,1,4326.84,18767.8,403.038,46.3844,0.482746,309.424,13268.1,137.398,23.1957,0.267264,113.935,61.9644,23.1887,0.0718272,38.7039,199.363,0,0,0
1200,5,1,833,1,1,1,4322.06,18837.1,439.254,46.3844,0.873619,345.354,12692.5,156.974,23.1957,0.658138,133.12,73.4881,23.1887,0.0718272,50.2276,230.462,0,0,0
1200,5,1,834,1,1,1,4321.22,24785.8,550.728,52.1883,0.997229,451.384,16758.1,305.499,28.9996,0.781747,275.687,52.8484,23.1887,0.0718272,29.5879,358.348,0,0,0
1200,5,1,835,1,1,1,4348.62,18696.8,570.592,46.3844,0.6264,477.321,10217.2,140.905,23.1957,0.267264,117.442,99.9501,23.1887,0.0718272,76.6896,240.855,0,0,0
1200,5,1,836,1,1,1,4319.21,18638.8,517.845,46.3844,0.482746,424.565,11097.6,93.8827,23.1957,0.267264,70.4197,149.766,23.1887,0.0718272,126.506,243.649,0,0,0
1200,5,1,837,1,1,1,4329.22,18657.2,559.05,46.3952,0.50112,465.86,10383.2,95.6336,23.2065,0.285638,72.1415,158.164,23.1887,0.0718272,134.903,253.797,0,0,0
1200,5,1,838,1,1,2,10371.1,24770.4,840.291,69.5741,1.12418,724.754,11893.1,132.882,23.1957,0.728294,108.958,360.592,46.3784,0.25223,313.961,493.473,1,0,0
1200,5,1,839,1,1,1,4316.62,30642.8,626.553,57.9922,0.785088,521.997,21367.3,434.753,34.8035,0.569606,398.922,38.4768,23.1887,0.0718272,15.2163,473.229,0,0,0
1200,5,1,840,1,1,1,4347.91,18661.8,543.515,46.3844,0.517824,450.274,10663.9,96.9562,23.1957,0.267264,73.4933,159.017,23.1887,0.106906,135.721,255.973,0,0,0
1200,5,1,841,1,1,1,4316.62,18793.9,584.762,46.3844,0.482746,491.676,10062.8,146.974,23.1957,0.267264,123.511,101.264,23.1887,0.0718272,78.0035,248.238,0,0,0
1200,5,1,842,1,1,1,4339.53,24935.6,838.217,52.1883,0.696557,740.01,11796.9,361.838,28.9996,0.481075,332.358,150.587,23.1887,0.0718272,127.327,512.426,0,0,0
1200,5,1,843,1,1,1,4333.92,18813.6,642.828,46.3844,0.517824,549.876,9049.75,162.19,23.1957,0.302342,138.692,152.255,23.1887,0.0718272,128.994,314.445,0,0,0
1200,5,1,844,0,0,0,-1,-1,936.483,23.206,0.516154,866.928,254492,-1,-1,-1,-1,-1,-1,-1,-1,-1,0,0,0
1200,5,1,845,1,1,1,4365.84,18738.1,649.31,46.3844,0.517824,556.377,8859,137.574,23.1957,0.302342,114.076,160.404,23.1887,0.0718272,137.143,297.978,0,0,0
1200,5,1,846,0,0,0,-1,-1,834.867,23.206,0.781747,764.752,253159,-1,-1,-1,-1,-1,-1,-1,-1,-1,0,0,0
1200,5,1,847,1,1,1,4357.65,18820.9,657.061,46.3844,0.6264,564.042,8803.76,167.1,23.1957,0.267264,143.637,138.466,23.1887,0.0718272,115.206,305.566,0,0,0
1200,5,1,848,1,1,1,4378.52,24714.5,807.227,52.1883,0.910368,708.716,12126,352.54,28.9996,0.481075,323.059,130.099,23.1887,0.141984,106.768,482.639,0,0,0
1200,5,1,849,1,1,1,4387.84,30709.6,989.518,57.9922,0.855245,885.947,14979.4,540.643,34.8035,0.604685,505.086,119.351,23.1887,0.106906,96.0551,659.994,0,0,0
1200,5,1,850,1,1,1,4332.15,18653.4,469.275,46.3844,0.482746,375.853,11975.9,86.6815,23.1957,0.267264,63.2185,143.518,23.1887,0.0718272,120.257,230.199,0,0,0
1200,5,1,851,1,1,2,10409.7,36858.8,1173.85,81.182,1.21271,1047.9,18249.9,526.556,34.8035,0.925402,490.617,324.082,46.3784,0.143654,277.56,850.639,1,0,0
1200,5,1,852,1,1,1,4327.24,18646.3,451.688,46.3844,0.482746,358.215,12281.6,84.4255,23.1957,0.267264,60.9625,135.768,23.1887,0.0718272,112.508,220.194,0,0,0
1200,5,1,853,1,1,1,4351.89,18837.3,519.611,46.3844,0.678182,426.14,11264.2,154.005,23.1957,0.462701,130.346,85.0496,23.1887,0.0718272,61.7891,239.054,0,0,0
1200,5,1,854,1,1,1,4328.17,18663.8,524.181,46.3844,0.482746,430.919,11009.9,148.566,23.1957,0.267264,125.103,87.5746,23.1887,0.0718272,64.314,236.141,0,0,0
1200,5,1,855,1,1,1,4319.21,30811.9,766.932,57.9922,1.76227,661.808,19037.8,500.168,34.8035,1.54679,463.523,65.3069,23.1887,0.0718272,42.0464,565.475,0,0,0
1200,5,1,856,1,1,1,4345.26,18677.8,510.55,46.3844,0.482746,417.248,11266.4,150.362,23.1957,0.267264,126.899,82.8009,23.1887,0.0718272,59.5404,233.163,0,0,0
1200,5,1,857,1,1,1,4318.78,18666.1,451.849,46.3844,0.713261,358.146,12297.8,152.627,23.1957,0.497779,128.933,79.5306,23.1887,0.0718272,56.2701,232.157,0,0,0
1200,5,1,858,1,1,1,4334.02,18653.3,489.836,46.3844,0.6264,396.33,11609.8,92.1591,23.1957,0.267264,68.6961,144.956,23.1887,0.0718272,121.696,237.115,0,0,0
1200,5,1,859,1,0,0,-1,-1,973.42,23.2065,0.285638,904.203,254969,-1,-1,-1,-1,-1,-1,-1,-1,-1,0,0,0
1200,5,1,860,1,1,1,4364.71,18722.2,664.189,46.3844,0.552902,571.264,8578.26,151.522,23.1957,0.302342,128.023,148.93,23.1887,0.106906,125.634,300.451,0,0,0
1200,5,1,861,1,1,1,4317.64,18744.9,566.299,46.3844,0.482746,473.159,10342.2,138.001,23.1957,0.267264,114.538,102.029,23.1887,0.0718272,78.7687,240.03,0,0,0
1200,5,1,862,1,1,1,4316.94,24732.1,670.491,52.1883,0.731635,571.761,14575.7,321.267,28.9996,0.516154,291.751,81.9255,23.1887,0.0718272,58.665,403.193,0,0,0
1200,5,1,863,1,1,1,4321.91,24651,471.802,52.1883,0.891994,372.334,18027.5,267.923,28.9996,0.676512,238.129,43.283,23.1887,0.0718272,20.0225,311.206,0,0,0
1200,5,1,864,1,1,1,4357.72,18685.3,413.522,46.3844,0.482746,319.939,12999.2,72.9578,23.1957,0.267264,49.4948,127.39,23.1887,0.0718272,104.13,200.348,0,0,0
1200,5,1,865,1,1,1,4332.39,18917.9,414.781,46.3844,1.14088,320.543,13207.3,148.592,23.1957,0.888653,124.508,64.6182,23.1887,0.108576,41.3209,213.21,0,0,0
1200,5,1,866,1,1,1,4314.7,18631.4,466.338,46.3844,0.482746,372.908,12006.1,154.149,23.1957,0.267264,130.686,79.2382,23.1887,0.0718272,55.9777,233.387,0,0,0
1200,5,1,867,1,1,1,4323.98,18900.7,633.7,46.3844,0.678182,540.561,9298.91,160.735,23.1957,0.462701,137.076,147.147,23.1887,0.0718272,123.887,307.882,0,0,0
1200,5,1,868,1,1,1,4316.94,42639.2,960.677,69.6001,1.90426,844.684,27619,781.209,46.4114,1.68877,732.011,33.3205,23.1887,0.0718272,10.06,814.529,0,0,0
1200,5,1,869,1,1,2,10343.8,24658.3,749.9,69.5741,0.519494,634.705,13390.2,94.6768,23.1957,0.267264,71.2138,371.347,46.3784,0.108576,324.86,466.024,1,0,0
1200,5,1,870,1,1,1,4391.06,18777.6,627.528,46.3844,0.517824,534.531,9285.76,154.648,23.1957,0.267264,131.185,147.204,23.1887,0.106906,123.909,301.853,0,0,0
1200,5,1,871,1,1,1,4336.25,18649.8,646.415,46.3844,0.482746,553.509,8822.37,135.989,23.1957,0.267264,112.526,156.357,23.1887,0.0718272,133.097,292.346,0,0,0
1200,5,1,872,1,1,1,4371.69,18685.5,432.248,46.3844,0.805133,338.396,12674.2,80.3773,23.1957,0.267264,56.9144,132.02,23.1887,0.106906,108.725,212.398,0,0,0
1200,5,1,873,1,1,1,4337.48,18787.2,645.667,46.3844,0.482746,552.758,8973.14,165.892,23.1957,0.267264,142.429,153.574,23.1887,0.0718272,130.314,319.467,0,0,0
1200,5,1,874,1,1,1,4400.49,18722.4,588.791,46.3844,0.913709,495.286,9941.67,106.2,23.1957,0.267264,82.7374,163.984,23.1887,0.0718272,140.724,270.185,0,0,0
1200,5,1,875,1,1,1,4365.55,18727.4,661.549,46.3844,0.517824,568.651,8630.6,145.233,23.1957,0.267264,121.77,151.27,23.1887,0.106906,127.975,296.503,0,0,0
1200,5,1,876,1,1,1,4321.61,18666.6,429.514,46.3844,0.696557,335.763,12700.7,82.1458,23.1957,0.337421,58.6127,130.027,23.1887,0.0718272,106.767,212.173,0,0,0
1200,5,1,877,1,1,1,4342.53,18748.3,648.966,46.3844,0.770054,555.779,8874.71,164.162,23.1957,0.267264,140.699,145.866,23.1887,0.0718272,122.605,310.028,0,0,0
1200,5,1,878,1,1,2,4368.84,18825,458.797,69.5741,0.963821,342.311,12716.4,154.237,23.1957,0.462701,130.579,95.1045,46.3784,0.357466,48.3686,249.342,1,0,0
1200,5,1,879,1,1,1,4325.19,30764.9,714.82,57.9922,0.694886,610.611,19919.7,471.038,34.8035,0.479405,435.385,52.2564,23.1887,0.0718272,28.9959,523.294,0,0,0
1200,5,1,880,1,1,1,4346.6,24695.9,662.059,52.1883,0.980525,563.056,14688.3,321.462,28.9996,0.58631,291.876,79.4285,23.1887,0.106906,56.1329,400.89,0,0,0
1200,5,1,881,1,1,1,4319.18,18795.4,523.448,46.3844,0.943776,429.723,11153.2,155.44,23.1957,0.728294,131.516,85.9719,23.1887,0.0718272,62.7114,241.412,0,0,0
1200,5,1,882,1,1,1,4319.13,18725.7,652.453,46.3844,0.482746,559.564,8790.92,164.602,23.1957,0.267264,141.139,138.033,23.1887,0.0718272,114.773,302.635,0,0,0
1200,5,1,883,1,1,1,4317.9,24682.7,396.902,52.1883,0.606355,297.501,19391.3,223.69,28.9996,0.390874,194.047,30.8425,23.1887,0.0718272,7.58196,254.532,0,0,0
1200,5,1,884,1,1,1,4353.01,18891.7,638.338,46.406,0.928742,544.941,9206.52,159.261,23.2173,0.569606,135.474,151.845,23.1887,0.0718272,128.585,311.106,0,0,0
1200,5,1,885,1,1,3,16336.4,30699.7,1013.54,92.7639,0.734976,876.346,15142.2,121.504,23.1957,0.302342,98.0061,553.325,69.5682,0.288979,483.468,674.829,2,0,0
1200,5,1,886,1,1,1,4333.22,30676.2,1007.47,57.9922,0.998899,903.804,14626.4,537.253,34.8035,0.639763,501.648,146.763,23.1887,0.0718272,123.502,684.016,0,0,0
1200,5,1,887,1,1,1,4339.66,18680.2,647.664,46.3844,0.552902,554.691,8830.14,163.728,23.1957,0.267264,140.265,148.912,23.1887,0.141984,125.582,312.641,0,0,0
1200,5,1,888,1,1,1,4316.3,18789,457.722,46.3844,0.482746,364.266,12317,157.518,23.1957,0.267264,134.055,80.987,23.1887,0.0718272,57.7265,238.505,0,0,0
1200,5,1,889,1,1,2,10413.1,24730.1,716.221,69.5741,0.589651,600.858,14060.4,94.6641,23.1957,0.267264,71.2012,360.244,46.3784,0.178733,313.687,454.908,1,0,0
1200,5,1,890,1,0,0,-1,-1,1416.53,23.1957,0.462701,1348.44,263820,-1,-1,-1,-1,-1,-1,-1,-1,-1,0,0,0
1200,5,1,891,1,1,1,4370.74,18727.4,612.42,46.3844,0.840211,519.057,9522.24,153.654,23.1957,0.267264,130.191,131.444,23.1887,0.141984,108.113,285.098,0,0,0
1200,5,1,892,1,1,1,4329.18,18675.5,491.216,46.3844,0.517824,397.823,11607.6,90.2478,23.1957,0.267264,66.7848,143.928,23.1887,0.106906,120.633,234.176,0,0,0
1200,5,1,893,1,1,1,4345.33,24728.6,801.719,52.1883,1.53176,702.571,12236.4,350.524,28.9996,1.17262,320.352,122.386,23.1887,0.0718272,99.125,472.91,0,0,0
1200,5,1,894,1,1,1,4319.21,18636.7,554.864,46.3844,0.482746,461.691,10437.3,97.2251,23.1957,0.267264,73.7622,157.834,23.1887,0.0718272,134.573,255.059,0,0,0
1200,5,1,895,1,1,1,4440.17,18754.3,587.893,46.3844,0.6264,494.672,9967.18,105.771,23.1957,0.267264,82.3079,165.435,23.1887,0.0718272,142.175,271.206,0,0,0
1200,5,1,896,1,1,2,10423.4,24746.3,766.73,69.5741,0.519494,651.583,13178.9,94.3248,23.1957,0.267264,70.8619,377.536,46.3784,0.108576,331.049,471.861,1,0,0
1200,5,1,897,1,1,1,4397.37,18713.8,631.854,46.3844,0.6264,538.762,9144.89,124.084,23.1957,0.267264,100.621,166.183,23.1887,0.0718272,142.922,290.267,0,0,0
1200,5,1,898,1,1,1,4324.23,18751.4,569.27,46.3844,0.678182,475.944,10295.4,139.207,23.1957,0.462701,115.549,102.831,23.1887,0.0718272,79.57,242.038,0,0,0
1200,5,1,899,1,1,1,4318.86,18642.9,427.024,46.3844,0.517824,333.444,12716.5,147.685,23.1957,0.302342,124.186,69.0014,23.1887,0.0718272,45.7409,216.686,0,0,0
1200,5,1,900,1,1,1,4395.2,18713.3,544.852,46.3844,0.517824,451.615,10691.7,97.393,23.1957,0.267264,73.93,159.599,23.1887,0.106906,136.304,256.992,0,0,0
1200,5,1,901,1,0,0,-1,-1,1399.18,23.1957,0.267264,1331.23,263064,-1,-1,-1,-1,-1,-1,-1,-1,-1,0,0,0
1200,5,1,902,1,1,1,4340.44,18658.5,451.323,46.3844,0.519494,357.812,12299.7,85.1582,23.1957,0.267264,61.6953,136.572,23.1887,0.108576,113.275,221.73,0,0,0
1200,5,1,903,1,0,0,-1,-1,1304.31,23.1957,0.267264,1236.08,260395,-1,-1,-1,-1,-1,-1,-1,-1,-1,0,0,0
1200,5,1,904,1,1,2,10348.9,24934.6,791.029,69.5741,0.589651,675.883,12934.6,165.146,23.1957,0.302342,141.648,298.653,46.3784,0.143654,252.131,463.799,1,0,0
1200,5,1,905,1,1,1,4485.45,18832.9,659.873,46.3844,0.517824,566.971,8765.96,142.676,23.1957,0.302342,119.178,157.693,23.1887,0.0718272,134.432,300.369,0,0,0
1200,5,1,906,1,0,0,-1,-1,1464.07,23.1957,0.267264,1396.31,265756,-1,-1,-1,-1,-1,-1,-1,-1,-1,0,0,0
1200,5,1,907,1,1,1,4345.56,18723.1,654.577,46.3844,1.12251,561.055,8748.47,161.265,23.1957,0.763373,137.306,133.086,23.1887,0.0718272,109.826,294.351,0,0,0
1200,5,1,908,0,0,0,-1,-1,1153.85,23.206,0.621389,1084.83,257521,-1,-1,-1,-1,-1,-1,-1,-1,-1,0,0,0
1200,5,1,909,1,1,1,4340.39,18661,516.075,46.3844,0.517824,422.755,11151.1,93.5722,23.1957,0.267264,70.1093,148.24,23.1887,0.106906,124.944,241.812,0,0,0
1200,5,1,910,1,0,0,-1,-1,749.603,23.1957,0.267264,679.763,251853,-1,-1,-1,-1,-1,-1,-1,-1,-1,0,0,0
1200,5,1,911,1,1,1,4332.24,18751.4,484.273,46.3844,0.517824,390.86,11806.9,155.756,23.1957,0.302342,132.258,81.5772,23.1887,0.0718272,58.3167,237.333,0,0,0
1200,5,1,912,1,1,1,4318.86,18662.5,533.854,46.3844,0.482746,440.62,10836.6,141.816,23.1957,0.267264,118.353,91.4838,23.1887,0.0718272,68.2232,233.3,0,0,0
1200,5,1,913,1,1,1,4339.09,18663.5,565.702,46.3844,0.517824,472.526,10271.1,95.432,23.1957,0.302342,71.9339,161.981,23.1887,0.0718272,138.721,257.413,0,0,0
1200,5,1,914,1,1,1,4329.35,24673.3,534.532,52.1883,0.641434,435.496,16934.3,293.642,28.9996,0.425952,264.17,49.2677,23.1887,0.0718272,26.0072,342.91,0,0,0
1200,5,1,915,1,1,1,4318.22,24637,431.612,52.1883,0.696557,332.222,18728.7,242.465,28.9996,0.481075,212.793,35.8941,23.1887,0.0718272,12.6336,278.359,0,0,0
1200,5,1,916,1,1,1,4438.74,18820.9,647.381,46.3844,0.696557,554.263,8975.66,167.145,23.1957,0.462701,143.487,154.125,23.1887,0.0902016,130.846,321.27,0,0,0
1200,5,1,917,1,1,1,4318.79,18810.1,663.733,46.3844,0.482746,570.876,8674.73,147.648,23.1957,0.267264,124.185,151.827,23.1887,0.0718272,128.567,299.475,0,0,0
1200,5,1,918,1,1,1,4322.76,18672.5,633.333,46.3844,0.748339,540.122,9076.73,126.036,23.1957,0.497779,102.343,163.438,23.1887,0.106906,140.143,289.475,0,0,0
1200,5,1,919,1,0,0,-1,-1,1356.04,28.9996,0.621389,1281.96,261654,-1,-1,-1,-1,-1,-1,-1,-1,-1,0,0,0
1200,5,1,920,1,1,1,4483.81,18883.4,596.298,46.3844,0.856915,502.871,9946.05,112.258,23.1957,0.462701,88.5994,166.552,23.1887,0.106906,143.256,278.809,0,0,0
1200,5,1,921,1,1,1,4339.9,18883,633.061,46.3844,0.482746,540.115,9293.07,159.736,23.1957,0.267264,136.273,147.916,23.1887,0.0718272,124.656,307.652,0,0,0
1200,5,1,922,1,1,1,4334.94,18668.2,392.541,46.3844,0.552902,298.826,13354.7,130.294,23.1957,0.267264,106.832,61.2369,23.1887,0.141984,37.9062,191.531,0,0,0
1200,5,1,923,1,1,1,4345.58,18705.2,644.069,46.3844,0.856915,550.782,8918.43,164.916,23.1957,0.462701,141.258,150.323,23.1887,0.106906,127.027,315.239,0,0,0
1200,5,1,924,1,1,1,4329.51,18666.5,472.527,46.3844,0.517824,379.08,11930.9,86.8638,23.1957,0.267264,63.4008,141.203,23.1887,0.106906,117.908,228.067,0,0,0
1200,5,1,925,1,0,0,-1,-1,1425.99,23.2065,0.285638,1358.09,264235,-1,-1,-1,-1,-1,-1,-1,-1,-1,0,0,0
1200,5,1,926,1,0,0,-1,-1,1370.6,23.1957,0.532858,1302.3,262099,-1,-1,-1,-1,-1,-1,-1,-1,-1,0,0,0
1200,5,1,927,1,1,1,4331.53,18829.8,438.781,46.3844,0.552902,345.2,12694,156.503,23.1957,0.302342,133.005,73.5827,23.1887,0.106906,50.2871,230.086,0,0,0
1200,5,1,928,1,1,1,4328.87,18644.6,413.792,46.3844,0.482746,320.209,12953.7,73.1672,23.1957,0.267264,49.7042,126.371,23.1887,0.0718272,103.11,199.538,0,0,0
1200,5,1,929,1,1,1,4316.94,24639.7,418.101,52.1883,0.606355,318.762,18971.3,235.44,28.9996,0.390874,205.837,33.5569,23.1887,0.0718272,10.2964,268.997,0,0,0
1200,5,1,930,1,1,1,4337.5,18655.3,486.03,46.3844,0.517824,392.622,11679.6,92.9875,23.1957,0.267264,69.5245,144.41,23.1887,0.106906,121.115,237.398,0,0,0
1200,5,1,931,1,0,0,-1,-1,1186.54,28.9996,0.816826,1111.77,258052,-1,-1,-1,-1,-1,-1,-1,-1,-1,0,0,0
1200,5,1,932,1,1,1,4349.13,24851.1,832.842,52.1883,0.731635,734.584,11807.8,344.132,28.9996,0.516154,314.616,136.589,23.1887,0.0718272,113.329,480.721,0,0,0
1200,5,1,933,1,1,1,4321.52,24700.8,553.292,52.1883,0.891994,454.061,16628.2,306.482,28.9996,0.676512,276.791,54.6171,23.1887,0.0718272,31.3566,361.099,0,0,0
1200,5,1,934,1,1,1,4317.09,18711.7,366.624,46.3844,0.482746,272.904,13859.5,119.098,23.1957,0.267264,95.6345,54.2056,23.1887,0.0718272,30.9451,173.303,0,0,0
1200,5,1,935,1,1,1,4345.35,24663.8,657.767,52.1883,0.801792,558.93,14733.2,192.846,28.9996,0.516154,162.995,159.57,23.1887,0.141984,136.239,352.415,0,0,0
1200,5,1,936,1,1,1,4401.68,18754,660.345,46.3844,0.517824,567.444,8678.6,159.219,23.1957,0.302342,135.721,142.504,23.1887,0.0718272,119.243,301.723,0,0,0
1200,5,1,937,1,0,0,-1,-1,1545.17,23.1957,0.267264,1477.64,269670,-1,-1,-1,-1,-1,-1,-1,-1,-1,0,0,0
1200,5,1,938,1,1,1,4315.53,18664.7,655.669,46.3844,0.482746,562.789,8672.75,159.123,23.1957,0.267264,135.66,136.624,23.1887,0.0718272,113.363,295.746,0,0,0
1200,5,1,939,1,1,2,10354.7,24724.3,844.437,69.5741,0.537869,729.498,11774.8,142.26,23.1957,0.267264,118.797,338.271,46.3784,0.12695,291.766,480.531,1,0,0
1200,5,1,940,1,1,2,10332.4,24650.9,733.441,69.5741,0.519494,618.198,13675.5,94.3014,23.1957,0.267264,70.8384,366.467,46.3784,0.108576,319.98,460.769,1,0,0
1200,5,1,941,1,1,1,4319.69,18638,461.639,46.3844,0.482746,368.195,12096.2,87.8763,23.1957,0.267264,64.4133,140.02,23.1887,0.0718272,116.76,227.897,0,0,0
1200,5,1,942,1,1,1,4332.52,18748.3,555.636,46.3844,0.482746,462.466,10535.1,134.994,23.1957,0.267264,111.531,99.2101,23.1887,0.0718272,75.9496,234.204,0,0,0
1200,5,1,943,1,1,1,4335.5,18682.5,617.304,46.3844,0.50112,524.294,9372.48,118.206,23.1957,0.267264,94.743,163.026,23.1887,0.0902016,139.747,281.232,0,0,0
1200,5,1,944,1,1,1,4316.3,18780.4,568.921,46.3844,0.482746,475.789,10331,139.34,23.1957,0.267264,115.877,102.441,23.1887,0.0718272,79.1802,241.781,0,0,0
1200,5,1,945,1,1,1,4353.82,18752.7,589.306,46.3952,0.696557,496.01,9940.27,146.733,23.2065,0.481075,123.046,106.334,23.1887,0.0718272,83.0731,253.067,0,0,0
1200,5,1,946,1,1,1,4350.34,24865.6,843.785,52.1883,0.96215,745.328,11627,364.404,28.9996,0.71159,334.693,153.635,23.1887,0.106906,130.339,518.039,0,0,0
1200,5,1,947,1,1,1,4316.94,18646.6,394.805,46.3844,0.482746,301.167,13293.3,131.119,23.1957,0.267264,107.656,60.6758,23.1887,0.0718272,37.4153,191.795,0,0,0
1200,5,1,948,1,1,1,4319.62,18655.3,464.196,46.3844,0.482746,370.76,12068.1,154.306,23.1957,0.267264,130.843,79.0415,23.1887,0.0718272,55.781,233.347,0,0,0
1200,5,1,949,1,1,1,4317.26,18641.2,450.158,46.3844,0.482746,356.681,12303.6,152.32,23.1957,0.267264,128.857,79.5306,23.1887,0.0718272,56.2701,231.851,0,0,0
1200,5,1,950,1,1,2,10326.8,24658,641.059,69.5741,1.09411,524.973,15323.7,138.56,23.1957,0.267264,115.098,196.77,46.3784,0.683194,149.708,335.33,1,0,0
1200,5,1,951,1,1,1,4317.9,24876.2,590.845,52.1883,1.22774,491.387,16134.4,325.304,28.9996,1.01226,295.292,62.9625,23.1887,0.0718272,39.702,388.267,0,0,0
1200,5,1,952,0,0,0,-1,-1,495.282,23.206,0.621389,424.339,247202,-1,-1,-1,-1,-1,-1,-1,-1,-1,0,0,0
1200,5,1,953,1,1,1,4342.23,18685.3,635.348,46.3844,0.482746,542.409,9054.7,127.562,23.1957,0.267264,104.099,163.333,23.1887,0.0718272,140.072,290.895,0,0,0
1200,5,1,954,1,1,1,4341.51,18703.9,652.429,46.3844,0.482746,559.54,8769.49,163.12,23.1957,0.267264,139.657,135.891,23.1887,0.0718272,112.63,299.011,0,0,0
1200,5,1,955,1,0,0,-1,-1,1528.64,23.1957,0.267264,1461.06,268852,-1,-1,-1,-1,-1,-1,-1,-1,-1,0,0,0
1200,5,1,956,1,1,1,4407.64,18751.5,566.509,46.3844,0.552902,473.3,10344.5,94.6371,23.1957,0.267264,71.1741,163.731,23.1887,0.141984,140.401,258.369,0,0,0
1200,5,1,957,1,1,1,4327.12,18704.3,649.558,46.3844,0.6264,556.517,8820.62,136.126,23.1957,0.267264,112.663,156.507,23.1887,0.0718272,133.247,292.633,0,0,0
1200,5,1,958,1,1,1,4352.65,18680.4,628.567,46.3844,0.482746,535.609,9170.39,122.666,23.1957,0.267264,99.2026,164.537,23.1887,0.0718272,141.276,287.202,0,0,0
1200,5,1,959,1,1,1,4318.22,24751.3,547.961,52.1883,0.891994,448.715,16773.5,303.19,28.9996,0.676512,273.481,52.1391,23.1887,0.0718272,28.8786,355.329,0,0,0
1200,5,1,960,1,1,1,4315.66,24633.9,778.341,52.1883,0.731635,679.924,12559.8,338.259,28.9996,0.516154,308.744,103.991,23.1887,0.0718272,80.7305,442.25,0,0,0
1200,5,1,961,1,1,1,4342.33,18711.9,565.012,46.3844,0.571277,471.78,10331.3,95.9146,23.1957,0.337421,72.3815,161.427,23.1887,0.0902016,138.148,257.342,0,0,0
1200,5,1,962,1,1,1,4327.84,30823.9,1005.41,57.9922,1.14088,901.597,14810.9,545.627,34.8035,0.925402,509.735,133.445,23.1887,0.0718272,110.185,679.072,0,0,0
1200,5,1,963,1,1,1,4327.78,18663.8,451.886,46.3844,0.517824,358.379,12295.3,85.0616,23.1957,0.302342,61.5635,136.075,23.1887,0.0718272,112.814,221.137,0,0,0
1200,5,1,964,1,1,1,4356.98,18688.1,635.732,46.3844,0.6264,542.651,9050.25,127.983,23.1957,0.267264,104.52,165.928,23.1887,0.0718272,142.668,293.911,0,0,0
1200,5,1,965,1,1,1,4329.48,24716.3,565.742,52.1883,1.45826,465.981,16420.2,312.488,28.9996,1.24278,282.245,55.9653,23.1887,0.0718272,32.7048,368.453,0,0,0
1200,5,1,966,1,0,0,-1,-1,821.167,23.1957,0.302342,751.501,252956,-1,-1,-1,-1,-1,-1,-1,-1,-1,0,0,0
1200,5,1,967,1,1,1,4345.79,18747.6,664.695,46.3844,0.908698,571.416,8593.9,147.308,23.1957,0.658138,123.454,152.808,23.1887,0.106906,129.512,300.116,0,0,0
1200,5,1,968,1,1,1,4316.94,18728.4,492.057,46.3844,0.552902,398.632,11645.3,157.117,23.1957,0.337421,133.584,81.6476,23.1887,0.0718272,58.3871,238.765,0,0,0
1200,5,1,969,1,1,1,4328.2,24788.3,613.463,52.1883,0.606355,514.693,15646,329.712,28.9996,0.355795,300.357,74.1982,23.1887,0.106906,50.9026,403.91,0,0,0
1200,5,1,970,1,1,2,4414.37,18732.6,608.668,69.5741,0.768384,492.813,9973.92,104.66,23.1957,0.302342,81.1619,188.87,46.3784,0.322387,142.17,293.53,1,0,0
1200,5,1,971,1,0,0,-1,-1,1563.23,23.1957,0.302342,1495.72,270721,-1,-1,-1,-1,-1,-1,-1,-1,-1,0,0,0
1200,5,1,972,1,0,0,-1,-1,1404.84,23.1957,0.567936,1336.61,263291,-1,-1,-1,-1,-1,-1,-1,-1,-1,0,0,0
1200,5,1,973,1,1,1,4350.84,30835.6,1006.12,57.9922,1.14088,902.31,14810,526.917,34.8035,0.925402,490.972,154.181,23.1887,0.0718272,130.92,681.097,0,0,0
1200,5,1,974,1,1,1,4315.98,18629.8,549.113,46.3844,0.482746,455.923,10532.6,135.288,23.1957,0.267264,111.825,97.2663,23.1887,0.0718272,74.0058,232.555,0,0,0
1200,5,1,975,1,1,2,10402.8,24762.2,788.52,69.5741,1.19935,672.757,12805,100.338,23.1957,0.267264,76.8755,377.554,46.3784,0.788429,330.387,477.892,1,0,0
1200,5,1,976,1,1,1,4472.03,18994.7,649.879,46.3844,0.482746,556.983,9105.65,162.519,23.1957,0.267264,139.056,158.824,23.1887,0.0718272,135.564,321.344,0,0,0
1200,5,1,977,1,1,1,4360.34,18745.8,606.231,46.3844,0.482746,513.208,9632.9,153.768,23.1957,0.267264,130.305,125.205,23.1887,0.0718272,101.944,278.972,0,0,0
1200,5,1,978,1,1,1,4356.9,18731.5,651.458,46.3844,0.965491,558.084,8813.17,163.857,23.1957,0.462701,140.199,142.311,23.1887,0.0718272,119.05,306.168,0,0,0
1200,5,1,979,1,1,1,4328.32,18702.7,470.158,46.3844,0.482746,376.739,12009.5,155.116,23.1957,0.267264,131.653,81.0412,23.1887,0.0718272,57.7807,236.157,0,0,0
1200,5,1,980,0,0,0,-1,-1,977.264,40.608,0.783418,890.636,254831,-1,-1,-1,-1,-1,-1,-1,-1,-1,0,0,0
1200,5,1,981,1,1,1,4449.2,18802,661.866,46.3844,0.873619,568.613,8698.89,142.868,23.1957,0.658138,119.014,156.458,23.1887,0.0718272,133.198,299.326,0,0,0
1200,5,1,982,1,1,1,4318.33,18820.1,360.369,46.3844,0.482746,266.63,14079.2,115.255,23.1957,0.267264,91.7921,50.4318,23.1887,0.0718272,27.1713,165.687,0,0,0
1200,5,1,983,1,0,0,-1,-1,1469.95,28.9996,0.481075,1396.35,265817,-1,-1,-1,-1,-1,-1,-1,-1,-1,0,0,0
1200,5,1,984,1,1,1,4322.34,24766.2,830.242,52.1883,0.910368,731.798,11768.4,339.839,28.9996,0.551232,310.288,136.042,23.1887,0.0718272,112.782,475.882,0,0,0
1200,5,1,985,1,1,1,4320.07,18753.6,507.953,46.3844,0.482746,414.644,11388.3,154.177,23.1957,0.267264,130.714,84.122,23.1887,0.0718272,60.8615,238.299,0,0,0
1200,5,1,986,1,1,1,4316.23,18644.1,522.363,46.3844,0.678182,428.9,11022.1,150.834,23.1957,0.462701,127.175,86.0675,23.1887,0.0718272,62.807,236.901,0,0,0
1200,5,1,987,1,1,1,4403.72,24740.7,706.045,52.1883,0.641434,607.508,13951.8,217.657,28.9996,0.320717,188.071,164.304,23.1887,0.177062,140.939,381.962,0,0,0
1200,5,1,988,1,1,1,4316.3,24640.6,682.518,52.1883,0.696557,583.858,14270.6,319.079,28.9996,0.481075,289.598,82.4616,23.1887,0.0718272,59.201,401.54,0,0,0
1200,5,1,989,1,1,1,4339.69,18769.5,617.108,46.3844,0.587981,524.011,9462.46,156.152,23.1957,0.372499,132.584,133.485,23.1887,0.0718272,110.225,289.637,0,0,0
1200,5,1,990,1,1,1,4315.98,30641.6,486.105,57.9922,1.0156,380.91,23862.9,356.5,34.8035,0.800122,320.211,26.8683,23.1887,0.0718272,3.6078,383.368,0,0,0
1200,5,1,991,1,1,1,4457.92,18784.5,595.853,46.3844,0.552902,502.729,9855.7,110.463,23.1957,0.267264,87.0004,166.496,23.1887,0.141984,143.166,276.96,0,0,0
1200,5,1,992,1,1,1,4322.95,18679.6,552.055,46.3844,0.482746,458.874,10530.1,135.75,23.1957,0.267264,112.287,98.5062,23.1887,0.0718272,75.2457,234.257,0,0,0
1200,5,1,993,1,1,1,4343.38,18771.9,650.025,46.3844,0.482746,557.129,8880.33,164.939,23.1957,0.267264,141.476,146.444,23.1887,0.0718272,123.183,311.383,0,0,0
1200,5,1,994,1,1,1,4319.62,18805.1,440.847,46.3844,0.482746,347.343,12633.1,156.354,23.1957,0.267264,132.891,74.2966,23.1887,0.0718272,51.0361,230.651,0,0,0
1200,5,1,995,1,1,1,4349.21,24785,770.054,52.1883,0.840211,671.505,12858,334.337,28.9996,0.481075,304.856,100.683,23.1887,0.0718272,77.4223,435.02,0,0,0
1200,5,1,996,1,1,1,4341.35,18658.8,465.427,46.3844,0.6264,371.85,12049.3,87.5659,23.1957,0.267264,64.1029,141.45,23.1887,0.0718272,118.189,229.015,0,0,0
1200,5,1,997,1,0,0,-1,-1,822.273,23.1957,0.267264,752.645,252973,-1,-1,-1,-1,-1,-1,-1,-1,-1,0,0,0
1200,5,1,998,1,1,1,4360.53,18798,618.095,46.3844,0.873619,524.715,9473.24,156.415,23.1957,0.658138,132.561,133.918,23.1887,0.0718272,110.658,290.333,0,0,0
1200,5,1,999,1,0,0,-1,-1,1217.25,34.8035,0.569606,1137.18,258550,-1,-1,-1,-1,-1,-1,-1,-1,-1,0,0,0
1200,5,1,1000,1,1,1,4324.87,18733.3,365.746,46.3844,0.482746,272.023,13896.7,118.074,23.1957,0.267264,94.6112,53.61,23.1887,0.0718272,30.3495,171.684,0,0,0
1200,5,1,1001,1,1,1,4325.74,18645.8,405.464,46.3844,0.661478,311.678,13102.3,68.2003,23.1957,0.267264,44.7374,127.153,23.1887,0.106906,103.857,195.353,0,0,0
1200,5,1,1002,1,1,1,4342.95,24837.7,830.858,52.1883,0.766714,732.559,11829.5,358.08,28.9996,0.551232,328.53,148.006,23.1887,0.0718272,124.746,506.087,0,0,0
1200,5,1,1003,1,1,1,4315.02,18851.6,387.307,46.3844,0.517824,293.612,13631.4,132.364,23.1957,0.302342,108.866,57.438,23.1887,0.0718272,34.1775,189.802,0,0,0
1200,5,1,1004,1,1,1,4345.78,18840,656.668,46.3844,0.770054,563.504,8829.51,167.149,23.1957,0.267264,143.686,135.765,23.1887,0.0718272,112.504,302.913,0,0,0
1200,5,1,1005,1,1,3,16322.1,30725.2,1042.77,92.7639,0.556243,905.835,14648.7,147.482,23.1957,0.267264,124.019,531.746,69.5682,0.145325,462.032,679.228,2,0,0
1200,5,1,1006,1,1,1,4349.9,18672.3,442.492,46.3844,0.770054,348.705,12470.3,81.693,23.1957,0.267264,58.2301,132.839,23.1887,0.0718272,109.578,214.532,0,0,0
1200,5,1,1007,1,1,2,10414.2,24755.4,825.609,69.5741,0.714931,710.438,12140.6,117.929,23.1957,0.462701,94.2701,372.261,46.3784,0.108576,325.774,490.189,1,0,0
1200,5,1,1008,1,1,1,4326.28,18832.1,404.785,46.3844,0.873619,310.785,13300.4,139.421,23.1957,0.658138,115.567,61.4411,23.1887,0.0718272,38.1805,200.862,0,0,0
1200,5,1,1009,1,1,1,4350.92,18665.1,478.321,46.3844,0.6264,384.782,11826.4,91.2296,23.1957,0.267264,67.7666,140.374,23.1887,0.0718272,117.113,231.604,0,0,0
1200,5,1,1010,1,1,1,4332.1,18769.5,482.176,46.3952,0.696557,388.568,11862.1,154.532,23.2065,0.481075,130.844,81.6494,23.1887,0.0718272,58.3889,236.181,0,0,0
1200,5,1,1011,1,1,1,4344.17,18698.2,514.666,46.3844,0.965491,420.894,11212.3,148.554,23.1957,0.462701,124.896,82.994,23.1887,0.0718272,59.7335,231.548,0,0,0
1200,5,1,1012,1,1,1,4330.71,18903.7,633.635,46.3952,0.50112,540.662,9303.49,160.455,23.2065,0.285638,136.963,147.463,23.1887,0.0718272,124.203,307.918,0,0,0
1200,5,1,1013,1,0,0,-1,-1,953.497,23.1957,0.337421,884.181,254730,-1,-1,-1,-1,-1,-1,-1,-1,-1,0,0,0
1200,5,1,1014,1,1,1,4335.56,18759.1,363.786,46.3844,0.552902,269.987,13956.9,117.402,23.1957,0.302342,93.9037,53.1614,23.1887,0.106906,29.8658,170.563,0,0,0
1200,5,1,1015,1,1,1,4340.74,18657.8,541.214,46.3844,0.482746,448.002,10701,95.7398,23.1957,0.267264,72.2768,158.545,23.1887,0.0718272,135.284,254.284,0,0,0
1200,5,1,1016,1,1,2,10328.2,24657.1,696.237,69.5741,0.519494,580.886,14343.2,146.579,23.1957,0.267264,123.116,217.162,46.3784,0.108576,170.675,363.741,1,0,0
1200,5,1,1017,1,1,1,4358.92,18809.7,607.689,46.3844,0.517824,514.635,9670.69,154.624,23.1957,0.302342,131.126,124.353,23.1887,0.0718272,101.092,278.977,0,0,0
1200,5,1,1018,1,0,0,-1,-1,1586.33,23.1957,0.267264,1518.93,272443,-1,-1,-1,-1,-1,-1,-1,-1,-1,0,0,0
1200,5,1,1019,1,1,1,4318.27,18634.7,562.536,46.3844,0.482746,469.385,10298.8,95.7254,23.1957,0.267264,72.2624,160.981,23.1887,0.0718272,137.721,256.707,0,0,0
1200,5,1,1020,1,1,1,4343.27,18677.3,658.839,46.3844,0.517824,565.933,8628.76,158.408,23.1957,0.267264,134.945,141.959,23.1887,0.106906,118.664,300.367,0,0,0
1200,5,1,1021,1,1,1,4328.94,18670.5,471.855,46.3844,0.873619,378.05,11946.2,86.7926,23.1957,0.658138,62.9388,140.728,23.1887,0.0718272,117.467,227.52,0,0,0
1200,5,1,1022,1,1,1,4318.66,18632.2,462.71,46.3844,0.482746,369.269,12071.4,87.3727,23.1957,0.267264,63.9098,140.358,23.1887,0.0718272,117.097,227.73,0,0,0
1200,5,1,1023,1,1,2,10359.6,24694.4,830.553,46.3952,0.519494,738.134,11592.4,151.189,23.2065,0.285638,127.697,316.51,23.1887,0.0902016,293.09,467.699,0,0,0
1200,5,1,1024,1,1,1,4314.7,24658.4,462.148,52.1883,0.696557,362.848,18207,261.312,28.9996,0.481075,231.691,41.5846,23.1887,0.0718272,18.3241,302.897,0,0,0
1200,5,1,1025,1,1,1,4392.32,18713.8,657.619,46.3844,0.482746,564.745,8687.11,140.477,23.1957,0.267264,117.014,159.286,23.1887,0.0718272,136.026,299.764,0,0,0
1200,5,1,1026,1,1,1,4367.73,18773.4,637.24,46.3844,0.748339,544.041,9108.17,129.649,23.1957,0.462701,105.99,164.876,23.1887,0.141984,141.545,294.525,0,0,0
1200,5,1,1027,1,0,0,-1,-1,1428.13,23.1957,0.462701,1360.07,264292,-1,-1,-1,-1,-1,-1,-1,-1,-1,0,0,0
1200,5,1,1028,1,1,1,4329.84,18726.9,650.341,46.3844,1.05235,556.876,8828.14,164.326,23.1957,0.693216,140.437,149.55,23.1887,0.0718272,126.289,313.875,0,0,0
1200,5,1,1029,1,0,0,-1,-1,884.191,23.1957,0.302342,814.708,253800,-1,-1,-1,-1,-1,-1,-1,-1,-1,0,0,0
1200,5,1,1030,1,1,1,4350.55,18732.2,645.743,46.3844,0.517824,552.799,8916.48,167.077,23.1957,0.302342,143.579,151.728,23.1887,0.0718272,128.467,318.805,0,0,0
1200,5,1,1031,1,1,1,4321.48,18694.4,572.107,46.3844,0.517824,478.949,10188.1,138.76,23.1957,0.302342,115.262,99.4483,23.1887,0.0718272,76.1878,238.208,0,0,0
1200,5,1,1032,1,1,1,4370.37,18689.3,583.274,46.3844,0.482746,490.184,9984.64,104.332,23.1957,0.267264,80.8695,163.32,23.1887,0.0718272,140.06,267.653,0,0,0
1200,5,1,1033,1,1,1,4318.34,18692.3,642.352,46.3844,0.482746,549.433,8937.12,131.987,23.1957,0.267264,108.524,161.858,23.1887,0.0718272,138.598,293.846,0,0,0
1200,5,1,1034,1,1,1,4343.33,18795,645.589,46.3844,0.552902,552.61,8981.77,165.887,23.1957,0.337421,142.354,153.986,23.1887,0.0718272,130.725,319.873,0,0,0
1200,5,1,1035,1,0,0,-1,-1,1471.85,23.2065,0.320717,1404.05,266160,-1,-1,-1,-1,-1,-1,-1,-1,-1,0,0,0
1200,5,1,1036,1,1,1,4368.96,18759,555.327,46.3844,0.517824,462.121,10551,134.037,23.1957,0.302342,110.539,99.6667,23.1887,0.0718272,76.4062,233.703,0,0,0
1200,5,1,1037,1,1,1,4318.86,18829.1,462.006,46.3844,0.713261,368.333,12280.2,160.315,23.1957,0.497779,136.622,81.9508,23.1887,0.0718272,58.6903,242.266,0,0,0
1200,5,1,1038,1,1,1,4398.63,18723.3,451.578,46.3844,0.482746,358.105,12360.5,83.653,23.1957,0.267264,60.1901,137.836,23.1887,0.0718272,114.576,221.489,0,0,0
1200,5,1,1039,1,1,2,10369,24694.1,728.181,69.5741,0.663149,612.778,13811.8,92.2746,23.1957,0.267264,68.8116,363.969,46.3784,0.25223,317.338,456.243,1,0,0
1200,5,1,1040,1,1,1,4340.56,18680.9,649.422,46.3844,0.6264,556.38,8799.65,162.548,23.1957,0.267264,139.085,142.078,23.1887,0.0718272,118.817,304.626,0,0,0
1200,5,1,1041,1,1,1,4338.6,18715.8,619.445,46.3844,0.482746,526.46,9367.97,118.915,23.1957,0.267264,95.4523,163.614,23.1887,0.0718272,140.354,282.53,0,0,0
1200,5,1,1042,1,1,1,4372.67,18687.8,421.327,46.3844,0.482746,327.766,12862.9,75.7408,23.1957,0.267264,52.2778,127.762,23.1887,0.0718272,104.502,203.503,0,0,0
1200,5,1,1043,1,1,1,4348.33,18662.2,581.698,46.3844,0.6264,488.46,9985.16,104.199,23.1957,0.267264,80.7359,162.631,23.1887,0.0718272,139.37,266.83,0,0,0
1200,5,1,1044,1,1,1,4331.62,18649.7,641.292,46.3844,0.482746,548.37,8913.42,131.946,23.1957,0.267264,108.483,162.894,23.1887,0.0718272,139.634,294.84,0,0,0
1200,5,1,1045,1,1,1,4318.22,18652.2,529.035,46.3844,0.482746,435.787,10912.1,94.8356,23.1957,0.267264,71.3726,152.511,23.1887,0.0718272,129.251,247.347,0,0,0
1200,5,1,1046,1,1,1,4343.5,18784,650.582,46.3844,0.748339,557.422,8881.55,165.265,23.1957,0.532858,141.536,146.194,23.1887,0.0718272,122.934,311.459,0,0,0
1200,5,1,1047,1,1,1,4319.11,18711.9,513.93,46.3844,0.678182,420.443,11239.9,148.574,23.1957,0.462701,124.916,82.9958,23.1887,0.0718272,59.7353,231.57,0,0,0
1200,5,1,1048,1,1,1,4351.57,18670.5,634.121,46.3844,0.517824,541.144,9061.43,125.676,23.1957,0.267264,102.213,164.332,23.1887,0.106906,141.036,290.008,0,0,0
1200,5,1,1049,1,1,1,4420.68,18753.7,639.448,46.3844,0.6264,546.378,9049.73,126.994,23.1957,0.267264,103.531,165.011,23.1887,0.0718272,141.751,292.005,0,0,0
1200,5,1,1050,1,1,1,4329.48,24753.7,707.4,52.1991,1.17596,608.322,13939.7,321.096,29.0104,0.96048,291.125,90.7149,23.1887,0.0718272,67.4544,411.811,0,0,0
1200,5,1,1051,1,1,1,4318.39,24643.9,445.18,52.1883,0.696557,345.83,18494.2,253.099,28.9996,0.481075,223.458,37.7152,23.1887,0.0718272,14.4546,290.814,0,0,0
1200,5,1,1052,1,0,0,-1,-1,1104.17,23.1957,0.497779,1035.13,256777,-1,-1,-1,-1,-1,-1,-1,-1,-1,0,0,0
1200,5,1,1053,1,1,2,10328.7,24676.4,843.119,69.5741,1.00224,727.712,11771.7,141.465,23.1957,0.462701,117.807,337.072,46.3784,0.108576,290.585,478.537,1,0,0
1200,5,1,1054,1,1,1,4324.55,18821.3,577.856,46.3844,0.587981,484.645,10212.2,141.75,23.1957,0.372499,118.182,99.8869,23.1887,0.0718272,76.6264,241.637,0,0,0
1200,5,1,1055,1,1,1,4341,18737.5,607.871,46.3844,0.517824,514.817,9595.23,154.444,23.1957,0.302342,130.945,127.277,23.1887,0.0718272,104.016,281.72,0,0,0
1200,5,1,1056,1,0,0,-1,-1,1090.86,28.9996,1.10246,1015.54,256485,-1,-1,-1,-1,-1,-1,-1,-1,-1,0,0,0
1200,5,1,1057,1,1,1,4338.02,18702,652.628,46.3844,0.6264,559.596,8763.74,163.73,23.1957,0.267264,140.267,137.068,23.1887,0.0718272,113.807,300.798,0,0,0
1200,5,1,1058,1,1,1,4326.47,18828.4,646.57,46.3844,0.644774,553.501,8997.62,167.585,23.1957,0.267264,144.122,153.421,23.1887,0.0902016,130.142,321.006,0,0,0
1200,5,1,1059,1,0,0,-1,-1,979.974,23.1957,0.267264,910.805,255062,-1,-1,-1,-1,-1,-1,-1,-1,-1,0,0,0
1200,5,1,1060,1,1,1,4314.7,18639.9,555.621,46.3844,0.517824,462.415,10426.7,132.275,23.1957,0.302342,108.777,100.017,23.1887,0.0718272,76.7563,232.292,0,0,0
1200,5,1,1061,1,1,1,4331.21,18687.5,492.09,46.3844,0.552902,398.664,11603.8,154.57,23.1957,0.302342,131.072,81.1304,23.1887,0.106906,57.8348,235.7,0,0,0
1200,5,1,1062,1,0,0,-1,-1,1470.55,23.1957,0.267264,1402.81,266145,-1,-1,-1,-1,-1,-1,-1,-1,-1,0,0,0
1200,5,1,1063,1,1,1,4407.32,18742.9,602.344,46.3844,0.482746,509.309,9699.12,112.806,23.1957,0.267264,89.343,164.336,23.1887,0.0718272,141.076,277.142,0,0,0
1200,5,1,1064,1,0,0,-1,-1,1149.09,23.1957,0.658138,1080.02,257434,-1,-1,-1,-1,-1,-1,-1,-1,-1,0,0,0
1200,5,1,1065,0,0,0,-1,-1,525.851,23.206,0.516154,455.102,247724,-1,-1,-1,-1,-1,-1,-1,-1,-1,0,0,0
1200,5,1,1066,1,0,0,-1,-1,1473.04,23.1957,0.658138,1404.92,266164,-1,-1,-1,-1,-1,-1,-1,-1,-1,0,0,0
1200,5,1,1067,1,1,2,10331.6,24644.8,637.269,69.5741,0.519494,521.746,15379.5,80.0904,23.1957,0.267264,56.6274,330.034,46.3784,0.108576,283.547,410.124,1,0,0
1200,5,1,1068,1,1,1,4339.66,18690.7,609.621,46.3844,0.482746,516.608,9517.53,153.436,23.1957,0.267264,129.973,128.901,23.1887,0.0718272,105.64,282.337,0,0,0
1200,5,1,1069,1,1,1,4319.24,24739.8,546.458,52.1883,0.96215,447.137,16788.2,302.043,28.9996,0.746669,272.263,51.6085,23.1887,0.0718272,28.348,353.652,0,0,0
1200,5,1,1070,1,0,0,-1,-1,1380.35,23.1957,0.302342,1312.31,262312,-1,-1,-1,-1,-1,-1,-1,-1,-1,0,0,0
1200,5,1,1071,1,1,1,4328.52,18643.1,508.192,46.3844,0.482746,414.884,11273.6,92.5453,23.1957,0.267264,69.0823,144.678,23.1887,0.0718272,121.418,237.224,0,0,0
1200,5,1,1072,1,1,1,4375.28,24722.1,725.795,52.1883,0.840211,627.117,13582.2,224.15,28.9996,0.481075,194.42,164.219,23.1887,0.0718272,140.958,388.369,0,0,0
1200,5,1,1073,1,1,1,4333.61,18674.8,482.267,46.3844,1.21271,388.153,11764.5,92.3772,23.1957,0.853574,68.3279,142.302,23.1887,0.0718272,119.041,234.679,0,0,0
1200,5,1,1074,1,1,1,4325.99,18662.3,560.302,46.3844,0.552902,467.075,10365.7,95.4518,23.1957,0.302342,71.9538,159.146,23.1887,0.106906,135.851,254.598,0,0,0
1200,5,1,1075,1,1,1,4336.23,18682.2,625.507,46.3844,0.517824,532.504,9226.35,153.77,23.1957,0.302342,130.272,147.014,23.1887,0.0718272,123.753,300.784,0,0,0
1200,5,1,1076,1,1,1,4324.27,18641.8,553.047,46.3844,0.482746,459.868,10474.6,96.0899,23.1957,0.267264,72.627,158.31,23.1887,0.0718272,135.05,254.4,0,0,0
1200,5,1,1077,1,1,1,4334.86,24720.1,763.154,52.1883,0.571277,664.854,12916.2,255.064,28.9996,0.355795,225.544,162.391,23.1887,0.0718272,139.13,417.455,0,0,0
1200,5,1,1078,1,1,1,4323.91,18691.5,643.514,46.3844,0.482746,550.599,8915.68,164.163,23.1957,0.267264,140.7,149.755,23.1887,0.0718272,126.495,313.919,0,0,0
1200,5,1,1079,1,1,1,4340.55,18733.1,588.041,46.3844,0.908698,494.539,9942.5,146.197,23.1957,0.693216,122.308,105.193,23.1887,0.0718272,81.9325,251.39,0,0,0
1200,5,1,1080,1,1,1,4444.67,30974.9,1025.28,57.9922,0.945446,921.722,14609.1,540.262,34.8035,0.729965,504.544,157.103,23.1887,0.0718272,133.842,697.365,0,0,0
1200,5,1,1081,1,1,1,4367.58,18707,527.183,46.3844,0.552902,433.859,10999.3,95.1623,23.1957,0.267264,71.6993,152.59,23.1887,0.141984,129.26,247.753,0,0,0
1200,5,1,1082,1,1,1,4332.49,18649.1,647.968,46.3844,0.482746,555.066,8794.11,135.321,23.1957,0.267264,111.858,155.865,23.1887,0.0718272,132.604,291.185,0,0,0
1200,5,1,1083,1,1,1,4391.5,18716.7,432.749,46.3844,0.552902,339.151,12688.2,80.6282,23.1957,0.267264,57.1652,132.83,23.1887,0.141984,109.499,213.458,0,0,0
1200,5,1,1084,1,1,1,4320.94,18691.7,573.204,46.3844,0.587981,479.979,10165.4,100.864,23.1957,0.372499,77.296,160.234,23.1887,0.0718272,136.973,261.098,0,0,0
1200,5,1,1085,1,1,1,4318.22,18707.9,654.418,46.3844,0.482746,561.535,8738.22,162.227,23.1957,0.267264,138.764,136.532,23.1887,0.0718272,113.271,298.758,0,0,0
1200,5,1,1086,1,1,1,4369.41,18798.8,664.262,46.3844,0.908698,570.981,8652.83,146.347,23.1957,0.658138,122.494,153.304,23.1887,0.106906,130.009,299.652,0,0,0
1200,5,1,1087,0,0,0,-1,-1,371.53,23.206,0.516154,300.333,245308,-1,-1,-1,-1,-1,-1,-1,-1,-1,0,0,0
1200,5,1,1088,1,1,1,4346.5,18854.8,647.485,46.3844,0.678182,554.386,9007.94,167.736,23.1957,0.462701,144.077,154.275,23.1887,0.0718272,131.014,322.01,0,0,0
1200,5,1,1089,1,1,2,10389.9,24706.6,762.611,69.5741,0.519494,647.452,13212.4,94.5631,23.1957,0.267264,71.1001,376.336,46.3784,0.108576,329.849,470.899,1,0,0
1200,5,1,1090,1,1,1,4354.56,18847,631.183,46.3844,0.517824,538.197,9290.24,158.163,23.1957,0.302342,134.665,148.302,23.1887,0.0718272,125.042,306.466,0,0,0
1200,5,1,1091,1,1,1,4337.6,24843.8,842.23,52.1883,0.536198,744.195,11634,361.952,28.9996,0.320717,332.632,152.749,23.1887,0.0718272,129.489,514.702,0,0,0
1200,5,1,1092,1,1,1,4336,18698.7,540.438,46.3844,0.536198,447.17,10755.3,138.63,23.1957,0.302342,115.132,93.3178,23.1887,0.0902016,70.0389,231.948,0,0,0
1200,5,1,1093,1,1,1,4316.3,18647.7,442.114,46.3844,0.678182,348.418,12452.7,81.3091,23.1957,0.462701,57.6507,133.386,23.1887,0.0718272,110.125,214.695,0,0,0
1200,5,1,1094,1,1,1,4345.32,18731,446.227,46.3844,1.06906,352.153,12462,153.856,23.1957,0.853574,129.807,77.9911,23.1887,0.0718272,54.7306,231.847,0,0,0
1200,5,1,1095,1,0,0,-1,-1,862.653,23.1957,0.267264,793.143,253547,-1,-1,-1,-1,-1,-1,-1,-1,-1,0,0,0
1200,5,1,1096,1,1,1,4383.12,18695.7,615.13,46.3844,0.482746,522.132,9424.59,117.307,23.1957,0.267264,93.8442,163.66,23.1887,0.0718272,140.399,280.967,0,0,0
1200,5,1,1097,1,1,1,4340.13,18734.1,442.999,46.3844,0.623059,349.361,12522.9,151.811,23.1957,0.337421,128.278,76.4225,23.1887,0.141984,53.0918,228.234,0,0,0
1200,5,1,1098,1,1,1,4430.21,18747.4,603.777,46.3844,0.517824,510.711,9677.94,112.94,23.1957,0.267264,89.4766,164.602,23.1887,0.106906,141.307,277.542,0,0,0
1200,5,1,1099,0,0,0,-1,-1,1411.31,5.80392,0.24889,1360.32,264275,-1,-1,-1,-1,-1,-1,-1,-1,-1,0,0,0
1200,5,1,1100,1,0,0,-1,-1,1001.76,23.1957,0.462701,932.461,255362,-1,-1,-1,-1,-1,-1,-1,-1,-1,0,0,0
1200,5,1,1101,1,1,2,10341.5,24745.9,825.066,69.5741,0.663149,709.945,12140.7,167.399,23.1957,0.267264,143.936,330.943,46.3784,0.25223,284.312,498.342,1,0,0
1200,5,1,1102,1,1,1,4335.16,18650,447.17,46.3844,0.6264,353.54,12365.1,83.1946,23.1957,0.267264,59.7317,136.162,23.1887,0.0718272,112.901,219.356,0,0,0
1200,5,1,1103,1,1,1,4355.05,18686.2,554.233,46.3844,0.517824,461.024,10497.7,133.643,23.1957,0.302342,110.145,98.6939,23.1887,0.0718272,75.4334,232.337,0,0,0
1200,5,1,1104,1,1,1,4388.26,18873.2,598.102,46.3844,0.805133,504.732,9903.91,154.259,23.1957,0.302342,130.761,109.748,23.1887,0.0718272,86.4878,264.008,0,0,0
1200,5,1,1105,1,1,1,4338.02,18715.6,470.491,46.3844,0.482746,377.073,12016.5,155.354,23.1957,0.267264,131.891,80.8625,23.1887,0.0718272,57.602,236.217,0,0,0
1200,5,1,1106,1,0,0,-1,-1,710.002,23.1957,0.462701,639.852,251239,-1,-1,-1,-1,-1,-1,-1,-1,-1,0,0,0
1200,5,1,1107,1,1,1,4338.99,18680.3,571.368,46.3844,0.482746,478.243,10187.4,137.9,23.1957,0.267264,114.437,99.6433,23.1887,0.0718272,76.3827,237.543,0,0,0
1200,5,1,1108,1,0,0,-1,-1,1432.38,23.1957,0.267264,1364.52,264476,-1,-1,-1,-1,-1,-1,-1,-1,-1,0,0,0
1200,5,1,1109,1,1,1,4375.78,18712.3,664.68,46.3844,0.6264,571.683,8559.67,144.334,23.1957,0.267264,120.871,153.939,23.1887,0.0718272,130.678,298.273,0,0,0
1200,5,1,1110,1,1,1,4315.66,18716.2,501.888,46.3844,0.713261,408.331,11458,152.778,23.1957,0.497779,129.085,81.6891,23.1887,0.0718272,58.4286,234.467,0,0,0
1200,5,1,1111,1,1,1,4328.04,30688.6,998.56,57.9922,0.659808,895.211,14798.1,543.693,34.8035,0.444326,508.298,130.153,23.1887,0.0718272,106.893,673.846,0,0,0
1200,5,1,1112,1,1,1,4316.94,24639.5,527.455,52.1883,0.536198,428.505,17027.1,290.399,28.9996,0.320717,261.026,50.2748,23.1887,0.0718272,27.0142,340.674,0,0,0
1200,5,1,1113,1,1,1,4333.85,18660.7,532.492,46.3844,0.482746,439.254,10859.1,94.2544,23.1957,0.267264,70.7915,153.508,23.1887,0.0718272,130.247,247.762,0,0,0
1200,5,1,1114,1,1,1,4317.26,30639.6,463.852,57.9922,1.30124,358.307,24256.4,343.748,34.8035,1.08576,307.137,25.2313,23.1887,0.0718272,1.97084,368.979,0,0,0
1200,5,1,1115,1,1,2,10374.3,24919,789.053,69.5741,0.75168,673.739,12953.6,163.184,23.1957,0.302342,139.686,298.235,46.3784,0.305683,251.551,461.419,1,0,0
1200,5,1,1116,1,1,3,16477.7,36931.9,1194.52,98.5678,1.01894,1051.92,18255.1,287.139,28.9996,0.551232,257.505,545.434,69.5682,0.180403,475.686,832.573,2,0,0
1200,5,1,1117,1,0,0,-1,-1,1354.46,23.1957,0.337421,1286.31,261704,-1,-1,-1,-1,-1,-1,-1,-1,-1,0,0,0
1200,5,1,1118,1,1,1,4343.8,24737,828.762,52.1883,0.676512,730.547,11765.7,336.504,28.9996,0.46103,307.043,134.781,23.1887,0.0718272,111.52,471.285,0,0,0
1200,5,1,1119,1,1,1,4412.26,18732.4,622.7,46.3844,0.517824,529.689,9326.42,118.215,23.1957,0.267264,94.752,166.169,23.1887,0.106906,142.873,284.384,0,0,0
1200,5,1,1120,1,1,2,4350.36,18722.3,624.822,69.5849,0.75168,509.02,9677.34,150.15,23.2065,0.320717,126.623,143.987,46.3784,0.143654,97.4646,294.137,1,0,0
1200,5,1,1121,1,1,1,4379.37,18707.9,534.596,46.3844,0.517824,441.33,10868.6,94.5205,23.1957,0.302342,71.0225,154.93,23.1887,0.0718272,131.669,249.45,0,0,0
1200,5,1,1122,1,1,1,4373.8,18709.5,544.786,46.3844,0.552902,451.514,10688.7,96.3668,23.1957,0.302342,72.8688,159.069,23.1887,0.106906,135.773,255.436,0,0,0
1200,5,1,1123,1,1,1,4351.04,18683.3,578.343,46.3844,0.482746,485.239,10066.4,103.479,23.1957,0.267264,80.0158,162.483,23.1887,0.0718272,139.222,265.962,0,0,0
1200,5,1,1124,1,0,0,-1,-1,987.465,23.1957,0.372499,918.212,255164,-1,-1,-1,-1,-1,-1,-1,-1,-1,0,0,0
1200,5,1,1125,1,1,1,4318.54,18676,394.535,46.3844,0.482746,300.896,13327.6,131.134,23.1957,0.267264,107.671,61.6739,23.1887,0.0718272,38.4134,192.808,0,0,0
1200,5,1,1126,1,1,1,4317.58,24634.9,407.539,52.1883,0.696557,308.079,19154.6,229.41,28.9996,0.481075,199.701,31.9633,23.1887,0.0718272,8.70275,261.373,0,0,0
1200,5,1,1127,1,0,0,-1,-1,1448.61,23.1957,0.462701,1380.61,265190,-1,-1,-1,-1,-1,-1,-1,-1,-1,0,0,0
1200,5,1,1128,1,1,3,16541.6,30861.9,925.576,92.7639,0.699898,788.158,16868.9,94.2544,23.1957,0.267264,70.7915,572.743,69.5682,0.288979,502.886,666.997,2,0,0
1200,5,1,1129,1,0,0,-1,-1,838.752,23.1957,0.267264,769.171,253248,-1,-1,-1,-1,-1,-1,-1,-1,-1,0,0,0
1200,5,1,1130,1,1,1,4335.57,18855.7,638.702,46.3844,0.482746,545.773,9165.46,159.433,23.1957,0.267264,135.97,151.455,23.1887,0.0718272,128.195,310.888,0,0,0
1200,5,1,1131,1,1,1,4405.2,19024.9,651.412,46.3844,0.644774,558.358,9108.04,167.82,23.1957,0.267264,144.357,156.331,23.1887,0.0902016,133.052,324.15,0,0,0
1200,5,1,1132,1,1,1,4323.91,18775,655.657,46.3844,0.517824,562.742,8783.01,166.64,23.1957,0.302342,143.142,137.849,23.1887,0.0718272,114.589,304.489,0,0,0
1200,5,1,1133,1,1,1,4328.92,18662.3,658.012,46.3844,0.678182,564.944,8628.23,158.13,23.1957,0.462701,134.472,141.675,23.1887,0.0718272,118.415,299.806,0,0,0
1200,5,1,1134,1,1,1,4370.23,24687.1,819.185,52.1883,0.696557,720.922,11886.9,303.959,28.9996,0.481075,274.467,149.939,23.1887,0.0718272,126.679,453.898,0,0,0
1200,5,1,1135,1,1,1,4328.46,24682.1,819.135,52.1883,0.910368,720.658,11882,323.106,28.9996,0.676512,293.43,136.472,23.1887,0.0902016,113.193,459.578,0,0,0
1200,5,1,1136,1,1,1,4319.4,18664,568.849,46.3952,0.50112,475.688,10215.8,139.833,23.2065,0.285638,116.341,100.3,23.1887,0.0718272,77.0397,240.133,0,0,0
1200,5,1,1137,1,1,1,4437.27,24764.4,808.816,52.1883,0.891994,710.328,12148.1,288.722,28.9996,0.676512,258.989,155.809,23.1887,0.0718272,132.548,444.531,0,0,0
1200,5,1,1138,1,1,1,4353.38,18687,416.987,46.3844,0.840211,323.056,12938.2,74.2506,23.1957,0.462701,50.5922,126.793,23.1887,0.0902016,103.514,201.044,0,0,0
1200,5,1,1139,1,1,1,4344.39,24664.5,743.495,52.1883,0.536198,645.173,13210.4,235.852,28.9996,0.320717,206.321,164.022,23.1887,0.0718272,140.762,399.874,0,0,0
1200,5,1,1140,1,0,0,-1,-1,1022.46,23.1957,0.337421,953.344,255657,-1,-1,-1,-1,-1,-1,-1,-1,-1,0,0,0
1200,5,1,1141,1,1,1,4407.23,18770,660.735,46.3844,1.17429,567.178,8685.77,160.015,23.1957,0.888653,135.93,141.953,23.1887,0.141984,118.622,301.968,0,0,0
1200,5,1,1142,1,1,1,4351.66,18669,531.176,46.3844,0.482746,437.935,10890.8,93.5993,23.1957,0.267264,70.1363,153.814,23.1887,0.0718272,130.554,247.414,0,0,0
1200,5,1,1143,1,1,1,4446.78,18768.6,499.256,46.3844,0.50112,405.903,11557.7,92.7691,23.1957,0.267264,69.3061,146.314,23.1887,0.0902016,123.035,239.083,0,0,0
1200,5,1,1144,1,1,1,4318.22,18688.3,424.286,46.3844,0.517824,330.699,12810.5,148.807,23.1957,0.302342,125.309,68.6242,23.1887,0.0718272,45.3636,217.431,0,0,0
1200,5,1,1145,1,1,2,10380.9,24697.6,793.574,69.5741,0.806803,678.219,12652,103.315,23.1957,0.267264,79.8516,374.754,46.3784,0.25223,328.123,478.069,1,0,0
1200,5,1,1146,1,1,2,4452.56,18790.7,668.173,69.5741,0.698227,552.561,8960.12,165.154,23.1957,0.267264,141.691,176.68,46.3784,0.287309,130.014,341.834,1,0,0
1200,5,1,1147,1,1,1,4344.75,18742.4,1079.31,46.3844,1.10915,987.04,256093,164.722,23.1957,0.462701,141.063,142.213,23.1887,0.0718272,118.953,306.935,0,0,0
1200,5,1,1148,1,1,1,4317.55,18631.4,494.445,46.3844,0.482746,401.097,11506.3,152.479,23.1957,0.267264,129.016,80.2759,23.1887,0.0718272,57.0154,232.755,0,0,0
1200,5,1,1149,1,1,1,4457.3,18802.9,647.063,46.3844,0.661478,553.98,8963.3,134.601,23.1957,0.267264,111.138,165.474,23.1887,0.106906,142.179,300.075,0,0,0
1200,5,1,1150,1,1,1,4324.87,18668.3,512.025,46.3844,0.482746,418.728,11230.7,92.2764,23.1957,0.267264,68.8134,145.667,23.1887,0.0718272,122.407,237.944,0,0,0
1200,5,1,1151,1,0,0,-1,-1,1015.42,23.1957,0.798451,945.822,255535,-1,-1,-1,-1,-1,-1,-1,-1,-1,0,0,0
1200,5,1,1152,1,1,1,4336.23,18740.5,646.475,46.3844,0.482746,553.568,8911.99,167.511,23.1957,0.267264,144.048,149.037,23.1887,0.0718272,125.777,316.548,0,0,0
1200,5,1,1153,1,1,1,4332.87,18824,656.921,46.3844,0.552902,563.975,8809.32,167.766,23.1957,0.337421,144.232,138.885,23.1887,0.0718272,115.625,306.651,0,0,0
1200,5,1,1154,1,1,1,4318.98,18794.4,464.34,46.3844,0.482746,370.904,12204.7,159.28,23.1957,0.267264,135.817,81.9833,23.1887,0.0718272,58.7228,241.263,0,0,0
1200,5,1,1155,1,0,0,-1,-1,962.774,23.1957,0.267264,893.555,254859,-1,-1,-1,-1,-1,-1,-1,-1,-1,0,0,0
1200,5,1,1156,1,1,1,4325.8,18785.2,479.928,46.3844,0.6264,386.393,11917.9,157.285,23.1957,0.267264,133.822,81.4996,23.1887,0.0718272,58.2391,238.785,0,0,0
1200,5,1,1157,1,1,1,4315.34,24649.4,491.693,52.1883,0.731635,392.443,17672.4,274.439,28.9996,0.516154,244.823,47.4827,23.1887,0.0718272,24.2222,321.922,0,0,0
1200,5,1,1158,1,1,1,4315.02,18692.6,541.126,46.3844,0.482746,447.913,10737.4,139.454,23.1957,0.267264,115.991,93.0864,23.1887,0.0718272,69.8259,232.54,0,0,0
1200,5,1,1159,1,1,1,4316.3,18641.1,448.897,46.3844,0.482746,355.416,12326,84.9724,23.1957,0.267264,61.5094,136.162,23.1887,0.0718272,112.901,221.134,0,0,0
1200,5,1,1160,1,1,1,4321.61,30696,951.659,57.9922,0.589651,848.243,15640,525.492,34.8035,0.37417,490.113,101.394,23.1887,0.0718272,78.1334,626.886,0,0,0
1200,5,1,1161,1,1,1,4326.47,18656.1,572.39,46.3844,0.482746,479.268,10145,137.283,23.1957,0.267264,113.82,100.439,23.1887,0.0718272,77.1787,237.722,0,0,0
1200,5,1,1162,1,1,1,4366.41,18684.7,520.342,46.3844,0.6264,426.925,11098.8,94.4367,23.1957,0.267264,70.9738,150.358,23.1887,0.0718272,127.098,244.795,0,0,0
1200,5,1,1163,1,1,1,4375.25,18740.6,631.258,46.3844,0.587981,538.202,9181.93,124.547,23.1957,0.302342,101.049,166.154,23.1887,0.141984,142.823,290.701,0,0,0
1200,5,1,1164,1,0,0,-1,-1,1448.62,23.1957,0.372499,1380.71,265197,-1,-1,-1,-1,-1,-1,-1,-1,-1,0,0,0
1200,5,1,1165,1,1,3,16398.5,30729.3,1043.02,92.7639,0.699898,905.943,14648,148.268,23.1957,0.267264,124.806,534.53,69.5682,0.288979,464.673,682.799,2,0,0
1200,5,1,1166,1,1,1,4360.19,18793.1,655.059,46.3844,0.678182,561.982,8811.49,165.638,23.1957,0.462701,141.98,137.23,23.1887,0.0718272,113.97,302.868,0,0,0
1200,5,1,1167,1,1,1,4331,18668.2,572.036,46.3844,0.482746,478.913,10163.4,99.9215,23.1957,0.267264,76.4585,160.241,23.1887,0.0718272,136.981,260.163,0,0,0
1200,5,1,1168,1,1,1,4329.75,18655.1,574.807,46.3844,0.482746,481.692,10101.1,100.876,23.1957,0.267264,77.4133,161.292,23.1887,0.0718272,138.031,262.168,0,0,0
1200,5,1,1169,1,1,1,4326.79,18664,599.913,46.3844,0.587981,506.766,9662.76,149.103,23.1957,0.302342,125.605,120.091,23.1887,0.141984,96.7607,269.195,0,0,0
1200,5,1,1170,1,1,1,4323.14,18693.7,562.176,46.3844,0.482746,469.024,10364.2,135.427,23.1957,0.267264,111.964,101.533,23.1887,0.0718272,78.2724,236.96,0,0,0
1200,5,1,1171,1,1,1,4322.95,24760.7,773.836,52.1991,0.820166,675.307,12766.1,335.482,29.0104,0.604685,305.867,101.943,23.1887,0.0718272,78.6821,437.424,0,0,0
1200,5,1,1172,1,1,1,4365.47,18726,608.406,46.3844,0.517824,515.353,9574.27,152.283,23.1957,0.302342,128.785,129.717,23.1887,0.0718272,106.456,282,0,0,0
1200,5,1,1173,1,1,2,10340.7,24687.4,848.951,69.5741,0.554573,734.009,11657.7,162.623,23.1957,0.302342,139.125,342.738,46.3784,0.108576,296.251,505.361,1,0,0
1200,5,1,1174,1,1,1,4363.94,18775.4,651.796,46.3844,0.661478,558.726,8851.68,164.531,23.1957,0.302342,141.032,149.799,23.1887,0.0718272,126.538,314.329,0,0,0
1200,5,1,1175,1,1,1,4343.68,18892.5,413.419,46.3844,0.517824,319.8,13208,147.029,23.1957,0.302342,123.531,64.7565,23.1887,0.0718272,41.496,211.786,0,0,0
1200,5,1,1176,1,1,1,4317.03,18641.4,546.286,46.3844,0.482746,453.088,10594.5,136.503,23.1957,0.267264,113.04,94.5952,23.1887,0.0718272,71.3347,231.098,0,0,0
1200,5,1,1177,1,1,1,4320.58,30710.6,979.306,57.9922,1.21104,875.35,15161.3,538.976,34.8035,0.995558,503.012,105.9,23.1887,0.0718272,82.64,644.876,0,0,0
1200,5,1,1178,1,1,1,4437.42,18752.2,599.688,46.3844,0.661478,506.467,9755.08,150.548,23.1957,0.267264,127.085,117.91,23.1887,0.106906,94.6148,268.458,0,0,0
1200,5,1,1179,1,1,1,4341.1,18665.6,547.65,46.3844,0.482746,454.456,10594.5,95.1009,23.1957,0.267264,71.6379,158.648,23.1887,0.0718272,135.387,253.748,0,0,0
1200,5,1,1180,1,1,1,4335.07,18654.7,451.712,46.3844,0.517824,358.204,12289.3,85.7131,23.1957,0.302342,62.2151,135.786,23.1887,0.0718272,112.526,221.499,0,0,0
1200,5,1,1181,1,1,1,4373.19,18762.2,632.342,46.3844,1.06906,538.809,9183.63,125.562,23.1957,0.853574,101.513,166.148,23.1887,0.0718272,142.888,291.71,0,0,0
1200,5,1,1182,1,1,1,4315.66,18687.9,510.861,46.3844,0.482746,417.56,11270.9,150.972,23.1957,0.267264,127.509,82.18,23.1887,0.0718272,58.9195,233.152,0,0,0
1200,5,1,1183,1,1,1,4374.92,24813.9,608.77,52.1883,0.696557,509.896,15755.3,327.049,28.9996,0.481075,297.568,73.0369,23.1887,0.0718272,49.7764,400.086,0,0,0
1200,5,1,1184,1,1,1,4415.5,18801,620.808,46.3844,0.517824,527.792,9428.65,154.595,23.1957,0.302342,131.097,138.757,23.1887,0.0718272,115.496,293.352,0,0,0
1200,5,1,1185,1,1,1,4383.97,18703.1,551.293,46.3844,0.821837,457.771,10566.2,94.7025,23.1957,0.462701,71.0441,159.351,23.1887,0.0718272,136.091,254.054,0,0,0
1200,5,1,1186,1,1,1,4328.71,30654.7,647.25,57.9922,0.980525,542.559,21010.7,443.222,34.8035,0.765043,407.221,43.9922,23.1887,0.0718272,20.7317,487.214,0,0,0
1200,5,1,1187,1,1,1,4324.47,18654.4,467.452,46.3844,0.482746,374.025,12009.3,154.632,23.1957,0.267264,131.169,79.8049,23.1887,0.0718272,56.5444,234.437,0,0,0
1200,5,1,1188,1,0,0,-1,-1,924.179,23.1957,0.267264,854.847,254313,-1,-1,-1,-1,-1,-1,-1,-1,-1,0,0,0
1200,5,1,1189,1,1,1,4412.7,18822.7,665.331,46.3844,0.517824,572.445,8658.72,145.757,23.1957,0.302342,122.259,154.899,23.1887,0.0718272,131.639,300.656,0,0,0
1200,5,1,1190,1,1,1,4327.4,18759.7,655.796,46.3844,0.908698,562.491,8764.3,164.719,23.1957,0.693216,140.83,133.714,23.1887,0.0718272,110.454,298.434,0,0,0
1200,5,1,1191,1,1,1,4316.62,18797.4,580.969,46.3844,0.482746,487.872,10133.8,145.951,23.1957,0.267264,122.488,100.315,23.1887,0.0718272,77.0541,246.266,0,0,0
1200,5,1,1192,1,1,1,4480.54,30979.2,1024.61,57.9922,0.785088,921.21,14625.5,538.355,34.8035,0.569606,502.797,159.037,23.1887,0.0718272,135.777,697.392,0,0,0
1200,5,1,1193,1,0,0,-1,-1,581.218,23.1957,0.302342,510.854,248741,-1,-1,-1,-1,-1,-1,-1,-1,-1,0,0,0
1200,5,1,1194,1,1,1,4316.62,18705.9,416.779,46.3844,0.552902,323.135,12961.4,147.214,23.1957,0.337421,123.681,66.0072,23.1887,0.0718272,42.7467,213.221,0,0,0
1200,5,1,1195,1,1,1,4315.66,18649.7,646.088,46.3844,0.482746,553.18,8828.15,161.972,23.1957,0.267264,138.509,146.189,23.1887,0.0718272,122.929,308.161,0,0,0
1200,5,1,1196,1,1,1,4447.55,24940.8,846.474,52.1883,1.08743,747.9,11654.4,361.023,28.9996,0.871949,331.152,157.529,23.1887,0.0718272,134.268,518.552,0,0,0
1200,5,1,1197,1,1,1,4317.26,30765,906.688,57.9922,1.05068,802.681,16507.2,520.794,34.8035,0.8352,484.928,90.5669,23.1887,0.0718272,67.3064,611.361,0,0,0
1200,5,1,1198,1,1,2,10334.8,24654.6,845.108,69.5741,0.663149,730.045,11693.1,143.302,23.1957,0.267264,119.839,335.607,46.3784,0.108576,289.12,478.909,1,0,0
1200,5,1,1199,1,1,1,4321.68,18649.4,522.546,46.3844,0.678182,429.084,11024.2,95.1916,23.1957,0.462701,71.5332,150.199,23.1887,0.0718272,126.939,245.391,0,0,0
1200,5,1,1200,1,1,1,4332.57,18654.7,637.49,46.3844,0.6264,544.414,8985.56,127.849,23.1957,0.267264,104.386,162.089,23.1887,0.0718272,138.829,289.938,0,0,0
