N,seed,dutyCycle,devId,registered,authSuccess,attempts,latencyMs,e2eMs,fullEnergyMJ,fullCpuEnergyMJ,fullTxEnergyMJ,fullRxEnergyMJ,idleListeningMs,regEnergyMJ,regCpuEnergyMJ,regTxEnergyMJ,regRxEnergyMJ,authEnergyMJ,authCpuEnergyMJ,authTxEnergyMJ,authRxEnergyMJ,sessionEnergyMJ,fallbackUsed,replayRejected,desync
1200,2,0,1,1,1,1,4335.14,18721.4,1591.28,46.3844,0.517824,1501.08,273373,154.122,23.1957,0.302342,130.624,99.7804,23.1887,0.0718272,76.5199,253.903,0,0,0
1200,2,0,2,1,1,1,4319.13,18680.1,1591.16,46.3844,0.482746,1501,273376,151.782,23.1957,0.267264,128.319,77.141,23.1887,0.0718272,53.8805,228.923,0,0,0
1200,2,0,3,1,1,1,4316.94,24659.1,1596.83,52.1883,0.696557,1500.83,273374,330.413,28.9996,0.481075,300.932,79.4132,23.1887,0.0718272,56.1527,409.826,0,0,0
1200,2,0,4,1,1,1,4321.96,24647.9,1596.71,52.1883,0.731635,1500.67,273376,338.385,28.9996,0.481075,308.904,90.8565,23.1887,0.106906,67.5609,429.241,0,0,0
1200,2,0,5,1,1,1,4397.25,18730,1591.22,46.3844,0.661478,1500.89,273374,140.068,23.1957,0.302342,116.57,159.963,23.1887,0.0718272,136.703,300.032,0,0,0
1200,2,0,6,1,1,1,4397.66,18743.5,1591.12,46.3844,0.517824,1500.92,273376,136.104,23.1957,0.267264,112.641,160.926,23.1887,0.106906,137.63,297.03,0,0,0
1200,2,0,7,1,0,0,-1,-1,1568.93,23.1957,0.267264,1501.47,273372,-1,-1,-1,-1,-1,-1,-1,-1,-1,0,0,0
1200,2,0,8,1,0,0,-1,-1,1569.14,23.1957,0.462701,1501.49,273368,-1,-1,-1,-1,-1,-1,-1,-1,-1,0,0,0
1200,2,0,9,1,1,1,4341.04,18672.4,1591.14,46.3844,0.482746,1500.98,273376,158.684,23.1957,0.267264,135.221,138.114,23.1887,0.0718272,114.854,296.798,0,0,0
1200,2,0,10,1,1,1,4330.8,18651.9,1591.32,46.3844,0.517824,1501.12,273373,145.298,23.1957,0.267264,121.835,149.137,23.1887,0.106906,125.841,294.435,0,0,0
1200,2,0,11,1,1,1,4317.58,18630.5,1591.28,46.3844,0.482746,1501.12,273373,143.562,23.1957,0.267264,120.099,70.012,23.1887,0.0718272,46.7515,213.574,0,0,0
1200,2,0,12,1,1,1,4323.69,18678.3,1591.34,46.3844,0.482746,1501.18,273372,153.298,23.1957,0.267264,129.836,103.868,23.1887,0.0718272,80.6078,257.167,0,0,0
1200,2,0,13,1,1,1,4324.42,18744.3,1591.16,46.3844,0.552902,1500.93,273375,152.441,23.1957,0.337421,128.908,78.0362,23.1887,0.0718272,54.7757,230.477,0,0,0
1200,2,0,14,1,1,1,4328.78,24706.4,1597.13,52.1883,1.31795,1500.51,273367,246.632,28.9996,1.10246,216.341,37.0708,23.1887,0.0718272,13.8103,283.702,0,0,0
1200,2,0,15,1,1,1,4316.94,18772.6,1591.18,46.3844,0.482746,1501.02,273375,125.512,23.1957,0.267264,102.049,59.167,23.1887,0.0718272,35.9065,184.679,0,0,0
1200,2,0,16,1,1,1,4328.07,18705.9,1591.22,46.3844,0.482746,1501.06,273374,115.035,23.1957,0.267264,91.5719,55.6386,23.1887,0.0718272,32.3781,170.674,0,0,0
1200,2,0,17,1,1,1,4317.51,18641.8,1591.14,46.3844,0.482746,1500.98,273376,149.615,23.1957,0.267264,126.152,76.4931,23.1887,0.0718272,53.2326,226.108,0,0,0
1200,2,0,18,1,1,1,4369.06,18684,1591.28,46.3844,0.50112,1501.1,273373,82.2417,23.1957,0.267264,58.7787,143.3,23.1887,0.0902016,120.021,225.542,0,0,0
1200,2,0,19,1,1,1,4326.15,18664.8,1591.14,46.3844,0.517824,1500.94,273376,150.385,23.1957,0.302342,126.886,79.8229,23.1887,0.0718272,56.5624,230.207,0,0,0
1200,2,0,20,1,1,1,4333.74,18649.8,1591.36,46.3844,0.6264,1501.06,273372,77.9896,23.1957,0.267264,54.5266,137.784,23.1887,0.0718272,114.524,215.774,0,0,0
1200,2,0,21,1,0,0,-1,-1,1568.64,23.1957,0.888653,1500.56,273376,-1,-1,-1,-1,-1,-1,-1,-1,-1,0,0,0
1200,2,0,22,1,1,1,4319.52,18653.6,1591.3,46.3844,0.482746,1501.14,273373,83.6964,23.1957,0.267264,60.2334,144.494,23.1887,0.0718272,121.234,228.191,0,0,0
1200,2,0,23,1,1,1,4320.52,18642.9,1591.32,46.3844,0.482746,1501.16,273373,83.6819,23.1957,0.267264,60.219,144.157,23.1887,0.0718272,120.896,227.839,0,0,0
1200,2,0,24,1,1,1,4369.83,18865.2,1591.1,46.3844,0.517824,1500.91,273376,163.204,23.1957,0.302342,139.706,151.847,23.1887,0.0718272,128.587,315.051,0,0,0
1200,2,0,25,1,1,1,4322.82,18716.5,1591.24,46.3844,0.482746,1501.08,273374,115.908,23.1957,0.267264,92.4455,55.7523,23.1887,0.0718272,32.4918,171.661,0,0,0
1200,2,0,26,1,1,1,4330.15,18679.9,1591.41,46.3844,0.517824,1501.22,273371,80.6336,23.1957,0.267264,57.1706,145.639,23.1887,0.106906,122.344,226.273,0,0,0
1200,2,0,27,1,1,1,4327.98,18654.9,1591.16,46.3844,0.482746,1501,273376,144.65,23.1957,0.267264,121.187,151.226,23.1887,0.0718272,127.966,295.876,0,0,0
1200,2,0,28,1,1,1,4332.73,18795.8,1591.06,46.3844,0.517824,1500.86,273377,160.435,23.1957,0.267264,136.972,132.226,23.1887,0.106906,108.931,292.661,0,0,0
1200,2,0,29,1,1,1,4326.22,18701.3,1591.04,46.3844,0.517824,1500.84,273377,152.018,23.1957,0.302342,128.52,80.0576,23.1887,0.0718272,56.7971,232.075,0,0,0
1200,2,0,30,1,1,1,4347.59,18661.4,1591.11,46.3844,0.6264,1500.8,273376,102.791,23.1957,0.267264,79.3282,149.162,23.1887,0.0718272,125.901,251.953,0,0,0
1200,2,0,31,1,1,1,4367.6,18736.7,1591.36,46.3844,0.770054,1500.91,273371,148.712,23.1957,0.267264,125.25,153.789,23.1887,0.0718272,130.529,302.502,0,0,0
1200,2,0,32,1,1,1,4510.14,18848.3,1591.39,46.3844,0.873619,1500.84,273370,135.286,23.1957,0.658138,111.432,161.99,23.1887,0.0718272,138.73,297.276,0,0,0
1200,2,0,33,1,1,1,4315.34,18741.3,1591.44,46.3844,0.678182,1501.08,273370,143.714,23.1957,0.462701,120.055,69.1891,23.1887,0.0718272,45.9286,212.903,0,0,0
1200,2,0,34,1,1,1,4387.52,18823,1591.12,46.3844,0.517824,1500.93,273376,159.99,23.1957,0.302342,136.492,152.47,23.1887,0.0718272,129.209,312.459,0,0,0
1200,2,0,35,1,1,1,4405.9,18748,1591.42,46.3844,0.482746,1501.26,273371,137.544,23.1957,0.267264,114.081,158.337,23.1887,0.0718272,135.077,295.882,0,0,0
1200,2,0,36,1,1,3,4444.99,18767.8,1636.18,92.7639,0.805133,1500.73,273373,127.425,23.1957,0.267264,103.962,206.129,69.5682,0.394214,136.167,333.554,2,0,0
1200,2,0,37,1,1,1,4335.36,18649.2,1591.18,46.3844,0.517824,1500.98,273375,120.377,23.1957,0.267264,96.9142,156.21,23.1887,0.106906,132.914,276.587,0,0,0
1200,2,0,38,1,1,1,4338.04,18706.3,1591.32,46.3844,0.517824,1501.12,273373,148.98,23.1957,0.267264,125.517,155.75,23.1887,0.106906,132.454,304.729,0,0,0
1200,2,0,39,1,1,1,4323.19,18641.6,1591.44,46.3844,0.482746,1501.28,273371,78.4354,23.1957,0.267264,54.9724,137.932,23.1887,0.0718272,114.672,216.367,0,0,0
1200,2,0,40,1,1,1,4344.82,24729.2,1596.85,52.1883,0.731635,1500.81,273374,315.652,28.9996,0.516154,286.137,151.735,23.1887,0.0718272,128.475,467.388,0,0,0
1200,2,0,41,1,1,2,10324.4,30641.5,1619.22,75.3781,0.572947,1500.86,273376,306.173,28.9996,0.320717,276.847,354.866,46.3784,0.108576,308.379,661.039,1,0,0
1200,2,0,42,1,1,1,4325.7,18748.6,1591.1,46.3844,0.517824,1500.9,273376,155.268,23.1957,0.267264,131.805,102.887,23.1887,0.106906,79.5917,258.155,0,0,0
1200,2,0,43,1,1,1,4346.27,24715.2,1597.22,52.1883,0.731635,1501.18,273367,347.63,28.9996,0.516154,318.114,140.278,23.1887,0.0718272,117.018,487.908,0,0,0
1200,2,0,44,1,1,1,4375.04,18757.2,1591.51,46.3844,0.856915,1500.97,273368,145.374,23.1957,0.462701,121.716,152.032,23.1887,0.106906,128.736,297.406,0,0,0
1200,2,0,45,1,1,1,4340.26,18749.3,1591.14,46.3844,0.482746,1500.98,273376,151.802,23.1957,0.267264,128.339,155.213,23.1887,0.0718272,131.953,307.015,0,0,0
1200,2,0,46,1,1,1,4317.9,24706,1596.65,52.1991,0.75001,1500.58,273377,336.796,29.0104,0.534528,307.251,80.1749,23.1887,0.0718272,56.9144,416.971,0,0,0
1200,2,0,47,1,1,1,4370.26,18796.8,1591.21,46.3844,0.517824,1501.02,273374,158.187,23.1957,0.302342,134.689,115.39,23.1887,0.0718272,92.1296,273.577,0,0,0
1200,2,0,48,1,1,1,4320.2,18707.9,1591.13,46.3844,0.748339,1500.7,273375,149.407,23.1957,0.497779,125.713,79.2336,23.1887,0.106906,55.938,228.64,0,0,0
1200,2,0,49,1,1,1,4321.86,18684.1,1591.14,46.3844,0.482746,1500.98,273376,160.242,23.1957,0.267264,136.779,147.189,23.1887,0.0718272,123.928,307.43,0,0,0
1200,2,0,50,1,1,1,4315.91,18669.3,1591.2,46.3844,0.482746,1501.04,273375,80.5975,23.1957,0.267264,57.1346,137.784,23.1887,0.0718272,114.524,218.382,0,0,0
1200,2,0,51,1,0,0,-1,-1,1568.81,23.1957,0.267264,1501.35,273374,-1,-1,-1,-1,-1,-1,-1,-1,-1,0,0,0
1200,2,0,52,1,1,1,4360.54,18716.4,1591.16,46.3844,0.482746,1501,273376,145.094,23.1957,0.267264,121.631,156.166,23.1887,0.0718272,132.905,301.26,0,0,0
1200,2,0,53,1,1,1,4324.81,18849.4,1591.16,46.3844,0.517824,1500.96,273375,163.844,23.1957,0.267264,140.381,149.316,23.1887,0.106906,126.02,313.16,0,0,0
1200,2,0,54,1,1,1,4334.63,18674.1,1591.26,46.3844,0.482746,1501.1,273374,156.19,23.1957,0.267264,132.727,149.546,23.1887,0.0718272,126.285,305.736,0,0,0
1200,2,0,55,1,1,1,4329.33,18661.7,1591.16,46.3844,0.482746,1501,273376,77.7658,23.1957,0.267264,54.3028,143.928,23.1887,0.0718272,120.667,221.693,0,0,0
1200,2,0,56,1,1,2,4545.41,18908.4,1613.58,69.5741,1.0724,1500.34,273375,135.413,23.1957,0.462701,111.755,186.172,46.3784,0.322387,139.471,321.586,1,0,0
1200,2,0,57,1,1,1,4329.72,18644.8,1591.26,46.3844,0.482746,1501.1,273374,154.959,23.1957,0.267264,131.496,105.453,23.1887,0.0718272,82.1924,260.412,0,0,0
1200,2,0,58,1,1,1,4327.21,18832.7,1591.28,46.3844,0.661478,1500.94,273373,162.231,23.1957,0.302342,138.733,149.591,23.1887,0.0718272,126.331,311.822,0,0,0
1200,2,0,59,1,1,1,4343.73,24732.5,1596.73,52.1883,0.731635,1500.69,273376,323.992,28.9996,0.516154,294.477,150.961,23.1887,0.0718272,127.7,474.953,0,0,0
1200,2,0,60,1,1,1,4338.84,18690.1,1591.32,46.3844,0.482746,1501.16,273373,87.1327,23.1957,0.267264,63.6697,135.795,23.1887,0.0718272,112.535,222.928,0,0,0
1200,2,0,61,1,0,0,-1,-1,1568.93,23.1957,0.267264,1501.47,273372,-1,-1,-1,-1,-1,-1,-1,-1,-1,0,0,0
1200,2,0,62,1,1,1,4353.51,18667.4,1591.14,46.3844,0.482746,1500.98,273376,83.9905,23.1957,0.267264,60.5276,147.086,23.1887,0.0718272,123.826,231.077,0,0,0
1200,2,0,63,1,1,1,4379.11,18739.4,1591.08,46.3844,0.482746,1500.92,273377,149.117,23.1957,0.267264,125.654,154.793,23.1887,0.0718272,131.532,303.909,0,0,0
1200,2,0,64,1,1,1,4336.74,18713.7,1591.44,46.3844,0.821837,1500.94,273370,145.982,23.1957,0.462701,122.324,155.087,23.1887,0.0718272,131.826,301.069,0,0,0
1200,2,0,65,1,0,0,-1,-1,1568.77,23.1957,0.267264,1501.31,273375,-1,-1,-1,-1,-1,-1,-1,-1,-1,0,0,0
1200,2,0,66,1,0,0,-1,-1,1585.62,40.6075,1.36973,1500.18,273372,-1,-1,-1,-1,-1,-1,-1,-1,-1,0,0,0
1200,2,0,67,1,1,1,4410.39,18728.4,1591.2,46.3844,0.482746,1501.04,273375,82.4691,23.1957,0.267264,59.0061,145.171,23.1887,0.0718272,121.911,227.64,0,0,0
1200,2,0,68,1,1,1,4315.66,18667.9,1591.39,46.3844,0.748339,1500.96,273371,151.662,23.1957,0.532858,127.933,79.8861,23.1887,0.0718272,56.6256,231.548,0,0,0
1200,2,0,69,1,1,1,4373.41,24689.9,1596.75,52.1883,0.696557,1500.75,273376,170.064,28.9996,0.481075,140.182,148.182,23.1887,0.0718272,124.921,318.245,0,0,0
1200,2,0,70,1,1,1,4320.26,18726.3,1591.22,46.3844,0.552902,1500.99,273374,153.818,23.1957,0.337421,130.285,99.4177,23.1887,0.0718272,76.1571,253.236,0,0,0
1200,2,0,71,1,1,1,4379.3,24699.3,1597.01,52.1883,0.731635,1500.97,273371,176.467,28.9996,0.481075,146.604,150.368,23.1887,0.106906,127.072,326.835,0,0,0
1200,2,0,72,1,1,1,4345.54,18818.3,1591.35,46.3844,0.927072,1500.75,273371,163.473,23.1957,0.567936,139.71,150.439,23.1887,0.0718272,127.179,313.913,0,0,0
1200,2,0,73,1,1,1,4385.27,18838.9,1591.74,46.3844,0.943776,1501.12,273364,141.9,23.1957,0.728294,117.976,160.041,23.1887,0.0718272,136.78,301.941,0,0,0
1200,2,0,74,1,1,1,4321.67,18701.3,1591.22,46.3844,0.678182,1500.86,273374,151.456,23.1957,0.462701,127.798,76.762,23.1887,0.0718272,53.5015,228.218,0,0,0
1200,2,0,75,1,1,1,4317.9,18679.2,1591.22,46.3844,0.482746,1501.06,273374,112.611,23.1957,0.267264,89.1481,54.9293,23.1887,0.0718272,31.6688,167.54,0,0,0
1200,2,0,76,1,0,0,-1,-1,1568.71,23.1957,0.267264,1501.25,273376,-1,-1,-1,-1,-1,-1,-1,-1,-1,0,0,0
1200,2,0,77,1,1,2,10331.4,24685.3,1613.62,69.5741,0.519494,1500.94,273376,143.646,23.1957,0.267264,120.183,359.196,46.3784,0.108576,312.709,502.842,1,0,0
1200,2,0,78,1,1,1,4317.26,18702.1,1591.36,46.3844,0.517824,1501.16,273372,151.157,23.1957,0.302342,127.659,91.5848,23.1887,0.0718272,68.3243,242.742,0,0,0
1200,2,0,79,1,0,0,-1,-1,1568.77,23.1957,0.337421,1501.24,273374,-1,-1,-1,-1,-1,-1,-1,-1,-1,0,0,0
1200,2,0,80,1,1,1,4330.46,18649.6,1591.3,46.3844,0.482746,1501.14,273373,81.4097,23.1957,0.267264,57.9467,143.904,23.1887,0.0718272,120.644,225.314,0,0,0
1200,2,0,81,1,1,1,4337.79,24849.9,1597.04,52.1883,0.571277,1501.16,273370,343.612,28.9996,0.320717,314.291,150.052,23.1887,0.106906,126.757,493.664,0,0,0
1200,2,0,82,1,1,1,4330.15,18647.2,1591.16,46.3844,0.517824,1500.96,273375,135.539,23.1957,0.267264,112.076,157.461,23.1887,0.106906,134.165,293,0,0,0
1200,2,0,83,1,1,1,4315.02,18682.4,1591.24,46.3844,0.517824,1501.04,273374,149.462,23.1957,0.302342,125.964,73.4682,23.1887,0.0718272,50.2077,222.93,0,0,0
1200,2,0,84,1,1,1,4326.73,18736.3,1591.2,46.3844,0.517824,1501.01,273375,158.12,23.1957,0.302342,134.622,107.321,23.1887,0.0718272,84.0604,265.441,0,0,0
1200,2,0,85,1,1,1,4378.19,18697.4,1591.24,46.3844,0.552902,1501.01,273374,127.271,23.1957,0.267264,103.808,157.848,23.1887,0.141984,134.517,285.119,0,0,0
1200,2,0,86,0,0,0,-1,-1,1568.78,23.206,0.71159,1500.87,273373,-1,-1,-1,-1,-1,-1,-1,-1,-1,0,0,0
1200,2,0,87,1,1,1,4337.03,18675.4,1591.29,46.3844,0.552902,1501.06,273373,121.673,23.1957,0.337421,98.1396,155.848,23.1887,0.0718272,132.588,277.521,0,0,0
1200,2,0,88,1,1,1,4368.49,18688.4,1591.3,46.3844,0.661478,1500.96,273372,78.0257,23.1957,0.267264,54.5627,138.873,23.1887,0.106906,115.578,216.899,0,0,0
1200,2,0,89,1,0,0,-1,-1,1568.69,23.1957,0.337421,1501.16,273376,-1,-1,-1,-1,-1,-1,-1,-1,-1,0,0,0
1200,2,0,90,1,1,1,4322.54,18790.4,1591.12,46.3844,0.482746,1500.96,273376,139.75,23.1957,0.267264,116.287,65.6083,23.1887,0.0718272,42.3478,205.358,0,0,0
1200,2,0,91,1,1,1,4316.62,18677.8,1591.18,46.3844,0.482746,1501.02,273375,133.346,23.1957,0.267264,109.883,62.8416,23.1887,0.0718272,39.5811,196.188,0,0,0
1200,2,0,92,1,1,1,4316.68,18725.3,1591.18,46.3844,0.482746,1501.02,273375,159.906,23.1957,0.267264,136.443,145.741,23.1887,0.0718272,122.481,305.647,0,0,0
1200,2,0,93,1,1,2,10351.2,24750.1,1613.66,69.5741,0.589651,1500.9,273374,158.636,23.1957,0.302342,135.138,326.181,46.3784,0.143654,279.659,484.817,1,0,0
1200,2,0,94,1,1,2,10392.8,30831.8,1619.56,75.3781,0.873619,1500.89,273368,337.836,28.9996,0.621389,308.215,313.587,46.3784,0.108576,267.1,651.422,1,0,0
1200,2,0,95,1,1,1,4338.91,18665.9,1591.22,46.3844,0.482746,1501.06,273374,137.118,23.1957,0.267264,113.655,155.486,23.1887,0.0718272,132.225,292.604,0,0,0
1200,2,0,96,1,1,1,4382.66,18709.7,1591.14,46.3844,0.482746,1500.98,273376,82.0432,23.1957,0.267264,58.5802,149.165,23.1887,0.0718272,125.905,231.208,0,0,0
1200,2,0,97,1,1,2,4376.85,18696.6,1613.71,69.5741,0.985536,1500.56,273373,88.8834,23.1957,0.267264,65.4204,160.752,46.3784,0.430963,113.942,249.635,1,0,0
1200,2,0,98,1,1,1,4359.59,18679.3,1591.4,46.3844,0.6264,1501.1,273371,84.2216,23.1957,0.267264,60.7586,145.458,23.1887,0.0718272,122.198,229.68,0,0,0
1200,2,0,99,1,1,1,4328.65,18658.8,1591.31,46.3844,0.770054,1500.87,273372,78.744,23.1957,0.267264,55.281,136.607,23.1887,0.0718272,113.347,215.351,0,0,0
1200,2,0,100,1,1,1,4335.67,18650.8,1591.22,46.3844,0.482746,1501.06,273374,93.2582,23.1957,0.267264,69.7952,136.582,23.1887,0.0718272,113.322,229.84,0,0,0
1200,2,0,101,1,1,1,4379.82,18714.2,1591.34,46.3844,0.6264,1501.04,273372,149.202,23.1957,0.267264,125.739,150.226,23.1887,0.0718272,126.966,299.428,0,0,0
1200,2,0,102,1,1,1,4336.17,24682.1,1596.8,52.1883,0.731635,1500.77,273374,338.453,28.9996,0.481075,308.973,83.6986,23.1887,0.106906,60.403,422.152,0,0,0
1200,2,0,103,1,1,1,4315.98,24638.4,1596.98,52.1883,0.927072,1500.75,273371,259.253,28.9996,0.71159,229.399,42.8101,23.1887,0.0718272,19.5496,302.063,0,0,0
1200,2,0,104,1,1,2,10388.5,24767.9,1613.52,69.5741,1.11249,1500.24,273376,137.833,23.1957,0.267264,114.37,369.711,46.3784,0.701568,322.631,507.545,1,0,0
1200,2,0,105,1,0,0,-1,-1,1574.64,28.9996,0.816826,1501.01,273368,-1,-1,-1,-1,-1,-1,-1,-1,-1,0,0,0
1200,2,0,106,0,0,0,-1,-1,1574.55,29.0099,1.06572,1500.66,273369,-1,-1,-1,-1,-1,-1,-1,-1,-1,0,0,0
1200,2,0,107,1,1,2,10358.3,24671.4,1613.79,69.5741,0.554573,1501.07,273372,82.581,23.1957,0.267264,59.118,354.008,46.3784,0.143654,307.486,436.589,1,0,0
1200,2,0,108,1,1,1,4337.89,18650.1,1591.14,46.3844,0.482746,1500.98,273376,105.186,23.1957,0.267264,81.7231,150.871,23.1887,0.0718272,127.61,256.057,0,0,0
1200,2,0,109,1,1,1,4315.02,18749.8,1591.26,46.3844,0.517824,1501.06,273374,144.194,23.1957,0.302342,120.696,69.4255,23.1887,0.0718272,46.165,213.62,0,0,0
1200,2,0,110,1,1,1,4322.94,24640.3,1596.94,52.1883,0.75001,1500.88,273372,336.189,28.9996,0.516154,306.673,82.9889,23.1887,0.0902016,59.71,419.178,0,0,0
1200,2,0,111,1,1,1,4328.18,18766.9,1591.46,46.3844,0.482746,1501.3,273370,151.988,23.1957,0.267264,128.525,154.74,23.1887,0.0718272,131.48,306.728,0,0,0
1200,2,0,112,1,1,1,4328.28,24662.6,1597.18,52.1883,1.08743,1500.79,273367,175.126,28.9996,0.871949,144.866,147.97,23.1887,0.0718272,124.71,323.097,0,0,0
1200,2,0,113,1,0,0,-1,-1,1568.81,23.1957,0.462701,1501.15,273374,-1,-1,-1,-1,-1,-1,-1,-1,-1,0,0,0
1200,2,0,114,1,1,1,4328.23,18649.9,1591.24,46.3844,0.482746,1501.08,273374,86.5732,23.1957,0.267264,63.1102,133.689,23.1887,0.0718272,110.428,220.262,0,0,0
1200,2,0,115,1,1,1,4318.22,18679.4,1591.29,46.3952,0.50112,1501.1,273373,150.944,23.2065,0.285638,127.451,78.0777,23.1887,0.0718272,54.8172,229.021,0,0,0
1200,2,0,116,1,1,1,4316.94,48648.9,1619.18,75.404,1.33632,1500.02,273374,892.217,52.2153,1.12084,837.279,23.7902,23.1887,0.0718272,0.528806,916.007,0,0,0
1200,2,0,117,1,1,1,4317.9,18728.7,1591.57,46.3844,0.873619,1501.02,273367,119.366,23.1957,0.658138,95.5118,56.2252,23.1887,0.0718272,32.9647,175.591,0,0,0
1200,2,0,118,1,1,1,4320.26,18638.2,1591.24,46.3844,0.482746,1501.08,273374,111.548,23.1957,0.267264,88.0851,54.0504,23.1887,0.0718272,30.7899,165.598,0,0,0
1200,2,0,119,1,1,1,4341.76,18794.4,1591.2,46.3844,0.50112,1501.02,273375,161.767,23.1957,0.267264,138.304,150.817,23.1887,0.0902016,127.538,312.583,0,0,0
1200,2,0,120,1,1,1,4330.67,18734.9,1591.17,46.3844,0.517824,1500.98,273375,151.481,23.1957,0.267264,128.018,84.0578,23.1887,0.106906,60.7622,235.539,0,0,0
1200,2,0,121,1,1,1,4316.94,30631.2,1602.53,57.9922,0.75001,1500.85,273372,452.105,34.8035,0.534528,416.362,46.907,23.1887,0.0718272,23.6465,499.012,0,0,0
1200,2,0,122,1,0,0,-1,-1,1568.85,23.1957,0.693216,1500.96,273372,-1,-1,-1,-1,-1,-1,-1,-1,-1,0,0,0
1200,2,0,123,1,1,1,4333.05,18653,1591.02,46.3844,0.552902,1500.79,273378,88.83,23.1957,0.302342,65.332,135.639,23.1887,0.106906,112.343,224.469,0,0,0
1200,2,0,124,1,1,1,4316.62,24702.5,1596.83,52.1883,0.927072,1500.6,273373,343.961,28.9996,0.71159,314.25,95.0031,23.1887,0.0718272,71.7426,438.964,0,0,0
1200,2,0,125,1,1,1,4368.15,18702.6,1591.49,46.3952,0.644774,1501.16,273369,143.753,23.2065,0.285638,120.261,156.987,23.1887,0.0718272,133.727,300.74,0,0,0
1200,2,0,126,1,1,1,4324.17,18648.1,1591.32,46.3844,0.482746,1501.16,273373,112.021,23.1957,0.267264,88.5579,54.6965,23.1887,0.0718272,31.436,166.717,0,0,0
1200,2,0,127,1,1,1,4376.28,18723.5,1591.22,46.3844,0.770054,1500.77,273374,150.321,23.1957,0.267264,126.858,155.487,23.1887,0.0718272,132.227,305.808,0,0,0
1200,2,0,128,1,1,1,4360.65,18693,1591.22,46.3844,0.482746,1501.06,273374,149.317,23.1957,0.267264,125.854,150.149,23.1887,0.0718272,126.888,299.466,0,0,0
1200,2,0,129,1,1,1,4320.48,24663.5,1597.28,52.1883,0.927072,1501.05,273365,249.058,28.9996,0.71159,219.171,38.4768,23.1887,0.0718272,15.2163,287.535,0,0,0
1200,2,0,130,1,1,1,4363.25,18684.3,1591.43,46.3844,0.713261,1501.04,273370,77.4757,23.1957,0.462701,53.8173,144.661,23.1887,0.106906,121.366,222.137,0,0,0
1200,2,0,131,1,1,1,4318.45,18753.6,1591.2,46.3844,0.517824,1501,273375,122.941,23.1957,0.302342,99.4427,58.0462,23.1887,0.0718272,34.7857,180.987,0,0,0
1200,2,0,132,1,1,1,4315.02,24638.8,1596.8,52.1883,0.571277,1500.92,273375,234.59,28.9996,0.355795,205.02,32.7772,23.1887,0.0718272,9.51671,267.367,0,0,0
1200,2,0,133,1,0,0,-1,-1,1568.95,23.1957,0.267264,1501.49,273372,-1,-1,-1,-1,-1,-1,-1,-1,-1,0,0,0
1200,2,0,134,1,1,1,4346.47,18715.8,1591.36,46.3844,0.482746,1501.2,273372,155.926,23.1957,0.267264,132.463,106.099,23.1887,0.0718272,82.8385,262.025,0,0,0
1200,2,0,135,1,1,1,4344.78,24860.9,1596.7,52.1883,1.31795,1500.08,273375,340.17,28.9996,1.10246,310.068,150.952,23.1887,0.0718272,127.691,491.122,0,0,0
1200,2,0,136,1,1,1,4327.02,18770.2,1591.43,46.3952,0.87529,1500.87,273370,162.037,23.2065,0.516154,138.314,149.414,23.1887,0.0718272,126.154,311.451,0,0,0
1200,2,0,137,1,1,2,10380.7,30707.5,1619.69,75.3781,1.10748,1500.79,273366,338.828,28.9996,0.676512,309.151,301.85,46.3784,0.287309,255.184,640.678,1,0,0
1200,2,0,138,1,1,1,4325.35,18647.1,1591.22,46.3844,0.482746,1501.06,273374,110.176,23.1957,0.267264,86.7134,152.721,23.1887,0.0718272,129.46,262.897,0,0,0
1200,2,0,139,1,1,1,4319.39,24640.3,1597.53,52.1883,1.31795,1500.91,273360,306.251,28.9996,1.10246,276.143,155.531,23.1887,0.0718272,132.27,461.782,0,0,0
1200,2,0,140,1,1,1,4316.55,18661.8,1591.28,46.3844,0.482746,1501.12,273373,150.598,23.1957,0.267264,127.136,77.2547,23.1887,0.0718272,53.9942,227.853,0,0,0
1200,2,0,141,1,1,1,4316.62,24651.8,1596.96,52.1883,0.731635,1500.92,273372,288.931,28.9996,0.516154,259.357,52.612,23.1887,0.0718272,29.3515,341.543,0,0,0
1200,2,0,142,1,1,2,10349.7,24847.4,1613.89,69.5741,1.0724,1500.66,273369,164.073,23.1957,0.497779,140.379,306.212,46.3784,0.430963,259.402,470.284,1,0,0
1200,2,0,143,1,1,1,4318.86,18756.5,1591.48,46.3952,0.696557,1501.1,273369,155.487,23.2065,0.481075,131.799,99.2354,23.1887,0.0718272,75.9749,254.722,0,0,0
1200,2,0,144,1,1,1,4315.66,24645.5,1596.97,52.1883,0.696557,1500.97,273372,231.807,28.9996,0.481075,202.103,32.3657,23.1887,0.0718272,9.10522,264.173,0,0,0
1200,2,0,145,1,0,0,-1,-1,1568.81,23.1957,0.302342,1501.31,273374,-1,-1,-1,-1,-1,-1,-1,-1,-1,0,0,0
1200,2,0,146,1,1,2,10370.9,24708.8,1613.88,69.5741,1.00224,1500.71,273370,109.48,23.1957,0.462701,85.8218,361.651,46.3784,0.395885,314.876,471.131,1,0,0
1200,2,0,147,1,1,1,4327.08,18654.3,1591.32,46.3844,0.517824,1501.12,273373,148.979,23.1957,0.302342,125.481,91.7292,23.1887,0.0718272,68.4687,240.708,0,0,0
1200,2,0,148,1,1,1,4366.14,18679,1591.2,46.3844,0.482746,1501.04,273375,89.7731,23.1957,0.267264,66.3102,137.169,23.1887,0.0718272,113.908,226.942,0,0,0
1200,2,0,149,1,0,0,-1,-1,1568.71,23.1957,0.267264,1501.25,273376,-1,-1,-1,-1,-1,-1,-1,-1,-1,0,0,0
1200,2,0,150,1,1,1,4315.98,18685.8,1591.24,46.3844,0.482746,1501.08,273374,152.026,23.1957,0.267264,128.563,80.4113,23.1887,0.0718272,57.1508,232.437,0,0,0
1200,2,0,151,1,1,1,4334.66,18715.2,1591.23,46.3844,0.517824,1501.04,273374,158.3,23.1957,0.267264,134.837,111.079,23.1887,0.106906,87.7837,269.379,0,0,0
1200,2,0,152,1,1,1,4352.68,18673.5,1591.28,46.3844,0.517824,1501.08,273373,78.2557,23.1957,0.302342,54.7576,138.845,23.1887,0.0718272,115.585,217.101,0,0,0
1200,2,0,153,1,1,1,4392.45,18718.4,1591.28,46.3844,0.517824,1501.08,273373,83.9436,23.1957,0.267264,60.4807,149.02,23.1887,0.106906,125.724,232.963,0,0,0
1200,2,0,154,1,1,2,10459.6,24774.1,1613.89,69.5741,0.663149,1501.06,273370,88.4935,23.1957,0.267264,65.0306,360.383,46.3784,0.25223,313.752,448.876,1,0,0
1200,2,0,155,1,1,1,4446.14,18784.6,1591.04,46.3844,0.696557,1500.66,273377,148.895,23.1957,0.267264,125.432,157.783,23.1887,0.141984,134.452,306.678,0,0,0
1200,2,0,156,1,1,1,4318.79,18642.8,1591.24,46.3844,0.482746,1501.08,273374,116.351,23.1957,0.267264,92.8876,155.664,23.1887,0.0718272,132.404,272.015,0,0,0
1200,2,0,157,1,1,1,4367.79,18682.6,1591.24,46.3844,0.517824,1501.04,273374,89.5981,23.1957,0.267264,66.1351,137.276,23.1887,0.106906,113.98,226.874,0,0,0
1200,2,0,158,1,1,1,4316.62,18671.1,1591.28,46.3844,0.482746,1501.12,273373,138.454,23.1957,0.267264,114.991,157.168,23.1887,0.0718272,133.907,295.622,0,0,0
1200,2,0,159,1,1,1,4339.52,18656.5,1591.14,46.3844,0.482746,1500.98,273376,82.1875,23.1957,0.267264,58.7246,143.087,23.1887,0.0718272,119.826,225.274,0,0,0
1200,2,0,160,1,1,1,4320.37,24752.9,1596.94,52.1883,0.536198,1501.1,273372,350.475,28.9996,0.320717,321.155,124.595,23.1887,0.0718272,101.334,475.07,0,0,0
1200,2,0,161,1,0,0,-1,-1,1568.48,23.1957,0.302342,1500.98,273380,-1,-1,-1,-1,-1,-1,-1,-1,-1,0,0,0
1200,2,0,162,1,1,1,4317.9,18633.3,1591.16,46.3844,0.482746,1501,273376,86.6472,23.1957,0.267264,63.1842,149.106,23.1887,0.0718272,125.845,235.753,0,0,0
1200,2,0,163,1,1,1,4350.25,18822.3,1591.28,46.3844,0.913709,1500.69,273372,158.873,23.1957,0.267264,135.411,149.687,23.1887,0.0718272,126.426,308.56,0,0,0
1200,2,0,164,1,1,1,4335.12,18808.7,1591.32,46.3844,0.482746,1501.16,273373,156.93,23.1957,0.267264,133.467,98.1399,23.1887,0.0718272,74.8793,255.07,0,0,0
1200,2,0,165,1,1,1,4412.35,18815.6,1591.57,46.3844,0.713261,1501.18,273368,158.283,23.1957,0.497779,134.589,132.994,23.1887,0.0718272,109.734,291.277,0,0,0
1200,2,0,166,1,1,1,4337.35,18712.6,1591.46,46.3844,0.482746,1501.3,273370,157.271,23.1957,0.267264,133.808,150.488,23.1887,0.0718272,127.228,307.759,0,0,0
1200,2,0,167,1,1,1,4381.2,18732.3,1591.14,46.3844,0.731635,1500.73,273375,146.844,23.1957,0.337421,123.311,151.33,23.1887,0.106906,128.034,298.174,0,0,0
1200,2,0,168,1,1,1,4316.3,18638.4,1591.08,46.3844,0.482746,1500.92,273377,153.012,23.1957,0.267264,129.549,103.863,23.1887,0.0718272,80.6024,256.874,0,0,0
1200,2,0,169,1,1,1,4384.77,18708.3,1591.42,46.3844,0.731635,1501.01,273370,81.9511,23.1957,0.267264,58.4882,144.228,23.1887,0.177062,120.862,226.179,0,0,0
1200,2,0,170,1,1,1,4372.34,18715.8,1591.12,46.3844,0.482746,1500.96,273376,91.374,23.1957,0.267264,67.911,138.423,23.1887,0.0718272,115.162,229.797,0,0,0
1200,2,0,171,1,0,0,-1,-1,1568.55,23.1957,0.302342,1501.06,273379,-1,-1,-1,-1,-1,-1,-1,-1,-1,0,0,0
1200,2,0,172,1,1,1,4319.18,18719.4,1591.24,46.3844,0.517824,1501.05,273374,159.71,23.1957,0.302342,136.212,145.433,23.1887,0.0718272,122.172,305.143,0,0,0
1200,2,0,173,1,1,1,4353.64,18765.3,1591.3,46.3844,0.678182,1500.94,273373,136.958,23.1957,0.462701,113.3,157.926,23.1887,0.0718272,134.665,294.884,0,0,0
1200,2,0,174,1,1,1,4363.63,18684.3,1591.3,46.3844,0.482746,1501.14,273373,81.9656,23.1957,0.267264,58.5026,148.959,23.1887,0.0718272,125.699,230.925,0,0,0
1200,2,0,175,1,1,1,4343.77,18786.5,1591.33,46.3844,0.517824,1501.14,273372,157.497,23.1957,0.302342,133.999,150.062,23.1887,0.0718272,126.802,307.559,0,0,0
1200,2,0,176,1,1,1,4321.22,18645,1591.22,46.3844,0.482746,1501.06,273374,150.073,23.1957,0.267264,126.61,77.8701,23.1887,0.0718272,54.6096,227.943,0,0,0
1200,2,0,177,1,1,1,4402.77,18754.7,1591.28,46.3844,0.482746,1501.12,273373,155.755,23.1957,0.267264,132.292,115.069,23.1887,0.0718272,91.8084,270.824,0,0,0
1200,2,0,178,1,1,1,4362.37,18817.6,1591.18,46.3844,0.713261,1500.79,273374,159.775,23.1957,0.497779,136.082,132.328,23.1887,0.0718272,109.068,292.104,0,0,0
1200,2,0,179,1,1,1,4335.78,18661.7,1591.26,46.3844,0.6264,1500.96,273373,84.8749,23.1957,0.267264,61.4119,144.789,23.1887,0.0718272,121.528,229.663,0,0,0
1200,2,0,180,1,1,1,4322.31,18670.4,1591.46,46.3844,0.482746,1501.3,273370,150.997,23.1957,0.267264,127.534,78.0199,23.1887,0.0718272,54.7594,229.017,0,0,0
1200,2,0,181,1,1,1,4344.05,18794.3,1591.26,46.3844,0.482746,1501.1,273374,161.738,23.1957,0.267264,138.275,150.898,23.1887,0.0718272,127.637,312.635,0,0,0
1200,2,0,182,1,1,1,4320.79,18673.6,1591.24,46.3844,0.482746,1501.08,273374,152.842,23.1957,0.267264,129.379,98.2518,23.1887,0.0718272,74.9912,251.094,0,0,0
1200,2,0,183,1,1,1,4354.22,18721.5,1591.06,46.3844,0.517824,1500.87,273377,143.711,23.1957,0.267264,120.248,155.947,23.1887,0.106906,132.651,299.658,0,0,0
1200,2,0,184,1,1,1,4402.99,18787.6,1591.26,46.3844,0.50112,1501.08,273374,150.12,23.1957,0.267264,126.657,156.325,23.1887,0.0902016,133.046,306.445,0,0,0
1200,2,0,185,1,1,1,4332.45,24694.5,1596.91,52.1883,1.12251,1500.49,273371,342.294,28.9996,0.907027,312.387,146.664,23.1887,0.0718272,123.403,488.958,0,0,0
1200,2,0,186,1,1,1,4428.43,24794.7,1596.92,52.1883,0.766714,1500.85,273372,326.902,28.9996,0.516154,297.386,151.846,23.1887,0.106906,128.55,478.748,0,0,0
1200,2,0,187,1,1,1,4316.3,18728.4,1591.1,46.3844,0.482746,1500.94,273377,150.7,23.1957,0.267264,127.237,80.2777,23.1887,0.0718272,57.0172,230.977,0,0,0
1200,2,0,188,1,1,1,4430.54,18793.2,1591.27,46.3844,0.6264,1500.96,273373,137.526,23.1957,0.267264,114.063,161.606,23.1887,0.0718272,138.345,299.132,0,0,0
1200,2,0,189,1,1,1,4427,18795.7,1591.12,46.3844,0.661478,1500.78,273376,146.262,23.1957,0.267264,122.799,158.549,23.1887,0.106906,135.254,304.811,0,0,0
1200,2,0,190,1,1,1,4320.95,18724.1,1591.42,46.3844,0.678182,1501.06,273371,153.34,23.1957,0.462701,129.682,101.856,23.1887,0.0718272,78.5954,255.196,0,0,0
1200,2,0,191,1,1,1,4356.27,24720.8,1596.83,52.1883,0.927072,1500.6,273373,351.443,28.9996,0.676512,321.767,112.563,23.1887,0.106906,89.2672,464.006,0,0,0
1200,2,0,192,1,1,1,4419.14,18758.7,1590.97,46.3844,0.552902,1500.73,273379,148.897,23.1957,0.267264,125.434,157.436,23.1887,0.141984,134.106,306.333,0,0,0
1200,2,0,193,1,1,1,4319.62,18684.7,1591.26,46.3844,0.517824,1501.06,273374,156.515,23.1957,0.302342,133.017,105.52,23.1887,0.0718272,82.2592,262.035,0,0,0
1200,2,0,194,1,1,1,4373.64,18712.7,1591.28,46.3844,0.482746,1501.12,273373,148.92,23.1957,0.267264,125.457,154.713,23.1887,0.0718272,131.453,303.633,0,0,0
1200,2,0,195,1,1,1,4336.65,18653.4,1591.27,46.3844,0.6264,1500.96,273373,89.2353,23.1957,0.267264,65.7723,134.927,23.1887,0.0718272,111.667,224.162,0,0,0
1200,2,0,196,1,0,0,-1,-1,1568.81,23.1957,0.267264,1501.35,273374,-1,-1,-1,-1,-1,-1,-1,-1,-1,0,0,0
1200,2,0,197,1,1,1,4344.86,18671.3,1591.4,46.3844,0.482746,1501.24,273371,105.504,23.1957,0.267264,82.0408,151.071,23.1887,0.0718272,127.811,256.575,0,0,0
1200,2,0,198,0,0,0,-1,-1,1568.77,23.206,0.551232,1501.02,273374,-1,-1,-1,-1,-1,-1,-1,-1,-1,0,0,0
1200,2,0,199,1,1,1,4369.61,18751.9,1591.22,46.3844,0.517824,1501.02,273374,157.529,23.1957,0.267264,134.066,119.659,23.1887,0.106906,96.3637,277.188,0,0,0
1200,2,0,200,1,1,1,4338.18,30729.5,1602.48,57.9922,1.17596,1500.37,273372,526.377,34.8035,0.96048,490.411,109.425,23.1887,0.0718272,86.1648,635.802,0,0,0
1200,2,0,201,1,0,0,-1,-1,1568.96,23.1957,0.302342,1501.47,273371,-1,-1,-1,-1,-1,-1,-1,-1,-1,0,0,0
1200,2,0,202,1,1,1,4321.74,18675.8,1591.22,46.3844,0.482746,1501.06,273374,149.855,23.1957,0.267264,126.392,91.3863,23.1887,0.0718272,68.1258,241.241,0,0,0
1200,2,0,203,1,1,1,4342.47,36710.4,1608.28,63.7961,1.62029,1500.1,273368,700.108,40.6075,1.40481,657.579,108.063,23.1887,0.0718272,84.8021,808.171,0,0,0
1200,2,0,204,1,1,1,4334.23,18727.5,1591.32,46.3844,0.517824,1501.12,273373,150.721,23.1957,0.267264,127.258,155.127,23.1887,0.106906,131.832,305.848,0,0,0
1200,2,0,205,1,1,1,4338.76,18729.1,1591.33,46.3844,0.552902,1501.1,273372,153.442,23.1957,0.302342,129.944,103.044,23.1887,0.106906,79.7487,256.486,0,0,0
1200,2,0,206,1,1,1,4352.55,18735.8,1591.02,46.3952,0.927072,1500.4,273377,151.392,23.2065,0.676512,127.509,155.412,23.1887,0.106906,132.117,306.804,0,0,0
1200,2,0,207,1,0,0,-1,-1,1568.78,23.1957,0.302342,1501.29,273374,-1,-1,-1,-1,-1,-1,-1,-1,-1,0,0,0
1200,2,0,208,1,1,1,4315.34,18662.7,1591.28,46.3844,0.482746,1501.12,273373,149.541,23.1957,0.267264,126.078,76.688,23.1887,0.0718272,53.4275,226.229,0,0,0
1200,2,0,209,1,1,1,4320.84,18655.7,1591.1,46.3844,0.482746,1500.94,273377,79.215,23.1957,0.267264,55.7521,138.129,23.1887,0.0718272,114.868,217.344,0,0,0
1200,2,0,210,1,1,1,4341.03,18679.8,1591.1,46.3844,0.517824,1500.9,273376,138.892,23.1957,0.302342,115.393,158.005,23.1887,0.0718272,134.745,296.897,0,0,0
1200,2,0,211,1,0,0,-1,-1,1568.42,23.1957,0.337421,1500.89,273381,-1,-1,-1,-1,-1,-1,-1,-1,-1,0,0,0
1200,2,0,212,1,1,1,4324.55,18655,1591.28,46.3844,0.482746,1501.12,273373,81.0054,23.1957,0.267264,57.5424,142.462,23.1887,0.0718272,119.202,223.468,0,0,0
1200,2,0,213,1,1,1,4318.54,24637.8,1596.9,52.1883,0.536198,1501.06,273373,252.758,28.9996,0.320717,223.277,40.9891,23.1887,0.0718272,17.7286,293.747,0,0,0
1200,2,0,214,1,1,1,4324.49,18764.1,1591.22,46.3844,0.517824,1501.03,273374,160.692,23.1957,0.302342,137.194,143.984,23.1887,0.0718272,120.723,304.675,0,0,0
1200,2,0,215,1,0,0,-1,-1,1568.73,23.1957,0.302342,1501.23,273375,-1,-1,-1,-1,-1,-1,-1,-1,-1,0,0,0
1200,2,0,216,1,1,1,4446.29,18759.8,1591.22,46.3844,0.482746,1501.06,273374,83.6476,23.1957,0.267264,60.1847,151.131,23.1887,0.0718272,127.87,234.778,0,0,0
1200,2,0,217,1,1,1,4332.69,18693,1591.27,46.3952,0.50112,1501.08,273374,156.085,23.2065,0.285638,132.593,113.629,23.1887,0.0718272,90.3681,269.714,0,0,0
1200,2,0,218,1,1,1,4480.73,18853.6,1591.22,46.3844,0.50112,1501.04,273374,135.703,23.1957,0.267264,112.241,161.532,23.1887,0.0902016,138.253,297.235,0,0,0
1200,2,0,219,1,1,1,4321.54,18691,1591.3,46.3844,0.482746,1501.14,273373,148.38,23.1957,0.267264,124.917,80.0179,23.1887,0.0718272,56.7574,228.398,0,0,0
1200,2,0,220,1,1,1,4328.61,18661,1591.41,46.3844,0.517824,1501.22,273371,89.423,23.1957,0.267264,65.96,135.348,23.1887,0.106906,112.053,224.771,0,0,0
1200,2,0,221,1,1,1,4356.4,18878.7,1591.12,46.3844,0.96215,1500.48,273374,153.847,23.1957,0.532858,130.119,92.5844,23.1887,0.141984,69.2538,246.432,0,0,0
1200,2,0,222,1,1,1,4339.14,18733.5,1591.49,46.3844,0.713261,1501.1,273369,158.416,23.1957,0.462701,134.757,106.439,23.1887,0.106906,83.1435,264.855,0,0,0
1200,2,0,223,1,0,0,-1,-1,1568.73,23.1957,0.267264,1501.27,273376,-1,-1,-1,-1,-1,-1,-1,-1,-1,0,0,0
1200,2,0,224,1,1,1,4326.41,18708.1,1591.2,46.3844,0.50112,1501.02,273375,150.552,23.1957,0.267264,127.089,85.2341,23.1887,0.0902016,61.9552,235.786,0,0,0
1200,2,0,225,1,1,1,4315.46,18647.6,1591.16,46.3844,0.482746,1501,273376,150.194,23.1957,0.267264,126.731,77.0706,23.1887,0.0718272,53.8101,227.265,0,0,0
1200,2,0,226,1,1,1,4335.03,18680.5,1591.22,46.3844,0.482746,1501.06,273374,137.846,23.1957,0.267264,114.383,153.739,23.1887,0.0718272,130.478,291.584,0,0,0
1200,2,0,227,1,1,1,4334.66,18653.5,1591.2,46.3844,0.482746,1501.04,273375,89.0566,23.1957,0.267264,65.5937,144.881,23.1887,0.0718272,121.62,233.937,0,0,0
1200,2,0,228,1,1,1,4338.4,18693,1591.28,46.3844,0.482746,1501.12,273373,144.702,23.1957,0.267264,121.239,158.85,23.1887,0.0718272,135.589,303.552,0,0,0
1200,2,0,229,1,1,1,4380.9,30793.9,1602.44,57.9922,0.910368,1500.6,273374,528.18,34.8035,0.694886,492.481,115.02,23.1887,0.0718272,91.7596,643.2,0,0,0
1200,2,0,230,1,1,1,4325.84,18641,1591.3,46.3844,0.482746,1501.14,273373,82.2128,23.1957,0.267264,58.7498,143.511,23.1887,0.0718272,120.25,225.724,0,0,0
1200,2,0,231,1,1,2,10383.3,24782.7,1613.95,69.5741,1.0724,1500.71,273368,140.377,23.1957,0.658138,116.523,360.976,46.3784,0.12695,314.47,501.353,1,0,0
1200,2,0,232,1,1,1,4382,18825,1591.26,46.3844,0.696557,1500.89,273373,159.753,23.1957,0.462701,136.095,128.603,23.1887,0.0902016,105.325,288.356,0,0,0
1200,2,0,233,1,1,1,4319.81,18702.3,1591.38,46.3844,0.678182,1501.02,273371,154.171,23.1957,0.462701,130.512,103.598,23.1887,0.0718272,80.3371,257.768,0,0,0
1200,2,0,234,1,1,1,4327.94,24765.7,1597.24,52.1883,0.696557,1501.24,273367,339.821,28.9996,0.481075,310.341,151.062,23.1887,0.0718272,127.801,490.883,0,0,0
1200,2,0,235,1,1,1,4325.51,24734.1,1596.99,52.1883,0.891994,1500.79,273371,336.815,28.9996,0.676512,307.139,78.2149,23.1887,0.0718272,54.9544,415.03,0,0,0
1200,2,0,236,1,1,1,4346.92,18667.4,1591.18,46.3844,0.482746,1501.02,273375,109.13,23.1957,0.267264,85.6666,151.273,23.1887,0.0718272,128.013,260.403,0,0,0
1200,2,0,237,1,0,0,-1,-1,1568.71,23.1957,0.267264,1501.25,273376,-1,-1,-1,-1,-1,-1,-1,-1,-1,0,0,0
1200,2,0,238,1,1,1,4338.76,18733.9,1591.28,46.3844,0.696557,1500.9,273373,150.386,23.1957,0.462701,126.728,156.381,23.1887,0.0902016,133.102,306.767,0,0,0
1200,2,0,239,1,1,1,4467.19,18852.3,1591.12,46.3844,0.748339,1500.69,273375,157.747,23.1957,0.497779,134.053,125.523,23.1887,0.106906,102.227,283.27,0,0,0
1200,2,0,240,1,1,1,4338.7,18737.1,1591.5,46.3844,0.873619,1500.95,273369,150.148,23.1957,0.658138,126.294,156.036,23.1887,0.0718272,132.776,306.184,0,0,0
1200,2,0,241,1,1,1,4352.81,24835.2,1596.94,52.1883,1.03565,1500.6,273371,341.046,28.9996,0.676512,311.37,151.8,23.1887,0.0718272,128.54,492.846,0,0,0
1200,2,0,242,1,1,1,4373.58,18702.4,1591.4,46.3844,0.482746,1501.24,273371,149.539,23.1957,0.267264,126.076,156.153,23.1887,0.0718272,132.893,305.692,0,0,0
1200,2,0,243,1,1,1,4402.57,18789.2,1591.53,46.3844,0.678182,1501.18,273368,157.461,23.1957,0.462701,133.802,131.52,23.1887,0.0718272,108.259,288.98,0,0,0
1200,2,0,244,1,1,1,4388.37,18808.3,1591.25,46.3844,0.873619,1500.7,273373,160.416,23.1957,0.658138,136.562,151.52,23.1887,0.0718272,128.26,311.936,0,0,0
1200,2,0,245,1,1,2,10369.6,24684.8,1613.71,69.5741,1.4165,1500.13,273371,76.053,23.1957,0.267264,52.5901,332.587,46.3784,0.718272,285.49,408.64,1,0,0
1200,2,0,246,1,1,1,4331.4,18686.5,1591.36,46.3844,0.482746,1501.2,273372,149.559,23.1957,0.267264,126.096,85.2157,23.1887,0.0718272,61.9552,234.775,0,0,0
1200,2,0,247,1,1,1,4385.3,18742.3,1591.35,46.3844,0.517824,1501.16,273372,126.708,23.1957,0.267264,103.245,157.551,23.1887,0.106906,134.255,284.259,0,0,0
1200,2,0,248,1,1,1,4331.75,18672.5,1591.24,46.3844,0.482746,1501.08,273374,155.87,23.1957,0.267264,132.407,104.975,23.1887,0.0718272,81.7141,260.845,0,0,0
1200,2,0,249,1,1,1,4358.53,18697.6,1591.08,46.3844,0.517824,1500.89,273377,77.5384,23.1957,0.267264,54.0754,138.451,23.1887,0.106906,115.155,215.989,0,0,0
1200,2,0,250,1,1,1,4316.62,18710,1591.33,46.3844,0.552902,1501.1,273372,152.392,23.1957,0.337421,128.859,90.3503,23.1887,0.0718272,67.0898,242.743,0,0,0
1200,2,0,251,1,1,1,4338.02,18660.1,1591.15,46.3844,0.661478,1500.81,273375,78.6599,23.1957,0.302342,55.1619,137.948,23.1887,0.0718272,114.688,216.608,0,0,0
1200,2,0,252,1,1,1,4337.35,18690.1,1591.04,46.3844,0.552902,1500.81,273377,145.877,23.1957,0.337421,122.344,70.3712,23.1887,0.0718272,47.1107,216.248,0,0,0
1200,2,0,253,1,1,1,4404.16,18841.2,1591.22,46.3844,0.517824,1501.02,273374,161.209,23.1957,0.267264,137.746,152.012,23.1887,0.106906,128.717,313.221,0,0,0
1200,2,0,254,1,1,1,4335.24,18664.4,1591.77,46.3844,0.965491,1501.13,273363,77.5894,23.1957,0.462701,53.931,139.961,23.1887,0.0718272,116.7,217.55,0,0,0
1200,2,0,255,1,1,2,10364.9,24705.3,1613.9,69.5741,0.519494,1501.21,273371,143.435,23.1957,0.267264,119.972,361.067,46.3784,0.108576,314.58,504.503,1,0,0
1200,2,0,256,1,0,0,-1,-1,1568.79,23.1957,0.302342,1501.29,273374,-1,-1,-1,-1,-1,-1,-1,-1,-1,0,0,0
1200,2,0,257,1,1,1,4342.34,18690,1591.15,46.3844,0.748339,1500.73,273375,157.342,23.1957,0.462701,133.683,147.373,23.1887,0.141984,124.042,304.715,0,0,0
1200,2,0,258,1,1,1,4350.1,18686.2,1591.14,46.3844,0.517824,1500.94,273376,84.5454,23.1957,0.302342,61.0474,146.575,23.1887,0.0718272,123.315,231.121,0,0,0
1200,2,0,259,1,1,1,4319.6,18787.1,1591.14,46.3844,0.482746,1500.98,273376,139.781,23.1957,0.267264,116.318,64.6103,23.1887,0.0718272,41.3498,204.391,0,0,0
1200,2,0,260,1,1,1,4353.79,24713.7,1597.37,52.1883,1.51338,1500.56,273362,317.896,28.9996,1.2979,287.598,152.879,23.1887,0.0718272,129.619,470.775,0,0,0
1200,2,0,261,1,1,2,10320.2,24764.3,1613.63,69.5741,0.945446,1500.52,273374,160.26,23.1957,0.693216,136.371,266.212,46.3784,0.108576,219.725,426.472,1,0,0
1200,2,0,262,1,1,1,4350.09,18709.8,1591.08,46.3844,0.482746,1500.92,273377,159.153,23.1957,0.267264,135.69,138.647,23.1887,0.0718272,115.386,297.8,0,0,0
1200,2,0,263,1,0,0,-1,-1,1568.82,23.1957,0.337421,1501.29,273374,-1,-1,-1,-1,-1,-1,-1,-1,-1,0,0,0
1200,2,0,264,1,1,1,4376.88,18707.8,1591.29,46.3844,0.587981,1501.03,273372,86.1589,23.1957,0.302342,62.6609,135.654,23.1887,0.141984,112.324,221.813,0,0,0
1200,2,0,265,1,0,0,-1,-1,1568.79,23.1957,0.337421,1501.26,273374,-1,-1,-1,-1,-1,-1,-1,-1,-1,0,0,0
1200,2,0,266,1,1,1,4431.35,18748.5,1591.28,46.3844,0.482746,1501.12,273373,83.6621,23.1957,0.267264,60.1991,150.38,23.1887,0.0718272,127.119,234.042,0,0,0
1200,2,0,267,1,1,1,4326.64,18660.3,1591.38,46.3844,0.482746,1501.22,273372,148.938,23.1957,0.267264,125.475,154.219,23.1887,0.0718272,130.958,303.157,0,0,0
1200,2,0,268,1,1,1,4324.42,24670.2,1596.77,52.1883,0.696557,1500.77,273375,334.048,28.9996,0.481075,304.567,77.8449,23.1887,0.0718272,54.5844,411.893,0,0,0
1200,2,0,269,1,1,1,4361.87,18721,1591.26,46.3844,0.482746,1501.1,273374,137.012,23.1957,0.267264,113.549,159.308,23.1887,0.0718272,136.048,296.32,0,0,0
1200,2,0,270,1,1,1,4375.72,18757.1,1591.38,46.3952,1.21438,1500.48,273370,147.716,23.2065,0.676512,123.833,151.907,23.1887,0.106906,128.612,299.623,0,0,0
1200,2,0,271,1,1,1,4412.25,18802.3,1591.02,46.3844,0.482746,1500.86,273378,136.628,23.1957,0.267264,113.165,161.736,23.1887,0.0718272,138.475,298.363,0,0,0
1200,2,0,272,1,1,1,4325.14,24670.8,1596.89,52.1883,1.33632,1500.25,273371,348.643,28.9996,0.977184,318.666,111.474,23.1887,0.0718272,88.2132,460.117,0,0,0
1200,2,0,273,1,1,1,4340.52,18720.7,1591.24,46.3844,0.805133,1500.75,273373,139.653,23.1957,0.302342,116.155,156.94,23.1887,0.0718272,133.68,296.593,0,0,0
1200,2,0,274,1,1,2,10412.6,24746.1,1613.78,69.5741,0.733306,1500.88,273372,143.254,23.1957,0.302342,119.756,360.78,46.3784,0.287309,314.115,504.034,1,0,0
1200,2,0,275,1,1,1,4319.69,24755.1,1596.95,52.1883,0.731635,1500.91,273372,344.154,28.9996,0.516154,314.638,145.445,23.1887,0.0718272,122.185,489.599,0,0,0
1200,2,0,276,1,1,1,4317.58,24638.5,1596.6,52.1883,0.731635,1500.56,273378,174.399,28.9996,0.516154,144.494,146.07,23.1887,0.0718272,122.809,320.469,0,0,0
1200,2,0,277,1,1,1,4316.3,36652.6,1608.15,63.7961,1.12418,1500.47,273372,638.405,40.6075,0.908698,596.198,45.4451,23.1887,0.0718272,22.1846,683.85,0,0,0
1200,2,0,278,1,1,1,4336.07,18659.3,1591.28,46.3844,0.482746,1501.12,273373,85.2719,23.1957,0.267264,61.809,143.177,23.1887,0.0718272,119.916,228.449,0,0,0
1200,2,0,279,1,1,1,4379.01,18833.7,1591.12,46.3844,0.482746,1500.96,273376,159.96,23.1957,0.267264,136.497,127.926,23.1887,0.0718272,104.666,287.886,0,0,0
1200,2,0,280,1,1,2,10332.3,24656.2,1613.68,69.5741,0.519494,1501,273374,90.1575,23.1957,0.267264,66.6946,329.016,46.3784,0.108576,282.529,419.173,1,0,0
1200,2,0,281,1,1,2,4345.65,18689.9,1613.87,69.5741,0.698227,1501.01,273371,78.1899,23.1957,0.267264,54.727,167.468,46.3784,0.287309,120.802,245.658,1,0,0
1200,2,0,282,1,0,0,-1,-1,1568.87,23.1957,0.302342,1501.37,273373,-1,-1,-1,-1,-1,-1,-1,-1,-1,0,0,0
1200,2,0,283,1,1,1,4336.02,18653.1,1591.16,46.3844,0.482746,1501,273376,77.8524,23.1957,0.267264,54.3895,139.652,23.1887,0.0718272,116.392,217.504,0,0,0
1200,2,0,284,1,1,1,4328.65,18648.5,1591.2,46.3844,0.482746,1501.04,273375,78.1412,23.1957,0.267264,54.6782,138.01,23.1887,0.0718272,114.749,216.151,0,0,0
1200,2,0,285,1,1,1,4391.06,18711.5,1591.24,46.3844,0.552902,1501.01,273374,85.0551,23.1957,0.337421,61.522,148.867,23.1887,0.0718272,125.607,233.923,0,0,0
1200,2,0,286,1,1,2,10466.9,24797,1613.96,69.5741,0.950458,1500.84,273368,89.0747,23.1957,0.267264,65.6117,360.827,46.3784,0.539539,313.909,449.902,1,0,0
1200,2,0,287,1,1,1,4318.22,18683.2,1591.32,46.3844,0.482746,1501.16,273373,114.228,23.1957,0.267264,90.7652,55.1658,23.1887,0.0718272,31.9053,169.394,0,0,0
1200,2,0,288,1,1,1,4409.91,18819.7,1591.38,46.3844,0.482746,1501.22,273372,139.941,23.1957,0.267264,116.478,160.534,23.1887,0.0718272,137.273,300.475,0,0,0
1200,2,0,289,1,1,1,4357.06,18685,1591.04,46.3844,0.482746,1500.88,273378,88.8238,23.1957,0.267264,65.3608,136.938,23.1887,0.0718272,113.677,225.761,0,0,0
1200,2,0,290,1,1,1,4317.17,18688.8,1591.16,46.3844,0.482746,1501,273376,146.377,23.1957,0.267264,122.914,69.7756,23.1887,0.0718272,46.5151,216.153,0,0,0
1200,2,0,291,1,1,1,4413.65,18751.8,1591.53,46.3844,0.770054,1501.08,273368,136.241,23.1957,0.267264,112.778,161.225,23.1887,0.0718272,137.964,297.466,0,0,0
1200,2,0,292,1,0,0,-1,-1,1568.56,23.1957,0.407578,1500.96,273378,-1,-1,-1,-1,-1,-1,-1,-1,-1,0,0,0
1200,2,0,293,1,1,1,4408.17,18787.5,1591.47,46.3952,0.696557,1501.08,273370,137.668,23.2065,0.481075,113.98,161.182,23.1887,0.0718272,137.921,298.849,0,0,0
1200,2,0,294,1,1,1,4360.02,18710.5,1591.32,46.3844,0.678182,1500.96,273372,80.0927,23.1957,0.462701,56.4343,144.89,23.1887,0.0718272,121.629,224.982,0,0,0
1200,2,0,295,1,1,1,4323.21,24660.2,1596.92,52.1883,0.927072,1500.69,273372,337.147,28.9996,0.676512,307.471,81.4264,23.1887,0.106906,58.1308,418.574,0,0,0
1200,2,0,296,1,1,1,4324.63,18660.6,1591.22,46.3844,0.517824,1501.02,273374,149.188,23.1957,0.302342,125.69,84.1202,23.1887,0.0718272,60.8597,233.308,0,0,0
1200,2,0,297,1,1,1,4323.62,18748.7,1591.38,46.3844,0.678182,1501.02,273371,152.525,23.1957,0.462701,128.866,83.0355,23.1887,0.0718272,59.775,235.56,0,0,0
1200,2,0,298,1,1,1,4329.06,24656.6,1597.43,52.1883,1.23108,1500.89,273362,172.543,28.9996,0.871949,142.276,144.621,23.1887,0.0718272,121.36,317.164,0,0,0
1200,2,0,299,1,1,1,4318.54,18667.2,1591.34,46.3844,0.482746,1501.18,273372,151.205,23.1957,0.267264,127.742,77.3973,23.1887,0.0718272,54.1368,228.602,0,0,0
1200,2,0,300,1,1,1,4321.67,18652.9,1591.22,46.3844,0.482746,1501.06,273374,87.9665,23.1957,0.267264,64.5036,135.481,23.1887,0.0718272,112.221,223.448,0,0,0
1200,2,0,301,1,1,1,4328.18,18749.4,1591.52,46.3844,0.6264,1501.22,273369,159.944,23.1957,0.267264,136.481,134.239,23.1887,0.0718272,110.979,294.183,0,0,0
1200,2,0,302,1,1,3,10454,24880.7,1636.27,92.7639,0.75335,1500.87,273371,159.666,23.1957,0.267264,136.203,348.639,69.5682,0.342432,278.728,508.304,2,0,0
1200,2,0,303,1,1,1,4362.76,18685.8,1591.56,46.3844,0.6264,1501.26,273368,95.3734,23.1957,0.267264,71.9105,148.057,23.1887,0.0718272,124.797,243.43,0,0,0
1200,2,0,304,1,1,1,4316.94,18687.5,1591.3,46.3844,0.517824,1501.1,273373,147.865,23.1957,0.302342,124.367,78.5704,23.1887,0.0718272,55.3099,226.435,0,0,0
1200,2,0,305,1,1,1,4321.77,18648.7,1591.12,46.3844,0.482746,1500.96,273376,82.3157,23.1957,0.267264,58.8527,147.6,23.1887,0.0718272,124.34,229.916,0,0,0
1200,2,0,306,1,1,1,4325.79,24809.3,1597.16,52.1883,0.731635,1501.12,273368,319.365,28.9996,0.516154,289.849,152.744,23.1887,0.0718272,129.484,472.109,0,0,0
1200,2,0,307,1,1,1,4319.43,24746.7,1596.88,52.1883,0.766714,1500.81,273373,350.396,28.9996,0.551232,320.845,105.186,23.1887,0.0718272,81.9253,455.581,0,0,0
1200,2,0,308,1,1,1,4392.9,18735,1591.24,46.3952,0.554573,1501,273374,140.265,23.2065,0.320717,116.738,158.973,23.1887,0.0902016,135.694,299.238,0,0,0
1200,2,0,309,1,1,1,4332.19,18666.7,1591.16,46.3844,0.482746,1501,273376,149.025,23.1957,0.267264,125.562,154.404,23.1887,0.0718272,131.144,303.429,0,0,0
1200,2,0,310,1,1,1,4398.2,18723,1591.37,46.3844,0.805133,1500.89,273371,91.4073,23.1957,0.302342,67.9092,135.922,23.1887,0.0718272,112.661,227.329,0,0,0
1200,2,0,311,1,1,1,4354.06,18673.4,1591.21,46.3844,0.587981,1500.95,273374,81.2841,23.1957,0.302342,57.7861,144.707,23.1887,0.141984,121.376,225.991,0,0,0
1200,2,0,312,1,1,1,4316.68,18631.5,1591.2,46.3844,0.482746,1501.04,273375,82.9492,23.1957,0.267264,59.4862,136.49,23.1887,0.0718272,113.23,219.439,0,0,0
1200,2,0,313,1,1,1,4344.78,24727.8,1596.86,52.1883,0.536198,1501.02,273374,350.12,28.9996,0.320717,320.8,112.474,23.1887,0.0718272,89.2131,462.594,0,0,0
1200,2,0,314,1,1,1,4324.23,18670.2,1591.18,46.3844,0.552902,1500.95,273375,150.073,23.1957,0.337421,126.54,76.1574,23.1887,0.0718272,52.8969,226.23,0,0,0
1200,2,0,315,1,1,1,4349.95,18689.6,1591.26,46.3844,0.482746,1501.1,273374,92.0526,23.1957,0.267264,68.5896,138.342,23.1887,0.0718272,115.081,230.394,0,0,0
1200,2,0,316,1,1,1,4321.67,18664.3,1591.24,46.3844,0.482746,1501.08,273374,151.699,23.1957,0.267264,128.236,78.7455,23.1887,0.0718272,55.485,230.445,0,0,0
1200,2,0,317,1,1,1,4315.02,24640.6,1596.94,52.1883,0.731635,1500.9,273372,217.395,28.9996,0.516154,187.614,30.3083,23.1887,0.0718272,7.04774,247.703,0,0,0
1200,2,0,318,1,1,1,4317.9,18633.8,1591.26,46.3844,0.482746,1501.1,273374,149.467,23.1957,0.267264,126.004,77.3359,23.1887,0.0718272,54.0754,226.803,0,0,0
1200,2,0,319,1,1,1,4353.28,18707.1,1591.2,46.3844,0.482746,1501.04,273375,144.381,23.1957,0.267264,120.918,156.61,23.1887,0.0718272,133.349,300.991,0,0,0
1200,2,0,320,1,1,1,4349.38,18668.1,1591.24,46.3844,0.482746,1501.08,273374,77.4157,23.1957,0.267264,53.9527,144.657,23.1887,0.0718272,121.396,222.072,0,0,0
1200,2,0,321,1,1,1,4403.53,18727.2,1591.19,46.3844,0.517824,1501,273375,82.6694,23.1957,0.267264,59.2065,145.34,23.1887,0.106906,122.044,228.009,0,0,0
1200,2,0,322,0,0,0,-1,-1,1568.82,23.206,0.516154,1501.1,273373,-1,-1,-1,-1,-1,-1,-1,-1,-1,0,0,0
1200,2,0,323,1,1,1,4338.53,18670.1,1591.23,46.3844,0.552902,1501,273374,82.4655,23.1957,0.267264,59.0025,137.298,23.1887,0.141984,113.968,219.764,0,0,0
1200,2,0,324,1,1,1,4366.46,18801.8,1591.51,46.3844,0.908698,1500.92,273368,137.831,23.1957,0.658138,113.977,159.977,23.1887,0.106906,136.681,297.807,0,0,0
1200,2,0,325,1,1,2,10318.9,30654,1619.51,75.3781,0.733306,1500.98,273370,330.027,28.9996,0.481075,300.546,337.26,46.3784,0.108576,290.773,667.287,1,0,0
1200,2,0,326,1,1,1,4355.46,18717,1591.24,46.3844,0.517824,1501.04,273374,157.767,23.1957,0.267264,134.304,149.74,23.1887,0.106906,126.444,307.507,0,0,0
1200,2,0,327,1,1,1,4323.37,18648.7,1591.1,46.3844,0.482746,1500.94,273377,93.491,23.1957,0.267264,70.028,145.029,23.1887,0.0718272,121.768,238.52,0,0,0
1200,2,0,328,1,1,1,4330.34,18712.2,1591,46.3844,0.587981,1500.73,273378,144.009,23.1957,0.337421,120.476,150.525,23.1887,0.106906,127.229,294.534,0,0,0
1200,2,0,329,1,1,1,4350.6,18668.6,1591.39,46.3844,0.517824,1501.2,273371,78.3397,23.1957,0.267264,54.8767,137.261,23.1887,0.106906,113.966,215.601,0,0,0
1200,2,0,330,1,1,1,4322.12,30669.1,1602.5,57.9922,0.928742,1500.64,273372,522.176,34.8035,0.694886,486.471,75.2156,23.1887,0.0902016,51.9367,597.392,0,0,0
1200,2,0,331,1,1,1,4341.09,18659.2,1591.12,46.3844,0.482746,1500.96,273376,135.38,23.1957,0.267264,111.917,157.868,23.1887,0.0718272,134.607,293.248,0,0,0
1200,2,0,332,1,1,1,4352.26,18726.2,1591.61,46.3844,0.713261,1501.22,273367,150.361,23.1957,0.462701,126.702,86.1297,23.1887,0.106906,62.8341,236.49,0,0,0
1200,2,0,333,1,1,1,4383.41,18750.7,1591.26,46.3844,0.517824,1501.06,273374,93.1651,23.1957,0.302342,69.6671,139.067,23.1887,0.0718272,115.807,232.232,0,0,0
1200,2,0,334,1,1,1,4321.8,18769,1591.24,46.3844,0.678182,1500.89,273374,153.16,23.1957,0.462701,129.502,86.5512,23.1887,0.0718272,63.2907,239.711,0,0,0
1200,2,0,335,1,1,1,4360.83,18690.3,1591.42,46.3844,0.6264,1501.12,273371,131.289,23.1957,0.267264,107.826,157.04,23.1887,0.0718272,133.779,288.328,0,0,0
1200,2,0,336,1,1,1,4470.25,18808.6,1591.07,46.3844,0.552902,1500.84,273377,133.693,23.1957,0.267264,110.23,162.169,23.1887,0.141984,138.838,295.861,0,0,0
1200,2,0,337,1,1,1,4325.45,18734.1,1591.54,46.3844,0.965491,1500.9,273367,151.83,23.1957,0.462701,128.171,82.3984,23.1887,0.0718272,59.1379,234.228,0,0,0
1200,2,0,338,1,1,1,4316.62,18736.6,1591.24,46.3844,0.482746,1501.08,273374,146.182,23.1957,0.267264,122.719,151.751,23.1887,0.0718272,128.491,297.934,0,0,0
1200,2,0,339,1,1,1,4326.73,18684,1591.2,46.3844,0.517824,1501,273375,146.542,23.1957,0.302342,123.044,150.93,23.1887,0.0718272,127.67,297.472,0,0,0
1200,2,0,340,1,1,1,4363.89,18694,1591.31,46.3844,0.748339,1500.89,273372,145.318,23.1957,0.462701,121.66,151.82,23.1887,0.141984,128.489,297.138,0,0,0
1200,2,0,341,1,1,1,4338.27,18678.1,1591.42,46.3844,0.6264,1501.12,273370,91.4101,23.1957,0.267264,67.9471,135.687,23.1887,0.0718272,112.426,227.097,0,0,0
1200,2,0,342,1,1,1,4346.5,18754.2,1591.56,46.3844,0.873619,1501.01,273368,138.562,23.1957,0.658138,114.708,158.817,23.1887,0.0718272,135.557,297.379,0,0,0
1200,2,0,343,1,1,1,4317.26,18712.6,1591.12,46.3844,0.517824,1500.93,273376,115.969,23.1957,0.302342,92.4707,54.5178,23.1887,0.0718272,31.2573,170.487,0,0,0
1200,2,0,344,1,1,1,4320.42,24701,1596.77,52.1883,1.12251,1500.34,273374,246.813,28.9996,0.907027,216.719,37.0672,23.1887,0.0718272,13.8067,283.881,0,0,0
1200,2,0,345,1,0,0,-1,-1,1568.77,23.1957,0.267264,1501.31,273375,-1,-1,-1,-1,-1,-1,-1,-1,-1,0,0,0
1200,2,0,346,1,1,1,4328.24,18695.8,1591.28,46.3844,0.482746,1501.12,273373,151.218,23.1957,0.267264,127.755,90.0616,23.1887,0.0718272,66.8011,241.279,0,0,0
1200,2,0,347,1,1,1,4318.54,18633.7,1591.28,46.3844,0.482746,1501.12,273373,145.875,23.1957,0.267264,122.412,71.7158,23.1887,0.0718272,48.4553,217.591,0,0,0
1200,2,0,348,1,1,1,4320.24,18692.2,1591.39,46.3844,0.517824,1501.19,273371,155.629,23.1957,0.302342,132.131,148.806,23.1887,0.0718272,125.545,304.435,0,0,0
1200,2,0,349,1,1,1,4386.31,18715.4,1591.12,46.3844,0.696557,1500.75,273375,147.583,23.1957,0.302342,124.085,156.667,23.1887,0.106906,133.371,304.25,0,0,0
1200,2,0,350,1,1,1,4351.12,18692.2,1591.2,46.3844,0.482746,1501.04,273375,131.827,23.1957,0.267264,108.364,156.81,23.1887,0.0718272,133.55,288.637,0,0,0
1200,2,0,351,1,1,1,4316.3,18733.3,1591.1,46.3844,0.517824,1500.9,273376,162.296,23.1957,0.302342,138.798,147.045,23.1887,0.0718272,123.784,309.341,0,0,0
1200,2,0,352,1,1,1,4325.16,18685.1,1591.1,46.3844,0.482746,1500.94,273377,139.154,23.1957,0.267264,115.691,157.747,23.1887,0.0718272,134.486,296.901,0,0,0
1200,2,0,353,1,1,1,4330,30789,1602.6,57.9922,0.945446,1500.72,273371,501.295,34.8035,0.729965,465.476,151.102,23.1887,0.0718272,127.841,652.397,0,0,0
1200,2,0,354,1,1,1,4328.81,18649.8,1591.39,46.3844,0.517824,1501.2,273371,77.1864,23.1957,0.267264,53.7235,143.741,23.1887,0.106906,120.445,220.927,0,0,0
1200,2,0,355,1,1,1,4390.42,18713.8,1591.2,46.3844,0.696557,1500.82,273374,82.4619,23.1957,0.267264,58.9989,144.626,23.1887,0.141984,121.295,227.088,0,0,0
1200,2,0,356,1,0,0,-1,-1,1568.61,23.1957,0.267264,1501.16,273378,-1,-1,-1,-1,-1,-1,-1,-1,-1,0,0,0
1200,2,0,357,1,1,1,4318.86,18672,1591.4,46.3844,0.873619,1500.85,273370,145.032,23.1957,0.658138,121.178,70.2485,23.1887,0.0718272,46.988,215.28,0,0,0
1200,2,0,358,1,1,1,4326.09,18653.5,1591.32,46.3844,0.482746,1501.16,273373,137.647,23.1957,0.267264,114.184,157.175,23.1887,0.0718272,133.914,294.822,0,0,0
1200,2,0,359,1,1,1,4331.55,18719.2,1591.39,46.3844,0.482746,1501.23,273371,152.625,23.1957,0.267264,129.162,98.481,23.1887,0.0718272,75.2205,251.106,0,0,0
1200,2,0,360,1,1,1,4352.68,18674.5,1590.96,46.3844,0.552902,1500.73,273379,86.0614,23.1957,0.302342,62.5634,150.11,23.1887,0.106906,126.814,236.171,0,0,0
1200,2,0,361,1,1,1,4341.86,18672.6,1591.44,46.3844,0.6264,1501.14,273370,144.141,23.1957,0.267264,120.678,156.343,23.1887,0.0718272,133.082,300.484,0,0,0
1200,2,0,362,1,1,1,4343.9,18779.9,1591.48,46.3844,0.821837,1500.99,273369,163.034,23.1957,0.462701,139.376,148.232,23.1887,0.0718272,124.972,311.266,0,0,0
1200,2,0,363,1,1,1,4317.26,18659.6,1591.28,46.3844,0.482746,1501.12,273373,149.355,23.1957,0.267264,125.892,77.0796,23.1887,0.0718272,53.8191,226.435,0,0,0
1200,2,0,364,1,1,1,4332.17,18666.1,1591.32,46.3844,0.482746,1501.16,273373,85.669,23.1957,0.267264,62.206,149.243,23.1887,0.0718272,125.982,234.912,0,0,0
1200,2,0,365,1,1,1,4326.15,18652.2,1591.24,46.3844,0.482746,1501.08,273374,80.2528,23.1957,0.267264,56.7898,138.123,23.1887,0.0718272,114.863,218.376,0,0,0
1200,2,0,366,1,1,2,10327.1,24705.7,1613.64,69.5957,0.556243,1500.9,273375,149.641,23.2173,0.304013,126.119,354.384,46.3784,0.108576,307.897,504.025,1,0,0
1200,2,0,367,1,1,1,4317.9,18640.3,1591.14,46.3844,0.482746,1500.98,273376,138.245,23.1957,0.267264,114.782,66.7201,23.1887,0.0718272,43.4596,204.965,0,0,0
1200,2,0,368,1,1,1,4355.45,24708,1596.84,52.1883,0.766714,1500.77,273374,339.513,28.9996,0.551232,309.962,150.08,23.1887,0.0718272,126.82,489.593,0,0,0
1200,2,0,369,1,1,1,4314.7,24750.4,1596.95,52.1883,0.766714,1500.87,273372,318.853,28.9996,0.551232,289.302,66.0198,23.1887,0.0718272,42.7593,384.873,0,0,0
1200,2,0,370,1,1,1,4327.24,30652.3,1602.57,57.9922,0.589651,1501.04,273372,464.547,34.8035,0.37417,428.999,50.0347,23.1887,0.0718272,26.7742,514.582,0,0,0
1200,2,0,371,1,1,1,4319.56,18636.9,1591.42,46.3844,0.482746,1501.26,273371,83.931,23.1957,0.267264,60.468,137.405,23.1887,0.0718272,114.145,221.336,0,0,0
1200,2,0,372,1,1,1,4320.01,18670.9,1591.14,46.3844,0.482746,1500.98,273376,150.145,23.1957,0.267264,126.683,83.5246,23.1887,0.0718272,60.2641,233.67,0,0,0
1200,2,0,373,1,1,1,4342.05,18661.4,1591.44,46.3844,0.482746,1501.28,273371,136.577,23.1957,0.267264,113.114,158.877,23.1887,0.0718272,135.616,295.454,0,0,0
1200,2,0,374,1,1,1,4319.64,18647.5,1591.26,46.3844,0.482746,1501.1,273374,112.118,23.1957,0.267264,88.6554,54.5792,23.1887,0.0718272,31.3187,166.698,0,0,0
1200,2,0,375,1,1,1,4410.49,24805.9,1597.12,52.1883,0.997229,1500.82,273368,349.011,28.9996,0.781747,319.229,109.079,23.1887,0.0718272,85.8182,458.09,0,0,0
1200,2,0,376,1,1,2,10396.2,24772.9,1613.65,69.5741,0.714931,1500.77,273375,150.422,23.1957,0.462701,126.764,354.258,46.3784,0.108576,307.771,504.68,1,0,0
1200,2,0,377,1,1,1,4340.5,18672,1591.24,46.3844,0.482746,1501.08,273374,95.6495,23.1957,0.267264,72.1866,148.088,23.1887,0.0718272,124.827,243.737,0,0,0
1200,2,0,378,1,1,1,4318.63,18665.2,1591.36,46.3844,0.908698,1500.77,273371,150.039,23.1957,0.693216,126.15,85.5171,23.1887,0.0718272,62.2566,235.556,0,0,0
1200,2,0,379,1,1,1,4339.98,18760.1,1591.24,46.3844,0.661478,1500.9,273373,160.194,23.1957,0.302342,136.696,143.458,23.1887,0.0718272,120.198,303.652,0,0,0
1200,2,0,380,1,1,1,4342.69,18835.5,1591.26,46.3844,0.678182,1500.9,273373,162.74,23.1957,0.462701,139.081,150.315,23.1887,0.0718272,127.054,313.055,0,0,0
1200,2,0,381,1,1,1,4315.34,18630.5,1591.16,46.3844,0.482746,1501,273376,150.571,23.1957,0.267264,127.108,98.2247,23.1887,0.0718272,74.9642,248.796,0,0,0
1200,2,0,382,1,1,1,4321.29,24646.9,1597.03,52.1883,0.891994,1500.83,273370,332.796,28.9996,0.676512,303.12,77.3919,23.1887,0.0718272,54.1314,410.188,0,0,0
1200,2,0,383,1,1,1,4336.2,24750.9,1596.98,52.1883,0.927072,1500.75,273371,344.856,28.9996,0.676512,315.179,146.28,23.1887,0.106906,122.984,491.136,0,0,0
1200,2,0,384,1,1,1,4384.11,18770.9,1591.34,46.3844,0.713261,1500.95,273372,151.408,23.1957,0.462701,127.749,156.97,23.1887,0.106906,133.674,308.377,0,0,0
1200,2,0,385,1,1,1,4321.56,18637.3,1591.4,46.3844,0.482746,1501.24,273371,78.3163,23.1957,0.267264,54.8533,138.948,23.1887,0.0718272,115.688,217.264,0,0,0
1200,2,0,386,1,1,1,4322.44,18646.6,1591.1,46.3844,0.517824,1500.91,273376,87.0703,23.1957,0.302342,63.5723,149.116,23.1887,0.0718272,125.856,236.187,0,0,0
1200,2,0,387,1,1,1,4326.04,18826.6,1591.08,46.3844,0.517824,1500.89,273377,163.209,23.1957,0.302342,139.711,149.719,23.1887,0.0718272,126.459,312.929,0,0,0
1200,2,0,388,1,1,1,4330.09,18762.7,1591.32,46.3844,0.482746,1501.16,273373,159.953,23.1957,0.267264,136.49,150.984,23.1887,0.0718272,127.724,310.937,0,0,0
1200,2,0,389,1,1,1,4325.1,24746.3,1597.14,52.1883,1.35302,1500.48,273367,345.324,28.9996,1.13754,315.187,100.634,23.1887,0.0718272,77.3736,445.958,0,0,0
1200,2,0,390,1,1,1,4329.75,18730.2,1591.53,46.3952,1.12251,1500.72,273367,142.03,23.2065,0.907027,117.917,67.978,23.1887,0.0718272,44.7175,210.008,0,0,0
1200,2,0,391,1,1,1,4340.62,18694.6,1591.05,46.3844,0.517824,1500.85,273377,132.996,23.1957,0.267264,109.533,62.7828,23.1887,0.106906,39.4872,195.779,0,0,0
1200,2,0,392,1,1,1,4329.04,18674,1591.71,46.3844,0.873619,1501.16,273365,146.131,23.1957,0.658138,122.277,152.129,23.1887,0.0718272,128.868,298.259,0,0,0
1200,2,0,393,1,0,0,-1,-1,1568.67,23.1957,0.302342,1501.18,273376,-1,-1,-1,-1,-1,-1,-1,-1,-1,0,0,0
1200,2,0,394,1,1,2,10372.9,24711.2,1613.61,69.5741,0.62473,1500.82,273375,86.2971,23.1957,0.267264,62.8341,330.058,46.3784,0.213811,283.465,416.355,1,0,0
1200,2,0,395,1,1,1,4317.19,18687.3,1591.3,46.3844,0.517824,1501.1,273373,151.206,23.1957,0.302342,127.708,148.853,23.1887,0.0718272,125.592,300.059,0,0,0
1200,2,0,396,1,1,1,4315.98,18660.1,1591.4,46.3844,0.678182,1501.04,273371,151.792,23.1957,0.462701,128.134,90.7402,23.1887,0.0718272,67.4797,242.532,0,0,0
1200,2,0,397,1,1,1,4352.48,18676.5,1591.2,46.3844,0.482746,1501.04,273375,76.1685,23.1957,0.267264,52.7056,137.854,23.1887,0.0718272,114.594,214.023,0,0,0
1200,2,0,398,1,1,1,4319.95,24720.8,1596.9,52.1883,0.536198,1501.06,273373,344.354,28.9996,0.320717,315.033,98.3059,23.1887,0.0718272,75.0454,442.659,0,0,0
1200,2,0,399,1,1,1,4401.35,24731.3,1597,52.1883,0.731635,1500.97,273371,312.46,28.9996,0.516154,282.944,155.883,23.1887,0.0718272,132.622,468.342,0,0,0
1200,2,0,400,1,1,1,4353.51,18704.9,1591.22,46.3844,0.482746,1501.06,273374,148.601,23.1957,0.267264,125.138,155.83,23.1887,0.0718272,132.57,304.431,0,0,0
1200,2,0,401,1,1,1,4326.54,18650.9,1591.29,46.3844,0.552902,1501.06,273373,77.9434,23.1957,0.302342,54.4454,138.855,23.1887,0.106906,115.56,216.799,0,0,0
1200,2,0,402,1,1,1,4360.68,24713,1596.96,52.1883,0.606355,1501.04,273372,343.864,28.9996,0.390874,314.474,96.8765,23.1887,0.0718272,73.616,440.741,0,0,0
1200,2,0,403,1,1,1,4346.87,18682.6,1591.48,46.3844,0.713261,1501.09,273369,86.8192,23.1957,0.462701,63.1608,149.679,23.1887,0.106906,126.383,236.498,0,0,0
1200,2,0,404,1,1,1,4330.48,18689.6,1591.04,46.3844,0.552902,1500.81,273377,150.883,23.1957,0.337421,127.35,77.4947,23.1887,0.0718272,54.2342,228.378,0,0,0
1200,2,0,405,1,1,1,4316.3,18643.2,1591.18,46.3844,0.482746,1501.02,273375,146.577,23.1957,0.267264,123.114,79.1768,23.1887,0.0718272,55.9163,225.754,0,0,0
1200,2,0,406,1,1,1,4359.61,18677.3,1591.4,46.3844,0.482746,1501.24,273371,86.2429,23.1957,0.267264,62.78,148.703,23.1887,0.0718272,125.443,234.946,0,0,0
1200,2,0,407,1,1,1,4421.77,18823,1591.37,46.3844,0.943776,1500.75,273370,136.57,23.1957,0.693216,112.681,160.693,23.1887,0.106906,137.398,297.263,0,0,0
1200,2,0,408,1,1,1,4429.93,18775.3,1591,46.3844,0.552902,1500.77,273378,156.639,23.1957,0.337421,133.106,124.026,23.1887,0.0718272,100.766,280.665,0,0,0
1200,2,0,409,0,0,0,-1,-1,1568.78,23.206,0.516154,1501.06,273374,-1,-1,-1,-1,-1,-1,-1,-1,-1,0,0,0
1200,2,0,410,1,1,1,4448.85,18784,1591.35,46.3844,0.517824,1501.16,273372,137.796,23.1957,0.302342,114.298,157.893,23.1887,0.0718272,134.633,295.689,0,0,0
1200,2,0,411,1,1,1,4322.31,18645.5,1591.28,46.3844,0.517824,1501.08,273373,156.185,23.1957,0.302342,132.687,149.017,23.1887,0.0718272,125.757,305.202,0,0,0
1200,2,0,412,0,0,0,-1,-1,1574.22,29.0099,0.674842,1500.71,273376,-1,-1,-1,-1,-1,-1,-1,-1,-1,0,0,0
1200,2,0,413,1,0,0,-1,-1,1568.8,23.1957,0.372499,1501.24,273374,-1,-1,-1,-1,-1,-1,-1,-1,-1,0,0,0
1200,2,0,414,1,1,1,4322.31,18703.8,1591.26,46.3844,0.482746,1501.1,273374,149.155,23.1957,0.267264,125.692,73.2318,23.1887,0.0718272,49.9713,222.386,0,0,0
1200,2,0,415,1,1,2,10382.6,24715,1613.65,69.5741,0.663149,1500.82,273375,138.465,23.1957,0.267264,115.002,360.392,46.3784,0.108576,313.905,498.857,1,0,0
1200,2,0,416,1,1,1,4318.22,18687.1,1591.1,46.3844,0.482746,1500.94,273377,150.465,23.1957,0.267264,127.002,91.3321,23.1887,0.0718272,68.0716,241.797,0,0,0
1200,2,0,417,1,1,1,4354.12,18674.4,1591.3,46.3844,0.6264,1501,273373,78.1304,23.1957,0.267264,54.6674,142.893,23.1887,0.0718272,119.633,221.024,0,0,0
1200,2,0,418,1,1,1,4335.99,18710.8,1591.52,46.3844,0.908698,1500.94,273368,157.374,23.1957,0.693216,133.485,106.101,23.1887,0.0718272,82.8403,263.475,0,0,0
1200,2,0,419,1,1,2,10328,24655.6,1613.81,69.5741,0.663149,1500.98,273372,82.7055,23.1957,0.267264,59.2426,355.378,46.3784,0.25223,308.747,438.083,1,0,0
1200,2,0,420,1,1,1,4315.66,18703.7,1591.22,46.3844,0.517824,1501.02,273374,149.493,23.1957,0.302342,125.995,79.4746,23.1887,0.0718272,56.2141,228.968,0,0,0
1200,2,0,421,1,1,1,4336.78,24761,1597.4,52.1883,1.31795,1500.78,273362,333.917,28.9996,1.10246,303.815,149.257,23.1887,0.0718272,125.997,483.174,0,0,0
1200,2,0,422,1,1,1,4352.69,18715,1591.24,46.3844,0.482746,1501.08,273374,96.514,23.1957,0.267264,73.0511,147.846,23.1887,0.0718272,124.585,244.36,0,0,0
1200,2,0,423,1,0,0,-1,-1,1568.73,23.1957,0.267264,1501.27,273376,-1,-1,-1,-1,-1,-1,-1,-1,-1,0,0,0
1200,2,0,424,1,0,0,-1,-1,1568.54,23.1957,0.407578,1500.94,273378,-1,-1,-1,-1,-1,-1,-1,-1,-1,0,0,0
1200,2,0,425,1,1,1,4326.86,18761.6,1591.21,46.3844,0.517824,1501.02,273374,155.874,23.1957,0.267264,132.411,102.905,23.1887,0.106906,79.6097,258.779,0,0,0
1200,2,0,426,1,1,1,4318.66,18683,1591.24,46.3844,0.482746,1501.08,273374,150.351,23.1957,0.267264,126.888,154.845,23.1887,0.0718272,131.584,305.196,0,0,0
1200,2,0,427,1,1,1,4337.47,24667.7,1597,52.1883,0.571277,1501.12,273371,341.185,28.9996,0.355795,311.83,101.834,23.1887,0.0718272,78.5738,443.019,0,0,0
1200,2,0,428,1,1,1,4357.65,18691.1,1591.16,46.3844,0.517824,1500.96,273375,145.915,23.1957,0.267264,122.452,151.826,23.1887,0.106906,128.531,297.741,0,0,0
1200,2,0,429,1,1,2,10341.3,24714.6,1613.64,69.5741,0.714931,1500.76,273375,132.544,23.1957,0.462701,108.885,365.106,46.3784,0.108576,318.619,497.65,1,0,0
1200,2,0,430,1,1,1,4320.58,18673.9,1591.28,46.3844,0.482746,1501.12,273373,151.88,23.1957,0.267264,128.417,100.858,23.1887,0.0718272,77.5974,252.738,0,0,0
1200,2,0,431,0,0,0,-1,-1,1568.78,23.206,0.516154,1501.06,273374,-1,-1,-1,-1,-1,-1,-1,-1,-1,0,0,0
1200,2,0,432,1,1,1,4324.71,18735.1,1591.17,46.3844,0.6264,1500.86,273375,149.923,23.1957,0.267264,126.461,150.9,23.1887,0.0718272,127.639,300.823,0,0,0
1200,2,0,433,1,1,1,4363.57,18703.5,1591.02,46.3844,0.552902,1500.79,273378,149.593,23.1957,0.267264,126.13,86.2749,23.1887,0.141984,62.9442,235.868,0,0,0
1200,2,0,434,1,1,1,4314.06,24627,1596.76,52.1883,0.536198,1500.92,273376,241.816,28.9996,0.320717,212.304,35.3599,23.1887,0.0718272,12.0994,277.176,0,0,0
1200,2,0,435,1,1,1,4316.62,18643.1,1591.38,46.3844,0.482746,1501.22,273372,149.312,23.1957,0.267264,125.849,83.3658,23.1887,0.0718272,60.1053,232.677,0,0,0
1200,2,0,436,1,1,1,4364.37,24840.3,1596.98,52.1883,1.06739,1500.61,273370,344.036,28.9996,0.746669,314.29,86.6312,23.1887,0.177062,63.2655,430.667,0,0,0
1200,2,0,437,1,1,1,4315.02,24631.8,1596.86,52.1883,0.536198,1501.02,273374,228.545,28.9996,0.320717,198.994,31.7178,23.1887,0.0718272,8.45729,260.263,0,0,0
1200,2,0,438,1,0,0,-1,-1,1568.77,23.1957,0.302342,1501.27,273375,-1,-1,-1,-1,-1,-1,-1,-1,-1,0,0,0
1200,2,0,439,1,1,2,10421.3,24756,1613.94,69.5741,0.806803,1500.97,273369,84.4093,23.1957,0.267264,60.9463,354.082,46.3784,0.25223,307.451,438.491,1,0,0
1200,2,0,440,1,1,1,4325.67,18637.6,1591.3,46.3844,0.482746,1501.14,273373,86.8223,23.1957,0.267264,63.3593,148.25,23.1887,0.0718272,124.99,235.072,0,0,0
1200,2,0,441,1,1,1,4319.12,18638.7,1591.26,46.3844,0.482746,1501.1,273374,82.1623,23.1957,0.267264,58.6993,143.226,23.1887,0.0718272,119.965,225.388,0,0,0
1200,2,0,442,0,0,0,-1,-1,1568.5,23.206,0.816826,1500.48,273378,-1,-1,-1,-1,-1,-1,-1,-1,-1,0,0,0
1200,2,0,443,1,1,1,4314.38,18680.8,1591.42,46.3844,0.482746,1501.26,273371,151.127,23.1957,0.267264,127.664,76.6068,23.1887,0.0718272,53.3463,227.734,0,0,0
1200,2,0,444,1,1,1,4346.48,18673.6,1591.32,46.3844,0.661478,1500.98,273372,155.931,23.1957,0.302342,132.433,111.102,23.1887,0.0718272,87.8414,267.033,0,0,0
1200,2,0,445,1,1,1,4341.79,18742.2,1590.94,46.3844,0.587981,1500.67,273379,160.793,23.1957,0.372499,137.224,141.316,23.1887,0.0718272,118.056,302.109,0,0,0
1200,2,0,446,1,1,1,4319.18,18649.9,1591.1,46.3844,0.482746,1500.94,273377,92.7745,23.1957,0.267264,69.3115,136.192,23.1887,0.0718272,112.932,228.967,0,0,0
1200,2,0,447,1,1,1,4316.62,18711.4,1591.22,46.3844,0.482746,1501.06,273374,151.225,23.1957,0.267264,127.762,79.4151,23.1887,0.0718272,56.1545,230.64,0,0,0
1200,2,0,448,1,0,0,-1,-1,1569.06,23.1957,0.497779,1501.38,273369,-1,-1,-1,-1,-1,-1,-1,-1,-1,0,0,0
1200,2,0,449,1,0,0,-1,-1,1568.77,23.1957,0.462701,1501.12,273374,-1,-1,-1,-1,-1,-1,-1,-1,-1,0,0,0
1200,2,0,450,1,1,1,4391.93,18870.7,1591.22,46.3844,0.678182,1500.87,273374,159.845,23.1957,0.462701,136.187,108.077,23.1887,0.0718272,84.8166,267.922,0,0,0
1200,2,0,451,1,1,1,4338.56,18787.6,1591.17,46.3844,0.517824,1500.98,273375,153.632,23.1957,0.267264,130.169,94.3036,23.1887,0.106906,71.0081,247.936,0,0,0
1200,2,0,452,1,1,1,4392.6,18711.1,1591.16,46.3844,0.482746,1501,273376,92.4009,23.1957,0.267264,68.9379,138.952,23.1887,0.0718272,115.691,231.353,0,0,0
1200,2,0,453,1,1,1,4345.62,24663.9,1596.71,52.1883,0.766714,1500.63,273376,341.417,28.9996,0.551232,311.866,104.327,23.1887,0.0718272,81.0662,445.743,0,0,0
1200,2,0,454,1,1,1,4318.86,18774.1,1591.24,46.3844,0.482746,1501.08,273374,153.629,23.1957,0.267264,130.166,77.9802,23.1887,0.0718272,54.7197,231.609,0,0,0
1200,2,0,455,1,1,1,4317.58,24657.9,1596.89,52.1883,0.731635,1500.85,273373,281.516,28.9996,0.516154,251.919,51.363,23.1887,0.0718272,28.1025,332.879,0,0,0
1200,2,0,456,1,1,1,4328.85,30887.7,1602.14,57.9922,0.980525,1500.23,273379,520.731,34.8035,0.765043,484.917,149.324,23.1887,0.0718272,126.063,670.055,0,0,0
1200,2,0,457,1,1,1,4316.94,18643.3,1591.14,46.3844,0.482746,1500.98,273376,111.424,23.1957,0.267264,87.9605,54.4041,23.1887,0.0718272,31.1436,165.828,0,0,0
1200,2,0,458,1,1,1,4441.36,18902.8,1591.04,46.3844,0.587981,1500.77,273377,162.033,23.1957,0.302342,138.535,153.318,23.1887,0.141984,129.987,315.35,0,0,0
1200,2,0,459,1,0,0,-1,-1,1568.83,23.1957,0.302342,1501.33,273374,-1,-1,-1,-1,-1,-1,-1,-1,-1,0,0,0
1200,2,0,460,1,1,1,4319.5,18729,1591.34,46.3844,0.517824,1501.14,273372,126.253,23.1957,0.302342,102.754,58.9306,23.1887,0.0718272,35.6701,185.183,0,0,0
1200,2,0,461,1,1,1,4323.24,18644.9,1591.38,46.3844,0.6264,1501.08,273371,78.4588,23.1957,0.267264,54.9959,143.491,23.1887,0.0718272,120.23,221.95,0,0,0
1200,2,0,462,1,1,1,4324.87,24735.4,1597.02,52.1883,0.536198,1501.18,273371,320.326,28.9996,0.320717,291.006,151.232,23.1887,0.0718272,127.971,471.558,0,0,0
1200,2,0,463,1,1,1,4343.19,18882.4,1591.73,46.3844,1.28287,1500.78,273363,165.828,23.1957,0.888653,141.744,148.206,23.1887,0.106906,124.91,314.034,0,0,0
1200,2,0,464,1,1,1,4426.24,24863.8,1597.24,52.1883,1.26616,1500.67,273365,350.793,28.9996,0.907027,320.886,108.954,23.1887,0.0718272,85.6937,459.747,0,0,0
1200,2,0,465,1,1,1,4370.75,18699.2,1591.12,46.3844,0.517824,1500.92,273376,140.51,23.1957,0.302342,117.012,158.769,23.1887,0.0718272,135.508,299.279,0,0,0
1200,2,0,466,1,1,1,4337.48,18799.7,1591.36,46.3844,0.482746,1501.2,273372,158.119,23.1957,0.267264,134.656,149.36,23.1887,0.0718272,126.1,307.479,0,0,0
1200,2,0,467,1,1,1,4342.12,18754,1591.31,46.3844,0.517824,1501.12,273373,160.568,23.1957,0.267264,137.105,149.449,23.1887,0.106906,126.154,310.018,0,0,0
1200,2,0,468,1,1,1,4394.82,18736.8,1591.16,46.3844,0.517824,1500.96,273375,148.805,23.1957,0.267264,125.342,154.983,23.1887,0.106906,131.687,303.787,0,0,0
1200,2,0,469,1,1,1,4356.02,24743.5,1597.13,52.1883,0.891994,1500.93,273368,348.772,28.9996,0.676512,319.096,130.014,23.1887,0.0718272,106.754,478.786,0,0,0
1200,2,0,470,1,1,1,4319.18,18717.5,1591.3,46.3844,0.482746,1501.14,273373,154.329,23.1957,0.267264,130.866,99.8021,23.1887,0.0718272,76.5416,254.131,0,0,0
1200,2,0,471,1,1,1,4338.04,18656.2,1591.26,46.3844,0.6264,1500.96,273373,84.6312,23.1957,0.267264,61.1683,133.44,23.1887,0.0718272,110.179,218.071,0,0,0
1200,2,0,472,1,1,1,4337.54,18690.7,1591.24,46.3844,0.482746,1501.08,273374,145.953,23.1957,0.267264,122.49,70.2485,23.1887,0.0718272,46.988,216.201,0,0,0
1200,2,0,473,1,0,0,-1,-1,1568.73,23.1957,0.267264,1501.27,273376,-1,-1,-1,-1,-1,-1,-1,-1,-1,0,0,0
1200,2,0,474,1,1,1,4337.47,24744.3,1596.9,52.1883,0.571277,1501.03,273373,334.842,28.9996,0.320717,305.522,151.314,23.1887,0.106906,128.018,486.156,0,0,0
1200,2,0,475,1,1,1,4321.54,24684.4,1596.9,52.1883,0.571277,1501.02,273373,331.91,28.9996,0.355795,302.555,77.2024,23.1887,0.0718272,53.9419,409.113,0,0,0
1200,2,0,476,1,1,1,4315.34,24634.2,1596.86,52.1883,0.536198,1501.02,273374,262.057,28.9996,0.320717,232.603,44.1583,23.1887,0.0718272,20.8978,306.215,0,0,0
1200,2,0,477,1,1,1,4382.48,18712.6,1591.2,46.3844,0.482746,1501.04,273375,138.75,23.1957,0.267264,115.287,154.82,23.1887,0.0718272,131.559,293.57,0,0,0
1200,2,0,478,1,1,1,4355.6,18670.4,1591.42,46.3844,0.6264,1501.12,273370,92.3323,23.1957,0.267264,68.8694,145.936,23.1887,0.0718272,122.676,238.269,0,0,0
1200,2,0,479,1,1,1,4315.66,18643.8,1591.2,46.3844,0.482746,1501.04,273375,123.147,23.1957,0.267264,99.6845,154.621,23.1887,0.0718272,131.361,277.769,0,0,0
1200,2,0,480,1,1,1,4344.01,18670.4,1591.36,46.3844,0.482746,1501.2,273372,145.07,23.1957,0.267264,121.607,151.784,23.1887,0.0718272,128.523,296.854,0,0,0
1200,2,0,481,1,1,1,4320.9,18682.3,1591.2,46.3844,0.482746,1501.04,273375,155.822,23.1957,0.267264,132.359,105.278,23.1887,0.0718272,82.0173,261.099,0,0,0
1200,2,0,482,1,0,0,-1,-1,1568.81,23.1957,0.267264,1501.35,273374,-1,-1,-1,-1,-1,-1,-1,-1,-1,0,0,0
1200,2,0,483,1,1,1,4337.96,18662,1591.28,46.3844,0.482746,1501.12,273373,156.538,23.1957,0.267264,133.075,112.019,23.1887,0.0718272,88.7583,268.557,0,0,0
1200,2,0,484,1,1,1,4325.06,18858.1,1591.42,46.3844,0.661478,1501.08,273370,156.331,23.1957,0.302342,132.833,85.5748,23.1887,0.0718272,62.3143,241.906,0,0,0
1200,2,0,485,1,1,1,4422.94,18748.4,1591.2,46.3844,0.517824,1501,273375,150.767,23.1957,0.302342,127.269,152.558,23.1887,0.0718272,129.298,303.325,0,0,0
1200,2,0,486,1,1,2,10416,24771,1613.84,69.5741,0.554573,1501.12,273371,155.84,23.1957,0.302342,132.342,330.987,46.3784,0.108576,284.5,486.827,1,0,0
1200,2,0,487,1,1,1,4318.22,18640.3,1591.38,46.3844,0.482746,1501.22,273372,78.0888,23.1957,0.267264,54.6259,142.403,23.1887,0.0718272,119.142,220.491,0,0,0
1200,2,0,488,1,1,1,4397.87,18716.5,1591.3,46.3844,0.482746,1501.14,273373,156.684,23.1957,0.267264,133.221,121.348,23.1887,0.0718272,98.0873,278.032,0,0,0
1200,2,0,489,1,1,1,4313.74,24723.6,1596.91,52.1883,0.696557,1500.91,273373,335.183,28.9996,0.481075,305.702,79.4349,23.1887,0.0718272,56.1744,414.618,0,0,0
1200,2,0,490,1,1,1,4320.14,18697,1591.38,46.3844,0.482746,1501.22,273372,153.668,23.1957,0.267264,130.205,98.8383,23.1887,0.0718272,75.5778,252.507,0,0,0
1200,2,0,491,1,1,1,4443.62,18784.7,1591.37,46.3844,0.517824,1501.18,273372,137.411,23.1957,0.267264,113.948,160.635,23.1887,0.106906,137.34,298.046,0,0,0
1200,2,0,492,1,1,1,4336.78,18819.9,1591.34,46.3844,0.482746,1501.18,273372,160.041,23.1957,0.267264,136.578,149.698,23.1887,0.0718272,126.437,309.739,0,0,0
1200,2,0,493,1,1,1,4383.8,18762.2,1591.27,46.3844,0.517824,1501.08,273373,144.613,23.1957,0.302342,121.115,159.942,23.1887,0.0718272,136.681,304.554,0,0,0
1200,2,0,494,1,1,2,10430.9,30805,1619.28,75.3781,0.998899,1500.48,273373,229.089,28.9996,0.746669,199.104,371.021,46.3784,0.108576,324.534,600.109,1,0,0
1200,2,0,495,1,1,1,4351.44,18666.2,1591.13,46.3844,0.6264,1500.83,273376,84.2198,23.1957,0.267264,60.7568,148.084,23.1887,0.0718272,124.824,232.304,0,0,0
1200,2,0,496,1,1,1,4340.1,18676.6,1591.41,46.3844,0.678182,1501.06,273371,156.012,23.1957,0.462701,132.353,105.534,23.1887,0.0718272,82.2736,261.546,0,0,0
1200,2,0,497,1,1,1,4322.6,18639.5,1591.44,46.3844,0.482746,1501.28,273371,124.738,23.1957,0.267264,101.275,155.745,23.1887,0.0718272,132.485,280.483,0,0,0
1200,2,0,498,1,1,1,4315.34,18724.5,1591.29,46.3844,0.587981,1501.02,273373,118.333,23.1957,0.372499,94.7646,55.9888,23.1887,0.0718272,32.7282,174.322,0,0,0
1200,2,0,499,1,0,0,-1,-1,1568.87,23.1957,0.302342,1501.37,273373,-1,-1,-1,-1,-1,-1,-1,-1,-1,0,0,0
1200,2,0,500,1,1,1,4324.94,18661.6,1591.22,46.3844,0.482746,1501.06,273374,79.0995,23.1957,0.267264,55.6366,138.524,23.1887,0.0718272,115.264,217.624,0,0,0
1200,2,0,501,1,1,1,4330.87,18722.2,1591.18,46.3844,0.482746,1501.02,273375,158.888,23.1957,0.267264,135.425,148.968,23.1887,0.0718272,125.708,307.856,0,0,0
1200,2,0,502,1,1,1,4391.44,18878.7,1591.22,46.3844,0.482746,1501.06,273374,161.294,23.1957,0.267264,137.831,132.503,23.1887,0.0718272,109.243,293.797,0,0,0
1200,2,0,503,1,1,1,4405.99,18735.9,1591.19,46.3844,0.661478,1500.85,273374,138.734,23.1957,0.267264,115.271,159.378,23.1887,0.106906,136.082,298.111,0,0,0
1200,2,0,504,1,1,1,4358.21,18729.9,1591.2,46.3844,0.482746,1501.04,273375,146.698,23.1957,0.267264,123.235,148.263,23.1887,0.0718272,125.002,294.961,0,0,0
1200,2,0,505,1,1,1,4314.7,18645.2,1591.28,46.3844,0.482746,1501.12,273373,152.374,23.1957,0.267264,128.911,98.2518,23.1887,0.0718272,74.9912,250.626,0,0,0
1200,2,0,506,1,1,1,4317.19,24636,1596.85,52.1883,0.696557,1500.85,273374,238.921,28.9996,0.481075,209.239,34.5983,23.1887,0.0718272,11.3378,273.519,0,0,0
1200,2,0,507,1,1,1,4344.26,18666.4,1591.02,46.3844,0.482746,1500.86,273378,89.3364,23.1957,0.267264,65.8734,135.633,23.1887,0.0718272,112.372,224.969,0,0,0
1200,2,0,508,1,1,1,4340.68,18702.8,1591.3,46.3844,0.661478,1500.97,273372,127.034,23.1957,0.302342,103.536,156.043,23.1887,0.0718272,132.783,283.077,0,0,0
1200,2,0,509,1,1,1,4317.83,18635.1,1591.08,46.3844,0.482746,1500.92,273377,149.393,23.1957,0.267264,125.93,77.2746,23.1887,0.0718272,54.0141,226.667,0,0,0
1200,2,0,510,1,1,1,4338.5,18726.8,1591.81,46.3844,1.30458,1500.83,273362,154.249,23.1957,0.658138,130.395,104.967,23.1887,0.0718272,81.7069,259.216,0,0,0
1200,2,0,511,1,1,1,4404.59,18810.4,1591.24,46.3844,0.517824,1501.04,273374,140.174,23.1957,0.267264,116.711,160.511,23.1887,0.106906,137.215,300.685,0,0,0
1200,2,0,512,1,1,1,4446.8,18770.6,1591.26,46.3844,0.482746,1501.1,273374,137.447,23.1957,0.267264,113.984,157.955,23.1887,0.0718272,134.694,295.401,0,0,0
1200,2,0,513,1,1,1,4328.97,18770,1591.36,46.3844,0.482746,1501.2,273372,132.218,23.1957,0.267264,108.755,61.3941,23.1887,0.0718272,38.1336,193.613,0,0,0
1200,2,0,514,1,1,1,4350.84,18688.8,1591.24,46.3844,0.482746,1501.08,273374,84.7594,23.1957,0.267264,61.2964,136.645,23.1887,0.0718272,113.385,221.405,0,0,0
1200,2,0,515,1,1,1,4343.3,18659.5,1591.22,46.3844,0.517824,1501.02,273374,80.6571,23.1957,0.267264,57.1941,137.53,23.1887,0.106906,114.235,218.187,0,0,0
1200,2,0,516,1,1,1,4383.83,18804.1,1591.16,46.3844,0.482746,1501,273376,159.233,23.1957,0.267264,135.77,151.889,23.1887,0.0718272,128.628,311.121,0,0,0
1200,2,0,517,1,1,1,4326.18,18718.6,1591.48,46.3844,0.6264,1501.18,273369,153.015,23.1957,0.267264,129.552,80.5052,23.1887,0.0718272,57.2446,233.52,0,0,0
1200,2,0,518,1,1,1,4359.78,18674.6,1591.26,46.3844,0.482746,1501.1,273374,85.373,23.1957,0.267264,61.9101,148.719,23.1887,0.0718272,125.459,234.092,0,0,0
1200,2,0,519,1,1,1,4324.52,18708.2,1591.32,46.3844,0.6264,1501.02,273372,152.99,23.1957,0.267264,129.527,80.5864,23.1887,0.0718272,57.3259,233.576,0,0,0
1200,2,0,520,1,1,1,4316.11,24656,1596.68,52.1883,0.641434,1500.73,273376,333.052,28.9996,0.425952,303.627,79.5071,23.1887,0.0718272,56.2466,412.56,0,0,0
1200,2,0,521,1,0,0,-1,-1,1568.77,23.1957,0.302342,1501.28,273375,-1,-1,-1,-1,-1,-1,-1,-1,-1,0,0,0
1200,2,0,522,1,1,1,4317.29,18641,1591.1,46.3844,0.517824,1500.9,273376,144.797,23.1957,0.302342,121.299,150.954,23.1887,0.0718272,127.693,295.751,0,0,0
1200,2,0,523,1,1,1,4323.14,18660.9,1591.12,46.3844,0.482746,1500.96,273376,112.178,23.1957,0.267264,88.7149,54.6929,23.1887,0.0718272,31.4324,166.871,0,0,0
1200,2,0,524,1,1,1,4354.42,18669.9,1591.24,46.3844,0.482746,1501.08,273374,81.2888,23.1957,0.267264,57.8258,144.404,23.1887,0.0718272,121.144,225.693,0,0,0
1200,2,0,525,1,0,0,-1,-1,1568.78,23.2065,0.285638,1501.29,273375,-1,-1,-1,-1,-1,-1,-1,-1,-1,0,0,0
1200,2,0,526,1,1,1,4321.93,18741.6,1591.25,46.3844,0.587981,1500.98,273373,156.055,23.1957,0.372499,132.487,104.541,23.1887,0.0718272,81.281,260.596,0,0,0
1200,2,0,527,1,1,2,10320.7,24641.2,1613.68,69.5741,0.519494,1501,273374,137.978,23.1957,0.267264,114.515,359.32,46.3784,0.108576,312.833,497.298,1,0,0
1200,2,0,528,1,1,1,4317.8,18706.5,1591.26,46.3844,0.482746,1501.1,273374,153.136,23.1957,0.267264,129.673,80.4077,23.1887,0.0718272,57.1472,233.544,0,0,0
1200,2,0,529,1,1,1,4391.19,24762.8,1596.72,52.1883,0.606355,1500.81,273376,318.462,28.9996,0.390874,289.071,152.672,23.1887,0.0718272,129.411,471.134,0,0,0
1200,2,0,530,1,1,1,4336.76,18737.2,1591.08,46.3844,0.482746,1500.92,273377,154.421,23.1957,0.267264,130.958,103.284,23.1887,0.0718272,80.023,257.705,0,0,0
1200,2,0,531,1,1,1,4315.02,24655,1596.83,52.1883,0.731635,1500.79,273374,287.433,28.9996,0.516154,257.854,52.4171,23.1887,0.0718272,29.1565,339.85,0,0,0
1200,2,0,532,1,1,1,4352.14,18667.6,1591.22,46.3844,0.482746,1501.06,273374,96.6278,23.1957,0.267264,73.1648,147.983,23.1887,0.0718272,124.723,244.611,0,0,0
1200,2,0,533,1,1,1,4327.12,18678.8,1591.32,46.3844,0.482746,1501.16,273373,116.486,23.1957,0.267264,93.023,156.291,23.1887,0.0718272,133.03,272.776,0,0,0
1200,2,0,534,1,1,2,10330.4,24647.9,1613.77,69.5741,0.663149,1500.94,273373,137.337,23.1957,0.267264,113.874,360.34,46.3784,0.108576,313.853,497.677,1,0,0
1200,2,0,535,1,1,1,4340.1,18764.1,1591.46,46.3844,0.678182,1501.1,273370,152.859,23.1957,0.462701,129.2,88.3993,23.1887,0.0718272,65.1388,241.258,0,0,0
1200,2,0,536,1,1,1,4321.01,24706.5,1596.83,52.1883,0.731635,1500.79,273374,311.907,28.9996,0.516154,282.392,155.083,23.1887,0.0718272,131.823,466.991,0,0,0
1200,2,0,537,1,1,1,4423.82,18772.2,1591.38,46.3844,0.6264,1501.08,273371,146.191,23.1957,0.267264,122.728,151.297,23.1887,0.0718272,128.036,297.488,0,0,0
1200,2,0,538,1,1,1,4324.17,18650.7,1591.2,46.3844,0.482746,1501.04,273375,116.681,23.1957,0.267264,93.2179,155.913,23.1887,0.0718272,132.653,272.594,0,0,0
1200,2,0,539,1,1,1,4321.83,18638.2,1591.21,46.3844,0.6264,1500.91,273374,77.3326,23.1957,0.267264,53.8697,138.32,23.1887,0.0718272,115.06,215.653,0,0,0
1200,2,0,540,1,1,1,4390.37,18745,1591.32,46.3844,0.482746,1501.16,273373,148.651,23.1957,0.267264,125.188,151.91,23.1887,0.0718272,128.65,300.561,0,0,0
1200,2,0,541,1,1,1,4325.94,18684,1591.12,46.3844,0.482746,1500.96,273376,144.8,23.1957,0.267264,121.337,158.4,23.1887,0.0718272,135.14,303.2,0,0,0
1200,2,0,542,1,1,1,4352.29,18715.9,1591.48,46.3844,0.517824,1501.28,273370,147.08,23.1957,0.302342,123.582,151.847,23.1887,0.0718272,128.587,298.927,0,0,0
1200,2,0,543,0,0,0,-1,-1,1568.66,23.206,0.781747,1500.68,273375,-1,-1,-1,-1,-1,-1,-1,-1,-1,0,0,0
1200,2,0,544,1,1,1,4357.55,24695,1597.08,52.1883,1.21438,1500.56,273368,322.261,28.9996,0.676512,292.585,148.87,23.1887,0.106906,125.574,471.131,0,0,0
1200,2,0,545,1,1,1,4343.9,18789.9,1591.46,46.3844,1.10413,1500.68,273369,158.596,23.1957,0.888653,134.512,148.817,23.1887,0.0718272,125.556,307.413,0,0,0
1200,2,0,546,1,1,1,4322.15,18666.4,1591.31,46.3844,0.517824,1501.12,273373,144.92,23.1957,0.302342,121.422,70.3008,23.1887,0.0718272,47.0403,215.22,0,0,0
1200,2,0,547,1,1,1,4320.58,18753.6,1591.08,46.3844,0.482746,1500.92,273377,151.894,23.1957,0.267264,128.431,80.5665,23.1887,0.0718272,57.306,232.461,0,0,0
1200,2,0,548,1,1,1,4328.21,18654.9,1591.3,46.3844,0.482746,1501.14,273373,93.2762,23.1957,0.267264,69.8133,136.546,23.1887,0.0718272,113.285,229.822,0,0,0
1200,2,0,549,1,1,1,4395.53,18760.9,1591.26,46.3844,0.482746,1501.1,273374,146.498,23.1957,0.267264,123.035,150.367,23.1887,0.0718272,127.107,296.865,0,0,0
1200,2,0,550,1,1,1,4343.82,18875.5,1591.19,46.3844,0.678182,1500.83,273375,163.834,23.1957,0.462701,140.175,149.837,23.1887,0.0718272,126.576,313.67,0,0,0
1200,2,0,551,1,1,1,4329,18652,1591.4,46.3844,0.6264,1501.1,273371,93.4748,23.1957,0.267264,70.0118,144.707,23.1887,0.0718272,121.447,238.182,0,0,0
1200,2,0,552,1,1,1,4339.69,18790.1,1591.3,46.3844,0.696557,1500.92,273372,161.378,23.1957,0.337421,137.845,143.657,23.1887,0.0718272,120.396,305.035,0,0,0
1200,2,0,553,1,1,1,4329.03,18721.3,1591.3,46.3844,0.482746,1501.14,273373,153.67,23.1957,0.267264,130.207,99.0639,23.1887,0.0718272,75.8034,252.734,0,0,0
1200,2,0,554,1,1,1,4397.31,18821.7,1591.5,46.3844,1.10915,1500.72,273368,162.489,23.1957,0.462701,138.831,146.494,23.1887,0.0718272,123.234,308.983,0,0,0
1200,2,0,555,1,1,1,4314.31,18633.7,1591.32,46.3844,0.482746,1501.16,273373,89.0205,23.1957,0.267264,65.5576,144.572,23.1887,0.0718272,121.311,233.592,0,0,0
1200,2,0,556,1,1,1,4344.82,18709.6,1591.46,46.3844,0.661478,1501.12,273370,155.779,23.1957,0.302342,132.281,105.433,23.1887,0.0718272,82.1725,261.212,0,0,0
1200,2,0,557,1,1,1,4317.51,30808.7,1608.12,63.7961,1.45993,1500.1,273371,537.716,40.6075,1.24445,495.838,100.517,23.1887,0.0718272,77.2563,638.232,0,0,0
1200,2,0,558,1,1,1,4422.41,18755.6,1591.33,46.3844,0.6264,1501.03,273372,147.615,23.1957,0.267264,124.152,157.496,23.1887,0.0718272,134.236,305.111,0,0,0
1200,2,0,559,1,1,1,4322.69,18648.4,1591.37,46.3844,0.678182,1501.02,273371,145.174,23.1957,0.462701,121.515,150.591,23.1887,0.0718272,127.33,295.765,0,0,0
1200,2,0,560,1,1,2,10343.3,24666.7,1613.92,69.5741,0.519494,1501.24,273370,147.509,23.1957,0.267264,124.046,355.238,46.3784,0.108576,308.751,502.746,1,0,0
1200,2,0,561,1,0,0,-1,-1,1568.79,23.1957,0.267264,1501.33,273375,-1,-1,-1,-1,-1,-1,-1,-1,-1,0,0,0
1200,2,0,562,1,1,1,4327.56,24699.3,1596.8,52.1883,0.554573,1500.94,273375,312.596,28.9996,0.320717,283.276,155.784,23.1887,0.0902016,132.505,468.38,0,0,0
1200,2,0,563,1,1,1,4334.34,18718.5,1591.53,46.3844,1.06906,1500.79,273367,154.437,23.1957,0.853574,130.388,99.6451,23.1887,0.0718272,76.3846,254.082,0,0,0
1200,2,0,564,1,1,1,4353.93,18724.4,1591.43,46.3844,0.552902,1501.2,273370,146.284,23.1957,0.302342,122.786,151.53,23.1887,0.106906,128.235,297.814,0,0,0
1200,2,0,565,1,1,1,4342.11,18658.7,1591.26,46.3844,0.517824,1501.06,273374,93.0687,23.1957,0.267264,69.6057,145.241,23.1887,0.106906,121.945,238.309,0,0,0
1200,2,0,566,1,1,1,4317.58,24703.1,1596.96,52.1883,0.766714,1500.89,273371,341.005,28.9996,0.551232,311.454,91.5072,23.1887,0.0718272,68.2467,432.512,0,0,0
1200,2,0,567,1,1,1,4349,18681.5,1591.26,46.3844,0.482746,1501.1,273374,143.924,23.1957,0.267264,120.461,157.619,23.1887,0.0718272,134.358,301.543,0,0,0
1200,2,0,568,1,1,2,10355.8,24695.2,1613.75,69.5741,0.716602,1500.86,273373,138.859,23.1957,0.302342,115.361,364.698,46.3784,0.270605,318.049,503.557,1,0,0
1200,2,0,569,1,1,1,4318.41,18643.2,1591.24,46.3844,0.482746,1501.08,273374,107.855,23.1957,0.267264,84.3924,150.376,23.1887,0.0718272,127.116,258.232,0,0,0
1200,2,0,570,1,1,1,4326.95,24666.4,1597.02,52.1883,0.714931,1501,273370,335.021,28.9996,0.481075,305.54,79.9821,23.1887,0.0902016,56.7032,415.003,0,0,0
1200,2,0,571,1,1,1,4341.38,18780.7,1591.48,46.3844,0.678182,1501.12,273369,156.127,23.1957,0.462701,132.469,103.668,23.1887,0.0718272,80.4074,259.795,0,0,0
1200,2,0,572,1,1,1,4351.28,18846.9,1591.58,46.3844,0.770054,1501.14,273367,159.26,23.1957,0.267264,135.797,149.869,23.1887,0.0718272,126.609,309.129,0,0,0
1200,2,0,573,1,1,1,4317.26,18718.2,1591.34,46.3844,0.678182,1500.98,273372,159.491,23.1957,0.462701,135.833,138.194,23.1887,0.0718272,114.933,297.685,0,0,0
1200,2,0,574,1,1,1,4338.76,18701.5,1596.7,52.1883,0.536198,1500.86,273377,154.456,28.9996,0.320717,125.136,151.051,23.1887,0.0718272,127.791,305.507,0,0,0
1200,2,0,575,1,1,1,4342.68,18657.5,1591.22,46.3844,0.517824,1501.02,273374,79.7916,23.1957,0.302342,56.2935,143.792,23.1887,0.0718272,120.532,223.584,0,0,0
1200,2,0,576,1,1,1,4320.71,18759.9,1591.1,46.3844,0.943776,1500.48,273375,152.346,23.1957,0.728294,128.422,154.441,23.1887,0.0718272,131.18,306.787,0,0,0
1200,2,0,577,1,1,1,4385.53,18707.2,1591.28,46.3844,0.482746,1501.12,273373,85.1384,23.1957,0.267264,61.6754,148.786,23.1887,0.0718272,125.526,233.925,0,0,0
1200,2,0,578,1,1,1,4328.1,18733,1591.26,46.3844,0.713261,1500.87,273373,152.257,23.1957,0.497779,128.563,78.3953,23.1887,0.0718272,55.1348,230.652,0,0,0
1200,2,0,579,1,1,1,4375.97,18688.5,1591.12,46.3844,0.552902,1500.89,273376,76.1667,23.1957,0.267264,52.7038,138.43,23.1887,0.141984,115.099,214.597,0,0,0
1200,2,0,580,1,1,1,4325.45,24757.3,1596.88,52.1883,0.536198,1501.04,273373,302.193,28.9996,0.320717,272.837,57.577,23.1887,0.0718272,34.3165,359.77,0,0,0
1200,2,0,581,1,1,1,4324.17,24648.4,1596.71,52.1883,0.696557,1500.71,273376,238.962,28.9996,0.481075,209.279,34.7156,23.1887,0.0718272,11.4551,273.677,0,0,0
1200,2,0,582,1,1,1,4342.42,18662.2,1591.11,46.3844,0.661478,1500.77,273376,81.5639,23.1957,0.302342,58.0658,144.041,23.1887,0.0718272,120.781,225.605,0,0,0
1200,2,0,583,1,1,1,4317.9,18773.3,1591.32,46.3844,0.482746,1501.16,273373,125.169,23.1957,0.267264,101.706,58.7555,23.1887,0.0718272,35.495,183.924,0,0,0
1200,2,0,584,1,1,1,4327.98,18724.4,1591.05,46.3844,0.678182,1500.69,273377,126.814,23.1957,0.462701,103.155,60.4574,23.1887,0.0718272,37.1969,187.271,0,0,0
1200,2,0,585,1,0,0,-1,-1,1574.28,28.9996,0.320717,1501.14,273377,-1,-1,-1,-1,-1,-1,-1,-1,-1,0,0,0
1200,2,0,586,1,1,1,4329.75,18788.9,1591.28,46.3844,0.482746,1501.12,273373,151.411,23.1957,0.267264,127.948,91.5848,23.1887,0.0718272,68.3243,242.995,0,0,0
1200,2,0,587,1,1,1,4356.4,18763.7,1591.3,46.3844,0.50112,1501.12,273373,158.451,23.1957,0.267264,134.988,129.603,23.1887,0.0902016,106.324,288.054,0,0,0
1200,2,0,588,1,1,1,4316.3,24697.4,1596.86,52.1883,0.536198,1501.02,273374,340.675,28.9996,0.320717,311.355,90.6265,23.1887,0.0718272,67.366,431.302,0,0,0
1200,2,0,589,1,1,1,4334.5,24663.7,1596.67,52.1883,0.927072,1500.44,273376,279.994,28.9996,0.71159,250.199,50.6628,23.1887,0.0718272,27.4023,330.657,0,0,0
1200,2,0,590,1,1,1,4323.55,18694.3,1591.34,46.3844,0.482746,1501.18,273372,151.508,23.1957,0.267264,128.045,90.215,23.1887,0.0718272,66.9545,241.723,0,0,0
1200,2,0,591,1,1,2,10332.9,24697,1613.78,69.5741,0.519494,1501.1,273373,151.829,23.1957,0.267264,128.366,343.156,46.3784,0.108576,296.669,494.986,1,0,0
1200,2,0,592,1,1,1,4316.94,24635.7,1596.85,52.1883,0.696557,1500.85,273374,254.754,28.9996,0.481075,225.118,41.812,23.1887,0.0718272,18.5515,296.566,0,0,0
1200,2,0,593,1,1,1,4326.86,18646.8,1591.3,46.3844,0.482746,1501.14,273373,88.3473,23.1957,0.267264,64.8844,136.187,23.1887,0.0718272,112.926,224.534,0,0,0
1200,2,0,594,1,1,1,4316.3,30644.7,1602.45,57.9922,0.554573,1500.96,273374,465.089,34.8035,0.339091,429.577,51.363,23.1887,0.0718272,28.1025,516.452,0,0,0
1200,2,0,595,1,1,1,4373.96,18729.7,1591.32,46.3844,0.482746,1501.16,273373,143.628,23.1957,0.267264,120.165,159.633,23.1887,0.0718272,136.372,303.261,0,0,0
1200,2,0,596,1,1,1,4349.33,18662.5,1591.22,46.3844,0.661478,1500.88,273374,109.794,23.1957,0.267264,86.3308,152.501,23.1887,0.106906,129.206,262.295,0,0,0
1200,2,0,597,1,1,1,4321.5,18669.9,1591.15,46.3844,0.587981,1500.88,273375,145.714,23.1957,0.337421,122.181,152.178,23.1887,0.106906,128.883,297.893,0,0,0
1200,2,0,598,1,1,1,4361.66,18675.9,1591.24,46.3844,0.482746,1501.08,273374,154.768,23.1957,0.267264,131.305,151.416,23.1887,0.0718272,128.155,306.183,0,0,0
1200,2,0,599,1,1,1,4358.04,18726.3,1591.38,46.3844,1.12251,1500.58,273370,87.4094,23.1957,0.888653,63.325,136.245,23.1887,0.0902016,112.966,223.654,0,0,0
1200,2,0,600,1,1,1,4319.18,24662.4,1596.76,52.1883,0.536198,1500.92,273376,246.586,28.9996,0.320717,217.083,37.4787,23.1887,0.0718272,14.2182,284.065,0,0,0
1200,2,0,601,1,1,1,4332.95,24695.1,1596.79,52.1883,0.766714,1500.71,273374,350.935,28.9996,0.551232,321.384,111.333,23.1887,0.0718272,88.0724,462.268,0,0,0
1200,2,0,602,1,1,1,4316.3,18763.9,1591.26,46.3844,0.678182,1500.9,273373,124.446,23.1957,0.462701,100.787,58.2827,23.1887,0.0718272,35.0221,182.728,0,0,0
1200,2,0,603,1,1,1,4342.59,18659.7,1591.42,46.3844,0.517824,1501.22,273371,88.7055,23.1957,0.302342,65.2074,136.349,23.1887,0.0718272,113.089,225.055,0,0,0
1200,2,0,604,1,1,1,4332.03,18648.1,1591.16,46.3844,0.482746,1501,273376,84.7287,23.1957,0.267264,61.2657,132.781,23.1887,0.0718272,109.521,217.51,0,0,0
1200,2,0,605,1,1,1,4344.2,18680.4,1591.28,46.3844,0.482746,1501.12,273373,93.0236,23.1957,0.267264,69.5606,136.976,23.1887,0.0718272,113.715,229.999,0,0,0
1200,2,0,606,0,0,0,-1,-1,1568.62,23.206,0.551232,1500.87,273377,-1,-1,-1,-1,-1,-1,-1,-1,-1,0,0,0
1200,2,0,607,1,1,1,4325.29,18645.7,1591.24,46.3844,0.482746,1501.08,273374,78.1899,23.1957,0.267264,54.727,142.2,23.1887,0.0718272,118.94,220.39,0,0,0
1200,2,0,608,1,1,2,10337.9,24680.7,1613.45,69.5741,1.23443,1500.05,273376,85.2428,23.1957,0.337421,61.7097,324.154,46.3784,0.75335,277.022,409.397,1,0,0
1200,2,0,609,1,1,1,4337.19,18665.5,1591.24,46.3844,0.482746,1501.08,273374,154.52,23.1957,0.267264,131.057,112.075,23.1887,0.0718272,88.8142,266.595,0,0,0
1200,2,0,610,1,1,1,4375.03,18727.1,1591.27,46.3844,0.6264,1500.96,273373,137.449,23.1957,0.267264,113.986,159.227,23.1887,0.0718272,135.966,296.676,0,0,0
1200,2,0,611,1,1,1,4396.56,18711.7,1591.14,46.3844,0.482746,1500.98,273376,81.9854,23.1957,0.267264,58.5224,149.342,23.1887,0.0718272,126.082,231.327,0,0,0
1200,2,0,612,1,1,1,4332.91,18664.1,1590.9,46.3844,0.536198,1500.69,273380,156.086,23.1957,0.302342,132.588,111.099,23.1887,0.0902016,87.8198,267.185,0,0,0
1200,2,0,613,1,1,1,4316.3,24687.9,1596.69,52.1883,0.696557,1500.69,273377,300.468,28.9996,0.481075,270.956,56.8117,23.1887,0.0718272,33.5512,357.28,0,0,0
1200,2,0,614,1,1,1,4337.78,18678.9,1591.52,46.3844,0.6264,1501.21,273369,84.4887,23.1957,0.267264,61.0257,144.747,23.1887,0.0718272,121.487,229.236,0,0,0
1200,2,0,615,1,1,1,4395.54,18831.8,1591.14,46.3844,0.517824,1500.95,273376,158.871,23.1957,0.302342,135.373,132.433,23.1887,0.0718272,109.172,291.304,0,0,0
1200,2,0,616,1,1,1,4318.86,18691.1,1591.36,46.3844,0.943776,1500.74,273371,148.825,23.1957,0.728294,124.901,78.9819,23.1887,0.0718272,55.7214,227.807,0,0,0
1200,2,0,617,1,1,1,4323.27,18643.2,1591.13,46.3952,0.50112,1500.94,273376,147.162,23.2065,0.285638,123.67,78.3917,23.1887,0.0718272,55.1312,225.554,0,0,0
1200,2,0,618,1,1,1,4343.5,18677.2,1591.18,46.3844,0.748339,1500.75,273374,83.7655,23.1957,0.462701,60.1071,147.95,23.1887,0.141984,124.62,231.716,0,0,0
1200,2,0,619,1,1,1,4348.71,18707.9,1591.11,46.3844,0.552902,1500.88,273376,157.499,23.1957,0.302342,134.001,149.572,23.1887,0.106906,126.276,307.071,0,0,0
1200,2,0,620,1,1,1,4363.48,18730.4,1591.22,46.3844,0.517824,1501.02,273374,148.742,23.1957,0.302342,125.244,156.103,23.1887,0.0718272,132.842,304.845,0,0,0
1200,2,0,621,1,1,1,4374.28,18695.8,1591.4,46.3844,0.948787,1500.78,273370,142.89,23.1957,0.267264,119.427,157.861,23.1887,0.106906,134.566,300.752,0,0,0
1200,2,0,622,1,1,1,4357.88,18679.7,1591.19,46.3844,0.552902,1500.96,273374,83.7892,23.1957,0.302342,60.2911,144.861,23.1887,0.106906,121.566,228.651,0,0,0
1200,2,0,623,1,1,1,4327.45,18691.7,1591.18,46.3844,0.482746,1501.02,273375,159.628,23.1957,0.267264,136.165,136.95,23.1887,0.0718272,113.69,296.578,0,0,0
1200,2,0,624,1,1,1,4399.62,18727.8,1591.45,46.3844,0.517824,1501.26,273370,141.777,23.1957,0.267264,118.314,160.231,23.1887,0.106906,136.936,302.008,0,0,0
1200,2,0,625,1,1,1,4322.5,24703.5,1596.83,52.1883,0.891994,1500.63,273374,318.769,28.9996,0.676512,289.093,66.8988,23.1887,0.0718272,43.6383,385.668,0,0,0
1200,2,0,626,1,1,1,4331.56,24652.8,1596.9,52.1883,0.536198,1501.06,273373,340.702,28.9996,0.320717,311.382,147.183,23.1887,0.0718272,123.923,487.886,0,0,0
1200,2,0,627,1,1,1,4377.51,18718,1591.08,46.3844,0.587981,1500.81,273376,138.937,23.1957,0.302342,115.439,159.608,23.1887,0.141984,136.277,298.544,0,0,0
1200,2,0,628,1,1,1,4350.93,18671.8,1591.22,46.3844,0.482746,1501.06,273374,81.2328,23.1957,0.267264,57.7698,144.595,23.1887,0.0718272,121.335,225.828,0,0,0
1200,2,0,629,1,1,2,10330.9,24674.9,1613.6,69.5741,0.858586,1500.57,273375,143.972,23.1957,0.462701,120.313,350.915,46.3784,0.25223,304.284,494.886,1,0,0
1200,2,0,630,0,0,0,-1,-1,1568.66,23.206,0.516154,1500.94,273376,-1,-1,-1,-1,-1,-1,-1,-1,-1,0,0,0
1200,2,0,631,1,1,2,10317,24632.2,1613.64,69.5741,0.519494,1500.96,273375,102.326,23.1957,0.267264,78.8625,357.321,46.3784,0.108576,310.833,459.646,1,0,0
1200,2,0,632,1,1,1,4330.1,18771.5,1591.34,46.3844,0.873619,1500.79,273371,118.458,23.1957,0.658138,94.604,55.6368,23.1887,0.0718272,32.3763,174.095,0,0,0
1200,2,0,633,1,1,1,4445.64,18844.5,1591.38,46.3844,0.678182,1501.02,273371,157.203,23.1957,0.462701,133.544,109.795,23.1887,0.0718272,86.5347,266.998,0,0,0
1200,2,0,634,1,1,1,4324.44,18662.8,1591.18,46.3844,0.482746,1501.02,273375,86.2447,23.1957,0.267264,62.7818,148.523,23.1887,0.0718272,125.262,234.767,0,0,0
1200,2,0,635,1,1,1,4321.1,18722.8,1591.35,46.3844,0.517824,1501.16,273372,154.568,23.1957,0.302342,131.07,99.5855,23.1887,0.0718272,76.325,254.154,0,0,0
1200,2,0,636,1,1,1,4317.9,24694.9,1596.77,52.1883,1.15759,1500.31,273374,262.729,28.9996,0.942106,232.646,43.2216,23.1887,0.0718272,19.9611,305.95,0,0,0
1200,2,0,637,1,1,1,4341.02,18665.2,1591.24,46.3844,0.517824,1501.04,273374,82.4474,23.1957,0.267264,58.9845,147.792,23.1887,0.106906,124.497,230.24,0,0,0
1200,2,0,638,1,1,1,4426.84,18844.7,1591.24,46.3844,0.517824,1501.04,273374,158.533,23.1957,0.302342,135.035,132.83,23.1887,0.0718272,109.569,291.363,0,0,0
1200,2,0,639,0,0,0,-1,-1,1574.44,29.0099,0.995558,1500.62,273372,-1,-1,-1,-1,-1,-1,-1,-1,-1,0,0,0
1200,2,0,640,1,1,1,4315.02,18737.6,1591.33,46.3844,0.713261,1500.94,273372,129.745,23.1957,0.497779,106.052,60.804,23.1887,0.0718272,37.5434,190.549,0,0,0
1200,2,0,641,1,1,1,4333.79,18738.4,1591.28,46.3844,0.678182,1500.93,273373,161.253,23.1957,0.462701,137.594,141.026,23.1887,0.0718272,117.765,302.278,0,0,0
1200,2,0,642,1,1,1,4317.43,18634.5,1591.3,46.3844,0.482746,1501.14,273373,79.6753,23.1957,0.267264,56.2123,136.86,23.1887,0.0718272,113.6,216.535,0,0,0
1200,2,0,643,1,1,1,4402.5,18757.4,1591.27,46.3844,0.552902,1501.04,273373,84.7132,23.1957,0.302342,61.2152,149.09,23.1887,0.106906,125.795,233.803,0,0,0
1200,2,0,644,1,1,1,4356.65,18675.9,1591.16,46.3844,0.517824,1500.96,273375,112.865,23.1957,0.302342,89.3665,154.664,23.1887,0.0718272,131.404,267.529,0,0,0
1200,2,0,645,1,1,1,4338.47,18672,1591.48,46.3844,0.482746,1501.32,273370,142.952,23.1957,0.267264,119.489,158.565,23.1887,0.0718272,135.304,301.516,0,0,0
1200,2,0,646,1,1,1,4350.82,18674.8,1591.26,46.3844,0.482746,1501.1,273374,152.456,23.1957,0.267264,128.993,149.719,23.1887,0.0718272,126.459,302.175,0,0,0
1200,2,0,647,1,1,1,4366.88,18714.7,1591.05,46.3844,0.517824,1500.85,273377,86.7057,23.1957,0.302342,63.2077,149.6,23.1887,0.0718272,126.34,236.306,0,0,0
1200,2,0,648,1,0,0,-1,-1,1568.87,23.1957,0.302342,1501.38,273373,-1,-1,-1,-1,-1,-1,-1,-1,-1,0,0,0
1200,2,0,649,1,0,0,-1,-1,1568.91,23.1957,0.267264,1501.45,273372,-1,-1,-1,-1,-1,-1,-1,-1,-1,0,0,0
1200,2,0,650,1,1,1,4318.54,18675.7,1591.39,46.3952,0.50112,1501.2,273371,149.027,23.2065,0.285638,125.535,78.278,23.1887,0.0718272,55.0175,227.305,0,0,0
1200,2,0,651,1,1,1,4328.16,18838.3,1591.23,46.3844,0.783418,1500.77,273373,154.059,23.1957,0.532858,130.33,93.4355,23.1887,0.106906,70.1399,247.494,0,0,0
1200,2,0,652,1,0,0,-1,-1,1568.74,23.1957,0.337421,1501.22,273375,-1,-1,-1,-1,-1,-1,-1,-1,-1,0,0,0
1200,2,0,653,1,1,1,4323.32,24692.1,1597.02,52.1883,0.536198,1501.18,273371,319.032,28.9996,0.320717,289.712,151.313,23.1887,0.0718272,128.052,470.345,0,0,0
1200,2,0,654,0,0,0,-1,-1,1568.54,23.206,0.551232,1500.78,273378,-1,-1,-1,-1,-1,-1,-1,-1,-1,0,0,0
1200,2,0,655,1,1,1,4322.88,30695.8,1602.56,57.9922,1.14088,1500.48,273371,525.108,34.8035,0.925402,489.177,77.0183,23.1887,0.0718272,53.7578,602.126,0,0,0
1200,2,0,656,1,1,1,4320.66,18640.1,1591.22,46.3844,0.50112,1501.04,273374,77.9102,23.1957,0.267264,54.4472,138.255,23.1887,0.0902016,114.977,216.166,0,0,0
1200,2,0,657,1,1,1,4318.54,24657.1,1597,52.1883,0.731635,1500.97,273371,219.978,28.9996,0.516154,190.202,30.7197,23.1887,0.0718272,7.45924,250.697,0,0,0
1200,2,0,658,1,1,1,4413.03,18764.5,1591.07,46.3844,0.623059,1500.77,273376,148.721,23.1957,0.337421,125.188,152.309,23.1887,0.141984,128.978,301.03,0,0,0
1200,2,0,659,1,0,0,-1,-1,1568.62,23.1957,0.302342,1501.13,273377,-1,-1,-1,-1,-1,-1,-1,-1,-1,0,0,0
1200,2,0,660,1,1,1,4316.68,24640.7,1596.72,52.1883,0.927072,1500.48,273375,219.895,28.9996,0.71159,189.926,30.4833,23.1887,0.0718272,7.22281,250.378,0,0,0
1200,2,0,661,1,1,2,10346.6,36687.8,1625.18,81.182,0.891994,1500.87,273368,497.61,34.8035,0.639763,461.89,332.523,46.3784,0.108576,286.036,830.133,1,0,0
1200,2,0,662,1,1,1,4317.94,18714.8,1591.32,46.3844,0.678182,1500.96,273372,121.11,23.1957,0.462701,97.452,57.4597,23.1887,0.0718272,34.1992,178.57,0,0,0
1200,2,0,663,1,1,1,4349.24,18767.9,1591.32,46.3844,0.853574,1500.79,273371,157.7,23.1957,0.567936,133.936,112.564,23.1887,0.141984,89.2329,270.263,0,0,0
1200,2,0,664,1,1,1,4359.83,18697.6,1591.37,46.3844,0.713261,1500.98,273371,132.626,23.1957,0.497779,108.932,157.171,23.1887,0.0718272,133.911,289.797,0,0,0
1200,2,0,665,1,1,1,4326.57,18645.8,1591.2,46.3844,0.482746,1501.04,273375,77.5618,23.1957,0.267264,54.0989,138.65,23.1887,0.0718272,115.39,216.212,0,0,0
1200,2,0,666,1,0,0,-1,-1,1568.77,23.1957,0.267264,1501.31,273375,-1,-1,-1,-1,-1,-1,-1,-1,-1,0,0,0
1200,2,0,667,1,1,1,4410.7,18737.9,1591.37,46.3844,0.517824,1501.18,273372,137.005,23.1957,0.267264,113.542,158.684,23.1887,0.106906,135.389,295.689,0,0,0
1200,2,0,668,1,1,1,4399.81,18722.9,1591.4,46.3844,0.482746,1501.24,273371,135.214,23.1957,0.267264,111.751,161.398,23.1887,0.0718272,138.138,296.612,0,0,0
1200,2,0,669,1,1,1,4372.47,18730.3,1591.31,46.3844,0.552902,1501.08,273372,145.136,23.1957,0.302342,121.638,157.028,23.1887,0.106906,133.732,302.164,0,0,0
1200,2,0,670,1,0,0,-1,-1,1568.75,23.1957,0.267264,1501.29,273375,-1,-1,-1,-1,-1,-1,-1,-1,-1,0,0,0
1200,2,0,671,1,1,1,4349.67,18705.5,1591.19,46.3844,0.587981,1500.93,273374,96.4254,23.1957,0.337421,72.8923,148.612,23.1887,0.106906,125.316,245.037,0,0,0
1200,2,0,672,1,1,1,4331.09,18658.1,1591.06,46.3844,0.517824,1500.87,273377,81.9836,23.1957,0.267264,58.5206,137.157,23.1887,0.106906,113.861,219.14,0,0,0
1200,2,0,673,1,1,1,4316.62,36812.9,1608.05,63.7961,1.38977,1500.1,273372,699.444,40.6075,1.17429,657.122,63.7259,23.1887,0.0718272,40.4654,763.17,0,0,0
1200,2,0,674,1,1,1,4323.68,18643.5,1591.2,46.3844,0.482746,1501.04,273375,136.465,23.1957,0.267264,113.002,155.722,23.1887,0.0718272,132.461,292.187,0,0,0
1200,2,0,675,1,1,1,4318.54,18717.5,1591.65,46.3844,1.06906,1500.91,273365,149.961,23.1957,0.853574,125.912,79.2472,23.1887,0.0718272,55.9867,229.208,0,0,0
1200,2,0,676,1,1,1,4320.07,18776.7,1591.44,46.3844,0.482746,1501.28,273371,132.843,23.1957,0.267264,109.38,61.2967,23.1887,0.0718272,38.0362,194.14,0,0,0
1200,2,0,677,1,1,1,4325.06,18675.5,1591.26,46.3844,0.482746,1501.1,273374,155.701,23.1957,0.267264,132.238,112.708,23.1887,0.0718272,89.4477,268.409,0,0,0
1200,2,0,678,1,1,1,4334.66,18653.2,1591.25,46.3844,0.770054,1500.81,273373,110.772,23.1957,0.267264,87.309,153.255,23.1887,0.0718272,129.994,264.027,0,0,0
1200,2,0,679,0,0,0,-1,-1,1574.62,29.0099,0.765043,1501.03,273369,-1,-1,-1,-1,-1,-1,-1,-1,-1,0,0,0
1200,2,0,680,1,1,1,4321.86,24682.3,1596.66,52.1883,0.571277,1500.79,273377,244.546,28.9996,0.355795,214.999,35.9663,23.1887,0.0718272,12.7058,280.512,0,0,0
1200,2,0,681,1,1,1,4316.62,18652.6,1591.26,46.3844,0.482746,1501.1,273374,155.446,23.1957,0.267264,131.983,105.633,23.1887,0.0718272,82.3729,261.08,0,0,0
1200,2,0,682,1,1,1,4318.66,18724.9,1591.14,46.3844,0.482746,1500.98,273376,153.342,23.1957,0.267264,129.879,101.103,23.1887,0.0718272,77.8428,254.445,0,0,0
1200,2,0,683,1,1,1,4332.99,18739.5,1591.04,46.3844,0.678182,1500.69,273377,149.063,23.1957,0.462701,125.405,80.5665,23.1887,0.0718272,57.306,229.63,0,0,0
1200,2,0,684,1,1,1,4336.34,18656.7,1591.24,46.3844,0.482746,1501.08,273374,82.6063,23.1957,0.267264,59.1433,142.641,23.1887,0.0718272,119.38,225.247,0,0,0
1200,2,0,685,1,1,1,4330.38,18703.6,1591.32,46.3844,0.517824,1501.12,273373,152.047,23.1957,0.302342,128.549,79.1786,23.1887,0.0718272,55.9181,231.225,0,0,0
1200,2,0,686,1,1,1,4360.98,24707.2,1597.2,52.1883,1.1626,1500.74,273366,333.302,28.9996,0.516154,303.786,150.23,23.1887,0.0718272,126.969,483.532,0,0,0
1200,2,0,687,1,1,1,4362.1,18675.6,1591.39,46.3844,0.552902,1501.16,273371,82.7759,23.1957,0.267264,59.3129,148.434,23.1887,0.141984,125.103,231.21,0,0,0
1200,2,0,688,1,1,1,4326.92,18702,1591.38,46.3844,0.873619,1500.83,273371,148.982,23.1957,0.658138,125.129,78.926,23.1887,0.0718272,55.6654,227.908,0,0,0
1200,2,0,689,1,0,0,-1,-1,1568.79,23.1957,0.302342,1501.29,273374,-1,-1,-1,-1,-1,-1,-1,-1,-1,0,0,0
1200,2,0,690,1,1,1,4330.99,18694.8,1591.55,46.3844,0.770054,1501.1,273368,151.041,23.1957,0.267264,127.578,148.97,23.1887,0.0718272,125.71,300.011,0,0,0
1200,2,0,691,1,1,1,4322.66,18638.4,1591.22,46.3844,0.536198,1501.01,273374,101.142,23.1957,0.267264,77.6786,147.195,23.1887,0.12528,123.881,248.337,0,0,0
1200,2,0,692,1,1,1,4320.33,18746,1591.23,46.3844,0.587981,1500.97,273374,155.533,23.1957,0.372499,131.965,103.208,23.1887,0.0718272,79.9472,258.741,0,0,0
1200,2,0,693,1,1,1,4341,18666.9,1591.22,46.3844,0.517824,1501.02,273374,89.2118,23.1957,0.267264,65.7489,135.717,23.1887,0.106906,112.421,224.928,0,0,0
1200,2,0,694,1,1,1,4360.3,18694,1591.2,46.3844,0.517824,1501,273375,145.375,23.1957,0.267264,121.912,156.425,23.1887,0.106906,133.129,301.8,0,0,0
1200,2,0,695,1,1,1,4324.17,18644.5,1591.36,46.3844,0.482746,1501.2,273372,84.5735,23.1957,0.267264,61.1105,133.144,23.1887,0.0718272,109.883,217.717,0,0,0
1200,2,0,696,1,1,1,4323.4,18644.1,1591.24,46.3844,0.50112,1501.06,273374,78.374,23.1957,0.267264,54.911,142.482,23.1887,0.0902016,119.203,220.856,0,0,0
1200,2,0,697,1,1,1,4369.2,18685.6,1591.07,46.3844,0.6264,1500.77,273377,151.887,23.1957,0.267264,128.424,149.667,23.1887,0.0718272,126.406,301.554,0,0,0
1200,2,0,698,1,1,1,4419.42,24761.7,1597.2,52.1883,0.96215,1500.93,273367,234.457,28.9996,0.746669,204.493,162.028,23.1887,0.0718272,138.767,396.485,0,0,0
1200,2,0,699,1,1,1,4325.86,18656,1591.11,46.3844,0.661478,1500.77,273376,78.2368,23.1957,0.267264,54.7739,138.644,23.1887,0.106906,115.348,216.881,0,0,0
1200,2,0,700,1,1,1,4325.02,24673,1596.9,52.1883,0.536198,1501.06,273373,299.946,28.9996,0.320717,270.597,154.697,23.1887,0.0718272,131.436,454.643,0,0,0
1200,2,0,701,1,1,1,4322.54,18650,1591.22,46.3844,0.482746,1501.06,273374,138.689,23.1957,0.267264,115.226,66.3086,23.1887,0.0718272,43.0481,204.997,0,0,0
1200,2,0,702,1,1,1,4320.58,18711.2,1591.28,46.3844,0.482746,1501.12,273373,154.477,23.1957,0.267264,131.014,102.686,23.1887,0.0718272,79.4256,257.163,0,0,0
1200,2,0,703,1,1,1,4358.06,18688.5,1591.07,46.3844,0.552902,1500.84,273377,84.0769,23.1957,0.337421,60.5438,137.421,23.1887,0.0718272,114.161,221.498,0,0,0
1200,2,0,704,1,1,1,4365.06,18685.4,1591.26,46.3844,0.482746,1501.1,273374,93.4982,23.1957,0.267264,70.0353,146.12,23.1887,0.0718272,122.86,239.619,0,0,0
1200,2,0,705,1,1,1,4329.35,18663.9,1591.44,46.3844,0.482746,1501.28,273371,150.631,23.1957,0.267264,127.168,79.9276,23.1887,0.0718272,56.6671,230.559,0,0,0
1200,2,0,706,1,1,1,4318.72,18633.5,1591.08,46.3844,0.482746,1500.92,273377,77.8524,23.1957,0.267264,54.3895,138.984,23.1887,0.0718272,115.724,216.837,0,0,0
1200,2,0,707,1,1,1,4325.2,30668.6,1602.36,57.9922,1.14088,1500.29,273374,529.319,34.8035,0.925402,493.405,81.0538,23.1887,0.0718272,57.7933,610.373,0,0,0
1200,2,0,708,1,1,1,4328.35,30772.7,1602.38,57.9922,1.12418,1500.32,273374,531.127,34.8035,0.765043,495.362,100.102,23.1887,0.0718272,76.8412,631.228,0,0,0
1200,2,0,709,1,1,1,4320.9,24644,1596.95,52.1883,0.696557,1500.95,273372,335.952,28.9996,0.481075,306.471,147.691,23.1887,0.0718272,124.43,483.643,0,0,0
1200,2,0,710,1,1,1,4319.62,30652,1602.62,57.9922,0.785088,1500.9,273370,465.211,34.8035,0.569606,429.468,50.7765,23.1887,0.0718272,27.516,515.988,0,0,0
1200,2,0,711,1,1,1,4327.75,18689.4,1591.24,46.3844,0.482746,1501.08,273374,135.467,23.1957,0.267264,112.004,63.3956,23.1887,0.0718272,40.1351,198.863,0,0,0
1200,2,0,712,1,1,1,4334.66,18669.3,1591.2,46.3844,0.517824,1501.01,273375,135.545,23.1957,0.302342,112.047,158.227,23.1887,0.0718272,134.967,293.773,0,0,0
1200,2,0,713,1,1,2,10379.5,24719.9,1613.52,69.5741,1.14088,1500.21,273376,122.239,23.1957,0.853574,98.1901,363.376,46.3784,0.143654,316.854,485.616,1,0,0
1200,2,0,714,1,1,1,4439.55,18860.3,1590.94,46.3844,0.571277,1500.69,273379,136.654,23.1957,0.337421,113.121,160.785,23.1887,0.0902016,137.506,297.439,0,0,0
1200,2,0,715,1,1,1,4331.67,18646.5,1591.32,46.3844,0.482746,1501.16,273373,88.8779,23.1957,0.267264,65.415,136.008,23.1887,0.0718272,112.748,224.886,0,0,0
1200,2,0,716,1,1,1,4319.82,18661.9,1591.12,46.3844,0.482746,1500.96,273376,150.871,23.1957,0.267264,127.408,77.3161,23.1887,0.0718272,54.0556,228.187,0,0,0
1200,2,0,717,1,0,0,-1,-1,1568.86,23.1957,0.567936,1501.1,273372,-1,-1,-1,-1,-1,-1,-1,-1,-1,0,0,0
1200,2,0,718,1,1,1,4323.02,18658.9,1591.37,46.3844,0.678182,1501.02,273371,150.141,23.1957,0.462701,126.482,74.0548,23.1887,0.0718272,50.7943,224.195,0,0,0
1200,2,0,719,1,1,1,4319.94,18633.8,1591.12,46.3844,0.482746,1500.96,273376,78.1646,23.1957,0.267264,54.7017,137.472,23.1887,0.0718272,114.211,215.637,0,0,0
1200,2,0,720,1,1,1,4319.5,24697.8,1596.71,52.1883,0.83687,1500.57,273375,332.333,28.9996,0.621389,302.712,76.8432,23.1887,0.0718272,53.5827,409.176,0,0,0
1200,2,0,721,1,1,1,4351.35,18673.1,1591.16,46.3844,0.517824,1500.96,273375,77.3344,23.1957,0.267264,53.8715,144.212,23.1887,0.106906,120.916,221.546,0,0,0
1200,2,0,722,1,1,1,4325,24705.5,1597,52.1883,0.927072,1500.77,273370,347.873,28.9996,0.676512,318.197,109.228,23.1887,0.106906,85.9319,457.101,0,0,0
1200,2,0,723,1,1,1,4411.81,18780.2,1591.06,46.3844,0.661478,1500.73,273377,137.449,23.1957,0.267264,113.986,161.37,23.1887,0.106906,138.074,298.819,0,0,0
1200,2,0,724,1,1,1,4390.77,18761.4,1591.26,46.3844,0.482746,1501.1,273374,146.664,23.1957,0.267264,123.201,150.246,23.1887,0.0718272,126.986,296.91,0,0,0
1200,2,0,725,1,1,1,4323.69,18670.4,1591.26,46.3844,0.713261,1500.87,273373,132.312,23.1957,0.497779,108.618,155.975,23.1887,0.0718272,132.714,288.286,0,0,0
1200,2,0,726,0,0,0,-1,-1,1568.76,23.206,0.481075,1501.08,273374,-1,-1,-1,-1,-1,-1,-1,-1,-1,0,0,0
1200,2,0,727,0,0,0,-1,-1,1579.73,34.8041,0.604685,1500.67,273379,-1,-1,-1,-1,-1,-1,-1,-1,-1,0,0,0
1200,2,0,728,1,1,1,4369.43,18694.7,1591.37,46.3844,0.517824,1501.18,273371,95.3716,23.1957,0.267264,71.9086,148.919,23.1887,0.106906,125.623,244.29,0,0,0
1200,2,0,729,1,0,0,-1,-1,1568.73,23.1957,0.302342,1501.23,273375,-1,-1,-1,-1,-1,-1,-1,-1,-1,0,0,0
1200,2,0,730,1,0,0,-1,-1,1568.63,23.1957,0.267264,1501.17,273377,-1,-1,-1,-1,-1,-1,-1,-1,-1,0,0,0
1200,2,0,731,1,1,1,4366.71,18711.9,1591.22,46.3952,0.536198,1501,273374,136.121,23.2065,0.285638,112.629,160.016,23.1887,0.106906,136.721,296.137,0,0,0
1200,2,0,732,1,1,1,4365.87,24694.3,1596.99,52.1883,0.696557,1500.99,273371,318.895,28.9996,0.481075,289.414,152.587,23.1887,0.0718272,129.327,471.482,0,0,0
1200,2,0,733,1,1,1,4317.58,18633.9,1591.24,46.3844,0.482746,1501.08,273374,123.108,23.1957,0.267264,99.6448,154.634,23.1887,0.0718272,131.373,277.741,0,0,0
1200,2,0,734,1,1,1,4384.39,18783.4,1591.16,46.3844,0.482746,1501,273376,158.881,23.1957,0.267264,135.418,151.751,23.1887,0.0718272,128.491,310.632,0,0,0
1200,2,0,735,1,1,1,4317.58,18730.9,1591.28,46.3844,0.482746,1501.12,273373,123.929,23.1957,0.267264,100.466,58.5389,23.1887,0.0718272,35.2784,182.468,0,0,0
1200,2,0,736,1,0,0,-1,-1,1568.79,23.1957,0.302342,1501.3,273374,-1,-1,-1,-1,-1,-1,-1,-1,-1,0,0,0
1200,2,0,737,1,1,1,4319.3,18720.9,1591.22,46.3844,0.517824,1501.02,273374,140.947,23.1957,0.302342,117.449,67.1929,23.1887,0.0718272,43.9324,208.14,0,0,0
1200,2,0,738,1,1,1,4321.22,18640.4,1591.06,46.3844,0.482746,1500.9,273377,84.911,23.1957,0.267264,61.448,147.442,23.1887,0.0718272,124.181,232.353,0,0,0
1200,2,0,739,1,1,1,4414.07,18781.1,1591.38,46.3844,0.482746,1501.22,273372,158.184,23.1957,0.267264,134.721,150.526,23.1887,0.0718272,127.265,308.71,0,0,0
1200,2,0,740,1,0,0,-1,-1,1568.96,23.1957,0.497779,1501.28,273371,-1,-1,-1,-1,-1,-1,-1,-1,-1,0,0,0
1200,2,0,741,1,1,1,4319.5,18730.4,1591.16,46.3844,0.482746,1501,273376,142.15,23.1957,0.267264,118.687,67.8409,23.1887,0.0718272,44.5804,209.991,0,0,0
1200,2,0,742,1,1,1,4329.05,18711.4,1591.18,46.3844,0.482746,1501.02,273375,149.308,23.1957,0.267264,125.845,155.419,23.1887,0.0718272,132.158,304.727,0,0,0
1200,2,0,743,1,1,1,4376.88,18731.6,1591.27,46.3844,0.517824,1501.08,273373,155.806,23.1957,0.302342,132.308,114.36,23.1887,0.0718272,91.0991,270.166,0,0,0
1200,2,0,744,1,1,2,10394.2,24715.1,1613.77,69.5741,1.09411,1500.52,273371,107.662,23.1957,0.267264,84.1993,361.34,46.3784,0.683194,314.279,469.003,1,0,0
1200,2,0,745,1,1,2,10403.1,24728.9,1613.64,69.5741,0.519494,1500.96,273375,78.4318,23.1957,0.267264,54.9688,337.067,46.3784,0.108576,290.58,415.499,1,0,0
1200,2,0,746,1,1,1,4315.98,18710.7,1591.36,46.3844,0.482746,1501.2,273372,126.053,23.1957,0.267264,102.59,59.167,23.1887,0.0718272,35.9065,185.22,0,0,0
1200,2,0,747,1,1,1,4339.92,18666,1591.3,46.3844,0.517824,1501.1,273373,82.9095,23.1957,0.267264,59.4465,148.285,23.1887,0.106906,124.99,231.195,0,0,0
1200,2,0,748,1,0,0,-1,-1,1568.57,23.1957,0.337421,1501.04,273378,-1,-1,-1,-1,-1,-1,-1,-1,-1,0,0,0
1200,2,0,749,1,1,1,4319.21,18658.3,1591.26,46.3844,0.482746,1501.1,273374,92.9225,23.1957,0.267264,69.4595,138.304,23.1887,0.0718272,115.043,231.226,0,0,0
1200,2,0,750,1,1,1,4343.5,18706,1591.26,46.3844,0.678182,1500.91,273373,133.491,23.1957,0.462701,109.833,157.929,23.1887,0.0718272,134.669,291.421,0,0,0
1200,2,0,751,1,0,0,-1,-1,1568.85,23.1957,0.302342,1501.36,273373,-1,-1,-1,-1,-1,-1,-1,-1,-1,0,0,0
1200,2,0,752,1,1,1,4342.86,18844.8,1591.28,46.3844,0.840211,1500.76,273372,153.029,23.1957,0.337421,129.496,92.1154,23.1887,0.0718272,68.8549,245.145,0,0,0
1200,2,0,753,1,1,1,4335.66,18651.1,1591.26,46.3844,0.6264,1500.96,273373,87.4937,23.1957,0.267264,64.0307,143.727,23.1887,0.0718272,120.467,231.221,0,0,0
1200,2,0,754,1,1,1,4319.71,24680.4,1596.88,52.1883,0.731635,1500.85,273373,238.481,28.9996,0.516154,208.756,33.9503,23.1887,0.0718272,10.6898,272.431,0,0,0
1200,2,0,755,1,1,1,4324.94,18653.4,1591.18,46.3844,0.482746,1501.02,273375,150.126,23.1957,0.267264,126.663,74.7677,23.1887,0.0718272,51.5072,224.893,0,0,0
1200,2,0,756,1,1,1,4329.14,18648.5,1591.16,46.3844,0.482746,1501,273376,82.794,23.1957,0.267264,59.331,148.21,23.1887,0.0718272,124.95,231.004,0,0,0
1200,2,0,757,1,0,0,-1,-1,1568.81,23.1957,0.267264,1501.35,273374,-1,-1,-1,-1,-1,-1,-1,-1,-1,0,0,0
1200,2,0,758,1,1,2,10332.5,24820.1,1613.64,69.5741,0.519494,1500.96,273375,152.439,23.1957,0.267264,128.976,349.213,46.3784,0.108576,302.726,501.653,1,0,0
1200,2,0,759,1,0,0,-1,-1,1568.79,23.1957,0.267264,1501.33,273375,-1,-1,-1,-1,-1,-1,-1,-1,-1,0,0,0
1200,2,0,760,1,1,1,4317.58,18658,1591.22,46.3844,0.482746,1501.06,273374,150.091,23.1957,0.267264,126.628,76.2151,23.1887,0.0718272,52.9546,226.306,0,0,0
1200,2,0,761,1,1,2,10339.2,24698.9,1613.62,69.5741,0.554573,1500.9,273375,139.656,23.1957,0.267264,116.193,358.422,46.3784,0.143654,311.9,498.078,1,0,0
1200,2,0,762,1,1,1,4318.22,30671.6,1602.59,57.9922,0.589651,1501.06,273372,528.824,34.8035,0.37417,493.458,80.0413,23.1887,0.0718272,56.7808,608.865,0,0,0
1200,2,0,763,1,1,1,4361.04,18674.4,1591.2,46.3844,0.482746,1501.04,273375,91.7963,23.1957,0.267264,68.3333,136.398,23.1887,0.0718272,113.137,228.194,0,0,0
1200,2,0,764,0,0,0,-1,-1,1568.72,23.206,0.71159,1500.8,273375,-1,-1,-1,-1,-1,-1,-1,-1,-1,0,0,0
1200,2,0,765,1,1,1,4328.49,18753.2,1591.18,46.3844,0.856915,1500.65,273374,150.871,23.1957,0.497779,127.177,79.6298,23.1887,0.0718272,56.3693,230.5,0,0,0
1200,2,0,766,1,1,1,4329.17,18673,1591.21,46.3844,0.6264,1500.91,273374,144.312,23.1957,0.267264,120.849,155.343,23.1887,0.0718272,132.082,299.655,0,0,0
1200,2,0,767,1,1,1,4315.02,18638.2,1591.26,46.3844,0.482746,1501.1,273374,78.1466,23.1957,0.267264,54.6836,142.987,23.1887,0.0718272,119.727,221.134,0,0,0
1200,2,0,768,1,0,0,-1,-1,1568.89,23.1957,0.462701,1501.24,273372,-1,-1,-1,-1,-1,-1,-1,-1,-1,0,0,0
1200,2,0,769,1,0,0,-1,-1,1568.98,23.1957,0.462701,1501.33,273371,-1,-1,-1,-1,-1,-1,-1,-1,-1,0,0,0
1200,2,0,770,1,1,1,4318.47,18694.5,1591.26,46.3844,0.482746,1501.1,273374,150.593,23.1957,0.267264,127.13,154.531,23.1887,0.0718272,131.27,305.124,0,0,0
1200,2,0,771,1,1,1,4357.6,18691.5,1591.27,46.3844,0.6264,1500.97,273373,139.084,23.1957,0.267264,115.621,157.424,23.1887,0.0718272,134.163,296.508,0,0,0
1200,2,0,772,1,0,0,-1,-1,1568.81,23.1957,0.302342,1501.31,273374,-1,-1,-1,-1,-1,-1,-1,-1,-1,0,0,0
1200,2,0,773,1,1,1,4329.32,24711.7,1596.86,52.1883,0.536198,1501.02,273374,246.576,28.9996,0.320717,217.067,37.1845,23.1887,0.0718272,13.924,283.761,0,0,0
1200,2,0,774,1,1,1,4433.3,18819.6,1591.25,46.3844,0.571277,1501,273373,139.817,23.1957,0.267264,116.354,161.71,23.1887,0.160358,138.361,301.527,0,0,0
1200,2,0,775,1,1,1,4357.3,18806.4,1591.1,46.3844,0.50112,1500.92,273376,150.896,23.1957,0.267264,127.433,153.091,23.1887,0.0902016,129.812,303.987,0,0,0
1200,2,0,776,1,1,1,4315.34,18719.3,1591.38,46.3844,0.482746,1501.22,273372,153.703,23.1957,0.267264,130.24,80.5665,23.1887,0.0718272,57.306,234.269,0,0,0
1200,2,0,777,1,1,1,4318.22,24645.6,1596.75,52.1883,0.696557,1500.75,273376,284.923,28.9996,0.481075,255.374,51.8305,23.1887,0.0718272,28.57,336.754,0,0,0
1200,2,0,778,1,1,1,4318.71,24651,1596.83,52.1883,0.696557,1500.83,273374,247.536,28.9996,0.481075,217.877,38.0653,23.1887,0.0718272,14.8048,285.601,0,0,0
1200,2,0,779,1,1,1,4316.3,24710.2,1597.01,52.1883,0.891994,1500.81,273370,343.192,28.9996,0.676512,313.515,103.146,23.1887,0.0718272,79.8859,446.338,0,0,0
1200,2,0,780,1,1,1,4326.38,18650.7,1591.2,46.3844,0.6264,1500.9,273374,85.1853,23.1957,0.267264,61.7224,147.786,23.1887,0.0718272,124.526,232.972,0,0,0
1200,2,0,781,1,1,1,4321.7,18641.5,1591.2,46.3844,0.482746,1501.04,273375,147.446,23.1957,0.267264,123.983,79.527,23.1887,0.0718272,56.2664,226.972,0,0,0
1200,2,0,782,1,1,1,4432.84,18759.7,1591.33,46.3844,0.805133,1500.85,273371,83.3516,23.1957,0.267264,59.8887,149.778,23.1887,0.106906,126.482,233.129,0,0,0
1200,2,0,783,1,1,1,4320.23,24679.4,1596.88,52.1883,1.30124,1500.27,273371,335.13,28.9996,0.942106,305.188,147.478,23.1887,0.0718272,124.217,482.607,0,0,0
1200,2,0,784,1,1,1,4367.86,18777.9,1591.37,46.3952,0.50112,1501.18,273372,154.235,23.2065,0.285638,130.743,97.8096,23.1887,0.0718272,74.5491,252.045,0,0,0
1200,2,0,785,1,1,1,4333.19,18827,1591.21,46.3844,0.6264,1500.9,273374,162.489,23.1957,0.267264,139.026,149.439,23.1887,0.0718272,126.179,311.928,0,0,0
1200,2,0,786,1,1,1,4331.89,18823.4,1591.16,46.3844,0.552902,1500.93,273375,162.533,23.1957,0.337421,139,149.772,23.1887,0.0718272,126.511,312.305,0,0,0
1200,2,0,787,1,1,1,4327.9,18649,1591.13,46.3844,0.661478,1500.79,273375,77.7658,23.1957,0.267264,54.3028,137.07,23.1887,0.106906,113.775,214.836,0,0,0
1200,2,0,788,1,1,1,4383.82,18757.5,1591.26,46.3844,0.661478,1500.92,273373,126.535,23.1957,0.267264,103.072,157.553,23.1887,0.106906,134.257,284.088,0,0,0
1200,2,0,789,1,1,1,4315.91,18633.4,1591.2,46.3844,0.482746,1501.04,273375,80.5686,23.1957,0.267264,57.1057,145.972,23.1887,0.0718272,122.712,226.541,0,0,0
1200,2,0,790,1,1,1,4330.12,18648.4,1591.48,46.3844,0.482746,1501.32,273370,147.074,23.1957,0.267264,123.611,72.4738,23.1887,0.0718272,49.2133,219.548,0,0,0
1200,2,0,791,1,1,1,4314.7,30702.3,1603,57.9922,1.60191,1500.46,273362,529.079,34.8035,1.38643,492.696,104.489,23.1887,0.0718272,81.2286,633.568,0,0,0
1200,2,0,792,1,1,1,4344.71,18666.7,1591.2,46.3844,0.517824,1501,273375,84.1042,23.1957,0.267264,60.6413,147.484,23.1887,0.106906,124.188,231.588,0,0,0
1200,2,0,793,1,1,1,4357.05,18739.5,1591.31,46.3844,0.770054,1500.87,273372,149.229,23.1957,0.267264,125.766,151.504,23.1887,0.0718272,128.244,300.733,0,0,0
1200,2,0,794,1,1,1,4317.26,24673.1,1596.58,52.1883,0.641434,1500.64,273378,347.724,28.9996,0.425952,318.298,105.02,23.1887,0.0718272,81.7592,452.743,0,0,0
1200,2,0,795,1,1,1,4323.19,24651.2,1596.93,52.1883,0.927072,1500.69,273372,333.493,28.9996,0.71159,303.782,148.709,23.1887,0.0718272,125.448,482.202,0,0,0
1200,2,0,796,1,1,1,4323.08,18787.4,1590.95,46.3844,0.748339,1500.52,273378,153.374,23.1957,0.497779,129.68,83.3088,23.1887,0.106906,60.0132,236.683,0,0,0
1200,2,0,797,1,1,1,4319.18,18718.6,1591.1,46.3844,0.678182,1500.75,273376,155.674,23.1957,0.462701,132.016,104.507,23.1887,0.0718272,81.2467,260.181,0,0,0
1200,2,0,798,1,1,1,4329.99,24676.3,1597.07,52.1883,0.997229,1500.77,273369,238.242,28.9996,0.746669,208.288,33.9475,23.1887,0.106906,10.6519,272.19,0,0,0
1200,2,0,799,1,1,1,4323.53,18769.8,1591.18,46.3844,0.713261,1500.79,273374,118.433,23.1957,0.497779,94.7394,55.5195,23.1887,0.0718272,32.259,173.952,0,0,0
1200,2,0,800,1,1,1,4322.01,36712.8,1608.05,63.7961,1.12418,1500.37,273373,665.906,40.6075,0.908698,623.77,52.5308,23.1887,0.0718272,29.2702,718.437,0,0,0
1200,2,0,801,1,1,1,4322.57,24674.4,1596.62,52.1883,0.731635,1500.58,273378,342.349,28.9996,0.516154,312.833,98.138,23.1887,0.0718272,74.8775,440.487,0,0,0
1200,2,0,802,1,1,1,4334.36,18749.5,1591.22,46.3844,0.552902,1500.99,273374,158.512,23.1957,0.337421,134.979,150.466,23.1887,0.0718272,127.206,308.979,0,0,0
1200,2,0,803,1,0,0,-1,-1,1568.69,23.1957,0.267264,1501.23,273376,-1,-1,-1,-1,-1,-1,-1,-1,-1,0,0,0
1200,2,0,804,1,1,1,4321.33,18680.8,1591.3,46.3844,0.482746,1501.14,273373,151.95,23.1957,0.267264,128.487,82.1114,23.1887,0.0718272,58.8509,234.062,0,0,0
1200,2,0,805,1,1,1,4329.91,24898.5,1597.31,52.1883,0.731635,1501.28,273365,343.941,28.9996,0.516154,314.425,151.221,23.1887,0.0718272,127.96,495.162,0,0,0
1200,2,0,806,1,1,1,4316.62,24665.2,1596.65,52.1883,0.536198,1500.8,273378,332.507,28.9996,0.320717,303.187,76.4931,23.1887,0.0718272,53.2326,409,0,0,0
1200,2,0,807,1,1,1,4386.15,18739.1,1591.34,46.3844,0.482746,1501.18,273372,158.502,23.1957,0.267264,135.039,151.259,23.1887,0.0718272,127.998,309.76,0,0,0
1200,2,0,808,1,1,1,4332.58,18647.4,1591.38,46.3844,0.482746,1501.22,273372,123.292,23.1957,0.267264,99.8289,155.107,23.1887,0.0718272,131.846,278.398,0,0,0
1200,2,0,809,1,1,1,4341.26,18745.4,1591.21,46.3844,0.552902,1500.98,273374,145.444,23.1957,0.337421,121.911,152.287,23.1887,0.0718272,129.027,297.731,0,0,0
1200,2,0,810,1,1,1,4417.51,18806,1591.16,46.3844,0.552902,1500.93,273375,144.459,23.1957,0.267264,120.996,158.248,23.1887,0.141984,134.918,302.707,0,0,0
1200,2,0,811,1,1,1,4315.34,18632.8,1591.26,46.3844,0.482746,1501.1,273374,158.754,23.1957,0.267264,135.291,146.801,23.1887,0.0718272,123.54,305.555,0,0,0
1200,2,0,812,1,1,1,4360.53,18869.3,1591.24,46.3844,0.482746,1501.08,273374,164.331,23.1957,0.267264,140.868,152.116,23.1887,0.0718272,128.856,316.447,0,0,0
1200,2,0,813,1,1,1,4404.02,18794.3,1591.28,46.3844,0.908698,1500.69,273372,157.163,23.1957,0.693216,133.274,115.823,23.1887,0.0718272,92.5628,272.986,0,0,0
1200,2,0,814,1,1,1,4337.54,18658.6,1591.24,46.3844,0.482746,1501.08,273374,77.5907,23.1957,0.267264,54.1278,144.086,23.1887,0.0718272,120.826,221.677,0,0,0
1200,2,0,815,1,1,1,4316.3,18690.5,1591.28,46.3844,0.482746,1501.12,273373,151.486,23.1957,0.267264,128.023,78.0777,23.1887,0.0718272,54.8172,229.564,0,0,0
1200,2,0,816,1,1,1,4315.98,18644.9,1591.16,46.3844,0.482746,1501,273376,132.585,23.1957,0.267264,109.122,157.653,23.1887,0.0718272,134.393,290.238,0,0,0
1200,2,0,817,1,1,1,4342.67,18670.4,1591.38,46.3844,0.661478,1501.04,273371,132.688,23.1957,0.302342,109.19,157.343,23.1887,0.0718272,134.082,290.031,0,0,0
1200,2,0,818,1,1,2,10327.5,30676.7,1619.3,75.3781,0.75168,1500.75,273374,314.167,28.9996,0.355795,284.812,355.201,46.3784,0.25223,308.57,669.368,1,0,0
1200,2,0,819,1,1,3,16366.6,30679.2,1636.22,92.7639,0.6264,1500.94,273373,81.0108,23.1957,0.267264,57.5479,551.788,69.5682,0.215482,482.004,632.799,2,0,0
1200,2,0,820,1,1,1,4332.05,18704.1,1591.42,46.3844,0.661478,1501.08,273370,96.8018,23.1957,0.302342,73.3038,147.498,23.1887,0.0718272,124.237,244.299,0,0,0
1200,2,0,821,1,1,1,4324.26,18726.5,1591.32,46.3844,0.482746,1501.16,273373,153.367,23.1957,0.267264,129.904,101.558,23.1887,0.0718272,78.2976,254.925,0,0,0
1200,2,0,822,1,1,1,4346.45,18677.1,1591.26,46.3844,0.517824,1501.06,273374,116.44,23.1957,0.302342,92.9418,157.135,23.1887,0.0718272,133.875,273.575,0,0,0
1200,2,0,823,1,1,1,4335.54,18651.3,1591.4,46.3844,0.6264,1501.1,273371,76.876,23.1957,0.267264,53.4131,143.287,23.1887,0.0718272,120.026,220.163,0,0,0
1200,2,0,824,1,1,1,4324.94,30722.8,1602.81,57.9922,1.14088,1500.74,273366,529.758,34.8035,0.925402,493.837,100.52,23.1887,0.0718272,77.2599,630.279,0,0,0
1200,2,0,825,1,1,1,4315.66,18805.1,1591.3,46.3844,0.482746,1501.14,273373,139.82,23.1957,0.267264,116.357,63.9624,23.1887,0.0718272,40.7018,203.783,0,0,0
1200,2,0,826,1,1,1,4345.18,18712.1,1591.1,46.3844,0.517824,1500.91,273376,136.822,23.1957,0.267264,113.359,158.58,23.1887,0.106906,135.284,295.402,0,0,0
1200,2,0,827,1,1,1,4332.46,18656.5,1591.28,46.3844,0.482746,1501.12,273373,83.7613,23.1957,0.267264,60.2984,147.539,23.1887,0.0718272,124.279,231.3,0,0,0
1200,2,0,828,1,1,1,4358.17,18701.4,1591.22,46.3844,0.517824,1501.02,273374,86.8213,23.1957,0.302342,63.3232,149.483,23.1887,0.0718272,126.222,236.304,0,0,0
1200,2,0,829,1,1,1,4357.27,18679.2,1591.24,46.3844,0.482746,1501.08,273374,88.6487,23.1957,0.267264,65.1858,136.865,23.1887,0.0718272,113.605,225.514,0,0,0
1200,2,0,830,1,1,1,4439.84,18774.8,1591.23,46.3844,0.6264,1500.92,273374,137.333,23.1957,0.267264,113.87,158.319,23.1887,0.0718272,135.059,295.652,0,0,0
1200,2,0,831,1,1,1,4353.18,18696.3,1591.39,46.3844,0.978854,1500.73,273370,149.953,23.1957,0.658138,126.1,83.7183,23.1887,0.177062,60.3525,233.672,0,0,0
1200,2,0,832,1,1,1,4333.36,18682.6,1591.04,46.3844,0.517824,1500.84,273377,150.579,23.1957,0.302342,127.081,77.9062,23.1887,0.0718272,54.6457,228.486,0,0,0
1200,2,0,833,1,1,1,4319.3,18689.7,1591.32,46.3844,0.482746,1501.16,273373,148.987,23.1957,0.267264,125.524,155.408,23.1887,0.0718272,132.147,304.395,0,0,0
1200,2,0,834,1,0,0,-1,-1,1568.78,23.1957,0.462701,1501.12,273374,-1,-1,-1,-1,-1,-1,-1,-1,-1,0,0,0
1200,2,0,835,1,1,1,4343.27,24741.6,1597,52.1883,1.21438,1500.48,273370,332.638,28.9996,0.71159,302.927,148.911,23.1887,0.0718272,125.65,481.549,0,0,0
1200,2,0,836,1,1,1,4357.93,18681.6,1591.22,46.3844,0.482746,1501.06,273374,86.2971,23.1957,0.267264,62.8341,135.779,23.1887,0.0718272,112.518,222.076,0,0,0
1200,2,0,837,1,1,1,4344.68,18737.9,1591.77,46.3844,1.24779,1500.85,273363,133.86,23.1957,0.888653,109.775,156.884,23.1887,0.0718272,133.624,290.744,0,0,0
1200,2,0,838,1,1,1,4388.47,24855.4,1596.41,52.1883,1.06739,1500.04,273380,351.231,28.9996,0.816826,321.415,125.824,23.1887,0.106906,102.529,477.056,0,0,0
1200,2,0,839,1,1,1,4330.16,18776.8,1591.41,46.3844,0.587981,1501.14,273370,153.673,23.1957,0.372499,130.104,78.278,23.1887,0.0718272,55.0175,231.951,0,0,0
1200,2,0,840,1,1,1,4418.91,18784.1,1591.38,46.3844,0.661478,1501.04,273371,143.811,23.1957,0.302342,120.313,157.619,23.1887,0.0718272,134.358,301.43,0,0,0
1200,2,0,841,1,1,1,4321.93,24800.2,1596.9,52.1883,0.536198,1501.06,273373,318.747,28.9996,0.320717,289.427,64.5525,23.1887,0.0718272,41.292,383.3,0,0,0
1200,2,0,842,1,1,1,4352.98,18785.6,1591.11,46.3844,0.587981,1500.85,273376,156.893,23.1957,0.337421,133.36,150.619,23.1887,0.106906,127.323,307.512,0,0,0
1200,2,0,843,1,1,1,4315.98,18651.9,1591.12,46.3844,0.482746,1500.96,273376,150.7,23.1957,0.267264,127.237,77.5489,23.1887,0.0718272,54.2884,228.248,0,0,0
1200,2,0,844,1,0,0,-1,-1,1568.73,23.1957,0.267264,1501.27,273376,-1,-1,-1,-1,-1,-1,-1,-1,-1,0,0,0
1200,2,0,845,1,1,1,4363.25,18788.9,1591.32,46.3844,0.517824,1501.12,273373,154.778,23.1957,0.267264,131.315,98.6676,23.1887,0.106906,75.3721,253.446,0,0,0
1200,2,0,846,1,1,1,4346.84,18661.3,1591.44,46.3844,0.6264,1501.14,273370,81.9313,23.1957,0.267264,58.4683,147.691,23.1887,0.0718272,124.43,229.622,0,0,0
1200,2,0,847,1,1,1,4334.61,18674.9,1591.54,46.3844,0.821837,1501.04,273368,148.226,23.1957,0.462701,124.567,148.746,23.1887,0.0718272,125.486,296.972,0,0,0
1200,2,0,848,1,1,1,4316.23,18687.8,1591.18,46.3844,0.517824,1500.98,273375,151.998,23.1957,0.302342,128.5,79.98,23.1887,0.0718272,56.7194,231.978,0,0,0
1200,2,0,849,1,1,1,4326.47,24664.9,1596.66,52.1883,0.571277,1500.79,273377,334.728,28.9996,0.355795,305.372,77.7889,23.1887,0.0718272,54.5284,412.517,0,0,0
1200,2,0,850,1,1,1,4362.38,18783.4,1591.02,46.3844,0.517824,1500.82,273378,162.266,23.1957,0.302342,138.767,148.568,23.1887,0.0718272,125.307,310.833,0,0,0
1200,2,0,851,1,1,1,4440.61,18763.4,1591.35,46.3844,0.770054,1500.91,273371,145.635,23.1957,0.267264,122.172,158.16,23.1887,0.0718272,134.9,303.796,0,0,0
1200,2,0,852,1,1,1,4441.22,18775.9,1591.22,46.3844,0.517824,1501.02,273374,83.9949,23.1957,0.302342,60.4969,150.896,23.1887,0.0718272,127.635,234.891,0,0,0
1200,2,0,853,1,1,1,4387.12,18793.2,1591.34,46.3844,0.517824,1501.14,273372,136.908,23.1957,0.302342,113.41,160.936,23.1887,0.0718272,137.676,297.844,0,0,0
1200,2,0,854,0,0,0,-1,-1,1568.66,23.206,0.551232,1500.91,273376,-1,-1,-1,-1,-1,-1,-1,-1,-1,0,0,0
1200,2,0,855,1,0,0,-1,-1,1574.31,28.9996,0.58631,1500.91,273375,-1,-1,-1,-1,-1,-1,-1,-1,-1,0,0,0
1200,2,0,856,1,1,1,4318.8,18643.6,1591.38,46.3844,0.482746,1501.22,273372,157.496,23.1957,0.267264,134.033,143.395,23.1887,0.0718272,120.135,300.892,0,0,0
1200,2,0,857,1,1,1,4340.01,18671.8,1591.3,46.3844,0.482746,1501.14,273373,159.02,23.1957,0.267264,135.557,139.549,23.1887,0.0718272,116.289,298.569,0,0,0
1200,2,0,858,1,1,1,4389.61,18716.6,1591.3,46.3844,0.517824,1501.1,273373,136.528,23.1957,0.267264,113.065,159.442,23.1887,0.106906,136.147,295.971,0,0,0
1200,2,0,859,1,1,1,4340.9,18749.3,1591.01,46.3844,0.6264,1500.71,273378,161.564,23.1957,0.267264,138.101,148.27,23.1887,0.0718272,125.009,309.834,0,0,0
1200,2,0,860,1,1,1,4325.41,18651.3,1591.22,46.3844,0.482746,1501.06,273374,78.0888,23.1957,0.267264,54.6259,142.875,23.1887,0.0718272,119.615,220.964,0,0,0
1200,2,0,861,1,1,1,4315.66,24648.6,1596.81,52.1883,0.696557,1500.81,273374,315.24,28.9996,0.481075,285.759,150.389,23.1887,0.0718272,127.128,465.629,0,0,0
1200,2,0,862,1,1,1,4353.07,18892.8,1591.35,46.3844,0.552902,1501.12,273372,165.632,23.1957,0.337421,142.099,150.533,23.1887,0.0718272,127.273,316.165,0,0,0
1200,2,0,863,1,1,1,4339.4,18686.4,1591.49,46.3844,0.678182,1501.14,273369,151.081,23.1957,0.462701,127.422,75.3344,23.1887,0.0718272,52.0739,226.415,0,0,0
1200,2,0,864,1,1,1,4318.12,18693,1591.18,46.3844,0.748339,1500.75,273374,146.677,23.1957,0.532858,122.948,71.1292,23.1887,0.0718272,47.8687,217.806,0,0,0
1200,2,0,865,1,1,1,4410.16,18783.9,1591.17,46.3844,1.01393,1500.48,273373,160.018,23.1957,0.693216,136.129,137.868,23.1887,0.177062,114.502,297.885,0,0,0
1200,2,0,866,1,1,1,4326.47,18641.6,1591.3,46.3844,0.482746,1501.14,273373,84.0411,23.1957,0.267264,60.5781,143.906,23.1887,0.0718272,120.645,227.947,0,0,0
1200,2,0,867,1,1,2,10356.3,24671.2,1613.5,69.5741,0.554573,1500.79,273377,110.907,23.1957,0.267264,87.4444,361.83,46.3784,0.143654,315.308,472.737,1,0,0
1200,2,0,868,1,1,1,4325.93,24767.9,1596.74,52.1883,0.606355,1500.83,273375,298.863,28.9996,0.390874,269.426,55.1044,23.1887,0.0718272,31.8439,353.968,0,0,0
1200,2,0,869,1,1,1,4319.5,18806.6,1591.26,46.3844,0.517824,1501.06,273374,134.455,23.1957,0.302342,110.957,61.6883,23.1887,0.0718272,38.4278,196.144,0,0,0
1200,2,0,870,1,1,1,4350.54,18752.3,1591.28,46.3844,0.482746,1501.12,273373,150.068,23.1957,0.267264,126.605,92.5757,23.1887,0.0718272,69.3151,242.644,0,0,0
1200,2,0,871,1,1,1,4325.51,18695,1591.37,46.3844,0.517824,1501.18,273371,150.874,23.1957,0.302342,127.376,77.9189,23.1887,0.0718272,54.6584,228.792,0,0,0
1200,2,0,872,1,1,1,4317.9,24634.3,1596.88,52.1883,0.536198,1501.04,273373,226.083,28.9996,0.320717,196.525,31.3063,23.1887,0.0718272,8.0458,257.389,0,0,0
1200,2,0,873,1,1,1,4325.28,18640.7,1591.24,46.3844,0.482746,1501.08,273374,78.3939,23.1957,0.267264,54.9309,137.116,23.1887,0.0718272,113.856,215.51,0,0,0
1200,2,0,874,1,1,1,4320.56,18687.3,1591.18,46.3844,0.678182,1500.83,273375,150.471,23.1957,0.462701,126.812,86.5819,23.1887,0.0718272,63.3214,237.053,0,0,0
1200,2,0,875,1,1,1,4338.66,18652.8,1591.38,46.3844,0.6264,1501.08,273371,87.3005,23.1957,0.267264,63.8376,148.947,23.1887,0.0718272,125.686,236.247,0,0,0
1200,2,0,876,1,1,1,4342.99,18701.6,1591.24,46.3844,0.482746,1501.08,273374,155.558,23.1957,0.267264,132.095,105.807,23.1887,0.0718272,82.5461,261.365,0,0,0
1200,2,0,877,1,1,1,4321.67,18647.5,1591.26,46.3844,0.482746,1501.1,273374,84.5266,23.1957,0.267264,61.0636,135.718,23.1887,0.0718272,112.457,220.244,0,0,0
1200,2,0,878,1,1,3,16355.7,30670.8,1636.21,92.7639,0.556243,1501,273373,81.4422,23.1957,0.267264,57.9792,557.23,69.5682,0.145325,487.516,638.672,2,0,0
1200,2,0,879,1,1,1,4353.02,18670.3,1591.17,46.3844,0.517824,1500.98,273375,81.4692,23.1957,0.267264,58.0063,144.654,23.1887,0.106906,121.358,226.123,0,0,0
1200,2,0,880,1,1,1,4321.86,24707.2,1596.96,52.1883,0.731635,1500.92,273372,345.069,28.9996,0.516154,315.553,105.085,23.1887,0.0718272,81.8242,450.154,0,0,0
1200,2,0,881,1,1,2,10361.4,24810.8,1613.93,69.5741,1.19434,1500.57,273368,157.919,23.1957,0.693216,134.03,286.2,46.3784,0.357466,239.464,444.119,1,0,0
1200,2,0,882,1,1,1,4343.22,18684.2,1591.28,46.3844,0.517824,1501.08,273373,85.6156,23.1957,0.302342,62.1176,133.918,23.1887,0.0718272,110.658,219.534,0,0,0
1200,2,0,883,1,1,1,4318.47,24648,1596.87,52.1883,1.03231,1500.54,273372,329.825,28.9996,0.816826,300.008,148.523,23.1887,0.0718272,125.262,478.347,0,0,0
1200,2,0,884,1,1,1,4316.04,18639.3,1591.35,46.3844,0.678182,1501,273372,86.9401,23.1957,0.462701,63.2817,146.889,23.1887,0.0718272,123.629,233.829,0,0,0
1200,2,0,885,1,1,1,4317.26,18643.5,1591.26,46.3844,0.482746,1501.1,273374,151.142,23.1957,0.267264,127.679,79.98,23.1887,0.0718272,56.7194,231.122,0,0,0
1200,2,0,886,1,1,1,4331.96,18649.8,1591.22,46.3844,0.517824,1501.02,273374,135.144,23.1957,0.267264,111.681,158.318,23.1887,0.106906,135.023,293.462,0,0,0
1200,2,0,887,1,1,1,4334.29,18652.6,1591.26,46.3844,0.482746,1501.1,273374,84.8135,23.1957,0.267264,61.3506,147.424,23.1887,0.0718272,124.163,232.237,0,0,0
1200,2,0,888,1,1,1,4318.47,18763.8,1591.22,46.3844,0.482746,1501.06,273374,128.553,23.1957,0.267264,105.09,60.3401,23.1887,0.0718272,37.0796,188.893,0,0,0
1200,2,0,889,1,0,0,-1,-1,1568.69,23.1957,0.267264,1501.23,273376,-1,-1,-1,-1,-1,-1,-1,-1,-1,0,0,0
1200,2,0,890,1,0,0,-1,-1,1568.73,23.1957,0.302342,1501.23,273375,-1,-1,-1,-1,-1,-1,-1,-1,-1,0,0,0
1200,2,0,891,1,1,2,4346.86,18675.3,1613.4,69.5741,0.733306,1500.5,273379,77.2496,23.1957,0.267264,53.7866,161.836,46.3784,0.322387,115.135,239.086,1,0,0
1200,2,0,892,1,0,0,-1,-1,1568.75,23.1957,0.302342,1501.26,273375,-1,-1,-1,-1,-1,-1,-1,-1,-1,0,0,0
1200,2,0,893,1,1,1,4317.51,18740.9,1591.6,46.3844,0.678182,1501.24,273367,117.642,23.1957,0.462701,93.9832,55.4022,23.1887,0.0718272,32.1417,173.044,0,0,0
1200,2,0,894,0,0,0,-1,-1,1574.34,29.0099,0.8352,1500.67,273374,-1,-1,-1,-1,-1,-1,-1,-1,-1,0,0,0
1200,2,0,895,1,1,1,4336.68,18651.2,1591.22,46.3844,0.482746,1501.06,273374,78.5707,23.1957,0.267264,55.1078,137.243,23.1887,0.0718272,113.982,215.813,0,0,0
1200,2,0,896,1,1,1,4384.55,18741.4,1591.46,46.3844,0.6264,1501.16,273370,93.1499,23.1957,0.267264,69.6869,138.816,23.1887,0.0718272,115.556,231.966,0,0,0
1200,2,0,897,1,1,1,4397.22,18724.9,1590.94,46.3844,0.552902,1500.71,273379,90.9101,23.1957,0.267264,67.4472,138.426,23.1887,0.141984,115.096,229.337,0,0,0
1200,2,0,898,1,1,1,4324.78,18651.5,1591.06,46.3844,0.482746,1500.9,273377,80.9476,23.1957,0.267264,57.4847,142.172,23.1887,0.0718272,118.911,223.119,0,0,0
1200,2,0,899,1,1,1,4383.01,18733.4,1591.18,46.3844,0.913709,1500.59,273374,139.734,23.1957,0.267264,116.271,158.962,23.1887,0.0718272,135.701,298.695,0,0,0
1200,2,0,900,1,1,1,4333.82,18708.1,1591.14,46.3844,0.482746,1500.98,273376,155.984,23.1957,0.267264,132.521,149.079,23.1887,0.0718272,125.818,305.063,0,0,0
1200,2,0,901,1,1,1,4323.77,18662.2,1591.04,46.3844,0.482746,1500.88,273378,149.265,23.1957,0.267264,125.802,91.5108,23.1887,0.0718272,68.2503,240.776,0,0,0
1200,2,0,902,1,1,1,4316.94,18629.2,1591.24,46.3844,0.482746,1501.08,273374,89.6558,23.1957,0.267264,66.1928,134.817,23.1887,0.0718272,111.556,224.473,0,0,0
1200,2,0,903,1,1,1,4452.26,18785.3,1591.24,46.3844,0.482746,1501.08,273374,137.588,23.1957,0.267264,114.125,158.478,23.1887,0.0718272,135.217,296.066,0,0,0
1200,2,0,904,1,1,1,4363.07,24690,1596.8,52.1991,0.714931,1500.77,273375,343.832,29.0104,0.49945,314.322,143.513,23.1887,0.0718272,120.252,487.345,0,0,0
1200,2,0,905,1,1,1,4459.49,18790.8,1591.22,46.3844,0.517824,1501.02,273374,138.33,23.1957,0.302342,114.832,160.862,23.1887,0.0718272,137.602,299.192,0,0,0
1200,2,0,906,1,1,1,4346.43,18667.1,1591.2,46.3844,0.482746,1501.04,273375,87.0515,23.1957,0.267264,63.5885,149.791,23.1887,0.0718272,126.531,236.843,0,0,0
1200,2,0,907,1,1,1,4344.81,18828.3,1591.29,46.3844,1.28287,1500.33,273371,161.649,23.1957,0.923731,137.529,138.196,23.1887,0.0718272,114.935,299.844,0,0,0
1200,2,0,908,1,1,1,4351.66,18861.5,1591.35,46.3844,0.713261,1500.96,273371,164.503,23.1957,0.462701,140.845,149.579,23.1887,0.106906,126.284,314.082,0,0,0
1200,2,0,909,1,1,1,4362.73,18678.1,1591.26,46.3844,0.517824,1501.06,273374,85.8008,23.1957,0.267264,62.3378,149.704,23.1887,0.106906,126.408,235.505,0,0,0
1200,2,0,910,1,1,1,4323.85,18660.9,1591.32,46.3844,0.517824,1501.12,273373,78.513,23.1957,0.267264,55.05,143.703,23.1887,0.106906,120.407,222.216,0,0,0
1200,2,0,911,1,0,0,-1,-1,1568.93,23.1957,0.462701,1501.28,273372,-1,-1,-1,-1,-1,-1,-1,-1,-1,0,0,0
1200,2,0,912,1,1,1,4417.38,24860.5,1596.65,52.1883,1.13754,1500.21,273375,350.228,28.9996,0.886982,320.341,109.271,23.1887,0.106906,85.9753,459.499,0,0,0
1200,2,0,913,1,1,1,4317.26,24847.7,1596.95,52.1883,0.50112,1501.14,273373,345.367,28.9996,0.285638,316.082,92.989,23.1887,0.0718272,69.7284,438.356,0,0,0
1200,2,0,914,1,1,1,4320.39,18665.6,1591.2,46.3844,0.482746,1501.04,273375,159.844,23.1957,0.267264,136.382,147.322,23.1887,0.0718272,124.062,307.167,0,0,0
1200,2,0,915,1,1,1,4315.02,18681.4,1591.42,46.3844,0.678182,1501.06,273371,155.075,23.1957,0.462701,131.417,104.859,23.1887,0.0718272,81.5986,259.934,0,0,0
1200,2,0,916,1,1,2,10373.8,24691.4,1613.89,69.5741,0.698227,1501.02,273370,116.844,23.1957,0.302342,93.3461,363.122,46.3784,0.25223,316.492,479.966,1,0,0
1200,2,0,917,1,1,1,4326.98,18645.1,1591.23,46.3844,0.517824,1501.04,273374,152.241,23.1957,0.267264,128.778,149.438,23.1887,0.106906,126.143,301.679,0,0,0
1200,2,0,918,1,1,1,4337,18654.5,1591.12,46.3844,0.482746,1500.96,273376,88.7029,23.1957,0.267264,65.2399,136.023,23.1887,0.0718272,112.762,224.725,0,0,0
1200,2,0,919,1,1,1,4324.77,24658.4,1597.27,52.1883,0.927072,1501.04,273366,348.896,28.9996,0.71159,319.184,111.965,23.1887,0.0718272,88.7041,460.86,0,0,0
1200,2,0,920,1,1,1,4329.3,18748.8,1591.49,46.3844,0.678182,1501.14,273369,159.829,23.1957,0.462701,136.17,134.452,23.1887,0.0718272,111.192,294.281,0,0,0
1200,2,0,921,1,1,2,10428.1,24748.1,1591.31,46.3844,0.644774,1500.99,273372,82.6622,23.1957,0.267264,59.1992,335.896,23.1887,0.0902016,312.523,418.558,0,0,0
1200,2,0,922,1,1,1,4315.82,18636.3,1591.1,46.3844,0.482746,1500.94,273377,154.733,23.1957,0.267264,131.27,106.718,23.1887,0.0718272,83.4576,261.451,0,0,0
1200,2,0,923,1,1,1,4352.96,18676.3,1591.2,46.3844,0.482746,1501.04,273375,77.7658,23.1957,0.267264,54.3028,137.409,23.1887,0.0718272,114.148,215.174,0,0,0
1200,2,0,924,1,0,0,-1,-1,1568.79,23.1957,0.267264,1501.33,273375,-1,-1,-1,-1,-1,-1,-1,-1,-1,0,0,0
1200,2,0,925,1,1,1,4314.7,24670.5,1597.08,52.1883,1.03231,1500.74,273368,281.003,28.9996,0.816826,251.102,50.365,23.1887,0.0718272,27.1045,331.368,0,0,0
1200,2,0,926,1,0,0,-1,-1,1568.49,23.1957,0.372499,1500.92,273379,-1,-1,-1,-1,-1,-1,-1,-1,-1,0,0,0
1200,2,0,927,1,1,1,4351.48,18704.1,1590.9,46.3844,0.978854,1500.25,273378,87.0587,23.1957,0.693216,63.1698,135.93,23.1887,0.141984,112.6,222.989,0,0,0
1200,2,0,928,1,1,1,4346.74,18735.9,1591.18,46.3844,0.748339,1500.75,273374,153.553,23.1957,0.462701,129.895,103.374,23.1887,0.141984,80.0429,256.927,0,0,0
1200,2,0,929,1,1,2,10440.5,30804,1619.45,75.3781,0.786758,1500.87,273371,228.667,28.9996,0.390874,199.039,371.198,46.3784,0.108576,324.711,599.865,1,0,0
1200,2,0,930,1,1,1,4331.53,18658.5,1591,46.3844,0.713261,1500.61,273378,144.84,23.1957,0.462701,121.181,155.699,23.1887,0.106906,132.404,300.539,0,0,0
1200,2,0,931,1,1,1,4327.6,18643.5,1591.3,46.3844,0.50112,1501.12,273373,83.5466,23.1957,0.267264,60.0836,137.972,23.1887,0.0902016,114.693,221.519,0,0,0
1200,2,0,932,1,1,2,10379.6,24759.5,1613.72,69.5741,0.554573,1501,273374,145.33,23.1957,0.267264,121.867,351.1,46.3784,0.143654,304.578,496.43,1,0,0
1200,2,0,933,1,1,1,4358.68,24727.7,1596.95,52.1883,0.731635,1500.91,273372,341.318,28.9996,0.481075,311.837,149.02,23.1887,0.106906,125.724,490.337,0,0,0
1200,2,0,934,1,1,2,10315.1,24749.1,1613.91,69.5849,0.733306,1501,273370,153.31,23.2065,0.481075,129.623,144.388,46.3784,0.108576,97.9014,297.699,1,0,0
1200,2,0,935,1,1,1,4340.5,18655.9,1591.08,46.3844,0.517824,1500.89,273377,102.825,23.1957,0.267264,79.3625,149.059,23.1887,0.106906,125.764,251.885,0,0,0
1200,2,0,936,1,1,2,10334.7,24705.3,1613.62,69.5741,0.519494,1500.94,273376,148.545,23.1957,0.267264,125.082,347.232,46.3784,0.108576,300.745,495.776,1,0,0
1200,2,0,937,1,1,1,4322.31,36694.5,1607.91,63.7961,0.998899,1500.34,273376,705.856,40.6075,0.783418,663.964,78.9205,23.1887,0.0718272,55.66,784.777,0,0,0
1200,2,0,938,1,1,1,4333.53,18647,1591.24,46.3844,0.482746,1501.08,273374,88.3654,23.1957,0.267264,64.9024,136.43,23.1887,0.0718272,113.17,224.796,0,0,0
1200,2,0,939,1,1,1,4346.61,18663.7,1591.39,46.3844,0.517824,1501.2,273371,144.437,23.1957,0.267264,120.974,156.43,23.1887,0.106906,133.135,300.867,0,0,0
1200,2,0,940,1,1,1,4389.75,18734.9,1591.3,46.3844,0.696557,1500.92,273372,150.279,23.1957,0.337421,126.746,156.397,23.1887,0.0718272,133.136,306.676,0,0,0
1200,2,0,941,1,1,1,4409.94,24880.5,1596.66,52.1883,0.606355,1500.75,273377,351.665,28.9996,0.390874,322.274,126.031,23.1887,0.0718272,102.771,477.696,0,0,0
1200,2,0,942,1,1,2,10329.2,24654.3,1613.75,69.5741,0.663149,1500.93,273373,139.109,23.1957,0.267264,115.646,359.376,46.3784,0.108576,312.889,498.485,1,0,0
1200,2,0,943,1,1,1,4367.18,18800.7,1591.01,46.3844,0.552902,1500.78,273378,158.002,23.1957,0.337421,134.468,114.953,23.1887,0.0718272,91.6929,272.955,0,0,0
1200,2,0,944,1,0,0,-1,-1,1568.73,23.1957,0.267264,1501.27,273376,-1,-1,-1,-1,-1,-1,-1,-1,-1,0,0,0
1200,2,0,945,1,1,1,4327.69,18660.6,1591.22,46.3844,0.517824,1501.02,273374,151.516,23.1957,0.302342,128.018,78.6877,23.1887,0.0718272,55.4272,230.204,0,0,0
1200,2,0,946,1,1,1,4321.86,18648.5,1591.02,46.3844,0.517824,1500.82,273378,80.3077,23.1957,0.302342,56.8097,137.851,23.1887,0.0718272,114.59,218.159,0,0,0
1200,2,0,947,1,1,1,4329.11,18751.6,1591.24,46.3844,0.482746,1501.08,273374,152.685,23.1957,0.267264,129.222,88.8758,23.1887,0.0718272,65.6153,241.561,0,0,0
1200,2,0,948,1,1,1,4337.79,18660.8,1591.45,46.3844,0.517824,1501.26,273370,154.672,23.1957,0.267264,131.209,106.362,23.1887,0.106906,83.0659,261.033,0,0,0
1200,2,0,949,1,1,1,4316.3,24713.8,1596.85,52.1883,0.927072,1500.62,273373,341.157,28.9996,0.71159,311.445,86.6018,23.1887,0.0718272,63.3413,427.758,0,0,0
1200,2,0,950,1,1,1,4349.49,30672.6,1602.42,57.9922,1.14255,1500.35,273373,309.918,34.8035,0.729965,273.564,157.014,23.1887,0.12528,133.7,466.931,0,0,0
1200,2,0,951,1,1,1,4338.25,18666.7,1591.12,46.3844,0.482746,1500.96,273376,147.566,23.1957,0.267264,124.103,78.9783,23.1887,0.0718272,55.7178,226.545,0,0,0
1200,2,0,952,1,1,1,4354.94,18688.5,1591.26,46.3844,0.517824,1501.06,273374,79.9406,23.1957,0.267264,56.4776,145.387,23.1887,0.106906,122.091,225.327,0,0,0
1200,2,0,953,1,1,1,4342.84,18682.1,1591.16,46.3844,0.50112,1500.98,273375,158.688,23.1957,0.267264,135.225,147.37,23.1887,0.0902016,124.091,306.057,0,0,0
1200,2,0,954,1,1,2,10318,24825.9,1613.78,69.5741,0.554573,1501.06,273373,161.298,23.1957,0.302342,137.8,291.055,46.3784,0.108576,244.568,452.354,1,0,0
1200,2,0,955,1,1,1,4389.3,24721.8,1596.78,52.1883,0.75001,1500.73,273374,317.288,28.9996,0.355795,287.932,153.342,23.1887,0.106906,130.047,470.63,0,0,0
1200,2,0,956,1,1,1,4396.05,18803.5,1591.12,46.3844,0.517824,1500.92,273376,140.334,23.1957,0.302342,116.836,160.303,23.1887,0.0718272,137.042,300.636,0,0,0
1200,2,0,957,1,1,1,4353.47,18668.3,1591.56,46.3844,0.6264,1501.26,273368,77.6774,23.1957,0.267264,54.2144,140.488,23.1887,0.0718272,117.227,218.165,0,0,0
1200,2,0,958,1,1,1,4387.78,18841.4,1591.13,46.3844,0.571277,1500.88,273375,161.448,23.1957,0.302342,137.95,151.399,23.1887,0.12528,128.085,312.847,0,0,0
1200,2,0,959,1,1,1,4388.51,18791.2,1591.32,46.3844,0.482746,1501.16,273373,160.709,23.1957,0.267264,137.246,136.29,23.1887,0.0718272,113.029,296.999,0,0,0
1200,2,0,960,1,1,1,4331.4,18658,1591.16,46.3844,0.482746,1501,273376,110.028,23.1957,0.267264,86.5654,152.352,23.1887,0.0718272,129.092,262.381,0,0,0
1200,2,0,961,1,1,1,4317.26,24658.6,1596.72,52.1883,0.731635,1500.68,273376,259.167,28.9996,0.516154,229.506,42.5737,23.1887,0.0718272,19.3132,301.741,0,0,0
1200,2,0,962,1,1,1,4326.89,18649.9,1591.27,46.3844,0.6264,1500.97,273373,86.0877,23.1957,0.267264,62.6248,149.513,23.1887,0.0718272,126.253,235.601,0,0,0
1200,2,0,963,1,1,1,4339.32,30692.9,1602.35,57.9922,0.62473,1500.79,273376,438.216,34.8035,0.409248,402.552,152.677,23.1887,0.0718272,129.417,590.893,0,0,0
1200,2,0,964,1,1,1,4341.09,24735.8,1596.84,52.1883,0.571277,1500.97,273374,348.448,28.9996,0.355795,319.092,141.188,23.1887,0.0718272,117.927,489.636,0,0,0
1200,2,0,965,1,1,1,4344.41,18678.5,1591.28,46.3844,0.482746,1501.12,273373,152.905,23.1957,0.267264,129.442,149.829,23.1887,0.0718272,126.569,302.734,0,0,0
1200,2,0,966,1,1,1,4318.22,18634.4,1591.26,46.3844,0.482746,1501.1,273374,85.6076,23.1957,0.267264,62.1447,148.328,23.1887,0.0718272,125.067,233.935,0,0,0
1200,2,0,967,1,1,2,10397.3,24836.1,1613.66,69.5741,0.841882,1500.66,273374,152.247,23.1957,0.302342,128.749,352.965,46.3784,0.25223,306.334,505.212,1,0,0
1200,2,0,968,1,1,1,4381.94,18828.2,1591.08,46.3844,0.482746,1500.92,273377,159.494,23.1957,0.267264,136.031,126.06,23.1887,0.0718272,102.8,285.554,0,0,0
1200,2,0,969,1,1,1,4327.18,24771.5,1597.08,52.1883,0.96215,1500.81,273369,317.647,28.9996,0.71159,287.936,65.3745,23.1887,0.106906,42.0789,383.022,0,0,0
1200,2,0,970,1,1,1,4317.58,30723.4,1602.46,57.9922,0.910368,1500.62,273373,525.932,34.8035,0.694886,490.229,77.3359,23.1887,0.0718272,54.0754,603.268,0,0,0
1200,2,0,971,1,1,1,4316.3,24656,1596.72,52.1883,0.536198,1500.88,273376,333.942,28.9996,0.320717,304.621,77.8413,23.1887,0.0718272,54.5808,411.783,0,0,0
1200,2,0,972,1,1,1,4386.69,18724.2,1591.01,46.3844,0.587981,1500.75,273377,144.217,23.1957,0.267264,120.754,157.231,23.1887,0.177062,133.866,301.448,0,0,0
1200,2,0,973,1,1,1,4315.66,24737.7,1596.93,52.1883,0.891994,1500.73,273372,313.513,28.9996,0.676512,283.835,61.8634,23.1887,0.0718272,38.6029,375.376,0,0,0
1200,2,0,974,1,1,1,4362.54,18875.8,1591.24,46.3952,0.644774,1500.9,273374,164.348,23.2065,0.285638,140.856,149.355,23.1887,0.0718272,126.094,313.702,0,0,0
1200,2,0,975,1,1,1,4337.83,18663.4,1591.2,46.3844,0.482746,1501.04,273375,92.8738,23.1957,0.267264,69.4108,136.315,23.1887,0.0718272,113.054,229.189,0,0,0
1200,2,0,976,1,1,1,4347.67,24727.6,1602.47,57.9922,0.820166,1500.71,273373,353.847,34.8035,0.604685,318.439,141.033,23.1887,0.0718272,117.772,494.88,0,0,0
1200,2,0,977,1,1,1,4321.11,18640.2,1591.12,46.3844,0.482746,1500.96,273376,89.0729,23.1957,0.267264,65.6099,135.443,23.1887,0.0718272,112.183,224.516,0,0,0
1200,2,0,978,1,1,1,4328.62,18751.4,1591.13,46.3844,0.552902,1500.9,273376,162.144,23.1957,0.337421,138.61,146.582,23.1887,0.0718272,123.322,308.726,0,0,0
1200,2,0,979,1,1,2,10328.1,24641,1613.77,69.5741,0.663149,1500.94,273373,84.8207,23.1957,0.267264,61.3578,343.802,46.3784,0.25223,297.171,428.623,1,0,0
1200,2,0,980,1,1,1,4346.48,18717.9,1591.15,46.3844,0.517824,1500.96,273375,159.784,23.1957,0.302342,136.286,146.898,23.1887,0.0718272,123.638,306.682,0,0,0
1200,2,0,981,1,1,2,10339.7,24666.7,1613.6,69.5741,0.519494,1500.92,273376,125.806,23.1957,0.267264,102.343,363.904,46.3784,0.108576,317.417,489.71,1,0,0
1200,2,0,982,0,0,0,-1,-1,1568.75,23.206,0.746669,1500.81,273374,-1,-1,-1,-1,-1,-1,-1,-1,-1,0,0,0
1200,2,0,983,1,1,1,4318.54,18676.1,1591.16,46.3844,0.482746,1501,273376,146.976,23.1957,0.267264,123.513,70.66,23.1887,0.0718272,47.3995,217.636,0,0,0
1200,2,0,984,1,1,1,4395.73,18828.7,1591.14,46.3844,0.482746,1500.98,273376,160.094,23.1957,0.267264,136.631,152.82,23.1887,0.0718272,129.559,312.913,0,0,0
1200,2,0,985,1,1,1,4377.48,18709.8,1591.32,46.3844,0.482746,1501.16,273373,144.415,23.1957,0.267264,120.952,153.596,23.1887,0.0718272,130.335,298.011,0,0,0
1200,2,0,986,1,1,1,4317.59,18780,1591.14,46.3844,0.517824,1500.94,273376,153.66,23.1957,0.302342,130.162,86.5224,23.1887,0.0718272,63.2618,240.183,0,0,0
1200,2,0,987,1,0,0,-1,-1,1568.85,23.1957,0.267264,1501.39,273373,-1,-1,-1,-1,-1,-1,-1,-1,-1,0,0,0
1200,2,0,988,1,1,1,4356.68,18678.1,1591.26,46.3844,0.482746,1501.1,273374,84.3353,23.1957,0.267264,60.8723,146.519,23.1887,0.0718272,123.259,230.855,0,0,0
1200,2,0,989,1,0,0,-1,-1,1568.55,23.1957,0.302342,1501.06,273378,-1,-1,-1,-1,-1,-1,-1,-1,-1,0,0,0
1200,2,0,990,1,1,1,4342.42,18812.3,1591.15,46.3844,0.552902,1500.92,273375,156.516,23.1957,0.337421,132.983,98.6109,23.1887,0.0718272,75.3504,255.127,0,0,0
1200,2,0,991,1,1,1,4367.62,18715.3,1591.4,46.3844,0.678182,1501.04,273371,92.4411,23.1957,0.462701,68.7827,138.853,23.1887,0.0718272,115.592,231.294,0,0,0
1200,2,0,992,1,1,2,4385.96,18898.9,1613.61,69.5741,0.589651,1500.85,273375,164.28,23.1957,0.302342,140.782,172.589,46.3784,0.143654,126.067,336.869,1,0,0
1200,2,0,993,1,1,1,4349.18,18664.3,1591.32,46.3844,0.482746,1501.16,273373,76.4573,23.1957,0.267264,52.9943,137.739,23.1887,0.0718272,114.478,214.196,0,0,0
1200,2,0,994,1,1,1,4357.97,24695.8,1597.04,52.1883,0.714931,1501.02,273370,313.979,28.9996,0.320717,284.658,155.291,23.1887,0.106906,131.996,469.27,0,0,0
1200,2,0,995,1,1,1,4389.17,18825.1,1591.16,46.3844,0.482746,1501,273376,160.063,23.1957,0.267264,136.6,152.307,23.1887,0.0718272,129.047,312.37,0,0,0
1200,2,0,996,1,1,1,4318.6,18671.8,1591.16,46.3844,0.482746,1501,273376,146.346,23.1957,0.267264,122.883,71.0354,23.1887,0.0718272,47.7749,217.382,0,0,0
1200,2,0,997,0,0,0,-1,-1,1568.8,23.206,0.516154,1501.08,273374,-1,-1,-1,-1,-1,-1,-1,-1,-1,0,0,0
1200,2,0,998,1,1,1,4315.72,18675.1,1591.5,46.3844,0.482746,1501.34,273370,151.912,23.1957,0.267264,128.449,98.0695,23.1887,0.0718272,74.809,249.982,0,0,0
1200,2,0,999,1,1,1,4409.73,18748.9,1591.32,46.3844,0.965491,1500.67,273371,129.618,23.1957,0.462701,105.96,158.301,23.1887,0.0718272,135.041,287.919,0,0,0
1200,2,0,1000,1,1,1,4419.45,18881.7,1591.31,46.3844,0.552902,1501.08,273372,158.595,23.1957,0.302342,135.096,109.087,23.1887,0.106906,85.7912,267.681,0,0,0
1200,2,0,1001,1,1,1,4320.62,18636.1,1591.2,46.3844,0.482746,1501.04,273375,84.8785,23.1957,0.267264,61.4155,148.014,23.1887,0.0718272,124.753,232.892,0,0,0
1200,2,0,1002,1,1,1,4345.22,30708.4,1602.57,57.9922,0.75001,1500.89,273372,529.169,34.8035,0.534528,493.642,106.545,23.1887,0.0718272,83.2843,635.713,0,0,0
1200,2,0,1003,0,0,0,-1,-1,1568.72,23.206,0.481075,1501.04,273375,-1,-1,-1,-1,-1,-1,-1,-1,-1,0,0,0
1200,2,0,1004,1,1,1,4394.13,24772.9,1596.88,52.1883,0.820166,1500.75,273372,341.588,28.9996,0.551232,312.037,149.565,23.1887,0.12528,126.251,491.153,0,0,0
1200,2,0,1005,1,1,1,4339.27,18759,1591.46,46.3844,0.678182,1501.1,273370,159.632,23.1957,0.462701,135.974,138.331,23.1887,0.0718272,115.07,297.963,0,0,0
1200,2,0,1006,1,1,1,4366.51,18698.3,1591.26,46.3844,0.873619,1500.71,273373,139.823,23.1957,0.658138,115.969,158.285,23.1887,0.0718272,135.024,298.108,0,0,0
1200,2,0,1007,1,1,2,10358.9,24685.6,1613.73,69.5741,0.768384,1500.79,273373,159.334,23.1957,0.267264,135.871,312.029,46.3784,0.357466,265.293,471.363,1,0,0
1200,2,0,1008,1,1,1,4317.9,24640.3,1597.07,52.1883,0.891994,1500.87,273369,230.66,28.9996,0.676512,200.759,31.9542,23.1887,0.0718272,8.69372,262.615,0,0,0
1200,2,0,1009,1,1,1,4361.26,18807,1591.28,46.3844,0.482746,1501.12,273373,161.209,23.1957,0.267264,137.746,146.028,23.1887,0.0718272,122.768,307.237,0,0,0
1200,2,0,1010,1,1,1,4395.99,18762,1591.2,46.3844,0.6264,1500.9,273374,138.692,23.1957,0.267264,115.229,160.22,23.1887,0.0718272,136.959,298.912,0,0,0
1200,2,0,1011,1,1,1,4326.83,18646.3,1591.36,46.3844,0.482746,1501.2,273372,151.172,23.1957,0.267264,127.709,78.2564,23.1887,0.0718272,54.9959,229.429,0,0,0
1200,2,0,1012,1,1,1,4321.54,18749.4,1591.24,46.3844,0.908698,1500.65,273373,143.623,23.1957,0.693216,119.734,68.4274,23.1887,0.0718272,45.1669,212.05,0,0,0
1200,2,0,1013,1,1,1,4335.51,24655,1596.97,52.1883,0.75001,1500.91,273371,176.624,28.9996,0.481075,146.761,148.834,23.1887,0.12528,125.52,325.458,0,0,0
1200,2,0,1014,1,0,0,-1,-1,1569.02,23.1957,0.302342,1501.53,273370,-1,-1,-1,-1,-1,-1,-1,-1,-1,0,0,0
1200,2,0,1015,1,1,1,4331.66,18752.6,1591.54,46.3844,0.6264,1501.24,273368,158.251,23.1957,0.267264,134.788,148.524,23.1887,0.0718272,125.264,306.775,0,0,0
1200,2,0,1016,1,1,1,4354.4,18691.2,1591.49,46.3844,0.678182,1501.14,273369,153.005,23.1957,0.462701,129.346,149.752,23.1887,0.0718272,126.491,302.757,0,0,0
1200,2,0,1017,1,1,1,4470.64,18783.8,1591.14,46.3844,0.482746,1500.98,273376,138.037,23.1957,0.267264,114.574,158.193,23.1887,0.0718272,134.932,296.23,0,0,0
1200,2,0,1018,0,0,0,-1,-1,1568.84,23.206,0.285638,1501.35,273374,-1,-1,-1,-1,-1,-1,-1,-1,-1,0,0,0
1200,2,0,1019,1,1,1,4318.47,18655.6,1591.24,46.3844,0.517824,1501.04,273374,88.1929,23.1957,0.302342,64.6949,135.752,23.1887,0.0718272,112.491,223.945,0,0,0
1200,2,0,1020,1,1,1,4330.79,18777.2,1591.2,46.3844,0.517824,1501,273375,153.539,23.1957,0.267264,130.076,94.6754,23.1887,0.106906,71.3798,248.214,0,0,0
1200,2,0,1021,1,1,1,4323.72,18651.8,1591.3,46.3844,0.482746,1501.14,273373,84.0808,23.1957,0.267264,60.6178,148.55,23.1887,0.0718272,125.289,232.631,0,0,0
1200,2,0,1022,1,1,1,4330.76,18652.1,1591.14,46.3844,0.482746,1500.98,273376,149.738,23.1957,0.267264,126.275,74.4663,23.1887,0.0718272,51.2058,224.204,0,0,0
1200,2,0,1023,1,1,1,4380.23,18725.6,1591.42,46.3844,0.821837,1500.92,273370,144.161,23.1957,0.462701,120.503,152.744,23.1887,0.0718272,129.484,296.905,0,0,0
1200,2,0,1024,1,1,1,4321.61,18684.8,1591.3,46.3844,0.482746,1501.14,273373,151.992,23.1957,0.267264,128.529,101.798,23.1887,0.0718272,78.5377,253.79,0,0,0
1200,2,0,1025,1,1,1,4319.87,30799.6,1608.39,63.7961,1.19434,1500.64,273367,489.863,40.6075,0.978854,448.114,54.7507,23.1887,0.0718272,31.4902,544.614,0,0,0
1200,2,0,1026,1,1,1,4324.36,18643,1591.16,46.3844,0.482746,1501,273376,86.7681,23.1957,0.267264,63.3052,133.243,23.1887,0.0718272,109.983,220.011,0,0,0
1200,2,0,1027,1,1,1,4320.69,24676.8,1596.75,52.1883,0.731635,1500.71,273375,333.139,28.9996,0.516154,303.623,77.5724,23.1887,0.0718272,54.3118,410.711,0,0,0
1200,2,0,1028,1,1,1,4325.66,24644.4,1596.71,52.1883,0.50112,1500.9,273377,293.376,28.9996,0.285638,264.048,53.5811,23.1887,0.0718272,30.3206,346.957,0,0,0
1200,2,0,1029,1,1,2,10318.9,24920.7,1613.65,69.5741,0.62473,1500.86,273374,165.958,23.1957,0.372499,142.39,293.494,46.3784,0.108576,247.007,459.452,1,0,0
1200,2,0,1030,1,1,3,16328.8,42683.3,1647.77,104.372,1.78399,1500.07,273364,498.392,34.8035,1.35135,461.96,455.039,69.5682,0.288979,385.182,953.431,2,0,0
1200,2,0,1031,1,0,0,-1,-1,1574.31,28.9996,0.621389,1500.87,273375,-1,-1,-1,-1,-1,-1,-1,-1,-1,0,0,0
1200,2,0,1032,1,1,1,4371.45,18738.2,1591.31,46.3844,0.517824,1501.12,273373,153.041,23.1957,0.302342,129.543,97.4035,23.1887,0.0718272,74.143,250.445,0,0,0
1200,2,0,1033,1,0,0,-1,-1,1568.88,23.1957,0.302342,1501.39,273373,-1,-1,-1,-1,-1,-1,-1,-1,-1,0,0,0
1200,2,0,1034,1,1,1,4343.91,18674.5,1591.56,46.3844,1.00057,1500.89,273367,150.173,23.1957,0.462701,126.515,155.261,23.1887,0.106906,131.965,305.434,0,0,0
1200,2,0,1035,1,1,1,4409.24,18745.7,1591.2,46.3844,0.517824,1501,273375,84.1728,23.1957,0.267264,60.7099,149.521,23.1887,0.106906,126.226,233.694,0,0,0
1200,2,0,1036,1,1,1,4347.65,18731.7,1591.27,46.3844,0.517824,1501.08,273373,158.201,23.1957,0.302342,134.703,147.765,23.1887,0.0718272,124.504,305.966,0,0,0
1200,2,0,1037,1,1,1,4319.19,18850.8,1591.2,46.3844,0.678182,1500.85,273374,163.716,23.1957,0.462701,140.058,149.333,23.1887,0.0718272,126.072,313.049,0,0,0
1200,2,0,1038,1,1,1,4336.57,18663.1,1591.34,46.3844,0.50112,1501.16,273372,80.6535,23.1957,0.267264,57.1905,145.855,23.1887,0.0902016,122.577,226.509,0,0,0
1200,2,0,1039,1,1,1,4316.24,24646.3,1596.85,52.1883,0.696557,1500.85,273374,273.019,28.9996,0.481075,243.435,47.73,23.1887,0.0718272,24.4695,320.749,0,0,0
1200,2,0,1040,1,1,1,4323.34,18695.7,1591.34,46.3844,0.482746,1501.18,273372,146.218,23.1957,0.267264,122.755,70.2485,23.1887,0.0718272,46.988,216.467,0,0,0
1200,2,0,1041,1,1,1,4323.72,24658.9,1596.95,52.1883,0.731635,1500.91,273372,286.228,28.9996,0.516154,256.646,157.626,23.1887,0.0718272,134.366,443.854,0,0,0
1200,2,0,1042,1,1,2,10345.2,24660.3,1613.86,69.5741,0.806803,1500.89,273371,83.9851,23.1957,0.267264,60.5222,353.617,46.3784,0.395885,306.843,437.603,1,0,0
1200,2,0,1043,1,1,1,4340.19,18657.9,1591.28,46.3844,0.482746,1501.12,273373,87.5713,23.1957,0.267264,64.1083,135.575,23.1887,0.0718272,112.315,223.146,0,0,0
1200,2,0,1044,1,1,1,4342.74,18683.8,1591.23,46.3844,0.517824,1501.04,273374,149.824,23.1957,0.267264,126.361,85.9221,23.1887,0.106906,62.6266,235.746,0,0,0
1200,2,0,1045,1,1,1,4339.4,18659.6,1591.28,46.3844,0.482746,1501.12,273373,83.3174,23.1957,0.267264,59.8544,147.526,23.1887,0.0718272,124.266,230.844,0,0,0
1200,2,0,1046,1,0,0,-1,-1,1568.75,23.1957,0.728294,1500.83,273374,-1,-1,-1,-1,-1,-1,-1,-1,-1,0,0,0
1200,2,0,1047,1,1,1,4345.66,30682.1,1602.49,57.9922,1.05068,1500.51,273372,530.301,34.8035,0.8352,494.481,83.6419,23.1887,0.0718272,60.3814,613.943,0,0,0
1200,2,0,1048,1,1,1,4322.5,24655.6,1596.61,52.1883,0.766714,1500.54,273378,329.999,28.9996,0.516154,300.483,80.1576,23.1887,0.106906,56.862,410.156,0,0,0
1200,2,0,1049,1,1,1,4444.11,18764.7,1591.07,46.3844,0.661478,1500.73,273376,84.0104,23.1957,0.267264,60.5474,150.594,23.1887,0.106906,127.298,234.604,0,0,0
1200,2,0,1050,1,1,2,10338.6,24659.6,1613.76,69.5741,0.519494,1501.08,273373,85.2196,23.1957,0.267264,61.7566,353.548,46.3784,0.108576,307.061,438.768,1,0,0
1200,2,0,1051,1,1,1,4382.35,18695.6,1591.26,46.3844,0.482746,1501.1,273374,85.2936,23.1957,0.267264,61.8306,148.604,23.1887,0.0718272,125.343,233.897,0,0,0
1200,2,0,1052,1,1,1,4335.18,24788.4,1597.09,52.1883,0.927072,1500.86,273369,338.312,28.9996,0.71159,308.601,146.947,23.1887,0.0718272,123.687,485.259,0,0,0
1200,2,0,1053,1,1,1,4338.89,18652.1,1591.32,46.3844,0.482746,1501.16,273373,144.379,23.1957,0.267264,120.916,156.263,23.1887,0.0718272,133.003,300.643,0,0,0
1200,2,0,1054,1,1,1,4340.76,18701.4,1591.28,46.3844,1.12752,1500.47,273372,147.087,23.1957,0.462701,123.428,151.445,23.1887,0.0902016,128.166,298.532,0,0,0
1200,2,0,1055,1,0,0,-1,-1,1568.88,23.1957,0.497779,1501.19,273372,-1,-1,-1,-1,-1,-1,-1,-1,-1,0,0,0
1200,2,0,1056,1,0,0,-1,-1,1568.81,23.1957,0.267264,1501.35,273374,-1,-1,-1,-1,-1,-1,-1,-1,-1,0,0,0
1200,2,0,1057,1,1,1,4319.08,18687.8,1591.28,46.3844,0.482746,1501.12,273373,151.745,23.1957,0.267264,128.282,78.9007,23.1887,0.0718272,55.6402,230.645,0,0,0
1200,2,0,1058,1,1,1,4320.81,18638.5,1591.22,46.3844,0.482746,1501.06,273374,85.7304,23.1957,0.267264,62.2674,132.382,23.1887,0.0718272,109.122,218.113,0,0,0
1200,2,0,1059,1,1,2,10373.2,24687.4,1613.78,69.5741,0.519494,1501.1,273373,107.547,23.1957,0.267264,84.0838,360.896,46.3784,0.108576,314.409,468.443,1,0,0
1200,2,0,1060,1,1,1,4376.26,24740.9,1596.9,52.1883,0.823507,1500.77,273372,350.086,28.9996,0.320717,320.765,119.482,23.1887,0.0718272,96.2211,469.567,0,0,0
1200,2,0,1061,1,1,1,4336.26,18758.5,1591.34,46.3844,0.482746,1501.18,273372,131.473,23.1957,0.267264,108.01,61.5114,23.1887,0.0718272,38.2509,192.984,0,0,0
1200,2,0,1062,1,1,1,4320.58,24714.6,1596.65,52.1883,0.997229,1500.35,273376,335.829,28.9996,0.781747,306.047,78.2528,23.1887,0.0718272,54.9923,414.081,0,0,0
1200,2,0,1063,1,0,0,-1,-1,1568.9,23.1957,0.497779,1501.21,273372,-1,-1,-1,-1,-1,-1,-1,-1,-1,0,0,0
1200,2,0,1064,1,1,1,4323.71,18776.3,1591.29,46.3844,0.536198,1501.08,273373,158.84,23.1957,0.302342,135.342,115.127,23.1887,0.0902016,91.8481,273.967,0,0,0
1200,2,0,1065,1,1,1,4425.46,18752.9,1591.19,46.3844,0.6264,1500.88,273375,135.406,23.1957,0.267264,111.943,161.784,23.1887,0.0718272,138.524,297.19,0,0,0
1200,2,0,1066,1,1,2,10336.1,24669.8,1613.8,69.5741,0.519494,1501.12,273372,116.222,23.1957,0.267264,92.7595,362.663,46.3784,0.108576,316.176,478.885,1,0,0
1200,2,0,1067,1,1,1,4340.17,24683,1596.92,52.1883,0.731635,1500.88,273372,322.359,28.9996,0.516154,292.843,149.281,23.1887,0.0718272,126.02,471.64,0,0,0
1200,2,0,1068,1,1,1,4426.46,18784.3,1591.24,46.3844,0.482746,1501.08,273374,138.357,23.1957,0.267264,114.894,160.16,23.1887,0.0718272,136.899,298.517,0,0,0
1200,2,0,1069,1,1,2,10336.6,24757.5,1613.62,69.5741,0.519494,1500.94,273376,162.501,23.1957,0.267264,139.038,310.804,46.3784,0.108576,264.317,473.305,1,0,0
1200,2,0,1070,1,1,1,4328.38,18807.1,1591.37,46.3844,0.713261,1500.98,273371,154.269,23.1957,0.497779,130.575,93.8444,23.1887,0.0718272,70.5839,248.113,0,0,0
1200,2,0,1071,1,1,2,10353.6,24677.4,1613.7,69.5741,0.608026,1500.92,273374,111.469,23.1957,0.302342,87.9714,363.75,46.3784,0.162029,317.21,475.22,1,0,0
1200,2,0,1072,1,1,1,4332.48,18815.7,1591.32,46.3844,0.482746,1501.16,273373,159.964,23.1957,0.267264,136.501,149.347,23.1887,0.0718272,126.087,309.311,0,0,0
1200,2,0,1073,1,1,3,4443.63,18813.1,1636.11,92.7639,1.01894,1500.44,273373,92.8563,23.1957,0.372499,69.2881,186.689,69.5682,0.359136,116.762,279.545,2,0,0
1200,2,0,1074,1,1,1,4364.78,18800.5,1591.34,46.3844,0.482746,1501.18,273372,158.476,23.1957,0.267264,135.013,114.847,23.1887,0.0718272,91.5864,273.323,0,0,0
1200,2,0,1075,1,1,1,4317.58,18665.3,1591.34,46.3844,0.482746,1501.18,273372,148.651,23.1957,0.267264,125.188,78.3538,23.1887,0.0718272,55.0933,227.005,0,0,0
1200,2,0,1076,1,1,1,4475.07,18807.1,1591.17,46.3844,0.517824,1500.98,273375,137.155,23.1957,0.302342,113.657,161.492,23.1887,0.0718272,138.231,298.647,0,0,0
1200,2,0,1077,1,1,1,4396.19,18725.1,1591.14,46.3844,0.482746,1500.98,273376,116.313,23.1957,0.267264,92.8497,158.14,23.1887,0.0718272,134.88,274.453,0,0,0
1200,2,0,1078,1,1,1,4341.78,18663,1591.3,46.3844,0.661478,1500.96,273372,83.9209,23.1957,0.302342,60.4229,149.225,23.1887,0.0718272,125.964,233.146,0,0,0
1200,2,0,1079,1,1,1,4348.2,18663.6,1591.23,46.3844,0.6264,1500.92,273374,115.798,23.1957,0.267264,92.3354,155.276,23.1887,0.0718272,132.016,271.075,0,0,0
1200,2,0,1080,1,1,1,4325.83,18649.7,1591.22,46.3844,0.482746,1501.06,273374,111.102,23.1957,0.267264,87.6393,152.25,23.1887,0.0718272,128.989,263.352,0,0,0
1200,2,0,1081,1,1,1,4352.94,18666.5,1591.32,46.3844,0.482746,1501.16,273373,144.318,23.1957,0.267264,120.855,148.362,23.1887,0.0718272,125.102,292.68,0,0,0
1200,2,0,1082,1,1,1,4328.62,18843.6,1591.28,46.3844,0.482746,1501.12,273373,153.813,23.1957,0.267264,130.35,93.1063,23.1887,0.0718272,69.8458,246.919,0,0,0
1200,2,0,1083,1,1,1,4438.33,18807,1591.22,46.3844,0.482746,1501.06,273374,157.717,23.1957,0.267264,134.254,152.869,23.1887,0.0718272,129.608,310.585,0,0,0
1200,2,0,1084,1,1,1,4363.54,18685.3,1591.22,46.3844,0.482746,1501.06,273374,85.8495,23.1957,0.267264,62.3865,135.019,23.1887,0.0718272,111.759,220.869,0,0,0
1200,2,0,1085,1,1,1,4315.98,24662.6,1596.85,52.1883,0.696557,1500.85,273374,294.997,28.9996,0.481075,265.473,54.5178,23.1887,0.0718272,31.2573,349.515,0,0,0
1200,2,0,1086,1,0,0,-1,-1,1568.75,23.1957,0.462701,1501.1,273375,-1,-1,-1,-1,-1,-1,-1,-1,-1,0,0,0
1200,2,0,1087,1,1,1,4338.36,18655.7,1591.22,46.3844,0.482746,1501.06,273374,79.3161,23.1957,0.267264,55.8531,143.554,23.1887,0.0718272,120.294,222.87,0,0,0
1200,2,0,1088,1,1,2,10397.9,30719.1,1619.79,75.3781,1.30291,1500.69,273364,290.913,28.9996,0.907027,260.956,360.319,46.3784,0.25223,313.689,651.232,1,0,0
1200,2,0,1089,1,1,1,4332.91,18838.1,1591.34,46.3844,0.661478,1501,273372,161.41,23.1957,0.302342,137.912,150.36,23.1887,0.0718272,127.099,311.77,0,0,0
1200,2,0,1090,1,0,0,-1,-1,1568.75,23.1957,0.267264,1501.29,273375,-1,-1,-1,-1,-1,-1,-1,-1,-1,0,0,0
1200,2,0,1091,1,1,1,4334.25,18676.5,1591.18,46.3844,0.661478,1500.84,273375,137.854,23.1957,0.302342,114.356,154.269,23.1887,0.0718272,131.009,292.123,0,0,0
1200,2,0,1092,1,1,1,4358.13,18675.8,1591.16,46.3844,0.482746,1501,273376,77.6593,23.1957,0.267264,54.1963,144.222,23.1887,0.0718272,120.961,221.881,0,0,0
1200,2,0,1093,1,1,1,4413.78,18842.5,1591.16,46.3844,0.482746,1501,273376,160.803,23.1957,0.267264,137.34,152.04,23.1887,0.0718272,128.78,312.843,0,0,0
1200,2,0,1094,1,1,1,4325.44,18694.3,1591.46,46.3844,0.678182,1501.1,273370,149.092,23.1957,0.462701,125.434,150.882,23.1887,0.0718272,127.621,299.974,0,0,0
1200,2,0,1095,1,1,1,4340.79,18848.4,1591.32,46.3844,0.517824,1501.12,273373,164.225,23.1957,0.267264,140.762,148.803,23.1887,0.106906,125.508,313.028,0,0,0
1200,2,0,1096,1,1,1,4329.99,24650,1596.87,52.1883,0.696557,1500.87,273373,272.586,28.9996,0.481075,243.002,47.8473,23.1887,0.0718272,24.5868,320.433,0,0,0
1200,2,0,1097,1,1,1,4414.68,18872.6,1591.26,46.3844,0.713261,1500.87,273373,159.795,23.1957,0.497779,136.102,132.754,23.1887,0.0718272,109.494,292.549,0,0,0
1200,2,0,1098,1,1,1,4330.29,18774.6,1591.08,46.3844,0.50112,1500.9,273377,154.957,23.1957,0.267264,131.494,103.147,23.1887,0.0902016,79.8678,258.104,0,0,0
1200,2,0,1099,1,1,1,4320.52,24715,1596.74,52.1883,0.606355,1500.82,273376,246.342,28.9996,0.355795,216.794,36.4129,23.1887,0.106906,13.1173,282.755,0,0,0
1200,2,0,1100,1,1,1,4427,18879.1,1591.1,46.3844,0.713261,1500.71,273376,159.719,23.1957,0.497779,136.026,133.27,23.1887,0.0718272,110.01,292.99,0,0,0
1200,2,0,1101,1,1,1,4328.94,18648,1591.26,46.3844,0.482746,1501.1,273374,136.609,23.1957,0.267264,113.147,158.485,23.1887,0.0718272,135.225,295.095,0,0,0
1200,2,0,1102,1,0,0,-1,-1,1568.67,23.1957,0.302342,1501.17,273377,-1,-1,-1,-1,-1,-1,-1,-1,-1,0,0,0
1200,2,0,1103,1,1,1,4345.94,24701.6,1596.77,52.1883,0.731635,1500.73,273375,311.649,28.9996,0.481075,282.168,156.632,23.1887,0.106906,133.337,468.281,0,0,0
1200,2,0,1104,1,1,1,4320.39,24656.9,1596.75,52.1883,0.731635,1500.71,273375,336.501,28.9996,0.516154,306.986,80.238,23.1887,0.0718272,56.9775,416.739,0,0,0
1200,2,0,1105,1,1,1,4317.9,36682.9,1608.43,63.7961,1.62029,1500.25,273365,710.007,40.6075,1.40481,667.507,70.2485,23.1887,0.0718272,46.988,780.256,0,0,0
1200,2,0,1106,1,1,2,10389.8,24707.4,1613.89,69.5741,0.663149,1501.06,273370,81.6551,23.1957,0.267264,58.1922,356.087,46.3784,0.25223,309.456,437.742,1,0,0
1200,2,0,1107,1,1,1,4384.59,18860.3,1591.25,46.3844,0.6264,1500.94,273374,162.517,23.1957,0.267264,139.054,152.197,23.1887,0.0718272,128.937,314.715,0,0,0
1200,2,0,1108,1,1,1,4321.82,18818.7,1591.34,46.3844,0.943776,1500.72,273371,158.035,23.1957,0.728294,134.111,103.265,23.1887,0.0718272,80.005,261.301,0,0,0
1200,2,0,1109,1,0,0,-1,-1,1568.92,23.1957,0.407578,1501.32,273371,-1,-1,-1,-1,-1,-1,-1,-1,-1,0,0,0
1200,2,0,1110,1,1,1,4409.48,18766.2,1590.9,46.3844,0.517824,1500.71,273380,149.06,23.1957,0.302342,125.562,156.305,23.1887,0.0718272,133.044,305.365,0,0,0
1200,2,0,1111,1,1,1,4338.96,18797.6,1591.3,46.3844,0.678182,1500.94,273373,151.509,23.1957,0.462701,127.85,92.1136,23.1887,0.0718272,68.8531,243.622,0,0,0
1200,2,0,1112,1,1,1,4385.25,18712,1591.3,46.3844,0.482746,1501.14,273373,85.0987,23.1957,0.267264,61.6357,148.685,23.1887,0.0718272,125.425,233.784,0,0,0
1200,2,0,1113,1,1,1,4319.3,18656.6,1591.18,46.3844,0.482746,1501.02,273375,147.74,23.1957,0.267264,124.277,155.7,23.1887,0.0718272,132.44,303.44,0,0,0
1200,2,0,1114,1,1,1,4324.39,18703.3,1591.24,46.3844,0.482746,1501.08,273374,153.048,23.1957,0.267264,129.585,79.8265,23.1887,0.0718272,56.566,232.874,0,0,0
1200,2,0,1115,1,1,1,4319.56,18754.7,1591.32,46.3844,0.482746,1501.16,273373,137.774,23.1957,0.267264,114.311,63.8432,23.1887,0.0718272,40.5827,201.617,0,0,0
1200,2,0,1116,1,1,1,4346.43,18667.8,1591.42,46.3844,0.6264,1501.12,273370,84.0266,23.1957,0.267264,60.5637,145.122,23.1887,0.0718272,121.862,229.149,0,0,0
1200,2,0,1117,1,1,1,4411.16,18778.6,1591.19,46.3844,1.01727,1500.5,273374,159.147,23.1957,0.658138,135.293,135.903,23.1887,0.0718272,112.643,295.051,0,0,0
1200,2,0,1118,1,1,1,4357.29,18691.3,1591.15,46.3844,0.6264,1500.85,273375,145.877,23.1957,0.267264,122.414,149.607,23.1887,0.0718272,126.347,295.484,0,0,0
1200,2,0,1119,1,1,1,4514.55,18892.7,1591.25,46.3844,0.623059,1500.95,273373,157.012,23.1957,0.302342,133.514,127.429,23.1887,0.177062,104.063,284.44,0,0,0
1200,2,0,1120,1,0,0,-1,-1,1574.51,28.9996,0.71159,1500.98,273371,-1,-1,-1,-1,-1,-1,-1,-1,-1,0,0,0
1200,2,0,1121,1,1,1,4386.39,18699.9,1591.39,46.3844,0.770054,1500.94,273371,83.6206,23.1957,0.267264,60.1576,145.75,23.1887,0.0718272,122.49,229.371,0,0,0
1200,2,0,1122,1,1,1,4314.7,18682.5,1591.39,46.3844,0.517824,1501.2,273371,113.48,23.1957,0.302342,89.9819,53.9313,23.1887,0.0718272,30.6708,167.411,0,0,0
1200,2,0,1123,1,1,2,10376.7,24713.3,1613.66,69.5741,0.841882,1500.65,273374,147.947,23.1957,0.267264,124.484,349.556,46.3784,0.430963,302.746,497.503,1,0,0
1200,2,0,1124,1,1,1,4315.02,18631.7,1591.16,46.3844,0.482746,1501,273376,147.265,23.1957,0.267264,123.802,72.0659,23.1887,0.0718272,48.8054,219.331,0,0,0
1200,2,0,1125,1,1,1,4315.98,18629.9,1591.26,46.3844,0.482746,1501.1,273374,124.766,23.1957,0.267264,101.303,59.167,23.1887,0.0718272,35.9065,183.933,0,0,0
1200,2,0,1126,1,1,1,4396.27,18740.4,1591.12,46.3844,0.482746,1500.96,273376,151.252,23.1957,0.267264,127.789,151.768,23.1887,0.0718272,128.507,303.02,0,0,0
1200,2,0,1127,1,1,1,4335.8,18687.7,1591.24,46.3844,0.482746,1501.08,273374,159.971,23.1957,0.267264,136.508,148.147,23.1887,0.0718272,124.887,308.118,0,0,0
1200,2,0,1128,1,1,1,4377.59,18729.4,1591.3,46.3844,0.482746,1501.14,273373,137.416,23.1957,0.267264,113.953,160.023,23.1887,0.0718272,136.762,297.439,0,0,0
1200,2,0,1129,1,1,1,4363.86,18744.6,1591.28,46.3844,0.482746,1501.12,273373,156.729,23.1957,0.267264,133.266,107.359,23.1887,0.0718272,84.0983,264.088,0,0,0
1200,2,0,1130,1,1,1,4315.34,24647.3,1596.76,52.1883,0.606355,1500.85,273375,253.68,28.9996,0.390874,224.129,41.2255,23.1887,0.0718272,17.965,294.905,0,0,0
1200,2,0,1131,1,1,1,4324.14,18637,1591.26,46.3844,0.482746,1501.1,273374,84.4147,23.1957,0.267264,60.9517,148.413,23.1887,0.0718272,125.152,232.827,0,0,0
1200,2,0,1132,1,1,1,4346.73,18662.8,1590.99,46.3844,0.517824,1500.79,273378,93.2582,23.1957,0.267264,69.7952,136.715,23.1887,0.106906,113.419,229.973,0,0,0
1200,2,0,1133,1,1,1,4317.58,18716.7,1591.55,46.3844,0.873619,1501.01,273368,116.242,23.1957,0.658138,92.3877,55.7523,23.1887,0.0718272,32.4918,171.994,0,0,0
1200,2,0,1134,1,1,1,4329.73,18668.8,1591.44,46.3844,0.821837,1500.94,273370,86.3102,23.1957,0.462701,62.6518,133.447,23.1887,0.0718272,110.187,219.757,0,0,0
1200,2,0,1135,1,1,1,4321.73,30761.9,1602.33,57.9922,1.08576,1500.31,273374,505.488,34.8035,0.870278,469.544,63.6032,23.1887,0.0718272,40.3427,569.091,0,0,0
1200,2,0,1136,1,1,1,4324.9,18675.4,1591.22,46.3844,0.517824,1501.02,273374,150.157,23.1957,0.302342,126.659,73.997,23.1887,0.0718272,50.7365,224.154,0,0,0
1200,2,0,1137,1,0,0,-1,-1,1568.79,23.1957,0.267264,1501.33,273375,-1,-1,-1,-1,-1,-1,-1,-1,-1,0,0,0
1200,2,0,1138,1,1,1,4409.36,18730.6,1591.28,46.3844,0.696557,1500.91,273373,143.215,23.1957,0.267264,119.752,154.132,23.1887,0.141984,130.801,297.347,0,0,0
1200,2,0,1139,1,1,1,4323.42,18647.3,1591.29,46.3844,0.6264,1500.99,273373,149.357,23.1957,0.267264,125.894,154.726,23.1887,0.0718272,131.465,304.083,0,0,0
1200,2,0,1140,1,0,0,-1,-1,1568.66,23.1957,0.302342,1501.16,273377,-1,-1,-1,-1,-1,-1,-1,-1,-1,0,0,0
1200,2,0,1141,1,1,1,4337.54,24696.3,1596.92,52.1883,0.536198,1501.08,273373,333.922,28.9996,0.320717,304.602,149.472,23.1887,0.0718272,126.211,483.394,0,0,0
1200,2,0,1142,1,1,1,4326.48,24651.6,1596.58,52.1991,0.659808,1500.6,273378,182.355,29.0104,0.339091,152.639,146.718,23.1887,0.177062,123.353,329.073,0,0,0
1200,2,0,1143,1,1,2,10370.4,24740.4,1613.72,69.5741,0.519494,1501.04,273374,160.675,23.1957,0.267264,137.212,312.861,46.3784,0.108576,266.374,473.536,1,0,0
1200,2,0,1144,1,0,0,-1,-1,1568.68,23.1957,0.337421,1501.16,273376,-1,-1,-1,-1,-1,-1,-1,-1,-1,0,0,0
1200,2,0,1145,1,1,1,4318.66,18653.5,1591.26,46.3844,0.482746,1501.1,273374,111.416,23.1957,0.267264,87.9533,153.47,23.1887,0.0718272,130.209,264.886,0,0,0
1200,2,0,1146,1,1,1,4329.13,24731,1596.85,52.1883,0.644774,1500.9,273374,341.122,28.9996,0.285638,311.837,149.154,23.1887,0.0718272,125.894,490.277,0,0,0
1200,2,0,1147,1,1,1,4318.4,24682,1597,52.1883,0.96215,1500.73,273370,339.504,28.9996,0.746669,309.758,82.0501,23.1887,0.0718272,58.7896,421.554,0,0,0
1200,2,0,1148,1,1,1,4319.21,18635.9,1591.14,46.3844,0.482746,1500.98,273376,79.1447,23.1957,0.267264,55.6817,143.173,23.1887,0.0718272,119.913,222.318,0,0,0
1200,2,0,1149,1,1,1,4342.22,18759.1,1591.18,46.3952,0.536198,1500.96,273375,158.108,23.2065,0.320717,134.58,113.219,23.1887,0.0718272,89.9585,271.327,0,0,0
1200,2,0,1150,1,1,1,4325.19,18762.8,1591.22,46.3844,0.908698,1500.63,273373,163.158,23.1957,0.693216,139.269,148.066,23.1887,0.0718272,124.806,311.224,0,0,0
1200,2,0,1151,1,1,1,4388.53,24716.5,1597.07,52.1883,0.891994,1500.87,273369,310.153,28.9996,0.676512,280.477,156.648,23.1887,0.0718272,133.387,466.801,0,0,0
1200,2,0,1152,1,1,1,4313.1,18641.5,1591.34,46.3844,0.482746,1501.18,273372,78.2386,23.1957,0.267264,54.7757,138.434,23.1887,0.0718272,115.173,216.672,0,0,0
1200,2,0,1153,1,1,1,4394.77,18728.6,1591.21,46.3844,0.891994,1500.64,273373,85.1892,23.1957,0.532858,61.4607,148.739,23.1887,0.0718272,125.479,233.928,0,0,0
1200,2,0,1154,1,1,1,4420.73,18760.8,1591.14,46.3844,0.482746,1500.98,273376,83.5267,23.1957,0.267264,60.0637,149.465,23.1887,0.0718272,126.204,232.991,0,0,0
1200,2,0,1155,1,0,0,-1,-1,1579.93,34.8035,0.765043,1500.71,273375,-1,-1,-1,-1,-1,-1,-1,-1,-1,0,0,0
1200,2,0,1156,1,1,1,4315.02,24649.7,1596.87,52.1883,0.731635,1500.83,273373,339.257,28.9996,0.516154,309.742,90.2763,23.1887,0.0718272,67.0158,429.534,0,0,0
1200,2,0,1157,1,1,1,4354.36,18718.8,1591.16,46.3844,0.696557,1500.79,273375,137.206,23.1957,0.462701,113.547,158.648,23.1887,0.0902016,135.369,295.853,0,0,0
1200,2,0,1158,1,1,1,4369.95,24918.8,1591.26,46.3844,0.517824,1501.06,273374,337.875,23.1957,0.302342,314.266,149.559,23.1887,0.0718272,126.298,487.433,0,0,0
1200,2,0,1159,1,1,1,4339.59,18721.2,1591.06,46.3844,0.908698,1500.48,273376,151.132,23.1957,0.658138,127.278,83.5813,23.1887,0.106906,60.2857,234.713,0,0,0
1200,2,0,1160,1,1,1,4349.51,18745.4,1591.25,46.3844,0.978854,1500.6,273372,136.558,23.1957,0.658138,112.704,157.834,23.1887,0.177062,134.468,294.392,0,0,0
1200,2,0,1161,1,1,1,4323.27,18638.3,1591.24,46.3844,0.482746,1501.08,273374,89.3905,23.1957,0.267264,65.9275,134.532,23.1887,0.0718272,111.271,223.922,0,0,0
1200,2,0,1162,1,1,1,4321.59,24663.7,1596.84,52.1883,0.96215,1500.58,273373,337.883,28.9996,0.746669,308.137,81.6801,23.1887,0.0718272,58.4196,419.563,0,0,0
1200,2,0,1163,1,0,0,-1,-1,1569.05,23.1957,0.853574,1501.01,273368,-1,-1,-1,-1,-1,-1,-1,-1,-1,0,0,0
1200,2,0,1164,1,0,0,-1,-1,1568.54,23.1957,0.337421,1501.01,273379,-1,-1,-1,-1,-1,-1,-1,-1,-1,0,0,0
1200,2,0,1165,1,1,1,4346.51,18732.9,1591.32,46.3844,0.623059,1501.02,273372,156.457,23.1957,0.337421,132.924,112.383,23.1887,0.141984,89.0524,268.84,0,0,0
1200,2,0,1166,1,1,1,4316.52,18635.2,1591.16,46.3844,0.482746,1501,273376,94.5955,23.1957,0.267264,71.1326,145.153,23.1887,0.0718272,121.893,239.749,0,0,0
1200,2,0,1167,1,1,1,4336.26,18663.9,1591.14,46.3844,0.517824,1500.94,273376,82.1577,23.1957,0.302342,58.6596,147.734,23.1887,0.0718272,124.473,229.892,0,0,0
1200,2,0,1168,0,0,0,-1,-1,1568.92,23.206,0.71159,1501.01,273371,-1,-1,-1,-1,-1,-1,-1,-1,-1,0,0,0
1200,2,0,1169,1,1,1,4328.71,18675.5,1591.26,46.3844,0.482746,1501.1,273374,151.615,23.1957,0.267264,128.152,79.8211,23.1887,0.0718272,56.5606,231.436,0,0,0
1200,2,0,1170,1,1,1,4328.71,18726.3,1591.32,46.3844,0.482746,1501.16,273373,152.79,23.1957,0.267264,129.327,77.2186,23.1887,0.0718272,53.9581,230.008,0,0,0
1200,2,0,1171,1,1,1,4418.47,18864.7,1591.22,46.3844,0.87529,1500.67,273373,138.265,23.1957,0.372499,114.697,161.274,23.1887,0.0718272,138.013,299.539,0,0,0
1200,2,0,1172,1,1,1,4368.1,18697.8,1591.26,46.3844,0.482746,1501.1,273374,144.083,23.1957,0.267264,120.62,156.933,23.1887,0.0718272,133.673,301.016,0,0,0
1200,2,0,1173,1,1,1,4315.02,24695.5,1597.4,52.1883,1.51338,1500.58,273362,319.616,28.9996,1.2979,289.318,66.7815,23.1887,0.0718272,43.5209,386.397,0,0,0
1200,2,0,1174,1,1,1,4385.36,18700.8,1591.25,46.3844,0.587981,1500.98,273373,90.8668,23.1957,0.267264,67.4039,147.386,23.1887,0.177062,124.02,238.253,0,0,0
1200,2,0,1175,1,1,1,4354.49,18668.8,1591.2,46.3844,0.770054,1500.75,273374,78.087,23.1957,0.267264,54.6241,144.117,23.1887,0.0718272,120.857,222.204,0,0,0
1200,2,0,1176,1,1,1,4333.26,18754.6,1591.1,46.3844,0.713261,1500.71,273376,147.394,23.1957,0.462701,123.735,151.294,23.1887,0.106906,127.998,298.687,0,0,0
1200,2,0,1177,1,1,1,4349.2,18666.3,1591.16,46.3844,0.517824,1500.96,273375,134.989,23.1957,0.267264,111.526,159.414,23.1887,0.106906,136.118,294.402,0,0,0
1200,2,0,1178,1,0,0,-1,-1,1574.22,28.9996,0.726624,1500.67,273376,-1,-1,-1,-1,-1,-1,-1,-1,-1,0,0,0
1200,2,0,1179,1,0,0,-1,-1,1568.77,23.1957,0.267264,1501.31,273375,-1,-1,-1,-1,-1,-1,-1,-1,-1,0,0,0
1200,2,0,1180,1,1,1,4363.47,18678.9,1591.29,46.3844,0.552902,1501.06,273373,77.6629,23.1957,0.267264,54.1999,143.693,23.1887,0.141984,120.362,221.356,0,0,0
1200,2,0,1181,1,1,1,4431.29,18759.4,1591.14,46.3844,0.482746,1500.98,273376,137.025,23.1957,0.267264,113.562,158.281,23.1887,0.0718272,135.021,295.306,0,0,0
1200,2,0,1182,1,1,1,4333.54,24705.6,1596.79,52.1883,0.714931,1500.77,273374,345.096,28.9996,0.355795,315.741,104.769,23.1887,0.0718272,81.5084,449.865,0,0,0
1200,2,0,1183,1,1,1,4318.22,18726.1,1591.24,46.3844,0.482746,1501.08,273374,152.427,23.1957,0.267264,128.964,86.9591,23.1887,0.0718272,63.6986,239.386,0,0,0
1200,2,0,1184,1,1,1,4321.99,18706.4,1591.22,46.3844,0.482746,1501.06,273374,146.529,23.1957,0.267264,123.066,150.378,23.1887,0.0718272,127.117,296.907,0,0,0
1200,2,0,1185,1,1,2,10353.7,24674.6,1613.73,69.5741,0.663149,1500.9,273373,84.6547,23.1957,0.267264,61.1917,352.093,46.3784,0.25223,305.462,436.748,1,0,0
1200,2,0,1186,1,1,1,4336.36,18807.7,1591.35,46.3844,0.6264,1501.05,273372,154.32,23.1957,0.267264,130.857,85.4178,23.1887,0.0718272,62.1573,239.738,0,0,0
1200,2,0,1187,1,1,1,4363.52,24731.9,1596.94,52.1883,0.820166,1500.81,273371,317.684,28.9996,0.46103,288.223,152.609,23.1887,0.0718272,129.348,470.292,0,0,0
1200,2,0,1188,1,1,1,4317.58,18734.5,1591.32,46.3844,0.482746,1501.16,273373,153.865,23.1957,0.267264,130.402,98.9863,23.1887,0.0718272,75.7258,252.851,0,0,0
1200,2,0,1189,1,1,1,4337.96,18652.4,1591.24,46.3844,0.6264,1500.94,273374,79.0111,23.1957,0.267264,55.5481,137.775,23.1887,0.0718272,114.515,216.786,0,0,0
1200,2,0,1190,0,0,0,-1,-1,1574.46,29.0099,0.569606,1501.06,273373,-1,-1,-1,-1,-1,-1,-1,-1,-1,0,0,0
1200,2,0,1191,1,1,1,4317.77,18647.2,1591.59,46.3844,0.713261,1501.2,273367,92.6928,23.1957,0.497779,68.9993,136.317,23.1887,0.0718272,113.056,229.01,0,0,0
1200,2,0,1192,1,1,1,4321.09,18688.4,1591.19,46.3844,0.517824,1501,273375,150.161,23.1957,0.302342,126.663,85.0821,23.1887,0.0718272,61.8216,235.243,0,0,0
1200,2,0,1193,1,1,1,4338.31,18800.5,1591.08,46.3844,0.517824,1500.89,273377,154.064,23.1957,0.267264,130.601,86.5087,23.1887,0.106906,63.2131,240.572,0,0,0
1200,2,0,1194,1,1,1,4330.7,18751,1591.26,46.3844,0.517824,1501.06,273374,158.475,23.1957,0.302342,134.977,150.163,23.1887,0.0718272,126.903,308.639,0,0,0
1200,2,0,1195,1,1,1,4321.99,18691.6,1591.44,46.3844,0.482746,1501.28,273371,150.781,23.1957,0.267264,127.318,79.5125,23.1887,0.0718272,56.252,230.293,0,0,0
1200,2,0,1196,1,1,1,4444.68,18823.3,1591.21,46.3844,0.571277,1500.96,273374,157.763,23.1957,0.337421,134.23,125.696,23.1887,0.0902016,102.417,283.459,0,0,0
1200,2,0,1197,1,1,1,4322.95,18772.2,1591.14,46.3844,0.482746,1500.98,273376,160.478,23.1957,0.267264,137.015,150.632,23.1887,0.0718272,127.372,311.11,0,0,0
1200,2,0,1198,1,0,0,-1,-1,1568.73,23.1957,0.302342,1501.23,273375,-1,-1,-1,-1,-1,-1,-1,-1,-1,0,0,0
1200,2,0,1199,1,1,1,4332.2,18681.1,1591.27,46.3844,0.661478,1500.93,273373,82.1631,23.1957,0.302342,58.665,143.217,23.1887,0.0718272,119.956,225.38,0,0,0
1200,2,0,1200,1,1,1,4321.03,18640.4,1591.23,46.3844,0.644774,1500.91,273374,108.962,23.1957,0.267264,85.4988,151.911,23.1887,0.0902016,128.632,260.872,0,0,0
