N,seed,dutyCycle,devId,registered,authSuccess,attempts,latencyMs,e2eMs,fullEnergyMJ,fullCpuEnergyMJ,fullTxEnergyMJ,fullRxEnergyMJ,idleListeningMs,regEnergyMJ,regCpuEnergyMJ,regTxEnergyMJ,regRxEnergyMJ,authEnergyMJ,authCpuEnergyMJ,authTxEnergyMJ,authRxEnergyMJ,sessionEnergyMJ,fallbackUsed,replayRejected,desync
1200,1,1,1,1,1,1,4317.26,36652.9,649.078,63.7961,0.998899,538.729,27076.3,532.399,40.6075,0.783418,490.009,25.5291,23.1887,0.0718272,2.26863,557.928,0,0,0
1200,1,1,2,1,1,1,4340.05,30685.1,930.33,57.9922,1.53176,825.911,16006.2,501.307,34.8035,1.31628,464.92,102.646,23.1887,0.0718272,79.3859,603.953,0,0,0
1200,1,1,3,1,1,1,4363.74,18715.9,624.89,46.3844,0.517824,531.885,9270.99,145.897,23.1957,0.267264,122.434,142.564,23.1887,0.106906,119.268,288.461,0,0,0
1200,1,1,4,1,1,1,4330.52,18668.6,416.251,46.3844,0.482746,322.675,12934,82.054,23.1957,0.267264,58.591,122.734,23.1887,0.0718272,99.4734,204.788,0,0,0
1200,1,1,5,1,1,1,4382.51,18776.9,624.695,46.3844,0.517824,531.69,9335.43,150.088,23.1957,0.267264,126.625,143.362,23.1887,0.106906,120.066,293.449,0,0,0
1200,1,1,6,1,1,1,4315.98,18699.2,461.211,46.3844,0.482746,367.766,12165.1,153.338,23.1957,0.267264,129.875,83.4001,23.1887,0.0718272,60.1395,236.738,0,0,0
1200,1,1,7,1,1,1,4409.25,18834.5,639.663,46.3844,0.713261,546.506,9126.45,146.127,23.1957,0.462701,122.468,152.718,23.1887,0.106906,129.422,298.845,0,0,0
1200,1,1,8,1,1,1,4372.99,18713.4,639.689,46.3844,0.482746,546.762,9005.57,148.005,23.1957,0.267264,124.542,155.475,23.1887,0.0718272,132.214,303.48,0,0,0
1200,1,1,9,1,1,1,4348.79,24726.1,761.796,52.1883,0.571277,663.491,12946.4,283.282,28.9996,0.355795,253.845,142.186,23.1887,0.0718272,118.925,425.468,0,0,0
1200,1,1,10,1,1,1,4327.59,18668.7,490.873,46.3844,0.482746,397.514,11607.1,100.097,23.1957,0.267264,76.6336,145.498,23.1887,0.0718272,122.237,245.594,0,0,0
1200,1,1,11,1,1,1,4340.56,18744.1,547.704,46.3844,0.661478,454.331,10671.3,159.517,23.1957,0.302342,136.019,93.6315,23.1887,0.0718272,70.371,253.148,0,0,0
1200,1,1,12,0,0,0,-1,-1,906.403,23.206,0.746669,836.53,253901,-1,-1,-1,-1,-1,-1,-1,-1,-1,0,0,0
1200,1,1,13,1,1,1,4319.94,18644,513.107,46.3844,0.482746,419.813,11187.1,158.688,23.1957,0.267264,135.225,83.4578,23.1887,0.0718272,60.1973,242.145,0,0,0
1200,1,1,14,1,1,1,4316.23,18669.2,623.065,46.3844,0.517824,530.055,9256.76,149.233,23.1957,0.302342,125.735,142.379,23.1887,0.0718272,119.119,291.612,0,0,0
1200,1,1,15,1,1,1,4332.3,18658.4,616.395,46.3844,0.482746,523.401,9364.84,141.105,23.1957,0.267264,117.642,131.736,23.1887,0.0718272,108.476,272.841,0,0,0
1200,1,1,16,1,1,1,4346.89,18674.5,637.027,46.3844,0.770054,543.806,9013.2,151.862,23.1957,0.267264,128.399,154.836,23.1887,0.0718272,131.575,306.698,0,0,0
1200,1,1,17,1,1,1,4471.57,18932.5,641.225,46.3844,0.482746,548.304,9197.34,146.983,23.1957,0.267264,123.521,154.329,23.1887,0.0718272,131.068,301.312,0,0,0
1200,1,1,18,1,1,1,4328.53,18661.8,386.631,46.3844,0.482746,292.97,13453.9,124.104,23.1957,0.267264,100.641,60.1001,23.1887,0.0718272,36.8396,184.204,0,0,0
1200,1,1,19,1,1,1,4320.04,24645.6,638.026,52.1883,0.731635,539.202,15066.5,337.24,28.9996,0.516154,307.724,79.4187,23.1887,0.0718272,56.1582,416.658,0,0,0
1200,1,1,20,1,1,1,4383.7,18716,633.474,46.3844,0.6264,540.386,9118.33,148.873,23.1957,0.267264,125.41,156.955,23.1887,0.0718272,133.694,305.828,0,0,0
1200,1,1,21,1,1,1,4319.82,18644.6,427.168,46.3844,0.517824,333.588,12715.6,143.755,23.1957,0.267264,120.292,74.9526,23.1887,0.106906,51.657,218.707,0,0,0
1200,1,1,22,1,1,1,4326.79,36715.3,934.343,63.7961,1.15926,824.664,22065.8,672.27,40.6075,0.943776,630.117,62.8416,23.1887,0.0718272,39.5811,735.111,0,0,0
1200,1,1,23,1,1,1,4332.98,18659.3,526.134,46.3844,0.482746,432.878,10970.7,86.871,23.1957,0.267264,63.408,149.376,23.1887,0.0718272,126.116,236.247,0,0,0
1200,1,1,24,1,1,1,4325.64,24654.9,521.272,52.1883,0.536198,422.303,17152.4,286.655,28.9996,0.320717,257.271,51.3504,23.1887,0.0718272,28.0899,338.005,0,0,0
1200,1,1,25,1,1,1,4327.21,18642.3,422.787,46.3844,0.50112,329.212,12791.3,83.9887,23.1957,0.267264,60.5258,124.201,23.1887,0.0902016,100.923,208.19,0,0,0
1200,1,1,26,1,1,1,4324.84,24681.5,774.942,52.1883,0.679853,676.567,12667.8,321.748,28.9996,0.320717,292.428,107.691,23.1887,0.0718272,84.4303,429.439,0,0,0
1200,1,1,27,1,1,1,4353.4,18677.7,445.823,46.3844,0.482746,352.333,12417.2,90.2189,23.1957,0.267264,66.7559,136.736,23.1887,0.0718272,113.475,226.954,0,0,0
1200,1,1,28,1,1,1,4336.55,24701.5,813.909,52.1883,0.536198,715.791,11995.4,329.874,28.9996,0.320717,300.553,155.016,23.1887,0.0718272,131.756,484.89,0,0,0
1200,1,1,29,1,0,0,-1,-1,1504.66,23.1957,0.372499,1436.91,269403,-1,-1,-1,-1,-1,-1,-1,-1,-1,0,0,0
1200,1,1,30,1,1,1,4316.3,18740.2,499.134,46.3844,0.517824,405.764,11531.5,156.51,23.1957,0.302342,133.012,85.5117,23.1887,0.0718272,62.2512,242.022,0,0,0
1200,1,1,31,1,1,1,4348.29,18702.8,610.708,46.3844,0.552902,517.627,9509.86,127.675,23.1957,0.337421,104.142,149.981,23.1887,0.0718272,126.72,277.656,0,0,0
1200,1,1,32,1,1,1,4317.26,18678.5,531.051,46.3844,0.678182,437.613,10902,158.343,23.1957,0.462701,134.685,88.1431,23.1887,0.0718272,64.8826,246.486,0,0,0
1200,1,1,33,1,1,1,4335.69,18677.2,633.007,46.3844,0.678182,539.866,9087.78,147.872,23.1957,0.462701,124.214,157.783,23.1887,0.0718272,134.523,305.655,0,0,0
1200,1,1,34,1,1,1,4315.02,18641,529.701,46.3844,0.50112,436.437,10888.7,155.47,23.1957,0.267264,132.007,87.3078,23.1887,0.0902016,64.0289,242.777,0,0,0
1200,1,1,35,1,1,1,4339.58,18686.9,601.473,46.3844,0.552902,508.365,9658.21,143.025,23.1957,0.337421,119.492,110.573,23.1887,0.0718272,87.3126,253.598,0,0,0
1200,1,1,36,1,1,1,4330.08,18696,569.853,46.3844,0.482746,476.723,10230,148.897,23.1957,0.267264,125.434,97.5966,23.1887,0.0718272,74.3361,246.493,0,0,0
1200,1,1,37,1,1,1,4315.02,18662.9,369.081,46.3844,0.678182,275.172,13766.6,109.065,23.1957,0.462701,85.4067,54.6803,23.1887,0.0718272,31.4198,163.745,0,0,0
1200,1,1,38,1,0,0,-1,-1,829.554,23.1957,0.267264,759.947,252743,-1,-1,-1,-1,-1,-1,-1,-1,-1,0,0,0
1200,1,1,39,1,1,1,4318.66,18718.4,623.578,46.3844,0.873619,530.214,9296.13,150.199,23.1957,0.658138,126.345,142.11,23.1887,0.0718272,118.85,292.309,0,0,0
1200,1,1,40,1,1,1,4318.02,18632.5,453.347,46.3844,0.482746,359.879,12238.2,93.1192,23.1957,0.267264,69.6563,139.515,23.1887,0.0718272,116.254,232.634,0,0,0
1200,1,1,41,1,1,2,10399.2,24724.8,764.174,69.5741,0.860256,648.679,13201.5,103.273,23.1957,0.267264,79.8101,340.216,46.3784,0.162029,293.675,443.489,1,0,0
1200,1,1,42,1,1,1,4319.18,24640.4,517.865,52.1883,0.766714,418.656,17197.8,284.861,28.9996,0.551232,255.242,51.7655,23.1887,0.0718272,28.505,336.626,0,0,0
1200,1,1,43,1,1,1,4333.9,18785.7,633.548,46.3844,0.482746,540.604,9187.04,150.214,23.1957,0.267264,126.751,154.784,23.1887,0.0718272,131.523,304.998,0,0,0
1200,1,1,44,1,1,1,4334.98,18682.6,416.078,46.3844,0.482746,322.502,12951.1,138.118,23.1957,0.267264,114.655,71.2664,23.1887,0.0718272,48.0059,209.385,0,0,0
1200,1,1,45,1,1,1,4326.31,18647.7,598.309,46.3844,0.482746,505.263,9675.69,143.583,23.1957,0.267264,120.12,108.263,23.1887,0.0718272,85.0025,251.846,0,0,0
1200,1,1,46,1,1,1,4326.81,18817.7,635.116,46.3844,0.482746,542.176,9191.26,151.726,23.1957,0.267264,128.264,156.673,23.1887,0.0718272,133.413,308.4,0,0,0
1200,1,1,47,1,1,1,4411.3,18814.3,614.484,46.3844,0.552902,521.414,9554.16,129.117,23.1957,0.302342,105.619,154.23,23.1887,0.106906,130.935,283.347,0,0,0
1200,1,1,48,1,1,1,4328.64,18710.1,371.467,46.3844,0.678182,277.566,13771.4,111.895,23.1957,0.462701,88.2367,55.2668,23.1887,0.0718272,32.0063,167.162,0,0,0
1200,1,1,49,1,1,1,4319.28,18659.4,603.869,46.3844,0.517824,510.804,9588.31,120.761,23.1957,0.302342,97.2625,149.802,23.1887,0.0718272,126.542,270.563,0,0,0
1200,1,1,50,1,1,1,4319.82,18648.7,512,46.3844,0.482746,418.703,11211.4,157.827,23.1957,0.267264,134.364,83.7285,23.1887,0.0718272,60.468,241.555,0,0,0
1200,1,1,51,1,1,1,4386.15,18759.7,634.672,46.3844,0.678182,541.536,9140.65,152.018,23.1957,0.462701,128.359,154.935,23.1887,0.0718272,131.675,306.953,0,0,0
1200,1,1,52,1,1,1,4422.48,30767.6,835.698,57.9922,1.05402,731.482,17772.7,357.515,34.8035,0.694886,321.332,149.625,23.1887,0.0718272,126.365,507.141,0,0,0
1200,1,1,53,1,1,1,4400.48,18731.5,616.159,46.3844,0.482746,523.165,9442.12,136.754,23.1957,0.267264,113.291,145.016,23.1887,0.0718272,121.755,281.77,0,0,0
1200,1,1,54,1,1,1,4323.08,24758,592.127,52.1883,0.641434,493.259,15994.8,322.826,28.9996,0.425952,293.401,66.175,23.1887,0.0718272,42.9145,389.002,0,0,0
1200,1,1,55,1,1,1,4373.08,18697.8,613.395,46.3844,0.482746,520.392,9457.54,133.088,23.1957,0.267264,109.625,147.97,23.1887,0.0718272,124.71,281.059,0,0,0
1200,1,1,56,1,1,1,4317.9,30662.5,616.367,57.9922,0.589651,511.977,21568.7,423.198,34.8035,0.37417,387.527,33.2501,23.1887,0.0718272,9.98957,456.448,0,0,0
1200,1,1,57,1,1,1,4363.76,18713.1,638.171,46.3844,0.536198,545.187,9031.85,152.564,23.1957,0.267264,129.101,156.207,23.1887,0.12528,132.893,308.771,0,0,0
1200,1,1,58,1,0,0,-1,-1,1563.87,23.1957,0.267264,1496.4,272933,-1,-1,-1,-1,-1,-1,-1,-1,-1,0,0,0
1200,1,1,59,1,1,1,4316.94,24749.7,658.197,52.1883,0.766714,559.396,14811.7,342.999,28.9996,0.551232,313.449,84.7627,23.1887,0.0718272,61.5022,427.762,0,0,0
1200,1,1,60,1,1,1,4386.61,18757,609.565,46.3844,0.554573,516.48,9584.2,143.717,23.1957,0.267264,120.254,120.723,23.1887,0.143654,97.3906,264.44,0,0,0
1200,1,1,61,1,1,1,4317.58,18721.5,423.632,46.3844,0.482746,330.078,12855.6,142.684,23.1957,0.267264,119.221,73.7353,23.1887,0.0718272,50.4748,216.42,0,0,0
1200,1,1,62,1,1,2,10356.1,24728.4,788.302,69.5741,0.554573,673.183,12777.1,148.345,23.1957,0.302342,124.847,305.232,46.3784,0.108576,258.745,453.577,1,0,0
1200,1,1,63,1,1,1,4326.28,18716.1,623.982,46.3844,0.678182,530.815,9287.12,151.323,23.1957,0.462701,127.664,144.155,23.1887,0.0718272,120.895,295.478,0,0,0
1200,1,1,64,1,1,1,4316.68,18710.3,370.766,46.3844,0.908698,276.633,13783.3,110.916,23.1957,0.693216,87.0275,54.8228,23.1887,0.0718272,31.5623,165.739,0,0,0
1200,1,1,65,1,1,1,4397.9,18754.6,634.176,46.3844,0.482746,541.234,9144.78,151.171,23.1957,0.267264,127.708,155.19,23.1887,0.0718272,131.929,306.36,0,0,0
1200,1,1,66,1,1,1,4326.79,18674.4,476.857,46.3844,0.517824,383.423,11861.8,155.56,23.1957,0.267264,132.097,84.906,23.1887,0.106906,61.6105,240.466,0,0,0
1200,1,1,67,1,1,1,4318.33,24831.8,629.024,52.1883,0.927072,529.978,15412.3,345.021,28.9996,0.71159,315.309,76.1448,23.1887,0.0718272,52.8842,421.165,0,0,0
1200,1,1,68,1,1,1,4451.67,18779.8,635.47,46.3844,0.6264,542.388,9146.62,150.626,23.1957,0.267264,127.163,157.058,23.1887,0.0718272,133.797,307.683,0,0,0
1200,1,1,69,1,1,1,4329.47,18665.4,391.424,46.3844,0.482746,297.776,13372.3,127.089,23.1957,0.267264,103.626,62.0384,23.1887,0.0718272,38.7779,189.128,0,0,0
1200,1,1,70,1,1,1,4326.15,18694.6,491.157,46.3844,0.517824,397.763,11627.8,98.5535,23.1957,0.267264,75.0905,146.672,23.1887,0.106906,123.376,245.225,0,0,0
1200,1,1,71,1,1,1,4316.94,24694.3,720.421,52.1991,0.714931,621.842,13650.3,323.31,29.0104,0.49945,293.8,92.572,23.1887,0.0718272,69.3115,415.882,0,0,0
1200,1,1,72,1,0,0,-1,-1,1559.35,23.1957,0.302342,1491.83,272358,-1,-1,-1,-1,-1,-1,-1,-1,-1,0,0,0
1200,1,1,73,1,1,1,4319.75,18643,442.58,46.3844,0.482746,349.081,12440.2,88.6271,23.1957,0.267264,65.1641,137.533,23.1887,0.0718272,114.273,226.16,0,0,0
1200,1,1,74,1,1,1,4347.46,18663.1,527.3,46.3844,0.482746,434.047,10953.8,86.4866,23.1957,0.267264,63.0236,149.167,23.1887,0.0718272,125.906,235.654,0,0,0
1200,1,1,75,1,1,1,4364.66,18742.8,611.933,46.3844,0.6264,518.783,9528.17,128.477,23.1957,0.267264,105.014,152.509,23.1887,0.0718272,129.249,280.987,0,0,0
1200,1,1,76,1,1,1,4344.58,18669.7,511.008,46.3844,0.713261,417.477,11249.3,88.1656,23.1957,0.462701,64.5072,148.199,23.1887,0.106906,124.903,236.364,0,0,0
1200,1,1,77,1,1,1,4315.66,18640.1,598.437,46.3844,0.482746,505.391,9665.86,144.24,23.1957,0.267264,120.777,107.85,23.1887,0.0718272,84.5892,252.09,0,0,0
1200,1,1,78,1,1,1,4327.56,18655.9,623.213,46.3844,0.482746,530.239,9241.03,150.14,23.1957,0.267264,126.677,145.371,23.1887,0.0718272,122.111,295.512,0,0,0
1200,1,1,79,1,1,1,4361.35,18682.7,590.425,46.3844,0.482746,497.356,9850.86,111.35,23.1957,0.267264,87.8865,148.469,23.1887,0.0718272,125.208,259.818,0,0,0
1200,1,1,80,1,1,1,4343.54,18736.2,624.713,46.3844,0.482746,531.743,9294.7,144.146,23.1957,0.267264,120.683,144.366,23.1887,0.0718272,121.106,288.513,0,0,0
1200,1,1,81,1,0,0,-1,-1,1460.65,23.1957,0.302342,1392.84,267724,-1,-1,-1,-1,-1,-1,-1,-1,-1,0,0,0
1200,1,1,82,1,1,1,4320.33,18640.6,488.188,46.3844,0.482746,394.822,11626.8,154.86,23.1957,0.267264,131.397,87.4392,23.1887,0.0718272,64.1787,242.299,0,0,0
1200,1,1,83,1,1,1,4321.99,18662.2,489.227,46.3844,0.482746,395.863,11630,94.6334,23.1957,0.267264,71.1705,144.31,23.1887,0.0718272,121.05,238.944,0,0,0
1200,1,1,84,1,1,1,4322.98,18659.3,502.359,46.3844,0.517824,408.998,11393.2,89.0231,23.1957,0.302342,65.5251,147.664,23.1887,0.0718272,124.403,236.687,0,0,0
1200,1,1,85,1,1,1,4318.22,18635.6,427.779,46.3844,0.482746,334.236,12696,84.7233,23.1957,0.267264,61.2603,126.686,23.1887,0.0718272,103.426,211.41,0,0,0
1200,1,1,86,1,1,1,4360,18679.1,612.773,46.3844,0.517824,519.734,9449.68,133.074,23.1957,0.267264,109.611,148.081,23.1887,0.106906,124.786,281.155,0,0,0
1200,1,1,87,1,0,0,-1,-1,1009.85,23.1957,0.337421,940.7,255777,-1,-1,-1,-1,-1,-1,-1,-1,-1,0,0,0
1200,1,1,88,1,1,2,10389.5,24716.6,705.761,69.5741,0.554573,590.402,14233.1,90.4886,23.1957,0.302342,66.9906,345.389,46.3784,0.108576,298.902,435.878,1,0,0
1200,1,1,89,1,1,1,4329.9,24809.3,808.538,52.1883,0.75001,710.191,12197.7,328.148,28.9996,0.390874,298.758,153.036,23.1887,0.0718272,129.776,481.185,0,0,0
1200,1,1,90,1,1,1,4369.26,18811,625.93,46.3844,0.517824,532.929,9347.57,145.12,23.1957,0.302342,121.622,139.511,23.1887,0.0718272,116.251,284.631,0,0,0
1200,1,1,91,1,1,1,4320.49,18660.1,604.982,46.3844,0.482746,511.955,9569.44,122.92,23.1957,0.267264,99.4571,152.511,23.1887,0.0718272,129.251,275.431,0,0,0
1200,1,1,92,1,1,1,4337.69,18651.9,469.458,46.3844,0.482746,376.037,11971.1,98.1582,23.1957,0.267264,74.6953,145.709,23.1887,0.0718272,122.448,243.867,0,0,0
1200,1,1,93,1,1,1,4314.06,24635.2,439.018,52.1883,0.927072,339.42,18594.4,240.865,28.9996,0.71159,210.958,35.3075,23.1887,0.0718272,12.047,276.172,0,0,0
1200,1,1,94,1,1,1,4330.89,18748.1,478.921,46.3844,0.517824,385.493,11898.9,157.412,23.1957,0.302342,133.914,85.3005,23.1887,0.0718272,62.04,242.713,0,0,0
1200,1,1,95,1,1,1,4316.94,24631.8,443.619,52.1883,0.571277,344.39,18509.9,244.858,28.9996,0.355795,215.32,36.7171,23.1887,0.0718272,13.4566,281.575,0,0,0
1200,1,1,96,1,1,1,4322.51,18666.9,549.352,46.3844,0.482746,456.163,10565.5,153.558,23.1957,0.267264,130.095,94.1567,23.1887,0.0718272,70.8962,247.715,0,0,0
1200,1,1,97,1,1,1,4351.17,18664.1,472.001,46.3844,0.482746,378.587,11938.1,98.0608,23.1957,0.267264,74.5978,146.496,23.1887,0.0718272,123.235,244.557,0,0,0
1200,1,1,98,1,1,2,10335,30829.5,951.97,75.3781,0.873619,831.363,16066.5,328.478,28.9996,0.551232,298.927,285.574,46.3784,0.178733,239.017,614.052,1,0,0
1200,1,1,99,1,1,1,4346.72,18667.9,509.855,46.3844,0.770054,416.264,11268,88.7787,23.1957,0.267264,65.3157,146.929,23.1887,0.0718272,123.669,235.708,0,0,0
1200,1,1,100,1,1,1,4318.11,18743.9,630.538,46.3844,0.482746,537.585,9198.79,146.5,23.1957,0.267264,123.037,141.858,23.1887,0.0718272,118.597,288.357,0,0,0
1200,1,1,101,1,1,1,4316.94,24632.6,509.571,52.1883,0.696557,410.408,17338,279.555,28.9996,0.481075,249.992,49.533,23.1887,0.0718272,26.2725,329.088,0,0,0
1200,1,1,102,1,1,1,4339.75,18783.9,625.348,46.3844,0.552902,532.31,9330.61,145.632,23.1957,0.302342,122.134,139.525,23.1887,0.106906,116.229,285.157,0,0,0
1200,1,1,103,1,0,0,-1,-1,1140.41,23.1957,0.462701,1071.51,257944,-1,-1,-1,-1,-1,-1,-1,-1,-1,0,0,0
1200,1,1,104,1,1,1,4368.07,18878.4,525.22,46.3844,0.552902,431.89,11205.6,161.584,23.1957,0.267264,138.121,87.522,23.1887,0.141984,64.1913,249.106,0,0,0
1200,1,1,105,1,0,0,-1,-1,948.657,23.1957,0.302342,879.362,254561,-1,-1,-1,-1,-1,-1,-1,-1,-1,0,0,0
1200,1,1,106,1,1,1,4339.43,18672.8,611.638,46.3844,0.821837,518.292,9462.94,130.342,23.1957,0.462701,106.684,148.044,23.1887,0.0718272,124.784,278.386,0,0,0
1200,1,1,107,1,1,1,4381.61,18702.1,615.542,46.3844,0.482746,522.546,9423.7,136.261,23.1957,0.267264,112.798,145.628,23.1887,0.0718272,122.367,281.889,0,0,0
1200,1,1,108,1,1,1,4342.78,24671.9,778.159,52.1883,0.910368,679.563,12600.3,323.221,28.9996,0.551232,293.67,107.584,23.1887,0.0718272,84.3239,430.805,0,0,0
1200,1,1,109,1,1,1,4317.58,24648.9,421.111,52.1883,0.766714,321.621,18926.8,232.792,28.9996,0.551232,203.02,32.4271,23.1887,0.0718272,9.16658,265.219,0,0,0
1200,1,1,110,1,1,1,4353.86,18684.7,406.862,46.3844,0.482746,313.259,13117.1,76.9572,23.1957,0.267264,53.4943,122.082,23.1887,0.0718272,98.8218,199.04,0,0,0
1200,1,1,111,1,1,1,4377.1,24730.1,813.28,52.1883,0.606355,715.091,12034.7,328.396,28.9996,0.355795,299.041,158.244,23.1887,0.106906,134.949,486.64,0,0,0
1200,1,1,112,1,1,1,4324.68,18640.2,503.77,46.3844,0.517824,410.413,11349.1,88.1019,23.1957,0.267264,64.6389,147.836,23.1887,0.106906,124.54,235.938,0,0,0
1200,1,1,113,1,1,1,4418.7,18763.2,522.933,46.3844,0.856915,429.293,11130.5,88.8125,23.1957,0.497779,65.119,151.347,23.1887,0.0718272,128.087,240.16,0,0,0
1200,1,1,114,1,1,1,4389.01,18868.9,636.807,46.3844,0.6264,543.728,9211.97,151.192,23.1957,0.267264,127.729,156.803,23.1887,0.0718272,133.543,307.995,0,0,0
1200,1,1,115,0,0,0,-1,-1,1501.24,23.206,0.907027,1432.94,269229,-1,-1,-1,-1,-1,-1,-1,-1,-1,0,0,0
1200,1,1,116,1,1,1,4334.83,18714.2,572.426,46.3844,0.482746,479.304,10202.5,148.848,23.1957,0.267264,125.385,97.981,23.1887,0.0718272,74.7205,246.829,0,0,0
1200,1,1,117,1,1,1,4321.35,18669,393.405,46.3844,0.482746,299.763,13340.6,128.584,23.1957,0.267264,105.121,62.847,23.1887,0.0718272,39.5865,191.431,0,0,0
1200,1,1,118,1,1,1,4367.84,18681.4,410.667,46.3844,0.517824,317.04,13045.8,77.5095,23.1957,0.267264,54.0465,121.094,23.1887,0.106906,97.7985,198.604,0,0,0
1200,1,1,119,1,1,1,4354.1,18688,564.408,46.3844,0.50112,471.244,10318.6,100.828,23.1957,0.267264,77.3646,148.406,23.1887,0.0902016,125.127,249.233,0,0,0
1200,1,1,120,1,1,1,4454.9,18888.5,638.266,46.3844,0.517824,545.3,9205.71,153.563,23.1957,0.302342,130.065,157.112,23.1887,0.0718272,133.851,310.674,0,0,0
1200,1,1,121,1,1,1,4341.26,18673.1,442.199,46.3844,0.482746,348.698,12477.1,88.2047,23.1957,0.267264,64.7418,136.925,23.1887,0.0718272,113.664,225.13,0,0,0
1200,1,1,122,1,1,1,4337.38,18695.9,610.414,46.3844,0.517824,517.368,9508.41,127.972,23.1957,0.267264,104.509,151.924,23.1887,0.106906,128.628,279.895,0,0,0
1200,1,1,123,1,1,3,10416.1,24744.9,851.99,92.7639,1.2528,713.806,12058.7,147.933,23.1957,0.462701,124.275,375.923,69.5682,0.50279,305.852,523.857,2,0,0
1200,1,1,124,1,1,1,4335.21,18650.5,481.623,46.3844,0.482746,388.238,11753.4,101.533,23.1957,0.267264,78.0702,144.397,23.1887,0.0718272,121.136,245.93,0,0,0
1200,1,1,125,1,0,0,-1,-1,1100,23.1957,0.302342,1031.14,257256,-1,-1,-1,-1,-1,-1,-1,-1,-1,0,0,0
1200,1,1,126,1,1,1,4343.02,18655.6,610.302,46.3844,0.482746,517.29,9470.35,127.217,23.1957,0.267264,103.754,150.188,23.1887,0.0718272,126.928,277.406,0,0,0
1200,1,1,127,1,1,1,4365.52,18791.6,555.232,46.3844,0.517824,462.025,10585.4,153.791,23.1957,0.267264,130.328,96.6769,23.1887,0.106906,73.3814,250.468,0,0,0
1200,1,1,128,1,1,1,4330.73,18670.7,622.796,46.3844,0.821837,529.481,9262.47,145.937,23.1957,0.462701,122.279,140.127,23.1887,0.0718272,116.866,286.064,0,0,0
1200,1,1,129,1,1,1,4318.38,18656.8,566.867,46.3844,0.482746,473.729,10243.9,148.888,23.1957,0.267264,125.425,96.4,23.1887,0.0718272,73.1395,245.288,0,0,0
1200,1,1,130,1,1,1,4317.26,24681.8,798.329,52.1883,0.696557,700.006,12252.4,323.916,28.9996,0.481075,294.435,147.481,23.1887,0.0718272,124.221,471.397,0,0,0
1200,1,1,131,1,1,2,4362.62,18742,663.572,69.5741,0.820166,547.825,9007.71,149.338,23.1957,0.497779,125.645,178.142,46.3784,0.178733,131.584,327.48,1,0,0
1200,1,1,132,1,1,1,4317.19,18680.1,571.926,46.3844,0.678182,478.608,10176.8,148.946,23.1957,0.462701,125.287,97.7338,23.1887,0.0718272,74.4733,246.68,0,0,0
1200,1,1,133,1,1,1,4317.19,18648.3,498.151,46.3844,0.678182,404.618,11456.9,91.8943,23.1957,0.462701,68.2359,144.787,23.1887,0.0718272,121.526,236.681,0,0,0
1200,1,1,134,1,1,1,4315.98,24676.5,564.657,52.1883,1.3881,464.963,16400.1,303.63,28.9996,1.17262,273.438,55.9761,23.1887,0.0718272,32.7156,359.606,0,0,0
1200,1,1,135,1,1,1,4315.76,18664.9,572.527,46.3844,0.678182,479.21,10150.9,148.819,23.1957,0.462701,125.161,98.0641,23.1887,0.0718272,74.8035,246.884,0,0,0
1200,1,1,136,1,1,1,4361.97,18677.1,564.479,46.3844,0.482746,471.334,10306.7,99.1238,23.1957,0.267264,75.6608,148.016,23.1887,0.0718272,124.755,247.139,0,0,0
1200,1,1,137,1,1,1,4329.68,24686.2,645.535,52.1883,0.766714,546.697,14973.3,338.666,28.9996,0.551232,309.115,83.4145,23.1887,0.0718272,60.154,422.081,0,0,0
1200,1,1,138,1,1,1,4341.46,18676.8,544.522,46.3844,0.552902,451.249,10660.7,92.0371,23.1957,0.302342,68.5391,148.132,23.1887,0.106906,124.836,240.169,0,0,0
1200,1,1,139,1,1,1,4318.54,24639.8,513.935,52.1883,0.891994,414.59,17267,281.824,28.9996,0.676512,252.071,50.5924,23.1887,0.0718272,27.3319,332.416,0,0,0
1200,1,1,140,1,1,1,4318.47,30688.1,811.205,57.9922,1.47663,706.494,18127,509.195,34.8035,1.22607,472.917,80.5547,23.1887,0.106906,57.2591,589.749,0,0,0
1200,1,1,141,1,0,0,-1,-1,1474.17,23.1957,0.267264,1406.44,268266,-1,-1,-1,-1,-1,-1,-1,-1,-1,0,0,0
1200,1,1,142,1,1,1,4329.76,24674.9,668.804,52.1883,0.536198,570.264,14549,335.472,28.9996,0.320717,306.152,87.5782,23.1887,0.0718272,64.3177,423.05,0,0,0
1200,1,1,143,1,1,1,4339.34,18663.9,627.281,46.3844,0.482746,534.318,9176.73,149.938,23.1957,0.267264,126.475,146.675,23.1887,0.0718272,123.414,296.612,0,0,0
1200,1,1,144,1,1,3,4380.19,18722.5,669.444,92.7639,1.05736,530.923,9253.77,149.723,23.1957,0.267264,126.26,192.974,69.5682,0.50279,122.903,342.697,2,0,0
1200,1,1,145,1,0,0,-1,-1,869.308,23.1957,0.267264,799.817,253395,-1,-1,-1,-1,-1,-1,-1,-1,-1,0,0,0
1200,1,1,146,1,1,1,4327.69,18662,548.647,46.3844,0.482746,455.456,10573.2,150.994,23.1957,0.267264,127.531,93.1983,23.1887,0.0718272,69.9378,244.192,0,0,0
1200,1,1,147,1,1,2,10322.6,24644.8,682.102,69.5741,0.554573,566.675,14581.9,147.876,23.1957,0.302342,124.378,207.338,46.3784,0.108576,160.851,355.214,1,0,0
1200,1,1,148,1,1,1,4320.07,18760.7,438.072,46.3844,0.482746,344.56,12638,152.78,23.1957,0.267264,129.318,76.7927,23.1887,0.0718272,53.5322,229.573,0,0,0
1200,1,1,149,1,1,1,4337.51,18658.2,460.768,46.3844,0.482746,367.322,12131.9,94.4476,23.1957,0.267264,70.9846,142.551,23.1887,0.0718272,119.29,236.998,0,0,0
1200,1,1,150,1,1,2,10334.5,24658.2,714.585,69.5741,0.733306,599.073,14017.2,88.3545,23.1957,0.267264,64.8916,345.351,46.3784,0.178733,298.794,433.705,1,0,0
1200,1,1,151,1,1,1,4401.29,18748.9,625.936,46.3844,0.552902,532.9,9285.2,146.452,23.1957,0.302342,122.954,144.349,23.1887,0.106906,121.053,290.801,0,0,0
1200,1,1,152,1,1,1,4346.3,18858.3,636.066,46.3844,0.552902,543.059,9214.45,152.488,23.1957,0.267264,129.025,155.864,23.1887,0.141984,132.534,308.352,0,0,0
1200,1,1,153,1,1,1,4320.56,42781.3,1224.42,69.6001,1.70882,1109.39,23071.6,866.858,46.4114,1.49334,818.082,85.4467,23.1887,0.0718272,62.1862,952.305,0,0,0
1200,1,1,154,1,1,1,4316.62,24653.2,468.135,52.1883,0.766714,368.782,18094.9,257.65,28.9996,0.551232,227.95,42.5737,23.1887,0.0718272,19.3132,300.224,0,0,0
1200,1,1,155,1,1,1,4346.89,18670.7,625.333,46.3844,0.552902,532.295,9217.7,149.215,23.1957,0.302342,125.717,146.989,23.1887,0.106906,123.694,296.204,0,0,0
1200,1,1,156,1,1,1,4384.07,18703.6,628.043,46.3844,0.805133,534.76,9201.87,148.507,23.1957,0.267264,125.044,150.532,23.1887,0.106906,127.237,299.039,0,0,0
1200,1,1,157,1,1,1,4519.19,18836.8,578.366,46.3844,0.482746,485.262,10219.4,102.73,23.1957,0.267264,79.2668,152.093,23.1887,0.0718272,128.832,254.822,0,0,0
1200,1,1,158,1,1,1,4324.14,24780.8,808.138,52.1883,1.26616,709.274,12175.4,326.834,28.9996,0.907027,296.928,155.892,23.1887,0.0718272,132.631,482.726,0,0,0
1200,1,1,159,1,1,1,4338.5,18672.8,551.927,46.3844,0.748339,458.481,10524.6,95.8035,23.1957,0.462701,72.1451,145.274,23.1887,0.141984,121.943,241.077,0,0,0
1200,1,1,160,1,1,1,4318.22,18698.8,532.909,46.3844,0.482746,439.673,10889.8,157.289,23.1957,0.267264,133.826,87.5096,23.1887,0.0718272,64.2491,244.798,0,0,0
1200,1,1,161,1,0,0,-1,-1,850.164,23.1957,0.267264,780.618,253007,-1,-1,-1,-1,-1,-1,-1,-1,-1,0,0,0
1200,1,1,162,1,0,0,-1,-1,1318.78,23.1957,0.603014,1250.26,261725,-1,-1,-1,-1,-1,-1,-1,-1,-1,0,0,0
1200,1,1,163,1,1,1,4317.26,18667.2,384.836,46.3844,0.482746,291.168,13491.2,122.714,23.1957,0.267264,99.2514,59.1634,23.1887,0.0718272,35.9029,181.878,0,0,0
1200,1,1,164,1,1,1,4332.2,18711.5,600.421,46.3844,0.6264,507.237,9701.56,146.743,23.1957,0.267264,123.28,107.418,23.1887,0.0718272,84.1578,254.162,0,0,0
1200,1,1,165,1,1,2,10333,24743.2,832.366,69.5741,1.22941,716.701,12006.1,150.634,23.1957,0.763373,126.675,350.521,46.3784,0.322387,303.82,501.155,1,0,0
1200,1,1,166,1,1,1,4346.55,18663.7,526.147,46.3844,0.517824,432.856,10974.7,86.5461,23.1957,0.267264,63.0832,149.814,23.1887,0.106906,126.518,236.36,0,0,0
1200,1,1,167,1,1,1,4326.41,18655.7,608.731,46.3844,0.482746,515.714,9498.44,142.289,23.1957,0.267264,118.826,120.938,23.1887,0.0718272,97.6776,263.227,0,0,0
1200,1,1,168,1,1,1,4317.61,18635.2,436.343,46.3844,0.482746,342.825,12543.3,87.4521,23.1957,0.267264,63.9892,133.929,23.1887,0.0718272,110.669,221.381,0,0,0
1200,1,1,169,1,1,1,4335.88,18660.5,592.567,46.3844,0.552902,499.433,9790.09,141.432,23.1957,0.267264,117.969,102.146,23.1887,0.141984,78.8156,243.578,0,0,0
1200,1,1,170,1,1,1,4321.77,18700,482.095,46.3844,0.482746,388.711,11794.5,156.226,23.1957,0.267264,132.763,85.5424,23.1887,0.0718272,62.2818,241.768,0,0,0
1200,1,1,171,1,0,0,-1,-1,1371.43,23.1957,0.267264,1303.39,263649,-1,-1,-1,-1,-1,-1,-1,-1,-1,0,0,0
1200,1,1,172,1,1,1,4335.92,18648.5,444.84,46.3844,0.482746,351.348,12405.5,90.3543,23.1957,0.267264,66.8913,136.82,23.1887,0.0718272,113.56,227.175,0,0,0
1200,1,1,173,1,1,1,4337.57,18663.9,429.649,46.3844,0.517824,336.077,12690.8,84.301,23.1957,0.267264,60.838,127.974,23.1887,0.106906,104.678,212.275,0,0,0
1200,1,1,174,1,1,1,4331.05,18649.6,564.309,46.3844,0.517824,471.129,10282,98.4668,23.1957,0.267264,75.0039,147.352,23.1887,0.106906,124.057,245.819,0,0,0
1200,1,1,175,1,1,1,4316.62,18765.8,487.53,46.3844,0.696557,393.948,11763,159,23.1957,0.462701,135.342,86.9306,23.1887,0.0902016,63.6517,245.931,0,0,0
1200,1,1,176,1,1,1,4322.25,18651,415.237,46.3952,0.50112,321.63,12934.4,137.451,23.2065,0.285638,113.959,70.9686,23.1887,0.0718272,47.7081,208.419,0,0,0
1200,1,1,177,1,1,2,10333.7,24667.3,796.005,69.5741,0.663149,680.799,12578.9,152.67,23.1957,0.267264,129.207,315.012,46.3784,0.25223,268.381,467.682,1,0,0
1200,1,1,178,1,1,1,4323.53,24726.1,744.031,52.1883,0.96215,645.285,13261.3,321.496,28.9996,0.746669,291.75,97.8312,23.1887,0.0718272,74.5707,419.327,0,0,0
1200,1,1,179,1,1,1,4325.58,18734.9,431.632,46.3844,0.517824,338.066,12726.5,147.503,23.1957,0.267264,124.04,74.5194,23.1887,0.106906,51.2238,222.023,0,0,0
1200,1,1,180,1,1,1,4324.27,18641.8,466.14,46.3844,0.482746,372.709,12020,96.6675,23.1957,0.267264,73.2045,143.148,23.1887,0.0718272,119.887,239.815,0,0,0
1200,1,1,181,1,1,1,4318.54,30647.8,656.272,57.9922,0.659808,551.928,20843.9,449.144,34.8035,0.444326,413.48,41.637,23.1887,0.0718272,18.3765,490.781,0,0,0
1200,1,1,182,1,1,1,4324.04,18716.3,370.884,46.3844,0.517824,277.141,13788.1,110.879,23.1957,0.302342,87.3812,55.0918,23.1887,0.0718272,31.8313,165.971,0,0,0
1200,1,1,183,1,1,1,4334.13,18650.2,608.041,46.3844,0.482746,515.023,9505.2,125.858,23.1957,0.267264,102.395,152.582,23.1887,0.0718272,129.321,278.44,0,0,0
1200,1,1,184,1,1,1,4318.86,18670.4,632.521,46.3952,0.50112,539.545,9090.02,143.302,23.2065,0.285638,119.81,145.987,23.1887,0.0718272,122.726,289.289,0,0,0
1200,1,1,185,1,0,0,-1,-1,795.558,23.1957,0.267264,725.853,252042,-1,-1,-1,-1,-1,-1,-1,-1,-1,0,0,0
1200,1,1,186,1,1,1,4398.36,24780.7,813.26,52.1883,0.50112,715.175,12086.3,329.407,28.9996,0.285638,300.122,157.904,23.1887,0.0718272,134.643,487.311,0,0,0
1200,1,1,187,1,1,1,4358.14,18766,638.844,46.3844,0.517824,545.88,9072.98,150.654,23.1957,0.267264,127.191,155.423,23.1887,0.106906,132.128,306.078,0,0,0
1200,1,1,188,1,1,1,4325.83,18717.3,633.473,46.3844,0.748339,540.263,9119.07,149.942,23.1957,0.462701,126.284,156.834,23.1887,0.141984,133.503,306.776,0,0,0
1200,1,1,189,1,1,1,4428.11,18839.7,636.514,46.3844,0.823507,543.238,9187.09,152.903,23.1957,0.267264,129.44,155.804,23.1887,0.12528,132.49,308.708,0,0,0
1200,1,1,190,1,1,1,4328.45,18655.6,429.526,46.3844,0.482746,335.989,12684.9,84.4887,23.1957,0.267264,61.0257,127.668,23.1887,0.0718272,104.408,212.157,0,0,0
1200,1,1,191,1,1,1,4399.63,18785.8,617.294,46.3844,0.517824,524.267,9476.03,137.726,23.1957,0.302342,114.228,144.576,23.1887,0.0718272,121.315,282.301,0,0,0
1200,1,1,192,1,1,1,4314.06,30656.7,717.764,57.9922,0.714931,613.544,19759.8,473.646,34.8035,0.49945,437.996,52.2294,23.1887,0.0718272,28.9688,525.875,0,0,0
1200,1,1,193,1,1,1,4336.23,18697.4,477.603,46.3952,0.50112,384.177,11871.8,102.743,23.2065,0.285638,79.2506,144.678,23.1887,0.0718272,121.418,247.421,0,0,0
1200,1,1,194,1,1,1,4376.03,18694,464.215,46.3844,0.517824,370.744,12106.3,94.5631,23.1957,0.267264,71.1001,143.779,23.1887,0.106906,120.483,238.342,0,0,0
1200,1,1,195,1,1,1,4327.94,18789.7,634.961,46.3844,1.06906,541.435,9164.54,151.228,23.1957,0.853574,127.179,157.325,23.1887,0.0718272,134.064,308.553,0,0,0
1200,1,1,196,1,1,1,4336.06,18652,488.681,46.3844,0.482746,395.316,11629.4,95.386,23.1957,0.267264,71.9231,145.981,23.1887,0.0718272,122.721,241.368,0,0,0
1200,1,1,197,1,1,1,4362.67,18684.2,578.521,46.3844,0.482746,485.417,10064.1,147.584,23.1957,0.267264,124.122,104.047,23.1887,0.0718272,80.7865,251.631,0,0,0
1200,1,1,198,1,1,1,4349.82,18805.6,640.457,46.3844,0.482746,547.533,9084.15,148.49,23.1957,0.267264,125.028,152.425,23.1887,0.0718272,129.164,300.915,0,0,0
1200,1,1,199,1,1,1,4318.86,24668.2,454.327,52.1883,0.766714,354.934,18355.4,250.861,28.9996,0.551232,221.139,38.8269,23.1887,0.0718272,15.5664,289.688,0,0,0
1200,1,1,200,1,1,1,4333.84,18782.9,543.606,46.3844,0.482746,450.4,10783.6,160.657,23.1957,0.267264,137.194,88.3957,23.1887,0.0718272,65.1352,249.052,0,0,0
1200,1,1,201,1,0,0,-1,-1,1494.79,23.1957,0.407578,1426.98,268958,-1,-1,-1,-1,-1,-1,-1,-1,-1,0,0,0
1200,1,1,202,1,1,1,4359.69,24737,770.633,52.1883,0.641434,672.284,12799.6,318.95,28.9996,0.425952,289.524,102.45,23.1887,0.0718272,79.1892,421.4,0,0,0
1200,1,1,203,1,1,2,10351.2,24750.7,810.775,69.5849,1.71717,694.548,12396.6,138.581,23.2065,0.746669,114.628,338.412,46.3784,0.683194,291.351,476.994,1,0,0
1200,1,1,204,1,1,1,4322.93,18668.6,490.945,46.3844,0.482746,397.587,11605.7,100.499,23.1957,0.267264,77.0361,145.556,23.1887,0.0718272,122.295,246.055,0,0,0
1200,1,1,205,1,1,1,4336.23,18785.6,432.955,46.3844,1.10413,338.806,12752.3,148.475,23.1957,0.888653,124.39,74.7136,23.1887,0.0718272,51.453,223.188,0,0,0
1200,1,1,206,1,0,0,-1,-1,1304.71,23.1957,0.693216,1236.06,261183,-1,-1,-1,-1,-1,-1,-1,-1,-1,0,0,0
1200,1,1,207,1,0,0,-1,-1,1029.13,23.2065,0.871949,959.491,256020,-1,-1,-1,-1,-1,-1,-1,-1,-1,0,0,0
1200,1,1,208,1,1,1,4316.94,18638.7,590.359,46.3844,0.482746,497.289,9808.07,145.476,23.1957,0.267264,122.014,101.742,23.1887,0.0718272,78.4817,247.219,0,0,0
1200,1,1,209,1,1,1,4332.58,24793.8,629.895,52.1883,0.96215,530.817,15358.5,345.348,28.9996,0.746669,315.602,76.91,23.1887,0.0718272,53.6495,422.258,0,0,0
1200,1,1,210,1,1,1,4362.93,18682.1,637.875,46.3844,0.482746,544.943,9006.54,152.338,23.1957,0.267264,128.875,155.208,23.1887,0.0718272,131.947,307.546,0,0,0
1200,1,1,211,1,1,1,4324.81,18657.9,434.131,46.3844,0.482746,340.607,12605.4,88.4899,23.1957,0.267264,65.0269,131.949,23.1887,0.0718272,108.689,220.439,0,0,0
1200,1,1,212,1,1,1,4338.47,18755.2,633.005,46.3844,0.856915,539.686,9165.11,149.453,23.1957,0.462701,125.795,156.627,23.1887,0.106906,133.331,306.08,0,0,0
1200,1,1,213,1,1,2,10367.7,24683.5,687.66,69.5741,0.519494,572.284,14522.1,94.4042,23.1957,0.267264,70.9413,342.792,46.3784,0.108576,296.305,437.196,1,0,0
1200,1,1,214,1,1,1,4316.94,18652.7,592.276,46.3952,0.536198,499.148,9787.71,143.406,23.2065,0.320717,119.878,102.042,23.1887,0.0718272,78.7813,245.447,0,0,0
1200,1,1,215,1,1,1,4355.86,18708.2,625.198,46.3844,0.6264,532.086,9257.64,144.673,23.1957,0.267264,121.21,141.879,23.1887,0.0718272,118.619,286.553,0,0,0
1200,1,1,216,1,1,1,4331.02,18661.7,620.932,46.3844,0.517824,527.917,9287.2,147.334,23.1957,0.302342,123.836,141.894,23.1887,0.0718272,118.633,289.228,0,0,0
1200,1,1,217,1,1,3,16362.7,30702.6,1010.6,92.7639,1.2361,872.892,15196,137.304,23.1957,0.497779,113.61,545.517,69.5682,0.594662,475.354,682.82,2,0,0
1200,1,1,218,1,1,1,4369.9,18736.8,624.474,46.3844,0.6264,531.36,9299.15,146.958,23.1957,0.267264,123.495,140.773,23.1887,0.0718272,117.512,287.731,0,0,0
1200,1,1,219,1,1,1,4324.84,30685,931.874,57.9922,1.17596,827.815,15979.4,503.249,34.8035,0.96048,467.221,103.986,23.1887,0.0718272,80.7251,607.234,0,0,0
1200,1,1,220,1,1,1,4315.3,18655.3,434.047,46.3844,0.678182,340.328,12603.8,88.0085,23.1957,0.462701,64.3501,132.94,23.1887,0.0718272,109.68,220.949,0,0,0
1200,1,1,221,0,0,0,-1,-1,947.605,23.206,0.907027,877.692,254540,-1,-1,-1,-1,-1,-1,-1,-1,-1,0,0,0
1200,1,1,222,1,1,1,4331.46,18729.2,477.535,46.3844,0.552902,384.067,11904.3,157.808,23.1957,0.337421,134.275,85.0767,23.1887,0.0718272,61.8162,242.885,0,0,0
1200,1,1,223,1,1,1,4327.36,18645,561.198,46.3844,0.6264,467.9,10332.6,150.342,23.1957,0.267264,126.879,96.5516,23.1887,0.0718272,73.2911,246.894,0,0,0
1200,1,1,224,1,1,1,4322.28,18677.7,398.635,46.3844,0.482746,305.008,13256.4,130.695,23.1957,0.267264,107.232,63.6646,23.1887,0.0718272,40.4041,194.36,0,0,0
1200,1,1,225,1,1,1,4407.9,18757.9,582.014,46.3844,0.482746,488.92,10075.7,106.899,23.1957,0.267264,83.4359,148.824,23.1887,0.0718272,125.564,255.723,0,0,0
1200,1,1,226,1,1,1,4318.27,18648.5,537.164,46.3844,0.482746,443.939,10763.8,157.238,23.1957,0.267264,133.775,87.5276,23.1887,0.0718272,64.2671,244.766,0,0,0
1200,1,1,227,1,1,1,4328,18670.8,573.211,46.3952,0.50112,480.062,10145.1,148.244,23.2065,0.285638,124.751,99.0946,23.1887,0.0718272,75.8341,247.338,0,0,0
1200,1,1,228,1,1,1,4333.94,18654.6,472.5,46.3844,0.482746,379.087,11919.8,99.0065,23.1957,0.267264,75.5435,145.536,23.1887,0.0718272,122.275,244.542,0,0,0
1200,1,1,229,1,1,1,4352.68,18715.8,549.123,46.3844,0.482746,455.934,10618.4,153.995,23.1957,0.267264,130.532,94.1097,23.1887,0.0718272,70.8492,248.105,0,0,0
1200,1,1,230,1,1,1,4383.38,18696.9,616.807,46.3844,0.482746,523.814,9395.99,137.878,23.1957,0.267264,114.415,148.461,23.1887,0.0718272,125.201,286.34,0,0,0
1200,1,1,231,1,1,2,10326,24644,751.718,69.5849,0.716602,636.32,13342.8,100.652,23.2065,0.320717,77.1245,339.39,46.3784,0.108576,292.903,440.042,1,0,0
1200,1,1,232,1,1,1,4335.91,24715.8,532.099,52.1883,1.03565,432.663,17019.7,289.458,28.9996,0.676512,259.718,51.0562,23.1887,0.0718272,27.7957,340.514,0,0,0
1200,1,1,233,1,1,1,4318.54,24676.7,516.581,52.1883,0.927072,417.208,17256.7,284.188,28.9996,0.71159,254.401,51.179,23.1887,0.0718272,27.9185,335.367,0,0,0
1200,1,1,234,1,1,1,4339.4,18702.2,549.358,46.3844,0.587981,456.064,10600,151.631,23.1957,0.372499,128.063,93.3553,23.1887,0.0718272,70.0948,244.987,0,0,0
1200,1,1,235,1,1,1,4334.99,18657.8,564.096,46.3844,0.482746,470.95,10294.2,101.185,23.1957,0.267264,77.7219,147.286,23.1887,0.0718272,124.026,248.471,0,0,0
1200,1,1,236,0,0,0,-1,-1,605.363,23.206,0.516154,534.845,248582,-1,-1,-1,-1,-1,-1,-1,-1,-1,0,0,0
1200,1,1,237,1,1,1,4318.15,18693.2,508.932,46.3844,0.482746,415.626,11310.5,158.036,23.1957,0.267264,134.573,84.6129,23.1887,0.0718272,61.3524,242.649,0,0,0
1200,1,1,238,1,0,0,-1,-1,1512.72,23.1957,0.337421,1445.03,269772,-1,-1,-1,-1,-1,-1,-1,-1,-1,0,0,0
1200,1,1,239,1,1,1,4342.47,18666.1,622.36,46.3844,0.482746,529.384,9266.41,147.406,23.1957,0.267264,123.943,142.274,23.1887,0.0718272,119.014,289.68,0,0,0
1200,1,1,240,1,1,1,4340.25,18752.2,496.421,46.3844,0.661478,402.9,11591.4,155.384,23.1957,0.302342,131.886,86.5855,23.1887,0.0718272,63.325,241.969,0,0,0
1200,1,1,241,1,1,1,4329.45,18793.4,469.89,46.3844,0.821837,376.131,12104.1,158.775,23.1957,0.462701,135.116,84.2393,23.1887,0.0718272,60.9788,243.014,0,0,0
1200,1,1,242,1,1,1,4367.02,18710.7,638.578,46.3844,0.482746,545.649,9022.69,152.802,23.1957,0.267264,129.339,156.577,23.1887,0.0718272,133.317,309.38,0,0,0
1200,1,1,243,1,1,1,4357.17,18711.6,625.15,46.3844,0.482746,532.181,9262.34,149.445,23.1957,0.267264,125.982,147.649,23.1887,0.0718272,124.389,297.094,0,0,0
1200,1,1,244,1,1,1,4321.45,18835,502.826,46.3844,0.482746,409.502,11560.9,159.352,23.1957,0.267264,135.889,84.797,23.1887,0.0718272,61.5365,244.149,0,0,0
1200,1,1,245,1,1,1,4323.06,24659.3,769.215,52.1883,0.731635,670.772,12747.4,319.444,28.9996,0.516154,289.928,101.906,23.1887,0.0718272,78.646,421.351,0,0,0
1200,1,1,246,1,1,1,4337.47,18660.1,544.194,46.3844,0.482746,450.991,10650.4,91.0166,23.1957,0.267264,67.5537,148.828,23.1887,0.0718272,125.567,239.844,0,0,0
1200,1,1,247,1,1,1,4332.8,18662.9,596.196,46.3844,0.517824,503.108,9728.28,116.393,23.1957,0.302342,92.8949,147.274,23.1887,0.0718272,124.013,263.667,0,0,0
1200,1,1,248,1,1,1,4328.94,18643.3,610.834,46.3844,0.482746,517.824,9448.58,129.376,23.1957,0.267264,105.913,148.653,23.1887,0.0718272,125.392,278.028,0,0,0
1200,1,1,249,1,1,1,4331.52,18769.2,480.227,46.3844,0.482746,386.837,11897,158.276,23.1957,0.267264,134.813,85.481,23.1887,0.0718272,62.2205,243.757,0,0,0
1200,1,1,250,1,1,1,4367.84,18721.3,579.214,46.3844,0.482746,486.112,10088.8,148.352,23.1957,0.267264,124.889,104.689,23.1887,0.0718272,81.429,253.041,0,0,0
1200,1,1,251,1,1,1,4340.34,18671.8,481.203,46.3844,0.517824,387.781,11781.9,101.362,23.1957,0.267264,77.8988,144.831,23.1887,0.106906,121.535,246.193,0,0,0
1200,1,1,252,1,1,2,10367.3,24717.2,822.277,69.5741,0.659808,707.151,12161,145.305,23.1957,0.337421,121.772,339.366,46.3784,0.178733,292.809,484.671,1,0,0
1200,1,1,253,1,1,1,4345.29,18689.9,621.436,46.3844,0.517824,528.422,9306.43,142.138,23.1957,0.302342,118.64,142.751,23.1887,0.0718272,119.49,284.889,0,0,0
1200,1,1,254,1,1,1,4325.93,18683.4,624.569,46.3844,0.482746,531.598,9244.45,149.49,23.1957,0.267264,126.027,147.429,23.1887,0.0718272,124.168,296.919,0,0,0
1200,1,1,255,1,0,0,-1,-1,1209.89,23.1957,0.267264,1141.39,259140,-1,-1,-1,-1,-1,-1,-1,-1,-1,0,0,0
1200,1,1,256,0,0,0,-1,-1,1040.83,23.206,0.781747,971.313,256218,-1,-1,-1,-1,-1,-1,-1,-1,-1,0,0,0
1200,1,1,257,1,1,1,4328.14,18661.9,627.156,46.3844,0.6264,534.049,9176.55,150.017,23.1957,0.267264,126.554,146.853,23.1887,0.0718272,123.593,296.871,0,0,0
1200,1,1,258,1,1,1,4353.24,18710.2,626.18,46.3844,0.713261,532.985,9241.91,149.78,23.1957,0.462701,126.121,148.264,23.1887,0.106906,124.968,298.043,0,0,0
1200,1,1,259,1,1,1,4320.55,18721.6,530.189,46.3844,0.696557,436.731,10960,158.731,23.1957,0.337421,135.198,88.9661,23.1887,0.0718272,65.7055,247.697,0,0,0
1200,1,1,260,1,1,1,4343.27,18791.3,635.125,46.3844,0.482746,542.185,9164.67,149.68,23.1957,0.267264,126.217,157.458,23.1887,0.0718272,134.198,307.138,0,0,0
1200,1,1,261,1,0,0,-1,-1,647.634,23.1957,0.462701,577.303,249291,-1,-1,-1,-1,-1,-1,-1,-1,-1,0,0,0
1200,1,1,262,1,1,1,4392.69,24719.2,654.639,52.1883,0.571277,556.023,14844.9,202.564,28.9996,0.320717,172.936,148.935,23.1887,0.106906,125.639,351.499,0,0,0
1200,1,1,263,1,1,1,4345.93,18777.1,412.035,46.3844,0.517824,318.412,13117.2,135.907,23.1957,0.267264,112.444,68.2044,23.1887,0.106906,44.9088,204.112,0,0,0
1200,1,1,264,1,1,1,4441.73,24774.9,813.347,52.1883,0.714931,715.049,12078.3,328.319,28.9996,0.481075,298.839,157.392,23.1887,0.0902016,134.113,485.711,0,0,0
1200,1,1,265,1,1,1,4318.55,18707.1,373.471,46.3844,0.908698,279.345,13732,112.707,23.1957,0.693216,88.8178,55.3282,23.1887,0.0718272,32.0677,168.035,0,0,0
1200,1,1,266,1,1,2,10329.1,30738.7,970.471,75.3781,0.803462,849.989,15647.2,332.27,28.9996,0.551232,302.719,310.804,46.3784,0.108576,264.317,643.074,1,0,0
1200,1,1,267,1,1,1,4321.48,18653,514.017,46.3844,0.482746,420.726,11179.9,89.4428,23.1957,0.267264,65.9799,147.922,23.1887,0.0718272,124.661,237.364,0,0,0
1200,1,1,268,1,1,1,4323.95,18843.5,505.017,46.3844,0.517824,411.664,11530.2,160.576,23.1957,0.302342,137.078,84.4793,23.1887,0.0718272,61.2188,245.056,0,0,0
1200,1,1,269,1,1,1,4352.31,18754.2,625.87,46.3844,0.517824,532.869,9291.84,151.278,23.1957,0.302342,127.78,146.384,23.1887,0.0718272,123.123,297.662,0,0,0
1200,1,1,270,1,1,1,4352.31,18724.9,591.256,46.3844,0.943776,497.728,9876.91,110.716,23.1957,0.693216,86.8271,150.464,23.1887,0.106906,127.168,261.18,0,0,0
1200,1,1,271,1,1,1,4361.19,18741.5,591.334,46.3844,0.748339,498.002,9892.56,111.926,23.1957,0.532858,88.197,149.299,23.1887,0.0718272,126.038,261.224,0,0,0
1200,1,1,272,1,1,2,10318.3,24653.6,619.561,69.5741,0.519494,503.987,15703.1,85.8549,23.1957,0.267264,62.3919,320.338,46.3784,0.108576,273.851,406.193,1,0,0
1200,1,1,273,1,1,1,4317.58,24632.4,404.643,52.1883,0.696557,305.175,19203.6,225.069,28.9996,0.481075,195.348,31.0175,23.1887,0.0718272,7.75703,256.087,0,0,0
1200,1,1,274,1,1,1,4335.16,18780.3,548.505,46.3844,0.783418,455.014,10692.7,160.679,23.1957,0.567936,136.916,94.0646,23.1887,0.0718272,70.8041,254.744,0,0,0
1200,1,1,275,1,1,1,4317.9,18650.1,605.369,46.3844,0.482746,512.343,9552.6,124.95,23.1957,0.267264,101.488,152.06,23.1887,0.0718272,128.8,277.011,0,0,0
1200,1,1,276,1,1,1,4329.56,18663.1,485.707,46.3844,0.517824,392.299,11693.1,102.837,23.1957,0.302342,79.339,144.361,23.1887,0.0718272,121.1,247.198,0,0,0
1200,1,1,277,1,1,1,4317.7,18643,575.156,46.3844,0.482746,482.042,10082.7,148.167,23.1957,0.267264,124.704,100.322,23.1887,0.0718272,77.0614,248.489,0,0,0
1200,1,1,278,1,1,1,4324.8,18665.9,592.515,46.3844,0.482746,499.451,9796.99,114.474,23.1957,0.267264,91.0106,148.145,23.1887,0.0718272,124.885,262.619,0,0,0
1200,1,1,279,1,1,1,4336.78,18660.3,563.84,46.3844,0.482746,470.694,10301.3,99.7031,23.1957,0.267264,76.2402,147.205,23.1887,0.0718272,123.945,246.908,0,0,0
1200,1,1,280,1,1,1,4321.42,18637,600.649,46.3844,0.482746,507.609,9623.4,145.453,23.1957,0.267264,121.99,109.429,23.1887,0.0718272,86.1684,254.882,0,0,0
1200,1,1,281,1,1,1,4315.98,30631.8,584.7,57.9922,1.47663,479.331,22098.5,408.503,34.8035,1.26115,371.906,29.9581,23.1887,0.0718272,6.69761,438.461,0,0,0
1200,1,1,282,1,0,0,-1,-1,1443.68,23.1957,0.302342,1375.83,267022,-1,-1,-1,-1,-1,-1,-1,-1,-1,0,0,0
1200,1,1,283,1,1,1,4335.59,18650.4,550.692,46.3844,0.6264,457.363,10524.7,96.4184,23.1957,0.267264,72.9554,145.348,23.1887,0.0718272,122.088,241.766,0,0,0
1200,1,1,284,1,1,1,4326.66,18832.7,473.449,46.3844,0.891994,379.631,12079.9,159.568,23.1957,0.658138,135.714,85.059,23.1887,0.0902016,61.7801,244.627,0,0,0
1200,1,1,285,1,1,1,4335.25,18675.7,577.41,46.3844,0.6264,484.159,10074.9,146.817,23.1957,0.267264,123.354,102.387,23.1887,0.0718272,79.126,249.204,0,0,0
1200,1,1,286,1,1,1,4316.62,18640.3,548.67,46.3844,0.482746,455.479,10551,152.836,23.1957,0.267264,129.373,94.0177,23.1887,0.0718272,70.7572,246.854,0,0,0
1200,1,1,287,1,0,0,-1,-1,1392.57,23.1957,0.497779,1324.37,264478,-1,-1,-1,-1,-1,-1,-1,-1,-1,0,0,0
1200,1,1,288,0,0,0,-1,-1,385.571,23.206,0.516154,314.414,245265,-1,-1,-1,-1,-1,-1,-1,-1,-1,0,0,0
1200,1,1,289,1,1,1,4355.56,18668.8,532.023,46.3844,0.517824,438.749,10875.2,84.7883,23.1957,0.267264,61.3253,149.263,23.1887,0.106906,125.968,234.052,0,0,0
1200,1,1,290,1,1,1,4313.74,30641.7,748.94,57.9922,1.24612,644.279,19188.6,488.888,34.8035,1.03064,452.754,58.6905,23.1887,0.0718272,35.43,547.579,0,0,0
1200,1,1,291,1,1,1,4317.9,24686.6,435.285,52.1883,0.696557,335.906,18712.9,240.083,28.9996,0.481075,210.396,34.1344,23.1887,0.0718272,10.8739,274.217,0,0,0
1200,1,1,292,1,1,1,4388.06,18733.3,616.055,46.3844,0.552902,522.99,9445.3,140.954,23.1957,0.302342,117.456,130.822,23.1887,0.106906,107.526,271.776,0,0,0
1200,1,1,293,1,1,1,4360.1,18858.6,642.017,46.3844,1.06906,548.511,9108,149.921,23.1957,0.853574,125.872,152.573,23.1887,0.0718272,129.312,302.494,0,0,0
1200,1,1,294,1,1,1,4318.95,18639.8,546.646,46.3844,0.6264,453.306,10586.1,155.865,23.1957,0.267264,132.402,92.9872,23.1887,0.0718272,69.7266,248.852,0,0,0
1200,1,1,295,1,0,0,-1,-1,1299.01,23.1957,0.462701,1230.58,261030,-1,-1,-1,-1,-1,-1,-1,-1,-1,0,0,0
1200,1,1,296,1,1,1,4327.97,18642.1,513.1,46.3844,0.482746,419.806,11185.3,89.3039,23.1957,0.267264,65.8409,147.938,23.1887,0.0718272,124.677,237.242,0,0,0
1200,1,1,297,1,1,1,4318.58,18643,563.498,46.3844,0.482746,470.351,10290,101.223,23.1957,0.267264,77.7598,146.882,23.1887,0.0718272,123.622,248.105,0,0,0
1200,1,1,298,1,1,1,4350.28,18706.7,435.473,46.3844,0.696557,341.739,12629.4,88.8535,23.1957,0.302342,65.3554,133.448,23.1887,0.106906,110.152,222.301,0,0,0
1200,1,1,299,1,1,1,4331.78,18726.6,549.867,46.3844,0.517824,456.645,10615.8,154.521,23.1957,0.302342,131.023,94.1386,23.1887,0.0718272,70.8781,248.66,0,0,0
1200,1,1,300,1,1,1,4315.98,18702.2,475.782,46.3844,0.482746,382.379,11909,157.002,23.1957,0.267264,133.539,84.9179,23.1887,0.0718272,61.6574,241.92,0,0,0
1200,1,1,301,1,1,1,4379.4,30791.9,949.821,57.9922,0.768384,846.222,15768.1,498.226,34.8035,0.534528,462.601,104.636,23.1887,0.0902016,81.3568,602.862,0,0,0
1200,1,1,302,1,1,1,4335.92,18650.7,615.067,46.3844,0.482746,522.069,9380.76,136.299,23.1957,0.267264,112.836,147.194,23.1887,0.0718272,123.934,283.493,0,0,0
1200,1,1,303,1,1,1,4355.94,18764.1,553.379,46.3844,0.891994,459.793,10589.9,153.226,23.1957,0.658138,129.372,95.2128,23.1887,0.0902016,71.9339,248.438,0,0,0
1200,1,1,304,1,1,1,4327.59,18642.1,507.962,46.3844,0.482746,414.653,11276.6,90.3182,23.1957,0.267264,66.8552,147.604,23.1887,0.0718272,124.344,237.922,0,0,0
1200,1,1,305,1,1,1,4335.09,18694,513.624,46.3844,0.517824,420.296,11227.6,159.497,23.1957,0.302342,135.999,84.0173,23.1887,0.0718272,60.7568,243.514,0,0,0
1200,1,1,306,1,1,1,4409.74,18741.2,625.976,46.3844,0.482746,533.01,9277.22,145.785,23.1957,0.267264,122.322,143.693,23.1887,0.0718272,120.432,289.478,0,0,0
1200,1,1,307,0,0,0,-1,-1,1275.1,23.206,0.551232,1206.49,260386,-1,-1,-1,-1,-1,-1,-1,-1,-1,0,0,0
1200,1,1,308,1,1,1,4315.98,24635.7,421.434,52.1883,0.891994,321.819,18907.8,232.825,28.9996,0.676512,202.93,32.8386,23.1887,0.0718272,9.57807,265.663,0,0,0
1200,1,1,309,1,1,1,4323.27,18664.9,599.811,46.3844,0.517824,506.734,9665.93,144.219,23.1957,0.302342,120.721,107.61,23.1887,0.0718272,84.3491,251.829,0,0,0
1200,1,1,310,1,1,1,4322.89,18763.5,500.046,46.3844,0.517824,406.679,11538.6,156.929,23.1957,0.302342,133.431,85.7102,23.1887,0.0718272,62.4497,242.639,0,0,0
1200,1,1,311,1,1,1,4352.11,18694.7,594.062,46.3844,0.75001,500.736,9796.93,142.619,23.1957,0.337421,119.086,103.184,23.1887,0.12528,79.8696,245.803,0,0,0
1200,1,1,312,1,1,1,4317.26,18816.7,472.528,46.3844,0.482746,379.116,12081.3,158.846,23.1957,0.267264,135.383,84.6508,23.1887,0.0718272,61.3903,243.497,0,0,0
1200,1,1,313,1,1,1,4440.98,30915.7,995.432,57.9922,1.12084,891.613,15079.4,503.178,34.8035,0.905357,467.187,153.52,23.1887,0.0718272,130.26,656.699,0,0,0
1200,1,1,314,1,1,1,4339.56,18673.3,623.424,46.3844,0.482746,530.451,9254.67,148.037,23.1957,0.267264,124.575,145.445,23.1887,0.0718272,122.185,293.483,0,0,0
1200,1,1,315,0,0,0,-1,-1,1313.44,29.0099,1.38643,1238.47,261257,-1,-1,-1,-1,-1,-1,-1,-1,-1,0,0,0
1200,1,1,316,1,1,1,4336.14,18729.8,477.677,46.3844,0.482746,384.28,11902.9,157.563,23.1957,0.267264,134.1,85.102,23.1887,0.0718272,61.8415,242.665,0,0,0
1200,1,1,317,1,1,1,4316.74,18630.9,487.94,46.3844,0.482746,394.573,11621.5,101.317,23.1957,0.267264,77.8537,145.382,23.1887,0.0718272,122.122,246.699,0,0,0
1200,1,1,318,1,0,0,-1,-1,848.289,23.1957,0.267264,778.737,252994,-1,-1,-1,-1,-1,-1,-1,-1,-1,0,0,0
1200,1,1,319,1,1,1,4494.79,18809.9,578.807,46.3844,0.552902,485.634,10184.2,103.977,23.1957,0.267264,80.5139,151.452,23.1887,0.141984,128.121,255.429,0,0,0
1200,1,1,320,1,1,1,4343.55,18708.4,622.38,46.3844,0.552902,529.333,9307.92,145.91,23.1957,0.267264,122.447,144.144,23.1887,0.141984,120.813,290.054,0,0,0
1200,1,1,321,1,1,1,4317.48,18706.7,570.483,46.3844,0.678182,477.16,10229,149.624,23.1957,0.462701,125.966,97.4594,23.1887,0.0718272,74.1989,247.084,0,0,0
1200,1,1,322,1,1,1,4371.59,24757.6,775.513,52.1883,0.641434,677.179,12733.4,297.325,28.9996,0.390874,267.892,144.008,23.1887,0.106906,120.712,441.332,0,0,0
1200,1,1,323,1,1,1,4315.34,24683,685.531,52.1991,0.820166,586.746,14258.7,334.791,29.0104,0.604685,305.175,84.7681,23.1887,0.0718272,61.5076,419.559,0,0,0
1200,1,1,324,1,1,1,4338.48,18675.5,593.945,46.3844,1.16093,500.208,9779.37,142.727,23.1957,0.658138,118.873,102.202,23.1887,0.0718272,78.942,244.929,0,0,0
1200,1,1,325,1,1,1,4334.4,18677.4,639.606,46.3844,0.482746,546.679,8971.09,147.819,23.1957,0.267264,124.356,153.841,23.1887,0.0718272,130.581,301.66,0,0,0
1200,1,1,326,1,1,1,4322.25,18716.4,616.28,46.3844,0.482746,523.286,9424.89,141.811,23.1957,0.267264,118.348,129.727,23.1887,0.0718272,106.467,271.538,0,0,0
1200,1,1,327,1,1,1,4322.06,18679.8,622.463,46.3844,0.482746,529.487,9278.35,149.198,23.1957,0.267264,125.735,142.736,23.1887,0.0718272,119.476,291.934,0,0,0
1200,1,1,328,1,1,1,4351.32,18674.1,608.853,46.3844,0.482746,515.837,9514.63,126.773,23.1957,0.267264,103.31,152.564,23.1887,0.0718272,129.303,279.337,0,0,0
1200,1,1,329,1,1,1,4413.69,18825.4,641.946,46.3844,0.50112,549.008,9077.2,155.24,23.1957,0.267264,131.777,157.969,23.1887,0.0902016,134.69,313.21,0,0,0
1200,1,1,330,1,1,1,4325.96,24717.9,660.146,52.1883,0.891994,561.226,14745.3,340.762,28.9996,0.676512,311.086,84.9269,23.1887,0.0718272,61.6664,425.689,0,0,0
1200,1,1,331,1,0,0,-1,-1,921.326,23.1957,0.267264,851.987,254166,-1,-1,-1,-1,-1,-1,-1,-1,-1,0,0,0
1200,1,1,332,1,1,1,4315.66,18645.3,489.263,46.3844,0.517824,395.865,11612.2,95.459,23.1957,0.302342,71.961,144.696,23.1887,0.0718272,121.436,240.156,0,0,0
1200,1,1,333,1,0,0,-1,-1,1060.36,28.9996,0.320717,985.731,256473,-1,-1,-1,-1,-1,-1,-1,-1,-1,0,0,0
1200,1,1,334,1,1,1,4317.83,18698.8,485.963,46.3844,0.678182,392.394,11724,157.078,23.1957,0.462701,133.42,86.5855,23.1887,0.0718272,63.325,243.664,0,0,0
1200,1,1,335,1,1,1,4368.79,18700.6,407.503,46.3844,0.856915,313.528,13120.4,76.7827,23.1957,0.462701,53.1243,122.372,23.1887,0.106906,99.0763,199.155,0,0,0
1200,1,1,336,1,1,1,4323.31,24647.7,755.142,52.1883,0.536198,656.853,12986.5,320.24,28.9996,0.320717,290.919,101.627,23.1887,0.0718272,78.3662,421.866,0,0,0
1200,1,1,337,1,1,1,4336.09,18665.2,632.666,46.3844,0.517824,539.684,9082.02,147.268,23.1957,0.302342,123.77,157.406,23.1887,0.0718272,134.145,304.673,0,0,0
1200,1,1,338,1,1,1,4314.38,18683.5,601.34,46.3952,0.50112,508.273,9657.55,143.152,23.2065,0.285638,119.66,110.019,23.1887,0.0718272,86.7585,253.171,0,0,0
1200,1,1,339,1,1,1,4367.53,18691.7,605.786,46.3844,0.482746,512.762,9586.73,143.915,23.1957,0.267264,120.452,114.861,23.1887,0.0718272,91.6008,258.777,0,0,0
1200,1,1,340,1,1,1,4370.96,18689.7,523.887,46.3844,0.788429,430.318,11040.1,89.4122,23.1957,0.267264,65.9492,149.472,23.1887,0.0902016,126.193,238.884,0,0,0
1200,1,1,341,1,0,0,-1,-1,1120.11,23.1957,0.267264,1051.35,257551,-1,-1,-1,-1,-1,-1,-1,-1,-1,0,0,0
1200,1,1,342,1,1,1,4321.29,18637.6,414.375,46.3844,0.482746,320.794,12936.3,80.6805,23.1957,0.267264,57.2176,121.94,23.1887,0.0718272,98.6792,202.62,0,0,0
1200,1,1,343,1,1,1,4462.48,18791.6,581.799,46.3844,0.587981,488.599,10112.5,106.491,23.1957,0.267264,83.028,150.694,23.1887,0.177062,127.329,257.185,0,0,0
1200,1,1,344,1,1,1,4373.1,18688.2,497.783,46.3844,0.517824,404.409,11503.5,93.8311,23.1957,0.302342,70.3331,145.308,23.1887,0.0718272,122.048,239.139,0,0,0
1200,1,1,345,1,1,1,4321.99,18742.7,605.072,46.3844,0.482746,512.045,9650.45,145.567,23.1957,0.267264,122.104,110.92,23.1887,0.0718272,87.6591,256.486,0,0,0
1200,1,1,346,1,1,1,4322.15,18698.4,625.787,46.3844,0.678182,532.625,9237.33,150.456,23.1957,0.462701,126.798,147.519,23.1887,0.0718272,124.259,297.976,0,0,0
1200,1,1,347,1,1,1,4317.9,24673.7,705.47,52.1883,0.536198,607.037,13895.8,331.126,28.9996,0.320717,301.806,87.3905,23.1887,0.0718272,64.13,418.517,0,0,0
1200,1,1,348,1,1,1,4339.74,18697.8,622.253,46.3844,1.01727,528.741,9298.71,148.562,23.1957,0.658138,124.708,141.26,23.1887,0.0718272,118,289.822,0,0,0
1200,1,1,349,1,0,0,-1,-1,830.403,23.1957,0.267264,760.799,252745,-1,-1,-1,-1,-1,-1,-1,-1,-1,0,0,0
1200,1,1,350,1,1,1,4318.86,18738.9,415.67,46.3844,1.10413,321.471,13013,138.4,23.1957,0.888653,114.316,69.3226,23.1887,0.0718272,46.0621,207.723,0,0,0
1200,1,1,351,1,0,0,-1,-1,1256.86,23.1957,0.267264,1188.5,260000,-1,-1,-1,-1,-1,-1,-1,-1,-1,0,0,0
1200,1,1,352,1,1,1,4346.54,18675.9,509.575,46.3844,0.856915,415.896,11280.7,88.6861,23.1957,0.497779,64.9927,147.322,23.1887,0.0718272,124.062,236.009,0,0,0
1200,1,1,353,1,1,1,4351.35,18696.3,480.836,46.3844,0.87529,387.056,11816.7,100.598,23.1957,0.497779,76.9043,145.334,23.1887,0.0902016,122.055,245.932,0,0,0
1200,1,1,354,1,1,1,4317.77,18730.7,590.739,46.3844,0.873619,497.28,9892.38,111.899,23.1957,0.658138,88.0454,149.389,23.1887,0.0718272,126.128,261.288,0,0,0
1200,1,1,355,1,1,1,4318.79,18701.5,456.241,46.3844,0.517824,362.747,12255.6,152.022,23.1957,0.267264,128.56,80.163,23.1887,0.106906,56.8674,232.186,0,0,0
1200,1,1,356,1,1,1,4326.71,18660.8,636.415,46.3844,0.748339,543.214,9010.2,152.798,23.1957,0.497779,129.105,153.923,23.1887,0.106906,130.628,306.721,0,0,0
1200,1,1,357,1,0,0,-1,-1,832.475,23.1957,0.462701,762.681,252787,-1,-1,-1,-1,-1,-1,-1,-1,-1,0,0,0
1200,1,1,358,1,1,1,4315.34,36638.1,829.592,63.7961,0.963821,719.803,23851.9,621.144,40.6075,0.748339,579.048,42.8101,23.1887,0.0718272,19.5496,663.954,0,0,0
1200,1,1,359,1,1,1,4315.66,18653.6,424.323,46.3844,0.482746,330.771,12775.4,142.509,23.1957,0.267264,119.046,73.5603,23.1887,0.0718272,50.2998,216.07,0,0,0
1200,1,1,360,1,1,1,4430.55,18766.7,637.632,46.3844,0.482746,544.699,9095.46,144.309,23.1957,0.267264,120.846,151.959,23.1887,0.0718272,128.698,296.268,0,0,0
1200,1,1,361,1,1,1,4321.17,18657.5,610.943,46.3844,0.678182,517.738,9460.41,139.927,23.1957,0.462701,116.269,126.789,23.1887,0.0718272,103.529,266.716,0,0,0
1200,1,1,362,1,1,1,4319.63,24669.1,784.838,52.1883,0.536198,686.636,12479.8,311.447,28.9996,0.320717,282.126,142.024,23.1887,0.0718272,118.763,453.47,0,0,0
1200,1,1,363,1,1,1,4325.9,18698,605.043,46.3844,0.821837,511.677,9605.43,122.67,23.1957,0.462701,99.0113,149.593,23.1887,0.0718272,126.332,272.263,0,0,0
1200,1,1,364,1,1,1,4341.84,18669.6,551.527,46.3844,0.517824,458.309,10529.3,95.7388,23.1957,0.302342,72.2407,145.686,23.1887,0.0718272,122.425,241.424,0,0,0
1200,1,1,365,1,1,1,4313.8,30647.5,586.22,57.9922,0.855245,481.477,22088.8,409.984,34.8035,0.639763,374.011,30.7288,23.1887,0.0718272,7.46826,440.713,0,0,0
1200,1,1,366,1,1,1,4316.62,18668.2,621.279,46.3844,0.482746,528.299,9287.79,145.339,23.1957,0.267264,121.876,143.493,23.1887,0.0718272,120.232,288.832,0,0,0
1200,1,1,367,1,1,2,10336.5,24677.6,620.434,69.5741,0.785088,504.597,15710.7,85.932,23.1957,0.497779,62.2385,321.038,46.3784,0.143654,274.515,406.97,1,0,0
1200,1,1,368,1,1,1,4328.15,18731.9,478.172,46.3844,0.50112,384.758,11896,103.6,23.1957,0.267264,80.1367,143.778,23.1887,0.0902016,120.499,247.378,0,0,0
1200,1,1,369,1,1,2,10406.7,30798.7,1007.98,75.3781,0.803462,887.606,15040.2,323.67,28.9996,0.481075,294.19,355.541,46.3784,0.178733,308.984,679.211,1,0,0
1200,1,1,370,1,1,1,4339.08,18654.5,519.144,46.3844,0.482746,425.868,11090.2,88.3961,23.1957,0.267264,64.9331,149.27,23.1887,0.0718272,126.009,237.666,0,0,0
1200,1,1,371,1,1,1,4316.94,18778.1,506.639,46.3844,0.748339,413.061,11435.2,159.821,23.1957,0.532858,136.093,84.3241,23.1887,0.0718272,61.0636,244.145,0,0,0
1200,1,1,372,1,1,1,4337.64,18663.5,508.998,46.3844,0.482746,415.692,11279.6,157.632,23.1957,0.267264,134.169,84.963,23.1887,0.0718272,61.7025,242.595,0,0,0
1200,1,1,373,1,1,1,4338.18,18682.4,627.014,46.3844,0.482746,534.051,9199.94,149.115,23.1957,0.267264,125.652,149.452,23.1887,0.0718272,126.192,298.567,0,0,0
1200,1,1,374,1,1,2,10362.2,24726.9,829.894,69.5741,0.663149,714.787,12035.9,149.593,23.1957,0.267264,126.13,352.938,46.3784,0.25223,306.307,502.531,1,0,0
1200,1,1,375,1,1,1,4323.21,18743,626.587,46.3844,0.783418,533.322,9266.99,151.007,23.1957,0.567936,127.244,148.08,23.1887,0.0718272,124.82,299.088,0,0,0
1200,1,1,376,1,1,1,4368.75,18780.6,630.846,46.3844,0.873619,537.504,9229.11,148.558,23.1957,0.658138,124.704,152.188,23.1887,0.0718272,128.928,300.746,0,0,0
1200,1,1,377,1,1,1,4377.56,18690.4,464.083,46.3844,0.482746,370.646,12105.3,94.7381,23.1957,0.267264,71.2752,144.034,23.1887,0.0718272,120.774,238.772,0,0,0
1200,1,1,378,1,1,1,4329.83,18663.8,555.13,46.3844,0.661478,461.78,10459,152.269,23.1957,0.302342,128.771,96.4506,23.1887,0.0718272,73.1901,248.719,0,0,0
1200,1,1,379,1,1,1,4320.53,18868.9,525.583,46.3844,0.482746,432.325,11190.1,162.842,23.1957,0.267264,139.379,86.6054,23.1887,0.0718272,63.3449,249.448,0,0,0
1200,1,1,380,1,1,1,4340.48,18666.3,489.671,46.3844,0.482746,396.309,11626.1,100.961,23.1957,0.267264,77.4981,145.931,23.1887,0.0718272,122.67,246.892,0,0,0
1200,1,1,381,1,1,1,4399.02,18750.2,617.68,46.3844,0.482746,524.69,9433.77,141.676,23.1957,0.267264,118.213,134.815,23.1887,0.0718272,111.555,276.491,0,0,0
1200,1,1,382,1,1,1,4336.99,18655.6,537.472,46.3844,0.517824,444.214,10765.2,85.7484,23.1957,0.267264,62.2855,149.081,23.1887,0.106906,125.786,234.83,0,0,0
1200,1,1,383,1,1,1,4338.13,18661.4,507.733,46.3844,0.482746,414.424,11300,90.6087,23.1957,0.267264,67.1458,148.176,23.1887,0.0718272,124.916,238.785,0,0,0
1200,1,1,384,1,1,1,4419.32,18734.2,617.947,46.3844,0.517824,524.922,9412.81,137.532,23.1957,0.267264,114.069,145.86,23.1887,0.106906,122.564,283.391,0,0,0
1200,1,1,385,1,1,1,4413.48,18743.8,581.157,46.3844,0.517824,488.025,10076.6,107.094,23.1957,0.267264,83.6308,149.034,23.1887,0.106906,125.739,256.128,0,0,0
1200,1,1,386,1,1,1,4360.71,18707.3,622.804,46.3844,0.805133,529.507,9298.68,144.739,23.1957,0.302342,121.241,142.565,23.1887,0.0718272,119.304,287.304,0,0,0
1200,1,1,387,1,1,1,4316.94,18660.2,622.614,46.3844,0.482746,529.638,9255.98,145.027,23.1957,0.267264,121.564,140.591,23.1887,0.0718272,117.33,285.618,0,0,0
1200,1,1,388,1,1,1,4405.72,24767.5,772.482,52.1883,1.54846,673.232,12795.3,318.708,28.9996,1.2979,288.411,105.896,23.1887,0.106906,82.6003,424.604,0,0,0
1200,1,1,389,1,1,1,4320.58,18636.7,425.993,46.3844,0.482746,332.446,12728.8,85.0662,23.1957,0.267264,61.6032,126.046,23.1887,0.0718272,102.785,211.112,0,0,0
1200,1,1,390,1,1,1,4337.22,18683.7,609.88,46.3844,0.482746,516.868,9505.91,127.452,23.1957,0.267264,103.989,151.232,23.1887,0.0718272,127.971,278.684,0,0,0
1200,1,1,391,1,1,1,4341.84,18748.4,486.463,46.3844,0.482746,393.091,11765.3,157.727,23.1957,0.267264,134.264,87.2858,23.1887,0.0718272,64.0253,245.013,0,0,0
1200,1,1,392,1,1,1,4319.18,18642.6,399.958,46.3844,0.678182,306.139,13197.2,74.8155,23.1957,0.462701,51.1571,117.469,23.1887,0.0718272,94.2088,192.285,0,0,0
1200,1,1,393,1,1,1,4316.94,30666,595.217,57.9922,0.980525,490.375,21947.3,416.394,34.8035,0.765043,380.311,31.254,23.1887,0.0718272,7.99346,447.648,0,0,0
1200,1,1,394,1,1,1,4325.32,24676.5,812.63,52.1883,0.50112,714.544,11993.3,327.474,28.9996,0.285638,298.189,156.718,23.1887,0.0718272,133.458,484.193,0,0,0
1200,1,1,395,1,1,1,4319.11,24664.6,578.68,52.1883,0.696557,479.718,16141,315.754,28.9996,0.481075,286.274,60.6253,23.1887,0.0718272,37.3648,376.38,0,0,0
1200,1,1,396,1,1,1,4319.66,18640.1,488.109,46.3844,0.482746,394.742,11627.7,154.766,23.1957,0.267264,131.303,87.1992,23.1887,0.0718272,63.9386,241.965,0,0,0
1200,1,1,397,1,1,1,4460.11,18924,640.971,46.3844,0.6264,547.905,9193,146.657,23.1957,0.267264,123.194,153.262,23.1887,0.0718272,130.002,299.919,0,0,0
1200,1,1,398,1,1,1,4327.82,18717.4,477.91,46.3844,0.517824,384.478,11886.1,157.217,23.1957,0.302342,133.719,85.1994,23.1887,0.0718272,61.9389,242.417,0,0,0
1200,1,1,399,1,1,1,4340.74,18662.9,611.357,46.3844,0.696557,518.135,9458.02,139.884,23.1957,0.302342,116.386,126.092,23.1887,0.106906,102.796,265.976,0,0,0
1200,1,1,400,1,1,1,4323.59,18639.5,587.503,46.3844,0.482746,494.425,9859.65,109.601,23.1957,0.267264,86.1377,148.589,23.1887,0.0718272,125.329,258.19,0,0,0
1200,1,1,401,1,1,1,4341.03,18664.5,538.02,46.3844,0.482746,444.798,10764.6,85.0139,23.1957,0.267264,61.5509,149.308,23.1887,0.0718272,126.047,234.322,0,0,0
1200,1,1,402,1,1,1,4351.68,18700.3,639.33,46.3844,0.482746,546.403,8998.88,148.252,23.1957,0.267264,124.789,154.32,23.1887,0.0718272,131.059,302.572,0,0,0
1200,1,1,403,1,1,1,4387.44,18706.4,481.05,46.3844,0.696557,387.449,11818.7,99.6309,23.1957,0.267264,76.168,146.811,23.1887,0.141984,123.481,246.442,0,0,0
1200,1,1,404,1,0,0,-1,-1,1301.09,23.1957,0.497779,1232.62,261106,-1,-1,-1,-1,-1,-1,-1,-1,-1,0,0,0
1200,1,1,405,1,0,0,-1,-1,935.644,23.1957,0.267264,866.346,254385,-1,-1,-1,-1,-1,-1,-1,-1,-1,0,0,0
1200,1,1,406,1,1,2,10392.9,24763.6,835.302,69.5741,0.841882,720.032,11975.8,150.067,23.1957,0.302342,126.569,358.191,46.3784,0.395885,311.416,508.258,1,0,0
1200,1,1,407,1,1,1,4320.38,18640.1,591.812,46.3844,0.517824,498.711,9783.36,143.609,23.1957,0.302342,120.111,102.473,23.1887,0.0718272,79.2127,246.082,0,0,0
1200,1,1,408,1,1,2,10347.8,24678.1,606.511,69.5957,0.734976,490.662,15959,81.2974,23.2173,0.339091,57.741,314.366,46.3784,0.108576,267.879,395.664,1,0,0
1200,1,1,409,1,1,1,4318.22,18790.4,633.916,46.3844,0.517824,540.938,9184.99,150.789,23.1957,0.302342,127.291,155.875,23.1887,0.0718272,132.615,306.664,0,0,0
1200,1,1,410,1,1,1,4345.32,18696.4,550.231,46.3844,0.6264,456.901,10579,153.687,23.1957,0.267264,130.224,94.2325,23.1887,0.0718272,70.972,247.919,0,0,0
1200,1,1,411,1,1,1,4333.9,30814.9,827.24,57.9922,0.659808,723.393,17970.9,514.976,34.8035,0.409248,479.514,85.2508,23.1887,0.106906,61.9552,600.227,0,0,0
1200,1,1,412,1,1,1,4317.26,18633.3,397.407,46.3844,0.482746,303.777,13233.8,73.427,23.1957,0.267264,49.9641,115.923,23.1887,0.0718272,92.662,189.35,0,0,0
1200,1,1,413,1,1,1,4325.61,18707.4,491.615,46.3844,0.482746,398.258,11632.7,99.4775,23.1957,0.267264,76.0146,146.788,23.1887,0.0718272,123.528,246.266,0,0,0
1200,1,1,414,1,1,1,4331.13,24653.6,748.368,52.1883,0.696557,649.899,13112.6,318.839,28.9996,0.481075,289.358,101.919,23.1887,0.0718272,78.6586,420.758,0,0,0
1200,1,1,415,1,1,1,4323.08,18716.8,453.897,46.3844,0.552902,360.361,12312.3,151.628,23.1957,0.302342,128.13,80.1576,23.1887,0.106906,56.862,231.786,0,0,0
1200,1,1,416,1,1,1,4348.83,18815.1,546.501,46.3844,0.482746,453.304,10764.4,161.474,23.1957,0.267264,138.011,90.76,23.1887,0.0718272,67.4995,252.234,0,0,0
1200,1,1,417,1,1,1,4333.96,18647.2,449.926,46.3844,0.482746,356.448,12313.7,92.6554,23.1957,0.267264,69.1924,138.134,23.1887,0.0718272,114.874,230.79,0,0,0
1200,1,1,418,1,1,2,10338.2,24667.4,677.684,69.5741,0.519494,562.278,14683.4,103.017,23.1957,0.267264,79.5538,338.966,46.3784,0.108576,292.479,441.982,1,0,0
1200,1,1,419,1,1,1,4315.34,30660.4,443.446,57.9922,1.0156,338.127,24640.2,330.641,34.8035,0.800122,294.274,24.356,23.1887,0.0718272,1.09551,354.997,0,0,0
1200,1,1,420,1,1,1,4319.5,18661.8,602.344,46.3844,0.482746,509.309,9618.02,121.491,23.1957,0.267264,98.0277,148.106,23.1887,0.0718272,124.845,269.596,0,0,0
1200,1,1,421,1,1,1,4321.95,18642,437.126,46.3844,0.482746,343.61,12536.2,87.6254,23.1957,0.267264,64.1624,135.073,23.1887,0.0718272,111.813,222.699,0,0,0
1200,1,1,422,1,1,1,4314.38,18722.4,479.5,46.3844,0.482746,386.108,11863.1,157.231,23.1957,0.267264,133.768,85.2446,23.1887,0.0718272,61.9841,242.476,0,0,0
1200,1,1,423,1,1,1,4328.37,18707.9,605.762,46.3844,0.587981,512.632,9602.63,122.569,23.1957,0.372499,99.0005,150.56,23.1887,0.0718272,127.3,273.129,0,0,0
1200,1,1,424,1,1,1,4319.59,18678.2,625.596,46.3844,0.661478,532.45,9220.31,149.469,23.1957,0.302342,125.971,147.712,23.1887,0.0718272,124.452,297.182,0,0,0
1200,1,1,425,1,1,1,4320.44,18674.2,599.52,46.3844,0.482746,506.477,9680.63,143.93,23.1957,0.267264,120.467,108.001,23.1887,0.0718272,84.7408,251.931,0,0,0
1200,1,1,426,1,1,1,4351.88,18688,417.391,46.3844,0.482746,323.819,12933.1,82.3771,23.1957,0.267264,58.9141,122.748,23.1887,0.0718272,99.4878,205.125,0,0,0
1200,1,1,427,1,1,1,4331.82,18666.3,488.692,46.3844,0.821837,394.988,11642.6,154.873,23.1957,0.462701,131.214,87.0656,23.1887,0.0718272,63.8051,241.938,0,0,0
1200,1,1,428,1,1,1,4332.94,18655,501.666,46.3844,0.517824,408.304,11401.3,89.3309,23.1957,0.267264,65.868,147.08,23.1887,0.106906,123.784,236.411,0,0,0
1200,1,1,429,1,1,1,4333.03,18658.3,551.395,46.3844,0.482746,458.212,10520.6,95.9943,23.1957,0.267264,72.5313,145.162,23.1887,0.0718272,121.902,241.156,0,0,0
1200,1,1,430,1,1,1,4393.82,30760.4,950.092,57.9922,0.785088,846.476,15731.7,496.563,34.8035,0.534528,460.941,106.567,23.1887,0.106906,83.2717,603.13,0,0,0
1200,1,1,431,1,1,1,4329.31,18713.1,639.191,46.3844,0.517824,546.228,9013.89,148.926,23.1957,0.302342,125.428,154.027,23.1887,0.0718272,130.767,302.954,0,0,0
1200,1,1,432,1,1,1,4338.86,18722.3,1259.26,46.3844,0.517824,1168.1,259653,146.926,23.1957,0.267264,123.463,142.008,23.1887,0.106906,118.713,288.934,0,0,0
1200,1,1,433,1,0,0,-1,-1,1557,23.1957,0.302342,1489.47,272163,-1,-1,-1,-1,-1,-1,-1,-1,-1,0,0,0
1200,1,1,434,1,0,0,-1,-1,1114.13,28.9996,0.516154,1039.46,257375,-1,-1,-1,-1,-1,-1,-1,-1,-1,0,0,0
1200,1,1,435,1,1,1,4325.61,18643.2,424.402,46.3844,0.6264,330.706,12763.3,84.2179,23.1957,0.267264,60.755,124.429,23.1887,0.0718272,101.168,208.647,0,0,0
1200,1,1,436,1,1,1,4328.15,18653.5,441.445,46.3844,0.678182,347.747,12470.4,88.1511,23.1957,0.462701,64.4927,136.75,23.1887,0.0718272,113.489,224.901,0,0,0
1200,1,1,437,1,1,1,4416.83,18745.9,580.365,46.3844,0.517824,487.231,10092.8,106.898,23.1957,0.302342,83.3998,148.716,23.1887,0.0718272,125.455,255.614,0,0,0
1200,1,1,438,1,1,1,4348.39,18715.1,611.017,46.3844,0.965491,517.525,9515.87,128.247,23.1957,0.462701,104.588,152.046,23.1887,0.0718272,128.785,280.292,0,0,0
1200,1,1,439,1,1,1,4321.8,18669.6,420.528,46.3844,0.713261,326.734,12858.2,84.2229,23.1957,0.497779,60.5294,122.573,23.1887,0.0718272,99.3127,206.796,0,0,0
1200,1,1,440,1,1,1,4349.68,18705.1,625.062,46.3844,0.482746,532.093,9257.37,144.621,23.1957,0.267264,121.158,141.388,23.1887,0.0718272,118.128,286.009,0,0,0
1200,1,1,441,1,1,1,4318.54,18653.6,452.096,46.3844,0.482746,358.625,12281.6,149.6,23.1957,0.267264,126.137,80.1081,23.1887,0.0718272,56.8476,229.709,0,0,0
1200,1,1,442,1,1,1,4328.16,18822.7,523.816,46.3844,0.482746,430.553,11175.4,161.093,23.1957,0.267264,137.63,86.6451,23.1887,0.0718272,63.3846,247.738,0,0,0
1200,1,1,443,1,1,1,4331.46,18725.6,483.024,46.3844,0.482746,389.642,11803.6,156.751,23.1957,0.267264,133.288,85.943,23.1887,0.0718272,62.6825,242.694,0,0,0
1200,1,1,444,1,1,1,4346.95,18782.6,623.552,46.3844,0.587981,530.474,9361.01,145.641,23.1957,0.267264,122.178,143.517,23.1887,0.177062,120.151,289.157,0,0,0
1200,1,1,445,1,1,1,4417.8,18792.5,618.152,46.3844,0.517824,525.128,9467.43,137.773,23.1957,0.302342,114.275,145.272,23.1887,0.0718272,122.012,283.045,0,0,0
1200,1,1,446,1,1,1,4320.92,18634.1,457.815,46.3844,0.482746,364.36,12160.4,96.1007,23.1957,0.267264,72.6378,142.814,23.1887,0.0718272,119.554,238.915,0,0,0
1200,1,1,447,1,1,1,4327.61,18747.4,431.719,46.3844,0.783418,337.887,12736.6,147.764,23.1957,0.567936,124.001,74.9229,23.1887,0.0718272,51.6624,222.687,0,0,0
1200,1,1,448,1,1,1,4329.03,18645.1,507.771,46.3844,0.482746,414.461,11283.1,90.6611,23.1957,0.267264,67.1981,147.095,23.1887,0.0718272,123.835,237.756,0,0,0
1200,1,1,449,1,1,1,4326.92,18650.4,418.342,46.3844,0.482746,324.772,12878.6,83.3751,23.1957,0.267264,59.9121,121.2,23.1887,0.0718272,97.9393,204.575,0,0,0
1200,1,1,450,1,1,1,4359.26,18688.1,614.956,46.3844,0.517824,521.923,9419.84,140.522,23.1957,0.267264,117.059,129.468,23.1887,0.106906,106.173,269.991,0,0,0
1200,1,1,451,1,1,1,4317.19,18727,631.294,46.3844,0.517824,538.309,9168.24,145.712,23.1957,0.302342,122.214,143.146,23.1887,0.0718272,119.886,288.858,0,0,0
1200,1,1,452,1,1,1,4327.59,18653.8,515.381,46.3844,0.517824,422.058,11156.2,89.4789,23.1957,0.267264,66.016,147.989,23.1887,0.106906,124.694,237.468,0,0,0
1200,1,1,453,1,1,1,4321.29,18676.1,548.958,46.3844,0.482746,455.768,10581.7,153.715,23.1957,0.267264,130.252,93.8697,23.1887,0.0718272,70.6092,247.585,0,0,0
1200,1,1,454,1,1,1,4362.98,18682.8,478.805,46.3844,0.482746,385.411,11835.8,99.862,23.1957,0.267264,76.399,145.052,23.1887,0.0718272,121.792,244.914,0,0,0
1200,1,1,455,1,0,0,-1,-1,1420.86,23.1957,0.267264,1352.97,266240,-1,-1,-1,-1,-1,-1,-1,-1,-1,0,0,0
1200,1,1,456,1,1,1,4349.12,18693.3,538.664,46.3844,0.873619,445.053,10781,85.4246,23.1957,0.658138,61.5708,149.683,23.1887,0.0718272,126.423,235.108,0,0,0
1200,1,1,457,1,1,1,4330.97,24771.8,713.081,52.1883,0.891994,614.314,13857.9,330.325,28.9996,0.676512,300.649,89.4479,23.1887,0.0718272,66.1874,419.773,0,0,0
1200,1,1,458,1,1,3,16328.5,30666.1,959.502,92.7639,0.699898,822.182,16069.8,103.62,23.1957,0.267264,80.1566,535.6,69.5682,0.288979,465.743,639.22,2,0,0
1200,1,1,459,1,1,1,4317.26,24638.4,505.255,52.1883,0.696557,406.08,17420.5,277.648,28.9996,0.481075,248.079,48.1848,23.1887,0.0718272,24.9243,325.833,0,0,0
1200,1,1,460,1,1,2,10332.6,24650.6,657.976,69.5741,0.663149,542.369,15016.7,94.1768,23.1957,0.267264,70.7139,340.165,46.3784,0.25223,293.534,434.342,1,0,0
1200,1,1,461,1,1,1,4327.88,18666.6,581.782,46.3844,0.482746,488.688,9988.51,146.758,23.1957,0.267264,123.295,101.618,23.1887,0.0718272,78.3572,248.376,0,0,0
1200,1,1,462,1,1,1,4324.07,18649.2,544.605,46.3844,0.678182,451.207,10631.7,91.1579,23.1957,0.462701,67.4995,150.477,23.1887,0.0718272,127.217,241.635,0,0,0
1200,1,1,463,1,1,1,4321.22,18660.8,623.325,46.3844,0.482746,530.351,9244.02,144.968,23.1957,0.267264,121.505,143.855,23.1887,0.0718272,120.595,288.823,0,0,0
1200,1,1,464,1,1,1,4411.25,18739,636.449,46.3844,0.482746,543.514,9088.85,143.435,23.1957,0.267264,119.972,151.17,23.1887,0.0718272,127.91,294.606,0,0,0
1200,1,1,465,1,1,1,4322.67,18835.7,471.837,46.3844,0.482746,378.423,12112.6,159.826,23.1957,0.267264,136.363,85.1796,23.1887,0.0718272,61.9191,245.006,0,0,0
1200,1,1,466,1,1,1,4324.17,24662.3,512.507,52.1883,0.641434,413.407,17314.9,281.83,28.9996,0.425952,252.325,50.4733,23.1887,0.0718272,27.2128,332.304,0,0,0
1200,1,1,467,1,1,1,4353.37,24733.8,776.729,52.1883,0.606355,678.433,12688.2,322.904,28.9996,0.355795,293.549,108.323,23.1887,0.106906,85.0277,431.228,0,0,0
1200,1,1,468,1,1,1,4356.87,18734.8,632.446,46.3844,0.770054,539.211,9155,148.68,23.1957,0.267264,125.217,157.121,23.1887,0.0718272,133.86,305.801,0,0,0
1200,1,1,469,1,1,1,4357.58,18677.9,444.476,46.3844,0.517824,350.947,12441.2,88.739,23.1957,0.267264,65.276,138.222,23.1887,0.106906,114.926,226.961,0,0,0
1200,1,1,470,1,1,1,4315.66,18670.9,530.75,46.3844,0.482746,437.507,10900.3,156.744,23.1957,0.267264,133.281,87.2804,23.1887,0.0718272,64.0199,244.024,0,0,0
1200,1,1,471,1,1,1,4336.42,18686.9,634.984,46.3844,0.6264,541.9,9062.39,148.828,23.1957,0.267264,125.365,157.68,23.1887,0.0718272,134.42,306.508,0,0,0
1200,1,1,472,0,0,0,-1,-1,1526.59,40.608,0.943776,1441.4,269516,-1,-1,-1,-1,-1,-1,-1,-1,-1,0,0,0
1200,1,1,473,1,1,1,4331.06,18647.6,515.411,46.3844,0.6264,421.98,11149.3,89.1884,23.1957,0.267264,65.7254,147.96,23.1887,0.0718272,124.699,237.148,0,0,0
1200,1,1,474,1,1,2,4351.1,18685.1,514.443,69.5741,0.698227,398.384,11576.9,94.7941,23.1957,0.267264,71.3311,166.658,46.3784,0.287309,119.992,261.452,1,0,0
1200,1,1,475,1,1,1,4327.34,18643.1,444.131,46.3844,0.482746,350.637,12412.7,88.5639,23.1957,0.267264,65.1009,137.436,23.1887,0.0718272,114.175,226,0,0,0
1200,1,1,476,1,1,1,4363.2,18688.8,491.049,46.3844,0.965491,397.208,11622.9,94.6737,23.1957,0.462701,71.0153,144.556,23.1887,0.0718272,121.295,239.229,0,0,0
1200,1,1,477,1,1,1,4330.38,18694,494.397,46.3844,0.482746,401.048,11569.8,153.845,23.1957,0.267264,130.382,86.5278,23.1887,0.0718272,63.2673,240.373,0,0,0
1200,1,1,478,1,1,1,4316.62,18671.5,564.9,46.3844,0.482746,471.757,10293.6,150.487,23.1957,0.267264,127.024,96.2448,23.1887,0.0718272,72.9843,246.731,0,0,0
1200,1,1,479,1,1,1,4315.02,18652.4,427.084,46.3844,0.482746,333.54,12725.2,143.818,23.1957,0.267264,120.355,74.7948,23.1887,0.0718272,51.5343,218.613,0,0,0
1200,1,1,480,1,1,2,10329.4,24644.7,751.027,69.5741,0.519494,635.835,13356.6,99.7771,23.1957,0.267264,76.3142,339.57,46.3784,0.108576,293.083,439.347,1,0,0
1200,1,1,481,1,1,2,10351.4,24671.1,684.574,69.5741,0.519494,569.189,14564.6,100.806,23.1957,0.267264,77.3429,341.935,46.3784,0.108576,295.448,442.74,1,0,0
1200,1,1,482,0,0,0,-1,-1,804.551,23.206,0.516154,734.613,252248,-1,-1,-1,-1,-1,-1,-1,-1,-1,0,0,0
1200,1,1,483,1,1,1,4381.28,18712.3,629.127,46.3844,0.482746,536.17,9192.27,145.599,23.1957,0.267264,122.136,152.744,23.1887,0.0718272,129.484,298.343,0,0,0
1200,1,1,484,1,1,1,4345.93,18676.3,616.809,46.3844,0.840211,523.459,9374.07,140.95,23.1957,0.267264,117.487,132.404,23.1887,0.141984,109.073,273.354,0,0,0
1200,1,1,485,1,1,1,4348.37,18700.6,621.036,46.3844,1.10413,527.435,9322.81,141.309,23.1957,0.853574,117.26,143.259,23.1887,0.106906,119.963,284.568,0,0,0
1200,1,1,486,1,0,0,-1,-1,1534.86,23.1957,0.267264,1467.3,271232,-1,-1,-1,-1,-1,-1,-1,-1,-1,0,0,0
1200,1,1,487,1,1,1,4369.81,18693.7,555.436,46.3844,0.482746,462.265,10484,96.783,23.1957,0.267264,73.32,146.418,23.1887,0.0718272,123.158,243.201,0,0,0
1200,1,1,488,1,1,1,4381.93,18701.7,581.264,46.3844,0.482746,488.168,10032.8,105.462,23.1957,0.267264,81.9993,148.384,23.1887,0.0718272,125.123,253.846,0,0,0
1200,1,1,489,1,1,1,4323.14,18637.6,509.108,46.3844,0.482746,415.802,11251.8,89.0115,23.1957,0.267264,65.5485,147.068,23.1887,0.0718272,123.807,236.079,0,0,0
1200,1,1,490,1,1,1,4316.94,18651.8,560.652,46.3844,0.517824,467.461,10349.1,151.038,23.1957,0.302342,127.54,96.326,23.1887,0.0718272,73.0655,247.364,0,0,0
1200,1,1,491,1,1,3,16356.7,30686.3,894.192,92.7639,0.556243,756.827,17251.8,89.035,23.1957,0.267264,65.572,535.162,69.5682,0.145325,465.449,624.197,2,0,0
1200,1,1,492,1,1,1,4323.59,18678.1,532.208,46.3844,0.482746,438.969,10881.5,156.307,23.1957,0.267264,132.844,87.9806,23.1887,0.0718272,64.7201,244.288,0,0,0
1200,1,1,493,1,1,1,4325.1,18802.2,640.816,46.3844,0.678182,547.697,9073.88,149.646,23.1957,0.462701,125.988,151.721,23.1887,0.0718272,128.46,301.367,0,0,0
1200,1,1,494,1,1,1,4351.24,18766.8,633.009,46.3844,0.661478,539.884,9177.17,149.397,23.1957,0.302342,125.899,156.263,23.1887,0.0718272,133.003,305.661,0,0,0
1200,1,1,495,1,1,1,4326.78,24651.5,509.472,52.1883,0.676512,410.328,17357.9,279.553,28.9996,0.46103,250.008,49.6503,23.1887,0.0718272,26.3898,329.203,0,0,0
1200,1,1,496,1,1,1,4314.7,24629.5,396.829,52.1883,0.83687,297.198,19338.7,219.702,28.9996,0.621389,189.825,30.1945,23.1887,0.0718272,6.93404,249.897,0,0,0
1200,1,1,497,1,1,1,4342.57,18685.7,631.766,46.3844,0.6264,538.673,9118.39,148.012,23.1957,0.267264,124.549,157.731,23.1887,0.0718272,134.47,305.743,0,0,0
1200,1,1,498,1,0,0,-1,-1,816.862,23.1957,0.462701,747.023,252493,-1,-1,-1,-1,-1,-1,-1,-1,-1,0,0,0
1200,1,1,499,1,1,1,4439.44,18851.7,619.857,46.3844,0.908698,526.448,9495.38,138.617,23.1957,0.658138,114.764,146.156,23.1887,0.106906,122.86,284.773,0,0,0
1200,1,1,500,1,1,2,10340.8,24804.6,617.025,69.5741,1.11249,500.85,15897.5,160.094,23.1957,0.267264,136.631,177.876,46.3784,0.701568,130.796,337.969,1,0,0
1200,1,1,501,1,1,1,4318.54,18684.4,538.898,46.3844,0.482746,445.679,10768.8,157.755,23.1957,0.267264,134.292,87.5493,23.1887,0.0718272,64.2888,245.304,0,0,0
1200,1,1,502,1,1,1,4444.88,18899.2,640.395,46.3844,0.805133,547.149,9177.81,146.671,23.1957,0.267264,123.208,152.276,23.1887,0.106906,128.98,298.947,0,0,0
1200,1,1,503,1,1,1,4385.2,18722.5,636.486,46.3844,0.856915,543.176,9070.57,152.249,23.1957,0.497779,128.556,153.986,23.1887,0.0718272,130.725,306.235,0,0,0
1200,1,1,504,1,1,1,4326.28,18710,627.931,46.3844,0.713261,534.741,9210.58,150.591,23.1957,0.497779,126.897,149.021,23.1887,0.0718272,125.76,299.612,0,0,0
1200,1,1,505,1,1,1,4359.59,18692.6,439.444,46.3844,0.965491,345.453,12544.3,88.5897,23.1957,0.462701,64.9313,135.418,23.1887,0.0718272,112.157,224.008,0,0,0
1200,1,1,506,1,1,1,4329.55,18644.7,525.488,46.3844,0.482746,432.23,10967.6,86.1004,23.1957,0.267264,62.6374,150.512,23.1887,0.0718272,127.251,236.612,0,0,0
1200,1,1,507,1,1,1,4343.31,24758.7,753.473,52.1883,0.606355,655.11,13126.7,323.639,28.9996,0.355795,294.283,104.068,23.1887,0.106906,80.772,427.706,0,0,0
1200,1,1,508,1,1,1,4319.5,24700.5,560.434,52.1883,0.696557,461.419,16501.4,300.25,28.9996,0.481075,270.736,54.9366,23.1887,0.0718272,31.676,355.186,0,0,0
1200,1,1,509,1,1,1,4370.52,24733.5,774.534,52.1883,0.696557,676.141,12727.3,296.176,28.9996,0.481075,266.654,143.372,23.1887,0.0718272,120.111,439.548,0,0,0
1200,1,1,510,1,1,1,4331.88,18657.8,563.36,46.3844,0.482746,470.212,10307.3,101.118,23.1957,0.267264,77.6551,147.727,23.1887,0.0718272,124.466,248.845,0,0,0
1200,1,1,511,1,1,1,4333.96,18679,531.062,46.3844,0.517824,437.785,10902.5,156.282,23.1957,0.267264,132.819,87.9074,23.1887,0.106906,64.6118,244.189,0,0,0
1200,1,1,512,0,0,0,-1,-1,1374.02,23.206,0.516154,1305.73,263715,-1,-1,-1,-1,-1,-1,-1,-1,-1,0,0,0
1200,1,1,513,1,1,1,4317.5,24770.2,697.237,52.1883,0.891994,598.425,14138,337.833,28.9996,0.676512,308.157,85.3312,23.1887,0.0718272,62.0707,423.164,0,0,0
1200,1,1,514,1,1,2,10366.8,24700.7,796.008,69.5741,0.75001,680.716,12611.9,127.001,23.1957,0.462701,103.343,339.54,46.3784,0.143654,293.018,466.542,1,0,0
1200,1,1,515,0,0,0,-1,-1,875.876,34.8138,0.978854,794.394,253253,-1,-1,-1,-1,-1,-1,-1,-1,-1,0,0,0
1200,1,1,516,0,0,0,-1,-1,935.665,23.206,0.551232,866.073,254392,-1,-1,-1,-1,-1,-1,-1,-1,-1,0,0,0
1200,1,1,517,1,0,0,-1,-1,1475,23.1957,0.302342,1407.23,268307,-1,-1,-1,-1,-1,-1,-1,-1,-1,0,0,0
1200,1,1,518,1,0,0,-1,-1,1311.8,23.1957,0.267264,1243.59,261377,-1,-1,-1,-1,-1,-1,-1,-1,-1,0,0,0
1200,1,1,519,1,1,1,4316.87,18666.9,489.183,46.3844,0.482746,395.82,11635.4,155.311,23.1957,0.267264,131.848,87.4446,23.1887,0.0718272,64.1841,242.755,0,0,0
1200,1,1,520,1,1,1,4333.9,18656.5,448.998,46.3844,0.6264,355.374,12344,92.5778,23.1957,0.267264,69.1148,137.77,23.1887,0.0718272,114.509,230.347,0,0,0
1200,1,1,521,1,1,1,4387.13,18795.1,918.225,46.3844,0.965491,825.626,253744,145.78,23.1957,0.462701,122.122,152.816,23.1887,0.0718272,129.556,298.596,0,0,0
1200,1,1,522,1,1,1,4341.75,18658.8,623.587,46.3844,0.6264,530.47,9236.93,145.587,23.1957,0.267264,122.124,142.834,23.1887,0.0718272,119.573,288.42,0,0,0
1200,1,1,523,1,1,1,4380.66,18707,632.418,46.3844,0.482746,539.471,9128.49,148.241,23.1957,0.267264,124.778,156.947,23.1887,0.0718272,133.687,305.189,0,0,0
1200,1,1,524,1,1,1,4315.78,18632.8,438.132,46.3844,0.482746,344.619,12509.1,87.99,23.1957,0.267264,64.527,135.043,23.1887,0.0718272,111.782,223.033,0,0,0
1200,1,1,525,1,1,1,4439.19,18789.7,617.904,46.3844,0.6264,524.771,9468.88,136.945,23.1957,0.267264,113.482,145.723,23.1887,0.0718272,122.463,282.669,0,0,0
1200,1,1,526,1,1,1,4442.85,18768,625.69,46.3844,0.678182,532.528,9308.7,144.56,23.1957,0.462701,120.902,146.913,23.1887,0.0718272,123.652,291.473,0,0,0
1200,1,1,527,1,1,1,4333.53,30816.6,796.03,57.9922,1.60191,691.15,18525.4,513.39,34.8035,1.38643,476.945,76.1448,23.1887,0.0718272,52.8842,589.534,0,0,0
1200,1,1,528,1,1,1,4315.02,18703.6,415.163,46.3844,0.873619,321.193,12987.4,137.854,23.1957,0.658138,114,69.559,23.1887,0.0718272,46.2985,207.413,0,0,0
1200,1,1,529,1,1,1,4374.55,18718.6,615.789,46.3844,0.517824,522.759,9435.58,140.966,23.1957,0.267264,117.503,130.371,23.1887,0.106906,107.075,271.337,0,0,0
1200,1,1,530,1,1,1,4334.77,18811.6,518.571,46.3844,0.678182,425.097,11257,160.423,23.1957,0.462701,136.764,84.5118,23.1887,0.0718272,61.2513,244.934,0,0,0
1200,1,1,531,1,0,0,-1,-1,1507,23.1957,0.302342,1439.33,269451,-1,-1,-1,-1,-1,-1,-1,-1,-1,0,0,0
1200,1,1,532,1,1,1,4315.98,30724.7,768.733,57.9922,0.980525,664.396,18920.5,500.066,34.8035,0.765043,464.216,66.2887,23.1887,0.0718272,43.0282,566.354,0,0,0
1200,1,1,533,1,1,2,10358.8,24845.2,618.107,69.5741,0.519494,502.529,15920.6,161.117,23.1957,0.267264,137.654,178.055,46.3784,0.108576,131.568,339.172,1,0,0
1200,1,1,534,1,1,1,4325.88,18697,622.678,46.3844,0.517824,529.667,9291.47,146.824,23.1957,0.302342,123.326,140.201,23.1887,0.0718272,116.94,287.024,0,0,0
1200,1,1,535,1,1,1,4319.3,18713.3,631.497,46.3844,0.678182,538.352,9150.69,149.038,23.1957,0.462701,125.379,152.213,23.1887,0.0718272,128.953,301.251,0,0,0
1200,1,1,536,1,1,2,10329.6,24803.4,789.225,69.5741,0.785088,673.878,12835,152.808,23.1957,0.532858,129.079,304.283,46.3784,0.108576,257.796,457.091,1,0,0
1200,1,1,537,1,1,1,4337.7,18686.7,623.278,46.3844,0.6264,530.16,9270.32,149.97,23.1957,0.267264,126.507,143.976,23.1887,0.0718272,120.716,293.947,0,0,0
1200,1,1,538,1,1,1,4316.3,18643.3,530.568,46.3844,0.482746,437.325,10875.9,157.009,23.1957,0.267264,133.546,88.1431,23.1887,0.0718272,64.8826,245.152,0,0,0
1200,1,1,539,1,1,1,4387.7,24803,814.151,52.1883,1.12251,715.448,12091.1,331.789,28.9996,0.871949,301.918,155.611,23.1887,0.106906,132.315,487.4,0,0,0
1200,1,1,540,1,1,1,4352.07,18735.1,614.645,46.3844,0.552902,521.576,9472.15,141.28,23.1957,0.337421,117.747,127.829,23.1887,0.0718272,104.568,269.109,0,0,0
1200,1,1,541,1,1,2,4387.04,18711.9,517.709,69.5741,0.75168,401.606,11565.1,94.5071,23.1957,0.267264,71.0441,168.558,46.3784,0.340762,121.838,263.065,1,0,0
1200,1,1,542,1,1,1,4335.65,18760.2,639.609,46.3844,0.6264,546.539,9053.44,151.708,23.1957,0.267264,128.245,154.325,23.1887,0.0718272,131.065,306.034,0,0,0
1200,1,1,543,1,1,1,4316.62,18720.5,464.23,46.3844,0.517824,370.758,12132.4,155.35,23.1957,0.302342,131.851,84.1202,23.1887,0.0718272,60.8597,239.47,0,0,0
1200,1,1,544,1,1,1,4352.39,30737.9,844.655,57.9922,0.785088,740.733,17584.2,509.682,34.8035,0.569606,474.06,87.0078,23.1887,0.0718272,63.7473,596.69,0,0,0
1200,1,1,545,1,1,1,4329.64,18676,600.803,46.3844,0.821837,507.425,9658.8,144.957,23.1957,0.462701,121.299,107.653,23.1887,0.0718272,84.3924,252.61,0,0,0
1200,1,1,546,1,1,1,4377.66,18691.8,548.823,46.3844,0.482746,455.633,10599.8,94.3663,23.1957,0.267264,70.9034,147.308,23.1887,0.0718272,124.048,241.674,0,0,0
1200,1,1,547,1,1,1,4455.67,18791.6,627.353,46.3844,0.517824,534.356,9302.94,146.022,23.1957,0.267264,122.559,147.004,23.1887,0.106906,123.708,293.025,0,0,0
1200,1,1,548,1,1,1,4367.29,18739.8,640.461,46.3844,0.678182,547.342,9017.82,149.085,23.1957,0.462701,125.426,155.412,23.1887,0.0718272,132.151,304.496,0,0,0
1200,1,1,549,1,1,1,4347.2,18709.6,624.839,46.3844,0.678182,531.674,9265.38,148.516,23.1957,0.462701,124.858,145.234,23.1887,0.0718272,121.974,293.751,0,0,0
1200,1,1,550,1,1,1,4316.94,18632.6,548.627,46.3844,0.482746,455.436,10544,152.427,23.1957,0.267264,128.964,93.8625,23.1887,0.0718272,70.602,246.289,0,0,0
1200,1,1,551,1,1,1,4378.02,18694.9,569.203,46.3844,0.482746,476.072,10240.4,100.974,23.1957,0.267264,77.5107,149.115,23.1887,0.0718272,125.854,250.088,0,0,0
1200,1,1,552,1,1,1,4328.17,24739.7,661.273,52.1883,0.714931,562.533,14747.1,339.447,28.9996,0.355795,310.092,85.0659,23.1887,0.0718272,61.8054,424.513,0,0,0
1200,1,1,553,1,1,1,4317.26,48686.2,980.953,75.404,0.75001,860.529,33408.1,871.269,52.2153,0.534528,816.851,24.1197,23.1887,0.0718272,0.859085,895.389,0,0,0
1200,1,1,554,1,1,1,4317.58,24666.4,451.501,52.1883,0.731635,352.135,18404.1,249.935,28.9996,0.516154,220.245,38.2403,23.1887,0.0718272,14.9798,288.175,0,0,0
1200,1,1,555,1,1,1,4320.71,18679,624.299,46.3844,0.482746,531.328,9244.88,146.283,23.1957,0.267264,122.82,140.471,23.1887,0.0718272,117.211,286.755,0,0,0
1200,1,1,556,1,1,1,4337.9,18680,593.933,46.3844,0.517824,500.839,9785.58,142.831,23.1957,0.267264,119.368,102.633,23.1887,0.106906,79.3372,245.463,0,0,0
1200,1,1,557,1,1,1,4323.59,18709,396.931,46.3844,0.517824,303.264,13317.6,130.517,23.1957,0.302342,107.019,63.3668,23.1887,0.0718272,40.1063,193.884,0,0,0
1200,1,1,558,1,1,1,4344.45,18684.9,391.981,46.3844,0.517824,298.299,13381.6,127.475,23.1957,0.267264,104.012,62.2486,23.1887,0.106906,38.953,189.724,0,0,0
1200,1,1,559,1,1,1,4402.92,18760.3,639.623,52.1883,0.766714,540.769,9152.56,154.374,28.9996,0.551232,124.824,159.532,23.1887,0.0718272,136.271,313.906,0,0,0
1200,1,1,560,1,1,1,4321.13,18701.7,494.838,46.3844,0.517824,401.456,11569.4,154.211,23.1957,0.302342,130.713,86.4484,23.1887,0.0718272,63.1879,240.659,0,0,0
1200,1,1,561,1,1,1,4321.19,18641.5,418.108,46.3844,0.661478,324.359,12873.2,83.3344,23.1957,0.302342,59.8363,121.005,23.1887,0.0718272,97.7444,204.339,0,0,0
1200,1,1,562,1,1,1,4415.6,18761.1,633.506,46.3844,0.517824,540.527,9162.99,147.871,23.1957,0.267264,124.408,157.804,23.1887,0.106906,134.508,305.675,0,0,0
1200,1,1,563,1,1,1,4315.34,18633,426.524,46.3844,0.482746,332.978,12715.7,85.7195,23.1957,0.267264,62.2566,126.762,23.1887,0.0718272,103.502,212.482,0,0,0
1200,1,1,564,1,1,1,4354.48,18681.8,489.403,46.3844,0.482746,396.04,11646.4,101.176,23.1957,0.267264,77.7129,146.494,23.1887,0.0718272,123.234,247.67,0,0,0
1200,1,1,565,1,1,1,4334.66,24799.7,713.977,52.1883,0.731635,615.374,13870,330.426,28.9996,0.516154,300.911,89.984,23.1887,0.0718272,66.7235,420.41,0,0,0
1200,1,1,566,1,1,1,4332.64,18772.9,623.185,46.3844,0.482746,530.211,9358.55,145.998,23.1957,0.267264,122.535,143.17,23.1887,0.0718272,119.909,289.168,0,0,0
1200,1,1,567,1,1,1,4329.13,18646.1,419.214,46.3844,0.661478,325.469,12858.2,83.0402,23.1957,0.302342,59.5422,121.566,23.1887,0.0718272,98.3057,204.606,0,0,0
1200,1,1,568,1,1,2,10374.9,30703.8,994.993,75.3781,1.26449,874.121,15174.9,317.572,28.9996,1.01226,287.561,351.282,46.3784,0.108576,304.795,668.854,1,0,0
1200,1,1,569,1,1,1,4328.1,18646.8,453.079,46.3844,0.482746,359.61,12257.3,92.7944,23.1957,0.267264,69.3314,139.538,23.1887,0.0718272,116.278,232.333,0,0,0
1200,1,1,570,1,0,0,-1,-1,1031.74,28.9996,0.320717,957.026,255983,-1,-1,-1,-1,-1,-1,-1,-1,-1,0,0,0
1200,1,1,571,1,1,1,4324.81,18794.2,448.964,46.3844,0.517824,355.448,12477.6,154.777,23.1957,0.302342,131.279,78.6697,23.1887,0.0718272,55.4092,233.447,0,0,0
1200,1,1,572,1,0,0,-1,-1,936.321,28.9996,0.58631,861.061,254328,-1,-1,-1,-1,-1,-1,-1,-1,-1,0,0,0
1200,1,1,573,1,1,1,4337.13,18654.5,528.91,46.3844,0.6264,435.518,10916.2,86.5443,23.1957,0.267264,63.0814,148.259,23.1887,0.0718272,124.999,234.803,0,0,0
1200,1,1,574,1,1,1,4332.21,18648.3,508.115,46.3844,0.482746,414.806,11280.2,90.5672,23.1957,0.267264,67.1043,147.577,23.1887,0.0718272,124.316,238.144,0,0,0
1200,1,1,575,1,1,1,4348.92,18680.6,605.781,46.3844,0.482746,512.756,9575.74,122.714,23.1957,0.267264,99.2514,153.002,23.1887,0.0718272,129.742,275.716,0,0,0
1200,1,1,576,1,0,0,-1,-1,823.844,23.1957,0.267264,754.221,252604,-1,-1,-1,-1,-1,-1,-1,-1,-1,0,0,0
1200,1,1,577,1,1,1,4323.37,24692.3,752.113,52.1883,1.03565,653.316,13083.9,322.13,28.9996,0.676512,292.453,103.984,23.1887,0.0718272,80.7233,426.113,0,0,0
1200,1,1,578,1,1,1,4352.77,18745,629.697,46.3844,0.482746,536.742,9214.82,147.915,23.1957,0.267264,124.452,151.571,23.1887,0.0718272,128.31,299.486,0,0,0
1200,1,1,579,1,1,1,4322.33,18642.1,558.339,46.3844,0.482746,465.176,10380.9,152.113,23.1957,0.267264,128.65,98.721,23.1887,0.0718272,75.4605,250.834,0,0,0
1200,1,1,580,1,1,1,4317.58,18632.3,442.395,46.3844,0.482746,348.895,12432.8,89.2082,23.1957,0.267264,65.7453,137.692,23.1887,0.0718272,114.432,226.9,0,0,0
1200,1,1,581,1,1,1,4323.59,18646.7,485.199,46.3952,0.50112,391.795,11686,102.831,23.2065,0.285638,79.339,144.269,23.1887,0.0718272,121.008,247.1,0,0,0
1200,1,1,582,1,1,1,4317.26,18634,430.582,46.3844,0.482746,337.048,12644.5,87.6705,23.1957,0.267264,64.2076,126.993,23.1887,0.0718272,103.733,214.664,0,0,0
1200,1,1,583,1,1,1,4358.04,24789.3,724.852,52.1883,1.28454,625.728,13664.7,323.919,28.9996,0.907027,294.013,96.4689,23.1887,0.0902016,73.1901,420.388,0,0,0
1200,1,1,584,1,1,1,4317.64,18647.3,485.759,46.3844,0.482746,392.385,11676.6,103.248,23.1957,0.267264,79.7848,144.707,23.1887,0.0718272,121.447,247.955,0,0,0
1200,1,1,585,1,1,1,4321.42,18662.9,529.325,46.3844,0.482746,436.078,10917.6,86.8151,23.1957,0.267264,63.3521,149.261,23.1887,0.0718272,126,236.076,0,0,0
1200,1,1,586,1,1,1,4356.53,18775.5,639.654,46.3844,0.661478,546.549,9067.65,150.858,23.1957,0.267264,127.395,154.983,23.1887,0.106906,131.687,305.841,0,0,0
1200,1,1,587,1,1,1,4419.38,18758.4,572.167,46.3844,0.482746,479.044,10251.3,102.176,23.1957,0.267264,78.7127,149.43,23.1887,0.0718272,126.17,251.606,0,0,0
1200,1,1,588,1,0,0,-1,-1,997.621,23.1957,0.267264,928.503,255506,-1,-1,-1,-1,-1,-1,-1,-1,-1,0,0,0
1200,1,1,589,1,1,1,4341.28,18710.4,607.202,46.3844,0.713261,513.951,9579.51,125.798,23.1957,0.497779,102.105,152.506,23.1887,0.0718272,129.245,278.304,0,0,0
1200,1,1,590,1,1,1,4333.54,18654,636.883,46.3844,0.661478,543.77,8995.45,152.477,23.1957,0.267264,129.014,154.371,23.1887,0.106906,131.075,306.848,0,0,0
1200,1,1,591,1,1,1,4343.33,18671.5,611.266,46.3844,0.482746,518.257,9469.08,140.932,23.1957,0.267264,117.469,124.573,23.1887,0.0718272,101.312,265.505,0,0,0
1200,1,1,592,1,1,1,4334.99,24789.8,714.71,52.1883,0.766714,616.074,13846.9,330.264,28.9996,0.516154,300.748,91.0586,23.1887,0.106906,67.763,421.323,0,0,0
1200,1,1,593,1,1,1,4321.61,18699.9,485.77,46.3844,0.482746,392.396,11729.1,156.63,23.1957,0.267264,133.167,86.7425,23.1887,0.0718272,63.482,243.373,0,0,0
1200,1,1,594,1,1,1,4330.69,18684.1,634.912,46.3844,0.482746,541.972,9061.19,147.969,23.1957,0.267264,124.506,158.113,23.1887,0.0718272,134.853,306.082,0,0,0
1200,1,1,595,1,1,1,4315.02,24639.9,441.428,52.1883,0.696557,342.067,18557,242.3,28.9996,0.481075,212.627,35.719,23.1887,0.0718272,12.4585,278.019,0,0,0
1200,1,1,596,1,1,1,4318.86,18660.4,592.949,46.3844,0.873619,499.496,9782.83,144.131,23.1957,0.658138,120.277,102.511,23.1887,0.0718272,79.2506,246.642,0,0,0
1200,1,1,597,1,1,1,4347.82,24700,803.801,52.1883,1.07073,705.119,12172.2,325.195,28.9996,0.71159,295.484,150.077,23.1887,0.0718272,126.816,475.271,0,0,0
1200,1,1,598,1,0,0,-1,-1,832.394,23.1957,0.302342,762.761,252790,-1,-1,-1,-1,-1,-1,-1,-1,-1,0,0,0
1200,1,1,599,1,0,0,-1,-1,1283.29,23.1957,0.302342,1214.97,260620,-1,-1,-1,-1,-1,-1,-1,-1,-1,0,0,0
1200,1,1,600,1,1,1,4362.6,18779.9,597.599,46.3844,0.517824,504.516,9820.34,144.571,23.1957,0.302342,121.073,104.538,23.1887,0.0718272,81.2774,249.109,0,0,0
1200,1,1,601,1,1,1,4333.03,18748.6,625.21,46.3844,1.10413,531.62,9296.62,151.606,23.1957,0.888653,127.522,145.029,23.1887,0.0718272,121.768,296.635,0,0,0
1200,1,1,602,1,0,0,-1,-1,1364.55,23.1957,0.302342,1296.47,263230,-1,-1,-1,-1,-1,-1,-1,-1,-1,0,0,0
1200,1,1,603,1,1,1,4393.5,18739.3,623.013,46.3844,0.536198,529.985,9327.6,143.741,23.1957,0.302342,120.243,145.081,23.1887,0.0902016,121.802,288.822,0,0,0
1200,1,1,604,1,0,0,-1,-1,1516.28,23.1957,0.267264,1448.67,270023,-1,-1,-1,-1,-1,-1,-1,-1,-1,0,0,0
1200,1,1,605,1,1,2,10425.4,24878.5,836.847,69.5741,0.714931,721.709,12063.8,150.718,23.1957,0.462701,127.06,361.289,46.3784,0.108576,314.802,512.007,1,0,0
1200,1,1,606,1,0,0,-1,-1,1108.49,28.9996,0.621389,1033.7,257300,-1,-1,-1,-1,-1,-1,-1,-1,-1,0,0,0
1200,1,1,607,1,1,1,4381.18,18753.5,591.511,46.3844,0.587981,498.34,9901.64,111.391,23.1957,0.337421,87.8577,149.606,23.1887,0.106906,126.311,260.997,0,0,0
1200,1,1,608,1,1,1,4343.29,18655.2,528.75,46.3844,0.517824,435.466,10919.9,87.2753,23.1957,0.267264,63.8123,148.872,23.1887,0.106906,125.576,236.147,0,0,0
1200,1,1,609,1,1,1,4350.17,18683.3,604.789,46.3844,0.552902,511.691,9595.59,143.573,23.1957,0.302342,120.075,113.7,23.1887,0.106906,90.4042,257.273,0,0,0
1200,1,1,610,1,0,0,-1,-1,805.375,23.1957,0.267264,735.698,252335,-1,-1,-1,-1,-1,-1,-1,-1,-1,0,0,0
1200,1,1,611,1,1,1,4320.26,18740.6,479.682,46.3844,0.482746,386.29,11878,157.603,23.1957,0.267264,134.14,85.203,23.1887,0.0718272,61.9425,242.806,0,0,0
1200,1,1,612,1,1,1,4321.83,18651.2,636.044,46.3844,0.6264,542.963,9007.77,152.539,23.1957,0.267264,129.076,152.888,23.1887,0.0718272,129.628,305.427,0,0,0
1200,1,1,613,1,1,1,4361.99,18799.4,639.958,46.3844,0.482746,547.033,9086.76,151.625,23.1957,0.267264,128.162,155.049,23.1887,0.0718272,131.788,306.674,0,0,0
1200,1,1,614,1,0,0,-1,-1,1403.14,23.1957,0.337421,1335.13,265217,-1,-1,-1,-1,-1,-1,-1,-1,-1,0,0,0
1200,1,1,615,1,1,2,10416.7,24739.7,812.594,69.5741,0.519494,697.58,12356.7,146.429,23.1957,0.267264,122.966,340.105,46.3784,0.108576,293.617,486.534,1,0,0
1200,1,1,616,1,1,1,4331.23,18653,514.108,46.3844,0.517824,420.782,11178.1,89.0502,23.1957,0.302342,65.5521,148.192,23.1887,0.0718272,124.932,237.243,0,0,0
1200,1,1,617,1,1,1,4321.36,18780,485.255,46.3844,0.482746,391.88,11818.4,158.966,23.1957,0.267264,135.503,85.8311,23.1887,0.0718272,62.5706,244.797,0,0,0
1200,1,1,618,1,1,1,4337.16,18761.6,554.962,46.3844,0.517824,461.754,10560.2,153.656,23.1957,0.267264,130.193,96.3304,23.1887,0.106906,73.0348,249.986,0,0,0
1200,1,1,619,1,0,0,-1,-1,799.096,23.1957,0.923731,728.744,252117,-1,-1,-1,-1,-1,-1,-1,-1,-1,0,0,0
1200,1,1,620,1,1,1,4327.63,18641.2,486.754,46.3844,0.482746,393.383,11652.9,102.455,23.1957,0.267264,78.9925,145.763,23.1887,0.0718272,122.503,248.219,0,0,0
1200,1,1,621,1,1,1,4450.32,18780.3,575.972,46.3844,0.6264,482.717,10205.1,103.93,23.1957,0.267264,80.467,149.279,23.1887,0.0718272,126.018,253.209,0,0,0
1200,1,1,622,0,0,0,-1,-1,1142.71,23.206,0.516154,1073.76,257969,-1,-1,-1,-1,-1,-1,-1,-1,-1,0,0,0
1200,1,1,623,1,1,1,4352.82,18682.9,430.49,46.3844,0.805133,336.633,12706,85.1474,23.1957,0.267264,61.6845,128.099,23.1887,0.106906,104.803,213.246,0,0,0
1200,1,1,624,1,1,1,4328.96,18665.7,489.472,46.3844,0.678182,395.914,11628.5,100.947,23.1957,0.462701,77.2888,145.584,23.1887,0.0718272,122.324,246.532,0,0,0
1200,1,1,625,1,1,1,4332.04,24672.9,568.14,52.1883,0.96215,468.882,16335.8,307.425,28.9996,0.71159,277.708,57.8683,23.1887,0.106906,34.5727,365.293,0,0,0
1200,1,1,626,1,1,1,4322.74,18654.6,622.893,46.3844,0.482746,529.918,9245.47,149.229,23.1957,0.267264,125.766,144.846,23.1887,0.0718272,121.586,294.075,0,0,0
1200,1,1,627,1,0,0,-1,-1,641.202,28.9996,0.551232,565.119,249011,-1,-1,-1,-1,-1,-1,-1,-1,-1,0,0,0
1200,1,1,628,1,1,2,10318,24725.3,796.328,69.5741,0.785088,681.002,12630.7,152.248,23.1957,0.532858,128.52,315.92,46.3784,0.108576,269.433,468.169,1,0,0
1200,1,1,629,1,1,1,4323.08,18661.4,614.925,46.3844,0.482746,521.927,9393.99,135.94,23.1957,0.267264,112.477,147.117,23.1887,0.0718272,123.856,283.057,0,0,0
1200,1,1,630,1,0,0,-1,-1,1127.52,23.1957,0.267264,1058.78,257698,-1,-1,-1,-1,-1,-1,-1,-1,-1,0,0,0
1200,1,1,631,1,1,1,4333.32,18652.4,546.908,46.3844,0.482746,453.712,10594.4,155.836,23.1957,0.267264,132.373,92.6605,23.1887,0.0718272,69.4,248.497,0,0,0
1200,1,1,632,1,1,1,4320.2,18633.4,524.594,46.3844,0.482746,431.333,10972.2,85.2918,23.1957,0.267264,61.8288,150.221,23.1887,0.0718272,126.96,235.513,0,0,0
1200,1,1,633,1,1,1,4449.43,18874.2,636.096,46.3844,0.696557,542.945,9229.45,149.882,23.1957,0.337421,126.349,158.566,23.1887,0.0718272,135.306,308.448,0,0,0
1200,1,1,634,1,1,1,4345.46,18665.6,409.816,46.3844,0.517824,316.187,13045.2,77.0049,23.1957,0.302342,53.5069,121.642,23.1887,0.0718272,98.3815,198.647,0,0,0
1200,1,1,635,1,0,0,-1,-1,891.388,23.1957,0.302342,821.926,253692,-1,-1,-1,-1,-1,-1,-1,-1,-1,0,0,0
1200,1,1,636,1,0,0,-1,-1,1090.72,23.1957,0.267264,1021.87,257068,-1,-1,-1,-1,-1,-1,-1,-1,-1,0,0,0
1200,1,1,637,1,0,0,-1,-1,1300.69,28.9996,0.320717,1226.75,260959,-1,-1,-1,-1,-1,-1,-1,-1,-1,0,0,0
1200,1,1,638,1,1,1,4315.98,18650,383.732,46.3844,0.482746,290.062,13493.7,121.433,23.1957,0.267264,97.97,58.927,23.1887,0.0718272,35.6665,180.36,0,0,0
1200,1,1,639,1,1,1,4471.27,18917.2,640.816,46.3844,0.517824,547.858,9189.16,146.576,23.1957,0.302342,123.078,154.044,23.1887,0.0718272,130.783,300.62,0,0,0
1200,1,1,640,1,1,1,4343.9,18718.5,491.909,46.3844,0.517824,398.518,11638.3,98.0688,23.1957,0.302342,74.5707,147.207,23.1887,0.0718272,123.946,245.276,0,0,0
1200,1,1,641,1,1,1,4338.81,18658.9,503.915,46.3844,0.482746,410.594,11365.4,88.6054,23.1957,0.267264,65.1425,147.7,23.1887,0.0718272,124.439,236.305,0,0,0
1200,1,1,642,1,1,1,4355.08,18746.2,631.464,46.3844,0.482746,538.514,9184.68,148.115,23.1957,0.267264,124.652,152.41,23.1887,0.0718272,129.15,300.525,0,0,0
1200,1,1,643,1,1,1,4372.06,18765.6,625.498,46.3844,0.6264,532.387,9309.7,147.758,23.1957,0.267264,124.295,141.139,23.1887,0.0718272,117.879,288.897,0,0,0
1200,1,1,644,1,1,1,4320.58,36680.5,905.206,63.7961,1.15926,795.442,22549.2,651.298,40.6075,0.943776,609.089,54.3301,23.1887,0.0718272,31.0696,705.628,0,0,0
1200,1,1,645,1,1,1,4327.18,18642,544.553,46.3844,0.517824,451.316,10625.6,91.2513,23.1957,0.267264,67.7883,149.935,23.1887,0.106906,126.639,241.186,0,0,0
1200,1,1,646,1,1,1,4349.84,18704.7,548.537,46.3844,0.482746,455.346,10617.8,153.677,23.1957,0.267264,130.215,93.6766,23.1887,0.0718272,70.4161,247.354,0,0,0
1200,1,1,647,1,1,1,4329.03,18798.2,527.451,46.3844,0.482746,434.199,11086.3,160.339,23.1957,0.267264,136.876,87.2479,23.1887,0.0718272,63.9874,247.587,0,0,0
1200,1,1,648,1,1,1,4496.51,18816.4,628.228,46.3844,0.587981,535.163,9311.64,145.083,23.1957,0.267264,121.62,148.366,23.1887,0.177062,125,293.449,0,0,0
1200,1,1,649,1,1,1,4320.07,18723.1,550.997,46.3844,0.482746,457.813,10592.4,153.47,23.1957,0.267264,130.007,93.081,23.1887,0.0718272,69.8205,246.551,0,0,0
1200,1,1,650,1,1,1,4371.18,18756.6,598.199,46.3844,0.731635,504.904,9785.66,143.744,23.1957,0.462701,120.086,105.997,23.1887,0.12528,82.6833,249.742,0,0,0
1200,1,1,651,1,0,0,-1,-1,1362.35,23.1957,0.267264,1294.29,263174,-1,-1,-1,-1,-1,-1,-1,-1,-1,0,0,0
1200,1,1,652,1,0,0,-1,-1,449.786,23.1957,0.462701,378.88,246320,-1,-1,-1,-1,-1,-1,-1,-1,-1,0,0,0
1200,1,1,653,1,1,3,4385.11,18737.9,683.548,92.7639,0.948787,545.178,9038.58,152.624,23.1957,0.302342,129.126,203.106,69.5682,0.50279,133.035,355.731,2,0,0
1200,1,1,654,1,1,1,4335.38,18671.7,577.441,46.3844,0.482746,484.334,10070.8,147.03,23.1957,0.267264,123.567,102.637,23.1887,0.0718272,79.3769,249.668,0,0,0
1200,1,1,655,1,1,1,4354.24,18742.4,404.838,46.3844,0.517824,311.194,13210.5,134.557,23.1957,0.267264,111.094,66.5801,23.1887,0.106906,43.2845,201.138,0,0,0
1200,1,1,656,1,1,1,4316.62,30644.9,723.337,57.9922,0.945446,618.902,19648.2,475.454,34.8035,0.729965,439.581,53.166,23.1887,0.0718272,29.9055,528.62,0,0,0
1200,1,1,657,1,1,2,10412.4,24773.3,835.669,69.5741,0.663149,720.579,11979.6,149.837,23.1957,0.267264,126.374,358.08,46.3784,0.108576,311.593,507.917,1,0,0
1200,1,1,658,1,1,1,4343.62,18679.6,417.037,46.3844,0.552902,323.393,12930.6,82.3461,23.1957,0.337421,58.813,122.03,23.1887,0.0718272,98.7695,204.376,0,0,0
1200,1,1,659,1,1,1,4328.46,18658.5,608.866,46.3844,0.482746,515.85,9498.8,142.249,23.1957,0.267264,118.787,121.234,23.1887,0.0718272,97.9736,263.484,0,0,0
1200,1,1,660,1,1,1,4334.59,18683.5,574.712,46.3844,0.517824,481.562,10130.9,148.741,23.1957,0.267264,125.278,99.9057,23.1887,0.106906,76.6102,248.647,0,0,0
1200,1,1,661,1,1,1,4320.52,18658,429.756,46.3844,0.482746,336.22,12683.3,84.8947,23.1957,0.267264,61.4318,127.531,23.1887,0.0718272,104.271,212.426,0,0,0
1200,1,1,662,1,1,1,4322.18,18636,454.956,46.3844,0.482746,361.492,12213.2,94.2201,23.1957,0.267264,70.7572,141.248,23.1887,0.0718272,117.987,235.468,0,0,0
1200,1,1,663,1,1,1,4336.45,18775,555.596,46.3844,0.552902,462.355,10562.1,154.725,23.1957,0.302342,131.227,96.7564,23.1887,0.106906,73.4608,251.481,0,0,0
1200,1,1,664,1,1,1,4390.09,24742.9,805.62,52.1883,0.731635,707.283,12183.7,322.332,28.9996,0.516154,292.816,153.074,23.1887,0.0718272,129.814,475.406,0,0,0
1200,1,1,665,1,0,0,-1,-1,1437.29,23.1957,0.302342,1369.42,266791,-1,-1,-1,-1,-1,-1,-1,-1,-1,0,0,0
1200,1,1,666,1,1,1,4328.9,18675.9,529.77,46.3844,0.6264,436.381,10922.2,87.1435,23.1957,0.267264,63.6806,148.961,23.1887,0.0718272,125.701,236.105,0,0,0
1200,1,1,667,1,1,1,4332.38,18729.7,633.426,46.3844,0.661478,540.303,9132.59,149.663,23.1957,0.302342,126.165,156.487,23.1887,0.0718272,133.227,306.15,0,0,0
1200,1,1,668,1,1,1,4334.95,18674.2,613.451,46.3844,0.552902,520.378,9432.49,134.265,23.1957,0.337421,110.732,147.174,23.1887,0.0718272,123.914,281.439,0,0,0
1200,1,1,669,1,1,1,4317.38,18787,448.217,46.3844,0.873619,354.344,12483,154.85,23.1957,0.658138,130.996,77.9658,23.1887,0.0718272,54.7053,232.816,0,0,0
1200,1,1,670,1,1,1,4335.44,18726.6,478.238,46.3844,0.713261,384.612,11889,101.722,23.1957,0.497779,78.0287,143.7,23.1887,0.0718272,120.44,245.422,0,0,0
1200,1,1,671,1,1,1,4386.34,18740,571.707,46.3844,0.50112,478.564,10240.8,102.641,23.1957,0.267264,79.1784,148.155,23.1887,0.0902016,124.876,250.796,0,0,0
1200,1,1,672,1,1,1,4318.66,18716.6,497.278,46.3844,0.678182,403.743,11540.7,155.326,23.1957,0.462701,131.667,85.9954,23.1887,0.0718272,62.7348,241.321,0,0,0
1200,1,1,673,1,0,0,-1,-1,1377.78,23.1957,0.302342,1309.73,263851,-1,-1,-1,-1,-1,-1,-1,-1,-1,0,0,0
1200,1,1,674,1,1,1,4320.07,18655.9,509.713,46.3844,0.678182,416.214,11258.8,157.75,23.1957,0.462701,134.091,84.4938,23.1887,0.0718272,61.2333,242.243,0,0,0
1200,1,1,675,1,1,1,4341.63,18878,629.339,46.3844,0.713261,536.152,9353.57,149.028,23.1957,0.497779,125.334,140.305,23.1887,0.0718272,117.045,289.333,0,0,0
1200,1,1,676,1,1,1,4335.02,18683.3,444.263,46.3844,1.01727,350.234,12449.2,89.655,23.1957,0.658138,65.8012,138.215,23.1887,0.0718272,114.955,227.87,0,0,0
1200,1,1,677,1,1,1,4318.25,18636.6,448.983,46.3844,0.482746,355.502,12320,92.3612,23.1957,0.267264,68.8982,137.281,23.1887,0.0718272,114.02,229.642,0,0,0
1200,1,1,678,1,1,1,4316.94,30716.1,621.718,57.9922,1.49668,516.436,21525.2,428.189,34.8035,1.2812,391.616,33.898,23.1887,0.0718272,10.6375,462.087,0,0,0
1200,1,1,679,1,1,1,4328.2,18728.5,457.998,46.3844,0.517824,364.508,12251.3,153.029,23.1957,0.302342,129.53,80.8733,23.1887,0.0718272,57.6128,233.902,0,0,0
1200,1,1,680,1,1,1,4343.4,18744.7,626.084,46.3844,0.661478,532.939,9278.16,147.001,23.1957,0.302342,123.502,141.493,23.1887,0.0718272,118.232,288.493,0,0,0
1200,1,1,681,1,1,1,4330.5,18676.6,416.526,46.3844,0.678182,322.756,12936.6,138.723,23.1957,0.462701,115.065,71.9703,23.1887,0.0718272,48.7097,210.694,0,0,0
1200,1,1,682,1,1,1,4338.51,18654.6,560.878,46.3844,0.482746,467.723,10348.2,101.091,23.1957,0.267264,77.6281,146.897,23.1887,0.0718272,123.636,247.988,0,0,0
1200,1,1,683,1,1,1,4318.66,24668.7,797.688,52.1883,0.731635,699.328,12250.5,323.66,28.9996,0.516154,294.144,146.287,23.1887,0.0718272,123.026,469.947,0,0,0
1200,1,1,684,1,1,1,4452.8,18789.8,574.323,46.3844,0.587981,481.102,10243.6,103.876,23.1957,0.337421,80.3425,149.688,23.1887,0.106906,126.392,253.563,0,0,0
1200,1,1,685,1,1,1,4374.36,24747.4,772.568,52.1883,0.83687,674.03,12775.2,318.846,28.9996,0.621389,289.225,105.935,23.1887,0.0718272,82.6743,424.78,0,0,0
1200,1,1,686,1,1,1,4325.45,18675.2,537.522,46.3844,0.482746,444.298,10784.1,157.029,23.1957,0.267264,133.566,87.8976,23.1887,0.0718272,64.6371,244.927,0,0,0
1200,1,1,687,1,1,1,4319.5,18636,576.484,46.3844,0.482746,483.374,10052.1,146.509,23.1957,0.267264,123.046,100.76,23.1887,0.0718272,77.4999,247.269,0,0,0
1200,1,1,688,1,1,1,4318.82,18658.6,418.106,46.3844,0.482746,324.536,12891,139.625,23.1957,0.267264,116.162,72.9124,23.1887,0.0718272,49.6519,212.538,0,0,0
1200,1,1,689,1,1,1,4314.06,18663.3,622.937,46.3844,0.678182,529.767,9252.89,144.82,23.1957,0.462701,121.162,143.247,23.1887,0.0718272,119.987,288.067,0,0,0
1200,1,1,690,1,1,1,4325.51,18647.2,432.174,46.3844,0.6264,338.501,12634.2,88.887,23.1957,0.267264,65.424,129.441,23.1887,0.0718272,106.18,218.327,0,0,0
1200,1,1,691,1,1,1,4335.73,18670.6,495.086,46.3844,0.482746,401.739,11534.1,95.1099,23.1957,0.267264,71.647,144.088,23.1887,0.0718272,120.828,239.198,0,0,0
1200,1,1,692,1,1,1,4323.3,24842.4,809.52,52.1883,0.731635,711.194,12213.8,329.486,28.9996,0.516154,299.97,152.284,23.1887,0.0718272,129.023,481.77,0,0,0
1200,1,1,693,0,0,0,-1,-1,1166.69,34.8138,1.47496,1085.56,258167,-1,-1,-1,-1,-1,-1,-1,-1,-1,0,0,0
1200,1,1,694,1,1,1,4428.77,18825.1,628.284,46.3844,0.801792,535.006,9318.53,147.671,23.1957,0.337421,124.138,144.888,23.1887,0.177062,121.523,292.559,0,0,0
1200,1,1,695,1,1,1,4376.71,18691.8,506.828,46.3844,0.661478,413.337,11345.9,89.4104,23.1957,0.267264,65.9474,149.099,23.1887,0.106906,125.804,238.51,0,0,0
1200,1,1,696,1,1,1,4347.32,18690.2,612.447,46.3844,0.482746,519.441,9466.8,130.316,23.1957,0.267264,106.853,148.871,23.1887,0.0718272,125.61,279.187,0,0,0
1200,1,1,697,1,1,1,4391.82,18720.5,571.175,46.3844,0.6264,477.906,10230.7,101.873,23.1957,0.267264,78.4095,148.122,23.1887,0.0718272,124.861,249.994,0,0,0
1200,1,1,698,1,1,1,4319.16,24820.6,634.28,52.1883,0.731635,535.444,15308.1,343.475,28.9996,0.516154,313.959,77.6066,23.1887,0.0718272,54.3461,421.082,0,0,0
1200,1,1,699,1,1,1,4341.99,18657.6,524.899,46.3844,0.482746,431.64,10991,87.1814,23.1957,0.267264,63.7185,150.811,23.1887,0.0718272,127.551,237.993,0,0,0
1200,1,1,700,1,1,1,4411.76,18764.9,572.496,46.3844,0.482746,479.375,10251.9,102.795,23.1957,0.267264,79.3318,149.174,23.1887,0.0718272,125.914,251.969,0,0,0
1200,1,1,701,1,1,1,4326.51,18642.3,586.072,46.3844,0.482746,492.99,9887.88,109.682,23.1957,0.267264,86.2189,147.126,23.1887,0.0718272,123.865,256.808,0,0,0
1200,1,1,702,1,1,1,4326.35,18658.6,563.625,46.3844,0.517824,470.443,10303.1,100.014,23.1957,0.267264,76.5506,147.025,23.1887,0.106906,123.73,247.039,0,0,0
1200,1,1,703,1,1,3,16356.5,30673.8,949.155,92.7639,0.556243,811.949,16261.9,101.896,23.1957,0.267264,78.433,536.336,69.5682,0.145325,466.622,638.232,2,0,0
1200,1,1,704,1,1,1,4317.83,18661.8,561.733,46.3844,0.482746,468.58,10340.2,150.714,23.1957,0.267264,127.251,96.243,23.1887,0.0718272,72.9825,246.957,0,0,0
1200,1,1,705,1,0,0,-1,-1,636.24,23.1957,0.853574,565.485,249008,-1,-1,-1,-1,-1,-1,-1,-1,-1,0,0,0
1200,1,1,706,1,1,1,4343.4,18677,459.697,46.3844,0.517824,366.212,12169.5,94.8356,23.1957,0.267264,71.3726,142.513,23.1887,0.106906,119.218,237.349,0,0,0
1200,1,1,707,1,1,1,4320.17,18637.8,431.763,46.3844,0.482746,338.232,12627.4,87.3872,23.1957,0.267264,63.9242,129.583,23.1887,0.0718272,106.323,216.97,0,0,0
1200,1,1,708,1,1,1,4340.81,18682,421.315,46.3844,0.770054,327.467,12856.5,84.3948,23.1957,0.267264,60.9319,123.097,23.1887,0.0718272,99.8361,207.491,0,0,0
1200,1,1,709,0,0,0,-1,-1,380.867,23.206,0.71159,309.502,245177,-1,-1,-1,-1,-1,-1,-1,-1,-1,0,0,0
1200,1,1,710,1,1,1,4333.7,18654.6,415.173,46.3844,0.482746,321.594,12939.2,80.8755,23.1957,0.267264,57.4125,122.342,23.1887,0.0718272,99.0817,203.218,0,0,0
1200,1,1,711,1,1,1,4316.3,24643.5,521.047,52.1883,0.696557,421.917,17144.7,286.885,28.9996,0.481075,257.341,51.1753,23.1887,0.0718272,27.9148,338.06,0,0,0
1200,1,1,712,1,1,1,4332.17,18649.5,402.954,46.3844,0.482746,309.339,13151.4,75.9538,23.1957,0.267264,52.4908,119.442,23.1887,0.0718272,96.1814,195.396,0,0,0
1200,1,1,713,1,1,1,4333.77,24679.5,570.083,52.1883,1.03231,470.76,16307.4,309.174,28.9996,0.816826,279.356,58.2231,23.1887,0.0718272,34.9626,367.397,0,0,0
1200,1,1,714,1,1,1,4339.27,18655.7,582.686,46.3844,0.517824,489.559,9961.26,106.751,23.1957,0.267264,83.2879,146.518,23.1887,0.106906,123.223,253.269,0,0,0
1200,1,1,715,1,1,1,4321.99,18683.1,605.578,46.3844,0.50112,512.534,9581.66,122.66,23.1957,0.267264,99.1972,152.961,23.1887,0.0902016,129.682,275.621,0,0,0
1200,1,1,716,1,1,1,4402.06,18975.5,643.136,46.3844,0.910368,549.793,9204.77,150.663,23.1957,0.497779,126.969,151.857,23.1887,0.12528,128.543,302.52,0,0,0
1200,1,1,717,1,1,1,4402.31,24756.1,727.027,52.1883,0.696557,628.496,13594.6,248.511,28.9996,0.481075,218.852,148.952,23.1887,0.0718272,125.692,397.464,0,0,0
1200,1,1,718,1,1,1,4340.68,18672.4,627.618,46.3844,0.6264,534.513,9178.8,149.135,23.1957,0.267264,125.672,147.68,23.1887,0.0718272,124.419,296.815,0,0,0
1200,1,1,719,1,1,1,4401.8,18873.4,642.734,46.3844,0.805133,549.495,9110.42,152.729,23.1957,0.302342,129.231,155.148,23.1887,0.0718272,131.888,307.877,0,0,0
1200,1,1,720,1,1,2,10353.7,24692.9,791.27,69.5741,0.663149,676.051,12688.7,122.779,23.1957,0.267264,99.3163,339.875,46.3784,0.25223,293.244,462.654,1,0,0
1200,1,1,721,1,1,1,4318.66,24688.1,709.125,52.1883,0.696557,610.542,13845,330.059,28.9996,0.481075,300.579,87.7442,23.1887,0.0718272,64.4837,417.804,0,0,0
1200,1,1,722,1,1,1,4389.64,18722.9,623.232,46.3844,0.517824,530.223,9307.5,144,23.1957,0.267264,120.537,144.898,23.1887,0.106906,121.602,288.898,0,0,0
1200,1,1,723,1,1,1,4316.62,18646.3,418.449,46.3844,0.517824,324.844,12872.4,139.415,23.1957,0.302342,115.917,73.3239,23.1887,0.0718272,50.0633,212.739,0,0,0
1200,1,1,724,1,1,1,4325.8,18700,458.556,46.3844,0.517824,365.068,12212.8,152.612,23.1957,0.302342,129.114,81.949,23.1887,0.0718272,58.6885,234.561,0,0,0
1200,1,1,725,1,1,2,10400.2,24738.2,813.428,69.5741,0.75001,698.187,12339.6,147.754,23.1957,0.497779,124.06,339.527,46.3784,0.108576,293.04,487.281,1,0,0
1200,1,1,726,1,1,1,4328.39,18687.1,579.68,46.3844,0.482746,486.579,10046.4,148.462,23.1957,0.267264,124.999,102.276,23.1887,0.0718272,79.0159,250.738,0,0,0
1200,1,1,727,1,1,1,4343.41,18691.5,604.337,46.3844,0.517824,511.273,9612.11,122.285,23.1957,0.267264,98.8218,149.92,23.1887,0.106906,126.625,272.205,0,0,0
1200,1,1,728,1,1,2,10320,24641.5,597.171,69.5741,0.519494,481.531,16089.2,157.634,23.1957,0.267264,134.171,170.304,46.3784,0.108576,123.816,327.937,1,0,0
1200,1,1,729,1,1,1,4341.81,18656.6,474.184,46.3844,0.482746,380.777,11891.8,99.2104,23.1957,0.267264,75.7475,145.586,23.1887,0.0718272,122.326,244.797,0,0,0
1200,1,1,730,1,1,1,4318.95,18807.1,471.965,46.3844,0.482746,378.551,12081.8,158.83,23.1957,0.267264,135.367,85.1796,23.1887,0.0718272,61.9191,244.01,0,0,0
1200,1,1,731,1,1,1,4480.17,18794.3,579.086,46.3844,0.482746,485.984,10164.2,104.668,23.1957,0.267264,81.2052,150.809,23.1887,0.0718272,127.549,255.477,0,0,0
1200,1,1,732,1,1,1,4327.33,18665.9,544.002,46.3844,0.482746,450.798,10659.6,91.5472,23.1957,0.267264,68.0843,148.163,23.1887,0.0718272,124.903,239.711,0,0,0
1200,1,1,733,1,1,1,4324.97,18705.1,576.822,46.3844,1.24779,482.948,10113.1,149.135,23.1957,0.888653,125.051,99.7317,23.1887,0.0718272,76.4712,248.867,0,0,0
1200,1,1,734,1,1,1,4315.98,24634.8,538.776,52.1883,1.31795,439.077,16819.2,293.52,28.9996,1.10246,263.376,52.6408,23.1887,0.0718272,29.3803,346.161,0,0,0
1200,1,1,735,1,1,1,4350.34,18677,493.143,46.3844,0.482746,399.79,11575.1,94.7363,23.1957,0.267264,71.2734,144.834,23.1887,0.0718272,121.573,239.57,0,0,0
1200,1,1,736,1,1,1,4317.81,18644.3,442.713,46.3844,0.482746,349.214,12439.1,89.8074,23.1957,0.267264,66.3444,137.809,23.1887,0.0718272,114.549,227.617,0,0,0
1200,1,1,737,1,0,0,-1,-1,1444.1,23.1957,0.267264,1376.28,267032,-1,-1,-1,-1,-1,-1,-1,-1,-1,0,0,0
1200,1,1,738,1,1,1,4316.89,18695.4,623.533,46.3844,0.587981,530.454,9274.15,149.973,23.1957,0.372499,126.405,144.765,23.1887,0.0718272,121.505,294.738,0,0,0
1200,1,1,739,1,1,1,4318.22,24682.4,563.767,52.1883,0.536198,464.922,16424.3,302.837,28.9996,0.320717,273.494,55.7397,23.1887,0.0718272,32.4792,358.577,0,0,0
1200,1,1,740,1,1,1,4321.34,18778.8,631.321,46.3844,0.482746,538.37,9219.75,147.583,23.1957,0.267264,124.12,142.325,23.1887,0.0718272,119.064,289.908,0,0,0
1200,1,1,741,1,1,1,4327.49,18646.2,563.149,46.3844,0.482746,470.001,10299.4,100.371,23.1957,0.267264,76.9079,147.725,23.1887,0.0718272,124.464,248.096,0,0,0
1200,1,1,742,1,1,1,4316.62,24704,535.906,52.1883,0.731635,436.785,16940.8,291.905,28.9996,0.516154,262.331,51.9929,23.1887,0.0718272,28.7324,343.898,0,0,0
1200,1,1,743,1,1,1,4334,18677.2,509.262,46.3844,0.517824,415.922,11288.4,158.078,23.1957,0.302342,134.58,84.8258,23.1887,0.0718272,61.5653,242.904,0,0,0
1200,1,1,744,1,1,1,4316.3,24645.2,543.24,52.1883,0.927072,443.945,16751.1,294.218,28.9996,0.71159,264.465,53.3411,23.1887,0.0718272,30.0806,347.559,0,0,0
1200,1,1,745,1,1,1,4360.93,18675.4,633.754,46.3844,0.517824,540.776,9072.83,149.647,23.1957,0.267264,126.184,156.21,23.1887,0.106906,132.914,305.857,0,0,0
1200,1,1,746,1,1,1,4354.47,18741.6,639.139,46.3844,1.06906,545.625,9042.18,153.863,23.1957,0.853574,129.814,154.645,23.1887,0.0718272,131.384,308.508,0,0,0
1200,1,1,747,1,1,1,4316.3,18681,579.459,46.3844,0.482746,486.358,10044.2,148.823,23.1957,0.267264,125.36,102.72,23.1887,0.0718272,79.4599,251.543,0,0,0
1200,1,1,748,1,0,0,-1,-1,1186.82,23.1957,0.267264,1118.25,258802,-1,-1,-1,-1,-1,-1,-1,-1,-1,0,0,0
1200,1,1,749,1,1,1,4325.06,18777.4,469.578,46.3844,0.873619,375.767,12093.5,158.508,23.1957,0.658138,134.654,84.5353,23.1887,0.0718272,61.2748,243.043,0,0,0
1200,1,1,750,1,1,1,4343.38,18679.7,547.544,46.3844,0.517824,454.315,10610.1,153.265,23.1957,0.302342,129.767,93.1532,23.1887,0.0718272,69.8927,246.418,0,0,0
1200,1,1,751,1,1,1,4333.45,18658.6,622.593,46.3844,0.482746,529.617,9254.82,142.748,23.1957,0.267264,119.285,142.702,23.1887,0.0718272,119.442,285.45,0,0,0
1200,1,1,752,1,0,0,-1,-1,1474.73,23.1957,0.337421,1406.93,268286,-1,-1,-1,-1,-1,-1,-1,-1,-1,0,0,0
1200,1,1,753,1,1,1,4382.38,18723.6,521.826,46.3844,0.678182,428.362,11111.1,88.8748,23.1957,0.462701,65.2164,150.441,23.1887,0.0718272,127.181,239.316,0,0,0
1200,1,1,754,1,0,0,-1,-1,1384.06,23.1957,0.267264,1316.07,264181,-1,-1,-1,-1,-1,-1,-1,-1,-1,0,0,0
1200,1,1,755,1,1,1,4375.5,18703.5,625.132,46.3844,0.770054,531.876,9253.76,150.609,23.1957,0.267264,127.146,146.048,23.1887,0.0718272,122.788,296.658,0,0,0
1200,1,1,756,1,1,1,4337.9,24798.5,667.054,52.1883,1.12251,567.924,14702.2,341.467,28.9996,0.907027,311.561,86.0062,23.1887,0.0718272,62.7457,427.474,0,0,0
1200,1,1,757,1,1,1,4328.82,18652.3,524.343,46.3844,0.482746,431.082,10995.6,85.6582,23.1957,0.267264,62.1952,150.513,23.1887,0.0718272,127.253,236.172,0,0,0
1200,1,1,758,1,1,1,4318.22,18659.8,583.13,46.3844,0.482746,490.039,9957.72,145.976,23.1957,0.267264,122.513,101.858,23.1887,0.0718272,78.5972,247.834,0,0,0
1200,1,1,759,1,1,1,4316.62,30790.3,871.673,57.9922,0.945446,767.67,17155.9,515.158,34.8035,0.729965,479.377,84.3746,23.1887,0.0718272,61.1141,599.532,0,0,0
1200,1,1,760,1,1,1,4344.5,18684.2,609.995,46.3844,0.517824,516.947,9504.17,127.64,23.1957,0.302342,104.142,149.375,23.1887,0.0718272,126.114,277.015,0,0,0
1200,1,1,761,1,1,1,4404.78,18760.6,637.557,46.3844,0.6264,544.481,9090.29,144.579,23.1957,0.267264,121.117,151.12,23.1887,0.0718272,127.859,295.699,0,0,0
1200,1,1,762,1,0,0,-1,-1,1117.87,28.9996,0.355795,1043.37,257436,-1,-1,-1,-1,-1,-1,-1,-1,-1,0,0,0
1200,1,1,763,1,1,1,4328.97,18643.1,443.5,46.3844,0.482746,350.003,12424,88.7985,23.1957,0.267264,65.3356,138.544,23.1887,0.0718272,115.283,227.342,0,0,0
1200,1,1,764,1,0,0,-1,-1,656.429,23.1957,0.372499,586.213,249475,-1,-1,-1,-1,-1,-1,-1,-1,-1,0,0,0
1200,1,1,765,1,1,1,4392.82,18723.6,528.327,46.3844,1.05235,434.507,10994.4,86.9731,23.1957,0.658138,63.1193,150.148,23.1887,0.106906,126.852,237.121,0,0,0
1200,1,1,766,1,1,1,4322.18,18658.4,473.614,46.406,0.519494,380.147,11903.7,155.073,23.2173,0.304013,131.552,85.093,23.1887,0.0718272,61.8324,240.166,0,0,0
1200,1,1,767,1,1,1,4346.92,18793,634.813,46.3844,0.714931,541.64,9170.79,150.457,23.1957,0.302342,126.959,157.4,23.1887,0.12528,134.086,307.856,0,0,0
1200,1,1,768,1,1,1,4317.26,18736.6,409.5,46.3844,0.482746,315.905,13122,135.828,23.1957,0.267264,112.365,66.7002,23.1887,0.0718272,43.4397,202.528,0,0,0
1200,1,1,769,1,1,1,4456.91,18846,619.418,46.3844,0.661478,526.254,9498.06,137.794,23.1957,0.302342,114.296,145.808,23.1887,0.0718272,122.548,283.602,0,0,0
1200,1,1,770,1,1,1,4365.07,18734.7,594.162,46.3844,0.517824,501.068,9836.19,114.89,23.1957,0.302342,91.3915,149.246,23.1887,0.0718272,125.986,264.136,0,0,0
1200,1,1,771,1,1,1,4315.34,18786.8,468.047,46.3844,0.517824,374.586,12131,158.49,23.1957,0.302342,134.992,83.9451,23.1887,0.0718272,60.6846,242.435,0,0,0
1200,1,1,772,1,1,1,4387.44,18718,632.819,46.3844,0.517824,539.837,9132.08,148.319,23.1957,0.267264,124.856,156.809,23.1887,0.106906,133.514,305.128,0,0,0
1200,1,1,773,1,1,1,4327.37,18640.5,596.704,46.3844,0.482746,503.653,9697.07,116.703,23.1957,0.267264,93.2396,146.57,23.1887,0.0718272,123.309,263.272,0,0,0
1200,1,1,774,1,1,1,4359.01,18764,636.11,46.3844,0.50112,543.155,9119.64,144.884,23.1957,0.267264,121.422,150.968,23.1887,0.0902016,127.69,295.853,0,0,0
1200,1,1,775,1,1,1,4355.12,18697.4,622.346,46.3844,0.748339,529.104,9297.05,145.408,23.1957,0.462701,121.75,139.933,23.1887,0.141984,116.603,285.342,0,0,0
1200,1,1,776,1,1,1,4339.56,24676.1,812.795,52.1883,0.840211,714.371,11989.1,327.93,28.9996,0.481075,298.449,155.309,23.1887,0.0718272,132.048,483.238,0,0,0
1200,1,1,777,1,1,1,4317.26,18648.1,591.349,46.3844,0.482746,498.282,9799.86,145.437,23.1957,0.267264,121.974,101.867,23.1887,0.0718272,78.6063,247.304,0,0,0
1200,1,1,778,1,0,0,-1,-1,1300.06,23.1957,0.302342,1231.78,261069,-1,-1,-1,-1,-1,-1,-1,-1,-1,0,0,0
1200,1,1,779,1,1,1,4362.19,18685.5,632.079,46.3844,0.517824,539.096,9112.81,147.482,23.1957,0.267264,124.019,157.804,23.1887,0.106906,134.508,305.285,0,0,0
1200,1,1,780,1,1,1,4318.86,18654.9,599.72,46.3844,0.482746,506.678,9657.77,144.594,23.1957,0.267264,121.131,107.359,23.1887,0.0718272,84.0983,251.953,0,0,0
1200,1,1,781,1,1,1,4321.86,18637.9,631.438,46.3844,0.482746,538.487,9076.87,142.39,23.1957,0.267264,118.927,144.893,23.1887,0.0718272,121.633,287.283,0,0,0
1200,1,1,782,1,1,1,4331.72,24678.7,778.616,52.1883,0.801792,680.13,12599.2,323.362,28.9996,0.58631,293.776,107.754,23.1887,0.0718272,84.4935,431.116,0,0,0
1200,1,1,783,1,1,1,4343.49,18662.1,613.955,46.3844,0.482746,520.954,9411.95,134.391,23.1957,0.267264,110.928,147.597,23.1887,0.0718272,124.336,281.988,0,0,0
1200,1,1,784,1,0,0,-1,-1,747.949,23.1957,0.337421,678.034,251138,-1,-1,-1,-1,-1,-1,-1,-1,-1,0,0,0
1200,1,1,785,1,0,0,-1,-1,1427.63,23.1957,0.267264,1359.76,266424,-1,-1,-1,-1,-1,-1,-1,-1,-1,0,0,0
1200,1,1,786,1,1,1,4328.39,18647.2,544.634,46.3844,0.482746,451.431,10629.6,91.0563,23.1957,0.267264,67.5934,149.513,23.1887,0.0718272,126.253,240.57,0,0,0
1200,1,1,787,1,1,1,4352.47,18699.6,639.082,46.3844,0.482746,546.154,9002.6,148.2,23.1957,0.267264,124.737,154.491,23.1887,0.0718272,131.231,302.691,0,0,0
1200,1,1,788,1,1,1,4325.48,18663.3,497.973,46.3844,0.482746,404.634,11475.5,92.0815,23.1957,0.267264,68.6185,144.097,23.1887,0.0718272,120.837,236.179,0,0,0
1200,1,1,789,1,1,2,10339.7,30679.7,989.34,75.3781,0.733306,868.982,15253.2,307.274,28.9996,0.481075,277.788,351.726,46.3784,0.108576,305.239,659,1,0,0
1200,1,1,790,1,1,1,4371.36,24824.6,817.286,52.1991,0.985536,718.718,12057.2,326.3,29.0104,0.339091,296.951,150.32,23.1887,0.0718272,127.06,476.621,0,0,0
1200,1,1,791,1,1,1,4329.35,18709.6,379.493,46.3844,0.517824,285.776,13628.3,117.768,23.1957,0.302342,94.2701,57.2052,23.1887,0.0718272,33.9447,174.973,0,0,0
1200,1,1,792,1,1,1,4324.33,18636.6,451.115,46.3844,0.482746,357.641,12282,93.0615,23.1957,0.267264,69.5985,138.533,23.1887,0.0718272,115.273,231.595,0,0,0
1200,1,1,793,1,1,1,4319.18,24691.8,657.654,52.1883,1.08743,558.531,14763,341.037,28.9996,0.871949,311.166,85.1742,23.1887,0.0718272,61.9137,426.211,0,0,0
1200,1,1,794,1,0,0,-1,-1,1174.81,23.1957,0.477734,1106,258478,-1,-1,-1,-1,-1,-1,-1,-1,-1,0,0,0
1200,1,1,795,1,1,1,4321.08,18665.6,633.754,46.3844,0.482746,540.81,9063.33,149.149,23.1957,0.267264,125.686,155.17,23.1887,0.0718272,131.909,304.319,0,0,0
1200,1,1,796,1,1,1,4361.21,18759.4,626.74,46.3844,0.517824,533.741,9281.59,146.251,23.1957,0.267264,122.788,141.622,23.1887,0.106906,118.326,287.873,0,0,0
1200,1,1,797,1,1,1,4381.82,18698.4,507.449,46.3844,0.482746,414.138,11342.1,89.2551,23.1957,0.267264,65.7922,148.822,23.1887,0.0718272,125.562,238.077,0,0,0
1200,1,1,798,1,1,1,4315.66,18745.3,375.237,46.3844,0.482746,281.542,13740,114.4,23.1957,0.267264,90.9367,55.1531,23.1887,0.0718272,31.8926,169.553,0,0,0
1200,1,1,799,1,1,1,4325.14,18671.6,507.396,46.3844,0.517824,414.05,11316,90.9163,23.1957,0.302342,67.4183,147.627,23.1887,0.0718272,124.367,238.544,0,0,0
1200,1,1,800,1,1,1,4332.97,18660.8,425.077,46.3844,0.661478,331.349,12768.6,84.3884,23.1957,0.302342,60.8903,125.111,23.1887,0.0718272,101.85,209.499,0,0,0
1200,1,1,801,1,1,1,4320.39,18664.6,426.582,46.3844,0.482746,333.036,12746.2,143.076,23.1957,0.267264,119.613,74.7948,23.1887,0.0718272,51.5343,217.871,0,0,0
1200,1,1,802,1,1,1,4318.25,18679.9,622.713,46.3844,0.482746,529.738,9273.91,145.273,23.1957,0.267264,121.81,140.746,23.1887,0.0718272,117.485,286.018,0,0,0
1200,1,1,803,1,1,3,16357,30710.4,960.911,92.7639,0.982195,823.314,16088.3,103.992,23.1957,0.658138,80.1385,535.914,69.5682,0.180403,466.165,639.906,2,0,0
1200,1,1,804,1,1,1,4371.48,24729.3,766.012,52.1883,1.08743,667.204,12873.7,288.786,28.9996,0.871949,258.852,141.056,23.1887,0.0718272,117.796,429.842,0,0,0
1200,1,1,805,1,1,1,4436.04,18768.8,635.114,46.3844,0.482746,542.175,9142.33,150.259,23.1957,0.267264,126.796,156.543,23.1887,0.0718272,133.283,306.802,0,0,0
1200,1,1,806,1,1,1,4359.3,18672.8,589.301,46.3844,0.482746,496.228,9861.02,110.079,23.1957,0.267264,86.616,148.979,23.1887,0.0718272,125.719,259.058,0,0,0
1200,1,1,807,1,1,1,4326.48,18662,604.61,46.3844,0.678182,511.386,9577.49,121.655,23.1957,0.462701,97.997,150.513,23.1887,0.0718272,127.253,272.169,0,0,0
1200,1,1,808,1,1,1,4325.12,18644.2,435.524,46.3844,0.482746,342.004,12566.8,87.4684,23.1957,0.267264,64.0054,134.081,23.1887,0.0718272,110.82,221.549,0,0,0
1200,1,1,809,1,1,1,4358.41,18732.1,624.688,46.3844,0.6264,531.575,9290.66,149.741,23.1957,0.267264,126.278,143.337,23.1887,0.0718272,120.077,293.079,0,0,0
1200,1,1,810,1,1,1,4325.35,18659.7,593.316,46.3844,0.6264,500.112,9776.11,142.52,23.1957,0.267264,119.057,102.201,23.1887,0.0718272,78.9401,244.721,0,0,0
1200,1,1,811,1,0,0,-1,-1,1287.05,23.1957,0.302342,1218.74,260715,-1,-1,-1,-1,-1,-1,-1,-1,-1,0,0,0
1200,1,1,812,1,1,1,4392.54,30836.3,993.283,57.9922,1.14088,889.438,15038.9,503.721,34.8035,0.925402,467.716,157.377,23.1887,0.0718272,134.116,661.098,0,0,0
1200,1,1,813,1,1,1,4427.3,18764.5,634.373,46.3844,0.482746,541.431,9151.21,148.814,23.1957,0.267264,125.351,158.308,23.1887,0.0718272,135.048,307.122,0,0,0
1200,1,1,814,1,1,1,4337.13,24669.4,667.012,52.1883,0.731635,568.272,14574.9,205.011,28.9996,0.516154,175.194,148.192,23.1887,0.0718272,124.932,353.204,0,0,0
1200,1,1,815,1,1,1,4321.1,18659.4,582.893,46.3844,0.517824,489.767,9961.31,145.836,23.1957,0.267264,122.373,101.813,23.1887,0.106906,78.5178,247.649,0,0,0
1200,1,1,816,1,1,1,4322.29,18688.7,428.57,46.3844,1.06906,334.444,12733.6,145.334,23.1957,0.853574,121.284,75.0691,23.1887,0.0718272,51.8086,220.403,0,0,0
1200,1,1,817,1,1,1,4330.81,18663.4,636.458,46.3844,0.713261,543.292,9012.3,152.952,23.1957,0.462701,129.294,153.167,23.1887,0.106906,129.872,306.12,0,0,0
1200,1,1,818,1,1,1,4319.43,18706.9,538.52,46.3844,0.482746,445.3,10798.1,158.301,23.1957,0.267264,134.838,87.589,23.1887,0.0718272,64.3285,245.89,0,0,0
1200,1,1,819,1,1,1,4327.43,18648,508.255,46.3844,0.482746,414.947,11277.4,89.21,23.1957,0.267264,65.7471,147.016,23.1887,0.0718272,123.755,236.226,0,0,0
1200,1,1,820,1,1,1,4324.17,18742.3,520.608,46.3952,0.50112,427.306,11151.9,158.627,23.2065,0.285638,135.134,86.0567,23.1887,0.0718272,62.7962,244.683,0,0,0
1200,1,1,821,1,1,1,4331.39,18648.2,452.749,46.3844,0.482746,359.28,12264.6,93.334,23.1957,0.267264,69.871,138.907,23.1887,0.0718272,115.646,232.241,0,0,0
1200,1,1,822,1,0,0,-1,-1,1517.55,23.1957,0.302342,1449.91,270179,-1,-1,-1,-1,-1,-1,-1,-1,-1,0,0,0
1200,1,1,823,1,1,2,4377.57,18704.9,640.881,69.5741,0.698227,525.19,9356.19,141.082,23.1957,0.267264,117.619,159.626,46.3784,0.287309,112.961,300.708,1,0,0
1200,1,1,824,1,1,1,4342.04,18819.6,629.974,46.3844,0.482746,537.02,9284.5,148.151,23.1957,0.267264,124.688,142.074,23.1887,0.0718272,118.814,290.225,0,0,0
1200,1,1,825,1,1,1,4348.69,18684.9,409.857,46.3844,0.482746,316.262,13063.9,76.9103,23.1957,0.267264,53.4473,121.647,23.1887,0.0718272,98.3869,198.558,0,0,0
1200,1,1,826,1,1,1,4328.07,18690.7,489.316,46.3844,0.517824,395.917,11656.6,155.306,23.1957,0.302342,131.808,87.6341,23.1887,0.0718272,64.3736,242.94,0,0,0
1200,1,1,827,1,1,1,4324.81,18645.6,415.788,46.3844,0.482746,322.211,12919.2,138.138,23.1957,0.267264,114.675,71.9703,23.1887,0.0718272,48.7097,210.108,0,0,0
1200,1,1,828,1,1,2,10333.6,24652.3,713.288,69.5741,0.806803,597.699,14034.4,89.9789,23.1957,0.267264,66.5159,345.226,46.3784,0.25223,298.595,435.205,1,0,0
1200,1,1,829,1,1,1,4352.56,24743.5,794.088,52.1883,0.696557,695.752,12389.5,321.45,28.9996,0.481075,291.97,128.608,23.1887,0.0718272,105.348,450.059,0,0,0
1200,1,1,830,1,1,1,4321.18,18699,600.902,46.3844,0.482746,507.864,9680.87,146.951,23.1957,0.267264,123.488,107.969,23.1887,0.0718272,84.7083,254.92,0,0,0
1200,1,1,831,1,0,0,-1,-1,610.35,23.1957,0.267264,540.106,248682,-1,-1,-1,-1,-1,-1,-1,-1,-1,0,0,0
1200,1,1,832,1,1,1,4445.03,18871.7,638.909,46.3844,0.552902,545.91,9177.25,145.174,23.1957,0.302342,121.676,152.739,23.1887,0.106906,129.444,297.914,0,0,0
1200,1,1,833,1,1,1,4336.97,18671.9,618.931,46.3844,0.770054,525.657,9332.45,139.346,23.1957,0.267264,115.883,142.015,23.1887,0.0718272,118.754,281.36,0,0,0
1200,1,1,834,1,1,1,4339.07,18702.4,548.881,46.3844,0.517824,455.656,10609.1,153.685,23.1957,0.302342,130.187,94.1188,23.1887,0.0718272,70.8583,247.804,0,0,0
1200,1,1,835,1,1,1,4320.52,18710,634.098,46.3844,0.517824,541.121,9101.38,149.211,23.1957,0.302342,125.713,157.095,23.1887,0.0718272,133.835,306.307,0,0,0
1200,1,1,836,1,1,1,4321.93,18680.7,417.26,46.3844,0.713261,323.456,12927.4,139.632,23.1957,0.497779,115.939,72.6182,23.1887,0.0718272,49.3577,212.25,0,0,0
1200,1,1,837,1,1,1,4489.2,24988.2,822.33,52.1883,0.766714,724.006,12131.5,328.235,28.9996,0.516154,298.72,154.95,23.1887,0.106906,131.655,483.186,0,0,0
1200,1,1,838,1,1,1,4323.46,18788.4,631.233,46.3844,0.678182,538.087,9230.44,150.455,23.1957,0.462701,126.796,150.575,23.1887,0.0718272,127.314,301.029,0,0,0
1200,1,1,839,1,1,1,4317.71,24649,763.078,52.1883,0.696557,664.652,12846.5,321.109,28.9996,0.481075,291.629,103.098,23.1887,0.0718272,79.8371,424.207,0,0,0
1200,1,1,840,1,1,2,10333.9,24748.2,776.826,69.5741,0.554573,661.674,13001,145.697,23.1957,0.302342,122.199,291.906,46.3784,0.108576,245.419,437.603,1,0,0
1200,1,1,841,1,1,1,4364.53,18712.1,638.326,46.3844,0.661478,545.217,9027.92,152.685,23.1957,0.267264,129.222,156.398,23.1887,0.106906,133.102,309.083,0,0,0
1200,1,1,842,1,1,1,4325.1,18652.7,624.776,46.3844,0.482746,531.806,9210.1,148.754,23.1957,0.267264,125.291,148.228,23.1887,0.0718272,124.968,296.982,0,0,0
1200,1,1,843,0,0,0,-1,-1,558.817,23.206,0.942106,487.738,247880,-1,-1,-1,-1,-1,-1,-1,-1,-1,0,0,0
1200,1,1,844,1,1,1,4419.6,18749.2,633.473,46.3844,0.482746,540.529,9151.93,147.496,23.1957,0.267264,124.033,159.725,23.1887,0.0718272,136.465,307.221,0,0,0
1200,1,1,845,1,1,1,4327.05,18659.5,576.461,46.3844,0.482746,483.351,10076,146.465,23.1957,0.267264,123.003,101.188,23.1887,0.0718272,77.9277,247.654,0,0,0
1200,1,1,846,1,0,0,-1,-1,1499.4,23.1957,0.267264,1431.74,269197,-1,-1,-1,-1,-1,-1,-1,-1,-1,0,0,0
1200,1,1,847,1,1,1,4330.44,18714.3,534.792,46.3844,0.482746,441.561,10871.7,158.018,23.1957,0.267264,134.555,87.3742,23.1887,0.0718272,64.1137,245.392,0,0,0
1200,1,1,848,1,1,1,4460.25,18800.5,633.2,46.3844,0.696557,540.041,9207.21,146.749,23.1957,0.267264,123.286,159.05,23.1887,0.141984,135.719,305.799,0,0,0
1200,1,1,849,1,1,1,4381.28,18718.4,479.942,46.3844,0.6264,386.408,11850.8,100.714,23.1957,0.267264,77.2509,144.861,23.1887,0.0718272,121.6,245.575,0,0,0
1200,1,1,850,1,1,1,4338.02,18746.7,623.596,46.3844,0.943776,530.162,9323.67,147.095,23.1957,0.693216,123.206,140.211,23.1887,0.106906,116.915,287.306,0,0,0
1200,1,1,851,1,1,1,4318.22,18632.7,620.194,46.3844,0.482746,527.211,9271.56,144.191,23.1957,0.267264,120.728,143.698,23.1887,0.0718272,120.438,287.89,0,0,0
1200,1,1,852,0,0,0,-1,-1,863.447,29.0099,0.870278,787.681,253107,-1,-1,-1,-1,-1,-1,-1,-1,-1,0,0,0
1200,1,1,853,1,1,1,4332.78,18654.7,559.445,46.3844,0.6264,466.142,10373.4,100.102,23.1957,0.267264,76.639,145.841,23.1887,0.0718272,122.58,245.943,0,0,0
1200,1,1,854,1,1,1,4315.98,18636.7,451.456,46.3844,0.482746,357.982,12276,149.534,23.1957,0.267264,126.071,79.6551,23.1887,0.0718272,56.3946,229.189,0,0,0
1200,1,1,855,1,1,1,4317.7,18650.4,620.848,46.3844,0.517824,527.832,9277.41,147.638,23.1957,0.302342,124.14,141.051,23.1887,0.0718272,117.79,288.688,0,0,0
1200,1,1,856,1,1,1,4373.06,18695.2,624.59,46.3844,0.482746,531.62,9255.86,144.883,23.1957,0.267264,121.42,142.971,23.1887,0.0718272,119.711,287.854,0,0,0
1200,1,1,857,1,1,1,4338.98,18688.4,594.036,46.3844,0.517824,500.942,9792.18,142.962,23.1957,0.267264,119.499,102.927,23.1887,0.106906,79.6314,245.889,0,0,0
1200,1,1,858,1,1,1,4345.84,18665.7,544.152,46.3844,0.517824,450.913,10656.5,90.9344,23.1957,0.302342,67.4364,149.1,23.1887,0.0718272,125.84,240.035,0,0,0
1200,1,1,859,1,1,1,4320.26,18668.6,434.592,46.3844,0.482746,341.069,12607.8,88.7209,23.1957,0.267264,65.258,132.612,23.1887,0.0718272,109.351,221.332,0,0,0
1200,1,1,860,1,1,1,4329.03,18651,626.687,46.3844,0.482746,533.723,9174.41,149.057,23.1957,0.267264,125.594,147.239,23.1887,0.0718272,123.979,296.297,0,0,0
1200,1,1,861,1,1,1,4370.01,18689,556.123,46.3844,0.517824,462.919,10467,97.1862,23.1957,0.302342,73.6882,147.301,23.1887,0.0718272,124.04,244.487,0,0,0
1200,1,1,862,1,1,1,4319.11,24655.2,512.391,52.1883,0.696557,413.236,17310.5,281.869,28.9996,0.481075,252.309,50.356,23.1887,0.0718272,27.0955,332.225,0,0,0
1200,1,1,863,1,1,1,4354.21,24691.9,699.494,52.1883,0.731635,600.849,14019.8,217.998,28.9996,0.516154,188.217,150.373,23.1887,0.0718272,127.112,368.37,0,0,0
1200,1,1,864,1,1,1,4327.81,18759.5,555.541,46.3844,0.908698,461.944,10546.8,155.314,23.1957,0.693216,131.426,96.8133,23.1887,0.0718272,73.5528,252.128,0,0,0
1200,1,1,865,1,1,1,4323.4,24655.4,584.945,52.1883,0.731635,485.966,16020.2,317.085,28.9996,0.481075,287.604,64.4216,23.1887,0.106906,41.126,381.506,0,0,0
1200,1,1,866,1,1,1,4355.14,18691,619.557,46.3844,0.661478,526.393,9340.5,139.419,23.1957,0.302342,115.92,142.422,23.1887,0.0718272,119.162,281.841,0,0,0
1200,1,1,867,1,1,1,4320.26,24681,601.352,52.1883,0.571277,502.581,15754.2,324.339,28.9996,0.355795,294.984,70.1456,23.1887,0.0718272,46.8851,394.485,0,0,0
1200,1,1,868,1,1,1,4364.25,18685.7,548.051,46.3844,0.482746,454.858,10607.4,94.0974,23.1957,0.267264,70.6345,146.823,23.1887,0.0718272,123.562,240.92,0,0,0
1200,1,1,869,1,0,0,-1,-1,783.917,23.1957,0.337421,714.107,251794,-1,-1,-1,-1,-1,-1,-1,-1,-1,0,0,0
1200,1,1,870,1,1,1,4327.88,24690.3,704.219,52.1883,0.927072,605.391,13933.7,332.232,28.9996,0.71159,302.521,88.2405,23.1887,0.0718272,64.98,420.472,0,0,0
1200,1,1,871,1,1,1,4322.63,24708.5,757.001,52.1883,0.606355,658.647,13013.8,322.4,28.9996,0.390874,293.009,101.358,23.1887,0.0718272,78.0973,423.758,0,0,0
1200,1,1,872,1,1,1,4352.6,18729.9,632.417,46.3844,0.50112,539.451,9151.15,149.647,23.1957,0.267264,126.184,151.976,23.1887,0.0902016,128.697,301.623,0,0,0
1200,1,1,873,1,1,1,4322.97,18867.2,504.321,46.3952,0.644774,410.828,11566.1,160.61,23.2065,0.285638,137.118,84.9251,23.1887,0.0718272,61.6646,245.535,0,0,0
1200,1,1,874,1,1,1,4363.61,18684.6,498.82,46.3844,0.482746,405.484,11481.7,92.9694,23.1957,0.267264,69.5065,144.532,23.1887,0.0718272,121.272,237.502,0,0,0
1200,1,1,875,1,1,1,4323.14,24657.4,673.636,52.1883,0.696557,574.95,14445.4,333.961,28.9996,0.481075,304.481,86.2643,23.1887,0.0718272,63.0038,420.226,0,0,0
1200,1,1,876,1,1,1,4344.71,18746.8,617.228,46.3844,0.713261,524.006,9437.68,142.355,23.1957,0.462701,118.696,130.21,23.1887,0.106906,106.915,272.565,0,0,0
1200,1,1,877,1,1,1,4327.24,18705.7,491.374,46.3844,0.482746,398.016,11635.3,98.2268,23.1957,0.267264,74.7638,146.53,23.1887,0.0718272,123.27,244.757,0,0,0
1200,1,1,878,1,1,1,4329.77,18668.9,458.748,46.3844,0.587981,365.19,12177.9,96.2106,23.1957,0.337421,72.6775,142.306,23.1887,0.106906,119.01,238.517,0,0,0
1200,1,1,879,1,1,1,4328.88,18641.1,540.1,46.3844,0.482746,446.885,10704.2,86.2249,23.1957,0.267264,62.7619,148.58,23.1887,0.0718272,125.32,234.805,0,0,0
1200,1,1,880,1,1,1,4320.95,24636.9,407.082,52.1883,0.696557,307.621,19164.8,226.59,28.9996,0.481075,196.873,31.6655,23.1887,0.0718272,8.40495,258.256,0,0,0
1200,1,1,881,1,0,0,-1,-1,1445.92,23.1957,0.302342,1378.07,267082,-1,-1,-1,-1,-1,-1,-1,-1,-1,0,0,0
1200,1,1,882,1,1,1,4336.83,18689.3,632.094,46.3844,0.552902,539.076,9116.05,143.993,23.1957,0.267264,120.53,145.442,23.1887,0.141984,122.111,289.435,0,0,0
1200,1,1,883,0,0,0,-1,-1,1461.7,23.206,0.516154,1393.67,267761,-1,-1,-1,-1,-1,-1,-1,-1,-1,0,0,0
1200,1,1,884,1,1,1,4320.39,18741.3,630.88,46.3844,0.482746,537.928,9190.15,146.088,23.1957,0.267264,122.625,142.424,23.1887,0.0718272,119.164,288.513,0,0,0
1200,1,1,885,1,1,1,4405.06,18747,595,46.3844,0.482746,501.944,9833.87,141.5,23.1957,0.267264,118.038,104.39,23.1887,0.0718272,81.1294,245.89,0,0,0
1200,1,1,886,1,1,1,4329.56,18670,626.786,46.3844,0.678182,533.627,9191.14,149.303,23.1957,0.462701,125.645,147.712,23.1887,0.0718272,124.452,297.015,0,0,0
1200,1,1,887,1,1,1,4313.74,18739.6,463.036,46.3844,0.482746,369.596,12173.1,155.055,23.1957,0.267264,131.592,83.5336,23.1887,0.0718272,60.2731,238.588,0,0,0
1200,1,1,888,1,1,1,4367.61,18685,473.843,46.3844,0.6264,380.291,11925.9,98.5589,23.1957,0.267264,75.0959,146.786,23.1887,0.0718272,123.526,245.345,0,0,0
1200,1,1,889,1,1,1,4343.69,18658.8,406.47,46.3844,0.482746,312.866,13098.1,77.1124,23.1957,0.267264,53.6495,121.942,23.1887,0.0718272,98.681,199.054,0,0,0
1200,1,1,890,0,0,0,-1,-1,1453.04,23.206,0.516154,1384.99,267470,-1,-1,-1,-1,-1,-1,-1,-1,-1,0,0,0
1200,1,1,891,1,1,1,4353.74,18709.7,460.123,46.3844,0.517824,366.64,12194.7,97.0454,23.1957,0.302342,73.5474,142.83,23.1887,0.0718272,119.57,239.876,0,0,0
1200,1,1,892,1,1,1,4355.05,18808.4,626.378,46.3844,0.517824,533.378,9337.03,146.002,23.1957,0.302342,122.504,139.858,23.1887,0.0718272,116.597,285.86,0,0,0
1200,1,1,893,1,1,1,4323.87,18719.9,393.23,46.3844,0.482746,299.588,13394.6,129.096,23.1957,0.267264,105.633,62.1341,23.1887,0.0718272,38.8736,191.23,0,0,0
1200,1,1,894,1,0,0,-1,-1,1071.34,23.1957,0.267264,1002.43,256711,-1,-1,-1,-1,-1,-1,-1,-1,-1,0,0,0
1200,1,1,895,1,1,1,4318.91,18789.9,547.455,46.3844,0.552902,454.191,10721.7,161.692,23.1957,0.337421,138.159,92.24,23.1887,0.0718272,68.9795,253.932,0,0,0
1200,1,1,896,1,1,1,4375.35,18708.4,614.218,46.3844,0.517824,521.183,9453.3,140.169,23.1957,0.267264,116.706,129.708,23.1887,0.106906,106.413,269.877,0,0,0
1200,1,1,897,1,1,2,10323.7,24662.3,718.142,69.5741,0.519494,602.854,13958.8,90.3597,23.1957,0.267264,66.8967,345.559,46.3784,0.108576,299.072,435.918,1,0,0
1200,1,1,898,1,1,1,4323.25,18651.6,563.997,46.3844,0.482746,470.851,10289.8,98.8657,23.1957,0.267264,75.4027,146.559,23.1887,0.0718272,123.299,245.425,0,0,0
1200,1,1,899,1,1,1,4329.35,18659.4,632.479,46.3844,0.482746,539.532,9079.8,143.112,23.1957,0.267264,119.649,146.144,23.1887,0.0718272,122.883,289.256,0,0,0
1200,1,1,900,1,1,1,4339.05,24802.4,811.608,52.1883,1.28287,712.737,12135.5,327.052,28.9996,1.06739,296.985,156.727,23.1887,0.0718272,133.467,483.78,0,0,0
1200,1,1,901,1,1,1,4315.66,18642.3,591.684,46.3844,0.678182,498.423,9787.65,145.255,23.1957,0.462701,121.597,102.278,23.1887,0.0718272,79.0178,247.533,0,0,0
1200,1,1,902,1,1,2,10369.9,24691.3,705.484,69.5741,0.663149,590.016,14212.5,89.7352,23.1957,0.267264,66.2723,345.995,46.3784,0.25223,299.364,435.73,1,0,0
1200,1,1,903,1,1,1,4390.98,18706.4,547.068,46.3844,0.552902,453.803,10645.1,94.3898,23.1957,0.267264,70.9268,148.423,23.1887,0.141984,125.092,242.813,0,0,0
1200,1,1,904,1,0,0,-1,-1,1406.96,23.1957,0.267264,1339.03,265386,-1,-1,-1,-1,-1,-1,-1,-1,-1,0,0,0
1200,1,1,905,1,1,1,4329.89,18704.3,624.556,46.3844,0.482746,531.586,9265.55,150.47,23.1957,0.267264,127.007,145.911,23.1887,0.0718272,122.651,296.381,0,0,0
1200,1,1,906,1,1,1,4330.43,18649.7,416.897,46.3844,0.482746,323.323,12903.6,82.128,23.1957,0.267264,58.665,122.472,23.1887,0.0718272,99.2117,204.6,0,0,0
1200,1,1,907,1,1,1,4334.13,18810.2,634.952,46.3844,0.482746,542.012,9186.61,150.967,23.1957,0.267264,127.504,157.041,23.1887,0.0718272,133.781,308.008,0,0,0
1200,1,1,908,1,1,1,4374.36,18702.6,545.945,46.3844,0.482746,452.747,10661.8,93.6986,23.1957,0.267264,70.2356,148.452,23.1887,0.0718272,125.192,242.151,0,0,0
1200,1,1,909,1,1,1,4353.25,18676,518.59,46.3844,0.770054,425.025,11120.8,89.8435,23.1957,0.267264,66.3805,148.999,23.1887,0.0718272,125.739,238.843,0,0,0
1200,1,1,910,1,1,1,4379.36,18699.4,407.379,46.3844,0.770054,313.49,13121.8,76.7822,23.1957,0.267264,53.3192,122.508,23.1887,0.0718272,99.2478,199.29,0,0,0
1200,1,1,911,1,0,0,-1,-1,1002.09,23.1957,0.267264,932.988,255672,-1,-1,-1,-1,-1,-1,-1,-1,-1,0,0,0
1200,1,1,912,1,1,1,4344.48,18707,616.627,46.3844,0.482746,523.634,9409.24,138.506,23.1957,0.267264,115.043,147.94,23.1887,0.0718272,124.679,286.446,0,0,0
1200,1,1,913,1,1,1,4316.62,30652.9,689.094,57.9922,1.1058,584.4,20264.9,463.194,34.8035,0.890323,427.124,47.7733,23.1887,0.0718272,24.5128,510.967,0,0,0
1200,1,1,914,1,0,0,-1,-1,1316.76,23.1957,0.302342,1248.54,261589,-1,-1,-1,-1,-1,-1,-1,-1,-1,0,0,0
1200,1,1,915,0,0,0,-1,-1,398.925,23.206,0.516154,327.808,245452,-1,-1,-1,-1,-1,-1,-1,-1,-1,0,0,0
1200,1,1,916,1,1,1,4384.13,18740.1,548.726,46.3844,0.908698,455.109,10648.6,94.9648,23.1957,0.658138,71.1109,148.15,23.1887,0.106906,124.854,243.115,0,0,0
1200,1,1,917,1,1,1,4412.71,18746,637.072,46.3844,0.482746,544.138,9084.72,144.096,23.1957,0.267264,120.633,151.315,23.1887,0.0718272,128.054,295.41,0,0,0
1200,1,1,918,1,1,1,4325.19,18667.7,451.268,46.3844,0.482746,357.794,12310.4,150.443,23.1957,0.267264,126.98,79.2761,23.1887,0.0718272,56.0156,229.719,0,0,0
1200,1,1,919,1,1,1,4333.2,18787.5,635.289,46.3844,0.678182,542.155,9157.44,150.099,23.1957,0.462701,126.441,156.866,23.1887,0.0718272,133.606,306.965,0,0,0
1200,1,1,920,1,1,1,4327.29,18766.1,633.206,46.3844,0.482746,540.261,9173.59,150.411,23.1957,0.267264,126.948,156.807,23.1887,0.0718272,133.546,307.217,0,0,0
1200,1,1,921,1,1,1,4317.26,18655.9,566.688,46.3844,0.517824,473.515,10246,149.158,23.1957,0.267264,125.695,96.5127,23.1887,0.106906,73.2171,245.671,0,0,0
1200,1,1,922,1,1,1,4328.33,18705.1,624.797,46.3844,0.552902,531.757,9261.65,145.416,23.1957,0.302342,121.918,140.997,23.1887,0.106906,117.702,286.413,0,0,0
1200,1,1,923,1,1,1,4342.69,18685.1,606.299,46.3844,0.6264,513.132,9570.65,125.052,23.1957,0.267264,101.589,152.504,23.1887,0.0718272,129.244,277.556,0,0,0
1200,1,1,924,1,1,1,4319.92,30659.6,586.891,57.9922,0.910368,482.095,22089.5,410.458,34.8035,0.694886,374.429,31.0175,23.1887,0.0718272,7.75703,441.475,0,0,0
1200,1,1,925,1,1,2,10320.7,24658.3,598.755,69.5741,0.519494,483.12,16077.8,158.65,23.1957,0.267264,135.187,170.859,46.3784,0.108576,124.372,329.509,1,0,0
1200,1,1,926,1,1,1,4325.77,18691.6,588.985,46.3844,0.517824,495.876,9885.17,146.392,23.1957,0.302342,122.894,103.175,23.1887,0.0718272,79.9147,249.568,0,0,0
1200,1,1,927,1,1,1,4318.22,18676.9,581.995,46.3844,0.517824,488.866,9994.72,147.419,23.1957,0.302342,123.921,102.152,23.1887,0.0718272,78.8914,249.571,0,0,0
1200,1,1,928,1,1,1,4330.07,18660.1,508.341,46.3844,0.6264,414.889,11287.5,89.3851,23.1957,0.267264,65.9221,146.931,23.1887,0.0718272,123.67,236.316,0,0,0
1200,1,1,929,1,1,1,4320.14,18654.4,381.575,46.3844,0.748339,287.633,13535.4,119.739,23.1957,0.532858,96.0099,58.279,23.1887,0.0718272,35.0185,178.018,0,0,0
1200,1,1,930,1,1,1,4386.23,18700.7,408.428,46.3844,0.482746,314.829,13105.2,76.8363,23.1957,0.267264,53.3734,123.071,23.1887,0.0718272,99.8109,199.908,0,0,0
1200,1,1,931,1,1,1,4316.23,18656.3,629.473,46.3844,0.678182,536.322,9129.64,147.531,23.1957,0.462701,123.872,151.919,23.1887,0.0718272,128.659,299.45,0,0,0
1200,1,1,932,1,1,1,4331.9,18707.1,404.217,46.3844,0.678182,310.411,13186,134.172,23.1957,0.462701,110.513,66.2274,23.1887,0.0718272,42.9669,200.399,0,0,0
1200,1,1,933,1,1,1,4355.66,18671.6,599.92,46.3844,0.482746,506.878,9670.98,144.136,23.1957,0.267264,120.673,107.925,23.1887,0.0718272,84.665,252.061,0,0,0
1200,1,1,934,1,1,1,4321.38,24804,634.102,52.1883,0.731635,535.266,15294.7,343.067,28.9996,0.516154,313.552,78.0181,23.1887,0.0718272,54.7576,421.085,0,0,0
1200,1,1,935,1,1,1,4317.26,18767.7,505.396,46.3844,0.482746,412.079,11447.9,158.626,23.1957,0.267264,135.163,84.519,23.1887,0.0718272,61.2585,243.145,0,0,0
1200,1,1,936,1,1,1,4318.7,18667.4,564.398,46.3952,0.50112,471.224,10298.4,101.257,23.2065,0.285638,77.7652,146.913,23.1887,0.0718272,123.652,248.17,0,0,0
1200,1,1,937,1,1,1,4327.69,18650.1,390.634,46.3844,0.482746,296.983,13371,126.448,23.1957,0.267264,102.985,61.3905,23.1887,0.0718272,38.13,187.839,0,0,0
1200,1,1,938,1,1,1,4319.37,18631.6,488.492,46.3844,0.482746,395.127,11612.4,95.0377,23.1957,0.267264,71.5748,144.953,23.1887,0.0718272,121.692,239.99,0,0,0
1200,1,1,939,1,1,1,4316.62,36651.2,801.648,63.7961,1.06906,691.673,24361.1,605.285,40.6075,0.853574,563.036,34.721,23.1887,0.0718272,11.4605,640.006,0,0,0
1200,1,1,940,1,1,2,10344,24717.9,821.702,69.5741,0.733306,706.502,12172.3,145.396,23.1957,0.462701,121.737,338.609,46.3784,0.12695,292.103,484.004,1,0,0
1200,1,1,941,1,1,1,4318.66,18850.3,633.71,46.3844,0.891994,540.357,9258.23,152.887,23.1957,0.532858,129.159,152.183,23.1887,0.0718272,128.922,305.07,0,0,0
1200,1,1,942,1,0,0,-1,-1,1537.33,23.1957,0.267264,1469.78,271364,-1,-1,-1,-1,-1,-1,-1,-1,-1,0,0,0
1200,1,1,943,1,1,1,4332.4,24674.7,603.834,52.1883,0.891994,504.75,15703.4,326.752,28.9996,0.676512,297.075,72.1507,23.1887,0.0718272,48.8902,398.902,0,0,0
1200,1,1,944,1,1,1,4329.54,18646,565.202,46.3844,0.517824,472.024,10262.4,99.3025,23.1957,0.267264,75.8395,147.401,23.1887,0.106906,124.105,246.703,0,0,0
1200,1,1,945,1,1,1,4354.02,18675.4,493.626,46.3844,0.6264,400.131,11564.5,94.1588,23.1957,0.267264,70.6958,144.603,23.1887,0.0718272,121.342,238.761,0,0,0
1200,1,1,946,1,1,1,4331.72,18651.4,409.316,46.3844,0.644774,315.558,13039.5,77.0457,23.1957,0.267264,53.5827,121.328,23.1887,0.0902016,98.0494,198.374,0,0,0
1200,1,1,947,1,1,1,4353.83,30748.1,948.759,57.9922,0.910368,845.015,15743.2,497.393,34.8035,0.694886,461.608,104.305,23.1887,0.0718272,81.0445,601.698,0,0,0
1200,1,1,948,1,1,1,4323.08,18651.6,415.624,46.3844,0.552902,321.976,12927.6,81.6603,23.1957,0.337421,58.1272,122.171,23.1887,0.0718272,98.9103,203.831,0,0,0
1200,1,1,949,1,1,1,4356.12,18699.8,630.064,46.3844,0.661478,536.932,9162.54,146.639,23.1957,0.267264,123.176,152.611,23.1887,0.106906,129.316,299.25,0,0,0
1200,1,1,950,1,1,2,10349.3,24691.5,613.526,69.5741,0.910368,497.544,15847.4,84.4572,23.1957,0.658138,60.6034,316.496,46.3784,0.108576,270.009,400.953,1,0,0
1200,1,1,951,1,1,1,4358.99,18691.9,545.796,46.3844,0.644774,452.434,10653.1,93.3448,23.1957,0.267264,69.8819,148.398,23.1887,0.0902016,125.12,241.743,0,0,0
1200,1,1,952,1,1,1,4318.98,18702.2,549.138,46.3844,0.482746,455.948,10604.6,154.551,23.1957,0.267264,131.088,93.1351,23.1887,0.0718272,69.8746,247.686,0,0,0
1200,1,1,953,1,1,1,4343.35,18657.8,472.662,46.3844,0.661478,379.071,11919.5,98.9469,23.1957,0.267264,75.484,146.139,23.1887,0.106906,122.844,245.086,0,0,0
1200,1,1,954,1,1,1,4318.54,18641.6,558.109,46.3844,0.482746,464.945,10384.5,152.214,23.1957,0.267264,128.751,98.3294,23.1887,0.0718272,75.0689,250.543,0,0,0
1200,1,1,955,1,1,1,4333.8,18648.6,609.468,46.3844,0.482746,516.454,9478.18,141.598,23.1957,0.267264,118.135,122.871,23.1887,0.0718272,99.6105,264.469,0,0,0
1200,1,1,956,1,1,1,4325.13,18640.5,489.187,46.3844,0.482746,395.823,11608.9,94.4385,23.1957,0.267264,70.9756,144.285,23.1887,0.0718272,121.024,238.724,0,0,0
1200,1,1,957,1,1,1,4339.91,18738.4,414.456,46.3844,0.482746,320.875,13035.6,137.064,23.1957,0.267264,113.601,69.615,23.1887,0.0718272,46.3545,206.679,0,0,0
1200,1,1,958,1,1,1,4316.62,24667.1,432.306,52.1883,0.696557,332.919,18746.3,237.809,28.9996,0.481075,208.119,33.4865,23.1887,0.0718272,10.226,271.295,0,0,0
1200,1,1,959,1,1,1,4330.41,18719.5,590.175,46.3844,0.891994,496.695,9890.84,111.714,23.1957,0.532858,87.9858,148.914,23.1887,0.0718272,125.654,260.629,0,0,0
1200,1,1,960,1,1,2,4404.07,18774.4,648.381,69.5741,0.930413,532.479,9309.72,147.344,23.1957,0.267264,123.881,165.077,46.3784,0.37584,118.323,312.421,1,0,0
1200,1,1,961,1,1,1,4348.03,18665.8,568.048,46.3844,0.482746,474.913,10231.9,100.795,23.1957,0.267264,77.3321,147.895,23.1887,0.0718272,124.634,248.69,0,0,0
1200,1,1,962,1,1,1,4407.47,18739,572.608,46.3844,0.482746,479.487,10224,103.843,23.1957,0.267264,80.3804,148.08,23.1887,0.0718272,124.82,251.924,0,0,0
1200,1,1,963,1,1,1,4374.95,18704.7,417.815,46.3844,0.517824,324.209,12942,82.4312,23.1957,0.267264,58.9682,122.879,23.1887,0.106906,99.5834,205.31,0,0,0
1200,1,1,964,1,1,1,4358.85,18703.2,625.937,46.3844,0.696557,532.757,9239.04,149.982,23.1957,0.302342,126.484,147.471,23.1887,0.106906,124.176,297.453,0,0,0
1200,1,1,965,1,1,2,10363.7,24694.2,686.318,69.5741,0.87696,570.58,14555.4,95.2262,23.1957,0.302342,71.7282,342.56,46.3784,0.143654,296.038,437.786,1,0,0
1200,1,1,966,1,1,1,4362.21,18724.6,552.189,46.3844,0.517824,458.973,10572.4,151.302,23.1957,0.267264,127.839,95.7366,23.1887,0.106906,72.4411,247.039,0,0,0
1200,1,1,967,1,1,1,4357.66,18723.5,622.958,46.3844,0.482746,529.983,9313.2,148.962,23.1957,0.267264,125.499,142.67,23.1887,0.0718272,119.409,291.631,0,0,0
1200,1,1,968,1,1,1,4366.95,18706.6,523.479,46.3844,0.6264,430.071,11064.8,90.32,23.1957,0.267264,66.857,149.589,23.1887,0.0718272,126.329,239.909,0,0,0
1200,1,1,969,1,1,1,4321.02,24665.5,735.852,52.1883,0.891994,637.152,13346.6,257.755,28.9996,0.676512,227.928,142.11,23.1887,0.0718272,118.85,399.865,0,0,0
1200,1,1,970,1,1,1,4338.96,18661.7,504.646,46.3844,0.6264,411.184,11354.8,88.7985,23.1957,0.267264,65.3356,147.534,23.1887,0.0718272,124.273,236.332,0,0,0
1200,1,1,971,1,0,0,-1,-1,1480.16,23.1957,0.267264,1412.44,268505,-1,-1,-1,-1,-1,-1,-1,-1,-1,0,0,0
1200,1,1,972,1,1,1,4334.4,24723.9,815.825,52.1883,0.696557,717.552,11983.4,325.107,28.9996,0.481075,295.626,152.069,23.1887,0.0718272,128.809,477.176,0,0,0
1200,1,1,973,1,1,1,4488.79,18812.6,577.549,46.3844,0.482746,484.443,10209.7,103.381,23.1957,0.267264,79.9183,150.815,23.1887,0.0718272,127.554,254.196,0,0,0
1200,1,1,974,1,1,1,4318.17,24653.5,454.581,52.1883,1.19267,354.762,18335,250.916,28.9996,0.977184,220.77,39.2384,23.1887,0.0718272,15.9779,290.154,0,0,0
1200,1,1,975,1,1,1,4317.64,18713.3,413.835,46.3844,0.517824,320.217,13021.4,136.699,23.1957,0.302342,113.201,68.9111,23.1887,0.0718272,45.6506,205.61,0,0,0
1200,1,1,976,1,1,1,4316.55,18760.6,499.99,46.3844,0.482746,406.658,11537,156.969,23.1957,0.267264,133.506,85.768,23.1887,0.0718272,62.5074,242.737,0,0,0
1200,1,1,977,1,0,0,-1,-1,1140.23,23.1957,0.302342,1071.5,257941,-1,-1,-1,-1,-1,-1,-1,-1,-1,0,0,0
1200,1,1,978,1,1,1,4327.23,18651.8,397.644,46.3844,0.517824,303.979,13247.8,129.467,23.1957,0.302342,105.969,63.7819,23.1887,0.0718272,40.5214,193.249,0,0,0
1200,1,1,979,1,1,1,4329.37,18702,534.593,46.3844,0.517824,441.326,10862.7,157.533,23.1957,0.267264,134.07,87.4851,23.1887,0.106906,64.1895,245.018,0,0,0
1200,1,1,980,1,1,1,4329.64,18663.4,466.293,46.3844,0.661478,372.684,12038.3,96.6863,23.1957,0.302342,73.1882,142.473,23.1887,0.0718272,119.212,239.159,0,0,0
1200,1,1,981,1,1,1,4316.3,18707.5,377.686,46.3844,0.482746,283.998,13658.7,115.78,23.1957,0.267264,92.3173,56.3876,23.1887,0.0718272,33.1271,172.168,0,0,0
1200,1,1,982,1,1,1,4317,24647.7,738.807,52.1883,0.785088,640.222,13276,260.577,28.9996,0.551232,230.886,142.284,23.1887,0.0902016,119.005,402.861,0,0,0
1200,1,1,983,1,1,1,4342.21,18672.8,558.763,46.3844,0.6264,465.458,10403.6,152.172,23.1957,0.267264,128.709,97.8583,23.1887,0.0718272,74.5978,250.031,0,0,0
1200,1,1,984,1,1,1,4385.98,18753.2,625.393,46.3844,0.482746,532.425,9299.62,145.139,23.1957,0.267264,121.676,145.299,23.1887,0.0718272,122.039,290.438,0,0,0
1200,1,1,985,1,0,0,-1,-1,1202.11,28.9996,0.71159,1127.5,258949,-1,-1,-1,-1,-1,-1,-1,-1,-1,0,0,0
1200,1,1,986,1,1,1,4321.58,18678.8,477.206,46.3844,0.517824,383.773,11860,102.673,23.1957,0.302342,79.1748,144.272,23.1887,0.0718272,121.012,246.945,0,0,0
1200,1,1,987,1,1,1,4315.02,18644.8,633.709,46.3844,0.482746,540.765,9043.3,147.718,23.1957,0.267264,124.255,158.146,23.1887,0.0718272,134.885,305.864,0,0,0
1200,1,1,988,1,1,1,4327.66,18691.3,600.045,46.3844,0.713261,506.773,9687.73,144.558,23.1957,0.462701,120.9,108.096,23.1887,0.106906,84.8003,252.654,0,0,0
1200,1,1,989,1,1,1,4315.34,18651.1,560.227,46.3844,0.482746,467.07,10356.3,101.105,23.1957,0.267264,77.6425,146.516,23.1887,0.0718272,123.255,247.621,0,0,0
1200,1,1,990,1,1,1,4317.9,24645.9,526.125,52.1883,0.536198,427.171,17057.1,287.553,28.9996,0.320717,258.171,51.5291,23.1887,0.0718272,28.2686,339.082,0,0,0
1200,1,1,991,1,1,1,4329.1,18643.8,622.049,46.3844,0.482746,529.072,9249.66,142.67,23.1957,0.267264,119.207,142.26,23.1887,0.0718272,118.999,284.93,0,0,0
1200,1,1,992,1,1,1,4317.26,18707.2,486.513,46.3844,0.482746,393.141,11723.2,157.406,23.1957,0.267264,133.943,86.0351,23.1887,0.0718272,62.7746,243.441,0,0,0
1200,1,1,993,1,1,1,4339.78,18656.4,531.432,46.3844,0.482746,438.191,10873.6,85.4651,23.1957,0.267264,62.0021,149.01,23.1887,0.0718272,125.749,234.475,0,0,0
1200,1,1,994,1,1,1,4352.26,18666.1,618.447,46.3844,0.770054,525.172,9335.24,138.571,23.1957,0.267264,115.108,142.392,23.1887,0.0718272,119.131,280.963,0,0,0
1200,1,1,995,1,1,1,4351.67,18667.4,490.909,46.3844,0.552902,397.48,11604.8,94,23.1957,0.267264,70.537,144.518,23.1887,0.141984,121.187,238.518,0,0,0
1200,1,1,996,1,1,1,4317.51,30788,804.909,57.9922,0.910368,700.746,18341.1,512.525,34.8035,0.694886,476.772,78.5524,23.1887,0.0718272,55.2919,591.078,0,0,0
1200,1,1,997,1,1,1,4401.67,18719.2,479.912,46.3844,0.661478,386.343,11851.9,100.369,23.1957,0.267264,76.9061,145.269,23.1887,0.106906,121.974,245.638,0,0,0
1200,1,1,998,1,1,1,4343.78,18709.7,556.607,46.3844,0.805133,463.117,10478.2,153.223,23.1957,0.302342,129.725,96.3477,23.1887,0.0718272,73.0872,249.571,0,0,0
1200,1,1,999,1,1,1,4326.92,24784.3,635.704,52.1883,0.50112,537.103,15247.3,342.642,28.9996,0.285638,313.357,78.556,23.1887,0.0718272,55.2955,421.198,0,0,0
1200,1,1,1000,1,1,1,4322.7,18638.5,456.145,46.3844,0.482746,362.685,12194.4,95.285,23.1957,0.267264,71.822,141.321,23.1887,0.0718272,118.061,236.606,0,0,0
1200,1,1,1001,1,1,1,4314.7,18729.6,491.987,46.3844,0.713261,398.401,11647.5,156.496,23.1957,0.497779,132.803,86.6415,23.1887,0.0718272,63.381,243.138,0,0,0
1200,1,1,1002,1,1,1,4336.26,18656.3,591.227,46.3844,0.6264,498.017,9809.81,112.127,23.1957,0.267264,88.6644,147.458,23.1887,0.0718272,124.197,259.585,0,0,0
1200,1,1,1003,1,1,2,10343.1,24677.7,801.838,69.5741,0.698227,686.615,12485.4,134.145,23.1957,0.302342,110.647,336.684,46.3784,0.108576,290.197,470.829,1,0,0
1200,1,1,1004,1,1,1,4340.16,24745.3,636.363,52.1883,0.608026,537.657,15195.5,340.351,28.9996,0.355795,310.996,79.6521,23.1887,0.108576,56.3549,420.003,0,0,0
1200,1,1,1005,1,1,1,4367.41,18685.7,615.268,46.3844,0.482746,522.271,9412.18,136.339,23.1957,0.267264,112.876,145.823,23.1887,0.0718272,122.562,282.161,0,0,0
1200,1,1,1006,1,0,0,-1,-1,1127.96,23.1957,0.462701,1059.03,257706,-1,-1,-1,-1,-1,-1,-1,-1,-1,0,0,0
1200,1,1,1007,1,1,1,4338.88,18659.8,527.692,46.3844,0.661478,434.262,10942.9,87.0244,23.1957,0.267264,63.5614,148.63,23.1887,0.106906,125.334,235.654,0,0,0
1200,1,1,1008,1,1,1,4328.58,18647.8,598.951,46.3844,0.517824,505.871,9664.13,144.052,23.1957,0.267264,120.59,107.52,23.1887,0.106906,84.2246,251.573,0,0,0
1200,1,1,1009,1,1,1,4333.32,18696.6,563.257,46.3844,0.821837,469.77,10347.1,151.431,23.1957,0.462701,127.773,96.6491,23.1887,0.0718272,73.3886,248.08,0,0,0
1200,1,1,1010,1,1,1,4331.64,18714.9,477.662,46.3844,0.696557,384.051,11887.3,156.713,23.1957,0.337421,133.18,84.7681,23.1887,0.0718272,61.5076,241.481,0,0,0
1200,1,1,1011,1,1,1,4321.78,18683.7,400.425,46.3844,0.713261,306.572,13229.8,131.844,23.1957,0.497779,108.151,64.8178,23.1887,0.0718272,41.5573,196.662,0,0,0
1200,1,1,1012,1,1,1,4317.58,18636.6,568.327,46.3844,0.482746,475.193,10197.8,148.171,23.1957,0.267264,124.708,96.9541,23.1887,0.0718272,73.6936,245.125,0,0,0
1200,1,1,1013,1,1,1,4324.33,18666.2,625.778,46.3844,0.482746,532.811,9205.73,149.187,23.1957,0.267264,125.724,146.96,23.1887,0.0718272,123.699,296.147,0,0,0
1200,1,1,1014,1,1,1,4319.94,18687.9,457.104,46.3844,0.482746,363.647,12226.8,151.943,23.1957,0.267264,128.48,80.9509,23.1887,0.0718272,57.6904,232.894,0,0,0
1200,1,1,1015,1,1,1,4323.59,18653.3,486.241,46.3844,0.482746,392.869,11674.1,103.343,23.1957,0.267264,79.8804,145.308,23.1887,0.0718272,122.048,248.652,0,0,0
1200,1,1,1016,1,1,1,4322.57,18697.8,489.744,46.3844,0.517824,396.347,11656.1,155.736,23.1957,0.302342,132.238,87.5818,23.1887,0.0718272,64.3213,243.318,0,0,0
1200,1,1,1017,1,1,1,4371.98,18759.1,605.764,46.3844,0.965491,512.256,9653.31,122.883,23.1957,0.462701,99.2243,149.31,23.1887,0.0718272,126.049,272.192,0,0,0
1200,1,1,1018,1,1,1,4323.14,18688,587.415,46.3844,0.482746,494.337,9909.74,145.742,23.1957,0.267264,122.279,102.417,23.1887,0.0718272,79.1567,248.159,0,0,0
1200,1,1,1019,1,1,1,4321.19,18717.6,627.247,46.3844,0.6264,534.141,9230.66,150.239,23.1957,0.267264,126.776,148.447,23.1887,0.0718272,125.186,298.686,0,0,0
1200,1,1,1020,1,1,1,4318.45,18704.2,623.962,46.3844,0.482746,530.99,9276.04,150.007,23.1957,0.267264,126.544,142.875,23.1887,0.0718272,119.615,292.882,0,0,0
1200,1,1,1021,1,1,1,4349.67,18690.6,622.029,46.3844,0.482746,529.052,9296.86,142.237,23.1957,0.267264,118.774,143.11,23.1887,0.0718272,119.85,285.347,0,0,0
1200,1,1,1022,1,0,0,-1,-1,888.05,23.1957,0.337421,818.544,253655,-1,-1,-1,-1,-1,-1,-1,-1,-1,0,0,0
1200,1,1,1023,1,1,1,4482.4,18795.9,580.844,46.3844,0.482746,487.747,10134.5,105.7,23.1957,0.267264,82.2375,150.479,23.1887,0.0718272,127.219,256.18,0,0,0
1200,1,1,1024,1,1,1,4327.02,18692.1,633.655,46.3844,0.482746,540.711,9091.6,147.718,23.1957,0.267264,124.255,156.814,23.1887,0.0718272,133.553,304.532,0,0,0
1200,1,1,1025,1,1,1,4325.95,18647.8,592.194,46.3844,0.6264,498.986,9784.2,141.522,23.1957,0.267264,118.059,101.903,23.1887,0.0718272,78.6424,243.425,0,0,0
1200,1,1,1026,1,1,1,4360.24,18700.1,623.736,46.3844,0.519494,530.727,9275.49,144.406,23.1957,0.267264,120.943,144.679,23.1887,0.108576,121.382,289.085,0,0,0
1200,1,1,1027,1,1,1,4379.34,24765.2,780.13,52.1883,1.03565,681.415,12658.6,306.33,28.9996,0.676512,276.638,142.949,23.1887,0.0718272,119.689,449.279,0,0,0
1200,1,1,1028,1,1,1,4317.9,18685.2,611.685,46.3844,0.482746,518.678,9475.33,131.081,23.1957,0.267264,107.618,147.824,23.1887,0.0718272,124.564,278.906,0,0,0
1200,1,1,1029,1,1,3,16334.1,36686.5,1165.61,98.5678,0.913709,1023.03,18524.6,307.744,28.9996,0.481075,278.257,528.959,69.5682,0.288979,459.101,836.703,2,0,0
1200,1,1,1030,1,1,2,10318.9,24641.9,829.536,69.5741,0.663149,714.428,11957.3,150.523,23.1957,0.267264,127.06,350.741,46.3784,0.25223,304.111,501.264,1,0,0
1200,1,1,1031,1,1,2,10454.6,24956.5,838.592,69.5741,0.768384,723.405,12110.1,152.338,23.1957,0.337421,128.805,359.281,46.3784,0.143654,312.759,511.619,1,0,0
1200,1,1,1032,1,1,1,4335.22,18784.8,634.544,46.3844,0.482746,541.602,9168.49,150.214,23.1957,0.267264,126.751,156.135,23.1887,0.0718272,132.875,306.349,0,0,0
1200,1,1,1033,1,1,1,4473.37,18804.1,576.887,46.3844,0.713261,483.547,10212.3,103.277,23.1957,0.462701,79.6188,150.677,23.1887,0.106906,127.381,253.954,0,0,0
1200,1,1,1034,1,1,1,4438.78,18779.2,632.712,46.3844,0.482746,539.765,9195.42,146.771,23.1957,0.267264,123.308,159.003,23.1887,0.0718272,135.743,305.774,0,0,0
1200,1,1,1035,1,1,1,4319.82,18682.2,417.511,46.3844,0.517824,323.904,12924.9,140.02,23.1957,0.302342,116.521,72.5009,23.1887,0.0718272,49.2404,212.52,0,0,0
1200,1,1,1036,1,1,1,4376.94,24785.1,797.907,52.1883,0.891994,699.387,12362.8,322.66,28.9996,0.676512,292.984,134.239,23.1887,0.0718272,110.979,456.9,0,0,0
1200,1,1,1037,1,0,0,-1,-1,1034.29,28.9996,0.481075,959.421,256021,-1,-1,-1,-1,-1,-1,-1,-1,-1,0,0,0
1200,1,1,1038,1,1,1,4331.14,18643.7,437.651,46.3844,0.482746,344.137,12528.6,87.6814,23.1957,0.267264,64.2184,135.254,23.1887,0.0718272,111.993,222.935,0,0,0
1200,1,1,1039,1,1,1,4455.05,18913,640.719,46.3844,0.6264,547.652,9186.43,146.935,23.1957,0.267264,123.472,152.049,23.1887,0.0718272,128.789,298.984,0,0,0
1200,1,1,1040,1,1,1,4334.74,18689.6,571.577,46.3844,0.482746,478.452,10192.9,148.108,23.1957,0.267264,124.645,97.7103,23.1887,0.0718272,74.4498,245.818,0,0,0
1200,1,1,1041,1,1,1,4402.91,18736.3,626.008,46.3844,0.482746,533.042,9271.79,145.366,23.1957,0.267264,121.903,143.5,23.1887,0.0718272,120.239,288.866,0,0,0
1200,1,1,1042,1,1,1,4324.76,18710.1,379.488,46.3844,0.517824,285.77,13629,118.272,23.1957,0.302342,94.7737,56.8514,23.1887,0.0718272,33.5909,175.123,0,0,0
1200,1,1,1043,1,1,1,4360.49,18686.9,480.717,46.3844,0.678182,387.133,11805.5,100.117,23.1957,0.462701,76.4585,146.368,23.1887,0.0718272,123.107,246.485,0,0,0
1200,1,1,1044,1,1,2,10379.1,24736.2,699.631,69.5741,0.519494,584.29,14362,90.3146,23.1957,0.267264,66.8516,346.082,46.3784,0.108576,299.595,436.397,1,0,0
1200,1,1,1045,1,1,1,4341.67,18709.5,520.052,46.3844,0.873619,426.388,11128.2,89.6929,23.1957,0.658138,65.8391,149.255,23.1887,0.0718272,125.995,238.948,0,0,0
1200,1,1,1046,1,1,1,4328.04,18664,544.101,46.3844,0.482746,450.897,10656,91.9064,23.1957,0.267264,68.4434,148.124,23.1887,0.0718272,124.863,240.03,0,0,0
1200,1,1,1047,1,0,0,-1,-1,1037.41,34.8035,0.800122,956.586,255995,-1,-1,-1,-1,-1,-1,-1,-1,-1,0,0,0
1200,1,1,1048,1,1,1,4347.74,18690.7,529.757,46.3844,0.482746,436.511,10937.7,85.0824,23.1957,0.267264,61.6195,149.311,23.1887,0.0718272,126.051,234.394,0,0,0
1200,1,1,1049,1,1,2,10335.2,24830.8,823.323,69.5741,0.519494,708.341,12257,151.667,23.1957,0.267264,128.204,345.364,46.3784,0.108576,298.877,497.031,1,0,0
1200,1,1,1050,1,1,1,4322.14,24646.3,661.536,52.1883,0.927072,562.585,14648.7,337.208,28.9996,0.71159,307.496,84.9468,23.1887,0.0718272,61.6863,422.154,0,0,0
1200,1,1,1051,1,1,1,4321.93,18633.9,421.16,46.3844,0.482746,327.598,12811.9,84.3732,23.1957,0.267264,60.9102,122.678,23.1887,0.0718272,99.4174,207.051,0,0,0
1200,1,1,1052,1,0,0,-1,-1,1004.9,23.1957,0.267264,935.807,255730,-1,-1,-1,-1,-1,-1,-1,-1,-1,0,0,0
1200,1,1,1053,1,1,1,4318.98,18663.9,624.061,46.3844,0.482746,531.089,9234,144.385,23.1957,0.267264,120.922,140.3,23.1887,0.0718272,117.039,284.685,0,0,0
1200,1,1,1054,1,1,1,4389.55,18743.6,624.125,46.3844,0.517824,531.118,9312.26,143.217,23.1957,0.267264,119.754,145.343,23.1887,0.106906,122.048,288.56,0,0,0
1200,1,1,1055,1,0,0,-1,-1,1301.63,23.1957,0.267264,1233.4,261159,-1,-1,-1,-1,-1,-1,-1,-1,-1,0,0,0
1200,1,1,1056,1,1,1,4348.92,18694.6,496.646,46.3844,1.06906,402.718,11528.9,94.3065,23.1957,0.853574,70.2573,144.197,23.1887,0.0718272,120.936,238.503,0,0,0
1200,1,1,1057,1,1,2,10366.2,24685.3,722.42,69.5741,0.950458,606.714,13904.6,85.2738,23.1957,0.267264,61.8108,347.676,46.3784,0.108576,301.189,432.949,1,0,0
1200,1,1,1058,1,0,0,-1,-1,1285.85,23.1957,0.407578,1217.43,260687,-1,-1,-1,-1,-1,-1,-1,-1,-1,0,0,0
1200,1,1,1059,1,1,1,4341.66,18669.6,638.262,46.3952,0.536198,545.268,8986.87,147.35,23.2065,0.285638,123.858,154.732,23.1887,0.106906,131.436,302.082,0,0,0
1200,1,1,1060,1,1,1,4347.71,18663.5,531.534,46.3844,0.6264,438.149,10878.5,85.8513,23.1957,0.267264,62.3883,148.45,23.1887,0.0718272,125.19,234.302,0,0,0
1200,1,1,1061,1,0,0,-1,-1,1459.26,23.1957,0.267264,1391.49,267678,-1,-1,-1,-1,-1,-1,-1,-1,-1,0,0,0
1200,1,1,1062,1,0,0,-1,-1,1403.15,23.1957,0.267264,1335.21,265213,-1,-1,-1,-1,-1,-1,-1,-1,-1,0,0,0
1200,1,1,1063,1,1,1,4335.37,18649.2,626.524,46.3844,0.6264,533.416,9175.12,150.216,23.1957,0.267264,126.753,146.601,23.1887,0.0718272,123.34,296.816,0,0,0
1200,1,1,1064,1,1,1,4319.18,18660.3,621.04,46.3844,0.482746,528.059,9284.08,144.504,23.1957,0.267264,121.041,141.363,23.1887,0.0718272,118.103,285.867,0,0,0
1200,1,1,1065,1,1,1,4320.17,18639.4,475.769,46.3844,0.482746,382.367,11846.4,101.829,23.1957,0.267264,78.3662,145.162,23.1887,0.0718272,121.902,246.991,0,0,0
1200,1,1,1066,1,1,1,4317.8,18675.9,585.482,46.3844,0.482746,492.398,9932.02,145.35,23.1957,0.267264,121.887,102.074,23.1887,0.0718272,78.8138,247.424,0,0,0
1200,1,1,1067,1,0,0,-1,-1,1279.82,28.9996,0.516154,1205.63,260365,-1,-1,-1,-1,-1,-1,-1,-1,-1,0,0,0
1200,1,1,1068,1,1,1,4349.34,18708.2,427.124,46.3844,0.482746,333.579,12780.2,143.309,23.1957,0.267264,119.846,75.0871,23.1887,0.0718272,51.8266,218.396,0,0,0
1200,1,1,1069,1,1,1,4322.57,18651.3,459.116,46.3844,0.482746,365.665,12154.4,94.8356,23.1957,0.267264,71.3726,141.989,23.1887,0.0718272,118.729,236.825,0,0,0
1200,1,1,1070,1,1,1,4324.04,24698.9,808.677,52.1883,0.696557,710.384,12085.6,324.896,28.9996,0.481075,295.415,156.642,23.1887,0.0718272,133.382,481.538,0,0,0
1200,1,1,1071,1,1,1,4316.3,18772.5,473.934,46.3844,0.678182,380.331,12011.6,158.482,23.1957,0.462701,134.824,84.8204,23.1887,0.0718272,61.5599,243.303,0,0,0
1200,1,1,1072,1,1,1,4335.05,18677.3,632.418,46.3844,0.482746,539.471,9098.82,149.07,23.1957,0.267264,125.607,155.576,23.1887,0.0718272,132.315,304.646,0,0,0
1200,1,1,1073,1,1,1,4316.3,18777.8,527.644,46.3844,0.482746,434.392,11062.4,160.148,23.1957,0.267264,136.685,87.4446,23.1887,0.0718272,64.1841,247.592,0,0,0
1200,1,1,1074,1,1,1,4315.98,18643.3,476.759,46.3844,0.482746,383.359,11832.7,102.369,23.1957,0.267264,78.9059,144.408,23.1887,0.0718272,121.147,246.777,0,0,0
1200,1,1,1075,1,1,2,10359.4,30800.1,967.098,75.3781,0.572947,846.836,15769.3,328.802,28.9996,0.320717,299.481,305.375,46.3784,0.108576,258.888,634.176,1,0,0
1200,1,1,1076,1,1,1,4352.56,18710.8,622.711,46.3844,0.873619,529.344,9303.93,142.684,23.1957,0.658138,118.83,143.022,23.1887,0.0718272,119.761,285.705,0,0,0
1200,1,1,1077,0,0,0,-1,-1,571.311,34.8138,0.658138,489.263,247906,-1,-1,-1,-1,-1,-1,-1,-1,-1,0,0,0
1200,1,1,1078,1,1,1,4343.72,18656.5,489.092,46.3844,0.482746,395.728,11626.6,94.3844,23.1957,0.267264,70.9214,144.541,23.1887,0.0718272,121.281,238.926,0,0,0
1200,1,1,1079,0,0,0,-1,-1,417.504,29.0099,0.800122,340.512,245649,-1,-1,-1,-1,-1,-1,-1,-1,-1,0,0,0
1200,1,1,1080,1,1,1,4330.81,18669.8,625.012,46.3844,0.6264,531.9,9222.59,149.415,23.1957,0.267264,125.952,147.97,23.1887,0.0718272,124.71,297.385,0,0,0
1200,1,1,1081,1,1,2,10369.7,24704,609.64,69.5741,0.589651,493.967,15929.5,82.3175,23.1957,0.267264,58.8545,315.956,46.3784,0.178733,269.399,398.274,1,0,0
1200,1,1,1082,1,1,1,4326.78,18783.7,633.215,46.3844,0.482746,540.27,9191,151.741,23.1957,0.267264,128.278,155.338,23.1887,0.0718272,132.077,307.079,0,0,0
1200,1,1,1083,1,1,1,4336.58,18652.4,623.108,46.3844,0.517824,530.099,9239.14,145.848,23.1957,0.267264,122.385,141.053,23.1887,0.106906,117.758,286.902,0,0,0
1200,1,1,1084,1,1,1,4416.74,24897.1,820.264,52.1883,0.927072,721.774,12077,328.451,28.9996,0.71159,298.74,151.654,23.1887,0.0718272,128.393,480.105,0,0,0
1200,1,1,1085,1,0,0,-1,-1,1504.49,23.1957,0.302342,1436.81,269393,-1,-1,-1,-1,-1,-1,-1,-1,-1,0,0,0
1200,1,1,1086,1,1,1,4335.59,18772.4,624.634,46.3844,0.517824,531.629,9332.03,144.867,23.1957,0.302342,121.369,139.26,23.1887,0.0718272,116,284.128,0,0,0
1200,1,1,1087,1,1,2,4377.17,18698.9,534.035,69.5741,0.87696,417.855,11256.6,88.1253,23.1957,0.267264,64.6624,171.618,46.3784,0.322387,124.917,259.744,1,0,0
1200,1,1,1088,1,1,1,4354.25,18676.8,519.85,46.3844,0.482746,426.575,11100,88.6253,23.1957,0.267264,65.1623,149.95,23.1887,0.0718272,126.69,238.576,0,0,0
1200,1,1,1089,1,1,2,10328.7,24679.2,813.378,69.5741,0.663149,698.223,12281.9,150.124,23.1957,0.267264,126.661,336.597,46.3784,0.25223,289.966,486.721,1,0,0
1200,1,1,1090,1,1,1,4357.96,18681.5,632.609,46.3844,0.482746,539.662,9099.57,147.529,23.1957,0.267264,124.066,157.756,23.1887,0.0718272,134.496,305.285,0,0,0
1200,1,1,1091,1,0,0,-1,-1,1439.03,23.1957,0.302342,1371.16,266845,-1,-1,-1,-1,-1,-1,-1,-1,-1,0,0,0
1200,1,1,1092,1,1,1,4333.9,18668.3,603.126,46.3844,0.517824,510.058,9610.45,121.739,23.1957,0.302342,98.2407,149.523,23.1887,0.0718272,126.262,271.261,0,0,0
1200,1,1,1093,1,1,1,4319.62,24784.1,808.807,52.1883,0.731635,710.479,12168.2,326.613,28.9996,0.516154,297.097,141.892,23.1887,0.0718272,118.631,468.505,0,0,0
1200,1,1,1094,1,1,1,4462.39,24901.6,820.998,52.1883,0.731635,722.705,12068.9,327.107,28.9996,0.516154,297.592,153.89,23.1887,0.0718272,130.63,480.998,0,0,0
1200,1,1,1095,1,1,1,4362.18,18686,516.915,46.3844,0.482746,423.632,11161.4,89.4573,23.1957,0.267264,65.9943,148.974,23.1887,0.0718272,125.713,238.431,0,0,0
1200,1,1,1096,1,1,1,4331.65,18682.6,625.901,46.3844,0.6264,532.791,9219.6,150.999,23.1957,0.267264,127.536,146.122,23.1887,0.0718272,122.862,297.121,0,0,0
1200,1,1,1097,1,1,1,4319.18,18687.1,367.055,46.3844,0.517824,273.301,13827,108.955,23.1957,0.302342,85.4573,54.0937,23.1887,0.0718272,30.8332,163.049,0,0,0
1200,1,1,1098,1,1,1,4332.33,18654.9,439.203,46.3844,0.6264,345.551,12511.8,87.7608,23.1957,0.267264,64.2978,135.882,23.1887,0.0718272,112.621,223.643,0,0,0
1200,1,1,1099,1,1,1,4350.39,18738.4,613.063,46.3844,0.805133,519.737,9502.97,141.277,23.1957,0.302342,117.779,127.087,23.1887,0.0718272,103.827,268.365,0,0,0
1200,1,1,1100,1,1,1,4320.58,18675.5,622.835,46.3844,0.713261,529.629,9266.66,146.86,23.1957,0.497779,123.167,144.386,23.1887,0.0718272,121.126,291.246,0,0,0
1200,1,1,1101,1,1,1,4329.99,24662.7,743.336,52.1883,0.83687,644.712,13210.3,319.633,28.9996,0.551232,290.082,98.2136,23.1887,0.141984,74.883,417.846,0,0,0
1200,1,1,1102,1,1,1,4322.15,18637.6,507.711,46.3844,0.6264,414.258,11276.2,90.3741,23.1957,0.267264,66.9112,146.721,23.1887,0.0718272,123.461,237.096,0,0,0
1200,1,1,1103,1,1,1,4354.94,18688.1,623.452,46.3844,0.696557,530.265,9278.05,142.515,23.1957,0.267264,119.052,143.886,23.1887,0.141984,120.555,286.401,0,0,0
1200,1,1,1104,1,1,1,4322.41,18654,503.41,46.3844,0.6264,409.944,11369.1,89.3003,23.1957,0.267264,65.8373,147.523,23.1887,0.0718272,124.262,236.823,0,0,0
1200,1,1,1105,1,1,1,4351.71,18680.6,532.071,46.3844,0.679853,438.635,10885.6,85.6762,23.1957,0.267264,62.2133,148.612,23.1887,0.12528,125.298,234.288,0,0,0
1200,1,1,1106,1,1,1,4363.95,18700,479.369,46.3844,0.678182,385.781,11842.5,100.852,23.1957,0.462701,77.1931,144.743,23.1887,0.0718272,121.483,245.595,0,0,0
1200,1,1,1107,1,1,1,4335.13,18666.3,621.283,46.3844,0.517824,528.269,9285.54,144.717,23.1957,0.302342,121.219,139.946,23.1887,0.0718272,116.686,284.664,0,0,0
1200,1,1,1108,1,1,1,4319.18,18743,485.428,46.3844,0.482746,392.053,11778.3,158.332,23.1957,0.267264,134.869,86.2228,23.1887,0.0718272,62.9623,244.555,0,0,0
1200,1,1,1109,1,1,2,10323.5,24661.1,794.983,69.5741,0.519494,679.919,12591.3,153.344,23.1957,0.267264,129.881,313.247,46.3784,0.108576,266.76,466.591,1,0,0
1200,1,1,1110,1,1,1,4354.15,24685.9,655.168,52.1883,0.696557,556.429,14802.2,202.941,28.9996,0.481075,173.153,147.339,23.1887,0.0718272,124.078,350.28,0,0,0
1200,1,1,1111,1,1,1,4347.05,18721.1,638.434,46.3844,0.482746,545.504,9035.61,153.712,23.1957,0.267264,130.249,154.645,23.1887,0.0718272,131.384,308.356,0,0,0
1200,1,1,1112,1,1,1,4316.62,24641.3,459.317,52.1883,0.731635,359.973,18240,252.997,28.9996,0.516154,223.321,40.3502,23.1887,0.0718272,17.0897,293.347,0,0,0
1200,1,1,1113,1,1,1,4318.52,24635.8,811.508,52.1883,0.536198,713.383,11972.3,326.439,28.9996,0.320717,297.119,156.884,23.1887,0.0718272,133.624,483.323,0,0,0
1200,1,1,1114,1,1,1,4361.88,18695.6,508.826,46.3844,0.661478,415.34,11314.2,90.7232,23.1957,0.302342,67.2252,149.033,23.1887,0.0718272,125.773,239.757,0,0,0
1200,1,1,1115,1,1,1,4316.94,18699,495.786,46.3844,0.482746,402.442,11550.1,154.679,23.1957,0.267264,131.216,86.6649,23.1887,0.0718272,63.4044,241.344,0,0,0
1200,1,1,1116,1,0,0,-1,-1,1289.79,23.1957,0.462701,1221.32,260812,-1,-1,-1,-1,-1,-1,-1,-1,-1,0,0,0
1200,1,1,1117,1,1,1,4320.58,18635.7,450.156,46.3844,0.482746,356.679,12298.2,92.6752,23.1957,0.267264,69.2123,138.311,23.1887,0.0718272,115.051,230.986,0,0,0
1200,1,1,1118,1,1,1,4320.97,18844.9,471.482,46.3844,0.678182,377.871,12127.7,160.285,23.1957,0.462701,136.627,84.593,23.1887,0.0718272,61.3325,244.878,0,0,0
1200,1,1,1119,1,1,1,4330.89,30828.2,855.754,57.9922,1.19434,751.456,17475.9,513.406,34.8035,0.96048,477.386,84.9615,23.1887,0.0902016,61.6826,598.368,0,0,0
1200,1,1,1120,1,1,1,4338.74,18705.8,631.703,46.3844,0.517824,538.718,9139.74,149.328,23.1957,0.267264,125.865,151.357,23.1887,0.106906,128.061,300.685,0,0,0
1200,1,1,1121,1,0,0,-1,-1,1488.4,23.1957,0.497779,1420.48,268703,-1,-1,-1,-1,-1,-1,-1,-1,-1,0,0,0
1200,1,1,1122,1,1,1,4327.03,18747.7,478.453,46.3844,0.678182,384.863,11906.5,103.293,23.1957,0.462701,79.635,143.449,23.1887,0.0718272,120.189,246.743,0,0,0
1200,1,1,1123,1,1,1,4338.7,18672.5,515.991,46.3844,0.517824,422.67,11164.1,89.514,23.1957,0.302342,66.016,148.432,23.1887,0.0718272,125.172,237.946,0,0,0
1200,1,1,1124,1,1,1,4316.94,18731.2,440.689,46.3844,0.482746,347.184,12562,151.577,23.1957,0.267264,128.114,76.7313,23.1887,0.0718272,53.4708,228.308,0,0,0
1200,1,1,1125,1,1,1,4318.22,18656.5,424.149,46.3844,0.482746,330.596,12781.4,142.327,23.1957,0.267264,118.864,73.7353,23.1887,0.0718272,50.4748,216.062,0,0,0
1200,1,1,1126,1,1,1,4317.26,18660.9,623.687,46.3844,0.678182,530.519,9237.17,148.137,23.1957,0.462701,124.479,145.305,23.1887,0.0718272,122.044,293.442,0,0,0
1200,1,1,1127,1,1,1,4318.02,18633.5,488.462,46.3844,0.482746,395.096,11614.8,101.122,23.1957,0.267264,77.6587,145.844,23.1887,0.0718272,122.584,246.966,0,0,0
1200,1,1,1128,1,1,1,4333,18736.3,486.504,46.3844,0.482746,393.132,11752.4,157.285,23.1957,0.267264,133.822,86.7768,23.1887,0.0718272,63.5163,244.062,0,0,0
1200,1,1,1129,1,1,1,4329.6,18696,427.609,46.3844,0.873619,333.675,12758.5,143.951,23.1957,0.658138,120.097,74.9121,23.1887,0.0718272,51.6516,218.863,0,0,0
1200,1,1,1130,1,1,1,4318.06,18633.8,474.029,46.3844,0.482746,380.621,11871.8,99.1942,23.1957,0.267264,75.7312,145.806,23.1887,0.0718272,122.546,245.001,0,0,0
1200,1,1,1131,1,1,1,4354.97,24676.8,688.154,52.1883,0.927072,589.28,14205.9,210.034,28.9996,0.71159,180.038,147.479,23.1887,0.0718272,124.219,357.514,0,0,0
1200,1,1,1132,1,1,1,4357.21,18695.7,631.662,46.3844,0.661478,538.534,9134.85,148.479,23.1957,0.302342,124.981,152.246,23.1887,0.0718272,128.985,300.725,0,0,0
1200,1,1,1133,1,1,1,4323.53,18849.1,505.005,46.3844,0.748339,411.422,11535.3,160.836,23.1957,0.462701,137.177,84.1777,23.1887,0.141984,60.847,245.014,0,0,0
1200,1,1,1134,1,1,1,4348.81,18713.3,572.552,46.3844,0.731635,479.182,10198.2,148.313,23.1957,0.337421,124.78,97.8699,23.1887,0.106906,74.5743,246.183,0,0,0
1200,1,1,1135,1,1,1,4353.7,18709.3,623.983,46.3844,0.6264,530.867,9280.4,149.312,23.1957,0.267264,125.849,143.439,23.1887,0.0718272,120.178,292.75,0,0,0
1200,1,1,1136,1,1,2,4352.99,18700.6,541.175,69.5741,1.03732,424.855,11117.2,89.983,23.1957,0.462701,66.3246,172.064,46.3784,0.430963,125.255,262.047,1,0,0
1200,1,1,1137,1,1,1,4319.94,18653,622.303,46.3844,0.678182,529.131,9253.89,148.531,23.1957,0.462701,124.872,141.89,23.1887,0.0718272,118.63,290.421,0,0,0
1200,1,1,1138,1,1,1,4369.19,18709.8,633.082,46.3844,0.482746,540.137,9119.51,148.075,23.1957,0.267264,124.612,157.186,23.1887,0.0718272,133.925,305.261,0,0,0
1200,1,1,1139,1,1,1,4330.98,18656.2,459.275,46.3844,0.482746,365.824,12156.6,94.0036,23.1957,0.267264,70.5406,142.222,23.1887,0.0718272,118.962,236.226,0,0,0
1200,1,1,1140,1,1,1,4316.62,18714.2,485.982,46.3844,0.482746,392.609,11739.6,157.249,23.1957,0.267264,133.786,86.2751,23.1887,0.0718272,63.0146,243.524,0,0,0
1200,1,1,1141,1,1,1,4338.92,18655.3,497.744,46.3844,0.482746,404.405,11471.6,91.9299,23.1957,0.267264,68.4669,144.231,23.1887,0.0718272,120.97,236.161,0,0,0
1200,1,1,1142,1,1,1,4334,18653.5,433.98,46.3844,0.482746,340.456,12603.6,88.1235,23.1957,0.267264,64.6606,131.53,23.1887,0.0718272,108.27,219.654,0,0,0
1200,1,1,1143,1,1,1,4333.13,18652.2,428.86,46.3844,0.482746,335.321,12693.4,85.0319,23.1957,0.267264,61.5689,126.919,23.1887,0.0718272,103.659,211.951,0,0,0
1200,1,1,1144,1,1,1,4461.58,18841.7,628.79,46.3844,0.623059,535.692,9326.71,147.377,23.1957,0.372499,123.809,146.13,23.1887,0.106906,122.835,293.508,0,0,0
1200,1,1,1145,1,1,1,4374.19,18749.1,624.852,46.3844,0.913709,531.452,9303.96,150.432,23.1957,0.267264,126.969,145.135,23.1887,0.0718272,121.875,295.567,0,0,0
1200,1,1,1146,1,0,0,-1,-1,1516.94,23.1957,0.267264,1449.33,270123,-1,-1,-1,-1,-1,-1,-1,-1,-1,0,0,0
1200,1,1,1147,1,1,1,4336.1,18709.2,458.502,46.3844,0.517824,365.014,12223,152.382,23.1957,0.302342,128.884,82.0663,23.1887,0.0718272,58.8058,234.449,0,0,0
1200,1,1,1148,1,1,1,4334.11,18652.6,472.957,46.3844,0.482746,379.546,11909.6,98.7141,23.1957,0.267264,75.2511,146.166,23.1887,0.0718272,122.905,244.88,0,0,0
1200,1,1,1149,1,1,1,4377.63,24708.6,780.99,52.1883,0.731635,682.581,12587.3,320.15,28.9996,0.516154,290.634,114.091,23.1887,0.0718272,90.8302,434.241,0,0,0
1200,1,1,1150,1,1,1,4404.26,18724.1,636.342,46.3844,0.678182,543.211,9075.37,143.358,23.1957,0.462701,119.7,151.215,23.1887,0.0718272,127.955,294.574,0,0,0
1200,1,1,1151,1,1,1,4376.22,18732.5,623.141,46.3844,0.552902,530.097,9318.48,148.777,23.1957,0.337421,125.244,143.197,23.1887,0.0718272,119.936,291.974,0,0,0
1200,1,1,1152,1,1,1,4328.9,24670.5,773.287,52.1883,0.536198,675.051,12686.7,294.606,28.9996,0.320717,265.242,142.047,23.1887,0.0718272,118.787,436.653,0,0,0
1200,1,1,1153,1,1,2,10342.2,24675.1,702.569,69.5741,0.659808,587.096,14247.6,88.8101,23.1957,0.302342,65.3121,347.559,46.3784,0.213811,300.967,436.369,1,0,0
1200,1,1,1154,1,1,1,4321.42,18679.3,380.393,46.3844,0.517824,286.678,13582,119.12,23.1957,0.302342,95.6219,57.7538,23.1887,0.0718272,34.4933,176.874,0,0,0
1200,1,1,1155,0,0,0,-1,-1,1558.9,23.206,0.551232,1491.12,272286,-1,-1,-1,-1,-1,-1,-1,-1,-1,0,0,0
1200,1,1,1156,1,1,1,4342.21,18682.6,621.633,46.3844,0.482746,528.655,9295.9,144.518,23.1957,0.267264,121.055,143.114,23.1887,0.0718272,119.853,287.632,0,0,0
1200,1,1,1157,1,1,1,4316.62,18644.4,624.153,46.3844,0.482746,531.182,9212.87,148.51,23.1957,0.267264,125.047,146.736,23.1887,0.0718272,123.475,295.246,0,0,0
1200,1,1,1158,1,1,1,4380.12,18693.6,589.506,46.3844,0.770054,496.147,9877.4,110.119,23.1957,0.267264,86.6557,148.517,23.1887,0.0718272,125.257,258.636,0,0,0
1200,1,1,1159,1,1,1,4315.34,18714.9,485.915,46.3844,0.482746,392.542,11741.5,157.343,23.1957,0.267264,133.88,86.6541,23.1887,0.0718272,63.3936,243.997,0,0,0
1200,1,1,1160,1,0,0,-1,-1,1070.73,28.9996,0.871949,995.571,256637,-1,-1,-1,-1,-1,-1,-1,-1,-1,0,0,0
1200,1,1,1161,1,1,1,4372.11,18745.2,479.396,46.3844,0.678182,385.808,11887.3,101.703,23.1957,0.462701,78.045,144.397,23.1887,0.0718272,121.136,246.1,0,0,0
1200,1,1,1162,1,1,1,4346.18,18681.5,638.577,46.3844,0.770054,545.36,8992.71,146.944,23.1957,0.267264,123.481,155.128,23.1887,0.0718272,131.868,302.072,0,0,0
1200,1,1,1163,1,1,2,10347.9,24667.2,706.697,69.5741,1.09411,590.801,14165.7,88.3203,23.1957,0.267264,64.8573,345.819,46.3784,0.683194,298.758,434.139,1,0,0
1200,1,1,1164,1,1,1,4356.75,18812.2,624.49,46.3844,0.517824,531.485,9374.44,146.418,23.1957,0.302342,122.92,143.944,23.1887,0.0718272,120.683,290.361,0,0,0
1200,1,1,1165,1,1,1,4337.86,18657.5,546.199,46.3844,0.482746,453.001,10612.1,93.6769,23.1957,0.267264,70.2139,146.438,23.1887,0.0718272,123.178,240.115,0,0,0
1200,1,1,1166,1,1,1,4342.19,18669.8,630.027,46.3844,0.482746,537.072,9133.82,150.046,23.1957,0.267264,126.583,150.965,23.1887,0.0718272,127.704,301.011,0,0,0
1200,1,1,1167,1,1,1,4343.83,18661.2,483.815,46.3844,0.482746,390.436,11725.1,103.112,23.1957,0.267264,79.6494,143.984,23.1887,0.0718272,120.723,247.096,0,0,0
1200,1,1,1168,1,1,1,4326.44,18648.4,636.542,46.3844,0.6264,543.463,8996.17,152.318,23.1957,0.267264,128.856,153.885,23.1887,0.0718272,130.624,306.203,0,0,0
1200,1,1,1169,1,1,1,4317.19,18685.1,624.93,46.3844,0.482746,531.961,9239.77,149.386,23.1957,0.267264,125.923,147.635,23.1887,0.0718272,124.374,297.02,0,0,0
1200,1,1,1170,1,1,2,10336.6,24651,593.811,69.5741,0.519494,478.162,16158.4,76.5331,23.1957,0.267264,53.0701,311.899,46.3784,0.108576,265.412,388.432,1,0,0
1200,1,1,1171,1,1,1,4387.89,18793.9,633.866,46.3844,0.517824,540.888,9189.38,149.133,23.1957,0.267264,125.67,158.08,23.1887,0.106906,134.784,307.213,0,0,0
1200,1,1,1172,1,1,3,16388.5,30791.7,1012.84,92.7639,0.930413,875.447,15246.2,150.196,23.1957,0.497779,126.502,534.026,69.5682,0.288979,464.169,684.222,2,0,0
1200,1,1,1173,1,1,1,4338.15,18751.6,554.837,46.3844,0.482746,461.664,10552.7,153.919,23.1957,0.267264,130.456,96.8169,23.1887,0.0718272,73.5564,250.736,0,0,0
1200,1,1,1174,1,0,0,-1,-1,1405.58,23.1957,0.267264,1337.65,265269,-1,-1,-1,-1,-1,-1,-1,-1,-1,0,0,0
1200,1,1,1175,1,1,1,4333.83,18768.6,374.712,46.3844,0.713261,280.785,13771.9,113.641,23.1957,0.497779,89.9476,55.3896,23.1887,0.0718272,32.129,169.031,0,0,0
1200,1,1,1176,1,1,1,4316.89,24675.6,451.366,52.1883,0.536198,352.194,18416.2,249.607,28.9996,0.320717,220.11,38.0039,23.1887,0.0718272,14.7434,287.611,0,0,0
1200,1,1,1177,1,1,1,4337.78,18665.4,461.342,46.3844,0.661478,367.719,12128.4,94.9673,23.1957,0.267264,71.5044,142.107,23.1887,0.106906,118.812,237.075,0,0,0
1200,1,1,1178,1,1,2,10337.3,24733.5,817.554,69.5741,0.825178,702.249,12261.3,148.897,23.1957,0.267264,125.434,343.415,46.3784,0.414259,296.622,492.312,1,0,0
1200,1,1,1179,1,1,1,4329.92,18649.4,487.954,46.3844,0.661478,394.408,11639.1,154.256,23.1957,0.302342,130.758,87.3417,23.1887,0.0718272,64.0812,241.598,0,0,0
1200,1,1,1180,1,1,1,4361.57,18693.1,593.722,46.3844,0.482746,500.662,9802.7,141.769,23.1957,0.267264,118.306,103.173,23.1887,0.0718272,79.9129,244.943,0,0,0
1200,1,1,1181,1,1,1,4318.22,24636.6,441.969,52.1883,0.731635,342.575,18543.8,243.034,28.9996,0.516154,213.329,35.9555,23.1887,0.0718272,12.695,278.989,0,0,0
1200,1,1,1182,1,1,1,4317.9,24632.1,733.448,52.1883,0.766714,634.865,13356,321.179,28.9996,0.551232,291.629,96.0264,23.1887,0.0718272,72.7659,417.206,0,0,0
1200,1,1,1183,1,1,1,4329.61,18657.6,489.191,46.3844,0.482746,395.827,11626,101.351,23.1957,0.267264,77.8879,146.203,23.1887,0.0718272,122.943,247.554,0,0,0
1200,1,1,1184,1,1,1,4333.43,18718.8,509.533,46.3844,0.678182,416.033,11324.9,158.62,23.1957,0.462701,134.961,84.7103,23.1887,0.0718272,61.4498,243.33,0,0,0
1200,1,1,1185,1,1,1,4331.85,18732.4,515.632,46.3844,0.943776,421.885,11229.2,158.918,23.1957,0.728294,134.994,83.512,23.1887,0.0718272,60.2514,242.43,0,0,0
1200,1,1,1186,1,1,1,4315.98,30633.4,443.136,57.9922,0.820166,338.012,24619.3,330.152,34.8035,0.604685,293.984,24.5924,23.1887,0.0718272,1.33194,354.745,0,0,0
1200,1,1,1187,1,1,1,4327.71,18643.5,544.238,46.3844,0.482746,451.034,10633,90.4355,23.1957,0.267264,66.9725,150.311,23.1887,0.0718272,127.051,240.747,0,0,0
1200,1,1,1188,1,1,1,4374.69,18699,496.539,46.3844,0.770054,402.909,11535.9,94.1443,23.1957,0.267264,70.6814,144.821,23.1887,0.0718272,121.56,238.965,0,0,0
1200,1,1,1189,1,1,2,4340.78,18807.8,545.653,69.5741,0.698227,429.685,11163.6,160.234,23.1957,0.267264,136.771,110.289,46.3784,0.287309,63.6228,270.523,1,0,0
1200,1,1,1190,1,0,0,-1,-1,936.667,28.9996,0.551232,861.444,254342,-1,-1,-1,-1,-1,-1,-1,-1,-1,0,0,0
1200,1,1,1191,1,1,1,4344.55,18673.2,543.971,46.3844,0.6264,450.622,10667,89.3364,23.1957,0.267264,65.8734,149.764,23.1887,0.0718272,126.504,239.101,0,0,0
1200,1,1,1192,1,1,1,4330.64,18668.3,498.445,46.3844,0.678182,404.912,11471.7,91.8582,23.1957,0.462701,68.1998,145.182,23.1887,0.0718272,121.921,237.04,0,0,0
1200,1,1,1193,1,1,1,4326.34,18703.3,616.801,46.3844,0.517824,523.773,9402.25,141.542,23.1957,0.267264,118.079,130.58,23.1887,0.106906,107.285,272.122,0,0,0
1200,1,1,1194,1,1,1,4351.75,18690.9,550.977,46.3844,0.678182,457.598,10560.1,151.482,23.1957,0.462701,127.823,94.4924,23.1887,0.0718272,71.2318,245.974,0,0,0
1200,1,1,1195,1,0,0,-1,-1,1056.86,28.9996,0.977184,981.557,256388,-1,-1,-1,-1,-1,-1,-1,-1,-1,0,0,0
1200,1,1,1196,1,1,1,4394.51,18810.3,634.215,46.3844,0.517824,541.238,9199.56,149.566,23.1957,0.267264,126.103,158.446,23.1887,0.106906,135.151,308.012,0,0,0
1200,1,1,1197,1,1,1,4321.48,18674.6,585.424,46.3844,0.482746,492.34,9931.78,145.365,23.1957,0.267264,121.902,102.231,23.1887,0.0718272,78.9708,247.596,0,0,0
1200,1,1,1198,1,1,2,10392.9,30780.3,1009.07,75.3781,1.59022,887.915,15000.6,324.847,28.9996,0.907027,294.94,356.313,46.3784,0.108576,309.826,681.16,1,0,0
1200,1,1,1199,1,1,1,4357.94,18701,637.529,46.3844,0.50112,544.579,9031.36,152.858,23.1957,0.267264,129.395,154.63,23.1887,0.0902016,131.352,307.489,0,0,0
1200,1,1,1200,1,1,2,10456,24966,839.258,69.5741,1.32463,723.517,12106.6,152.352,23.1957,0.497779,128.659,360.021,46.3784,0.683194,312.96,512.373,1,0,0
