N,seed,dutyCycle,devId,registered,authSuccess,attempts,latencyMs,e2eMs,fullEnergyMJ,fullCpuEnergyMJ,fullTxEnergyMJ,fullRxEnergyMJ,idleListeningMs,regEnergyMJ,regCpuEnergyMJ,regTxEnergyMJ,regRxEnergyMJ,authEnergyMJ,authCpuEnergyMJ,authTxEnergyMJ,authRxEnergyMJ,sessionEnergyMJ,fallbackUsed,replayRejected,desync
700,5,1,1,1,1,1,4315.02,18631.1,234.726,46.3844,0.482746,140.623,16124.4,69.2002,23.1957,0.267264,45.7372,36.5763,23.1887,0.0718272,13.3158,105.777,0,0,0
700,5,1,2,1,0,0,-1,-1,851.21,23.1957,0.267264,781.666,278915,-1,-1,-1,-1,-1,-1,-1,-1,-1,0,0,0
700,5,1,3,1,1,1,4318.47,18674.1,319.064,46.3844,0.873619,224.815,14666.7,99.2421,23.1957,0.658138,75.3883,61.5854,23.1887,0.0718272,38.3249,160.828,0,0,0
700,5,1,4,1,1,1,4318.22,18648.9,399.22,46.3844,0.517824,305.56,13216.9,96.2387,23.1957,0.302342,72.7407,92.323,23.1887,0.0718272,69.0625,188.562,0,0,0
700,5,1,5,1,1,1,4320.26,18649.8,400.126,46.3844,0.482746,306.504,13201.9,97.7395,23.1957,0.267264,74.2765,96.4325,23.1887,0.0718272,73.172,194.172,0,0,0
700,5,1,6,1,1,1,4317,18635.1,316.799,46.3844,0.482746,222.934,14669,97.3154,23.1957,0.267264,73.8524,60.073,23.1887,0.0718272,36.8125,157.388,0,0,0
700,5,1,7,1,1,1,4333.07,18650.5,309.912,46.3844,0.482746,216.027,14806.8,63.017,23.1957,0.267264,39.554,94.5122,23.1887,0.0718272,71.2517,157.529,0,0,0
700,5,1,8,1,0,0,-1,-1,697.553,23.1957,0.302342,627.527,268495,-1,-1,-1,-1,-1,-1,-1,-1,-1,0,0,0
700,5,1,9,1,1,1,4341.83,18656,272.143,46.3844,0.770054,177.861,15483.1,47.6022,23.1957,0.267264,24.1392,84.2898,23.1887,0.0718272,61.0293,131.892,0,0,0
700,5,1,10,1,1,1,4329.29,18644.7,403.715,46.3844,0.482746,310.103,13133,94.6948,23.1957,0.267264,71.2318,93.4582,23.1887,0.0718272,70.1977,188.153,0,0,0
700,5,1,11,1,1,1,4320.46,18649.8,399.605,46.3844,0.678182,305.785,13210.7,99.756,23.1957,0.462701,76.0976,94.2126,23.1887,0.0718272,70.9521,193.969,0,0,0
700,5,1,12,1,1,1,4340.53,18676.5,384.774,46.3844,0.552902,291.037,13501.1,93.1806,23.1957,0.267264,69.7176,83.9467,23.1887,0.141984,60.616,177.127,0,0,0
700,5,1,13,1,1,1,4314.7,18641.7,400.323,46.3844,0.482746,306.7,13190.3,99.7663,23.1957,0.267264,76.3033,98.194,23.1887,0.0718272,74.9335,197.96,0,0,0
700,5,1,14,1,1,1,4322.34,18633.9,306.957,46.3844,0.482746,213.064,14842.8,97.5356,23.1957,0.267264,74.0726,58.9324,23.1887,0.0718272,35.6719,156.468,0,0,0
700,5,1,15,1,1,1,4318.66,18635.7,272.048,46.3844,0.482746,178.053,15465.3,47.3675,23.1957,0.267264,23.9046,84.1075,23.1887,0.0718272,60.847,131.475,0,0,0
700,5,1,16,1,1,1,4318.35,18637.5,401.195,46.3844,0.482746,307.576,13170.6,90.9138,23.1957,0.267264,67.4508,95.1078,23.1887,0.0718272,71.8473,186.022,0,0,0
700,5,1,17,1,1,1,4315.66,18631.4,303.92,46.3844,0.482746,210.017,14894.3,95.8968,23.1957,0.267264,72.4338,58.7483,23.1887,0.0718272,35.4878,154.645,0,0,0
700,5,1,18,1,1,1,4323.21,18656.4,374.051,46.3844,0.517824,280.318,13672,93.3384,23.1957,0.302342,69.8403,73.9934,23.1887,0.0718272,50.7329,167.332,0,0,0
700,5,1,19,1,1,1,4315.98,18666,373.791,46.3844,0.873619,279.701,13685.5,94.066,23.1957,0.658138,70.2121,73.4646,23.1887,0.0718272,50.2041,167.531,0,0,0
700,5,1,20,1,1,1,4317.26,18638.8,401.625,46.3844,0.482746,308.007,13164.2,91.9587,23.1957,0.267264,68.4958,95.245,23.1887,0.0718272,71.9844,187.204,0,0,0
700,5,1,21,1,1,1,4316.94,18632.8,235.273,46.3844,0.482746,141.171,16116.3,68.9259,23.1957,0.267264,45.4629,36.9878,23.1887,0.0718272,13.7273,105.914,0,0,0
700,5,1,22,1,1,1,4328.65,18644.9,332.457,46.3844,0.482746,238.638,14400.3,59.5138,23.1957,0.267264,36.0509,93.5593,23.1887,0.0718272,70.2988,153.073,0,0,0
700,5,1,23,1,1,1,4317.79,18646.8,409.869,46.3844,0.482746,316.275,13025.6,92.8629,23.1957,0.267264,69.4,96.0391,23.1887,0.0718272,72.7786,188.902,0,0,0
700,5,1,24,1,1,1,4318.02,18655,403.421,46.3844,0.482746,309.808,13148.5,92.668,23.1957,0.267264,69.2051,95.6041,23.1887,0.0718272,72.3436,188.272,0,0,0
700,5,1,25,1,1,1,4314.7,18630.8,231.401,46.3844,0.482746,137.288,16183.2,65.5762,23.1957,0.267264,42.1132,34.6326,23.1887,0.0718272,11.372,100.209,0,0,0
700,5,1,26,1,1,1,4324.97,18653.3,324.507,46.3844,0.661478,230.486,14549.4,62.73,23.1957,0.267264,39.267,91.4087,23.1887,0.106906,68.1132,154.139,0,0,0
700,5,1,27,1,1,1,4315.34,18635.1,369.026,46.3844,0.482746,275.313,13740.2,95.3644,23.1957,0.267264,71.9014,64.7005,23.1887,0.0718272,41.44,160.065,0,0,0
700,5,1,28,1,1,2,10323.2,24641.8,513.808,69.5741,0.519494,397.926,17571.8,81.4061,23.1957,0.267264,57.9431,219.526,46.3784,0.108576,173.039,300.932,1,0,0
700,5,1,29,1,1,1,4323.14,18691.4,401.46,46.3844,0.482746,307.841,13219.8,95.2976,23.1957,0.267264,71.8346,90.437,23.1887,0.0718272,67.1765,185.735,0,0,0
700,5,1,30,1,1,1,4314.95,18626.9,324.334,46.3844,0.482746,230.491,14526.7,62.3997,23.1957,0.267264,38.9368,91.213,23.1887,0.0718272,67.9525,153.613,0,0,0
700,5,1,31,1,1,1,4325.45,18653.9,283.13,46.3844,0.678182,188.972,15286,91.8835,23.1957,0.462701,68.225,56.6728,23.1887,0.0718272,33.4123,148.556,0,0,0
700,5,1,32,1,1,1,4345.31,18666.6,404.107,46.3844,0.482746,310.496,13147.9,94.4349,23.1957,0.267264,70.972,94.0033,23.1887,0.0718272,70.7427,188.438,0,0,0
700,5,1,33,1,1,1,4328.58,18658.5,353.004,46.3844,0.517824,259.209,14048.3,86.6725,23.1957,0.267264,63.2095,58.0957,23.1887,0.106906,34.8002,144.768,0,0,0
700,5,1,34,1,1,1,4328.07,18642.2,332.306,46.3844,0.482746,238.486,14400.3,58.8388,23.1957,0.267264,35.3759,93.0521,23.1887,0.0718272,69.7916,151.891,0,0,0
700,5,1,35,1,1,1,4328.08,18642.2,352.914,46.3844,0.517824,259.119,14033.6,60.4559,23.1957,0.267264,36.993,100.146,23.1887,0.106906,76.8502,160.602,0,0,0
700,5,1,36,1,1,1,4317.83,18642.1,400.078,46.3844,0.482746,306.455,13195.1,96.0231,23.1957,0.267264,72.5602,93.4077,23.1887,0.0718272,70.1472,189.431,0,0,0
700,5,1,37,1,1,1,4321.8,18681,400.622,46.3844,0.517824,306.966,13224.1,96.3119,23.1957,0.267264,72.8489,93.2713,23.1887,0.106906,69.9757,189.583,0,0,0
700,5,1,38,1,1,1,4333.51,18668.6,331.435,46.3844,0.482746,237.613,14442.2,61.389,23.1957,0.267264,37.9261,94.4057,23.1887,0.0718272,71.1452,155.795,0,0,0
700,5,1,39,1,1,1,4320.14,18636.4,343.539,46.3844,0.482746,249.752,14194.7,87.9178,23.1957,0.267264,64.4548,59.3367,23.1887,0.0718272,36.0761,147.254,0,0,0
700,5,1,40,1,1,1,4365.23,18720.7,363.403,46.3844,0.482746,269.673,13925.8,64.5853,23.1957,0.267264,41.1224,101.314,23.1887,0.0718272,78.054,165.9,0,0,0
700,5,1,41,1,1,1,4317.26,18635.4,403.411,46.3844,0.482746,309.798,13129.1,98.891,23.1957,0.267264,75.428,86.2805,23.1887,0.0718272,63.02,185.171,0,0,0
700,5,1,42,1,0,0,-1,-1,447.569,23.1957,0.302342,376.817,257815,-1,-1,-1,-1,-1,-1,-1,-1,-1,0,0,0
700,5,1,43,1,1,1,4317.26,18639.4,393.612,46.3844,0.482746,299.97,13307.3,94.1895,23.1957,0.267264,70.7265,89.5671,23.1887,0.0718272,66.3065,183.757,0,0,0
700,5,1,44,1,1,1,4325.64,18640.1,399.961,46.3844,0.482746,306.338,13195.2,96.6711,23.1957,0.267264,73.2081,94.1133,23.1887,0.0718272,70.8528,190.784,0,0,0
700,5,1,45,1,1,1,4351.22,18684.5,405.492,46.3844,0.6264,311.741,13140.8,93.1734,23.1957,0.267264,69.7104,95.429,23.1887,0.0718272,72.1685,188.602,0,0,0
700,5,1,46,1,1,1,4326.44,18642.5,352.322,46.3844,0.6264,258.417,14044.3,85.4633,23.1957,0.267264,62.0003,57.817,23.1887,0.0718272,34.5565,143.28,0,0,0
700,5,1,47,1,1,1,4315.02,18630.4,369.537,46.3844,0.482746,275.826,13726.5,68.814,23.1957,0.267264,45.351,95.725,23.1887,0.0718272,72.4645,164.539,0,0,0
700,5,1,48,1,1,1,4343.78,18692.4,304.368,46.3844,0.587981,210.362,14946.6,97.0535,23.1957,0.337421,73.5203,59.5685,23.1887,0.106906,36.2729,156.622,0,0,0
700,5,1,49,1,1,1,4323.46,18673.4,362.951,46.3844,0.482746,269.22,13886.5,64.625,23.1957,0.267264,41.1621,101.152,23.1887,0.0718272,77.8916,165.777,0,0,0
700,5,1,50,1,1,1,4315.34,18630.8,330.372,46.3844,0.482746,236.546,14423.3,62.0622,23.1957,0.267264,38.5993,93.5033,23.1887,0.0718272,70.2428,155.566,0,0,0
700,5,1,51,1,1,1,4337.87,18655.9,376.878,46.3844,0.482746,283.188,13621.4,73.8367,23.1957,0.267264,50.3738,95.5175,23.1887,0.0718272,72.257,169.354,0,0,0
700,5,1,52,1,1,1,4316.3,18635.3,278.942,46.3844,0.482746,184.967,15342.3,91.1177,23.1957,0.267264,67.6547,55.0845,23.1887,0.0718272,31.824,146.202,0,0,0
700,5,1,53,1,1,1,4329.39,18653,403.907,46.3844,0.482746,310.296,13137.9,93.4098,23.1957,0.267264,69.9468,93.6585,23.1887,0.0718272,70.398,187.068,0,0,0
700,5,1,54,1,1,1,4345.95,18662.4,372.228,46.3844,0.482746,278.524,13710.6,72.189,23.1957,0.267264,48.726,94.653,23.1887,0.0718272,71.3925,166.842,0,0,0
700,5,1,55,1,1,1,4351.5,18683,404.01,46.3844,0.482746,310.399,13166.1,95.7254,23.1957,0.267264,72.2624,92.2309,23.1887,0.0718272,68.9704,187.956,0,0,0
700,5,1,56,1,1,1,4317.29,18631.8,401.694,46.3844,0.482746,308.076,13156,92.0418,23.1957,0.267264,68.5788,99.322,23.1887,0.0718272,76.0615,191.364,0,0,0
700,5,1,57,1,1,1,4320.58,18648.1,399.549,46.3844,0.482746,305.924,13210.4,96.2704,23.1957,0.267264,72.8074,89.5003,23.1887,0.0718272,66.2398,185.771,0,0,0
700,5,1,58,1,1,1,4328.52,18646.7,360.597,46.3844,0.482746,266.86,13901.7,64.0998,23.1957,0.267264,40.6369,98.212,23.1887,0.0718272,74.9515,162.312,0,0,0
700,5,1,59,1,1,1,4318.22,18648.8,300.001,46.3844,0.678182,205.892,14980.9,95.2675,23.1957,0.462701,71.609,58.5317,23.1887,0.0718272,35.2712,153.799,0,0,0
700,5,1,60,1,1,1,4334.47,18671.8,396.097,46.3844,0.482746,302.463,13295.5,83.7667,23.1957,0.267264,60.3038,98.4539,23.1887,0.0718272,75.1934,182.221,0,0,0
700,5,1,61,1,1,1,4315.02,18629.5,326.666,46.3844,0.482746,232.83,14487.9,95.7145,23.1957,0.267264,72.2516,61.5818,23.1887,0.0718272,38.3213,157.296,0,0,0
700,5,1,62,1,1,1,4315.98,18644.5,304.749,46.3844,0.482746,210.849,14892.6,97.6041,23.1957,0.267264,74.1412,58.5822,23.1887,0.0718272,35.3217,156.186,0,0,0
700,5,1,63,1,1,1,4325,18668.9,409.236,46.3844,0.482746,315.64,13059.1,92.7474,23.1957,0.267264,69.2845,95.3767,23.1887,0.0718272,72.1162,188.124,0,0,0
700,5,1,64,1,1,1,4333.37,18680.2,292.277,46.3844,0.517824,198.306,15149.8,94.0505,23.1957,0.267264,70.5875,57.5236,23.1887,0.106906,34.228,151.574,0,0,0
700,5,1,65,1,1,1,4317.9,18662.2,233.161,46.3844,0.482746,139.053,16183.3,67.1048,23.1957,0.267264,43.6419,35.2805,23.1887,0.0718272,12.02,102.385,0,0,0
700,5,1,66,1,1,1,4322.76,18648.9,310.377,46.3844,0.482746,216.493,14796.9,62.6668,23.1957,0.267264,39.2039,93.0214,23.1887,0.0718272,69.7609,155.688,0,0,0
700,5,1,67,1,1,1,4323.53,18639,339.079,46.3844,0.517824,245.243,14276.4,57.7433,23.1957,0.267264,34.2804,96.0164,23.1887,0.106906,72.7208,153.76,0,0,0
700,5,1,68,1,1,1,4316.94,18632.4,349.127,46.3844,0.482746,255.356,14091.4,60.2827,23.1957,0.267264,36.8197,99.9808,23.1887,0.0718272,76.7202,160.263,0,0,0
700,5,1,69,1,1,1,4326.94,18664,399.781,46.3844,0.482746,306.157,13222.3,94.9547,23.1957,0.267264,71.4917,91.5848,23.1887,0.0718272,68.3243,186.54,0,0,0
700,5,1,70,1,1,1,4315.98,18630.2,396.702,46.3844,0.482746,303.069,13243.2,95.5449,23.1957,0.267264,72.0819,91.2148,23.1887,0.0718272,67.9543,186.76,0,0,0
700,5,1,71,1,1,1,4326.86,18642.5,399.749,46.3844,0.482746,306.125,13201.3,94.7471,23.1957,0.267264,71.2842,94.3534,23.1887,0.0718272,71.0929,189.101,0,0,0
700,5,1,72,1,1,1,4330.57,18644.4,290.598,46.3844,0.517824,196.622,15143.9,54.529,23.1957,0.267264,31.066,90.4883,23.1887,0.106906,67.1927,145.017,0,0,0
700,5,1,73,1,1,1,4315.02,18705.9,310.258,46.3844,0.552902,216.303,14855.5,100.43,23.1957,0.337421,76.8971,59.8167,23.1887,0.0718272,36.5562,160.247,0,0,0
700,5,1,74,1,1,1,4316.62,18668.6,261.588,46.3844,0.482746,167.563,15684.2,83.579,23.1957,0.267264,60.1161,47.3185,23.1887,0.0718272,24.058,130.898,0,0,0
700,5,1,75,1,1,1,4320.97,18651.5,348.892,46.3844,0.517824,255.085,14114.4,88.8571,23.1957,0.302342,65.359,58.7555,23.1887,0.0718272,35.495,147.613,0,0,0
700,5,1,76,1,1,1,4347.09,18671.2,404.373,46.3844,0.552902,310.693,13147.3,99.3718,23.1957,0.302342,75.8738,89.0426,23.1887,0.106906,65.7471,188.414,0,0,0
700,5,1,77,1,1,1,4323.21,18638,289.912,46.3844,0.482746,195.969,15150,54.7239,23.1957,0.267264,31.2609,90.5868,23.1887,0.0718272,67.3263,145.311,0,0,0
700,5,1,78,1,1,1,4317.38,18631.6,376.12,46.3844,0.482746,282.428,13610.5,73.5696,23.1957,0.267264,50.1067,94.6151,23.1887,0.0718272,71.3546,168.185,0,0,0
700,5,1,79,1,1,1,4316.3,18630.8,378.704,46.3844,0.482746,285.019,13563.8,74.6218,23.1957,0.267264,51.1589,93.7596,23.1887,0.0718272,70.4991,168.381,0,0,0
700,5,1,80,1,1,1,4317.58,18631.4,339.854,46.3844,0.482746,246.056,14255.3,58.1476,23.1957,0.267264,34.6846,95.9741,23.1887,0.0718272,72.7136,154.122,0,0,0
700,5,1,81,1,1,1,4316.3,18630.7,320.508,46.3844,0.482746,226.654,14598.6,99.0552,23.1957,0.267264,75.5922,60.526,23.1887,0.0718272,37.2655,159.581,0,0,0
700,5,1,82,1,1,1,4321.3,18633.9,401.476,46.3844,0.482746,307.857,13162,96.7433,23.1957,0.267264,73.2803,97.9106,23.1887,0.0718272,74.6501,194.654,0,0,0
700,5,1,83,1,1,1,4362.66,24682.3,468.52,52.1883,0.571277,369.363,18117.6,159.122,28.9996,0.355795,129.334,99.3382,23.1887,0.0718272,76.0777,258.461,0,0,0
700,5,1,84,1,1,1,4316.87,18670.3,403.222,46.3844,0.678182,309.413,13166.9,96.0688,23.1957,0.462701,72.4104,89.5905,23.1887,0.0718272,66.33,185.659,0,0,0
700,5,1,85,1,1,1,4350.22,18713,404.58,46.3844,0.641434,310.812,13184.7,100.784,23.1957,0.337421,77.2509,90.5147,23.1887,0.160358,67.1656,191.299,0,0,0
700,5,1,86,1,1,1,4321.99,18639.2,399.297,46.3844,0.482746,305.672,13206,88.1037,23.1957,0.267264,64.6407,99.2931,23.1887,0.0718272,76.0326,187.397,0,0,0
700,5,1,87,1,1,1,4321.42,18635.6,406.97,46.3844,0.482746,313.367,13066,93.9314,23.1957,0.267264,70.4684,95.0897,23.1887,0.0718272,71.8292,189.021,0,0,0
700,5,1,88,1,1,1,4321.83,18651.9,408.607,46.3844,0.517824,314.974,13052.9,91.447,23.1957,0.302342,67.9489,95.0518,23.1887,0.0718272,71.7913,186.499,0,0,0
700,5,1,89,1,1,1,4327.49,18644.5,350.751,46.3844,0.517824,256.949,14074.4,59.2431,23.1957,0.267264,35.7802,100.276,23.1887,0.106906,76.9801,159.519,0,0,0
700,5,1,90,1,1,1,4313.42,18634.8,342.884,46.3844,0.482746,249.095,14204.8,87.4864,23.1957,0.267264,64.0235,59.158,23.1887,0.0718272,35.8975,146.644,0,0,0
700,5,1,91,1,1,1,4319.75,18636.8,338.439,46.3844,0.482746,244.637,14285.9,57.5141,23.1957,0.267264,34.0512,96.0878,23.1887,0.0718272,72.8273,153.602,0,0,0
700,5,1,92,1,1,1,4327.52,18651.9,251.101,46.3844,0.678182,156.85,15853.5,77.2357,23.1957,0.462701,53.5773,44.032,23.1887,0.0718272,20.7714,121.268,0,0,0
700,5,1,93,1,1,1,4325.22,18647.3,399.418,46.3844,0.50112,305.775,13211.8,95.2254,23.1957,0.267264,71.7625,94.4855,23.1887,0.0902016,71.2066,189.711,0,0,0
700,5,1,94,1,1,1,4348.56,24674.6,510.971,52.1883,1.22774,411.281,17353.1,208.821,28.9996,0.977184,178.554,99.2181,23.1887,0.106906,75.9225,308.039,0,0,0
700,5,1,95,1,1,1,4332.68,18646.8,273.111,46.3844,0.482746,179.119,15457.5,47.2665,23.1957,0.267264,23.8035,84.2736,23.1887,0.0718272,61.0131,131.54,0,0,0
700,5,1,96,1,1,1,4321.35,18643.8,302.803,46.3844,0.517824,208.862,14926.2,95.5954,23.1957,0.267264,72.1324,58.9584,23.1887,0.106906,35.6628,154.554,0,0,0
700,5,1,97,1,1,1,4378.81,18698.5,384.192,46.3844,0.587981,290.418,13533.3,93.0218,23.1957,0.267264,69.5588,83.1768,23.1887,0.177062,59.8111,176.199,0,0,0
700,5,1,98,1,1,1,4316.74,18649.3,234.747,46.3844,0.678182,140.448,16141.7,68.8704,23.1957,0.462701,45.212,36.0511,23.1887,0.0718272,12.7906,104.922,0,0,0
700,5,1,99,1,1,1,4316.62,18645.9,317.3,46.3844,0.482746,223.436,14670.8,97.8785,23.1957,0.267264,74.4155,60.4033,23.1887,0.0718272,37.1428,158.282,0,0,0
700,5,1,100,1,1,1,4332.41,18683.9,400.988,46.3844,0.552902,307.298,13220.2,99.6957,23.1957,0.337421,76.1626,95.3767,23.1887,0.0718272,72.1162,195.072,0,0,0
700,5,1,101,1,1,1,4314.7,18646.5,308.197,46.3844,0.482746,214.307,14833.3,64.0565,23.1957,0.267264,40.5936,93.8318,23.1887,0.0718272,70.5713,157.888,0,0,0
700,5,1,102,1,1,1,4322.89,18646.9,279.766,46.3844,0.482746,185.793,15339.2,51.5854,23.1957,0.267264,28.1224,85.1435,23.1887,0.0718272,61.883,136.729,0,0,0
700,5,1,103,1,0,0,-1,-1,461.938,23.1957,0.267264,391.263,258588,-1,-1,-1,-1,-1,-1,-1,-1,-1,0,0,0
700,5,1,104,1,1,1,4330.79,18649.2,377.38,46.3844,0.661478,283.512,13605.2,73.1509,23.1957,0.267264,49.6879,95.2981,23.1887,0.106906,72.0025,168.449,0,0,0
700,5,1,105,1,1,1,4316.62,18645.6,407,46.3844,0.517824,313.362,13075.2,94.0062,23.1957,0.302342,70.5081,94.2884,23.1887,0.0718272,71.0279,188.295,0,0,0
700,5,1,106,1,1,1,4317.58,18650.9,400.127,46.3844,0.678182,306.309,13202.6,85.3844,23.1957,0.462701,61.726,99.3437,23.1887,0.0718272,76.0831,184.728,0,0,0
700,5,1,107,1,1,1,4317.58,24642.2,502.505,52.1883,0.731635,403.286,17473,203.66,28.9996,0.516154,173.84,89.3433,23.1887,0.0718272,66.0828,293.004,0,0,0
700,5,1,108,1,1,1,4319.43,18639.9,380.482,46.3844,0.482746,286.803,13541.4,75.2607,23.1957,0.267264,51.7978,93.4384,23.1887,0.0718272,70.1778,168.699,0,0,0
700,5,1,109,1,1,1,4338.96,18675.3,398.49,46.3844,0.6264,304.719,13256.1,96.8714,23.1957,0.267264,73.4084,97.5461,23.1887,0.0718272,74.2856,194.417,0,0,0
700,5,1,110,1,1,1,4320.71,18667.1,393.905,46.3844,0.908698,299.839,13328.6,94.7598,23.1957,0.693216,70.8709,89.7403,23.1887,0.0718272,66.4798,184.5,0,0,0
700,5,1,111,1,1,1,4326.26,18652.1,324.723,46.3844,0.482746,230.881,14545,62.5748,23.1957,0.267264,39.1118,91.3502,23.1887,0.0718272,68.0897,153.925,0,0,0
700,5,1,112,1,1,1,4316.94,18634,366.188,46.3844,0.482746,272.467,13789.6,65.8415,23.1957,0.267264,42.3785,96.0968,23.1887,0.0718272,72.8363,161.938,0,0,0
700,5,1,113,1,1,1,4320.26,18660.1,395.74,46.3844,0.678182,301.909,13289.7,96.3088,23.1957,0.462701,72.6504,86.1073,23.1887,0.0718272,62.8467,182.416,0,0,0
700,5,1,114,1,1,1,4358.75,18676.2,400.053,46.3844,0.517824,306.395,13229.3,95.4265,23.1957,0.302342,71.9285,93.6567,23.1887,0.0718272,70.3962,189.083,0,0,0
700,5,1,115,1,1,1,4316.94,18636.9,307.1,46.3844,0.517824,213.172,14843,97.7367,23.1957,0.302342,74.2386,59.1688,23.1887,0.0718272,35.9083,156.905,0,0,0
700,5,1,116,1,1,1,4318.47,18633,406.463,46.3844,0.482746,312.858,13072.4,96.7072,23.1957,0.267264,73.2442,95.5085,23.1887,0.0718272,72.2479,192.216,0,0,0
700,5,1,117,1,1,1,4339.14,18689.1,400.508,46.3844,0.50112,306.868,13234.2,99.1942,23.1957,0.267264,75.7312,96.0177,23.1887,0.0902016,72.7389,195.212,0,0,0
700,5,1,118,1,1,1,4319.5,18671.3,259.483,46.3844,0.482746,165.451,15724.4,82.3464,23.1957,0.267264,58.8834,45.6725,23.1887,0.0718272,22.412,128.019,0,0,0
700,5,1,119,1,1,1,4319.3,18638.4,397.28,46.3844,0.482746,303.649,13241.1,96.6963,23.1957,0.267264,73.2334,97.3115,23.1887,0.0718272,74.0509,194.008,0,0,0
700,5,1,120,1,1,1,4319.27,18655.3,398.099,46.3844,0.6264,304.327,13243,98.0572,23.1957,0.267264,74.5942,87.071,23.1887,0.0718272,63.8105,185.128,0,0,0
700,5,1,121,1,1,1,4317.58,18635.4,402.61,46.3844,0.482746,308.994,13143.3,93.9043,23.1957,0.267264,70.4413,93.7867,23.1887,0.0718272,70.5262,187.691,0,0,0
700,5,1,122,1,1,1,4327.18,18644.9,377.727,46.3844,0.482746,284.039,13595.3,74.2157,23.1957,0.267264,50.7528,94.5086,23.1887,0.0718272,71.2481,168.724,0,0,0
700,5,1,123,1,1,1,4327.75,18653.8,251.039,46.3844,0.482746,156.983,15857,77.4265,23.1957,0.267264,53.9635,43.9742,23.1887,0.0718272,20.7137,121.401,0,0,0
700,5,1,124,1,1,1,4318.3,18631.8,398.939,46.3844,0.482746,305.313,13205.1,98.9072,23.1957,0.267264,75.4442,96.8603,23.1887,0.0718272,73.5997,195.767,0,0,0
700,5,1,125,1,1,1,4317.9,18664.5,345.011,46.3844,0.482746,251.228,14196.6,85.2268,23.1957,0.267264,61.7639,58.6472,23.1887,0.0718272,35.3867,143.874,0,0,0
700,5,1,126,1,1,1,4315.98,18648.1,351.581,46.3844,0.482746,257.817,14063.5,85.5571,23.1957,0.267264,62.0941,57.2305,23.1887,0.0718272,33.9699,142.788,0,0,0
700,5,1,127,1,1,1,4322.5,18638.8,403.922,46.3844,0.482746,310.31,13123.4,93.3538,23.1957,0.267264,69.8909,93.7127,23.1887,0.0718272,70.4522,187.067,0,0,0
700,5,1,128,1,1,1,4327.08,18665,370.117,46.3844,0.482746,276.407,13750.7,96.0087,23.1957,0.267264,72.5457,65.5271,23.1887,0.0718272,42.2666,161.536,0,0,0
700,5,1,129,1,1,1,4333.12,18650.4,352.838,46.3844,0.517824,259.043,14043.2,60.3358,23.1957,0.302342,36.8378,100.497,23.1887,0.0718272,77.2364,160.833,0,0,0
700,5,1,130,1,1,1,4332.42,18652.6,406.648,46.3844,0.482746,313.044,13088.8,93.417,23.1957,0.267264,69.954,95.6835,23.1887,0.0718272,72.423,189.101,0,0,0
700,5,1,131,1,1,1,4318.22,18635.5,332.688,46.3844,0.482746,238.869,14386.8,59.5698,23.1957,0.267264,36.1068,93.6748,23.1887,0.0718272,70.4143,153.245,0,0,0
700,5,1,132,1,1,1,4332.26,18653,397.735,46.3844,0.482746,304.105,13247.7,95.6495,23.1957,0.267264,72.1866,91.9295,23.1887,0.0718272,68.669,187.579,0,0,0
700,5,1,133,1,1,1,4324.23,18636.5,323.366,46.3844,0.482746,229.52,14553.5,61.0786,23.1957,0.267264,37.6156,91.5884,23.1887,0.0718272,68.3279,152.667,0,0,0
700,5,1,134,1,1,1,4338.47,18657.6,404.735,46.3844,0.482746,311.126,13127.8,94.9258,23.1957,0.267264,71.4629,93.6964,23.1887,0.0718272,70.4359,188.622,0,0,0
700,5,1,135,1,1,1,4319.62,18635.5,276.923,46.3844,0.482746,182.942,15378.4,50.1975,23.1957,0.267264,26.7345,84.6562,23.1887,0.0718272,61.3957,134.854,0,0,0
700,5,1,136,1,1,1,4317.26,18662.8,400.319,46.3844,0.482746,306.697,13211.5,95.9058,23.1957,0.267264,72.4429,93.1388,23.1887,0.0718272,69.8782,189.045,0,0,0
700,5,1,137,1,1,1,4315.98,24643.9,377.571,52.1883,0.554573,278.167,19696.5,196.302,28.9996,0.320717,166.655,51.6684,23.1887,0.0902016,28.3895,247.97,0,0,0
700,5,1,138,1,1,1,4317.26,18644.3,399.106,46.3844,0.482746,305.48,13214.5,97.837,23.1957,0.267264,74.374,94.431,23.1887,0.0718272,71.1705,192.268,0,0,0
700,5,1,139,1,1,1,4324.71,36653.1,631.155,63.7961,1.30291,520.45,27394.5,412.956,40.6075,0.943776,370.06,60.9899,23.1887,0.0718272,37.7293,473.946,0,0,0
700,5,1,140,1,1,1,4316.62,18635.7,401.683,46.3844,0.482746,308.065,13160.1,97.1872,23.1957,0.267264,73.7243,97.833,23.1887,0.0718272,74.5725,195.02,0,0,0
700,5,1,141,1,0,0,-1,-1,801.844,23.1957,0.267264,732.157,273985,-1,-1,-1,-1,-1,-1,-1,-1,-1,0,0,0
700,5,1,142,1,1,1,4318.86,18639.1,323.501,46.3844,0.482746,229.655,14553.8,98.5029,23.1957,0.267264,75.04,59.9954,23.1887,0.0718272,36.7349,158.498,0,0,0
700,5,1,143,1,1,1,4319.56,18654.3,375.394,46.3844,0.678182,281.504,13645.8,93.8741,23.1957,0.462701,70.2157,74.8706,23.1887,0.0718272,51.6101,168.745,0,0,0
700,5,1,144,1,1,1,4321.71,18636.2,296.072,46.3844,0.482746,202.147,15038.6,57.2326,23.1957,0.267264,33.7696,92.2851,23.1887,0.0718272,69.0246,149.518,0,0,0
700,5,1,145,1,1,1,4316.94,18634.7,406.959,46.3844,0.482746,313.357,13065.3,91.7512,23.1957,0.267264,68.2882,94.8046,23.1887,0.0718272,71.5441,186.556,0,0,0
700,5,1,146,1,1,1,4319.18,18640.4,262.339,46.3844,0.482746,168.316,15642.6,84.2739,23.1957,0.267264,60.8109,47.73,23.1887,0.0718272,24.4695,132.004,0,0,0
700,5,1,147,1,1,1,4321.22,18648.4,399.666,46.3844,0.482746,306.042,13208.7,90.7513,23.1957,0.267264,67.2884,99.0856,23.1887,0.0718272,75.8251,189.837,0,0,0
700,5,1,148,0,0,0,-1,-1,558.945,23.206,0.551232,488.258,262613,-1,-1,-1,-1,-1,-1,-1,-1,-1,0,0,0
700,5,1,149,1,1,1,4319.44,18640.4,403.717,46.3844,0.517824,310.07,13128.4,95.8759,23.1957,0.302342,72.3779,92.1732,23.1887,0.0718272,68.9127,188.049,0,0,0
700,5,1,150,1,1,1,4335.94,18688.1,405.486,46.3844,0.517824,311.844,13144.7,97.9254,23.1957,0.267264,74.4624,91.8545,23.1887,0.106906,68.5589,189.78,0,0,0
700,5,1,151,1,1,1,4337.16,18656.3,380.02,46.3844,0.482746,286.339,13565.9,74.6218,23.1957,0.267264,51.1589,94.0105,23.1887,0.0718272,70.75,168.632,0,0,0
700,5,1,152,1,1,1,4328.78,18651,299.436,46.3844,0.517824,205.486,14993.4,59.8648,23.1957,0.302342,36.3667,91.4964,23.1887,0.0718272,68.2359,151.361,0,0,0
700,5,1,153,1,1,1,4347.81,18664.3,327.138,46.3844,0.482746,233.303,14514.3,63.1198,23.1957,0.267264,39.6569,90.5976,23.1887,0.0718272,67.3371,153.717,0,0,0
700,5,1,154,1,1,1,4375.5,18735.2,404.857,46.3844,0.713261,311.018,13202.5,100.658,23.1957,0.462701,77,90.7662,23.1887,0.106906,67.4706,191.425,0,0,0
700,5,1,155,1,1,1,4326.36,18644.8,359.765,46.3844,0.6264,265.881,13914.2,63.636,23.1957,0.267264,40.173,97.7446,23.1887,0.0718272,74.4841,161.381,0,0,0
700,5,1,156,1,1,1,4315.66,18635.7,307.456,46.3844,0.482746,213.564,14835.7,64.098,23.1957,0.267264,40.6351,93.9473,23.1887,0.0718272,70.6868,158.045,0,0,0
700,5,1,157,1,1,1,4325.51,18640.6,308.782,46.3844,0.482746,214.894,14817,63.4212,23.1957,0.267264,39.9583,93.608,23.1887,0.0718272,70.3475,157.029,0,0,0
700,5,1,158,1,1,1,4318.54,18650.6,240.535,46.3844,0.482746,146.449,16040.5,72.5716,23.1957,0.267264,49.1086,38.1609,23.1887,0.0718272,14.9004,110.733,0,0,0
700,5,1,159,1,1,1,4335.04,18666.4,364.031,46.3844,0.482746,270.303,13860.3,64.5763,23.1957,0.267264,41.1133,99.4357,23.1887,0.0718272,76.1752,164.012,0,0,0
700,5,1,160,1,1,1,4325.13,18669.4,303.675,46.3844,0.482746,209.772,14936.6,96.9418,23.1957,0.267264,73.4788,59.1273,23.1887,0.0718272,35.8668,156.069,0,0,0
700,5,1,161,1,1,1,4328.88,18655.8,407.834,46.3844,0.482746,314.234,13070.9,92.3305,23.1957,0.267264,68.8676,95.8875,23.1887,0.0718272,72.627,188.218,0,0,0
700,5,1,162,1,1,1,4321.58,18662.5,287.531,46.3844,0.482746,193.581,15216.8,94.1534,23.1957,0.267264,70.6904,57.3784,23.1887,0.0718272,34.1179,151.532,0,0,0
700,5,1,163,1,1,1,4327.21,18652,327.949,46.3844,0.6264,233.972,14487.2,94.2743,23.1957,0.267264,70.8113,61.2425,23.1887,0.0718272,37.982,155.517,0,0,0
700,5,1,164,1,1,1,4321.03,18650.4,282.883,46.3844,0.482746,188.919,15287.3,91.8107,23.1957,0.267264,68.3478,56.5555,23.1887,0.0718272,33.295,148.366,0,0,0
700,5,1,165,1,1,1,4321.82,18637.6,243.152,46.3844,0.482746,149.073,15981,73.631,23.1957,0.267264,50.168,39.3954,23.1887,0.0718272,16.1349,113.026,0,0,0
700,5,1,166,1,1,1,4317.58,18647.9,268.708,46.3844,0.482746,174.703,15536.9,88.0983,23.1957,0.267264,64.6353,48.9645,23.1887,0.0718272,25.704,137.063,0,0,0
700,5,1,167,1,1,1,4344.42,18683.4,430.209,46.3844,0.913709,336.243,256280,90.0114,23.1957,0.267264,66.5484,58.1762,23.1887,0.0718272,34.9157,148.188,0,0,0
700,5,1,168,1,1,1,4321.58,18635.1,278.299,46.3844,0.482746,184.322,15353.5,90.2785,23.1957,0.267264,66.8155,54.8481,23.1887,0.0718272,31.5876,145.127,0,0,0
700,5,1,169,1,0,0,-1,-1,764.221,23.1957,0.462701,694.229,271674,-1,-1,-1,-1,-1,-1,-1,-1,-1,0,0,0
700,5,1,170,1,1,1,4314.7,18638.9,277.662,46.3844,0.482746,183.684,15368.7,89.8688,23.1957,0.267264,66.4058,54.0251,23.1887,0.0718272,30.7646,143.894,0,0,0
700,5,1,171,1,1,1,4328.72,18661.2,399.239,46.3844,0.482746,305.614,13229.1,95.8896,23.1957,0.267264,72.4266,93.4167,23.1887,0.0718272,70.1562,189.306,0,0,0
700,5,1,172,1,1,1,4373.19,18696.4,401.99,46.3844,0.517824,308.337,13215.1,95.1233,23.1957,0.302342,71.6253,99.8544,23.1887,0.0718272,76.5939,194.978,0,0,0
700,5,1,173,1,1,1,4319.18,18637.1,343.598,46.3844,0.482746,249.811,14194.4,87.6074,23.1957,0.267264,64.1444,60.0658,23.1887,0.0718272,36.8053,147.673,0,0,0
700,5,1,174,1,1,1,4317.41,18637.9,316.351,46.3844,0.482746,222.485,14679.7,97.8947,23.1957,0.267264,74.4318,60.4647,23.1887,0.0718272,37.2041,158.359,0,0,0
700,5,1,175,1,1,1,4333,18650,406.898,46.3844,0.482746,313.295,13081.7,91.697,23.1957,0.267264,68.2341,95.6763,23.1887,0.0718272,72.4158,187.373,0,0,0
700,5,1,176,1,1,1,4322.57,18637.7,405.157,46.3844,0.517824,311.514,13100.1,93.3358,23.1957,0.267264,69.8728,95.493,23.1887,0.106906,72.1974,188.829,0,0,0
700,5,1,177,1,1,2,10327.7,24646.3,479.525,69.5741,0.663149,363.4,18185.6,95.1117,23.1957,0.267264,71.6488,174.055,46.3784,0.25223,127.424,269.167,1,0,0
700,5,1,178,1,1,1,4340.43,18668.9,401.604,46.3844,0.482746,307.986,13194.8,95.442,23.1957,0.267264,71.979,99.7588,23.1887,0.0718272,76.4983,195.201,0,0,0
700,5,1,179,1,1,1,4333.73,24668.5,503.338,52.1883,0.644774,404.208,17484.8,203.729,28.9996,0.285638,174.138,95.2648,23.1887,0.0718272,72.0043,298.994,0,0,0
700,5,1,180,1,1,1,4332.35,18684,406.399,46.3844,0.552902,312.725,13124.1,92.4125,23.1957,0.302342,68.9145,92.6234,23.1887,0.106906,69.3278,185.036,0,0,0
700,5,1,181,1,1,1,4345.95,18686.5,402.885,46.3844,0.913709,308.839,13188.3,100.319,23.1957,0.267264,76.8556,99.7515,23.1887,0.0718272,76.491,200.07,0,0,0
700,5,1,182,1,1,1,4319.94,18635.7,399.813,46.3844,0.482746,306.19,13193.4,84.9958,23.1957,0.267264,61.5329,99.2895,23.1887,0.0718272,76.029,184.285,0,0,0
700,5,1,183,1,1,1,4317.58,18645.9,343.633,46.3844,0.517824,249.811,14202.3,86.8862,23.1957,0.302342,63.3882,60.3022,23.1887,0.0718272,37.0417,147.188,0,0,0
700,5,1,184,1,1,1,4321.09,18636.9,400.754,46.3844,0.482746,307.134,13177.9,94.8915,23.1957,0.267264,71.4286,100.165,23.1887,0.0718272,76.9043,195.056,0,0,0
700,5,1,185,1,1,1,4320.6,18640.8,313.803,46.3844,0.482746,219.929,14727.9,63.8742,23.1957,0.267264,40.4113,91.5,23.1887,0.0718272,68.2395,155.374,0,0,0
700,5,1,186,1,1,1,4327.79,18643.6,301.309,46.3844,0.482746,207.399,14952.8,60.8891,23.1957,0.267264,37.4261,90.8647,23.1887,0.0718272,67.6042,151.754,0,0,0
700,5,1,187,1,0,0,-1,-1,653.961,23.1957,0.407578,583.703,266375,-1,-1,-1,-1,-1,-1,-1,-1,-1,0,0,0
700,5,1,188,1,1,1,4323.46,18650.7,372.271,46.3844,0.482746,278.567,13698.1,93.3033,23.1957,0.267264,69.8403,72.4991,23.1887,0.0718272,49.2386,165.802,0,0,0
700,5,1,189,1,1,1,4324.46,18637,368.097,46.3844,0.6264,274.238,13758.3,68.6534,23.1957,0.267264,45.1904,95.1547,23.1887,0.0718272,71.8942,163.808,0,0,0
700,5,1,190,1,1,1,4317.9,18635.3,401.607,46.3844,0.482746,307.989,13161,99.2339,23.1957,0.267264,75.7709,98.5423,23.1887,0.0718272,75.2818,197.776,0,0,0
700,5,1,191,1,0,0,-1,-1,863.653,23.1957,0.302342,794.11,279873,-1,-1,-1,-1,-1,-1,-1,-1,-1,0,0,0
700,5,1,192,1,1,1,4315.98,18634.4,317.375,46.3844,0.482746,223.512,14658,65.4986,23.1957,0.267264,42.0356,90.7312,23.1887,0.0718272,67.4706,156.23,0,0,0
700,5,1,193,1,1,1,4320.01,18644.9,401.829,46.3844,0.482746,308.211,13166.7,100.513,23.1957,0.267264,77.0505,96.8566,23.1887,0.0718272,73.5961,197.37,0,0,0
700,5,1,194,1,1,1,4314.38,18629.5,392.239,46.3844,0.482746,298.593,13321.9,95.0016,23.1957,0.267264,71.5387,89.0906,23.1887,0.0718272,65.8301,184.092,0,0,0
700,5,1,195,1,1,1,4315.98,18646.1,318.88,46.3844,0.482746,225.021,14643,98.0138,23.1957,0.267264,74.5509,60.9989,23.1887,0.0718272,37.7384,159.013,0,0,0
700,5,1,196,1,1,1,4318.02,18639.8,404.196,46.3844,0.6264,310.442,13123.4,96.9328,23.1957,0.267264,73.4698,91.3556,23.1887,0.0718272,68.0951,188.288,0,0,0
700,5,1,197,1,1,1,4315.34,18639,304.069,46.3844,0.482746,210.167,14899.2,61.815,23.1957,0.267264,38.352,92.4006,23.1887,0.0718272,69.1401,154.216,0,0,0
700,5,1,198,1,1,1,4318.22,18664.4,343.618,46.3844,0.482746,249.831,14221.4,88.1127,23.1957,0.267264,64.6497,59.5929,23.1887,0.0718272,36.3324,147.706,0,0,0
700,5,1,199,1,0,0,-1,-1,862.779,23.1957,0.337421,793.199,279733,-1,-1,-1,-1,-1,-1,-1,-1,-1,0,0,0
700,5,1,200,1,1,1,4325.51,18638.4,370.059,46.3844,0.482746,276.349,13725.2,68.6389,23.1957,0.267264,45.1759,95.3532,23.1887,0.0718272,72.0927,163.992,0,0,0
700,5,1,201,1,1,1,4327.43,18651.6,407.843,46.3844,0.482746,314.243,13066.5,91.5003,23.1957,0.267264,68.0374,94.1224,23.1887,0.0718272,70.8619,185.623,0,0,0
700,5,1,202,1,1,1,4343.07,18666.8,403.303,46.3844,0.482746,309.689,13162.4,98.9,23.1957,0.267264,75.437,98.4828,23.1887,0.0718272,75.2223,197.383,0,0,0
700,5,1,203,1,1,1,4325.46,18640.3,390.621,46.3844,0.482746,296.971,13361.4,77.8055,23.1957,0.267264,54.3425,97.0859,23.1887,0.0718272,73.8253,174.891,0,0,0
700,5,1,204,1,1,1,4331.14,18648.8,398.71,46.3844,0.770054,304.796,13225.3,95.0287,23.1957,0.267264,71.5657,89.0003,23.1887,0.0718272,65.7398,184.029,0,0,0
700,5,1,205,1,1,1,4319.18,18634.6,398.537,46.3844,0.482746,304.91,13215,93.9404,23.1957,0.267264,70.4774,90.5615,23.1887,0.0718272,67.301,184.502,0,0,0
700,5,1,206,1,1,1,4321.54,18644.3,337.478,46.3952,0.50112,243.644,14310.4,57.814,23.2065,0.285638,34.3219,95.9236,23.1887,0.0718272,72.6631,153.738,0,0,0
700,5,1,207,1,1,1,4320.75,18633.6,397.154,46.3844,0.482746,303.522,13238.6,95.146,23.1957,0.267264,71.683,86.5855,23.1887,0.0718272,63.325,181.732,0,0,0
700,5,1,208,1,1,1,4318.54,18634.3,406.527,46.3844,0.482746,312.923,13072.6,91.0365,23.1957,0.267264,67.5735,95.6583,23.1887,0.0718272,72.3977,186.695,0,0,0
700,5,1,209,1,1,1,4321.54,18636.7,399.275,46.3844,0.482746,305.65,13203.9,95.4167,23.1957,0.267264,71.9538,89.697,23.1887,0.0718272,66.4365,185.114,0,0,0
700,5,1,210,1,1,1,4330.56,18647.6,394.289,46.3844,0.482746,300.649,13303.6,93.4206,23.1957,0.267264,69.9577,90.5471,23.1887,0.0718272,67.2866,183.968,0,0,0
700,5,1,211,1,1,1,4318.79,18632.6,285.841,46.3844,0.482746,191.886,15217,55.2906,23.1957,0.267264,31.8276,86.8671,23.1887,0.0718272,63.6066,142.158,0,0,0
700,5,1,212,1,1,1,4328.38,18648.4,313.925,46.3844,0.482746,220.052,14733.3,63.719,23.1957,0.267264,40.2561,91.74,23.1887,0.0718272,68.4795,155.459,0,0,0
700,5,1,213,1,1,1,4327.75,18642.6,341.003,46.3844,0.482746,247.209,14246,58.2667,23.1957,0.267264,34.8038,97.5587,23.1887,0.0718272,74.2982,155.825,0,0,0
700,5,1,214,1,1,1,4319.6,18635.5,234.532,46.3844,0.482746,140.428,16132.2,68.8501,23.1957,0.267264,45.3871,36.3399,23.1887,0.0718272,13.0794,105.19,0,0,0
700,5,1,215,1,1,1,4315.66,18635,393.088,46.3844,0.482746,299.445,13312.2,93.7022,23.1957,0.267264,70.2392,89.3505,23.1887,0.0718272,66.09,183.053,0,0,0
700,5,1,216,1,1,1,4323.46,18651.2,389.098,46.3844,0.517824,295.408,13399.2,78.1221,23.1957,0.302342,54.6241,96.5408,23.1887,0.0718272,73.2803,174.663,0,0,0
700,5,1,217,1,1,1,4321.42,18646.9,316.141,46.3844,0.482746,222.274,14692.5,98.0896,23.1957,0.267264,74.6267,59.9358,23.1887,0.0718272,36.6753,158.025,0,0,0
700,5,1,218,1,1,1,4318.57,18650,374.816,46.3844,0.482746,281.119,13652.1,93.5433,23.1957,0.267264,70.0804,74.4031,23.1887,0.0718272,51.1426,167.946,0,0,0
700,5,1,219,1,1,1,4319.52,18639.6,403.855,46.3844,0.482746,310.243,13125.4,94.2436,23.1957,0.267264,70.7806,94.0917,23.1887,0.0718272,70.8312,188.335,0,0,0
700,5,1,220,1,1,1,4319.82,24637.2,331.527,52.1883,0.696557,231.846,20508.6,168.781,28.9996,0.481075,138.896,33.6959,23.1887,0.0718272,10.4354,202.477,0,0,0
700,5,1,221,1,1,1,4322.5,18682.2,275.1,46.3844,0.482746,181.113,15457.5,91.7566,23.1957,0.267264,68.2936,52.6769,23.1887,0.0718272,29.4164,144.434,0,0,0
700,5,1,222,1,1,1,4343.58,18663.3,404.615,46.3844,0.482746,311.005,13135.6,100.192,23.1957,0.267264,76.7293,87.4933,23.1887,0.0718272,64.2328,187.686,0,0,0
700,5,1,223,1,1,1,4324.33,18642.9,404.145,46.3844,0.482746,310.534,13123.6,93.9585,23.1957,0.267264,70.4955,94.5609,23.1887,0.0718272,71.3004,188.519,0,0,0
700,5,1,224,1,1,1,4333.45,18658.8,376.667,46.3844,0.482746,282.976,13628.1,73.7808,23.1957,0.267264,50.3178,95.3623,23.1887,0.0718272,72.1018,169.143,0,0,0
700,5,1,225,1,1,1,4336.99,18655.3,399.036,46.3844,0.552902,305.34,13226.3,95.4835,23.1957,0.267264,72.0205,89.4152,23.1887,0.141984,66.0846,184.899,0,0,0
700,5,1,226,1,1,1,4331.41,18669.6,399.63,46.3844,0.482746,306.006,13230.6,99.3169,23.1957,0.267264,75.8539,95.1692,23.1887,0.0718272,71.9086,194.486,0,0,0
700,5,1,227,1,1,1,4316.3,18630.5,401.579,46.3844,0.482746,307.96,13156.7,97.9164,23.1957,0.267264,74.4534,86.6018,23.1887,0.0718272,63.3413,184.518,0,0,0
700,5,1,228,1,1,1,4356.39,18669.8,399.649,46.3844,0.552902,305.955,13229.9,88.0116,23.1957,0.267264,64.5487,99.7784,23.1887,0.141984,76.4477,187.79,0,0,0
700,5,1,229,1,1,1,4316.3,18632.7,340.26,46.3844,0.482746,246.463,14249.4,58.5555,23.1957,0.267264,35.0925,96.53,23.1887,0.0718272,73.2695,155.085,0,0,0
700,5,1,230,1,1,1,4328.74,18655.5,380.684,46.3844,0.482746,287.005,13553.3,75.3835,23.1957,0.267264,51.9205,93.987,23.1887,0.0718272,70.7265,169.37,0,0,0
700,5,1,231,1,1,1,4320.46,18636.5,352.749,46.3844,0.482746,258.989,14031.1,60.1076,23.1957,0.267264,36.6447,100.896,23.1887,0.0718272,77.6353,161.003,0,0,0
700,5,1,232,1,1,1,4319.18,18654.7,406.567,46.3844,0.482746,312.963,13092.3,91.7746,23.1957,0.267264,68.3117,94.2144,23.1887,0.0718272,70.9539,185.989,0,0,0
700,5,1,233,1,1,1,4316.62,18631.4,371.954,46.3844,0.482746,278.25,13684.5,93.0488,23.1957,0.267264,69.5859,72.0424,23.1887,0.0718272,48.7819,165.091,0,0,0
700,5,1,234,1,1,1,4318.02,18631.2,368.656,46.3844,0.482746,274.941,13743,94.9529,23.1957,0.267264,71.4899,64.4641,23.1887,0.0718272,41.2036,159.417,0,0,0
700,5,1,235,1,1,1,4338.02,18652.5,407.497,46.3844,0.6264,313.752,13073.2,90.3326,23.1957,0.267264,66.8696,94.3245,23.1887,0.0718272,71.064,184.657,0,0,0
700,5,1,236,1,1,1,4322.45,18635.7,399.731,46.3844,0.482746,306.107,13194.8,93.4928,23.1957,0.267264,70.0298,95.2305,23.1887,0.0718272,71.97,188.723,0,0,0
700,5,1,237,1,1,1,4322.89,18643.9,404.336,46.3844,0.482746,310.725,13121.2,94.2833,23.1957,0.267264,70.8204,94.5591,23.1887,0.0718272,71.2986,188.842,0,0,0
700,5,1,238,1,1,1,4319.47,18635.5,374.909,46.3844,0.482746,281.213,13636,93.5235,23.1957,0.267264,70.0605,74.7533,23.1887,0.0718272,51.4927,168.277,0,0,0
700,5,1,239,1,1,1,4314.38,18636.5,276.861,46.3844,0.482746,182.88,15380.5,89.7208,23.1957,0.267264,66.2578,53.7887,23.1887,0.0718272,30.5282,143.509,0,0,0
700,5,1,240,1,1,1,4317.19,18670.1,319.607,46.3844,0.482746,225.75,14654,97.8279,23.1957,0.267264,74.365,60.1145,23.1887,0.0718272,36.854,157.942,0,0,0
700,5,1,241,1,1,1,4351.8,18677.7,383.75,46.3844,0.482746,290.08,13521.1,93.2383,23.1957,0.267264,69.7754,82.1584,23.1887,0.0718272,58.8978,175.397,0,0,0
700,5,1,242,1,1,1,4317.51,18652.2,390.631,46.3844,0.517824,296.946,13372.9,78.2069,23.1957,0.302342,54.7089,97.0461,23.1887,0.0718272,73.7856,175.253,0,0,0
700,5,1,243,1,1,1,4321.9,18657.3,340.302,46.3844,0.678182,246.31,14272.7,88.1944,23.1957,0.462701,64.536,58.5913,23.1887,0.0718272,35.3308,146.786,0,0,0
700,5,1,244,1,1,1,4317.19,18631.7,404.363,46.3844,0.482746,310.752,13108.5,89.1144,23.1957,0.267264,65.6514,95.5391,23.1887,0.0718272,72.2786,184.654,0,0,0
700,5,1,245,1,1,1,4316.62,18656,303.49,46.3844,0.482746,209.586,14926.5,95.7019,23.1957,0.267264,72.2389,58.5931,23.1887,0.0718272,35.3326,154.295,0,0,0
700,5,1,246,1,1,1,4317.83,18651.7,404.202,46.3844,0.482746,310.592,13131.3,98.6618,23.1957,0.267264,75.1988,89.1646,23.1887,0.0718272,65.9041,187.826,0,0,0
700,5,1,247,1,1,1,4319.37,18636.7,317.375,46.3844,0.482746,223.512,14660.3,65.1538,23.1957,0.267264,41.6909,91.4332,23.1887,0.0718272,68.1727,156.587,0,0,0
700,5,1,248,1,1,1,4316.62,18630.8,332.729,46.3844,0.482746,238.91,14381.4,59.2251,23.1957,0.267264,35.7621,93.4095,23.1887,0.0718272,70.149,152.635,0,0,0
700,5,1,249,1,1,1,4322.95,18645.9,332.604,46.3844,0.517824,238.75,14398.5,58.514,23.1957,0.267264,35.051,93.2316,23.1887,0.106906,69.936,151.746,0,0,0
700,5,1,250,1,1,1,4319.82,18655,398.815,46.3844,0.482746,305.188,13230.5,98.5084,23.1957,0.267264,75.0454,87.672,23.1887,0.0718272,64.4115,186.18,0,0,0
700,5,1,251,1,1,1,4318.22,18656.1,324.163,46.3844,0.482746,230.32,14559,99.3422,23.1957,0.267264,75.8792,60.2318,23.1887,0.0718272,36.9713,159.574,0,0,0
700,5,1,252,1,1,1,4324.78,18640.9,323.346,46.3844,0.482746,229.5,14558.3,62.0009,23.1957,0.267264,38.5379,91.6859,23.1887,0.0718272,68.4254,153.687,0,0,0
700,5,1,253,1,1,1,4333.79,18650.1,395.206,46.3844,0.482746,301.569,13289.7,81.6208,23.1957,0.267264,58.1579,99.5043,23.1887,0.0718272,76.2438,181.125,0,0,0
700,5,1,254,1,1,1,4315.02,24639.4,248.094,52.1883,0.536198,148.331,21994.6,128.891,28.9996,0.320717,99.0492,24.2947,23.1887,0.0718272,1.03415,153.186,0,0,0
700,5,1,255,1,1,1,4328.78,18678.3,319.786,46.3844,0.783418,225.629,14657.8,63.1977,23.1957,0.532858,39.4692,92.479,23.1887,0.106906,69.1834,155.677,0,0,0
700,5,1,256,1,1,1,4316.3,18631.4,280.039,46.3844,0.482746,186.068,15318.9,91.383,23.1957,0.267264,67.92,55.321,23.1887,0.0718272,32.0605,146.704,0,0,0
700,5,1,257,1,1,1,4318.34,18642.9,338.236,46.3844,0.482746,244.433,14295.5,86.9829,23.1957,0.267264,63.5199,58.7501,23.1887,0.0718272,35.4896,145.733,0,0,0
700,5,1,258,1,1,1,4319.62,18654.7,407.071,46.3844,0.482746,313.468,13083.3,91.8685,23.1957,0.267264,68.4055,94.801,23.1887,0.0718272,71.5405,186.669,0,0,0
700,5,1,259,1,1,1,4336.1,18660.9,403.729,46.3844,0.821837,309.778,13148.1,94.2261,23.1957,0.462701,70.5677,92.9438,23.1887,0.0718272,69.6833,187.17,0,0,0
700,5,1,260,1,1,1,4395.42,18714.4,363.093,46.3844,0.482746,269.363,13925,63.7335,23.1957,0.267264,40.2705,101.221,23.1887,0.0718272,77.9601,164.954,0,0,0
700,5,1,261,1,1,1,4321.74,18636.9,266.64,46.3844,0.482746,172.629,15562.6,87.5532,23.1957,0.267264,64.0903,48.3165,23.1887,0.0718272,25.056,135.87,0,0,0
700,5,1,262,1,1,1,4315.02,18633.4,343.66,46.3844,0.482746,249.873,14189.6,87.7842,23.1957,0.267264,64.3213,59.2951,23.1887,0.0718272,36.0346,147.079,0,0,0
700,5,1,263,1,1,1,4325.35,18645.5,333.628,46.3844,0.517824,239.777,14379.9,89.9085,23.1957,0.267264,66.4455,61.1801,23.1887,0.106906,37.8846,151.089,0,0,0
700,5,1,264,1,1,1,4318.86,18634.9,351.939,46.3844,0.482746,258.177,14043.9,86.3999,23.1957,0.267264,62.937,56.9814,23.1887,0.0718272,33.7209,143.381,0,0,0
700,5,1,265,1,1,1,4315.98,18630.5,348.877,46.3844,0.482746,255.105,14093.9,59.9723,23.1957,0.267264,36.5093,99.8977,23.1887,0.0718272,76.6372,159.87,0,0,0
700,5,1,266,1,1,1,4316.3,18679.5,405.59,46.3844,0.482746,311.983,13134.4,98.4452,23.1957,0.267264,74.9822,91.592,23.1887,0.0718272,68.3315,190.037,0,0,0
700,5,1,267,1,1,1,4325.26,18649.9,395.153,46.3844,0.678182,301.32,13290,95.9948,23.1957,0.462701,72.3364,91.2058,23.1887,0.0718272,67.9453,187.201,0,0,0
700,5,1,268,1,1,1,4320.23,18658.2,405.061,46.3844,0.661478,311.274,13122,97.2548,23.1957,0.302342,73.7568,91.7581,23.1887,0.0718272,68.4976,189.013,0,0,0
700,5,1,269,1,1,1,4324.29,18661.6,310.647,46.3844,0.748339,216.498,14803.8,62.1762,23.1957,0.532858,38.4477,91.1174,23.1887,0.0718272,67.8569,153.294,0,0,0
700,5,1,270,1,0,0,-1,-1,867.787,23.1957,0.302342,798.256,280204,-1,-1,-1,-1,-1,-1,-1,-1,-1,0,0,0
700,5,1,271,1,1,1,4334.02,18688.3,399.818,46.3844,0.517824,306.159,13245.7,96.7054,23.1957,0.267264,73.2424,89.1004,23.1887,0.106906,65.8048,185.806,0,0,0
700,5,1,272,1,1,1,4320.91,18661.7,321.64,46.3844,0.482746,227.789,14609.5,62.4124,23.1957,0.267264,38.9494,92.702,23.1887,0.0718272,69.4415,155.114,0,0,0
700,5,1,273,1,1,1,4317.58,18681.5,358.407,46.3844,0.482746,264.663,13975.4,91.8938,23.1957,0.267264,68.4308,56.8641,23.1887,0.0718272,33.6036,148.758,0,0,0
700,5,1,274,1,1,1,4317.97,18645,401.087,46.3844,0.482746,307.468,13180.1,93.6444,23.1957,0.267264,70.1815,95.4507,23.1887,0.0718272,72.1902,189.095,0,0,0
700,5,1,275,1,1,1,4326.77,18658.3,358.735,46.3844,0.482746,264.992,13946.5,91.9136,23.1957,0.267264,68.4506,59.0569,23.1887,0.0718272,35.7964,150.971,0,0,0
700,5,1,276,1,1,1,4321.99,18637.9,402.63,46.3844,0.482746,309.014,13145.5,98.4993,23.1957,0.267264,75.0364,86.7101,23.1887,0.0718272,63.4495,185.209,0,0,0
700,5,1,277,1,1,1,4316.94,18648.1,343.539,46.3844,0.482746,249.752,14206.5,88.2679,23.1957,0.267264,64.805,59.8095,23.1887,0.0718272,36.549,148.077,0,0,0
700,5,1,278,1,1,1,4333.76,18652.7,395.863,46.3844,0.482746,302.228,13280.6,81.2689,23.1957,0.267264,57.8059,99.9789,23.1887,0.0718272,76.7184,181.248,0,0,0
700,5,1,279,1,1,1,4318.02,24641.7,496.407,52.1883,0.714931,397.188,17580.9,179.833,28.9996,0.481075,149.979,95.6911,23.1887,0.0902016,72.4122,275.524,0,0,0
700,5,1,280,1,1,1,4325.64,24647.9,429.891,52.1883,0.766714,330.426,18769.6,191.978,28.9996,0.551232,162.089,62.0493,23.1887,0.0718272,38.7888,254.027,0,0,0
700,5,1,281,1,1,1,4329.42,24671.9,495.438,52.1883,0.927072,396.004,17627.8,202.567,28.9996,0.676512,172.58,85.7994,23.1887,0.106906,62.5038,288.366,0,0,0
700,5,1,282,1,1,1,4323.78,18649,370.475,46.3844,0.482746,276.766,13728.3,96.0051,23.1957,0.267264,72.5421,66.1101,23.1887,0.0718272,42.8496,162.115,0,0,0
700,5,1,283,1,1,1,4341,18664.3,401.042,46.3844,0.482746,307.422,13200.1,95.3211,23.1957,0.267264,71.8581,99.6595,23.1887,0.0718272,76.399,194.981,0,0,0
700,5,1,284,1,1,1,4320.77,18660.7,319.597,46.3844,0.517824,225.705,14644.6,63.3534,23.1957,0.302342,39.8554,92.3464,23.1887,0.0718272,69.0859,155.7,0,0,0
700,5,1,285,1,1,1,4318.22,18658.6,372.921,46.3844,0.482746,279.219,13694.4,93.9964,23.1957,0.267264,70.5334,72.4377,23.1887,0.0718272,49.1772,166.434,0,0,0
700,5,1,286,1,1,1,4319.82,18633,272.587,46.3844,0.482746,178.594,15453,47.1726,23.1957,0.267264,23.7097,83.965,23.1887,0.0718272,60.7044,131.138,0,0,0
700,5,1,287,1,1,1,4316.3,18649.4,271.087,46.3844,0.678182,176.894,15495.6,89.4524,23.1957,0.462701,65.794,50.7241,23.1887,0.0718272,27.4636,140.177,0,0,0
700,5,1,288,1,1,1,4316.62,18649.8,376.532,46.3844,0.482746,282.841,13621.4,74.2825,23.1957,0.267264,50.8196,94.81,23.1887,0.0718272,71.5495,169.093,0,0,0
700,5,1,289,1,1,1,4316.94,18628.2,402.473,46.3844,0.482746,308.857,13138.6,99.5335,23.1957,0.267264,76.0705,97.4288,23.1887,0.0718272,74.1683,196.962,0,0,0
700,5,1,290,1,1,1,4334.92,18653.6,350.703,46.3844,0.482746,256.937,14084.6,59.8225,23.1957,0.267264,36.3595,99.858,23.1887,0.0718272,76.5975,159.68,0,0,0
700,5,1,291,1,1,1,4334.6,18656.5,369.216,46.3844,0.517824,275.468,13758,69.9518,23.1957,0.302342,46.4537,94.2018,23.1887,0.0718272,70.9413,164.154,0,0,0
700,5,1,292,1,1,1,4339.72,18678.2,338.314,46.3844,0.678182,244.316,14329,57.8648,23.1957,0.462701,34.2064,96.243,23.1887,0.0718272,72.9825,154.108,0,0,0
700,5,1,293,1,1,1,4324.27,18644.9,352.737,46.3844,0.482746,258.976,14039.7,86.5371,23.1957,0.267264,63.0742,57.9812,23.1887,0.0718272,34.7207,144.518,0,0,0
700,5,1,294,1,1,1,4328.68,18652.9,372.29,46.3844,0.517824,278.551,13699.8,93.1102,23.1957,0.267264,69.6472,72.3825,23.1887,0.106906,49.087,165.493,0,0,0
700,5,1,295,1,1,1,4328.09,18657.8,312.561,46.3844,0.482746,218.684,14767,99.6508,23.1957,0.267264,76.1878,59.8781,23.1887,0.0718272,36.6176,159.529,0,0,0
700,5,1,296,1,1,1,4344.57,18660.7,375.981,46.3844,0.6264,282.144,13641.7,72.8694,23.1957,0.267264,49.4064,93.7758,23.1887,0.0718272,70.5153,166.645,0,0,0
700,5,1,297,1,1,1,4332.4,18647.2,406.56,46.3844,0.482746,312.956,13084.9,92.3883,23.1957,0.267264,68.9253,92.9041,23.1887,0.0718272,69.6436,185.292,0,0,0
700,5,1,298,1,1,1,4321.54,18645.6,333.404,46.3844,0.482746,239.587,14384.2,58.9381,23.1957,0.267264,35.4751,93.996,23.1887,0.0718272,70.7355,152.934,0,0,0
700,5,1,299,1,1,1,4339.7,18663.2,358.858,46.3844,0.517824,265.08,13948.9,64.0014,23.1957,0.302342,40.5033,98.1236,23.1887,0.0718272,74.8631,162.125,0,0,0
700,5,1,300,1,1,1,4324.91,18646,398.629,46.3844,0.482746,305.002,13224.8,95.1189,23.1957,0.267264,71.656,90.5146,23.1887,0.0718272,67.2541,185.634,0,0,0
700,5,1,301,1,1,1,4325.19,18674.8,292.059,46.3844,0.678182,197.927,15148,55.4572,23.1957,0.462701,31.7988,90.6914,23.1887,0.0718272,67.4309,146.149,0,0,0
700,5,1,302,1,1,1,4321.66,18652.6,405.703,46.3844,0.482746,312.097,13105.5,93.7653,23.1957,0.267264,70.3024,95.5897,23.1887,0.0718272,72.3292,189.355,0,0,0
700,5,1,303,1,1,1,4314.38,18629.2,297.081,46.3844,0.482746,203.159,15013.6,95.3933,23.1957,0.267264,71.9303,58.0589,23.1887,0.0718272,34.7983,153.452,0,0,0
700,5,1,304,1,1,1,4319.94,18636.7,368.319,46.3844,0.482746,274.604,13754.4,68.5234,23.1957,0.267264,45.0604,95.8351,23.1887,0.0718272,72.5746,164.359,0,0,0
700,5,1,305,1,1,1,4321.1,18635.6,383.452,46.3844,0.482746,289.78,13484.2,77.6521,23.1957,0.267264,54.1891,94.9381,23.1887,0.0718272,71.6776,172.59,0,0,0
700,5,1,306,1,1,1,4338.03,18654.4,399.007,46.3844,0.482746,305.381,13226.5,98.3423,23.1957,0.267264,74.8793,95.5879,23.1887,0.0718272,72.3274,193.93,0,0,0
700,5,1,307,1,1,1,4324.87,18649.2,299.981,46.3844,0.678182,205.872,14981.6,94.661,23.1957,0.462701,71.0026,58.5841,23.1887,0.0718272,35.3235,153.245,0,0,0
700,5,1,308,1,1,1,4325.52,18660.2,382.626,46.3844,0.519494,288.916,13523.1,95.904,23.1957,0.267264,72.4411,80.4841,23.1887,0.108576,57.1869,176.388,0,0,0
700,5,1,309,1,1,1,4320.18,18633.4,357.299,46.3844,0.482746,263.551,13947.1,63.2317,23.1957,0.267264,39.7688,98.8816,23.1887,0.0718272,75.6211,162.113,0,0,0
700,5,1,310,1,1,1,4333.42,18647.3,302.008,46.3844,0.6264,207.956,14943.7,60.8295,23.1957,0.267264,37.3666,90.6824,23.1887,0.0718272,67.4219,151.512,0,0,0
700,5,1,311,1,1,1,4330.64,18645.8,394.688,46.3844,0.482746,301.05,13294.6,81.2906,23.1957,0.267264,57.8276,99.1325,23.1887,0.0718272,75.872,180.423,0,0,0
700,5,1,312,1,1,1,4360.35,24732.5,504.251,52.1883,0.96215,404.808,17531.5,203.346,28.9996,0.71159,173.322,87.7739,23.1887,0.106906,64.4783,291.12,0,0,0
700,5,1,313,1,1,1,4326.28,24695.1,503.579,52.1883,0.927072,404.169,17506.3,203.209,28.9996,0.71159,173.185,86.8418,23.1887,0.0718272,63.5813,290.051,0,0,0
700,5,1,314,1,1,1,4323.36,18645.6,399.286,46.3844,0.482746,305.661,13212.6,85.9957,23.1957,0.267264,62.5327,100.593,23.1887,0.0718272,77.3321,186.588,0,0,0
700,5,1,315,1,1,1,4315.34,18630.5,277.648,46.3844,0.482746,183.669,15360.5,50.562,23.1957,0.267264,27.0991,85.0045,23.1887,0.0718272,61.744,135.567,0,0,0
700,5,1,316,1,1,1,4328.71,18646.7,399.378,46.3844,0.482746,305.753,13212.1,98.1871,23.1957,0.267264,74.7241,95.0013,23.1887,0.0718272,71.7408,193.188,0,0,0
700,5,1,317,1,1,1,4316.3,18638,300.588,46.3844,0.517824,206.641,14959.9,60.9494,23.1957,0.302342,37.4514,93.5196,23.1887,0.0718272,70.2591,154.469,0,0,0
700,5,1,318,1,1,1,4323.27,18659.2,402.976,46.3844,0.678182,309.166,13160.1,99.099,23.1957,0.462701,75.4406,86.2336,23.1887,0.0718272,62.9731,185.333,0,0,0
700,5,1,319,1,1,1,4317.58,18635.1,322.428,46.3844,0.482746,228.58,14568.8,60.6743,23.1957,0.267264,37.2114,91.6426,23.1887,0.0718272,68.3821,152.317,0,0,0
700,5,1,320,1,1,1,4317.26,18635.6,404.217,46.3844,0.482746,310.606,13114.9,100.342,23.1957,0.267264,76.8791,86.9916,23.1887,0.0718272,63.7311,187.334,0,0,0
700,5,1,321,1,1,1,4363.09,18704.6,399.467,46.3844,0.713261,305.612,13267.8,89.5091,23.1957,0.497779,65.8156,99.5747,23.1887,0.0718272,76.3142,189.084,0,0,0
700,5,1,322,1,1,1,4317.26,18708.5,261.468,46.3844,0.482746,167.442,15726.2,83.7704,23.1957,0.267264,60.3074,46.2591,23.1887,0.0718272,22.9986,130.029,0,0,0
700,5,1,323,1,1,1,4317.26,18657.3,271.915,46.3844,0.517824,177.885,15489,90.0266,23.1957,0.302342,66.5285,50.9606,23.1887,0.0718272,27.7001,140.987,0,0,0
700,5,1,324,1,1,1,4317.83,18640.5,361.34,46.3952,0.50112,267.576,13882.3,91.3219,23.2065,0.285638,67.8298,59.8889,23.1887,0.0718272,36.6284,151.211,0,0,0
700,5,1,325,1,1,1,4335.63,18688.4,400.019,46.3844,0.679853,306.199,13241.5,95.1919,23.1957,0.302342,71.6939,92.2006,23.1887,0.0902016,68.9217,187.393,0,0,0
700,5,1,326,1,1,1,4319.82,18647.8,356.403,46.3844,0.517824,262.618,13977.1,90.0825,23.1957,0.302342,66.5845,56.745,23.1887,0.0718272,33.4845,146.827,0,0,0
700,5,1,327,1,1,1,4316.62,18632.1,319.133,46.3844,0.482746,225.275,14624.4,63.8002,23.1957,0.267264,40.3373,92.0035,23.1887,0.0718272,68.743,155.804,0,0,0
700,5,1,328,1,1,2,10318,24639.8,507.992,69.5741,0.519494,392.093,17673.2,78.5328,23.1957,0.267264,55.0699,218.039,46.3784,0.108576,171.552,296.571,1,0,0
700,5,1,329,1,1,1,4320.14,18651.2,408.57,46.3844,0.482746,314.972,13053.2,92.0399,23.1957,0.267264,68.577,94.8696,23.1887,0.0718272,71.609,186.91,0,0,0
700,5,1,330,1,1,1,4321.03,18654.2,408.707,46.3844,0.482746,315.109,13053.8,92.0183,23.1957,0.267264,68.5553,94.3949,23.1887,0.0718272,71.1344,186.413,0,0,0
700,5,1,331,1,1,1,4322.12,18643.6,399.067,46.3844,0.517824,305.406,13214.3,94.7136,23.1957,0.302342,71.2156,90.4099,23.1887,0.0718272,67.1494,185.124,0,0,0
700,5,1,332,1,1,1,4318.47,18637.6,358.438,46.3844,0.482746,264.694,13931,63.8093,23.1957,0.267264,40.3463,96.8386,23.1887,0.0718272,73.5781,160.648,0,0,0
700,5,1,333,1,1,1,4334.31,18670.3,399.142,46.3844,0.661478,305.338,13239.3,94.6992,23.1957,0.302342,71.2012,91.0073,23.1887,0.0718272,67.7468,185.706,0,0,0
700,5,1,334,1,1,1,4313.74,18630.5,356.562,46.3844,0.482746,262.813,13957.2,63.4068,23.1957,0.267264,39.9438,98.7445,23.1887,0.0718272,75.484,162.151,0,0,0
700,5,1,335,1,1,1,4328.27,18645.3,377.635,46.3844,0.482746,283.947,13597.4,73.9595,23.1957,0.267264,50.4965,95.0302,23.1887,0.0718272,71.7697,168.99,0,0,0
700,5,1,336,1,1,1,4337.48,18653.2,381.382,46.3844,0.482746,287.705,13538.7,75.2174,23.1957,0.267264,51.7544,92.6334,23.1887,0.0718272,69.3729,167.851,0,0,0
700,5,1,337,1,1,1,4370.83,24719,469.487,52.1883,0.927072,369.977,18136.4,159.559,28.9996,0.71159,129.411,99.461,23.1887,0.0718272,76.2005,259.02,0,0,0
700,5,1,338,1,1,1,4318.86,18641.4,304.021,46.3844,0.482746,210.118,14902.5,97.1403,23.1957,0.267264,73.6774,58.3458,23.1887,0.0718272,35.0853,155.486,0,0,0
700,5,1,339,1,1,1,4317.58,18649.9,326.735,46.3844,0.482746,232.899,14507,100.115,23.1957,0.267264,76.6517,60.2932,23.1887,0.0718272,37.0327,160.408,0,0,0
700,5,1,340,1,1,1,4317.58,18698.5,330.634,46.3844,0.482746,236.81,14486.3,92.4009,23.1957,0.267264,68.9379,62.0132,23.1887,0.0718272,38.7527,154.414,0,0,0
700,5,1,341,1,1,1,4326.28,18656.1,326.399,46.3844,0.517824,232.527,14519,96.4282,23.1957,0.302342,72.9302,60.4249,23.1887,0.0718272,37.1644,156.853,0,0,0
700,5,1,342,1,0,0,-1,-1,826.464,28.9996,0.481075,750.99,275706,-1,-1,-1,-1,-1,-1,-1,-1,-1,0,0,0
700,5,1,343,1,1,1,4318.54,18631.1,389.043,46.3844,0.482746,295.388,13380.3,94.8121,23.1957,0.267264,71.3492,88.3921,23.1887,0.0718272,65.1316,183.204,0,0,0
700,5,1,344,1,1,1,4328.84,18646.4,379.498,46.3844,0.482746,285.815,13565.3,74.4468,23.1957,0.267264,50.9838,93.5809,23.1887,0.0718272,70.3204,168.028,0,0,0
700,5,1,345,1,1,1,4341.3,18690.9,261.312,46.3844,0.517824,167.251,15711.2,83.1828,23.1957,0.302342,59.6847,47.3799,23.1887,0.0718272,24.1193,130.563,0,0,0
700,5,1,346,1,1,1,4343.14,18662.2,400.394,46.3844,0.517824,306.737,13209.3,95.6802,23.1957,0.267264,72.2173,90.5388,23.1887,0.106906,67.2432,186.219,0,0,0
700,5,1,347,1,1,1,4318.22,18631.1,379.847,46.3844,0.482746,286.165,13543.8,74.3294,23.1957,0.267264,50.8665,93.6369,23.1887,0.0718272,70.3764,167.966,0,0,0
700,5,1,348,1,1,1,4326.39,18647,371.519,46.3844,0.482746,277.813,13707.8,94.8554,23.1957,0.267264,71.3925,67.9293,23.1887,0.0718272,44.6688,162.785,0,0,0
700,5,1,349,1,0,0,-1,-1,652.009,23.1957,0.462701,581.691,266313,-1,-1,-1,-1,-1,-1,-1,-1,-1,0,0,0
700,5,1,350,1,1,1,4326.09,18643.6,399.578,46.3844,0.482746,305.953,13205.5,98.8332,23.1957,0.267264,75.3703,99.3527,23.1887,0.0718272,76.0922,198.186,0,0,0
700,5,1,351,1,1,1,4320.61,18641.6,391.169,46.3844,0.678182,297.325,13352.5,95.3108,23.1957,0.462701,71.6524,88.7621,23.1887,0.0718272,65.5016,184.073,0,0,0
700,5,1,352,1,1,1,4319.94,18634.1,401.248,46.3844,0.482746,307.628,13166.3,93.2943,23.1957,0.267264,69.8313,96.6599,23.1887,0.0718272,73.3994,189.954,0,0,0
700,5,1,353,1,1,2,10328.3,24656.6,467.42,69.5741,0.519494,351.404,18411.5,58.3624,23.1957,0.267264,34.8994,223.616,46.3784,0.108576,177.128,281.978,1,0,0
700,5,1,354,1,1,1,4327.43,18645.6,386.095,46.3844,0.482746,292.432,13447.2,92.0815,23.1957,0.267264,68.6185,85.4521,23.1887,0.0718272,62.1916,177.534,0,0,0
700,5,1,355,1,1,1,4316.3,18649,388.39,46.3844,0.482746,294.733,13409.8,94.7345,23.1957,0.267264,71.2716,87.201,23.1887,0.0718272,63.9405,181.935,0,0,0
700,5,1,356,1,1,1,4327.05,18674.7,409.349,46.3844,0.482746,315.753,13062.8,92.5471,23.1957,0.267264,69.0841,94.57,23.1887,0.0718272,71.3095,187.117,0,0,0
700,5,1,357,1,1,1,4318.54,18634.6,267.525,46.3844,0.482746,173.517,15544.6,88.147,23.1957,0.267264,64.684,48.728,23.1887,0.0718272,25.4675,136.875,0,0,0
700,5,1,358,1,1,1,4337.42,18653.8,408.837,46.3844,0.517824,315.205,13050.8,91.2639,23.1957,0.267264,67.8009,95.1086,23.1887,0.106906,71.813,186.372,0,0,0
700,5,1,359,1,1,1,4318.22,18631.7,299.651,46.3844,0.482746,205.736,14970.5,59.9668,23.1957,0.267264,36.5039,92.776,23.1887,0.0718272,69.5155,152.743,0,0,0
700,5,1,360,1,1,1,4324.4,24637.6,426.843,52.1883,0.696557,327.439,18814.1,129.255,28.9996,0.481075,99.255,94.1386,23.1887,0.0718272,70.8781,223.393,0,0,0
700,5,1,361,1,1,1,4325.42,18669.2,404.218,46.3844,0.517824,310.572,13148.3,99.8339,23.1957,0.302342,76.3358,88.9913,23.1887,0.0718272,65.7308,188.825,0,0,0
700,5,1,362,1,1,1,4321.36,24637.2,426.341,52.1883,0.731635,326.902,18822.3,200.107,28.9996,0.516154,170.277,60.2733,23.1887,0.0718272,37.0128,260.38,0,0,0
700,5,1,363,1,1,1,4326.09,18664.6,319.509,46.3844,0.713261,225.421,14649.5,97.4954,23.1957,0.497779,73.8019,60.2318,23.1887,0.0718272,36.9713,157.727,0,0,0
700,5,1,364,1,1,1,4322.32,18638.2,391.179,46.3844,0.482746,297.53,13349.4,78.6429,23.1957,0.267264,55.18,98.1778,23.1887,0.0718272,74.9172,176.821,0,0,0
700,5,1,365,1,1,1,4329.22,18659.1,402.05,46.3844,0.713261,308.202,13176.3,92.7263,23.1957,0.462701,69.0679,95.271,23.1887,0.106906,71.9754,187.997,0,0,0
700,5,1,366,1,1,1,4316.4,18650.4,337.818,46.3844,0.482746,244.014,14310.5,91.9136,23.1957,0.267264,68.4506,59.001,23.1887,0.0718272,35.7405,150.915,0,0,0
700,5,1,367,1,1,1,4324.55,18674.7,349.325,46.3844,0.482746,255.554,14130.2,89.136,23.1957,0.267264,65.6731,58.4595,23.1887,0.0718272,35.199,147.596,0,0,0
700,5,1,368,1,1,1,4327.93,18641.8,399.99,46.3844,0.517824,306.332,13196.1,95.6261,23.1957,0.267264,72.1631,90.2862,23.1887,0.106906,66.9906,185.912,0,0,0
700,5,1,369,1,1,1,4322.89,18652,403.123,46.3844,0.482746,309.509,13150.8,95.7362,23.1957,0.267264,72.2732,89.7656,23.1887,0.0718272,66.5051,185.502,0,0,0
700,5,1,370,1,1,1,4318.22,18645.4,406.468,46.3844,0.482746,312.864,13084.8,93.9332,23.1957,0.267264,70.4702,93.312,23.1887,0.0718272,70.0515,187.245,0,0,0
700,5,1,371,1,1,1,4319.18,18649.8,366.962,46.3844,0.482746,273.243,13791.7,94.6028,23.1957,0.267264,71.1398,62.6773,23.1887,0.0718272,39.4168,157.28,0,0,0
700,5,1,372,1,1,1,4326.23,18660.7,334.273,46.3844,0.482746,240.459,14383.8,90.4752,23.1957,0.267264,67.0122,60.9447,23.1887,0.0718272,37.6842,151.42,0,0,0
700,5,1,373,1,1,1,4316.62,18633.3,307.046,46.3844,0.482746,213.152,14840.6,63.2299,23.1957,0.267264,39.767,93.8318,23.1887,0.0718272,70.5713,157.062,0,0,0
700,5,1,374,1,1,1,4319.3,18633.3,400.916,46.3844,0.482746,307.296,13171.3,90.2207,23.1957,0.267264,66.7577,95.2016,23.1887,0.0718272,71.9411,185.422,0,0,0
700,5,1,375,1,1,1,4316.94,18629.5,280.846,46.3844,0.482746,186.876,15302.7,91.9353,23.1957,0.267264,68.4723,55.5574,23.1887,0.0718272,32.2969,147.493,0,0,0
700,5,1,376,1,1,1,4325.05,18639.9,331.979,46.3844,0.482746,238.158,14403.8,61.1761,23.1957,0.267264,37.7131,94.6349,23.1887,0.0718272,71.3744,155.811,0,0,0
700,5,1,377,1,1,1,4343.12,18657.9,394.537,46.3844,0.482746,300.898,13309.4,94.0577,23.1957,0.267264,70.5948,90.5019,23.1887,0.0718272,67.2414,184.56,0,0,0
700,5,1,378,1,1,1,4327.52,18647.6,407.625,46.3844,0.482746,314.024,13066.3,91.4913,23.1957,0.267264,68.0283,94.1368,23.1887,0.0718272,70.8763,185.628,0,0,0
700,5,1,379,1,1,1,4315.66,18653.3,346.084,46.3844,0.482746,252.304,14166.4,86.7753,23.1957,0.267264,63.3124,58.2429,23.1887,0.0718272,34.9824,145.018,0,0,0
700,5,1,380,0,0,0,-1,-1,662.143,23.206,0.516154,591.79,266698,-1,-1,-1,-1,-1,-1,-1,-1,-1,0,0,0
700,5,1,381,1,1,1,4317.58,18632.9,368.155,46.3844,0.482746,274.44,13753.5,68.6317,23.1957,0.267264,45.1687,94.5501,23.1887,0.0718272,71.2896,163.182,0,0,0
700,5,1,382,1,1,1,4336.85,18705.7,404.613,46.3844,0.482746,311.003,13178,99.9017,23.1957,0.267264,76.4387,88.8487,23.1887,0.0718272,65.5882,188.75,0,0,0
700,5,1,383,1,1,1,4318.86,18633.6,400.425,46.3844,0.482746,306.803,13180.4,97.7594,23.1957,0.267264,74.2964,96.1564,23.1887,0.0718272,72.8959,193.916,0,0,0
700,5,1,384,1,1,1,4336.4,18691.1,251.356,46.3844,0.908698,156.875,15887.5,77.1803,23.1957,0.658138,53.3264,43.6537,23.1887,0.106906,20.3581,120.834,0,0,0
700,5,1,385,1,1,1,4317.14,18642.2,315.655,46.3844,0.517824,221.752,14696.1,97.5345,23.1957,0.302342,74.0365,60.0532,23.1887,0.0718272,36.7927,157.588,0,0,0
700,5,1,386,1,1,1,4319.69,18638.7,399.999,46.3844,0.517824,306.341,13192.8,97.8071,23.1957,0.302342,74.309,96.7213,23.1887,0.0718272,73.4608,194.528,0,0,0
700,5,1,387,1,0,0,-1,-1,331.991,23.1957,0.267264,260.938,252636,-1,-1,-1,-1,-1,-1,-1,-1,-1,0,0,0
700,5,1,388,1,1,1,4321.86,18661.6,398.608,46.3844,0.482746,304.981,13240.7,96.3733,23.1957,0.267264,72.9103,92.0487,23.1887,0.0718272,68.7881,188.422,0,0,0
700,5,1,389,1,1,1,4331.85,18646.5,371.186,46.3844,0.482746,277.479,13713.2,70.4004,23.1957,0.267264,46.9374,95.5391,23.1887,0.0718272,72.2786,165.94,0,0,0
700,5,1,390,1,1,1,4323.11,18651.3,337.608,46.3844,0.482746,243.803,14315.1,57.5141,23.1957,0.267264,34.0512,95.7323,23.1887,0.0718272,72.4717,153.246,0,0,0
700,5,1,391,1,1,1,4316.62,18649.2,403.713,46.3844,0.482746,310.101,13137.5,94.1425,23.1957,0.267264,70.6796,95.6005,23.1887,0.0718272,72.34,189.743,0,0,0
700,5,1,392,1,1,1,4316.36,18645.2,406.338,46.3844,0.517824,312.698,13086.6,93.342,23.1957,0.302342,69.844,95.3911,23.1887,0.0718272,72.1306,188.733,0,0,0
700,5,1,393,1,1,1,4332.23,18665,312.844,46.3844,0.482746,218.967,14769.1,99.5497,23.1957,0.267264,76.0868,59.5965,23.1887,0.0718272,36.336,159.146,0,0,0
700,5,1,394,1,1,1,4337.48,18651,378.1,46.3844,0.482746,284.413,13594.8,74.4323,23.1957,0.267264,50.9694,94.2812,23.1887,0.0718272,71.0207,168.714,0,0,0
700,5,1,395,1,1,1,4323.59,18637.4,400.49,46.3844,0.482746,306.868,13183.1,100.093,23.1957,0.267264,76.63,85.1796,23.1887,0.0718272,61.9191,185.273,0,0,0
700,5,1,396,1,1,1,4334.34,18664.9,401.292,46.3844,0.517824,307.637,13196,91.3577,23.1957,0.267264,67.8948,95.1447,23.1887,0.106906,71.8491,186.502,0,0,0
700,5,1,397,1,1,1,4318.22,18637,354.909,46.3844,0.482746,261.155,13993.1,88.9339,23.1957,0.267264,65.4709,56.6276,23.1887,0.0718272,33.3671,145.562,0,0,0
700,5,1,398,1,1,1,4351.2,18666.1,351.925,46.3844,0.770054,257.875,14074.6,59.2431,23.1957,0.267264,35.7802,100.907,23.1887,0.0718272,77.6461,160.15,0,0,0
700,5,1,399,1,1,1,4315.34,18632.1,278.078,46.3844,0.482746,184.1,15354.4,51.5312,23.1957,0.267264,28.0682,84.5804,23.1887,0.0718272,61.3199,136.112,0,0,0
700,5,1,400,1,1,1,4341.45,18669.2,292.182,46.3844,0.678182,198.05,15140.3,55.2623,23.1957,0.462701,31.6039,90.2312,23.1887,0.0718272,66.9707,145.493,0,0,0
700,5,1,401,1,1,1,4315.34,18635.3,292.151,46.3844,0.482746,198.214,15107.4,94.0613,23.1957,0.267264,70.5984,56.8244,23.1887,0.0718272,33.5639,150.886,0,0,0
700,5,1,402,1,1,1,4350.53,18673,399.58,46.3844,0.517824,305.921,13234.6,98.465,23.1957,0.267264,75.0021,100.088,23.1887,0.106906,76.7924,198.553,0,0,0
700,5,1,403,1,1,1,4337.41,18662.1,407.814,46.3844,0.482746,314.214,13077.5,92.1356,23.1957,0.267264,68.6726,95.947,23.1887,0.0718272,72.6865,188.083,0,0,0
700,5,1,404,1,1,1,4367.51,18688.4,372.534,46.3844,0.482746,278.831,13731.2,71.3371,23.1957,0.267264,47.8741,95.8839,23.1887,0.0718272,72.6233,167.221,0,0,0
700,5,1,405,1,1,1,4396.28,18735.6,405.23,46.3844,0.552902,311.552,13196.5,99.5497,23.1957,0.267264,76.0868,89.1553,23.1887,0.141984,65.8247,188.705,0,0,0
700,5,1,406,1,1,1,4315.34,18630.1,368.332,46.3844,0.482746,274.617,13747.6,68.9746,23.1957,0.267264,45.5116,95.8333,23.1887,0.0718272,72.5728,164.808,0,0,0
700,5,1,407,1,1,1,4321.18,18646.5,289.678,46.3844,0.482746,195.734,15162.6,94.7129,23.1957,0.267264,71.2499,58.3151,23.1887,0.0718272,35.0546,153.028,0,0,0
700,5,1,408,1,1,1,4350.02,18720.9,360.141,46.3844,0.517824,266.367,13983.8,93.1092,23.1957,0.302342,69.6111,59.463,23.1887,0.0718272,36.2025,152.572,0,0,0
700,5,1,409,1,1,1,4317.26,18640.7,268.688,46.3844,0.482746,174.683,15530,88.0171,23.1957,0.267264,64.5541,49.4373,23.1887,0.0718272,26.1768,137.454,0,0,0
700,5,1,410,1,1,1,4319.94,18641.4,245.801,46.3844,0.482746,151.73,15937.7,74.9196,23.1957,0.267264,51.4567,40.7436,23.1887,0.0718272,17.4831,115.663,0,0,0
700,5,1,411,1,0,0,-1,-1,648.815,23.1957,0.302342,578.648,266152,-1,-1,-1,-1,-1,-1,-1,-1,-1,0,0,0
700,5,1,412,1,1,1,4319.69,18645.2,319.538,46.3844,0.482746,225.681,14630.3,64.4193,23.1957,0.267264,40.9563,92.7688,23.1887,0.0718272,69.5083,157.188,0,0,0
700,5,1,413,1,1,1,4322.54,18643.1,303.859,46.3844,0.482746,209.956,14907,62.1795,23.1957,0.267264,38.7166,91.9891,23.1887,0.0718272,68.7286,154.169,0,0,0
700,5,1,414,1,1,1,4315.34,18632.9,278.279,46.3844,0.482746,184.303,15351.7,90.0835,23.1957,0.267264,66.6206,54.4366,23.1887,0.0718272,31.1761,144.52,0,0,0
700,5,1,415,1,1,1,4317.58,24637.5,260.418,52.1883,0.731635,160.495,21773.1,134.277,28.9996,0.516154,104.256,24.7675,23.1887,0.0718272,1.50701,159.045,0,0,0
700,5,1,416,1,1,1,4328.14,18643.6,322.33,46.3844,0.770054,228.193,14578.3,61.0786,23.1957,0.267264,37.6156,91.1354,23.1887,0.0718272,67.8749,152.214,0,0,0
700,5,1,417,1,1,1,4317.26,18632.4,298.345,46.3844,0.482746,204.426,14994.4,59.5445,23.1957,0.267264,36.0816,92.3537,23.1887,0.0718272,69.0932,151.898,0,0,0
700,5,1,418,1,1,1,4320.1,18633.3,394.314,46.3844,0.50112,300.656,13288.6,81.5252,23.1957,0.267264,58.0622,98.8278,23.1887,0.0902016,75.5489,180.353,0,0,0
700,5,1,419,1,1,1,4332.49,18669.1,296.881,46.3844,0.517824,202.923,15056.9,95.7261,23.1957,0.302342,72.2281,57.2359,23.1887,0.0718272,33.9754,152.962,0,0,0
700,5,1,420,1,1,1,4317.58,24648.5,508.783,52.1883,0.731635,409.583,17367.6,207.64,28.9996,0.516154,177.831,94.8515,23.1887,0.0718272,71.591,302.492,0,0,0
700,5,1,421,1,1,1,4321.03,18697.2,400.675,46.3844,0.482746,307.054,13239.5,99.8403,23.1957,0.267264,76.3773,94.7504,23.1887,0.0718272,71.4899,194.591,0,0,0
700,5,1,422,1,1,1,4315.02,18657.8,399.111,46.3844,0.482746,305.486,13227.9,96.3552,23.1957,0.267264,72.8923,88.782,23.1887,0.0718272,65.5215,185.137,0,0,0
700,5,1,423,1,1,1,4314.06,18648,329.904,46.3844,0.482746,236.077,14448.8,91.318,23.1957,0.267264,67.8551,61.9518,23.1887,0.0718272,38.6913,153.27,0,0,0
700,5,1,424,1,1,1,4317.89,18645.5,402.743,46.3844,0.482746,309.128,13151.1,90.7892,23.1957,0.267264,67.3263,94.1531,23.1887,0.0718272,70.8925,184.942,0,0,0
700,5,1,425,1,1,1,4324.49,18667.5,370.016,46.3844,0.482746,276.306,13755,70.866,23.1957,0.267264,47.4031,95.1926,23.1887,0.0718272,71.9321,166.059,0,0,0
700,5,1,426,1,1,1,4320.9,18658.5,404.282,46.3844,0.482746,310.671,13136.7,94.6298,23.1957,0.267264,71.1669,93.9635,23.1887,0.0718272,70.703,188.593,0,0,0
700,5,1,427,1,0,0,-1,-1,872.58,23.1957,0.267264,803.098,280620,-1,-1,-1,-1,-1,-1,-1,-1,-1,0,0,0
700,5,1,428,1,1,1,4319.5,18634.6,395.973,46.3844,0.482746,302.338,13260.6,84.1873,23.1957,0.267264,60.7243,96.5101,23.1887,0.0718272,73.2496,180.697,0,0,0
700,5,1,429,1,1,1,4323.78,18641,404.793,46.3844,0.482746,311.184,13110.2,100.69,23.1957,0.267264,77.2274,87.5782,23.1887,0.0718272,64.3177,188.269,0,0,0
700,5,1,430,1,1,1,4314.7,18629.3,345.146,46.3844,0.482746,251.364,14159.1,85.1258,23.1957,0.267264,61.6628,59.2338,23.1887,0.0718272,35.9733,144.36,0,0,0
700,5,1,431,1,1,1,4315.98,18678,299.221,46.3844,1.06906,204.718,15023,95.5049,23.1957,0.853574,71.4556,58.2863,23.1887,0.0718272,35.0258,153.791,0,0,0
700,5,1,432,1,1,1,4326.12,18640,402.264,46.3844,0.6264,308.503,13153.7,98.66,23.1957,0.267264,75.197,98.6109,23.1887,0.0718272,75.3504,197.271,0,0,0
700,5,1,433,1,1,1,4317.26,18634.6,333.706,46.3844,0.482746,239.89,14367.8,89.0548,23.1957,0.267264,65.5918,59.2572,23.1887,0.0718272,35.9967,148.312,0,0,0
700,5,1,434,1,1,1,4328.61,18655.8,321.372,46.3844,0.482746,227.52,14608.3,61.2519,23.1957,0.267264,37.7889,91.8736,23.1887,0.0718272,68.6131,153.125,0,0,0
700,5,1,435,1,1,1,4320.39,18641.5,369.352,46.3844,0.482746,275.64,13740.9,69.2706,23.1957,0.267264,45.8076,95.3948,23.1887,0.0718272,72.1342,164.665,0,0,0
700,5,1,436,1,1,1,4329.33,18646.2,399.525,46.3844,0.482746,305.901,13209,86.6346,23.1957,0.267264,63.1716,100.596,23.1887,0.0718272,77.3357,187.231,0,0,0
700,5,1,437,1,1,1,4317.58,18632.7,371.974,46.3844,0.482746,278.269,13685.4,93.3556,23.1957,0.267264,69.8927,71.631,23.1887,0.0718272,48.3704,164.987,0,0,0
700,5,1,438,1,1,1,4322.53,18637,310.859,46.3844,0.482746,216.977,14776.5,62.2012,23.1957,0.267264,38.7382,92.0288,23.1887,0.0718272,68.7683,154.23,0,0,0
700,5,1,439,1,1,1,4318.66,18641.2,380.101,46.3844,0.482746,286.42,13549.4,94.7399,23.1957,0.267264,71.277,77.9405,23.1887,0.0718272,54.68,172.68,0,0,0
700,5,1,440,1,1,1,4317.58,18654.1,361.424,46.3844,0.517824,267.654,13894.2,91.2502,23.1957,0.302342,67.7522,59.537,23.1887,0.0718272,36.2765,150.787,0,0,0
700,5,1,441,1,1,1,4324.23,18637.4,250.087,46.3844,0.482746,156.029,15857.5,77.3362,23.1957,0.267264,53.8733,42.1532,23.1887,0.0718272,18.8926,119.489,0,0,0
700,5,1,442,1,1,1,4318.79,18648.6,401.374,46.3844,0.482746,307.754,13178.6,96.8227,23.1957,0.267264,73.3597,97.8764,23.1887,0.0718272,74.6158,194.699,0,0,0
700,5,1,443,1,1,1,4321.52,18638.9,300.535,46.3844,0.482746,206.623,14962,60.9505,23.1957,0.267264,37.4875,93.4582,23.1887,0.0718272,70.1977,154.409,0,0,0
700,5,1,444,1,1,1,4320.06,18638.5,387.537,46.3844,0.482746,293.877,13414.4,77.5203,23.1957,0.267264,54.0574,95.1583,23.1887,0.0718272,71.8978,172.679,0,0,0
700,5,1,445,1,1,1,4317.58,18636.9,402.106,46.3844,0.482746,308.489,13153.8,91.5942,23.1957,0.267264,68.1312,98.6885,23.1887,0.0718272,75.428,190.283,0,0,0
700,5,1,446,1,1,1,4317.9,18639.9,303.578,46.3844,0.678182,209.48,14908.3,96.8322,23.1957,0.462701,73.1738,58.1292,23.1887,0.0718272,34.8687,154.961,0,0,0
700,5,1,447,1,1,1,4316.62,18630.1,387.52,46.3844,0.482746,293.861,13406.4,77.7911,23.1957,0.267264,54.3281,94.9796,23.1887,0.0718272,71.7191,172.771,0,0,0
700,5,1,448,1,1,1,4322.57,18658.1,291.657,46.3844,0.482746,197.719,15139,93.6643,23.1957,0.267264,70.2013,57.2936,23.1887,0.0718272,34.0331,150.958,0,0,0
700,5,1,449,1,1,1,4317.58,18632.4,349.643,46.3844,0.482746,255.874,14082.2,60.2267,23.1957,0.267264,36.7638,99.3743,23.1887,0.0718272,76.1138,159.601,0,0,0
700,5,1,450,1,1,1,4332.4,18651.3,404.371,46.3952,0.536198,310.696,13127.7,99.7576,23.2065,0.285638,76.2654,87.0483,23.1887,0.106906,63.7528,186.806,0,0,0
700,5,1,451,1,1,1,4316.94,18644,284.141,46.3844,0.482746,190.181,15258.6,92.6265,23.1957,0.267264,69.1635,56.7305,23.1887,0.0718272,33.47,149.357,0,0,0
700,5,1,452,1,1,1,4332.65,18647.3,399.609,46.3844,0.6264,305.841,13208.2,95.821,23.1957,0.267264,72.358,89.6392,23.1887,0.0718272,66.3787,185.46,0,0,0
700,5,1,453,1,1,1,4324.81,18677.2,299.24,46.3844,0.678182,205.128,15022.8,94.6791,23.1957,0.462701,71.0207,58.5877,23.1887,0.0718272,35.3272,153.267,0,0,0
700,5,1,454,1,1,1,4348.87,18681.8,406.222,46.3844,0.482746,312.617,13125.5,90.9246,23.1957,0.267264,67.4616,94.1152,23.1887,0.0718272,70.8546,185.04,0,0,0
700,5,1,455,1,1,1,4320.86,18647.9,398.842,46.3844,0.678182,305.02,13222.4,99.2362,23.1957,0.462701,75.5778,94.5808,23.1887,0.0718272,71.3203,193.817,0,0,0
700,5,1,456,1,1,1,4335.48,18654.7,397.369,46.3844,0.482746,303.739,13255.8,83.3643,23.1957,0.267264,59.9013,99.544,23.1887,0.0718272,76.2835,182.908,0,0,0
700,5,1,457,1,1,1,4322.31,18638.3,377.123,46.3844,0.482746,283.433,13599.5,93.3087,23.1957,0.267264,69.8458,76.1393,23.1887,0.0718272,52.8788,169.448,0,0,0
700,5,1,458,1,1,1,4321.22,18637,367.986,46.3844,0.482746,274.27,13760.6,69.2417,23.1957,0.267264,45.7788,95.1926,23.1887,0.0718272,71.9321,164.434,0,0,0
700,5,1,459,1,1,1,4319.24,18640.5,404.708,46.3844,0.482746,311.099,13111.1,92.8792,23.1957,0.267264,69.4162,95.5626,23.1887,0.0718272,72.3021,188.442,0,0,0
700,5,1,460,1,1,1,4328.07,18714.2,331.183,46.3844,1.06906,236.774,14490.9,92.4223,23.1957,0.853574,68.373,62.0655,23.1887,0.0718272,38.805,154.488,0,0,0
700,5,1,461,1,1,1,4315.66,18636.9,268.648,46.3844,0.482746,174.643,15527,87.8799,23.1957,0.267264,64.4169,49.3236,23.1887,0.0718272,26.0631,137.204,0,0,0
700,5,1,462,1,1,1,4318.22,18634.3,381.479,46.3844,0.482746,287.802,13518,75.1019,23.1957,0.267264,51.6389,92.7814,23.1887,0.0718272,69.5209,167.883,0,0,0
700,5,1,463,1,1,1,4320.07,18648.7,384.198,46.3844,0.482746,290.529,13484,77.7766,23.1957,0.267264,54.3137,94.2433,23.1887,0.0718272,70.9828,172.02,0,0,0
700,5,1,464,1,1,1,4319.18,18632.4,393.072,46.3844,0.482746,299.429,13309.9,80.3178,23.1957,0.267264,56.8548,98.7625,23.1887,0.0718272,75.502,179.08,0,0,0
700,5,1,465,1,1,1,4320.86,24641.7,499.429,52.2099,0.768384,400.144,17527,190.978,29.0212,0.552902,161.064,95.1439,23.1887,0.0718272,71.8834,286.122,0,0,0
700,5,1,466,1,1,1,4319.54,18665.3,357.114,46.3844,0.517824,263.331,13982,90.9705,23.1957,0.302342,67.4724,56.6276,23.1887,0.0718272,33.3671,147.598,0,0,0
700,5,1,467,1,1,1,4319.14,18647.1,253.973,46.3844,0.678182,159.73,15797.7,79.1957,23.1957,0.462701,55.5373,44.3243,23.1887,0.0718272,21.0638,123.52,0,0,0
700,5,1,468,1,1,1,4327.24,18651.5,403.578,46.3844,0.482746,309.965,13142.2,94.628,23.1957,0.267264,71.1651,93.3571,23.1887,0.0718272,70.0966,187.985,0,0,0
700,5,1,469,1,1,1,4332.42,18657,399.015,46.3844,0.517824,305.354,13228.6,94.9808,23.1957,0.302342,71.4827,90.9026,23.1887,0.0718272,67.6421,185.883,0,0,0
700,5,1,470,1,1,2,4334.79,18650.9,317.712,69.5741,0.841882,200.937,15066.1,56.424,23.1957,0.267264,32.9611,115.381,46.3784,0.430963,68.5716,171.805,1,0,0
700,5,1,471,1,1,1,4326.04,18660.6,250.476,46.3844,0.713261,156.187,15873.1,76.3748,23.1957,0.462701,52.7164,43.3812,23.1887,0.106906,20.0856,119.756,0,0,0
700,5,1,472,1,1,1,4322.1,18636.3,376.619,46.3844,0.482746,282.928,13606.4,73.2375,23.1957,0.267264,49.7746,95.0067,23.1887,0.0718272,71.7462,168.244,0,0,0
700,5,1,473,1,1,1,4330.57,18645.1,272.025,46.3844,0.517824,177.995,15474.8,47.5228,23.1957,0.267264,24.0598,84.7436,23.1887,0.106906,61.448,132.266,0,0,0
700,5,1,474,1,0,0,-1,-1,788.547,23.1957,0.267264,718.821,273082,-1,-1,-1,-1,-1,-1,-1,-1,-1,0,0,0
700,5,1,475,1,1,1,4322.82,18645.9,399.865,46.3844,0.482746,306.242,13202.7,99.3891,23.1957,0.267264,75.9261,87.6179,23.1887,0.0718272,64.3574,187.007,0,0,0
700,5,1,476,1,1,2,10327.3,24642.4,450.913,69.5741,0.519494,334.848,18690.9,63.6793,23.1957,0.267264,40.2164,215.635,46.3784,0.108576,169.148,279.314,1,0,0
700,5,1,477,1,1,1,4322.57,18691.9,397.57,46.3844,0.587981,303.834,13288.8,96.4669,23.1957,0.337421,72.9338,87.2667,23.1887,0.106906,63.9711,183.734,0,0,0
700,5,1,478,1,1,1,4314.7,18634.1,311.345,46.3844,0.482746,217.464,14764.9,62.2553,23.1957,0.267264,38.7924,91.4404,23.1887,0.0718272,68.1799,153.696,0,0,0
700,5,1,479,1,1,1,4316.3,18636.7,399.561,46.3844,0.482746,305.937,13198.8,93.8989,23.1957,0.267264,70.4359,92.9637,23.1887,0.0718272,69.7032,186.863,0,0,0
700,5,1,480,1,1,1,4320.26,18653.3,319.711,46.3844,0.678182,225.66,14634.9,97.8537,23.1957,0.462701,74.1953,60.0532,23.1887,0.0718272,36.7927,157.907,0,0,0
700,5,1,481,1,1,1,4316.62,18638.7,368.486,46.3844,0.482746,274.772,13753.5,69.415,23.1957,0.267264,45.952,94.6061,23.1887,0.0718272,71.3455,164.021,0,0,0
700,5,1,482,1,1,1,4320.65,18666.8,401.795,46.3844,0.517824,308.143,13189,99.7111,23.1957,0.302342,76.2131,100.288,23.1887,0.0718272,77.0271,199.999,0,0,0
700,5,1,483,1,1,1,4319,18635.1,363.629,46.3844,0.482746,269.901,13836.2,91.993,23.1957,0.267264,68.5301,61.4916,23.1887,0.0718272,38.2311,153.485,0,0,0
700,5,1,484,0,0,0,-1,-1,423.448,23.206,0.781747,352.136,256986,-1,-1,-1,-1,-1,-1,-1,-1,-1,0,0,0
700,5,1,485,1,1,1,4315.98,18660.6,399.013,46.3844,0.517824,305.352,13232.3,98.3287,23.1957,0.302342,74.8306,97.7284,23.1887,0.0718272,74.4679,196.057,0,0,0
700,5,1,486,1,1,2,10353.3,24667.2,450.272,69.5741,0.519494,334.206,18727.1,63.0639,23.1957,0.267264,39.6009,215.012,46.3784,0.108576,168.525,278.076,1,0,0
700,5,1,487,1,1,1,4321.03,18650.6,404.46,46.3844,0.482746,310.85,13125.7,100.005,23.1957,0.267264,76.5416,88.5275,23.1887,0.0718272,65.267,188.532,0,0,0
700,5,1,488,1,1,1,4318.73,18632.9,400.762,46.3844,0.482746,307.141,13173.7,92.6536,23.1957,0.267264,69.1906,95.568,23.1887,0.0718272,72.3075,188.222,0,0,0
700,5,1,489,1,1,1,4322.57,18671.2,367.427,46.3844,0.517824,273.674,13804.5,95.0223,23.1957,0.302342,71.5242,63.0112,23.1887,0.0718272,39.7507,158.033,0,0,0
700,5,1,490,1,1,1,4369.83,18697.7,362.702,46.3844,0.517824,268.935,13915.1,63.8804,23.1957,0.302342,40.3824,101.453,23.1887,0.0718272,78.193,165.334,0,0,0
700,5,1,491,1,1,1,4316.94,18662.6,347.991,46.3844,0.482746,254.217,14141.8,87.9936,23.1957,0.267264,64.5306,58.4595,23.1887,0.0718272,35.199,146.453,0,0,0
700,5,1,492,1,0,0,-1,-1,861.953,23.1957,0.267264,792.441,279719,-1,-1,-1,-1,-1,-1,-1,-1,-1,0,0,0
700,5,1,493,1,1,1,4317.9,18643.8,249.913,46.3844,0.482746,155.854,15867,77.8091,23.1957,0.267264,54.3461,41.5666,23.1887,0.0718272,18.3061,119.376,0,0,0
700,5,1,494,1,1,1,4318.22,18633,273.122,46.3844,0.482746,179.13,15443.5,91.0816,23.1957,0.267264,67.6186,51.9063,23.1887,0.0718272,28.6458,142.988,0,0,0
700,5,1,495,1,1,1,4315.34,18637.8,398.932,46.3844,0.678182,305.11,13210.6,84.787,23.1957,0.462701,61.1286,99.3364,23.1887,0.0718272,76.0759,184.123,0,0,0
700,5,1,496,1,1,1,4317.55,18640.5,381.963,46.3844,0.482746,288.288,13515.5,96.2235,23.1957,0.267264,72.7605,79.2815,23.1887,0.0718272,56.021,175.505,0,0,0
700,5,1,497,1,1,1,4323.88,18664.7,399.503,46.3844,0.6264,305.735,13227.5,94.7147,23.1957,0.267264,71.2517,91.2311,23.1887,0.0718272,67.9706,185.946,0,0,0
700,5,1,498,1,1,1,4317.58,18635.7,328.748,46.3844,0.482746,234.918,14457.1,91.9335,23.1957,0.267264,68.4705,61.8904,23.1887,0.0718272,38.6299,153.824,0,0,0
700,5,1,499,1,1,1,4322.88,18638.1,318.451,46.3844,0.482746,224.591,14642.6,64.4807,23.1957,0.267264,41.0177,92.3627,23.1887,0.0718272,69.1022,156.843,0,0,0
700,5,1,500,1,1,1,4318.47,18634.6,279.053,46.3844,0.482746,185.079,15339.6,51.7207,23.1957,0.267264,28.2578,85.0731,23.1887,0.0718272,61.8126,136.794,0,0,0
700,5,1,501,1,1,1,4317.26,18641.5,251.075,46.3844,0.552902,156.949,15843.5,77.031,23.1957,0.337421,53.4979,43.7378,23.1887,0.0718272,20.4773,120.769,0,0,0
700,5,1,502,1,1,1,4326.58,18653.4,299.171,46.3844,0.482746,205.254,15000.7,59.6185,23.1957,0.267264,36.1556,91.5993,23.1887,0.0718272,68.3388,151.218,0,0,0
700,5,1,503,1,1,1,4317.83,18669.9,333.127,46.3844,0.482746,239.309,14413.3,60.7267,23.1957,0.267264,37.2637,94.1007,23.1887,0.0718272,70.8402,154.827,0,0,0
700,5,1,504,1,1,1,4315.02,18647.2,303.51,46.3844,0.678182,209.411,14916.9,96.0724,23.1957,0.462701,72.414,59.0082,23.1887,0.0718272,35.7477,155.081,0,0,0
700,5,1,505,1,1,1,4319.18,24688.5,380.066,52.1883,0.927072,280.296,19696,197.573,28.9996,0.71159,167.532,52.3178,23.1887,0.0718272,29.0573,249.891,0,0,0
700,5,1,506,1,1,1,4322.44,18652.1,344.077,46.3844,0.482746,250.291,14200.9,86.5714,23.1957,0.267264,63.1084,59.5893,23.1887,0.0718272,36.3288,146.161,0,0,0
700,5,1,507,1,1,1,4318.22,18641.2,404.426,46.3844,0.482746,310.815,13116.8,97.3948,23.1957,0.267264,73.9318,91.3051,23.1887,0.0718272,68.0446,188.7,0,0,0
700,5,1,508,1,1,1,4317.23,18631,316.74,46.3844,0.482746,222.875,14665.8,97.2017,23.1957,0.267264,73.7387,60.1669,23.1887,0.0718272,36.9064,157.369,0,0,0
700,5,1,509,1,1,1,4331.4,18658,396.723,46.3844,0.482746,303.091,13270.6,95.4149,23.1957,0.267264,71.952,87.1143,23.1887,0.0718272,63.8538,182.529,0,0,0
700,5,1,510,1,1,1,4315.98,18637.6,240.784,46.3844,0.482746,146.698,16023.1,72.8405,23.1957,0.267264,49.3775,38.8089,23.1887,0.0718272,15.5484,111.649,0,0,0
700,5,1,511,1,1,1,4346.08,18693.5,403.934,46.3844,1.01727,309.789,13176.6,93.0102,23.1957,0.658138,69.1563,96.3657,23.1887,0.0718272,73.1052,189.376,0,0,0
700,5,1,512,1,1,1,4314.7,18628.5,297.175,46.3844,0.482746,203.253,15011.3,58.4255,23.1957,0.267264,34.9626,91.3827,23.1887,0.0718272,68.1222,149.808,0,0,0
700,5,1,513,1,1,1,4331.08,18647.2,399.979,46.3844,0.482746,306.356,13201.9,93.5668,23.1957,0.267264,70.1038,93.904,23.1887,0.0718272,70.6435,187.471,0,0,0
700,5,1,514,1,1,1,4318.22,18648,255.716,46.3844,0.482746,161.674,15768,79.5146,23.1957,0.267264,56.0517,45.086,23.1887,0.0718272,21.8254,124.601,0,0,0
700,5,1,515,1,0,0,-1,-1,587.656,23.1957,0.267264,517.346,263851,-1,-1,-1,-1,-1,-1,-1,-1,-1,0,0,0
700,5,1,516,1,1,1,4325.83,18641.6,394.649,46.3844,0.482746,301.01,13291.1,95.9582,23.1957,0.267264,72.4952,90.7438,23.1887,0.0718272,67.4833,186.702,0,0,0
700,5,1,517,1,1,1,4322.55,18654.4,400.486,46.3844,0.482746,306.865,13200.1,91.7656,23.1957,0.267264,68.3027,97.2393,23.1887,0.0718272,73.9788,189.005,0,0,0
700,5,1,518,1,1,1,4318.34,18631.9,313.06,46.3844,0.482746,219.184,14732.2,100.236,23.1957,0.267264,76.7726,60.1055,23.1887,0.0718272,36.845,160.341,0,0,0
700,5,1,519,1,1,1,4323.69,18647.2,344.694,46.3844,0.6264,250.766,14184.7,86.9432,23.1957,0.267264,63.4802,59.7066,23.1887,0.0718272,36.4461,146.65,0,0,0
700,5,1,520,1,1,1,4398.97,18728.3,386.386,46.3844,0.805133,292.401,13523.7,77.9517,23.1957,0.267264,54.4887,94.5978,23.1887,0.106906,71.3022,172.549,0,0,0
700,5,1,521,1,1,1,4326.79,18645.9,359.402,46.3844,0.482746,265.661,13922.2,63.8291,23.1957,0.267264,40.3662,98.333,23.1887,0.0718272,75.0725,162.162,0,0,0
700,5,1,522,1,1,1,4317.1,18637.4,398.942,46.3844,0.482746,305.316,13210.6,89.506,23.1957,0.267264,66.043,99.4375,23.1887,0.0718272,76.177,188.944,0,0,0
700,5,1,523,1,1,1,4324.55,18702,401.887,46.3844,0.678182,308.074,13222.3,95.8324,23.1957,0.462701,72.174,100.015,23.1887,0.0718272,76.7545,195.847,0,0,0
700,5,1,524,1,1,1,4321.23,18636,400.051,46.3844,0.482746,306.428,13189.5,94.6064,23.1957,0.267264,71.1434,92.2129,23.1887,0.0718272,68.9524,186.819,0,0,0
700,5,1,525,1,1,1,4345.12,18660.8,402.446,46.3844,0.482746,308.83,13171.7,98.4614,23.1957,0.267264,74.9985,86.9519,23.1887,0.0718272,63.6914,185.413,0,0,0
700,5,1,526,1,1,1,4315.02,18645.7,344.981,46.3844,0.517824,251.163,14178.1,85.5471,23.1957,0.302342,62.049,59.0587,23.1887,0.0718272,35.7982,144.606,0,0,0
700,5,1,527,1,1,1,4323.65,18643.4,333.53,46.3844,0.482746,239.714,14379.7,59.438,23.1957,0.267264,35.9751,93.9708,23.1887,0.0718272,70.7103,153.409,0,0,0
700,5,1,528,1,1,1,4317.9,18648.7,336.992,46.3952,0.731635,242.926,14322.7,90.8901,23.2065,0.516154,67.1674,58.6093,23.1887,0.0718272,35.3488,149.499,0,0,0
700,5,1,529,1,1,1,4313.74,18650.5,338.821,46.3844,0.482746,245.02,14292.7,86.7681,23.1957,0.267264,63.3052,59.398,23.1887,0.0718272,36.1375,146.166,0,0,0
700,5,1,530,1,1,1,4321.67,18639.2,399.218,46.3844,0.482746,305.592,13207.5,86.2141,23.1957,0.267264,62.7511,100.381,23.1887,0.0718272,77.1209,186.595,0,0,0
700,5,1,531,1,1,1,4320.9,18638.1,291.384,46.406,0.519494,197.387,15123.8,54.9916,23.2173,0.304013,31.4703,90.5651,23.1887,0.0718272,67.3046,145.557,0,0,0
700,5,1,532,1,1,1,4318.22,18643.2,335.896,46.3844,0.482746,242.087,14337.4,59.4814,23.1957,0.267264,36.0184,93.9852,23.1887,0.0718272,70.7247,153.467,0,0,0
700,5,1,533,1,1,1,4316.3,18636.1,360.446,46.3844,0.482746,266.708,13893.8,90.0745,23.1957,0.267264,66.6116,59.3006,23.1887,0.0718272,36.0401,149.375,0,0,0
700,5,1,534,1,1,1,4333.83,18673.6,387.36,46.3844,0.482746,293.701,13452.7,93.8375,23.1957,0.267264,70.3746,86.3671,23.1887,0.0718272,63.1066,180.205,0,0,0
700,5,1,535,1,1,1,4349.96,24728,467.809,52.1883,0.801792,368.419,18175.3,201.646,28.9996,0.58631,171.741,59.2915,23.1887,0.0718272,36.031,260.938,0,0,0
700,5,1,536,1,1,1,4325.81,18642.1,403.878,46.3844,0.6264,310.122,13127.1,94.0722,23.1957,0.267264,70.6092,93.987,23.1887,0.0718272,70.7265,188.059,0,0,0
700,5,1,537,1,1,1,4316.94,18632.7,380.373,46.3844,0.482746,286.692,13536.1,94.4494,23.1957,0.267264,70.9864,79.0451,23.1887,0.0718272,55.7846,173.494,0,0,0
700,5,1,538,1,1,1,4323.26,18637.7,355.672,46.3844,0.482746,261.92,13980.3,62.4232,23.1957,0.267264,38.9602,98.8257,23.1887,0.0718272,75.5652,161.249,0,0,0
700,5,1,539,1,1,1,4327.75,18643.8,320.701,46.3844,0.482746,226.847,14608.3,97.0068,23.1957,0.267264,73.5438,59.9485,23.1887,0.0718272,36.688,156.955,0,0,0
700,5,1,540,1,1,1,4315.66,18669.6,314.413,46.3844,0.552902,220.471,14745.4,100.405,23.1957,0.337421,76.8718,59.8582,23.1887,0.0718272,36.5977,160.263,0,0,0
700,5,1,541,1,1,1,4317.26,18633.1,405.934,46.3844,0.482746,312.328,13081.9,95.8589,23.1957,0.267264,72.3959,95.2955,23.1887,0.0718272,72.035,191.154,0,0,0
700,5,1,542,1,1,1,4323.55,18640,311.762,46.3844,0.482746,217.883,14763.4,100.362,23.1957,0.267264,76.8989,60.0532,23.1887,0.0718272,36.7927,160.415,0,0,0
700,5,1,543,1,1,1,4315.66,18640.3,339.912,46.3844,0.517824,246.079,14262.9,87.2039,23.1957,0.302342,63.7058,58.945,23.1887,0.0718272,35.6845,146.149,0,0,0
700,5,1,544,1,1,1,4315.66,18629.8,382.437,46.3844,0.482746,288.763,13496.5,77.0078,23.1957,0.267264,53.5448,93.7722,23.1887,0.0718272,70.5117,170.78,0,0,0
700,5,1,545,1,1,1,4317.96,18641.2,381.846,46.3844,0.482746,288.171,13518.3,96.1657,23.1957,0.267264,72.7028,79.1678,23.1887,0.0718272,55.9073,175.334,0,0,0
700,5,1,546,1,1,1,4326.14,24641,288.465,52.1883,0.696557,188.659,21278.1,147.189,28.9996,0.481075,117.242,29.2055,23.1887,0.0718272,5.94501,176.395,0,0,0
700,5,1,547,1,1,1,4317.58,18651.3,326.47,46.3844,0.482746,232.633,14513.2,95.6532,23.1957,0.267264,72.1902,61.2696,23.1887,0.0718272,38.0091,156.923,0,0,0
700,5,1,548,1,1,1,4315.34,18633.9,338.237,46.3844,0.482746,244.435,14286.5,86.7717,23.1957,0.267264,63.3088,59.0064,23.1887,0.0718272,35.7459,145.778,0,0,0
700,5,1,549,1,1,1,4321.03,18635.6,398.368,46.3844,0.482746,304.74,13219,93.9061,23.1957,0.267264,70.4431,91.7671,23.1887,0.0718272,68.5066,185.673,0,0,0
700,5,1,550,1,1,1,4318.54,18640.2,326.441,46.3952,0.50112,232.576,14502.5,95.4315,23.2065,0.285638,71.9393,61.3255,23.1887,0.0718272,38.065,156.757,0,0,0
700,5,1,551,1,1,1,4315.34,24683.3,379.914,52.1883,1.03231,280.038,19692.8,197.095,28.9996,0.816826,166.948,52.7906,23.1887,0.0718272,29.5301,249.885,0,0,0
700,5,1,552,1,1,1,4322.5,18707.1,402.332,46.3844,0.517824,308.68,13219.8,95.515,23.1957,0.302342,72.0169,97.8222,23.1887,0.0718272,74.5617,193.337,0,0,0
700,5,1,553,1,1,3,16329.4,30644.5,571.883,92.7639,1.13086,433.006,22939.7,61.1147,23.1957,0.267264,37.6517,342.567,69.5682,0.719942,272.279,403.682,2,0,0
700,5,1,554,1,1,1,4331.86,18646.2,312.483,46.3844,0.6264,218.462,14756.3,63.1234,23.1957,0.267264,39.6605,91.6769,23.1887,0.0718272,68.4164,154.8,0,0,0
700,5,1,555,1,1,1,4329.48,18648.5,400.485,46.3844,0.482746,306.863,13194.2,94.6605,23.1957,0.267264,71.1976,96.1113,23.1887,0.0718272,72.8508,190.772,0,0,0
700,5,1,556,1,1,1,4319.62,18638.1,401.379,46.3844,0.482746,307.76,13167.9,97.0573,23.1957,0.267264,73.5943,97.0155,23.1887,0.0718272,73.755,194.073,0,0,0
700,5,1,557,1,1,1,4318.22,18635.9,308.37,46.3844,0.482746,214.481,14819.6,64.4428,23.1957,0.267264,40.9798,94.0285,23.1887,0.0718272,70.768,158.471,0,0,0
700,5,1,558,1,1,1,4317.9,18638.2,303.074,46.3844,0.482746,209.169,14916.1,94.9998,23.1957,0.267264,71.5369,59.3547,23.1887,0.0718272,36.0942,154.355,0,0,0
700,5,1,559,1,1,1,4321.26,18643.1,396.232,46.3844,0.482746,302.598,13264.5,84.6168,23.1957,0.267264,61.1538,96.6292,23.1887,0.0718272,73.3687,181.246,0,0,0
700,5,1,560,1,1,1,4317.26,18632.9,310.897,46.3844,0.482746,217.015,14771.7,99.723,23.1957,0.267264,76.26,59.6417,23.1887,0.0718272,36.3812,159.365,0,0,0
700,5,1,561,1,1,1,4314.95,18636.9,279.303,46.3844,0.482746,185.329,15337.5,51.5854,23.1957,0.267264,28.1224,84.7573,23.1887,0.0718272,61.4968,136.343,0,0,0
700,5,1,562,1,1,1,4315.98,18645.2,299.478,46.3844,0.482746,205.563,14987,94.471,23.1957,0.267264,71.0081,58.2953,23.1887,0.0718272,35.0348,152.766,0,0,0
700,5,1,563,1,1,1,4319.3,18643.4,398.798,46.3844,0.482746,305.172,13219.2,99.0967,23.1957,0.267264,75.6338,94.8912,23.1887,0.0718272,71.6307,193.988,0,0,0
700,5,1,564,1,1,1,4318.02,18633.8,339.044,46.3844,0.482746,245.243,14272.1,57.9184,23.1957,0.267264,34.4554,96.2827,23.1887,0.0718272,73.0222,154.201,0,0,0
700,5,1,565,1,1,1,4329.03,18643.8,330.265,46.3844,0.482746,236.44,14438.2,63.275,23.1957,0.267264,39.8121,91.8989,23.1887,0.0718272,68.6383,155.174,0,0,0
700,5,1,566,1,1,1,4329.52,24742.5,505.063,52.1883,0.891994,405.692,17527.5,202.307,28.9996,0.676512,172.308,90.4875,23.1887,0.0718272,67.227,292.794,0,0,0
700,5,1,567,1,1,1,4338.7,18657.2,364.088,46.3844,0.482746,270.361,13850.1,64.7694,23.1957,0.267264,41.3065,99.6072,23.1887,0.0718272,76.3466,164.377,0,0,0
700,5,1,568,1,1,2,10318.3,24655.9,416.329,69.5741,0.519494,300.164,19319.3,86.7844,23.1957,0.267264,63.3214,132.797,46.3784,0.108576,86.2785,219.581,1,0,0
700,5,1,569,1,1,1,4328.88,18658,318.961,46.3844,0.482746,225.102,14653.4,98.9235,23.1957,0.267264,75.4605,61.7027,23.1887,0.0718272,38.4422,160.626,0,0,0
700,5,1,570,1,1,1,4340.49,18673.3,403.271,46.3844,0.965491,309.175,13168.2,97.8988,23.1957,0.462701,74.2404,85.8654,23.1887,0.0718272,62.6049,183.764,0,0,0
700,5,1,571,1,1,1,4325.62,18644.8,319.642,46.3844,0.6264,225.642,14627.7,64.69,23.1957,0.267264,41.227,92.6515,23.1887,0.0718272,69.391,157.341,0,0,0
700,5,1,572,1,1,1,4333.37,18696.8,261.761,46.3844,0.482746,167.736,15709.3,83.5971,23.1957,0.267264,60.1341,47.4358,23.1887,0.0718272,24.1753,131.033,0,0,0
700,5,1,573,1,1,1,4333.86,18661.6,396.353,46.3844,0.482746,302.719,13280.8,84.0447,23.1957,0.267264,60.5817,98.8419,23.1887,0.0718272,75.5814,182.887,0,0,0
700,5,1,574,1,1,1,4320.18,18635.3,407.341,46.3844,0.482746,313.739,13059.1,94.9096,23.1957,0.267264,71.4466,94.4779,23.1887,0.0718272,71.2174,189.387,0,0,0
700,5,1,575,1,1,1,4353.64,18701.7,362.917,46.3844,0.482746,269.186,13915.5,64.4085,23.1957,0.267264,40.9455,101.237,23.1887,0.0718272,77.9764,165.645,0,0,0
700,5,1,576,1,1,1,4341.12,18658.6,399.844,46.3844,0.482746,306.22,13215.7,95.5286,23.1957,0.267264,72.0657,93.5412,23.1887,0.0718272,70.2807,189.07,0,0,0
700,5,1,577,1,1,1,4331.43,18647.9,405.108,46.3844,0.482746,311.499,13111.5,98.4921,23.1957,0.267264,75.0291,90.5579,23.1887,0.0718272,67.2974,189.05,0,0,0
700,5,1,578,1,1,1,4319.5,18635.8,307.263,46.3844,0.482746,213.371,14839.2,97.3298,23.1957,0.267264,73.8669,59.4052,23.1887,0.0718272,36.1447,156.735,0,0,0
700,5,1,579,1,1,1,4320.5,18636.7,401.516,46.3844,0.482746,307.897,13164.1,91.2928,23.1957,0.267264,67.8298,98.9087,23.1887,0.0718272,75.6482,190.201,0,0,0
700,5,1,580,1,1,1,4318.34,18633.5,331.88,46.3844,0.482746,238.059,14399.1,91.0599,23.1957,0.267264,67.597,60.7697,23.1887,0.0718272,37.5092,151.83,0,0,0
700,5,1,581,1,1,1,4331.71,18669,406.72,46.3844,0.482746,313.117,13103.9,91.6194,23.1957,0.267264,68.1565,94.3516,23.1887,0.0718272,71.0911,185.971,0,0,0
700,5,1,582,1,1,1,4317.51,18637.4,336.262,46.3844,0.482746,242.453,14325.1,58.7685,23.1957,0.267264,35.3055,94.6259,23.1887,0.0718272,71.3654,153.394,0,0,0
700,5,1,583,1,1,1,4326.54,18644.4,404.906,46.3844,0.482746,311.297,13111.5,100.467,23.1957,0.267264,77.0036,88.2207,23.1887,0.0718272,64.9602,188.687,0,0,0
700,5,1,584,1,1,1,4333.85,18649.3,406.878,46.3844,0.482746,313.275,13081.3,94.0595,23.1957,0.267264,70.5966,93.9419,23.1887,0.0718272,70.6814,188.001,0,0,0
700,5,1,585,1,0,0,-1,-1,870.553,23.1957,0.267264,801.066,280533,-1,-1,-1,-1,-1,-1,-1,-1,-1,0,0,0
700,5,1,586,1,1,1,4339.03,18656.7,397.231,46.3844,0.482746,303.6,13260.3,95.6875,23.1957,0.267264,72.2245,87.5439,23.1887,0.0718272,64.2834,183.231,0,0,0
700,5,1,587,1,1,1,4325.42,18679.1,327.383,46.3844,0.517824,233.514,14524.5,96.5654,23.1957,0.302342,73.0673,61.4952,23.1887,0.0718272,38.2347,158.061,0,0,0
700,5,1,588,1,1,1,4318.47,18669.1,299.073,46.3844,0.552902,205.087,15017.6,94.6675,23.1957,0.337421,71.1344,58.4704,23.1887,0.0718272,35.2098,153.138,0,0,0
700,5,1,589,1,1,1,4325.48,18641.6,373.654,46.3844,0.6264,279.811,13664,72.8892,23.1957,0.267264,49.4263,93.7632,23.1887,0.0718272,70.5027,166.652,0,0,0
700,5,1,590,1,1,1,4316.3,18632.4,402.142,46.3844,0.482746,308.525,13148.6,92.1861,23.1957,0.267264,68.7232,98.351,23.1887,0.0718272,75.0905,190.537,0,0,0
700,5,1,591,1,1,1,4341.66,18657.1,350.769,46.3844,0.6264,256.859,14086.5,59.0681,23.1957,0.267264,35.6051,100.311,23.1887,0.0718272,77.0505,159.379,0,0,0
700,5,1,592,1,1,1,4325.06,18640.2,409.661,46.3844,0.482746,316.066,13022.8,92.2836,23.1957,0.267264,68.8206,95.6944,23.1887,0.0718272,72.4338,187.978,0,0,0
700,5,1,593,1,1,1,4332.29,18654.9,408.687,46.3844,0.482746,315.089,13054.8,91.6772,23.1957,0.267264,68.2142,95.0302,23.1887,0.0718272,71.7697,186.707,0,0,0
700,5,1,594,1,1,2,10321.2,24636.7,500.351,69.5741,0.519494,384.43,17806.1,73.0444,23.1957,0.267264,49.5815,221.094,46.3784,0.108576,174.607,294.139,1,0,0
700,5,1,595,1,1,1,4319.43,18651.3,231.876,46.3844,0.678182,137.569,16194.8,66.2282,23.1957,0.462701,42.5698,35.044,23.1887,0.0718272,11.7835,101.272,0,0,0
700,5,1,596,1,1,1,4330.16,18663.3,350.718,46.3844,0.517824,256.917,14093.8,59.6825,23.1957,0.302342,36.1844,100.051,23.1887,0.0718272,76.7906,159.734,0,0,0
700,5,1,597,1,1,1,4317.38,30634.4,536.714,57.9922,1.17596,431.506,22955.6,299.617,34.8035,0.96048,263.004,61.9518,23.1887,0.0718272,38.6913,361.569,0,0,0
700,5,1,598,1,1,1,4357.16,18673.2,308.933,46.3844,0.913709,214.614,14845.8,63.6504,23.1957,0.267264,40.1875,94.1801,23.1887,0.0718272,70.9196,157.831,0,0,0
700,5,1,599,1,1,1,4316.62,18633.7,287.231,46.3844,0.482746,193.28,15193.3,54.6228,23.1957,0.267264,31.1599,87.7695,23.1887,0.0718272,64.509,142.392,0,0,0
700,5,1,600,1,1,1,4316.62,18630.8,249.315,46.3844,0.482746,155.254,15864.6,77.1124,23.1957,0.267264,53.6495,41.3302,23.1887,0.0718272,18.0697,118.443,0,0,0
700,5,1,601,1,1,1,4317.58,18646.6,343.417,46.3844,0.587981,249.524,14206.3,87.6585,23.1957,0.372499,64.0903,59.1399,23.1887,0.0718272,35.8794,146.798,0,0,0
700,5,1,602,1,1,1,4321.1,18662.4,287.352,46.3844,0.517824,193.366,15219.6,93.7834,23.1957,0.267264,70.3204,57.511,23.1887,0.106906,34.2154,151.294,0,0,0
700,5,1,603,1,1,1,4315.98,18673.4,318.999,46.3844,0.50112,225.122,14667.9,98.9433,23.1957,0.267264,75.4803,60.936,23.1887,0.0902016,37.6572,159.879,0,0,0
700,5,1,604,1,1,1,4339.48,18667.3,363.317,46.3844,0.770054,269.3,13873.1,91.7331,23.1957,0.267264,68.2702,61.0801,23.1887,0.0718272,37.8196,152.813,0,0,0
700,5,1,605,1,1,1,4410.2,18743,363.101,46.3844,0.6264,269.227,13953,63.71,23.1957,0.267264,40.247,101.36,23.1887,0.0718272,78.0991,165.07,0,0,0
700,5,1,606,1,1,1,4353.48,18669.2,343.523,46.3844,0.770054,249.449,14227.1,58.7667,23.1957,0.267264,35.3037,97.5208,23.1887,0.0718272,74.2603,156.287,0,0,0
700,5,1,607,1,1,1,4319.18,18650.1,387.493,46.3844,0.482746,293.834,13426.8,93.8538,23.1957,0.267264,70.3908,86.2498,23.1887,0.0718272,62.9893,180.104,0,0,0
700,5,1,608,1,1,1,4316.94,18630.5,306.05,46.3844,0.482746,212.154,14855.4,63.1866,23.1957,0.267264,39.7236,93.2507,23.1887,0.0718272,69.9901,156.437,0,0,0
700,5,1,609,1,1,1,4326.34,18640.2,384.755,46.3844,0.517824,291.053,13465.4,77.6015,23.1957,0.267264,54.1386,94.4173,23.1887,0.106906,71.1218,172.019,0,0,0
700,5,1,610,1,1,1,4315.02,18628.9,400.774,46.3844,0.482746,307.153,13169.4,91.4101,23.1957,0.267264,67.9471,97.6508,23.1887,0.0718272,74.3902,189.061,0,0,0
700,5,1,611,1,1,1,4387.26,18718.3,384.767,46.3844,0.482746,291.1,13543.5,92.955,23.1957,0.267264,69.492,83.9992,23.1887,0.0718272,60.7387,176.954,0,0,0
700,5,1,612,1,1,1,4316.59,18631.7,391.238,46.3844,0.482746,297.59,13341.9,78.7223,23.1957,0.267264,55.2594,98.2716,23.1887,0.0718272,75.0111,176.994,0,0,0
700,5,1,613,1,1,1,4327.69,18650.9,402.016,46.3844,0.678182,308.204,13168.9,92.4556,23.1957,0.462701,68.7972,95.1403,23.1887,0.0718272,71.8798,187.596,0,0,0
700,5,1,614,1,1,1,4317.26,18637.9,321.062,46.3844,0.537869,227.154,14595.3,97.8478,23.1957,0.267264,74.3848,61.0468,23.1887,0.12695,37.7311,158.895,0,0,0
700,5,1,615,1,1,1,4318.25,18636.4,403.65,46.3844,0.482746,310.038,13125.9,98.8368,23.1957,0.267264,75.3739,86.1325,23.1887,0.0718272,62.872,184.969,0,0,0
700,5,1,616,1,1,1,4318.54,18655.9,370.035,46.3844,0.517824,276.29,13742.9,95.8705,23.1957,0.302342,72.3725,65.5849,23.1887,0.0718272,42.3244,161.455,0,0,0
700,5,1,617,1,1,1,4316.62,18637.2,404.406,46.3844,0.482746,310.796,13113.3,94.7923,23.1957,0.267264,71.3293,93.5268,23.1887,0.0718272,70.2663,188.319,0,0,0
700,5,1,618,1,1,1,4324.23,18652.4,403.76,46.3844,0.482746,310.148,13139.9,99.0859,23.1957,0.267264,75.6229,86.4177,23.1887,0.0718272,63.1572,185.504,0,0,0
700,5,1,619,1,1,1,4333.51,18669.7,399.862,46.3844,0.552902,306.168,13226,88.7235,23.1957,0.302342,65.2255,99.2614,23.1887,0.106906,75.9658,187.985,0,0,0
700,5,1,620,1,1,1,4318.6,18704.2,402.206,46.3844,0.517824,308.554,13219.1,100.087,23.1957,0.302342,76.5885,99.9392,23.1887,0.0718272,76.6787,200.026,0,0,0
700,5,1,621,1,1,1,4344.75,18667.1,333.683,46.3844,0.482746,239.867,14400.7,61.6345,23.1957,0.267264,38.1715,95.4706,23.1887,0.0718272,72.21,157.105,0,0,0
700,5,1,622,1,1,1,4316.87,18645.1,373.802,46.3844,0.482746,280.103,13665.3,93.3412,23.1957,0.267264,69.8782,73.8761,23.1887,0.0718272,50.6156,167.217,0,0,0
700,5,1,623,1,1,1,4317.1,18676.2,399.795,46.3844,0.908698,305.746,13233,90.0132,23.1957,0.693216,66.1243,99.0459,23.1887,0.0718272,75.7854,189.059,0,0,0
700,5,1,624,1,1,1,4315.59,18637.3,399.178,46.3844,0.482746,305.553,13206.3,86.5588,23.1957,0.267264,63.0958,100.304,23.1887,0.0718272,77.0433,186.863,0,0,0
700,5,1,625,1,1,1,4317.58,18645.1,336.419,46.3844,0.678182,242.415,14329.6,59.6371,23.1957,0.462701,35.9787,94.0971,23.1887,0.0718272,70.8366,153.734,0,0,0
700,5,1,626,1,1,1,4315.34,18688.9,402.075,46.3844,0.482746,308.458,13206.4,96.4274,23.1957,0.267264,72.9645,100.071,23.1887,0.0718272,76.8105,196.498,0,0,0
700,5,1,627,1,1,1,4327.47,18645.6,240.781,46.3844,0.517824,146.66,16031,72.6626,23.1957,0.302342,49.1646,38.9262,23.1887,0.0718272,15.6657,111.589,0,0,0
700,5,1,628,1,1,1,4326.09,18640.3,329.29,46.3844,0.482746,235.461,14452,90.2893,23.1957,0.267264,66.8263,62.0457,23.1887,0.0718272,38.7852,152.335,0,0,0
700,5,1,629,1,1,1,4318.66,18633.1,293.95,46.3844,0.482746,200.019,15073.3,55.7508,23.1957,0.267264,32.2879,91.4098,23.1887,0.0718272,68.1492,147.161,0,0,0
700,5,1,630,1,1,1,4316.62,18637.4,342.317,46.3844,0.482746,248.526,14217.5,87.3673,23.1957,0.267264,63.9044,59.2951,23.1887,0.0718272,36.0346,146.662,0,0,0
700,5,1,631,1,1,1,4327.07,18641.6,396.924,46.3844,0.6264,303.149,13250.2,84.4616,23.1957,0.267264,60.9986,96.5354,23.1887,0.0718272,73.2749,180.997,0,0,0
700,5,1,632,1,1,1,4352.18,18664.7,399.287,46.3844,0.6264,305.518,13231.4,96.8858,23.1957,0.267264,73.4229,94.5176,23.1887,0.0718272,71.2571,191.403,0,0,0
700,5,1,633,1,1,1,4340.71,18657.8,397.771,46.3844,0.482746,304.141,13251.7,83.5971,23.1957,0.267264,60.1341,99.6378,23.1887,0.0718272,76.3773,183.235,0,0,0
700,5,1,634,1,0,0,-1,-1,613.755,23.1957,0.267264,543.521,264820,-1,-1,-1,-1,-1,-1,-1,-1,-1,0,0,0
700,5,1,635,1,1,1,4317.26,24637.9,250.768,52.1883,0.891994,150.657,21944.8,130.127,28.9996,0.676512,99.9336,24.5311,23.1887,0.0718272,1.27058,154.658,0,0,0
700,5,1,636,1,1,1,4318.66,18635,299.171,46.3844,0.482746,205.254,14982.3,59.7936,23.1957,0.267264,36.3306,91.8285,23.1887,0.0718272,68.568,151.622,0,0,0
700,5,1,637,1,1,1,4317.93,18643,297.022,46.3844,0.482746,203.1,15028.5,95.4673,23.1957,0.267264,72.0043,57.6474,23.1887,0.0718272,34.3869,153.115,0,0,0
700,5,1,638,1,1,1,4317.58,18671.7,275.669,46.3844,0.678182,181.489,15436.5,90.4198,23.1957,0.462701,66.7614,53.2021,23.1887,0.0718272,29.9416,143.622,0,0,0
700,5,1,639,1,1,1,4347.72,18694.3,403.297,46.3844,0.482746,309.684,13190,101.098,23.1957,0.267264,77.6353,96.974,23.1887,0.0718272,73.7134,198.072,0,0,0
700,5,1,640,1,1,1,4317.58,18629.8,332.68,46.3844,0.482746,238.862,14381.3,57.996,23.1957,0.267264,34.533,93.8535,23.1887,0.0718272,70.5929,151.849,0,0,0
700,5,1,641,1,1,1,4324.74,18667.6,303.712,46.3844,0.517824,209.774,14933.9,97.0364,23.1957,0.302342,73.5384,58.9324,23.1887,0.0718272,35.6719,155.969,0,0,0
700,5,1,642,1,1,1,4326.54,18653.8,369.651,46.3844,0.482746,275.939,13747.8,95.4817,23.1957,0.267264,72.0187,65.4134,23.1887,0.0718272,42.1529,160.895,0,0,0
700,5,1,643,1,1,1,4325.51,18651.4,399.303,46.3844,0.50112,305.659,13217.9,96.0213,23.1957,0.267264,72.5584,92.6897,23.1887,0.0902016,69.4108,188.711,0,0,0
700,5,1,644,1,1,1,4322.98,18646.9,405.554,46.3844,0.482746,311.947,13102.5,90.1738,23.1957,0.267264,66.7108,96.0788,23.1887,0.0718272,72.8183,186.253,0,0,0
700,5,1,645,1,1,1,4351.41,18675.2,386.759,46.3844,0.482746,293.098,13465,78.5382,23.1957,0.267264,55.0753,95.7395,23.1887,0.0718272,72.479,174.278,0,0,0
700,5,1,646,1,1,1,4326.25,18642.3,395.514,46.3844,0.482746,301.878,13276.4,94.9294,23.1957,0.267264,71.4665,91.0091,23.1887,0.0718272,67.7486,185.939,0,0,0
700,5,1,647,1,1,1,4316.74,18634.7,393.151,46.3844,0.482746,299.508,13310.9,80.9657,23.1957,0.267264,57.5027,98.8148,23.1887,0.0718272,75.5543,179.781,0,0,0
700,5,1,648,1,1,1,4315.66,18630.8,365.578,46.3844,0.482746,271.855,13797.2,65.8595,23.1957,0.267264,42.3966,97.445,23.1887,0.0718272,74.1845,163.305,0,0,0
700,5,1,649,1,1,1,4320.84,18658.4,406.164,46.3844,0.482746,312.559,13103.1,93.417,23.1957,0.267264,69.954,95.4489,23.1887,0.0718272,72.1884,188.866,0,0,0
700,5,1,650,1,1,1,4322.78,18636.6,366.449,46.3844,0.482746,272.729,13787.6,66.2638,23.1957,0.267264,42.8008,97.907,23.1887,0.0718272,74.6465,164.171,0,0,0
700,5,1,651,1,1,2,10323.2,24664.9,494.985,69.5741,0.663149,378.905,17929.3,100.046,23.1957,0.267264,76.5831,193.577,46.3784,0.25223,146.947,293.624,1,0,0
700,5,1,652,1,1,1,4345.86,18672.4,358.788,46.3844,0.517824,265.01,13959.3,91.6166,23.1957,0.302342,68.1186,58.649,23.1887,0.0718272,35.3885,150.266,0,0,0
700,5,1,653,1,1,1,4321.76,18640.9,377.621,46.3844,0.482746,283.933,13593.2,93.5217,23.1957,0.267264,70.0587,76.8378,23.1887,0.0718272,53.5773,170.359,0,0,0
700,5,1,654,1,1,1,4317.9,18632.4,327.76,46.3844,0.482746,233.927,14471.3,93.4549,23.1957,0.267264,69.9919,61.21,23.1887,0.0718272,37.9495,154.665,0,0,0
700,5,1,655,1,1,1,4314.38,18633.8,406.659,46.3844,0.482746,313.055,13069.8,90.7206,23.1957,0.267264,67.2577,94.6458,23.1887,0.0718272,71.3853,185.366,0,0,0
700,5,1,656,1,1,1,4318.54,30636.3,395.356,57.9922,0.910368,290.002,25472,252.303,34.8035,0.694886,215.818,29.4419,23.1887,0.0718272,6.18144,281.745,0,0,0
700,5,1,657,1,1,1,4332.82,18652.8,358.493,46.3844,0.482746,264.75,13945.2,63.9861,23.1957,0.267264,40.5232,97.8312,23.1887,0.0718272,74.5707,161.817,0,0,0
700,5,1,658,1,1,1,4336.34,18673.6,313.121,46.3844,0.482746,219.245,14772.8,100.037,23.1957,0.267264,76.5741,59.5244,23.1887,0.0718272,36.2638,159.561,0,0,0
700,5,1,659,1,1,1,4320.14,18645.2,296.23,46.3844,0.482746,202.305,15044.8,95.3626,23.1957,0.267264,71.8996,57.0608,23.1887,0.0718272,33.8003,152.423,0,0,0
700,5,1,660,1,1,1,4317.26,18644.4,392.225,46.3844,0.482746,298.579,13337,79.1699,23.1957,0.267264,55.707,97.9395,23.1887,0.0718272,74.679,177.109,0,0,0
700,5,1,661,1,1,1,4326.03,18665.6,403.044,46.3844,0.517824,309.395,13165.6,95.8733,23.1957,0.267264,72.4104,89.9613,23.1887,0.106906,66.6657,185.835,0,0,0
700,5,1,662,1,1,1,4344.22,18656.8,341.925,46.3844,0.482746,248.133,14243.8,58.5374,23.1957,0.267264,35.0745,97.445,23.1887,0.0718272,74.1845,155.982,0,0,0
700,5,1,663,1,1,1,4324.23,24664.3,426.798,52.1883,0.801792,327.29,18840.8,200.828,28.9996,0.58631,170.927,60.3907,23.1887,0.0718272,37.1302,261.219,0,0,0
700,5,1,664,1,1,1,4317.26,18659.5,330.307,46.3844,0.482746,236.481,14453.1,92.3089,23.1957,0.267264,68.8459,61.8381,23.1887,0.0718272,38.5776,154.147,0,0,0
700,5,1,665,1,1,1,4316.94,18644.4,353.224,46.3844,0.482746,259.465,14030.5,88.0531,23.1957,0.267264,64.5902,56.2162,23.1887,0.0718272,32.9556,144.269,0,0,0
700,5,1,666,1,1,1,4317.9,18631.7,321.507,46.3844,0.482746,227.656,14581.9,61.2537,23.1957,0.267264,37.7907,91.9368,23.1887,0.0718272,68.6762,153.19,0,0,0
700,5,1,667,1,1,1,4321.24,18637,349.101,46.3844,0.482746,255.33,14096.4,59.781,23.1957,0.267264,36.318,99.2444,23.1887,0.0718272,75.9839,159.025,0,0,0
700,5,1,668,1,1,1,4324.62,18640.7,310.49,46.3844,0.482746,216.607,14786.7,62.4918,23.1957,0.267264,39.0288,93.1893,23.1887,0.0718272,69.9288,155.681,0,0,0
700,5,1,669,1,1,1,4324.53,18637.1,290.974,46.3844,0.482746,197.034,15130.2,54.8575,23.1957,0.267264,31.3945,90.6914,23.1887,0.0718272,67.4309,145.549,0,0,0
700,5,1,670,1,1,1,4327.8,18639.7,399.027,46.3844,0.482746,305.401,13211.4,84.9236,23.1957,0.267264,61.4607,99.8039,23.1887,0.0718272,76.5434,184.728,0,0,0
700,5,1,671,1,1,1,4318.54,18632.8,245,46.3844,0.482746,150.926,15943.3,74.2915,23.1957,0.267264,50.8286,39.982,23.1887,0.0718272,16.7215,114.274,0,0,0
700,5,1,672,1,1,1,4321.61,18661.5,398.972,46.3844,0.678182,305.15,13233.7,98.4493,23.1957,0.462701,74.7909,99.627,23.1887,0.0718272,76.3665,198.076,0,0,0
700,5,1,673,1,1,1,4345.43,18661,399.414,46.3844,0.482746,305.789,13225.8,95.5395,23.1957,0.267264,72.0765,93.8841,23.1887,0.0718272,70.6236,189.424,0,0,0
700,5,1,674,1,1,1,4322.73,18668,367.188,46.3844,0.517824,273.434,13805.5,94.7858,23.1957,0.302342,71.2878,62.9264,23.1887,0.0718272,39.6659,157.712,0,0,0
700,5,1,675,1,1,1,4319.82,18634.6,296.241,46.3844,0.482746,202.316,15034,94.5739,23.1957,0.267264,71.1109,57.9975,23.1887,0.0718272,34.737,152.571,0,0,0
700,5,1,676,1,1,1,4318.86,18667,296.904,46.3844,0.678182,202.786,15054.2,94.9823,23.1957,0.462701,71.3239,57.9325,23.1887,0.0718272,34.672,152.915,0,0,0
700,5,1,677,1,1,1,4315.66,18647,289.711,46.3844,0.517824,195.732,15162.3,93.5153,23.1957,0.302342,70.0172,58.0787,23.1887,0.0718272,34.8182,151.594,0,0,0
700,5,1,678,1,1,1,4338.54,18659.7,333.569,46.3844,0.6264,239.609,14395,61.8095,23.1957,0.267264,38.3466,95.0934,23.1887,0.0718272,71.8328,156.903,0,0,0
700,5,1,679,1,1,1,4354.95,18668.5,379.516,46.3844,0.552902,285.763,13586.6,96.1278,23.1957,0.267264,72.6649,77.0397,23.1887,0.141984,53.709,173.168,0,0,0
700,5,1,680,1,1,1,4319.5,18662.3,338.512,46.3844,1.06906,244.124,14308.6,90.6302,23.1957,0.853574,66.5809,59.5388,23.1887,0.0718272,36.2783,150.169,0,0,0
700,5,1,681,1,1,1,4333.05,18670.1,394.774,46.3844,1.06906,300.55,13316,96.429,23.1957,0.853574,72.3797,90.0742,23.1887,0.0718272,66.8137,186.503,0,0,0
700,5,1,682,1,1,1,4316.3,18661.7,324.827,46.3844,0.482746,230.986,14552.8,100.068,23.1957,0.267264,76.6047,60.4683,23.1887,0.0718272,37.2078,160.536,0,0,0
700,5,1,683,1,1,1,4318.9,18650.3,329.562,46.3844,0.482746,235.734,14457.2,90.486,23.1957,0.267264,67.0231,61.7479,23.1887,0.0718272,38.4874,152.234,0,0,0
700,5,1,684,1,1,1,4324.07,18685.9,400.931,46.3844,0.552902,307.24,13223.2,99.656,23.1957,0.337421,76.1229,95.2504,23.1887,0.0718272,71.9899,194.906,0,0,0
700,5,1,685,1,1,1,4321.99,18637.1,276.865,46.3844,0.482746,182.884,15381.1,50.0044,23.1957,0.267264,26.5414,84.9432,23.1887,0.0718272,61.6826,134.948,0,0,0
700,5,1,686,1,1,1,4324.1,18644.4,379.523,46.3844,0.482746,285.841,13562.8,96.3029,23.1957,0.267264,72.8399,76.91,23.1887,0.0718272,53.6495,173.213,0,0,0
700,5,1,687,1,1,1,4324.55,18646,324.145,46.3844,0.482746,230.302,14549.2,62.9249,23.1957,0.267264,39.462,91.4765,23.1887,0.0718272,68.216,154.401,0,0,0
700,5,1,688,1,1,1,4322.77,18659.8,327.037,46.3844,0.482746,233.202,14511.6,96.1964,23.1957,0.267264,72.7334,61.4013,23.1887,0.0718272,38.1408,157.598,0,0,0
700,5,1,689,1,1,1,4316.62,18657,233.648,46.3844,0.482746,139.542,16169.4,67.769,23.1957,0.267264,44.306,35.5169,23.1887,0.0718272,12.2564,103.286,0,0,0
700,5,1,690,1,1,1,4322.76,18645.2,321.199,46.3844,0.482746,227.347,14600.8,61.4287,23.1957,0.267264,37.9658,92.5215,23.1887,0.0718272,69.261,153.95,0,0,0
700,5,1,691,1,1,1,4326.28,18644.4,372.896,46.3844,0.517824,279.159,13680.5,93.3899,23.1957,0.267264,69.927,73.2434,23.1887,0.106906,49.9478,166.633,0,0,0
700,5,1,692,1,1,1,4360.03,18690.4,402.554,46.3844,0.482746,308.938,13199.3,99.6706,23.1957,0.267264,76.2077,100.735,23.1887,0.0718272,77.4746,200.406,0,0,0
700,5,1,693,1,1,1,4316.62,18631.4,398.683,46.3844,0.482746,305.056,13209.2,84.976,23.1957,0.267264,61.513,98.703,23.1887,0.0718272,75.4424,183.679,0,0,0
700,5,1,694,1,1,1,4320.58,18636.8,337.512,46.3844,0.482746,243.708,14302.3,89.4645,23.1957,0.267264,66.0015,58.5407,23.1887,0.0718272,35.2802,148.005,0,0,0
700,5,1,695,1,1,1,4328.34,18642.8,309.909,46.3844,0.517824,215.989,14798.9,62.8419,23.1957,0.267264,39.3789,93.6178,23.1887,0.106906,70.3222,156.46,0,0,0
700,5,1,696,1,1,1,4318.91,18637.6,368.422,46.3844,0.482746,274.707,13753.4,94.5829,23.1957,0.267264,71.1199,63.6483,23.1887,0.0718272,40.3878,158.231,0,0,0
700,5,1,697,1,1,1,4322.44,18636.6,292.795,46.3844,0.482746,198.86,15097.3,55.0073,23.1957,0.267264,31.5443,90.4406,23.1887,0.0718272,67.1801,145.448,0,0,0
700,5,1,698,1,1,1,4322.92,18640.5,238.601,46.3844,0.482746,144.509,16064.8,71.6222,23.1957,0.267264,48.1593,37.5744,23.1887,0.0718272,14.3139,109.197,0,0,0
700,5,1,699,1,1,1,4322.22,18639,366.957,46.3844,0.482746,273.238,13780.9,66.2295,23.1957,0.267264,42.7665,95.7196,23.1887,0.0718272,72.4591,161.949,0,0,0
700,5,1,700,1,1,1,4322.77,18641,398.761,46.3844,0.482746,305.134,13217.4,95.4998,23.1957,0.267264,72.0368,89.0112,23.1887,0.0718272,65.7507,184.511,0,0,0
