N,seed,dutyCycle,devId,registered,authSuccess,attempts,latencyMs,e2eMs,fullEnergyMJ,fullCpuEnergyMJ,fullTxEnergyMJ,fullRxEnergyMJ,idleListeningMs,regEnergyMJ,regCpuEnergyMJ,regTxEnergyMJ,regRxEnergyMJ,authEnergyMJ,authCpuEnergyMJ,authTxEnergyMJ,authRxEnergyMJ,sessionEnergyMJ,fallbackUsed,replayRejected,desync
700,1,1,1,1,1,1,4316.3,18668.7,340.095,46.3844,0.678182,246.103,14287.8,100.552,23.1957,0.462701,76.8935,65.8466,23.1887,0.0718272,42.5861,166.398,0,0,0
700,1,1,2,1,1,1,4325.58,18646.8,405.08,46.3844,0.6264,311.328,13110.4,86.8602,23.1957,0.267264,63.3972,102.246,23.1887,0.0718272,78.9853,189.106,0,0,0
700,1,1,3,1,1,1,4319.85,18684.2,391.628,46.3844,0.943776,297.519,13386,91.0174,23.1957,0.728294,67.0934,94.3317,23.1887,0.0718272,71.0712,185.349,0,0,0
700,1,1,4,1,1,1,4316.94,18635.1,276.818,46.3844,0.482746,182.837,15379.8,57.3246,23.1957,0.267264,33.8617,85.25,23.1887,0.0718272,61.9895,142.575,0,0,0
700,1,1,5,1,1,1,4318.98,18633.5,391.042,46.3844,0.482746,297.393,13347.1,88.286,23.1957,0.267264,64.823,91.4783,23.1887,0.0718272,68.2178,179.764,0,0,0
700,1,1,6,1,1,1,4319.5,18657.3,299.959,46.3844,0.482746,206.045,14990.6,93.6769,23.1957,0.267264,70.2139,58.5028,23.1887,0.0718272,35.2423,152.18,0,0,0
700,1,1,7,0,0,0,-1,-1,534.919,23.206,0.71159,464.001,260127,-1,-1,-1,-1,-1,-1,-1,-1,-1,0,0,0
700,1,1,8,1,1,1,4335.24,18671.5,413.642,46.3844,0.517824,320.024,12983.1,99.583,23.1957,0.302342,76.085,96.095,23.1887,0.0718272,72.8345,195.678,0,0,0
700,1,1,9,1,1,1,4318.54,18678.5,384.68,52.1883,0.731635,285.119,13604.4,86.062,28.9996,0.516154,56.5462,94.1512,23.1887,0.0718272,70.8907,180.213,0,0,0
700,1,1,10,1,1,1,4316.94,18649,321.654,46.3844,0.482746,227.804,14596.5,61.6652,23.1957,0.267264,38.2022,90.6969,23.1887,0.0718272,67.4364,152.362,0,0,0
700,1,1,11,1,1,1,4317.9,24636.2,400.166,52.1883,0.696557,300.685,19287,207.839,28.9996,0.481075,178.067,53.8717,23.1887,0.0718272,30.6112,261.711,0,0,0
700,1,1,12,1,1,1,4337.22,18661.8,412.48,46.3844,0.6264,318.749,12993.9,98.0878,23.1957,0.267264,74.6249,96.16,23.1887,0.0718272,72.8995,194.248,0,0,0
700,1,1,13,1,1,1,4319.18,18633.7,332.529,46.3844,0.482746,238.71,14387.8,102.795,23.1957,0.267264,79.3318,63.8721,23.1887,0.0718272,40.6116,166.667,0,0,0
700,1,1,14,1,1,1,4356.74,18680,394.124,46.3844,0.805133,300.162,13337.8,90.9019,23.1957,0.302342,67.4039,92.5125,23.1887,0.0718272,69.252,183.414,0,0,0
700,1,1,15,1,1,1,4340.47,18709,391.214,46.3844,0.517824,297.53,13419.4,96.7801,23.1957,0.302342,73.2821,78.7238,23.1887,0.0718272,55.4633,175.504,0,0,0
700,1,1,16,1,1,1,4366.58,18707.3,415.233,46.3844,0.713261,321.424,12990.1,103.467,23.1957,0.462701,79.8083,97.3574,23.1887,0.106906,74.0618,200.824,0,0,0
700,1,1,17,1,1,1,4316.94,18632.7,406.887,46.3844,0.482746,313.284,13064.6,96.4003,23.1957,0.267264,72.9374,92.0811,23.1887,0.0718272,68.8206,188.481,0,0,0
700,1,1,18,1,1,1,4317.26,18638.1,256.013,46.3844,0.482746,161.972,15752.9,73.779,23.1957,0.267264,50.316,40.1516,23.1887,0.0718272,16.8911,113.931,0,0,0
700,1,1,19,1,1,1,4334.7,18653.7,352.403,46.3844,0.6264,258.498,14054,101.638,23.1957,0.267264,78.1749,65.7708,23.1887,0.0718272,42.5103,167.409,0,0,0
700,1,1,20,1,1,1,4315.98,18646.3,409.941,46.3844,0.482746,316.347,13023.8,97.1836,23.1957,0.267264,73.7207,98.3113,23.1887,0.0718272,75.0508,195.495,0,0,0
700,1,1,21,1,1,1,4317.26,18635.1,280.545,46.3844,0.482746,186.575,15313.6,89.0223,23.1957,0.267264,65.5594,51.5002,23.1887,0.0718272,28.2397,140.523,0,0,0
700,1,1,22,1,1,1,4323.78,18639.2,414.647,46.3844,0.482746,321.067,12933.1,99.8024,23.1957,0.267264,76.3394,96.2556,23.1887,0.0718272,72.9951,196.058,0,0,0
700,1,1,23,1,1,1,4333,18653.6,340.104,46.3844,0.517824,246.272,14272.8,55.4657,23.1957,0.267264,32.0027,90.9088,23.1887,0.106906,67.6132,146.374,0,0,0
700,1,1,24,1,1,1,4316.62,18629.2,307.468,46.3844,0.482746,213.576,14828.9,97.2522,23.1957,0.267264,73.7892,60.6596,23.1887,0.0718272,37.3991,157.912,0,0,0
700,1,1,25,1,1,1,4316.3,18628.9,282.343,46.3844,0.482746,188.378,15275.4,58.7667,23.1957,0.267264,35.3037,88.9083,23.1887,0.0718272,65.6478,147.675,0,0,0
700,1,1,26,1,1,1,4317.9,24667.4,489.111,52.1883,0.766714,389.819,17736.1,205.566,28.9996,0.551232,175.712,65.5686,23.1887,0.0718272,42.3081,271.134,0,0,0
700,1,1,27,1,1,1,4337.22,18658.4,295.968,46.3844,0.805133,201.721,15074.7,60.1112,23.1957,0.267264,36.6483,91.9772,23.1887,0.106906,68.6817,152.088,0,0,0
700,1,1,28,1,1,1,4347.43,18668.9,393.035,46.3844,0.6264,299.248,13346.7,90.4283,23.1957,0.267264,66.9653,91.0055,23.1887,0.0718272,67.745,181.434,0,0,0
700,1,1,29,1,1,1,4321.16,18634,312.658,46.3844,0.482746,218.781,14741.5,63.5313,23.1957,0.267264,40.0684,93.5358,23.1887,0.0718272,70.2753,157.067,0,0,0
700,1,1,30,1,1,1,4316.94,18631.4,321.331,46.3844,0.482746,227.479,14584.7,94.5847,23.1957,0.267264,71.1218,61.118,23.1887,0.0718272,37.8575,155.703,0,0,0
700,1,1,31,1,1,1,4318.86,18633.7,387.591,46.3844,0.482746,293.932,13408.7,92.2565,23.1957,0.267264,68.7936,100.917,23.1887,0.0718272,77.6569,193.174,0,0,0
700,1,1,32,1,1,1,4322.57,18646.6,339.672,46.3844,0.482746,245.873,14273.7,100.43,23.1957,0.267264,76.9675,65.7275,23.1887,0.0718272,42.4669,166.158,0,0,0
700,1,1,33,1,1,1,4352.87,18674,409.596,46.3844,0.552902,315.93,13057.3,95.5792,23.1957,0.267264,72.1162,99.4084,23.1887,0.141984,76.0777,194.988,0,0,0
700,1,1,34,1,1,1,4316.3,18656.3,340.135,46.3844,0.873619,245.947,14274.3,100.825,23.1957,0.658138,76.9711,65.9079,23.1887,0.0718272,42.6474,166.733,0,0,0
700,1,1,35,1,1,1,4315.66,24654.3,449.197,52.1883,0.696557,349.859,18433.3,207.034,28.9996,0.481075,177.257,65.6156,23.1887,0.0718272,42.355,272.65,0,0,0
700,1,1,36,1,1,1,4320.26,18635.1,359.303,46.3844,0.482746,265.562,13913.1,95.6748,23.1957,0.267264,72.2119,66.5775,23.1887,0.0718272,43.317,162.252,0,0,0
700,1,1,37,1,1,1,4317.26,18631.1,245.4,46.3844,0.482746,151.327,15934.6,65.7891,23.1957,0.267264,42.3262,36.4175,23.1887,0.0718272,13.157,102.207,0,0,0
700,1,1,38,1,1,1,4319.13,18633.6,392.606,46.3844,0.482746,298.962,13319.4,96.2343,23.1957,0.267264,72.7713,81.1043,23.1887,0.0718272,57.8438,177.339,0,0,0
700,1,1,39,1,1,1,4318.07,18644,391.107,46.3844,0.482746,297.458,13356.5,88.582,23.1957,0.267264,65.119,91.814,23.1887,0.0718272,68.5535,180.396,0,0,0
700,1,1,40,1,1,1,4316.55,18632.3,299.169,46.3844,0.482746,205.253,14979.7,60.9811,23.1957,0.267264,37.5182,92.5883,23.1887,0.0718272,69.3278,153.569,0,0,0
700,1,1,41,1,1,1,4319.59,18636.8,366.566,46.3844,0.6264,272.702,13785.3,74.1778,23.1957,0.267264,50.7149,88.8126,23.1887,0.0718272,65.5521,162.99,0,0,0
700,1,1,42,1,1,1,4321.86,18665.3,306.895,46.3844,0.517824,212.966,14875,97.5815,23.1957,0.302342,74.0834,60.5459,23.1887,0.0718272,37.2854,158.127,0,0,0
700,1,1,43,1,1,1,4317.26,18646.5,406.017,46.3844,0.50112,312.393,13093.6,91.2278,23.1957,0.267264,67.7648,101.026,23.1887,0.0902016,77.7472,192.254,0,0,0
700,1,1,44,1,1,1,4318.38,18651.8,274.947,46.3844,0.482746,180.96,15429.9,83.6982,23.1957,0.267264,60.2352,47.9393,23.1887,0.0718272,24.6788,131.638,0,0,0
700,1,1,45,1,1,1,4340.01,18717,376.943,46.3844,0.908698,282.827,13680.2,92.6139,23.1957,0.693216,68.725,65.8014,23.1887,0.0718272,42.5409,158.415,0,0,0
700,1,1,46,1,1,1,4318.54,18637.4,406.06,46.3844,0.482746,312.454,13084,92.6716,23.1957,0.267264,69.2087,99.5097,23.1887,0.0718272,76.2492,192.181,0,0,0
700,1,1,47,1,1,1,4318.93,18685.4,389.179,46.3844,0.517824,295.489,13431.9,92.2411,23.1957,0.302342,68.743,102.484,23.1887,0.0718272,79.2235,194.725,0,0,0
700,1,1,48,1,1,1,4322.76,18637.9,246.91,46.3844,0.517824,152.807,15914.2,67.3719,23.1957,0.267264,43.909,37.5012,23.1887,0.106906,14.2056,104.873,0,0,0
700,1,1,49,1,1,1,4321.35,18637,384.24,46.3844,0.482746,290.571,13471.6,82.5377,23.1957,0.267264,59.0747,98.8943,23.1887,0.0718272,75.6338,181.432,0,0,0
700,1,1,50,1,1,1,4319.94,18636.2,332.083,46.3844,0.482746,238.262,14398.2,101.715,23.1957,0.267264,78.2525,64.4587,23.1887,0.0718272,41.1982,166.174,0,0,0
700,1,1,51,1,1,1,4317.26,18635.4,409.752,46.3844,0.482746,316.158,13016.3,98.9902,23.1957,0.267264,75.5273,95.8261,23.1887,0.0718272,72.5656,194.816,0,0,0
700,1,1,52,1,1,1,4326.86,18642.3,312.361,46.3844,0.6264,218.339,14754.7,63.183,23.1957,0.267264,39.72,93.4293,23.1887,0.0718272,70.1688,156.612,0,0,0
700,1,1,53,1,1,1,4329.94,18657.9,389.828,46.3844,0.678182,295.98,13392.6,92.9302,23.1957,0.462701,69.2718,93.9347,23.1887,0.0718272,70.6742,186.865,0,0,0
700,1,1,54,1,1,1,4315.98,18631.3,334.084,46.3844,0.482746,240.269,14357.7,100.118,23.1957,0.267264,76.6553,64.2836,23.1887,0.0718272,41.0231,164.402,0,0,0
700,1,1,55,1,1,1,4326.22,24662.4,494.805,52.1883,0.696557,395.6,17630.3,192.069,28.9996,0.481075,162.248,93.5647,23.1887,0.0718272,70.3042,285.633,0,0,0
700,1,1,56,1,1,1,4315.66,18644.4,332.517,46.3844,0.50112,238.679,14398.5,100.512,23.1957,0.267264,77.0487,63.6342,23.1887,0.0902016,40.3553,164.146,0,0,0
700,1,1,57,1,0,0,-1,-1,437.379,69.5741,0.554573,321.24,12977.7,-1,-1,-1,-1,-1,-1,-1,-1,-1,1,0,0
700,1,1,58,1,1,1,4315.34,18628.5,271.38,46.3844,0.482746,177.383,15470,55.9909,23.1957,0.267264,32.5279,83.687,23.1887,0.0718272,60.4265,139.678,0,0,0
700,1,1,59,1,1,1,4321.19,18652,358.154,46.3844,0.517824,264.374,13950.2,98.4514,23.1957,0.302342,74.9533,66.6551,23.1887,0.0718272,43.3946,165.107,0,0,0
700,1,1,60,1,1,1,4320.2,18669.2,386.05,46.3844,0.482746,292.387,13471.7,94.7887,23.1957,0.267264,71.3257,71.4523,23.1887,0.0718272,48.1918,166.241,0,0,0
700,1,1,61,1,1,1,4318.86,18672,277.097,46.3844,0.482746,183.117,15411.8,85.5445,23.1957,0.267264,62.0815,50.1105,23.1887,0.0718272,26.85,135.655,0,0,0
700,1,1,62,1,1,1,4320.97,18634.7,414.564,46.3844,0.552902,320.913,12929.6,99.8078,23.1957,0.267264,76.3448,96.2067,23.1887,0.141984,72.876,196.014,0,0,0
700,1,1,63,1,1,1,4351.24,18669.4,396.821,46.3844,0.517824,303.154,13280,90.8307,23.1957,0.267264,67.3678,93.2478,23.1887,0.106906,69.9522,184.079,0,0,0
700,1,1,64,1,1,1,4314.38,18634.9,246.938,46.3844,0.482746,152.87,15911,67.2384,23.1957,0.267264,43.7754,37.0041,23.1887,0.0718272,13.7436,104.242,0,0,0
700,1,1,65,1,1,1,4316.62,18639.8,409.557,46.3844,0.678182,315.766,13023.8,99.2344,23.1957,0.462701,75.576,95.5897,23.1887,0.0718272,72.3292,194.824,0,0,0
700,1,1,66,1,1,1,4316.62,18631.1,309.142,46.3844,0.482746,215.255,14801.1,96.4274,23.1957,0.267264,72.9645,62.0493,23.1887,0.0718272,38.7888,158.477,0,0,0
700,1,1,67,1,1,1,4316.94,18653.3,349.004,46.3844,0.482746,255.233,14114.5,102.248,23.1957,0.267264,78.7849,65.3376,23.1887,0.0718272,42.0771,167.586,0,0,0
700,1,1,68,1,1,1,4316.94,18641,409.274,46.3844,0.482746,315.678,13030.4,99.2916,23.1957,0.267264,75.8287,94.3696,23.1887,0.0718272,71.1091,193.661,0,0,0
700,1,1,69,1,1,1,4324.49,18662.8,260.594,46.3844,0.678182,166.37,15695.6,76.8459,23.1957,0.462701,53.1875,41.267,23.1887,0.0718272,18.0065,118.113,0,0,0
700,1,1,70,1,1,1,4316.62,18631.7,320.004,46.3844,0.482746,226.149,14608.6,59.9687,23.1957,0.267264,36.5057,90.0291,23.1887,0.0718272,66.7686,149.998,0,0,0
700,1,1,71,1,1,1,4346.16,18716.5,391.734,46.3844,0.678182,297.891,13417.4,97.0488,23.1957,0.462701,73.3904,78.8592,23.1887,0.0718272,55.5987,175.908,0,0,0
700,1,1,72,1,1,1,4332.98,18646.8,283.109,46.3844,0.517824,189.111,15279.5,58.5916,23.1957,0.267264,35.1286,89.4397,23.1887,0.106906,66.1441,148.031,0,0,0
700,1,1,73,1,1,1,4323.05,18648.3,295.049,46.3844,0.6264,200.977,15068.5,59.8856,23.1957,0.267264,36.4227,93.6567,23.1887,0.0718272,70.3962,153.542,0,0,0
700,1,1,74,1,1,1,4329.07,18645.5,340.68,46.3844,0.482746,246.884,14254.7,55.2184,23.1957,0.267264,31.7555,91.0127,23.1887,0.0718272,67.7522,146.231,0,0,0
700,1,1,75,1,1,1,4348.9,18735.1,391.079,46.3844,0.891994,297.021,13446.7,92.4138,23.1957,0.532858,68.6853,103.388,23.1887,0.0718272,80.1277,195.802,0,0,0
700,1,1,76,1,1,1,4330.1,18642.3,330.672,46.3844,0.482746,236.848,14429.5,53.6049,23.1957,0.267264,30.142,90.2402,23.1887,0.0718272,66.9797,143.845,0,0,0
700,1,1,77,1,1,1,4316.3,18674.1,377.303,46.3844,0.482746,283.613,13632.1,92.7781,23.1957,0.267264,69.3151,66.018,23.1887,0.0718272,42.7575,158.796,0,0,0
700,1,1,78,1,1,1,4329.55,18653.5,398.583,46.3844,0.587981,304.851,13232.3,91.3928,23.1957,0.302342,67.8948,95.4775,23.1887,0.141984,72.1469,186.87,0,0,0
700,1,1,79,1,1,1,4319.94,18641.2,379.969,46.3844,0.482746,286.288,13551.7,78.5292,23.1957,0.267264,55.0663,94.0375,23.1887,0.0718272,70.777,172.567,0,0,0
700,1,1,80,1,1,1,4321.67,18654.9,394.499,46.3844,0.482746,300.86,13307,94.7056,23.1957,0.267264,71.2427,94.1783,23.1887,0.0718272,70.9178,188.884,0,0,0
700,1,1,81,1,1,1,4323.77,18641,325.916,46.3844,0.482746,232.077,14512.7,54.5344,23.1957,0.267264,31.0714,88.4409,23.1887,0.0718272,65.1804,142.975,0,0,0
700,1,1,82,1,1,1,4319.18,18657.6,318.997,46.3844,0.678182,224.943,14651.9,98.0324,23.1957,0.462701,74.374,64.0977,23.1887,0.0718272,40.8372,162.13,0,0,0
700,1,1,83,1,1,1,4316.3,18630.5,320.17,46.3844,0.482746,226.315,14604.4,58.7703,23.1957,0.267264,35.3073,88.9318,23.1887,0.0718272,65.6713,147.702,0,0,0
700,1,1,84,1,1,1,4348.97,18669,326.038,46.3844,0.482746,232.2,14538.5,54.825,23.1957,0.267264,31.362,90.8485,23.1887,0.0718272,67.588,145.673,0,0,0
700,1,1,85,1,1,1,4328.73,18643.2,288.488,46.3844,0.482746,194.541,15180.5,59.3261,23.1957,0.267264,35.8632,92.2454,23.1887,0.0718272,68.9849,151.572,0,0,0
700,1,1,86,1,1,1,4317.26,18649.1,391.125,46.3844,0.482746,297.476,13361.2,94.933,23.1957,0.267264,71.4701,99.7245,23.1887,0.0718272,76.464,194.658,0,0,0
700,1,1,87,1,1,1,4324.58,18641,406.099,46.3844,0.482746,312.494,13086.9,93.2708,23.1957,0.267264,69.8079,99.923,23.1887,0.0718272,76.6625,193.194,0,0,0
700,1,1,88,1,1,1,4318.47,18632,328.23,46.3844,0.482746,234.398,14462.6,53.0924,23.1957,0.267264,29.6294,89.2693,23.1887,0.0718272,66.0088,142.362,0,0,0
700,1,1,89,1,0,0,-1,-1,714.117,23.1957,0.267264,644.175,268450,-1,-1,-1,-1,-1,-1,-1,-1,-1,0,0,0
700,1,1,90,1,1,1,4319.24,24671.1,461.864,52.1883,0.96215,362.297,18223.8,202.579,28.9996,0.746669,172.521,66.1678,23.1887,0.0718272,42.9073,268.747,0,0,0
700,1,1,91,1,1,1,4317.62,18645.1,384.873,46.3844,0.482746,291.206,13468.5,85.808,23.1957,0.267264,62.345,99.757,23.1887,0.0718272,76.4964,185.565,0,0,0
700,1,1,92,1,1,1,4318.02,18630.9,307.159,46.3844,0.482746,213.266,14836.2,61.2284,23.1957,0.267264,37.7654,94.1531,23.1887,0.0718272,70.8925,155.381,0,0,0
700,1,1,93,1,1,1,4314.06,18652,270.358,46.3844,0.482746,176.358,15511.6,79.1573,23.1957,0.267264,55.6943,44.503,23.1887,0.0718272,21.2425,123.66,0,0,0
700,1,1,94,1,1,1,4317.58,18637.8,309.99,46.3844,0.482746,216.105,14792.7,95.4763,23.1957,0.267264,72.0133,62.3056,23.1887,0.0718272,39.045,157.782,0,0,0
700,1,1,95,1,1,1,4338.91,18669.5,274.136,46.3844,0.517824,180.112,15461.7,82.5349,23.1957,0.302342,59.0368,47.7011,23.1887,0.0718272,24.4406,130.236,0,0,0
700,1,1,96,1,1,1,4315.34,24640.5,408.045,52.1883,0.731635,308.552,19150.9,207.164,28.9996,0.516154,177.354,55.57,23.1887,0.0718272,32.3095,262.734,0,0,0
700,1,1,97,1,1,1,4315.66,18629.8,307.89,46.3844,0.482746,213.999,14822.1,61.1688,23.1957,0.267264,37.7059,94.5501,23.1887,0.0718272,71.2896,155.719,0,0,0
700,1,1,98,1,1,1,4322.22,18676.6,402.011,46.3844,0.678182,308.198,13194.8,84.2455,23.1957,0.462701,60.5871,101.529,23.1887,0.0718272,78.2688,185.775,0,0,0
700,1,1,99,1,1,1,4313.74,18631.2,329.259,46.3844,0.482746,235.431,14443.4,53.798,23.1957,0.267264,30.3351,89.0816,23.1887,0.0718272,65.8211,142.88,0,0,0
700,1,1,100,1,1,1,4317.58,18668.5,403.014,46.3844,0.517824,309.364,13169,97.2079,23.1957,0.302342,73.7098,88.8361,23.1887,0.0718272,65.5756,186.044,0,0,0
700,1,1,101,1,1,1,4317.26,18639.7,303.313,46.3844,0.482746,209.409,14913.4,95.46,23.1957,0.267264,71.9971,59.6236,23.1887,0.0718272,36.3631,155.084,0,0,0
700,1,1,102,1,1,1,4320.84,24674.8,462.173,52.1883,0.83687,362.732,18222,203.099,28.9996,0.621389,173.167,66.6641,23.1887,0.0718272,43.4036,269.763,0,0,0
700,1,1,103,1,0,0,-1,-1,668.325,23.1957,0.693216,597.824,266338,-1,-1,-1,-1,-1,-1,-1,-1,-1,0,0,0
700,1,1,104,1,1,1,4317.58,18632.4,334.896,46.3844,0.482746,241.083,14344.4,99.6057,23.1957,0.267264,76.1427,64.7565,23.1887,0.0718272,41.496,164.362,0,0,0
700,1,1,105,1,1,2,10321.9,24681.7,509.006,69.5741,0.75001,392.88,17696.4,103.579,23.1957,0.497779,79.8859,192.407,46.3784,0.108576,145.92,295.986,1,0,0
700,1,1,106,1,1,1,4319.5,18661.6,389.031,46.3844,0.517824,295.341,13410.8,93.3763,23.1957,0.302342,69.8782,99.2588,23.1887,0.0718272,75.9983,192.635,0,0,0
700,1,1,107,1,1,1,4317.26,18643.4,389.428,46.3844,0.482746,295.774,13385.7,92.5182,23.1957,0.267264,69.0553,94.0628,23.1887,0.0718272,70.8023,186.581,0,0,0
700,1,1,108,1,1,1,4322.12,18648.7,413.103,46.3844,0.482746,319.518,12970,100.813,23.1957,0.267264,77.3501,97.7789,23.1887,0.0718272,74.5184,198.592,0,0,0
700,1,1,109,1,1,1,4325.77,18648.4,261.682,46.3844,0.482746,167.657,15662.4,76.9951,23.1957,0.267264,53.5322,42.6765,23.1887,0.0718272,19.416,119.672,0,0,0
700,1,1,110,1,1,1,4329.87,18644.7,271.225,46.3844,0.482746,177.228,15488.9,56.341,23.1957,0.267264,32.878,85.6615,23.1887,0.0718272,62.401,142.002,0,0,0
700,1,1,111,1,1,1,4316.62,18631.4,394.193,46.3844,0.482746,300.553,13289,90.264,23.1957,0.267264,66.8011,93.5972,23.1887,0.0718272,70.3367,183.861,0,0,0
700,1,1,112,1,1,1,4319.5,18631.4,325.434,46.3844,0.482746,231.594,14511.7,54.1301,23.1957,0.267264,30.6672,88.7332,23.1887,0.0718272,65.4727,142.863,0,0,0
700,1,1,113,1,1,1,4321.26,18637.8,334.998,46.3844,0.482746,241.186,14348,54.3593,23.1957,0.267264,30.8964,89.8612,23.1887,0.0718272,66.6007,144.221,0,0,0
700,1,1,114,1,1,1,4320.9,18656,405.401,46.3844,0.482746,311.794,13114.3,90.1269,23.1957,0.267264,66.6639,101.509,23.1887,0.0718272,78.2489,191.636,0,0,0
700,1,1,115,1,1,1,4327.21,18649.2,314.956,46.3844,0.6264,220.942,14715.4,63.4122,23.1957,0.267264,39.9492,92.0541,23.1887,0.0718272,68.7936,155.466,0,0,0
700,1,1,116,1,1,1,4317.9,18648.4,359.773,46.3844,0.482746,266.033,13918,94.5721,23.1957,0.267264,71.1091,66.6389,23.1887,0.0718272,43.3784,161.211,0,0,0
700,1,1,117,1,1,1,4321.03,18643.5,261.623,46.3844,0.482746,167.597,15658.5,76.8381,23.1957,0.267264,53.3752,42.4401,23.1887,0.0718272,19.1796,119.278,0,0,0
700,1,1,118,1,1,1,4331.54,18647.6,272.368,46.3844,0.482746,178.374,15471.5,56.5702,23.1957,0.267264,33.1073,82.4616,23.1887,0.0718272,59.201,139.032,0,0,0
700,1,1,119,1,1,1,4327.43,18641.3,357.829,46.3844,0.482746,264.084,13945.5,68.4783,23.1957,0.267264,45.0153,85.943,23.1887,0.0718272,62.6825,154.421,0,0,0
700,1,1,120,1,1,1,4324.83,18651.6,410.625,46.3844,0.482746,317.033,13017,99.4414,23.1957,0.267264,75.9785,96.4939,23.1887,0.0718272,73.2334,195.935,0,0,0
700,1,1,121,1,1,1,4322.25,18649.3,295.82,46.3844,0.482746,201.894,15056.2,60.1022,23.1957,0.267264,36.6392,94.7793,23.1887,0.0718272,71.5188,154.882,0,0,0
700,1,1,122,1,1,1,4324.65,18708.8,390.21,46.3844,1.06906,295.973,13435.9,92.8699,23.1957,0.853574,68.8206,102.832,23.1887,0.0718272,79.5718,195.702,0,0,0
700,1,1,123,1,1,1,4337.33,18650.5,390.002,46.3844,0.482746,296.35,13382.7,89.2497,23.1957,0.267264,65.7868,91.8339,23.1887,0.0718272,68.5734,181.084,0,0,0
700,1,1,124,1,1,1,4327.6,18647.7,316.123,46.3844,0.678182,222.061,14693,63.4741,23.1957,0.462701,39.8157,92.7381,23.1887,0.0718272,69.4776,156.212,0,0,0
700,1,1,125,1,1,1,4318.15,18647.5,394.825,46.3844,0.482746,301.187,13293.9,85.6672,23.1957,0.267264,62.2042,94.0845,23.1887,0.0718272,70.824,179.752,0,0,0
700,1,1,126,1,1,1,4337.13,18651.9,388.459,46.3844,0.6264,294.659,13411.1,92.493,23.1957,0.267264,69.03,99.8039,23.1887,0.0718272,76.5434,192.297,0,0,0
700,1,1,127,1,1,1,4315.34,18632.4,353.489,46.3844,0.482746,259.731,14013.8,98.5679,23.1957,0.267264,75.1049,65.482,23.1887,0.0718272,42.2215,164.05,0,0,0
700,1,1,128,1,1,1,4318.22,18636.9,390.537,46.3844,0.482746,296.886,13359.5,90.4517,23.1957,0.267264,66.9888,95.2125,23.1887,0.0718272,71.952,185.664,0,0,0
700,1,1,129,1,1,1,4331.05,18643,359.162,46.3844,0.6264,265.277,13923.1,96.7469,23.1957,0.267264,73.2839,66.0108,23.1887,0.0718272,42.7503,162.758,0,0,0
700,1,1,130,1,1,1,4334.52,18649.8,395.462,46.3844,0.482746,301.826,13284.8,94.397,23.1957,0.267264,70.9341,94.5339,23.1887,0.0718272,71.2734,188.931,0,0,0
700,1,1,131,1,1,1,4319.29,18640.9,411.545,46.3844,0.482746,317.955,12990,98.2954,23.1957,0.267264,74.8324,95.8983,23.1887,0.0718272,72.6378,194.194,0,0,0
700,1,1,132,1,1,1,4325.91,18644.8,360.1,46.3844,0.482746,266.361,13908.6,94.3844,23.1957,0.267264,70.9214,67.0504,23.1887,0.0718272,43.7899,161.435,0,0,0
700,1,1,133,1,1,1,4318.66,18636.7,323.793,46.3844,0.517824,229.913,14546,56.8399,23.1957,0.302342,33.3419,89.4173,23.1887,0.0718272,66.1567,146.257,0,0,0
700,1,1,134,1,1,1,4317.9,18639.1,322.137,46.3844,0.482746,228.287,14578,95.5395,23.1957,0.267264,72.0765,62.0745,23.1887,0.0718272,38.814,157.614,0,0,0
700,1,1,135,1,1,1,4321.67,18659,360.415,46.3844,0.482746,266.677,13917.3,94.915,23.1957,0.267264,71.452,67.1839,23.1887,0.0718272,43.9234,162.099,0,0,0
700,1,1,136,1,1,1,4336.62,18650.5,360.238,46.3844,0.517824,266.464,13911.6,68.9638,23.1957,0.267264,45.5008,86.6675,23.1887,0.106906,63.3719,155.631,0,0,0
700,1,1,137,1,1,1,4316.3,18634.4,353.507,46.3844,0.482746,259.749,14015.5,98.4921,23.1957,0.267264,75.0291,65.6986,23.1887,0.0718272,42.4381,164.191,0,0,0
700,1,1,138,1,1,1,4315.98,18631.4,345.297,46.3844,0.482746,251.515,14158.5,60.4469,23.1957,0.267264,36.984,84.5732,23.1887,0.0718272,61.3127,145.02,0,0,0
700,1,1,139,1,1,1,4316.62,18638.3,305.82,46.3844,0.482746,211.923,14867.4,95.987,23.1957,0.267264,72.5241,60.4268,23.1887,0.0718272,37.1662,156.414,0,0,0
700,1,1,140,1,1,1,4332.81,18677.2,390.66,46.3844,0.517824,296.974,13397.4,96.3426,23.1957,0.267264,72.8796,78.8726,23.1887,0.106906,55.577,175.215,0,0,0
700,1,1,141,1,1,1,4322.57,18646.2,321.635,46.3844,0.517824,227.75,14593.8,57.9914,23.1957,0.302342,34.4933,87.5276,23.1887,0.0718272,64.2671,145.519,0,0,0
700,1,1,142,1,1,1,4320.46,18638.4,363.865,46.3844,0.482746,270.137,13835.3,95.2218,23.1957,0.267264,71.7588,68.9328,23.1887,0.0718272,45.6723,164.155,0,0,0
700,1,1,143,1,1,1,4319.69,18637.9,399.126,46.3844,0.482746,305.5,13207.8,90.3759,23.1957,0.267264,66.913,95.8965,23.1887,0.0718272,72.636,186.272,0,0,0
700,1,1,144,1,1,1,4334.6,18669.2,396.56,46.3844,0.519494,302.891,13284.3,90.6178,23.1957,0.267264,67.1548,95.547,23.1887,0.108576,72.2498,186.165,0,0,0
700,1,1,145,1,1,1,4315.98,18654.3,407.468,46.3844,0.873619,313.476,13074.9,94.6417,23.1957,0.658138,70.7879,92.6262,23.1887,0.0718272,69.3657,187.268,0,0,0
700,1,1,146,1,1,1,4315.98,18647.5,350.744,46.3844,0.6264,256.834,14081.3,100.815,23.1957,0.267264,77.3519,64.4839,23.1887,0.0718272,41.2234,165.299,0,0,0
700,1,1,147,1,1,1,4323.55,18651.6,362.091,46.3844,0.482746,268.358,13880,94.4476,23.1957,0.267264,70.9846,67.4619,23.1887,0.0718272,44.2014,161.909,0,0,0
700,1,1,148,1,1,1,4315.66,18660,285.117,46.3844,0.517824,191.125,15257,92.0046,23.1957,0.302342,68.5066,53.6353,23.1887,0.0718272,30.3748,145.64,0,0,0
700,1,1,149,1,1,1,4315.34,18633.8,302.361,46.3844,0.482746,208.454,14924.4,60.3603,23.1957,0.267264,36.8973,95.0302,23.1887,0.0718272,71.7697,155.39,0,0,0
700,1,1,150,1,1,1,4315.34,18631.7,334.801,46.3844,0.517824,240.953,14345.2,54.5316,23.1957,0.302342,31.0335,89.9027,23.1887,0.0718272,66.6422,144.434,0,0,0
700,1,1,151,1,1,1,4339.36,18709.8,398.289,46.3844,0.552902,304.591,13294.1,94.9238,23.1957,0.337421,71.3907,97.2988,23.1887,0.0718272,74.0383,192.223,0,0,0
700,1,1,152,1,1,1,4323.45,18657,405.172,46.3844,0.482746,311.564,13119.4,89.8886,23.1957,0.267264,66.4257,100.703,23.1887,0.0718272,77.4422,190.591,0,0,0
700,1,1,153,1,1,1,4316.62,18668.3,395.746,46.3844,0.482746,302.111,13298.3,95.7326,23.1957,0.267264,72.2696,94.0845,23.1887,0.0718272,70.824,189.817,0,0,0
700,1,1,154,1,1,1,4317.26,18644.3,283.203,46.3844,0.482746,189.24,15275.5,90.3416,23.1957,0.267264,66.8787,53.1426,23.1887,0.0718272,29.8821,143.484,0,0,0
700,1,1,155,1,1,1,4318.54,18650,393.922,46.3844,0.482746,300.281,13312.4,88.9772,23.1957,0.267264,65.5142,93.6351,23.1887,0.0718272,70.3746,182.612,0,0,0
700,1,1,156,1,1,1,4315.98,18634.4,397.519,46.3844,0.482746,303.889,13232.9,83.8895,23.1957,0.267264,60.4265,96.7086,23.1887,0.0718272,73.4481,180.598,0,0,0
700,1,1,157,1,1,1,4322.58,18638,368.207,46.3844,0.482746,274.492,13757.7,74.3331,23.1957,0.267264,50.8701,90.0489,23.1887,0.0718272,66.7884,164.382,0,0,0
700,1,1,158,1,1,1,4320.9,18647.4,391.431,46.3844,0.482746,297.783,13354.1,91.2007,23.1957,0.267264,67.7378,95.5085,23.1887,0.0718272,72.2479,186.709,0,0,0
700,1,1,159,1,1,1,4323.02,18649.9,348.392,46.3844,0.482746,254.619,14121.9,63.165,23.1957,0.267264,39.702,81.3372,23.1887,0.0718272,58.0767,144.502,0,0,0
700,1,1,160,1,1,1,4317.9,18642.1,341.914,46.3844,0.482746,248.122,14229.4,100.746,23.1957,0.267264,77.2833,66.2057,23.1887,0.0718272,42.9452,166.952,0,0,0
700,1,1,161,1,1,1,4333.96,18650.2,401.093,46.3844,0.552902,307.403,13184.7,97.4399,23.1957,0.267264,73.9769,88.1446,23.1887,0.141984,64.814,185.585,0,0,0
700,1,1,162,1,1,1,4324.78,18652.8,387.779,46.3844,0.552902,294.051,13424,92.5072,23.1957,0.337421,68.974,100.275,23.1887,0.0718272,77.0144,192.782,0,0,0
700,1,1,163,1,1,1,4318.73,18636.5,255.283,46.3844,0.482746,161.239,15764.3,73.1076,23.1957,0.267264,49.6446,40.0325,23.1887,0.0718272,16.772,113.14,0,0,0
700,1,1,164,1,1,1,4316.62,18639,376.412,46.3844,0.482746,282.72,13612.8,91.8089,23.1957,0.267264,68.346,64.0869,23.1887,0.0718272,40.8264,155.896,0,0,0
700,1,1,165,1,1,1,4337.99,18651.4,392.455,46.3844,0.482746,298.81,13339.9,90.4283,23.1957,0.267264,66.9653,91.2762,23.1887,0.0718272,68.0157,181.704,0,0,0
700,1,1,166,1,0,0,-1,-1,837.661,23.1957,0.267264,768.078,276977,-1,-1,-1,-1,-1,-1,-1,-1,-1,0,0,0
700,1,1,167,1,1,1,4317.93,18644.8,385.735,46.3844,0.482746,292.071,13452.8,94.6334,23.1957,0.267264,71.1705,71.9378,23.1887,0.0718272,48.6773,166.571,0,0,0
700,1,1,168,1,1,1,4318.22,18634.3,293.459,46.3844,0.482746,199.526,15083.2,60.1401,23.1957,0.267264,36.6771,95.3659,23.1887,0.0718272,72.1054,155.506,0,0,0
700,1,1,169,1,1,1,4317.58,18631.6,375.391,46.3844,0.482746,281.697,13623.5,92.2204,23.1957,0.267264,68.7575,62.4608,23.1887,0.0718272,39.2003,154.681,0,0,0
700,1,1,170,1,1,1,4321.74,18660.1,312.403,46.3844,0.482746,218.525,14772.1,95.9654,23.1957,0.267264,72.5024,63.0148,23.1887,0.0718272,39.7543,158.98,0,0,0
700,1,1,171,1,1,1,4331.46,18651.9,375.688,46.3844,0.482746,281.995,13638.6,76.5674,23.1957,0.267264,53.1044,93.1586,23.1887,0.0718272,69.8981,169.726,0,0,0
700,1,1,172,1,1,1,4332.78,18645.7,295.3,46.3844,0.482746,201.372,15061.8,60.4018,23.1957,0.267264,36.9388,92.7435,23.1887,0.0718272,69.483,153.145,0,0,0
700,1,1,173,1,1,1,4316.3,18631.4,289.584,46.3844,0.482746,195.64,15149.2,59.0969,23.1957,0.267264,35.634,92.4096,23.1887,0.0718272,69.1491,151.507,0,0,0
700,1,1,174,1,1,1,4321.62,18633.9,361.346,46.3844,0.482746,267.61,13875.6,69.9113,23.1957,0.267264,46.4483,86.2354,23.1887,0.0718272,62.9749,156.147,0,0,0
700,1,1,175,1,1,1,4337.88,18671.3,315.301,46.3844,0.587981,221.326,14731.1,96.3957,23.1957,0.302342,72.8977,64.9981,23.1887,0.141984,41.6674,161.394,0,0,0
700,1,1,176,1,1,1,4320.52,18639.6,274.562,46.3844,0.482746,180.574,15424.5,83.1369,23.1957,0.267264,59.6739,48.0567,23.1887,0.0718272,24.7961,131.194,0,0,0
700,1,1,177,1,1,1,4316.94,18634.2,411.102,46.3844,0.482746,317.511,12991.2,99.9233,23.1957,0.267264,76.4604,95.9669,23.1887,0.0718272,72.7064,195.89,0,0,0
700,1,1,178,0,0,0,-1,-1,515.673,23.206,0.551232,444.86,259377,-1,-1,-1,-1,-1,-1,-1,-1,-1,0,0,0
700,1,1,179,1,1,1,4320.78,18635.6,282.485,46.3844,0.482746,188.52,15279.6,89.9716,23.1957,0.267264,66.5087,52.103,23.1887,0.0718272,28.8425,142.075,0,0,0
700,1,1,180,1,1,1,4319.87,18639.6,305.826,46.3844,0.678182,211.734,14868.1,61.0539,23.1957,0.462701,37.3955,92.9998,23.1887,0.0718272,69.7393,154.054,0,0,0
700,1,1,181,1,1,1,4315.98,18634,346.385,46.3844,0.517824,252.571,14141.5,101.711,23.1957,0.302342,78.2128,63.8523,23.1887,0.0718272,40.5918,165.563,0,0,0
700,1,1,182,1,1,1,4316.94,18630.1,246.938,46.3844,0.482746,152.87,15906.2,67.002,23.1957,0.267264,43.539,37.2405,23.1887,0.0718272,13.98,104.242,0,0,0
700,1,1,183,1,1,1,4315.98,18636.7,387.387,46.3844,0.482746,293.728,13415.3,89.9157,23.1957,0.267264,66.4527,102.147,23.1887,0.0718272,78.886,192.062,0,0,0
700,1,1,184,1,1,1,4320.85,18651.1,404.3,46.3844,0.482746,310.689,13129,94.9024,23.1957,0.267264,71.4394,89.9804,23.1887,0.0718272,66.7198,184.883,0,0,0
700,1,1,185,1,1,1,4327.04,18659.5,385.555,46.3844,0.482746,291.89,13470.7,94.7327,23.1957,0.267264,71.2697,70.2016,23.1887,0.0718272,46.941,164.934,0,0,0
700,1,1,186,1,1,1,4319.79,18634.3,390.245,46.3844,0.482746,296.594,13362.1,90.4806,23.1957,0.267264,67.0176,93.4347,23.1887,0.0718272,70.1742,183.915,0,0,0
700,1,1,187,1,1,1,4339.53,18656.6,414.228,46.3844,0.770054,320.359,12957.1,100.234,23.1957,0.267264,76.7708,95.7593,23.1887,0.0718272,72.4988,195.993,0,0,0
700,1,1,188,1,1,1,4321.03,18639.9,404.39,46.3844,0.482746,310.779,13116.1,87.7247,23.1957,0.267264,64.2617,101.067,23.1887,0.0718272,77.8067,188.792,0,0,0
700,1,1,189,1,1,1,4323.32,18644.3,410.407,46.3844,0.482746,316.815,13013.6,99.0949,23.1957,0.267264,75.6319,96.5913,23.1887,0.0718272,73.3308,195.686,0,0,0
700,1,1,190,1,1,1,4320.9,18649.2,289.918,46.3844,0.517824,195.94,15160.7,59.3414,23.1957,0.302342,35.8433,92.1569,23.1887,0.0718272,68.8964,151.498,0,0,0
700,1,1,191,1,1,1,4332.35,18668.4,389.583,46.3844,0.482746,295.929,13407.9,92.4641,23.1957,0.267264,69.0011,93.6621,23.1887,0.0718272,70.4016,186.126,0,0,0
700,1,1,192,1,1,1,4326.53,18675.3,360.63,46.3844,0.482746,266.892,13929.8,95.0684,23.1957,0.267264,71.6054,67.2489,23.1887,0.0718272,43.9884,162.317,0,0,0
700,1,1,193,1,1,1,4317.26,18653.7,309.858,46.3844,0.482746,215.973,14811,63.1902,23.1957,0.267264,39.7273,94.0448,23.1887,0.0718272,70.7843,157.235,0,0,0
700,1,1,194,1,1,1,4346.95,18664.3,304.329,46.3844,0.517824,210.393,14919.6,60.3603,23.1957,0.267264,36.8973,94.2224,23.1887,0.106906,70.9268,154.583,0,0,0
700,1,1,195,1,1,1,4335.69,18650.5,406.611,46.3844,0.6264,312.864,13086.9,93.0055,23.1957,0.267264,69.5426,100.02,23.1887,0.0718272,76.7599,193.026,0,0,0
700,1,1,196,1,1,1,4324.46,18647.2,320.325,46.3844,0.482746,226.47,14618.3,59.3695,23.1957,0.267264,35.9065,90.2962,23.1887,0.0718272,67.0357,149.666,0,0,0
700,1,1,197,1,1,1,4328.07,18643.9,363.765,46.3844,0.517824,270.002,13842.4,95.0467,23.1957,0.267264,71.5838,68.93,23.1887,0.106906,45.6344,163.977,0,0,0
700,1,1,198,1,1,1,4323.33,18649.8,409.193,46.3844,0.482746,315.596,13040.7,95.6947,23.1957,0.267264,72.2317,94.0538,23.1887,0.0718272,70.7933,189.748,0,0,0
700,1,1,199,1,1,1,4327.43,18676.6,277.038,46.3844,0.482746,183.057,15417.5,85.3297,23.1957,0.267264,61.8667,50.2477,23.1887,0.0718272,26.9872,135.577,0,0,0
700,1,1,200,1,1,1,4317.58,18649.9,347.126,46.3844,0.482746,253.349,14144.5,101.057,23.1957,0.267264,77.5938,63.8739,23.1887,0.0718272,40.6134,164.931,0,0,0
700,1,1,201,1,1,1,4354.17,18678.8,319.841,46.3844,0.517824,225.95,14658.3,62.5954,23.1957,0.302342,39.0974,94.2198,23.1887,0.0718272,70.9593,156.815,0,0,0
700,1,1,202,1,1,1,4318.06,24665.3,485.903,52.1883,1.03231,386.335,17790,203.282,28.9996,0.816826,173.156,62.4409,23.1887,0.0718272,39.1804,265.723,0,0,0
700,1,1,203,1,1,1,4355.46,18693.2,389.995,46.3844,0.552902,296.272,13425,92.7149,23.1957,0.267264,69.252,93.8875,23.1887,0.141984,70.5569,186.602,0,0,0
700,1,1,204,1,1,1,4319.95,18635.5,321.962,46.3844,0.482746,228.112,14577.5,62.129,23.1957,0.267264,38.666,91.3628,23.1887,0.0718272,68.1023,153.492,0,0,0
700,1,1,205,1,1,1,4332.21,18670.3,283.362,46.3844,0.678182,189.204,15298.2,90.3837,23.1957,0.462701,66.7253,52.9062,23.1887,0.0718272,29.6456,143.29,0,0,0
700,1,1,206,1,1,1,4333.96,18665.1,391.691,46.3844,0.6264,297.9,13366.8,95.2832,23.1957,0.267264,71.8202,98.5911,23.1887,0.0718272,75.3305,193.874,0,0,0
700,1,1,207,1,1,1,4355.76,18693.3,405.952,46.3844,0.661478,312.167,13141.2,90.0041,23.1957,0.267264,66.5412,102.263,23.1887,0.106906,78.9672,192.267,0,0,0
700,1,1,208,1,1,1,4325.77,18645.5,370.554,46.3844,0.482746,276.845,13723.5,94.3898,23.1957,0.267264,70.9268,63.1123,23.1887,0.0718272,39.8518,157.502,0,0,0
700,1,1,209,1,1,1,4317.26,18676,350.076,46.3844,0.678182,256.112,14117.6,103.577,23.1957,0.462701,79.9183,65.6968,23.1887,0.0718272,42.4363,169.274,0,0,0
700,1,1,210,1,1,1,4318.54,18655.2,413.998,46.3844,0.482746,320.415,12960.6,103.176,23.1957,0.267264,79.7126,97.0299,23.1887,0.0718272,73.7694,200.205,0,0,0
700,1,1,211,1,1,1,4321.35,18642,292.358,46.3844,0.482746,198.422,15110.5,60.5444,23.1957,0.267264,37.0814,94.4021,23.1887,0.0718272,71.1416,154.946,0,0,0
700,1,1,212,1,1,1,4323.94,18663.7,405.28,46.3844,0.482746,311.673,13124.1,86.8187,23.1957,0.267264,63.3557,102.726,23.1887,0.0718272,79.4653,189.545,0,0,0
700,1,1,213,1,1,1,4323.54,18638.7,320.326,46.3844,0.482746,226.472,14609.8,59.6167,23.1957,0.267264,36.1538,88.1467,23.1887,0.0718272,64.8862,147.763,0,0,0
700,1,1,214,1,1,1,4317.7,24636.9,434.126,52.1883,0.696557,334.743,18683.8,206.228,28.9996,0.481075,176.452,63.1719,23.1887,0.0718272,39.9113,269.4,0,0,0
700,1,1,215,1,1,1,4327.56,18647.3,397.06,46.3844,0.482746,303.428,13253.9,93.7888,23.1957,0.267264,70.3258,96.705,23.1887,0.0718272,73.4445,190.494,0,0,0
700,1,1,216,1,1,1,4317.26,18633.8,391.753,46.3844,0.482746,298.106,13334.8,89.8417,23.1957,0.267264,66.3787,91.4152,23.1887,0.0718272,68.1547,181.257,0,0,0
700,1,1,217,1,1,1,4320.62,18638.2,391.229,46.3844,0.482746,297.581,13348.5,94.9385,23.1957,0.267264,71.4755,98.4828,23.1887,0.0718272,75.2223,193.421,0,0,0
700,1,1,218,1,1,1,4357.25,18729.3,395.456,46.3844,0.517824,301.784,13364.3,93.9809,23.1957,0.302342,70.4829,96.3423,23.1887,0.0718272,73.0818,190.323,0,0,0
700,1,1,219,1,1,1,4352.11,18665.3,404.667,46.3844,0.482746,311.057,13136.7,85.9415,23.1957,0.267264,62.4786,101.768,23.1887,0.0718272,78.507,187.709,0,0,0
700,1,1,220,1,1,1,4315.66,18631.4,292.269,46.3844,0.482746,198.333,15101.4,60.3693,23.1957,0.267264,36.9064,94.8804,23.1887,0.0718272,71.6199,155.25,0,0,0
700,1,1,221,1,1,1,4321.93,18655.5,414.954,46.3844,0.873619,320.984,12943,103.153,23.1957,0.658138,79.2993,97.4071,23.1887,0.0718272,74.1466,200.56,0,0,0
700,1,1,222,1,1,1,4317.75,18636.8,308.656,46.3844,0.482746,214.768,14815.5,96.2993,23.1957,0.267264,72.8363,62.0691,23.1887,0.0718272,38.8086,158.368,0,0,0
700,1,1,223,1,1,1,4322.53,18654.2,358.121,46.3844,0.552902,264.306,13952.7,98.4089,23.1957,0.337421,74.8757,66.9529,23.1887,0.0718272,43.6924,165.362,0,0,0
700,1,1,224,1,1,1,4316.3,18633.8,264.923,46.3844,0.482746,170.907,15590.1,77.7766,23.1957,0.267264,54.3137,43.3822,23.1887,0.0718272,20.1217,121.159,0,0,0
700,1,1,225,1,1,1,4343.44,18665.6,374.914,46.3844,0.482746,281.219,13666,76.9843,23.1957,0.267264,53.5213,93.9563,23.1887,0.0718272,70.6958,170.941,0,0,0
700,1,1,226,1,1,1,4318.22,18644.9,345.228,46.3844,0.517824,251.41,14173,101.866,23.1957,0.302342,78.368,65.1463,23.1887,0.0718272,41.8858,167.012,0,0,0
700,1,1,227,1,1,1,4315.98,18635,360.567,46.3844,0.482746,266.829,13890.6,94.8302,23.1957,0.267264,71.3672,66.4638,23.1887,0.0718272,43.2033,161.294,0,0,0
700,1,1,228,1,1,1,4316.3,18638.6,308.144,46.3844,0.678182,214.058,14825.9,61.3228,23.1957,0.462701,37.6644,94.5086,23.1887,0.0718272,71.2481,155.831,0,0,0
700,1,1,229,1,1,1,4319.48,18660.5,349.8,46.3844,0.678182,255.836,14107,101.992,23.1957,0.462701,78.3337,65.2726,23.1887,0.0718272,42.0121,167.265,0,0,0
700,1,1,230,1,1,1,4319.62,18641.3,390.483,46.3844,0.482746,296.832,13364.9,94.222,23.1957,0.267264,70.759,96.0318,23.1887,0.0718272,72.7713,190.254,0,0,0
700,1,1,231,1,1,1,4316.3,18629.8,354.686,46.3844,0.482746,260.931,13990,66.8522,23.1957,0.267264,43.3892,83.9758,23.1887,0.0718272,60.7153,150.828,0,0,0
700,1,1,232,1,1,1,4316.94,18638,311.061,46.3844,0.517824,217.145,14773.6,96.107,23.1957,0.302342,72.6089,63.0148,23.1887,0.0718272,39.7543,159.122,0,0,0
700,1,1,233,1,1,2,10319.3,24644,343.898,69.5741,0.519494,227.522,20595.4,96.209,23.1957,0.267264,72.7461,99.6343,46.3784,0.108576,53.0196,195.843,1,0,0
700,1,1,234,1,1,1,4317.96,24642,410.569,52.1883,1.3881,310.427,19105.7,208.739,28.9996,1.13754,178.312,56.706,23.1887,0.106906,33.4105,265.445,0,0,0
700,1,1,235,1,1,1,4337.8,18657.7,359.523,46.3844,0.482746,265.782,13931.8,69.2562,23.1957,0.267264,45.7932,87.2804,23.1887,0.0718272,64.0199,156.537,0,0,0
700,1,1,236,1,1,1,4314.7,18676.5,338.713,46.3844,0.517824,244.877,14320.4,100.213,23.1957,0.302342,76.7148,66.1353,23.1887,0.0718272,42.8748,166.348,0,0,0
700,1,1,237,1,1,1,4320.12,18635.9,328.615,46.3844,0.482746,234.785,14459.6,99.5443,23.1957,0.267264,76.0813,62.8741,23.1887,0.0718272,39.6136,162.418,0,0,0
700,1,1,238,1,1,1,4323.91,18636.5,308.793,46.3844,0.482746,214.905,14812.7,61.1255,23.1957,0.267264,37.6626,94.9652,23.1887,0.0718272,71.7047,156.091,0,0,0
700,1,1,239,1,1,1,4317.58,18649.4,393.653,46.3844,0.482746,300.012,13316.6,90.4066,23.1957,0.267264,66.9436,93.626,23.1887,0.0718272,70.3655,184.033,0,0,0
700,1,1,240,1,1,1,4319.62,18648.7,323.52,46.3844,0.517824,229.639,14562.8,97.1212,23.1957,0.302342,73.6232,63.6194,23.1887,0.0718272,40.3589,160.741,0,0,0
700,1,1,241,1,1,1,4321.48,18637.2,305.31,46.3844,0.517824,211.376,14875.1,96.2289,23.1957,0.267264,72.7659,60.09,23.1887,0.106906,36.7945,156.319,0,0,0
700,1,1,242,1,1,1,4322.25,18659.8,413.853,46.3844,0.517824,320.235,12967.6,103.299,23.1957,0.302342,79.801,96.9992,23.1887,0.0718272,73.7387,200.298,0,0,0
700,1,1,243,1,1,1,4342.39,18655.5,395.179,46.3844,0.6264,301.398,13295.2,85.3189,23.1957,0.267264,61.8559,94.3678,23.1887,0.0718272,71.1073,179.687,0,0,0
700,1,1,244,1,1,1,4313.1,18658.5,323.972,46.3844,0.482746,230.128,14564.7,96.9905,23.1957,0.267264,73.5276,62.311,23.1887,0.0718272,39.0505,159.301,0,0,0
700,1,1,245,1,1,1,4322.29,18650.7,414.35,46.3844,0.482746,320.769,12949.9,100.68,23.1957,0.267264,77.2166,97.0859,23.1887,0.0718272,73.8253,197.765,0,0,0
700,1,1,246,1,1,1,4316.94,18644.5,345.546,46.3844,0.482746,251.764,14167.1,59.8098,23.1957,0.267264,36.3469,84.6345,23.1887,0.0718272,61.374,144.444,0,0,0
700,1,1,247,1,1,1,4328.68,18653.7,381.651,46.3844,0.6264,287.831,13533.9,82.7344,23.1957,0.267264,59.2714,94.8479,23.1887,0.0718272,71.5874,177.582,0,0,0
700,1,1,248,1,1,1,4326.62,18639.5,390.037,46.3844,0.6264,296.242,13370.6,93.0994,23.1957,0.267264,69.6364,100.367,23.1887,0.0718272,77.1065,193.466,0,0,0
700,1,1,249,1,1,1,4319.88,18640.8,310.844,46.3844,0.482746,216.962,14780.5,95.4564,23.1957,0.267264,71.9935,63.1321,23.1887,0.0718272,39.8716,158.589,0,0,0
700,1,1,250,1,1,1,4326.44,18638,364.721,46.3844,0.6264,270.852,13819.3,95.8824,23.1957,0.267264,72.4194,68.9238,23.1887,0.0718272,45.6632,164.806,0,0,0
700,1,1,251,1,1,1,4333.51,18649,315.297,46.3844,0.770054,221.14,14708.7,63.414,23.1957,0.267264,39.9511,91.9133,23.1887,0.0718272,68.6528,155.327,0,0,0
700,1,1,252,1,1,1,4331.67,18645.5,398.648,46.3844,0.517824,304.986,13223.7,94.1913,23.1957,0.267264,70.7283,97.1408,23.1887,0.106906,73.8452,191.332,0,0,0
700,1,1,253,1,1,1,4319.5,18635.4,393.547,46.3844,0.482746,299.905,13304.5,93.7708,23.1957,0.267264,70.3078,94.9472,23.1887,0.0718272,71.6867,188.718,0,0,0
700,1,1,254,1,1,1,4315.98,24639.8,503.463,52.1883,0.536198,404.443,17453.9,192.31,28.9996,0.320717,162.652,95.6564,23.1887,0.0718272,72.3959,287.966,0,0,0
700,1,1,255,1,0,0,-1,-1,705.576,23.1957,0.267264,635.609,268107,-1,-1,-1,-1,-1,-1,-1,-1,-1,0,0,0
700,1,1,256,1,1,1,4330.34,18643.6,404.875,46.3844,0.482746,311.267,13111.2,86.4018,23.1957,0.267264,62.9388,103.022,23.1887,0.0718272,79.7613,189.424,0,0,0
700,1,1,257,1,1,1,4330.31,18647,399.348,46.3844,0.517824,305.688,13212.7,90.494,23.1957,0.302342,66.996,96.3639,23.1887,0.0718272,73.1034,186.858,0,0,0
700,1,1,258,1,1,1,4316.3,18636.2,394.569,46.3844,0.482746,300.931,13287.1,87.4738,23.1957,0.267264,64.0108,94.5537,23.1887,0.0718272,71.2932,182.028,0,0,0
700,1,1,259,1,1,1,4319.18,18672.1,338.911,46.3844,0.517824,245.076,14312.5,100.586,23.1957,0.302342,77.0884,66.3718,23.1887,0.0718272,43.1113,166.958,0,0,0
700,1,1,260,1,1,1,4325.32,18662.7,405.244,46.3844,0.482746,311.637,13123.8,89.7154,23.1957,0.267264,66.2524,102.006,23.1887,0.0718272,78.7452,191.721,0,0,0
700,1,1,261,1,1,1,4316.02,18631.9,350.354,46.3844,0.482746,256.587,14069.1,101.766,23.1957,0.267264,78.3031,65.547,23.1887,0.0718272,42.2865,167.313,0,0,0
700,1,1,262,1,1,1,4338.16,18662.5,310.084,46.3844,0.517824,216.165,14815.5,62.6622,23.1957,0.302342,39.1642,94.117,23.1887,0.0718272,70.8564,156.779,0,0,0
700,1,1,263,1,1,1,4340.36,18657.4,271.973,46.3844,0.517824,177.942,15488.1,80.3503,23.1957,0.267264,56.8873,45.4585,23.1887,0.106906,22.1629,125.809,0,0,0
700,1,1,264,1,1,1,4335.92,18705.4,397.341,46.3844,0.482746,303.71,13307.1,90.7567,23.1957,0.267264,67.2938,95.4489,23.1887,0.0718272,72.1884,186.206,0,0,0
700,1,1,265,1,1,1,4320.07,18702.2,247.6,46.3844,0.482746,153.534,15966.5,69.4475,23.1957,0.267264,45.9845,37.2188,23.1887,0.0718272,13.9583,106.666,0,0,0
700,1,1,266,1,1,1,4319.19,18635.2,393.038,46.3844,0.482746,299.395,13313.4,87.7265,23.1957,0.267264,64.2635,93.8174,23.1887,0.0718272,70.5569,181.544,0,0,0
700,1,1,267,1,1,1,4315.37,18637.3,332.463,46.3844,0.517824,238.609,14392.3,54.5893,23.1957,0.302342,31.0913,90.6211,23.1887,0.0718272,67.3606,145.21,0,0,0
700,1,1,268,1,1,1,4326.15,18668.6,324.903,46.3844,0.482746,231.061,14558.3,98.3207,23.1957,0.267264,74.8577,62.0745,23.1887,0.0718272,38.814,160.395,0,0,0
700,1,1,269,1,1,1,4326.89,18689.4,397.071,46.3844,0.678182,303.244,13295.4,90.8096,23.1957,0.462701,67.1512,95.4489,23.1887,0.0718272,72.1884,186.258,0,0,0
700,1,1,270,1,1,1,4342.09,18669.3,378.665,46.3844,0.587981,284.875,13602.3,79.0255,23.1957,0.267264,55.5626,93.7728,23.1887,0.177062,70.4071,172.798,0,0,0
700,1,1,271,1,1,1,4328.57,24644.7,482.707,52.1883,0.696557,383.466,17827.7,183.424,28.9996,0.481075,153.581,96.0625,23.1887,0.0718272,72.802,279.486,0,0,0
700,1,1,272,1,1,1,4323.63,18646.3,285.402,46.3844,0.482746,191.446,15238.4,59.9795,23.1957,0.267264,36.5165,90.2547,23.1887,0.0718272,66.9942,150.234,0,0,0
700,1,1,273,1,1,1,4319.94,18644.5,251.542,46.3844,0.482746,157.487,15838.8,70.8588,23.1957,0.267264,47.3959,38.3306,23.1887,0.0718272,15.0701,109.189,0,0,0
700,1,1,274,1,1,1,4323.59,18672.7,349.799,46.3844,0.552902,255.96,14119.2,103.3,23.1957,0.337421,79.7667,65.6877,23.1887,0.0718272,42.4272,168.988,0,0,0
700,1,1,275,1,1,1,4323.27,18661.3,386.918,46.3844,0.482746,293.257,13448.3,89.4049,23.1957,0.267264,65.942,102.484,23.1887,0.0718272,79.2235,191.889,0,0,0
700,1,1,276,1,1,1,4321.1,18635.9,318.867,46.3844,0.482746,225.008,14633,63.3906,23.1957,0.267264,39.9276,93.8156,23.1887,0.0718272,70.555,157.206,0,0,0
700,1,1,277,1,1,1,4317.58,18635.4,360.916,46.3844,0.482746,267.179,13884.7,94.7381,23.1957,0.267264,71.2752,66.9367,23.1887,0.0718272,43.6762,161.675,0,0,0
700,1,1,278,1,1,1,4317.9,18636.6,381.406,46.3844,0.482746,287.728,13521.6,81.527,23.1957,0.267264,58.064,93.9617,23.1887,0.0718272,70.7012,175.489,0,0,0
700,1,1,279,1,1,1,4344.1,18657.9,360.009,46.3844,0.50112,266.251,13923.2,69.0811,23.1957,0.267264,45.6181,87.0371,23.1887,0.0902016,63.7582,156.118,0,0,0
700,1,1,280,1,1,1,4324.1,18653.6,378.921,46.3844,0.517824,285.202,13582.6,93.0298,23.1957,0.302342,69.5317,64.4641,23.1887,0.0718272,41.2036,157.494,0,0,0
700,1,1,281,1,1,1,4329.77,18646.6,321.332,46.3844,0.6264,227.336,14599.4,94.3555,23.1957,0.267264,70.8925,61.0729,23.1887,0.0718272,37.8124,155.428,0,0,0
700,1,1,282,1,1,1,4317.58,18631.4,334.583,46.3844,0.482746,240.769,14349,54.7095,23.1957,0.267264,31.2465,90.4893,23.1887,0.0718272,67.2288,145.199,0,0,0
700,1,1,283,1,1,1,4339.08,18653.6,348.851,46.3844,0.482746,255.08,14117.4,64.1504,23.1957,0.267264,40.6874,81.348,23.1887,0.0718272,58.0875,145.498,0,0,0
700,1,1,284,1,1,1,4316.94,18634.4,307.085,46.3844,0.482746,213.192,14840.9,97.0031,23.1957,0.267264,73.5402,60.1344,23.1887,0.0718272,36.8739,157.138,0,0,0
700,1,1,285,1,1,1,4319.84,18646.4,363.457,46.3844,0.482746,269.727,13850.5,94.4818,23.1957,0.267264,71.0189,68.0286,23.1887,0.0718272,44.7681,162.51,0,0,0
700,1,1,286,1,1,1,4334.18,18677.2,352.067,46.3844,0.552902,258.234,14083.4,102.181,23.1957,0.267264,78.7182,66.4834,23.1887,0.141984,43.1528,168.665,0,0,0
700,1,1,287,1,1,1,4322.89,18642.8,359.665,46.3844,0.482746,265.925,13914.4,69.2562,23.1957,0.267264,45.7932,87.2028,23.1887,0.0718272,63.9423,156.459,0,0,0
700,1,1,288,1,1,1,4319.92,18647.3,255.303,46.3844,0.482746,161.259,15774.6,72.9289,23.1957,0.267264,49.466,39.9152,23.1887,0.0718272,16.6547,112.844,0,0,0
700,1,1,289,1,1,1,4318.54,18633,343.249,46.3844,0.482746,249.461,14196.5,56.4655,23.1957,0.267264,33.0026,86.7281,23.1887,0.0718272,63.4676,143.194,0,0,0
700,1,1,290,1,1,1,4317.83,18639.7,370.554,46.3844,0.482746,276.845,13717.6,94.3339,23.1957,0.267264,70.8709,62.995,23.1887,0.0718272,39.7345,157.329,0,0,0
700,1,1,291,1,1,1,4318.54,24638.3,281.398,52.1883,0.696557,181.572,21401.1,144.712,28.9996,0.481075,114.756,24.2947,23.1887,0.0718272,1.03415,169.007,0,0,0
700,1,1,292,1,1,1,4351.52,18708.9,390.011,46.3844,0.482746,296.359,13440.8,96.8191,23.1957,0.267264,73.3561,77.9279,23.1887,0.0718272,54.6674,174.747,0,0,0
700,1,1,293,1,1,1,4317,18650.5,409.993,46.3844,0.482746,316.399,13027.1,96.7775,23.1957,0.267264,73.3146,94.5194,23.1887,0.0718272,71.2589,191.297,0,0,0
700,1,1,294,1,1,1,4317.13,18657.5,349.766,46.3844,0.873619,255.607,14104.1,103.386,23.1957,0.658138,79.5321,65.3376,23.1887,0.0718272,42.0771,168.724,0,0,0
700,1,1,295,1,1,1,4315.02,18627.9,390.027,46.3844,0.482746,296.375,13359.6,94.4349,23.1957,0.267264,70.972,95.8369,23.1887,0.0718272,72.5764,190.272,0,0,0
700,1,1,296,1,1,1,4315.98,18631.4,331.903,46.3844,0.482746,238.082,14396.7,54.5344,23.1957,0.267264,31.0714,90.4658,23.1887,0.0718272,67.2053,145,0,0,0
700,1,1,297,1,1,1,4320.62,18640.5,358.843,46.3844,0.482746,265.1,13926.7,69.4312,23.1957,0.267264,45.9683,86.7516,23.1887,0.0718272,63.4911,156.183,0,0,0
700,1,1,298,1,1,1,4320.26,18636.4,292.25,46.3844,0.482746,198.313,15106.7,60.3711,23.1957,0.267264,36.9082,94.9742,23.1887,0.0718272,71.7137,155.345,0,0,0
700,1,1,299,1,1,1,4329.79,18662,351.211,46.3844,0.482746,257.446,14084,102.14,23.1957,0.267264,78.6766,66.018,23.1887,0.0718272,42.7575,168.158,0,0,0
700,1,1,300,1,1,1,4319.18,18633,308.032,46.3844,0.482746,214.141,14822.8,97.014,23.1957,0.267264,73.551,61.4212,23.1887,0.0718272,38.1607,158.435,0,0,0
700,1,1,301,1,1,1,4330.87,18651.3,395.147,46.3844,0.482746,301.51,13292,86.0372,23.1957,0.267264,62.5742,94.3931,23.1887,0.0718272,71.1326,180.43,0,0,0
700,1,1,302,1,1,1,4322.92,18634.2,391.739,46.3844,0.482746,298.092,13335.5,95.7669,23.1957,0.267264,72.3039,98.638,23.1887,0.0718272,75.3775,194.405,0,0,0
700,1,1,303,1,1,1,4315.34,18629.4,352.278,46.3844,0.482746,258.516,14032.3,97.5085,23.1957,0.267264,74.0455,65.0705,23.1887,0.0718272,41.81,162.579,0,0,0
700,1,1,304,1,1,1,4331.97,18646.5,328.649,46.3844,0.482746,234.819,14469.6,53.8468,23.1957,0.267264,30.3838,90.381,23.1887,0.0718272,67.1205,144.228,0,0,0
700,1,1,305,1,1,1,4318.86,18640.6,333.188,46.3844,0.678182,239.176,14382.6,102.954,23.1957,0.462701,79.2957,64.1609,23.1887,0.0718272,40.9004,167.115,0,0,0
700,1,1,306,1,1,1,4319.5,18631.8,398.678,46.3844,0.482746,305.051,13209.6,94.9655,23.1957,0.267264,71.5026,97.6219,23.1887,0.0718272,74.3614,192.587,0,0,0
700,1,1,307,1,0,0,-1,-1,748.396,23.1957,0.302342,678.518,269752,-1,-1,-1,-1,-1,-1,-1,-1,-1,0,0,0
700,1,1,308,1,1,1,4316.23,18645.9,261.629,46.3844,0.517824,167.568,15660.5,77.1168,23.1957,0.302342,53.6188,42.5592,23.1887,0.0718272,19.2987,119.676,0,0,0
700,1,1,309,1,1,1,4319.5,18637.6,380.004,46.3844,0.482746,286.322,13547.5,93.5704,23.1957,0.267264,70.1075,66.2057,23.1887,0.0718272,42.9452,159.776,0,0,0
700,1,1,310,1,1,1,4317.58,18642.4,321.253,46.3844,0.482746,227.401,14597,94.4782,23.1957,0.267264,71.0153,61.2515,23.1887,0.0718272,37.991,155.73,0,0,0
700,1,1,311,1,1,1,4325.52,18651.1,376.212,46.3844,0.482746,282.52,13628.5,93.278,23.1957,0.267264,69.8151,63.1303,23.1887,0.0718272,39.8698,156.408,0,0,0
700,1,1,312,1,1,1,4339.14,18694.5,307.445,46.3844,1.10413,212.932,14893,98.1165,23.1957,0.853574,74.0672,60.6604,23.1887,0.106906,37.3648,158.777,0,0,0
700,1,1,313,1,1,1,4328.74,18646.4,393.792,46.3844,0.482746,300.151,13311.2,94.1696,23.1957,0.267264,70.7066,96.4903,23.1887,0.0718272,73.2298,190.66,0,0,0
700,1,1,314,1,1,1,4335.18,18649.7,388.941,46.3844,0.587981,295.18,13399.9,89.3291,23.1957,0.267264,65.8662,92.2586,23.1887,0.177062,68.8928,181.588,0,0,0
700,1,1,315,1,1,1,4317.61,18656.8,392.1,46.3844,0.482746,298.454,13351.6,95.5449,23.1957,0.267264,72.0819,99.8526,23.1887,0.0718272,76.5921,195.397,0,0,0
700,1,1,316,1,1,1,4329.99,18660.8,309.04,46.3844,0.517824,215.118,14832.4,96.6123,23.1957,0.302342,73.1143,62.1666,23.1887,0.0718272,38.9061,158.779,0,0,0
700,1,1,317,1,1,1,4316.55,18629.8,320.152,46.3844,0.482746,226.297,14604,62.3059,23.1957,0.267264,38.8429,92.1028,23.1887,0.0718272,68.8423,154.409,0,0,0
700,1,1,318,1,1,1,4318.54,18635.9,400.715,46.3844,0.482746,307.094,13177.6,98.3297,23.1957,0.267264,74.8667,87.1234,23.1887,0.0718272,63.8628,185.453,0,0,0
700,1,1,319,1,1,1,4332.94,18647.7,369.579,46.3844,0.482746,275.867,13743,74.7752,23.1957,0.267264,51.3123,89.4534,23.1887,0.0718272,66.1928,164.229,0,0,0
700,1,1,320,1,1,1,4320.17,18652.6,389.548,46.3844,0.517824,295.859,13392.6,88.4366,23.1957,0.302342,64.9385,93.442,23.1887,0.0718272,70.1815,181.879,0,0,0
700,1,1,321,1,1,1,4315.98,18642.9,359.283,46.3844,0.482746,265.542,13921.2,95.8697,23.1957,0.267264,72.4068,66.8139,23.1887,0.0718272,43.5534,162.684,0,0,0
700,1,1,322,1,1,1,4316.94,18633,385.246,46.3844,0.482746,291.58,13449.7,83.2506,23.1957,0.267264,59.7876,98.6614,23.1887,0.0718272,75.4009,181.912,0,0,0
700,1,1,323,0,0,0,-1,-1,444.189,23.206,0.746669,372.973,256324,-1,-1,-1,-1,-1,-1,-1,-1,-1,0,0,0
700,1,1,324,1,1,1,4328.82,18647,376.172,46.3844,0.482746,282.48,13625.1,93.029,23.1957,0.267264,69.566,62.8903,23.1887,0.0718272,39.6298,155.919,0,0,0
700,1,1,325,1,1,1,4332.26,18650.8,410.422,46.3844,0.482746,316.829,13019.8,96.2054,23.1957,0.267264,72.7425,95.254,23.1887,0.0718272,71.9935,191.459,0,0,0
700,1,1,326,1,1,1,4342.57,18674.7,391.051,46.3844,0.821837,297.063,13387.3,96.1807,23.1957,0.462701,72.5223,78.7004,23.1887,0.0718272,55.4398,174.881,0,0,0
700,1,1,327,1,1,1,4325.43,18638.8,393.351,46.3844,0.482746,299.709,13311.4,90.107,23.1957,0.267264,66.644,93.3788,23.1887,0.0718272,70.1183,183.486,0,0,0
700,1,1,328,1,1,1,4336.13,18662.2,388.174,46.3844,0.482746,294.516,13426.9,90.2279,23.1957,0.267264,66.765,102.177,23.1887,0.0718272,78.9167,192.405,0,0,0
700,1,1,329,1,1,1,4318.15,18641.2,413.485,46.3844,0.482746,319.901,12955.8,103.127,23.1957,0.267264,79.6639,96.8422,23.1887,0.0718272,73.5817,199.969,0,0,0
700,1,1,330,1,1,1,4315.02,18632.8,358.751,46.3844,0.482746,265.008,13920.6,96.3697,23.1957,0.267264,72.9067,66.4801,23.1887,0.0718272,43.2195,162.85,0,0,0
700,1,1,331,1,1,1,4326.92,18650.9,414.744,46.3844,0.482746,321.164,12943,100.638,23.1957,0.267264,77.1751,96.3188,23.1887,0.0718272,73.0583,196.957,0,0,0
700,1,1,332,1,1,1,4315.98,18633.3,320.629,46.3844,0.482746,226.775,14599,59.4633,23.1957,0.267264,36.0003,89.919,23.1887,0.0718272,66.6585,149.382,0,0,0
700,1,1,333,1,1,1,4331.4,18661.7,401.476,46.3844,0.482746,307.857,13189.8,84.1079,23.1957,0.267264,60.6449,101.764,23.1887,0.0718272,78.5034,185.872,0,0,0
700,1,1,334,1,1,1,4336.7,18680.4,316.183,46.3844,0.536198,222.263,14724.7,97.2612,23.1957,0.267264,73.7983,65.2882,23.1887,0.12528,41.9742,162.549,0,0,0
700,1,1,335,1,1,1,4329.13,18643.9,271.225,46.3844,0.482746,177.228,15488.2,56.1659,23.1957,0.267264,32.703,85.5676,23.1887,0.0718272,62.3071,141.734,0,0,0
700,1,1,336,1,1,1,4316.61,18648.3,405.71,46.3844,0.482746,312.104,13101.1,93.7726,23.1957,0.267264,70.3096,93.1369,23.1887,0.0718272,69.8764,186.91,0,0,0
700,1,1,337,1,1,1,4317.16,18633.1,408.858,46.3844,0.482746,315.261,13029.9,95.7542,23.1957,0.267264,72.2913,98.86,23.1887,0.0718272,75.5995,194.614,0,0,0
700,1,1,338,1,1,1,4315.34,18636.3,382.467,46.3844,0.482746,288.793,13502.4,92.5399,23.1957,0.267264,69.0769,68.3715,23.1887,0.0718272,45.111,160.911,0,0,0
700,1,1,339,1,1,1,4315.98,18635.6,385.017,46.3844,0.482746,291.351,13456.3,93.621,23.1957,0.267264,70.158,69.7738,23.1887,0.0718272,46.5133,163.395,0,0,0
700,1,1,340,1,1,1,4316.66,18636.8,338.38,46.3844,0.482746,244.577,14286.9,56.2724,23.1957,0.267264,32.8095,90.6319,23.1887,0.0718272,67.3714,146.904,0,0,0
700,1,1,341,1,1,1,4328.57,18641.5,398.482,46.3844,0.482746,304.854,13222.8,90.7369,23.1957,0.267264,67.2739,96.6437,23.1887,0.0718272,73.3832,187.381,0,0,0
700,1,1,342,1,1,1,4342.23,18656.7,276.56,46.3844,0.517824,182.543,15405.8,57.0954,23.1957,0.267264,33.6324,85.036,23.1887,0.106906,61.7404,142.131,0,0,0
700,1,1,343,1,1,1,4320.17,18634.7,373.199,46.3844,0.482746,279.499,13665.6,77.385,23.1957,0.267264,53.922,92.2743,23.1887,0.0718272,69.0137,169.659,0,0,0
700,1,1,344,1,1,1,4325.57,18639.4,322.768,46.3844,0.482746,228.921,14567.1,57.2434,23.1957,0.267264,33.7804,88.0041,23.1887,0.0718272,64.7436,145.248,0,0,0
700,1,1,345,1,1,1,4323.69,18681.8,383.999,46.3844,0.678182,290.134,13520.2,92.9032,23.1957,0.462701,69.2448,69.2811,23.1887,0.0718272,46.0206,162.184,0,0,0
700,1,1,346,1,1,1,4325.61,18639.8,393.92,46.3844,0.661478,300.1,13301.6,87.4738,23.1957,0.267264,64.0108,94.1177,23.1887,0.106906,70.8222,181.592,0,0,0
700,1,1,347,1,1,1,4327.41,18638.1,381.105,46.3844,0.50112,287.409,13528.2,93.2492,23.1957,0.267264,69.7862,66.6446,23.1887,0.0902016,43.3657,159.894,0,0,0
700,1,1,348,1,1,1,4324.78,18653.2,391.937,46.3844,0.482746,298.29,13350.9,90.0276,23.1957,0.267264,66.5646,90.6553,23.1887,0.0718272,67.3948,180.683,0,0,0
700,1,1,349,1,1,1,4319.6,18634.1,392.754,46.3844,0.482746,299.11,13317.3,96.5177,23.1957,0.267264,73.0547,81.413,23.1887,0.0718272,58.1525,177.931,0,0,0
700,1,1,350,1,1,1,4323.04,18671.8,274.717,46.3844,0.678182,180.534,15453.5,83.2926,23.1957,0.462701,59.6342,47.4665,23.1887,0.0718272,24.206,130.759,0,0,0
700,1,1,351,1,1,1,4319.87,18646.7,397.823,46.3844,0.482746,304.194,13239.8,95.2074,23.1957,0.267264,71.7444,97.7663,23.1887,0.0718272,74.5058,192.974,0,0,0
700,1,1,352,1,1,1,4319.05,18634.9,329.047,46.3844,0.482746,235.218,14451,52.7422,23.1957,0.267264,29.2793,89.8721,23.1887,0.0718272,66.6116,142.614,0,0,0
700,1,1,353,1,1,1,4332.25,18647.4,313.366,46.3844,0.482746,219.491,14742.3,63.4718,23.1957,0.267264,40.0088,93.6423,23.1887,0.0718272,70.3818,157.114,0,0,0
700,1,1,354,1,1,1,4315.98,18660.7,378.738,46.3844,1.06906,284.467,13591.7,80.3284,23.1957,0.853574,56.2791,94.0033,23.1887,0.0718272,70.7427,174.332,0,0,0
700,1,1,355,1,1,1,4320,18633.4,297.029,46.3844,0.482746,203.107,15018.8,92.9514,23.1957,0.267264,69.4884,57.7412,23.1887,0.0718272,34.4807,150.693,0,0,0
700,1,1,356,1,1,1,4326.28,18638.2,413.902,46.3844,0.482746,320.32,12945.4,101.423,23.1957,0.267264,77.9601,97.8926,23.1887,0.0718272,74.6321,199.316,0,0,0
700,1,1,357,1,1,1,4334.53,18670.5,394.502,46.3844,0.873619,300.472,13321.7,97.3309,23.1957,0.658138,73.477,82.7377,23.1887,0.0718272,59.4772,180.069,0,0,0
700,1,1,358,1,1,1,4324.74,24648.1,450.146,52.1883,0.536198,350.97,18410.4,204.239,28.9996,0.320717,174.616,64.2782,23.1887,0.0718272,41.0177,268.517,0,0,0
700,1,1,359,1,1,1,4318.86,18640.2,277.965,46.3844,0.482746,183.987,15364.6,86.5895,23.1957,0.267264,63.1265,50.6971,23.1887,0.0718272,27.4366,137.287,0,0,0
700,1,1,360,1,1,1,4318.86,18645.9,406.877,46.3844,0.482746,313.274,13078,94.7634,23.1957,0.267264,71.3004,91.3556,23.1887,0.0718272,68.0951,186.119,0,0,0
700,1,1,361,1,1,2,10326.8,24650,469.269,69.5741,1.09411,352.683,18370.5,95.386,23.1957,0.267264,71.9231,158.263,46.3784,0.683194,111.201,253.649,1,0,0
700,1,1,362,1,1,1,4320.14,18649.4,391.856,46.3844,0.482746,298.209,13348.6,95.9889,23.1957,0.267264,72.5259,99.9519,23.1887,0.0718272,76.6914,195.941,0,0,0
700,1,1,363,1,1,1,4335.91,18650.4,385.465,46.3844,0.482746,291.8,13463.2,84.0663,23.1957,0.267264,60.6034,99.4501,23.1887,0.0718272,76.1896,183.516,0,0,0
700,1,1,364,1,1,1,4319.34,18653,348.603,46.3844,0.482746,254.831,14121.3,63.5313,23.1957,0.267264,40.0684,81.2199,23.1887,0.0718272,57.9593,144.751,0,0,0
700,1,1,365,1,1,1,4320.9,18647.3,321.714,46.3844,0.482746,227.863,14593.7,94.9403,23.1957,0.267264,71.4773,61.6829,23.1887,0.0718272,38.4224,156.623,0,0,0
700,1,1,366,1,1,1,4314.38,18642.8,388.417,46.3844,0.678182,294.565,13402.7,88.171,23.1957,0.462701,64.5126,92.4439,23.1887,0.0718272,69.1834,180.615,0,0,0
700,1,1,367,1,1,1,4356.33,18691.7,287.088,46.406,0.663149,192.935,15253.4,60.1533,23.2173,0.304013,36.632,90.9116,23.1887,0.0718272,67.6511,151.065,0,0,0
700,1,1,368,1,1,1,4333.35,18695.9,310.714,46.3844,0.856915,216.457,14836.8,63.363,23.1957,0.497779,39.6695,93.8065,23.1887,0.0718272,70.546,157.17,0,0,0
700,1,1,369,1,1,1,4322.82,18651,393.825,46.3844,0.678182,299.988,13314.7,93.1757,23.1957,0.462701,69.5173,96.299,23.1887,0.0718272,73.0385,189.475,0,0,0
700,1,1,370,1,1,1,4317.9,18633.7,335.247,46.3844,0.482746,241.435,14339.5,54.5164,23.1957,0.267264,31.0534,90.5092,23.1887,0.0718272,67.2487,145.026,0,0,0
700,1,1,371,1,1,1,4316.62,18681.1,326.069,46.3844,0.482746,232.231,14550.1,99.4306,23.1957,0.267264,75.9676,62.3489,23.1887,0.0718272,39.0884,161.779,0,0,0
700,1,1,372,1,1,1,4319.5,18643.1,326.742,46.3844,0.482746,232.906,14500.1,98.5535,23.1957,0.267264,75.0905,62.699,23.1887,0.0718272,39.4385,161.252,0,0,0
700,1,1,373,1,1,1,4318.66,18645.6,397.364,46.3844,0.482746,303.733,13246.8,84.0248,23.1957,0.267264,60.5619,96.2755,23.1887,0.0718272,73.015,180.3,0,0,0
700,1,1,374,1,1,2,10336.6,24660.7,521.765,69.5741,0.663149,405.762,17448.9,89.8561,23.1957,0.267264,66.3932,222.229,46.3784,0.108576,175.742,312.086,1,0,0
700,1,1,375,1,1,1,4319.73,18650.5,394.604,46.3844,0.517824,300.931,13300.6,87.1082,23.1957,0.302342,63.6102,94.2938,23.1887,0.0718272,71.0333,181.402,0,0,0
700,1,1,376,1,1,1,4320.58,18642.9,398.327,46.3844,0.482746,304.699,13227,81.6118,23.1957,0.267264,58.1489,97.3818,23.1887,0.0718272,74.1213,178.994,0,0,0
700,1,1,377,1,1,1,4329.56,18642.5,303.697,46.3844,0.482746,209.794,14909.3,60.5354,23.1957,0.267264,37.0724,94.0159,23.1887,0.0718272,70.7554,154.551,0,0,0
700,1,1,378,1,1,1,4316.94,18633.9,355.103,46.3844,0.482746,261.349,13986.7,98.7502,23.1957,0.267264,75.2872,65.7599,23.1887,0.0718272,42.4994,164.51,0,0,0
700,1,1,379,1,1,1,4316.3,18646.9,335.024,46.3844,0.517824,241.177,14356.4,98.9477,23.1957,0.302342,75.4497,64.5814,23.1887,0.0718272,41.3209,163.529,0,0,0
700,1,1,380,1,1,1,4316.62,18629.8,320.634,46.3844,0.482746,226.78,14595.5,62.36,23.1957,0.267264,38.897,91.4386,23.1887,0.0718272,68.1781,153.799,0,0,0
700,1,1,381,1,1,1,4330.78,18661.1,392.295,46.3844,0.517824,298.615,13352.2,96.404,23.1957,0.267264,72.941,80.0457,23.1887,0.106906,56.7501,176.45,0,0,0
700,1,1,382,1,1,1,4320.08,18642.6,343.606,46.3844,0.482746,249.819,14199.7,56.8843,23.1957,0.267264,33.4213,85.1525,23.1887,0.0718272,61.892,142.037,0,0,0
700,1,1,383,1,1,1,4328.71,18643.5,328.173,46.3844,0.482746,234.341,14475.1,54.6553,23.1957,0.267264,31.1924,89.7042,23.1887,0.0718272,66.4437,144.36,0,0,0
700,1,1,384,1,1,1,4336.33,18652.7,392.172,46.3844,0.6264,298.382,13345.9,93.1264,23.1957,0.267264,69.6635,93.4221,23.1887,0.0718272,70.1616,186.549,0,0,0
700,1,1,385,1,1,1,4318.73,18653.8,374.441,46.3844,0.552902,280.673,13662.1,77.096,23.1957,0.337421,53.5629,93.4925,23.1887,0.0718272,70.232,170.588,0,0,0
700,1,1,386,1,1,1,4334.8,18680.2,388.864,46.3844,0.873619,294.818,13431.6,88.1264,23.1957,0.658138,64.2725,92.6027,23.1887,0.0718272,69.3422,180.729,0,0,0
700,1,1,387,1,1,1,4317.9,18637.6,393.947,46.3844,0.517824,300.272,13299.3,93.1056,23.1957,0.302342,69.6075,96.6509,23.1887,0.0718272,73.3904,189.756,0,0,0
700,1,1,388,1,0,0,-1,-1,560.328,23.1957,0.267264,489.938,260891,-1,-1,-1,-1,-1,-1,-1,-1,-1,0,0,0
700,1,1,389,1,1,1,4319.18,18633.7,284.393,46.3844,0.482746,190.433,15243.8,59.9055,23.1957,0.267264,36.4425,89.7295,23.1887,0.0718272,66.469,149.635,0,0,0
700,1,1,390,1,1,1,4338.4,18651.1,388.926,46.3844,0.482746,295.271,13402.3,90.3001,23.1957,0.267264,66.8372,102.989,23.1887,0.0718272,79.7288,193.289,0,0,0
700,1,1,391,1,1,1,4322.57,18636.7,314.471,46.3844,0.482746,220.599,14712,95.5774,23.1957,0.267264,72.1144,64.3179,23.1887,0.0718272,41.0574,159.895,0,0,0
700,1,1,392,1,1,1,4318.22,18633.7,268.067,46.3844,0.482746,174.06,15534.1,54.778,23.1957,0.267264,31.3151,83.3098,23.1887,0.0718272,60.0493,138.088,0,0,0
700,1,1,393,1,1,1,4319.69,18692.1,325.638,46.3844,0.517824,231.763,14568.5,99.3115,23.1957,0.267264,75.8485,62.1096,23.1887,0.106906,38.814,161.421,0,0,0
700,1,1,394,1,1,1,4316.62,18639.2,393.107,46.3844,0.517824,299.429,13315.8,90.8026,23.1957,0.302342,67.3046,92.1624,23.1887,0.0718272,68.9018,182.965,0,0,0
700,1,1,395,1,1,1,4317.58,18641.8,329.69,46.3844,0.482746,235.862,14446.4,100.375,23.1957,0.267264,76.9116,63.6971,23.1887,0.0718272,40.4365,164.072,0,0,0
700,1,1,396,1,1,1,4317.06,24630.6,349.646,52.1883,0.731635,249.983,20179.5,174.353,28.9996,0.516154,144.449,35.5422,23.1887,0.0718272,12.2817,209.895,0,0,0
700,1,1,397,1,1,1,4318.54,18650.3,405.198,46.3844,0.517824,311.555,13112,94.1614,23.1957,0.302342,70.6633,92.0089,23.1887,0.0718272,68.7484,186.17,0,0,0
700,1,1,398,1,1,1,4318.22,24631.8,333.149,52.1883,0.536198,233.633,20474.5,168.676,28.9996,0.320717,138.952,33.9052,23.1887,0.0718272,10.6447,202.582,0,0,0
700,1,1,399,1,1,1,4318.47,18633.9,388.213,46.3844,0.482746,294.556,13397.9,95.3788,23.1957,0.267264,71.9159,76.0617,23.1887,0.0718272,52.8012,171.441,0,0,0
700,1,1,400,1,1,1,4325.29,18637.5,378.875,46.3844,0.6264,285.047,13567.1,80.0813,23.1957,0.267264,56.6184,93.09,23.1887,0.0718272,69.8295,173.171,0,0,0
700,1,1,401,1,1,1,4316.3,18644.9,343.913,46.3844,0.482746,250.127,14196.6,56.5341,23.1957,0.267264,33.0712,84.7934,23.1887,0.0718272,61.5329,141.327,0,0,0
700,1,1,402,1,1,1,4326.67,18644.7,413.305,46.3844,0.482746,319.72,12962.5,99.2285,23.1957,0.267264,75.7655,96.8205,23.1887,0.0718272,73.56,196.049,0,0,0
700,1,1,403,1,1,1,4321.42,18634,313.52,46.3844,0.482746,219.646,14726.1,63.1234,23.1957,0.267264,39.6605,93.1983,23.1887,0.0718272,69.9378,156.322,0,0,0
700,1,1,404,1,1,1,4325.52,18652.7,390.117,46.3844,0.482746,296.465,13382.8,94.0794,23.1957,0.267264,70.6164,96.1546,23.1887,0.0718272,72.8941,190.234,0,0,0
700,1,1,405,1,1,1,4325.58,18644.8,412.792,46.3844,0.482746,319.206,12971.7,101.521,23.1957,0.267264,78.0576,96.1167,23.1887,0.0718272,72.8562,197.637,0,0,0
700,1,1,406,1,1,1,4315.85,18637,397.074,46.3844,0.482746,303.443,13243.4,84.55,23.1957,0.267264,61.0871,96.9866,23.1887,0.0718272,73.7261,181.537,0,0,0
700,1,1,407,1,1,1,4316.62,18640.1,372.39,46.3844,0.517824,278.652,13685.2,93.1308,23.1957,0.302342,69.6328,62.8199,23.1887,0.0718272,39.5594,155.951,0,0,0
700,1,1,408,1,1,1,4318.41,18633.2,276.214,46.3844,0.482746,182.231,15388.7,56.9203,23.1957,0.267264,33.4574,85.0027,23.1887,0.0718272,61.7422,141.923,0,0,0
700,1,1,409,1,1,1,4333.7,18657.7,406.072,46.3844,0.552902,312.396,13103.6,91.927,23.1957,0.302342,68.429,99.7054,23.1887,0.106906,76.4098,191.632,0,0,0
700,1,1,410,1,1,1,4327.75,18655.3,352.346,46.3844,0.482746,258.585,14057,101.831,23.1957,0.267264,78.368,66.101,23.1887,0.0718272,42.8405,167.932,0,0,0
700,1,1,411,1,1,1,4317.58,18674.9,397.262,46.3844,0.517824,303.596,13277.7,98.538,23.1957,0.302342,75.04,85.1832,23.1887,0.0718272,61.9227,183.721,0,0,0
700,1,1,412,1,1,1,4316.94,18633.7,267.153,46.3844,0.482746,173.143,15550.3,54.3738,23.1957,0.267264,30.9108,82.8045,23.1887,0.0718272,59.544,137.178,0,0,0
700,1,1,413,1,1,1,4314.7,18628.2,320.447,46.3844,0.482746,226.593,14597.2,60.2791,23.1957,0.267264,36.8161,90.2854,23.1887,0.0718272,67.0249,150.564,0,0,0
700,1,1,414,1,1,1,4320.26,18639.4,407.608,46.3844,0.678182,313.811,13058,94.8848,23.1957,0.462701,71.2264,92.5847,23.1887,0.0718272,69.3242,187.47,0,0,0
700,1,1,415,1,1,1,4315.34,18636.4,295.213,46.3844,0.482746,201.286,15054.1,92.7889,23.1957,0.267264,69.326,56.8045,23.1887,0.0718272,33.544,149.593,0,0,0
700,1,1,416,1,1,1,4322.29,18651.6,348.407,46.3844,0.482746,254.634,14123.4,101.937,23.1957,0.267264,78.4745,65.1048,23.1887,0.0718272,41.8443,167.042,0,0,0
700,1,1,417,1,1,1,4319.79,18634.3,298.859,46.3844,0.482746,204.942,14987.1,60.9811,23.1957,0.267264,37.5182,93.5412,23.1887,0.0718272,70.2807,154.522,0,0,0
700,1,1,418,1,1,1,4328.7,18642.9,318.289,46.3844,0.482746,224.429,14650.2,63.7407,23.1957,0.267264,40.2777,93.7416,23.1887,0.0718272,70.481,157.482,0,0,0
700,1,1,419,1,1,1,4319.69,18642.4,268.533,46.3844,0.678182,174.333,15534.1,79.1524,23.1957,0.462701,55.494,44.1475,23.1887,0.0718272,20.887,123.3,0,0,0
700,1,1,420,1,1,1,4317.58,18643,385.347,46.3844,0.482746,291.681,13458,85.4578,23.1957,0.267264,61.9949,97.2862,23.1887,0.0718272,74.0257,182.744,0,0,0
700,1,1,421,1,1,1,4315.66,18630.8,293.459,46.3844,0.482746,199.526,15079.7,60.6003,23.1957,0.267264,37.1374,95.1294,23.1887,0.0718272,71.8689,155.73,0,0,0
700,1,1,422,1,1,1,4318.89,18644.3,310.997,46.3844,0.482746,217.116,14781.3,95.7073,23.1957,0.267264,72.2443,63.1899,23.1887,0.0718272,39.9294,158.897,0,0,0
700,1,1,423,1,1,1,4320.26,18646.4,385.285,46.3844,0.482746,291.62,13462.4,83.8859,23.1957,0.267264,60.4229,98.8636,23.1887,0.0718272,75.6031,182.749,0,0,0
700,1,1,424,1,1,1,4318.31,18630.6,393.331,46.3844,0.6264,299.544,13303.1,88.1741,23.1957,0.267264,64.7111,93.3788,23.1887,0.0718272,70.1183,181.553,0,0,0
700,1,1,425,1,0,0,-1,-1,469.25,23.1957,0.267264,398.595,257345,-1,-1,-1,-1,-1,-1,-1,-1,-1,0,0,0
700,1,1,426,1,1,1,4317.58,18631.7,277.612,46.3844,0.482746,183.633,15362.4,57.5556,23.1957,0.267264,34.0927,85.7571,23.1887,0.0718272,62.4966,143.313,0,0,0
700,1,1,427,1,1,1,4318.54,18634,319.542,46.3844,0.482746,225.685,14619,98.0572,23.1957,0.267264,74.5942,64.4316,23.1887,0.0718272,41.1711,162.489,0,0,0
700,1,1,428,1,1,1,4316.3,18636,324.635,46.3844,0.482746,230.792,14530.5,55.1137,23.1957,0.267264,31.6508,89.9894,23.1887,0.0718272,66.7289,145.103,0,0,0
700,1,1,429,1,1,1,4322.61,18636.5,348.524,46.3844,0.482746,254.751,14106.2,63.6865,23.1957,0.267264,40.2236,81.6313,23.1887,0.0718272,58.3708,145.318,0,0,0
700,1,1,430,1,1,1,4360.78,18687.3,395.806,46.3844,0.661478,301.992,13315.6,86.7057,23.1957,0.302342,63.2077,94.7595,23.1887,0.0718272,71.499,181.465,0,0,0
700,1,1,431,1,1,1,4319.91,18633.8,414.125,46.3844,0.482746,320.543,12936.9,100.308,23.1957,0.267264,76.8448,97.38,23.1887,0.0718272,74.1195,197.688,0,0,0
700,1,1,432,1,1,1,4318.86,18652.7,395.253,46.3844,0.482746,301.616,13291.4,92.9387,23.1957,0.267264,69.4758,96.5372,23.1887,0.0718272,73.2767,189.476,0,0,0
700,1,1,433,1,1,1,4336.46,18688.6,287.491,46.3844,1.06906,192.955,15242.2,60.2951,23.1957,0.853574,36.2458,90.8701,23.1887,0.0718272,67.6096,151.165,0,0,0
700,1,1,434,1,1,1,4330.34,18659.3,394.098,46.3844,0.678182,300.263,13318.1,88.4038,23.1957,0.462701,64.7454,94.2812,23.1887,0.0718272,71.0207,182.685,0,0,0
700,1,1,435,1,1,1,4318.79,18633.9,283.862,46.3844,0.482746,189.901,15253.4,58.9959,23.1957,0.267264,35.5329,88.9733,23.1887,0.0718272,65.7128,147.969,0,0,0
700,1,1,436,1,1,1,4324.72,18644.2,295.705,46.3844,0.482746,201.778,15053.2,60.2773,23.1957,0.267264,36.8143,94.8353,23.1887,0.0718272,71.5748,155.113,0,0,0
700,1,1,437,1,1,1,4326.24,18653.5,374.386,46.3844,0.678182,280.493,13662.8,77.6039,23.1957,0.462701,53.9455,93.0323,23.1887,0.0718272,69.7718,170.636,0,0,0
700,1,1,438,1,1,1,4319.62,18659.8,389.097,46.3844,0.482746,295.442,13408.1,91.152,23.1957,0.267264,67.689,102.693,23.1887,0.0718272,79.4329,193.845,0,0,0
700,1,1,439,1,1,1,4322.63,18635.5,280.783,46.3844,0.482746,186.813,15309.8,58.1675,23.1957,0.267264,34.7045,87.2984,23.1887,0.0718272,64.0379,145.466,0,0,0
700,1,1,440,1,1,1,4319.94,18630.9,396.585,46.3844,0.482746,302.952,13246,93.4405,23.1957,0.267264,69.9775,96.53,23.1887,0.0718272,73.2695,189.97,0,0,0
700,1,1,441,1,1,1,4317.26,18642.2,294.978,46.3844,0.517824,201.015,15063.8,92.2032,23.1957,0.302342,68.7051,56.3317,23.1887,0.0718272,33.0712,148.535,0,0,0
700,1,1,442,1,1,1,4315.66,18655.6,334.606,46.3844,0.482746,240.793,14372.8,100.259,23.1957,0.267264,76.796,64.52,23.1887,0.0718272,41.2595,164.779,0,0,0
700,1,1,443,1,1,1,4316.94,18646.1,312.459,46.3844,0.482746,218.581,14757.2,95.5016,23.1957,0.267264,72.0386,63.1087,23.1887,0.0718272,39.8482,158.61,0,0,0
700,1,1,444,1,1,1,4314.7,18638.3,393.864,46.3844,0.482746,300.223,13301.7,93.7094,23.1957,0.267264,70.2464,94.3823,23.1887,0.0718272,71.1218,188.092,0,0,0
700,1,1,445,1,1,2,10333.4,24663.3,515.659,69.5741,0.663149,399.639,17560.1,92.1284,23.1957,0.267264,68.6654,220.516,46.3784,0.25223,173.885,312.644,1,0,0
700,1,1,446,1,1,1,4316.3,18628.5,301.48,46.3844,0.482746,207.57,14934.8,61.3926,23.1957,0.267264,37.9297,94.0033,23.1887,0.0718272,70.7427,155.396,0,0,0
700,1,1,447,1,1,1,4319.24,18637.9,282.986,46.3844,0.517824,188.988,15272.8,90.1666,23.1957,0.267264,66.7036,52.9214,23.1887,0.106906,29.6258,143.088,0,0,0
700,1,1,448,1,1,1,4320.84,18635,327.998,46.3844,0.482746,234.166,14469.7,53.0924,23.1957,0.267264,29.6294,89.531,23.1887,0.0718272,66.2705,142.623,0,0,0
700,1,1,449,1,1,1,4333.7,18658.4,280.167,46.3844,0.482746,186.196,15343.7,58.5374,23.1957,0.267264,35.0745,86.8635,23.1887,0.0718272,63.603,145.401,0,0,0
700,1,1,450,1,1,1,4345.29,18704.2,390.204,46.3844,0.482746,296.552,13432.8,97.0302,23.1957,0.267264,73.5673,77.7727,23.1887,0.0718272,54.5122,174.803,0,0,0
700,1,1,451,1,1,1,4320.98,18638.7,403.349,46.3844,0.482746,309.736,13133.5,95.4239,23.1957,0.267264,71.961,89.6519,23.1887,0.0718272,66.3914,185.076,0,0,0
700,1,1,452,1,1,1,4325.62,18656.1,333.131,46.3844,0.517824,239.279,14399.3,54.9178,23.1957,0.302342,31.4198,90.4063,23.1887,0.0718272,67.1458,145.324,0,0,0
700,1,1,453,1,1,1,4319.24,18645.2,351.104,46.3844,0.482746,257.339,14069,101.919,23.1957,0.267264,78.4565,65.6119,23.1887,0.0718272,42.3514,167.531,0,0,0
700,1,1,454,1,1,1,4321.28,18635.4,313.011,46.3844,0.482746,219.135,14736.6,63.7028,23.1957,0.267264,40.2398,93.4763,23.1887,0.0718272,70.2157,157.179,0,0,0
700,1,1,455,1,1,1,4321.22,18647.5,342.342,46.3844,0.644774,248.389,14232.7,55.0975,23.1957,0.267264,31.6345,88.9375,23.1887,0.0902016,65.6586,144.035,0,0,0
700,1,1,456,1,1,1,4317.06,18644.1,343.625,46.3844,0.482746,249.838,14200.9,56.7092,23.1957,0.267264,33.2462,84.8637,23.1887,0.0718272,61.6032,141.573,0,0,0
700,1,1,457,1,1,1,4327.41,18654.8,384.695,46.3844,0.482746,291.028,13481.3,93.8646,23.1957,0.267264,70.4016,70.3748,23.1887,0.0718272,47.1143,164.239,0,0,0
700,1,1,458,1,1,1,4329.54,18656,368.218,46.3844,0.482746,274.503,13775.5,73.9071,23.1957,0.267264,50.4442,90.3467,23.1887,0.0718272,67.0862,164.254,0,0,0
700,1,1,459,1,1,1,4313.42,18634,300.033,46.3844,0.517824,206.085,14965.8,93.1489,23.1957,0.302342,69.6508,58.7393,23.1887,0.0718272,35.4788,151.888,0,0,0
700,1,1,460,1,1,1,4341.77,18662,303.429,46.3844,0.517824,209.49,14933.4,60.3603,23.1957,0.267264,36.8973,94.3433,23.1887,0.106906,71.0478,154.704,0,0,0
700,1,1,461,1,1,1,4316.94,18632.7,365.933,46.3844,0.482746,272.211,13792.8,95.9564,23.1957,0.267264,72.4934,67.8481,23.1887,0.0718272,44.5876,163.804,0,0,0
700,1,1,462,1,1,1,4324.98,18639.5,346.503,46.3844,0.482746,252.724,14145.1,60.7754,23.1957,0.267264,37.3124,85.1597,23.1887,0.0718272,61.8992,145.935,0,0,0
700,1,1,463,1,1,1,4317.9,18648.8,390.087,46.3844,0.482746,296.435,13379.4,88.0622,23.1957,0.267264,64.5992,93.8661,23.1887,0.0718272,70.6056,181.928,0,0,0
700,1,1,464,1,1,1,4317.26,18639.5,407.114,46.3844,0.482746,313.512,13067.4,94.1281,23.1957,0.267264,70.6651,92.0432,23.1887,0.0718272,68.7827,186.171,0,0,0
700,1,1,465,1,1,1,4330.95,18647.8,305.487,46.3844,0.482746,211.589,14882.8,95.9311,23.1957,0.267264,72.4681,60.5477,23.1887,0.0718272,37.2872,156.479,0,0,0
700,1,1,466,1,1,1,4317.26,18639.5,305.313,46.3844,0.482746,211.414,14877.6,96.2397,23.1957,0.267264,72.7768,60.2102,23.1887,0.0718272,36.9497,156.45,0,0,0
700,1,1,467,1,1,1,4329.99,24659.8,490.082,52.1883,0.731635,390.828,17711.4,205.875,28.9996,0.516154,176.06,64.5706,23.1887,0.0718272,41.3101,270.445,0,0,0
700,1,1,468,1,1,1,4345.11,18660.8,404.883,46.3844,0.482746,311.274,13128.3,86.418,23.1957,0.267264,62.955,103.215,23.1887,0.0718272,79.9544,189.633,0,0,0
700,1,1,469,1,1,1,4325.95,18639.2,295.332,46.3844,0.482746,201.405,15054.7,60.1726,23.1957,0.267264,36.7096,93.8841,23.1887,0.0718272,70.6236,154.057,0,0,0
700,1,1,470,1,1,1,4318.34,18644.9,340.055,46.3844,0.482746,246.258,14265.2,100.302,23.1957,0.267264,76.8394,66.0216,23.1887,0.0718272,42.7611,166.324,0,0,0
700,1,1,471,1,1,1,4363.23,18679.6,407.849,46.3844,0.517824,314.214,13094.1,93.6841,23.1957,0.267264,70.2212,102.55,23.1887,0.106906,79.2542,196.234,0,0,0
700,1,1,472,1,1,1,4330.22,18686.7,310.324,46.3844,0.661478,216.262,14835.1,63.1874,23.1957,0.302342,39.6894,93.7686,23.1887,0.0718272,70.5081,156.956,0,0,0
700,1,1,473,1,1,1,4322.16,18650.4,332.706,46.3844,0.517824,238.853,14401.1,54.9377,23.1957,0.302342,31.4396,90.0381,23.1887,0.0718272,66.7776,144.976,0,0,0
700,1,1,474,1,1,1,4317.26,18633.3,320.524,46.3844,0.482746,226.67,14600.9,59.6167,23.1957,0.267264,36.1538,86.914,23.1887,0.0718272,63.6535,146.531,0,0,0
700,1,1,475,1,1,1,4325.04,18639.8,295.329,46.3844,0.517824,201.367,15055.2,60.4018,23.1957,0.267264,36.9388,93.4987,23.1887,0.106906,70.2031,153.901,0,0,0
700,1,1,476,1,1,1,4320.4,18633,320.415,46.3844,0.482746,226.56,14602.5,58.8858,23.1957,0.267264,35.4228,88.5925,23.1887,0.0718272,65.332,147.478,0,0,0
700,1,1,477,0,0,0,-1,-1,330.425,23.206,0.516154,259.108,251533,-1,-1,-1,-1,-1,-1,-1,-1,-1,0,0,0
700,1,1,478,1,1,1,4316.62,18640.7,357.808,46.3844,0.482746,264.062,13945.4,97.1078,23.1957,0.267264,73.6449,66.2436,23.1887,0.0718272,42.9831,163.351,0,0,0
700,1,1,479,1,1,1,4318.22,18650.1,280.235,46.3844,0.517824,186.228,15333.9,88.7109,23.1957,0.302342,65.2128,51.1086,23.1887,0.0718272,27.8481,139.819,0,0,0
700,1,1,480,1,1,1,4326.15,18643.2,354.282,46.3844,0.482746,260.526,14010.5,66.4425,23.1957,0.267264,42.9795,83.4578,23.1887,0.0718272,60.1973,149.9,0,0,0
700,1,1,481,1,1,2,10318.6,24632.3,429.728,69.5741,0.519494,313.602,19057.4,62.36,23.1957,0.267264,38.897,200.902,46.3784,0.108576,154.415,263.262,1,0,0
700,1,1,482,1,1,1,4315.66,18631.1,387.668,46.3844,0.482746,294.009,13404.7,94.7923,23.1957,0.267264,71.3293,75.2857,23.1887,0.0718272,52.0252,170.078,0,0,0
700,1,1,483,1,1,1,4330.88,18645,398.896,46.3844,0.482746,305.269,13219,81.74,23.1957,0.267264,58.277,98.7499,23.1887,0.0718272,75.4894,180.49,0,0,0
700,1,1,484,1,1,1,4325.64,18667.3,391.607,46.3844,0.482746,297.96,13370.9,96.7631,23.1957,0.267264,73.3001,78.9061,23.1887,0.0718272,55.6456,175.669,0,0,0
700,1,1,485,1,1,1,4347.55,18674.8,394.471,46.3844,0.517824,300.797,13327.2,92.8684,23.1957,0.267264,69.4054,96.2799,23.1887,0.106906,72.9843,189.148,0,0,0
700,1,1,486,1,1,1,4314.7,18627.6,294.785,46.3844,0.482746,200.856,15052.9,60.3314,23.1957,0.267264,36.8685,93.9527,23.1887,0.0718272,70.6922,154.284,0,0,0
700,1,1,487,1,1,1,4319.62,18640,350.043,46.3844,0.482746,256.274,14082.7,64.2226,23.1957,0.267264,40.7596,82.4381,23.1887,0.0718272,59.1776,146.661,0,0,0
700,1,1,488,1,1,1,4335.88,18661,376.037,46.3844,0.482746,282.345,13641.5,76.5873,23.1957,0.267264,53.1243,93.525,23.1887,0.0718272,70.2645,170.112,0,0,0
700,1,1,489,1,1,1,4318.54,18634,329.51,46.3844,0.482746,235.682,14441.8,54.0688,23.1957,0.267264,30.6058,89.3378,23.1887,0.0718272,66.0773,143.407,0,0,0
700,1,1,490,1,1,1,4322.57,18685.7,358.458,46.3844,0.517824,264.679,13978.5,98.0832,23.1957,0.302342,74.5852,66.6587,23.1887,0.0718272,43.3982,164.742,0,0,0
700,1,1,491,1,1,1,4315.95,18632.9,329.126,46.3844,0.482746,235.297,14447.5,52.9173,23.1957,0.267264,29.4543,89.9858,23.1887,0.0718272,66.7253,142.903,0,0,0
700,1,1,492,1,1,1,4316.62,18633.7,341.007,46.3844,0.482746,247.212,14237.1,99.6815,23.1957,0.267264,76.2185,65.9693,23.1887,0.0718272,42.7088,165.651,0,0,0
700,1,1,493,1,1,1,4318.83,18641.8,409.801,46.3844,0.482746,316.206,13021.9,96.4292,23.1957,0.267264,72.9663,94.3841,23.1887,0.0718272,71.1236,190.813,0,0,0
700,1,1,494,1,1,1,4319.18,18641.7,404.739,46.3844,0.482746,311.129,13111.8,86.5858,23.1957,0.267264,63.1229,102.82,23.1887,0.0718272,79.5592,189.406,0,0,0
700,1,1,495,1,1,1,4317.58,18664,303.66,46.3844,0.713261,209.526,14930.8,95.8079,23.1957,0.497779,72.1144,59.3872,23.1887,0.0718272,36.1267,155.195,0,0,0
700,1,1,496,1,1,1,4315.98,18644.8,248.011,46.3844,0.482746,153.946,15901.8,69.4475,23.1957,0.267264,45.9845,37.6303,23.1887,0.0718272,14.3698,107.078,0,0,0
700,1,1,497,1,1,1,4317.58,18647,403.924,46.3844,0.482746,310.312,13131.6,86.9703,23.1957,0.267264,63.5073,101.502,23.1887,0.0718272,78.2417,188.472,0,0,0
700,1,1,498,1,1,1,4326.79,18638.1,390.612,46.3844,0.482746,296.962,13359.4,96.4743,23.1957,0.267264,73.0114,77.9622,23.1887,0.0718272,54.7017,174.437,0,0,0
700,1,1,499,1,1,1,4345.52,18705.5,390.484,46.3844,0.713261,296.603,13428.3,93.1386,23.1957,0.497779,69.4451,93.4474,23.1887,0.0718272,70.1869,186.586,0,0,0
700,1,1,500,1,1,1,4338.31,18675.2,336.104,46.3844,0.517824,242.26,14365.5,98.0796,23.1957,0.302342,74.5816,65.3466,23.1887,0.0718272,42.0861,163.426,0,0,0
700,1,1,501,1,1,1,4315.66,18631,346.87,46.3844,0.482746,253.093,14130.2,101.977,23.1957,0.267264,78.5142,64.9712,23.1887,0.0718272,41.7107,166.948,0,0,0
700,1,1,502,1,1,1,4324.55,18650.5,407.452,46.3844,0.482746,313.851,13072.3,95.1604,23.1957,0.267264,71.6975,92.5504,23.1887,0.0718272,69.2899,187.711,0,0,0
700,1,1,503,1,1,1,4319.18,18639.9,410.837,46.3844,0.482746,317.246,13001.6,99.6454,23.1957,0.267264,76.1824,95.9903,23.1887,0.0718272,72.7298,195.636,0,0,0
700,1,1,504,1,1,1,4318.96,18637.7,396.869,46.3844,0.482746,303.237,13247.7,84.7251,23.1957,0.267264,61.2621,96.7718,23.1887,0.0718272,73.5113,181.497,0,0,0
700,1,1,505,1,1,1,4330.49,18645.3,293.927,46.3844,0.482746,199.995,15085.8,60.8313,23.1957,0.267264,37.3684,94.9869,23.1887,0.0718272,71.7264,155.818,0,0,0
700,1,1,506,1,1,1,4317.9,18633.3,339.233,46.3844,0.482746,245.433,14268.3,54.8863,23.1957,0.267264,31.4234,90.9116,23.1887,0.0718272,67.6511,145.798,0,0,0
700,1,1,507,1,1,1,4334.47,18657,407.817,46.3844,0.805133,313.894,13071.3,96.3073,23.1957,0.302342,72.8092,92.119,23.1887,0.0718272,68.8585,188.426,0,0,0
700,1,1,508,1,1,1,4327.69,24689.9,356.103,52.1883,0.927072,256.264,20123.5,178.633,28.9996,0.71159,148.539,37.3361,23.1887,0.0718272,14.0756,215.969,0,0,0
700,1,1,509,1,1,1,4319.3,18636.9,384.362,46.3844,0.482746,290.694,13469.3,82.5774,23.1957,0.267264,59.1144,99.1054,23.1887,0.0718272,75.8449,181.683,0,0,0
700,1,1,510,1,1,1,4322.5,18640,357.482,46.3844,0.482746,263.735,13950.4,68.731,23.1957,0.267264,45.268,86.239,23.1887,0.0718272,62.9785,154.97,0,0,0
700,1,1,511,1,1,1,4317.38,18680.7,340.187,46.3844,0.517824,246.355,14298.4,101.133,23.1957,0.302342,77.6353,65.6715,23.1887,0.0718272,42.411,166.805,0,0,0
700,1,1,512,1,1,1,4321.13,18649,374.52,46.3844,0.482746,280.823,13656.4,77.4301,23.1957,0.267264,53.9671,93.3355,23.1887,0.0718272,70.075,170.766,0,0,0
700,1,1,513,1,1,1,4391.77,18708,376.307,46.3844,0.6264,282.471,13683.3,90.5293,23.1957,0.267264,67.0664,65.9855,23.1887,0.0718272,42.725,156.515,0,0,0
700,1,1,514,1,1,2,10340.2,24662.3,508.441,69.5741,0.858586,392.205,17686.9,91.573,23.1957,0.462701,67.9146,223.16,46.3784,0.25223,176.529,314.733,1,0,0
700,1,1,515,1,1,1,4318.84,18642.4,405.41,46.3844,0.482746,311.803,13100.5,93.8899,23.1957,0.267264,70.4269,91.1643,23.1887,0.0718272,67.9038,185.054,0,0,0
700,1,1,516,1,1,1,4318.92,18641.7,413.114,46.3844,0.482746,319.529,12962.8,101.999,23.1957,0.267264,78.5359,95.9994,23.1887,0.0718272,72.7389,197.998,0,0,0
700,1,1,517,1,1,1,4322,18638.1,321.523,46.3844,0.482746,227.672,14587.9,57.9383,23.1957,0.267264,34.4753,88.6917,23.1887,0.0718272,65.4312,146.63,0,0,0
700,1,1,518,1,1,1,4316.3,18635.8,391.85,46.3844,0.482746,298.203,13335.1,95.8751,23.1957,0.267264,72.4122,100.259,23.1887,0.0718272,76.9982,196.134,0,0,0
700,1,1,519,1,1,1,4318.33,18640.9,320.482,46.3844,0.517824,226.593,14609,97.5436,23.1957,0.302342,74.0455,64.9767,23.1887,0.0718272,41.7161,162.52,0,0,0
700,1,1,520,1,1,1,4330.59,18648,298.276,46.3844,0.482746,204.358,15011.2,60.7501,23.1957,0.267264,37.2872,93.6549,23.1887,0.0718272,70.3944,154.405,0,0,0
700,1,1,521,1,1,1,4320.58,18645.1,408.633,46.3844,0.482746,315.035,13045.9,94.2797,23.1957,0.267264,70.8167,93.451,23.1887,0.0718272,70.1905,187.731,0,0,0
700,1,1,522,1,1,1,4321.85,18658.9,391.116,46.3844,0.482746,297.467,13371.3,90.7116,23.1957,0.267264,67.2487,95.1475,23.1887,0.0718272,71.887,185.859,0,0,0
700,1,1,523,1,1,1,4320.19,18635,410.101,46.3844,0.482746,316.508,13009.7,96.866,23.1957,0.267264,73.403,99.2065,23.1887,0.0718272,75.946,196.072,0,0,0
700,1,1,524,1,1,1,4319.94,18637.8,294.508,46.3844,0.482746,200.578,15068,60.6003,23.1957,0.267264,37.1374,95.0121,23.1887,0.0718272,71.7516,155.612,0,0,0
700,1,1,525,1,1,1,4316.62,18658,390.981,46.3844,1.06906,296.745,13371.3,93.2255,23.1957,0.853574,69.1762,93.3012,23.1887,0.0718272,70.0407,186.527,0,0,0
700,1,1,526,1,1,1,4321.9,18640.7,394.887,46.3844,0.678182,301.053,13285.5,93.986,23.1957,0.462701,70.3276,96.5426,23.1887,0.0718272,73.2821,190.529,0,0,0
700,1,1,527,1,1,1,4322.89,24669.2,450.808,52.1883,0.696557,351.474,18419.4,205.119,28.9996,0.481075,175.335,64.8684,23.1887,0.0718272,41.6079,269.987,0,0,0
700,1,1,528,1,1,1,4331.93,18677.1,274.602,46.3844,0.678182,180.419,15460.8,83.1771,23.1957,0.462701,59.5187,47.6416,23.1887,0.0718272,24.381,130.819,0,0,0
700,1,1,529,1,1,1,4328.72,24675.4,454.326,52.1883,0.606355,355.093,18362.8,205.116,28.9996,0.390874,175.421,66.3158,23.1887,0.0718272,43.0553,271.431,0,0,0
700,1,1,530,1,1,1,4317.26,18634.8,332.558,46.3844,0.482746,238.739,14388.4,100.418,23.1957,0.267264,76.9549,63.8721,23.1887,0.0718272,40.6116,164.29,0,0,0
700,1,1,531,1,1,1,4316.62,18641.9,311.285,46.3844,0.482746,217.404,14773.7,62.8942,23.1957,0.267264,39.4313,93.3301,23.1887,0.0718272,70.0696,156.224,0,0,0
700,1,1,532,1,1,1,4388.43,18755,376.919,46.3844,0.748339,282.964,13718.8,91.8489,23.1957,0.532858,68.1204,65.9837,23.1887,0.0718272,42.7232,157.833,0,0,0
700,1,1,533,1,1,1,4342.42,18691.4,337.007,46.3844,0.482746,243.2,14365.9,98.7682,23.1957,0.267264,75.3053,65.6516,23.1887,0.0718272,42.3911,164.42,0,0,0
700,1,1,534,1,1,3,4356.67,18697.6,439.525,92.7639,0.948787,300.445,13337,94.5071,23.1957,0.267264,71.0441,143.235,69.5682,0.537869,73.1287,237.742,2,0,0
700,1,1,535,1,1,1,4317.84,18663.9,399.461,46.3844,0.517824,305.802,13227.6,83.9354,23.1957,0.302342,60.4373,98.5513,23.1887,0.0718272,75.2908,182.487,0,0,0
700,1,1,536,1,1,1,4327.03,24659.2,486.339,52.1883,0.801792,387.003,17777,203.715,28.9996,0.58631,173.824,63.2368,23.1887,0.0718272,39.9763,266.952,0,0,0
700,1,1,537,1,1,1,4340.55,18663.7,397.147,46.3844,0.770054,303.228,13268,91.1484,23.1957,0.267264,67.6854,94.2541,23.1887,0.0718272,70.9936,185.402,0,0,0
700,1,1,538,1,1,1,4316.98,18637.8,339.632,46.3844,0.482746,245.834,14265.6,100.355,23.1957,0.267264,76.8917,65.6101,23.1887,0.0718272,42.3496,165.965,0,0,0
700,1,1,539,1,1,1,4338.4,18662.9,396.662,46.3844,0.482746,303.03,13276.6,90.089,23.1957,0.267264,66.626,94.949,23.1887,0.0718272,71.6885,185.038,0,0,0
700,1,1,540,1,1,1,4319.82,18642,388.638,46.3844,0.482746,294.982,13398.4,95.5665,23.1957,0.267264,72.1036,76.6681,23.1887,0.0718272,53.4076,172.235,0,0,0
700,1,1,541,1,1,1,4316.74,18631.9,321.716,46.3844,0.482746,227.865,14578.3,58.4021,23.1957,0.267264,34.9391,88.7928,23.1887,0.0718272,65.5323,147.195,0,0,0
700,1,1,542,1,1,1,4323.98,24653.5,486.307,52.1883,0.766714,387.007,17772,203.626,28.9996,0.551232,173.77,62.5384,23.1887,0.0718272,39.2779,266.164,0,0,0
700,1,1,543,1,1,1,4320.49,18636.8,302.306,46.3844,0.482746,208.398,14928.4,94.2743,23.1957,0.267264,70.8113,59.1508,23.1887,0.0718272,35.8903,153.425,0,0,0
700,1,1,544,1,1,1,4325.23,18644,405.633,46.3844,0.482746,312.026,13098.2,96.1296,23.1957,0.267264,72.6667,92.0505,23.1887,0.0718272,68.79,188.18,0,0,0
700,1,1,545,1,1,1,4321.97,18641.3,379.401,46.3844,0.482746,285.718,13562,93.0994,23.1957,0.267264,69.6364,65.7942,23.1887,0.0718272,42.5337,158.894,0,0,0
700,1,1,546,1,1,1,4315.98,18632.1,346.721,46.3844,0.482746,252.943,14133.8,62.9231,23.1957,0.267264,39.4601,81.5104,23.1887,0.0718272,58.2499,144.434,0,0,0
700,1,1,547,1,1,1,4348.9,18671.6,396.588,46.3844,0.821837,302.616,13285.8,94.5455,23.1957,0.462701,70.8871,96.8115,23.1887,0.0718272,73.551,191.357,0,0,0
700,1,1,548,1,1,1,4335.69,18671.8,414.36,46.3844,0.517824,320.744,12970.5,99.8808,23.1957,0.302342,76.3827,96.7429,23.1887,0.0718272,73.4824,196.624,0,0,0
700,1,1,549,1,1,1,4354.53,18673.6,391.751,46.3844,0.482746,298.104,13374.7,88.8996,23.1957,0.267264,65.4366,91.7382,23.1887,0.0718272,68.4777,180.638,0,0,0
700,1,1,550,1,1,1,4319.11,18666.7,352.36,46.3844,0.552902,258.529,14067.7,102.428,23.1957,0.337421,78.895,66.2184,23.1887,0.0718272,42.9578,168.647,0,0,0
700,1,1,551,1,1,1,4316.65,18632.1,363.068,46.3844,0.482746,269.338,13843.2,71.0375,23.1957,0.267264,47.5745,87.4988,23.1887,0.0718272,64.2382,158.536,0,0,0
700,1,1,552,1,1,1,4334.81,18649,359.244,46.3844,0.482746,265.502,13928.1,95.4998,23.1957,0.267264,72.0368,66.3284,23.1887,0.0718272,43.0679,161.828,0,0,0
700,1,1,553,1,1,1,4387.11,24712.6,488.615,52.1883,0.801792,389.286,17789.8,204.104,28.9996,0.551232,174.25,65.8835,23.1887,0.106906,42.5879,269.987,0,0,0
700,1,1,554,1,1,1,4314.06,18636.5,276.667,46.3844,0.482746,182.685,15383.9,84.9579,23.1957,0.267264,61.495,49.4427,23.1887,0.0718272,26.1822,134.401,0,0,0
700,1,1,555,1,1,1,4317.9,18642,396.36,46.3844,0.482746,302.726,13261,93.5271,23.1957,0.267264,70.0641,96.6419,23.1887,0.0718272,73.3814,190.169,0,0,0
700,1,1,556,1,1,1,4315.98,18629.2,374.841,46.3844,0.482746,281.145,13630.9,92.3359,23.1957,0.267264,68.873,62.8326,23.1887,0.0718272,39.572,155.168,0,0,0
700,1,1,557,1,1,1,4320.11,18639.8,264.223,46.3844,0.482746,170.205,15608.6,78.134,23.1957,0.267264,54.671,42.9707,23.1887,0.0718272,19.7102,121.105,0,0,0
700,1,1,558,1,1,1,4320.07,18663.2,260.499,46.3844,0.517824,166.435,15697.9,76.9255,23.1957,0.302342,53.4275,41.1497,23.1887,0.0718272,17.8892,118.075,0,0,0
700,1,1,559,0,0,0,-1,-1,614.474,23.206,0.516154,543.983,263733,-1,-1,-1,-1,-1,-1,-1,-1,-1,0,0,0
700,1,1,560,1,1,1,4320.07,18646,323.752,46.3844,0.713261,229.677,14555.4,97.2192,23.1957,0.497779,73.5257,63.5436,23.1887,0.0718272,40.2831,160.763,0,0,0
700,1,1,561,1,1,1,4319.11,18640.4,932.739,46.3844,0.661478,840.486,284108,58.3614,23.1957,0.302342,34.8633,86.5711,23.1887,0.0718272,63.3106,144.932,0,0,0
700,1,1,562,1,1,1,4320.03,18641.4,407.744,46.3844,0.482746,314.143,13058,92.7023,23.1957,0.267264,69.2393,98.4882,23.1887,0.0718272,75.2277,191.19,0,0,0
700,1,1,563,1,1,1,4323.08,24636,385.265,52.1883,0.731635,285.705,19551.5,114.866,28.9996,0.516154,84.7895,89.3378,23.1887,0.0718272,66.0773,204.204,0,0,0
700,1,1,564,1,1,1,4321.04,18632.6,320.904,46.3844,0.482746,227.051,14593.5,62.6109,23.1957,0.267264,39.1479,92.2941,23.1887,0.0718272,69.0336,154.905,0,0,0
700,1,1,565,1,1,1,4316.62,18656,385.101,46.3844,0.517824,291.399,13475.1,93.9971,23.1957,0.302342,70.4991,70.9812,23.1887,0.0718272,47.7207,164.978,0,0,0
700,1,1,566,0,0,0,-1,-1,742.259,23.206,0.676512,671.979,269568,-1,-1,-1,-1,-1,-1,-1,-1,-1,0,0,0
700,1,1,567,1,1,1,4328.68,18642.8,280.733,46.3844,0.6264,186.62,15317.6,58.1873,23.1957,0.267264,34.7244,87.0439,23.1887,0.0718272,63.7834,145.231,0,0,0
700,1,1,568,1,1,1,4361.64,18686.3,391.047,46.3844,0.552902,297.328,13399.4,92.8782,23.1957,0.302342,69.3801,93.1341,23.1887,0.106906,69.8385,186.012,0,0,0
700,1,1,569,1,1,1,4321.45,18642.4,299.244,46.3844,0.482746,205.328,14988.4,61.1562,23.1957,0.267264,37.6932,93.1911,23.1887,0.0718272,69.9306,154.347,0,0,0
700,1,1,570,1,1,1,4318.22,18632.7,405.511,46.3844,0.482746,311.904,13089.1,89.9843,23.1957,0.267264,66.5213,101.921,23.1887,0.0718272,78.6604,191.905,0,0,0
700,1,1,571,1,1,1,4315.66,18638.9,292.08,46.3844,0.482746,198.144,15112.2,92.428,23.1957,0.267264,68.965,54.9835,23.1887,0.0718272,31.723,147.411,0,0,0
700,1,1,572,1,1,1,4322.1,18662.3,413.645,46.3844,0.482746,320.061,12974.1,101.093,23.1957,0.267264,77.6299,95.18,23.1887,0.0718272,71.9195,196.273,0,0,0
700,1,1,573,1,1,1,4318.98,18642.2,341.405,46.3844,0.482746,247.611,14238.5,55.4476,23.1957,0.267264,31.9847,89.836,23.1887,0.0718272,66.5755,145.284,0,0,0
700,1,1,574,1,1,1,4328,18647.1,328.111,46.3844,0.482746,234.279,14479.8,53.4407,23.1957,0.267264,29.9777,89.845,23.1887,0.0718272,66.5845,143.286,0,0,0
700,1,1,575,1,1,1,4334.02,18648.2,385.199,46.3844,0.482746,291.533,13465.7,85.7484,23.1957,0.267264,62.2855,99.8743,23.1887,0.0718272,76.6138,185.623,0,0,0
700,1,1,576,1,1,1,4317.26,18630.5,391.703,46.3844,0.482746,298.056,13332.4,96.4058,23.1957,0.267264,72.9428,79.2959,23.1887,0.0718272,56.0354,175.702,0,0,0
700,1,1,577,1,1,2,10318.9,24638,487.446,69.5741,0.519494,371.487,18036.8,96.431,23.1957,0.267264,72.9681,173.383,46.3784,0.108576,126.895,269.814,1,0,0
700,1,1,578,1,1,1,4333.7,18646.9,399.043,46.3844,0.770054,305.13,13217.5,81.9656,23.1957,0.267264,58.5026,97.5316,23.1887,0.0718272,74.2711,179.497,0,0,0
700,1,1,579,1,1,1,4317.26,18653.5,357.167,46.3844,0.482746,263.42,13969.5,98.8928,23.1957,0.267264,75.4298,66.1913,23.1887,0.0718272,42.9308,165.084,0,0,0
700,1,1,580,1,1,1,4316.3,18629.8,295.284,46.3844,0.482746,201.356,15046.2,60.3314,23.1957,0.267264,36.8685,94.3444,23.1887,0.0718272,71.0839,154.676,0,0,0
700,1,1,581,1,1,1,4322.12,24637.6,408.518,52.1883,0.696557,309.061,19139.9,122.057,28.9996,0.481075,92.0358,83.4253,23.1887,0.0718272,60.1648,205.482,0,0,0
700,1,1,582,1,1,1,4319.18,18633,291.334,46.3844,0.482746,197.395,15119.7,61.1779,23.1957,0.267264,37.7149,92.6352,23.1887,0.0718272,69.3747,153.813,0,0,0
700,1,1,583,1,1,1,4318.54,18654.8,391.327,46.3844,0.482746,297.678,13363.4,96.7378,23.1957,0.267264,73.2749,78.9981,23.1887,0.0718272,55.7376,175.736,0,0,0
700,1,1,584,1,1,1,4321.18,18657.6,319.256,46.3844,0.482746,225.398,14647.7,62.8112,23.1957,0.267264,39.3482,94.3732,23.1887,0.0718272,71.1127,157.184,0,0,0
700,1,1,585,1,1,1,4336.39,18661.1,342.238,46.3844,0.482746,248.447,14242.6,55.6768,23.1957,0.267264,32.2139,89.9713,23.1887,0.0718272,66.7108,145.648,0,0,0
700,1,1,586,1,1,1,4326.15,18646.7,412.936,46.3844,0.482746,319.35,12971,99.8042,23.1957,0.267264,76.3412,95.4236,23.1887,0.0718272,72.1631,195.228,0,0,0
700,1,1,587,1,1,1,4334.34,18658,365.341,46.3952,0.50112,271.588,13828.7,72.1676,23.2065,0.285638,48.6755,88.6448,23.1887,0.0718272,65.3843,160.812,0,0,0
700,1,1,588,1,1,1,4325.13,18659.8,408.945,46.3844,0.517824,315.313,13054.9,94.2751,23.1957,0.302342,70.777,100.015,23.1887,0.0718272,76.7545,194.29,0,0,0
700,1,1,589,1,1,1,4318.22,18643.7,386.371,46.3844,0.482746,292.708,13440.4,89.2624,23.1957,0.267264,65.7994,102.309,23.1887,0.0718272,79.0484,191.571,0,0,0
700,1,1,590,1,1,1,4318.34,18640.9,414.644,46.3844,0.678182,320.868,12934.4,102.115,23.1957,0.462701,78.4565,97.8511,23.1887,0.0718272,74.5906,199.966,0,0,0
700,1,1,591,1,0,0,-1,-1,483.393,23.1957,0.267264,412.779,257924,-1,-1,-1,-1,-1,-1,-1,-1,-1,0,0,0
700,1,1,592,1,1,1,4317.58,18685.5,386.015,46.3844,0.678182,292.156,13488,94.5311,23.1957,0.462701,70.8727,71.2177,23.1887,0.0718272,47.9571,165.749,0,0,0
700,1,1,593,1,1,1,4330.44,18681.8,316.011,46.3844,0.482746,222.144,14729.6,97.1223,23.1957,0.267264,73.6593,65.0416,23.1887,0.0718272,41.7811,162.164,0,0,0
700,1,1,594,1,0,0,-1,-1,584.096,23.1957,0.267264,513.776,262338,-1,-1,-1,-1,-1,-1,-1,-1,-1,0,0,0
700,1,1,595,1,1,1,4332.36,18645.9,272.541,46.3844,0.482746,178.547,15466.7,81.1101,23.1957,0.267264,57.6471,46.1598,23.1887,0.0718272,22.8993,127.27,0,0,0
700,1,1,596,1,1,1,4316.3,18638.8,372.744,46.3844,0.482746,279.042,13677.8,92.9044,23.1957,0.267264,69.4415,63.069,23.1887,0.0718272,39.8085,155.973,0,0,0
700,1,1,597,1,1,1,4315.66,18673.9,397.386,46.3844,0.678182,303.56,13274.2,95.0635,23.1957,0.462701,71.4051,96.9505,23.1887,0.0718272,73.69,192.014,0,0,0
700,1,1,598,1,1,1,4320.18,18648.2,393.889,46.3844,0.482746,300.248,13311.2,96.8136,23.1957,0.267264,73.3507,82.8352,23.1887,0.0718272,59.5746,179.649,0,0,0
700,1,1,599,1,1,1,4328.64,18659.2,394.809,46.3844,0.50112,301.153,13305.7,93.2997,23.1957,0.267264,69.8367,96.6169,23.1887,0.0902016,73.338,189.917,0,0,0
700,1,1,600,1,1,1,4380.34,18710.7,376.435,46.3844,0.748339,282.478,13683.1,91.4052,23.1957,0.462701,67.7468,65.0288,23.1887,0.141984,41.6981,156.434,0,0,0
700,1,1,601,1,1,1,4316.62,18645.7,393.545,46.3844,0.482746,299.904,13314.8,90.4644,23.1957,0.267264,67.0014,93.0287,23.1887,0.0718272,69.7682,183.493,0,0,0
700,1,1,602,1,1,1,4321.96,18640.7,378.86,46.3844,0.6264,285.032,13570.6,78.7169,23.1957,0.267264,55.254,93.294,23.1887,0.0718272,70.0335,172.011,0,0,0
700,1,1,603,1,1,1,4317.26,18631.9,393.554,46.3844,0.482746,299.913,13300.8,93.0885,23.1957,0.267264,69.6256,95.4074,23.1887,0.0718272,72.1469,188.496,0,0,0
700,1,1,604,1,1,1,4320.71,18637,305.478,46.3844,0.482746,211.58,14872.1,60.7646,23.1957,0.267264,37.3016,92.8319,23.1887,0.0718272,69.5714,153.597,0,0,0
700,1,1,605,1,1,1,4320.78,18638.9,405.059,46.3844,0.482746,311.451,13103.3,87.111,23.1957,0.267264,63.6481,102.419,23.1887,0.0718272,79.1585,189.53,0,0,0
700,1,1,606,1,1,1,4333.59,18661.5,394.728,46.3844,0.482746,301.089,13309.6,86.9215,23.1957,0.267264,63.4586,94.4111,23.1887,0.0718272,71.1506,181.333,0,0,0
700,1,1,607,1,1,1,4323.05,18663.8,378.515,46.3844,0.482746,284.83,13600.2,78.8378,23.1957,0.267264,55.3749,93.0738,23.1887,0.0718272,69.8133,171.912,0,0,0
700,1,1,608,1,1,1,4322.12,18636,341.611,46.3844,0.517824,247.783,14228.4,55.6227,23.1957,0.267264,32.1597,90.7644,23.1887,0.106906,67.4688,146.387,0,0,0
700,1,1,609,1,1,1,4317.9,18641.3,384.36,46.3844,0.482746,290.692,13473.7,93.3845,23.1957,0.267264,69.9216,69.6926,23.1887,0.0718272,46.4321,163.077,0,0,0
700,1,1,610,1,1,1,4331.4,18654.9,388.561,46.3844,0.482746,294.904,13412.7,95.386,23.1957,0.267264,71.9231,76.1069,23.1887,0.0718272,52.8463,171.493,0,0,0
700,1,1,611,1,1,1,4318.66,18654.4,310.959,46.3844,0.517824,217.042,14791.8,96.0763,23.1957,0.302342,72.5782,62.6449,23.1887,0.0718272,39.3843,158.721,0,0,0
700,1,1,612,1,1,1,4317.58,18634.3,413.211,46.3844,0.482746,319.626,12953.7,101.403,23.1957,0.267264,77.9403,97.3674,23.1887,0.0718272,74.1069,198.771,0,0,0
700,1,1,613,1,1,1,4330.56,18725.1,414.95,46.3844,0.517824,321.336,13013.3,101.265,23.1957,0.302342,77.767,95.4615,23.1887,0.0718272,72.201,196.727,0,0,0
700,1,1,614,1,1,1,4331.3,18646.4,346.681,46.3844,0.482746,252.903,14148.9,62.5116,23.1957,0.267264,39.0487,83.3676,23.1887,0.0718272,60.1071,145.879,0,0,0
700,1,1,615,1,1,1,4316.3,18636.7,406.096,46.3844,0.482746,312.49,13082.6,91.7349,23.1957,0.267264,68.272,97.9034,23.1887,0.0718272,74.6429,189.638,0,0,0
700,1,1,616,1,1,1,4321.54,18645.9,333.033,46.3844,0.482746,239.215,14391,54.8232,23.1957,0.267264,31.3602,90.4983,23.1887,0.0718272,67.2378,145.321,0,0,0
700,1,1,617,1,1,1,4316.62,18640.3,314.908,46.3844,0.482746,221.037,14707.8,96.2271,23.1957,0.267264,72.7641,64.2403,23.1887,0.0718272,40.9798,160.467,0,0,0
700,1,1,618,1,1,1,4319.37,18657,353.548,46.3844,0.482746,259.79,14037.3,98.7231,23.1957,0.267264,75.2602,65.2456,23.1887,0.0718272,41.9851,163.969,0,0,0
700,1,1,619,1,1,1,4327.82,18678.2,386.146,46.3844,0.482746,292.482,13478.9,94.6858,23.1957,0.267264,71.2228,71.9035,23.1887,0.0718272,48.643,166.589,0,0,0
700,1,1,620,1,1,1,4345.14,18659.7,319.691,46.3844,0.482746,225.835,14642.1,62.656,23.1957,0.267264,39.193,94.2018,23.1887,0.0718272,70.9413,156.858,0,0,0
700,1,1,621,1,1,1,4328.87,18659.8,368.211,46.3844,0.482746,274.496,13779.4,74.1977,23.1957,0.267264,50.7347,89.8955,23.1887,0.0718272,66.635,164.093,0,0,0
700,1,1,622,1,1,1,4330.64,18652.5,395.813,46.3844,0.482746,302.178,13281.3,90.2839,23.1957,0.267264,66.8209,94.9688,23.1887,0.0718272,71.7083,185.253,0,0,0
700,1,1,623,1,1,1,4317.7,18637.9,288.976,46.3844,0.482746,195.03,15166.5,59.5012,23.1957,0.267264,36.0382,92.036,23.1887,0.0718272,68.7755,151.537,0,0,0
700,1,1,624,1,1,1,4320.96,18640.7,320.751,46.3844,0.482746,226.898,14604.3,62.36,23.1957,0.267264,38.897,91.2221,23.1887,0.0718272,67.9615,153.582,0,0,0
700,1,1,625,0,0,0,-1,-1,338.015,23.206,0.516154,266.721,251867,-1,-1,-1,-1,-1,-1,-1,-1,-1,0,0,0
700,1,1,626,1,1,1,4331.42,18650.7,395.142,46.3844,0.482746,301.504,13291.4,90.6557,23.1957,0.267264,67.1927,94.6963,23.1887,0.0718272,71.4358,185.352,0,0,0
700,1,1,627,1,1,1,4321.45,18652.6,348.45,46.3844,0.482746,254.677,14123.6,101.824,23.1957,0.267264,78.3608,64.9875,23.1887,0.0718272,41.727,166.811,0,0,0
700,1,1,628,1,1,1,4316.62,18651,408.975,46.3844,0.482746,315.378,13045.7,98.7159,23.1957,0.267264,75.2529,94.4166,23.1887,0.0718272,71.156,193.132,0,0,0
700,1,1,629,1,1,1,4318.22,18644.1,393.024,46.3844,0.482746,299.38,13322.5,95.2381,23.1957,0.267264,71.7751,100.445,23.1887,0.0718272,77.1841,195.683,0,0,0
700,1,1,630,1,1,1,4317.9,18633.7,400.396,46.3844,0.482746,306.774,13181,91.8143,23.1957,0.267264,68.3514,95.7954,23.1887,0.0718272,72.5349,187.61,0,0,0
700,1,1,631,1,1,1,4316.94,18659.2,350.169,46.3844,0.482746,256.401,14099.7,103.343,23.1957,0.267264,79.8804,65.7094,23.1887,0.0718272,42.4489,169.053,0,0,0
700,1,1,632,1,1,1,4322.97,18636.8,339.134,46.3844,0.482746,245.334,14273.5,53.9045,23.1957,0.267264,30.4416,91.7075,23.1887,0.0718272,68.447,145.612,0,0,0
700,1,1,633,1,1,1,4319.55,18636,405.496,46.3844,0.482746,311.889,13092.6,93.0615,23.1957,0.267264,69.5985,100.23,23.1887,0.0718272,76.9693,193.291,0,0,0
700,1,1,634,1,1,1,4322.99,18640.4,271.977,46.3844,0.482746,177.982,15471.2,56.2201,23.1957,0.267264,32.7571,83.0644,23.1887,0.0718272,59.8039,139.284,0,0,0
700,1,1,635,1,1,1,4320.26,18659.6,406.411,46.3844,0.482746,312.806,13100,93.6625,23.1957,0.267264,70.1995,92.563,23.1887,0.0718272,69.3025,186.225,0,0,0
700,1,1,636,1,1,1,4318.22,18635,396.891,46.3844,0.482746,303.259,13244.7,83.2524,23.1957,0.267264,59.7894,96.6563,23.1887,0.0718272,73.3958,179.909,0,0,0
700,1,1,637,1,1,1,4318.15,18649,389.576,46.3844,0.482746,295.922,13388.7,92.7547,23.1957,0.267264,69.2917,93.7596,23.1887,0.0718272,70.4991,186.514,0,0,0
700,1,1,638,1,1,1,4319.82,18647.3,254.649,46.3844,0.482746,160.604,15786.3,72.2972,23.1957,0.267264,48.8343,39.2673,23.1887,0.0718272,16.0068,111.565,0,0,0
700,1,1,639,1,1,1,4343.02,18664.7,408.027,46.3844,0.517824,314.393,13076,96.6314,23.1957,0.267264,73.1684,92.9482,23.1887,0.106906,69.6526,189.58,0,0,0
700,1,1,640,1,1,1,4317.58,18638.5,320.202,46.3844,0.482746,226.347,14611.8,59.7178,23.1957,0.267264,36.2548,90.1825,23.1887,0.0718272,66.922,149.9,0,0,0
700,1,1,641,1,1,1,4326.79,18643.2,326.299,46.3844,0.482746,232.462,14508.1,54.3052,23.1957,0.267264,30.8422,89.1646,23.1887,0.0718272,65.9041,143.47,0,0,0
700,1,1,642,1,1,1,4317.51,18640.2,398.376,46.3844,0.517824,304.713,13223.2,81.8147,23.1957,0.302342,58.3167,98.0442,23.1887,0.0718272,74.7837,179.859,0,0,0
700,1,1,643,1,1,1,4328.53,18685.6,394.2,46.3844,0.482746,300.561,13343.1,93.5163,23.1957,0.267264,70.0533,95.651,23.1887,0.0718272,72.3905,189.167,0,0,0
700,1,1,644,1,1,1,4328.46,18651.4,405.64,46.3844,0.482746,312.034,13105.4,95.8661,23.1957,0.267264,72.4032,92.1461,23.1887,0.0718272,68.8856,188.012,0,0,0
700,1,1,645,1,1,1,4319.18,18634.3,346.274,46.3844,0.482746,252.495,14144,60.1961,23.1957,0.267264,36.7331,85.046,23.1887,0.0718272,61.7855,145.242,0,0,0
700,1,1,646,1,1,1,4317.45,18644.6,349.125,46.3844,0.482746,255.354,14103.6,101.1,23.1957,0.267264,77.6371,65.39,23.1887,0.0718272,42.1294,166.49,0,0,0
700,1,1,647,1,1,1,4316.62,18636.2,336.596,46.3844,0.482746,242.789,14318,98.3261,23.1957,0.267264,74.8631,65.8989,23.1887,0.0718272,42.6384,164.225,0,0,0
700,1,1,648,1,1,1,4323.08,18645.8,394.864,46.3844,0.482746,301.227,13291.5,94.3393,23.1957,0.267264,70.8763,96.1383,23.1887,0.0718272,72.8778,190.478,0,0,0
700,1,1,649,1,1,1,4316.3,18632.1,351.29,46.3844,0.482746,257.525,14052.6,99.6833,23.1957,0.267264,76.2203,64.8954,23.1887,0.0718272,41.6349,164.579,0,0,0
700,1,1,650,1,1,1,4350.86,18712,376.201,46.3844,0.482746,282.509,13689.6,91.7548,23.1957,0.267264,68.2918,65.4549,23.1887,0.0718272,42.1944,157.21,0,0,0
700,1,1,651,1,1,1,4316.94,18640,378.631,46.3844,0.482746,284.945,13574.3,78.6032,23.1957,0.267264,55.1402,92.7976,23.1887,0.0718272,69.5371,171.401,0,0,0
700,1,1,652,1,1,1,4314.06,18634.4,284.209,46.3844,0.482746,190.249,15247.8,91.3505,23.1957,0.267264,67.8876,53.379,23.1887,0.0718272,30.1185,144.73,0,0,0
700,1,1,653,1,1,1,4340.56,18688.5,415.062,46.3844,0.623059,321.343,12974,103.728,23.1957,0.372499,80.1602,97.2545,23.1887,0.106906,73.9589,200.983,0,0,0
700,1,1,654,1,1,1,4315.66,18629.8,363.496,46.3844,0.482746,269.767,13833.3,94.6569,23.1957,0.267264,71.1939,68.265,23.1887,0.0718272,45.0045,162.922,0,0,0
700,1,1,655,1,1,1,4317.68,18637,268.456,46.3844,0.482746,174.45,15530.5,79.2295,23.1957,0.267264,55.7665,44.0301,23.1887,0.0718272,20.7696,123.26,0,0,0
700,1,1,656,1,1,1,4317.26,18631.4,362.264,46.3844,0.482746,268.531,13856.8,93.7617,23.1957,0.267264,70.2988,67.2832,23.1887,0.0718272,44.0227,161.045,0,0,0
700,1,1,657,1,1,1,4315.02,18628.9,397.015,46.3844,0.482746,303.383,13236.3,84.1999,23.1957,0.267264,60.7369,96.5119,23.1887,0.0718272,73.2514,180.712,0,0,0
700,1,1,658,1,1,1,4316.62,18630.8,277.612,46.3844,0.482746,183.633,15361.4,57.5538,23.1957,0.267264,34.0909,85.3456,23.1887,0.0718272,62.0851,142.899,0,0,0
700,1,1,659,1,1,1,4325.48,18656.3,385.792,46.3844,0.517824,292.092,13463,94.6732,23.1957,0.267264,71.2102,72.0324,23.1887,0.106906,48.7368,166.706,0,0,0
700,1,1,660,1,1,1,4319.18,18636.2,360.955,46.3844,0.482746,267.219,13884.9,95.0449,23.1957,0.267264,71.582,66.8428,23.1887,0.0718272,43.5823,161.888,0,0,0
700,1,1,661,1,1,1,4316.74,18638.7,289.427,46.3844,0.517824,195.447,15159,58.9768,23.1957,0.302342,35.4788,91.962,23.1887,0.0718272,68.7015,150.939,0,0,0
700,1,1,662,1,1,1,4319.62,18636,300.803,46.3844,0.482746,206.891,14954.3,61.8908,23.1957,0.267264,38.4278,93.7379,23.1887,0.0718272,70.4774,155.629,0,0,0
700,1,1,663,1,1,1,4317.9,18644,353.501,46.3844,0.482746,259.743,14025.2,98.2503,23.1957,0.267264,74.7873,65.5235,23.1887,0.0718272,42.263,163.774,0,0,0
700,1,1,664,1,1,1,4330.34,18648.5,396.353,46.3844,0.482746,302.719,13267.7,93.4026,23.1957,0.267264,69.9396,96.8566,23.1887,0.0718272,73.5961,190.259,0,0,0
700,1,1,665,1,1,1,4323.53,18642,338.398,46.3844,0.482746,244.596,14291.8,56.2724,23.1957,0.267264,32.8095,90.7293,23.1887,0.0718272,67.4688,147.002,0,0,0
700,1,1,666,1,1,1,4328.94,18666.8,341.916,46.3844,0.661478,247.945,14253.4,55.7336,23.1957,0.302342,32.2355,89.8883,23.1887,0.0718272,66.6278,145.622,0,0,0
700,1,1,667,1,1,1,4331.27,18656.3,405.163,46.3844,0.713261,311.324,13118.2,88.189,23.1957,0.462701,64.5306,100.925,23.1887,0.106906,77.6299,189.114,0,0,0
700,1,1,668,1,1,1,4329.57,18648.8,391.693,46.3844,0.517824,298.01,13350.6,95.2543,23.1957,0.267264,71.7913,100.292,23.1887,0.106906,76.9964,195.546,0,0,0
700,1,1,669,1,1,1,4320.9,18644.8,291.2,46.3844,0.482746,197.261,15133.8,92.6373,23.1957,0.267264,69.1744,54.747,23.1887,0.0718272,31.4865,147.384,0,0,0
700,1,1,670,1,1,1,4349.13,18663.6,310.717,46.3844,0.517824,216.8,14805.4,62.8942,23.1957,0.267264,39.4313,93.9282,23.1887,0.106906,70.6327,156.822,0,0,0
700,1,1,671,1,1,1,4319.43,18647.9,365.334,46.3844,0.482746,271.61,13818.6,72.2774,23.1957,0.267264,48.8144,88.43,23.1887,0.0718272,65.1695,160.707,0,0,0
700,1,1,672,1,1,1,4320.07,18642,321.93,46.3844,0.482746,228.08,14584.6,96.0737,23.1957,0.267264,72.6107,61.5999,23.1887,0.0718272,38.3394,157.674,0,0,0
700,1,1,673,1,1,1,4321.19,18637.3,371.28,46.3844,0.6264,277.43,13701.9,76.0963,23.1957,0.267264,52.6334,91.0488,23.1887,0.0718272,67.7883,167.145,0,0,0
700,1,1,674,1,1,1,4319.18,18636.7,329.189,46.3844,0.482746,235.36,14450.2,100.512,23.1957,0.267264,77.0487,63.2856,23.1887,0.0718272,40.025,163.797,0,0,0
700,1,1,675,1,1,1,4323.27,24647.9,462.376,52.1883,0.801792,362.971,18191.7,203.595,28.9996,0.58631,173.705,66.6551,23.1887,0.0718272,43.3946,270.25,0,0,0
700,1,1,676,1,1,1,4317.26,18637,294.985,46.3844,0.482746,201.057,15058.7,60.1762,23.1957,0.267264,36.7132,93.9527,23.1887,0.0718272,70.6922,154.129,0,0,0
700,1,1,677,1,1,1,4319.42,18636.8,298.057,46.3844,0.482746,204.137,15004,61.1743,23.1957,0.267264,37.7113,93.0178,23.1887,0.0718272,69.7573,154.192,0,0,0
700,1,1,678,1,1,1,4315.98,24665.3,375.394,52.1883,0.731635,275.806,19756.4,187.17,28.9996,0.516154,157.297,44.2666,23.1887,0.0718272,21.0061,231.436,0,0,0
700,1,1,679,1,1,1,4313.74,18629.5,297.74,46.3844,0.482746,203.82,15002.3,93.0759,23.1957,0.267264,69.6129,57.9163,23.1887,0.0718272,34.6558,150.992,0,0,0
700,1,1,680,1,1,1,4315.98,18665.7,395.3,46.3844,0.482746,301.663,13303.7,93.2275,23.1957,0.267264,69.7645,96.1925,23.1887,0.0718272,72.932,189.42,0,0,0
700,1,1,681,1,1,1,4318.22,18632.1,275.62,46.3844,0.482746,181.635,15398.2,84.5284,23.1957,0.267264,61.0654,48.5259,23.1887,0.0718272,25.2654,133.054,0,0,0
700,1,1,682,1,1,1,4316.75,18630.6,355.009,46.3844,0.482746,261.256,13985,67.9044,23.1957,0.267264,44.4414,83.9686,23.1887,0.0718272,60.7081,151.873,0,0,0
700,1,1,683,1,1,1,4316.3,18631.1,394.057,46.3844,0.50112,300.398,13290.9,94.1498,23.1957,0.267264,70.6868,94.3663,23.1887,0.0902016,71.0875,188.516,0,0,0
700,1,1,684,1,1,1,4330.06,18647.5,367.046,46.3844,0.517824,273.292,13787.6,74.3565,23.1957,0.267264,50.8936,89.4036,23.1887,0.106906,66.108,163.76,0,0,0
700,1,1,685,1,1,1,4325.38,18689.4,414.342,46.3844,0.587981,320.655,12988,101.123,23.1957,0.337421,77.5902,95.4587,23.1887,0.106906,72.1631,196.582,0,0,0
700,1,1,686,1,1,1,4314.7,18633.1,345.851,46.3844,0.482746,252.071,14150.4,101.856,23.1957,0.267264,78.3933,65.5578,23.1887,0.0718272,42.2973,167.414,0,0,0
700,1,1,687,1,1,1,4315.98,18629.5,362.321,46.3844,0.482746,268.589,13853.9,93.8411,23.1957,0.267264,70.3782,67.6369,23.1887,0.0718272,44.3764,161.478,0,0,0
700,1,1,688,1,1,1,4316.94,24632.7,289.627,52.1883,0.696557,189.825,21249.1,151.017,28.9996,0.481075,121.08,27.0127,23.1887,0.0718272,3.75218,178.03,0,0,0
700,1,1,689,1,1,1,4313.1,18630.2,390.247,46.3844,0.482746,296.595,13358,88.1705,23.1957,0.267264,64.7075,94.2776,23.1887,0.0718272,71.0171,182.448,0,0,0
700,1,1,690,1,1,1,4319.68,18634.8,291.046,46.3844,0.482746,197.106,15126.6,60.714,23.1957,0.267264,37.2511,93.155,23.1887,0.0718272,69.8945,153.869,0,0,0
700,1,1,691,1,1,1,4328.94,18647.1,321.346,46.3844,0.517824,227.459,14599.9,58.052,23.1957,0.267264,34.589,87.3299,23.1887,0.106906,64.0343,145.382,0,0,0
700,1,1,692,1,1,1,4338.32,18665.5,394.272,46.3844,0.482746,300.633,13321.7,93.8267,23.1957,0.267264,70.3637,95.9254,23.1887,0.0718272,72.6649,189.752,0,0,0
700,1,1,693,1,1,1,4320.71,18669,392.972,46.3844,0.517824,299.294,13348.1,90.2161,23.1957,0.302342,66.718,92.3446,23.1887,0.0718272,69.0841,182.561,0,0,0
700,1,1,694,1,1,1,4316.94,18678.6,397.535,46.3844,0.482746,303.905,13276.8,95.4276,23.1957,0.267264,71.9646,97.1869,23.1887,0.0718272,73.9264,192.614,0,0,0
700,1,1,695,1,1,1,4317.43,18630.6,326.339,46.3844,0.482746,232.502,14494.8,54.5344,23.1957,0.267264,31.0714,88.4535,23.1887,0.0718272,65.193,142.988,0,0,0
700,1,1,696,1,1,1,4334.32,18649.8,389.971,46.3844,0.6264,296.175,13382.1,92.8431,23.1957,0.267264,69.3801,100.358,23.1887,0.0718272,77.0974,193.201,0,0,0
700,1,1,697,1,1,1,4316.62,24667.5,474.509,52.1883,1.10246,374.839,17994.4,174.973,28.9996,0.886982,144.694,94.7396,23.1887,0.0718272,71.4791,269.713,0,0,0
700,1,1,698,1,1,1,4317.58,18651.9,349.029,46.3844,0.482746,255.258,14112.6,100.829,23.1957,0.267264,77.3664,64.7998,23.1887,0.0718272,41.5393,165.629,0,0,0
700,1,1,699,1,1,1,4322.76,18635.6,339.508,46.3844,0.482746,245.709,14265.7,55.0596,23.1957,0.267264,31.5966,91.8068,23.1887,0.0718272,68.5463,146.866,0,0,0
700,1,1,700,1,1,1,4316.94,18670.2,365.673,46.3844,0.552902,271.88,13834.5,73.0965,23.1957,0.337421,49.5634,88.4589,23.1887,0.0718272,65.1984,161.555,0,0,0
