N,seed,dutyCycle,devId,registered,authSuccess,attempts,latencyMs,e2eMs,fullEnergyMJ,fullCpuEnergyMJ,fullTxEnergyMJ,fullRxEnergyMJ,idleListeningMs,regEnergyMJ,regCpuEnergyMJ,regTxEnergyMJ,regRxEnergyMJ,authEnergyMJ,authCpuEnergyMJ,authTxEnergyMJ,authRxEnergyMJ,sessionEnergyMJ,fallbackUsed,replayRejected,desync
700,3,1,1,1,1,1,4325.26,18650.3,381.672,46.3844,0.482746,287.996,13530.5,91.8541,23.1957,0.267264,68.3911,80.2832,23.1887,0.0718272,57.0227,172.137,0,0,0
700,3,1,2,1,1,1,4319.35,18639.6,390.498,46.3844,0.517824,296.812,13362.7,89.7198,23.1957,0.302342,66.2217,87.9824,23.1887,0.0718272,64.7219,177.702,0,0,0
700,3,1,3,1,1,1,4315.27,18637.6,393.34,46.3844,0.482746,299.698,13310.4,90.2261,23.1957,0.267264,66.7632,94.4508,23.1887,0.0718272,71.1903,184.677,0,0,0
700,3,1,4,1,1,1,4319.62,18651.6,351.9,46.3844,0.482746,258.137,14061.3,94.3176,23.1957,0.267264,70.8546,57.0229,23.1887,0.0718272,33.7624,151.341,0,0,0
700,3,1,5,1,1,1,4337.99,18670.9,390.536,46.3844,0.805133,296.563,13411.3,90.1872,23.1957,0.302342,66.6892,87.6955,23.1887,0.0718272,64.435,177.883,0,0,0
700,3,1,6,1,1,1,4323.21,18636.7,403.681,46.3844,0.482746,310.068,13125.6,88.0351,23.1957,0.267264,64.5721,91.1444,23.1887,0.0718272,67.8839,179.18,0,0,0
700,3,1,7,1,1,1,4336.22,18657.3,299.122,46.3844,0.482746,205.206,15005.4,92.3937,23.1957,0.267264,68.9307,58.0769,23.1887,0.0718272,34.8164,150.471,0,0,0
700,3,1,8,1,1,1,4350.83,18666,391.006,46.3844,0.482746,297.357,13380.2,91.1682,23.1957,0.267264,67.7053,92.1136,23.1887,0.0718272,68.8531,183.282,0,0,0
700,3,1,9,1,1,1,4324.24,18650.3,291.132,46.3844,0.482746,197.192,15140.5,86.788,23.1957,0.267264,63.325,57.7232,23.1887,0.0718272,34.4627,144.511,0,0,0
700,3,1,10,1,1,1,4336.84,18658.4,305.538,46.3844,0.517824,211.606,14892.2,64.1811,23.1957,0.267264,40.7181,93.2532,23.1887,0.106906,69.9577,157.434,0,0,0
700,3,1,11,1,1,1,4333.05,18656.2,399.145,46.3844,0.552902,305.45,13225.2,83.8072,23.1957,0.302342,60.3092,92.6938,23.1887,0.106906,69.3982,176.501,0,0,0
700,3,1,12,1,1,1,4317.58,18632.1,388.012,46.3844,0.482746,294.354,13399.6,89.5241,23.1957,0.267264,66.0611,86.2119,23.1887,0.0718272,62.9514,175.736,0,0,0
700,3,1,13,1,1,1,4317.26,18640.2,282.746,46.3844,0.482746,188.782,15279.5,89.1848,23.1957,0.267264,65.7218,57.8603,23.1887,0.0718272,34.5998,147.045,0,0,0
700,3,1,14,1,1,1,4357.01,18681.9,393.234,46.3844,0.661478,299.413,13355.9,90.5482,23.1957,0.302342,67.0501,89.0148,23.1887,0.0718272,65.7543,179.563,0,0,0
700,3,1,15,1,1,1,4322.89,18653.9,378.004,46.3844,0.482746,284.317,13599.4,65.3,23.1957,0.267264,41.8371,95.0139,23.1887,0.0718272,71.7534,160.314,0,0,0
700,3,1,16,1,1,1,4320.58,18643.8,397.465,46.3844,0.482746,303.834,13243.2,98.3441,23.1957,0.267264,74.8812,90.0309,23.1887,0.0718272,66.7704,188.375,0,0,0
700,3,1,17,1,1,1,4330.38,18643.2,369.827,46.3844,0.482746,276.116,13734.1,97.1277,23.1957,0.267264,73.6647,69.3316,23.1887,0.0718272,46.0711,166.459,0,0,0
700,3,1,18,1,1,1,4325,18658.7,295.835,46.3844,0.678182,201.713,15064.9,89.1546,23.1957,0.462701,65.4962,57.9036,23.1887,0.0718272,34.6431,147.058,0,0,0
700,3,1,19,1,1,1,4316.94,18667.6,396.928,46.3844,0.873619,302.905,13275.7,82.4268,23.1957,0.658138,58.573,92.6605,23.1887,0.0718272,69.4,175.087,0,0,0
700,3,1,20,1,1,1,4333.38,18662.8,409.083,46.3952,0.50112,315.457,13055.6,103.105,23.2065,0.285638,79.6133,93.3373,23.1887,0.0718272,70.0768,196.443,0,0,0
700,3,1,21,1,1,1,4325.14,18641,359.534,46.3844,0.482746,265.793,13915,94.7363,23.1957,0.267264,71.2734,60.2012,23.1887,0.0718272,36.9406,154.937,0,0,0
700,3,1,22,1,1,1,4316.42,18672,409.645,46.3844,0.517824,316.015,13054.6,102.999,23.1957,0.302342,79.5014,94.2559,23.1887,0.0718272,70.9954,197.255,0,0,0
700,3,1,23,1,1,1,4315.34,18630.1,393.319,46.3844,0.482746,299.676,13303.3,93.9855,23.1957,0.267264,70.5226,90.751,23.1887,0.0718272,67.4905,184.737,0,0,0
700,3,1,24,1,1,1,4320.52,18632.1,360.296,46.3844,0.517824,266.522,13892.3,57.8336,23.1957,0.267264,34.3706,96.464,23.1887,0.106906,73.1684,154.298,0,0,0
700,3,1,25,1,1,1,4330.64,18654.5,349.521,46.3844,0.482746,255.751,14106.4,59.6257,23.1957,0.267264,36.1628,101.811,23.1887,0.0718272,78.5503,161.437,0,0,0
700,3,1,26,1,1,1,4317.51,18658,379.84,46.3844,0.482746,286.158,13570.8,69.7741,23.1957,0.267264,46.3112,91.9151,23.1887,0.0718272,68.6546,161.689,0,0,0
700,3,1,27,1,1,1,4338.63,18673,347.039,46.3844,0.552902,253.192,14168.6,93.738,23.1957,0.337421,70.2049,56.828,23.1887,0.0718272,33.5675,150.566,0,0,0
700,3,1,28,1,1,2,10324.2,24644.2,493.802,69.5741,0.519494,377.862,17930,66.3486,23.1957,0.267264,42.8857,210.764,46.3784,0.108576,164.277,277.112,1,0,0
700,3,1,29,1,1,1,4329.7,18655.5,408.271,46.3844,0.482746,314.672,13062.8,103.524,23.1957,0.267264,80.0609,91.7942,23.1887,0.0718272,68.5337,195.318,0,0,0
700,3,1,30,1,1,1,4328.39,18655.1,353.809,46.3844,0.482746,260.052,14030.8,58.3155,23.1957,0.267264,34.8525,100.439,23.1887,0.0718272,77.1787,158.755,0,0,0
700,3,1,31,1,1,1,4327.88,18647.7,408.169,46.3844,0.517824,314.535,13056.6,102.705,23.1957,0.302342,79.2073,91.5397,23.1887,0.0718272,68.2792,194.245,0,0,0
700,3,1,32,1,1,1,4317.58,18644,270.748,46.3844,0.482746,176.749,15496.7,86.6508,23.1957,0.267264,63.1879,55.7505,23.1887,0.0718272,32.49,142.401,0,0,0
700,3,1,33,1,1,1,4323.69,18649.5,401.411,46.3844,0.482746,307.792,13178.8,84.2739,23.1957,0.267264,60.8109,90.233,23.1887,0.0718272,66.9725,174.507,0,0,0
700,3,1,34,1,1,1,4320.58,18635.6,392.194,46.3844,0.482746,298.548,13328.8,80.9621,23.1957,0.267264,57.4991,91.9963,23.1887,0.0718272,68.7358,172.958,0,0,0
700,3,1,35,1,1,1,4318.47,18638.5,326.308,46.3844,0.482746,232.471,14503.3,62.6217,23.1957,0.267264,39.1587,103.702,23.1887,0.0718272,80.4417,166.324,0,0,0
700,3,1,36,1,1,1,4332.87,18657.8,402.466,46.3844,0.482746,308.85,13168.3,102.288,23.1957,0.267264,78.8246,93.7758,23.1887,0.0718272,70.5153,196.063,0,0,0
700,3,1,37,1,1,1,4316.3,18632.9,261.491,46.3844,0.482746,167.466,15650.2,84.4616,23.1957,0.267264,60.9986,49.5817,23.1887,0.0718272,26.3212,134.043,0,0,0
700,3,1,38,1,1,1,4323.21,18644.5,260.349,46.3844,0.482746,166.32,15682.2,83.7686,23.1957,0.267264,60.3056,48.3707,23.1887,0.0718272,25.1102,132.139,0,0,0
700,3,1,39,1,1,1,4317.06,18639.5,402.57,46.3844,0.482746,308.955,13148.1,97.4164,23.1957,0.267264,73.9535,90.3467,23.1887,0.0718272,67.0862,187.763,0,0,0
700,3,1,40,1,1,1,4321.38,18636.8,370.156,46.3844,0.482746,276.447,13721.9,58.2523,23.1957,0.267264,34.7893,95.6546,23.1887,0.0718272,72.3941,153.907,0,0,0
700,3,1,41,1,1,1,4316.62,18631,373.874,46.3844,0.482746,280.175,13649.9,61.7879,23.1957,0.267264,38.3249,94.5393,23.1887,0.0718272,71.2788,156.327,0,0,0
700,3,1,42,1,1,1,4319.5,18651.3,305.74,46.3844,0.587981,211.737,14881.1,62.1043,23.1957,0.372499,38.5361,93.747,23.1887,0.0718272,70.4865,155.851,0,0,0
700,3,1,43,1,1,1,4317.26,18633.3,251.919,46.3844,0.482746,157.866,15820.9,79.3919,23.1957,0.267264,55.9289,45.2502,23.1887,0.0718272,21.9897,124.642,0,0,0
700,3,1,44,1,1,1,4330.62,18663,395.148,46.3844,0.517824,301.476,13303.4,93.2662,23.1957,0.302342,69.7682,95.8622,23.1887,0.0718272,72.6017,189.128,0,0,0
700,3,1,45,1,1,1,4332.11,18649.8,304.683,46.3844,0.482746,210.783,14899.1,63.9139,23.1957,0.267264,40.451,92.4999,23.1887,0.0718272,69.2393,156.414,0,0,0
700,3,1,46,1,1,1,4326.41,18665.5,408.313,46.3844,0.678182,314.519,13071.6,103.575,23.1957,0.462701,79.9165,91.7689,23.1887,0.0718272,68.5084,195.344,0,0,0
700,3,1,47,1,1,1,4314.7,18637.4,352.15,46.3844,0.482746,258.388,14042.6,93.7744,23.1957,0.267264,70.3114,57.4145,23.1887,0.0718272,34.154,151.189,0,0,0
700,3,1,48,1,1,1,4326.2,18643.8,317.83,46.3844,0.482746,223.968,14659.3,94.7832,23.1957,0.267264,71.3203,58.7718,23.1887,0.0718272,35.5112,153.555,0,0,0
700,3,1,49,1,1,1,4320.71,18662.8,321.84,46.3844,0.552902,227.919,14606.5,98.0696,23.1957,0.337421,74.5364,60.2427,23.1887,0.0718272,36.9822,158.312,0,0,0
700,3,1,50,1,1,1,4318.47,18634.2,370.425,46.3844,0.482746,276.716,13714.5,57.7921,23.1957,0.267264,34.3291,96.086,23.1887,0.0718272,72.8255,153.878,0,0,0
700,3,1,51,1,1,1,4353.15,18682.5,298.867,46.3844,0.517824,204.915,15035,64.6114,23.1957,0.302342,41.1133,93.0792,23.1887,0.0718272,69.8187,157.691,0,0,0
700,3,1,52,1,1,1,4315.66,18638.4,406.092,46.3844,0.482746,312.487,13084.4,99.5136,23.1957,0.267264,76.0507,90.3594,23.1887,0.0718272,67.0989,189.873,0,0,0
700,3,1,53,1,1,1,4317.73,18651.8,393.76,46.3844,0.482746,300.118,13317.1,90.9914,23.1957,0.267264,67.5284,93.1604,23.1887,0.0718272,69.8999,184.152,0,0,0
700,3,1,54,1,1,1,4335.27,18648.8,374.808,46.3844,0.482746,281.112,13651.1,62.1994,23.1957,0.267264,38.7364,94.6801,23.1887,0.0718272,71.4195,156.879,0,0,0
700,3,1,55,1,1,1,4325.96,18664.4,353.889,46.3844,0.873619,259.741,14037.8,94.4017,23.1957,0.658138,70.5478,56.8821,23.1887,0.0718272,33.6216,151.284,0,0,0
700,3,1,56,1,1,1,4316.94,18652.4,384.368,46.3844,0.482746,290.699,13484.8,90.1196,23.1957,0.267264,66.6567,84.1274,23.1887,0.0718272,60.8669,174.247,0,0,0
700,3,1,57,1,1,1,4321.63,18645.5,406.992,46.3952,0.50112,313.36,13075.5,104.739,23.2065,0.285638,81.2467,89.6645,23.1887,0.0718272,66.404,194.403,0,0,0
700,3,1,58,1,1,1,4315.98,18635.1,323.031,46.3844,0.482746,229.184,14558.1,62.0297,23.1957,0.267264,38.5668,104.861,23.1887,0.0718272,81.6004,166.891,0,0,0
700,3,1,59,1,1,1,4317.26,18635.1,380.646,46.3844,0.482746,286.967,13533.6,91.5996,23.1957,0.267264,68.1366,80.3193,23.1887,0.0718272,57.0588,171.919,0,0,0
700,3,1,60,1,1,1,4318.34,18635.5,389.988,46.3844,0.482746,296.336,13367.9,92.973,23.1957,0.267264,69.5101,88.9787,23.1887,0.0718272,65.7182,181.952,0,0,0
700,3,1,61,1,1,1,4322.22,18640.6,281.026,46.3844,0.482746,187.057,15310.6,59.7088,23.1957,0.267264,36.2458,86.2354,23.1887,0.0718272,62.9749,145.944,0,0,0
700,3,1,62,1,1,1,4316.3,24643.9,255.062,52.1883,0.891994,154.964,21874.4,130.29,28.9996,0.676512,100.096,24.356,23.1887,0.0718272,1.09551,154.646,0,0,0
700,3,1,63,1,1,1,4329.28,18650,318.633,46.3844,0.482746,224.773,14651.3,95.0792,23.1957,0.267264,71.6163,59.5171,23.1887,0.0718272,36.2566,154.596,0,0,0
700,3,1,64,1,1,1,4317.36,18630.8,370.176,46.3844,0.482746,276.466,13715.5,58.3281,23.1957,0.267264,34.8651,95.4381,23.1887,0.0718272,72.1776,153.766,0,0,0
700,3,1,65,1,1,1,4317.28,18635.3,392.138,46.3844,0.482746,298.492,13329.4,80.6878,23.1957,0.267264,57.2248,90.6608,23.1887,0.0718272,67.4003,171.349,0,0,0
700,3,1,66,1,1,1,4316.62,18634.2,356.388,46.3844,0.482746,262.638,13964.1,56.3212,23.1957,0.267264,32.8582,95.79,23.1887,0.0718272,72.5295,152.111,0,0,0
700,3,1,67,1,1,1,4322.25,18644.3,404.712,46.3844,0.482746,311.102,13114.9,89.2533,23.1957,0.267264,65.7904,91.2906,23.1887,0.0718272,68.0301,180.544,0,0,0
700,3,1,68,1,1,1,4315.34,18652.3,393.504,46.3844,0.482746,299.862,13322.2,92.9081,23.1957,0.267264,69.4451,92.7381,23.1887,0.0718272,69.4776,185.646,0,0,0
700,3,1,69,1,1,1,4322.09,18641.3,290.71,46.3844,0.517824,196.734,15138.8,62.9979,23.1957,0.302342,39.4999,89.031,23.1887,0.0718272,65.7705,152.029,0,0,0
700,3,1,70,1,1,1,4336.25,18683.2,393.976,46.3844,0.482746,300.335,13344.7,90.8578,23.1957,0.267264,67.3948,95.0591,23.1887,0.0718272,71.7986,185.917,0,0,0
700,3,1,71,1,1,1,4317.06,18639.8,402.885,46.3844,0.482746,309.271,13142.9,90.8199,23.1957,0.267264,67.3569,92.5865,23.1887,0.0718272,69.326,183.406,0,0,0
700,3,1,72,1,1,1,4319.02,18650.2,396.936,46.3844,0.482746,303.304,13259,99.1635,23.1957,0.267264,75.7005,92.9348,23.1887,0.0718272,69.6743,192.098,0,0,0
700,3,1,73,1,1,1,4321.63,18636.1,364.428,46.3844,0.482746,270.702,13823,95.5088,23.1957,0.267264,72.0458,62.7459,23.1887,0.0718272,39.4854,158.255,0,0,0
700,3,1,74,1,1,1,4317.26,18634.3,381.926,46.3844,0.482746,288.25,13510.1,72.281,23.1957,0.267264,48.818,92.4872,23.1887,0.0718272,69.2267,164.768,0,0,0
700,3,1,75,1,1,1,4317.47,18634.2,303.473,46.3844,0.482746,209.57,14905,64.6485,23.1957,0.267264,41.1855,92.2237,23.1887,0.0718272,68.9632,156.872,0,0,0
700,3,1,76,1,1,1,4316.94,18641.1,395.606,46.3844,0.482746,301.97,13273.5,94.7435,23.1957,0.267264,71.2806,94.1476,23.1887,0.0718272,70.8871,188.891,0,0,0
700,3,1,77,1,1,1,4327.75,18641.9,361.227,46.3844,0.482746,267.491,13885.7,57.4094,23.1957,0.267264,33.9465,96.4072,23.1887,0.0718272,73.1467,153.817,0,0,0
700,3,1,78,1,1,1,4316.87,18638.6,300.207,46.3844,0.482746,206.294,14967.5,64.9174,23.1957,0.267264,41.4545,91.3015,23.1887,0.0718272,68.041,156.219,0,0,0
700,3,1,79,1,1,1,4323.88,18644.4,388.43,46.3844,0.6264,294.63,13404.1,76.5259,23.1957,0.267264,53.0629,93.0305,23.1887,0.0718272,69.77,169.556,0,0,0
700,3,1,80,1,1,1,4317.58,18638.1,241.79,46.3844,0.482746,147.707,16005.8,71.7558,23.1957,0.267264,48.2928,40.5487,23.1887,0.0718272,17.2882,112.304,0,0,0
700,3,1,81,1,1,1,4314.38,24644.2,337.973,52.1883,0.801792,238.207,20400.2,168.611,28.9996,0.58631,138.618,40.3123,23.1887,0.0718272,17.0518,208.923,0,0,0
700,3,1,82,1,1,1,4317.26,18643,306.232,46.3844,0.482746,212.337,14864.7,62.3275,23.1957,0.267264,38.8646,94.061,23.1887,0.0718272,70.8005,156.389,0,0,0
700,3,1,83,1,1,1,4318.98,24635.8,295.939,52.1883,0.731635,196.12,21139.7,147.72,28.9996,0.516154,117.738,30.431,23.1887,0.0718272,7.17047,178.151,0,0,0
700,3,1,84,1,1,1,4333.39,18649.5,322.635,46.3844,0.482746,228.787,14579.5,92.7565,23.1957,0.267264,69.2935,59.1345,23.1887,0.0718272,35.874,151.891,0,0,0
700,3,1,85,1,1,1,4321.68,18633.6,361.178,46.3844,0.482746,267.442,13878.3,56.3554,23.1957,0.267264,32.8925,98.2842,23.1887,0.0718272,75.0237,154.64,0,0,0
700,3,1,86,1,1,1,4318.86,18637.2,248.801,46.3844,0.482746,154.738,15880.2,77.2424,23.1957,0.267264,53.7794,44.0157,23.1887,0.0718272,20.7552,121.258,0,0,0
700,3,1,87,1,1,1,4321.22,18635.7,389.835,46.3844,0.482746,296.182,13370.8,92.1735,23.1957,0.267264,68.7105,88.1954,23.1887,0.0718272,64.9349,180.369,0,0,0
700,3,1,88,1,1,1,4316.7,18642,235.75,46.3844,0.482746,141.65,16117.1,68.6136,23.1957,0.267264,45.1507,37.8433,23.1887,0.0718272,14.5828,106.457,0,0,0
700,3,1,89,1,1,1,4317.26,18654.7,393.707,46.3844,0.482746,300.066,13320.9,94.7092,23.1957,0.267264,71.2463,90.5146,23.1887,0.0718272,67.2541,185.224,0,0,0
700,3,1,90,1,1,1,4346.44,30672.8,507.42,57.9922,1.05068,402.252,23514.8,297.127,34.8035,0.729965,260.736,57.7364,23.1887,0.177062,34.3706,354.863,0,0,0
700,3,1,91,1,1,1,4318.86,18639.9,406.974,46.3844,0.678182,313.176,13069.7,104.078,23.1957,0.462701,80.4201,92.5233,23.1887,0.0718272,69.2628,196.602,0,0,0
700,3,1,92,1,1,1,4337.48,18674.5,305.66,46.3844,0.482746,211.763,14906.4,64.7063,23.1957,0.267264,41.2433,92.9655,23.1887,0.0718272,69.705,157.672,0,0,0
700,3,1,93,1,1,1,4316.62,18647.6,278.155,46.3844,0.482746,184.178,15368.6,88.8852,23.1957,0.267264,65.4222,56.7287,23.1887,0.0718272,33.4682,145.614,0,0,0
700,3,1,94,1,1,1,4317.93,18630.2,391.463,46.3844,0.482746,297.815,13336.3,93.4188,23.1957,0.267264,69.9559,89.383,23.1887,0.0718272,66.1225,182.802,0,0,0
700,3,1,95,1,1,1,4333,18649.2,396.669,46.3844,0.482746,303.037,13262.8,93.0109,23.1957,0.267264,69.548,98.6741,23.1887,0.0718272,75.4136,191.685,0,0,0
700,3,1,96,1,1,1,4317.9,18633.3,382.379,46.3844,0.482746,288.705,13501,92.5868,23.1957,0.267264,69.1238,82.3316,23.1887,0.0718272,59.0711,174.918,0,0,0
700,3,1,97,1,1,1,4331.91,18660,382.728,46.3844,0.482746,289.055,13521.5,91.3234,23.1957,0.267264,67.8605,83.1474,23.1887,0.0718272,59.8869,174.471,0,0,0
700,3,1,98,1,1,1,4331.27,18657.6,288.299,46.3844,0.482746,194.352,15198.2,62.1344,23.1957,0.267264,38.6714,87.1216,23.1887,0.0718272,63.861,149.256,0,0,0
700,3,1,99,1,1,1,4316.94,24667.5,344.794,52.1883,0.891994,244.956,20302.5,173.955,28.9996,0.676512,143.884,41.8445,23.1887,0.0718272,18.584,215.8,0,0,0
700,3,1,100,1,1,1,4322.28,18636.8,402.551,46.3844,0.6264,308.792,13145.4,90.4716,23.1957,0.267264,67.0086,92.7002,23.1887,0.0718272,69.4397,183.172,0,0,0
700,3,1,101,1,1,1,4328.9,18660.4,349.697,46.3844,0.482746,255.928,14109.2,59.7196,23.1957,0.267264,36.2566,99.5656,23.1887,0.0718272,76.3051,159.285,0,0,0
700,3,1,102,1,1,1,4316.62,18646.5,391.533,46.3844,0.552902,297.815,13350.9,90.7493,23.1957,0.337421,67.2162,91.038,23.1887,0.0718272,67.7775,181.787,0,0,0
700,3,1,103,1,1,1,4323.36,18675,407.574,46.3844,0.678182,313.777,13094.2,105.867,23.1957,0.462701,82.2086,89.6699,23.1887,0.0718272,66.4094,195.537,0,0,0
700,3,1,104,1,1,1,4320.64,18634.5,393.605,46.3844,0.482746,299.963,13302.6,92.7276,23.1957,0.267264,69.2646,93.4979,23.1887,0.0718272,70.2374,186.225,0,0,0
700,3,1,105,1,1,1,4324.81,24645,454.349,52.1883,1.28287,354.439,18330.9,192.057,28.9996,1.06739,161.652,56.5302,23.1887,0.0718272,33.2697,248.587,0,0,0
700,3,1,106,1,1,1,4332.61,18647.3,393.38,46.3844,0.482746,299.738,13319.4,90.089,23.1957,0.267264,66.626,94.5122,23.1887,0.0718272,71.2517,184.601,0,0,0
700,3,1,107,1,1,1,4319.05,18638.3,328.622,46.3844,0.482746,234.792,14461.8,94.2292,23.1957,0.267264,70.7662,60.2968,23.1887,0.0718272,37.0363,154.526,0,0,0
700,3,1,108,1,1,1,4320.26,18637.3,323.645,46.3844,0.482746,229.8,14549.4,61.602,23.1957,0.267264,38.139,104.442,23.1887,0.0718272,81.1817,166.044,0,0,0
700,3,1,109,1,1,1,4322.32,18638,355.326,46.3844,0.482746,261.573,13986.7,57.6008,23.1957,0.267264,34.1378,98.5171,23.1887,0.0718272,75.2566,156.118,0,0,0
700,3,1,110,1,1,1,4317.51,18637.4,404.915,46.3844,0.482746,311.306,13104.4,99.3151,23.1957,0.267264,75.8521,90.1157,23.1887,0.0718272,66.8552,189.431,0,0,0
700,3,1,111,1,1,1,4358.01,18691.6,394.405,46.3844,0.552902,300.696,13344.9,91.3838,23.1957,0.302342,67.8857,95.6121,23.1887,0.106906,72.3165,186.996,0,0,0
700,3,1,112,1,0,0,-1,-1,526.981,23.1957,0.302342,456.459,262141,-1,-1,-1,-1,-1,-1,-1,-1,-1,0,0,0
700,3,1,113,1,1,1,4313.1,18630.5,344.331,46.3844,0.482746,250.546,14174.8,92.3883,23.1957,0.267264,68.9253,55.7686,23.1887,0.0718272,32.5081,148.157,0,0,0
700,3,1,114,1,1,1,4316.3,18629.8,394.692,46.3844,0.482746,301.053,13278.6,92.4569,23.1957,0.267264,68.9939,95.9073,23.1887,0.0718272,72.6468,188.364,0,0,0
700,3,1,115,1,1,1,4335.66,18660.2,394.006,46.3844,0.661478,300.187,13320.5,94.4538,23.1957,0.302342,70.9557,91.5722,23.1887,0.0718272,68.3117,186.026,0,0,0
700,3,1,116,1,1,1,4362.92,18689.3,389.534,46.3844,0.748339,295.615,13428.8,89.3315,23.1957,0.462701,65.6731,89.7545,23.1887,0.141984,66.4239,179.086,0,0,0
700,3,1,117,1,1,1,4316.3,18643.1,253.114,46.3844,0.482746,159.064,15809.4,80.1553,23.1957,0.267264,56.6924,46.0732,23.1887,0.0718272,22.8127,126.229,0,0,0
700,3,1,118,1,1,1,4321.54,18637.3,395.989,46.3844,0.482746,302.355,13263,96.1026,23.1957,0.267264,72.6396,91.1174,23.1887,0.0718272,67.8569,187.22,0,0,0
700,3,1,119,1,1,1,4340.93,18655.6,397.002,46.3844,0.482746,303.371,13263.3,97.4074,23.1957,0.267264,73.9445,90.7077,23.1887,0.0718272,67.4472,188.115,0,0,0
700,3,1,120,1,1,1,4346.03,18696.5,410.702,46.3844,0.805133,316.788,13059.5,103.44,23.1957,0.302342,79.9418,95.1222,23.1887,0.0718272,71.8617,198.562,0,0,0
700,3,1,121,1,1,1,4320.89,18645.4,389.102,46.3844,0.482746,295.448,13393.5,91.6176,23.1957,0.267264,68.1547,88.865,23.1887,0.0718272,65.6045,180.483,0,0,0
700,3,1,122,1,1,1,4321.48,18644.9,405.73,46.3844,0.482746,312.124,13097.4,99.1725,23.1957,0.267264,75.7096,93.1117,23.1887,0.0718272,69.8512,192.284,0,0,0
700,3,1,123,1,1,1,4316.62,18640.6,226.852,46.3844,0.678182,132.53,16273.4,62.5085,23.1957,0.462701,38.8501,34.5712,23.1887,0.0718272,11.3107,97.0797,0,0,0
700,3,1,124,1,1,1,4320.5,18655.2,405.68,46.3844,0.482746,312.073,13108.5,103.01,23.1957,0.267264,79.5466,90.4406,23.1887,0.0718272,67.1801,193.45,0,0,0
700,3,1,125,1,1,1,4317.9,18638.1,400.24,46.3844,0.482746,306.617,13188.2,100.31,23.1957,0.267264,76.8466,94.4021,23.1887,0.0718272,71.1416,194.712,0,0,0
700,3,1,126,1,1,1,4332.71,18676.5,407.788,46.3844,0.713261,313.958,13091.6,104.105,23.1957,0.497779,80.4111,91.6101,23.1887,0.0718272,68.3496,195.715,0,0,0
700,3,1,127,1,1,1,4325.17,18647.9,369.392,46.3844,0.517824,275.645,13746.3,96.5148,23.1957,0.302342,73.0168,69.7738,23.1887,0.0718272,46.5133,166.289,0,0,0
700,3,1,128,1,1,1,4316.94,18630.5,387.751,46.3844,0.482746,294.092,13402.6,75.5423,23.1957,0.267264,52.0793,93.1604,23.1887,0.0718272,69.8999,168.703,0,0,0
700,3,1,129,1,1,1,4318.48,18641,346.022,46.3844,0.482746,252.242,14155.1,62.4954,23.1957,0.267264,39.0324,99.775,23.1887,0.0718272,76.5145,162.27,0,0,0
700,3,1,130,1,1,1,4315.02,18629.5,292.977,46.3844,0.482746,199.042,15087,62.9971,23.1957,0.267264,39.5341,89.0798,23.1887,0.0718272,65.8193,152.077,0,0,0
700,3,1,131,1,1,1,4315.98,18631.1,402.311,46.3844,0.482746,308.695,13144.4,101.856,23.1957,0.267264,78.3933,95.4976,23.1887,0.0718272,72.2371,197.354,0,0,0
700,3,1,132,1,1,1,4334.65,18669.6,406.94,46.3844,0.482746,313.337,13100.5,102.643,23.1957,0.267264,79.1802,90.5182,23.1887,0.0718272,67.2577,193.161,0,0,0
700,3,1,133,1,1,1,4318.22,18634.6,289.554,46.3844,0.482746,195.61,15152.9,62.7679,23.1957,0.267264,39.3049,88.0438,23.1887,0.0718272,64.7833,150.812,0,0,0
700,3,1,134,1,1,1,4315.34,18663.2,396.152,46.3844,0.517824,302.483,13285.7,98.39,23.1957,0.302342,74.892,92.7453,23.1887,0.0718272,69.4848,191.135,0,0,0
700,3,1,135,1,1,1,4316.3,18633.2,265.794,46.3844,0.482746,171.781,15574,86.6165,23.1957,0.267264,63.1536,51.928,23.1887,0.0718272,28.6674,138.544,0,0,0
700,3,1,136,1,1,1,4372.35,18732.8,406.096,46.3844,0.517824,312.456,13178.5,99.6173,23.1957,0.302342,76.1192,92.0559,23.1887,0.0718272,68.7954,191.673,0,0,0
700,3,1,137,1,1,1,4366.51,18688.1,398.314,46.3844,0.482746,304.686,13272.5,98.3207,23.1957,0.267264,74.8577,91.9909,23.1887,0.0718272,68.7304,190.312,0,0,0
700,3,1,138,1,1,1,4334.22,18648,402.716,46.3844,0.552902,309.03,13153.6,86.3512,23.1957,0.267264,62.8883,90.7562,23.1887,0.141984,67.4255,177.107,0,0,0
700,3,1,139,1,1,1,4317.46,18644.9,399.675,46.3844,0.482746,306.051,13205.1,84.1169,23.1957,0.267264,60.6539,90.1825,23.1887,0.0718272,66.922,174.299,0,0,0
700,3,1,140,1,1,1,4322.95,18677.8,408.541,46.3844,0.482746,314.943,13080.3,103.916,23.1957,0.267264,80.4526,91.2672,23.1887,0.0718272,68.0067,195.183,0,0,0
700,3,1,141,1,1,1,4329.26,18657.8,408.932,46.3844,0.482746,315.335,13053.3,103.055,23.1957,0.267264,79.5917,93.155,23.1887,0.0718272,69.8945,196.21,0,0,0
700,3,1,142,1,0,0,-1,-1,762.221,23.1957,0.267264,692.419,271846,-1,-1,-1,-1,-1,-1,-1,-1,-1,0,0,0
700,3,1,143,1,1,1,4323.5,18643.2,392.291,46.3844,0.482746,298.646,13334.7,94.2436,23.1957,0.267264,70.7806,88.3524,23.1887,0.0718272,65.0919,182.596,0,0,0
700,3,1,144,1,1,1,4321.03,18647.1,396.09,46.3952,0.50112,302.427,13271,95.1463,23.2065,0.285638,71.6542,92.0505,23.1887,0.0718272,68.79,187.197,0,0,0
700,3,1,145,1,1,1,4324.81,18711.3,403.412,46.3844,0.873619,309.408,13204,103.46,23.1957,0.658138,79.6061,93.3246,23.1887,0.0718272,70.0641,196.785,0,0,0
700,3,1,146,1,1,1,4335.24,18682.5,311.367,46.3844,0.678182,217.291,14812.5,61.2343,23.1957,0.462701,37.5759,99.1235,23.1887,0.0718272,75.863,160.358,0,0,0
700,3,1,147,1,1,1,4322.8,18636.4,379.946,46.3844,0.482746,286.265,13547.3,66.9893,23.1957,0.267264,43.5264,94.2144,23.1887,0.0718272,70.9539,161.204,0,0,0
700,3,1,148,1,1,1,4317.9,18633.7,402.509,46.3844,0.482746,308.893,13143.4,85.4019,23.1957,0.267264,61.9389,89.4588,23.1887,0.0718272,66.1983,174.861,0,0,0
700,3,1,149,1,1,1,4330.63,18671.8,396.993,46.3844,0.552902,303.291,13279.2,98.4586,23.1957,0.302342,74.9606,91.7589,23.1887,0.106906,68.4633,190.217,0,0,0
700,3,1,150,1,1,1,4319.16,18674.9,394.652,46.3844,0.552902,300.943,13323.9,95.1801,23.1957,0.337421,71.647,93.8841,23.1887,0.0718272,70.6236,189.064,0,0,0
700,3,1,151,1,1,1,4345.29,18665,313.443,46.3844,0.482746,219.568,14758.5,60.9035,23.1957,0.267264,37.4406,100.36,23.1887,0.0718272,77.0993,161.263,0,0,0
700,3,1,152,1,1,1,4348.56,18689,390.447,46.3844,0.482746,296.796,13413.2,91.5129,23.1957,0.267264,68.05,90.5471,23.1887,0.0718272,67.2866,182.06,0,0,0
700,3,1,153,1,1,1,4314.7,18630.1,291.497,46.3844,0.482746,197.559,15113.9,88.2066,23.1957,0.267264,64.7436,56.9435,23.1887,0.0718272,33.683,145.15,0,0,0
700,3,1,154,1,1,1,4318.79,18635.8,391.964,46.3844,0.482746,298.317,13333.1,80.4513,23.1957,0.267264,56.9884,90.8376,23.1887,0.0718272,67.5771,171.289,0,0,0
700,3,1,155,1,1,1,4320.84,18644.4,404.692,46.3844,0.482746,311.083,13115.3,89.2533,23.1957,0.267264,65.7904,90.9423,23.1887,0.0718272,67.6818,180.196,0,0,0
700,3,1,156,1,1,1,4338.41,18664.6,334.278,46.3844,0.482746,240.464,14387.6,62.9123,23.1957,0.267264,39.4493,102.369,23.1887,0.0718272,79.108,165.281,0,0,0
700,3,1,157,1,1,1,4324.4,18638.2,367.387,46.3844,0.482746,273.669,13772.5,96.8317,23.1957,0.267264,73.3687,65.8448,23.1887,0.0718272,42.5843,162.676,0,0,0
700,3,1,158,1,1,1,4325.07,18665,395.694,46.3844,0.482746,302.059,13295.9,95.4979,23.1957,0.267264,72.035,94.0303,23.1887,0.0718272,70.7698,189.528,0,0,0
700,3,1,159,1,1,1,4318.54,18636.8,236.906,46.3844,0.482746,142.808,16091.3,69.6532,23.1957,0.267264,46.1902,38.6663,23.1887,0.0718272,15.4058,108.319,0,0,0
700,3,1,160,1,1,1,4318.92,18673,366.919,46.3844,0.482746,273.2,13815.6,96.8624,23.1957,0.267264,73.3994,64.3594,23.1887,0.0718272,41.0989,161.222,0,0,0
700,3,1,161,1,1,1,4316.94,18634,281.807,46.3844,0.482746,187.84,15290.1,89.636,23.1957,0.267264,66.173,58.4884,23.1887,0.0718272,35.2279,148.124,0,0,0
700,3,1,162,1,1,1,4329.92,18654.6,327.545,46.3844,0.50112,233.693,14497.1,64.45,23.1957,0.267264,40.987,103.356,23.1887,0.0902016,80.0772,167.806,0,0,0
700,3,1,163,1,1,1,4318.7,18632.2,392.151,46.3844,0.482746,298.505,13326.2,92.8936,23.1957,0.267264,69.4307,91.8718,23.1887,0.0718272,68.6113,184.765,0,0,0
700,3,1,164,1,1,1,4325.33,18640.5,398.183,46.3844,0.482746,304.555,13227.1,82.5936,23.1957,0.267264,59.1307,93.4763,23.1887,0.0718272,70.2157,176.07,0,0,0
700,3,1,165,1,1,1,4331.66,18675.1,323.645,46.3844,0.482746,229.8,14587.2,63.1108,23.1957,0.267264,39.6478,106.067,23.1887,0.0718272,82.806,169.177,0,0,0
700,3,1,166,1,1,1,4321.35,18633.9,391.981,46.3844,0.517824,298.299,13330.6,80.6264,23.1957,0.267264,57.1634,91.2463,23.1887,0.106906,67.9507,171.873,0,0,0
700,3,1,167,1,1,1,4314.38,18632.7,394.532,46.3844,0.482746,300.893,13284.3,92.7619,23.1957,0.267264,69.2989,94.0772,23.1887,0.0718272,70.8167,186.839,0,0,0
700,3,1,168,1,1,1,4318.86,18662.8,402.095,46.3844,1.06906,307.892,13178.5,96.4651,23.1957,0.853574,72.4158,89.6735,23.1887,0.0718272,66.413,186.139,0,0,0
700,3,1,169,1,1,1,4324.52,18647.7,396.105,46.3844,0.6264,302.327,13270.9,94.6713,23.1957,0.267264,71.2084,94.7829,23.1887,0.0718272,71.5224,189.454,0,0,0
700,3,1,170,1,1,1,4323.68,18653.8,367.248,46.3844,0.713261,273.299,13789.8,96.0461,23.1957,0.497779,72.3526,67.7669,23.1887,0.0718272,44.5064,163.813,0,0,0
700,3,1,171,1,1,1,4322.98,18663.2,396.753,46.3844,0.678182,302.925,13274.8,97.1408,23.1957,0.462701,73.4824,94.1404,23.1887,0.0718272,70.8799,191.281,0,0,0
700,3,1,172,1,1,1,4317.26,18630.8,301.474,46.3844,0.482746,207.565,14937.1,91.4426,23.1957,0.267264,67.9796,57.9596,23.1887,0.0718272,34.6991,149.402,0,0,0
700,3,1,173,1,1,1,4320.97,18636.9,346.044,46.3844,0.482746,252.264,14150.7,93.1661,23.1957,0.267264,69.7032,56.1223,23.1887,0.0718272,32.8618,149.288,0,0,0
700,3,1,174,1,1,1,4314.38,18673.8,297.45,46.3844,0.552902,203.459,15051.3,90.9983,23.1957,0.337421,67.4652,57.7845,23.1887,0.0718272,34.524,148.783,0,0,0
700,3,1,175,1,1,1,4318.86,18646.2,310.458,46.3844,0.482746,216.574,14792.8,95.9708,23.1957,0.267264,72.5078,57.0807,23.1887,0.0718272,33.8201,153.051,0,0,0
700,3,1,176,1,1,1,4316.3,18629.8,265.814,46.3844,0.482746,171.801,15570.3,86.7916,23.1957,0.267264,63.3286,52.5344,23.1887,0.0718272,29.2739,139.326,0,0,0
700,3,1,177,1,1,1,4320.9,18655.8,391.025,46.3844,0.678182,297.18,13369.3,90.3584,23.1957,0.462701,66.7,91.3592,23.1887,0.0718272,68.0987,181.718,0,0,0
700,3,1,178,1,1,1,4317.9,18666.5,311.064,46.3844,0.482746,217.182,14802.3,61.6778,23.1957,0.267264,38.2148,98.6723,23.1887,0.0718272,75.4118,160.35,0,0,0
700,3,1,179,1,1,1,4338.7,24665.2,512.949,52.1883,0.606355,413.886,17310.2,212.245,28.9996,0.355795,182.61,95.1284,23.1887,0.106906,71.8328,307.373,0,0,0
700,3,1,180,1,1,1,4315.98,18634.1,407.982,46.3844,0.482746,314.382,13046.5,103.024,23.1957,0.267264,79.561,91.8321,23.1887,0.0718272,68.5716,194.856,0,0,0
700,3,1,181,1,1,1,4318.54,18675.5,340.789,46.3844,0.482746,246.994,14282.7,91.17,23.1957,0.267264,67.7071,57.1673,23.1887,0.0718272,33.9068,148.337,0,0,0
700,3,1,182,1,1,1,4331.88,18655.2,398.047,46.3844,0.696557,304.204,13243.4,97.6428,23.1957,0.302342,74.1448,95.8359,23.1887,0.106906,72.5403,193.479,0,0,0
700,3,1,183,1,1,1,4317.9,18658.6,259.571,46.3844,0.713261,165.309,15709.3,82.8711,23.1957,0.497779,59.1776,47.3492,23.1887,0.0718272,24.0887,130.22,0,0,0
700,3,1,184,1,1,1,4323.59,18661,390.361,46.3844,0.517824,296.675,13386.5,91.7231,23.1957,0.302342,68.225,88.9029,23.1887,0.0718272,65.6424,180.626,0,0,0
700,3,1,185,1,1,1,4321.03,18645.5,405.854,46.3844,0.713261,312.017,13095,103.053,23.1957,0.462701,79.395,90.0154,23.1887,0.106906,66.7198,193.069,0,0,0
700,3,1,186,1,1,1,4320.65,18632.9,291.368,46.3844,0.482746,197.429,15119,86.8638,23.1957,0.267264,63.4008,57.5716,23.1887,0.0718272,34.3111,144.435,0,0,0
700,3,1,187,1,0,0,-1,-1,555.868,23.1957,0.407578,485.325,263353,-1,-1,-1,-1,-1,-1,-1,-1,-1,0,0,0
700,3,1,188,1,1,1,4324.91,18640.4,284.567,46.3844,0.482746,190.609,15247.3,60.2881,23.1957,0.267264,36.8251,86.2534,23.1887,0.0718272,62.9929,146.542,0,0,0
700,3,1,189,1,1,1,4358.67,18695,403.681,46.3844,0.482746,310.068,13183.9,91.596,23.1957,0.267264,68.133,92.3464,23.1887,0.0718272,69.0859,183.942,0,0,0
700,3,1,190,1,1,1,4326.76,18662.1,394.081,46.3844,0.821837,300.102,13320.8,94.5112,23.1957,0.462701,70.8528,92.3825,23.1887,0.0718272,69.122,186.894,0,0,0
700,3,1,191,1,1,1,4319.82,18663.3,408.233,46.3844,0.482746,314.634,13071.2,103.852,23.1957,0.267264,80.3894,91.2148,23.1887,0.0718272,67.9543,195.067,0,0,0
700,3,1,192,1,1,1,4320.35,18639.7,367.25,46.3844,0.482746,273.532,13776.4,95.7416,23.1957,0.267264,72.2786,68.2524,23.1887,0.0718272,44.9919,163.994,0,0,0
700,3,1,193,1,1,1,4341.75,18714.9,398.102,46.3844,1.01727,303.939,13301.7,99.0508,23.1957,0.658138,75.197,91.2148,23.1887,0.0718272,67.9543,190.266,0,0,0
700,3,1,194,1,1,1,4335.29,24674.8,503.546,52.1883,0.696557,404.365,17487.3,197.779,28.9996,0.481075,167.975,95.05,23.1887,0.0718272,71.7895,292.829,0,0,0
700,3,1,195,1,1,1,4318.54,18632.1,277.597,46.3844,0.482746,183.619,15363,58.9544,23.1957,0.267264,35.4914,85.4738,23.1887,0.0718272,62.2133,144.428,0,0,0
700,3,1,196,1,1,1,4335.66,18651.4,365.001,46.3844,0.482746,271.276,13828.1,55.2383,23.1957,0.267264,31.7753,98.1254,23.1887,0.0718272,74.8649,153.364,0,0,0
700,3,1,197,1,1,1,4326.9,18654.6,330.012,46.3844,0.482746,236.185,14453.5,93.6715,23.1957,0.267264,70.2085,59.7481,23.1887,0.0718272,36.4876,153.42,0,0,0
700,3,1,198,1,1,1,4318.54,18654.5,291.374,46.3844,0.517824,197.4,15140.2,86.4603,23.1957,0.302342,62.9623,57.5481,23.1887,0.0718272,34.2876,144.008,0,0,0
700,3,1,199,1,1,1,4332.7,18676.2,403.727,46.3844,0.6264,309.971,13163.9,103.154,23.1957,0.267264,79.6909,94.1891,23.1887,0.0718272,70.9286,197.343,0,0,0
700,3,1,200,1,1,1,4313.1,18644.7,389.935,46.3844,0.482746,296.283,13378,91.7061,23.1957,0.267264,68.2431,88.5907,23.1887,0.0718272,65.3302,180.297,0,0,0
700,3,1,201,1,1,1,4341.01,18657.1,349.521,46.3844,0.482746,255.751,14109.1,59.8207,23.1957,0.267264,36.3577,102.262,23.1887,0.0718272,79.0015,162.083,0,0,0
700,3,1,202,1,1,1,4338.92,18672.1,402.164,46.3844,0.482746,308.547,13188,84.5446,23.1957,0.267264,61.0817,90.39,23.1887,0.0718272,67.1295,174.935,0,0,0
700,3,1,203,1,1,1,4330.38,18654.1,332.799,46.3844,0.482746,238.981,14403.4,91.623,23.1957,0.267264,68.1601,60.2192,23.1887,0.0718272,36.9587,151.842,0,0,0
700,3,1,204,1,1,1,4320.9,18636,237.08,46.3844,0.482746,142.983,16087.4,68.5974,23.1957,0.267264,45.1344,39.6643,23.1887,0.0718272,16.4038,108.262,0,0,0
700,3,1,205,1,1,1,4317.9,18643.3,305.189,46.3952,0.536198,211.227,14883.3,91.2126,23.2065,0.320717,67.6854,57.8675,23.1887,0.0718272,34.607,149.08,0,0,0
700,3,1,206,1,1,1,4326.79,18649.4,377.033,46.3844,0.678182,283.148,13611.7,94.5943,23.1957,0.462701,70.9359,78.6264,23.1887,0.0718272,55.3658,173.221,0,0,0
700,3,1,207,1,1,1,4317.6,18651.2,354.07,46.3844,0.482746,260.314,14022.2,93.1643,23.1957,0.267264,69.7014,57.3496,23.1887,0.0718272,34.0891,150.514,0,0,0
700,3,1,208,1,1,1,4315.66,18631.4,348.648,46.3844,0.482746,254.876,14098.9,60.0914,23.1957,0.267264,36.6284,102.722,23.1887,0.0718272,79.4617,162.814,0,0,0
700,3,1,209,1,1,1,4331.94,18674.6,403.686,46.3844,0.661478,309.895,13162.8,102.257,23.1957,0.267264,78.794,95.9117,23.1887,0.106906,72.6161,198.169,0,0,0
700,3,1,210,1,1,1,4317.9,18660.9,402.383,46.3844,0.482746,308.767,13172.9,102.448,23.1957,0.267264,78.9853,93.4059,23.1887,0.0718272,70.1454,195.854,0,0,0
700,3,1,211,1,1,1,4319.7,18648,393.571,46.3844,0.482746,299.929,13316.7,90.3073,23.1957,0.267264,66.8444,93.0539,23.1887,0.0718272,69.7934,183.361,0,0,0
700,3,1,212,1,1,1,4317.26,18642.1,331.097,46.3844,0.482746,237.273,14421.7,93.4333,23.1957,0.267264,69.9703,60.2174,23.1887,0.0718272,36.9569,153.651,0,0,0
700,3,1,213,1,1,1,4335.42,18659.3,402.021,46.3844,0.482746,308.404,13177.7,86.5046,23.1957,0.267264,63.0417,90.7781,23.1887,0.0718272,67.5176,177.283,0,0,0
700,3,1,214,1,1,1,4316.94,18641,280.214,46.3844,0.482746,186.243,15325.4,90.412,23.1957,0.267264,66.9491,57.5716,23.1887,0.0718272,34.3111,147.984,0,0,0
700,3,1,215,1,1,1,4342.48,24667.1,499.927,52.1883,0.606355,400.826,17543.7,200.134,28.9996,0.390874,170.429,90.7727,23.1887,0.0718272,67.5122,290.907,0,0,0
700,3,1,216,1,1,1,4323.53,18649.5,380.331,46.3844,0.482746,286.651,13553.6,67.0471,23.1957,0.267264,43.5841,94.043,23.1887,0.0718272,70.7825,161.09,0,0,0
700,3,1,217,1,1,1,4350.15,18666.6,405.252,46.3844,0.482746,311.644,13127.5,99.1039,23.1957,0.267264,75.641,91.6119,23.1887,0.0718272,68.3514,190.716,0,0,0
700,3,1,218,1,1,1,4317.43,18634.8,405.971,46.3844,0.482746,312.366,13083,99.7898,23.1957,0.267264,76.3268,90.3485,23.1887,0.0718272,67.088,190.138,0,0,0
700,3,1,219,1,1,1,4321.93,18636.1,323.415,46.3844,0.50112,229.551,14552.1,61.6561,23.1957,0.267264,38.1932,104.147,23.1887,0.0902016,80.8677,165.803,0,0,0
700,3,1,220,1,1,1,4315.34,18630.8,401.811,46.3844,0.482746,308.193,13152.9,92.3522,23.1957,0.267264,68.8892,91.5866,23.1887,0.0718272,68.3261,183.939,0,0,0
700,3,1,221,1,1,1,4318.25,18647.8,397.211,46.3844,0.482746,303.58,13251.7,96.561,23.1957,0.267264,73.098,92.7868,23.1887,0.0718272,69.5263,189.348,0,0,0
700,3,1,222,1,1,1,4325.42,18650,406.024,46.3844,0.482746,312.418,13097.3,104.123,23.1957,0.267264,80.6601,91.2527,23.1887,0.0718272,67.9922,195.376,0,0,0
700,3,1,223,1,1,1,4315.98,18630.3,310.787,46.3844,0.482746,216.904,14771.1,93.4026,23.1957,0.267264,69.9396,58.0173,23.1887,0.0718272,34.7568,151.42,0,0,0
700,3,1,224,1,1,1,4340.02,18675.8,402.655,46.3844,0.661478,308.861,13182.3,86.1509,23.1957,0.267264,62.6879,91.1994,23.1887,0.106906,67.9038,177.35,0,0,0
700,3,1,225,1,1,1,4322.25,18651.7,300.614,46.3844,0.482746,206.702,14973.3,65.0726,23.1957,0.267264,41.6097,91.5541,23.1887,0.0718272,68.2936,156.627,0,0,0
700,3,1,226,1,1,1,4315.66,18628.2,402.158,46.3844,0.482746,308.541,13144.2,101.562,23.1957,0.267264,78.0991,95.3496,23.1887,0.0718272,72.0891,196.912,0,0,0
700,3,1,227,1,1,1,4316.3,18643.5,401.908,46.3844,0.482746,308.291,13164,101.6,23.1957,0.267264,78.137,95.3623,23.1887,0.0718272,72.1018,196.962,0,0,0
700,3,1,228,1,1,1,4338.57,18666,280.461,46.3844,0.482746,186.49,15346,59.8838,23.1957,0.267264,36.4209,86.4321,23.1887,0.0718272,63.1716,146.316,0,0,0
700,3,1,229,1,1,1,4338.54,18667.1,332.881,46.3844,0.6264,238.919,14414.6,91.3956,23.1957,0.267264,67.9327,60.2156,23.1887,0.0718272,36.9551,151.611,0,0,0
700,3,1,230,1,1,1,4325.42,18646.5,389.609,46.3844,0.6264,295.812,13385.2,91.096,23.1957,0.267264,67.6331,89.2007,23.1887,0.0718272,65.9402,180.297,0,0,0
700,3,1,231,1,1,1,4320.89,18641.4,300.956,46.3844,0.482746,207.045,14957,89.5024,23.1957,0.267264,66.0394,57.3117,23.1887,0.0718272,34.0512,146.814,0,0,0
700,3,1,232,1,1,1,4321.22,18675.2,404.55,46.3844,0.482746,310.94,13148.7,93.2131,23.1957,0.267264,69.7501,92.5558,23.1887,0.0718272,69.2953,185.769,0,0,0
700,3,1,233,1,1,1,4321.72,18643.7,406.767,46.3844,0.482746,313.163,13077.7,104.049,23.1957,0.267264,80.5861,91.6678,23.1887,0.0718272,68.4073,195.717,0,0,0
700,3,1,234,1,1,1,4315.66,18630.1,336.539,46.3844,0.482746,242.731,14313,62.3077,23.1957,0.267264,38.8447,102.912,23.1887,0.0718272,79.6512,165.219,0,0,0
700,3,1,235,1,1,1,4330.63,18667.7,343.566,46.3844,0.482746,249.779,14225.6,65.0835,23.1957,0.267264,41.6205,102.336,23.1887,0.0718272,79.0755,167.419,0,0,0
700,3,1,236,1,1,1,4323.72,18642.6,261.74,46.3844,0.517824,167.68,15655.3,84.5753,23.1957,0.267264,61.1123,50.068,23.1887,0.106906,26.7724,134.643,0,0,0
700,3,1,237,1,1,1,4320.14,18639.2,352.918,46.3844,0.482746,259.158,14030.8,94.0667,23.1957,0.267264,70.6038,57.651,23.1887,0.0718272,34.3905,151.718,0,0,0
700,3,1,238,1,1,1,4318.54,18646.5,366.881,46.3844,0.482746,273.162,13789.7,96.9292,23.1957,0.267264,73.4662,65.3809,23.1887,0.0718272,42.1204,162.31,0,0,0
700,3,1,239,1,1,1,4318.22,24666,284.332,52.1883,0.731635,184.479,21376.3,141.252,28.9996,0.516154,111.246,28.9691,23.1887,0.0718272,5.70858,170.221,0,0,0
700,3,1,240,1,1,1,4329.42,18656.5,338.943,46.3844,0.482746,245.142,14296.5,63.026,23.1957,0.267264,39.563,103.076,23.1887,0.0718272,79.8155,166.102,0,0,0
700,3,1,241,1,1,1,4324.4,18658,393.605,46.3844,0.482746,299.963,13326,94.702,23.1957,0.267264,71.2391,89.7439,23.1887,0.0718272,66.4834,184.446,0,0,0
700,3,1,242,1,1,1,4318.22,18637.3,389.943,46.3844,0.482746,296.29,13370.5,77.4716,23.1957,0.267264,54.0086,92.7995,23.1887,0.0718272,69.5389,170.271,0,0,0
700,3,1,243,1,0,0,-1,-1,423.41,23.1957,0.462701,352.427,257263,-1,-1,-1,-1,-1,-1,-1,-1,-1,0,0,0
700,3,1,244,1,1,1,4319.5,18638,327.03,46.3844,0.482746,233.195,14489.9,62.9303,23.1957,0.267264,39.4674,104.15,23.1887,0.0718272,80.8893,167.08,0,0,0
700,3,1,245,1,1,1,4327.43,18641,398.806,46.3844,0.482746,305.179,13216.6,83.1152,23.1957,0.267264,59.6522,92.4006,23.1887,0.0718272,69.1401,175.516,0,0,0
700,3,1,246,1,1,1,4316.3,18631.4,406.292,46.3844,0.482746,312.687,13073.9,102.206,23.1957,0.267264,78.7434,90.7239,23.1887,0.0718272,67.4634,192.93,0,0,0
700,3,1,247,1,1,1,4317.26,18632.1,364.184,46.3844,0.482746,270.456,13823.3,55.6624,23.1957,0.267264,32.1994,98.1236,23.1887,0.0718272,74.8631,153.786,0,0,0
700,3,1,248,1,1,1,4328.05,18642.9,398.977,46.3844,0.482746,305.351,13215.4,83.2091,23.1957,0.267264,59.7461,93.3968,23.1887,0.0718272,70.1363,176.606,0,0,0
700,3,1,249,1,1,1,4324.69,18654.7,305.451,46.3844,0.482746,211.553,14890.3,92.0616,23.1957,0.267264,68.5986,58.104,23.1887,0.0718272,34.8435,150.166,0,0,0
700,3,1,250,1,1,1,4318.22,18644.3,391.848,46.3844,0.482746,298.202,13343.6,93.3935,23.1957,0.267264,69.9306,88.1936,23.1887,0.0718272,64.9331,181.587,0,0,0
700,3,1,251,1,1,1,4333.99,24656.4,513,52.1883,0.731635,413.812,17300.5,213.234,28.9996,0.516154,183.442,93.2037,23.1887,0.0718272,69.9432,306.437,0,0,0
700,3,1,252,1,1,1,4332.1,18653,406.673,46.3844,0.482746,313.07,13088.7,102.694,23.1957,0.267264,79.2307,95.6528,23.1887,0.0718272,72.3923,198.347,0,0,0
700,3,1,253,1,1,1,4325.22,18686.6,311.769,46.3844,0.661478,217.711,14809.2,61.7724,23.1957,0.302342,38.2744,98.8473,23.1887,0.0718272,75.5868,160.62,0,0,0
700,3,1,254,1,1,1,4317.38,18643.4,409.572,46.3844,0.482746,315.977,13027.5,103.883,23.1957,0.267264,80.4201,94.7811,23.1887,0.0718272,71.5206,198.664,0,0,0
700,3,1,255,1,1,1,4324.81,18639.6,281.063,46.3844,0.482746,187.095,15308.8,59.5337,23.1957,0.267264,36.0707,86.2968,23.1887,0.0718272,63.0362,145.83,0,0,0
700,3,1,256,1,1,1,4316.3,18651.9,406.029,46.3844,0.678182,312.229,13098.6,103.402,23.1957,0.462701,79.7433,90.2872,23.1887,0.0718272,67.0267,193.689,0,0,0
700,3,1,257,1,1,1,4325.45,18642.6,322.776,46.3844,0.517824,228.894,14570,93.2536,23.1957,0.302342,69.7555,59.3132,23.1887,0.0718272,36.0527,152.567,0,0,0
700,3,1,258,1,1,1,4318.86,18657.9,353.464,46.3844,0.482746,259.705,14039.8,93.9964,23.1957,0.267264,70.5334,56.9381,23.1887,0.0718272,33.6776,150.934,0,0,0
700,3,1,259,1,1,1,4316.66,18649.5,403.234,46.3844,0.482746,309.621,13146.3,101.853,23.1957,0.267264,78.3897,96.3008,23.1887,0.0718272,73.0403,198.153,0,0,0
700,3,1,260,1,1,1,4319.11,18643.8,279.984,46.3844,0.517824,185.977,15332,90.0944,23.1957,0.267264,66.6314,57.3901,23.1887,0.106906,34.0945,147.484,0,0,0
700,3,1,261,1,1,1,4316.3,18651.3,336.928,46.3844,0.678182,242.926,14326.7,91.3619,23.1957,0.462701,67.7035,58.0516,23.1887,0.0718272,34.7911,149.413,0,0,0
700,3,1,262,1,1,1,4327.53,18646.1,408.42,46.3844,0.6264,314.678,13050.3,103.302,23.1957,0.267264,79.8389,91.8808,23.1887,0.0718272,68.6203,195.183,0,0,0
700,3,1,263,1,1,1,4326.09,18642.2,402.826,46.3844,0.482746,309.211,13146.3,86.64,23.1957,0.267264,63.177,90.7203,23.1887,0.0718272,67.4598,177.36,0,0,0
700,3,1,264,1,1,1,4317.26,18628.6,310.335,46.3844,0.482746,216.451,14777.4,61.2771,23.1957,0.267264,37.8142,97.7735,23.1887,0.0718272,74.513,159.051,0,0,0
700,3,1,265,1,1,1,4321.93,18647.2,330.031,46.3844,0.482746,236.205,14445.7,94.1191,23.1957,0.267264,70.6561,59.5117,23.1887,0.0718272,36.2512,153.631,0,0,0
700,3,1,266,1,1,1,4320.39,18637.5,351.734,46.3844,0.482746,257.971,14050.1,59.1673,23.1957,0.267264,35.7044,99.8075,23.1887,0.0718272,76.547,158.975,0,0,0
700,3,1,267,1,1,1,4333.61,18665,305.211,46.3844,0.6264,211.169,14904.4,64.145,23.1957,0.267264,40.682,92.6948,23.1887,0.0718272,69.4343,156.84,0,0,0
700,3,1,268,1,0,0,-1,-1,684.485,23.1957,0.267264,614.457,268501,-1,-1,-1,-1,-1,-1,-1,-1,-1,0,0,0
700,3,1,269,1,1,1,4315.98,18634.1,247.034,46.3844,0.482746,152.966,15908.5,74.9449,23.1957,0.267264,51.4819,42.6062,23.1887,0.0718272,19.3457,117.551,0,0,0
700,3,1,270,1,1,1,4325.53,18644.6,298.887,46.3844,0.517824,204.935,14996.7,92.353,23.1957,0.302342,68.8549,57.9397,23.1887,0.0718272,34.6792,150.293,0,0,0
700,3,1,271,1,1,1,4318.79,18632.6,375.874,46.3844,0.482746,282.18,13616,94.675,23.1957,0.267264,71.212,77.603,23.1887,0.0718272,54.3425,172.278,0,0,0
700,3,1,272,1,1,1,4315.66,18644.3,402.702,46.3844,0.517824,309.052,13150.3,102.756,23.1957,0.302342,79.2578,93.8408,23.1887,0.0718272,70.5803,196.597,0,0,0
700,3,1,273,1,1,1,4331.3,18646.1,360.569,46.3844,0.6264,266.688,13901.2,57.5466,23.1957,0.267264,34.0836,97.2844,23.1887,0.0718272,74.0239,154.831,0,0,0
700,3,1,274,1,1,1,4338.47,18654.2,394.847,46.3844,0.517824,301.174,13300,90.8975,23.1957,0.267264,67.4345,96.5091,23.1887,0.106906,73.2135,187.407,0,0,0
700,3,1,275,1,1,1,4336.69,18655.1,301.075,46.3844,0.482746,207.164,14968.6,88.914,23.1957,0.267264,65.4511,56.9399,23.1887,0.0718272,33.6794,145.854,0,0,0
700,3,1,276,1,1,1,4315.66,18631.5,354.506,46.3844,0.482746,260.75,13994.9,57.6008,23.1957,0.267264,34.1378,98.1056,23.1887,0.0718272,74.8451,155.706,0,0,0
700,3,1,277,1,1,1,4315.66,18629.5,260.503,46.3844,0.482746,166.475,15664.4,84.2739,23.1957,0.267264,60.8109,48.4898,23.1887,0.0718272,25.2293,132.764,0,0,0
700,3,1,278,1,1,1,4327.37,18647,380.058,46.3844,0.482746,286.377,13556,69.4836,23.1957,0.267264,46.0206,92.3862,23.1887,0.0718272,69.1256,161.87,0,0,0
700,3,1,279,1,1,1,4320.71,18647.4,396.242,46.3844,0.678182,302.412,13268.1,81.1088,23.1957,0.462701,57.4504,92.3573,23.1887,0.0718272,69.0968,173.466,0,0,0
700,3,1,280,1,1,1,4319.18,18636.9,237.06,46.3844,0.482746,142.964,16088.7,68.4223,23.1957,0.267264,44.9594,39.0778,23.1887,0.0718272,15.8173,107.5,0,0,0
700,3,1,281,1,1,1,4315.98,24643.2,372.261,52.1883,0.891994,272.503,19789.8,191.881,28.9996,0.676512,161.865,54.6911,23.1887,0.0718272,31.4306,246.572,0,0,0
700,3,1,282,1,1,1,4332.04,18677.5,359.307,46.3844,1.35636,264.692,13953.3,95.541,23.1957,0.853574,71.4917,59.842,23.1887,0.0718272,36.5815,155.383,0,0,0
700,3,1,283,1,1,1,4351.14,18669.1,367.899,46.3844,0.517824,274.147,13794,96.718,23.1957,0.267264,73.255,65.8798,23.1887,0.106906,42.5843,162.598,0,0,0
700,3,1,284,1,1,1,4320.27,18642.4,248.203,46.3844,0.482746,154.139,15896,76.488,23.1957,0.267264,53.025,43.5844,23.1887,0.0718272,20.3239,120.072,0,0,0
700,3,1,285,1,1,1,4315.98,18629.5,402.597,46.3844,0.482746,308.982,13137.7,96.4328,23.1957,0.267264,72.9699,91.3159,23.1887,0.0718272,68.0554,187.749,0,0,0
700,3,1,286,1,1,1,4325.94,18677.2,382.098,46.3844,1.06906,287.837,13548.5,92.5811,23.1957,0.853574,68.5319,80.5882,23.1887,0.0718272,57.3277,173.169,0,0,0
700,3,1,287,1,1,1,4315.02,18631.1,391.706,46.3844,0.482746,298.059,13332.9,81.2527,23.1957,0.267264,57.7897,91.5902,23.1887,0.0718272,68.3297,172.843,0,0,0
700,3,1,288,1,1,1,4371.9,18701.4,403.732,46.3844,0.913709,309.689,13188.2,102.723,23.1957,0.267264,79.2596,94.2631,23.1887,0.0718272,71.0026,196.986,0,0,0
700,3,1,289,1,1,1,4327.5,18643.6,378.752,46.3844,0.517824,285.032,13575.5,66.6609,23.1957,0.267264,43.1979,92.4248,23.1887,0.106906,69.1293,159.086,0,0,0
700,3,1,290,1,1,1,4335.21,18658.8,305.626,46.3844,0.661478,211.55,14890.7,64.3381,23.1957,0.267264,40.8751,92.7425,23.1887,0.106906,69.4469,157.081,0,0,0
700,3,1,291,1,1,1,4317.26,18646.1,343.903,46.3844,0.482746,250.116,14198,92.3341,23.1957,0.267264,68.8712,55.8209,23.1887,0.0718272,32.5604,148.155,0,0,0
700,3,1,292,1,1,1,4319.18,18645.6,393.457,46.3844,0.482746,299.815,13316.3,91.614,23.1957,0.267264,68.1511,89.2205,23.1887,0.0718272,65.96,180.835,0,0,0
700,3,1,293,1,1,1,4317.26,18645.3,286.417,46.3844,0.482746,192.464,15219.4,88.6307,23.1957,0.267264,65.1677,57.3026,23.1887,0.0718272,34.0421,145.933,0,0,0
700,3,1,294,1,1,1,4320.48,24651.6,499.256,52.1883,0.731635,400.029,17540.2,199.362,28.9996,0.516154,169.528,91.4116,23.1887,0.0718272,68.1511,290.774,0,0,0
700,3,1,295,1,1,1,4328.97,18643.1,293.133,46.3844,0.482746,199.199,15097.8,62.822,23.1957,0.267264,39.3591,88.7874,23.1887,0.0718272,65.5269,151.609,0,0,0
700,3,1,296,1,1,1,4317.26,18632.1,269.935,46.3844,0.482746,175.934,15499.2,86.8872,23.1957,0.267264,63.4243,55.339,23.1887,0.0718272,32.0785,142.226,0,0,0
700,3,1,297,1,1,1,4317.26,18639.7,290.914,46.3844,0.482746,196.974,15133.8,88.2463,23.1957,0.267264,64.7833,57.3351,23.1887,0.0718272,34.0746,145.581,0,0,0
700,3,1,298,1,1,1,4316.3,18641.9,286.234,46.3844,0.482746,192.28,15219.2,89.127,23.1957,0.267264,65.664,57.0662,23.1887,0.0718272,33.8057,146.193,0,0,0
700,3,1,299,1,1,1,4326.47,18671.9,390.75,46.3844,0.517824,297.065,13390.5,90.1728,23.1957,0.302342,66.6747,90.6048,23.1887,0.0718272,67.3443,180.778,0,0,0
700,3,1,300,1,1,1,4313.74,18629.2,319.65,46.3844,0.482746,225.793,14612.3,63.0855,23.1957,0.267264,39.6226,101.905,23.1887,0.0718272,78.6442,164.99,0,0,0
700,3,1,301,1,1,1,4321.82,18636.1,402.504,46.3844,0.482746,308.888,13146,101.299,23.1957,0.267264,77.8356,96.3585,23.1887,0.0718272,73.098,197.657,0,0,0
700,3,1,302,1,1,1,4317.26,18638.3,239.763,46.3844,0.482746,145.674,16042,70.5267,23.1957,0.267264,47.0638,39.9008,23.1887,0.0718272,16.6403,110.427,0,0,0
700,3,1,303,1,1,1,4342.9,18656.4,299.008,46.3844,0.517824,205.056,15006.4,64.6702,23.1957,0.267264,41.2072,92.8057,23.1887,0.106906,69.5101,157.476,0,0,0
700,3,1,304,1,1,1,4320.39,18643.3,334.06,46.3844,0.517824,240.21,14370,91.9425,23.1957,0.267264,68.4795,61.0484,23.1887,0.106906,37.7528,152.991,0,0,0
700,3,1,305,1,0,0,-1,-1,526.253,23.1957,0.267264,455.764,262115,-1,-1,-1,-1,-1,-1,-1,-1,-1,0,0,0
700,3,1,306,1,1,1,4349.88,18684,402.32,46.3844,0.482746,308.704,13197.1,102.8,23.1957,0.267264,79.3372,94.8858,23.1887,0.0718272,71.6253,197.686,0,0,0
700,3,1,307,1,1,1,4317.26,18644.7,236.731,46.3844,0.482746,142.633,16102.3,69.7922,23.1957,0.267264,46.3292,38.4299,23.1887,0.0718272,15.1693,108.222,0,0,0
700,3,1,308,1,1,1,4316.94,18632.4,232.205,46.3844,0.482746,138.094,16170.5,65.901,23.1957,0.267264,42.4381,36.4337,23.1887,0.0718272,13.1732,102.335,0,0,0
700,3,1,309,1,1,1,4317.73,18632.5,398.775,46.3844,0.482746,305.148,13208.7,82.4799,23.1957,0.267264,59.017,92.1046,23.1887,0.0718272,68.8441,174.585,0,0,0
700,3,1,310,1,1,2,10321.6,24638.7,445.538,69.5741,0.519494,329.457,18782.7,63.8201,23.1957,0.267264,40.3571,229.452,46.3784,0.108576,182.965,293.272,1,0,0
700,3,1,311,1,1,1,4335.04,18674.3,354.395,46.3844,0.873619,260.249,14038.6,58.7081,23.1957,0.658138,34.8543,100.556,23.1887,0.0718272,77.296,159.265,0,0,0
700,3,1,312,1,1,1,4328.25,18656.1,402.856,46.3844,0.482746,309.242,13159.6,91.4462,23.1957,0.267264,67.9832,92.6208,23.1887,0.0718272,69.3603,184.067,0,0,0
700,3,1,313,1,1,1,4329.38,18657.5,359.839,46.3844,0.6264,265.955,13925.6,93.5307,23.1957,0.267264,70.0678,61.5566,23.1887,0.0718272,38.2961,155.087,0,0,0
700,3,1,314,1,1,1,4322.25,18635.8,395.028,46.3844,0.482746,301.391,13278.5,93.2347,23.1957,0.267264,69.7718,95.4706,23.1887,0.0718272,72.21,188.705,0,0,0
700,3,1,315,1,1,1,4327.11,18644.8,323.673,46.3844,0.6264,229.684,14556,61.7771,23.1957,0.267264,38.3141,104.585,23.1887,0.0718272,81.3243,166.362,0,0,0
700,3,1,316,1,1,1,4387.09,18699.6,364.47,46.3844,0.770054,270.456,13884.9,56.4511,23.1957,0.267264,32.9881,99.0874,23.1887,0.0718272,75.8269,155.538,0,0,0
700,3,1,317,1,1,1,4318.86,18658.3,369.654,46.3844,0.482746,275.943,13752.3,96.0538,23.1957,0.267264,72.5909,72.3799,23.1887,0.0718272,49.1194,168.434,0,0,0
700,3,1,318,1,1,1,4316.3,18635.2,365.931,46.3844,0.482746,272.209,13795.3,54.834,23.1957,0.267264,31.371,97.2212,23.1887,0.0718272,73.9607,152.055,0,0,0
700,3,1,319,1,1,1,4317.9,18638.9,309.007,46.3844,0.482746,215.12,14811.3,62.2806,23.1957,0.267264,38.8176,95.411,23.1887,0.0718272,72.1505,157.692,0,0,0
700,3,1,320,1,1,1,4317.26,18632.1,299.806,46.3844,0.482746,205.892,14968.1,65.2477,23.1957,0.267264,41.7847,91.038,23.1887,0.0718272,67.7775,156.286,0,0,0
700,3,1,321,1,1,1,4319.43,18642.2,345.393,46.3844,0.482746,251.611,14167.6,62.8816,23.1957,0.267264,39.4186,99.7209,23.1887,0.0718272,76.4604,162.602,0,0,0
700,3,1,322,1,1,1,4317.26,18665.2,245.97,46.3844,0.482746,151.899,15958.5,74.2897,23.1957,0.267264,50.8268,41.6081,23.1887,0.0718272,18.3476,115.898,0,0,0
700,3,1,323,1,1,1,4316.04,18633,370.116,46.3844,0.517824,276.371,13718.5,58.5039,23.1957,0.302342,35.0059,95.3442,23.1887,0.0718272,72.0837,153.848,0,0,0
700,3,1,324,1,1,1,4331,18644.5,324.17,46.3844,0.482746,230.327,14547.3,61.4811,23.1957,0.267264,38.0181,104.191,23.1887,0.0718272,80.9308,165.672,0,0,0
700,3,1,325,1,1,1,4345.54,18663.2,402.324,46.3844,0.50112,308.689,13176,100.818,23.1957,0.267264,77.3555,96.6314,23.1887,0.0902016,73.3525,197.45,0,0,0
700,3,1,326,1,1,1,4336.43,18653.6,395.681,46.3844,0.482746,302.046,13284.7,95.2579,23.1957,0.267264,71.7949,93.4997,23.1887,0.0718272,70.2392,188.758,0,0,0
700,3,1,327,1,1,1,4319.82,18642.8,400.74,46.3844,0.482746,307.119,13183.9,99.8764,23.1957,0.267264,76.4134,94.3949,23.1887,0.0718272,71.1344,194.271,0,0,0
700,3,1,328,1,1,1,4327.73,18657.6,321.304,46.3844,0.482746,227.452,14611.4,63.3382,23.1957,0.267264,39.8753,102.76,23.1887,0.0718272,79.4996,166.098,0,0,0
700,3,1,329,1,1,1,4326.04,18642.8,355.612,46.3844,0.482746,261.86,13986.4,57.5394,23.1957,0.267264,34.0764,98.4539,23.1887,0.0718272,75.1934,155.993,0,0,0
700,3,1,330,1,1,1,4332.15,18679.1,330.583,46.3844,0.587981,236.653,14467.1,64.3711,23.1957,0.372499,40.8029,103.161,23.1887,0.0718272,79.9003,167.532,0,0,0
700,3,1,331,1,1,1,4317.14,18643.7,344.341,46.3844,0.713261,250.326,14187,64.1156,23.1957,0.497779,40.4221,100.419,23.1887,0.0718272,77.1588,164.535,0,0,0
700,3,1,332,1,1,1,4321.57,18637.7,392.064,46.3844,0.482746,298.418,13333.1,80.3448,23.1957,0.267264,56.8819,89.5147,23.1887,0.0718272,66.2542,169.86,0,0,0
700,3,1,333,1,1,1,4316.94,18631.1,305.221,46.3844,0.482746,211.322,14870.8,63.4104,23.1957,0.267264,39.9474,92.8175,23.1887,0.0718272,69.557,156.228,0,0,0
700,3,1,334,1,1,1,4322.06,18635.3,308.784,46.3844,0.482746,214.896,14811.6,95.9708,23.1957,0.267264,72.5078,57.0807,23.1887,0.0718272,33.8201,153.051,0,0,0
700,3,1,335,1,1,1,4330.09,18650,400.25,46.3844,0.552902,306.558,13199.4,93.0091,23.1957,0.267264,69.5462,90.2075,23.1887,0.141984,66.8769,183.217,0,0,0
700,3,1,336,1,1,1,4320.7,18636.5,334.068,46.3844,0.482746,240.253,14363.2,62.6777,23.1957,0.267264,39.2147,102.222,23.1887,0.0718272,78.9618,164.9,0,0,0
700,3,1,337,1,1,1,4323.96,18639.4,391.692,46.3844,0.482746,298.045,13341.5,93.7112,23.1957,0.267264,70.2482,88.3524,23.1887,0.0718272,65.0919,182.064,0,0,0
700,3,1,338,1,1,1,4322.84,18662.6,397.088,46.3844,0.873619,303.066,13267.8,96.7696,23.1957,0.658138,72.9157,91.3231,23.1887,0.0718272,68.0626,188.093,0,0,0
700,3,1,339,1,1,1,4331.82,18680.3,382.473,46.3844,0.908698,288.373,13545.1,92.6167,23.1957,0.658138,68.7629,80.5854,23.1887,0.106906,57.2898,173.202,0,0,0
700,3,1,340,1,1,1,4332.6,18666.6,388.813,46.3844,0.50112,295.139,13419.7,90.5257,23.1957,0.267264,67.0628,86.9883,23.1887,0.0902016,63.7094,177.514,0,0,0
700,3,1,341,1,1,1,4320.55,18639.8,378.281,46.3844,0.6264,284.451,13580,66.1699,23.1957,0.267264,42.707,94.3624,23.1887,0.0718272,71.1019,160.532,0,0,0
700,3,1,342,1,1,1,4338.97,18676.6,347.389,46.3844,0.517824,253.578,14166.2,94.109,23.1957,0.302342,70.611,57.124,23.1887,0.0718272,33.8635,151.233,0,0,0
700,3,1,343,1,1,1,4317.58,18632.4,334.601,46.3844,0.482746,240.787,14349.7,65.9588,23.1957,0.267264,42.4958,104.069,23.1887,0.0718272,80.8081,170.027,0,0,0
700,3,1,344,1,1,1,4322.25,18671.1,327.736,46.3844,0.587981,233.797,14509.7,94.1214,23.1957,0.372499,70.5532,60.5278,23.1887,0.0718272,37.2673,154.649,0,0,0
700,3,1,345,1,1,1,4347.38,18693,394.698,46.3844,0.713261,300.829,13340.9,92.3102,23.1957,0.497779,68.6167,95.328,23.1887,0.0718272,72.0675,187.638,0,0,0
700,3,1,346,1,1,1,4323.88,18651.3,230.321,46.3844,0.482746,136.205,16222.9,65.596,23.1957,0.267264,42.1331,35.7858,23.1887,0.0718272,12.5253,101.382,0,0,0
700,3,1,347,1,1,1,4320.3,18671.2,397.606,46.3844,0.678182,303.78,13267.6,97.0831,23.1957,0.462701,73.4247,94.6494,23.1887,0.0718272,71.3889,191.732,0,0,0
700,3,1,348,1,1,1,4316.94,24651.8,373.081,52.1883,0.536198,273.682,19784.4,192.877,28.9996,0.320717,163.219,54.9275,23.1887,0.0718272,31.667,247.804,0,0,0
700,3,1,349,1,1,1,4316.3,18634.7,306.443,46.3844,0.482746,212.548,14852.7,93.4477,23.1957,0.267264,69.9847,57.9488,23.1887,0.0718272,34.6883,151.396,0,0,0
700,3,1,350,1,1,1,4326.73,18664.2,321.844,46.3844,0.517824,227.959,14608.1,98.0543,23.1957,0.302342,74.5563,60.36,23.1887,0.0718272,37.0995,158.414,0,0,0
700,3,1,351,1,1,1,4321.26,18638.3,291.665,46.3844,0.482746,197.727,15119.1,62.943,23.1957,0.267264,39.48,89.4732,23.1887,0.0718272,66.2127,152.416,0,0,0
700,3,1,352,1,1,1,4329.16,18648.3,335.299,46.3844,0.482746,241.488,14353.1,63.0621,23.1957,0.267264,39.5991,102.392,23.1887,0.0718272,79.1315,165.454,0,0,0
700,3,1,353,1,1,1,4320.26,18655.4,234.975,46.3844,0.678182,140.677,16143.7,68.0312,23.1957,0.462701,44.3728,37.2567,23.1887,0.0718272,13.9962,105.288,0,0,0
700,3,1,354,1,1,1,4321.45,18638.6,328.739,46.3844,0.482746,234.909,14460.1,94.5595,23.1957,0.267264,71.0965,60.8635,23.1887,0.0718272,37.603,155.423,0,0,0
700,3,1,355,1,1,1,4360.69,18696.5,356.899,46.3844,0.482746,263.151,14017.3,57.9094,23.1957,0.267264,34.4464,98.9827,23.1887,0.0718272,75.7222,156.892,0,0,0
700,3,1,356,1,1,1,4315.66,18667.3,286.793,46.3844,0.552902,192.771,15234.2,89.1214,23.1957,0.337421,65.5882,57.2413,23.1887,0.0718272,33.9808,146.363,0,0,0
700,3,1,357,1,1,1,4318.86,18643.1,303.418,46.3844,0.482746,209.514,14914.9,64.2045,23.1957,0.267264,40.7416,92.0631,23.1887,0.0718272,68.8026,156.268,0,0,0
700,3,1,358,1,1,1,4320.71,18687.3,397.497,46.3844,0.482746,303.867,13286.1,99.2429,23.1957,0.267264,75.7799,90.1662,23.1887,0.0718272,66.9057,189.409,0,0,0
700,3,1,359,1,1,1,4320.58,18635.1,369.393,46.3844,0.482746,275.681,13733.7,96.5429,23.1957,0.267264,73.08,71.2465,23.1887,0.0718272,47.986,167.789,0,0,0
700,3,1,360,1,1,1,4325.95,18643.3,334.048,46.3844,0.482746,240.233,14370.4,62.5062,23.1957,0.267264,39.0432,102.881,23.1887,0.0718272,79.6206,165.387,0,0,0
700,3,1,361,1,1,1,4337.45,18673.7,610.143,46.3844,0.913709,516.7,264607,94.6695,23.1957,0.267264,71.2066,92.4168,23.1887,0.0718272,69.1563,187.086,0,0,0
700,3,1,362,1,1,1,4315.98,24658.8,441.413,52.1883,0.731635,342.017,18575.9,198.304,28.9996,0.516154,168.465,59.6561,23.1887,0.0718272,36.3956,257.96,0,0,0
700,3,1,363,1,1,1,4326.02,18650.5,346.388,46.3844,0.482746,252.609,14158.2,61.1093,23.1957,0.267264,37.6463,101.174,23.1887,0.0718272,77.9132,162.283,0,0,0
700,3,1,364,1,1,1,4322.63,24640.6,463.943,52.1883,0.536198,364.808,18157.5,193.646,28.9996,0.320717,163.993,65.3142,23.1887,0.0718272,42.0536,258.96,0,0,0
700,3,1,365,1,1,1,4335.82,18649.3,339.173,46.3844,0.482746,245.373,14285.3,62.9051,23.1957,0.267264,39.4421,102.439,23.1887,0.0718272,79.1784,165.344,0,0,0
700,3,1,366,1,1,1,4316.94,18635.5,356.845,46.3844,0.482746,263.097,13957.2,57.4798,23.1957,0.267264,34.0169,98.1579,23.1887,0.0718272,74.8974,155.638,0,0,0
700,3,1,367,0,0,0,-1,-1,278.746,23.206,0.516154,207.279,251060,-1,-1,-1,-1,-1,-1,-1,-1,-1,0,0,0
700,3,1,368,1,1,1,4329.71,18656.1,303.574,46.3844,0.482746,209.671,14925.1,91.6609,23.1957,0.267264,68.198,57.5896,23.1887,0.0718272,34.3291,149.251,0,0,0
700,3,1,369,1,1,1,4316.62,18640.8,283.997,46.3844,0.482746,190.036,15257.9,88.0604,23.1957,0.267264,64.5974,57.355,23.1887,0.0718272,34.0945,145.415,0,0,0
700,3,1,370,1,1,1,4318.66,18678.8,390.247,46.3844,0.678182,296.4,13406.1,91.2788,23.1957,0.462701,67.6204,88.4066,23.1887,0.0718272,65.1461,179.685,0,0,0
700,3,1,371,1,1,1,4324.63,18651.4,298.231,46.3844,0.482746,204.312,15015.4,64.9643,23.1957,0.267264,41.5014,92.5197,23.1887,0.0718272,69.2592,157.484,0,0,0
700,3,1,372,1,1,1,4317.9,18633.4,325.344,46.3844,0.482746,231.504,14515.3,92.816,23.1957,0.267264,69.353,59.4323,23.1887,0.0718272,36.1718,152.248,0,0,0
700,3,1,373,1,1,1,4317.26,18631.1,296.308,46.3844,0.482746,202.383,15029.3,64.2099,23.1957,0.267264,40.747,90.8449,23.1887,0.0718272,67.5843,155.055,0,0,0
700,3,1,374,1,1,1,4344.75,18669,369.94,46.3844,0.713261,275.999,13757.2,96.6806,23.1957,0.462701,73.0222,69.8883,23.1887,0.106906,46.5927,166.569,0,0,0
700,3,1,375,1,1,1,4316.62,18637.3,327.931,46.3844,0.482746,234.099,14473.2,93.5091,23.1957,0.267264,70.0461,60.2354,23.1887,0.0718272,36.9749,153.745,0,0,0
700,3,1,376,1,1,1,4315.34,18635,370.408,46.3844,0.482746,276.699,13715.6,95.682,23.1957,0.267264,72.2191,72.8528,23.1887,0.0718272,49.5923,168.535,0,0,0
700,3,1,377,1,1,1,4315.66,18635.6,251.187,46.3844,0.482746,157.131,15836.2,78.4624,23.1957,0.267264,54.9995,44.8387,23.1887,0.0718272,21.5782,123.301,0,0,0
700,3,1,378,1,1,1,4338.06,18651.6,335.667,46.3844,0.517824,241.822,14349.7,62.8852,23.1957,0.267264,39.4222,102.891,23.1887,0.106906,79.5953,165.776,0,0,0
700,3,1,379,1,1,1,4316.94,18631.7,353.316,46.3844,0.482746,259.557,14016.2,58.9923,23.1957,0.267264,35.5293,100.905,23.1887,0.0718272,77.6443,159.897,0,0,0
700,3,1,380,1,1,1,4317.38,18634.4,331.682,46.3844,0.482746,237.86,14403.6,65.3975,23.1957,0.267264,41.9345,101.986,23.1887,0.0718272,78.7254,167.383,0,0,0
700,3,1,381,1,1,1,4329.67,18650.9,308.623,46.3844,0.587981,214.629,14829.4,62.0432,23.1957,0.302342,38.5451,95.2664,23.1887,0.141984,71.9357,157.31,0,0,0
700,3,1,382,1,1,1,4318.22,18654.2,390.357,46.3844,0.482746,296.706,13380,90.8361,23.1957,0.267264,67.3732,92.3501,23.1887,0.0718272,69.0895,183.186,0,0,0
700,3,1,383,1,1,1,4319.62,18635.7,309.005,46.3844,0.482746,215.118,14808.1,61.7951,23.1957,0.267264,38.3321,95.8478,23.1887,0.0718272,72.5873,157.643,0,0,0
700,3,1,384,1,1,1,4331.88,18652.3,280.082,46.3844,0.6264,185.967,15338.7,59.7286,23.1957,0.267264,36.2657,86.0134,23.1887,0.0718272,62.7529,145.742,0,0,0
700,3,1,385,1,0,0,-1,-1,661.836,23.1957,0.337421,591.671,267527,-1,-1,-1,-1,-1,-1,-1,-1,-1,0,0,0
700,3,1,386,1,1,1,4330.82,18658,303.591,46.3844,0.517824,209.653,14926.5,91.8793,23.1957,0.267264,68.4164,57.529,23.1887,0.106906,34.2334,149.408,0,0,0
700,3,1,387,1,1,1,4324.87,18647.1,389.959,46.3844,0.552902,296.236,13379.5,78.1716,23.1957,0.337421,54.6385,92.0396,23.1887,0.0718272,68.7791,170.211,0,0,0
700,3,1,388,1,1,1,4318.31,18638.9,307.844,46.3844,0.6264,213.809,14831.6,94.8771,23.1957,0.267264,71.4141,57.2629,23.1887,0.0718272,34.0024,152.14,0,0,0
700,3,1,389,1,1,1,4317.58,18634.6,300.661,46.3844,0.482746,206.749,14955.4,91.3776,23.1957,0.267264,67.9146,57.7232,23.1887,0.0718272,34.4627,149.101,0,0,0
700,3,1,390,1,1,2,10324.1,24640.8,485.645,69.5741,0.519494,369.681,18071.7,60.0787,23.1957,0.267264,36.6158,211.056,46.3784,0.108576,164.569,271.135,1,0,0
700,3,1,391,1,1,1,4316.94,18635.7,322.04,46.3844,0.482746,228.19,14576.3,92.9622,23.1957,0.267264,69.4992,58.2375,23.1887,0.0718272,34.977,151.2,0,0,0
700,3,1,392,1,1,1,4345.35,18667.1,402.611,46.3844,0.517824,308.96,13174.8,101.185,23.1957,0.267264,77.7219,96.307,23.1887,0.106906,73.0114,197.492,0,0,0
700,3,1,393,1,1,1,4316.62,18635.7,244.77,46.3844,0.482746,150.695,15950.4,73.7537,23.1957,0.267264,50.2908,41.1966,23.1887,0.0718272,17.9361,114.95,0,0,0
700,3,1,394,1,1,1,4315.66,18654.4,251.127,46.3844,0.517824,157.036,15855.8,78.2268,23.1957,0.302342,54.7288,44.4272,23.1887,0.0718272,21.1667,122.654,0,0,0
700,3,1,395,1,1,1,4322.08,18636.6,353.888,46.3844,0.482746,260.131,14010.9,58.3137,23.1957,0.267264,34.8507,99.3509,23.1887,0.0718272,76.0904,157.665,0,0,0
700,3,1,396,1,1,1,4322.89,18651.8,285.739,46.3844,0.482746,191.783,15238,88.2607,23.1957,0.267264,64.7977,57.2214,23.1887,0.0718272,33.9609,145.482,0,0,0
700,3,1,397,1,1,1,4316.94,18646.8,330.031,46.3844,0.482746,236.205,14445.3,93.7888,23.1957,0.267264,70.3258,59.6308,23.1887,0.0718272,36.3703,153.42,0,0,0
700,3,1,398,1,1,1,4319.11,18633.6,360.809,46.3844,0.482746,267.072,13884.8,57.2344,23.1957,0.267264,33.7714,96.6996,23.1887,0.0718272,73.4391,153.934,0,0,0
700,3,1,399,1,1,1,4314.7,18641,409.14,46.3844,0.482746,315.544,13032.8,102.984,23.1957,0.267264,79.5213,94.7793,23.1887,0.0718272,71.5188,197.764,0,0,0
700,3,1,400,1,1,1,4317.26,18653.4,395.673,46.3844,0.482746,302.037,13284.7,93.177,23.1957,0.267264,69.714,96.003,23.1887,0.0718272,72.7425,189.18,0,0,0
700,3,1,401,1,1,1,4344.86,18677.1,366.815,46.3844,0.517824,273.061,13821.3,95.5467,23.1957,0.267264,72.0837,67.0602,23.1887,0.106906,43.7646,162.607,0,0,0
700,3,1,402,1,1,1,4314.38,18630.1,391.607,46.3844,0.482746,297.96,13333.7,80.7762,23.1957,0.267264,57.3132,91.4964,23.1887,0.0718272,68.2359,172.273,0,0,0
700,3,1,403,1,1,1,4334.13,18668.9,366.399,46.3844,0.482746,272.678,13820.8,96.3606,23.1957,0.267264,72.8977,64.4767,23.1887,0.0718272,41.2162,160.837,0,0,0
700,3,1,404,1,1,1,4316.94,18652.6,342.508,46.3844,0.482746,248.718,14229.3,63.8273,23.1957,0.267264,40.3644,101.791,23.1887,0.0718272,78.5305,165.618,0,0,0
700,3,1,405,1,1,1,4318.54,18634.9,401.526,46.3844,0.482746,307.908,13162.2,84.7125,23.1957,0.267264,61.2495,90.3341,23.1887,0.0718272,67.0736,175.047,0,0,0
700,3,1,406,1,1,1,4326.41,18653.6,408.898,46.3844,0.517824,315.266,13049.5,103.037,23.1957,0.302342,79.5393,93.2579,23.1887,0.0718272,69.9974,196.295,0,0,0
700,3,1,407,1,1,1,4318.54,18633,395.849,46.3844,0.482746,302.214,13261.2,81.3194,23.1957,0.267264,57.8565,92.3771,23.1887,0.0718272,69.1166,173.697,0,0,0
700,3,1,408,1,1,1,4320.58,18633.8,383.131,46.3844,0.482746,289.459,13488.1,89.9283,23.1957,0.267264,66.4654,83.6022,23.1887,0.0718272,60.3417,173.531,0,0,0
700,3,1,409,1,1,1,4348.17,18686,397.764,46.3844,0.482746,304.134,13280.1,97.1836,23.1957,0.267264,73.7207,94.9436,23.1887,0.0718272,71.683,192.127,0,0,0
700,3,1,410,1,1,1,4329.88,18653.9,400.204,46.3844,0.482746,306.581,13204.6,100.263,23.1957,0.267264,76.7997,94.5339,23.1887,0.0718272,71.2734,194.796,0,0,0
700,3,1,411,1,1,1,4318.15,18632.3,264.771,46.3844,0.517824,170.72,15591.1,85.6492,23.1957,0.267264,62.1862,51.3765,23.1887,0.106906,28.0809,137.026,0,0,0
700,3,1,412,1,1,1,4322.89,18644.3,405.434,46.3844,0.517824,311.792,13101.8,99.4855,23.1957,0.302342,75.9875,90.5074,23.1887,0.0718272,67.2468,189.993,0,0,0
700,3,1,413,1,1,1,4318.54,18634.9,376.896,46.3844,0.482746,283.206,13600.1,95.0828,23.1957,0.267264,71.6199,78.2961,23.1887,0.0718272,55.0356,173.379,0,0,0
700,3,1,414,1,1,1,4314.7,18629.2,331.556,46.3952,0.50112,237.705,14400.6,94.0291,23.2065,0.285638,70.537,60.4538,23.1887,0.0718272,37.1933,154.483,0,0,0
700,3,1,415,1,1,1,4323.37,18637.9,377.655,46.3844,0.482746,283.967,13589.5,65.0672,23.1957,0.267264,41.6042,95.0717,23.1887,0.0718272,71.8112,160.139,0,0,0
700,3,1,416,1,1,1,4317.83,18656.5,395.126,46.3844,0.678182,301.293,13297,91.7355,23.1957,0.462701,68.0771,96.8801,23.1887,0.0718272,73.6196,188.616,0,0,0
700,3,1,417,1,1,1,4320.34,18650.1,397.609,46.3844,0.482746,303.979,13247,98.9126,23.1957,0.267264,75.4497,92.5739,23.1887,0.0718272,69.3133,191.486,0,0,0
700,3,1,418,1,1,1,4315.39,18635.4,402.682,46.3844,0.482746,309.067,13142.1,91.1899,23.1957,0.267264,67.7269,92.989,23.1887,0.0718272,69.7284,184.179,0,0,0
700,3,1,419,1,1,1,4315.98,18628.5,288.667,46.3844,0.482746,194.72,15162.6,89.2551,23.1957,0.267264,65.7922,57.3965,23.1887,0.0718272,34.136,146.652,0,0,0
700,3,1,420,1,1,1,4323.31,18687,362.719,46.3844,0.482746,268.987,13904.3,94.7814,23.1957,0.267264,71.3185,62.3994,23.1887,0.0718272,39.1389,157.181,0,0,0
700,3,1,421,1,1,2,10322.8,24638.6,428.377,69.5741,0.519494,312.247,19087.7,65.4228,23.1957,0.267264,41.9598,221.168,46.3784,0.108576,174.681,286.591,1,0,0
700,3,1,422,1,1,1,4316.62,18635.9,406.646,46.3844,0.482746,313.043,13072.1,101.643,23.1957,0.267264,78.1803,91.5487,23.1887,0.0718272,68.2882,193.192,0,0,0
700,3,1,423,1,1,1,4323.85,18652.3,296.348,46.3844,0.517824,202.388,15049.6,65.1322,23.1957,0.267264,41.6692,90.2627,23.1887,0.106906,66.9671,155.395,0,0,0
700,3,1,424,1,1,1,4315.66,18663.3,324.518,46.3844,0.482746,230.675,14559.9,94.1841,23.1957,0.267264,70.7211,59.2572,23.1887,0.0718272,35.9967,153.441,0,0,0
700,3,1,425,1,1,1,4340.77,18676.2,398.398,46.3844,0.517824,304.735,13258.8,97.6781,23.1957,0.267264,74.2152,93.6774,23.1887,0.106906,70.3818,191.356,0,0,0
700,3,1,426,1,1,1,4335.02,18663.6,337.818,46.3844,0.661478,243.836,14323,93.2066,23.1957,0.302342,69.7086,60.2156,23.1887,0.0718272,36.9551,153.422,0,0,0
700,3,1,427,1,1,1,4318.22,18632.1,305.185,46.3844,0.482746,211.286,14872.4,63.0224,23.1957,0.267264,39.5594,92.7363,23.1887,0.0718272,69.4758,155.759,0,0,0
700,3,1,428,1,1,1,4315.98,18647.6,329.439,46.3844,0.552902,235.541,14456.2,95.4183,23.1957,0.337421,71.8852,61.1198,23.1887,0.0718272,37.8593,156.538,0,0,0
700,3,1,429,1,1,1,4316.55,18629.1,362.96,46.3844,0.482746,269.229,13842.1,56.5305,23.1957,0.267264,33.0675,98.6885,23.1887,0.0718272,75.428,155.219,0,0,0
700,3,1,430,1,1,1,4317.83,18660.5,286.014,46.3844,0.482746,192.06,15241.8,88.6144,23.1957,0.267264,65.1515,57.0662,23.1887,0.0718272,33.8057,145.681,0,0,0
700,3,1,431,1,1,1,4313.1,18657.2,285.048,46.3844,0.482746,191.09,15255.6,88.4412,23.1957,0.267264,64.9782,56.7684,23.1887,0.0718272,33.5079,145.21,0,0,0
700,3,1,432,1,1,1,4327.17,18657.1,353.662,46.3844,0.482746,259.904,14035.5,94.2887,23.1957,0.267264,70.8258,57.068,23.1887,0.0718272,33.8075,151.357,0,0,0
700,3,1,433,1,1,1,4313.74,18627.9,296.002,46.3844,0.482746,202.076,15031.6,64.8994,23.1957,0.267264,41.4364,90.1302,23.1887,0.0718272,66.8696,155.03,0,0,0
700,3,1,434,1,1,1,4330.44,18645.9,390.078,46.3844,0.482746,296.426,13376.7,77.7008,23.1957,0.267264,54.2378,92.6659,23.1887,0.0718272,69.4054,170.367,0,0,0
700,3,1,435,1,1,1,4317.58,18641.4,389.989,46.3844,0.482746,296.337,13373.8,92.4532,23.1957,0.267264,68.9903,89.1664,23.1887,0.0718272,65.9059,181.62,0,0,0
700,3,1,436,1,1,1,4332.04,18653.8,319.625,46.3844,0.517824,225.734,14637.1,63.8183,23.1957,0.267264,40.3553,102.474,23.1887,0.106906,79.1784,166.292,0,0,0
700,3,1,437,1,1,1,4319.5,18677.9,248.184,46.3844,0.482746,154.119,15931.9,76.2931,23.1957,0.267264,52.8301,42.9978,23.1887,0.0718272,19.7373,119.291,0,0,0
700,3,1,438,1,0,0,-1,-1,551.706,23.1957,0.267264,481.291,263223,-1,-1,-1,-1,-1,-1,-1,-1,-1,0,0,0
700,3,1,439,1,1,1,4345.49,18677.4,320.602,46.3844,0.678182,226.553,14643.1,63.6835,23.1957,0.462701,40.025,101.881,23.1887,0.0718272,78.6207,165.565,0,0,0
700,3,1,440,1,1,1,4317.26,18655.8,405.988,46.3844,0.517824,312.348,13103.4,102.491,23.1957,0.302342,78.9925,89.762,23.1887,0.0718272,66.5015,192.253,0,0,0
700,3,1,441,1,1,1,4325.51,18650.2,339.85,46.3844,0.482746,246.052,14274.1,90.1323,23.1957,0.267264,66.6693,57.2846,23.1887,0.0718272,34.0241,147.417,0,0,0
700,3,1,442,1,1,1,4315.98,18629.8,259.515,46.3844,0.482746,165.484,15682.3,82.9528,23.1957,0.267264,59.4898,47.7607,23.1887,0.0718272,24.5002,130.713,0,0,0
700,3,1,443,1,1,1,4328.42,18654.4,402.083,46.3844,0.482746,308.466,13171.7,102.427,23.1957,0.267264,78.9636,94.7414,23.1887,0.0718272,71.4809,197.168,0,0,0
700,3,1,444,1,1,1,4321.2,18648.9,329.9,46.3844,0.482746,236.073,14449.8,64.5348,23.1957,0.267264,41.0718,102.89,23.1887,0.0718272,79.6296,167.425,0,0,0
700,3,1,445,1,1,1,4316.3,18651.8,402.196,46.3844,0.482746,308.579,13167.1,100.418,23.1957,0.267264,76.9549,96.9162,23.1887,0.0718272,73.6557,197.334,0,0,0
700,3,1,446,1,1,1,4322.85,18669,320.068,46.3844,0.517824,226.178,14644.5,96.8108,23.1957,0.302342,73.3128,59.8113,23.1887,0.0718272,36.5508,156.622,0,0,0
700,3,1,447,1,1,1,4317.58,18640.1,322.993,46.3844,0.482746,229.146,14563.7,98.6473,23.1957,0.267264,75.1844,59.8312,23.1887,0.0718272,36.5707,158.478,0,0,0
700,3,1,448,1,1,1,4315.98,18643,397.238,46.3844,0.482746,303.607,13246.5,98.2015,23.1957,0.267264,74.7386,90.6373,23.1887,0.0718272,67.3768,188.839,0,0,0
700,3,1,449,1,1,2,10325.9,24670.4,527.796,69.5741,0.519494,411.955,17351.7,103.917,23.1957,0.267264,80.4544,213.749,46.3784,0.108576,167.262,317.666,1,0,0
700,3,1,450,1,1,1,4325.68,18681.5,389.902,46.3844,0.873619,295.859,13414.4,90.8029,23.1957,0.658138,66.9491,87.8832,23.1887,0.0718272,64.6227,178.686,0,0,0
700,3,1,451,1,1,1,4332.46,18646.3,324.116,46.3844,0.6264,230.128,14549.6,64.1504,23.1957,0.267264,40.6874,105.072,23.1887,0.0718272,81.8116,169.222,0,0,0
700,3,1,452,1,1,1,4336.77,18650.9,393.342,46.3844,0.482746,299.7,13323.7,80.2564,23.1957,0.267264,56.7934,90.5922,23.1887,0.0718272,67.3317,170.849,0,0,0
700,3,1,453,1,1,1,4332.37,18646.9,371.465,46.3844,0.50112,277.741,13708.4,60.3928,23.1957,0.267264,36.9298,95.2002,23.1887,0.0902016,71.9213,155.593,0,0,0
700,3,1,454,1,1,1,4323.38,18636.3,395.376,46.3844,0.482746,301.739,13272.8,91.4985,23.1957,0.267264,68.0355,97.7157,23.1887,0.0718272,74.4552,189.214,0,0,0
700,3,1,455,1,1,1,4315.91,18662.5,358.628,46.3844,0.482746,264.885,13952.5,95.2056,23.1957,0.267264,71.7426,59.6669,23.1887,0.0718272,36.4064,154.873,0,0,0
700,3,1,456,1,1,1,4324.23,18637.1,302.093,46.3844,0.482746,208.185,14932.5,64.4391,23.1957,0.267264,40.9762,91.4422,23.1887,0.0718272,68.1817,155.881,0,0,0
700,3,1,457,1,1,1,4337.03,18654.4,292.315,46.3844,0.50112,198.36,15123.4,62.7878,23.1957,0.267264,39.3248,89.9735,23.1887,0.0902016,66.6946,152.761,0,0,0
700,3,1,458,1,1,1,4320.58,18645.4,401.775,46.3844,0.482746,308.157,13168.1,100.353,23.1957,0.267264,76.8899,95.4381,23.1887,0.0718272,72.1776,195.791,0,0,0
700,3,1,459,1,1,1,4331.32,18662.1,394.254,46.3844,0.482746,300.615,13318.6,91.6339,23.1957,0.267264,68.1709,95.2287,23.1887,0.0718272,71.9682,186.863,0,0,0
700,3,1,460,1,1,1,4319.32,18633.5,356.487,46.3844,0.482746,262.737,13961.6,93.121,23.1957,0.267264,69.6581,57.4055,23.1887,0.0718272,34.145,150.527,0,0,0
700,3,1,461,1,1,1,4330.22,18672,403.579,46.3844,0.517824,309.931,13162.4,101.557,23.1957,0.302342,78.0594,97.2898,23.1887,0.0718272,74.0293,198.847,0,0,0
700,3,1,462,1,1,1,4322.77,18658.9,347.321,46.3844,0.517824,253.509,14149.8,60.8375,23.1957,0.302342,37.3395,101.67,23.1887,0.0718272,78.4095,162.508,0,0,0
700,3,1,463,1,1,1,4317.58,18640.5,382.546,46.3844,0.482746,288.873,13505.2,91.6501,23.1957,0.267264,68.1871,82.476,23.1887,0.0718272,59.2155,174.126,0,0,0
700,3,1,464,1,1,1,4330.59,18654.7,359.52,46.3844,0.50112,265.76,13928.6,94.7002,23.1957,0.267264,71.2373,59.9705,23.1887,0.0902016,36.6916,154.671,0,0,0
700,3,1,465,1,1,1,4319.18,18652.4,293.954,46.3844,0.482746,200.022,15092.5,88.9971,23.1957,0.267264,65.5341,57.3117,23.1887,0.0718272,34.0512,146.309,0,0,0
700,3,1,466,1,1,1,4329.8,18669.4,397.173,46.3844,0.482746,303.542,13274,97.7377,23.1957,0.267264,74.2747,94.3768,23.1887,0.0718272,71.1163,192.115,0,0,0
700,3,1,467,0,0,0,-1,-1,592.854,23.206,0.516154,522.3,264979,-1,-1,-1,-1,-1,-1,-1,-1,-1,0,0,0
700,3,1,468,1,1,2,10320,24638.2,462.61,69.5741,0.519494,346.579,18478.7,90.5366,23.1957,0.267264,67.0736,160.967,46.3784,0.108576,114.48,251.504,1,0,0
700,3,1,469,1,1,1,4348.07,18670.9,393.429,46.3844,0.6264,299.644,13341.7,91.4299,23.1957,0.267264,67.967,88.7675,23.1887,0.0718272,65.507,180.197,0,0,0
700,3,1,470,1,1,1,4317.9,18643.1,252.474,46.3844,0.517824,158.387,15820.5,80.1038,23.1957,0.302342,56.6057,45.4866,23.1887,0.0718272,22.2261,125.59,0,0,0
700,3,1,471,1,1,1,4318.35,18632.8,359.906,46.3844,0.482746,266.166,13900.1,94.5215,23.1957,0.267264,71.0586,60.7877,23.1887,0.0718272,37.5272,155.309,0,0,0
700,3,1,472,1,1,1,4317.58,18683,363.662,46.3844,0.678182,269.738,13883.1,95.4985,23.1957,0.462701,71.8401,62.1666,23.1887,0.0718272,38.9061,157.665,0,0,0
700,3,1,473,1,1,1,4325.02,18646.2,391.375,46.3844,0.482746,297.727,13353.9,90.7152,23.1957,0.267264,67.2523,92.1172,23.1887,0.0718272,68.8567,182.832,0,0,0
700,3,1,474,1,1,1,4325.94,18643.8,319.513,46.3844,0.482746,225.656,14629.4,64.0313,23.1957,0.267264,40.5683,102.186,23.1887,0.0718272,78.9257,166.217,0,0,0
700,3,1,475,1,1,1,4327.45,18659.2,394.337,46.3844,0.552902,300.627,13313.7,93.1164,23.1957,0.302342,69.6184,94.4065,23.1887,0.106906,71.1109,187.523,0,0,0
700,3,1,476,1,1,1,4341.13,18681.2,397.967,46.3844,0.770054,304.051,13270.9,97.4724,23.1957,0.267264,74.0094,94.7847,23.1887,0.0718272,71.5242,192.257,0,0,0
700,3,1,477,1,1,1,4321.99,18638.4,343.972,46.3844,0.517824,250.151,14188.8,63.9049,23.1957,0.267264,40.442,101.581,23.1887,0.106906,78.285,165.486,0,0,0
700,3,1,478,1,1,1,4342.25,18680.6,391.789,46.3844,0.482746,298.142,13380.9,90.6719,23.1957,0.267264,67.2089,92.2183,23.1887,0.0718272,68.9578,182.89,0,0,0
700,3,1,479,1,1,1,4328.01,18647.2,351.909,46.3844,0.482746,258.146,14056.7,59.1673,23.1957,0.267264,35.7044,99.9248,23.1887,0.0718272,76.6643,159.092,0,0,0
700,3,1,480,1,1,1,4337.86,18675.3,402.743,46.3844,0.482746,309.128,13180.9,86.0859,23.1957,0.267264,62.623,91.2961,23.1887,0.0718272,68.0355,177.382,0,0,0
700,3,1,481,1,1,1,4332.17,18654.9,396.161,46.3844,0.517824,302.492,13277.3,95.9535,23.1957,0.302342,72.4555,94.4346,23.1887,0.0718272,71.1741,190.388,0,0,0
700,3,1,482,1,1,1,4320.07,24654.9,454.497,52.1883,0.606355,355.264,18339.3,192.319,28.9996,0.390874,162.589,56.5356,23.1887,0.0718272,33.2751,248.854,0,0,0
700,3,1,483,1,1,1,4344.88,18663,267.047,46.3844,0.517824,173.003,15581.3,86.7627,23.1957,0.267264,63.2998,53.7841,23.1887,0.106906,30.4885,140.547,0,0,0
700,3,1,484,1,1,1,4324.52,18638.7,292.965,46.3844,0.6264,198.887,15095.9,62.7679,23.1957,0.267264,39.3049,89.4425,23.1887,0.0718272,66.182,152.21,0,0,0
700,3,1,485,1,1,1,4345.91,18670.9,291.735,46.3844,0.661478,197.618,15149.8,86.8439,23.1957,0.267264,63.381,57.6066,23.1887,0.106906,34.3111,144.451,0,0,0
700,3,1,486,1,1,1,4316.3,18701,293.453,46.3844,0.873619,199.129,15149.1,89.1316,23.1957,0.658138,65.2778,57.6095,23.1887,0.0718272,34.349,146.741,0,0,0
700,3,1,487,1,1,1,4317.96,18637.3,266.258,46.3844,0.482746,172.247,15569.8,86.2357,23.1957,0.267264,62.7727,53.0686,23.1887,0.0718272,29.8081,139.304,0,0,0
700,3,1,488,1,1,1,4318.53,18635.3,386.079,46.3844,0.482746,292.416,13437.2,76.6811,23.1957,0.267264,53.2181,92.2652,23.1887,0.0718272,69.0047,168.946,0,0,0
700,3,1,489,1,1,1,4330.82,18650.9,328.912,46.3844,0.482746,235.082,14469.3,94.3645,23.1957,0.267264,70.9016,60.6271,23.1887,0.0718272,37.3666,154.992,0,0,0
700,3,1,490,1,1,1,4339.57,18675.4,338.94,46.3844,0.517824,245.104,14315.3,63.117,23.1957,0.302342,39.619,102.809,23.1887,0.0718272,79.5484,165.926,0,0,0
700,3,1,491,1,1,1,4332.81,18652.1,345.681,46.3844,0.517824,251.865,14172.2,62.8617,23.1957,0.267264,39.3988,100.241,23.1887,0.106906,76.9458,163.103,0,0,0
700,3,1,492,1,1,1,4325.83,18642.2,402.583,46.3844,0.482746,308.967,13150.7,96.9851,23.1957,0.267264,73.5221,90.1861,23.1887,0.0718272,66.9256,187.171,0,0,0
700,3,1,493,1,1,1,4328.81,18657.8,395.346,46.3844,0.6264,301.566,13294.5,91.91,23.1957,0.267264,68.447,95.2594,23.1887,0.0718272,71.9989,187.169,0,0,0
700,3,1,494,1,1,1,4321.86,18640.6,391.235,46.3844,0.482746,297.586,13350.9,89.7785,23.1957,0.267264,66.3156,87.4645,23.1887,0.0718272,64.204,177.243,0,0,0
700,3,1,495,1,1,1,4320.9,18658.9,308.746,46.3844,0.482746,214.858,14835.9,95.359,23.1957,0.267264,71.896,57.1258,23.1887,0.0718272,33.8653,152.485,0,0,0
700,3,1,496,1,1,1,4318.59,18632.8,352.544,46.3844,0.482746,258.783,14031,58.8569,23.1957,0.267264,35.3939,100.605,23.1887,0.0718272,77.3447,159.462,0,0,0
700,3,1,497,1,1,1,4326.15,18660.5,285.841,46.3844,0.482746,191.886,15244.8,88.1434,23.1957,0.267264,64.6804,57.3387,23.1887,0.0718272,34.0782,145.482,0,0,0
700,3,1,498,1,1,1,4324.49,18642.4,396.191,46.3844,0.482746,302.557,13264.5,95.128,23.1957,0.267264,71.665,91.9566,23.1887,0.0718272,68.6961,187.085,0,0,0
700,3,1,499,1,1,1,4327.18,18649.7,309.403,46.3844,0.661478,215.338,14814.4,62.9131,23.1957,0.302342,39.415,96.5029,23.1887,0.0718272,73.2424,159.416,0,0,0
700,3,1,500,1,1,1,4315.98,18629.8,286.84,46.3844,0.482746,192.888,15196.4,88.757,23.1957,0.267264,65.2941,57.0464,23.1887,0.0718272,33.7859,145.803,0,0,0
700,3,1,501,1,1,1,4332.49,18647.6,286.117,46.3844,0.482746,192.162,15227,60.7483,23.1957,0.267264,37.2854,86.008,23.1887,0.0718272,62.7475,146.756,0,0,0
700,3,1,502,1,1,1,4331.71,18657.7,393.467,46.3844,0.536198,299.772,13327.8,90.6312,23.1957,0.302342,67.1331,93.5921,23.1887,0.0902016,70.3132,184.223,0,0,0
700,3,1,503,0,0,0,-1,-1,881.452,23.206,0.481075,811.772,282396,-1,-1,-1,-1,-1,-1,-1,-1,-1,0,0,0
700,3,1,504,1,1,1,4325.57,18665,402.614,46.3844,0.517824,308.964,13172.6,91.7105,23.1957,0.302342,68.2124,92.0631,23.1887,0.0718272,68.8026,183.774,0,0,0
700,3,1,505,1,1,1,4328.92,18661.2,392.118,46.3844,0.482746,298.472,13355.7,93.0091,23.1957,0.267264,69.5462,88.5925,23.1887,0.0718272,65.332,181.602,0,0,0
700,3,1,506,1,1,1,4316.62,18654.8,404.53,46.3844,0.678182,310.725,13128.1,93.08,23.1957,0.462701,69.4216,92.6894,23.1887,0.0718272,69.4289,185.769,0,0,0
700,3,1,507,1,1,1,4322.67,18636.8,401.946,46.3844,0.482746,308.328,13156.6,97.3082,23.1957,0.267264,73.8452,89.6122,23.1887,0.0718272,66.3517,186.92,0,0,0
700,3,1,508,1,1,1,4317.26,18659.2,303.591,46.3844,0.517824,209.653,14927.7,92.2266,23.1957,0.302342,68.7286,57.0211,23.1887,0.0718272,33.7606,149.248,0,0,0
700,3,1,509,1,1,1,4317.9,18634.6,253.289,46.3844,0.482746,159.239,15797.8,80.094,23.1957,0.267264,56.631,46.3096,23.1887,0.0718272,23.0491,126.404,0,0,0
700,3,1,510,1,1,1,4320.87,18646.2,282.807,46.3844,0.821837,188.504,15283.7,88.8604,23.1957,0.462701,65.202,57.8188,23.1887,0.0718272,34.5583,146.679,0,0,0
700,3,1,511,1,1,2,4342.34,18663.2,425.14,69.5741,0.698227,308.821,13156.5,86.362,23.1957,0.267264,62.8991,114.99,46.3784,0.287309,68.3243,201.352,1,0,0
700,3,1,512,1,1,1,4320.7,24637.5,498.93,52.1883,0.696557,399.736,17532,200.128,28.9996,0.481075,170.333,89.5093,23.1887,0.0718272,66.2488,289.637,0,0,0
700,3,1,513,1,1,1,4318.79,18677.8,402.455,46.3844,0.482746,308.839,13188.5,102.52,23.1957,0.267264,79.0575,93.1694,23.1887,0.0718272,69.9089,195.69,0,0,0
700,3,1,514,1,1,1,4319.43,18633.6,394.97,46.3844,0.517824,301.297,13277.2,92.1266,23.1957,0.267264,68.6636,95.6356,23.1887,0.106906,72.34,187.762,0,0,0
700,3,1,515,1,1,1,4318.22,30658.4,473.739,57.9922,1.05068,368.473,24099.3,294.167,34.8035,0.8352,257.66,54.4547,23.1887,0.0718272,31.1942,348.622,0,0,0
700,3,1,516,1,1,1,4329.62,18649.2,386.859,46.3844,0.6264,293.054,13436.8,89.9807,23.1957,0.267264,66.5177,86.1668,23.1887,0.0718272,62.9063,176.147,0,0,0
700,3,1,517,1,1,1,4318.28,18634,350.816,46.3844,0.482746,257.05,14063,59.5716,23.1957,0.267264,36.1086,99.7822,23.1887,0.0718272,76.5217,159.354,0,0,0
700,3,1,518,1,1,1,4315.98,18631.7,258.311,46.3844,0.482746,164.277,15705.6,82.6063,23.1957,0.267264,59.1433,47.1326,23.1887,0.0718272,23.8721,129.739,0,0,0
700,3,1,519,1,1,1,4341.16,18674.3,395.31,46.3844,0.517824,301.638,13311.8,91.4361,23.1957,0.302342,67.9381,97.4017,23.1887,0.0718272,74.1412,188.838,0,0,0
700,3,1,520,1,1,1,4333.67,18647.8,330.157,46.3844,0.6264,236.187,14443.8,95.9419,23.1957,0.267264,72.479,60.4881,23.1887,0.0718272,37.2276,156.43,0,0,0
700,3,1,521,1,1,1,4323.91,18644.9,379.277,46.3844,0.482746,285.593,13567.8,69.2652,23.1957,0.267264,45.8022,91.26,23.1887,0.0718272,67.9994,160.525,0,0,0
700,3,1,522,1,1,1,4335.99,18662.1,396.92,46.3844,0.770054,303.001,13270.4,98.1456,23.1957,0.267264,74.6826,91.1444,23.1887,0.0718272,67.8839,189.29,0,0,0
700,3,1,523,1,0,0,-1,-1,638.405,23.1957,0.302342,568.207,266683,-1,-1,-1,-1,-1,-1,-1,-1,-1,0,0,0
700,3,1,524,1,1,1,4328.58,18670.8,405.941,46.3844,0.661478,312.156,13118.9,99.7573,23.1957,0.267264,76.2943,90.3656,23.1887,0.106906,67.07,190.123,0,0,0
700,3,1,525,1,1,1,4326.63,18645.5,395.586,46.3844,0.482746,301.95,13278.4,94.8374,23.1957,0.267264,71.3744,94.0538,23.1887,0.0718272,70.7933,188.891,0,0,0
700,3,1,526,1,1,1,4316.94,18637.3,395.932,46.3844,0.482746,302.297,13264,81.0451,23.1957,0.267264,57.5821,92.2562,23.1887,0.0718272,68.9957,173.301,0,0,0
700,3,1,527,1,1,1,4318.34,18630.9,350.143,46.3844,0.482746,256.375,14071.8,61.7861,23.1957,0.267264,38.3231,103.186,23.1887,0.0718272,79.9256,164.972,0,0,0
700,3,1,528,1,1,1,4332.85,18654.5,397.343,46.3844,0.482746,303.712,13256.2,98.1582,23.1957,0.267264,74.6953,90.9134,23.1887,0.0718272,67.6529,189.072,0,0,0
700,3,1,529,1,1,1,4325.88,18660.1,389.599,46.3844,0.482746,295.946,13399.4,90.6683,23.1957,0.267264,67.2053,89.6699,23.1887,0.0718272,66.4094,180.338,0,0,0
700,3,1,530,1,1,1,4317.29,18633.1,262.445,46.3844,0.482746,168.422,15633.4,85.1619,23.1957,0.267264,61.6989,50.5996,23.1887,0.0718272,27.3391,135.761,0,0,0
700,3,1,531,1,1,1,4316.3,18632.1,406.666,46.3844,0.482746,313.062,13067.9,102.188,23.1957,0.267264,78.7254,91.3321,23.1887,0.0718272,68.0716,193.52,0,0,0
700,3,1,532,1,1,1,4318.79,18653.6,407.882,46.3844,0.517824,314.246,13067.5,103.483,23.1957,0.302342,79.9851,91.4206,23.1887,0.0718272,68.1601,194.904,0,0,0
700,3,1,533,1,1,1,4315.34,18651,267.603,46.3844,0.678182,173.4,15559.2,86.2651,23.1957,0.462701,62.6067,54.0432,23.1887,0.0718272,30.7827,140.308,0,0,0
700,3,1,534,1,1,1,4321.78,18635.3,334.007,46.3844,0.482746,240.192,14363.2,64.8182,23.1957,0.267264,41.3552,103.441,23.1887,0.0718272,80.18,168.259,0,0,0
700,3,1,535,1,1,1,4321.42,18642.1,397.787,46.3844,0.482746,304.158,13235.8,97.8785,23.1957,0.267264,74.4155,95.4904,23.1887,0.0718272,72.2299,193.369,0,0,0
700,3,1,536,1,1,1,4318.98,18665.1,406.065,46.3844,0.678182,312.265,13111.2,104.187,23.1957,0.462701,80.5284,90.4099,23.1887,0.0718272,67.1494,194.597,0,0,0
700,3,1,537,1,1,1,4316.62,18629.5,386.106,46.3844,0.482746,292.443,13430.9,90.2893,23.1957,0.267264,66.8263,85.4395,23.1887,0.0718272,62.179,175.729,0,0,0
700,3,1,538,1,1,2,4365.11,18680.9,411.664,69.5741,0.698227,295.307,13412.5,89.2714,23.1957,0.267264,65.8084,112.536,46.3784,0.287309,65.8698,201.807,1,0,0
700,3,1,539,1,1,1,4319.86,18640.1,385.757,46.3844,0.482746,292.092,13447.7,76.4248,23.1957,0.267264,52.9619,92.0487,23.1887,0.0718272,68.7881,168.473,0,0,0
700,3,1,540,1,1,1,4326.26,18672.3,333.01,46.3844,0.482746,239.192,14417.9,91.9966,23.1957,0.267264,68.5337,60.3239,23.1887,0.0718272,37.0634,152.321,0,0,0
700,3,1,541,1,1,1,4324.55,18640.3,311.307,46.3844,0.482746,217.426,14771.8,60.1311,23.1957,0.267264,36.6681,98.4737,23.1887,0.0718272,75.2132,158.605,0,0,0
700,3,1,542,1,1,1,4320.54,18650.7,353.946,46.3844,0.482746,260.189,14024,58.7811,23.1957,0.267264,35.3181,100.387,23.1887,0.0718272,77.1263,159.168,0,0,0
700,3,1,543,1,1,1,4319.5,18657.2,402.218,46.3844,0.678182,308.406,13171.6,86.1604,23.1957,0.462701,62.502,90.5362,23.1887,0.0718272,67.2757,176.697,0,0,0
700,3,1,544,1,0,0,-1,-1,659.324,23.1957,0.267264,589.222,267417,-1,-1,-1,-1,-1,-1,-1,-1,-1,0,0,0
700,3,1,545,1,1,1,4316.55,18655.8,260.543,46.3844,0.482746,166.514,15690,84.1385,23.1957,0.267264,60.6756,48.2534,23.1887,0.0718272,24.9929,132.392,0,0,0
700,3,1,546,1,1,1,4313.74,18633.8,308.438,46.3844,0.482746,214.549,14816.3,62.3708,23.1957,0.267264,38.9079,94.9454,23.1887,0.0718272,71.6849,157.316,0,0,0
700,3,1,547,1,1,1,4319.5,18635.4,266.546,46.3844,0.482746,172.535,15562.8,86.7212,23.1957,0.267264,63.2582,53.3989,23.1887,0.0718272,30.1384,140.12,0,0,0
700,3,1,548,1,1,1,4318.54,18634,295.658,46.3844,0.482746,201.732,15043.8,64.2099,23.1957,0.267264,40.747,89.4425,23.1887,0.0718272,66.182,153.652,0,0,0
700,3,1,549,1,1,1,4316.62,18650.8,226.657,46.3844,0.482746,132.53,16287.6,62.3853,23.1957,0.267264,38.9223,34.8076,23.1887,0.0718272,11.5471,97.1929,0,0,0
700,3,1,550,1,1,1,4316.62,18639.9,291.368,46.3844,0.482746,197.429,15126,87.7355,23.1957,0.267264,64.2725,57.0373,23.1887,0.0718272,33.7768,144.773,0,0,0
700,3,1,551,1,1,1,4317.38,18672.7,303.958,46.3952,0.50112,210.026,14934.9,92.163,23.2065,0.285638,68.6708,57.0933,23.1887,0.0718272,33.8328,149.256,0,0,0
700,3,1,552,1,1,1,4331.6,18648.6,391.983,46.3844,0.482746,298.337,13345.5,80.9675,23.1957,0.267264,57.5045,91.4874,23.1887,0.0718272,68.2269,172.455,0,0,0
700,3,1,553,1,1,1,4319.5,18638.6,396.495,46.3844,0.482746,302.862,13255.3,93.3484,23.1957,0.267264,69.8855,95.8369,23.1887,0.0718272,72.5764,189.185,0,0,0
700,3,1,554,1,1,1,4316.94,18632.4,385.079,46.3844,0.788429,291.107,13461.2,74.7427,23.1957,0.267264,51.2798,93.8393,23.1887,0.0902016,70.5605,168.582,0,0,0
700,3,1,555,1,1,1,4323.72,18639.5,384.099,46.3844,0.482746,290.43,13476.6,74.0371,23.1957,0.267264,50.5741,94.0375,23.1887,0.0718272,70.777,168.075,0,0,0
700,3,1,556,1,1,1,4317.58,18695.5,316.068,46.3844,0.517824,222.165,14742.1,95.2641,23.1957,0.302342,71.7661,58.1924,23.1887,0.0718272,34.9319,153.457,0,0,0
700,3,1,557,1,1,1,4315.34,18631.7,376.703,46.3844,0.482746,283.012,13600.4,94.4421,23.1957,0.267264,70.9792,78.5325,23.1887,0.0718272,55.272,172.975,0,0,0
700,3,1,558,1,1,1,4331.21,18644.1,360.331,46.3844,0.482746,266.592,13903.8,57.3914,23.1957,0.267264,33.9284,97.3439,23.1887,0.0718272,74.0834,154.735,0,0,0
700,3,1,559,1,1,1,4372.11,18703.9,390.224,46.3844,0.517824,296.538,13431.8,91.0355,23.1957,0.302342,67.5374,89.1393,23.1887,0.0718272,65.8788,180.175,0,0,0
700,3,1,560,1,1,1,4318.66,18641.3,372.929,46.3952,0.536198,279.163,13676.7,94.6436,23.2065,0.320717,71.1163,73.8906,23.1887,0.0718272,50.6301,168.534,0,0,0
700,3,1,561,1,1,1,4318.86,18650.2,402.428,46.3844,0.482746,308.812,13161.4,100.988,23.1957,0.267264,77.5252,95.947,23.1887,0.0718272,72.6865,196.935,0,0,0
700,3,1,562,1,1,1,4324.04,18641.1,402.394,46.3844,0.482746,308.778,13152.9,85.1131,23.1957,0.267264,61.6502,89.4245,23.1887,0.0718272,66.164,174.538,0,0,0
700,3,1,563,1,1,1,4341.04,18657.9,357.831,46.3844,0.482746,264.086,13962.1,94.4548,23.1957,0.267264,70.9918,59.3439,23.1887,0.0718272,36.0834,153.799,0,0,0
700,3,1,564,1,1,1,4345.32,18688.6,397.694,46.3844,0.678182,303.869,13283.5,98.8103,23.1957,0.462701,75.1519,92.0703,23.1887,0.0718272,68.8098,190.881,0,0,0
700,3,1,565,1,1,1,4341.45,18659.1,285.845,46.3844,0.482746,191.89,15243.4,60.6924,23.1957,0.267264,37.2294,85.4936,23.1887,0.0718272,62.2331,146.186,0,0,0
700,3,1,566,1,0,0,-1,-1,865.164,23.1957,0.267264,795.661,280739,-1,-1,-1,-1,-1,-1,-1,-1,-1,0,0,0
700,3,1,567,1,1,1,4322.89,18640.1,346.058,46.3844,0.482746,252.279,14153.6,60.9739,23.1957,0.267264,37.511,101.056,23.1887,0.0718272,77.7959,162.03,0,0,0
700,3,1,568,1,1,1,4318.54,24653.3,327.972,52.1883,1.28287,227.695,20586.4,164.112,28.9996,1.06739,133.624,35.0639,23.1887,0.0718272,11.8034,199.176,0,0,0
700,3,1,569,1,1,1,4327.37,18647.5,396.259,46.3844,0.482746,302.625,13268.4,98.059,23.1957,0.267264,74.596,90.3413,23.1887,0.0718272,67.0808,188.4,0,0,0
700,3,1,570,1,1,1,4317.83,18661,319.159,46.3844,0.873619,224.911,14651.9,95.7625,23.1957,0.658138,71.9086,59.4197,23.1887,0.0718272,36.1592,155.182,0,0,0
700,3,1,571,1,1,1,4316.3,18639.6,332.585,46.3844,0.482746,238.766,14392.7,91.7458,23.1957,0.267264,68.2828,60.2715,23.1887,0.0718272,37.011,152.017,0,0,0
700,3,1,572,1,1,1,4317.9,24633.4,242.542,52.1883,0.536198,142.763,22087.3,124.499,28.9996,0.320717,94.6455,24.1196,23.1887,0.0718272,0.859085,148.619,0,0,0
700,3,1,573,1,1,1,4315.87,18630.9,396.628,46.3844,0.482746,302.995,13245.2,95.803,23.1957,0.267264,72.34,92.7236,23.1887,0.0718272,69.4631,188.527,0,0,0
700,3,1,574,1,1,1,4331.78,18662.4,403.581,46.3844,0.517824,309.933,13152.9,101.729,23.1957,0.302342,78.2309,96.3621,23.1887,0.0718272,73.1016,198.091,0,0,0
700,3,1,575,1,1,1,4319.94,18648.3,395.1,46.3844,0.482746,301.463,13289.8,91.8342,23.1957,0.267264,68.3712,94.9111,23.1887,0.0718272,71.6506,186.745,0,0,0
700,3,1,576,1,1,1,4332.88,18651.9,355.828,46.3844,0.482746,262.077,13991.7,56.6893,23.1957,0.267264,33.2264,96.548,23.1887,0.0718272,73.2875,153.237,0,0,0
700,3,1,577,1,1,1,4316.3,18631.7,369.726,46.3844,0.482746,276.015,13724.4,96.5032,23.1957,0.267264,73.0403,70.669,23.1887,0.0718272,47.4085,167.172,0,0,0
700,3,1,578,1,1,1,4318.02,18632.8,348.619,46.3844,0.482746,254.847,14100.8,61.842,23.1957,0.267264,38.3791,102.419,23.1887,0.0718272,79.1585,164.261,0,0,0
700,3,1,579,1,1,1,4326.15,18651.7,397.805,46.3844,0.678182,303.981,13244.6,97.5235,23.1957,0.462701,73.865,95.0266,23.1887,0.0718272,71.7661,192.55,0,0,0
700,3,1,580,0,0,0,-1,-1,856.555,23.206,1.10246,786.182,279831,-1,-1,-1,-1,-1,-1,-1,-1,-1,0,0,0
700,3,1,581,1,1,1,4321.03,18636.5,392.349,46.3844,0.517824,298.669,13326.6,80.5127,23.1957,0.267264,57.0497,89.8259,23.1887,0.106906,66.5303,170.339,0,0,0
700,3,1,582,1,1,1,4318.54,18643.5,309.104,46.3844,0.482746,215.217,14814.1,62.0279,23.1957,0.267264,38.565,95.3695,23.1887,0.0718272,72.109,157.397,0,0,0
700,3,1,583,1,1,1,4316.55,18639.2,390.646,46.3844,0.482746,296.996,13359.8,90.7134,23.1957,0.267264,67.2505,92.5684,23.1887,0.0718272,69.3079,183.282,0,0,0
700,3,1,584,1,1,1,4315.98,18631.8,338.007,46.3844,0.482746,244.204,14288.5,91.1394,23.1957,0.267264,67.6764,56.6746,23.1887,0.0718272,33.4141,147.814,0,0,0
700,3,1,585,1,1,1,4336.14,18711.8,303.868,46.3844,0.873619,209.575,14974.7,92.0663,23.1957,0.658138,68.2124,57.2972,23.1887,0.0718272,34.0367,149.363,0,0,0
700,3,1,586,1,1,1,4319.3,18649.3,234.194,46.3844,0.517824,140.054,16151.8,67.0533,23.1957,0.302342,43.5552,36.968,23.1887,0.0718272,13.7075,104.021,0,0,0
700,3,1,587,1,1,1,4316.62,18635.7,308.115,46.3844,0.482746,214.224,14823.9,62.443,23.1957,0.267264,38.9801,96.1708,23.1887,0.0718272,72.9103,158.614,0,0,0
700,3,1,588,1,1,1,4318.54,18632.7,399.533,46.3844,0.482746,305.908,13195.4,84.0988,23.1957,0.267264,60.6359,90.1735,23.1887,0.0718272,66.913,174.272,0,0,0
700,3,1,589,1,1,1,4315.66,18694.2,305.761,46.3844,0.517824,211.829,14924.1,92.0552,23.1957,0.302342,68.5571,57.651,23.1887,0.0718272,34.3905,149.706,0,0,0
700,3,1,590,1,1,1,4321.67,18636.5,385.516,46.3844,0.482746,291.851,13448.4,90.5293,23.1957,0.267264,67.0664,84.9955,23.1887,0.0718272,61.735,175.525,0,0,0
700,3,1,591,1,1,1,4322.45,18644.8,301.237,46.3844,0.482746,207.326,14955.4,90.3994,23.1957,0.267264,66.9364,57.7232,23.1887,0.0718272,34.4627,148.123,0,0,0
700,3,1,592,1,1,1,4362.96,18680.9,390.809,46.3844,0.517824,297.124,13398.5,91.078,23.1957,0.267264,67.615,91.4755,23.1887,0.106906,68.1799,182.554,0,0,0
700,3,1,593,1,1,1,4324.36,18639.5,385.919,46.3844,0.482746,292.255,13444.2,75.4917,23.1957,0.267264,52.0288,94.1476,23.1887,0.0718272,70.8871,169.639,0,0,0
700,3,1,594,1,1,1,4320.36,18639.1,336.422,46.3844,0.482746,242.614,14324,62.7499,23.1957,0.267264,39.2869,102.766,23.1887,0.0718272,79.505,165.515,0,0,0
700,3,1,595,1,1,1,4324.43,18641.5,386.74,46.3844,0.6264,292.935,13431.2,90.4535,23.1957,0.267264,66.9906,85.62,23.1887,0.0718272,62.3594,176.073,0,0,0
700,3,1,596,1,1,1,4316.3,18640.7,352.378,46.3844,0.482746,258.617,14041.9,58.5663,23.1957,0.267264,35.1034,100.143,23.1887,0.0718272,76.8827,158.71,0,0,0
700,3,1,597,1,1,1,4317.9,18644.7,348.787,46.3844,0.517824,254.98,14109.5,95.0313,23.1957,0.302342,71.5332,57.4145,23.1887,0.0718272,34.154,152.446,0,0,0
700,3,1,598,1,1,1,4317.9,18658.1,312.066,46.3844,0.482746,218.188,14776.1,93.8177,23.1957,0.267264,70.3547,58.0173,23.1887,0.0718272,34.7568,151.835,0,0,0
700,3,1,599,1,1,1,4332.13,18706.3,362.619,46.3844,0.517824,268.852,13925.2,94.4231,23.1957,0.302342,70.925,62.4644,23.1887,0.0718272,39.2039,156.887,0,0,0
700,3,1,600,1,1,1,4319.3,18640.4,297.882,46.3844,0.482746,203.962,15010.6,64.8091,23.1957,0.267264,41.3462,92.0938,23.1887,0.0718272,68.8333,156.903,0,0,0
700,3,1,601,1,1,1,4315.98,24654.4,490.153,52.1883,0.83687,390.793,17704,192.846,28.9996,0.621389,162.887,85.8582,23.1887,0.0718272,62.5977,278.704,0,0,0
700,3,1,602,1,1,1,4332.68,18654.5,349.11,46.3844,0.482746,255.339,14113.7,59.8207,23.1957,0.267264,36.3577,102.776,23.1887,0.0718272,79.5159,162.597,0,0,0
700,3,1,603,1,1,1,4319.62,18647.6,397.062,46.3844,0.482746,303.43,13254.2,97.7341,23.1957,0.267264,74.2711,91.0939,23.1887,0.0718272,67.8334,188.828,0,0,0
700,3,1,604,1,1,1,4318.86,18633,327.442,46.3844,0.482746,233.608,14477.6,63.044,23.1957,0.267264,39.5811,104.462,23.1887,0.0718272,81.2016,167.506,0,0,0
700,3,1,605,1,1,1,4340.58,18656,371.648,46.3844,0.482746,277.943,13714.5,60.8368,23.1957,0.267264,37.3738,94.7432,23.1887,0.0718272,71.4827,155.58,0,0,0
700,3,1,606,1,1,1,4330.43,18646.2,385.508,46.3844,0.517824,291.807,13458,74.9738,23.1957,0.267264,51.5108,94.3776,23.1887,0.106906,71.082,169.351,0,0,0
700,3,1,607,1,1,1,4318.02,18632.7,391.066,46.3844,0.482746,297.417,13346,90.1684,23.1957,0.267264,66.7054,91.3755,23.1887,0.0718272,68.115,181.544,0,0,0
700,3,1,608,1,0,0,-1,-1,738.955,23.1957,0.267264,669.084,270556,-1,-1,-1,-1,-1,-1,-1,-1,-1,0,0,0
700,3,1,609,1,1,1,4327.49,18654.6,396.246,46.3844,0.517824,302.577,13275.4,92.6562,23.1957,0.302342,69.1581,98.3257,23.1887,0.0718272,75.0652,190.982,0,0,0
700,3,1,610,1,1,1,4320.87,18634.1,389.973,46.3952,0.50112,296.292,13366.8,78.0549,23.2065,0.285638,54.5627,92.1732,23.1887,0.0718272,68.9127,170.228,0,0,0
700,3,1,611,1,1,1,4316.3,18648.8,396.024,46.3844,0.517824,302.355,13273.6,95.9626,23.1957,0.302342,72.4645,90.7059,23.1887,0.0718272,67.4454,186.668,0,0,0
700,3,1,612,1,1,1,4314.38,18661.7,316.492,46.3844,0.482746,222.626,14701,94.6028,23.1957,0.267264,71.1398,58.4288,23.1887,0.0718272,35.1683,153.032,0,0,0
700,3,1,613,1,1,1,4318.22,18632.7,309.106,46.3844,0.482746,215.219,14803.3,63.47,23.1957,0.267264,40.007,97.2302,23.1887,0.0718272,73.9697,160.7,0,0,0
700,3,1,614,1,1,1,4325.16,18639.6,395.195,46.3844,0.6264,301.414,13279,81.7237,23.1957,0.267264,58.2607,91.3141,23.1887,0.0718272,68.0536,173.038,0,0,0
700,3,1,615,1,1,1,4329.26,18647,315.377,46.3844,0.6264,221.364,14705.7,62.6019,23.1957,0.267264,39.1389,99.026,23.1887,0.0718272,75.7655,161.628,0,0,0
700,3,1,616,1,1,1,4381.16,18709,394.639,46.3844,0.517824,300.965,13358.5,91.614,23.1957,0.267264,68.1511,95.5219,23.1887,0.106906,72.2263,187.136,0,0,0
700,3,1,617,1,1,1,4322.14,18642.6,356.642,46.3844,0.678182,262.698,13967.5,93.0674,23.1957,0.462701,69.409,58.1058,23.1887,0.0718272,34.8453,151.173,0,0,0
700,3,1,618,1,1,1,4319.6,18636.9,346.042,46.3844,0.482746,252.262,14150.7,93.0723,23.1957,0.267264,69.6093,56.005,23.1887,0.0718272,32.7445,149.077,0,0,0
700,3,1,619,1,1,1,4314.7,24667,505.822,52.1883,0.696557,406.649,17439,207.51,28.9996,0.481075,177.731,94.0646,23.1887,0.0718272,70.8041,301.574,0,0,0
700,3,1,620,1,1,1,4318.86,18657.8,305.005,46.3844,0.482746,211.106,14901.4,91.6411,23.1957,0.267264,68.1781,57.4145,23.1887,0.0718272,34.154,149.056,0,0,0
700,3,1,621,1,1,1,4326.09,18649.3,385.831,46.3844,0.517824,292.132,13455.3,76.3047,23.1957,0.302342,52.8066,92.4547,23.1887,0.0718272,69.1942,168.759,0,0,0
700,3,1,622,1,1,1,4330.41,18646.7,335.055,46.3844,0.6264,241.1,14355.6,62.9646,23.1957,0.267264,39.5017,102.022,23.1887,0.0718272,78.7615,164.987,0,0,0
700,3,1,623,1,1,1,4326.86,18656.9,397.796,46.3844,0.482746,304.167,13250.5,96.9418,23.1957,0.267264,73.4788,94.884,23.1887,0.0718272,71.6235,191.826,0,0,0
700,3,1,624,1,1,1,4332.85,18647.5,397.118,46.3844,0.482746,303.486,13253.1,98.2719,23.1957,0.267264,74.809,92.6478,23.1887,0.0718272,69.3873,190.92,0,0,0
700,3,1,625,1,1,1,4320.46,18633.7,408.721,46.3844,0.482746,315.123,13032.9,102.418,23.1957,0.267264,78.9546,94.9057,23.1887,0.0718272,71.6451,197.323,0,0,0
700,3,1,626,1,1,1,4321.22,24656,505.738,52.1883,0.891994,406.369,17429,205.364,28.9996,0.676512,175.387,95.6601,23.1887,0.0718272,72.3996,301.024,0,0,0
700,3,1,627,1,1,1,4318.22,18632.1,349.026,46.3844,0.482746,255.255,14092.8,60.9162,23.1957,0.267264,37.4532,102.816,23.1887,0.0718272,79.5556,163.732,0,0,0
700,3,1,628,1,1,1,4318.86,18636.3,389.439,46.3844,0.482746,295.785,13378.4,90.2063,23.1957,0.267264,66.7433,87.1847,23.1887,0.0718272,63.9242,177.391,0,0,0
700,3,1,629,1,1,1,4321.54,18637.4,356.69,46.3844,0.482746,262.941,13961.9,58.079,23.1957,0.267264,34.6161,97.9377,23.1887,0.0718272,74.6772,156.017,0,0,0
700,3,1,630,1,1,1,4320.71,18672.1,323.902,46.3844,0.482746,230.058,14579.6,94.5576,23.1957,0.267264,71.0947,59.1959,23.1887,0.0718272,35.9354,153.754,0,0,0
700,3,1,631,1,1,1,4324.01,18638.2,401.944,46.3844,0.482746,308.327,13158,91.6014,23.1957,0.267264,68.1384,92.3067,23.1887,0.0718272,69.0462,183.908,0,0,0
700,3,1,632,1,1,1,4316.62,18629.5,309.457,46.3844,0.482746,215.571,14793.9,63.3184,23.1957,0.267264,39.8554,96.0246,23.1887,0.0718272,72.7641,159.343,0,0,0
700,3,1,633,1,1,1,4318.22,18633,360.05,46.3844,0.482746,266.311,13897.8,57.5827,23.1957,0.267264,34.1197,96.7068,23.1887,0.0718272,73.4463,154.29,0,0,0
700,3,1,634,1,1,1,4316.55,18661.7,327.997,46.3844,0.678182,233.969,14496,94.578,23.1957,0.462701,70.9196,60.4105,23.1887,0.0718272,37.15,154.989,0,0,0
700,3,1,635,1,1,1,4320.89,18647.7,346.613,46.3844,0.482746,252.834,14151.4,93.9169,23.1957,0.267264,70.454,56.828,23.1887,0.0718272,33.5675,150.745,0,0,0
700,3,1,636,1,1,2,10319.5,24664.1,523.999,69.5741,0.714931,407.952,17412.5,97.1246,23.1957,0.462701,73.4662,213.308,46.3784,0.108576,166.821,310.433,1,0,0
700,3,1,637,1,1,1,4322.31,18638.4,400.735,46.3844,0.482746,307.114,13179.7,94.5378,23.1957,0.267264,71.0748,89.6988,23.1887,0.0718272,66.4383,184.237,0,0,0
700,3,1,638,1,1,1,4337.14,18659.1,369.428,46.3844,0.482746,275.716,13757.1,57.3986,23.1957,0.267264,33.9357,97.685,23.1887,0.0718272,74.4245,155.084,0,0,0
700,3,1,639,1,1,1,4317.58,18631.7,405.18,46.3844,0.482746,311.572,13094,96.0881,23.1957,0.267264,72.6252,94.2469,23.1887,0.0718272,70.9864,190.335,0,0,0
700,3,1,640,1,1,1,4333.75,18669.4,321.881,46.3844,0.482746,228.031,14612.8,63.5313,23.1957,0.267264,40.0684,102.955,23.1887,0.0718272,79.6946,166.486,0,0,0
700,3,1,641,1,1,1,4326.22,18653,305.296,46.3844,0.482746,211.398,14891.4,91.7313,23.1957,0.267264,68.2684,58.2213,23.1887,0.0718272,34.9608,149.953,0,0,0
700,3,1,642,1,1,1,4335.11,18650.6,363.252,46.3844,0.517824,269.487,13858.1,56.5305,23.1957,0.267264,33.0675,98.1659,23.1887,0.106906,74.8703,154.696,0,0,0
700,3,1,643,1,1,1,4319.5,18631.7,328.486,46.3844,0.482746,234.655,14457.8,63.5674,23.1957,0.267264,40.1045,102.74,23.1887,0.0718272,79.4798,166.308,0,0,0
700,3,1,644,1,1,1,4325.64,18713.8,303.801,46.3952,0.50112,209.869,14978.8,92.2532,23.2065,0.285638,68.7611,57.3712,23.1887,0.0718272,34.1107,149.624,0,0,0
700,3,1,645,1,1,1,4313.74,18630.5,403.956,46.3844,0.482746,310.344,13114.5,90.8001,23.1957,0.267264,67.3371,91.7671,23.1887,0.0718272,68.5066,182.567,0,0,0
700,3,1,646,1,1,1,4355.59,18680.1,397.663,46.3844,0.552902,303.963,13275.6,97.1908,23.1957,0.267264,73.7279,95.3999,23.1887,0.141984,72.0693,192.591,0,0,0
700,3,1,647,1,1,1,4346.08,18667,398.045,46.3844,0.536198,304.363,13255.6,97.5608,23.1957,0.267264,74.0979,93.5315,23.1887,0.12528,70.2175,191.092,0,0,0
700,3,1,648,1,1,1,4326.47,18651.6,231.212,46.3844,0.482746,137.098,16207.3,65.818,23.1957,0.267264,42.355,36.1973,23.1887,0.0718272,12.9368,102.015,0,0,0
700,3,1,649,1,1,1,4315.72,18639,345.869,46.3844,0.482746,252.089,14155.9,62.3618,23.1957,0.267264,38.8989,99.8039,23.1887,0.0718272,76.5434,162.166,0,0,0
700,3,1,650,1,1,1,4336.31,18660,397.13,46.3844,0.482746,303.499,13265.4,98.2142,23.1957,0.267264,74.7512,91.3791,23.1887,0.0718272,68.1186,189.593,0,0,0
700,3,1,651,1,1,1,4317.26,18715.4,297.578,46.3844,0.482746,203.657,15091,91.4696,23.1957,0.267264,68.0067,57.9596,23.1887,0.0718272,34.6991,149.429,0,0,0
700,3,1,652,1,1,1,4318.89,18645.8,363.1,46.3844,0.482746,269.37,13856.3,56.646,23.1957,0.267264,33.1831,98.1543,23.1887,0.0718272,74.8938,154.8,0,0,0
700,3,1,653,1,1,1,4319.02,18650,305.849,46.3844,0.482746,211.952,14878.6,62.6181,23.1957,0.267264,39.1551,93.7452,23.1887,0.0718272,70.4847,156.363,0,0,0
700,3,1,654,1,1,1,4317.26,18642.5,409.77,46.3844,0.482746,316.176,13023.1,103.749,23.1957,0.267264,80.2865,94.727,23.1887,0.0718272,71.4665,198.476,0,0,0
700,3,1,655,1,1,1,4328.75,18683.3,394.181,46.3844,0.517824,300.506,13340.9,91.7628,23.1957,0.302342,68.2648,94.8461,23.1887,0.0718272,71.5856,186.609,0,0,0
700,3,1,656,1,1,1,4318.98,18638.8,333.735,46.3844,0.482746,239.919,14371.5,90.347,23.1957,0.267264,66.8841,60.6794,23.1887,0.0718272,37.4189,151.026,0,0,0
700,3,1,657,1,1,1,4334.95,18674.8,396.691,46.3844,0.482746,303.058,13288,96.6602,23.1957,0.267264,73.1973,94.2505,23.1887,0.0718272,70.99,190.911,0,0,0
700,3,1,658,1,1,1,4318.98,18643.5,291.292,46.3844,0.482746,197.353,15130.9,86.927,23.1957,0.267264,63.464,57.5337,23.1887,0.0718272,34.2732,144.461,0,0,0
700,3,1,659,1,1,1,4319.75,18632,310.573,46.3844,0.482746,216.69,14776.6,95.8571,23.1957,0.267264,72.3941,57.7809,23.1887,0.0718272,34.5204,153.638,0,0,0
700,3,1,660,1,1,1,4318.22,18657.8,309.013,46.3844,0.482746,215.125,14830.1,96.1928,23.1957,0.267264,72.7298,57.3243,23.1887,0.0718272,34.0638,153.517,0,0,0
700,3,1,661,1,1,1,4326.28,18646.7,410.002,46.3844,0.482746,316.409,13023.2,104.056,23.1957,0.267264,80.5933,94.8605,23.1887,0.0718272,71.6,198.917,0,0,0
700,3,1,662,1,1,1,4330.1,18652.1,390.713,46.3844,0.482746,297.063,13371.6,90.3434,23.1957,0.267264,66.8805,90.8503,23.1887,0.0718272,67.5898,181.194,0,0,0
700,3,1,663,1,1,1,4326.08,18651.7,404.634,46.3844,0.482746,311.025,13123.7,95.1045,23.1957,0.267264,71.6415,93.9942,23.1887,0.0718272,70.7337,189.099,0,0,0
700,3,1,664,1,1,1,4321.67,18644.3,334.806,46.3952,0.50112,240.964,14357.9,91.2931,23.2065,0.285638,67.8009,60.6794,23.1887,0.0718272,37.4189,151.972,0,0,0
700,3,1,665,1,1,1,4317.26,18633.6,243.936,46.3844,0.517824,149.824,15962.9,73.1264,23.1957,0.302342,49.6284,40.9602,23.1887,0.0718272,17.6997,114.087,0,0,0
700,3,1,666,1,1,1,4316.94,18638.3,256.863,46.3844,0.482746,162.824,15738,81.3519,23.1957,0.267264,57.889,46.5875,23.1887,0.0718272,23.327,127.939,0,0,0
700,3,1,667,1,1,1,4321.75,18661.8,397.787,46.3844,0.678182,303.963,13255,98.7254,23.1957,0.462701,75.067,92.3789,23.1887,0.0718272,69.1184,191.104,0,0,0
700,3,1,668,1,1,1,4318.86,18636.9,356.516,46.3844,0.482746,262.766,13964.5,58.2541,23.1957,0.267264,34.7911,97.8764,23.1887,0.0718272,74.6158,156.13,0,0,0
700,3,1,669,1,1,1,4316.3,24668.8,425.271,52.1883,0.731635,325.828,18872.9,197.118,28.9996,0.516154,167.274,58.8457,23.1887,0.0718272,35.5852,255.964,0,0,0
700,3,1,670,1,1,1,4330.48,18646.1,323.416,46.3844,0.482746,229.571,14562.2,61.8908,23.1957,0.267264,38.4278,104.173,23.1887,0.0718272,80.9128,166.064,0,0,0
700,3,1,671,1,1,1,4320.52,18635.6,345.312,46.3844,0.482746,251.53,14162.5,62.9213,23.1957,0.267264,39.4583,100.188,23.1887,0.0718272,76.9278,163.11,0,0,0
700,3,1,672,1,1,1,4324.08,18657.7,399.151,46.3844,0.482746,305.526,13227.1,84.2739,23.1957,0.267264,60.8109,92.3104,23.1887,0.0718272,69.0498,176.584,0,0,0
700,3,1,673,1,1,1,4315.66,18628.9,274.302,46.3844,0.482746,180.314,15418.4,87.6777,23.1957,0.267264,64.2148,56.3371,23.1887,0.0718272,33.0766,144.015,0,0,0
700,3,1,674,1,1,1,4316.3,18672.5,370.315,46.3844,0.482746,276.605,13754.7,96.6963,23.1957,0.267264,73.2334,72.6164,23.1887,0.0718272,49.3559,169.313,0,0,0
700,3,1,675,1,1,1,4324.51,18648.1,363,46.3844,0.678182,269.074,13859.9,56.5509,23.1957,0.462701,32.8925,98.1705,23.1887,0.0718272,74.91,154.721,0,0,0
700,3,1,676,1,1,1,4336.51,18652.2,396.83,46.3844,0.50112,303.179,13262.7,98.0445,23.1957,0.267264,74.5816,92.9947,23.1887,0.0902016,69.7158,191.039,0,0,0
700,3,1,677,1,1,1,4324.69,18680.4,391.555,46.3844,0.552902,297.837,13384.4,92.4999,23.1957,0.337421,68.9668,87.9554,23.1887,0.0718272,64.6949,180.455,0,0,0
700,3,1,678,1,1,1,4318.54,18660,401.447,46.3844,0.482746,307.828,13188.7,86.7916,23.1957,0.267264,63.3286,90.0652,23.1887,0.0718272,66.8047,176.857,0,0,0
700,3,1,679,1,1,1,4329.03,24704.1,425.58,52.1883,0.731635,326.138,18902.7,197.494,28.9996,0.516154,167.648,58.9631,23.1887,0.0718272,35.7026,256.457,0,0,0
700,3,1,680,1,1,1,4341,18689.8,324.089,46.3844,0.482746,230.246,14594,63.0928,23.1957,0.267264,39.6298,106.377,23.1887,0.0718272,83.1165,169.47,0,0,0
700,3,1,681,1,1,1,4323.81,18638.9,368.112,46.3844,0.482746,274.396,13760.3,56.8554,23.1957,0.267264,33.3924,98.3474,23.1887,0.0718272,75.0869,155.203,0,0,0
700,3,1,682,1,1,1,4318.15,18637.3,353.201,46.3844,0.482746,259.442,14023.8,58.1241,23.1957,0.267264,34.6612,100.609,23.1887,0.0718272,77.3483,158.733,0,0,0
700,3,1,683,1,1,1,4315.34,18627.3,293.718,46.3844,0.482746,199.786,15071.5,63.0531,23.1957,0.267264,39.5901,88.56,23.1887,0.0718272,65.2995,151.613,0,0,0
700,3,1,684,1,1,1,4316.62,18652.3,356.293,46.3844,0.482746,262.542,13983.8,93.0037,23.1957,0.267264,69.5407,56.6493,23.1887,0.0718272,33.3888,149.653,0,0,0
700,3,1,685,1,1,1,4333.7,18651,403.368,46.3844,0.770054,309.467,13144.7,96.9851,23.1957,0.267264,73.5221,90.2402,23.1887,0.0718272,66.9797,187.225,0,0,0
700,3,1,686,1,0,0,-1,-1,824.465,23.1957,0.267264,754.843,277169,-1,-1,-1,-1,-1,-1,-1,-1,-1,0,0,0
700,3,1,687,1,1,1,4315.02,18635.1,282.683,46.3844,0.482746,188.719,15275.6,88.3329,23.1957,0.267264,64.8699,57.5102,23.1887,0.0718272,34.2497,145.843,0,0,0
700,3,1,688,1,1,1,4317.58,18641.7,249.494,46.3844,0.517824,155.399,15872.1,77.9579,23.1957,0.302342,54.4598,44.4272,23.1887,0.0718272,21.1667,122.385,0,0,0
700,3,1,689,1,1,1,4331.4,18645.2,394.775,46.3844,0.517824,301.102,13292.3,91.4263,23.1957,0.267264,67.9634,94.6375,23.1887,0.106906,71.3419,186.064,0,0,0
700,3,1,690,1,1,1,4317.9,18642.1,333.742,46.3844,0.482746,239.927,14374.6,90.468,23.1957,0.267264,67.005,60.6217,23.1887,0.0718272,37.3612,151.09,0,0,0
700,3,1,691,1,1,1,4329.99,18733.7,304.294,46.3844,0.552902,210.322,14989.4,92.6678,23.1957,0.337421,69.1347,57.3333,23.1887,0.0718272,34.0728,150.001,0,0,0
700,3,1,692,1,1,1,4350.45,18701.4,302.613,46.3844,0.552902,208.637,14987,90.7026,23.1957,0.267264,67.2396,57.3241,23.1887,0.141984,33.9934,148.027,0,0,0
700,3,1,693,1,1,1,4331.59,18660,406.995,46.3844,0.552902,313.322,13089.4,104.937,23.1957,0.337421,81.4037,89.8396,23.1887,0.0718272,66.5791,194.776,0,0,0
700,3,1,694,1,1,1,4316.94,18634.1,257.037,46.3844,0.482746,162.999,15730.6,81.7021,23.1957,0.267264,58.2391,46.7211,23.1887,0.0718272,23.4606,128.423,0,0,0
700,3,1,695,1,1,1,4314.38,18661.1,348.773,46.3844,0.678182,254.805,14125.9,95.9695,23.1957,0.462701,72.3111,57.003,23.1887,0.0718272,33.7425,152.973,0,0,0
700,3,1,696,1,1,1,4327.84,18640.7,373,46.3844,0.482746,279.298,13675.2,94.0631,23.1957,0.267264,70.6002,74.7659,23.1887,0.0718272,51.5054,168.829,0,0,0
700,3,1,697,1,1,1,4316.94,18672.8,349.106,46.3952,0.536198,255.271,14131.9,95.6994,23.2065,0.320717,72.1721,57.003,23.1887,0.0718272,33.7425,152.702,0,0,0
700,3,1,698,1,1,1,4320.18,18647.2,391.165,46.3844,0.678182,297.321,13358.2,90.5046,23.1957,0.462701,66.8462,91.74,23.1887,0.0718272,68.4795,182.245,0,0,0
700,3,1,699,1,1,1,4315.98,18636.5,334.314,46.3844,0.482746,240.5,14358.9,65.3018,23.1957,0.267264,41.8389,103.852,23.1887,0.0718272,80.5915,169.154,0,0,0
700,3,1,700,1,1,1,4319.43,18661.8,395.675,46.3844,0.678182,301.844,13292.6,93.4861,23.1957,0.462701,69.8277,95.7846,23.1887,0.0718272,72.5241,189.271,0,0,0
