N,seed,dutyCycle,devId,registered,authSuccess,attempts,latencyMs,e2eMs,fullEnergyMJ,fullCpuEnergyMJ,fullTxEnergyMJ,fullRxEnergyMJ,idleListeningMs,regEnergyMJ,regCpuEnergyMJ,regTxEnergyMJ,regRxEnergyMJ,authEnergyMJ,authCpuEnergyMJ,authTxEnergyMJ,authRxEnergyMJ,sessionEnergyMJ,fallbackUsed,replayRejected,desync
700,4,0,1,1,1,1,4328.31,18655.5,926.155,46.3844,0.482746,834.061,285201,87.5478,23.1957,0.267264,64.0848,50.513,23.1887,0.0718272,27.2525,138.061,0,0,0
700,4,0,2,1,1,1,4337.53,18662.8,926.094,46.3844,0.517824,833.966,285202,61.471,23.1957,0.302342,37.973,97.9377,23.1887,0.0718272,74.6772,159.409,0,0,0
700,4,0,3,1,1,1,4320.84,18646.7,926.075,46.3844,0.482746,833.982,285202,90.033,23.1957,0.267264,66.57,59.01,23.1887,0.0718272,35.7495,149.043,0,0,0
700,4,0,4,1,1,1,4345.3,18701.8,926.107,46.3844,0.821837,833.675,285201,76.3838,23.1957,0.462701,52.7254,97.8655,23.1887,0.0718272,74.605,174.249,0,0,0
700,4,0,5,1,1,1,4326.43,18648.3,926.135,46.3844,0.482746,834.041,285201,54.3214,23.1957,0.267264,30.8585,88.1593,23.1887,0.0718272,64.8988,142.481,0,0,0
700,4,0,6,1,1,1,4339.81,18659.1,925.892,46.3844,0.552902,833.727,285205,60.1906,23.1957,0.267264,36.7277,96.5388,23.1887,0.141984,73.2081,156.729,0,0,0
700,4,0,7,1,1,1,4341.63,18666.4,926.153,46.3844,0.50112,834.041,285201,86.6725,23.1957,0.267264,63.2095,91.0852,23.1887,0.0902016,67.8063,177.758,0,0,0
700,4,0,8,1,1,1,4326.73,18668.9,926.15,46.3844,0.517824,834.022,285201,98.8477,23.1957,0.267264,75.3847,84.98,23.1887,0.106906,61.6845,183.828,0,0,0
700,4,0,9,1,1,1,4324.09,18671.2,926.135,46.3844,0.482746,834.041,285201,99.1094,23.1957,0.267264,75.6464,95.1168,23.1887,0.0718272,71.8563,194.226,0,0,0
700,4,0,10,1,1,1,4318.54,18654.3,926.349,46.3844,0.678182,834.061,285197,97.823,23.1957,0.462701,74.1646,58.6617,23.1887,0.0718272,35.4012,156.485,0,0,0
700,4,0,11,1,1,1,4339.66,18669.4,926.135,46.3844,0.482746,834.041,285201,57.0377,23.1957,0.267264,33.5747,82.4291,23.1887,0.0718272,59.1686,139.467,0,0,0
700,4,0,12,1,1,1,4332.1,18657.5,926.17,46.3844,0.517824,834.041,285200,73.6869,23.1957,0.267264,50.224,99.5466,23.1887,0.106906,76.251,173.234,0,0,0
700,4,0,13,1,1,1,4328.2,18646.5,926.075,46.3844,0.482746,833.982,285202,53.919,23.1957,0.267264,30.456,87.589,23.1887,0.0718272,64.3285,141.508,0,0,0
700,4,0,14,1,1,1,4324.78,18658.9,926.15,46.3844,0.517824,834.022,285201,99.1661,23.1957,0.302342,75.668,95.5157,23.1887,0.0718272,72.2552,194.682,0,0,0
700,4,0,15,1,1,2,10318.3,24662.5,948.619,69.5741,0.519494,834.002,285201,90.4607,23.1957,0.267264,66.9978,168.861,46.3784,0.108576,122.374,259.322,1,0,0
700,4,0,16,1,1,1,4338.98,18656.8,926.181,46.3844,0.6264,833.944,285200,75.1127,23.1957,0.267264,51.6498,97.75,23.1887,0.0718272,74.4895,172.863,0,0,0
700,4,0,17,1,1,1,4325.83,18645.4,926.155,46.3844,0.482746,834.061,285201,83.1206,23.1957,0.267264,59.6577,91.1787,23.1887,0.0718272,67.9182,174.299,0,0,0
700,4,0,18,1,1,1,4352.78,18690.3,926.148,46.3844,0.678182,833.859,285200,81.5311,23.1957,0.462701,57.8727,91.2491,23.1887,0.0718272,67.9886,172.78,0,0,0
700,4,0,19,1,1,1,4319.05,18639.6,926.174,46.3844,0.482746,834.081,285200,92.3865,23.1957,0.267264,68.9235,61.5277,23.1887,0.0718272,38.2672,153.914,0,0,0
700,4,0,20,1,1,1,4316.94,18635.7,926.056,46.3844,0.482746,833.962,285202,87.7481,23.1957,0.267264,64.2852,57.42,23.1887,0.0718272,34.1594,145.168,0,0,0
700,4,0,21,1,1,1,4319.92,18647.9,926.155,46.3844,0.482746,834.061,285201,92.6644,23.1957,0.267264,69.2014,61.3526,23.1887,0.0718272,38.0921,154.017,0,0,0
700,4,0,22,1,1,1,4328.46,18647.4,925.935,46.3844,0.552902,833.771,285204,93.1002,23.1957,0.302342,69.6021,94.9173,23.1887,0.106906,71.6217,188.017,0,0,0
700,4,0,23,1,1,1,4319.89,18641.6,926.155,46.3844,0.482746,834.061,285201,94.2292,23.1957,0.267264,70.7662,83.983,23.1887,0.0718272,60.7225,178.212,0,0,0
700,4,0,24,1,1,1,4319.66,18669.5,926.155,46.3844,0.482746,834.061,285201,101.986,23.1957,0.267264,78.5232,90.5777,23.1887,0.0718272,67.3172,192.564,0,0,0
700,4,0,25,1,1,1,4319.18,18648.1,926.17,46.3844,0.517824,834.041,285200,95.69,23.1957,0.302342,72.192,77.9694,23.1887,0.0718272,54.7089,173.659,0,0,0
700,4,0,26,1,1,1,4317.58,24637.8,931.819,52.1883,0.927072,833.653,285199,129.579,28.9996,0.71159,99.3488,24.2947,23.1887,0.0718272,1.03415,153.874,0,0,0
700,4,0,27,1,1,1,4318.54,18636.4,926.135,46.3844,0.482746,834.041,285201,97.9435,23.1957,0.267264,74.4805,60.4304,23.1887,0.0718272,37.1699,158.374,0,0,0
700,4,0,28,1,1,1,4318.28,18640.8,926.155,46.3844,0.482746,834.061,285201,82.4691,23.1957,0.267264,59.0061,97.7699,23.1887,0.0718272,74.5094,180.239,0,0,0
700,4,0,29,1,1,1,4316.55,18638.3,926.056,46.3844,0.482746,833.962,285202,97.1854,23.1957,0.267264,73.7225,99.6559,23.1887,0.0718272,76.3954,196.841,0,0,0
700,4,0,30,1,1,1,4323.72,18638.5,926.135,46.3844,0.482746,834.041,285201,57.4347,23.1957,0.267264,33.9718,94.2216,23.1887,0.0718272,70.9611,151.656,0,0,0
700,4,0,31,1,1,1,4315.66,18628.2,926.135,46.3844,0.482746,834.041,285201,87.7535,23.1957,0.267264,64.2906,56.597,23.1887,0.0718272,33.3365,144.351,0,0,0
700,4,0,32,1,1,1,4324.36,18641.7,926.075,46.3844,0.482746,833.982,285202,79.9694,23.1957,0.267264,56.5065,98.7679,23.1887,0.0718272,75.5074,178.737,0,0,0
700,4,0,33,1,1,1,4321.22,18638.8,926.115,46.3844,0.482746,834.022,285201,56.249,23.1957,0.267264,32.786,87.1775,23.1887,0.0718272,63.917,143.426,0,0,0
700,4,0,34,1,1,1,4317.9,18644,926.075,46.3844,0.482746,833.982,285202,97.2594,23.1957,0.267264,73.7965,74.0656,23.1887,0.0718272,50.8051,171.325,0,0,0
700,4,0,35,1,1,1,4347.15,24667,931.766,52.1883,0.696557,833.83,285200,195.226,28.9996,0.481075,165.417,67.1009,23.1887,0.0718272,43.8404,262.327,0,0,0
700,4,0,36,1,1,2,10337.5,24651,948.652,69.5741,1.09411,833.46,285198,65.3217,23.1957,0.267264,41.8587,216.942,46.3784,0.683194,169.88,282.264,1,0,0
700,4,0,37,1,1,1,4334.07,18678.5,926.155,46.3844,0.482746,834.061,285201,91.0816,23.1957,0.267264,67.6186,94.5736,23.1887,0.0718272,71.3131,185.655,0,0,0
700,4,0,38,1,1,1,4316.94,18654,926.056,46.3844,0.482746,833.962,285202,96.9382,23.1957,0.267264,73.4752,87.5583,23.1887,0.0718272,64.2978,184.496,0,0,0
700,4,0,39,1,1,1,4316.94,18638.1,926.095,46.3844,0.482746,834.002,285202,100.512,23.1957,0.267264,77.0487,58.9992,23.1887,0.0718272,35.7386,159.511,0,0,0
700,4,0,40,1,1,1,4319.94,18644.1,926.155,46.3844,0.482746,834.061,285201,57.6387,23.1957,0.267264,34.1757,81.0646,23.1887,0.0718272,57.8041,138.703,0,0,0
700,4,0,41,1,1,1,4315.34,18635,926.155,46.3844,0.482746,834.061,285201,97.0753,23.1957,0.267264,73.6124,58.0011,23.1887,0.0718272,34.7406,155.076,0,0,0
700,4,0,42,1,1,1,4331.65,18646.8,926.056,46.3844,0.482746,833.962,285202,99.4432,23.1957,0.267264,75.9803,95.9687,23.1887,0.0718272,72.7082,195.412,0,0,0
700,4,0,43,1,1,1,4322.5,18660.4,926.095,46.3844,0.482746,834.002,285202,99.4829,23.1957,0.267264,76.02,90.0363,23.1887,0.0718272,66.7758,189.519,0,0,0
700,4,0,44,1,1,1,4316.94,18636.5,926.155,46.3844,0.482746,834.061,285201,89.4483,23.1957,0.267264,65.9853,58.131,23.1887,0.0718272,34.8705,147.579,0,0,0
700,4,0,45,1,1,1,4316.23,18640.6,926.155,46.3844,0.482746,834.061,285201,97.4399,23.1957,0.267264,73.9769,94.3534,23.1887,0.0718272,71.0929,191.793,0,0,0
700,4,0,46,1,1,1,4317.26,18643,926.155,46.3844,0.482746,834.061,285201,59.2088,23.1957,0.267264,35.7459,82.1529,23.1887,0.0718272,58.8924,141.362,0,0,0
700,4,0,47,1,1,1,4324.49,18683.2,926.17,46.3844,0.517824,834.041,285200,99.9819,23.1957,0.302342,76.4838,90.2023,23.1887,0.0718272,66.9418,190.184,0,0,0
700,4,0,48,1,1,1,4319.75,18636.2,926.074,46.3844,0.517824,833.946,285202,60.308,23.1957,0.267264,36.845,96.9404,23.1887,0.106906,73.6449,157.248,0,0,0
700,4,0,49,1,1,1,4319.11,18639.6,926.075,46.3844,0.482746,833.982,285202,96.9707,23.1957,0.267264,73.5077,97.3115,23.1887,0.0718272,74.0509,194.282,0,0,0
700,4,0,50,1,1,1,4323.66,18679,926.135,46.3844,0.482746,834.041,285201,95.3445,23.1957,0.267264,71.8816,61.9049,23.1887,0.0718272,38.6444,157.249,0,0,0
700,4,0,51,1,1,1,4331.54,18681.6,926.155,46.3844,0.482746,834.061,285201,100.255,23.1957,0.267264,76.7924,90.5543,23.1887,0.0718272,67.2938,190.81,0,0,0
700,4,0,52,1,1,1,4318.34,18652.9,926.113,46.3844,0.50112,834.002,285201,93.5993,23.1957,0.267264,70.1363,94.7381,23.1887,0.0902016,71.4593,188.337,0,0,0
700,4,0,53,1,1,1,4337.64,18656.8,926.17,46.3844,0.517824,834.041,285200,73.6075,23.1957,0.267264,50.1446,99.9978,23.1887,0.106906,76.7022,173.605,0,0,0
700,4,0,54,1,1,1,4325.32,18674.5,925.94,46.3844,0.713261,833.615,285204,99.0691,23.1957,0.497779,75.3757,99.5819,23.1887,0.0718272,76.3214,198.651,0,0,0
700,4,0,55,1,1,1,4327.17,18638.8,926.155,46.3844,0.482746,834.061,285201,94.6389,23.1957,0.267264,71.1759,84.0227,23.1887,0.0718272,60.7622,178.662,0,0,0
700,4,0,56,1,1,1,4318.86,18633,926.075,46.3844,0.482746,833.982,285202,97.7287,23.1957,0.267264,74.2657,89.7818,23.1887,0.0718272,66.5213,187.511,0,0,0
700,4,0,57,1,1,1,4330.37,18690.6,926.135,46.3844,0.482746,834.041,285201,92.585,23.1957,0.267264,69.122,93.543,23.1887,0.0718272,70.2825,186.128,0,0,0
700,4,0,58,1,1,1,4315.34,18645.2,926.112,46.3844,0.517824,833.984,285201,90.4633,23.1957,0.302342,66.9653,52.4568,23.1887,0.0718272,29.1962,142.92,0,0,0
700,4,0,59,1,1,1,4318.28,18646.8,926.112,46.3844,0.517824,833.984,285201,82.4915,23.1957,0.302342,58.9935,90.4658,23.1887,0.0718272,67.2053,172.957,0,0,0
700,4,0,60,1,1,1,4326.76,18644.3,926.107,46.3844,0.6264,833.87,285201,91.0004,23.1957,0.267264,67.5374,96.3892,23.1887,0.0718272,73.1287,187.39,0,0,0
700,4,0,61,1,1,1,4318.54,18651.7,926.164,46.3952,0.50112,834.041,285201,86.2902,23.2065,0.285638,62.798,49.9264,23.1887,0.0718272,26.6659,136.217,0,0,0
700,4,0,62,1,1,1,4322.14,18634.7,926.174,46.3844,0.482746,834.081,285200,94.8482,23.1957,0.267264,71.3853,55.1008,23.1887,0.0718272,31.8403,149.949,0,0,0
700,4,0,63,1,1,1,4316.94,18634.9,926.135,46.3844,0.482746,834.041,285201,63.0043,23.1957,0.267264,39.5414,98.7535,23.1887,0.0718272,75.493,161.758,0,0,0
700,4,0,64,1,1,1,4332.55,18663.6,926.174,46.3844,0.482746,834.081,285200,58.9056,23.1957,0.267264,35.4427,81.6584,23.1887,0.0718272,58.3979,140.564,0,0,0
700,4,0,65,1,1,1,4351.94,18697.9,926.155,46.3844,0.482746,834.061,285201,98.9217,23.1957,0.267264,75.4587,88.2423,23.1887,0.0718272,64.9818,187.164,0,0,0
700,4,0,66,1,1,1,4318.22,18652.3,926.115,46.3844,0.482746,834.022,285201,98.1546,23.1957,0.267264,74.6916,100.625,23.1887,0.0718272,77.3646,198.78,0,0,0
700,4,0,67,1,1,1,4315.02,18632.5,926.135,46.3844,0.482746,834.041,285201,55.4801,23.1957,0.267264,32.0172,89.993,23.1887,0.0718272,66.7325,145.473,0,0,0
700,4,0,68,1,1,1,4319.94,18633.5,926.095,46.3844,0.482746,834.002,285202,57.8985,23.1957,0.267264,34.4356,94.1242,23.1887,0.0718272,70.8637,152.023,0,0,0
700,4,0,69,1,1,1,4331.02,18660.5,926.091,46.3844,0.517824,833.962,285202,95.1893,23.1957,0.267264,71.7264,62.162,23.1887,0.106906,38.8664,157.351,0,0,0
700,4,0,70,1,1,1,4324.67,18655,926.155,46.3844,0.482746,834.061,285201,60.4812,23.1957,0.267264,37.0183,95.8875,23.1887,0.0718272,72.627,156.369,0,0,0
700,4,0,71,1,1,1,4328.49,24658,931.675,52.1883,0.840211,833.596,285202,202.289,28.9996,0.481075,172.499,86.6379,23.1887,0.0718272,63.3774,288.927,0,0,0
700,4,0,72,1,0,0,-1,-1,903.682,23.1957,0.302342,834.256,285201,-1,-1,-1,-1,-1,-1,-1,-1,-1,0,0,0
700,4,0,73,1,1,1,4324.67,18648.9,926.135,46.3844,0.482746,834.041,285201,93.1427,23.1957,0.267264,69.6797,94.7252,23.1887,0.0718272,71.4647,187.868,0,0,0
700,4,0,74,1,1,1,4314.7,18648,926.31,46.3844,0.678182,834.022,285197,89.9126,23.1957,0.462701,66.2542,58.131,23.1887,0.0718272,34.8705,148.044,0,0,0
700,4,0,75,1,1,1,4317.26,18637.6,926.135,46.3844,0.482746,834.041,285201,97.7106,23.1957,0.267264,74.2477,86.3978,23.1887,0.0718272,63.1373,184.108,0,0,0
700,4,0,76,1,1,1,4315.02,18711.5,926.252,46.3844,0.678182,833.964,285198,98.9456,23.1957,0.462701,75.2872,57.826,23.1887,0.0718272,34.5655,156.772,0,0,0
700,4,0,77,1,1,1,4322.54,18641.4,926.155,46.3844,0.482746,834.061,285201,95.6279,23.1957,0.267264,72.1649,77.3558,23.1887,0.0718272,54.0953,172.984,0,0,0
700,4,0,78,1,1,1,4324.81,18642.4,926.135,46.3844,0.482746,834.041,285201,97.1439,23.1957,0.267264,73.681,56.689,23.1887,0.0718272,33.4285,153.833,0,0,0
700,4,0,79,1,1,1,4315.02,18649,926.155,46.3844,0.482746,834.061,285201,83.6747,23.1957,0.267264,60.2117,89.8973,23.1887,0.0718272,66.6368,173.572,0,0,0
700,4,0,80,1,1,1,4349.87,18681.2,926.133,46.3844,0.50112,834.022,285201,93.6895,23.1957,0.267264,70.2266,95.2435,23.1887,0.0902016,71.9646,188.933,0,0,0
700,4,0,81,1,1,1,4325.58,18641.6,926.056,46.3844,0.482746,833.962,285202,54.4424,23.1957,0.267264,30.9794,88.6268,23.1887,0.0718272,65.3662,143.069,0,0,0
700,4,0,82,1,1,1,4314.38,18639.4,926.135,46.3844,0.482746,834.041,285201,87.3836,23.1957,0.267264,63.9206,91.6588,23.1887,0.0718272,68.3983,179.042,0,0,0
700,4,0,83,1,1,2,10330.2,24644.7,948.619,69.5741,0.519494,834.002,285201,62.0983,23.1957,0.267264,38.6354,204.618,46.3784,0.108576,158.131,266.716,1,0,0
700,4,0,84,1,1,1,4326.7,18655.6,926.155,46.3844,0.482746,834.061,285201,74.7391,23.1957,0.267264,51.2762,40.4747,23.1887,0.0718272,17.2142,115.214,0,0,0
700,4,0,85,1,1,1,4322.79,18638.6,926.143,46.3844,0.6264,833.906,285201,54.2131,23.1957,0.267264,30.7502,92.6406,23.1887,0.0718272,69.3801,146.854,0,0,0
700,4,0,86,1,1,1,4318.54,18635.5,926.155,46.3844,0.482746,834.061,285201,95.9149,23.1957,0.267264,72.4519,57.2142,23.1887,0.0718272,33.9537,153.129,0,0,0
700,4,0,87,1,1,1,4334.66,18700.6,926.099,46.3844,0.908698,833.579,285201,99.0805,23.1957,0.693216,75.1916,87.6215,23.1887,0.0718272,64.361,186.702,0,0,0
700,4,0,88,1,0,0,-1,-1,903.666,23.1957,0.267264,834.274,285202,-1,-1,-1,-1,-1,-1,-1,-1,-1,0,0,0
700,4,0,89,1,1,1,4319.05,18637.4,926.074,46.3844,0.517824,833.946,285202,94.8508,23.1957,0.302342,71.3528,57.4416,23.1887,0.0718272,34.1811,152.292,0,0,0
700,4,0,90,1,1,1,4351.34,18668.6,926.135,46.3844,0.482746,834.041,285201,96.5556,23.1957,0.267264,73.0926,70.4885,23.1887,0.0718272,47.228,167.044,0,0,0
700,4,0,91,1,1,1,4326.86,18663.4,926.032,46.3844,0.552902,833.868,285202,86.8826,23.1957,0.302342,63.3846,57.2421,23.1887,0.106906,33.9465,144.125,0,0,0
700,4,0,92,1,1,1,4315.98,18631.1,926.135,46.3844,0.482746,834.041,285201,58.7432,23.1957,0.267264,35.2802,82.5337,23.1887,0.0718272,59.2732,141.277,0,0,0
700,4,0,93,1,1,1,4328.26,18653.9,926.091,46.3844,0.552902,833.928,285201,74.4836,23.1957,0.302342,50.9856,40.4141,23.1887,0.106906,17.1185,114.898,0,0,0
700,4,0,94,1,1,1,4323.27,18636.9,926.135,46.3844,0.482746,834.041,285201,98.4019,23.1957,0.267264,74.9389,87.4951,23.1887,0.0718272,64.2346,185.897,0,0,0
700,4,0,95,1,1,1,4330.14,18662.1,926.075,46.3844,0.482746,833.982,285202,81.7797,23.1957,0.267264,58.3167,98.0243,23.1887,0.0718272,74.7638,179.804,0,0,0
700,4,0,96,1,1,1,4327.05,18638.7,926.173,46.3844,0.770054,833.792,285200,57.4636,23.1957,0.267264,34.0006,80.664,23.1887,0.0718272,57.4035,138.128,0,0,0
700,4,0,97,1,1,1,4316.3,18630.8,926.115,46.3844,0.482746,834.022,285201,81.8392,23.1957,0.267264,58.3763,99.1776,23.1887,0.0718272,75.9171,181.017,0,0,0
700,4,0,98,1,1,1,4320.17,18637.4,926.056,46.3844,0.482746,833.962,285202,95.729,23.1957,0.267264,72.266,72.2013,23.1887,0.0718272,48.9408,167.93,0,0,0
700,4,0,99,1,1,1,4345.63,18662.6,926.11,46.3844,0.517824,833.982,285201,93.9404,23.1957,0.267264,70.4774,95.567,23.1887,0.106906,72.2714,189.507,0,0,0
700,4,0,100,1,1,1,4356.92,18677.9,926.155,46.3844,0.482746,834.061,285201,59.5608,23.1957,0.267264,36.0978,99.7606,23.1887,0.0718272,76.5001,159.321,0,0,0
700,4,0,101,1,1,1,4316.3,18631.7,926.095,46.3844,0.482746,834.002,285202,65.1881,23.1957,0.267264,41.7252,98.6326,23.1887,0.0718272,75.3721,163.821,0,0,0
700,4,0,102,1,1,1,4317.26,18645.1,926.155,46.3844,0.482746,834.061,285201,98.7953,23.1957,0.267264,75.3324,88.5979,23.1887,0.0718272,65.3374,187.393,0,0,0
700,4,0,103,1,1,1,4338.29,18673.7,926.312,46.3844,0.678182,834.023,285197,74.4256,23.1957,0.462701,50.7672,99.3382,23.1887,0.0718272,76.0777,173.764,0,0,0
700,4,0,104,1,1,1,4319.82,18636.4,926.135,46.3844,0.482746,834.041,285201,96.4581,23.1957,0.267264,72.9951,84.6129,23.1887,0.0718272,61.3524,181.071,0,0,0
700,4,0,105,1,1,1,4320.58,18644.4,926.135,46.3844,0.482746,834.041,285201,97.7792,23.1957,0.267264,74.3162,82.3497,23.1887,0.0718272,59.0892,180.129,0,0,0
700,4,0,106,1,1,1,4315.98,18632.3,926.135,46.3844,0.482746,834.041,285201,81.4259,23.1957,0.267264,57.963,91.13,23.1887,0.0718272,67.8695,172.556,0,0,0
700,4,0,107,1,1,1,4316.62,18636.1,926.135,46.3844,0.482746,834.041,285201,98.6221,23.1957,0.267264,75.1591,87.3977,23.1887,0.0718272,64.1372,186.02,0,0,0
700,4,0,108,1,1,1,4325.2,18651.1,926.155,46.3844,0.482746,834.061,285201,92.6373,23.1957,0.267264,69.1744,59.6453,23.1887,0.0718272,36.3848,152.283,0,0,0
700,4,0,109,1,1,1,4318.22,18631.7,926.155,46.3844,0.482746,834.061,285201,94.9132,23.1957,0.267264,71.4502,60.5585,23.1887,0.0718272,37.298,155.472,0,0,0
700,4,0,110,1,1,1,4337.64,18652.4,926.135,46.3844,0.482746,834.041,285201,96.108,23.1957,0.267264,72.645,84.0877,23.1887,0.0718272,60.8272,180.196,0,0,0
700,4,0,111,1,1,1,4314.7,18630.5,926.095,46.3844,0.482746,834.002,285202,61.9251,23.1957,0.267264,38.4621,83.0788,23.1887,0.0718272,59.8183,145.004,0,0,0
700,4,0,112,1,1,1,4319.94,18650,926.155,46.3844,0.482746,834.061,285201,60.0589,23.1957,0.267264,36.5959,98.36,23.1887,0.0718272,75.0995,158.419,0,0,0
700,4,0,113,1,1,1,4314.7,18629.8,926.135,46.3844,0.482746,834.041,285201,56.9564,23.1957,0.267264,33.4935,96.16,23.1887,0.0718272,72.8995,153.116,0,0,0
700,4,0,114,1,1,1,4317.83,18642.8,926.31,46.3844,0.678182,834.022,285197,100.967,23.1957,0.462701,77.3086,60.2878,23.1887,0.0718272,37.0273,161.255,0,0,0
700,4,0,115,1,1,1,4329.58,18643.1,926.135,46.3844,0.482746,834.041,285201,93.8664,23.1957,0.267264,70.4034,87.9084,23.1887,0.0718272,64.6479,181.775,0,0,0
700,4,0,116,1,1,1,4321.54,18637.1,926.135,46.3844,0.482746,834.041,285201,71.8099,23.1957,0.267264,48.347,97.9251,23.1887,0.0718272,74.6646,169.735,0,0,0
700,4,0,117,1,1,1,4318.58,18637,926.095,46.3844,0.482746,834.002,285202,97.467,23.1957,0.267264,74.004,58.2375,23.1887,0.0718272,34.977,155.705,0,0,0
700,4,0,118,1,1,1,4317.58,18632.7,926.115,46.3844,0.482746,834.022,285201,59.2558,23.1957,0.267264,35.7928,85.2915,23.1887,0.0718272,62.031,144.547,0,0,0
700,4,0,119,1,1,1,4314.7,18632.7,926.095,46.3844,0.482746,834.002,285202,61.2374,23.1957,0.267264,37.7745,98.5243,23.1887,0.0718272,75.2638,159.762,0,0,0
700,4,0,120,1,1,1,4326.12,18650.3,926.084,46.3844,0.6264,833.846,285202,98.2232,23.1957,0.267264,74.7602,58.5389,23.1887,0.0718272,35.2784,156.762,0,0,0
700,4,0,121,1,1,1,4325.07,18648.7,926.164,46.3952,0.50112,834.041,285201,97.9257,23.2065,0.285638,74.4336,92.4313,23.1887,0.0718272,69.1708,190.357,0,0,0
700,4,0,122,1,1,1,4321.54,18647.9,926.115,46.3844,0.482746,834.022,285201,97.6475,23.1957,0.267264,74.1845,58.2375,23.1887,0.0718272,34.977,155.885,0,0,0
700,4,0,123,1,1,1,4315.66,18631.4,926.135,46.3844,0.482746,834.041,285201,101.421,23.1957,0.267264,77.9583,96.7465,23.1887,0.0718272,73.486,198.168,0,0,0
700,4,0,124,1,1,1,4323.85,18646.5,926.094,46.3844,0.517824,833.966,285202,91.4199,23.1957,0.302342,67.9218,64.2656,23.1887,0.0718272,41.0051,155.685,0,0,0
700,4,0,125,1,1,1,4341.26,18661.7,926.135,46.3844,0.482746,834.041,285201,98.9848,23.1957,0.267264,75.5219,84.7681,23.1887,0.0718272,61.5076,183.753,0,0,0
700,4,0,126,1,1,1,4333.17,18677,926.17,46.3844,0.517824,834.041,285200,82.737,23.1957,0.302342,59.239,91.4856,23.1887,0.0718272,68.225,174.223,0,0,0
700,4,0,127,1,1,1,4315.66,18642.8,926.075,46.3844,0.482746,833.982,285202,97.2685,23.1957,0.267264,73.8055,93.1388,23.1887,0.0718272,69.8782,190.407,0,0,0
700,4,0,128,1,1,1,4315.02,18647.3,926.312,46.3844,0.678182,834.023,285197,61.8841,23.1957,0.462701,38.2257,97.9937,23.1887,0.0718272,74.7332,159.878,0,0,0
700,4,0,129,1,1,1,4321.22,18637,926.135,46.3844,0.482746,834.041,285201,83.0918,23.1957,0.267264,59.6288,94.5303,23.1887,0.0718272,71.2697,177.622,0,0,0
700,4,0,130,1,1,1,4318.54,18644.3,926.056,46.3844,0.482746,833.962,285202,95.4727,23.1957,0.267264,72.0097,55.3372,23.1887,0.0718272,32.0767,150.81,0,0,0
700,4,0,131,1,1,1,4319.79,18659.9,926.056,46.3844,0.482746,833.962,285202,90.9192,23.1957,0.267264,67.4562,60.9411,23.1887,0.0718272,37.6806,151.86,0,0,0
700,4,0,132,1,1,1,4314.7,18629.1,926.155,46.3844,0.482746,834.061,285201,81.5667,23.1957,0.267264,58.1037,46.2482,23.1887,0.0718272,22.9877,127.815,0,0,0
700,4,0,133,1,1,1,4319.08,18639.3,926.132,46.3844,0.517824,834.003,285201,93.7336,23.1957,0.302342,70.2356,86.6938,23.1887,0.0718272,63.4333,180.427,0,0,0
700,4,0,134,1,0,0,-1,-1,903.586,23.1957,0.267264,834.195,285203,-1,-1,-1,-1,-1,-1,-1,-1,-1,0,0,0
700,4,0,135,1,1,1,4314.76,18648.8,926.115,46.3844,0.482746,834.022,285201,97.6366,23.1957,0.267264,74.1737,58.8042,23.1887,0.0718272,35.5437,156.441,0,0,0
700,4,0,136,1,1,1,4322.82,18653.6,925.979,46.3844,0.517824,833.85,285204,83.8542,23.1957,0.302342,60.3561,91.3321,23.1887,0.0718272,68.0716,175.186,0,0,0
700,4,0,137,1,1,1,4333.54,18671.2,926.485,46.3844,0.873619,834.002,285194,98.6285,23.1957,0.658138,74.7747,87.4175,23.1887,0.0718272,64.157,186.046,0,0,0
700,4,0,138,1,1,1,4326.83,18694.1,926.015,46.3844,0.623059,833.782,285202,87.7072,23.1957,0.372499,64.139,56.8829,23.1887,0.106906,33.5873,144.59,0,0,0
700,4,0,139,1,1,1,4324.68,18638.2,926.155,46.3844,0.482746,834.061,285201,59.6113,23.1957,0.267264,36.1483,95.9416,23.1887,0.0718272,72.6811,155.553,0,0,0
700,4,0,140,1,1,1,4314.38,18643.6,926.135,46.3844,0.482746,834.041,285201,99.5587,23.1957,0.267264,76.0958,97.0209,23.1887,0.0718272,73.7604,196.58,0,0,0
700,4,0,141,1,1,1,4343.7,18662.1,926.132,46.3844,0.517824,834.003,285201,69.0486,23.1957,0.267264,45.5856,99.1062,23.1887,0.106906,75.8106,168.155,0,0,0
700,4,0,142,1,1,1,4335.52,18683.1,926.135,46.3844,0.482746,834.041,285201,100.053,23.1957,0.267264,76.5903,90.4261,23.1887,0.0718272,67.1656,190.479,0,0,0
700,4,0,143,1,1,1,4322.95,18648.6,926.067,46.3844,0.517824,833.939,285202,81.7508,23.1957,0.267264,58.2878,45.8502,23.1887,0.106906,22.5546,127.601,0,0,0
700,4,0,144,1,1,1,4322.02,18656.1,926.135,46.3844,0.482746,834.041,285201,87.0028,23.1957,0.267264,63.5398,57.2449,23.1887,0.0718272,33.9844,144.248,0,0,0
700,4,0,145,1,1,1,4355.26,18676.3,926.175,46.3844,0.948787,833.615,285199,64.024,23.1957,0.267264,40.5611,98.803,23.1887,0.106906,75.5074,162.827,0,0,0
700,4,0,146,1,1,1,4334.02,18693.8,926.067,46.3844,0.748339,833.708,285201,87.4398,23.1957,0.532858,63.7112,56.9471,23.1887,0.0718272,33.6866,144.387,0,0,0
700,4,0,147,1,1,1,4320.44,18634,926.115,46.3844,0.482746,834.022,285201,92.872,23.1957,0.267264,69.409,94.2722,23.1887,0.0718272,71.0117,187.144,0,0,0
700,4,0,148,1,1,1,4315.66,24632.8,931.667,52.1883,0.696557,833.731,285202,165.441,28.9996,0.481075,135.546,34.5188,23.1887,0.0718272,11.2583,199.96,0,0,0
700,4,0,149,0,0,0,-1,-1,903.596,23.206,0.516154,833.946,285202,-1,-1,-1,-1,-1,-1,-1,-1,-1,0,0,0
700,4,0,150,1,1,1,4315.34,18631.7,926.155,46.3844,0.482746,834.061,285201,90.2911,23.1957,0.267264,66.8281,57.4651,23.1887,0.0718272,34.2046,147.756,0,0,0
700,4,0,151,1,1,1,4316.62,18640.1,926.135,46.3844,0.482746,834.041,285201,82.7561,23.1957,0.267264,59.2931,98.3005,23.1887,0.0718272,75.04,181.057,0,0,0
700,4,0,152,1,1,1,4336.58,18657.5,926.115,46.3844,0.482746,834.022,285201,83.5809,23.1957,0.267264,60.1179,90.8809,23.1887,0.0718272,67.6204,174.462,0,0,0
700,4,0,153,1,1,1,4328.78,18652.4,926.115,46.3844,0.482746,834.022,285201,61.8475,23.1957,0.267264,38.3845,95.6889,23.1887,0.0718272,72.4284,157.536,0,0,0
700,4,0,154,1,1,1,4326.58,18644.9,926.155,46.3844,0.482746,834.061,285201,55.1968,23.1957,0.267264,31.7338,92.7182,23.1887,0.0718272,69.4577,147.915,0,0,0
700,4,0,155,1,1,1,4318.54,18640.1,926.155,46.3844,0.482746,834.061,285201,95.8553,23.1957,0.267264,72.3923,96.4271,23.1887,0.0718272,73.1666,192.282,0,0,0
700,4,0,156,1,1,1,4320.71,18647.3,926.056,46.3844,0.482746,833.962,285202,58.5681,23.1957,0.267264,35.1052,81.8245,23.1887,0.0718272,58.564,140.393,0,0,0
700,4,0,157,1,1,1,4326.73,18659.5,926.151,46.3844,0.770054,833.771,285200,89.5944,23.1957,0.267264,66.1315,93.1207,23.1887,0.0718272,69.8602,182.715,0,0,0
700,4,0,158,1,1,1,4332.89,18652.1,926.135,46.3844,0.482746,834.041,285201,60.1906,23.1957,0.267264,36.7277,96.927,23.1887,0.0718272,73.6665,157.118,0,0,0
700,4,0,159,1,1,1,4319.82,18635.3,926.115,46.3844,0.482746,834.022,285201,95.7272,23.1957,0.267264,72.2642,85.5081,23.1887,0.0718272,62.2476,181.235,0,0,0
700,4,0,160,1,1,1,4348.07,18666.8,925.956,46.3844,0.552902,833.792,285204,82.3012,23.1957,0.267264,58.8383,98.5674,23.1887,0.141984,75.2367,180.869,0,0,0
700,4,0,161,1,1,1,4340.65,18673,926.155,46.3844,0.482746,834.061,285201,99.3187,23.1957,0.267264,75.8557,91.2293,23.1887,0.0718272,67.9688,190.548,0,0,0
700,4,0,162,1,1,1,4325.2,18655.9,926.155,46.3844,0.482746,834.061,285201,98.2304,23.1957,0.267264,74.7674,89.9767,23.1887,0.0718272,66.7162,188.207,0,0,0
700,4,0,163,1,1,1,4345.69,18661.5,926.152,46.3844,0.517824,834.023,285201,83.1188,23.1957,0.267264,59.6559,91.1037,23.1887,0.106906,67.8081,174.223,0,0,0
700,4,0,164,1,1,1,4317.9,24647.3,931.716,52.1883,0.571277,833.906,285201,154.593,28.9996,0.355795,124.789,31.0699,23.1887,0.0718272,7.80937,185.663,0,0,0
700,4,0,165,1,1,1,4317.9,18633.7,926.115,46.3844,0.482746,834.022,285201,82.1857,23.1957,0.267264,58.7228,98.9069,23.1887,0.0718272,75.6464,181.093,0,0,0
700,4,0,166,1,1,1,4318.54,18632.7,926.135,46.3844,0.482746,834.041,285201,61.4793,23.1957,0.267264,38.0163,82.4219,23.1887,0.0718272,59.1613,143.901,0,0,0
700,4,0,167,1,1,1,4317.26,18634,926.115,46.3844,0.482746,834.022,285201,81.7706,23.1957,0.267264,58.3077,46.0118,23.1887,0.0718272,22.7513,127.782,0,0,0
700,4,0,168,1,1,1,4317.26,18674.6,926.17,46.3844,0.517824,834.041,285200,80.0316,23.1957,0.302342,56.5336,45.0661,23.1887,0.0718272,21.8056,125.098,0,0,0
700,4,0,169,1,1,1,4317.58,18652.9,926.155,46.3844,0.482746,834.061,285201,77.8199,23.1957,0.267264,54.357,43.7703,23.1887,0.0718272,20.5097,121.59,0,0,0
700,4,0,170,1,1,1,4325.37,18638.9,926.135,46.3844,0.482746,834.041,285201,57.0593,23.1957,0.267264,33.5964,85.5405,23.1887,0.0718272,62.28,142.6,0,0,0
700,4,0,171,1,1,1,4330.61,18656,926.135,46.3844,0.482746,834.041,285201,58.3931,23.1957,0.267264,34.9301,81.9039,23.1887,0.0718272,58.6434,140.297,0,0,0
700,4,0,172,1,1,1,4318.88,18643.7,926.056,46.3844,0.482746,833.962,285202,98.0156,23.1957,0.267264,74.5527,100.751,23.1887,0.0718272,77.4909,198.767,0,0,0
700,4,0,173,1,1,1,4324.21,24653,931.783,52.1883,0.927072,833.617,285199,147.677,28.9996,0.71159,117.498,97.0263,23.1887,0.0718272,73.7658,244.703,0,0,0
700,4,0,174,1,1,1,4319.5,18636.9,926.155,46.3844,0.482746,834.061,285201,89.1126,23.1957,0.267264,65.6496,92.9655,23.1887,0.0718272,69.705,182.078,0,0,0
700,4,0,175,1,1,1,4315.98,18633.7,926.155,46.3844,0.482746,834.061,285201,96.4689,23.1957,0.267264,73.006,57.826,23.1887,0.0718272,34.5655,154.295,0,0,0
700,4,0,176,1,1,1,4322.92,18670.3,926.377,46.3844,0.821837,833.946,285196,99.5899,23.1957,0.462701,75.9315,87.6648,23.1887,0.0718272,64.4043,187.255,0,0,0
700,4,0,177,1,1,1,4317.26,18629.9,926.155,46.3844,0.482746,834.061,285201,55.1805,23.1957,0.267264,31.7176,91.6534,23.1887,0.0718272,68.3929,146.834,0,0,0
700,4,0,178,1,1,1,4324.68,18639.2,926.155,46.3844,0.482746,834.061,285201,83.3228,23.1957,0.267264,59.8598,57.0446,23.1887,0.0718272,33.7841,140.367,0,0,0
700,4,0,179,1,1,1,4321.16,18649,926.135,46.3844,0.482746,834.041,285201,98.6852,23.1957,0.267264,75.2223,59.7445,23.1887,0.0718272,36.484,158.43,0,0,0
700,4,0,180,1,1,1,4317.58,18636.4,926.155,46.3844,0.482746,834.061,285201,94.2599,23.1957,0.267264,70.7969,96.1636,23.1887,0.0718272,72.9031,190.423,0,0,0
700,4,0,181,1,1,1,4340.32,18652.9,926.155,46.3844,0.482746,834.061,285201,97.0591,23.1957,0.267264,73.5961,69.5049,23.1887,0.0718272,46.2444,166.564,0,0,0
700,4,0,182,1,1,1,4317.26,18636.1,926.115,46.3844,0.482746,834.022,285201,99.14,23.1957,0.267264,75.6771,60.8942,23.1887,0.0718272,37.6337,160.034,0,0,0
700,4,0,183,1,1,1,4323.43,18692.2,925.971,46.3844,0.552902,833.807,285203,97.1934,23.1957,0.302342,73.6954,79.2011,23.1887,0.106906,55.9055,176.395,0,0,0
700,4,0,184,1,1,1,4332.23,18662.3,926.155,46.3844,0.482746,834.061,285201,73.9992,23.1957,0.267264,50.5362,99.4519,23.1887,0.0718272,76.1914,173.451,0,0,0
700,4,0,185,1,1,1,4328.31,18656.2,926.174,46.3844,0.482746,834.081,285200,98.8657,23.1957,0.267264,75.4027,87.6197,23.1887,0.0718272,64.3592,186.485,0,0,0
700,4,0,186,1,1,1,4317.58,18656,926.056,46.3844,0.482746,833.962,285202,90.9715,23.1957,0.267264,67.5085,58.0516,23.1887,0.0718272,34.7911,149.023,0,0,0
700,4,0,187,1,1,1,4314.06,18628.2,926.075,46.3844,0.482746,833.982,285202,83.6603,23.1957,0.267264,60.1973,91.2906,23.1887,0.0718272,68.0301,174.951,0,0,0
700,4,0,188,1,1,1,4316.94,18633.3,926.155,46.3844,0.482746,834.061,285201,98.0914,23.1957,0.267264,74.6285,85.1958,23.1887,0.0718272,61.9353,183.287,0,0,0
700,4,0,189,1,1,1,4315.98,18633.6,926.075,46.3844,0.482746,833.982,285202,97.7792,23.1957,0.267264,74.3162,58.4866,23.1887,0.0718272,35.2261,156.266,0,0,0
700,4,0,190,1,1,1,4318.54,18639.2,926.095,46.3844,0.482746,834.002,285202,90.1503,23.1957,0.267264,66.6874,59.8781,23.1887,0.0718272,36.6176,150.028,0,0,0
700,4,0,191,1,1,1,4319.18,18644.3,926.096,46.3844,0.713261,833.772,285201,91.193,23.1957,0.497779,67.4995,53.2184,23.1887,0.0718272,29.9579,144.411,0,0,0
700,4,0,192,1,1,1,4321.54,18638.3,926.155,46.3844,0.482746,834.061,285201,69.1154,23.1957,0.267264,45.6524,98.5008,23.1887,0.0718272,75.2403,167.616,0,0,0
700,4,0,193,1,1,1,4319.88,18632.1,926.095,46.3844,0.482746,834.002,285202,81.8627,23.1957,0.267264,58.3997,98.1056,23.1887,0.0718272,74.8451,179.968,0,0,0
700,4,0,194,1,1,1,4313.74,18655.6,926.155,46.3844,0.482746,834.061,285201,96.3534,23.1957,0.267264,72.8905,59.1129,23.1887,0.0718272,35.8524,155.466,0,0,0
700,4,0,195,1,1,1,4332.53,18651.3,926.115,46.3844,0.482746,834.022,285201,83.3282,23.1957,0.267264,59.8652,96.0355,23.1887,0.0718272,72.775,179.364,0,0,0
700,4,0,196,1,1,1,4317.9,18657.7,926.115,46.3844,0.482746,834.022,285201,100.963,23.1957,0.267264,77.4999,96.6563,23.1887,0.0718272,73.3958,197.619,0,0,0
700,4,0,197,1,1,1,4318.22,18632.5,926.155,46.3844,0.482746,834.061,285201,96.4671,23.1957,0.267264,73.0042,74.2028,23.1887,0.0718272,50.9423,170.67,0,0,0
700,4,0,198,1,1,1,4333.16,18651.2,926.135,46.3844,0.482746,834.041,285201,62.9195,23.1957,0.267264,39.4565,98.5008,23.1887,0.0718272,75.2403,161.42,0,0,0
700,4,0,199,1,1,1,4317.26,18642.1,926.115,46.3844,0.482746,834.022,285201,95.3301,23.1957,0.267264,71.8671,59.2879,23.1887,0.0718272,36.0274,154.618,0,0,0
700,4,0,200,1,1,1,4322.75,18636,926.155,46.3844,0.482746,834.061,285201,60.4271,23.1957,0.267264,36.9641,83.7033,23.1887,0.0718272,60.4428,144.13,0,0,0
700,4,0,201,1,1,1,4340.99,18661.5,926.096,46.3844,0.6264,833.859,285201,54.2673,23.1957,0.267264,30.8043,88.7495,23.1887,0.0718272,65.489,143.017,0,0,0
700,4,0,202,1,1,1,4325.3,18644.2,926.095,46.3844,0.482746,834.002,285202,82.3157,23.1957,0.267264,58.8527,97.7753,23.1887,0.0718272,74.5148,180.091,0,0,0
700,4,0,203,1,1,1,4326.6,18645.4,926.075,46.3844,0.482746,833.982,285202,100.375,23.1957,0.267264,76.9116,93.5466,23.1887,0.0718272,70.2861,193.921,0,0,0
700,4,0,204,1,1,1,4315.98,18641.2,926.155,46.3844,0.482746,834.061,285201,86.5227,23.1957,0.267264,63.0597,56.5356,23.1887,0.0718272,33.2751,143.058,0,0,0
700,4,0,205,1,1,1,4314.38,24646.3,931.626,52.1883,0.731635,833.655,285203,192.666,28.9996,0.516154,162.813,58.0697,23.1887,0.0718272,34.8092,250.736,0,0,0
700,4,0,206,1,1,1,4325.15,18639.6,926.135,46.3844,0.482746,834.041,285201,61.8077,23.1957,0.267264,38.3448,95.4236,23.1887,0.0718272,72.1631,157.231,0,0,0
700,4,0,207,1,0,0,-1,-1,903.584,23.1957,0.302342,834.157,285203,-1,-1,-1,-1,-1,-1,-1,-1,-1,0,0,0
700,4,0,208,1,1,1,4317.58,18632.7,926.135,46.3844,0.482746,834.041,285201,98.8386,23.1957,0.267264,75.3757,96.4704,23.1887,0.0718272,73.2099,195.309,0,0,0
700,4,0,209,1,1,1,4318.33,18634.1,926.135,46.3844,0.482746,834.041,285201,79.4822,23.1957,0.267264,56.0192,98.73,23.1887,0.0718272,75.4695,178.212,0,0,0
700,4,0,210,1,1,1,4314.06,18634.4,926.055,46.3844,0.517824,833.926,285202,89.2992,23.1957,0.302342,65.8012,51.3973,23.1887,0.0718272,28.1368,140.697,0,0,0
700,4,0,211,1,1,1,4341.35,18677.1,926.174,46.3844,0.482746,834.081,285200,98.8657,23.1957,0.267264,75.4027,87.737,23.1887,0.0718272,64.4765,186.603,0,0,0
700,4,0,212,1,1,1,4321.48,18635.6,926.115,46.3844,0.482746,834.022,285201,58.7432,23.1957,0.267264,35.2802,83.1275,23.1887,0.0718272,59.867,141.871,0,0,0
700,4,0,213,1,1,1,4319.99,18640.9,926.135,46.3844,0.482746,834.041,285201,59.2124,23.1957,0.267264,35.7495,101.255,23.1887,0.0718272,77.9944,160.467,0,0,0
700,4,0,214,1,1,1,4316.62,18633,926.115,46.3844,0.482746,834.022,285201,57.4347,23.1957,0.267264,33.9718,94.3588,23.1887,0.0718272,71.0983,151.794,0,0,0
700,4,0,215,1,1,1,4318.14,24663.4,931.766,52.1883,0.696557,833.83,285200,186.479,28.9996,0.481075,156.64,97.4252,23.1887,0.0718272,74.1646,283.904,0,0,0
700,4,0,216,1,1,1,4324.49,24646.6,931.65,52.1883,0.927072,833.484,285202,147.428,28.9996,0.71159,117.249,97.1238,23.1887,0.0718272,73.8632,244.551,0,0,0
700,4,0,217,1,1,1,4340.22,18665.3,926.112,46.3844,0.770054,833.731,285201,96.579,23.1957,0.267264,73.1161,85.398,23.1887,0.0718272,62.1375,181.977,0,0,0
700,4,0,218,1,1,1,4317.44,24652,931.737,52.1883,0.801792,833.697,285200,193.21,28.9996,0.58631,163.287,85.3294,23.1887,0.0718272,62.0689,278.539,0,0,0
700,4,0,219,1,1,1,4317.19,18636.1,926.115,46.3844,0.482746,834.022,285201,97.319,23.1957,0.267264,73.856,56.5717,23.1887,0.0718272,33.3112,153.891,0,0,0
700,4,0,220,1,1,1,4318.66,18634.8,926.095,46.3844,0.482746,834.002,285202,60.0029,23.1957,0.267264,36.54,83.1871,23.1887,0.0718272,59.9266,143.19,0,0,0
700,4,0,221,1,1,1,4316.94,18633,926.075,46.3844,0.482746,833.982,285202,97.393,23.1957,0.267264,73.93,95.7485,23.1887,0.0718272,72.488,193.141,0,0,0
700,4,0,222,1,1,1,4319.43,18671.8,925.974,46.3844,0.552902,833.81,285203,82.0556,23.1957,0.337421,58.5224,90.3738,23.1887,0.0718272,67.1133,172.429,0,0,0
700,4,0,223,1,1,1,4321.22,18662.8,926.015,46.3844,0.517824,833.886,285203,98.6499,23.1957,0.302342,75.1519,57.7484,23.1887,0.0718272,34.4879,156.398,0,0,0
700,4,0,224,1,1,1,4318.01,18648.7,926.19,46.3844,0.517824,834.061,285200,91.456,23.1957,0.302342,67.9579,96.8025,23.1887,0.0718272,73.542,188.258,0,0,0
700,4,0,225,1,1,1,4315.66,18635.8,926.155,46.3844,0.482746,834.061,285201,94.0902,23.1957,0.267264,70.6272,86.1073,23.1887,0.0718272,62.8467,180.197,0,0,0
700,4,0,226,1,1,1,4323.55,18636.4,926.155,46.3844,0.482746,834.061,285201,58.2505,23.1957,0.267264,34.7875,83.4416,23.1887,0.0718272,60.1811,141.692,0,0,0
700,4,0,227,1,1,1,4347.18,18663.3,926.174,46.3844,0.482746,834.081,285200,82.9004,23.1957,0.267264,59.4375,94.5664,23.1887,0.0718272,71.3058,177.467,0,0,0
700,4,0,228,1,1,1,4328.39,18654.6,926.075,46.3844,0.482746,833.982,285202,54.6716,23.1957,0.267264,31.2086,88.06,23.1887,0.0718272,64.7995,142.732,0,0,0
700,4,0,229,1,1,1,4315.34,18647.9,926.17,46.3844,0.517824,834.041,285200,98.982,23.1957,0.302342,75.484,58.64,23.1887,0.0718272,35.3795,157.622,0,0,0
700,4,0,230,1,1,1,4315.34,18632.1,926.135,46.3844,0.482746,834.041,285201,95.0395,23.1957,0.267264,71.5766,56.7937,23.1887,0.0718272,33.5332,151.833,0,0,0
700,4,0,231,1,1,1,4317.17,18636.9,926.095,46.3844,0.482746,834.002,285202,94.7129,23.1957,0.267264,71.2499,57.5355,23.1887,0.0718272,34.275,152.248,0,0,0
700,4,0,232,1,1,1,4317.19,18639.8,926.15,46.3844,0.517824,834.022,285201,97.5951,23.1957,0.267264,74.1322,97.2798,23.1887,0.106906,73.9842,194.875,0,0,0
700,4,0,233,1,1,1,4319.61,18632.2,926.174,46.3844,0.482746,834.081,285200,80.7491,23.1957,0.267264,57.2862,99.1253,23.1887,0.0718272,75.8648,179.874,0,0,0
700,4,0,234,1,1,1,4320.5,18664.8,926.056,46.3844,0.482746,833.962,285202,90.5005,23.1957,0.267264,67.0375,97.1111,23.1887,0.0718272,73.8506,187.612,0,0,0
700,4,0,235,1,1,1,4321.54,18636.5,926.174,46.3844,0.482746,834.081,285200,98.2268,23.1957,0.267264,74.7638,89.5129,23.1887,0.0718272,66.2524,187.74,0,0,0
700,4,0,236,1,1,1,4340.8,18660.2,926.152,46.3844,0.517824,834.023,285201,59.7872,23.1957,0.302342,36.2891,99.9771,23.1887,0.0718272,76.7166,159.764,0,0,0
700,4,0,237,1,1,1,4323.47,18638.3,926.298,46.3844,0.6264,834.061,285198,73.8584,23.1957,0.267264,50.3954,97.9143,23.1887,0.0718272,74.6537,171.773,0,0,0
700,4,0,238,1,1,1,4322.09,18637.5,926.095,46.3844,0.482746,834.002,285202,97.1187,23.1957,0.267264,73.6557,98.2878,23.1887,0.0718272,75.0273,195.407,0,0,0
700,4,0,239,1,1,1,4320.81,18636.9,926.095,46.3844,0.482746,834.002,285202,75.0857,23.1957,0.267264,51.6227,97.214,23.1887,0.0718272,73.9535,172.3,0,0,0
700,4,0,240,1,1,1,4319.5,18642.1,926.135,46.3844,0.482746,834.041,285201,93.0362,23.1957,0.267264,69.5732,94.3408,23.1887,0.0718272,71.0802,187.377,0,0,0
700,4,0,241,1,1,1,4339.85,18680.6,926.155,46.3844,0.482746,834.061,285201,97.8153,23.1957,0.267264,74.3523,94.8732,23.1887,0.0718272,71.6127,192.688,0,0,0
700,4,0,242,1,1,1,4343.84,18659.9,926.143,46.3844,0.6264,833.906,285201,57.8679,23.1957,0.267264,34.4049,86.2372,23.1887,0.0718272,62.9767,144.105,0,0,0
700,4,0,243,1,1,1,4322.63,18659.8,926.155,46.3844,0.482746,834.061,285201,88.443,23.1957,0.267264,64.98,94.0971,23.1887,0.0718272,70.8366,182.54,0,0,0
700,4,0,244,1,1,1,4320.26,18679.1,926.247,46.3844,0.678182,833.958,285199,96.7149,23.1957,0.462701,73.0565,73.5621,23.1887,0.0718272,50.3016,170.277,0,0,0
700,4,0,245,1,1,1,4354.66,18679.2,926.346,46.3844,0.965491,833.771,285196,61.4437,23.1957,0.462701,37.7853,82.4742,23.1887,0.0718272,59.2137,143.918,0,0,0
700,4,0,246,1,1,1,4335.69,18657.2,926.092,46.3844,0.517824,833.964,285202,96.6693,23.1957,0.267264,73.2063,70.0038,23.1887,0.106906,46.7082,166.673,0,0,0
700,4,0,247,1,1,1,4320.65,18639.2,926.075,46.3844,0.482746,833.982,285202,82.368,23.1957,0.267264,58.9051,47.0099,23.1887,0.0718272,23.7494,129.378,0,0,0
700,4,0,248,1,1,1,4316.62,18655.9,925.979,46.3844,0.713261,833.655,285203,95.7465,23.1957,0.497779,72.053,85.7445,23.1887,0.0718272,62.484,181.491,0,0,0
700,4,0,249,1,1,1,4331.5,18647.3,926.135,46.3844,0.482746,834.041,285201,91.6357,23.1957,0.267264,68.1727,64.1446,23.1887,0.0718272,40.8841,155.78,0,0,0
700,4,0,250,1,1,1,4335.85,18691.5,926.165,46.3844,0.552902,834.002,285200,98.1572,23.1957,0.302342,74.6592,96.6463,23.1887,0.106906,73.3507,194.803,0,0,0
700,4,0,251,1,1,1,4319.5,18637.9,926.155,46.3844,0.482746,834.061,285201,97.1764,23.1957,0.267264,73.7134,57.3947,23.1887,0.0718272,34.1342,154.571,0,0,0
700,4,0,252,1,1,1,4316.62,18652.4,926.155,46.3844,0.482746,834.061,285201,98.3098,23.1957,0.267264,74.8469,88.3614,23.1887,0.0718272,65.1009,186.671,0,0,0
700,4,0,253,1,1,1,4322.87,18642.1,926.155,46.3844,0.482746,834.061,285201,95.3337,23.1957,0.267264,71.8707,67.7705,23.1887,0.0718272,44.51,163.104,0,0,0
700,4,0,254,1,1,1,4320.37,18634.2,926.155,46.3844,0.482746,834.061,285201,56.572,23.1957,0.267264,33.1091,96.9198,23.1887,0.0718272,73.6593,153.492,0,0,0
700,4,0,255,1,1,1,4318.54,18631.1,926.174,46.3844,0.482746,834.081,285200,94.1028,23.1957,0.267264,70.6399,58.8151,23.1887,0.0718272,35.5546,152.918,0,0,0
700,4,0,256,1,1,1,4316.94,18642.2,926.155,46.3844,0.482746,834.061,285201,59.9434,23.1957,0.267264,36.4804,83.5932,23.1887,0.0718272,60.3327,143.537,0,0,0
700,4,0,257,1,1,1,4331.21,18648.6,926.056,46.3844,0.482746,833.962,285202,90.9896,23.1957,0.267264,67.5266,94.4635,23.1887,0.0718272,71.203,185.453,0,0,0
700,4,0,258,1,1,1,4315.66,18633.7,926.115,46.3844,0.482746,834.022,285201,84.6836,23.1957,0.267264,61.2206,56.9254,23.1887,0.0718272,33.6649,141.609,0,0,0
700,4,0,259,1,1,1,4323.66,18639.4,926.155,46.3844,0.482746,834.061,285201,60.3928,23.1957,0.267264,36.9298,97.1147,23.1887,0.0718272,73.8542,157.508,0,0,0
700,4,0,260,1,1,1,4325.9,18651.2,926.174,46.3844,0.482746,834.081,285200,58.9183,23.1957,0.267264,35.4553,83.2448,23.1887,0.0718272,59.9843,142.163,0,0,0
700,4,0,261,1,1,1,4326.07,18641.4,926.115,46.3844,0.482746,834.022,285201,82.9546,23.1957,0.267264,59.4916,92.8969,23.1887,0.0718272,69.6364,175.851,0,0,0
700,4,0,262,1,1,1,4318.54,18640.8,926.056,46.3844,0.482746,833.962,285202,95.1081,23.1957,0.267264,71.6451,95.4002,23.1887,0.0718272,72.1397,190.508,0,0,0
700,4,0,263,1,1,1,4321.16,18631.8,926.075,46.3844,0.482746,833.982,285202,60.3856,23.1957,0.267264,36.9226,96.7502,23.1887,0.0718272,73.4897,157.136,0,0,0
700,4,0,264,1,1,1,4317.26,18643.2,926.135,46.3844,0.482746,834.041,285201,97.4706,23.1957,0.267264,74.0076,86.8905,23.1887,0.0718272,63.63,184.361,0,0,0
700,4,0,265,1,1,1,4323.11,18649.4,926.095,46.3844,0.482746,834.002,285202,93.3051,23.1957,0.267264,69.8422,58.8836,23.1887,0.0718272,35.6231,152.189,0,0,0
700,4,0,266,1,1,2,10320.5,24670.2,948.745,69.5741,0.663149,833.984,285198,61.9431,23.1957,0.267264,38.4801,204.211,46.3784,0.25223,157.581,266.154,1,0,0
700,4,0,267,1,1,1,4339.02,18659.2,926.194,46.3844,0.482746,834.101,285200,98.8061,23.1957,0.267264,75.3432,84.6147,23.1887,0.0718272,61.3542,183.421,0,0,0
700,4,0,268,1,1,1,4326.79,18641.3,926.135,46.3844,0.482746,834.041,285201,56.6388,23.1957,0.267264,33.1758,83.2178,23.1887,0.0718272,59.9573,139.857,0,0,0
700,4,0,269,1,1,1,4316.62,18636.6,926.174,46.3844,0.482746,834.081,285200,57.6296,23.1957,0.267264,34.1667,94.1711,23.1887,0.0718272,70.9106,151.801,0,0,0
700,4,0,270,1,1,1,4316.62,18634,926.155,46.3844,0.482746,834.061,285201,86.6851,23.1957,0.267264,63.2221,50.3379,23.1887,0.0718272,27.0774,137.023,0,0,0
700,4,0,271,1,1,1,4330.13,18643.7,926.155,46.3844,0.482746,834.061,285201,96.9671,23.1957,0.267264,73.5041,98.0839,23.1887,0.0718272,74.8234,195.051,0,0,0
700,4,0,272,1,1,1,4321.54,18642.8,926.055,46.3844,0.517824,833.926,285202,98.9495,23.1957,0.302342,75.4515,97.1201,23.1887,0.0718272,73.8596,196.07,0,0,0
700,4,0,273,1,1,1,4316.62,18630.1,926.056,46.3844,0.482746,833.962,285202,99.2357,23.1957,0.267264,75.7727,58.5877,23.1887,0.0718272,35.3272,157.823,0,0,0
700,4,0,274,1,1,1,4319.18,18645.2,926.05,46.3844,0.552902,833.886,285202,83.2738,23.1957,0.337421,59.7407,93.1406,23.1887,0.0718272,69.8801,176.414,0,0,0
700,4,0,275,1,1,1,4316.3,18637.7,926.135,46.3844,0.482746,834.041,285201,97.4002,23.1957,0.267264,73.9372,81.718,23.1887,0.0718272,58.4575,179.118,0,0,0
700,4,0,276,1,1,1,4317.26,18635.3,926.155,46.3844,0.482746,834.061,285201,93.6426,23.1957,0.267264,70.1796,58.2971,23.1887,0.0718272,35.0366,151.94,0,0,0
700,4,0,277,1,1,1,4342.22,18671.7,926.123,46.3844,0.6264,833.886,285201,90.3543,23.1957,0.267264,66.8913,98.1164,23.1887,0.0718272,74.8559,188.471,0,0,0
700,4,0,278,1,1,1,4327.43,18643.6,926.155,46.3844,0.482746,834.061,285201,96.9003,23.1957,0.267264,73.4373,57.8802,23.1887,0.0718272,34.6197,154.78,0,0,0
700,4,0,279,1,1,1,4333.9,18659.5,926.175,46.3844,0.965491,833.599,285199,90.7825,23.1957,0.462701,67.1241,96.5173,23.1887,0.0718272,73.2568,187.3,0,0,0
700,4,0,280,1,1,1,4317.9,18633.6,926.095,46.3844,0.482746,834.002,285202,95.3175,23.1957,0.267264,71.8545,60.5585,23.1887,0.0718272,37.298,155.876,0,0,0
700,4,0,281,1,1,1,4320.51,18667.2,926.155,46.3844,0.482746,834.061,285201,97.6096,23.1957,0.267264,74.1466,99.0892,23.1887,0.0718272,75.8287,196.699,0,0,0
700,4,0,282,1,0,0,-1,-1,903.626,23.1957,0.267264,834.235,285203,-1,-1,-1,-1,-1,-1,-1,-1,-1,0,0,0
700,4,0,283,1,1,1,4352.58,18678,926.15,46.3844,0.517824,834.022,285201,76.1108,23.1957,0.267264,52.6478,99.0178,23.1887,0.106906,75.7222,175.129,0,0,0
700,4,0,284,1,1,1,4336.42,18652.5,926.143,46.3844,0.6264,833.906,285201,94.6443,23.1957,0.267264,71.1813,58.5786,23.1887,0.0718272,35.3181,153.223,0,0,0
700,4,0,285,1,1,1,4321.74,18637.1,926.278,46.3844,0.6264,834.041,285198,90.9643,23.1957,0.267264,67.5013,94.061,23.1887,0.0718272,70.8005,185.025,0,0,0
700,4,0,286,1,1,1,4314.7,18629.5,926.095,46.3844,0.482746,834.002,285202,73.6472,23.1957,0.267264,50.1843,99.1054,23.1887,0.0718272,75.8449,172.753,0,0,0
700,4,0,287,1,1,1,4328.01,18646.4,926.15,46.3844,0.517824,834.022,285201,81.7382,23.1957,0.267264,58.2752,90.2031,23.1887,0.106906,66.9075,171.941,0,0,0
700,4,0,288,1,1,1,4318.84,18634.9,926.174,46.3844,0.482746,834.081,285200,98.9758,23.1957,0.267264,75.5128,96.6274,23.1887,0.0718272,73.3669,195.603,0,0,0
700,4,0,289,1,1,1,4317.83,18651.2,926.135,46.3844,0.482746,834.041,285201,96.5628,23.1957,0.267264,73.0998,78.4766,23.1887,0.0718272,55.2161,175.039,0,0,0
700,4,0,290,1,1,1,4319.45,18635.5,926.155,46.3844,0.482746,834.061,285201,97.6078,23.1957,0.267264,74.1448,58.8981,23.1887,0.0718272,35.6376,156.506,0,0,0
700,4,0,291,1,1,1,4317.58,18638.9,926.115,46.3844,0.482746,834.022,285201,95.5683,23.1957,0.267264,72.1054,56.3353,23.1887,0.0718272,33.0748,151.904,0,0,0
700,4,0,292,1,1,1,4323.62,18672.2,926.27,46.3844,0.678182,833.982,285198,75.1836,23.1957,0.462701,51.5252,41.8319,23.1887,0.0718272,18.5714,117.016,0,0,0
700,4,0,293,1,0,0,-1,-1,903.666,23.1957,0.267264,834.274,285202,-1,-1,-1,-1,-1,-1,-1,-1,-1,0,0,0
700,4,0,294,1,1,1,4317.64,18655,926.138,46.3844,0.908698,833.619,285200,94.1923,23.1957,0.658138,70.3385,85.3193,23.1887,0.106906,62.0238,179.512,0,0,0
700,4,0,295,1,1,1,4326.63,18652,926.155,46.3844,0.482746,834.061,285201,91.3631,23.1957,0.267264,67.9002,94.8587,23.1887,0.0718272,71.5982,186.222,0,0,0
700,4,0,296,1,1,1,4326.09,18650.9,926.155,46.3844,0.482746,834.061,285201,100.862,23.1957,0.267264,77.3988,59.5893,23.1887,0.0718272,36.3288,160.451,0,0,0
700,4,0,297,1,1,1,4330.89,18647.9,926.174,46.3844,0.482746,834.081,285200,85.0265,23.1957,0.267264,61.5635,90.1085,23.1887,0.0718272,66.848,175.135,0,0,0
700,4,0,298,1,1,1,4323.7,18637.2,926.135,46.3844,0.482746,834.041,285201,59.0265,23.1957,0.267264,35.5636,86.6397,23.1887,0.0718272,63.3792,145.666,0,0,0
700,4,0,299,1,1,1,4339.78,18677.3,926.067,46.3844,0.517824,833.939,285202,76.5638,23.1957,0.267264,53.1008,98.359,23.1887,0.106906,75.0634,174.923,0,0,0
700,4,0,300,1,1,1,4317.52,24633.6,931.743,52.1883,0.731635,833.772,285200,156.458,28.9996,0.516154,126.502,31.6564,23.1887,0.0718272,8.39593,188.115,0,0,0
700,4,0,301,1,1,1,4315.98,18644.8,926.155,46.3844,0.482746,834.061,285201,93.4784,23.1957,0.267264,70.0154,92.1407,23.1887,0.0718272,68.8802,185.619,0,0,0
700,4,0,302,1,1,1,4324.55,18640,926.135,46.3844,0.482746,834.041,285201,58.2505,23.1957,0.267264,34.7875,82.9813,23.1887,0.0718272,59.7208,141.232,0,0,0
700,4,0,303,1,1,1,4323.94,18664.7,926.135,46.3844,0.482746,834.041,285201,98.9902,23.1957,0.267264,75.5273,89.8667,23.1887,0.0718272,66.6061,188.857,0,0,0
700,4,0,304,1,1,1,4326.73,18664.3,925.995,46.3844,0.517824,833.866,285203,87.1172,23.1957,0.302342,63.6192,56.772,23.1887,0.0718272,33.5115,143.889,0,0,0
700,4,0,305,1,1,1,4317.58,18638.3,926.155,46.3844,0.482746,834.061,285201,95.2669,23.1957,0.267264,71.804,58.2285,23.1887,0.0718272,34.968,153.495,0,0,0
700,4,0,306,1,1,1,4317.58,18634.2,926.075,46.3844,0.482746,833.982,285202,91.4119,23.1957,0.267264,67.9489,97.4107,23.1887,0.0718272,74.1502,188.823,0,0,0
700,4,0,307,1,1,1,4325.06,18683.2,926.155,46.3844,0.482746,834.061,285201,91.6862,23.1957,0.267264,68.2232,62.8073,23.1887,0.0718272,39.5468,154.493,0,0,0
700,4,0,308,1,1,1,4318.98,18634,926.135,46.3844,0.482746,834.041,285201,82.5268,23.1957,0.267264,59.0639,97.0371,23.1887,0.0718272,73.7766,179.564,0,0,0
700,4,0,309,1,1,1,4316.94,18640.6,926.155,46.3844,0.482746,834.061,285201,96.2361,23.1957,0.267264,72.7731,57.2142,23.1887,0.0718272,33.9537,153.45,0,0,0
700,4,0,310,1,1,1,4321.45,18635.6,926.056,46.3844,0.482746,833.962,285202,61.8691,23.1957,0.267264,38.4061,83.1817,23.1887,0.0718272,59.9212,145.051,0,0,0
700,4,0,311,1,1,1,4314.06,18668.5,926.135,46.3844,0.482746,834.041,285201,97.3966,23.1957,0.267264,73.9336,79.7526,23.1887,0.0718272,56.492,177.149,0,0,0
700,4,0,312,1,1,1,4315.98,18628.9,926.135,46.3844,0.482746,834.041,285201,82.0377,23.1957,0.267264,58.5748,99.1163,23.1887,0.0718272,75.8557,181.154,0,0,0
700,4,0,313,1,1,1,4316.74,18652,926.25,46.3844,0.678182,833.962,285199,87.9273,23.1957,0.462701,64.2689,94.1603,23.1887,0.0718272,70.8998,182.088,0,0,0
700,4,0,314,1,1,1,4318.51,18653.6,926.095,46.3844,0.482746,834.002,285202,91.217,23.1957,0.267264,67.754,94.2415,23.1887,0.0718272,70.981,185.458,0,0,0
700,4,0,315,1,1,1,4316.62,18651.2,926.119,46.3844,0.678182,833.83,285201,94.6249,23.1957,0.462701,70.9665,97.519,23.1887,0.0718272,74.2585,192.144,0,0,0
700,4,0,316,1,1,1,4318.98,18639.7,926.174,46.3844,0.482746,834.081,285200,97.3569,23.1957,0.267264,73.8939,86.5927,23.1887,0.0718272,63.3322,183.95,0,0,0
700,4,0,317,1,1,1,4347.65,18673.2,926.167,46.3844,0.552902,834.003,285200,62.0027,23.1957,0.267264,38.5397,96.2338,23.1887,0.141984,72.9031,158.236,0,0,0
700,4,0,318,1,1,1,4314.7,18628.6,926.095,46.3844,0.482746,834.002,285202,82.2922,23.1957,0.267264,58.8293,90.7781,23.1887,0.0718272,67.5176,173.07,0,0,0
700,4,0,319,1,1,1,4317.58,18646,926.155,46.3844,0.482746,834.061,285201,96.4401,23.1957,0.267264,72.9771,60.5296,23.1887,0.0718272,37.2691,156.97,0,0,0
700,4,0,320,1,1,1,4338.25,18673.2,926.135,46.3844,0.482746,834.041,285201,83.7307,23.1957,0.267264,60.2677,92.7038,23.1887,0.0718272,69.4433,176.434,0,0,0
700,4,0,321,1,1,1,4316.97,18636.1,926.115,46.3844,0.482746,834.022,285201,96.4653,23.1957,0.267264,73.0024,86.9447,23.1887,0.0718272,63.6842,183.41,0,0,0
700,4,0,322,1,0,0,-1,-1,903.705,23.1957,0.267264,834.314,285201,-1,-1,-1,-1,-1,-1,-1,-1,-1,0,0,0
700,4,0,323,1,1,1,4326.86,18649.9,926.29,46.3844,0.678182,834.002,285198,57.3251,23.1957,0.462701,33.6667,96.4614,23.1887,0.0718272,73.2009,153.787,0,0,0
700,4,0,324,1,1,1,4319.24,18638.9,926.115,46.3844,0.482746,834.022,285201,57.8137,23.1957,0.267264,34.3508,81.3408,23.1887,0.0718272,58.0803,139.154,0,0,0
700,4,0,325,1,1,1,4322.73,18668,926.155,46.3844,0.482746,834.061,285201,100.362,23.1957,0.267264,76.8989,90.4045,23.1887,0.0718272,67.144,190.766,0,0,0
700,4,0,326,1,1,1,4321.86,18638.5,926.135,46.3844,0.482746,834.041,285201,98.4614,23.1957,0.267264,74.9985,87.5908,23.1887,0.0718272,64.3303,186.052,0,0,0
700,4,0,327,1,1,1,4319.62,18636.7,926.155,46.3844,0.482746,834.061,285201,55.1968,23.1957,0.267264,31.7338,91.8555,23.1887,0.0718272,68.595,147.052,0,0,0
700,4,0,328,1,1,1,4315.34,18631.7,926.135,46.3844,0.482746,834.041,285201,82.6965,23.1957,0.267264,59.2335,90.8828,23.1887,0.0718272,67.6222,173.579,0,0,0
700,4,0,329,1,1,1,4333.37,18651.7,926.174,46.3844,0.482746,834.081,285200,97.689,23.1957,0.267264,74.226,90.3124,23.1887,0.0718272,67.0519,188.001,0,0,0
700,4,0,330,1,1,1,4338.29,18681.1,926.08,46.3844,0.696557,833.772,285201,98.7427,23.1957,0.337421,75.2096,87.7767,23.1887,0.0718272,64.5162,186.519,0,0,0
700,4,0,331,1,1,1,4318.37,18640.4,926.095,46.3844,0.482746,834.002,285202,95.3698,23.1957,0.267264,71.9068,60.5585,23.1887,0.0718272,37.298,155.928,0,0,0
700,4,0,332,1,1,1,4338.06,18666.8,926.278,46.3844,0.6264,834.041,285198,100.138,23.1957,0.267264,76.6751,90.3937,23.1887,0.0718272,67.1331,190.532,0,0,0
700,4,0,333,1,1,1,4344.21,18660.3,926.155,46.3844,0.482746,834.061,285201,98.6888,23.1957,0.267264,75.2259,87.7568,23.1887,0.0718272,64.4963,186.446,0,0,0
700,4,0,334,1,1,1,4317.58,18630.5,926.155,46.3844,0.482746,834.061,285201,69.3446,23.1957,0.267264,45.8816,97.427,23.1887,0.0718272,74.1665,166.772,0,0,0
700,4,0,335,1,1,1,4318.22,18660.7,926.155,46.3844,0.482746,834.061,285201,93.8249,23.1957,0.267264,70.3619,94.052,23.1887,0.0718272,70.7915,187.877,0,0,0
700,4,0,336,1,1,1,4320.31,18643.6,926.155,46.3844,0.482746,834.061,285201,92.1085,23.1957,0.267264,68.6456,93.5845,23.1887,0.0718272,70.324,185.693,0,0,0
700,4,0,337,1,1,1,4334.94,18669.9,926.155,46.3844,0.482746,834.061,285201,84.1367,23.1957,0.267264,60.6738,96.4036,23.1887,0.0718272,73.1431,180.54,0,0,0
700,4,0,338,1,1,1,4321.03,24681.7,931.893,52.1883,0.766714,833.888,285198,201.165,28.9996,0.516154,171.331,97.7544,23.1887,0.106906,74.4588,298.919,0,0,0
700,4,0,339,1,1,1,4337.01,18653.9,926.056,46.3844,0.482746,833.962,285202,58.0429,23.1957,0.267264,34.58,86.5115,23.1887,0.0718272,63.251,144.554,0,0,0
700,4,0,340,1,1,1,4320.17,18637.3,926.155,46.3844,0.482746,834.061,285201,61.1093,23.1957,0.267264,37.6463,98.333,23.1887,0.0718272,75.0725,159.442,0,0,0
700,4,0,341,1,1,1,4324.1,18641.9,926.075,46.3844,0.482746,833.982,285202,97.2883,23.1957,0.267264,73.8253,58.3187,23.1887,0.0718272,35.0582,155.607,0,0,0
700,4,0,342,1,1,1,4317.38,18645.9,926.159,46.3844,0.678182,833.87,285200,82.0888,23.1957,0.462701,58.4304,90.6102,23.1887,0.0718272,67.3497,172.699,0,0,0
700,4,0,343,1,1,1,4327.72,18646.5,926.143,46.3844,0.6264,833.906,285201,99.7952,23.1957,0.267264,76.3322,95.6528,23.1887,0.0718272,72.3923,195.448,0,0,0
700,4,0,344,1,1,1,4315.98,18649.8,926.152,46.3844,0.517824,834.023,285201,95.0511,23.1957,0.302342,71.5531,56.8262,23.1887,0.0718272,33.5657,151.877,0,0,0
700,4,0,345,1,1,1,4316.3,18649.4,926.135,46.3844,0.482746,834.041,285201,96.6584,23.1957,0.267264,73.1955,61.0314,23.1887,0.0718272,37.7709,157.69,0,0,0
700,4,0,346,1,1,1,4321.55,18649.6,926.095,46.3844,0.482746,834.002,285202,89.8056,23.1957,0.267264,66.3426,98.3239,23.1887,0.0718272,75.0634,188.13,0,0,0
700,4,0,347,1,1,1,4314.7,18645.5,926.155,46.3844,0.482746,834.061,285201,86.0246,23.1957,0.267264,62.5616,57.1619,23.1887,0.0718272,33.9014,143.186,0,0,0
700,4,0,348,1,1,1,4322.35,18635.9,926.155,46.3844,0.482746,834.061,285201,90.32,23.1957,0.267264,66.857,57.873,23.1887,0.0718272,34.6125,148.193,0,0,0
700,4,0,349,1,1,1,4314.7,18626,926.155,46.3844,0.482746,834.061,285201,84.9218,23.1957,0.267264,61.4589,96.5246,23.1887,0.0718272,73.2641,181.446,0,0,0
700,4,0,350,1,1,1,4317.26,18644,926.112,46.3844,0.517824,833.984,285201,81.174,23.1957,0.302342,57.676,45.539,23.1887,0.0718272,22.2785,126.713,0,0,0
700,4,0,351,1,1,1,4322.34,18643.3,926.056,46.3844,0.482746,833.962,285202,94.7724,23.1957,0.267264,71.3095,59.2879,23.1887,0.0718272,36.0274,154.06,0,0,0
700,4,0,352,1,1,1,4317.9,18634.6,926.135,46.3844,0.482746,834.041,285201,56.655,23.1957,0.267264,33.1921,87.4338,23.1887,0.0718272,64.1733,144.089,0,0,0
700,4,0,353,1,1,1,4319.65,18636.1,926.135,46.3844,0.482746,834.041,285201,60.4866,23.1957,0.267264,37.0237,98.1741,23.1887,0.0718272,74.9136,158.661,0,0,0
700,4,0,354,1,1,1,4315.02,18653,926.09,46.3844,0.552902,833.926,285201,89.5635,23.1957,0.337421,66.0304,94.727,23.1887,0.0718272,71.4665,184.291,0,0,0
700,4,0,355,1,1,1,4321.07,18639.8,926.155,46.3844,0.482746,834.061,285201,86.7501,23.1957,0.267264,63.2871,97.0245,23.1887,0.0718272,73.764,183.775,0,0,0
700,4,0,356,1,1,1,4317.94,18643.5,926.155,46.3844,0.482746,834.061,285201,56.9348,23.1957,0.267264,33.4718,91.8952,23.1887,0.0718272,68.6347,148.83,0,0,0
700,4,0,357,1,1,1,4313.1,18626,926.155,46.3844,0.482746,834.061,285201,82.59,23.1957,0.267264,59.1271,90.1825,23.1887,0.0718272,66.922,172.773,0,0,0
700,4,0,358,1,1,1,4357.08,18671.9,926.19,46.3844,0.517824,834.061,285200,59.7358,23.1957,0.267264,36.2729,99.8967,23.1887,0.106906,76.6011,159.633,0,0,0
700,4,0,359,1,1,1,4327.44,18664.3,926.112,46.3844,0.517824,833.984,285201,82.1847,23.1957,0.302342,58.6867,98.4918,23.1887,0.0718272,75.2313,180.677,0,0,0
700,4,0,360,1,1,1,4356.47,18697.1,926.155,46.3844,0.482746,834.061,285201,94.1913,23.1957,0.267264,70.7283,67.1045,23.1887,0.0718272,43.844,161.296,0,0,0
700,4,0,361,1,1,1,4337.96,18652.8,926.056,46.3844,0.482746,833.962,285202,83.1549,23.1957,0.267264,59.692,90.8196,23.1887,0.0718272,67.5591,173.975,0,0,0
700,4,0,362,1,1,1,4318.98,18632.5,926.155,46.3844,0.482746,834.061,285201,98.9162,23.1957,0.267264,75.4533,91.5235,23.1887,0.0718272,68.263,190.44,0,0,0
700,4,0,363,1,1,1,4339.47,18661.6,926.175,46.3844,0.6264,833.939,285200,86.1166,23.1957,0.267264,62.6536,96.9631,23.1887,0.0718272,73.7026,183.08,0,0,0
700,4,0,364,1,1,1,4325.49,30643.9,937.506,57.9922,1.17596,833.464,285197,312.733,34.8035,0.96048,276.158,94.4111,23.1887,0.0718272,71.1506,407.144,0,0,0
700,4,0,365,1,1,1,4332.42,18646,926.158,46.3844,0.661478,833.886,285200,56.2814,23.1957,0.267264,32.8185,94.2838,23.1887,0.106906,70.9882,150.565,0,0,0
700,4,0,366,1,1,1,4329.45,18658.3,926.191,46.3844,0.517824,834.063,285200,97.022,23.1957,0.302342,73.5239,98.2499,23.1887,0.0718272,74.9894,195.272,0,0,0
700,4,0,367,1,1,2,10318.6,24654.6,948.615,69.5741,0.554573,833.962,285201,91.2448,23.1957,0.302342,67.7468,174.747,46.3784,0.108576,128.26,265.992,1,0,0
700,4,0,368,1,1,1,4316.94,18635.1,926.155,46.3844,0.482746,834.061,285201,97.2721,23.1957,0.267264,73.8091,58.474,23.1887,0.0718272,35.2135,155.746,0,0,0
700,4,0,369,1,1,1,4328.96,18656,926.174,46.3844,0.482746,834.081,285200,97.7918,23.1957,0.267264,74.3289,86.0098,23.1887,0.0718272,62.7493,183.802,0,0,0
700,4,0,370,1,1,1,4335.2,18655.9,926.075,46.3844,0.482746,833.982,285202,86.4541,23.1957,0.267264,62.9911,97.6183,23.1887,0.0718272,74.3578,184.072,0,0,0
700,4,0,371,1,1,1,4335.64,18668.6,926.143,46.3844,0.6264,833.906,285201,90.8831,23.1957,0.267264,67.4201,97.9612,23.1887,0.0718272,74.7007,188.844,0,0,0
700,4,0,372,1,1,1,4318.6,18633.7,926.095,46.3844,0.482746,834.002,285202,92.7709,23.1957,0.267264,69.3079,61.3851,23.1887,0.0718272,38.1246,154.156,0,0,0
700,4,0,373,1,1,1,4329.03,18642.6,926.095,46.3844,0.482746,834.002,285202,76.8363,23.1957,0.267264,53.3734,97.6652,23.1887,0.0718272,74.4047,174.502,0,0,0
700,4,0,374,1,1,1,4318.65,18635.4,926.174,46.3844,0.482746,834.081,285200,69.433,23.1957,0.267264,45.9701,97.75,23.1887,0.0718272,74.4895,167.183,0,0,0
700,4,0,375,1,1,1,4317.19,18631,926.174,46.3844,0.482746,834.081,285200,55.3177,23.1957,0.267264,31.8547,91.8303,23.1887,0.0718272,68.5698,147.148,0,0,0
700,4,0,376,1,1,1,4338.27,18657.6,926.135,46.3844,0.482746,834.041,285201,81.2761,23.1957,0.267264,57.8132,98.1615,23.1887,0.0718272,74.901,179.438,0,0,0
700,4,0,377,1,1,1,4317.58,18629.8,926.095,46.3844,0.482746,834.002,285202,61.3223,23.1957,0.267264,37.8593,98.5333,23.1887,0.0718272,75.2728,159.856,0,0,0
700,4,0,378,1,1,1,4315.34,18628.2,926.135,46.3844,0.482746,834.041,285201,59.9614,23.1957,0.267264,36.4985,95.5355,23.1887,0.0718272,72.275,155.497,0,0,0
700,4,0,379,1,1,1,4316.3,18642.7,926.135,46.3844,0.482746,834.041,285201,87.3312,23.1957,0.267264,63.8683,57.3586,23.1887,0.0718272,34.0981,144.69,0,0,0
700,4,0,380,1,1,1,4333.61,18653.3,926.155,46.3844,0.482746,834.061,285201,60.2105,23.1957,0.267264,36.7475,96.4704,23.1887,0.0718272,73.2099,156.681,0,0,0
700,4,0,381,1,1,1,4326.59,18673.2,926.23,46.3844,0.713261,833.906,285199,80.1242,23.1957,0.497779,56.4307,44.947,23.1887,0.0718272,21.6865,125.071,0,0,0
700,4,0,382,1,1,1,4326,18641.1,926.174,46.3844,0.482746,834.081,285200,59.0933,23.1957,0.267264,35.6304,82.7756,23.1887,0.0718272,59.5151,141.869,0,0,0
700,4,0,383,1,1,1,4320.95,18644,926.095,46.3844,0.482746,834.002,285202,93.8827,23.1957,0.267264,70.4197,93.617,23.1887,0.0718272,70.3565,187.5,0,0,0
700,4,0,384,1,1,1,4317.64,18643.6,926.155,46.3844,0.482746,834.061,285201,86.5191,23.1957,0.267264,63.0561,97.1418,23.1887,0.0718272,73.8813,183.661,0,0,0
700,4,0,385,1,1,1,4325.77,18704.6,926.33,46.3844,0.678182,834.041,285197,93.0295,23.1957,0.462701,69.3711,93.1009,23.1887,0.0718272,69.8403,186.13,0,0,0
700,4,0,386,1,1,1,4314.7,18636.5,926.155,46.3844,0.482746,834.061,285201,65.5274,23.1957,0.267264,42.0645,37.0925,23.1887,0.0718272,13.832,102.62,0,0,0
700,4,0,387,1,1,1,4319.56,18648.5,926.135,46.3844,0.482746,834.041,285201,60.3657,23.1957,0.267264,36.9027,96.2376,23.1887,0.0718272,72.9771,156.603,0,0,0
700,4,0,388,1,1,1,4317.26,18635.1,926.095,46.3844,0.482746,834.002,285202,98.3405,23.1957,0.267264,74.8775,84.2664,23.1887,0.0718272,61.0058,182.607,0,0,0
700,4,0,389,1,1,1,4340.96,18654.2,926.087,46.3844,0.6264,833.85,285202,59.3857,23.1957,0.267264,35.9227,98.943,23.1887,0.0718272,75.6825,158.329,0,0,0
700,4,0,390,1,1,1,4333.14,18665.1,926.11,46.3844,0.517824,833.982,285201,98.9722,23.1957,0.267264,75.5092,90.9178,23.1887,0.106906,67.6222,189.89,0,0,0
700,4,0,391,1,1,1,4334.12,18649.2,926.056,46.3844,0.482746,833.962,285202,96.801,23.1957,0.267264,73.338,84.14,23.1887,0.0718272,60.8795,180.941,0,0,0
700,4,0,392,1,1,1,4324.49,18652,926.29,46.3844,0.678182,834.002,285198,56.8794,23.1957,0.462701,33.221,92.1281,23.1887,0.0718272,68.8676,149.007,0,0,0
700,4,0,393,1,1,1,4322.25,18634.8,926.135,46.3844,0.482746,834.041,285201,84.523,23.1957,0.267264,61.06,89.5634,23.1887,0.0718272,66.3029,174.086,0,0,0
700,4,0,394,1,1,1,4321.01,18648.6,926.095,46.3844,0.482746,834.002,285202,94.5775,23.1957,0.267264,71.1145,84.4883,23.1887,0.0718272,61.2278,179.066,0,0,0
700,4,0,395,1,1,1,4324.58,18645.6,926.115,46.3844,0.482746,834.022,285201,96.6873,23.1957,0.267264,73.2243,85.0153,23.1887,0.0718272,61.7548,181.703,0,0,0
700,4,0,396,1,1,1,4319.82,18632.4,926.056,46.3844,0.482746,833.962,285202,99.0877,23.1957,0.267264,75.6247,57.2756,23.1887,0.0718272,34.0151,156.363,0,0,0
700,4,0,397,1,1,1,4327.72,18642.1,926.258,46.3844,0.6264,834.022,285198,96.4563,23.1957,0.267264,72.9933,59.1706,23.1887,0.0718272,35.9101,155.627,0,0,0
700,4,0,398,1,1,1,4321.61,18636.1,926.155,46.3844,0.482746,834.061,285201,74.6579,23.1957,0.267264,51.195,41.415,23.1887,0.0718272,18.1545,116.073,0,0,0
700,4,0,399,1,1,1,4315.98,18630.8,926.155,46.3844,0.482746,834.061,285201,97.0284,23.1957,0.267264,73.5655,94.301,23.1887,0.0718272,71.0405,191.329,0,0,0
700,4,0,400,1,1,1,4319.24,18641.2,926.074,46.3844,0.517824,833.946,285202,89.3129,23.1957,0.267264,65.8499,59.5288,23.1887,0.106906,36.2332,148.842,0,0,0
700,4,0,401,1,1,1,4320.65,18651.5,926.095,46.3844,0.482746,834.002,285202,71.5591,23.1957,0.267264,48.0961,38.4407,23.1887,0.0718272,15.1802,110,0,0,0
700,4,0,402,1,1,1,4313.74,18632.1,926.135,46.3844,0.482746,834.041,285201,97.2883,23.1957,0.267264,73.8253,88.1449,23.1887,0.0718272,64.8844,185.433,0,0,0
700,4,0,403,1,1,1,4316.3,18632.1,926.135,46.3844,0.482746,834.041,285201,93.4387,23.1957,0.267264,69.9757,88.4499,23.1887,0.0718272,65.1894,181.889,0,0,0
700,4,0,404,1,1,1,4323.21,18642.5,926.136,46.3844,0.6264,833.899,285201,98.7303,23.1957,0.267264,75.2674,87.894,23.1887,0.0718272,64.6335,186.624,0,0,0
700,4,0,405,1,1,1,4316.36,18636.7,926.135,46.3844,0.482746,834.041,285201,59.281,23.1957,0.267264,35.8181,95.7665,23.1887,0.0718272,72.506,155.048,0,0,0
700,4,0,406,1,1,1,4326.49,18642.9,926.135,46.3844,0.482746,834.041,285201,62.1182,23.1957,0.267264,38.6552,83.0247,23.1887,0.0718272,59.7641,145.143,0,0,0
700,4,0,407,1,1,1,4314.7,18635.8,926.155,46.3844,0.482746,834.061,285201,55.1516,23.1957,0.267264,31.6887,86.7859,23.1887,0.0718272,63.5254,141.937,0,0,0
700,4,0,408,1,1,1,4316.3,18633.3,926.135,46.3844,0.482746,834.041,285201,94.5576,23.1957,0.267264,71.0947,54.5142,23.1887,0.0718272,31.2537,149.072,0,0,0
700,4,0,409,1,1,1,4335.43,18658.4,926.15,46.3844,0.517824,834.022,285201,61.2039,23.1957,0.302342,37.7059,82.6944,23.1887,0.0718272,59.4339,143.898,0,0,0
700,4,0,410,1,1,1,4319.17,18646.2,926.075,46.3844,0.482746,833.982,285202,94.8969,23.1957,0.267264,71.434,56.476,23.1887,0.0718272,33.2155,151.373,0,0,0
700,4,0,411,1,1,1,4315.34,18664.6,926.314,46.3844,0.873619,833.83,285197,95.2698,23.1957,0.658138,71.4159,58.9649,23.1887,0.0718272,35.7044,154.235,0,0,0
700,4,0,412,1,1,1,4333.7,18648.2,926.056,46.3844,0.482746,833.962,285202,60.3693,23.1957,0.267264,36.9064,96.909,23.1887,0.0718272,73.6485,157.278,0,0,0
700,4,0,413,1,1,1,4315.76,18648.8,926.115,46.3844,0.482746,834.022,285201,98.5282,23.1957,0.267264,75.0652,89.5508,23.1887,0.0718272,66.2903,188.079,0,0,0
700,4,0,414,1,1,1,4329.06,18656.4,926.179,46.3844,0.6264,833.942,285200,91.2224,23.1957,0.267264,67.7594,94.4111,23.1887,0.0718272,71.1506,185.634,0,0,0
700,4,0,415,1,1,1,4322.57,18676.4,926.146,46.3844,0.587981,833.948,285200,98.4078,23.1957,0.372499,74.8396,58.2375,23.1887,0.0718272,34.977,156.645,0,0,0
700,4,0,416,1,1,1,4328.94,18649.2,926.155,46.3844,0.482746,834.061,285201,62.8058,23.1957,0.267264,39.3428,98.4701,23.1887,0.0718272,75.2096,161.276,0,0,0
700,4,0,417,1,1,1,4320.23,18632.8,926.174,46.3844,0.482746,834.081,285200,85.6492,23.1957,0.267264,62.1862,90.5128,23.1887,0.0718272,67.2523,176.162,0,0,0
700,4,0,418,1,1,1,4321.74,18636.9,926.135,46.3844,0.482746,834.041,285201,59.1908,23.1957,0.267264,35.7278,99.8039,23.1887,0.0718272,76.5434,158.995,0,0,0
700,4,0,419,1,1,1,4330.73,18658.6,926.091,46.3844,0.517824,833.962,285202,97.8991,23.1957,0.302342,74.4011,90.0742,23.1887,0.0718272,66.8137,187.973,0,0,0
700,4,0,420,1,1,1,4316.94,18633.9,926.174,46.3844,0.482746,834.081,285200,99.862,23.1957,0.267264,76.399,85.046,23.1887,0.0718272,61.7855,184.908,0,0,0
700,4,0,421,1,1,1,4315.52,24631.3,931.759,52.1883,0.536198,833.984,285201,181.119,28.9996,0.320717,151.43,95.2251,23.1887,0.0718272,71.9646,276.344,0,0,0
700,4,0,422,1,1,1,4317.26,18659.6,926.135,46.3844,0.482746,834.041,285201,95.0431,23.1957,0.267264,71.5802,84.1563,23.1887,0.0718272,60.8958,179.199,0,0,0
700,4,0,423,1,1,1,4322.97,18642.1,926.254,46.3844,0.678182,833.966,285198,61.4329,23.1957,0.462701,37.7745,98.6344,23.1887,0.0718272,75.3739,160.067,0,0,0
700,4,0,424,1,1,1,4323.53,18659.2,926.075,46.3844,0.482746,833.982,285202,95.2868,23.1957,0.267264,71.8238,59.2374,23.1887,0.0718272,35.9769,154.524,0,0,0
700,4,0,425,1,1,1,4321.03,18652.9,926.155,46.3844,0.482746,834.061,285201,101.248,23.1957,0.267264,77.7851,59.472,23.1887,0.0718272,36.2115,160.72,0,0,0
700,4,0,426,1,1,1,4324.28,18680.5,926.012,46.3844,0.552902,833.848,285203,98.6319,23.1957,0.302342,75.1338,86.7451,23.1887,0.106906,63.4495,185.377,0,0,0
700,4,0,427,1,1,1,4325.13,18650.7,926.209,46.3844,0.517824,834.081,285199,80.3655,23.1957,0.302342,56.8674,99.5909,23.1887,0.0718272,76.3304,179.956,0,0,0
700,4,0,428,1,1,1,4319.67,18646.4,926.27,46.3844,0.678182,833.982,285198,61.6043,23.1957,0.462701,37.9459,96.3802,23.1887,0.0718272,73.1197,157.984,0,0,0
700,4,0,429,1,1,1,4324.1,18658.6,926.174,46.3844,0.482746,834.081,285200,83.469,23.1957,0.267264,60.006,47.9881,23.1887,0.0718272,24.7276,131.457,0,0,0
700,4,0,430,1,1,1,4320.72,18653.7,926.115,46.3844,0.482746,834.022,285201,98.2015,23.1957,0.267264,74.7386,58.9179,23.1887,0.0718272,35.6574,157.119,0,0,0
700,4,0,431,1,1,1,4354.91,18670,926.273,46.3844,0.661478,834.002,285198,82.3789,23.1957,0.267264,58.9159,91.0243,23.1887,0.106906,67.7287,173.403,0,0,0
700,4,0,432,1,1,1,4315.98,18630.8,926.056,46.3844,0.482746,833.962,285202,91.6646,23.1957,0.267264,68.2016,93.673,23.1887,0.0718272,70.4125,185.338,0,0,0
700,4,0,433,1,1,1,4315.34,24629.2,931.746,52.1883,0.696557,833.81,285201,152.532,28.9996,0.481075,122.6,30.6584,23.1887,0.0718272,7.39788,183.191,0,0,0
700,4,0,434,1,1,1,4323.98,18666,926.095,46.3844,0.482746,834.002,285202,89.6233,23.1957,0.267264,66.1604,59.611,23.1887,0.0718272,36.3505,149.234,0,0,0
700,4,0,435,1,1,1,4329.78,18687.3,926.506,46.3844,0.873619,834.023,285194,90.5683,23.1957,0.658138,66.7144,52.1626,23.1887,0.0718272,28.9021,142.731,0,0,0
700,4,0,436,1,1,1,4323.67,18640.1,926.135,46.3844,0.482746,834.041,285201,99.64,23.1957,0.267264,76.177,97.2862,23.1887,0.0718272,74.0257,196.926,0,0,0
700,4,0,437,1,1,1,4316.94,18630.5,926.115,46.3844,0.482746,834.022,285201,69.0558,23.1957,0.267264,45.5929,97.9738,23.1887,0.0718272,74.7133,167.03,0,0,0
700,4,0,438,1,1,1,4317.26,18632.1,926.095,46.3844,0.482746,834.002,285202,55.3718,23.1957,0.267264,31.9089,91.417,23.1887,0.0718272,68.1565,146.789,0,0,0
700,4,0,439,1,1,1,4313.42,18630.8,926.155,46.3844,0.482746,834.061,285201,89.9085,23.1957,0.267264,66.4455,93.774,23.1887,0.0718272,70.5135,183.683,0,0,0
700,4,0,440,1,1,1,4345,18669.5,926.258,46.3844,0.6264,834.022,285198,59.0933,23.1957,0.267264,35.6304,82.7395,23.1887,0.0718272,59.479,141.833,0,0,0
700,4,0,441,1,1,1,4315.34,18634.3,926.056,46.3844,0.482746,833.962,285202,95.7398,23.1957,0.267264,72.2768,59.1129,23.1887,0.0718272,35.8524,154.853,0,0,0
700,4,0,442,1,1,1,4318.54,18634.4,926.095,46.3844,0.482746,834.002,285202,60.9162,23.1957,0.267264,37.4532,96.6563,23.1887,0.0718272,73.3958,157.572,0,0,0
700,4,0,443,1,0,0,-1,-1,903.765,23.1957,0.462701,834.179,285200,-1,-1,-1,-1,-1,-1,-1,-1,-1,0,0,0
700,4,0,444,1,1,1,4315.02,18631.7,926.155,46.3844,0.482746,834.061,285201,87.1092,23.1957,0.267264,63.6463,56.7107,23.1887,0.0718272,33.4502,143.82,0,0,0
700,4,0,445,1,1,1,4324.6,18639.4,926.155,46.3844,0.482746,834.061,285201,96.4419,23.1957,0.267264,72.9789,98.2084,23.1887,0.0718272,74.9479,194.65,0,0,0
700,4,0,446,1,1,1,4314.06,18629.2,926.174,46.3844,0.482746,834.081,285200,72.4579,23.1957,0.267264,48.9949,97.5136,23.1887,0.0718272,74.2531,169.971,0,0,0
700,4,0,447,1,1,1,4324.42,18682,926.155,46.3844,0.482746,834.061,285201,100.199,23.1957,0.267264,76.7365,90.4352,23.1887,0.0718272,67.1747,190.635,0,0,0
700,4,0,448,1,1,1,4327.85,18671,926.31,46.3844,0.678182,834.022,285197,95.54,23.1957,0.462701,71.8816,62.1413,23.1887,0.0718272,38.8808,157.681,0,0,0
700,4,0,449,1,1,1,4325.77,18639.6,926.173,46.3844,0.770054,833.792,285200,97.1566,23.1957,0.267264,73.6936,95.4579,23.1887,0.0718272,72.1974,192.614,0,0,0
700,4,0,450,1,1,1,4323.02,18640.7,926.152,46.3844,0.517824,834.023,285201,98.4333,23.1957,0.302342,74.9353,91.1156,23.1887,0.0718272,67.8551,189.549,0,0,0
700,4,0,451,1,1,1,4316.94,18631.2,926.155,46.3844,0.482746,834.061,285201,71.8605,23.1957,0.267264,48.3975,39.4387,23.1887,0.0718272,16.1782,111.299,0,0,0
700,4,0,452,1,1,1,4321.26,18634.5,926.174,46.3844,0.482746,834.081,285200,57.3806,23.1957,0.267264,33.9176,97.4197,23.1887,0.0718272,74.1592,154.8,0,0,0
700,4,0,453,1,1,1,4318.86,18640.9,926.132,46.3844,0.517824,834.003,285201,96.736,23.1957,0.267264,73.2731,60.5882,23.1887,0.106906,37.2926,157.324,0,0,0
700,4,0,454,1,1,1,4323.75,24638.9,931.766,52.1883,0.696557,833.83,285200,191.471,28.9996,0.481075,161.652,59.4702,23.1887,0.0718272,36.2097,250.942,0,0,0
700,4,0,455,1,1,1,4317.58,18633.1,926.115,46.3844,0.482746,834.022,285201,85.5066,23.1957,0.267264,62.0436,56.7468,23.1887,0.0718272,33.4863,142.253,0,0,0
700,4,0,456,1,1,1,4317.26,18632.1,926.135,46.3844,0.482746,834.041,285201,95.3969,23.1957,0.267264,71.9339,55.7487,23.1887,0.0718272,32.4882,151.146,0,0,0
700,4,0,457,1,1,1,4318.54,18645,926.112,46.3844,0.517824,833.984,285201,87.4168,23.1957,0.302342,63.9188,57.7087,23.1887,0.0718272,34.4482,145.126,0,0,0
700,4,0,458,1,1,1,4324.46,18664.3,926.155,46.3844,0.482746,834.061,285201,57.3878,23.1957,0.267264,33.9248,83.0427,23.1887,0.0718272,59.7822,140.43,0,0,0
700,4,0,459,1,1,2,10319.5,24637.6,948.639,69.5741,0.519494,834.022,285200,98.4939,23.1957,0.267264,75.031,120.84,46.3784,0.108576,74.2874,219.334,1,0,0
700,4,0,460,1,1,1,4318.22,18636.1,926.056,46.3844,0.482746,833.962,285202,85.2431,23.1957,0.267264,61.7801,49.5149,23.1887,0.0718272,26.2544,134.758,0,0,0
700,4,0,461,1,1,1,4314.38,18658.7,926.135,46.3844,0.482746,834.041,285201,101.45,23.1957,0.267264,77.9872,90.7456,23.1887,0.0718272,67.4851,192.196,0,0,0
700,4,0,462,1,0,0,-1,-1,903.685,23.1957,0.267264,834.294,285201,-1,-1,-1,-1,-1,-1,-1,-1,-1,0,0,0
700,4,0,463,1,1,1,4318.66,18633.8,926.155,46.3844,0.482746,834.061,285201,90.5799,23.1957,0.267264,67.1169,95.7178,23.1887,0.0718272,72.4573,186.298,0,0,0
700,4,0,464,1,1,1,4315.98,18634.2,926.155,46.3844,0.482746,834.061,285201,85.1276,23.1957,0.267264,61.6646,56.9507,23.1887,0.0718272,33.6902,142.078,0,0,0
700,4,0,465,1,1,1,4320.14,18645.8,926.155,46.3844,0.482746,834.061,285201,95.0251,23.1957,0.267264,71.5621,58.7573,23.1887,0.0718272,35.4968,153.782,0,0,0
700,4,0,466,1,1,2,10324.5,24649.4,948.6,69.5741,0.519494,833.982,285201,96.3985,23.1957,0.267264,72.9356,115.149,46.3784,0.108576,68.5788,211.548,1,0,0
700,4,0,467,1,1,1,4346.09,18663.4,926.135,46.3844,0.482746,834.041,285201,93.2419,23.1957,0.267264,69.779,66.6551,23.1887,0.0718272,43.3946,159.897,0,0,0
700,4,0,468,1,1,1,4323.49,18648.6,926.155,46.3844,0.482746,834.061,285201,54.0922,23.1957,0.267264,30.6293,87.829,23.1887,0.0718272,64.5685,141.921,0,0,0
700,4,0,469,1,1,1,4319.67,18637,926.174,46.3844,0.482746,834.081,285200,92.7691,23.1957,0.267264,69.3061,94.1801,23.1887,0.0718272,70.9196,186.949,0,0,0
700,4,0,470,1,0,0,-1,-1,903.606,23.1957,0.267264,834.215,285203,-1,-1,-1,-1,-1,-1,-1,-1,-1,0,0,0
700,4,0,471,1,1,1,4326.09,18659.3,926.056,46.3844,0.482746,833.962,285202,90.6845,23.1957,0.267264,67.2216,58.4667,23.1887,0.0718272,35.2062,149.151,0,0,0
700,4,0,472,1,1,1,4317.58,18648.8,926.135,46.3844,0.482746,834.041,285201,98.6257,23.1957,0.267264,75.1627,59.2771,23.1887,0.0718272,36.0166,157.903,0,0,0
700,4,0,473,1,1,1,4318.22,18642,926.095,46.3844,0.482746,834.002,285202,100.55,23.1957,0.267264,77.0866,58.7627,23.1887,0.0718272,35.5022,159.312,0,0,0
700,4,0,474,1,1,1,4318.02,18693.6,926.048,46.3844,0.552902,833.884,285202,99.1055,23.1957,0.337421,75.5724,98.3907,23.1887,0.0718272,75.1302,197.496,0,0,0
700,4,0,475,1,1,1,4339.93,18659.6,926.135,46.3844,0.482746,834.041,285201,96.7956,23.1957,0.267264,73.3326,98.129,23.1887,0.0718272,74.8685,194.925,0,0,0
700,4,0,476,1,1,1,4329.03,18648.6,926.115,46.3844,0.482746,834.022,285201,96.7794,23.1957,0.267264,73.3164,97.1219,23.1887,0.0718272,73.8614,193.901,0,0,0
700,4,0,477,1,1,1,4319.17,18648.9,926.135,46.3844,0.482746,834.041,285201,88.9664,23.1957,0.267264,65.5034,93.8372,23.1887,0.0718272,70.5767,182.804,0,0,0
700,4,0,478,1,1,1,4325.16,18640.9,926.298,46.3844,0.6264,834.061,285198,82.1172,23.1957,0.267264,58.6542,90.7203,23.1887,0.0718272,67.4598,172.837,0,0,0
700,4,0,479,1,1,1,4314.7,18641.5,926.155,46.3844,0.482746,834.061,285201,93.9061,23.1957,0.267264,70.4431,88.5672,23.1887,0.0718272,65.3067,182.473,0,0,0
700,4,0,480,1,1,1,4322.31,18650.5,926.095,46.3844,0.482746,834.002,285202,94.8789,23.1957,0.267264,71.4159,57.0662,23.1887,0.0718272,33.8057,151.945,0,0,0
700,4,0,481,1,1,1,4327.43,18675.1,926.075,46.3844,0.482746,833.982,285202,77.995,23.1957,0.267264,54.532,43.8876,23.1887,0.0718272,20.6271,121.883,0,0,0
700,4,0,482,1,1,1,4330.97,18680.1,926.167,46.3844,0.713261,833.843,285200,82.1718,23.1957,0.462701,58.5134,97.0975,23.1887,0.106906,73.8019,179.269,0,0,0
700,4,0,483,1,1,1,4325.11,18648.2,926.159,46.3844,0.678182,833.87,285200,96.2601,23.1957,0.462701,72.6017,95.6366,23.1887,0.0718272,72.3761,191.897,0,0,0
700,4,0,484,1,1,1,4318.22,18636.7,926.155,46.3844,0.482746,834.061,285201,98.4055,23.1957,0.267264,74.9425,89.2693,23.1887,0.0718272,66.0088,187.675,0,0,0
700,4,0,485,1,1,1,4320.28,18654.9,926.135,46.3844,0.482746,834.041,285201,91.3,23.1957,0.267264,67.837,94.4978,23.1887,0.0718272,71.2373,185.798,0,0,0
700,4,0,486,1,1,1,4330.44,18643.3,926.056,46.3844,0.482746,833.962,285202,57.173,23.1957,0.267264,33.7101,86.2101,23.1887,0.0718272,62.9496,143.383,0,0,0
700,4,0,487,1,1,1,4321.42,24650.4,931.902,52.1883,1.12251,833.541,285197,207.797,28.9996,0.907027,177.598,97.0155,23.1887,0.0718272,73.755,304.813,0,0,0
700,4,0,488,1,1,1,4319.11,18642.1,926.155,46.3844,0.482746,834.061,285201,96.9075,23.1957,0.267264,73.4445,97.9738,23.1887,0.0718272,74.7133,194.881,0,0,0
700,4,0,489,1,1,1,4336.21,18673.9,926.174,46.3844,0.482746,834.081,285200,94.3465,23.1957,0.267264,70.8835,66.8645,23.1887,0.0718272,43.604,161.211,0,0,0
700,4,0,490,1,1,1,4320.58,18636.7,926.135,46.3844,0.482746,834.041,285201,80.5939,23.1957,0.267264,57.1309,99.3346,23.1887,0.0718272,76.0741,179.929,0,0,0
700,4,0,491,1,1,1,4317.9,18636.9,926.135,46.3844,0.482746,834.041,285201,96.7234,23.1957,0.267264,73.2604,96.7339,23.1887,0.0718272,73.4734,193.457,0,0,0
700,4,0,492,1,1,1,4329.7,18656.3,926.056,46.3844,0.482746,833.962,285202,87.611,23.1957,0.267264,64.148,58.7772,23.1887,0.0718272,35.5167,146.388,0,0,0
700,4,0,493,1,1,1,4329.32,18686.3,925.911,46.3844,0.552902,833.747,285205,98.1526,23.1957,0.337421,74.6195,96.5137,23.1887,0.0718272,73.2532,194.666,0,0,0
700,4,0,494,1,1,1,4323.91,18641.4,926.115,46.3844,0.482746,834.022,285201,54.9657,23.1957,0.267264,31.5028,92.6587,23.1887,0.0718272,69.3982,147.624,0,0,0
700,4,0,495,1,1,1,4316.59,18640.5,926.115,46.3844,0.482746,834.022,285201,94.4385,23.1957,0.267264,70.9756,95.0049,23.1887,0.0718272,71.7444,189.443,0,0,0
700,4,0,496,1,1,1,4324.36,18640.4,926.207,46.3844,0.770054,833.827,285199,82.5287,23.1957,0.267264,59.0657,97.5262,23.1887,0.0718272,74.2657,180.055,0,0,0
700,4,0,497,1,1,1,4335.71,18651.8,926.135,46.3844,0.482746,834.041,285201,58.7324,23.1957,0.267264,35.2694,100.732,23.1887,0.0718272,77.471,159.464,0,0,0
700,4,0,498,1,1,1,4338.89,18665.5,926.211,46.3844,0.770054,833.83,285199,94.8807,23.1957,0.267264,71.4177,59.0262,23.1887,0.0718272,35.7657,153.907,0,0,0
700,4,0,499,1,1,1,4332.1,18664.3,926.135,46.3844,0.482746,834.041,285201,91.1303,23.1957,0.267264,67.6674,94.7811,23.1887,0.0718272,71.5206,185.911,0,0,0
700,4,0,500,1,1,1,4317.26,18654.7,926.056,46.3844,0.482746,833.962,285202,59.8279,23.1957,0.267264,36.3649,83.4524,23.1887,0.0718272,60.1919,143.28,0,0,0
700,4,0,501,1,1,1,4316.3,18632.4,926.135,46.3844,0.482746,834.041,285201,77.7044,23.1957,0.267264,54.2415,44.0067,23.1887,0.0718272,20.7462,121.711,0,0,0
700,4,0,502,1,1,1,4322.85,18664.7,926.15,46.3844,0.517824,834.022,285201,71.9443,23.1957,0.302342,48.4462,39.0272,23.1887,0.0718272,15.7667,110.972,0,0,0
700,4,0,503,1,1,1,4318.86,18651.4,926.056,46.3844,0.482746,833.962,285202,95.3319,23.1957,0.267264,71.8689,58.8764,23.1887,0.0718272,35.6159,154.208,0,0,0
700,4,0,504,1,1,1,4324.25,18651.2,926.155,46.3844,0.482746,834.061,285201,96.0863,23.1957,0.267264,72.6233,73.1506,23.1887,0.0718272,49.8901,169.237,0,0,0
700,4,0,505,1,1,1,4321.1,18654,926.112,46.3844,0.517824,833.984,285201,57.1287,23.1957,0.302342,33.6306,82.7449,23.1887,0.0718272,59.4844,139.874,0,0,0
700,4,0,506,1,1,1,4335.17,18654.9,926.152,46.3844,0.517824,834.023,285201,96.8379,23.1957,0.302342,73.3399,97.7428,23.1887,0.0718272,74.4823,194.581,0,0,0
700,4,0,507,1,1,1,4318.98,18644.7,926.135,46.3844,0.482746,834.041,285201,83.3192,23.1957,0.267264,59.8562,93.0593,23.1887,0.0718272,69.7988,176.378,0,0,0
700,4,0,508,1,1,1,4314.7,18629.8,926.135,46.3844,0.482746,834.041,285201,75.4268,23.1957,0.267264,51.9638,97.0263,23.1887,0.0718272,73.7658,172.453,0,0,0
700,4,0,509,1,1,1,4316.62,18639.2,926.155,46.3844,0.482746,834.061,285201,83.5809,23.1957,0.267264,60.1179,90.7853,23.1887,0.0718272,67.5248,174.366,0,0,0
700,4,0,510,1,1,1,4315.66,18628.5,926.135,46.3844,0.482746,834.041,285201,60.0029,23.1957,0.267264,36.54,83.5408,23.1887,0.0718272,60.2803,143.544,0,0,0
700,4,0,511,1,0,0,-1,-1,903.49,23.1957,0.302342,834.063,285205,-1,-1,-1,-1,-1,-1,-1,-1,-1,0,0,0
700,4,0,512,1,1,1,4326.95,18646.7,926.135,46.3844,0.482746,834.041,285201,57.1929,23.1957,0.267264,33.7299,83.1005,23.1887,0.0718272,59.8399,140.293,0,0,0
700,4,0,513,1,1,1,4317.26,18636.3,926.174,46.3844,0.482746,834.081,285200,97.9976,23.1957,0.267264,74.5346,100.45,23.1887,0.0718272,77.1895,198.448,0,0,0
700,4,0,514,1,1,1,4316.62,18634,926.056,46.3844,0.482746,833.962,285202,83.6801,23.1957,0.267264,60.2172,91.287,23.1887,0.0718272,68.0265,174.967,0,0,0
700,4,0,515,1,1,1,4317.38,18631.9,926.056,46.3844,0.482746,833.962,285202,93.112,23.1957,0.267264,69.649,60.9411,23.1887,0.0718272,37.6806,154.053,0,0,0
700,4,0,516,1,1,1,4320.07,18651.3,925.994,46.3844,0.536198,833.846,285203,96.4996,23.1957,0.267264,73.0366,97.0761,23.1887,0.12528,73.7622,193.576,0,0,0
700,4,0,517,1,1,1,4319.3,18655.7,926.035,46.3844,0.517824,833.906,285203,93.9755,23.1957,0.302342,70.4774,87.0133,23.1887,0.0718272,63.7528,180.989,0,0,0
700,4,0,518,1,1,1,4329.17,18662.3,926.092,46.3844,0.517824,833.964,285202,90.3514,23.1957,0.302342,66.8534,98.6181,23.1887,0.0718272,75.3576,188.97,0,0,0
700,4,0,519,1,1,1,4315.46,18632.1,926.155,46.3844,0.482746,834.061,285201,83.4942,23.1957,0.267264,60.0313,92.9041,23.1887,0.0718272,69.6436,176.398,0,0,0
700,4,0,520,1,1,1,4320.17,18636.7,926.135,46.3844,0.482746,834.041,285201,58.8659,23.1957,0.267264,35.403,100.093,23.1887,0.0718272,76.8321,158.959,0,0,0
700,4,0,521,1,1,1,4315.34,18640.9,926.095,46.3844,0.482746,834.002,285202,87.4016,23.1957,0.267264,63.9386,58.6707,23.1887,0.0718272,35.4102,146.072,0,0,0
700,4,0,522,1,1,1,4319.43,18641.3,925.959,46.3844,0.517824,833.83,285204,80.1742,23.1957,0.302342,56.6761,99.4736,23.1887,0.0718272,76.2131,179.648,0,0,0
700,4,0,523,1,1,1,4347.24,18673.4,926.155,46.3844,0.482746,834.061,285201,100.259,23.1957,0.267264,76.796,96.1311,23.1887,0.0718272,72.8706,196.39,0,0,0
700,4,0,524,1,1,1,4327.82,18670.8,925.974,46.3844,0.552902,833.81,285203,91.8791,23.1957,0.337421,68.346,64.4388,23.1887,0.0718272,41.1783,156.318,0,0,0
700,4,0,525,1,1,1,4330.99,18646.5,926.155,46.3844,0.482746,834.061,285201,83.4437,23.1957,0.267264,59.9807,95.7539,23.1887,0.0718272,72.4934,179.198,0,0,0
700,4,0,526,1,1,1,4317.58,18648.7,926.132,46.3844,0.517824,834.003,285201,98.9026,23.1957,0.302342,75.4045,57.8621,23.1887,0.0718272,34.6016,156.765,0,0,0
700,4,0,527,1,1,1,4315.66,18641.6,926.115,46.3844,0.482746,834.022,285201,93.6137,23.1957,0.267264,70.1508,61.7641,23.1887,0.0718272,38.5036,155.378,0,0,0
700,4,0,528,1,1,1,4318.22,18637.1,926.135,46.3844,0.482746,834.041,285201,58.7306,23.1957,0.267264,35.2676,82.3803,23.1887,0.0718272,59.1198,141.111,0,0,0
700,4,0,529,1,1,1,4323.59,18640,926.112,46.3844,0.517824,833.984,285201,59.3857,23.1957,0.267264,35.9227,99.3192,23.1887,0.106906,76.0236,158.705,0,0,0
700,4,0,530,1,1,1,4316.62,18631.4,926.135,46.3844,0.482746,834.041,285201,94.7381,23.1957,0.267264,71.2752,58.696,23.1887,0.0718272,35.4354,153.434,0,0,0
700,4,0,531,1,1,1,4317.26,18631.1,926.155,46.3844,0.482746,834.061,285201,96.9815,23.1957,0.267264,73.5185,94.6403,23.1887,0.0718272,71.3798,191.622,0,0,0
700,4,0,532,1,1,1,4328.39,18659.2,926.075,46.3844,0.482746,833.982,285202,58.3335,23.1957,0.267264,34.8705,86.4718,23.1887,0.0718272,63.2113,144.805,0,0,0
700,4,0,533,1,1,1,4322.29,18637,926.174,46.3844,0.482746,834.081,285200,96.478,23.1957,0.267264,73.015,60.7047,23.1887,0.0718272,37.4442,157.183,0,0,0
700,4,0,534,1,1,1,4322.93,18637.8,926.056,46.3844,0.482746,833.962,285202,57.3264,23.1957,0.267264,33.8635,95.9939,23.1887,0.0718272,72.7334,153.32,0,0,0
700,4,0,535,1,1,1,4317.9,18634,926.155,46.3844,0.482746,834.061,285201,67.1211,23.1957,0.267264,43.6581,98.1218,23.1887,0.0718272,74.8613,165.243,0,0,0
700,4,0,536,1,1,1,4323.81,18649.6,926.135,46.3844,0.482746,834.041,285201,83.8985,23.1957,0.267264,60.4355,96.3224,23.1887,0.0718272,73.0619,180.221,0,0,0
700,4,0,537,1,1,1,4319.21,18667.6,926.095,46.3844,0.482746,834.002,285202,99.4775,23.1957,0.267264,76.0146,59.6272,23.1887,0.0718272,36.3667,159.105,0,0,0
700,4,0,538,1,1,1,4317.58,18642.5,926.095,46.3844,0.482746,834.002,285202,93.2925,23.1957,0.267264,69.8295,89.253,23.1887,0.0718272,65.9925,182.546,0,0,0
700,4,0,539,1,1,1,4315.98,18630.1,926.075,46.3844,0.482746,833.982,285202,56.3013,23.1957,0.267264,32.8383,92.7056,23.1887,0.0718272,69.4451,149.007,0,0,0
700,4,0,540,1,1,1,4317.9,18634,926.075,46.3844,0.482746,833.982,285202,60.2322,23.1957,0.267264,36.7692,82.5843,23.1887,0.0718272,59.3238,142.816,0,0,0
700,4,0,541,1,1,1,4315.98,18631.7,926.115,46.3844,0.482746,834.022,285201,79.8991,23.1957,0.267264,56.4361,45.3025,23.1887,0.0718272,22.042,125.202,0,0,0
700,4,0,542,1,1,1,4331.06,18662.1,926.174,46.3844,0.482746,834.081,285200,90.7333,23.1957,0.267264,67.2703,94.828,23.1887,0.0718272,71.5675,185.561,0,0,0
700,4,0,543,1,1,1,4315.66,18635.9,926.155,46.3844,0.482746,834.061,285201,100.71,23.1957,0.267264,77.2472,96.8927,23.1887,0.0718272,73.6322,197.603,0,0,0
700,4,0,544,1,1,1,4315.34,18634.3,926.135,46.3844,0.482746,834.041,285201,96.3245,23.1957,0.267264,72.8616,58.7627,23.1887,0.0718272,35.5022,155.087,0,0,0
700,4,0,545,1,1,1,4318.22,18653.6,926.152,46.3844,0.517824,834.023,285201,86.935,23.1957,0.302342,63.4369,56.9471,23.1887,0.0718272,33.6866,143.882,0,0,0
700,4,0,546,1,1,1,4315.98,18636.7,926.132,46.3844,0.517824,834.003,285201,61.2978,23.1957,0.302342,37.7997,98.4052,23.1887,0.0718272,75.1447,159.703,0,0,0
700,4,0,547,1,1,1,4312.78,18633.4,926.132,46.3844,0.517824,834.003,285201,95.5745,23.1957,0.302342,72.0765,95.4688,23.1887,0.0718272,72.2082,191.043,0,0,0
700,4,0,548,1,1,1,4317.9,18632.4,926.135,46.3844,0.482746,834.041,285201,97.4941,23.1957,0.267264,74.0311,56.9832,23.1887,0.0718272,33.7227,154.477,0,0,0
700,4,0,549,0,0,0,-1,-1,903.64,23.206,0.71159,833.794,285201,-1,-1,-1,-1,-1,-1,-1,-1,-1,0,0,0
700,4,0,550,1,1,1,4325.79,18652.4,926.095,46.3844,0.482746,834.002,285202,90.9805,23.1957,0.267264,67.5176,94.4617,23.1887,0.0718272,71.2012,185.442,0,0,0
700,4,0,551,1,1,1,4324.38,18637.6,926.155,46.3844,0.482746,834.061,285201,86.2556,23.1957,0.267264,62.7926,90.9044,23.1887,0.0718272,67.6439,177.16,0,0,0
700,4,0,552,1,0,0,-1,-1,903.666,23.1957,0.267264,834.274,285202,-1,-1,-1,-1,-1,-1,-1,-1,-1,0,0,0
700,4,0,553,1,1,1,4321.99,18651.7,926.135,46.3844,0.482746,834.041,285201,83.5754,23.1957,0.267264,60.1125,90.7961,23.1887,0.0718272,67.5356,174.372,0,0,0
700,4,0,554,1,1,1,4323.23,18649.8,925.979,46.3844,0.517824,833.85,285204,97.3775,23.1957,0.302342,73.8795,94.126,23.1887,0.0718272,70.8655,191.504,0,0,0
700,4,0,555,1,1,1,4353.4,18667.9,925.993,46.3844,0.571277,833.81,285203,60.3152,23.1957,0.267264,36.8522,100.495,23.1887,0.160358,77.1462,160.81,0,0,0
700,4,0,556,1,1,1,4316.3,18630.1,926.056,46.3844,0.482746,833.962,285202,60.7736,23.1957,0.267264,37.3106,98.5802,23.1887,0.0718272,75.3197,159.354,0,0,0
700,4,0,557,1,1,1,4319.21,18656.2,925.9,46.3844,0.517824,833.771,285205,97.4425,23.1957,0.302342,73.9445,97.0859,23.1887,0.0718272,73.8253,194.528,0,0,0
700,4,0,558,1,1,1,4324.95,18645.1,926.056,46.3844,0.482746,833.962,285202,94.4241,23.1957,0.267264,70.9611,96.0445,23.1887,0.0718272,72.784,190.469,0,0,0
700,4,0,559,1,1,1,4316.94,18636,926.155,46.3844,0.482746,834.061,285201,93.8087,23.1957,0.267264,70.3457,61.589,23.1887,0.0718272,38.3285,155.398,0,0,0
700,4,0,560,1,1,1,4316.62,18632.4,926.155,46.3844,0.482746,834.061,285201,61.5388,23.1957,0.267264,38.0759,81.9508,23.1887,0.0718272,58.6903,143.49,0,0,0
700,4,0,561,1,1,1,4325.96,18645.8,926.155,46.3844,0.482746,834.061,285201,75.2679,23.1957,0.267264,51.805,97.1887,23.1887,0.0718272,73.9282,172.457,0,0,0
700,4,0,562,1,1,1,4318.6,24649.6,931.921,52.1883,0.891994,833.791,285197,173.202,28.9996,0.676512,143.131,36.5872,23.1887,0.0718272,13.3266,209.789,0,0,0
700,4,0,563,1,1,1,4316.94,18641.7,926.135,46.3844,0.482746,834.041,285201,96.2884,23.1957,0.267264,72.8255,60.7949,23.1887,0.0718272,37.5344,157.083,0,0,0
700,4,0,564,1,1,1,4323.66,18661.7,926.095,46.3844,0.482746,834.002,285202,93.0398,23.1957,0.267264,69.5768,94.5826,23.1887,0.0718272,71.3221,187.622,0,0,0
700,4,0,565,1,1,1,4323.53,18637.7,926.19,46.3844,0.517824,834.061,285200,96.0358,23.1957,0.267264,72.5728,96.9242,23.1887,0.106906,73.6286,192.96,0,0,0
700,4,0,566,1,1,2,4331.08,18644.6,948.625,69.5741,0.698227,833.828,285200,58.4183,23.1957,0.267264,34.9554,117.917,46.3784,0.287309,71.2517,176.336,1,0,0
700,4,0,567,1,1,1,4342.13,18671.2,925.956,46.3844,0.552902,833.792,285204,93.5297,23.1957,0.302342,70.0317,66.6956,23.1887,0.106906,43.4,160.225,0,0,0
700,4,0,568,1,1,1,4321.64,18639,926.115,46.3844,0.482746,834.022,285201,81.0415,23.1957,0.267264,57.5785,91.4422,23.1887,0.0718272,68.1817,172.484,0,0,0
700,4,0,569,1,1,1,4319.55,18675.6,926.107,46.3844,1.06906,833.428,285200,86.0135,23.1957,0.853574,61.9642,96.9162,23.1887,0.0718272,73.6557,182.93,0,0,0
700,4,0,570,1,1,1,4318.15,18636.1,926.155,46.3844,0.482746,834.061,285201,88.5585,23.1957,0.267264,65.0955,50.8108,23.1887,0.0718272,27.5503,139.369,0,0,0
700,4,0,571,1,1,1,4315.02,18628.9,926.056,46.3844,0.482746,833.962,285202,90.7134,23.1957,0.267264,67.2505,95.6348,23.1887,0.0718272,72.3743,186.348,0,0,0
700,4,0,572,1,1,1,4323.91,18640,926.056,46.3844,0.482746,833.962,285202,57.4636,23.1957,0.267264,34.0006,81.1188,23.1887,0.0718272,57.8583,138.582,0,0,0
700,4,0,573,1,1,1,4329.03,18645.1,926.135,46.3844,0.482746,834.041,285201,82.6658,23.1957,0.267264,59.2029,97.3331,23.1887,0.0718272,74.0726,179.999,0,0,0
700,4,0,574,1,1,1,4333.38,18649.2,926.075,46.3844,0.482746,833.982,285202,82.8806,23.1957,0.267264,59.4176,94.5176,23.1887,0.0718272,71.2571,177.398,0,0,0
700,4,0,575,1,1,1,4317.26,18645.7,926.13,46.3844,0.517824,834.002,285201,92.445,23.1957,0.302342,68.947,53.6299,23.1887,0.0718272,30.3694,146.075,0,0,0
700,4,0,576,1,1,1,4320.84,18639.3,926.115,46.3844,0.482746,834.022,285201,82.0865,23.1957,0.267264,58.6235,98.1218,23.1887,0.0718272,74.8613,180.208,0,0,0
700,4,0,577,1,1,1,4330.72,18655.3,926.115,46.3844,0.482746,834.022,285201,74.833,23.1957,0.267264,51.37,41.8463,23.1887,0.0718272,18.5858,116.679,0,0,0
700,4,0,578,1,1,1,4319.85,18635.3,926.155,46.3844,0.482746,834.061,285201,90.8271,23.1957,0.267264,67.3642,96.3892,23.1887,0.0718272,73.1287,187.216,0,0,0
700,4,0,579,1,1,1,4334.22,18668.4,926.311,46.3844,0.908698,833.792,285197,57.3499,23.1957,0.693216,33.461,82.9868,23.1887,0.0718272,59.7262,140.337,0,0,0
700,4,0,580,1,1,1,4318.28,18639,926.095,46.3844,0.482746,834.002,285202,94.2238,23.1957,0.267264,70.7608,94.8714,23.1887,0.0718272,71.6109,189.095,0,0,0
700,4,0,581,1,1,1,4321.86,18649.4,926.115,46.3844,0.482746,834.022,285201,90.6539,23.1957,0.267264,67.1909,98.721,23.1887,0.0718272,75.4605,189.375,0,0,0
700,4,0,582,1,1,1,4316.94,18630.8,926.135,46.3844,0.482746,834.041,285201,56.7543,23.1957,0.267264,33.2913,83.5462,23.1887,0.0718272,60.2857,140.301,0,0,0
700,4,0,583,1,1,1,4321.93,18645.8,925.92,46.3844,0.517824,833.791,285205,88.3427,23.1957,0.302342,64.8447,50.9281,23.1887,0.0718272,27.6676,139.271,0,0,0
700,4,0,584,1,1,1,4326.66,18641.2,926.15,46.3844,0.517824,834.022,285201,85.1546,23.1957,0.267264,61.6917,57.6066,23.1887,0.106906,34.3111,142.761,0,0,0
700,4,0,585,1,1,2,4361.69,18688.3,948.526,69.5741,0.698227,833.729,285202,60.261,23.1957,0.267264,36.7981,124.689,46.3784,0.287309,78.0233,184.95,1,0,0
700,4,0,586,1,1,1,4339.43,18653.9,926.298,46.3844,0.6264,834.061,285198,53.9785,23.1957,0.267264,30.5156,88.5455,23.1887,0.0718272,65.285,142.524,0,0,0
700,4,0,587,1,1,1,4314.06,18636.1,926.174,46.3844,0.482746,834.081,285200,88.0369,23.1957,0.267264,64.5739,50.3957,23.1887,0.0718272,27.1352,138.433,0,0,0
700,4,0,588,1,1,1,4363.05,18678.5,926.135,46.3844,0.482746,834.041,285201,60.0968,23.1957,0.267264,36.6338,83.5607,23.1887,0.0718272,60.3002,143.657,0,0,0
700,4,0,589,1,1,1,4323.36,18645.8,926.135,46.3844,0.482746,834.041,285201,83.6729,23.1957,0.267264,60.2099,57.2124,23.1887,0.0718272,33.9519,140.885,0,0,0
700,4,0,590,1,1,1,4317.55,24638.4,931.746,52.1883,0.696557,833.81,285201,172.553,28.9996,0.481075,142.678,36.681,23.1887,0.0718272,13.4205,209.234,0,0,0
700,4,0,591,1,1,1,4320.14,18647.3,926.056,46.3844,0.482746,833.962,285202,96.9129,23.1957,0.267264,73.4499,75.5835,23.1887,0.0718272,52.323,172.496,0,0,0
700,4,0,592,1,1,1,4323.56,18640.9,926.313,46.3844,0.661478,834.041,285197,98.2817,23.1957,0.302342,74.7837,85.0821,23.1887,0.0718272,61.8216,183.364,0,0,0
700,4,0,593,1,1,1,4318.91,18657.7,926.155,46.3844,0.482746,834.061,285201,82.3807,23.1957,0.267264,58.9177,98.1038,23.1887,0.0718272,74.8433,180.484,0,0,0
700,4,0,594,1,1,1,4315.98,18644.9,926.155,46.3844,0.482746,834.061,285201,90.1612,23.1957,0.267264,66.6982,97.4342,23.1887,0.0718272,74.1737,187.595,0,0,0
700,4,0,595,1,1,1,4322.5,18637.3,926.155,46.3844,0.482746,834.061,285201,90.4987,23.1957,0.267264,67.0357,93.5394,23.1887,0.0718272,70.2789,184.038,0,0,0
700,4,0,596,1,1,1,4330.62,18666.3,926.115,46.3844,0.482746,834.022,285201,61.815,23.1957,0.267264,38.352,96.3224,23.1887,0.0718272,73.0619,158.137,0,0,0
700,4,0,597,1,1,1,4320.26,18651.5,926.135,46.3844,0.482746,834.041,285201,87.6543,23.1957,0.267264,64.1913,57.2413,23.1887,0.0718272,33.9808,144.896,0,0,0
700,4,0,598,1,1,1,4319.14,18634.3,926.075,46.3844,0.482746,833.982,285202,94.8103,23.1957,0.267264,71.3474,56.3822,23.1887,0.0718272,33.1217,151.193,0,0,0
700,4,0,599,1,1,1,4339.57,18670.6,926.056,46.3844,0.482746,833.962,285202,95.285,23.1957,0.267264,71.822,67.2254,23.1887,0.0718272,43.9649,162.51,0,0,0
700,4,0,600,1,1,1,4350.33,18676.1,926.123,46.3844,0.6264,833.886,285201,81.9962,23.1957,0.267264,58.5333,98.5947,23.1887,0.0718272,75.3342,180.591,0,0,0
700,4,0,601,1,1,1,4319.55,18660.8,926.31,46.3844,0.678182,834.022,285197,97.7202,23.1957,0.462701,74.0618,58.1762,23.1887,0.0718272,34.9157,155.896,0,0,0
700,4,0,602,1,1,1,4316.94,18639.8,926.135,46.3844,0.482746,834.041,285201,92.502,23.1957,0.267264,69.039,53.8663,23.1887,0.0718272,30.6058,146.368,0,0,0
700,4,0,603,1,1,1,4317.26,18638.8,926.135,46.3844,0.482746,834.041,285201,58.9056,23.1957,0.267264,35.4427,81.5411,23.1887,0.0718272,58.2806,140.447,0,0,0
700,4,0,604,1,1,1,4323.75,18657.1,926.24,46.3844,0.6264,834.003,285199,97.6457,23.1957,0.267264,74.1827,78.9133,23.1887,0.0718272,55.6528,176.559,0,0,0
700,4,0,605,1,1,1,4315.98,18647.3,926.135,46.3844,0.482746,834.041,285201,97.5229,23.1957,0.267264,74.06,58.0589,23.1887,0.0718272,34.7983,155.582,0,0,0
700,4,0,606,1,1,1,4318.1,24651.1,931.766,52.1883,0.696557,833.83,285200,205.498,28.9996,0.481075,175.717,94.644,23.1887,0.0718272,71.3834,300.142,0,0,0
700,4,0,607,1,1,1,4343.39,18676.9,926.155,46.3844,0.482746,834.061,285201,81.915,23.1957,0.267264,58.4521,97.1598,23.1887,0.0718272,73.8993,179.075,0,0,0
700,4,0,608,1,1,1,4314.7,18642.7,926.135,46.3844,0.482746,834.041,285201,97.7413,23.1957,0.267264,74.2783,95.6637,23.1887,0.0718272,72.4032,193.405,0,0,0
700,4,0,609,1,1,1,4326.96,18659.6,926.032,46.3844,0.552902,833.868,285202,90.9615,23.1957,0.302342,67.4634,94.6303,23.1887,0.106906,71.3347,185.592,0,0,0
700,4,0,610,1,0,0,-1,-1,903.716,23.1957,0.337421,834.254,285200,-1,-1,-1,-1,-1,-1,-1,-1,-1,0,0,0
700,4,0,611,1,1,1,4316.3,18632.1,926.155,46.3844,0.482746,834.061,285201,89.2407,23.1957,0.267264,65.7777,93.0395,23.1887,0.0718272,69.779,182.28,0,0,0
700,4,0,612,1,1,1,4321.86,18658.7,926.135,46.3844,0.482746,834.041,285201,98.3658,23.1957,0.267264,74.9028,60.4304,23.1887,0.0718272,37.1699,158.796,0,0,0
700,4,0,613,1,1,1,4324.46,18663.8,926.115,46.3844,0.482746,834.022,285201,98.2088,23.1957,0.267264,74.7458,98.028,23.1887,0.0718272,74.7674,196.237,0,0,0
700,4,0,614,1,1,1,4315.98,18630.8,926.135,46.3844,0.482746,834.041,285201,83.1387,23.1957,0.267264,59.6757,96.1582,23.1887,0.0718272,72.8977,179.297,0,0,0
700,4,0,615,1,1,1,4318.79,18647.7,926.135,46.3844,0.482746,834.041,285201,90.6845,23.1957,0.267264,67.2216,58.3494,23.1887,0.0718272,35.0889,149.034,0,0,0
700,4,0,616,1,1,1,4323.14,18640.5,926.155,46.3844,0.482746,834.061,285201,91.7602,23.1957,0.267264,68.2972,94.0863,23.1887,0.0718272,70.8258,185.846,0,0,0
700,4,0,617,1,1,1,4317.96,18663.7,926.27,46.3844,0.678182,833.982,285198,90.8403,23.1957,0.462701,67.1819,94.4743,23.1887,0.0718272,71.2138,185.315,0,0,0
700,4,0,618,1,1,1,4314.7,18630.8,926.155,46.3844,0.482746,834.061,285201,75.7083,23.1957,0.267264,52.2454,42.9473,23.1887,0.0718272,19.6868,118.656,0,0,0
700,4,0,619,1,1,1,4329.04,18649.8,926.135,46.3844,0.482746,834.041,285201,57.46,23.1957,0.267264,33.997,96.2827,23.1887,0.0718272,73.0222,153.743,0,0,0
700,4,0,620,1,1,1,4318.54,18644.2,926.155,46.3844,0.482746,834.061,285201,96.7902,23.1957,0.267264,73.3272,97.2591,23.1887,0.0718272,73.9986,194.049,0,0,0
700,4,0,621,1,1,1,4316.23,18661.6,926.155,46.3844,0.482746,834.061,285201,79.9117,23.1957,0.267264,56.4487,44.8297,23.1887,0.0718272,21.5692,124.741,0,0,0
700,4,0,622,1,1,1,4389.1,18719.4,926.158,46.3844,0.661478,833.886,285200,74.2302,23.1957,0.267264,50.7672,100.048,23.1887,0.106906,76.7527,174.278,0,0,0
700,4,0,623,1,1,1,4327.3,18647.2,926.135,46.3844,0.482746,834.041,285201,94.3501,23.1957,0.267264,70.8871,98.3564,23.1887,0.0718272,75.0959,192.707,0,0,0
700,4,0,624,1,1,1,4318.3,18632.8,926.115,46.3844,0.482746,834.022,285201,68.5577,23.1957,0.267264,45.0947,99.9916,23.1887,0.0718272,76.7311,168.549,0,0,0
700,4,0,625,1,1,1,4315.02,18637.6,926.135,46.3844,0.482746,834.041,285201,96.3245,23.1957,0.267264,72.8616,95.9398,23.1887,0.0718272,72.6793,192.264,0,0,0
700,4,0,626,0,0,0,-1,-1,903.655,23.206,0.516154,834.005,285201,-1,-1,-1,-1,-1,-1,-1,-1,-1,0,0,0
700,4,0,627,1,1,1,4317.58,18640,926.155,46.3844,0.482746,834.061,285201,95.0215,23.1957,0.267264,71.5585,59.0515,23.1887,0.0718272,35.791,154.073,0,0,0
700,4,0,628,1,1,1,4318.54,18637.1,926.174,46.3844,0.482746,834.081,285200,92.5435,23.1957,0.267264,69.0805,59.8817,23.1887,0.0718272,36.6212,152.425,0,0,0
700,4,0,629,1,1,1,4317.9,18653.3,926.115,46.3844,0.482746,834.022,285201,66.9117,23.1957,0.267264,43.4488,37.6791,23.1887,0.0718272,14.4185,104.591,0,0,0
700,4,0,630,1,1,1,4353.8,18676.9,926.129,46.3844,0.552902,833.966,285201,54.4965,23.1957,0.267264,31.0335,88.4244,23.1887,0.141984,65.0937,142.921,0,0,0
700,4,0,631,1,1,1,4329.88,18645,926.056,46.3844,0.482746,833.962,285202,65.8487,23.1957,0.267264,42.3857,98.0821,23.1887,0.0718272,74.8216,163.931,0,0,0
700,4,0,632,1,1,1,4319.28,18662.6,926.056,46.3844,0.482746,833.962,285202,90.8199,23.1957,0.267264,67.3569,94.357,23.1887,0.0718272,71.0965,185.177,0,0,0
700,4,0,633,1,1,1,4332.65,18649.7,926.158,46.3844,0.661478,833.886,285200,90.9192,23.1957,0.267264,67.4562,61.0737,23.1887,0.106906,37.7781,151.993,0,0,0
700,4,0,634,1,1,1,4315.98,18631.4,926.155,46.3844,0.482746,834.061,285201,78.2044,23.1957,0.267264,54.7414,97.7193,23.1887,0.0718272,74.4588,175.924,0,0,0
700,4,0,635,1,1,1,4329.14,18644.3,926.135,46.3844,0.482746,834.041,285201,60.2412,23.1957,0.267264,36.7782,101.376,23.1887,0.0718272,78.1154,161.617,0,0,0
700,4,0,636,1,1,1,4324.78,18653.5,926.155,46.3844,0.482746,834.061,285201,99.3187,23.1957,0.267264,75.8557,91.112,23.1887,0.0718272,67.8515,190.431,0,0,0
700,4,0,637,0,0,0,-1,-1,903.593,23.206,0.551232,833.908,285202,-1,-1,-1,-1,-1,-1,-1,-1,-1,0,0,0
700,4,0,638,1,1,1,4314.38,18637.4,926.095,46.3844,0.482746,834.002,285202,55.3718,23.1957,0.267264,31.9089,91.7671,23.1887,0.0718272,68.5066,147.139,0,0,0
700,4,0,639,1,1,1,4316.94,18669.7,926.115,46.3844,0.482746,834.022,285201,75.7119,23.1957,0.267264,52.249,42.1243,23.1887,0.0718272,18.8638,117.836,0,0,0
700,4,0,640,1,1,1,4317.58,18631.1,926.095,46.3844,0.482746,834.002,285202,83.2452,23.1957,0.267264,59.7822,92.2706,23.1887,0.0718272,69.0101,175.516,0,0,0
700,4,0,641,1,1,1,4331.8,18651.3,926.115,46.3844,0.482746,834.022,285201,99.519,23.1957,0.267264,76.0561,98.6055,23.1887,0.0718272,75.345,198.125,0,0,0
700,4,0,642,1,1,1,4324.49,18638.7,926.155,46.3844,0.482746,834.061,285201,61.3764,23.1957,0.267264,37.9134,97.658,23.1887,0.0718272,74.3975,159.034,0,0,0
700,4,0,643,1,1,1,4322.31,24642.6,931.746,52.1883,0.696557,833.81,285201,211.451,28.9996,0.481075,181.689,100.723,23.1887,0.0718272,77.462,312.174,0,0,0
700,4,0,644,1,1,1,4320.45,18659.3,926.199,46.3844,0.873619,833.715,285199,83.7768,23.1957,0.658138,59.923,89.6609,23.1887,0.0718272,66.4004,173.438,0,0,0
700,4,0,645,1,1,1,4331.91,18646.9,926.174,46.3844,0.482746,834.081,285200,96.5592,23.1957,0.267264,73.0962,98.3023,23.1887,0.0718272,75.0418,194.861,0,0,0
700,4,0,646,1,1,1,4315.98,18629.8,926.115,46.3844,0.482746,834.022,285201,68.4837,23.1957,0.267264,45.0207,97.8114,23.1887,0.0718272,74.5509,166.295,0,0,0
700,4,0,647,1,1,1,4329.03,24650.4,931.838,52.1883,0.731635,833.868,285199,193.19,28.9996,0.516154,163.34,57.9524,23.1887,0.0718272,34.6919,251.142,0,0,0
700,4,0,648,1,1,1,4329.9,18678.1,926.091,46.3844,0.517824,833.962,285202,92.7384,23.1957,0.267264,69.2754,64.5678,23.1887,0.106906,41.2722,157.306,0,0,0
700,4,0,649,1,1,1,4321.71,18645.5,926.135,46.3844,0.482746,834.041,285201,59.8748,23.1957,0.267264,36.4118,97.427,23.1887,0.0718272,74.1665,157.302,0,0,0
700,4,0,650,1,1,1,4319.5,18648.6,926.155,46.3844,0.482746,834.061,285201,93.6101,23.1957,0.267264,70.1472,54.1027,23.1887,0.0718272,30.8422,147.713,0,0,0
700,4,0,651,1,1,1,4318.54,18631.7,926.135,46.3844,0.482746,834.041,285201,57.6098,23.1957,0.267264,34.1468,97.5262,23.1887,0.0718272,74.2657,155.136,0,0,0
700,4,0,652,1,1,1,4344.39,18657.3,926.115,46.3844,0.482746,834.022,285201,76.3364,23.1957,0.267264,52.8734,97.5984,23.1887,0.0718272,74.3379,173.935,0,0,0
700,4,0,653,1,1,1,4316.4,24658.2,931.747,52.1883,0.927072,833.581,285200,199.143,28.9996,0.71159,169.112,57.5643,23.1887,0.0718272,34.3038,256.707,0,0,0
700,4,0,654,1,1,1,4353.67,18667.8,926.15,46.3844,0.517824,834.022,285201,97.1908,23.1957,0.267264,73.7279,97.8537,23.1887,0.106906,74.5581,195.045,0,0,0
700,4,0,655,1,1,1,4317.9,18639.7,926.155,46.3844,0.482746,834.061,285201,86.2213,23.1957,0.267264,62.7583,50.1629,23.1887,0.0718272,26.9023,136.384,0,0,0
700,4,0,656,1,1,1,4335.76,18683.5,926.155,46.3844,0.482746,834.061,285201,84.1367,23.1957,0.267264,60.6738,96.1474,23.1887,0.0718272,72.8868,180.284,0,0,0
700,4,0,657,1,1,1,4317.9,18642.4,926.174,46.3844,0.482746,834.081,285200,93.1156,23.1957,0.267264,69.6526,95.5608,23.1887,0.0718272,72.3003,188.676,0,0,0
700,4,0,658,1,1,1,4318.54,24655.4,931.921,52.1883,0.891994,833.791,285197,199.338,28.9996,0.676512,169.343,52.2203,23.1887,0.0718272,28.9598,251.558,0,0,0
700,4,0,659,1,1,1,4324.68,18646.1,926.155,46.3844,0.482746,834.061,285201,94.9854,23.1957,0.267264,71.5224,60.0875,23.1887,0.0718272,36.8269,155.073,0,0,0
700,4,0,660,1,1,1,4317.58,18646.5,926.135,46.3844,0.482746,834.041,285201,95.3879,23.1957,0.267264,71.9249,56.6186,23.1887,0.0718272,33.3581,152.006,0,0,0
700,4,0,661,1,1,1,4318.34,18632.8,926.135,46.3844,0.482746,834.041,285201,59.9993,23.1957,0.267264,36.5364,97.7175,23.1887,0.0718272,74.457,157.717,0,0,0
700,4,0,662,1,1,1,4316.3,18633.9,926.095,46.3844,0.482746,834.002,285202,96.0791,23.1957,0.267264,72.6161,58.5263,23.1887,0.0718272,35.2658,154.605,0,0,0
700,4,0,663,1,1,1,4337.99,18672.4,926.095,46.3844,0.482746,834.002,285202,57.229,23.1957,0.267264,33.766,83.0752,23.1887,0.0718272,59.8147,140.304,0,0,0
700,4,0,664,1,1,1,4313.74,18631.9,926.135,46.3844,0.482746,834.041,285201,90.6972,23.1957,0.267264,67.2342,57.6401,23.1887,0.0718272,34.3796,148.337,0,0,0
700,4,0,665,1,1,1,4334.48,18654.3,926.056,46.3844,0.482746,833.962,285202,83.2903,23.1957,0.267264,59.8273,92.841,23.1887,0.0718272,69.5805,176.131,0,0,0
700,4,0,666,1,1,1,4352.23,18666.7,926.147,46.3844,0.552902,833.984,285200,60.3098,23.1957,0.267264,36.8468,97.3094,23.1887,0.141984,73.9788,157.619,0,0,0
700,4,0,667,1,1,1,4315.86,18636.9,926.144,46.3952,0.50112,834.022,285201,91.8742,23.2065,0.285638,68.3821,64.0869,23.1887,0.0718272,40.8264,155.961,0,0,0
700,4,0,668,1,1,1,4323.18,18698.1,925.956,46.3844,0.552902,833.792,285204,92.7905,23.1957,0.337421,69.2574,64.3793,23.1887,0.0718272,41.1188,157.17,0,0,0
700,4,0,669,1,1,2,10343.9,24681.6,948.564,69.5741,0.963821,833.502,285200,76.0752,23.1957,0.462701,52.4168,220.624,46.3784,0.213811,174.031,296.699,1,0,0
700,4,0,670,1,1,1,4329.32,18642.2,926.135,46.3844,0.482746,834.041,285201,89.6793,23.1957,0.267264,66.2163,59.5352,23.1887,0.0718272,36.2747,149.214,0,0,0
700,4,0,671,1,1,1,4325.46,18640.9,926.135,46.3844,0.482746,834.041,285201,98.6076,23.1957,0.267264,75.1447,84.9612,23.1887,0.0718272,61.7007,183.569,0,0,0
700,4,0,672,1,1,1,4320.9,18634.8,926.075,46.3844,0.482746,833.982,285202,94.7165,23.1957,0.267264,71.2535,56.7323,23.1887,0.0718272,33.4718,151.449,0,0,0
700,4,0,673,1,1,1,4316.94,18665.5,926.015,46.3844,0.517824,833.886,285203,91.4831,23.1957,0.302342,67.985,97.0678,23.1887,0.0718272,73.8073,188.551,0,0,0
700,4,0,674,1,1,1,4344,18677.1,926.012,46.3844,0.552902,833.848,285203,90.5616,23.1957,0.337421,67.0285,93.4763,23.1887,0.0718272,70.2157,184.038,0,0,0
700,4,0,675,1,1,1,4319.62,18653.4,926.139,46.3844,0.678182,833.85,285201,95.8847,23.1957,0.462701,72.2263,84.9432,23.1887,0.0718272,61.6826,180.828,0,0,0
700,4,0,676,1,1,1,4318.28,18638.6,926.172,46.3844,0.517824,834.043,285200,90.4489,23.1957,0.302342,66.9509,93.3012,23.1887,0.0718272,70.0407,183.75,0,0,0
700,4,0,677,1,1,1,4322.25,18637.7,926.115,46.3844,0.482746,834.022,285201,83.3354,23.1957,0.267264,59.8724,48.7533,23.1887,0.0718272,25.4928,132.089,0,0,0
700,4,0,678,1,1,1,4318.54,18634,926.135,46.3844,0.482746,834.041,285201,89.8688,23.1957,0.267264,66.4058,94.8443,23.1887,0.0718272,71.5838,184.713,0,0,0
700,4,0,679,1,1,1,4315.66,18637.6,926.095,46.3844,0.482746,834.002,285202,84.1349,23.1957,0.267264,60.672,56.8081,23.1887,0.0718272,33.5476,140.943,0,0,0
700,4,0,680,1,1,1,4342.18,24669.1,931.978,52.1883,1.3714,833.368,285194,198.877,28.9996,1.01226,168.547,59.934,23.1887,0.0718272,36.6735,258.811,0,0,0
700,4,0,681,1,1,1,4337.9,18665.2,926.248,46.3844,0.770054,833.868,285198,54.4424,23.1957,0.267264,30.9794,88.5076,23.1887,0.0718272,65.2471,142.95,0,0,0
700,4,0,682,1,1,1,4315.02,18649.2,926.075,46.3844,0.482746,833.982,285202,94.1786,23.1957,0.267264,70.7157,62.0005,23.1887,0.0718272,38.74,156.179,0,0,0
700,4,0,683,1,1,1,4316.3,18644.4,926.33,46.3844,0.678182,834.041,285197,93.4013,23.1957,0.462701,69.7429,88.8812,23.1887,0.0718272,65.6207,182.283,0,0,0
700,4,0,684,1,1,1,4341.96,18706,925.943,46.3844,0.713261,833.619,285204,100.358,23.1957,0.497779,76.6643,95.8062,23.1887,0.0718272,72.5457,196.164,0,0,0
700,4,0,685,1,1,1,4329.03,18645.8,926.056,46.3844,0.482746,833.962,285202,97.8604,23.1957,0.267264,74.3975,86.5693,23.1887,0.0718272,63.3088,184.43,0,0,0
700,4,0,686,1,1,1,4334.15,18650.6,926.135,46.3844,0.482746,834.041,285201,57.4636,23.1957,0.267264,34.0006,81.0592,23.1887,0.0718272,57.7987,138.523,0,0,0
700,4,0,687,1,1,1,4315.02,18640.8,926.349,46.3844,0.678182,834.061,285197,76.1203,23.1957,0.462701,52.4619,42.3607,23.1887,0.0718272,19.1002,118.481,0,0,0
700,4,0,688,1,1,1,4316.94,18632.7,926.135,46.3844,0.482746,834.041,285201,60.8313,23.1957,0.267264,37.3684,82.6655,23.1887,0.0718272,59.405,143.497,0,0,0
700,4,0,689,1,1,1,4315.66,18649.3,926.324,46.3844,0.50112,834.213,285197,95.2092,23.1957,0.267264,71.7462,61.4937,23.1887,0.0902016,38.2148,156.703,0,0,0
700,4,0,690,1,1,1,4317.58,18645.8,926.135,46.3844,0.482746,834.041,285201,98.1943,23.1957,0.267264,74.7314,57.8008,23.1887,0.0718272,34.5403,155.995,0,0,0
700,4,0,691,1,1,1,4325.19,24654.2,931.638,52.1883,0.801792,833.597,285202,190.803,28.9996,0.58631,160.874,47.5964,23.1887,0.0718272,24.3359,238.399,0,0,0
700,4,0,692,1,1,1,4324.81,18637.4,926.135,46.3844,0.482746,834.041,285201,97.3118,23.1957,0.267264,73.8488,58.3548,23.1887,0.0718272,35.0943,155.667,0,0,0
700,4,0,693,1,1,1,4328.12,18650.4,926.135,46.3844,0.482746,834.041,285201,55.426,23.1957,0.267264,31.963,85.2337,23.1887,0.0718272,61.9732,140.66,0,0,0
700,4,0,694,1,1,1,4338.82,18715.5,926.347,46.3844,0.713261,834.023,285197,99.0619,23.1957,0.497779,75.3684,58.4126,23.1887,0.0718272,35.1521,157.475,0,0,0
700,4,0,695,1,1,1,4316.62,18635.3,926.174,46.3844,0.482746,834.081,285200,60.6202,23.1957,0.267264,37.1572,97.5876,23.1887,0.0718272,74.3271,158.208,0,0,0
700,4,0,696,1,1,1,4318.22,18663.2,926.207,46.3844,0.678182,833.919,285199,96.1915,23.1957,0.462701,72.5331,77.5381,23.1887,0.0718272,54.2776,173.73,0,0,0
700,4,0,697,1,1,1,4344.1,18657.3,926.505,46.3844,0.913709,833.982,285193,58.8515,23.1957,0.267264,35.3885,85.3456,23.1887,0.0718272,62.0851,144.197,0,0,0
700,4,0,698,1,1,1,4317.26,18632.4,926.115,46.3844,0.482746,834.022,285201,97.7431,23.1957,0.267264,74.2802,59.8637,23.1887,0.0718272,36.6031,157.607,0,0,0
700,4,0,699,1,1,1,4317.26,18629.2,926.155,46.3844,0.482746,834.061,285201,60.6815,23.1957,0.267264,37.2186,98.5856,23.1887,0.0718272,75.3251,159.267,0,0,0
700,4,0,700,1,1,1,4325.83,18672.8,926.15,46.3844,0.517824,834.022,285201,99.6263,23.1957,0.302342,76.1283,89.6194,23.1887,0.0718272,66.3589,189.246,0,0,0
