N,seed,dutyCycle,devId,registered,authSuccess,attempts,latencyMs,e2eMs,fullEnergyMJ,fullCpuEnergyMJ,fullTxEnergyMJ,fullRxEnergyMJ,idleListeningMs,regEnergyMJ,regCpuEnergyMJ,regTxEnergyMJ,regRxEnergyMJ,authEnergyMJ,authCpuEnergyMJ,authTxEnergyMJ,authRxEnergyMJ,sessionEnergyMJ,fallbackUsed,replayRejected,desync
800,2,0,1,1,1,1,4325.9,24666.2,1062.01,52.1883,1.67541,963.474,282881,221.455,28.9996,1.17262,191.027,65.5939,23.1887,0.0718272,42.3334,287.049,0,0,0
800,2,0,2,1,1,1,4320.07,18662,1055.69,46.3844,0.482746,963.976,282897,106.036,23.1957,0.267264,82.5732,65.2961,23.1887,0.0718272,42.0356,171.332,0,0,0
800,2,0,3,1,1,1,4315.34,18654.8,1055.89,46.3844,0.482746,964.173,282894,108.094,23.1957,0.267264,84.6307,66.6136,23.1887,0.0718272,43.3531,174.707,0,0,0
800,2,0,4,1,1,1,4323.2,18663.9,1055.83,46.3844,0.482746,964.113,282895,112.355,23.1957,0.267264,88.8918,92.5089,23.1887,0.0718272,69.2484,204.864,0,0,0
800,2,0,5,1,1,1,4342.31,18679.6,1055.58,46.3844,0.6264,963.723,282899,99.6743,23.1957,0.267264,76.2113,111.3,23.1887,0.0718272,88.0399,210.975,0,0,0
800,2,0,6,1,1,1,4322.31,18658.4,1055.85,46.3844,0.482746,964.135,282894,101.743,23.1957,0.267264,78.2796,110.456,23.1887,0.0718272,87.1953,212.198,0,0,0
800,2,0,7,1,1,1,4321.51,18645,1055.98,46.3844,0.770054,963.98,282891,101.535,23.1957,0.267264,78.072,114.903,23.1887,0.0718272,91.6423,216.438,0,0,0
800,2,0,8,1,1,1,4333.31,18646.5,1055.95,46.3844,0.482746,964.232,282893,87.0316,23.1957,0.267264,63.5687,108.925,23.1887,0.0718272,85.6648,195.957,0,0,0
800,2,0,9,1,1,1,4319.5,18648.2,1055.71,46.3844,0.482746,963.994,282897,114.317,23.1957,0.267264,90.8536,103.825,23.1887,0.0718272,80.5645,218.142,0,0,0
800,2,0,10,1,1,1,4324.74,18648.6,1055.95,46.3844,0.482746,964.232,282893,98.4975,23.1957,0.267264,75.0346,98.9791,23.1887,0.0718272,75.7186,197.477,0,0,0
800,2,0,11,1,1,1,4318.22,18658.2,1055.94,46.3844,0.517824,964.193,282893,105.654,23.1957,0.302342,82.1563,59.602,23.1887,0.0718272,36.3415,165.256,0,0,0
800,2,0,12,1,1,1,4318.15,18643.1,1055.81,46.3844,0.482746,964.095,282895,108.265,23.1957,0.267264,84.8021,67.2994,23.1887,0.0718272,44.0389,175.565,0,0,0
800,2,0,13,1,1,1,4324.49,18661.2,1055.89,46.3844,0.482746,964.173,282894,107.245,23.1957,0.267264,83.7824,66.3501,23.1887,0.0718272,43.0896,173.595,0,0,0
800,2,0,14,1,1,1,4346.28,18749.2,1055.96,46.3844,0.713261,964.012,282892,104.873,23.1957,0.462701,81.2142,54.0043,23.1887,0.106906,30.7087,158.877,0,0,0
800,2,0,15,1,1,1,4323.01,18697.5,1055.83,46.3844,0.482746,964.113,282895,89.3472,23.1957,0.267264,65.8842,46.8276,23.1887,0.0718272,23.5671,136.175,0,0,0
800,2,0,16,1,1,1,4318.54,18637.8,1055.87,46.3844,0.482746,964.153,282894,80.0019,23.1957,0.267264,56.539,40.3664,23.1887,0.0718272,17.1059,120.368,0,0,0
800,2,0,17,1,1,1,4315.02,18646.6,1055.85,46.3844,0.482746,964.135,282894,107.085,23.1957,0.267264,83.6218,65.5307,23.1887,0.0718272,42.2702,172.615,0,0,0
800,2,0,18,1,1,1,4329.65,18661.9,1055.74,46.3844,0.552902,963.956,282896,64.632,23.1957,0.337421,41.0989,99.2011,23.1887,0.0718272,75.9406,163.833,0,0,0
800,2,0,19,1,1,1,4324.97,18639.8,1055.77,46.3844,0.6264,963.915,282895,98.9415,23.1957,0.267264,75.4785,60.369,23.1887,0.0718272,37.1085,159.311,0,0,0
800,2,0,20,1,1,1,4320.69,18641.5,1055.81,46.3844,0.482746,964.095,282895,58.5735,23.1957,0.267264,35.1106,98.9141,23.1887,0.0718272,75.6536,157.488,0,0,0
800,2,0,21,1,1,1,4319.18,18633.3,1055.69,46.3844,0.482746,963.976,282897,73.7934,23.1957,0.267264,50.3305,99.2029,23.1887,0.0718272,75.9424,172.996,0,0,0
800,2,0,22,1,1,1,4326.09,18641.9,1055.93,46.3844,0.482746,964.213,282893,65.8703,23.1957,0.267264,42.4074,101.847,23.1887,0.0718272,78.5864,167.717,0,0,0
800,2,0,23,1,1,1,4319.62,18635.1,1055.73,46.3844,0.482746,964.014,282897,56.2201,23.1957,0.267264,32.7571,100.118,23.1887,0.0718272,76.8574,156.338,0,0,0
800,2,0,24,1,1,1,4335.24,18705.1,1055.89,46.3844,0.696557,963.96,282893,112.075,23.1957,0.267264,88.6121,106.055,23.1887,0.141984,82.7248,218.131,0,0,0
800,2,0,25,1,1,1,4319.18,18638.5,1055.91,46.3844,0.482746,964.193,282893,81.2202,23.1957,0.267264,57.7572,41.1894,23.1887,0.0718272,17.9289,122.41,0,0,0
800,2,0,26,1,1,1,4328.84,18645.7,1055.91,46.3844,0.482746,964.193,282893,64.1702,23.1957,0.267264,40.7073,99.9212,23.1887,0.0718272,76.6607,164.091,0,0,0
800,2,0,27,1,1,1,4332.51,18651.9,1055.69,46.3844,0.482746,963.974,282897,100.891,23.1957,0.267264,77.4277,100.69,23.1887,0.0718272,77.4295,201.581,0,0,0
800,2,0,28,1,0,0,-1,-1,1033.38,23.1957,0.267264,964.368,282895,-1,-1,-1,-1,-1,-1,-1,-1,-1,0,0,0
800,2,0,29,1,1,1,4318.86,18648.6,1055.81,46.3844,0.482746,964.093,282895,98.6924,23.1957,0.267264,75.2295,60.5477,23.1887,0.0718272,37.2872,159.24,0,0,0
800,2,0,30,1,1,1,4317.9,18632.2,1055.87,46.3844,0.482746,964.155,282894,76.1812,23.1957,0.267264,52.7182,100.571,23.1887,0.0718272,77.3104,176.752,0,0,0
800,2,0,31,1,1,1,4367.16,18712.8,1056.05,46.3844,0.821837,964,282890,103.302,23.1957,0.462701,79.644,110.075,23.1887,0.0718272,86.8145,213.377,0,0,0
800,2,0,32,1,1,1,4354.71,18671.1,1056.08,46.3844,0.770054,964.074,282890,102.232,23.1957,0.267264,78.7687,110.246,23.1887,0.0718272,86.9859,212.478,0,0,0
800,2,0,33,1,1,1,4323.91,18639,1055.87,46.3844,0.482746,964.155,282894,105.35,23.1957,0.267264,81.8874,58.8403,23.1887,0.0718272,35.5798,164.191,0,0,0
800,2,0,34,1,1,1,4331.4,24648.3,1061.31,52.1883,0.571277,963.879,282897,236.93,28.9996,0.355795,207.368,93.6441,23.1887,0.0718272,70.3836,330.574,0,0,0
800,2,0,35,1,1,1,4350.01,18685.7,1055.91,46.3844,0.536198,964.137,282893,101.835,23.1957,0.302342,78.3373,109.348,23.1887,0.0902016,86.0691,211.183,0,0,0
800,2,0,36,1,1,1,4329.99,18654.5,1055.77,46.3844,0.482746,964.054,282896,94.2129,23.1957,0.267264,70.75,106.942,23.1887,0.0718272,83.6814,201.155,0,0,0
800,2,0,37,1,1,1,4321.5,18638.2,1055.85,46.3844,0.482746,964.133,282894,88.3094,23.1957,0.267264,64.8465,107.167,23.1887,0.0718272,83.907,195.477,0,0,0
800,2,0,38,1,1,1,4325.51,18657.4,1055.95,46.3844,0.482746,964.232,282893,104.69,23.1957,0.267264,81.2268,113.279,23.1887,0.0718272,90.018,217.968,0,0,0
800,2,0,39,1,1,1,4320.9,18638.1,1055.93,46.3844,0.482746,964.213,282893,56.1984,23.1957,0.267264,32.7355,97.9377,23.1887,0.0718272,74.6772,154.136,0,0,0
800,2,0,40,1,1,1,4331.69,18661.8,1055.91,46.3844,0.50112,964.173,282893,101.721,23.1957,0.267264,78.2579,108.63,23.1887,0.0902016,85.3508,210.351,0,0,0
800,2,0,41,1,1,1,4316.94,18655.7,1055.83,46.3844,0.482746,964.113,282895,100.317,23.1957,0.267264,76.8538,109.138,23.1887,0.0718272,85.8778,209.455,0,0,0
800,2,0,42,1,1,1,4319.75,18661.9,1055.87,46.3844,0.482746,964.155,282894,107.922,23.1957,0.267264,84.4592,66.7833,23.1887,0.0718272,43.5228,174.705,0,0,0
800,2,0,43,1,1,1,4326.23,18662.7,1055.81,46.3844,0.517824,964.057,282895,107.268,23.1957,0.302342,83.7698,95.9506,23.1887,0.0718272,72.6901,203.218,0,0,0
800,2,0,44,1,1,1,4319.53,18642.4,1055.93,46.3844,0.482746,964.213,282893,100.109,23.1957,0.267264,76.6462,102.332,23.1887,0.0718272,79.0719,202.442,0,0,0
800,2,0,45,1,1,1,4321.58,18646.5,1055.85,46.3844,0.482746,964.135,282894,105.702,23.1957,0.267264,82.2393,112.183,23.1887,0.0718272,88.9225,217.885,0,0,0
800,2,0,46,1,1,1,4334.19,18667,1055.84,46.3844,0.587981,964.018,282894,112.98,23.1957,0.372499,89.4116,67.6766,23.1887,0.0718272,44.4161,180.656,0,0,0
800,2,0,47,1,1,1,4336.12,18654.3,1055.91,46.3844,0.482746,964.193,282893,113.824,23.1957,0.267264,90.3609,82.1656,23.1887,0.0718272,58.9051,195.989,0,0,0
800,2,0,48,1,1,1,4316.94,18644.8,1055.71,46.3844,0.482746,963.994,282897,97.8622,23.1957,0.267264,74.3993,61.8201,23.1887,0.0718272,38.5596,159.682,0,0,0
800,2,0,49,1,1,1,4316.62,18655.2,1055.87,46.3844,0.678182,963.956,282894,111.473,23.1957,0.462701,87.8143,98.5965,23.1887,0.0718272,75.336,210.069,0,0,0
800,2,0,50,1,1,1,4316.94,18635.6,1055.67,46.3844,0.482746,963.955,282898,61.2825,23.1957,0.267264,37.8196,101.634,23.1887,0.0718272,78.3734,162.916,0,0,0
800,2,0,51,1,1,1,4316.94,18663.9,1055.96,46.3844,0.517824,964.213,282892,101.76,23.1957,0.302342,78.2615,99.6396,23.1887,0.0718272,76.3791,201.399,0,0,0
800,2,0,52,1,1,1,4328.97,18666.7,1055.71,46.3844,0.678182,963.799,282896,103.746,23.1957,0.462701,80.088,112.587,23.1887,0.0718272,89.3268,216.334,0,0,0
800,2,0,53,1,1,1,4319.82,18636.2,1055.65,46.3844,0.482746,963.936,282898,108.881,23.1957,0.267264,85.4176,108.351,23.1887,0.0718272,85.0909,217.232,0,0,0
800,2,0,54,1,1,1,4328.84,18666.7,1055.93,46.3844,0.482746,964.213,282893,107.079,23.1957,0.267264,83.6164,95.7792,23.1887,0.0718272,72.5187,202.859,0,0,0
800,2,0,55,1,1,1,4323.34,18635.6,1055.81,46.3844,0.482746,964.093,282895,51.9788,23.1957,0.267264,28.5158,102.224,23.1887,0.0718272,78.9636,154.203,0,0,0
800,2,0,56,1,1,1,4325.77,18652.7,1055.81,46.3844,0.482746,964.093,282895,102.436,23.1957,0.267264,78.9726,109.936,23.1887,0.0718272,86.6755,212.372,0,0,0
800,2,0,57,1,1,1,4327.94,18663.9,1055.85,46.3844,0.517824,964.095,282894,112.401,23.1957,0.302342,88.9026,66.9114,23.1887,0.0718272,43.6509,179.312,0,0,0
800,2,0,58,1,1,1,4319.33,18645.5,1055.93,46.3844,0.482746,964.213,282893,109.98,23.1957,0.267264,86.5167,106.956,23.1887,0.0718272,83.6958,216.936,0,0,0
800,2,0,59,1,1,1,4324.24,18648.8,1055.93,46.3844,0.482746,964.213,282893,100.461,23.1957,0.267264,76.9982,113.091,23.1887,0.0718272,89.8303,213.552,0,0,0
800,2,0,60,1,1,1,4317.58,18637.5,1055.73,46.3844,0.482746,964.016,282897,68.0758,23.1957,0.267264,44.6129,102.453,23.1887,0.0718272,79.1928,170.529,0,0,0
800,2,0,61,1,1,1,4316.3,18630.5,1055.93,46.3844,0.482746,964.213,282893,65.8902,23.1957,0.267264,42.4272,100.658,23.1887,0.0718272,77.397,166.548,0,0,0
800,2,0,62,1,1,1,4320.87,18637.3,1055.8,46.3844,0.6264,963.938,282895,66.3613,23.1957,0.267264,42.8983,101.917,23.1887,0.0718272,78.6568,168.279,0,0,0
800,2,0,63,1,1,1,4393.43,18728.2,1055.9,46.3952,0.698227,963.958,282893,103.913,23.2065,0.320717,80.3858,110.721,23.1887,0.0902016,87.4426,214.634,0,0,0
800,2,0,64,1,1,2,10328,24642.8,1078.33,69.5741,0.519494,964.093,282894,101.25,23.1957,0.267264,77.7869,243.809,46.3784,0.108576,197.322,345.059,1,0,0
800,2,0,65,1,1,1,4328.1,18644.9,1055.91,46.3844,0.482746,964.193,282893,103.535,23.1957,0.267264,80.0718,111.95,23.1887,0.0718272,88.6897,215.485,0,0,0
800,2,0,66,1,1,1,4352.69,18671.3,1055.69,46.3844,0.552902,963.904,282897,73.9486,23.1957,0.267264,50.4857,99.9769,23.1887,0.141984,76.6462,173.926,0,0,0
800,2,0,67,1,1,2,4387.72,18703.5,1078.18,69.5741,0.768384,963.689,282896,63.6468,23.1957,0.267264,40.1839,123.721,46.3784,0.357466,76.9855,187.368,1,0,0
800,2,0,68,1,1,1,4317.58,18631.8,1055.87,46.3844,0.482746,964.153,282894,99.3891,23.1957,0.267264,75.9261,59.7247,23.1887,0.0718272,36.4642,159.114,0,0,0
800,2,0,69,1,1,1,4315.66,18629.8,1055.85,46.3844,0.482746,964.135,282894,63.9464,23.1957,0.267264,40.4835,101.614,23.1887,0.0718272,78.3536,165.561,0,0,0
800,2,0,70,1,1,1,4327.15,18652.2,1055.93,46.3844,0.482746,964.213,282893,102.15,23.1957,0.267264,78.6875,65.1319,23.1887,0.0718272,41.8714,167.282,0,0,0
800,2,0,71,1,1,1,4339.5,18673.2,1055.89,46.3844,0.517824,964.135,282894,67.9946,23.1957,0.267264,44.5316,102.389,23.1887,0.106906,79.0936,170.384,0,0,0
800,2,0,72,1,1,1,4319.09,18656.3,1055.84,46.3844,0.696557,963.911,282894,111.061,23.1957,0.462701,87.4029,104.497,23.1887,0.0902016,81.2178,215.558,0,0,0
800,2,0,73,1,0,0,-1,-1,1033.44,23.1957,0.302342,964.388,282894,-1,-1,-1,-1,-1,-1,-1,-1,-1,0,0,0
800,2,0,74,1,1,1,4319.75,18656,1056.04,46.3844,0.873619,963.936,282890,110.686,23.1957,0.658138,86.8325,66.1714,23.1887,0.0718272,42.9109,176.858,0,0,0
800,2,0,75,1,1,1,4318.22,18636.5,1055.89,46.3844,0.482746,964.173,282894,78.6104,23.1957,0.267264,55.1475,39.3683,23.1887,0.0718272,16.1078,117.979,0,0,0
800,2,0,76,1,0,0,-1,-1,1033.42,23.1957,0.267264,964.406,282895,-1,-1,-1,-1,-1,-1,-1,-1,-1,0,0,0
800,2,0,77,1,0,0,-1,-1,1038.97,28.9996,0.516154,964.079,282895,-1,-1,-1,-1,-1,-1,-1,-1,-1,0,0,0
800,2,0,78,1,1,1,4327.69,18660.2,1055.87,46.3844,0.517824,964.115,282894,98.4199,23.1957,0.267264,74.957,60.4239,23.1887,0.106906,37.1283,158.844,0,0,0
800,2,0,79,1,1,1,4325.83,18642.7,1055.87,46.3844,0.482746,964.155,282894,108.911,23.1957,0.267264,85.4483,109.33,23.1887,0.0718272,86.0691,218.241,0,0,0
800,2,0,80,1,1,1,4322.18,18645.7,1055.75,46.3844,0.517824,964.001,282896,52.2557,23.1957,0.302342,28.7577,100.365,23.1887,0.0718272,77.1047,152.621,0,0,0
800,2,0,81,1,1,1,4329.64,18710.6,1056.01,46.3844,0.678182,964.097,282891,101.797,23.1957,0.462701,78.1388,104.02,23.1887,0.0718272,80.7594,205.817,0,0,0
800,2,0,82,1,1,2,10327.9,24644.6,1078.34,69.5741,0.519494,964.095,282894,102.871,23.1957,0.267264,79.4076,259.751,46.3784,0.108576,213.264,362.622,1,0,0
800,2,0,83,1,1,1,4316.94,18634.2,1055.87,46.3844,0.482746,964.155,282894,109.438,23.1957,0.267264,85.9753,63.7025,23.1887,0.0718272,40.442,173.141,0,0,0
800,2,0,84,1,1,1,4316.62,18654.9,1055.81,46.3844,0.482746,964.093,282895,112.58,23.1957,0.267264,89.1174,71.9017,23.1887,0.0718272,48.6412,184.482,0,0,0
800,2,0,85,1,1,1,4314.7,18635.8,1055.93,46.3844,0.482746,964.213,282893,94.5234,23.1957,0.267264,71.0604,106.843,23.1887,0.0718272,83.5821,201.366,0,0,0
800,2,0,86,1,1,1,4317.26,18661.8,1055.85,46.3844,0.678182,963.942,282894,100.214,23.1957,0.462701,76.556,109.703,23.1887,0.0718272,86.4427,209.918,0,0,0
800,2,0,87,1,1,1,4332.27,18653.9,1055.89,46.3844,0.482746,964.175,282894,88.7769,23.1957,0.267264,65.3139,106.72,23.1887,0.0718272,83.4594,195.497,0,0,0
800,2,0,88,1,1,1,4337.19,18662.9,1055.93,46.3844,0.661478,964.039,282892,56.4465,23.1957,0.302342,32.9484,98.3655,23.1887,0.0718272,75.1049,154.812,0,0,0
800,2,0,89,1,1,1,4328.39,18661.8,1055.73,46.3844,0.552902,963.944,282896,100.087,23.1957,0.302342,76.5885,110.356,23.1887,0.106906,87.0599,210.442,0,0,0
800,2,0,90,1,1,1,4321.42,18730,1055.63,46.3844,0.552902,963.841,282898,105.606,23.1957,0.337421,82.0733,54.664,23.1887,0.0718272,31.4035,160.27,0,0,0
800,2,0,91,1,1,1,4321.53,18668.9,1055.88,46.3844,0.713261,963.938,282893,98.2931,23.1957,0.497779,74.5996,51.2493,23.1887,0.0718272,27.9888,149.542,0,0,0
800,2,0,92,1,1,1,4320.38,24653.4,1061.48,52.1883,0.696557,963.922,282894,234.819,28.9996,0.481075,205.123,64.3757,23.1887,0.0718272,41.1151,299.194,0,0,0
800,2,0,93,1,1,1,4322.54,18667.4,1055.85,46.3844,0.482746,964.133,282894,107.357,23.1957,0.267264,83.8943,98.5243,23.1887,0.0718272,75.2638,205.882,0,0,0
800,2,0,94,1,1,2,4339.77,18675.7,1078.2,69.5741,0.733306,963.743,282896,102.898,23.1957,0.267264,79.4347,130.994,46.3784,0.322387,84.2932,233.892,1,0,0
800,2,0,95,1,1,1,4319.98,18643.8,1056.02,46.3844,0.517824,964.269,282891,98.6066,23.1957,0.302342,75.1086,109.099,23.1887,0.0718272,85.8381,207.705,0,0,0
800,2,0,96,1,1,1,4328.26,18651.4,1055.85,46.3844,0.517824,964.097,282894,55.7671,23.1957,0.267264,32.3041,103.264,23.1887,0.106906,79.9689,159.032,0,0,0
800,2,0,97,1,1,1,4320.81,18660.1,1055.84,46.3844,0.552902,964.057,282894,69.3913,23.1957,0.337421,45.8582,102.109,23.1887,0.0718272,78.8481,171.5,0,0,0
800,2,0,98,1,1,1,4326.5,18651,1055.95,46.3844,0.678182,964.039,282892,66.9195,23.1957,0.462701,43.2611,102.421,23.1887,0.0718272,79.1603,169.34,0,0,0
800,2,0,99,1,1,1,4320.5,18642.7,1055.91,46.3844,0.482746,964.195,282893,59.3298,23.1957,0.267264,35.8668,99.4249,23.1887,0.0718272,76.1644,158.755,0,0,0
800,2,0,100,1,1,1,4317.26,18631.4,1055.91,46.3844,0.482746,964.193,282893,72.7719,23.1957,0.267264,49.3089,101.749,23.1887,0.0718272,78.4889,174.521,0,0,0
800,2,0,101,1,1,1,4319.18,24638.1,1061.66,52.1883,0.891994,963.904,282890,229.168,28.9996,0.676512,199.263,106.884,23.1887,0.0718272,83.6236,336.052,0,0,0
800,2,0,102,1,1,1,4342.2,18674.5,1055.75,46.3844,0.482746,964.036,282896,111.263,23.1957,0.267264,87.7999,73.7769,23.1887,0.0718272,50.5164,185.04,0,0,0
800,2,0,103,1,1,1,4316.94,18628.2,1055.85,46.3844,0.482746,964.133,282894,106.123,23.1957,0.267264,82.6598,61.7587,23.1887,0.0718272,38.4982,167.882,0,0,0
800,2,0,104,1,1,1,4384.22,18718.3,1055.97,46.3844,0.913709,963.825,282891,102.044,23.1957,0.267264,78.581,111.43,23.1887,0.0718272,88.1699,213.474,0,0,0
800,2,0,105,1,1,1,4330.82,18702.4,1056.32,46.3844,0.873619,964.213,282885,102.323,23.1957,0.658138,78.4691,104.392,23.1887,0.0718272,81.1312,206.715,0,0,0
800,2,0,106,1,1,1,4319.3,18636.6,1055.89,46.3844,0.482746,964.175,282894,110.689,23.1957,0.267264,87.226,105.076,23.1887,0.0718272,81.8152,215.765,0,0,0
800,2,0,107,1,1,1,4329.36,18642.6,1055.95,46.3844,0.482746,964.232,282893,65.6068,23.1957,0.267264,42.1439,101.542,23.1887,0.0718272,78.2814,167.149,0,0,0
800,2,0,108,1,1,1,4336.42,18659.5,1056.08,46.3844,0.770054,964.077,282890,78.2603,23.1957,0.267264,54.7973,100.41,23.1887,0.0718272,77.1498,178.671,0,0,0
800,2,0,109,1,1,1,4326.66,18657.2,1055.9,46.3844,0.552902,964.115,282893,105.64,23.1957,0.302342,82.1419,59.3808,23.1887,0.106906,36.0852,165.021,0,0,0
800,2,0,110,1,1,1,4324.07,18639.5,1055.71,46.3844,0.517824,963.956,282897,112.198,23.1957,0.267264,88.7348,75.8676,23.1887,0.106906,52.572,188.065,0,0,0
800,2,0,111,1,1,1,4315.02,18639.5,1055.95,46.3844,0.482746,964.232,282893,105.551,23.1957,0.267264,82.0877,113.333,23.1887,0.0718272,90.0722,218.883,0,0,0
800,2,0,112,1,1,1,4313.74,18636.5,1055.91,46.3844,0.482746,964.193,282893,67.0651,23.1957,0.267264,43.6022,100.907,23.1887,0.0718272,77.6461,167.972,0,0,0
800,2,0,113,1,1,1,4320.58,18664.7,1055.8,46.3844,0.552902,964.012,282895,112.024,23.1957,0.337421,88.4911,105.152,23.1887,0.0718272,81.891,217.176,0,0,0
800,2,0,114,1,1,1,4317.93,18632.1,1055.87,46.3844,0.482746,964.153,282894,67.3756,23.1957,0.267264,43.9126,100.735,23.1887,0.0718272,77.4746,168.111,0,0,0
800,2,0,115,1,1,1,4315.02,18636.6,1055.85,46.3844,0.482746,964.135,282894,107.305,23.1957,0.267264,83.842,66.6443,23.1887,0.0718272,43.3838,173.949,0,0,0
800,2,0,116,1,1,1,4344.9,18685.5,1055.78,46.3844,0.517824,964.03,282895,111.038,23.1957,0.302342,87.54,104.144,23.1887,0.0718272,80.8839,215.182,0,0,0
800,2,0,117,1,1,1,4316.62,18633.5,1055.83,46.3844,0.482746,964.115,282895,83.7776,23.1957,0.267264,60.3146,43.6584,23.1887,0.0718272,20.3978,127.436,0,0,0
800,2,0,118,1,1,1,4316.62,18631.5,1055.87,46.3844,0.482746,964.153,282894,76.8959,23.1957,0.267264,53.4329,38.3089,23.1887,0.0718272,15.0484,115.205,0,0,0
800,2,0,119,1,1,1,4345.07,18691.8,1055.61,46.3844,0.536198,963.837,282898,111.538,23.1957,0.302342,88.0399,106.877,23.1887,0.0902016,83.5983,218.415,0,0,0
800,2,0,120,1,1,1,4315.34,18638.5,1055.69,46.3844,0.482746,963.976,282897,95.7488,23.1957,0.267264,72.2858,61.2931,23.1887,0.0718272,38.0326,157.042,0,0,0
800,2,0,121,1,1,1,4315.02,18632.2,1055.71,46.3844,0.482746,963.994,282897,99.1545,23.1957,0.267264,75.6915,60.7209,23.1887,0.0718272,37.4604,159.875,0,0,0
800,2,0,122,1,1,1,4316.62,18638.5,1055.71,46.3844,0.517824,963.956,282897,102.722,23.1957,0.302342,79.2235,52.3088,23.1887,0.0718272,29.0483,155.03,0,0,0
800,2,0,123,1,1,1,4315.02,18633.1,1055.81,46.3844,0.482746,964.093,282895,69.6352,23.1957,0.267264,46.1722,99.2787,23.1887,0.0718272,76.0182,168.914,0,0,0
800,2,0,124,1,1,1,4317.38,18640.5,1055.75,46.3844,0.482746,964.034,282896,112.171,23.1957,0.267264,88.7077,102.486,23.1887,0.0718272,79.2253,214.657,0,0,0
800,2,0,125,1,1,1,4330.56,18646.6,1055.91,46.3844,0.482746,964.193,282893,100.907,23.1957,0.267264,77.444,111.844,23.1887,0.0718272,88.5832,212.751,0,0,0
800,2,0,126,1,1,1,4316.62,18655.6,1055.93,46.3844,0.482746,964.213,282893,76.2678,23.1957,0.267264,52.8048,37.8938,23.1887,0.0718272,14.6333,114.162,0,0,0
800,2,0,127,1,1,1,4331.71,18648,1055.75,46.3844,0.482746,964.036,282896,105.773,23.1957,0.267264,82.3097,111.658,23.1887,0.0718272,88.3973,217.43,0,0,0
800,2,0,128,1,1,1,4330.89,18655.7,1056.08,46.3844,0.713261,964.135,282890,100.461,23.1957,0.497779,76.7672,98.3185,23.1887,0.0718272,75.058,198.779,0,0,0
800,2,0,129,1,1,1,4318.86,18633,1055.97,46.3844,0.482746,964.252,282892,103.62,23.1957,0.267264,80.1566,55.312,23.1887,0.0718272,32.0514,158.931,0,0,0
800,2,0,130,1,1,1,4322.98,18642.7,1055.69,46.3844,0.482746,963.974,282897,51.6684,23.1957,0.267264,28.2054,101.793,23.1887,0.0718272,78.5323,153.461,0,0,0
800,2,0,131,1,1,1,4332.84,18654.8,1055.87,46.3844,0.482746,964.153,282894,85.7286,23.1957,0.267264,62.2656,46.0046,23.1887,0.0718272,22.7441,131.733,0,0,0
800,2,0,132,1,1,1,4316.62,18631.8,1055.87,46.3844,0.482746,964.153,282894,93.0795,23.1957,0.267264,69.6166,49.0078,23.1887,0.0718272,25.7473,142.087,0,0,0
800,2,0,133,1,1,1,4334.02,18684.1,1055.94,46.3844,0.517824,964.193,282893,104.284,23.1957,0.302342,80.7865,109.243,23.1887,0.0718272,85.9825,213.527,0,0,0
800,2,0,134,1,1,1,4321.29,18663.2,1055.79,46.3844,0.552902,964.001,282895,111.201,23.1957,0.337421,87.6682,67.4962,23.1887,0.0718272,44.2356,178.697,0,0,0
800,2,0,135,1,1,1,4330.89,18644.7,1055.59,46.3844,0.517824,963.839,282899,107.074,23.1957,0.267264,83.611,114.364,23.1887,0.106906,91.0684,221.438,0,0,0
800,2,0,136,1,1,1,4329.99,24674.5,1061.51,52.1883,0.96215,963.691,282892,239.326,28.9996,0.71159,209.411,76.9595,23.1887,0.106906,53.6639,316.286,0,0,0
800,2,0,137,1,1,1,4327.81,18660.4,1055.94,46.3844,0.517824,964.193,282893,99.2682,23.1957,0.267264,75.8052,100.169,23.1887,0.106906,76.8737,199.437,0,0,0
800,2,0,138,1,1,1,4325.51,18641.3,1055.87,46.3844,0.482746,964.153,282894,82.0486,23.1957,0.267264,58.5856,104.926,23.1887,0.0718272,81.6654,186.974,0,0,0
800,2,0,139,1,1,1,4316.94,18633.4,1055.89,46.3844,0.482746,964.173,282894,99.4811,23.1957,0.267264,76.0182,109.967,23.1887,0.0718272,86.7062,209.448,0,0,0
800,2,0,140,1,1,1,4316.3,18634.3,1055.87,46.3844,0.482746,964.153,282894,106.188,23.1957,0.267264,82.7248,65.944,23.1887,0.0718272,42.6835,172.132,0,0,0
800,2,0,141,1,1,1,4331.13,18671.5,1055.63,46.3844,0.517824,963.882,282898,106.941,23.1957,0.302342,83.4431,65.9476,23.1887,0.0718272,42.6871,172.889,0,0,0
800,2,0,142,1,1,1,4316.55,18634.7,1055.87,46.3844,0.482746,964.155,282894,111.479,23.1957,0.267264,88.0165,104.561,23.1887,0.0718272,81.3008,216.041,0,0,0
800,2,0,143,1,1,1,4318.54,18659.1,1055.75,46.3844,0.482746,964.036,282896,104.186,23.1957,0.267264,80.7233,64.058,23.1887,0.0718272,40.7975,168.244,0,0,0
800,2,0,144,1,1,1,4317.45,18657.8,1055.97,46.3844,0.482746,964.252,282892,92.0345,23.1957,0.267264,68.5716,48.5024,23.1887,0.0718272,25.2419,140.537,0,0,0
800,2,0,145,1,1,1,4314.7,18631.6,1055.81,46.3844,0.482746,964.095,282895,111.463,23.1957,0.267264,88.0002,104.744,23.1887,0.0718272,81.4831,216.207,0,0,0
800,2,0,146,1,1,1,4319.24,18640.4,1055.63,46.3844,0.482746,963.915,282898,79.4172,23.1957,0.267264,55.9542,102.719,23.1887,0.0718272,79.4581,182.136,0,0,0
800,2,0,147,1,1,1,4319.11,18645.4,1055.89,46.3844,0.482746,964.173,282894,99.3115,23.1957,0.267264,75.8485,61.5439,23.1887,0.0718272,38.2834,160.855,0,0,0
800,2,0,148,1,1,1,4317.28,18634.5,1055.93,46.3844,0.482746,964.213,282893,70.4293,23.1957,0.267264,46.9663,103.446,23.1887,0.0718272,80.1855,173.875,0,0,0
800,2,0,149,1,1,1,4318.86,18663.8,1055.91,46.3844,0.482746,964.193,282893,99.649,23.1957,0.267264,76.186,61.0945,23.1887,0.0718272,37.834,160.744,0,0,0
800,2,0,150,1,1,1,4315.02,18629.9,1055.87,46.3844,0.482746,964.153,282894,98.0211,23.1957,0.267264,74.5581,61.4086,23.1887,0.0718272,38.1481,159.43,0,0,0
800,2,0,151,1,1,1,4317,18634.3,1055.83,46.3844,0.482746,964.115,282895,112.869,23.1957,0.267264,89.4062,78.1373,23.1887,0.0718272,54.8767,191.006,0,0,0
800,2,0,152,1,1,1,4339.75,18660.9,1055.87,46.3844,0.517824,964.115,282894,55.6343,23.1957,0.302342,32.1363,99.1433,23.1887,0.0718272,75.8828,154.778,0,0,0
800,2,0,153,1,1,1,4345.88,18666.2,1055.93,46.3844,0.517824,964.175,282893,64.7099,23.1957,0.267264,41.2469,102.885,23.1887,0.106906,79.5899,167.595,0,0,0
800,2,0,154,1,1,1,4329.46,18644.6,1055.9,46.3952,0.50112,964.153,282894,68.845,23.2065,0.285638,45.3528,101.343,23.1887,0.0718272,78.0829,170.188,0,0,0
800,2,0,155,1,1,1,4342.74,18667.4,1055.69,46.3844,0.482746,963.976,282897,103.13,23.1957,0.267264,79.6675,114.046,23.1887,0.0718272,90.785,217.176,0,0,0
800,2,0,156,1,1,1,4320.27,18637.1,1055.91,46.3844,0.482746,964.193,282893,84.6457,23.1957,0.267264,61.1827,108.694,23.1887,0.0718272,85.4338,193.34,0,0,0
800,2,0,157,1,1,1,4325.08,18638.6,1055.63,46.3844,0.482746,963.915,282898,69.9257,23.1957,0.267264,46.4628,103.152,23.1887,0.0718272,79.8913,173.078,0,0,0
800,2,0,158,1,1,1,4320.27,18659.5,1055.85,46.3844,0.678182,963.942,282894,98.9276,23.1957,0.462701,75.2692,109.537,23.1887,0.0718272,86.2767,208.465,0,0,0
800,2,0,159,1,1,1,4335.6,18675.1,1055.65,46.3844,0.50112,963.915,282898,64.921,23.1957,0.267264,41.4581,98.9217,23.1887,0.0902016,75.6428,163.843,0,0,0
800,2,0,160,1,1,1,4325.74,18646.8,1055.68,46.3844,0.678182,963.763,282897,107.555,23.1957,0.462701,83.8961,98.5261,23.1887,0.0718272,75.2656,206.081,0,0,0
800,2,0,161,1,1,1,4316.23,18630.4,1055.85,46.3844,0.482746,964.135,282894,65.1683,23.1957,0.267264,41.7053,99.6902,23.1887,0.0718272,76.4297,164.858,0,0,0
800,2,0,162,1,1,1,4326.6,18642.8,1055.83,46.3844,0.482746,964.113,282895,62.1705,23.1957,0.267264,38.7075,105.303,23.1887,0.0718272,82.0426,167.474,0,0,0
800,2,0,163,1,1,1,4338.48,18669,1055.89,46.3844,0.482746,964.175,282894,107.514,23.1957,0.267264,84.0513,110.059,23.1887,0.0718272,86.7982,217.573,0,0,0
800,2,0,164,1,1,1,4324.77,18649.7,1056.06,46.3844,0.678182,964.153,282890,99.969,23.1957,0.462701,76.3106,64.7781,23.1887,0.0718272,41.5176,164.747,0,0,0
800,2,0,165,1,1,1,4315.98,18636.7,1055.89,46.3844,0.482746,964.173,282894,112.447,23.1957,0.267264,88.9839,97.9937,23.1887,0.0718272,74.7332,210.44,0,0,0
800,2,0,166,1,1,1,4321.27,18670.1,1055.95,46.3844,0.482746,964.232,282893,107.707,23.1957,0.267264,84.2445,99.2408,23.1887,0.0718272,75.9803,206.948,0,0,0
800,2,0,167,1,1,1,4350.22,24691.6,1061.62,52.1883,0.858586,963.902,282890,226.298,28.9996,0.355795,196.702,104.632,23.1887,0.0718272,81.3712,330.93,0,0,0
800,2,0,168,1,1,1,4314.7,18634,1055.89,46.3844,0.482746,964.173,282894,107.92,23.1957,0.267264,84.4574,67.5557,23.1887,0.0718272,44.2952,175.476,0,0,0
800,2,0,169,1,1,1,4321.82,18643,1055.91,46.3844,0.482746,964.193,282893,64.3868,23.1957,0.267264,40.9238,98.8888,23.1887,0.0718272,75.6283,163.276,0,0,0
800,2,0,170,1,1,1,4324.23,18644.9,1056.03,46.3844,0.678182,964.115,282891,71.722,23.1957,0.462701,48.0636,104.088,23.1887,0.0718272,80.828,175.811,0,0,0
800,2,0,171,1,1,1,4361.67,18705.3,1055.94,46.3844,0.587981,964.115,282892,113.9,23.1957,0.302342,90.4024,91.3608,23.1887,0.141984,68.0301,205.261,0,0,0
800,2,0,172,1,1,1,4325.83,18655.2,1055.93,46.3844,0.482746,964.213,282893,110.458,23.1957,0.267264,86.995,105.734,23.1887,0.0718272,82.4739,216.192,0,0,0
800,2,0,173,1,1,1,4329.64,18659.6,1056.05,46.3844,0.6264,964.193,282890,102.591,23.1957,0.267264,79.1278,110.422,23.1887,0.0718272,87.161,213.012,0,0,0
800,2,0,174,1,0,0,-1,-1,1033.48,23.1957,0.267264,964.465,282893,-1,-1,-1,-1,-1,-1,-1,-1,-1,0,0,0
800,2,0,175,1,1,1,4316.94,18645.4,1055.93,46.3844,0.482746,964.213,282893,107.964,23.1957,0.267264,84.5007,108.92,23.1887,0.0718272,85.6594,216.884,0,0,0
800,2,0,176,1,1,1,4316.94,18634.1,1055.89,46.3844,0.482746,964.173,282894,107.951,23.1957,0.267264,84.4881,66.6966,23.1887,0.0718272,43.4361,174.648,0,0,0
800,2,0,177,1,1,1,4322.15,18646.6,1055.86,46.3844,0.6264,963.998,282894,110.644,23.1957,0.267264,87.1809,79.8951,23.1887,0.0718272,56.6346,190.539,0,0,0
800,2,0,178,1,1,1,4322.65,18648.6,1055.87,46.3844,0.482746,964.153,282894,112.006,23.1957,0.267264,88.5435,99.941,23.1887,0.0718272,76.6805,211.947,0,0,0
800,2,0,179,1,1,1,4315.34,18631.9,1055.77,46.3844,0.482746,964.054,282896,66.6446,23.1957,0.267264,43.1816,101.867,23.1887,0.0718272,78.6063,168.511,0,0,0
800,2,0,180,1,1,1,4315.98,18644.1,1055.93,46.3844,0.482746,964.213,282893,104.443,23.1957,0.267264,80.9796,65.0037,23.1887,0.0718272,41.7432,169.446,0,0,0
800,2,0,181,1,1,1,4346.19,18675.6,1055.8,46.3844,0.6264,963.936,282895,111.046,23.1957,0.267264,87.5833,106.727,23.1887,0.0718272,83.4666,217.773,0,0,0
800,2,0,182,1,1,1,4316.3,18654.4,1055.89,46.3844,0.482746,964.175,282894,100.38,23.1957,0.267264,76.917,64.428,23.1887,0.0718272,41.1675,164.808,0,0,0
800,2,0,183,1,1,1,4317.99,18670.5,1055.85,46.3844,0.482746,964.133,282894,101.216,23.1957,0.267264,77.7526,112.542,23.1887,0.0718272,89.2817,213.758,0,0,0
800,2,0,184,1,1,1,4330.83,18656.4,1055.75,46.3844,0.482746,964.036,282896,105.148,23.1957,0.267264,81.6852,111.932,23.1887,0.0718272,88.6716,217.08,0,0,0
800,2,0,185,1,1,1,4352.42,18675.9,1055.73,46.3844,0.6264,963.871,282896,100.93,23.1957,0.267264,77.4674,98.1543,23.1887,0.0718272,74.8938,199.085,0,0,0
800,2,0,186,1,1,1,4321.81,18646.2,1055.93,46.3844,0.482746,964.213,282893,100.304,23.1957,0.267264,76.8412,114.939,23.1887,0.0718272,91.6784,215.243,0,0,0
800,2,0,187,1,1,1,4318.33,18651.8,1055.85,46.3844,0.482746,964.135,282894,97.4074,23.1957,0.267264,73.9445,61.9951,23.1887,0.0718272,38.7346,159.403,0,0,0
800,2,0,188,1,1,1,4341.83,18656.4,1055.97,46.3844,0.482746,964.252,282892,102.448,23.1957,0.267264,78.9853,111.526,23.1887,0.0718272,88.2655,213.974,0,0,0
800,2,0,189,1,1,1,4360.75,18690.3,1055.85,46.3844,0.696557,963.92,282894,100.317,23.1957,0.267264,76.8538,115.343,23.1887,0.141984,92.0123,215.66,0,0,0
800,2,0,190,1,1,1,4316.94,18636.3,1055.87,46.3844,0.482746,964.155,282894,104.444,23.1957,0.267264,80.9814,64.4081,23.1887,0.0718272,41.1476,168.852,0,0,0
800,2,0,191,1,1,1,4348.11,18691.3,1055.93,46.3844,0.482746,964.213,282893,110.906,23.1957,0.267264,87.4426,101.585,23.1887,0.0718272,78.3247,212.491,0,0,0
800,2,0,192,1,1,1,4320.07,18649.1,1055.63,46.3844,0.482746,963.915,282898,103.286,23.1957,0.267264,79.8227,113.639,23.1887,0.0718272,90.379,216.925,0,0,0
800,2,0,193,1,1,1,4328.08,18645.4,1055.91,46.3844,0.482746,964.193,282893,112.561,23.1957,0.267264,89.0976,67.8553,23.1887,0.0718272,44.5948,180.416,0,0,0
800,2,0,194,1,1,1,4333.73,18655,1055.76,46.3844,0.552902,963.973,282896,104.177,23.1957,0.267264,80.7143,110.445,23.1887,0.141984,87.1141,214.622,0,0,0
800,2,0,195,1,1,1,4327.75,18645.1,1055.69,46.3844,0.482746,963.976,282897,70.0394,23.1957,0.267264,46.5765,99.6017,23.1887,0.0718272,76.3412,169.641,0,0,0
800,2,0,196,1,1,1,4316.3,18648.9,1055.94,46.3844,0.517824,964.193,282893,107.311,23.1957,0.302342,83.8131,66.0487,23.1887,0.0718272,42.7882,173.36,0,0,0
800,2,0,197,1,1,2,10354.7,24673.2,1078.35,69.5741,0.519494,964.113,282894,78.1466,23.1957,0.267264,54.6836,247.421,46.3784,0.108576,200.934,325.567,1,0,0
800,2,0,198,0,0,0,-1,-1,1033.37,23.206,0.516154,964.099,282895,-1,-1,-1,-1,-1,-1,-1,-1,-1,0,0,0
800,2,0,199,1,1,1,4330.38,18724.7,1055.98,46.3844,0.943776,963.799,282891,116.013,23.1957,0.693216,92.1242,84.0307,23.1887,0.106906,60.7351,200.044,0,0,0
800,2,0,200,1,1,1,4336.94,18650.3,1055.89,46.3844,0.482746,964.173,282894,102.291,23.1957,0.267264,78.8282,104.323,23.1887,0.0718272,81.0626,206.614,0,0,0
800,2,0,201,1,0,0,-1,-1,1033.46,23.1957,0.497779,964.214,282893,-1,-1,-1,-1,-1,-1,-1,-1,-1,0,0,0
800,2,0,202,1,1,1,4326.51,18649.9,1055.89,46.3844,0.482746,964.173,282894,99.3674,23.1957,0.267264,75.9045,61.506,23.1887,0.0718272,38.2455,160.873,0,0,0
800,2,0,203,1,1,1,4319.94,18653.7,1055.71,46.3844,0.517824,963.955,282897,99.13,23.1957,0.302342,75.6319,111.997,23.1887,0.0718272,88.7366,211.127,0,0,0
800,2,0,204,1,1,2,10321.2,24636.6,1078.22,69.5741,0.519494,963.974,282896,107.374,23.1957,0.267264,83.9106,240.086,46.3784,0.108576,193.599,347.46,1,0,0
800,2,0,205,1,1,1,4316.94,18640.8,1055.73,46.3844,0.482746,964.016,282897,105.798,23.1957,0.267264,82.335,65.3033,23.1887,0.0718272,42.0428,171.101,0,0,0
800,2,0,206,1,1,1,4336.8,18658.1,1055.83,46.3844,0.482746,964.113,282895,105.773,23.1957,0.267264,82.3097,111.966,23.1887,0.0718272,88.7059,217.739,0,0,0
800,2,0,207,1,1,1,4325.19,18641.2,1055.93,46.3844,0.482746,964.213,282893,71.162,23.1957,0.267264,47.6991,103.423,23.1887,0.0718272,80.162,174.585,0,0,0
800,2,0,208,1,1,1,4341.43,18666.5,1055.71,46.3844,0.482746,963.994,282897,106.491,23.1957,0.267264,83.028,66.1227,23.1887,0.0718272,42.8622,172.614,0,0,0
800,2,0,209,1,1,1,4320.56,18653.6,1055.75,46.3844,0.517824,963.996,282896,60.3557,23.1957,0.302342,36.8576,101.755,23.1887,0.0718272,78.4944,162.111,0,0,0
800,2,0,210,1,1,1,4325.82,18654.3,1055.87,46.3844,0.482746,964.155,282894,98.817,23.1957,0.267264,75.354,109.532,23.1887,0.0718272,86.2712,208.349,0,0,0
800,2,0,211,1,1,1,4317.26,18633.8,1055.83,46.3844,0.482746,964.113,282895,106.946,23.1957,0.267264,83.4828,98.037,23.1887,0.0718272,74.7765,204.983,0,0,0
800,2,0,212,1,1,1,4317.9,18638.4,1055.81,46.3844,0.482746,964.095,282895,52.1467,23.1957,0.267264,28.6837,100.14,23.1887,0.0718272,76.8791,152.286,0,0,0
800,2,0,213,1,1,1,4317.58,18678.5,1055.84,46.3844,0.552902,964.057,282894,105.911,23.1957,0.337421,82.3783,58.131,23.1887,0.0718272,34.8705,164.042,0,0,0
800,2,0,214,1,1,1,4330.8,18645.8,1055.91,46.3844,0.482746,964.193,282893,111.285,23.1957,0.267264,87.8216,106.662,23.1887,0.0718272,83.4016,217.947,0,0,0
800,2,0,215,1,1,1,4357.7,18694.8,1055.84,46.3844,0.801792,963.805,282893,105.456,23.1957,0.462701,81.7971,112.426,23.1887,0.195437,89.0416,217.881,0,0,0
800,2,0,216,1,1,1,4328.14,18642,1055.87,46.3844,0.517824,964.115,282894,64.7442,23.1957,0.267264,41.2812,101.929,23.1887,0.106906,78.6333,166.673,0,0,0
800,2,0,217,1,1,1,4315.34,18676,1055.85,46.3844,0.482746,964.133,282894,112.357,23.1957,0.267264,88.8936,79.7201,23.1887,0.0718272,56.4596,192.077,0,0,0
800,2,0,218,1,1,1,4354.89,18699.1,1055.85,46.3844,0.713261,963.902,282894,102.753,23.1957,0.497779,79.0593,110.503,23.1887,0.0718272,87.2422,213.255,0,0,0
800,2,0,219,1,1,1,4317.26,18633,1055.69,46.3844,0.482746,963.974,282897,98.7231,23.1957,0.267264,75.2602,60.9357,23.1887,0.0718272,37.6752,159.659,0,0,0
800,2,0,220,1,1,1,4343.72,18672.2,1055.86,46.3844,0.696557,963.926,282893,69.727,23.1957,0.337421,46.1939,102.571,23.1887,0.0718272,79.3101,172.298,0,0,0
800,2,0,221,1,1,1,4316.94,18638,1055.91,46.3844,0.678182,963.994,282893,99.2687,23.1957,0.462701,75.6103,63.1285,23.1887,0.0718272,39.868,162.397,0,0,0
800,2,0,222,1,1,1,4333.96,18652.8,1055.75,46.3844,0.482746,964.036,282896,113.217,23.1957,0.267264,89.7545,68.7018,23.1887,0.0718272,45.4413,181.919,0,0,0
800,2,0,223,1,1,1,4323.59,18659.4,1055.85,46.3844,0.482746,964.133,282894,111.436,23.1957,0.267264,87.9732,79.0234,23.1887,0.0718272,55.7629,190.46,0,0,0
800,2,0,224,1,1,1,4317.26,18650.8,1055.85,46.3844,0.482746,964.133,282894,95.7993,23.1957,0.267264,72.3364,62.8777,23.1887,0.0718272,39.6172,158.677,0,0,0
800,2,0,225,1,1,1,4323.91,18646.9,1055.81,46.3844,0.517824,964.056,282895,108.499,23.1957,0.302342,85.0007,66.6768,23.1887,0.0718272,43.4163,175.175,0,0,0
800,2,0,226,1,1,1,4319.62,18635.1,1055.85,46.3844,0.482746,964.133,282894,99.8006,23.1957,0.267264,76.3376,108.629,23.1887,0.0718272,85.3688,208.43,0,0,0
800,2,0,227,1,1,1,4315.66,18662.6,1055.89,46.3844,0.482746,964.173,282894,68.8591,23.1957,0.267264,45.3961,101.203,23.1887,0.0718272,77.9421,170.062,0,0,0
800,2,0,228,1,1,1,4331.08,18673.7,1055.93,46.3844,0.678182,964.016,282893,101.73,23.1957,0.462701,78.072,114.323,23.1887,0.0718272,91.063,216.054,0,0,0
800,2,0,229,1,1,1,4330.62,24651.8,1061.6,52.1883,0.840211,963.902,282891,224.833,28.9996,0.481075,195.11,98.7715,23.1887,0.0718272,75.511,323.604,0,0,0
800,2,0,230,1,1,1,4315.02,18629.8,1055.87,46.3844,0.482746,964.153,282894,65.3921,23.1957,0.267264,41.9291,99.2173,23.1887,0.0718272,75.9568,164.609,0,0,0
800,2,0,231,1,1,1,4323.53,18667.2,1055.63,46.3844,0.517824,963.877,282898,98.9333,23.1957,0.302342,75.4352,111.995,23.1887,0.0718272,88.7348,210.929,0,0,0
800,2,0,232,1,1,1,4318.39,18643.6,1055.9,46.3844,0.587981,964.077,282893,113.175,23.1957,0.372499,89.6065,94.9093,23.1887,0.0718272,71.6488,208.084,0,0,0
800,2,0,233,1,1,1,4324.49,18641.7,1055.85,46.3844,0.482746,964.133,282894,108.036,23.1957,0.267264,84.5729,67.4366,23.1887,0.0718272,44.1761,175.472,0,0,0
800,2,0,234,1,1,1,4334.32,30680.4,1067.09,57.9922,1.14088,963.455,282893,354.081,34.8035,0.890323,317.692,75.8766,23.1887,0.106906,52.581,429.957,0,0,0
800,2,0,235,1,1,1,4323.85,18678.1,1055.89,46.3844,0.482746,964.173,282894,99.7934,23.1957,0.267264,76.3304,64.4839,23.1887,0.0718272,41.2234,164.277,0,0,0
800,2,0,236,1,1,1,4324.62,18642.9,1055.85,46.3844,0.482746,964.133,282894,79.2421,23.1957,0.267264,55.7791,103.051,23.1887,0.0718272,79.7902,182.293,0,0,0
800,2,0,237,1,1,1,4322.44,24643.6,1061.74,52.1883,1.42318,963.455,282887,224.173,28.9996,1.2077,193.722,60.4249,23.1887,0.0718272,37.1644,284.598,0,0,0
800,2,0,238,1,1,1,4326.67,18655.2,1055.81,46.3844,0.482746,964.093,282895,107.132,23.1957,0.267264,83.6687,114.6,23.1887,0.0718272,91.3391,221.731,0,0,0
800,2,0,239,1,1,1,4337.62,18657.9,1055.87,46.3844,0.482746,964.153,282894,113.279,23.1957,0.267264,89.8159,90.7745,23.1887,0.0718272,67.514,204.053,0,0,0
800,2,0,240,1,1,1,4315.98,18641.1,1055.85,46.3844,0.482746,964.135,282894,103.493,23.1957,0.267264,80.0302,110.378,23.1887,0.0718272,87.1177,213.871,0,0,0
800,2,0,241,1,1,1,4325.6,24694.3,1061.29,52.1883,0.606355,963.825,282897,227.216,28.9996,0.390874,197.582,105.352,23.1887,0.0718272,82.0913,332.568,0,0,0
800,2,0,242,1,1,1,4316.3,18632.6,1055.91,46.3844,0.482746,964.193,282893,105.968,23.1957,0.267264,82.5046,110.582,23.1887,0.0718272,87.3216,216.55,0,0,0
800,2,0,243,1,1,1,4322.48,18665.7,1055.77,46.3844,0.517824,964.018,282896,113.583,23.1957,0.302342,90.0848,95.6691,23.1887,0.0718272,72.4086,209.252,0,0,0
800,2,0,244,1,1,1,4327.69,18642.2,1055.69,46.3844,0.482746,963.974,282897,110.664,23.1957,0.267264,87.2007,105.231,23.1887,0.0718272,81.9704,215.895,0,0,0
800,2,0,245,1,1,1,4323.52,24642.1,1061.28,52.1883,0.696557,963.725,282897,118.561,28.9996,0.481075,88.529,102.414,23.1887,0.0718272,79.1531,220.974,0,0,0
800,2,0,246,1,1,1,4326.34,18658.4,1055.86,46.3844,0.552902,964.075,282894,95.6215,23.1957,0.302342,72.1234,62.8315,23.1887,0.106906,39.5359,158.453,0,0,0
800,2,0,247,1,1,1,4323.22,18658,1055.89,46.3844,0.713261,963.942,282893,93.2198,23.1957,0.497779,69.5263,107.198,23.1887,0.0718272,83.9376,200.418,0,0,0
800,2,0,248,1,1,1,4332.23,18663.6,1056,46.3844,0.713261,964.056,282891,112.289,23.1957,0.497779,88.5958,67.2074,23.1887,0.0718272,43.9469,179.497,0,0,0
800,2,0,249,0,0,0,-1,-1,1033.41,23.206,0.516154,964.139,282894,-1,-1,-1,-1,-1,-1,-1,-1,-1,0,0,0
800,2,0,250,1,1,1,4314.7,18639,1055.71,46.3844,0.482746,963.994,282897,98.7231,23.1957,0.267264,75.2602,59.9214,23.1887,0.0718272,36.6609,158.645,0,0,0
800,2,0,251,1,1,1,4328.33,18650.2,1055.76,46.3952,0.50112,964.016,282896,56.0345,23.2065,0.285638,32.5423,98.6723,23.1887,0.0718272,75.4118,154.707,0,0,0
800,2,0,252,1,1,1,4314.7,18677,1055.85,46.3844,0.482746,964.133,282894,107.247,23.1957,0.267264,83.7842,60.8834,23.1887,0.0718272,37.6229,168.131,0,0,0
800,2,0,253,1,0,0,-1,-1,1033.48,23.1957,0.267264,964.465,282893,-1,-1,-1,-1,-1,-1,-1,-1,-1,0,0,0
800,2,0,254,1,1,1,4319.58,18635.5,1055.93,46.3844,0.482746,964.213,282893,53.9027,23.1957,0.267264,30.4398,99.3003,23.1887,0.0718272,76.0398,153.203,0,0,0
800,2,0,255,1,1,1,4332.41,18647.5,1055.87,46.3844,0.50112,964.133,282894,101.892,23.1957,0.267264,78.4294,113.19,23.1887,0.0902016,89.9115,215.083,0,0,0
800,2,0,256,1,1,1,4338.15,18656.3,1055.92,46.3844,0.6264,964.059,282893,98.8801,23.1957,0.267264,75.4172,98.7372,23.1887,0.0718272,75.4767,197.617,0,0,0
800,2,0,257,1,1,1,4348.04,18668.1,1055.86,46.3844,0.517824,964.113,282894,109.889,23.1957,0.267264,86.4265,108.125,23.1887,0.106906,84.8292,218.014,0,0,0
800,2,0,258,1,1,1,4316.3,18631.7,1055.85,46.3844,0.482746,964.133,282894,66.9749,23.1957,0.267264,43.5119,102.399,23.1887,0.0718272,79.1387,169.374,0,0,0
800,2,0,259,1,1,1,4329.28,18697.8,1055.71,46.3844,0.517824,963.956,282897,103.166,23.1957,0.302342,79.6675,53.666,23.1887,0.0718272,30.4055,156.831,0,0,0
800,2,0,260,1,1,1,4323.21,18677.4,1055.87,46.3844,0.482746,964.153,282894,101.475,23.1957,0.267264,78.0125,108.166,23.1887,0.0718272,84.905,209.641,0,0,0
800,2,0,261,1,1,1,4321.28,18654.2,1055.81,46.3844,0.482746,964.093,282895,115.223,23.1957,0.267264,91.7596,104.146,23.1887,0.0718272,80.8857,219.369,0,0,0
800,2,0,262,1,1,1,4315.66,18631.2,1055.83,46.3844,0.482746,964.113,282895,114.822,23.1957,0.267264,91.359,102.96,23.1887,0.0718272,79.7,217.782,0,0,0
800,2,0,263,1,1,1,4339.1,18657.9,1056.01,46.3844,0.6264,964.153,282891,108.384,23.1957,0.267264,84.9213,96.0896,23.1887,0.0718272,72.8291,204.474,0,0,0
800,2,0,264,1,1,1,4325.61,18644.7,1055.9,46.3844,0.517824,964.153,282893,67.7969,23.1957,0.302342,44.2988,102.405,23.1887,0.0718272,79.1441,170.201,0,0,0
800,2,0,265,1,1,1,4321.22,18669.7,1055.79,46.3844,0.482746,964.074,282896,101.035,23.1957,0.267264,77.5721,103.885,23.1887,0.0718272,80.624,204.92,0,0,0
800,2,0,266,1,1,1,4324.72,18644.1,1055.89,46.3844,0.482746,964.173,282894,65.3578,23.1957,0.267264,41.8948,101.213,23.1887,0.0718272,77.9529,166.571,0,0,0
800,2,0,267,1,1,1,4351.36,18669.9,1055.75,46.3844,0.517824,964,282896,103.865,23.1957,0.267264,80.402,112.501,23.1887,0.106906,89.2058,216.366,0,0,0
800,2,0,268,1,1,1,4317.58,18639.4,1055.69,46.3844,0.482746,963.976,282897,100.07,23.1957,0.267264,76.6065,63.8938,23.1887,0.0718272,40.6333,163.963,0,0,0
800,2,0,269,1,1,1,4339.03,18656.1,1055.98,46.3844,0.770054,963.978,282891,101.042,23.1957,0.267264,77.5793,110.104,23.1887,0.0718272,86.8434,211.146,0,0,0
800,2,0,270,1,1,1,4317.14,18716.6,1055.85,46.3844,0.873619,963.745,282893,102.897,23.1957,0.658138,79.043,103.892,23.1887,0.0718272,80.6312,206.789,0,0,0
800,2,0,271,1,1,1,4319.62,18635.1,1055.87,46.3844,0.482746,964.153,282894,101.08,23.1957,0.267264,77.6172,110.58,23.1887,0.0718272,87.3198,211.661,0,0,0
800,2,0,272,1,1,1,4329.54,24681.8,1061.45,52.1883,0.766714,963.825,282894,239.519,28.9996,0.516154,209.799,75.5518,23.1887,0.106906,52.2562,315.071,0,0,0
800,2,0,273,1,1,1,4333.58,18665.4,1055.69,46.3844,0.482746,963.974,282897,98.5481,23.1957,0.267264,75.0851,112.443,23.1887,0.0718272,89.1824,210.991,0,0,0
800,2,0,274,1,1,1,4315.98,30643.5,1066.87,57.9922,0.910368,963.473,282897,344.557,34.8035,0.694886,308.339,107.59,23.1887,0.0718272,84.3293,452.147,0,0,0
800,2,0,275,1,1,1,4371.3,18706.4,1055.95,46.3844,0.482746,964.232,282893,101.335,23.1957,0.267264,77.8717,99.4501,23.1887,0.0718272,76.1896,200.785,0,0,0
800,2,0,276,1,1,2,10335,24654.7,1078.17,69.5741,0.554573,963.899,282897,66.9306,23.1957,0.302342,43.4325,234.95,46.3784,0.108576,188.463,301.88,1,0,0
800,2,0,277,1,1,1,4323.14,18642.8,1055.66,46.3844,0.517824,963.911,282898,111.959,23.1957,0.302342,88.4605,91.2094,23.1887,0.0718272,67.9489,203.168,0,0,0
800,2,0,278,1,1,1,4330.31,18644.8,1055.93,46.3844,0.482746,964.213,282893,65.4372,23.1957,0.267264,41.9742,99.2931,23.1887,0.0718272,76.0326,164.73,0,0,0
800,2,0,279,1,1,1,4336.06,18686.1,1055.85,46.3844,0.482746,964.135,282894,113.344,23.1957,0.267264,89.8808,94.7956,23.1887,0.0718272,71.5351,208.139,0,0,0
800,2,0,280,1,1,1,4321.8,18643.1,1055.81,46.3844,0.482746,964.095,282895,70.7144,23.1957,0.267264,47.2515,100.201,23.1887,0.0718272,76.9404,170.915,0,0,0
800,2,0,281,1,1,1,4316.99,18631.8,1055.89,46.3844,0.482746,964.175,282894,52.3073,23.1957,0.267264,28.8443,102.473,23.1887,0.0718272,79.2127,154.78,0,0,0
800,2,0,282,1,1,1,4315.02,18660.3,1055.71,46.3844,0.482746,963.994,282897,114.131,23.1957,0.267264,90.6677,81.718,23.1887,0.0718272,58.4575,195.849,0,0,0
800,2,0,283,1,1,1,4351.47,18666.9,1055.62,46.3844,0.6264,963.76,282898,54.6138,23.1957,0.267264,31.1508,99.0441,23.1887,0.0718272,75.7836,153.658,0,0,0
800,2,0,284,1,1,1,4321.1,18640.6,1055.92,46.3844,0.517824,964.173,282893,58.1296,23.1957,0.267264,34.6666,98.9618,23.1887,0.106906,75.6662,157.091,0,0,0
800,2,0,285,1,1,1,4318.03,18631.9,1055.93,46.3844,0.482746,964.213,282893,65.7512,23.1957,0.267264,42.2883,102.475,23.1887,0.0718272,79.2145,168.226,0,0,0
800,2,0,286,1,1,1,4343.06,18686,1055.83,46.3844,0.713261,963.884,282894,68.8983,23.1957,0.497779,45.2048,101.553,23.1887,0.0718272,78.2922,170.451,0,0,0
800,2,0,287,1,1,1,4315.98,18630.1,1055.73,46.3844,0.482746,964.014,282897,80.159,23.1957,0.267264,56.696,39.7798,23.1887,0.0718272,16.5193,119.939,0,0,0
800,2,0,288,1,1,1,4340.38,18664,1055.94,46.3844,0.552902,964.157,282892,103.389,23.1957,0.302342,79.8913,112.958,23.1887,0.106906,89.6625,216.347,0,0,0
800,2,0,289,1,1,1,4338.52,18669.5,1055.91,46.3844,0.50112,964.173,282893,69.0667,23.1957,0.267264,45.6037,101.818,23.1887,0.0902016,78.5395,170.885,0,0,0
800,2,0,290,1,1,1,4323.59,18672.1,1055.91,46.3844,0.678182,963.994,282893,106.952,23.1957,0.462701,83.2933,60.878,23.1887,0.0718272,37.6174,167.83,0,0,0
800,2,0,291,1,1,1,4326.79,18666.6,1055.87,46.3844,0.678182,963.962,282894,101.875,23.1957,0.462701,78.2164,110.292,23.1887,0.0718272,87.0311,212.166,0,0,0
800,2,0,292,1,1,1,4337.22,18678.9,1055.84,46.3844,0.536198,964.074,282894,110.029,23.1957,0.302342,86.5311,107.92,23.1887,0.0902016,84.6415,217.95,0,0,0
800,2,0,293,1,1,1,4368.73,18712.1,1055.76,46.3844,0.587981,963.935,282895,101.268,23.1957,0.267264,77.8049,112.442,23.1887,0.177062,89.0759,213.71,0,0,0
800,2,0,294,1,1,1,4316.94,18632.1,1055.85,46.3844,0.482746,964.135,282894,63.8255,23.1957,0.267264,40.3625,100.23,23.1887,0.0718272,76.9693,164.055,0,0,0
800,2,0,295,1,1,1,4318.22,18645.2,1055.85,46.3844,0.482746,964.133,282894,112.638,23.1957,0.267264,89.1752,72.0154,23.1887,0.0718272,48.7549,184.654,0,0,0
800,2,0,296,1,1,1,4321.54,18640.8,1055.85,46.3844,0.482746,964.133,282894,95.2778,23.1957,0.267264,71.8148,62.0547,23.1887,0.0718272,38.7942,157.332,0,0,0
800,2,0,297,1,1,1,4315.34,18645.4,1055.61,46.3844,0.482746,963.895,282899,96.4401,23.1957,0.267264,72.9771,61.2317,23.1887,0.0718272,37.9712,157.672,0,0,0
800,2,0,298,1,1,1,4327.11,18664.5,1055.97,46.3844,0.678182,964.057,282892,66.6668,23.1957,0.462701,43.0084,99.4628,23.1887,0.0718272,76.2023,166.13,0,0,0
800,2,0,299,1,1,1,4317.9,18633,1055.79,46.3844,0.482746,964.075,282895,105.843,23.1957,0.267264,82.3801,65.2961,23.1887,0.0718272,42.0356,171.139,0,0,0
800,2,0,300,1,1,2,10327.5,24649.7,1078.23,69.5741,0.554573,963.958,282896,67.4305,23.1957,0.302342,43.9324,235.432,46.3784,0.108576,188.945,302.862,1,0,0
800,2,0,301,1,1,1,4319.21,18640.4,1055.93,46.3844,0.482746,964.213,282893,113.156,23.1957,0.267264,89.6931,102.616,23.1887,0.0718272,79.3553,215.772,0,0,0
800,2,0,302,1,1,1,4317.21,18630.4,1055.87,46.3844,0.482746,964.155,282894,108.379,23.1957,0.267264,84.9158,98.5207,23.1887,0.0718272,75.2602,206.899,0,0,0
800,2,0,303,1,1,1,4316.62,18641.2,1055.91,46.3844,0.482746,964.193,282893,73.8837,23.1957,0.267264,50.4207,99.2336,23.1887,0.0718272,75.9731,173.117,0,0,0
800,2,0,304,1,1,1,4318.86,18646.8,1055.93,46.3844,0.482746,964.213,282893,100.36,23.1957,0.267264,76.8971,61.2678,23.1887,0.0718272,38.0073,161.628,0,0,0
800,2,0,305,1,1,1,4327.6,18643.4,1055.85,46.3844,0.482746,964.135,282894,55.5992,23.1957,0.267264,32.1363,105.42,23.1887,0.0718272,82.1599,161.02,0,0,0
800,2,0,306,1,1,1,4318.54,24659.1,1061.66,52.1883,0.891994,963.902,282890,217.609,28.9996,0.676512,187.667,107.427,23.1887,0.0718272,84.1668,325.037,0,0,0
800,2,0,307,1,1,1,4322.1,18656.2,1055.87,46.3844,0.482746,964.153,282894,111.331,23.1957,0.267264,87.8685,106.03,23.1887,0.0718272,82.7699,217.362,0,0,0
800,2,0,308,1,1,1,4328.97,18643.8,1055.87,46.3844,0.482746,964.153,282894,98.7466,23.1957,0.267264,75.2836,111.362,23.1887,0.0718272,88.1013,210.108,0,0,0
800,2,0,309,1,1,1,4320.26,18650.3,1055.69,46.3844,0.482746,963.976,282897,106.09,23.1957,0.267264,82.6274,110.613,23.1887,0.0718272,87.3523,216.703,0,0,0
800,2,0,310,1,1,1,4328.07,18644.9,1055.85,46.3844,0.482746,964.133,282894,71.1566,23.1957,0.267264,47.6936,100.876,23.1887,0.0718272,77.6154,172.033,0,0,0
800,2,0,311,1,1,1,4327.05,18647.5,1055.75,46.3844,0.517824,963.998,282896,65.0518,23.1957,0.302342,41.5537,100.398,23.1887,0.0718272,77.1372,165.449,0,0,0
800,2,0,312,1,1,1,4319.94,18635.4,1055.87,46.3844,0.482746,964.153,282894,64.6232,23.1957,0.267264,41.1603,103.043,23.1887,0.0718272,79.783,167.667,0,0,0
800,2,0,313,1,1,1,4323.66,24650.1,1061.47,52.1883,1.08743,963.52,282893,238.945,28.9996,0.871949,208.871,76.9623,23.1887,0.0718272,53.7018,315.907,0,0,0
800,2,0,314,1,1,1,4317.9,18633.7,1055.75,46.3844,0.482746,964.036,282896,108.7,23.1957,0.267264,85.2371,65.5235,23.1887,0.0718272,42.263,174.224,0,0,0
800,2,0,315,1,1,1,4337.09,18653.7,1055.81,46.3844,0.482746,964.095,282895,71.9146,23.1957,0.267264,48.4517,104.24,23.1887,0.0718272,80.9796,176.155,0,0,0
800,2,0,316,1,1,1,4318.22,18642.4,1055.91,46.3844,0.482746,964.193,282893,105.006,23.1957,0.267264,81.5427,64.8846,23.1887,0.0718272,41.6241,169.89,0,0,0
800,2,0,317,1,1,1,4324.55,18648.3,1055.87,46.3844,0.482746,964.155,282894,80.7563,23.1957,0.267264,57.2934,41.0757,23.1887,0.0718272,17.8152,121.832,0,0,0
800,2,0,318,1,1,1,4316.3,18634.6,1055.93,46.3844,0.482746,964.213,282893,109.929,23.1957,0.267264,86.4662,67.1695,23.1887,0.0718272,43.909,177.099,0,0,0
800,2,0,319,1,1,1,4319.43,18635.5,1055.87,46.3844,0.482746,964.153,282894,101.205,23.1957,0.267264,77.7418,112.872,23.1887,0.0718272,89.6119,214.077,0,0,0
800,2,0,320,1,1,1,4341.99,18659,1055.92,46.3844,0.552902,964.135,282893,51.903,23.1957,0.267264,28.44,103.956,23.1887,0.141984,80.6258,155.859,0,0,0
800,2,0,321,1,1,1,4356.86,18676.7,1055.87,46.3844,0.482746,964.155,282894,63.6468,23.1957,0.267264,40.1839,99.4158,23.1887,0.0718272,76.1553,163.063,0,0,0
800,2,0,322,1,1,1,4320.9,18643.2,1055.77,46.3844,0.482746,964.056,282896,64.4482,23.1957,0.267264,40.9852,101.497,23.1887,0.0718272,78.2363,165.945,0,0,0
800,2,0,323,1,1,1,4318.47,18644.4,1056.06,46.3844,0.678182,964.153,282890,63.947,23.1957,0.462701,40.2886,101.553,23.1887,0.0718272,78.2922,165.5,0,0,0
800,2,0,324,1,1,1,4325.74,18648.3,1055.83,46.3844,0.517824,964.074,282895,101.27,23.1957,0.302342,77.7724,111.013,23.1887,0.0718272,87.753,212.284,0,0,0
800,2,0,325,0,0,0,-1,-1,1033.39,23.206,0.516154,964.117,282894,-1,-1,-1,-1,-1,-1,-1,-1,-1,0,0,0
800,2,0,326,1,1,1,4350.79,18674.5,1055.87,46.3844,0.770054,963.864,282893,109.112,23.1957,0.267264,85.6486,96.5282,23.1887,0.0718272,73.2677,205.64,0,0,0
800,2,0,327,1,1,1,4339.88,18665,1055.91,46.3844,0.679853,963.994,282893,72.5571,23.1957,0.267264,49.0942,98.3593,23.1887,0.12528,75.0454,170.916,0,0,0
800,2,0,328,1,1,1,4318.54,18663,1055.91,46.3844,0.482746,964.193,282893,99.4288,23.1957,0.267264,75.9658,100.145,23.1887,0.0718272,76.8845,199.574,0,0,0
800,2,0,329,1,1,1,4323.21,18644.4,1055.85,46.3844,0.482746,964.135,282894,59.4435,23.1957,0.267264,35.9805,99.562,23.1887,0.0718272,76.3015,159.005,0,0,0
800,2,0,330,1,1,1,4336.65,18654,1055.77,46.3844,0.482746,964.056,282896,111.698,23.1957,0.267264,88.2349,94.3606,23.1887,0.0718272,71.1001,206.058,0,0,0
800,2,0,331,1,1,1,4320.17,18644,1055.81,46.3844,0.482746,964.093,282895,102.557,23.1957,0.267264,79.0936,110.699,23.1887,0.0718272,87.439,213.256,0,0,0
800,2,0,332,1,1,1,4316.62,18654.5,1055.93,46.3844,0.517824,964.175,282893,95.5655,23.1957,0.302342,72.0675,63.0527,23.1887,0.0718272,39.7922,158.618,0,0,0
800,2,0,333,1,1,1,4316.3,18638.6,1055.89,46.3844,0.482746,964.173,282894,72.3009,23.1957,0.267264,48.8379,103.349,23.1887,0.0718272,80.088,175.649,0,0,0
800,2,0,334,1,1,1,4321.44,18641.2,1055.91,46.3844,0.482746,964.193,282893,98.2106,23.1957,0.267264,74.7476,61.2696,23.1887,0.0718272,38.0091,159.48,0,0,0
800,2,0,335,1,1,1,4318.82,18641.1,1055.97,46.3844,0.482746,964.252,282892,97.0465,23.1957,0.267264,73.5835,108.844,23.1887,0.0718272,85.5836,205.891,0,0,0
800,2,0,336,1,1,1,4338.94,18652.1,1055.69,46.3844,0.482746,963.976,282897,101.488,23.1957,0.267264,78.0251,109.786,23.1887,0.0718272,86.5257,211.274,0,0,0
800,2,0,337,1,1,1,4316.94,18655.6,1055.76,46.3844,0.552902,963.978,282895,96.9813,23.1957,0.337421,73.4481,61.8273,23.1887,0.0718272,38.5668,158.809,0,0,0
800,2,0,338,1,1,1,4325.02,18661.9,1055.83,46.3844,0.482746,964.113,282895,99.5858,23.1957,0.267264,76.1229,99.7461,23.1887,0.0718272,76.4856,199.332,0,0,0
800,2,0,339,1,1,1,4321.54,18655.2,1055.85,46.3844,0.482746,964.135,282894,100.301,23.1957,0.267264,76.8376,103.491,23.1887,0.0718272,80.2306,203.792,0,0,0
800,2,0,340,1,1,1,4337.51,18696.6,1055.99,46.3844,0.696557,964.057,282891,102.314,23.1957,0.337421,78.7813,103.746,23.1887,0.0718272,80.4851,206.06,0,0,0
800,2,0,341,1,1,1,4347.65,18673,1055.75,46.3844,0.482746,964.036,282896,70.9256,23.1957,0.267264,47.4626,101.733,23.1887,0.0718272,78.4727,172.659,0,0,0
800,2,0,342,1,1,1,4324.69,18639.5,1055.91,46.3844,0.482746,964.193,282893,103.843,23.1957,0.267264,80.3804,111.275,23.1887,0.0718272,88.0147,215.119,0,0,0
800,2,0,343,1,1,1,4322.89,18649.8,1055.77,46.3844,0.482746,964.056,282896,81.5757,23.1957,0.267264,58.1128,42.3048,23.1887,0.0718272,19.0442,123.88,0,0,0
800,2,0,344,1,1,1,4316.62,18715.4,1055.69,46.3844,0.552902,963.899,282897,104.903,23.1957,0.337421,81.3694,54.0161,23.1887,0.0718272,30.7556,158.919,0,0,0
800,2,0,345,1,1,1,4331.69,18649.8,1055.95,46.3844,0.6264,964.093,282892,107.258,23.1957,0.267264,83.7951,112.802,23.1887,0.0718272,89.5415,220.06,0,0,0
800,2,0,346,1,1,1,4316.3,18672.8,1055.58,46.3844,0.517824,963.825,282899,99.0073,23.1957,0.302342,75.5092,60.0965,23.1887,0.0718272,36.836,159.104,0,0,0
800,2,0,347,1,1,1,4314.38,18657.5,1055.87,46.3844,0.482746,964.153,282894,106.518,23.1957,0.267264,83.0551,62.4066,23.1887,0.0718272,39.1461,168.925,0,0,0
800,2,0,348,1,1,1,4318.19,18636.4,1055.93,46.3844,0.482746,964.213,282893,106.164,23.1957,0.267264,82.7014,95.2829,23.1887,0.0718272,72.0223,201.447,0,0,0
800,2,0,349,1,1,1,4322.31,18652.1,1055.7,46.3844,0.517824,963.944,282897,102.532,23.1957,0.302342,79.034,111.333,23.1887,0.0718272,88.0724,213.865,0,0,0
800,2,0,350,1,1,1,4326.06,18649.2,1055.85,46.3844,0.482746,964.133,282894,97.5717,23.1957,0.267264,74.1087,108.743,23.1887,0.0718272,85.4825,206.315,0,0,0
800,2,0,351,1,1,1,4327.86,18643.6,1055.69,46.3844,0.482746,963.976,282897,110.651,23.1957,0.267264,87.1881,101.508,23.1887,0.0718272,78.2471,212.159,0,0,0
800,2,0,352,1,1,1,4319.53,18655.3,1055.9,46.3844,0.552902,964.115,282893,98.9738,23.1957,0.337421,75.4406,109.165,23.1887,0.0718272,85.9049,208.139,0,0,0
800,2,0,353,1,1,1,4351.4,18719.5,1056.1,46.3844,0.678182,964.193,282889,102.532,23.1957,0.462701,78.8734,110.952,23.1887,0.0718272,87.6916,213.484,0,0,0
800,2,0,354,1,1,1,4324.81,18639.3,1055.93,46.3844,0.482746,964.213,282893,50.7804,23.1957,0.267264,27.3175,101.414,23.1887,0.0718272,78.1533,152.194,0,0,0
800,2,0,355,1,1,1,4352.25,18695.9,1056.03,46.3844,0.927072,963.866,282890,64.5214,23.1957,0.658138,40.6676,99.6967,23.1887,0.12528,76.3827,164.218,0,0,0
800,2,0,356,1,1,1,4319.3,18647.1,1055.83,46.3844,0.482746,964.113,282895,105.614,23.1957,0.267264,82.1509,95.0266,23.1887,0.0718272,71.7661,200.64,0,0,0
800,2,0,357,1,1,1,4326.34,18644.2,1055.89,46.3844,0.517824,964.135,282894,106.089,23.1957,0.267264,82.6255,60.2272,23.1887,0.106906,36.9316,166.316,0,0,0
800,2,0,358,1,1,1,4331.02,18645.1,1055.75,46.3844,0.482746,964.034,282896,98.7141,23.1957,0.267264,75.2511,110.582,23.1887,0.0718272,87.3216,209.296,0,0,0
800,2,0,359,1,1,1,4321.86,18639.7,1055.87,46.3844,0.482746,964.155,282894,101.1,23.1957,0.267264,77.6371,65.1283,23.1887,0.0718272,41.8678,166.228,0,0,0
800,2,0,360,1,1,1,4323.5,18648.5,1055.9,46.3952,0.50112,964.153,282894,62.1203,23.2065,0.285638,38.6281,105.769,23.1887,0.0718272,82.5082,167.889,0,0,0
800,2,0,361,1,1,1,4326.62,24640.8,1061.54,52.1883,0.731635,963.944,282892,214.938,28.9996,0.481075,185.187,99.1423,23.1887,0.106906,75.8467,314.08,0,0,0
800,2,0,362,1,1,1,4347.02,18665.7,1055.7,46.3844,0.805133,963.66,282896,110.996,23.1957,0.267264,87.5328,99.6531,23.1887,0.106906,76.3575,210.649,0,0,0
800,2,0,363,1,1,1,4320.52,18654.3,1055.69,46.3844,0.482746,963.974,282897,106.691,23.1957,0.267264,83.2284,65.8303,23.1887,0.0718272,42.5698,172.522,0,0,0
800,2,0,364,1,1,1,4335.19,18660.3,1055.71,46.3844,0.552902,963.92,282897,64.0393,23.1957,0.302342,40.5412,106.703,23.1887,0.106906,83.407,170.742,0,0,0
800,2,0,365,1,1,1,4316.3,18644.1,1055.79,46.3844,0.517824,964.038,282895,61.6082,23.1957,0.302342,38.1102,101.89,23.1887,0.0718272,78.6297,163.498,0,0,0
800,2,0,366,1,1,1,4329.51,18657.6,1055.79,46.3844,0.517824,964.036,282895,103.277,23.1957,0.267264,79.8137,111.155,23.1887,0.106906,87.8595,214.432,0,0,0
800,2,0,367,1,1,1,4316.94,18630.1,1055.71,46.3844,0.482746,963.994,282897,103.127,23.1957,0.267264,79.6639,55.5484,23.1887,0.0718272,32.2879,158.675,0,0,0
800,2,0,368,1,1,1,4317.19,18638.8,1055.69,46.3844,0.517824,963.942,282897,98.7979,23.1957,0.302342,75.2999,100.145,23.1887,0.0718272,76.8845,198.943,0,0,0
800,2,0,369,1,1,1,4317.26,18665.8,1055.89,46.3844,0.482746,964.173,282894,97.458,23.1957,0.267264,73.995,61.941,23.1887,0.0718272,38.6805,159.399,0,0,0
800,2,0,370,1,1,1,4331.85,18675.8,1055.73,46.3844,0.482746,964.014,282897,99.344,23.1957,0.267264,75.881,63.7566,23.1887,0.0718272,40.4961,163.101,0,0,0
800,2,0,371,1,1,1,4316.94,18636.7,1055.91,46.3844,0.482746,964.193,282893,65.1412,23.1957,0.267264,41.6782,101.905,23.1887,0.0718272,78.6442,167.046,0,0,0
800,2,0,372,1,1,1,4314.7,18629.5,1055.67,46.3844,0.482746,963.956,282898,95.9203,23.1957,0.267264,72.4573,61.8796,23.1887,0.0718272,38.6191,157.8,0,0,0
800,2,0,373,1,1,1,4315.66,18649.9,1055.91,46.3844,0.482746,964.193,282893,102.84,23.1957,0.267264,79.3769,112.031,23.1887,0.0718272,88.7709,214.871,0,0,0
800,2,0,374,1,1,1,4317.9,18639.5,1055.91,46.3844,0.482746,964.193,282893,76.0169,23.1957,0.267264,52.554,38.0725,23.1887,0.0718272,14.812,114.089,0,0,0
800,2,0,375,1,1,1,4332.32,18671.6,1056.12,46.3844,0.678182,964.213,282889,113.53,23.1957,0.462701,89.8718,104.507,23.1887,0.0718272,81.2467,218.037,0,0,0
800,2,0,376,1,1,1,4320.9,18635.4,1055.87,46.3844,0.482746,964.153,282894,107.754,23.1957,0.267264,84.2914,113.708,23.1887,0.0718272,90.4476,221.462,0,0,0
800,2,0,377,1,1,1,4318.6,18634,1055.85,46.3844,0.482746,964.133,282894,73.7609,23.1957,0.267264,50.298,99.0224,23.1887,0.0718272,75.7619,172.783,0,0,0
800,2,0,378,1,1,1,4325.13,18639.8,1055.89,46.3844,0.482746,964.173,282894,96.3498,23.1957,0.267264,72.8868,64.336,23.1887,0.0718272,41.0754,160.686,0,0,0
800,2,0,379,1,1,1,4321.37,24657,1061.3,52.1883,0.766714,963.668,282897,235.193,28.9996,0.551232,205.428,63.8992,23.1887,0.0718272,40.6387,299.092,0,0,0
800,2,0,380,1,1,1,4319.88,18658.5,1056.05,46.3844,0.678182,964.135,282890,108.661,23.1957,0.462701,85.0025,108.393,23.1887,0.0718272,85.1324,217.054,0,0,0
800,2,0,381,1,1,1,4323.89,18656.1,1055.69,46.3844,0.482746,963.976,282897,100.634,23.1957,0.267264,77.1714,65.0723,23.1887,0.0718272,41.8118,165.707,0,0,0
800,2,0,382,1,1,1,4315.34,24637.3,1061.36,52.1883,0.801792,963.693,282895,222.053,28.9996,0.58631,192.217,66.7165,23.1887,0.0718272,43.456,288.77,0,0,0
800,2,0,383,1,1,1,4325,18674.9,1055.65,46.3844,0.517824,963.902,282898,101.772,23.1957,0.302342,78.2742,97.6255,23.1887,0.0718272,74.365,199.398,0,0,0
800,2,0,384,1,1,1,4327.56,18647.3,1055.91,46.3844,0.482746,964.193,282893,105.612,23.1957,0.267264,82.1491,111.95,23.1887,0.0718272,88.6897,217.562,0,0,0
800,2,0,385,1,1,1,4332.7,18646.9,1055.93,46.3844,0.50112,964.193,282893,57.2398,23.1957,0.267264,33.7768,98.7773,23.1887,0.0902016,75.4984,156.017,0,0,0
800,2,0,386,1,1,1,4318.86,18632.7,1055.75,46.3844,0.482746,964.036,282896,61.8222,23.1957,0.267264,38.3592,105.789,23.1887,0.0718272,82.5281,167.611,0,0,0
800,2,0,387,1,1,1,4325.28,18676.8,1056.14,46.3844,0.873619,964.03,282888,111.515,23.1957,0.658138,87.6609,107.021,23.1887,0.0718272,83.7608,218.536,0,0,0
800,2,0,388,1,1,1,4318.54,18684.9,1055.73,46.3844,0.517824,963.976,282896,107.981,23.1957,0.302342,84.4827,98.878,23.1887,0.0718272,75.6175,206.859,0,0,0
800,2,0,389,1,1,1,4317.7,18647.7,1055.91,46.3844,0.482746,964.193,282893,110.489,23.1957,0.267264,87.0257,106.132,23.1887,0.0718272,82.871,216.62,0,0,0
800,2,0,390,1,1,1,4334.09,18651.6,1055.83,46.3844,0.482746,964.115,282895,105.042,23.1957,0.267264,81.5788,57.6618,23.1887,0.0718272,34.4013,162.704,0,0,0
800,2,0,391,1,1,1,4331.46,18676.6,1055.65,46.3844,0.482746,963.935,282898,97.7124,23.1957,0.267264,74.2495,51.484,23.1887,0.0718272,28.2235,149.196,0,0,0
800,2,0,392,1,1,1,4316.94,18643.8,1055.66,46.3844,0.517824,963.904,282898,102.308,23.1957,0.302342,78.8102,105.727,23.1887,0.0718272,82.4667,208.035,0,0,0
800,2,0,393,1,1,1,4318.86,18632.7,1055.85,46.3844,0.482746,964.135,282894,104.998,23.1957,0.267264,81.5354,65.0669,23.1887,0.0718272,41.8064,170.065,0,0,0
800,2,0,394,1,1,1,4337.38,18657,1055.89,46.3844,0.482746,964.175,282894,67.6643,23.1957,0.267264,44.2014,102.331,23.1887,0.0718272,79.0701,169.995,0,0,0
800,2,0,395,1,1,1,4333.94,18656.6,1055.85,46.3844,0.50112,964.115,282894,100.929,23.1957,0.267264,77.4656,99.3277,23.1887,0.0902016,76.0489,200.256,0,0,0
800,2,0,396,1,1,1,4316.94,18632.1,1055.87,46.3844,0.482746,964.153,282894,99.113,23.1957,0.267264,75.65,59.6056,23.1887,0.0718272,36.3451,158.719,0,0,0
800,2,0,397,1,1,1,4342.88,18665,1056.01,46.3844,0.678182,964.095,282891,58.1211,23.1957,0.462701,34.4627,100.156,23.1887,0.0718272,76.8953,158.277,0,0,0
800,2,0,398,1,1,1,4319.5,18652.9,1056.03,46.3844,0.678182,964.115,282891,113.963,23.1957,0.462701,90.305,105.242,23.1887,0.0718272,81.9812,219.205,0,0,0
800,2,0,399,1,1,1,4335.34,18675.8,1055.87,46.3844,0.482746,964.153,282894,104.372,23.1957,0.267264,80.9092,109.355,23.1887,0.0718272,86.0944,213.727,0,0,0
800,2,0,400,1,1,1,4350.8,18671.1,1055.73,46.3844,0.679853,963.812,282896,102.492,23.1957,0.302342,78.9943,111.858,23.1887,0.0902016,88.5796,214.351,0,0,0
800,2,0,401,1,1,1,4326.86,18661.9,1055.93,46.3844,0.482746,964.213,282893,55.352,23.1957,0.267264,31.889,99.479,23.1887,0.0718272,76.2185,154.831,0,0,0
800,2,0,402,1,1,2,10328.3,24648.1,1078.37,69.5741,0.519494,964.133,282893,113.143,23.1957,0.267264,89.6805,183.267,46.3784,0.108576,136.78,296.411,1,0,0
800,2,0,403,1,1,2,10331.9,30650.6,1084.29,75.3781,1.0724,963.866,282887,151.67,28.9996,0.676512,121.539,254.032,46.3784,0.108576,207.545,405.701,1,0,0
800,2,0,404,1,1,1,4325.51,18657.7,1055.65,46.3844,0.482746,963.935,282898,106.644,23.1957,0.267264,83.1814,66.0613,23.1887,0.0718272,42.8008,172.706,0,0,0
800,2,0,405,1,1,1,4319.76,18638.2,1055.85,46.3844,0.482746,964.133,282894,98.918,23.1957,0.267264,75.4551,61.5223,23.1887,0.0718272,38.2618,160.44,0,0,0
800,2,0,406,1,1,1,4319.11,18635.1,1055.93,46.3844,0.482746,964.213,282893,65.6971,23.1957,0.267264,42.2341,104.827,23.1887,0.0718272,81.5661,170.524,0,0,0
800,2,0,407,1,1,2,10377.9,24705.2,1078.42,69.5741,1.09411,963.608,282891,101.401,23.1957,0.267264,77.9385,258.412,46.3784,0.539539,211.494,359.813,1,0,0
800,2,0,408,1,0,0,-1,-1,1033.38,23.1957,0.267264,964.366,282895,-1,-1,-1,-1,-1,-1,-1,-1,-1,0,0,0
800,2,0,409,1,1,1,4327.37,18660.6,1055.77,46.3844,0.552902,963.982,282895,106.811,23.1957,0.302342,83.3132,66.0044,23.1887,0.106906,42.7088,172.816,0,0,0
800,2,0,410,1,1,1,4327.65,18650.2,1055.71,46.3844,0.482746,963.994,282897,101.883,23.1957,0.267264,78.4204,107.191,23.1887,0.0718272,83.9304,209.074,0,0,0
800,2,0,411,1,1,1,4322.74,18641.5,1055.89,46.3844,0.482746,964.173,282894,107.384,23.1957,0.267264,83.9214,96.1907,23.1887,0.0718272,72.9302,203.575,0,0,0
800,2,0,412,1,1,1,4315.34,18651.3,1055.91,46.3844,0.678182,963.998,282893,107.888,23.1957,0.462701,84.23,67.0251,23.1887,0.0718272,43.7646,174.914,0,0,0
800,2,0,413,1,1,1,4325.78,18640.6,1055.77,46.3844,0.482746,964.052,282896,112.613,23.1957,0.267264,89.1499,81.893,23.1887,0.0718272,58.6325,194.506,0,0,0
800,2,0,414,1,1,1,4316.3,18632.8,1055.85,46.3844,0.482746,964.133,282894,108.164,23.1957,0.267264,84.7011,63.466,23.1887,0.0718272,40.2055,171.63,0,0,0
800,2,0,415,1,1,1,4327.69,18678.1,1055.89,46.3844,0.770054,963.882,282893,99.427,23.1957,0.267264,75.964,110.793,23.1887,0.0718272,87.5328,210.22,0,0,0
800,2,0,416,1,1,1,4331.27,18646.5,1055.87,46.3844,0.482746,964.155,282894,98.7863,23.1957,0.267264,75.3233,60.7733,23.1887,0.0718272,37.5128,159.56,0,0,0
800,2,0,417,1,1,1,4323.69,18640.2,1055.97,46.3844,0.6264,964.113,282892,54.3287,23.1957,0.267264,30.8657,100.789,23.1887,0.0718272,77.5288,155.118,0,0,0
800,2,0,418,1,1,1,4316.3,18643.1,1055.81,46.3844,0.482746,964.093,282895,112.658,23.1957,0.267264,89.195,67.738,23.1887,0.0718272,44.4775,180.396,0,0,0
800,2,0,419,1,1,1,4321.86,18635.7,1055.89,46.3844,0.482746,964.173,282894,64.7171,23.1957,0.267264,41.2541,99.0242,23.1887,0.0718272,75.7637,163.741,0,0,0
800,2,0,420,1,1,1,4315.66,18660.9,1055.87,46.3844,0.482746,964.155,282894,102.934,23.1957,0.267264,79.4708,63.1159,23.1887,0.0718272,39.8554,166.05,0,0,0
800,2,0,421,1,1,1,4336.42,18666.5,1055.92,46.3844,0.805133,963.882,282892,105.449,23.1957,0.302342,81.9506,112.683,23.1887,0.0718272,89.4224,218.132,0,0,0
800,2,0,422,1,1,1,4323.46,18651.5,1055.91,46.3844,0.482746,964.193,282893,74.4125,23.1957,0.267264,50.9495,99.0603,23.1887,0.0718272,75.7998,173.473,0,0,0
800,2,0,423,1,1,1,4317.58,18651.5,1055.85,46.3844,0.482746,964.133,282894,106.146,23.1957,0.267264,82.6833,111.907,23.1887,0.0718272,88.6464,218.053,0,0,0
800,2,0,424,1,1,1,4316.94,18631.5,1055.69,46.3844,0.482746,963.976,282897,109.279,23.1957,0.267264,85.8164,107.086,23.1887,0.0718272,83.8257,216.366,0,0,0
800,2,0,425,1,1,1,4331.02,18654,1055.93,46.3844,0.482746,964.213,282893,105.982,23.1957,0.267264,82.5191,66.4277,23.1887,0.0718272,43.1672,172.41,0,0,0
800,2,0,426,1,1,1,4338.67,18656.1,1055.69,46.3844,0.482746,963.974,282897,106.444,23.1957,0.267264,82.9811,112.78,23.1887,0.0718272,89.5199,219.224,0,0,0
800,2,0,427,1,1,1,4318.77,18656.8,1055.87,46.3844,0.482746,964.153,282894,110.111,23.1957,0.267264,86.6484,107.824,23.1887,0.0718272,84.5639,217.936,0,0,0
800,2,0,428,1,1,1,4318.02,18670.9,1055.73,46.3844,0.517824,963.978,282896,101.991,23.1957,0.302342,78.4926,103.682,23.1887,0.0718272,80.4219,205.673,0,0,0
800,2,0,429,1,1,1,4331.47,18649.6,1055.87,46.3844,0.482746,964.153,282894,97.0465,23.1957,0.267264,73.5835,108.808,23.1887,0.0718272,85.5475,205.854,0,0,0
800,2,0,430,1,1,1,4317.26,18631.1,1055.75,46.3844,0.482746,964.036,282896,104.076,23.1957,0.267264,80.6132,64.8196,23.1887,0.0718272,41.5591,168.896,0,0,0
800,2,0,431,1,1,1,4317.7,18632.9,1055.91,46.3844,0.482746,964.193,282893,71.5122,23.1957,0.267264,48.0492,103.663,23.1887,0.0718272,80.402,175.175,0,0,0
800,2,0,432,1,1,1,4318.54,18675.6,1055.91,46.3952,0.696557,963.974,282893,103.142,23.2065,0.481075,79.4545,107.664,23.1887,0.0718272,84.4033,210.806,0,0,0
800,2,0,433,1,1,1,4324.04,18643.4,1055.95,46.3844,0.482746,964.232,282893,96.5447,23.1957,0.267264,73.0818,64.0959,23.1887,0.0718272,40.8354,160.641,0,0,0
800,2,0,434,1,1,1,4317.26,18671.7,1055.85,46.3844,0.482746,964.135,282894,102.724,23.1957,0.267264,79.2614,52.0723,23.1887,0.0718272,28.8118,154.797,0,0,0
800,2,0,435,1,1,1,4317.9,18642.6,1055.91,46.3844,0.482746,964.193,282893,95.534,23.1957,0.267264,72.0711,61.8796,23.1887,0.0718272,38.6191,157.414,0,0,0
800,2,0,436,1,1,1,4338.12,18675.6,1056.02,46.3844,0.678182,964.11,282891,114.128,23.1957,0.462701,90.4692,84.2483,23.1887,0.0718272,60.9878,198.376,0,0,0
800,2,0,437,1,1,1,4315.66,18673,1055.87,46.3844,0.482746,964.153,282894,90.2947,23.1957,0.267264,66.8317,47.2391,23.1887,0.0718272,23.9786,137.534,0,0,0
800,2,0,438,1,1,1,4349.74,18669.1,1055.83,46.3844,0.482746,964.113,282895,102.172,23.1957,0.267264,78.7091,109.691,23.1887,0.0718272,86.4301,211.863,0,0,0
800,2,0,439,1,1,1,4342.86,24663.8,1061.42,52.1883,0.731635,963.826,282895,165.946,28.9996,0.516154,136.017,110.385,23.1887,0.0718272,87.1249,276.332,0,0,0
800,2,0,440,1,1,1,4322.35,18638.4,1055.77,46.3844,0.482746,964.054,282896,66.1212,23.1957,0.267264,42.6583,104.924,23.1887,0.0718272,81.6636,171.045,0,0,0
800,2,0,441,1,1,1,4320.81,18641.2,1055.75,46.3844,0.482746,964.036,282896,52.9353,23.1957,0.267264,29.4724,100.508,23.1887,0.0718272,77.2472,153.443,0,0,0
800,2,0,442,1,1,1,4317.9,18654.1,1055.81,46.3844,0.517824,964.056,282895,110.8,23.1957,0.302342,87.3018,67.3175,23.1887,0.0718272,44.057,178.117,0,0,0
800,2,0,443,1,1,1,4321.74,18659,1055.87,46.3844,0.482746,964.155,282894,110.534,23.1957,0.267264,87.0708,66.2887,23.1887,0.0718272,43.0282,176.822,0,0,0
800,2,0,444,1,1,1,4316.62,18667.4,1055.81,46.3844,0.517824,964.056,282895,112.446,23.1957,0.302342,88.9478,74.4446,23.1887,0.0718272,51.1841,186.89,0,0,0
800,2,0,445,1,1,1,4323.62,18640.8,1055.83,46.3844,0.517824,964.075,282895,113.02,23.1957,0.302342,89.5217,105.633,23.1887,0.0718272,82.3729,218.653,0,0,0
800,2,0,446,1,1,1,4329.45,18665.2,1055.87,46.3844,0.856915,963.783,282893,71.9755,23.1957,0.497779,48.282,102.822,23.1887,0.0718272,79.561,174.797,0,0,0
800,2,0,447,1,1,1,4317.58,18632.4,1055.67,46.3844,0.482746,963.955,282898,104.522,23.1957,0.267264,81.059,64.2331,23.1887,0.0718272,40.9726,168.755,0,0,0
800,2,0,448,1,1,1,4343.46,18673.2,1055.85,46.3844,0.517824,964.097,282894,72.123,23.1957,0.302342,48.6249,103.785,23.1887,0.0718272,80.5248,175.908,0,0,0
800,2,0,449,1,1,1,4347.98,18674,1055.91,46.3844,0.482746,964.193,282893,102.307,23.1957,0.267264,78.8445,109.821,23.1887,0.0718272,86.56,212.128,0,0,0
800,2,0,450,1,1,1,4349.01,18688.5,1055.49,46.406,0.554573,963.684,282900,111.37,23.2173,0.304013,87.8486,72.8716,23.1887,0.106906,49.5761,184.242,0,0,0
800,2,0,451,1,1,1,4318.22,18687.8,1056.01,46.3844,0.678182,964.095,282891,100.139,23.1957,0.462701,76.4802,63.7151,23.1887,0.0718272,40.4546,163.854,0,0,0
800,2,0,452,1,1,1,4321.22,18637.9,1055.61,46.3844,0.482746,963.895,282899,72.494,23.1957,0.267264,49.031,102.982,23.1887,0.0718272,79.7216,175.476,0,0,0
800,2,0,453,1,1,2,10323.3,24666.6,1078.37,69.5741,0.519494,964.133,282893,108.33,23.1957,0.267264,84.8671,197.706,46.3784,0.108576,151.219,306.036,1,0,0
800,2,0,454,1,1,1,4319.69,18636.4,1055.89,46.3844,0.482746,964.173,282894,105.699,23.1957,0.267264,82.2357,65.2347,23.1887,0.0718272,41.9742,170.933,0,0,0
800,2,0,455,1,1,1,4317.94,18640.5,1055.89,46.3844,0.482746,964.173,282894,106.78,23.1957,0.267264,83.3168,66.2328,23.1887,0.0718272,42.9723,173.013,0,0,0
800,2,0,456,1,1,1,4322.86,18639.3,1055.89,46.3844,0.482746,964.173,282894,101.822,23.1957,0.267264,78.359,114.733,23.1887,0.0718272,91.4727,216.555,0,0,0
800,2,0,457,1,1,1,4315.98,18638,1055.85,46.3844,0.482746,964.135,282894,78.0961,23.1957,0.267264,54.6331,38.7204,23.1887,0.0718272,15.4599,116.816,0,0,0
800,2,0,458,1,1,1,4347.08,18688,1055.53,46.3844,0.587981,963.709,282899,111.598,23.1957,0.302342,88.0995,106.397,23.1887,0.141984,83.0659,217.994,0,0,0
800,2,0,459,1,1,1,4324.23,18659.5,1056.03,46.3844,0.678182,964.115,282891,69.9299,23.1957,0.462701,46.2715,99.396,23.1887,0.0718272,76.1355,169.326,0,0,0
800,2,0,460,1,1,1,4317.58,18649.8,1055.89,46.3844,0.678182,963.982,282893,90.6941,23.1957,0.462701,67.0357,47.4755,23.1887,0.0718272,24.215,138.17,0,0,0
800,2,0,461,1,1,1,4315.78,18631.2,1055.91,46.3844,0.482746,964.193,282893,52.7116,23.1957,0.267264,29.2486,103.469,23.1887,0.0718272,80.2089,156.181,0,0,0
800,2,0,462,1,1,1,4329.42,24654.1,1061.46,52.1883,0.696557,963.902,282894,214.732,28.9996,0.481075,184.979,100.493,23.1887,0.0718272,77.2328,315.226,0,0,0
800,2,0,463,1,1,1,4325.83,18643.7,1055.93,46.3844,0.517824,964.175,282893,111.569,23.1957,0.302342,88.0706,105.502,23.1887,0.0718272,82.2411,217.07,0,0,0
800,2,0,464,1,1,1,4323.54,24660.7,1061.52,52.1883,0.927072,963.731,282892,239.809,28.9996,0.71159,209.896,73.3329,23.1887,0.0718272,50.0724,313.142,0,0,0
800,2,0,465,1,1,1,4318.54,18646.7,1055.85,46.3844,0.482746,964.135,282894,99.9666,23.1957,0.267264,76.5037,112.367,23.1887,0.0718272,89.1066,212.334,0,0,0
800,2,0,466,1,0,0,-1,-1,1033.36,23.1957,0.267264,964.348,282896,-1,-1,-1,-1,-1,-1,-1,-1,-1,0,0,0
800,2,0,467,1,1,1,4332.36,18661,1055.93,46.3844,0.482746,964.213,282893,110.108,23.1957,0.267264,86.6448,106.924,23.1887,0.0718272,83.6633,217.032,0,0,0
800,2,0,468,1,1,1,4334.65,18658,1055.83,46.3844,0.50112,964.093,282895,103.656,23.1957,0.267264,80.1927,109.602,23.1887,0.0902016,86.3236,213.258,0,0,0
800,2,0,469,1,1,1,4346.47,18673.4,1056.05,46.3844,0.6264,964.193,282890,107.26,23.1957,0.267264,83.7969,99.7028,23.1887,0.0718272,76.4423,206.963,0,0,0
800,2,0,470,1,1,1,4322.53,18653.4,1055.71,46.3844,0.482746,963.996,282897,103.997,23.1957,0.267264,80.5338,63.8216,23.1887,0.0718272,40.5611,167.818,0,0,0
800,2,0,471,1,1,1,4323.5,18636.7,1055.69,46.3844,0.482746,963.976,282897,66.733,23.1957,0.267264,43.2701,100.871,23.1887,0.0718272,77.61,167.604,0,0,0
800,2,0,472,1,1,1,4317.9,18669.8,1055.91,46.3844,0.482746,964.193,282893,107.422,23.1957,0.267264,83.9593,60.9971,23.1887,0.0718272,37.7366,168.419,0,0,0
800,2,0,473,1,0,0,-1,-1,1033.53,23.1957,0.497779,964.288,282892,-1,-1,-1,-1,-1,-1,-1,-1,-1,0,0,0
800,2,0,474,1,1,1,4325.35,18663.5,1055.8,46.3844,0.6264,963.936,282895,105.296,23.1957,0.267264,81.8332,111.842,23.1887,0.0718272,88.5814,217.138,0,0,0
800,2,0,475,1,1,1,4323.21,18648.1,1055.89,46.3844,0.552902,964.099,282893,97.8981,23.1957,0.337421,74.365,62.8344,23.1887,0.0718272,39.5738,160.732,0,0,0
800,2,0,476,1,1,1,4318.54,18647,1055.83,46.3844,0.482746,964.113,282895,106.693,23.1957,0.267264,83.2302,62.643,23.1887,0.0718272,39.3825,169.336,0,0,0
800,2,0,477,1,1,1,4321.8,18649.8,1055.85,46.3844,0.482746,964.133,282894,101.241,23.1957,0.267264,77.7779,107.433,23.1887,0.0718272,84.1723,208.674,0,0,0
800,2,0,478,1,1,1,4328.54,18642.4,1055.69,46.3844,0.482746,963.974,282897,72.0861,23.1957,0.267264,48.6231,99.2913,23.1887,0.0718272,76.0308,171.377,0,0,0
800,2,0,479,1,1,1,4319.88,18630.5,1055.85,46.3844,0.482746,964.133,282894,90.3777,23.1957,0.267264,66.9148,105.195,23.1887,0.0718272,81.9343,195.573,0,0,0
800,2,0,480,1,1,1,4330.87,18643.4,1055.91,46.3844,0.482746,964.193,282893,101.084,23.1957,0.267264,77.6208,100.558,23.1887,0.0718272,77.2978,201.642,0,0,0
800,2,0,481,1,1,1,4317.26,18644.3,1055.85,46.3844,0.482746,964.133,282894,111.164,23.1957,0.267264,87.7006,67.4727,23.1887,0.0718272,44.2122,178.636,0,0,0
800,2,0,482,1,1,1,4319.11,18636.8,1055.89,46.3844,0.482746,964.173,282894,72.5427,23.1957,0.267264,49.0797,101.63,23.1887,0.0718272,78.3698,174.173,0,0,0
800,2,0,483,1,1,1,4315.76,18661.1,1056.07,46.3844,0.678182,964.155,282890,112.985,23.1957,0.462701,89.3268,77.982,23.1887,0.0718272,54.7215,190.967,0,0,0
800,2,0,484,1,1,1,4327.43,18642.8,1055.85,46.3844,0.482746,964.135,282894,96.4816,23.1957,0.267264,73.0186,62.1503,23.1887,0.0718272,38.8898,158.632,0,0,0
800,2,0,485,1,1,1,4317.9,18644.5,1055.85,46.3844,0.50112,964.113,282894,101.277,23.1957,0.267264,77.814,97.328,23.1887,0.0902016,74.0491,198.605,0,0,0
800,2,0,486,1,1,1,4317.9,18643.9,1055.93,46.3844,0.482746,964.213,282893,107.352,23.1957,0.267264,83.8889,99.0296,23.1887,0.0718272,75.7691,206.381,0,0,0
800,2,0,487,1,1,1,4316.94,18643,1055.85,46.3844,0.678182,963.938,282894,53.8762,23.1957,0.462701,30.2178,102.217,23.1887,0.0718272,78.9564,156.093,0,0,0
800,2,0,488,1,1,1,4321.43,18677.1,1055.75,46.3844,0.482746,964.036,282896,115.49,23.1957,0.267264,92.0268,84.2086,23.1887,0.0718272,60.9481,199.698,0,0,0
800,2,0,489,1,1,1,4318.22,18635.6,1055.71,46.3844,0.482746,963.994,282897,105.959,23.1957,0.267264,82.4956,65.695,23.1887,0.0718272,42.4345,171.654,0,0,0
800,2,0,490,1,1,1,4320.63,24642.5,1061.51,52.1883,0.536198,964.117,282893,221.921,28.9996,0.320717,192.35,66.5829,23.1887,0.0718272,43.3224,288.504,0,0,0
800,2,0,491,1,1,1,4323.98,18662.7,1055.91,46.3844,0.678182,964.001,282893,102.285,23.1957,0.462701,78.6261,109.248,23.1887,0.0718272,85.9879,211.533,0,0,0
800,2,0,492,1,1,2,10321.2,24644.2,1078.23,69.5741,0.663149,963.844,282896,108.848,23.1957,0.267264,85.3851,201.423,46.3784,0.25223,154.792,310.271,1,0,0
800,2,0,493,1,1,1,4319.05,18660.6,1055.87,46.3844,0.482746,964.153,282894,101.634,23.1957,0.267264,78.1713,113.753,23.1887,0.0718272,90.4927,215.387,0,0,0
800,2,0,494,1,1,2,10337.7,24652.8,1078.35,69.5741,0.519494,964.113,282894,64.8994,23.1957,0.267264,41.4364,241.636,46.3784,0.108576,195.149,306.536,1,0,0
800,2,0,495,1,1,1,4317.9,18631.7,1055.89,46.3844,0.482746,964.173,282894,56.0161,23.1957,0.267264,32.5532,101.856,23.1887,0.0718272,78.5954,157.872,0,0,0
800,2,0,496,1,1,1,4318.98,18647.7,1055.87,46.3844,0.482746,964.153,282894,114.497,23.1957,0.267264,91.0341,69.3623,23.1887,0.0718272,46.1018,183.859,0,0,0
800,2,0,497,1,1,1,4313.74,18627.6,1055.91,46.3844,0.482746,964.193,282893,91.3758,23.1957,0.267264,67.9128,105.781,23.1887,0.0718272,82.5209,197.157,0,0,0
800,2,0,498,1,1,1,4317.9,24634.8,1061.28,52.1883,0.731635,963.691,282897,145.882,28.9996,0.516154,115.895,23.9449,23.1887,0.0718272,0.684019,169.827,0,0,0
800,2,0,499,1,1,1,4321.86,18634.4,1055.91,46.3844,0.482746,964.193,282893,72.3676,23.1957,0.267264,48.9047,101.107,23.1887,0.0718272,77.8464,173.475,0,0,0
800,2,0,500,1,1,1,4322.5,24638.6,1061.3,52.1883,0.536198,963.897,282897,119.822,28.9996,0.320717,89.9548,102.363,23.1887,0.0718272,79.1026,222.185,0,0,0
800,2,0,501,1,1,1,4354.24,18681.4,1055.93,46.3844,0.661478,964.039,282892,109.053,23.1957,0.302342,85.5547,96.5264,23.1887,0.0718272,73.2659,205.579,0,0,0
800,2,0,502,1,1,1,4330.95,18664,1055.85,46.3844,0.482746,964.133,282894,112.703,23.1957,0.267264,89.2401,100.759,23.1887,0.0718272,77.4981,213.462,0,0,0
800,2,0,503,1,1,1,4325.51,18643,1055.75,46.3844,0.482746,964.034,282896,97.7576,23.1957,0.267264,74.2946,110.127,23.1887,0.0718272,86.8668,207.885,0,0,0
800,2,0,504,1,0,0,-1,-1,1033.4,23.1957,0.267264,964.388,282895,-1,-1,-1,-1,-1,-1,-1,-1,-1,0,0,0
800,2,0,505,1,1,1,4321.85,18636.7,1055.87,46.3844,0.482746,964.153,282894,99.7374,23.1957,0.267264,76.2745,65.0146,23.1887,0.0718272,41.754,164.752,0,0,0
800,2,0,506,1,1,1,4323.85,18679.5,1055.59,46.3844,0.552902,963.807,282899,97.9613,23.1957,0.337421,74.4281,51.3667,23.1887,0.0718272,28.1062,149.328,0,0,0
800,2,0,507,1,0,0,-1,-1,1033.36,23.1957,0.267264,964.346,282896,-1,-1,-1,-1,-1,-1,-1,-1,-1,0,0,0
800,2,0,508,1,1,1,4324.4,18640.5,1055.91,46.3844,0.482746,964.193,282893,92.7366,23.1957,0.267264,69.2736,107.541,23.1887,0.0718272,84.2806,200.278,0,0,0
800,2,0,509,1,0,0,-1,-1,1033.38,23.1957,0.267264,964.366,282895,-1,-1,-1,-1,-1,-1,-1,-1,-1,0,0,0
800,2,0,510,1,1,1,4318.54,18670.4,1055.73,46.3844,0.482746,964.016,282897,109.409,23.1957,0.267264,85.9464,67.2615,23.1887,0.0718272,44.001,176.671,0,0,0
800,2,0,511,1,1,1,4322.36,18654.7,1055.67,46.3844,0.517824,963.922,282897,103.335,23.1957,0.302342,79.8371,112.609,23.1887,0.0718272,89.3484,215.944,0,0,0
800,2,0,512,1,1,2,10323.2,24652.9,1078.35,69.5741,0.554573,964.074,282894,101.956,23.1957,0.302342,78.4583,253.812,46.3784,0.108576,207.325,355.768,1,0,0
800,2,0,513,1,1,1,4320.36,24641.9,1061.45,52.1883,0.606355,963.982,282894,156.86,28.9996,0.390874,127.029,24.356,23.1887,0.0718272,1.09551,181.216,0,0,0
800,2,0,514,1,1,1,4331.62,18644.2,1056.01,46.3844,0.6264,964.153,282891,65.2585,23.1957,0.267264,41.7956,103.006,23.1887,0.0718272,79.7451,168.264,0,0,0
800,2,0,515,1,1,1,4320.75,18645.2,1055.87,46.3844,0.678182,963.962,282894,62.5428,23.1957,0.462701,38.8844,101.204,23.1887,0.0718272,77.9439,163.747,0,0,0
800,2,0,516,0,0,0,-1,-1,1033.33,23.206,0.516154,964.057,282895,-1,-1,-1,-1,-1,-1,-1,-1,-1,0,0,0
800,2,0,517,1,1,1,4321.12,24654,1061.53,52.1883,0.536198,964.137,282893,205.713,28.9996,0.320717,176.093,48.1234,23.1887,0.0718272,24.8629,253.836,0,0,0
800,2,0,518,1,1,1,4322.53,18637.7,1055.91,46.3844,0.6264,964.054,282893,65.8306,23.1957,0.267264,42.3677,103.392,23.1887,0.0718272,80.1313,169.222,0,0,0
800,2,0,519,1,1,1,4323.21,18649.3,1055.67,46.3844,0.587981,963.844,282897,98.5883,23.1957,0.372499,75.0201,60.4286,23.1887,0.0718272,37.1681,159.017,0,0,0
800,2,0,520,1,1,1,4320.42,18655.5,1055.87,46.3844,0.482746,964.155,282894,109.761,23.1957,0.267264,86.2983,67.5395,23.1887,0.0718272,44.279,177.301,0,0,0
800,2,0,521,1,1,1,4378.66,18692.8,1055.89,46.3844,0.482746,964.173,282894,114.438,23.1957,0.267264,90.9746,89.3757,23.1887,0.0718272,66.1152,203.813,0,0,0
800,2,0,522,1,1,1,4346.56,18671.9,1055.82,46.3844,0.6264,963.956,282895,101.829,23.1957,0.267264,78.3662,104.433,23.1887,0.0718272,81.1727,206.262,0,0,0
800,2,0,523,1,1,1,4316.3,18629.8,1055.85,46.3844,0.482746,964.135,282894,78.087,23.1957,0.267264,54.6241,39.1319,23.1887,0.0718272,15.8714,117.219,0,0,0
800,2,0,524,1,1,1,4315.38,18639.8,1055.91,46.3844,0.482746,964.193,282893,65.2296,23.1957,0.267264,41.7667,100.26,23.1887,0.0718272,77,165.49,0,0,0
800,2,0,525,1,1,1,4351.26,18670.4,1055.75,46.3844,0.517824,964,282896,65.3307,23.1957,0.267264,41.8678,102.844,23.1887,0.106906,79.5484,168.175,0,0,0
800,2,0,526,1,1,1,4342.28,18677.2,1055.81,46.3844,0.678182,963.895,282895,110.114,23.1957,0.462701,86.4553,67.9654,23.1887,0.0718272,44.7049,178.079,0,0,0
800,2,0,527,1,1,1,4327.43,18644.7,1055.89,46.3844,0.482746,964.173,282894,98.1239,23.1957,0.267264,74.661,111.847,23.1887,0.0718272,88.5868,209.971,0,0,0
800,2,0,528,1,1,1,4330.12,18655.4,1055.89,46.3844,0.482746,964.173,282894,99.0209,23.1957,0.267264,75.558,60.4213,23.1887,0.0718272,37.1608,159.442,0,0,0
800,2,0,529,1,1,1,4335.01,18665.1,1055.85,46.3844,0.482746,964.133,282894,99.2754,23.1957,0.267264,75.8124,111.728,23.1887,0.0718272,88.4677,211.004,0,0,0
800,2,0,530,1,1,1,4326.34,18651.1,1055.87,46.3844,0.482746,964.153,282894,107.706,23.1957,0.267264,84.2426,67.4258,23.1887,0.0718272,44.1653,175.131,0,0,0
800,2,0,531,1,1,1,4332.67,18660,1055.87,46.3844,0.482746,964.153,282894,106.338,23.1957,0.267264,82.8746,66.0018,23.1887,0.0718272,42.7413,172.339,0,0,0
800,2,0,532,1,1,1,4322.94,18636.8,1055.87,46.3844,0.482746,964.153,282894,73.2231,23.1957,0.267264,49.7601,98.4431,23.1887,0.0718272,75.1826,171.666,0,0,0
800,2,0,533,1,1,1,4331.72,18676.3,1055.95,46.3844,0.482746,964.232,282893,84.8785,23.1957,0.267264,61.4155,108.929,23.1887,0.0718272,85.6684,193.807,0,0,0
800,2,0,534,1,1,1,4316.3,18648.8,1055.98,46.3844,0.678182,964.074,282892,102.064,23.1957,0.462701,78.4059,107.987,23.1887,0.0718272,84.7263,210.051,0,0,0
800,2,0,535,1,1,1,4315.02,18663.8,1055.97,46.3844,0.482746,964.252,282892,98.844,23.1957,0.267264,75.3811,60.3293,23.1887,0.0718272,37.0688,159.173,0,0,0
800,2,0,536,1,1,1,4317.19,18643.9,1055.73,46.3844,0.482746,964.014,282897,102.185,23.1957,0.267264,78.7218,109.664,23.1887,0.0718272,86.403,211.848,0,0,0
800,2,0,537,1,1,1,4315.98,18673.8,1055.94,46.3844,0.517824,964.193,282893,100.756,23.1957,0.302342,77.2581,99.1469,23.1887,0.0718272,75.8864,199.903,0,0,0
800,2,0,538,1,1,1,4327,18653.6,1055.89,46.3844,0.482746,964.173,282894,84.9958,23.1957,0.267264,61.5329,109.33,23.1887,0.0718272,86.0691,194.325,0,0,0
800,2,0,539,1,1,1,4338.57,18655.2,1055.87,46.3844,0.482746,964.153,282894,57.1838,23.1957,0.267264,33.7209,98.7607,23.1887,0.0718272,75.5002,155.945,0,0,0
800,2,0,540,1,1,1,4364.61,18681.3,1055.91,46.3844,0.482746,964.193,282893,98.6509,23.1957,0.267264,75.188,99.1126,23.1887,0.0718272,75.8521,197.764,0,0,0
800,2,0,541,1,0,0,-1,-1,1033.22,23.1957,0.267264,964.209,282898,-1,-1,-1,-1,-1,-1,-1,-1,-1,0,0,0
800,2,0,542,1,1,1,4318.71,24644.3,1061.54,52.1883,0.731635,963.944,282892,226.227,28.9996,0.516154,196.472,104.911,23.1887,0.0718272,81.651,331.139,0,0,0
800,2,0,543,1,1,1,4316.3,18649.2,1055.81,46.3844,0.482746,964.093,282895,112.956,23.1957,0.267264,89.4928,67.9744,23.1887,0.0718272,44.7139,180.93,0,0,0
800,2,0,544,1,1,1,4323.87,18686.9,1055.81,46.3844,0.713261,963.859,282895,102.869,23.1957,0.462701,79.2109,112.575,23.1887,0.106906,89.2798,215.445,0,0,0
800,2,0,545,1,1,1,4325.74,18642.9,1055.91,46.3844,0.482746,964.193,282893,106.278,23.1957,0.267264,82.8151,95.4002,23.1887,0.0718272,72.1397,201.678,0,0,0
800,2,0,546,1,1,1,4321.93,18661.1,1055.95,46.3844,0.482746,964.232,282893,106.208,23.1957,0.267264,82.7447,60.1127,23.1887,0.0718272,36.8522,166.32,0,0,0
800,2,0,547,1,1,1,4331.59,18644.2,1055.85,46.3844,0.482746,964.133,282894,97.5753,23.1957,0.267264,74.1123,62.0529,23.1887,0.0718272,38.7924,159.628,0,0,0
800,2,0,548,1,1,1,4315.34,18648.6,1055.83,46.3844,0.482746,964.115,282895,72.4994,23.1957,0.267264,49.0364,102.383,23.1887,0.0718272,79.1224,174.882,0,0,0
800,2,0,549,1,1,1,4345.9,18701.9,1056.22,46.3844,0.856915,964.133,282887,99.8055,23.1957,0.497779,76.112,99.6848,23.1887,0.0718272,76.4243,199.49,0,0,0
800,2,0,550,1,1,1,4319.56,18660.3,1055.85,46.3844,0.482746,964.133,282894,109.068,23.1957,0.267264,85.6053,108.063,23.1887,0.0718272,84.8021,217.131,0,0,0
800,2,0,551,1,1,1,4323.27,18643.5,1055.95,46.3844,0.482746,964.232,282893,72.1294,23.1957,0.267264,48.6664,98.3294,23.1887,0.0718272,75.0689,170.459,0,0,0
800,2,0,552,1,1,1,4330.47,18650.6,1055.85,46.3844,0.482746,964.133,282894,111.799,23.1957,0.267264,88.3359,106.727,23.1887,0.0718272,83.4666,218.526,0,0,0
800,2,0,553,1,1,1,4321.13,18651.3,1055.85,46.3844,0.482746,964.135,282894,102.326,23.1957,0.267264,78.8625,65.0146,23.1887,0.0718272,41.754,167.34,0,0,0
800,2,0,554,1,1,1,4317.9,18641.8,1055.71,46.3844,0.482746,963.996,282897,110.88,23.1957,0.267264,87.4173,99.3112,23.1887,0.0718272,76.0507,210.191,0,0,0
800,2,0,555,1,1,1,4316.42,18638.8,1056.14,46.3844,0.678182,964.232,282889,68.9787,23.1957,0.462701,45.3203,101.002,23.1887,0.0718272,77.7418,169.981,0,0,0
800,2,0,556,1,1,1,4314.63,18657.4,1055.71,46.3844,0.482746,963.994,282897,111.36,23.1957,0.267264,87.8974,67.359,23.1887,0.0718272,44.0985,178.719,0,0,0
800,2,0,557,1,1,1,4325.77,18650.6,1055.87,46.3844,0.482746,964.153,282894,100.728,23.1957,0.267264,77.2653,98.0622,23.1887,0.0718272,74.8017,198.791,0,0,0
800,2,0,558,1,1,1,4333.13,18673.8,1055.91,46.3844,0.482746,964.193,282893,102.564,23.1957,0.267264,79.1008,111.656,23.1887,0.0718272,88.3955,214.22,0,0,0
800,2,0,559,1,1,1,4320.58,18643.5,1055.87,46.3844,0.482746,964.153,282894,100.892,23.1957,0.267264,77.4295,103.897,23.1887,0.0718272,80.6367,204.79,0,0,0
800,2,0,560,1,1,1,4330.66,18646.1,1055.93,46.3844,0.482746,964.213,282893,104.544,23.1957,0.267264,81.0806,111.409,23.1887,0.0718272,88.1482,215.952,0,0,0
800,2,0,561,1,1,1,4321.37,18654,1055.89,46.3844,0.517824,964.135,282894,101.873,23.1957,0.302342,78.3752,103.628,23.1887,0.0718272,80.3677,205.502,0,0,0
800,2,0,562,1,1,1,4325.77,18681.3,1055.83,46.3844,0.482746,964.113,282895,102.302,23.1957,0.267264,78.8391,110.627,23.1887,0.0718272,87.3668,212.929,0,0,0
800,2,0,563,1,1,1,4330.89,18684.4,1055.7,46.3844,0.517824,963.944,282897,103.24,23.1957,0.302342,79.7415,63.8035,23.1887,0.0718272,40.543,167.043,0,0,0
800,2,0,564,1,1,1,4328.78,18648.3,1055.85,46.3844,0.517824,964.097,282894,102.384,23.1957,0.302342,78.886,104.538,23.1887,0.0718272,81.2774,206.922,0,0,0
800,2,0,565,1,1,1,4331.08,18665.7,1055.85,46.3844,0.517824,964.097,282894,72.1897,23.1957,0.302342,48.6917,97.8818,23.1887,0.0718272,74.6213,170.072,0,0,0
800,2,0,566,1,1,1,4331.53,24663,1061.55,52.1883,0.536198,964.155,282893,226.458,28.9996,0.320717,196.898,60.6632,23.1887,0.0718272,37.4027,287.121,0,0,0
800,2,0,567,1,1,1,4325.05,18640.2,1055.69,46.3844,0.482746,963.974,282897,103.372,23.1957,0.267264,79.9093,112.93,23.1887,0.0718272,89.6697,216.302,0,0,0
800,2,0,568,1,1,1,4346.78,18688.5,1055.76,46.3844,0.713261,963.816,282895,104.476,23.1957,0.497779,80.7828,112.609,23.1887,0.0718272,89.3484,217.085,0,0,0
800,2,0,569,1,1,1,4323.34,18654.1,1055.87,46.3844,0.517824,964.117,282894,79.3512,23.1957,0.302342,55.8531,101.273,23.1887,0.0718272,78.0125,180.624,0,0,0
800,2,0,570,1,1,1,4316.62,18654,1055.87,46.3844,0.482746,964.153,282894,104.659,23.1957,0.267264,81.1961,64.1916,23.1887,0.0718272,40.9311,168.851,0,0,0
800,2,0,571,1,1,1,4328.01,18655.3,1055.97,46.3844,0.482746,964.252,282892,106.426,23.1957,0.267264,82.963,66.1877,23.1887,0.0718272,42.9272,172.614,0,0,0
800,2,0,572,1,1,1,4316.94,18646.4,1055.97,46.3844,0.482746,964.252,282892,108.202,23.1957,0.267264,84.739,108.918,23.1887,0.0718272,85.6576,217.12,0,0,0
800,2,0,573,1,1,1,4314.06,18636.8,1055.83,46.3844,0.678182,963.922,282894,115.183,23.1957,0.462701,91.525,104.383,23.1887,0.0718272,81.1222,219.566,0,0,0
800,2,0,574,1,1,1,4316.62,18630.5,1055.75,46.3844,0.482746,964.034,282896,98.2828,23.1957,0.267264,74.8198,98.7842,23.1887,0.0718272,75.5237,197.067,0,0,0
800,2,0,575,1,1,1,4345.74,18661.9,1055.87,46.3844,0.517824,964.115,282894,52.124,23.1957,0.302342,28.6259,101.421,23.1887,0.0718272,78.1605,153.545,0,0,0
800,2,0,576,1,1,1,4348.71,18663,1055.63,46.3844,0.482746,963.915,282898,105.67,23.1957,0.267264,82.2068,114.239,23.1887,0.0718272,90.9782,219.908,0,0,0
800,2,0,577,1,1,1,4334.25,18650,1055.76,46.3844,0.6264,963.902,282896,65.7909,23.1957,0.267264,42.328,101.925,23.1887,0.0718272,78.664,167.715,0,0,0
800,2,0,578,1,1,1,4322.89,18638.7,1055.71,46.3844,0.482746,963.994,282897,106.805,23.1957,0.267264,83.3421,66.7002,23.1887,0.0718272,43.4397,173.505,0,0,0
800,2,0,579,1,1,1,4342.6,18655.8,1055.74,46.3844,0.517824,963.983,282896,57.848,23.1957,0.267264,34.385,100.102,23.1887,0.106906,76.8069,157.95,0,0,0
800,2,0,580,1,1,1,4319.54,18634.5,1055.87,46.3844,0.482746,964.153,282894,97.9435,23.1957,0.267264,74.4805,61.4086,23.1887,0.0718272,38.1481,159.352,0,0,0
800,2,0,581,1,1,1,4318.54,24635.2,1061.38,52.1883,0.696557,963.823,282895,160.256,28.9996,0.481075,130.346,25.1176,23.1887,0.0718272,1.85714,185.374,0,0,0
800,2,0,582,1,1,1,4336.58,18654.9,1055.87,46.3844,0.552902,964.079,282894,52.1186,23.1957,0.302342,28.6205,100.884,23.1887,0.106906,77.5884,153.002,0,0,0
800,2,0,583,1,1,1,4316.3,18686.8,1055.77,46.3844,0.482746,964.056,282896,88.3203,23.1957,0.267264,64.8573,46.241,23.1887,0.0718272,22.9805,134.561,0,0,0
800,2,0,584,1,1,1,4317.04,18648.6,1055.92,46.3844,0.678182,964.01,282893,91.7535,23.1957,0.462701,68.0951,48.5963,23.1887,0.0718272,25.3358,140.35,0,0,0
800,2,0,585,1,1,2,10325.6,24664.2,1077.98,69.5741,0.733306,963.529,282899,101.567,23.1957,0.337421,78.0341,256.901,46.3784,0.25223,210.27,358.468,1,0,0
800,2,0,586,1,1,1,4325.15,18669,1055.87,46.3844,0.482746,964.153,282894,98.8567,23.1957,0.267264,75.3937,62.8921,23.1887,0.0718272,39.6316,161.749,0,0,0
800,2,0,587,1,1,1,4338.65,18685,1055.76,46.3844,0.587981,963.94,282895,113.413,23.1957,0.372499,89.8447,94.7865,23.1887,0.0718272,71.526,208.199,0,0,0
800,2,0,588,1,1,1,4324.32,18641.4,1055.87,46.3844,0.482746,964.153,282894,112.357,23.1957,0.267264,88.8936,91.5758,23.1887,0.0718272,68.3153,203.932,0,0,0
800,2,0,589,1,1,1,4318.98,18639,1055.87,46.3844,0.482746,964.155,282894,106.823,23.1957,0.267264,83.3601,66.4079,23.1887,0.0718272,43.1474,173.231,0,0,0
800,2,0,590,1,1,1,4315.34,18652.2,1056.1,46.3844,0.678182,964.193,282889,98.5269,23.1957,0.462701,74.8685,59.7788,23.1887,0.0718272,36.5183,158.306,0,0,0
800,2,0,591,1,1,1,4324.78,18687.9,1055.87,46.3844,0.517824,964.117,282894,102.402,23.1957,0.302342,78.9041,97.7031,23.1887,0.0718272,74.4426,200.105,0,0,0
800,2,0,592,1,1,1,4321.39,18647.3,1055.63,46.3844,0.482746,963.915,282898,105.623,23.1957,0.267264,82.1599,59.3655,23.1887,0.0718272,36.105,164.988,0,0,0
800,2,0,593,1,1,1,4319.3,18632.8,1055.75,46.3844,0.482746,964.034,282896,68.2617,23.1957,0.267264,44.7987,102.13,23.1887,0.0718272,78.8698,170.392,0,0,0
800,2,0,594,1,1,1,4314.7,18636.7,1055.87,46.3844,0.482746,964.153,282894,100.784,23.1957,0.267264,77.3212,64.6031,23.1887,0.0718272,41.3426,165.387,0,0,0
800,2,0,595,1,1,1,4338.92,18659.1,1055.63,46.3844,0.552902,963.839,282898,101.19,23.1957,0.267264,77.7273,114.036,23.1887,0.141984,90.7056,215.227,0,0,0
800,2,0,596,1,1,1,4334.92,18649.1,1055.83,46.3844,0.482746,964.113,282895,80.4658,23.1957,0.267264,57.0028,104.242,23.1887,0.0718272,80.9814,184.708,0,0,0
800,2,0,597,1,1,1,4316.3,18634.1,1055.83,46.3844,0.482746,964.113,282895,102.347,23.1957,0.267264,78.8842,106.139,23.1887,0.0718272,82.8782,208.486,0,0,0
800,2,0,598,1,1,1,4315.34,18629.2,1055.91,46.3844,0.482746,964.193,282893,105.323,23.1957,0.267264,81.8603,96.3314,23.1887,0.0718272,73.0709,201.655,0,0,0
800,2,0,599,1,1,1,4327.22,18663,1056.1,46.3844,0.678182,964.193,282889,68.2875,23.1957,0.462701,44.6291,102.237,23.1887,0.0718272,78.9762,170.524,0,0,0
800,2,0,600,1,1,1,4327.11,18691.8,1055.69,46.3844,0.482746,963.976,282897,104.556,23.1957,0.267264,81.0933,54.7813,23.1887,0.0718272,31.5208,159.338,0,0,0
800,2,0,601,1,1,1,4322.15,18654.9,1055.65,46.3844,0.482746,963.935,282898,110.438,23.1957,0.267264,86.9751,102.038,23.1887,0.0718272,78.7777,212.476,0,0,0
800,2,0,602,1,1,1,4340.46,18698.6,1055.91,46.3844,0.482746,964.193,282893,86.4848,23.1957,0.267264,63.0218,46.1219,23.1887,0.0718272,22.8614,132.607,0,0,0
800,2,0,603,1,0,0,-1,-1,1033.79,23.1957,0.693216,964.35,282887,-1,-1,-1,-1,-1,-1,-1,-1,-1,0,0,0
800,2,0,604,1,1,1,4323.52,18639.9,1055.69,46.3844,0.482746,963.976,282897,66.1826,23.1957,0.267264,42.7196,99.8418,23.1887,0.0718272,76.5813,166.024,0,0,0
800,2,0,605,1,1,1,4320.55,18649.3,1055.8,46.3844,0.6264,963.942,282895,71.9579,23.1957,0.267264,48.495,102.262,23.1887,0.0718272,79.0015,174.22,0,0,0
800,2,0,606,1,1,1,4334.04,18650.3,1055.95,46.3844,0.6264,964.093,282892,50.9934,23.1957,0.267264,27.5304,101.674,23.1887,0.0718272,78.4131,152.667,0,0,0
800,2,0,607,1,1,1,4330.68,18667.6,1055.86,46.3844,0.517824,964.113,282894,54.7185,23.1957,0.267264,31.2555,101.301,23.1887,0.106906,78.0053,156.019,0,0,0
800,2,0,608,1,1,1,4320.9,18658.6,1055.89,46.3844,0.482746,964.173,282894,66.6266,23.1957,0.267264,43.1636,99.1126,23.1887,0.0718272,75.8521,165.739,0,0,0
800,2,0,609,1,1,1,4322.25,18659.8,1055.75,46.3844,0.517824,963.996,282896,112.656,23.1957,0.267264,89.1932,75.4633,23.1887,0.106906,52.1677,188.12,0,0,0
800,2,0,610,1,1,1,4325.22,18644.9,1055.81,46.3844,0.519494,964.054,282895,102.378,23.1957,0.267264,78.9149,110.586,23.1887,0.108576,87.2892,212.964,0,0,0
800,2,0,611,1,1,1,4319.62,18634.1,1055.85,46.3844,0.482746,964.135,282894,55.4783,23.1957,0.267264,32.0153,102.504,23.1887,0.0718272,79.2434,157.982,0,0,0
800,2,0,612,1,1,1,4316.3,24647.9,1061.51,52.1883,0.766714,963.884,282893,226.393,28.9996,0.551232,196.602,61.4681,23.1887,0.0718272,38.2076,287.861,0,0,0
800,2,0,613,1,1,1,4317.9,18642.3,1055.85,46.3844,0.482746,964.133,282894,98.5769,23.1957,0.267264,75.114,61.1721,23.1887,0.0718272,37.9116,159.749,0,0,0
800,2,0,614,1,1,1,4340.33,18656.7,1055.88,46.3844,0.517824,964.133,282894,66.0093,23.1957,0.267264,42.5464,102.445,23.1887,0.106906,79.1495,168.454,0,0,0
800,2,0,615,1,1,1,4326.73,18645.8,1055.97,46.3844,0.517824,964.214,282892,112.761,23.1957,0.267264,89.2979,98.7092,23.1887,0.106906,75.4136,211.47,0,0,0
800,2,0,616,1,1,1,4328.46,18654,1055.88,46.3844,0.552902,964.097,282893,98.306,23.1957,0.337421,74.7729,61.3887,23.1887,0.0718272,38.1282,159.695,0,0,0
800,2,0,617,1,1,1,4315.02,18647,1055.79,46.3844,0.661478,963.897,282895,100.749,23.1957,0.302342,77.2509,62.5221,23.1887,0.0718272,39.2616,163.271,0,0,0
800,2,0,618,1,1,1,4321.85,18645.6,1055.85,46.3844,0.517824,964.095,282894,55.8978,23.1957,0.302342,32.3998,101.621,23.1887,0.0718272,78.3608,157.519,0,0,0
800,2,0,619,1,1,1,4320.9,18648.3,1055.85,46.3844,0.482746,964.135,282894,107.794,23.1957,0.267264,84.3311,96.5823,23.1887,0.0718272,73.3218,204.376,0,0,0
800,2,0,620,1,1,1,4318.54,18649.4,1055.87,46.3844,0.482746,964.153,282894,104.69,23.1957,0.267264,81.2268,113.161,23.1887,0.0718272,89.9007,217.851,0,0,0
800,2,0,621,1,1,1,4322.09,18640.1,1055.93,46.3844,0.482746,964.213,282893,102.611,23.1957,0.267264,79.1477,111.663,23.1887,0.0718272,88.4027,214.274,0,0,0
800,2,0,622,1,1,1,4328.33,18645.7,1055.85,46.3844,0.482746,964.135,282894,65.7151,23.1957,0.267264,42.2522,100.791,23.1887,0.0718272,77.5306,166.506,0,0,0
800,2,0,623,1,1,1,4334.31,18657.3,1055.89,46.3844,0.482746,964.173,282894,113.862,23.1957,0.267264,90.3988,104.393,23.1887,0.0718272,81.133,218.255,0,0,0
800,2,0,624,1,1,1,4337.45,18657.6,1055.82,46.3844,0.913709,963.671,282894,100.458,23.1957,0.267264,76.9946,113.567,23.1887,0.0718272,90.3068,214.025,0,0,0
800,2,0,625,1,1,1,4318.22,18636.7,1055.89,46.3844,0.482746,964.173,282894,95.9798,23.1957,0.267264,72.5169,61.6432,23.1887,0.0718272,38.3827,157.623,0,0,0
800,2,0,626,1,1,1,4333.3,18655.2,1055.85,46.3844,0.517824,964.097,282894,100.447,23.1957,0.302342,76.9495,98.259,23.1887,0.0718272,74.9985,198.706,0,0,0
800,2,0,627,1,1,1,4331.37,24656.3,1061.48,52.1883,0.731635,963.884,282894,220.072,28.9996,0.516154,190.3,111.077,23.1887,0.0718272,87.8162,331.149,0,0,0
800,2,0,628,1,1,1,4317.58,18632.7,1055.85,46.3844,0.482746,964.133,282894,64.9661,23.1957,0.267264,41.5032,100.381,23.1887,0.0718272,77.1209,165.348,0,0,0
800,2,0,629,1,1,1,4322.16,18645.1,1055.67,46.3844,0.482746,963.956,282898,99.8656,23.1957,0.267264,76.4026,100.618,23.1887,0.0718272,77.3573,200.483,0,0,0
800,2,0,630,1,1,1,4336.57,18663.1,1055.97,46.3844,0.644774,964.095,282892,111.891,23.1957,0.267264,88.428,105.358,23.1887,0.0902016,82.0787,217.249,0,0,0
800,2,0,631,1,1,1,4316.3,18631.4,1055.81,46.3844,0.482746,964.093,282895,76.2353,23.1957,0.267264,52.7724,99.5638,23.1887,0.0718272,76.3033,175.799,0,0,0
800,2,0,632,1,1,1,4327.82,18669,1055.87,46.3844,0.482746,964.155,282894,83.2018,23.1957,0.267264,59.7389,43.1891,23.1887,0.0718272,19.9286,126.391,0,0,0
800,2,0,633,1,1,1,4326.63,18642.5,1055.92,46.3844,0.517824,964.173,282893,110.886,23.1957,0.267264,87.4227,72.8175,23.1887,0.106906,49.5219,183.703,0,0,0
800,2,0,634,1,1,1,4318.22,18633,1055.71,46.3844,0.482746,963.994,282897,65.5617,23.1957,0.267264,42.0988,104.282,23.1887,0.0718272,81.0211,169.843,0,0,0
800,2,0,635,1,1,1,4326.15,18703.7,1055.88,46.3844,0.713261,963.938,282893,103.971,23.1957,0.497779,80.2775,63.4877,23.1887,0.0718272,40.2272,167.459,0,0,0
800,2,0,636,1,1,1,4326.33,18671.8,1055.65,46.3844,0.713261,963.704,282897,106.563,23.1957,0.497779,82.8692,62.1702,23.1887,0.0718272,38.9097,168.733,0,0,0
800,2,0,637,1,1,1,4315.98,18641.4,1055.81,46.3844,0.482746,964.095,282895,56.0757,23.1957,0.267264,32.6127,102.116,23.1887,0.0718272,78.8553,158.192,0,0,0
800,2,0,638,1,1,1,4330.25,18659.4,1055.58,46.3844,0.571277,963.779,282898,112.064,23.1957,0.337421,88.5309,97.7161,23.1887,0.0902016,74.4372,209.78,0,0,0
800,2,0,639,1,1,1,4346.15,18695.9,1055.34,46.3844,0.783418,963.323,282902,102.468,23.1957,0.532858,78.7398,116.403,23.1887,0.106906,93.1078,218.872,0,0,0
800,2,0,640,1,1,1,4315.02,18656.8,1055.83,46.3844,0.482746,964.113,282895,94.462,23.1957,0.267264,70.999,49.2442,23.1887,0.0718272,25.9837,143.706,0,0,0
800,2,0,641,1,1,1,4327.11,18691.2,1055.9,46.3844,1.06906,963.594,282892,115.665,23.1957,0.853574,91.6153,105.07,23.1887,0.0718272,81.8098,220.735,0,0,0
800,2,0,642,1,1,1,4322.18,18642.6,1055.87,46.3844,0.482746,964.155,282894,61.7879,23.1957,0.267264,38.3249,101.374,23.1887,0.0718272,78.1135,163.162,0,0,0
800,2,0,643,1,1,1,4344.88,18678.8,1055.92,46.3844,0.552902,964.135,282893,65.1538,23.1957,0.267264,41.6909,103,23.1887,0.141984,79.6693,168.154,0,0,0
800,2,0,644,1,1,1,4340.79,18655.6,1055.89,46.3844,0.482746,964.173,282894,82.9401,23.1957,0.267264,59.4772,106.87,23.1887,0.0718272,83.6092,189.81,0,0,0
800,2,0,645,1,1,1,4313.74,18652.8,1055.91,46.3844,0.482746,964.193,282893,102.45,23.1957,0.267264,78.9871,116.09,23.1887,0.0718272,92.8299,218.54,0,0,0
800,2,0,646,1,1,1,4324.77,18643.2,1055.76,46.3844,0.6264,963.9,282896,105.267,23.1957,0.267264,81.8044,95.2287,23.1887,0.0718272,71.9682,200.496,0,0,0
800,2,0,647,1,1,1,4316.94,18634.8,1055.77,46.3844,0.517824,964.018,282896,64.3641,23.1957,0.302342,40.8661,106.175,23.1887,0.0718272,82.9143,170.539,0,0,0
800,2,0,648,1,1,2,10356.1,24675.6,1078.17,69.5741,0.770054,963.677,282896,65.3323,23.1957,0.337421,41.7992,242.39,46.3784,0.145325,195.866,307.722,1,0,0
800,2,0,649,1,1,1,4324.81,18656.1,1055.92,46.3844,0.517824,964.173,282893,62.5738,23.1957,0.302342,39.0757,101.497,23.1887,0.0718272,78.2363,164.071,0,0,0
800,2,0,650,1,1,1,4316.94,18651.9,1055.89,46.3844,0.517824,964.137,282894,101.023,23.1957,0.302342,77.5252,63.0545,23.1887,0.0718272,39.794,164.078,0,0,0
800,2,0,651,1,1,1,4320.99,18670.4,1056.06,46.3844,0.713261,964.115,282890,99.9715,23.1957,0.497779,76.2781,63.4787,23.1887,0.0718272,40.2182,163.45,0,0,0
800,2,0,652,1,1,1,4317.19,18654.5,1056.01,46.3844,0.873619,963.902,282891,102.262,23.1957,0.658138,78.4077,96.2051,23.1887,0.0718272,72.9446,198.467,0,0,0
800,2,0,653,1,1,1,4315.66,18676.1,1055.93,46.3844,0.482746,964.213,282893,102.414,23.1957,0.267264,78.951,115.935,23.1887,0.0718272,92.6747,218.349,0,0,0
800,2,0,654,1,1,1,4342.9,18661.6,1055.83,46.3844,0.482746,964.113,282895,98.3188,23.1957,0.267264,74.8559,98.7986,23.1887,0.0718272,75.5381,197.117,0,0,0
800,2,0,655,1,1,1,4320.31,24640.9,1061.18,52.1883,0.731635,963.588,282899,234.369,28.9996,0.516154,204.639,64.4894,23.1887,0.0718272,41.2289,298.859,0,0,0
800,2,0,656,1,1,1,4318.47,18642.4,1055.86,46.3844,0.6264,963.998,282894,56.6045,23.1957,0.267264,33.1415,98.0153,23.1887,0.0718272,74.7548,154.62,0,0,0
800,2,0,657,1,1,1,4317.58,18641.3,1055.87,46.3844,0.482746,964.153,282894,81.9998,23.1957,0.267264,58.5369,42.4239,23.1887,0.0718272,19.1634,124.424,0,0,0
800,2,0,658,1,1,1,4350.06,18686.7,1055.92,46.3844,0.783418,963.902,282892,98.9977,23.1957,0.532858,75.2692,98.7651,23.1887,0.106906,75.4695,197.763,0,0,0
800,2,0,659,1,1,1,4365.72,18693.1,1055.87,46.3844,0.482746,964.153,282894,101.203,23.1957,0.267264,77.74,111.08,23.1887,0.0718272,87.8198,212.283,0,0,0
800,2,0,660,1,1,1,4317.94,18657.9,1055.85,46.3844,0.482746,964.133,282894,81.8284,23.1957,0.267264,58.3654,42.1874,23.1887,0.0718272,18.9269,124.016,0,0,0
800,2,0,661,1,1,1,4319.41,18637.9,1055.73,46.3844,0.482746,964.016,282897,103.495,23.1957,0.267264,80.0321,111.943,23.1887,0.0718272,88.6825,215.438,0,0,0
800,2,0,662,1,1,1,4315.98,18632,1055.85,46.3844,0.482746,964.133,282894,84.7612,23.1957,0.267264,61.2982,44.595,23.1887,0.0718272,21.3345,129.356,0,0,0
800,2,0,663,1,1,1,4319.94,18662.4,1055.91,46.3844,0.482746,964.193,282893,113.696,23.1957,0.267264,90.2328,77.5074,23.1887,0.0718272,54.2469,191.203,0,0,0
800,2,0,664,1,1,1,4317.7,18632.4,1055.87,46.3844,0.482746,964.153,282894,97.3749,23.1957,0.267264,73.912,107.193,23.1887,0.0718272,83.9322,204.568,0,0,0
800,2,0,665,1,1,1,4321.54,18641.1,1055.91,46.3844,0.482746,964.193,282893,57.3553,23.1957,0.267264,33.8923,99.2191,23.1887,0.0718272,75.9586,156.574,0,0,0
800,2,0,666,1,1,1,4323.59,18664,1055.91,46.3844,0.482746,964.193,282893,111.162,23.1957,0.267264,87.6988,98.7715,23.1887,0.0718272,75.511,209.933,0,0,0
800,2,0,667,1,1,1,4354.1,18696.1,1055.95,46.3844,0.587981,964.133,282892,102.261,23.1957,0.302342,78.7633,109.766,23.1887,0.141984,86.4355,212.027,0,0,0
800,2,0,668,1,1,1,4350.98,18666.1,1056.04,46.3844,0.805133,963.998,282890,100.245,23.1957,0.267264,76.7816,111.292,23.1887,0.106906,87.9966,211.537,0,0,0
800,2,0,669,1,1,1,4332.1,18664.5,1055.87,46.3844,0.482746,964.153,282894,103.302,23.1957,0.267264,79.8389,112.728,23.1887,0.0718272,89.4675,216.03,0,0,0
800,2,0,670,1,1,1,4314.7,18630.1,1055.85,46.3844,0.482746,964.133,282894,72.0229,23.1957,0.267264,48.5599,101.114,23.1887,0.0718272,77.8537,173.137,0,0,0
800,2,0,671,1,1,1,4331.91,18664.4,1055.74,46.3844,0.517824,963.992,282896,74.0894,23.1957,0.267264,50.6264,99.3517,23.1887,0.106906,76.0561,173.441,0,0,0
800,2,0,672,1,1,1,4318.22,18633.3,1055.83,46.3844,0.482746,964.113,282895,63.5422,23.1957,0.267264,40.0792,101.491,23.1887,0.0718272,78.2309,165.034,0,0,0
800,2,0,673,1,1,1,4322.79,18678.2,1055.92,46.3844,0.821837,963.864,282892,111.866,23.1957,0.462701,88.2078,105.262,23.1887,0.0718272,82.0011,217.128,0,0,0
800,2,0,674,1,1,1,4321.86,18636.7,1055.91,46.3844,0.482746,964.193,282893,98.7827,23.1957,0.267264,75.3197,108.996,23.1887,0.0718272,85.7352,207.778,0,0,0
800,2,0,675,1,1,1,4343.02,18665.1,1056.02,46.3844,0.891994,963.897,282890,98.4656,23.1957,0.462701,74.8072,61.3777,23.1887,0.141984,38.047,159.843,0,0,0
800,2,0,676,1,1,1,4317.26,18652.5,1055.95,46.3844,0.482746,964.232,282893,95.4258,23.1957,0.267264,71.9628,49.8921,23.1887,0.0718272,26.6316,145.318,0,0,0
800,2,0,677,1,1,1,4330.52,24645.4,1061.48,52.1883,0.731635,963.884,282894,224.68,28.9996,0.516154,194.922,62.4102,23.1887,0.0718272,39.1497,287.09,0,0,0
800,2,0,678,1,1,1,4315.98,18633.6,1055.63,46.3844,0.482746,963.915,282898,82.1569,23.1957,0.267264,58.6939,105.361,23.1887,0.0718272,82.1004,187.518,0,0,0
800,2,0,679,1,1,1,4315.66,18663.3,1055.68,46.3844,0.517824,963.933,282897,116.738,23.1957,0.302342,93.2396,104.619,23.1887,0.0718272,81.3586,221.357,0,0,0
800,2,0,680,1,1,1,4341,18687,1055.9,46.3844,0.517824,964.153,282893,102.401,23.1957,0.267264,78.9383,53.7931,23.1887,0.106906,30.4975,156.194,0,0,0
800,2,0,681,1,1,1,4325.38,18658.6,1055.92,46.3844,0.517824,964.173,282893,112.602,23.1957,0.267264,89.1391,67.3977,23.1887,0.106906,44.1021,180,0,0,0
800,2,0,682,1,1,1,4315.66,18635.6,1055.81,46.3844,0.482746,964.095,282895,104.179,23.1957,0.267264,80.7161,63.8414,23.1887,0.0718272,40.5809,168.02,0,0,0
800,2,0,683,1,1,1,4315.02,18640.3,1055.89,46.3844,0.482746,964.173,282894,99.0751,23.1957,0.267264,75.6121,60.6993,23.1887,0.0718272,37.4388,159.774,0,0,0
800,2,0,684,1,1,1,4321.1,18640.3,1055.87,46.3844,0.482746,964.153,282894,64.8903,23.1957,0.267264,41.4274,99.2805,23.1887,0.0718272,76.02,164.171,0,0,0
800,2,0,685,1,1,1,4319.38,18644.4,1055.73,46.3844,0.482746,964.014,282897,105.343,23.1957,0.267264,81.8802,64.5868,23.1887,0.0718272,41.3263,169.93,0,0,0
800,2,0,686,1,1,1,4324.65,18638.5,1055.93,46.3844,0.482746,964.213,282893,105.8,23.1957,0.267264,82.3368,112.492,23.1887,0.0718272,89.2311,218.291,0,0,0
800,2,0,687,1,1,1,4315.66,18631.7,1055.91,46.3844,0.482746,964.193,282893,56.2508,23.1957,0.267264,32.7878,101.964,23.1887,0.0718272,78.7037,158.215,0,0,0
800,2,0,688,1,1,1,4317.38,18655.5,1056.07,46.3844,0.678182,964.155,282890,98.5648,23.1957,0.462701,74.9064,61.2949,23.1887,0.0718272,38.0344,159.86,0,0,0
800,2,0,689,1,1,1,4322.5,18657,1055.86,46.3844,0.552902,964.077,282894,67.3085,23.1957,0.337421,43.7754,100.921,23.1887,0.0718272,77.6605,168.23,0,0,0
800,2,0,690,1,1,1,4345.14,18657.4,1055.93,46.3844,0.482746,964.213,282893,101.037,23.1957,0.267264,77.5739,99.4177,23.1887,0.0718272,76.1571,200.455,0,0,0
800,2,0,691,1,1,1,4336.1,18651.6,1055.81,46.3844,0.913709,963.66,282894,76.2335,23.1957,0.267264,52.7705,98.3294,23.1887,0.0718272,75.0689,174.563,0,0,0
800,2,0,692,1,1,1,4318.12,18645.2,1055.76,46.3952,0.50112,964.016,282896,106.378,23.2065,0.285638,82.8854,65.9928,23.1887,0.0718272,42.7322,172.37,0,0,0
800,2,0,693,1,1,1,4324.81,18655.6,1055.92,46.3844,0.587981,964.097,282893,69.7422,23.1957,0.372499,46.174,102.975,23.1887,0.0718272,79.7144,172.717,0,0,0
800,2,0,694,1,1,1,4361.51,18686.6,1055.95,46.3844,0.482746,964.232,282893,100.658,23.1957,0.267264,77.1949,114.973,23.1887,0.0718272,91.7127,215.631,0,0,0
800,2,0,695,1,1,1,4327.75,18652.3,1055.87,46.3844,0.482746,964.155,282894,66.8883,23.1957,0.267264,43.4253,100.663,23.1887,0.0718272,77.4025,167.551,0,0,0
800,2,0,696,1,1,2,10342.4,24672.9,1078.55,69.5741,0.714931,964.113,282890,54.645,23.1957,0.462701,30.9866,233.024,46.3784,0.108576,186.537,287.669,1,0,0
800,2,0,697,1,1,1,4316.3,18630.5,1055.85,46.3844,0.482746,964.133,282894,104.237,23.1957,0.267264,80.7738,96.1907,23.1887,0.0718272,72.9302,200.427,0,0,0
800,2,0,698,1,1,1,4315.98,18637.4,1055.93,46.3844,0.482746,964.213,282893,66.9947,23.1957,0.267264,43.5318,102.574,23.1887,0.0718272,79.3137,169.569,0,0,0
800,2,0,699,1,1,1,4318.57,18656.4,1055.7,46.3844,0.517824,963.944,282897,55.4448,23.1957,0.302342,31.9468,99.1307,23.1887,0.0718272,75.8702,154.575,0,0,0
800,2,0,700,1,1,1,4347.21,18674.4,1055.86,46.3844,0.552902,964.077,282894,94.4022,23.1957,0.337421,70.8691,107.348,23.1887,0.0718272,84.0874,201.75,0,0,0
800,2,0,701,1,1,1,4316.3,18649,1055.81,46.3844,0.482746,964.095,282895,103.674,23.1957,0.267264,80.2107,55.8047,23.1887,0.0718272,32.5442,159.478,0,0,0
800,2,0,702,1,1,1,4315.34,18629.5,1055.89,46.3844,0.482746,964.173,282894,106.601,23.1957,0.267264,83.1381,66.249,23.1887,0.0718272,42.9885,172.85,0,0,0
800,2,0,703,1,1,1,4320.36,18634.9,1055.78,46.3844,0.6264,963.924,282895,64.8741,23.1957,0.267264,41.4111,103.35,23.1887,0.0718272,80.0898,168.224,0,0,0
800,2,0,704,1,1,1,4324.33,18639.1,1055.78,46.3844,0.552902,963.992,282895,72.447,23.1957,0.267264,48.9841,98.2226,23.1887,0.141984,74.892,170.67,0,0,0
800,2,0,705,1,1,1,4315.34,24647,1061.56,52.1883,0.696557,964.001,282892,209.059,28.9996,0.481075,179.289,49.4806,23.1887,0.0718272,26.2201,258.54,0,0,0
800,2,0,706,1,1,1,4325.1,18639.3,1055.97,46.3844,0.6264,964.115,282892,54.7708,23.1957,0.267264,31.3079,98.7228,23.1887,0.0718272,75.4623,153.494,0,0,0
800,2,0,707,1,1,1,4344.32,18666.8,1055.73,46.3844,0.770054,963.725,282896,110.14,23.1957,0.267264,86.6773,106.023,23.1887,0.0718272,82.7627,216.164,0,0,0
800,2,0,708,1,1,1,4323.23,18661.5,1055.85,46.3844,0.482746,964.135,282894,102.315,23.1957,0.267264,78.8517,96.5661,23.1887,0.0718272,73.3056,198.881,0,0,0
800,2,0,709,1,1,2,4368.19,18707.9,1078.52,69.5741,0.87696,963.922,282890,103.321,23.1957,0.302342,79.8227,133.379,46.3784,0.287309,86.7134,236.7,1,0,0
800,2,0,710,1,1,1,4332.81,18667.7,1055.87,46.3844,0.482746,964.153,282894,99.9684,23.1957,0.267264,76.5055,64.8954,23.1887,0.0718272,41.6349,164.864,0,0,0
800,2,0,711,1,1,1,4319.49,18652.9,1055.69,46.3844,0.482746,963.974,282897,100.494,23.1957,0.267264,77.0307,51.8359,23.1887,0.0718272,28.5754,152.33,0,0,0
800,2,0,712,1,1,2,4350.51,18663.1,1078.18,69.5741,0.698227,963.763,282896,101.974,23.1957,0.267264,78.5106,134.271,46.3784,0.287309,87.605,236.244,1,0,0
800,2,0,713,1,1,1,4336.29,18651.2,1055.84,46.3844,0.536198,964.074,282894,88.7173,23.1957,0.267264,65.2543,106.947,23.1887,0.12528,83.6326,195.664,0,0,0
800,2,0,714,1,1,2,4384.52,18715.6,1078.34,69.5741,0.716602,963.9,282893,101.477,23.1957,0.267264,78.0143,135.096,46.3784,0.305683,88.4117,236.573,1,0,0
800,2,0,715,1,1,1,4355.72,18669.2,1055.84,46.3844,0.587981,964.019,282894,69.2959,23.1957,0.267264,45.8329,100.662,23.1887,0.177062,77.296,169.958,0,0,0
800,2,0,716,1,1,1,4319.82,18651.9,1055.87,46.3844,0.482746,964.155,282894,111.052,23.1957,0.267264,87.5887,66.5829,23.1887,0.0718272,43.3224,177.635,0,0,0
800,2,0,717,1,1,1,4345.39,18677.1,1055.85,46.3844,0.482746,964.133,282894,113.136,23.1957,0.267264,89.6733,102.204,23.1887,0.0718272,78.9438,215.341,0,0,0
800,2,0,718,1,1,1,4318.22,18632.9,1055.87,46.3844,0.482746,964.155,282894,109.608,23.1957,0.267264,86.1449,63.9389,23.1887,0.0718272,40.6784,173.547,0,0,0
800,2,0,719,1,1,1,4320.9,18645.6,1055.61,46.3844,0.552902,963.821,282898,58.5859,23.1957,0.337421,35.0528,98.7571,23.1887,0.0718272,75.4966,157.343,0,0,0
800,2,0,720,1,1,1,4321.13,18654.9,1055.87,46.3844,0.482746,964.155,282894,97.9561,23.1957,0.267264,74.4931,62.2442,23.1887,0.0718272,38.9837,160.2,0,0,0
800,2,0,721,1,1,1,4321.54,18637.3,1055.85,46.3844,0.482746,964.135,282894,53.6807,23.1957,0.267264,30.2178,102.278,23.1887,0.0718272,79.0178,155.959,0,0,0
800,2,0,722,1,1,1,4318.54,24668.8,1061.5,52.1883,0.731635,963.902,282893,239.193,28.9996,0.516154,209.472,74.0331,23.1887,0.0718272,50.7726,313.227,0,0,0
800,2,0,723,1,1,1,4342.91,18659.3,1055.89,46.3844,0.482746,964.173,282894,102.854,23.1957,0.267264,79.3913,111.739,23.1887,0.0718272,88.4785,214.593,0,0,0
800,2,0,724,1,1,1,4332.59,18704.2,1055.75,46.3844,0.517824,963.998,282896,99.9837,23.1957,0.302342,76.4856,99.3364,23.1887,0.0718272,76.0759,199.32,0,0,0
800,2,0,725,1,1,1,4315.34,18642.4,1055.75,46.3844,0.482746,964.036,282896,98.3152,23.1957,0.267264,74.8523,108.389,23.1887,0.0718272,85.1288,206.705,0,0,0
800,2,0,726,1,1,1,4322.76,24654.8,1061.46,52.1883,0.696557,963.904,282894,221.613,28.9996,0.481075,191.879,66.1678,23.1887,0.0718272,42.9073,287.781,0,0,0
800,2,0,727,1,1,1,4323.14,18642.2,1055.83,46.3844,0.482746,964.113,282895,101.187,23.1957,0.267264,77.7237,114.186,23.1887,0.0718272,90.9258,215.373,0,0,0
800,2,0,728,1,0,0,-1,-1,1033.38,23.1957,0.267264,964.368,282895,-1,-1,-1,-1,-1,-1,-1,-1,-1,0,0,0
800,2,0,729,1,1,1,4341.82,18699.9,1056.06,46.3844,0.908698,963.922,282889,113.735,23.1957,0.658138,89.8808,94.679,23.1887,0.106906,71.3834,208.414,0,0,0
800,2,0,730,1,1,1,4321.03,18674.2,1055.77,46.3844,0.482746,964.054,282896,102.031,23.1957,0.267264,78.5684,110.49,23.1887,0.0718272,87.2296,212.521,0,0,0
800,2,0,731,1,1,1,4335.43,18657.2,1055.87,46.3844,0.517824,964.115,282894,100.03,23.1957,0.267264,76.5668,110.814,23.1887,0.106906,87.5184,210.844,0,0,0
800,2,0,732,1,1,1,4319.5,18644.8,1055.73,46.3844,0.482746,964.016,282897,101.632,23.1957,0.267264,78.1695,114.148,23.1887,0.0718272,90.8879,215.781,0,0,0
800,2,0,733,1,1,1,4320.9,18635,1055.75,46.3844,0.482746,964.034,282896,89.9735,23.1957,0.267264,66.5105,105.207,23.1887,0.0718272,81.9469,195.181,0,0,0
800,2,0,734,1,1,1,4327.68,18643.7,1055.87,46.3844,0.482746,964.153,282894,108.639,23.1957,0.267264,85.1757,98.8997,23.1887,0.0718272,75.6392,207.538,0,0,0
800,2,0,735,1,1,1,4347.82,18720.7,1055.49,46.3844,0.623059,963.63,282900,86.6722,23.1957,0.337421,63.1391,46.1343,23.1887,0.141984,22.8036,132.807,0,0,0
800,2,0,736,1,1,1,4317.58,18657.5,1055.83,46.3844,0.482746,964.113,282895,110.739,23.1957,0.267264,87.2765,106.752,23.1887,0.0718272,83.4919,217.492,0,0,0
800,2,0,737,1,1,1,4320.17,18638.4,1055.89,46.3844,0.482746,964.173,282894,104.836,23.1957,0.267264,81.373,56.8442,23.1887,0.0718272,33.5837,161.68,0,0,0
800,2,0,738,1,1,1,4329.93,18643.5,1055.83,46.3844,0.517824,964.077,282895,57.7127,23.1957,0.267264,34.2497,103.566,23.1887,0.106906,80.2703,161.279,0,0,0
800,2,0,739,1,1,1,4316.42,18647.2,1055.89,46.3844,0.482746,964.173,282894,110.133,23.1957,0.267264,86.6701,97.9431,23.1887,0.0718272,74.6826,208.076,0,0,0
800,2,0,740,1,1,1,4331.94,18658.6,1055.71,46.3844,0.482746,963.994,282897,109.119,23.1957,0.267264,85.6558,96.4542,23.1887,0.0718272,73.1937,205.573,0,0,0
800,2,0,741,1,1,1,4326.19,18641,1055.65,46.3844,0.482746,963.935,282898,105.159,23.1957,0.267264,81.6961,57.7196,23.1887,0.0718272,34.459,162.879,0,0,0
800,2,0,742,1,1,1,4321.83,18662.9,1056.01,46.3844,0.873619,963.904,282891,105.514,23.1957,0.658138,81.66,112.405,23.1887,0.0718272,89.1445,217.919,0,0,0
800,2,0,743,1,1,1,4319.02,18675.2,1056.07,46.3844,0.678182,964.155,282890,111.348,23.1957,0.462701,87.6898,80.0702,23.1887,0.0718272,56.8097,191.418,0,0,0
800,2,0,744,1,1,1,4349.46,18676.9,1055.88,46.3844,0.6264,964.016,282894,79.4497,23.1957,0.267264,55.9867,101.073,23.1887,0.0718272,77.8121,180.522,0,0,0
800,2,0,745,1,1,1,4364.22,18700.2,1055.56,46.3844,0.696557,963.624,282899,54.5073,23.1957,0.267264,31.0444,102.691,23.1887,0.141984,79.3607,157.199,0,0,0
800,2,0,746,1,1,1,4318.22,18642.6,1055.79,46.3844,0.482746,964.075,282895,90.9444,23.1957,0.267264,67.4815,47.7119,23.1887,0.0718272,24.4514,138.656,0,0,0
800,2,0,747,1,1,1,4334.92,18661,1055.65,46.3844,0.552902,963.864,282898,56.479,23.1957,0.302342,32.9809,104.42,23.1887,0.106906,81.124,160.898,0,0,0
800,2,0,748,1,1,1,4319.75,18638.8,1055.91,46.3844,0.482746,964.193,282893,110.344,23.1957,0.267264,86.8813,101.044,23.1887,0.0718272,77.7833,211.388,0,0,0
800,2,0,749,1,1,1,4318.86,18635.3,1055.77,46.3844,0.482746,964.054,282896,71.8172,23.1957,0.267264,48.3542,103.87,23.1887,0.0718272,80.6096,175.687,0,0,0
800,2,0,750,1,1,1,4317.83,24635.9,1061.36,52.1883,0.696557,963.805,282896,214.922,28.9996,0.481075,185.171,114.176,23.1887,0.0718272,90.915,329.098,0,0,0
800,2,0,751,1,1,1,4376.67,18725.1,1055.77,46.3844,0.661478,963.871,282895,101.785,23.1957,0.302342,78.2868,112.344,23.1887,0.0718272,89.0831,214.128,0,0,0
800,2,0,752,1,1,1,4315.98,18662.8,1055.71,46.3844,0.482746,963.994,282897,98.965,23.1957,0.267264,75.502,62.9499,23.1887,0.0718272,39.6894,161.915,0,0,0
800,2,0,753,1,1,1,4318.98,18633.1,1055.69,46.3844,0.482746,963.976,282897,67.8286,23.1957,0.267264,44.3656,100.692,23.1887,0.0718272,77.4313,168.52,0,0,0
800,2,0,754,1,1,1,4326.78,18691.4,1055.85,46.3844,0.517824,964.095,282894,97.0599,23.1957,0.302342,73.5618,50.6574,23.1887,0.0718272,27.3969,147.717,0,0,0
800,2,0,755,1,1,1,4314.7,18635.5,1055.71,46.3844,0.517824,963.955,282897,109.197,23.1957,0.302342,85.6991,64.5255,23.1887,0.0718272,41.2649,173.723,0,0,0
800,2,0,756,1,1,1,4350.92,18672,1055.86,46.3844,0.788429,963.841,282893,56.6749,23.1957,0.267264,33.2119,104.152,23.1887,0.0902016,80.8731,160.827,0,0,0
800,2,0,757,1,1,1,4365.96,18696.6,1056.19,46.3844,0.805133,964.155,282887,72.1681,23.1957,0.302342,48.67,98.3871,23.1887,0.0718272,75.1266,170.555,0,0,0
800,2,0,758,1,1,1,4326.41,24683.2,1061.3,52.1883,0.50112,963.935,282897,225.005,28.9996,0.285638,195.472,99.9898,23.1887,0.0718272,76.7293,324.995,0,0,0
800,2,0,759,1,1,1,4319.04,18643.5,1055.87,46.3844,0.482746,964.153,282894,100.809,23.1957,0.267264,77.3465,112.266,23.1887,0.0718272,89.0055,213.075,0,0,0
800,2,0,760,1,1,1,4323.91,18646.9,1055.87,46.3844,0.482746,964.153,282894,108.891,23.1957,0.267264,85.4284,65.6408,23.1887,0.0718272,42.3803,174.532,0,0,0
800,2,0,761,1,1,1,4318.47,18645.5,1055.69,46.3844,0.482746,963.976,282897,100.705,23.1957,0.267264,77.2418,107.758,23.1887,0.0718272,84.4971,208.462,0,0,0
800,2,0,762,1,1,1,4324.65,18651.4,1055.91,46.3844,0.482746,964.195,282893,111.091,23.1957,0.267264,87.6285,107.27,23.1887,0.0718272,84.0098,218.362,0,0,0
800,2,0,763,1,1,1,4326.04,18642.1,1055.88,46.3844,0.517824,964.133,282894,71.7341,23.1957,0.267264,48.2712,101.364,23.1887,0.106906,78.0684,173.098,0,0,0
800,2,0,764,1,1,1,4316.94,18631.8,1055.89,46.3844,0.482746,964.173,282894,65.0889,23.1957,0.267264,41.6259,99.3761,23.1887,0.0718272,76.1156,164.465,0,0,0
800,2,0,765,1,1,1,4318.22,24641.4,1061.52,52.1883,0.696557,963.962,282893,200.273,28.9996,0.481075,170.478,38.7204,23.1887,0.0718272,15.4599,238.993,0,0,0
800,2,0,766,1,1,1,4322.34,24648.9,1061.27,52.1883,0.571277,963.839,282897,215.685,28.9996,0.320717,186.095,98.5016,23.1887,0.106906,75.206,314.187,0,0,0
800,2,0,767,1,1,1,4321.05,18636.9,1055.7,46.3844,0.6264,963.839,282897,52.8469,23.1957,0.267264,29.3839,102.646,23.1887,0.0718272,79.3859,155.493,0,0,0
800,2,0,768,1,1,1,4344.43,18662.7,1055.87,46.3844,0.482746,964.153,282894,65.7566,23.1957,0.267264,42.2937,102.529,23.1887,0.0718272,79.2686,168.286,0,0,0
800,2,0,769,1,1,1,4319.14,18652.9,1055.85,46.3844,0.482746,964.135,282894,111.176,23.1957,0.267264,87.7133,101.181,23.1887,0.0718272,77.9204,212.357,0,0,0
800,2,0,770,1,1,1,4335.09,18666,1055.85,46.3844,0.517824,964.097,282894,105.356,23.1957,0.267264,81.8928,112.099,23.1887,0.106906,88.8034,217.455,0,0,0
800,2,0,771,1,1,1,4323.09,18636.9,1055.77,46.3844,0.482746,964.056,282896,99.2393,23.1957,0.267264,75.7763,111.753,23.1887,0.0718272,88.493,210.993,0,0,0
800,2,0,772,1,1,1,4334.77,18662.6,1056.06,46.3844,0.713261,964.113,282890,108.728,23.1957,0.497779,85.035,111.111,23.1887,0.0718272,87.8504,219.839,0,0,0
800,2,0,773,1,1,1,4324.55,18725.5,1055.91,46.3844,0.482746,964.193,282893,104.988,23.1957,0.267264,81.5246,54.1334,23.1887,0.0718272,30.8729,159.121,0,0,0
800,2,0,774,1,0,0,-1,-1,1033.16,23.1957,0.267264,964.148,282899,-1,-1,-1,-1,-1,-1,-1,-1,-1,0,0,0
800,2,0,775,1,1,1,4326.31,18642.1,1055.98,46.3844,0.6264,964.117,282892,101.499,23.1957,0.267264,78.0359,107.599,23.1887,0.0718272,84.3383,209.098,0,0,0
800,2,0,776,1,1,1,4317.83,18632.6,1055.93,46.3844,0.482746,964.213,282893,98.3188,23.1957,0.267264,74.8559,60.3112,23.1887,0.0718272,37.0507,158.63,0,0,0
800,2,0,777,1,1,1,4328,18691.3,1055.77,46.3844,0.482746,964.054,282896,106.892,23.1957,0.267264,83.4287,65.4134,23.1887,0.0718272,42.1529,172.305,0,0,0
800,2,0,778,1,1,1,4319.82,18668.1,1055.79,46.3844,0.678182,963.877,282895,104.698,23.1957,0.462701,81.0391,54.9005,23.1887,0.0718272,31.6399,159.598,0,0,0
800,2,0,779,1,1,1,4343.91,18661.5,1055.67,46.3844,0.517824,963.917,282897,107.65,23.1957,0.302342,84.1524,109.544,23.1887,0.0718272,86.2839,217.195,0,0,0
800,2,0,780,1,1,1,4317.58,18632.7,1055.85,46.3844,0.482746,964.135,282894,63.4862,23.1957,0.267264,40.0232,106.843,23.1887,0.0718272,83.5821,170.329,0,0,0
800,2,0,781,1,1,1,4316.94,18645.9,1055.87,46.3844,0.482746,964.153,282894,102.024,23.1957,0.267264,78.5611,63.3487,23.1887,0.0718272,40.0882,165.373,0,0,0
800,2,0,782,1,1,1,4317.9,18645.1,1055.87,46.3844,0.482746,964.153,282894,65.2026,23.1957,0.267264,41.7396,101.34,23.1887,0.0718272,78.0793,166.542,0,0,0
800,2,0,783,1,1,1,4320.1,18659.8,1055.91,46.3844,0.482746,964.193,282893,103.374,23.1957,0.267264,79.9111,107.386,23.1887,0.0718272,84.1253,210.76,0,0,0
800,2,0,784,1,1,1,4318.22,18641.6,1055.81,46.3844,0.482746,964.095,282895,99.8222,23.1957,0.267264,76.3593,63.7187,23.1887,0.0718272,40.4582,163.541,0,0,0
800,2,0,785,1,1,1,4315.34,18646.8,1055.85,46.3844,0.482746,964.133,282894,108.783,23.1957,0.267264,85.3201,108.101,23.1887,0.0718272,84.84,216.884,0,0,0
800,2,0,786,1,1,1,4330.37,18670.9,1055.73,46.3844,0.517824,963.978,282896,109.046,23.1957,0.302342,85.5475,108.467,23.1887,0.0718272,85.2064,217.512,0,0,0
800,2,0,787,1,1,1,4319.62,18632.8,1055.87,46.3844,0.482746,964.153,282894,58.4653,23.1957,0.267264,35.0023,99.7588,23.1887,0.0718272,76.4983,158.224,0,0,0
800,2,0,788,1,1,1,4343.08,24675.8,1061.46,52.1883,0.731635,963.866,282894,209.924,28.9996,0.516154,180.121,112.169,23.1887,0.0718272,88.9081,322.093,0,0,0
800,2,0,789,1,0,0,-1,-1,1033.34,23.1957,0.267264,964.328,282896,-1,-1,-1,-1,-1,-1,-1,-1,-1,0,0,0
800,2,0,790,1,1,1,4316.62,18644.5,1055.95,46.3844,0.482746,964.232,282893,107.281,23.1957,0.267264,83.8185,63.0545,23.1887,0.0718272,39.794,170.336,0,0,0
800,2,0,791,1,1,1,4326.38,18721.4,1055.62,46.3952,0.766714,963.608,282898,101.17,23.2065,0.516154,77.4476,99.2741,23.1887,0.106906,75.9785,200.444,0,0,0
800,2,0,792,1,1,1,4328.04,18645.4,1055.85,46.3844,0.482746,964.133,282894,55.9205,23.1957,0.267264,32.4575,102.32,23.1887,0.0718272,79.0593,158.24,0,0,0
800,2,0,793,1,1,1,4319.39,18662.9,1055.88,46.3844,0.6264,964.018,282894,103.376,23.1957,0.267264,79.9129,107.92,23.1887,0.0718272,84.6596,211.296,0,0,0
800,2,0,794,1,1,1,4333.91,18659.6,1055.87,46.3844,0.517824,964.115,282894,111.174,23.1957,0.267264,87.7115,106.32,23.1887,0.106906,83.0244,217.494,0,0,0
800,2,0,795,1,1,1,4344.6,18697.5,1055.87,46.3844,0.482746,964.153,282894,105.839,23.1957,0.267264,82.3765,112.033,23.1887,0.0718272,88.7727,217.873,0,0,0
800,2,0,796,1,1,1,4317.26,18634.3,1055.87,46.3844,0.482746,964.153,282894,96.884,23.1957,0.267264,73.4211,61.2931,23.1887,0.0718272,38.0326,158.177,0,0,0
800,2,0,797,1,1,1,4339.21,18665.8,1055.69,46.3844,0.536198,963.924,282897,109.666,23.1957,0.302342,86.1684,67.5488,23.1887,0.0902016,44.2699,177.215,0,0,0
800,2,0,798,1,1,1,4319.11,18655.8,1055.87,46.3844,0.482746,964.153,282894,96.579,23.1957,0.267264,73.1161,50.5401,23.1887,0.0718272,27.2796,147.119,0,0,0
800,2,0,799,1,1,1,4327.45,18666.2,1055.88,46.3844,0.517824,964.133,282894,83.4481,23.1957,0.302342,59.95,43.2469,23.1887,0.0718272,19.9864,126.695,0,0,0
800,2,0,800,1,1,1,4316.3,18682.3,1055.67,46.3844,0.713261,963.723,282897,110.88,23.1957,0.497779,87.1863,106.119,23.1887,0.0718272,82.8584,216.999,0,0,0
