N,seed,dutyCycle,devId,registered,authSuccess,attempts,latencyMs,e2eMs,fullEnergyMJ,fullCpuEnergyMJ,fullTxEnergyMJ,fullRxEnergyMJ,idleListeningMs,regEnergyMJ,regCpuEnergyMJ,regTxEnergyMJ,regRxEnergyMJ,authEnergyMJ,authCpuEnergyMJ,authTxEnergyMJ,authRxEnergyMJ,sessionEnergyMJ,fallbackUsed,replayRejected,desync
800,4,0,1,1,1,1,4317.58,18637.8,1049.21,46.3844,0.482746,957.472,283013,98.9577,23.1957,0.267264,75.4948,53.1209,23.1887,0.0718272,29.8604,152.079,0,0,0
800,4,0,2,1,1,1,4329.83,18651.3,1049.19,46.3844,0.482746,957.452,283013,66.1826,23.1957,0.267264,42.7196,107.787,23.1887,0.0718272,84.526,173.969,0,0,0
800,4,0,3,1,1,1,4342.49,18678.2,1048.99,46.3844,0.517824,957.223,283016,99.27,23.1957,0.267264,75.807,69.4281,23.1887,0.106906,46.1325,168.698,0,0,0
800,4,0,4,1,0,0,-1,-1,1032.17,28.9996,0.390874,957.38,283016,-1,-1,-1,-1,-1,-1,-1,-1,-1,0,0,0
800,4,0,5,1,1,1,4317.26,18632.4,1049.13,46.3844,0.482746,957.392,283014,58.8388,23.1957,0.267264,35.3759,97.0877,23.1887,0.0718272,73.8271,155.927,0,0,0
800,4,0,6,1,1,1,4319.62,18646.6,1049.33,46.3844,0.678182,957.396,283010,65.9286,23.1957,0.462701,42.2702,105.114,23.1887,0.0718272,81.8531,171.042,0,0,0
800,4,0,7,1,0,0,-1,-1,1026.7,23.1957,0.302342,957.627,283014,-1,-1,-1,-1,-1,-1,-1,-1,-1,0,0,0
800,4,0,8,1,1,1,4329.13,18680.6,1049.13,46.3844,0.50112,957.372,283014,107.807,23.1957,0.267264,84.3437,97.5554,23.1887,0.0902016,74.2765,205.362,0,0,0
800,4,0,9,1,1,1,4322.41,18685.6,1049.25,46.3952,0.696557,957.289,283011,110.509,23.2065,0.481075,86.8217,103.852,23.1887,0.0718272,80.5915,214.361,0,0,0
800,4,0,10,1,1,1,4321.54,18651.6,1049.22,46.3844,0.517824,957.448,283012,106.728,23.1957,0.302342,83.2302,63.152,23.1887,0.0718272,39.8915,169.88,0,0,0
800,4,0,11,1,1,1,4318.66,18647.1,1049.11,46.3844,0.517824,957.34,283014,60.648,23.1957,0.302342,37.15,88.939,23.1887,0.0718272,65.6785,149.587,0,0,0
800,4,0,12,1,1,2,4347.82,18672.1,1071.54,69.5741,0.912038,956.891,283013,78.0979,23.1957,0.267264,54.6349,133.385,46.3784,0.50112,86.5059,211.483,1,0,0
800,4,0,13,1,1,1,4317.7,18636.6,1049.15,46.3844,0.482746,957.414,283014,58.4364,23.1957,0.267264,34.9734,96.7484,23.1887,0.0718272,73.4878,155.185,0,0,0
800,4,0,14,1,1,1,4330.09,18660.8,1049.13,46.3844,0.482746,957.394,283014,107.821,23.1957,0.267264,84.3582,103.412,23.1887,0.0718272,80.1512,211.233,0,0,0
800,4,0,15,1,1,1,4326.62,18685.6,1049.27,46.3844,0.770054,957.251,283011,103.41,23.1957,0.267264,79.9472,109.279,23.1887,0.0718272,86.0186,212.689,0,0,0
800,4,0,16,1,1,1,4332.07,18651.8,1049.15,46.3844,0.482746,957.414,283014,80.4243,23.1957,0.267264,56.9613,107.85,23.1887,0.0718272,84.5892,188.274,0,0,0
800,4,0,17,1,1,1,4334.28,18665,1049.11,46.3844,0.552902,957.3,283014,91.1427,23.1957,0.337421,67.6096,105.904,23.1887,0.0718272,82.6436,197.047,0,0,0
800,4,0,18,1,1,1,4340.52,18683.6,1049.13,46.3844,0.482746,957.394,283014,91.4299,23.1957,0.267264,67.967,104.305,23.1887,0.0718272,81.0445,195.735,0,0,0
800,4,0,19,1,1,1,4320.57,18659.5,1049.27,46.3844,0.482746,957.531,283012,104.832,23.1957,0.267264,81.3694,62.6629,23.1887,0.0718272,39.4024,167.495,0,0,0
800,4,0,20,1,1,1,4317.58,18645.1,1049.15,46.3844,0.482746,957.414,283014,100.125,23.1957,0.267264,76.6625,66.3375,23.1887,0.0718272,43.077,166.463,0,0,0
800,4,0,21,1,1,1,4318.86,18659,1049.27,46.3844,0.482746,957.531,283012,104.627,23.1957,0.267264,81.1637,62.8596,23.1887,0.0718272,39.5991,167.486,0,0,0
800,4,0,22,1,1,1,4318.07,18639.2,1049.29,46.3844,0.482746,957.551,283011,102.154,23.1957,0.267264,78.6911,103.275,23.1887,0.0718272,80.014,205.429,0,0,0
800,4,0,23,1,1,1,4357.81,18681.2,1049.44,46.3844,0.713261,957.473,283008,103.57,23.1957,0.462701,79.9111,95.7745,23.1887,0.106906,72.479,199.344,0,0,0
800,4,0,24,1,1,1,4318.86,18653.2,1049.19,46.3844,0.482746,957.452,283013,110.517,23.1957,0.267264,87.0545,98.5062,23.1887,0.0718272,75.2457,209.024,0,0,0
800,4,0,25,1,1,1,4314.38,18631.4,1049.17,46.3844,0.482746,957.434,283013,105.042,23.1957,0.267264,81.5788,89.466,23.1887,0.0718272,66.2055,194.508,0,0,0
800,4,0,26,1,1,1,4317.26,18640.6,1049.13,46.3844,0.482746,957.394,283014,87.259,23.1957,0.267264,63.7961,44.7683,23.1887,0.0718272,21.5078,132.027,0,0,0
800,4,0,27,1,1,1,4316.62,18630.7,1049.21,46.3844,0.482746,957.472,283013,108.792,23.1957,0.267264,85.3291,62.6846,23.1887,0.0718272,39.4241,171.477,0,0,0
800,4,0,28,1,1,1,4317.26,18636.4,1049.27,46.3844,0.482746,957.531,283012,87.9593,23.1957,0.267264,64.4963,109.602,23.1887,0.0718272,86.3416,197.561,0,0,0
800,4,0,29,1,1,1,4319.87,18639,1049.18,46.3952,0.50112,957.414,283013,110.077,23.2065,0.285638,86.5853,108.66,23.1887,0.0718272,85.3995,218.737,0,0,0
800,4,0,30,1,1,1,4320.01,18639.2,1049.17,46.3844,0.482746,957.434,283013,64.1594,23.1957,0.267264,40.6964,103.894,23.1887,0.0718272,80.633,168.053,0,0,0
800,4,0,31,1,1,1,4321.35,18639.2,1049.15,46.3844,0.482746,957.412,283014,99.8601,23.1957,0.267264,76.3972,66.3104,23.1887,0.0718272,43.0499,166.171,0,0,0
800,4,0,32,1,1,1,4324.1,18641.8,1049.11,46.3844,0.482746,957.374,283014,85.2629,23.1957,0.267264,61.8,112.501,23.1887,0.0718272,89.2401,197.764,0,0,0
800,4,0,33,0,0,0,-1,-1,1026.74,23.206,0.551232,957.418,283012,-1,-1,-1,-1,-1,-1,-1,-1,-1,0,0,0
800,4,0,34,1,1,1,4340.42,18653.9,1049.15,46.3844,0.482746,957.414,283014,104.536,23.1957,0.267264,81.0734,85.8889,23.1887,0.0718272,62.6284,190.425,0,0,0
800,4,0,35,1,1,1,4324.05,18672.5,1049.26,46.3844,0.517824,957.492,283011,106.322,23.1957,0.302342,82.8241,107.696,23.1887,0.0718272,84.4358,214.018,0,0,0
800,4,0,36,1,1,2,10339.8,24654.6,1071.74,69.5741,0.663149,957.336,283011,69.886,23.1957,0.267264,46.4231,244.17,46.3784,0.108576,197.683,314.056,1,0,0
800,4,0,37,1,1,1,4354.55,18698,1049.3,46.3844,0.517824,957.533,283011,105.198,23.1957,0.302342,81.6997,105.642,23.1887,0.0718272,82.3819,210.84,0,0,0
800,4,0,38,1,1,1,4319.75,18659.1,1049.13,46.3844,0.517824,957.354,283014,107.126,23.1957,0.267264,83.6633,98.8084,23.1887,0.106906,75.5128,205.935,0,0,0
800,4,0,39,1,1,1,4317.9,18644.5,1049.01,46.3844,0.517824,957.239,283016,108.883,23.1957,0.302342,85.3851,63.4588,23.1887,0.0718272,40.1983,172.342,0,0,0
800,4,0,40,1,1,1,4325.13,18655.5,1049.21,46.3844,0.482746,957.472,283013,61.75,23.1957,0.267264,38.287,89.8017,23.1887,0.0718272,66.5412,151.552,0,0,0
800,4,0,41,1,1,1,4320.68,24724.4,1054.84,52.1883,0.696557,957.261,283012,211.427,28.9996,0.481075,181.651,45.9414,23.1887,0.0718272,22.6809,257.368,0,0,0
800,4,0,42,1,1,1,4340.15,18658,1049.11,46.3844,0.482746,957.374,283014,108.48,23.1957,0.267264,85.0169,103.415,23.1887,0.0718272,80.1548,211.895,0,0,0
800,4,0,43,1,1,1,4326.38,18692.4,1049.15,46.3844,0.482746,957.414,283014,109.868,23.1957,0.267264,86.4048,98.4647,23.1887,0.0718272,75.2042,208.332,0,0,0
800,4,0,44,1,1,1,4315.98,18636.9,1049.15,46.3844,0.482746,957.412,283014,98.9776,23.1957,0.267264,75.5146,68.2127,23.1887,0.0718272,44.9522,167.19,0,0,0
800,4,0,45,1,1,1,4323.69,18643.5,1049.37,46.3844,0.6264,957.492,283009,107.66,23.1957,0.267264,84.1975,103.123,23.1887,0.0718272,79.8624,210.783,0,0,0
800,4,0,46,1,1,1,4317.9,18644.8,1049.21,46.3844,0.482746,957.472,283013,63.3779,23.1957,0.267264,39.915,89.8414,23.1887,0.0718272,66.5809,153.219,0,0,0
800,4,0,47,1,1,1,4344.54,24665.9,1054.82,52.1883,0.731635,957.203,283012,228.87,28.9996,0.516154,199.124,106.646,23.1887,0.0718272,83.3854,335.516,0,0,0
800,4,0,48,1,1,1,4318.54,18638.7,1049.29,46.3844,0.482746,957.551,283011,65.2712,23.1957,0.267264,41.8082,106.074,23.1887,0.0718272,82.8132,171.345,0,0,0
800,4,0,49,1,1,1,4333.49,18658.8,1049.15,46.3844,0.482746,957.414,283014,106.639,23.1957,0.267264,83.176,105.558,23.1887,0.0718272,82.2971,212.197,0,0,0
800,4,0,50,1,1,1,4322.63,18685.3,1049.29,46.3844,0.678182,957.356,283011,106.122,23.1957,0.462701,82.4631,63.7584,23.1887,0.0718272,40.4979,169.88,0,0,0
800,4,0,51,1,1,1,4317.9,18683.4,1049.11,46.3844,0.517824,957.34,283014,109.883,23.1957,0.302342,86.3849,100.325,23.1887,0.0718272,77.065,210.208,0,0,0
800,4,0,52,1,1,1,4317.61,18635.2,1049.27,46.3844,0.482746,957.531,283012,106.311,23.1957,0.267264,82.8475,107.099,23.1887,0.0718272,83.8384,213.409,0,0,0
800,4,0,53,1,1,1,4373.56,18691.3,1049.07,46.3844,0.552902,957.261,283015,77.8669,23.1957,0.267264,54.4039,111.197,23.1887,0.141984,87.8667,189.064,0,0,0
800,4,0,54,1,1,1,4327.53,18690,1049.12,46.3844,0.821837,957.048,283013,111.525,23.1957,0.462701,87.8667,108.129,23.1887,0.0718272,84.8689,219.655,0,0,0
800,4,0,55,1,1,1,4322.12,18648.9,1049.23,46.3844,0.482746,957.492,283012,103.796,23.1957,0.267264,80.3335,94.5375,23.1887,0.0718272,71.277,198.334,0,0,0
800,4,0,56,1,1,1,4316.62,18636.5,1049.13,46.3844,0.482746,957.394,283014,107.816,23.1957,0.267264,84.3527,98.0207,23.1887,0.0718272,74.7602,205.836,0,0,0
800,4,0,57,1,1,1,4335.08,18679.3,1049.29,46.3844,0.482746,957.551,283011,107.66,23.1957,0.267264,84.1975,105.716,23.1887,0.0718272,82.4559,213.377,0,0,0
800,4,0,58,1,1,1,4318.22,18658.5,1049.3,46.3844,0.678182,957.374,283010,102.268,23.1957,0.462701,78.6099,55.1784,23.1887,0.0718272,31.9179,157.447,0,0,0
800,4,0,59,1,1,1,4334,18659.5,1049.2,46.3844,0.6264,957.316,283012,90.0077,23.1957,0.267264,66.5448,104.112,23.1887,0.0718272,80.8514,194.12,0,0,0
800,4,0,60,1,1,1,4318.22,18639.8,1049.4,46.3844,0.713261,957.436,283008,104.684,23.1957,0.497779,80.9904,107.754,23.1887,0.0718272,84.4935,212.438,0,0,0
800,4,0,61,1,1,1,4315.66,18653.1,1049.23,46.3844,0.482746,957.492,283012,98.0716,23.1957,0.267264,74.6086,51.5562,23.1887,0.0718272,28.2957,149.628,0,0,0
800,4,0,62,1,1,1,4315.66,18669.9,1049.27,46.3844,0.482746,957.531,283012,107.538,23.1957,0.267264,84.0748,57.0608,23.1887,0.0718272,33.8003,164.599,0,0,0
800,4,0,63,1,1,1,4315.66,18633.6,1049.23,46.3844,0.482746,957.492,283012,67.0272,23.1957,0.267264,43.5643,108.339,23.1887,0.0718272,85.0783,175.366,0,0,0
800,4,0,64,1,1,1,4320.97,18653,1049.23,46.3844,0.482746,957.492,283012,63.6324,23.1957,0.267264,40.1694,91.9241,23.1887,0.0718272,68.6636,155.557,0,0,0
800,4,0,65,1,1,1,4326.85,18688.2,1049.5,46.3844,1.10413,957.145,283006,109.032,23.1957,0.853574,84.9826,99.8335,23.1887,0.106906,76.538,208.865,0,0,0
800,4,0,66,1,1,1,4321.31,18651.6,1049.21,46.3844,0.482746,957.473,283013,110.545,23.1957,0.267264,87.0816,108.969,23.1887,0.0718272,85.7081,219.513,0,0,0
800,4,0,67,1,1,1,4316.94,18631.4,1049.15,46.3844,0.482746,957.412,283014,59.8622,23.1957,0.267264,36.3992,99.1361,23.1887,0.0718272,75.8756,158.998,0,0,0
800,4,0,68,1,1,1,4315.98,18629.8,1049.15,46.3844,0.482746,957.414,283014,63.6938,23.1957,0.267264,40.2308,102.616,23.1887,0.0718272,79.3553,166.31,0,0,0
800,4,0,69,1,1,1,4331.21,18669.3,1049.13,46.3844,0.517824,957.356,283014,105.806,23.1957,0.302342,82.3079,63.9425,23.1887,0.0718272,40.682,169.748,0,0,0
800,4,0,70,1,1,1,4318.22,18650.5,1049.21,46.3844,0.482746,957.472,283013,66.5237,23.1957,0.267264,43.0607,104.655,23.1887,0.0718272,81.3947,171.179,0,0,0
800,4,0,71,1,1,1,4321.54,24638.8,1054.57,52.1883,0.731635,956.952,283016,229.125,28.9996,0.516154,199.38,98.7986,23.1887,0.0718272,75.5381,327.923,0,0,0
800,4,0,72,1,1,1,4318.54,18634.6,1049.23,46.3844,0.482746,957.492,283012,66.2223,23.1957,0.267264,42.7593,105.964,23.1887,0.0718272,82.7032,172.186,0,0,0
800,4,0,73,1,1,1,4321.22,18638.6,1049.15,46.3844,0.482746,957.412,283014,102.042,23.1957,0.267264,78.5792,103.157,23.1887,0.0718272,79.8967,205.199,0,0,0
800,4,0,74,1,1,1,4331.66,18643.6,1049.13,46.3844,0.482746,957.392,283014,99.2086,23.1957,0.267264,75.7457,69.1836,23.1887,0.0718272,45.9231,168.392,0,0,0
800,4,0,75,1,1,1,4335.02,18654.8,1049.18,46.3952,0.644774,957.271,283013,107.22,23.2065,0.285638,83.7283,98.8907,23.1887,0.0718272,75.6301,206.111,0,0,0
800,4,0,76,1,1,1,4320.52,18650.6,1049.13,46.3844,0.482746,957.394,283014,107.787,23.1957,0.267264,84.3239,62.6918,23.1887,0.0718272,39.4313,170.479,0,0,0
800,4,0,77,1,0,0,-1,-1,1026.74,23.1957,0.267264,957.704,283013,-1,-1,-1,-1,-1,-1,-1,-1,-1,0,0,0
800,4,0,78,1,1,1,4329.74,18651.7,1049.23,46.3844,0.482746,957.492,283012,108.303,23.1957,0.267264,84.84,59.1742,23.1887,0.0718272,35.9137,167.477,0,0,0
800,4,0,79,1,1,1,4327.62,18658.7,1049.27,46.3844,0.770054,957.246,283011,92.3919,23.1957,0.267264,68.9289,104.754,23.1887,0.0718272,81.4939,197.146,0,0,0
800,4,0,80,0,0,0,-1,-1,1026.54,23.206,0.58631,957.181,283016,-1,-1,-1,-1,-1,-1,-1,-1,-1,0,0,0
800,4,0,81,1,1,1,4323.85,18642.6,1049.18,46.3952,0.50112,957.414,283013,58.9691,23.2065,0.285638,35.477,97.2393,23.1887,0.0718272,73.9788,156.208,0,0,0
800,4,0,82,1,1,1,4325.16,18650.2,1049.14,46.3844,0.6264,957.262,283013,96.1242,23.1957,0.267264,72.6612,103.105,23.1887,0.0718272,79.8444,199.229,0,0,0
800,4,0,83,1,1,1,4327.51,18643,1049.17,46.3844,0.482746,957.432,283013,66.3649,23.1957,0.267264,42.9019,91.1029,23.1887,0.0718272,67.8424,157.468,0,0,0
800,4,0,84,1,1,1,4316.65,18647.5,1049.16,46.3844,0.517824,957.394,283013,86.6336,23.1957,0.302342,63.1355,43.2974,23.1887,0.0718272,20.0369,129.931,0,0,0
800,4,0,85,1,1,1,4340.94,18655.4,1049.24,46.3844,0.517824,957.472,283012,59.7376,23.1957,0.267264,36.2747,102.003,23.1887,0.106906,78.7073,161.741,0,0,0
800,4,0,86,1,1,1,4322.18,18638.2,1049.31,46.3844,0.482746,957.571,283011,104.794,23.1957,0.267264,81.3315,62.0962,23.1887,0.0718272,38.8357,166.891,0,0,0
800,4,0,87,1,1,1,4319.9,18662.7,1049.17,46.3844,0.678182,957.242,283013,108.365,23.1957,0.462701,84.7065,99.5169,23.1887,0.0718272,76.2564,207.882,0,0,0
800,4,0,88,1,1,1,4316.97,18632.1,1049.13,46.3844,0.482746,957.392,283014,62.7805,23.1957,0.267264,39.3176,91.9476,23.1887,0.0718272,68.6871,154.728,0,0,0
800,4,0,89,1,1,1,4317.26,18640.3,1049.21,46.3844,0.482746,957.472,283013,102.587,23.1957,0.267264,79.1242,64.2006,23.1887,0.0718272,40.9401,166.788,0,0,0
800,4,0,90,1,1,1,4326.05,18648.7,1049.21,46.3844,0.482746,957.472,283013,102.853,23.1957,0.267264,79.3895,80.4546,23.1887,0.0718272,57.1941,183.307,0,0,0
800,4,0,91,1,1,1,4326.8,18665.5,1049.33,46.3844,0.678182,957.396,283010,99.1875,23.1957,0.462701,75.5291,67.2146,23.1887,0.0718272,43.9541,166.402,0,0,0
800,4,0,92,1,1,1,4335.29,18649.5,1049.25,46.3844,0.482746,957.511,283012,62.8545,23.1957,0.267264,39.3916,92.4222,23.1887,0.0718272,69.1617,155.277,0,0,0
800,4,0,93,1,1,1,4322.82,18652.7,1049.23,46.3844,0.482746,957.492,283012,86.4613,23.1957,0.267264,62.9983,43.1837,23.1887,0.0718272,19.9232,129.645,0,0,0
800,4,0,94,1,1,1,4320.58,18647.6,1049.23,46.3844,0.678182,957.297,283012,108.325,23.1957,0.462701,84.6668,99.156,23.1887,0.0718272,75.8954,207.481,0,0,0
800,4,0,95,1,1,1,4333.18,18717.3,1049.27,46.3844,0.873619,957.143,283011,89.5431,23.1957,0.658138,65.6893,109.83,23.1887,0.0718272,86.569,199.373,0,0,0
800,4,0,96,1,1,1,4324.55,18637.8,1049.13,46.3844,0.482746,957.392,283014,61.75,23.1957,0.267264,38.287,89.401,23.1887,0.0718272,66.1405,151.151,0,0,0
800,4,0,97,1,1,1,4323.34,18644.3,1049.27,46.3844,0.482746,957.531,283012,86.7844,23.1957,0.267264,63.3214,111.716,23.1887,0.0718272,88.4551,198.5,0,0,0
800,4,0,98,1,1,1,4318.02,18636.4,1049.13,46.3844,0.482746,957.394,283014,103.233,23.1957,0.267264,79.7704,82.7413,23.1887,0.0718272,59.4808,185.975,0,0,0
800,4,0,99,1,1,1,4318.89,18642.8,1049.29,46.3844,0.482746,957.551,283011,107.276,23.1957,0.267264,83.8131,105.745,23.1887,0.0718272,82.4848,213.021,0,0,0
800,4,0,100,1,1,1,4356.8,18677.1,1049.19,46.3844,0.482746,957.452,283013,66.549,23.1957,0.267264,43.086,109.369,23.1887,0.0718272,86.1088,175.918,0,0,0
800,4,0,101,1,1,1,4317.26,18632.1,1049.29,46.3844,0.482746,957.551,283011,69.7723,23.1957,0.267264,46.3094,108.416,23.1887,0.0718272,85.1559,178.189,0,0,0
800,4,0,102,1,1,1,4314.38,18648.6,1049.2,46.3844,0.517824,957.428,283012,107.762,23.1957,0.302342,84.2643,98.9267,23.1887,0.0718272,75.6662,206.689,0,0,0
800,4,0,103,1,1,1,4360.11,18689.1,1049.23,46.3844,0.482746,957.492,283012,78.4498,23.1957,0.267264,54.9868,110.423,23.1887,0.0718272,87.1628,188.873,0,0,0
800,4,0,104,1,1,1,4330.96,18652.8,1049.19,46.3844,0.482746,957.454,283013,105.343,23.1957,0.267264,81.8802,96.9072,23.1887,0.0718272,73.6467,202.25,0,0,0
800,4,0,105,1,1,1,4318.22,18648,1049.15,46.3844,0.482746,957.412,283014,106.269,23.1957,0.267264,82.806,94.1097,23.1887,0.0718272,70.8492,200.379,0,0,0
800,4,0,106,1,1,1,4321.26,18635.4,1049.13,46.3844,0.482746,957.394,283014,90.0601,23.1957,0.267264,66.5971,104.601,23.1887,0.0718272,81.3405,194.661,0,0,0
800,4,0,107,1,1,1,4329.8,18646.1,1049.25,46.3844,0.482746,957.511,283012,107.803,23.1957,0.267264,84.3401,99.405,23.1887,0.0718272,76.1445,207.208,0,0,0
800,4,0,108,1,1,1,4320.33,18661.9,1049.29,46.3844,0.482746,957.551,283011,102.064,23.1957,0.267264,78.6008,66.2508,23.1887,0.0718272,42.9903,168.315,0,0,0
800,4,0,109,1,1,1,4316.94,18632,1049.17,46.3844,0.482746,957.432,283013,106.334,23.1957,0.267264,82.871,62.5293,23.1887,0.0718272,39.2688,168.863,0,0,0
800,4,0,110,1,1,1,4320.39,18651.9,1049.13,46.3844,0.482746,957.392,283014,105.049,23.1957,0.267264,81.586,96.1347,23.1887,0.0718272,72.8742,201.184,0,0,0
800,4,0,111,1,1,1,4316.94,18632.1,1049.13,46.3844,0.482746,957.394,283014,66.1916,23.1957,0.267264,42.7286,90.7528,23.1887,0.0718272,67.4923,156.944,0,0,0
800,4,0,112,1,1,1,4319.11,18648.9,1049.29,46.3844,0.482746,957.551,283011,66.8522,23.1957,0.267264,43.3892,107.777,23.1887,0.0718272,84.517,174.63,0,0,0
800,4,0,113,1,1,1,4319.02,18635.1,1049.25,46.3844,0.482746,957.511,283012,63.7154,23.1957,0.267264,40.2525,106.103,23.1887,0.0718272,82.8421,169.818,0,0,0
800,4,0,114,1,1,1,4316.62,18640.9,1049.17,46.3844,0.517824,957.396,283013,109.466,23.1957,0.302342,85.968,65.6137,23.1887,0.0718272,42.3532,175.08,0,0,0
800,4,0,115,1,1,1,4324.02,18639,1049.21,46.3844,0.482746,957.473,283013,103.475,23.1957,0.267264,80.0122,99.5584,23.1887,0.0718272,76.2979,203.034,0,0,0
800,4,0,116,1,1,1,4321.67,18637.4,1049.14,46.3844,0.517824,957.372,283013,76.2804,23.1957,0.267264,52.8175,107.103,23.1887,0.106906,83.8077,183.384,0,0,0
800,4,0,117,1,1,1,4316.62,18637.9,1049.11,46.3844,0.482746,957.374,283014,107.843,23.1957,0.267264,84.3798,62.0565,23.1887,0.0718272,38.796,169.899,0,0,0
800,4,0,118,1,1,2,10341.6,24654.5,1071.55,69.5741,0.663149,957.143,283014,63.1541,23.1957,0.267264,39.6912,236.6,46.3784,0.25223,189.97,299.754,1,0,0
800,4,0,119,1,1,1,4331.68,18647.8,1049.15,46.3844,0.482746,957.414,283014,67.029,23.1957,0.267264,43.5661,107.11,23.1887,0.0718272,83.8492,174.139,0,0,0
800,4,0,120,1,1,1,4316.04,18632.5,1049.27,46.3844,0.482746,957.531,283012,106.478,23.1957,0.267264,83.0154,63.4696,23.1887,0.0718272,40.2091,169.948,0,0,0
800,4,0,121,1,1,1,4342.2,24679.7,1054.74,52.1883,0.731635,957.123,283013,227.577,28.9996,0.516154,197.824,110.486,23.1887,0.0718272,87.226,338.063,0,0,0
800,4,0,122,1,1,1,4316.62,18640.8,1049.29,46.3844,0.482746,957.551,283011,107.834,23.1957,0.267264,84.3708,62.4608,23.1887,0.0718272,39.2003,170.295,0,0,0
800,4,0,123,1,1,1,4315.34,18632.6,1049.26,46.3844,0.519494,957.492,283011,110.936,23.1957,0.267264,87.4732,103.286,23.1887,0.108576,79.9887,214.222,0,0,0
800,4,0,124,1,1,1,4382.97,18701.3,1049.3,46.3844,0.552902,957.493,283010,100.4,23.1957,0.267264,76.9368,76.0525,23.1887,0.141984,52.7218,176.452,0,0,0
800,4,0,125,1,1,1,4338.49,18665.2,1049.17,46.3844,0.482746,957.432,283013,108.218,23.1957,0.267264,84.7552,98.046,23.1887,0.0718272,74.7855,206.264,0,0,0
800,4,0,126,1,1,1,4332.26,18694.4,1049.27,46.3844,0.482746,957.531,283012,91.6916,23.1957,0.267264,68.2287,105.801,23.1887,0.0718272,82.5407,197.493,0,0,0
800,4,0,127,1,1,2,10318.9,30640.3,1077.23,75.3781,0.733306,957.123,283013,228.779,28.9996,0.481075,199.068,198.267,46.3784,0.108576,151.78,427.046,1,0,0
800,4,0,128,1,1,2,10335.1,24671.3,1071.83,69.5741,0.714931,957.372,283009,66.4755,23.1957,0.462701,42.8171,245.804,46.3784,0.108576,199.317,312.279,1,0,0
800,4,0,129,1,1,1,4315.34,18638.6,1049.15,46.3844,0.482746,957.412,283014,89.6396,23.1957,0.267264,66.1766,107.815,23.1887,0.0718272,84.5549,197.455,0,0,0
800,4,0,130,1,1,1,4316.3,18657.9,1049.19,46.3844,0.713261,957.221,283012,106.956,23.1957,0.497779,83.2626,57.4723,23.1887,0.0718272,34.2118,164.428,0,0,0
800,4,0,131,1,1,1,4333,18652.1,1049.13,46.3844,0.482746,957.394,283014,98.6148,23.1957,0.267264,75.1519,70.6311,23.1887,0.0718272,47.3706,169.246,0,0,0
800,4,0,132,1,1,1,4324.81,18639.8,1049.23,46.3844,0.482746,957.492,283012,92.4262,23.1957,0.267264,68.9632,48.423,23.1887,0.0718272,25.1625,140.849,0,0,0
800,4,0,133,1,1,1,4312.78,18638.4,1049.4,46.3844,0.678182,957.472,283009,102.808,23.1957,0.462701,79.1495,98.407,23.1887,0.0718272,75.1465,201.215,0,0,0
800,4,0,134,1,1,1,4330.71,18665.5,1049.03,46.3844,0.856915,956.925,283015,106.801,23.1957,0.497779,83.1074,101.239,23.1887,0.0718272,77.9782,208.04,0,0,0
800,4,0,135,1,1,1,4328.9,18648.5,1049.22,46.3844,0.517824,957.454,283012,109.796,23.1957,0.267264,86.3326,61.792,23.1887,0.106906,38.4964,171.588,0,0,0
800,4,0,136,1,1,1,4351.71,18676.9,1049.16,46.3844,0.536198,957.369,283013,92.3439,23.1957,0.302342,68.8459,106.697,23.1887,0.0902016,83.4179,199.041,0,0,0
800,4,0,137,1,1,1,4319.69,18651.8,1049.21,46.3844,0.482746,957.472,283013,107.94,23.1957,0.267264,84.4773,99.6054,23.1887,0.0718272,76.3448,207.546,0,0,0
800,4,0,138,1,1,1,4319.5,18640.1,1049.15,46.3844,0.482746,957.414,283014,98.6708,23.1957,0.267264,75.2078,67.0395,23.1887,0.0718272,43.779,165.71,0,0,0
800,4,0,139,1,1,1,4322.95,18634.6,1049.31,46.3844,0.482746,957.571,283011,65.2495,23.1957,0.267264,41.7865,105.193,23.1887,0.0718272,81.9325,170.443,0,0,0
800,4,0,140,1,1,1,4313.99,18641,1049.25,46.3844,0.482746,957.511,283012,111.862,23.1957,0.267264,88.3991,104.93,23.1887,0.0718272,81.669,216.792,0,0,0
800,4,0,141,1,1,1,4323.46,18647.7,1049.13,46.3844,0.482746,957.392,283014,74.5677,23.1957,0.267264,51.1047,108.88,23.1887,0.0718272,85.6197,183.448,0,0,0
800,4,0,142,1,1,1,4328.58,18674.2,1049.03,46.3844,0.517824,957.259,283015,109.825,23.1957,0.302342,86.3272,98.9358,23.1887,0.0718272,75.6753,208.761,0,0,0
800,4,0,143,1,1,1,4324.81,18642.8,1049.17,46.3844,0.482746,957.434,283013,93.0163,23.1957,0.267264,69.5534,47.9502,23.1887,0.0718272,24.6897,140.967,0,0,0
800,4,0,144,1,1,1,4328.92,18683.6,1049.23,46.3844,0.517824,957.455,283012,99.731,23.1957,0.302342,76.2329,67.2146,23.1887,0.0718272,43.9541,166.946,0,0,0
800,4,0,145,1,1,1,4319.11,18631.7,1049.15,46.3844,0.482746,957.412,283014,67.6102,23.1957,0.267264,44.1472,108.108,23.1887,0.0718272,84.8473,175.718,0,0,0
800,4,0,146,1,1,1,4355.74,18698.8,1049.23,46.3844,0.482746,957.492,283012,99.362,23.1957,0.267264,75.8991,67.6207,23.1887,0.0718272,44.3602,166.983,0,0,0
800,4,0,147,1,1,1,4325.93,18645.7,1049.27,46.3844,0.482746,957.531,283012,101.983,23.1957,0.267264,78.5196,102.989,23.1887,0.0718272,79.7288,204.972,0,0,0
800,4,0,148,1,1,1,4314.06,24635.3,1054.74,52.1883,0.696557,957.163,283014,192.32,28.9996,0.481075,162.502,36.2785,23.1887,0.0718272,13.018,228.599,0,0,0
800,4,0,149,1,1,1,4319.64,18648.9,1049.19,46.3844,0.482746,957.454,283013,104.296,23.1957,0.267264,80.8334,106.686,23.1887,0.0718272,83.4251,210.982,0,0,0
800,4,0,150,1,1,1,4316.94,18631.4,1049.25,46.3844,0.482746,957.511,283012,100.21,23.1957,0.267264,76.7473,66.3303,23.1887,0.0718272,43.0697,166.541,0,0,0
800,4,0,151,1,1,1,4321.99,18644.8,1049.09,46.3844,0.517824,957.316,283014,88.535,23.1957,0.267264,65.0721,109.935,23.1887,0.106906,86.6394,198.47,0,0,0
800,4,0,152,1,1,1,4338.6,18652.5,1049.17,46.3844,0.482746,957.434,283013,92.0002,23.1957,0.267264,68.5373,106.334,23.1887,0.0718272,83.0731,198.334,0,0,0
800,4,0,153,1,1,1,4320.81,18652.1,1049.17,46.3844,0.482746,957.434,283013,68.3953,23.1957,0.267264,44.9323,103.607,23.1887,0.0718272,80.3461,172.002,0,0,0
800,4,0,154,1,1,1,4322.45,18640.5,1049.25,46.3844,0.482746,957.511,283012,60.5462,23.1957,0.267264,37.0832,100.676,23.1887,0.0718272,77.4151,161.222,0,0,0
800,4,0,155,1,1,1,4333.7,18647.9,1049.24,46.3844,0.517824,957.473,283012,108.774,23.1957,0.267264,85.3111,107.037,23.1887,0.106906,83.7409,215.811,0,0,0
800,4,0,156,1,1,1,4317.73,18642.4,1049.13,46.3844,0.517824,957.356,283014,62.6568,23.1957,0.302342,39.1587,90.5435,23.1887,0.0718272,67.2829,153.2,0,0,0
800,4,0,157,1,1,1,4319.62,18640,1049.31,46.3844,0.482746,957.571,283011,104.82,23.1957,0.267264,81.3568,104.691,23.1887,0.0718272,81.4308,209.511,0,0,0
800,4,0,158,1,1,1,4320.33,18649.3,1049.35,46.3844,0.678182,957.416,283010,65.6796,23.1957,0.462701,42.0212,106.238,23.1887,0.0718272,82.9775,171.918,0,0,0
800,4,0,159,1,1,1,4338.72,18687.9,1049.34,46.3844,0.678182,957.414,283010,104.894,23.1957,0.462701,81.2359,97.3782,23.1887,0.0718272,74.1177,202.272,0,0,0
800,4,0,160,1,1,1,4324.33,18643.6,1049.29,46.3844,0.482746,957.551,283011,87.8492,23.1957,0.267264,64.3862,109.875,23.1887,0.0718272,86.6142,197.724,0,0,0
800,4,0,161,1,1,1,4326.04,18647.2,1049.27,46.3844,0.482746,957.531,283012,107.318,23.1957,0.267264,83.8546,99.8833,23.1887,0.0718272,76.6228,207.201,0,0,0
800,4,0,162,1,1,1,4319.86,18645.8,1049.21,46.3844,0.482746,957.472,283013,107.818,23.1957,0.267264,84.3545,98.3528,23.1887,0.0718272,75.0923,206.17,0,0,0
800,4,0,163,1,1,1,4325.99,18666.7,1049.33,46.3844,1.06906,957.01,283009,92.0198,23.1957,0.853574,67.9706,103.848,23.1887,0.0718272,80.5879,195.868,0,0,0
800,4,0,164,1,1,1,4318.93,18668.6,1049.15,46.3844,0.482746,957.414,283014,112.499,23.1957,0.267264,89.0362,62.6232,23.1887,0.0718272,39.3627,175.122,0,0,0
800,4,0,165,1,1,2,10332.8,24648.6,1071.77,69.5741,0.554573,957.472,283011,87.1327,23.1957,0.267264,63.6697,247.404,46.3784,0.143654,200.881,334.536,1,0,0
800,4,0,166,1,1,1,4325.13,18676.6,1049.44,46.3844,0.678182,957.511,283008,66.1542,23.1957,0.462701,42.4958,90.7131,23.1887,0.0718272,67.4526,156.867,0,0,0
800,4,0,167,1,1,1,4316.87,18634,1049.29,46.3844,0.482746,957.551,283011,93.0163,23.1957,0.267264,69.5534,47.8329,23.1887,0.0718272,24.5724,140.849,0,0,0
800,4,0,168,1,1,1,4319.5,18640.6,1049.23,46.3844,0.482746,957.492,283012,90.9932,23.1957,0.267264,67.5302,47.2986,23.1887,0.0718272,24.0381,138.292,0,0,0
800,4,0,169,1,1,1,4314.7,18686.6,1049.42,46.3844,0.678182,957.493,283008,90.2014,23.1957,0.462701,66.543,46.4143,23.1887,0.0718272,23.1538,136.616,0,0,0
800,4,0,170,1,0,0,-1,-1,1026.76,23.1957,0.267264,957.724,283013,-1,-1,-1,-1,-1,-1,-1,-1,-1,0,0,0
800,4,0,171,1,1,1,4336.06,18683.2,1049.4,46.3844,0.873619,957.279,283008,62.7004,23.1957,0.658138,38.8465,90.0201,23.1887,0.0718272,66.7596,152.72,0,0,0
800,4,0,172,1,1,1,4342.71,18693.6,1049.13,46.3844,0.482746,957.394,283014,111.288,23.1957,0.267264,87.8252,109.339,23.1887,0.0718272,86.0781,220.627,0,0,0
800,4,0,173,1,1,1,4336.24,18665.7,1049.29,46.3844,0.482746,957.551,283011,68.0072,23.1957,0.267264,44.5443,104.038,23.1887,0.0718272,80.7774,172.045,0,0,0
800,4,0,174,1,1,2,10321,24636.4,1071.73,69.5741,0.519494,957.472,283011,98.4668,23.1957,0.267264,75.0039,231.196,46.3784,0.108576,184.709,329.663,1,0,0
800,4,0,175,1,1,1,4318.94,18637.7,1049.17,46.3844,0.482746,957.432,283013,106.76,23.1957,0.267264,83.2969,62.3994,23.1887,0.0718272,39.1389,169.159,0,0,0
800,4,0,176,1,1,1,4317.78,18632.9,1049.17,46.3844,0.482746,957.432,283013,106.935,23.1957,0.267264,83.472,99.7353,23.1887,0.0718272,76.4748,206.67,0,0,0
800,4,0,177,1,1,1,4334.54,18650,1049.25,46.3844,0.482746,957.511,283012,60.317,23.1957,0.267264,36.854,100.185,23.1887,0.0718272,76.9242,160.502,0,0,0
800,4,0,178,1,1,1,4317.9,18638.1,1049.27,46.3844,0.482746,957.531,283012,95.9672,23.1957,0.267264,72.5042,66.2725,23.1887,0.0718272,43.012,162.24,0,0,0
800,4,0,179,1,1,1,4319.82,18656.9,1049.15,46.3844,0.482746,957.412,283014,111.871,23.1957,0.267264,88.4081,62.1503,23.1887,0.0718272,38.8898,174.021,0,0,0
800,4,0,180,1,1,1,4316.94,18635.3,1049.21,46.3844,0.482746,957.472,283013,102.593,23.1957,0.267264,79.1297,104.899,23.1887,0.0718272,81.6383,207.491,0,0,0
800,4,0,181,1,1,1,4315.34,18627.3,1049.17,46.3844,0.482746,957.432,283013,103.259,23.1957,0.267264,79.7956,80.054,23.1887,0.0718272,56.7934,183.313,0,0,0
800,4,0,182,1,1,1,4317.26,18640.7,1049.13,46.3844,0.482746,957.392,283014,110.128,23.1957,0.267264,86.6647,62.8596,23.1887,0.0718272,39.5991,172.987,0,0,0
800,4,0,183,1,1,1,4321.16,24641.7,1054.72,52.1883,1.12251,956.721,283013,218.606,28.9996,0.907027,188.439,61.7461,23.1887,0.0718272,38.4856,280.352,0,0,0
800,4,0,184,1,1,1,4364.62,18701.8,1049.22,46.3844,0.517824,957.454,283012,78.7159,23.1957,0.302342,55.2179,110.579,23.1887,0.0718272,87.318,189.294,0,0,0
800,4,0,185,1,1,1,4320.56,24662.3,1054.82,52.1883,0.696557,957.241,283012,235.229,28.9996,0.481075,205.532,106.962,23.1887,0.0718272,83.7012,342.19,0,0,0
800,4,0,186,1,1,1,4316.62,18646.9,1049.13,46.3844,0.482746,957.394,283014,100.203,23.1957,0.267264,76.7401,66.7417,23.1887,0.0718272,43.4812,166.945,0,0,0
800,4,0,187,1,1,1,4316.3,18629.5,1049.13,46.3844,0.482746,957.394,283014,91.7097,23.1957,0.267264,68.2467,106.375,23.1887,0.0718272,83.1146,198.085,0,0,0
800,4,0,188,1,1,1,4316.94,18634,1049.23,46.3844,0.482746,957.492,283012,105.941,23.1957,0.267264,82.4776,96.9866,23.1887,0.0718272,73.7261,202.927,0,0,0
800,4,0,189,1,1,1,4329.35,18657.8,1049.09,46.3844,0.517824,957.318,283014,106.439,23.1957,0.302342,82.9414,63.9172,23.1887,0.0718272,40.6567,170.357,0,0,0
800,4,0,190,1,1,1,4319.5,18645.4,1049.17,46.3844,0.482746,957.434,283013,98.7069,23.1957,0.267264,75.2439,69.8875,23.1887,0.0718272,46.627,168.594,0,0,0
800,4,0,191,1,1,1,4315.02,18635.3,1049.29,46.3844,0.482746,957.551,283011,103.538,23.1957,0.267264,80.0754,55.3733,23.1887,0.0718272,32.1128,158.912,0,0,0
800,4,0,192,1,1,1,4329.01,18647.3,1049.28,46.3844,0.517824,957.511,283011,74.3944,23.1957,0.267264,50.9315,109.105,23.1887,0.106906,85.8092,183.499,0,0,0
800,4,0,193,1,1,1,4326.98,18641.1,1049.11,46.3844,0.482746,957.374,283014,86.7681,23.1957,0.267264,63.3052,110.477,23.1887,0.0718272,87.217,197.246,0,0,0
800,4,0,194,1,1,1,4316.62,18655.5,1049.2,46.3844,0.552902,957.392,283012,107.24,23.1957,0.337421,83.7066,60.9971,23.1887,0.0718272,37.7366,168.237,0,0,0
800,4,0,195,1,1,1,4337.68,18661.6,1049.22,46.3844,0.517824,957.454,283012,89.819,23.1957,0.302342,66.321,109.109,23.1887,0.0718272,85.8489,198.928,0,0,0
800,4,0,196,1,1,1,4321.48,18660.2,1049.03,46.3844,0.517824,957.259,283015,110.531,23.1957,0.302342,87.0329,103.419,23.1887,0.0718272,80.1584,213.95,0,0,0
800,4,0,197,1,1,1,4323.33,18656.1,1049.19,46.3844,0.517824,957.418,283013,104.129,23.1957,0.302342,80.6312,85.1489,23.1887,0.0718272,61.8884,189.278,0,0,0
800,4,0,198,1,1,1,4354.06,18677,1049.25,46.3844,0.482746,957.511,283012,67.5723,23.1957,0.267264,44.1093,107.664,23.1887,0.0718272,84.4033,175.236,0,0,0
800,4,0,199,1,1,1,4315.66,18640.2,1049.06,46.3952,0.536198,957.259,283015,106.923,23.2065,0.320717,83.3962,61.1721,23.1887,0.0718272,37.9116,168.096,0,0,0
800,4,0,200,1,1,1,4327.09,18643.9,1049.13,46.3844,0.482746,957.392,283014,64.7135,23.1957,0.267264,41.2505,91.491,23.1887,0.0718272,68.2305,156.204,0,0,0
800,4,0,201,1,1,1,4331.55,18654.6,1049.15,46.3844,0.482746,957.414,283014,58.7847,23.1957,0.267264,35.3217,97.4631,23.1887,0.0718272,74.2025,156.248,0,0,0
800,4,0,202,1,1,1,4326.61,18639.8,1049.27,46.3844,0.482746,957.531,283012,87.9033,23.1957,0.267264,64.4404,109.777,23.1887,0.0718272,86.5167,197.681,0,0,0
800,4,0,203,1,1,1,4317.26,18656.2,1049.11,46.3844,0.482746,957.374,283014,110.552,23.1957,0.267264,87.0888,101.349,23.1887,0.0718272,78.0883,211.901,0,0,0
800,4,0,204,1,1,1,4318.54,18647,1049.11,46.3844,0.517824,957.34,283014,98.7095,23.1957,0.302342,75.2114,64.9279,23.1887,0.0718272,41.6674,163.637,0,0,0
800,4,0,205,1,1,1,4354.5,18694.3,1049.14,46.3844,0.517824,957.369,283014,104.185,23.1957,0.302342,80.6872,106.906,23.1887,0.0718272,83.6453,211.091,0,0,0
800,4,0,206,1,1,2,10328.8,24641.7,1071.61,69.5741,0.519494,957.353,283014,67.4658,23.1957,0.267264,44.0028,248.594,46.3784,0.108576,202.107,316.06,1,0,0
800,4,0,207,1,1,1,4373.28,18705.5,1049.11,46.3844,0.482746,957.374,283014,96.3444,23.1957,0.267264,72.8814,103.65,23.1887,0.0718272,80.3894,199.994,0,0,0
800,4,0,208,1,1,1,4317.58,18630.5,1049.25,46.3844,0.50112,957.492,283012,112.636,23.1957,0.267264,89.1734,105.708,23.1887,0.0902016,82.4288,218.344,0,0,0
800,4,0,209,1,1,1,4316.73,18632.2,1049.13,46.3844,0.482746,957.392,283014,84.7955,23.1957,0.267264,61.3325,112.488,23.1887,0.0718272,89.2275,197.283,0,0,0
800,4,0,210,1,1,1,4315.66,18641.2,1049.27,46.3844,0.482746,957.531,283012,101.423,23.1957,0.267264,77.9601,54.5918,23.1887,0.0718272,31.3313,156.015,0,0,0
800,4,0,211,1,1,1,4338.56,18693.4,1049.25,46.3844,0.482746,957.511,283012,107.471,23.1957,0.267264,84.008,97.7392,23.1887,0.0718272,74.4787,205.21,0,0,0
800,4,0,212,1,1,1,4318.89,18633.1,1049.19,46.3844,0.482746,957.454,283013,62.8347,23.1957,0.267264,39.3717,91.5956,23.1887,0.0718272,68.3351,154.43,0,0,0
800,4,0,213,1,1,1,4323.28,18644.5,1049.15,46.3844,0.482746,957.414,283014,66.9911,23.1957,0.267264,43.5282,110.73,23.1887,0.0718272,87.4696,177.721,0,0,0
800,4,0,214,1,1,1,4315.66,18631.1,1049.17,46.3844,0.482746,957.434,283013,63.9843,23.1957,0.267264,40.5214,104.206,23.1887,0.0718272,80.9453,168.19,0,0,0
800,4,0,215,1,1,1,4318.02,18668.8,1049.34,46.3844,0.943776,957.145,283009,93.1345,23.1957,0.728294,69.2105,109.409,23.1887,0.0718272,86.1485,202.543,0,0,0
800,4,0,216,1,1,1,4364.76,18695.5,1049.26,46.3844,0.770054,957.239,283011,68.0451,23.1957,0.267264,44.5822,104.309,23.1887,0.0718272,81.0482,172.354,0,0,0
800,4,0,217,1,1,1,4325.08,18641.5,1049.25,46.3844,0.482746,957.511,283012,105.28,23.1957,0.267264,81.817,97.3674,23.1887,0.0718272,74.1069,202.647,0,0,0
800,4,0,218,1,1,1,4319.18,18637.2,1049.15,46.3844,0.482746,957.412,283014,91.8252,23.1957,0.267264,68.3622,104.874,23.1887,0.0718272,81.6131,196.699,0,0,0
800,4,0,219,1,1,1,4322.44,18646.1,1049.29,46.3844,0.482746,957.551,283011,108.478,23.1957,0.267264,85.0151,59.0569,23.1887,0.0718272,35.7964,167.535,0,0,0
800,4,0,220,1,1,1,4316.3,18633,1049.17,46.3844,0.482746,957.434,283013,64.1143,23.1957,0.267264,40.6513,91.7238,23.1887,0.0718272,68.4633,155.838,0,0,0
800,4,0,221,1,1,1,4339.15,18664,1048.78,46.3844,0.623059,956.907,283019,107.638,23.1957,0.302342,84.1398,104.71,23.1887,0.177062,81.3441,212.348,0,0,0
800,4,0,222,1,1,1,4329.02,18687.4,1049.44,46.3844,0.908698,957.28,283007,92.1944,23.1957,0.658138,68.3406,104.145,23.1887,0.106906,80.8496,196.34,0,0,0
800,4,0,223,1,1,1,4335.24,18666.5,1049.03,46.3844,0.517824,957.262,283015,108.164,23.1957,0.267264,84.7011,62.5626,23.1887,0.106906,39.267,170.727,0,0,0
800,4,0,224,1,1,1,4331.73,18651.7,1049.27,46.3844,0.482746,957.531,283012,103.028,23.1957,0.267264,79.5646,108.041,23.1887,0.0718272,84.7805,211.069,0,0,0
800,4,0,225,1,1,1,4328.01,18646.5,1049.22,46.3844,0.517824,957.454,283012,102.34,23.1957,0.267264,78.877,98.1677,23.1887,0.106906,74.8721,200.508,0,0,0
800,4,0,226,1,1,1,4329.37,18643.9,1049.21,46.3844,0.482746,957.472,283013,62.3636,23.1957,0.267264,38.9007,90.4388,23.1887,0.0718272,67.1783,152.802,0,0,0
800,4,0,227,1,1,1,4322.51,18637.3,1049.23,46.3844,0.482746,957.492,283012,88.8888,23.1957,0.267264,65.4258,107.555,23.1887,0.0718272,84.295,196.444,0,0,0
800,4,0,228,1,1,1,4322.82,18641.2,1049.17,46.3844,0.6264,957.291,283013,59.189,23.1957,0.267264,35.726,97.2356,23.1887,0.0718272,73.9751,156.425,0,0,0
800,4,0,229,1,1,1,4323.53,18654.3,1049.25,46.3844,0.482746,957.511,283012,108.552,23.1957,0.267264,85.0891,62.8686,23.1887,0.0718272,39.6081,171.421,0,0,0
800,4,0,230,1,1,1,4316.3,18630.5,1049.23,46.3844,0.482746,957.492,283012,103.829,23.1957,0.267264,80.3659,61.8562,23.1887,0.0718272,38.5956,165.685,0,0,0
800,4,0,231,1,1,1,4316.62,18634.6,1049.13,46.3844,0.482746,957.394,283014,102.311,23.1957,0.267264,78.8481,64.4569,23.1887,0.0718272,41.1964,166.768,0,0,0
800,4,0,232,1,1,1,4315.66,18635.4,1049.29,46.3844,0.482746,957.551,283011,110.913,23.1957,0.267264,87.4498,107.218,23.1887,0.0718272,83.9575,218.131,0,0,0
800,4,0,233,1,1,1,4320.52,18636,1049.24,46.3844,0.517824,957.472,283012,85.8296,23.1957,0.267264,62.3667,111.668,23.1887,0.106906,88.372,197.497,0,0,0
800,4,0,234,1,1,1,4325.61,18657.4,1049.11,46.3844,0.50112,957.354,283014,103.233,23.1957,0.267264,79.7704,109.213,23.1887,0.0902016,85.9337,212.446,0,0,0
800,4,0,235,1,1,1,4318.22,18631.9,1049.29,46.3844,0.482746,957.551,283011,107.469,23.1957,0.267264,84.0062,99.2173,23.1887,0.0718272,75.9568,206.687,0,0,0
800,4,0,236,1,1,1,4364.11,18689.7,1049.21,46.3844,0.482746,957.472,283013,67.6048,23.1957,0.267264,44.1418,109.636,23.1887,0.0718272,86.3759,177.241,0,0,0
800,4,0,237,1,1,1,4337.39,18656,1049.27,46.3844,0.482746,957.531,283012,78.4841,23.1957,0.267264,55.0211,109.322,23.1887,0.0718272,86.0619,187.806,0,0,0
800,4,0,238,1,1,1,4325.51,18642.2,1049.11,46.3844,0.482746,957.374,283014,110.021,23.1957,0.267264,86.5582,107.879,23.1887,0.0718272,84.618,217.9,0,0,0
800,4,0,239,1,1,1,4322.21,18639.3,1049.15,46.3844,0.482746,957.414,283014,80.417,23.1957,0.267264,56.9541,107.469,23.1887,0.0718272,84.2084,187.886,0,0,0
800,4,0,240,1,1,1,4325.74,18645.7,1049.27,46.3844,0.6264,957.392,283011,105.91,23.1957,0.267264,82.4469,107.413,23.1887,0.0718272,84.1524,213.323,0,0,0
800,4,0,241,1,1,1,4316.87,18658,1049.23,46.3844,0.482746,957.492,283012,108.361,23.1957,0.267264,84.8978,103.487,23.1887,0.0718272,80.227,211.848,0,0,0
800,4,0,242,1,1,1,4333.41,18649.8,1049.2,46.3844,0.517824,957.432,283012,62.0947,23.1957,0.267264,38.6317,95.3179,23.1887,0.106906,72.0223,157.413,0,0,0
800,4,0,243,1,1,1,4343.11,18666.6,1049.17,46.3844,0.482746,957.432,283013,97.2685,23.1957,0.267264,73.8055,104.505,23.1887,0.0718272,81.2449,201.774,0,0,0
800,4,0,244,1,1,1,4331.48,18661,1049.24,46.3844,0.517824,957.472,283012,103.899,23.1957,0.267264,80.4363,85.1082,23.1887,0.106906,61.8126,189.007,0,0,0
800,4,0,245,1,1,1,4338.19,18658.8,1049.33,46.3844,0.6264,957.454,283010,65.4354,23.1957,0.267264,41.9724,90.4207,23.1887,0.0718272,67.1602,155.856,0,0,0
800,4,0,246,1,1,1,4327.14,18646.1,1049.22,46.3844,0.6264,957.336,283012,102.735,23.1957,0.267264,79.2722,80.146,23.1887,0.0718272,56.8855,182.881,0,0,0
800,4,0,247,1,1,1,4315.34,18640.1,1049.11,46.3844,0.482746,957.374,283014,94.6497,23.1957,0.267264,71.1867,48.7172,23.1887,0.0718272,25.4567,143.367,0,0,0
800,4,0,248,1,1,1,4318.66,18653.7,1049.17,46.3844,0.517824,957.396,283013,103.702,23.1957,0.302342,80.2035,97.7699,23.1887,0.0718272,74.5094,201.471,0,0,0
800,4,0,249,1,0,0,-1,-1,1026.77,23.1957,0.337421,957.668,283012,-1,-1,-1,-1,-1,-1,-1,-1,-1,0,0,0
800,4,0,250,1,1,1,4343.99,18729.5,1049.11,46.3844,0.517824,957.336,283014,108.445,23.1957,0.302342,84.9465,103.652,23.1887,0.0718272,80.3912,212.096,0,0,0
800,4,0,251,1,1,1,4315.34,18656,1049.27,46.3844,0.482746,957.531,283012,109.53,23.1957,0.267264,86.0673,60.055,23.1887,0.0718272,36.7945,169.585,0,0,0
800,4,0,252,1,1,1,4315.02,18648.9,1049.25,46.3844,0.482746,957.511,283012,107.05,23.1957,0.267264,83.5875,98.6903,23.1887,0.0718272,75.4298,205.741,0,0,0
800,4,0,253,1,1,1,4339.93,18687.3,1049.24,46.3844,0.517824,957.473,283012,103.01,23.1957,0.302342,79.5123,78.5469,23.1887,0.0718272,55.2864,181.557,0,0,0
800,4,0,254,1,1,1,4321.22,18634.1,1049.17,46.3844,0.482746,957.432,283013,63.7353,23.1957,0.267264,40.2723,107.05,23.1887,0.0718272,83.7896,170.785,0,0,0
800,4,0,255,1,1,1,4314.38,18633.6,1049.25,46.3844,0.482746,957.511,283012,107.522,23.1957,0.267264,84.0586,60.6993,23.1887,0.0718272,37.4388,168.221,0,0,0
800,4,0,256,1,1,1,4317.26,18650.6,1049.27,46.3844,0.482746,957.531,283012,64.0547,23.1957,0.267264,40.5918,92.2454,23.1887,0.0718272,68.9849,156.3,0,0,0
800,4,0,257,1,1,1,4322.92,18667.5,1049.11,46.3844,0.482746,957.374,283014,105.507,23.1957,0.267264,82.0444,106.835,23.1887,0.0718272,83.5749,212.343,0,0,0
800,4,0,258,1,1,1,4317.9,18634.9,1049.17,46.3844,0.482746,957.434,283013,95.6116,23.1957,0.267264,72.1487,65.5109,23.1887,0.0718272,42.2504,161.123,0,0,0
800,4,0,259,1,1,1,4321.38,18636.8,1049.25,46.3844,0.482746,957.513,283012,64.6377,23.1957,0.267264,41.1747,107.267,23.1887,0.0718272,84.0062,171.904,0,0,0
800,4,0,260,1,1,1,4327.78,18651.5,1049.27,46.3844,0.482746,957.531,283012,63.0296,23.1957,0.267264,39.5666,91.731,23.1887,0.0718272,68.4705,154.761,0,0,0
800,4,0,261,1,1,1,4336.87,18668.4,1049.29,46.3844,0.661478,957.374,283010,91.0112,23.1957,0.267264,67.5482,105.981,23.1887,0.106906,82.6851,196.992,0,0,0
800,4,0,262,1,1,1,4316.94,18637.9,1049.01,46.3844,0.517824,957.239,283016,108.363,23.1957,0.302342,84.8653,106.173,23.1887,0.0718272,82.9125,214.536,0,0,0
800,4,0,263,1,1,1,4334.88,18647.4,1049.15,46.3844,0.482746,957.414,283014,65.6195,23.1957,0.267264,42.1565,106.368,23.1887,0.0718272,83.1074,171.987,0,0,0
800,4,0,264,1,1,1,4321.35,18652,1049.09,46.3844,0.517824,957.316,283014,107.456,23.1957,0.302342,83.9575,99.3419,23.1887,0.0718272,76.0813,206.797,0,0,0
800,4,0,265,1,1,1,4316.62,18646.5,1049.25,46.3844,0.678182,957.32,283011,101.384,23.1957,0.462701,77.7255,65.8393,23.1887,0.0718272,42.5788,167.223,0,0,0
800,4,0,266,1,1,1,4317.26,18643.2,1049.09,46.3844,0.517824,957.316,283014,66.0895,23.1957,0.302342,42.5915,90.6572,23.1887,0.0718272,67.3966,156.747,0,0,0
800,4,0,267,1,1,1,4319.18,18645.9,1049.27,46.3844,0.482746,957.531,283012,108.319,23.1957,0.267264,84.8563,97.3421,23.1887,0.0718272,74.0816,205.661,0,0,0
800,4,0,268,1,1,1,4350.14,18665,1049.23,46.3844,0.482746,957.492,283012,60.1961,23.1957,0.267264,36.7331,90.8394,23.1887,0.0718272,67.5789,151.035,0,0,0
800,4,0,269,1,1,2,10357.2,24678.2,1071.75,69.5741,0.519494,957.492,283011,64.2749,23.1957,0.267264,40.8119,244.427,46.3784,0.108576,197.94,308.702,1,0,0
800,4,0,270,1,1,1,4316.62,18640.6,1049.23,46.3844,0.482746,957.492,283012,98.7484,23.1957,0.267264,75.2854,52.3593,23.1887,0.0718272,29.0988,151.108,0,0,0
800,4,0,271,1,1,1,4340.42,18654.9,1049.23,46.3844,0.482746,957.493,283012,106.655,23.1957,0.267264,83.1923,105.523,23.1887,0.0718272,82.2628,212.179,0,0,0
800,4,0,272,1,1,1,4339.21,18655.7,1049.19,46.3844,0.482746,957.454,283013,111.528,23.1957,0.267264,88.0652,105.556,23.1887,0.0718272,82.2953,217.084,0,0,0
800,4,0,273,1,1,1,4317.9,18643.3,1049.13,46.3844,0.482746,957.394,283014,108.474,23.1957,0.267264,85.0115,63.0473,23.1887,0.0718272,39.7868,171.522,0,0,0
800,4,0,274,1,1,1,4321.37,18638,1049.23,46.3844,0.482746,957.492,283012,90.6665,23.1957,0.267264,67.2035,106.668,23.1887,0.0718272,83.407,197.334,0,0,0
800,4,0,275,1,1,1,4320.67,18653.4,1049.25,46.3844,0.482746,957.511,283012,105.242,23.1957,0.267264,81.7791,93.5502,23.1887,0.0718272,70.2897,198.792,0,0,0
800,4,0,276,1,1,1,4322.6,18636.8,1049.17,46.3844,0.482746,957.432,283013,101.452,23.1957,0.267264,77.989,65.6029,23.1887,0.0718272,42.3424,167.055,0,0,0
800,4,0,277,1,1,2,10318.3,24648.4,1071.71,69.5741,0.519494,957.452,283012,103.959,23.1957,0.267264,80.4959,197.442,46.3784,0.108576,150.955,301.401,1,0,0
800,4,0,278,1,1,1,4316.94,18662,1049.23,46.3844,0.713261,957.261,283012,107.384,23.1957,0.497779,83.6904,61.2335,23.1887,0.0718272,37.973,168.617,0,0,0
800,4,0,279,1,1,1,4317.11,18636.8,1049.21,46.3844,0.482746,957.472,283013,103.181,23.1957,0.267264,79.718,107.893,23.1887,0.0718272,84.6325,211.074,0,0,0
800,4,0,280,1,1,1,4318.43,18653.9,1049.15,46.3844,0.517824,957.376,283013,107.091,23.1957,0.302342,83.5929,62.9408,23.1887,0.0718272,39.6803,170.032,0,0,0
800,4,0,281,1,1,1,4320.26,18641,1049.24,46.3844,0.552902,957.436,283011,110.026,23.1957,0.302342,86.5275,108.775,23.1887,0.106906,85.4789,218.8,0,0,0
800,4,0,282,1,1,1,4348.39,18677.8,1049.16,46.3844,0.6264,957.279,283013,60.6834,23.1957,0.267264,37.2204,89.457,23.1887,0.0718272,66.1965,150.14,0,0,0
800,4,0,283,1,1,1,4348.79,18667.4,1049.29,46.3844,0.661478,957.374,283010,81.0657,23.1957,0.302342,57.5677,109.414,23.1887,0.0718272,86.1539,190.48,0,0,0
800,4,0,284,1,1,1,4317.9,18656.7,1049.13,46.3844,0.482746,957.392,283014,108.164,23.1957,0.267264,84.7011,60.6343,23.1887,0.0718272,37.3738,168.798,0,0,0
800,4,0,285,1,0,0,-1,-1,1026.91,23.1957,0.462701,957.686,283010,-1,-1,-1,-1,-1,-1,-1,-1,-1,0,0,0
800,4,0,286,1,1,1,4316.3,18632.4,1049.13,46.3844,0.482746,957.394,283014,77.8091,23.1957,0.267264,54.3461,109.086,23.1887,0.0718272,85.8255,186.895,0,0,0
800,4,0,287,1,1,2,10324.9,24644.6,1071.73,69.5741,0.519494,957.472,283011,91.2982,23.1957,0.267264,67.8352,231.631,46.3784,0.108576,185.144,322.929,1,0,0
800,4,0,288,1,1,1,4331.89,18666.1,1049.29,46.3844,0.482746,957.551,283011,112.521,23.1957,0.267264,89.0579,105.895,23.1887,0.0718272,82.6346,218.416,0,0,0
800,4,0,289,1,1,1,4319.25,18658.9,1049.39,46.3844,0.678182,957.455,283009,106.3,23.1957,0.462701,82.6418,90.0128,23.1887,0.0718272,66.7523,196.313,0,0,0
800,4,0,290,1,1,1,4318.22,18652.6,1049.17,46.3844,0.482746,957.432,283013,106.347,23.1957,0.267264,82.8836,63.7422,23.1887,0.0718272,40.4817,170.089,0,0,0
800,4,0,291,1,1,1,4316.62,18633.7,1049.29,46.3844,0.482746,957.551,283011,106.917,23.1957,0.267264,83.454,58.2953,23.1887,0.0718272,35.0348,165.212,0,0,0
800,4,0,292,1,1,1,4321.61,18648.7,1049.27,46.3844,0.482746,957.531,283012,86.7501,23.1957,0.267264,63.2871,44.6492,23.1887,0.0718272,21.3887,131.399,0,0,0
800,4,0,293,1,1,1,4322.86,18649,1049.23,46.3844,0.482746,957.492,283012,103.015,23.1957,0.267264,79.552,105.357,23.1887,0.0718272,82.0967,208.372,0,0,0
800,4,0,294,1,1,1,4324.49,18648.6,1049.23,46.3844,0.517824,957.455,283012,102.624,23.1957,0.302342,79.126,95.9236,23.1887,0.0718272,72.6631,198.548,0,0,0
800,4,0,295,1,1,1,4319.32,18645.2,1049.23,46.3844,0.482746,957.493,283012,105.054,23.1957,0.267264,81.5914,107.424,23.1887,0.0718272,84.1632,212.478,0,0,0
800,4,0,296,1,1,1,4319.88,18643.9,1049.23,46.3844,0.482746,957.492,283012,109.142,23.1957,0.267264,85.6793,64.336,23.1887,0.0718272,41.0754,173.478,0,0,0
800,4,0,297,1,1,1,4321.81,18639.2,1049.27,46.3844,0.482746,957.531,283012,95.0991,23.1957,0.267264,71.6361,102.242,23.1887,0.0718272,78.9817,197.341,0,0,0
800,4,0,298,1,1,1,4320.82,18635.6,1049.29,46.3844,0.482746,957.551,283011,63.562,23.1957,0.267264,40.099,96.0409,23.1887,0.0718272,72.7804,159.603,0,0,0
800,4,0,299,1,0,0,-1,-1,1026.8,23.1957,0.497779,957.533,283012,-1,-1,-1,-1,-1,-1,-1,-1,-1,0,0,0
800,4,0,300,1,1,1,4316.94,18633.9,1049.15,46.3844,0.482746,957.412,283014,110.12,23.1957,0.267264,86.6575,63.6826,23.1887,0.0718272,40.4221,173.803,0,0,0
800,4,0,301,1,1,1,4318.54,18646.6,1049.25,46.3844,0.482746,957.511,283012,103.188,23.1957,0.267264,79.7252,104.428,23.1887,0.0718272,81.1673,207.616,0,0,0
800,4,0,302,1,1,1,4321.86,18637.3,1049.21,46.3844,0.482746,957.472,283013,62.3636,23.1957,0.267264,38.9007,90.0002,23.1887,0.0718272,66.7397,152.364,0,0,0
800,4,0,303,1,1,1,4316.87,24634.8,1054.75,52.1883,0.536198,957.335,283014,232.868,28.9996,0.320717,203.329,108.207,23.1887,0.0718272,84.9465,341.075,0,0,0
800,4,0,304,1,1,1,4342.28,18675.1,1049.11,46.3844,0.678182,957.183,283014,99.2488,23.1957,0.462701,75.5904,67.6658,23.1887,0.0718272,44.4053,166.915,0,0,0
800,4,0,305,1,1,1,4327.5,24650.4,1054.85,52.1883,0.536198,957.434,283012,201.297,28.9996,0.320717,171.665,39.7167,23.1887,0.0718272,16.4562,241.013,0,0,0
800,4,0,306,1,1,1,4325.17,18651.1,1049.15,46.3844,0.482746,957.414,283014,105.296,23.1957,0.267264,81.8332,108.878,23.1887,0.0718272,85.6179,214.175,0,0,0
800,4,0,307,1,1,1,4327.14,18653.5,1049.28,46.3844,0.552902,957.475,283011,99.6454,23.1957,0.267264,76.1824,72.2949,23.1887,0.141984,48.9642,171.94,0,0,0
800,4,0,308,1,1,1,4314.7,18632.9,1049.15,46.3844,0.482746,957.412,283014,88.5404,23.1957,0.267264,65.0775,109.725,23.1887,0.0718272,86.4644,198.265,0,0,0
800,4,0,309,1,1,1,4319.82,18639,1049.23,46.3844,0.482746,957.492,283012,104.693,23.1957,0.267264,81.2304,61.9211,23.1887,0.0718272,38.6606,166.615,0,0,0
800,4,0,310,1,1,1,4319.26,18634.4,1049.11,46.3844,0.482746,957.374,283014,66.1357,23.1957,0.267264,42.6727,90.7005,23.1887,0.0718272,67.44,156.836,0,0,0
800,4,0,311,1,1,1,4320,18656,1049.19,46.3844,0.482746,957.454,283013,106.273,23.1957,0.267264,82.8096,91.5686,23.1887,0.0718272,68.3081,197.841,0,0,0
800,4,0,312,1,1,1,4330.92,18649.5,1049.25,46.3844,0.482746,957.511,283012,86.9035,23.1957,0.267264,63.4405,111.284,23.1887,0.0718272,88.0237,198.188,0,0,0
800,4,0,313,1,1,1,4331.34,18672.1,1049.13,46.3844,0.482746,957.394,283014,97.1692,23.1957,0.267264,73.7062,104.626,23.1887,0.0718272,81.3658,201.795,0,0,0
800,4,0,314,1,1,1,4348.87,18687.9,1049.26,46.3844,0.6264,957.376,283011,105.336,23.1957,0.267264,81.8729,105.567,23.1887,0.0718272,82.3061,210.903,0,0,0
800,4,0,315,1,1,1,4323.4,18652.5,1049.13,46.3844,0.482746,957.392,283014,104.195,23.1957,0.267264,80.7323,105.727,23.1887,0.0718272,82.4667,209.923,0,0,0
800,4,0,316,1,1,1,4321.03,18651.3,1049.44,46.3844,0.678182,957.511,283008,107.695,23.1957,0.462701,84.0369,98.8708,23.1887,0.0718272,75.6103,206.566,0,0,0
800,4,0,317,1,1,1,4347.27,18677.2,1049.23,46.3844,0.482746,957.492,283012,68.0253,23.1957,0.267264,44.5623,104.155,23.1887,0.0718272,80.8947,172.181,0,0,0
800,4,0,318,1,1,1,4318.57,18640.5,1049.46,46.3844,0.678182,957.531,283008,90.1364,23.1957,0.462701,66.478,105.049,23.1887,0.0718272,81.7881,195.185,0,0,0
800,4,0,319,1,1,1,4318.54,18638.1,1049.27,46.3844,0.482746,957.531,283012,107.507,23.1957,0.267264,84.0441,61.8201,23.1887,0.0718272,38.5596,169.327,0,0,0
800,4,0,320,1,1,1,4329.74,18668.5,1049.15,46.3844,0.517824,957.374,283013,91.0535,23.1957,0.302342,67.5555,105.982,23.1887,0.0718272,82.7212,197.035,0,0,0
800,4,0,321,1,1,1,4337.1,18664.5,1049.23,46.3844,0.482746,957.492,283012,106.578,23.1957,0.267264,83.1146,98.6001,23.1887,0.0718272,75.3396,205.178,0,0,0
800,4,0,322,1,1,1,4329.49,18661.3,1049.28,46.3844,0.552902,957.472,283011,65.2098,23.1957,0.267264,41.7468,104.929,23.1887,0.141984,81.5986,170.139,0,0,0
800,4,0,323,1,0,0,-1,-1,1026.68,23.1957,0.462701,957.455,283014,-1,-1,-1,-1,-1,-1,-1,-1,-1,0,0,0
800,4,0,324,1,1,1,4314.38,18628.5,1049.29,46.3844,0.482746,957.551,283011,61.9251,23.1957,0.267264,38.4621,89.9208,23.1887,0.0718272,66.6603,151.846,0,0,0
800,4,0,325,1,1,1,4343,18668.8,1049.23,46.3844,0.482746,957.493,283012,108.195,23.1957,0.267264,84.7318,99.0224,23.1887,0.0718272,75.7619,207.217,0,0,0
800,4,0,326,1,1,1,4318.22,18634,1049.29,46.3844,0.482746,957.551,283011,106.356,23.1957,0.267264,82.8927,99.3888,23.1887,0.0718272,76.1283,205.744,0,0,0
800,4,0,327,1,1,1,4349.48,18674.3,1049.16,46.3844,0.6264,957.277,283013,60.3711,23.1957,0.267264,36.9082,100.376,23.1887,0.0718272,77.1155,160.747,0,0,0
800,4,0,328,1,1,1,4317.9,18637.1,1049.21,46.3844,0.482746,957.473,283013,90.5402,23.1957,0.267264,67.0772,105.215,23.1887,0.0718272,81.9542,195.755,0,0,0
800,4,0,329,1,1,1,4324.01,18647.5,1049.31,46.3844,0.482746,957.571,283011,107.157,23.1957,0.267264,83.694,99.1,23.1887,0.0718272,75.8395,206.257,0,0,0
800,4,0,330,1,1,1,4316.62,24661.5,1054.89,52.1883,0.571277,957.434,283011,229.149,28.9996,0.355795,199.56,106.713,23.1887,0.0718272,83.4521,335.862,0,0,0
800,4,0,331,1,1,1,4317.38,18633.2,1049.27,46.3844,0.482746,957.531,283012,106.967,23.1957,0.267264,83.5045,63.0545,23.1887,0.0718272,39.794,170.022,0,0,0
800,4,0,332,1,1,1,4321.13,24689,1055.16,52.1883,1.3881,956.896,283004,231.119,28.9996,1.17262,200.715,103.951,23.1887,0.0718272,80.6908,335.071,0,0,0
800,4,0,333,1,1,1,4343.32,18657.8,1049.17,46.3844,0.482746,957.432,283013,108.155,23.1957,0.267264,84.692,98.8185,23.1887,0.0718272,75.558,206.973,0,0,0
800,4,0,334,1,1,1,4315.98,18634.8,1049.21,46.3844,0.482746,957.472,283013,74.7464,23.1957,0.267264,51.2834,106.974,23.1887,0.0718272,83.7138,181.721,0,0,0
800,4,0,335,1,1,1,4326.6,18662.9,1049.26,46.3844,0.517824,957.492,283011,106.368,23.1957,0.267264,82.9053,107.177,23.1887,0.106906,83.8817,213.546,0,0,0
800,4,0,336,1,1,1,4326.74,18656.9,1049.11,46.3844,0.517824,957.34,283014,101.743,23.1957,0.302342,78.2453,103.527,23.1887,0.0718272,80.2667,205.271,0,0,0
800,4,0,337,1,1,1,4332.49,18696,1049.36,46.3844,0.678182,957.434,283009,91.7192,23.1957,0.462701,68.0608,108.245,23.1887,0.0718272,84.9844,199.964,0,0,0
800,4,0,338,1,1,1,4329.15,18645.2,1049.21,46.3844,0.482746,957.472,283013,107.099,23.1957,0.267264,83.6362,101.757,23.1887,0.0718272,78.4962,208.856,0,0,0
800,4,0,339,1,1,1,4315.85,18629.5,1049.15,46.3844,0.482746,957.414,283014,62.2698,23.1957,0.267264,38.8068,95.8568,23.1887,0.0718272,72.5963,158.127,0,0,0
800,4,0,340,1,1,1,4322.31,18643.9,1049.17,46.3844,0.482746,957.432,283013,65.5455,23.1957,0.267264,42.0825,106.325,23.1887,0.0718272,83.0641,171.87,0,0,0
800,4,0,341,1,1,1,4319.18,18639.7,1049.13,46.3844,0.482746,957.394,283014,107.89,23.1957,0.267264,84.4267,62.163,23.1887,0.0718272,38.9025,170.053,0,0,0
800,4,0,342,1,1,1,4325.92,18673.5,1049.23,46.3844,0.482746,957.492,283012,91.2675,23.1957,0.267264,67.8045,105.606,23.1887,0.0718272,82.3458,196.874,0,0,0
800,4,0,343,1,1,1,4329.67,18643.5,1049.19,46.3844,0.482746,957.452,283013,108.343,23.1957,0.267264,84.8797,103.244,23.1887,0.0718272,79.9833,211.587,0,0,0
800,4,0,344,1,1,1,4315.02,18632.7,1049.19,46.3844,0.482746,957.452,283013,104.078,23.1957,0.267264,80.615,62.9138,23.1887,0.0718272,39.6533,166.992,0,0,0
800,4,0,345,1,1,1,4324.7,18681,1049.25,46.3844,0.482746,957.511,283012,107.801,23.1957,0.267264,84.3383,63.235,23.1887,0.0718272,39.9745,171.036,0,0,0
800,4,0,346,1,1,1,4316.94,18639.6,1049.15,46.3844,0.482746,957.414,283014,103.452,23.1957,0.267264,79.9887,110.678,23.1887,0.0718272,87.4173,214.13,0,0,0
800,4,0,347,1,1,1,4316.3,18655.1,1049.21,46.3844,0.482746,957.472,283013,95.8968,23.1957,0.267264,72.4338,65.7672,23.1887,0.0718272,42.5066,161.664,0,0,0
800,4,0,348,1,1,1,4322.5,18635.1,1049.23,46.3844,0.482746,957.492,283012,99.3458,23.1957,0.267264,75.8828,66.5631,23.1887,0.0718272,43.3026,165.909,0,0,0
800,4,0,349,1,1,1,4321.48,18634.4,1049.23,46.3844,0.482746,957.492,283012,91.901,23.1957,0.267264,68.438,109.602,23.1887,0.0718272,86.3416,201.503,0,0,0
800,4,0,350,1,1,1,4316.94,18631.4,1049.29,46.3844,0.482746,957.551,283011,92.3793,23.1957,0.267264,68.9163,47.7715,23.1887,0.0718272,24.511,140.151,0,0,0
800,4,0,351,1,1,1,4315.66,18634,1049.13,46.3844,0.482746,957.394,283014,106.276,23.1957,0.267264,82.8132,61.1721,23.1887,0.0718272,37.9116,167.448,0,0,0
800,4,0,352,1,1,1,4319.16,18636.8,1049.21,46.3844,0.482746,957.472,283013,61.4233,23.1957,0.267264,37.9604,96.3603,23.1887,0.0718272,73.0998,157.784,0,0,0
800,4,0,353,1,1,1,4319.3,18635.1,1049.25,46.3844,0.482746,957.511,283012,66.2963,23.1957,0.267264,42.8333,106.067,23.1887,0.0718272,82.806,172.363,0,0,0
800,4,0,354,1,1,1,4321.36,18661.5,1049.27,46.3844,0.482746,957.531,283012,104.253,23.1957,0.267264,80.7901,106.148,23.1887,0.0718272,82.8872,210.401,0,0,0
800,4,0,355,1,1,1,4316.94,18641.9,1049.23,46.3844,0.482746,957.492,283012,93.1499,23.1957,0.267264,69.6869,109.001,23.1887,0.0718272,85.7406,202.151,0,0,0
800,4,0,356,1,1,1,4319.62,18638,1049.27,46.3844,0.482746,957.531,283012,61.8005,23.1957,0.267264,38.3376,100.945,23.1887,0.0718272,77.684,162.745,0,0,0
800,4,0,357,1,1,1,4332.09,18656.7,1049.3,46.3844,0.517824,957.531,283011,90.7008,23.1957,0.267264,67.2378,104.18,23.1887,0.106906,80.8839,194.88,0,0,0
800,4,0,358,1,1,1,4357.84,18672.6,1049.28,46.3844,0.552902,957.473,283011,66.7042,23.1957,0.267264,43.2412,109.755,23.1887,0.141984,86.4247,176.459,0,0,0
800,4,0,359,1,1,1,4343.4,18676.9,1049.23,46.3844,0.6264,957.354,283012,88.1993,23.1957,0.267264,64.7364,110.351,23.1887,0.0718272,87.0906,198.55,0,0,0
800,4,0,360,1,1,1,4326.54,18654.6,1049.35,46.3844,0.6264,957.472,283010,101.952,23.1957,0.267264,78.4889,77.1879,23.1887,0.0718272,53.9274,179.14,0,0,0
800,4,0,361,1,1,1,4326.62,18643,1049.11,46.3844,0.482746,957.374,283014,90.7008,23.1957,0.267264,67.2378,104.688,23.1887,0.0718272,81.4272,195.388,0,0,0
800,4,0,362,1,1,1,4333.39,18680,1049.28,46.3844,0.552902,957.472,283011,108.03,23.1957,0.337421,84.4971,99.7118,23.1887,0.0718272,76.4513,207.742,0,0,0
800,4,0,363,1,1,1,4351.44,18684.2,1049.31,46.3844,0.913709,957.143,283010,92.6319,23.1957,0.267264,69.169,108.541,23.1887,0.0718272,85.2804,201.173,0,0,0
800,4,0,364,1,1,1,4340.04,18672.8,1049.24,46.3844,0.713261,957.279,283011,107.055,23.1957,0.497779,83.3619,105.117,23.1887,0.0718272,81.8567,212.173,0,0,0
800,4,0,365,1,1,1,4316.65,18630.5,1049.17,46.3844,0.482746,957.432,283013,61.9612,23.1957,0.267264,38.4982,102.406,23.1887,0.0718272,79.1459,164.368,0,0,0
800,4,0,366,1,1,1,4323.43,18641.6,1049.25,46.3844,0.482746,957.511,283012,109.658,23.1957,0.267264,86.1954,108.052,23.1887,0.0718272,84.7913,217.71,0,0,0
800,4,0,367,1,1,1,4322.63,18669.9,1049.13,46.3844,0.482746,957.394,283014,104.955,23.1957,0.267264,81.4921,109.904,23.1887,0.0718272,86.643,214.859,0,0,0
800,4,0,368,1,1,1,4314.38,18635.7,1049.17,46.3844,0.482746,957.432,283013,107.861,23.1957,0.267264,84.3979,62.6972,23.1887,0.0718272,39.4367,170.558,0,0,0
800,4,0,369,1,1,1,4326.85,18644.7,1049.33,46.3844,0.6264,957.448,283010,105.293,23.1957,0.267264,81.8296,95.9218,23.1887,0.0718272,72.6612,201.214,0,0,0
800,4,0,370,1,1,1,4358.63,18675.7,1049.15,46.3844,0.482746,957.414,283014,92.9117,23.1957,0.267264,69.4487,111.093,23.1887,0.0718272,87.8324,204.005,0,0,0
800,4,0,371,1,1,1,4340.63,18673.3,1049.31,46.3844,0.482746,957.571,283011,104.527,23.1957,0.267264,81.0644,111.017,23.1887,0.0718272,87.7566,215.544,0,0,0
800,4,0,372,1,1,1,4324.52,18638.7,1049.27,46.3844,0.482746,957.531,283012,104.32,23.1957,0.267264,80.8568,62.7459,23.1887,0.0718272,39.4854,167.066,0,0,0
800,4,0,373,1,1,1,4325.95,18637.9,1049.29,46.3844,0.482746,957.551,283011,81.2617,23.1957,0.267264,57.7987,109.405,23.1887,0.0718272,86.1449,190.667,0,0,0
800,4,0,374,1,1,1,4340.92,18658,1049.13,46.3844,0.552902,957.32,283014,74.1147,23.1957,0.267264,50.6517,106.597,23.1887,0.141984,83.2663,180.712,0,0,0
800,4,0,375,1,1,1,4318.55,18639.7,1049.29,46.3844,0.482746,957.551,283011,60.6076,23.1957,0.267264,37.1446,100.441,23.1887,0.0718272,77.1805,161.049,0,0,0
800,4,0,376,1,0,0,-1,-1,1026.82,23.1957,0.267264,957.784,283012,-1,-1,-1,-1,-1,-1,-1,-1,-1,0,0,0
800,4,0,377,1,1,1,4326.47,18640,1049.13,46.3844,0.482746,957.394,283014,65.8577,23.1957,0.267264,42.3948,107.406,23.1887,0.0718272,84.1452,173.263,0,0,0
800,4,0,378,1,1,1,4331.29,18646.4,1049.35,46.3844,0.6264,957.472,283010,65.9841,23.1957,0.267264,42.5211,104.946,23.1887,0.0718272,81.6852,170.93,0,0,0
800,4,0,379,1,1,1,4313.74,18637.2,1049.23,46.3844,0.482746,957.492,283012,99.7248,23.1957,0.267264,76.2618,66.101,23.1887,0.0718272,42.8405,165.826,0,0,0
800,4,0,380,1,1,1,4321.61,18660.1,1049.22,46.3844,0.519494,957.452,283012,65.8487,23.1957,0.267264,42.3857,105.383,23.1887,0.108576,82.0859,171.232,0,0,0
800,4,0,381,1,1,1,4329.11,18669.8,1049.13,46.3844,0.482746,957.394,283014,91.0545,23.1957,0.267264,67.5916,47.1795,23.1887,0.0718272,23.919,138.234,0,0,0
800,4,0,382,1,1,1,4342.69,18676.3,1049.24,46.3844,0.552902,957.436,283011,63.2018,23.1957,0.302342,39.7038,92.7659,23.1887,0.106906,69.4704,155.968,0,0,0
800,4,0,383,1,1,1,4321.35,18658.7,1049.11,46.3844,0.482746,957.374,283014,104.61,23.1957,0.267264,81.1474,106.153,23.1887,0.0718272,82.8927,210.764,0,0,0
800,4,0,384,1,1,1,4328.52,18661.3,1049.29,46.3844,0.482746,957.551,283011,93.094,23.1957,0.267264,69.631,108.965,23.1887,0.0718272,85.7045,202.059,0,0,0
800,4,0,385,1,0,0,-1,-1,1026.76,23.1957,0.267264,957.724,283013,-1,-1,-1,-1,-1,-1,-1,-1,-1,0,0,0
800,4,0,386,1,1,1,4316.62,18634,1049.21,46.3844,0.482746,957.473,283013,76.7515,23.1957,0.267264,53.2885,39.0272,23.1887,0.0718272,15.7667,115.779,0,0,0
800,4,0,387,1,1,1,4318.02,18639.7,1049.14,46.3952,0.50112,957.372,283014,66.4374,23.2065,0.285638,42.9452,105.092,23.1887,0.0718272,81.8314,171.529,0,0,0
800,4,0,388,1,1,1,4318.22,18634.2,1049.29,46.3844,0.482746,957.551,283011,107.478,23.1957,0.267264,84.0152,97.0209,23.1887,0.0718272,73.7604,204.499,0,0,0
800,4,0,389,1,1,1,4348.52,18661.4,1049.2,46.3844,0.552902,957.396,283012,66.354,23.1957,0.267264,42.8911,109.227,23.1887,0.141984,85.8958,175.581,0,0,0
800,4,0,390,1,0,0,-1,-1,1026.47,23.1957,0.302342,957.396,283018,-1,-1,-1,-1,-1,-1,-1,-1,-1,0,0,0
800,4,0,391,1,1,1,4315.02,18630.5,1049.13,46.3844,0.482746,957.394,283014,106.206,23.1957,0.267264,82.7429,95.9777,23.1887,0.0718272,72.7172,202.184,0,0,0
800,4,0,392,1,1,1,4317.58,18654.2,1049.29,46.3844,0.482746,957.551,283011,61.7428,23.1957,0.267264,38.2798,101.255,23.1887,0.0718272,77.9944,162.998,0,0,0
800,4,0,393,1,1,1,4316.87,18631.4,1049.29,46.3844,0.482746,957.551,283011,94.1859,23.1957,0.267264,70.7229,103.17,23.1887,0.0718272,79.9093,197.356,0,0,0
800,4,0,394,1,1,1,4323.77,18670,1049.24,46.3844,0.713261,957.271,283011,103.964,23.1957,0.497779,80.2703,95.2107,23.1887,0.0718272,71.9502,199.174,0,0,0
800,4,0,395,1,1,1,4328.88,18656.3,1049.32,46.3844,0.552902,957.511,283010,105.517,23.1957,0.302342,82.0191,97.3826,23.1887,0.106906,74.087,202.9,0,0,0
800,4,0,396,1,1,1,4331.43,18649.6,1049.29,46.3844,0.678182,957.354,283011,108.071,23.1957,0.462701,84.4123,61.9211,23.1887,0.0718272,38.6606,169.992,0,0,0
800,4,0,397,1,1,1,4318.86,18638.7,1049.13,46.3844,0.482746,957.392,283014,107.217,23.1957,0.267264,83.7535,61.645,23.1887,0.0718272,38.3845,168.862,0,0,0
800,4,0,398,1,1,1,4314.38,24641.2,1054.84,52.1883,0.731635,957.223,283012,150.044,28.9996,0.516154,120.068,25.2313,23.1887,0.0718272,1.97084,175.276,0,0,0
800,4,0,399,1,1,1,4316.94,18632.4,1049.17,46.3844,0.482746,957.432,283013,107.424,23.1957,0.267264,83.9611,102.975,23.1887,0.0718272,79.7144,210.399,0,0,0
800,4,0,400,1,1,1,4322.43,18638.3,1049.27,46.3844,0.482746,957.531,283012,98.5968,23.1957,0.267264,75.1338,70.0824,23.1887,0.0718272,46.8219,168.679,0,0,0
800,4,0,401,1,1,1,4321.03,18650.1,1049.18,46.3844,0.517824,957.414,283013,81.9295,23.1957,0.267264,58.4665,41.3165,23.1887,0.106906,18.0209,123.246,0,0,0
800,4,0,402,1,1,1,4315.66,18631.7,1049.13,46.3844,0.482746,957.392,283014,106.027,23.1957,0.267264,82.5642,98.4539,23.1887,0.0718272,75.1934,204.481,0,0,0
800,4,0,403,1,1,1,4315.02,18629.2,1049.13,46.3844,0.482746,957.394,283014,102.975,23.1957,0.267264,79.5123,100.096,23.1887,0.0718272,76.8358,203.071,0,0,0
800,4,0,404,1,1,1,4329.61,18656.2,1048.99,46.3844,0.517824,957.219,283016,107.281,23.1957,0.267264,83.8185,99.9779,23.1887,0.106906,76.6823,207.259,0,0,0
800,4,0,405,1,1,1,4326.86,18656.6,1049.21,46.3844,0.482746,957.473,283013,65.0943,23.1957,0.267264,41.6313,104.783,23.1887,0.0718272,81.5228,169.878,0,0,0
800,4,0,406,1,1,1,4317.9,18632.4,1049.15,46.3844,0.482746,957.412,283014,66.3847,23.1957,0.267264,42.9218,90.7185,23.1887,0.0718272,67.458,157.103,0,0,0
800,4,0,407,1,1,1,4319.3,18641.7,1049.21,46.3844,0.482746,957.473,283013,59.8423,23.1957,0.267264,36.3794,95.8929,23.1887,0.0718272,72.6324,155.735,0,0,0
800,4,0,408,1,1,1,4324.45,18658.9,1049.3,46.3844,0.517824,957.531,283011,107.163,23.1957,0.302342,83.6651,56.9471,23.1887,0.0718272,33.6866,164.11,0,0,0
800,4,0,409,1,1,1,4319.96,18640.8,1049.27,46.3844,0.482746,957.531,283012,65.4552,23.1957,0.267264,41.9923,90.5236,23.1887,0.0718272,67.2631,155.979,0,0,0
800,4,0,410,1,1,1,4320.5,18672.6,1049.28,46.3844,0.713261,957.316,283011,104.171,23.1957,0.497779,80.4778,62.2713,23.1887,0.0718272,39.0108,166.443,0,0,0
800,4,0,411,1,1,1,4316.3,18665.9,1049.33,46.3844,0.678182,957.396,283010,107.461,23.1957,0.462701,83.8023,61.0494,23.1887,0.0718272,37.7889,168.51,0,0,0
800,4,0,412,1,1,1,4322.89,18642.6,1049.17,46.3844,0.482746,957.434,283013,66.1411,23.1957,0.267264,42.6781,105.664,23.1887,0.0718272,82.4036,171.805,0,0,0
800,4,0,413,1,1,1,4319.57,18647.7,1049.15,46.3844,0.482746,957.414,283014,107.859,23.1957,0.267264,84.3961,99.5675,23.1887,0.0718272,76.3069,207.426,0,0,0
800,4,0,414,1,1,1,4317.9,18643.1,1049.13,46.3844,0.482746,957.394,283014,105.728,23.1957,0.267264,82.2646,106.902,23.1887,0.0718272,83.6417,212.63,0,0,0
800,4,0,415,1,1,1,4319.79,18651.1,1049.25,46.3844,0.482746,957.511,283012,108.411,23.1957,0.267264,84.9483,62.7495,23.1887,0.0718272,39.489,171.161,0,0,0
800,4,0,416,1,1,1,4318.22,18634.3,1049.29,46.3844,0.482746,957.551,283011,66.9929,23.1957,0.267264,43.53,106.065,23.1887,0.0718272,82.8042,173.058,0,0,0
800,4,0,417,1,1,1,4320.42,18632.7,1049.29,46.3844,0.482746,957.551,283011,95.5539,23.1957,0.267264,72.0909,102.392,23.1887,0.0718272,79.1315,197.946,0,0,0
800,4,0,418,1,1,1,4335.11,18649.6,1049.29,46.3844,0.482746,957.551,283011,66.1411,23.1957,0.267264,42.6781,108.328,23.1887,0.0718272,85.0674,174.469,0,0,0
800,4,0,419,1,1,1,4331.9,18654.5,1049.15,46.3844,0.482746,957.414,283014,107.583,23.1957,0.267264,84.1199,98.4503,23.1887,0.0718272,75.1898,206.033,0,0,0
800,4,0,420,1,1,1,4322.22,18638.5,1049.25,46.3844,0.482746,957.511,283012,108.487,23.1957,0.267264,85.0241,97.6868,23.1887,0.0718272,74.4263,206.174,0,0,0
800,4,0,421,1,1,1,4352.23,18682.9,1049.28,46.3844,0.552902,957.475,283011,87.9817,23.1957,0.302342,64.4837,111.29,23.1887,0.106906,87.9948,199.272,0,0,0
800,4,0,422,1,1,1,4326.11,18658.7,1049.31,46.3844,0.482746,957.571,283011,104.129,23.1957,0.267264,80.6655,95.0934,23.1887,0.0718272,71.8328,199.222,0,0,0
800,4,0,423,1,1,1,4315.66,18635.5,1049.29,46.3844,0.482746,957.551,283011,67.1048,23.1957,0.267264,43.6419,107.164,23.1887,0.0718272,83.9033,174.269,0,0,0
800,4,0,424,1,1,1,4321.24,24692.3,1054.79,52.1883,0.766714,957.143,283012,200.014,28.9996,0.551232,170.14,38.0905,23.1887,0.0718272,14.83,238.104,0,0,0
800,4,0,425,1,1,1,4343.86,18677.1,1049.19,46.3844,0.482746,957.452,283013,109.491,23.1957,0.267264,86.0276,64.6861,23.1887,0.0718272,41.4256,174.177,0,0,0
800,4,0,426,1,1,1,4330.65,18688.9,1049.25,46.3844,0.482746,957.511,283012,107.224,23.1957,0.267264,83.7608,97.084,23.1887,0.0718272,73.8235,204.308,0,0,0
800,4,0,427,1,1,1,4337.57,18674.9,1049.4,46.3844,0.748339,957.398,283008,85.9472,23.1957,0.532858,62.2187,112.36,23.1887,0.0718272,89.0994,198.307,0,0,0
800,4,0,428,1,1,1,4322.11,18658.7,1049.11,46.3844,0.482746,957.374,283014,67.778,23.1957,0.267264,44.3151,104.081,23.1887,0.0718272,80.8207,171.859,0,0,0
800,4,0,429,1,1,1,4321.48,18675.9,1049.24,46.3844,0.517824,957.473,283012,95.1612,23.1957,0.302342,71.6632,49.5402,23.1887,0.0718272,26.2797,144.701,0,0,0
800,4,0,430,1,1,1,4323.46,18646.8,1049.21,46.3844,0.482746,957.473,283013,110.433,23.1957,0.267264,86.9697,61.6775,23.1887,0.0718272,38.417,172.11,0,0,0
800,4,0,431,1,1,1,4329.03,18642.6,1049.29,46.3844,0.482746,957.551,283011,89.9897,23.1957,0.267264,66.5267,104.265,23.1887,0.0718272,81.0048,194.255,0,0,0
800,4,0,432,1,1,1,4335.04,18659.8,1049.42,46.3844,0.770054,957.394,283008,100.492,23.1957,0.267264,77.0289,102.329,23.1887,0.0718272,79.0683,202.821,0,0,0
800,4,0,433,1,1,1,4316.85,18643.7,1049.13,46.3844,0.482746,957.392,283014,109.505,23.1957,0.267264,86.042,61.1667,23.1887,0.0718272,37.9062,170.672,0,0,0
800,4,0,434,1,1,1,4329.41,18664.7,1049.27,46.3844,0.482746,957.531,283012,99.0029,23.1957,0.267264,75.5399,70.0265,23.1887,0.0718272,46.766,169.029,0,0,0
800,4,0,435,1,1,1,4316.94,24649.2,1054.88,52.1883,0.696557,957.3,283011,169.334,28.9996,0.481075,139.448,30.0285,23.1887,0.0718272,6.768,199.363,0,0,0
800,4,0,436,1,1,1,4335.26,18671.9,1049.28,46.3844,0.552902,957.475,283011,113.321,23.1957,0.302342,89.8231,106.865,23.1887,0.106906,83.5695,220.186,0,0,0
800,4,0,437,1,1,1,4318.16,18632.3,1049.3,46.3844,0.517824,957.531,283011,74.3349,23.1957,0.267264,50.8719,108.412,23.1887,0.106906,85.1162,182.747,0,0,0
800,4,0,438,1,1,1,4317.58,18633.3,1049.17,46.3844,0.482746,957.434,283013,60.7213,23.1957,0.267264,37.2583,99.9374,23.1887,0.0718272,76.6769,160.659,0,0,0
800,4,0,439,1,1,1,4315.98,18634,1049.23,46.3844,0.482746,957.492,283012,99.4956,23.1957,0.267264,76.0326,103.349,23.1887,0.0718272,80.088,202.844,0,0,0
800,4,0,440,1,1,1,4337.95,18667.7,1049.32,46.3844,0.748339,957.316,283010,63.3576,23.1957,0.497779,39.6641,92.5331,23.1887,0.106906,69.2375,155.891,0,0,0
800,4,0,441,1,1,1,4315.66,18641.2,1049.17,46.3844,0.517824,957.396,283013,106.627,23.1957,0.302342,83.1291,60.9971,23.1887,0.0718272,37.7366,167.624,0,0,0
800,4,0,442,1,1,1,4344.1,18659.2,1049.2,46.3844,0.6264,957.32,283012,65.1611,23.1957,0.267264,41.6981,106.594,23.1887,0.0718272,83.333,171.755,0,0,0
800,4,0,443,1,1,1,4322.79,18654.5,1049.25,46.3844,0.482746,957.511,283012,99.3801,23.1957,0.267264,75.9171,72.0154,23.1887,0.0718272,48.7549,171.395,0,0,0
800,4,0,444,1,1,1,4337.06,18652.8,1049.29,46.3844,0.6264,957.412,283011,99.1509,23.1957,0.267264,75.6879,65.103,23.1887,0.0718272,41.8425,164.254,0,0,0
800,4,0,445,1,1,1,4324.09,18639.5,1049.17,46.3844,0.50112,957.412,283013,109.346,23.1957,0.267264,85.8832,108.671,23.1887,0.0902016,85.3923,218.017,0,0,0
800,4,0,446,1,1,1,4315.66,18632,1049.31,46.3844,0.482746,957.571,283011,76.4086,23.1957,0.267264,52.9456,106.696,23.1887,0.0718272,83.4359,183.105,0,0,0
800,4,0,447,1,1,1,4326.09,18686.4,1049.46,46.3844,0.678182,957.531,283008,110.139,23.1957,0.462701,86.4806,100.363,23.1887,0.0718272,77.1029,210.502,0,0,0
800,4,0,448,1,1,1,4320.01,18674.7,1049.03,46.3844,0.517824,957.257,283016,105.864,23.1957,0.302342,82.3657,63.7061,23.1887,0.0718272,40.4456,169.57,0,0,0
800,4,0,449,1,1,1,4319.94,18631.6,1049.29,46.3844,0.482746,957.551,283011,107.839,23.1957,0.267264,84.3762,103.944,23.1887,0.0718272,80.6836,211.783,0,0,0
800,4,0,450,1,1,1,4316.3,18627.9,1049.19,46.3844,0.482746,957.452,283013,107.736,23.1957,0.267264,84.2733,101.035,23.1887,0.0718272,77.7742,208.771,0,0,0
800,4,0,451,1,1,1,4317.26,18663.3,1049.25,46.3844,0.482746,957.511,283012,82.516,23.1957,0.267264,59.0531,42.1243,23.1887,0.0718272,18.8638,124.64,0,0,0
800,4,0,452,1,1,1,4326.15,18639.7,1049.23,46.3844,0.482746,957.492,283012,64.5637,23.1957,0.267264,41.1007,107.05,23.1887,0.0718272,83.7896,171.614,0,0,0
800,4,0,453,1,1,1,4316.62,18630.5,1049.13,46.3844,0.482746,957.394,283014,107.744,23.1957,0.267264,84.2806,61.9951,23.1887,0.0718272,38.7346,169.739,0,0,0
800,4,0,454,1,1,1,4328.53,24641.1,1054.86,52.1883,0.696557,957.28,283011,218.967,28.9996,0.481075,189.228,69.6782,23.1887,0.0718272,46.4177,288.645,0,0,0
800,4,0,455,1,1,1,4319.18,18661.8,1049.28,46.3844,0.517824,957.511,283011,97.7241,23.1957,0.302342,74.226,65.5885,23.1887,0.0718272,42.328,163.313,0,0,0
800,4,0,456,1,1,1,4318.22,18638.1,1049.25,46.3844,0.482746,957.511,283012,107.029,23.1957,0.267264,83.5658,58.0589,23.1887,0.0718272,34.7983,165.088,0,0,0
800,4,0,457,1,1,1,4314.7,18651.6,1049.29,46.3844,0.482746,957.551,283011,99.2285,23.1957,0.267264,75.7655,66.1552,23.1887,0.0718272,42.8947,165.384,0,0,0
800,4,0,458,1,1,1,4317.26,18630.6,1049.15,46.3844,0.482746,957.412,283014,61.0588,23.1957,0.267264,37.5958,89.336,23.1887,0.0718272,66.0755,150.395,0,0,0
800,4,0,459,1,1,1,4317.9,18634.1,1049.23,46.3844,0.482746,957.492,283012,107.947,23.1957,0.267264,84.4845,62.8073,23.1887,0.0718272,39.5468,170.755,0,0,0
800,4,0,460,1,1,1,4318.54,18639.5,1049.15,46.3844,0.482746,957.414,283014,97.2919,23.1957,0.267264,73.829,51.1248,23.1887,0.0718272,27.8643,148.417,0,0,0
800,4,0,461,1,1,1,4314.06,18638.8,1049.17,46.3844,0.482746,957.434,283013,110.209,23.1957,0.267264,86.7459,98.8167,23.1887,0.0718272,75.5561,209.026,0,0,0
800,4,0,462,1,1,2,10318.6,24684,1071.69,69.5741,0.980525,956.966,283011,104.7,23.1957,0.728294,80.7756,200.177,46.3784,0.108576,153.69,304.876,1,0,0
800,4,0,463,1,1,1,4320.97,18637.8,1049.23,46.3844,0.482746,957.492,283012,104.486,23.1957,0.267264,81.0229,106.994,23.1887,0.0718272,83.7337,211.48,0,0,0
800,4,0,464,1,1,1,4315.66,18640.3,1049.46,46.3844,0.678182,957.531,283008,97.6353,23.1957,0.462701,73.9769,66.3303,23.1887,0.0718272,43.0697,163.966,0,0,0
800,4,0,465,1,1,1,4317.9,18643.5,1049.23,46.3844,0.482746,957.492,283012,107.59,23.1957,0.267264,84.1271,60.1705,23.1887,0.0718272,36.91,167.761,0,0,0
800,4,0,466,1,1,1,4319.5,18636.5,1049.11,46.3844,0.482746,957.374,283014,106.339,23.1957,0.267264,82.8764,60.4105,23.1887,0.0718272,37.15,166.75,0,0,0
800,4,0,467,1,1,1,4323.37,18636.3,1049.27,46.3844,0.482746,957.531,283012,101.571,23.1957,0.267264,78.1081,76.7963,23.1887,0.0718272,53.5358,178.367,0,0,0
800,4,0,468,1,1,1,4338.18,18663.6,1049.27,46.3844,0.482746,957.531,283012,58.6096,23.1957,0.267264,35.1467,97.2014,23.1887,0.0718272,73.9409,155.811,0,0,0
800,4,0,469,1,1,1,4315.41,18634,1049.27,46.3844,0.482746,957.531,283012,101.178,23.1957,0.267264,77.7147,102.854,23.1887,0.0718272,79.5935,204.032,0,0,0
800,4,0,470,1,1,1,4321.35,18637.8,1049.19,46.3844,0.482746,957.454,283013,64.8127,23.1957,0.267264,41.3498,107.637,23.1887,0.0718272,84.3762,172.449,0,0,0
800,4,0,471,1,1,1,4335.88,18680.6,1049.19,46.3844,0.482746,957.454,283013,98.8675,23.1957,0.267264,75.4045,66.9818,23.1887,0.0718272,43.7213,165.849,0,0,0
800,4,0,472,1,1,1,4316.62,18657.3,1049.13,46.3844,0.482746,957.392,283014,111.64,23.1957,0.267264,88.1771,61.9139,23.1887,0.0718272,38.6534,173.554,0,0,0
800,4,0,473,1,1,1,4317.58,18648.5,1049.27,46.3844,0.482746,957.531,283012,109.097,23.1957,0.267264,85.6342,63.2224,23.1887,0.0718272,39.9619,172.32,0,0,0
800,4,0,474,1,1,1,4321.38,18665.1,1049.11,46.3844,0.517824,957.336,283014,109.892,23.1957,0.302342,86.394,107.978,23.1887,0.0718272,84.7173,217.87,0,0,0
800,4,0,475,1,1,1,4317.83,18631.4,1049.13,46.3844,0.482746,957.392,283014,106.482,23.1957,0.267264,83.019,105.364,23.1887,0.0718272,82.104,211.846,0,0,0
800,4,0,476,1,1,1,4335.16,18662.2,1049.27,46.3844,0.482746,957.531,283012,108.897,23.1957,0.267264,85.4338,107.884,23.1887,0.0718272,84.6235,216.781,0,0,0
800,4,0,477,1,1,1,4334.94,18655.3,1049.25,46.3844,0.482746,957.511,283012,97.4724,23.1957,0.267264,74.0094,104.319,23.1887,0.0718272,81.059,201.792,0,0,0
800,4,0,478,1,1,1,4318.25,18636.4,1049.27,46.3844,0.482746,957.531,283012,89.7858,23.1957,0.267264,66.3228,104.792,23.1887,0.0718272,81.5318,194.578,0,0,0
800,4,0,479,1,1,1,4317.58,18638.8,1049.15,46.3844,0.482746,957.412,283014,103.493,23.1957,0.267264,80.0302,99.8598,23.1887,0.0718272,76.5993,203.353,0,0,0
800,4,0,480,1,1,1,4328.74,18673.6,1049.42,46.3844,0.696557,957.473,283008,104.485,23.1957,0.462701,80.8262,63.0874,23.1887,0.0902016,39.8085,167.572,0,0,0
800,4,0,481,1,1,1,4316.62,24632.7,1054.9,52.1883,0.927072,957.087,283010,151.002,28.9996,0.71159,120.835,25.9406,23.1887,0.0718272,2.68013,176.943,0,0,0
800,4,0,482,1,1,1,4335.05,18712.2,1049.23,46.3844,0.482746,957.492,283012,89.053,23.1957,0.267264,65.59,109.815,23.1887,0.0718272,86.5546,198.868,0,0,0
800,4,0,483,1,0,0,-1,-1,1026.88,23.1957,0.658138,957.457,283010,-1,-1,-1,-1,-1,-1,-1,-1,-1,0,0,0
800,4,0,484,1,1,1,4325.73,18649.9,1049.23,46.3844,0.482746,957.492,283012,108.608,23.1957,0.267264,85.145,99.6054,23.1887,0.0718272,76.3448,208.213,0,0,0
800,4,0,485,1,1,1,4327.71,18678.9,1049.14,46.3844,0.6264,957.257,283013,105.845,23.1957,0.267264,82.3819,105.274,23.1887,0.0718272,82.0137,211.119,0,0,0
800,4,0,486,1,1,1,4317.58,18630.8,1049.13,46.3844,0.482746,957.394,283014,61.8835,23.1957,0.267264,38.4206,95.7323,23.1887,0.0718272,72.4717,157.616,0,0,0
800,4,0,487,1,1,1,4345.78,18713.3,1049.32,46.3844,0.713261,957.354,283010,107.787,23.1957,0.462701,84.1289,97.5054,23.1887,0.106906,74.2098,205.293,0,0,0
800,4,0,488,1,1,1,4328.84,18658,1049.19,46.3844,0.482746,957.452,283013,109.615,23.1957,0.267264,86.1521,108.555,23.1887,0.0718272,85.2948,218.17,0,0,0
800,4,0,489,1,0,0,-1,-1,1026.64,23.1957,0.337421,957.535,283015,-1,-1,-1,-1,-1,-1,-1,-1,-1,0,0,0
800,4,0,490,1,1,1,4323.19,18639.6,1049.17,46.3844,0.482746,957.432,283013,85.6744,23.1957,0.267264,62.2115,111.773,23.1887,0.0718272,88.5128,197.448,0,0,0
800,4,0,491,1,1,1,4317.93,18635.2,1049.25,46.3844,0.482746,957.511,283012,108.604,23.1957,0.267264,85.1414,107.142,23.1887,0.0718272,83.8817,215.747,0,0,0
800,4,0,492,1,1,1,4336.55,18672.7,1049.14,46.3844,0.536198,957.354,283013,98.3648,23.1957,0.302342,74.8667,69.1587,23.1887,0.0902016,45.8798,167.523,0,0,0
800,4,0,493,1,1,1,4327.73,18681.9,1049.22,46.3844,0.517824,957.454,283012,107.753,23.1957,0.302342,84.2553,104.296,23.1887,0.0718272,81.0355,212.049,0,0,0
800,4,0,494,1,1,1,4330.37,18648.5,1049.13,46.3844,0.482746,957.394,283014,60.6057,23.1957,0.267264,37.1428,100.829,23.1887,0.0718272,77.5685,161.435,0,0,0
800,4,0,495,1,1,1,4313.42,18649.8,1049.27,46.3844,0.482746,957.531,283012,104.988,23.1957,0.267264,81.5246,106.462,23.1887,0.0718272,83.2013,211.449,0,0,0
800,4,0,496,1,1,1,4320.3,18639,1049.19,46.3844,0.482746,957.454,283013,88.2715,23.1957,0.267264,64.8086,110.071,23.1887,0.0718272,86.8109,198.343,0,0,0
800,4,0,497,1,1,1,4317.58,18632.4,1049.25,46.3844,0.482746,957.511,283012,66.1411,23.1957,0.267264,42.6781,110.006,23.1887,0.0718272,86.7459,176.147,0,0,0
800,4,0,498,1,1,1,4340.1,24721.5,1054.69,52.1883,0.83687,956.972,283014,199.862,28.9996,0.58631,169.951,38.0444,23.1887,0.106906,14.7488,237.906,0,0,0
800,4,0,499,1,1,1,4323.02,18651.5,1049.29,46.3844,0.482746,957.551,283011,104.977,23.1957,0.267264,81.5138,107.346,23.1887,0.0718272,84.0856,212.323,0,0,0
800,4,0,500,0,0,0,-1,-1,1026.63,23.206,0.516154,957.338,283014,-1,-1,-1,-1,-1,-1,-1,-1,-1,0,0,0
800,4,0,501,1,1,1,4316.62,18629.5,1049.21,46.3844,0.482746,957.473,283013,89.6522,23.1957,0.267264,66.1892,46.2392,23.1887,0.0718272,22.9787,135.891,0,0,0
800,4,0,502,1,1,1,4326.73,18649.7,1049.29,46.3844,0.482746,957.551,283011,82.6207,23.1957,0.267264,59.1577,41.8878,23.1887,0.0718272,18.6273,124.509,0,0,0
800,4,0,503,1,1,1,4317.58,18635.4,1049.11,46.3844,0.482746,957.374,283014,105.931,23.1957,0.267264,82.4685,60.7606,23.1887,0.0718272,37.5001,166.692,0,0,0
800,4,0,504,1,1,1,4326.04,18643.5,1049.29,46.3844,0.482746,957.551,283011,103.289,23.1957,0.267264,79.8263,84.0029,23.1887,0.0718272,60.7423,187.292,0,0,0
800,4,0,505,1,1,1,4324.97,18651.4,1049.25,46.3844,0.482746,957.511,283012,60.6491,23.1957,0.267264,37.1861,89.1068,23.1887,0.0718272,65.8463,149.756,0,0,0
800,4,0,506,1,1,1,4326,18669.4,1049.38,46.3844,0.678182,957.452,283009,110.159,23.1957,0.462701,86.5005,107.687,23.1887,0.0718272,84.4267,217.846,0,0,0
800,4,0,507,1,1,1,4320.82,18672.1,1049.13,46.3844,0.482746,957.392,283014,91.6483,23.1957,0.267264,68.1853,105.576,23.1887,0.0718272,82.3151,197.224,0,0,0
800,4,0,508,1,1,1,4320.97,18637.6,1049.15,46.3844,0.482746,957.412,283014,80.565,23.1957,0.267264,57.1021,107.471,23.1887,0.0718272,84.2102,188.036,0,0,0
800,4,0,509,1,1,1,4317.9,18641.1,1049.15,46.3844,0.482746,957.412,283014,91.4624,23.1957,0.267264,67.9994,104.092,23.1887,0.0718272,80.8316,195.554,0,0,0
800,4,0,510,1,1,1,4314.06,18626.3,1049.17,46.3844,0.482746,957.434,283013,63.9392,23.1957,0.267264,40.4762,91.666,23.1887,0.0718272,68.4055,155.605,0,0,0
800,4,0,511,1,1,1,4355.15,18668,1049.29,46.3844,0.482746,957.551,283011,59.9668,23.1957,0.267264,36.5039,91.2221,23.1887,0.0718272,67.9615,151.189,0,0,0
800,4,0,512,1,1,1,4340.68,18659.6,1049.22,46.3844,0.517824,957.454,283012,60.9793,23.1957,0.267264,37.5164,89.8386,23.1887,0.106906,66.543,150.818,0,0,0
800,4,0,513,1,1,1,4318.54,18637.5,1049.25,46.3844,0.482746,957.511,283012,109.808,23.1957,0.267264,86.3452,108.913,23.1887,0.0718272,85.6522,218.721,0,0,0
800,4,0,514,1,1,1,4319.3,18637,1049.17,46.3844,0.482746,957.434,283013,91.8829,23.1957,0.267264,68.42,106.543,23.1887,0.0718272,83.2825,198.426,0,0,0
800,4,0,515,1,1,1,4315.98,18636.6,1049.11,46.3844,0.482746,957.374,283014,105.204,23.1957,0.267264,81.7412,62.0565,23.1887,0.0718272,38.796,167.261,0,0,0
800,4,0,516,1,1,1,4336.67,18681.7,1049.12,46.3844,0.536198,957.335,283014,110.258,23.1957,0.302342,86.7603,107.668,23.1887,0.0902016,84.3888,217.926,0,0,0
800,4,0,517,1,1,1,4318.22,18650.4,1049.17,46.3844,0.482746,957.434,283013,102.885,23.1957,0.267264,79.422,98.4647,23.1887,0.0718272,75.2042,201.35,0,0,0
800,4,0,518,1,1,1,4354.57,18686.6,1049.14,46.3844,0.6264,957.259,283013,104.134,23.1957,0.267264,80.671,112.093,23.1887,0.0718272,88.8323,216.227,0,0,0
800,4,0,519,1,1,1,4323.86,18645.5,1049.17,46.3844,0.482746,957.432,283013,90.5672,23.1957,0.267264,67.1043,106.162,23.1887,0.0718272,82.9017,196.729,0,0,0
800,4,0,520,1,1,1,4319.82,18644,1049.19,46.3844,0.482746,957.454,283013,66.5851,23.1957,0.267264,43.1221,110.075,23.1887,0.0718272,86.8145,176.66,0,0,0
800,4,0,521,1,1,1,4316.62,18642,1049.11,46.3844,0.482746,957.374,283014,97.7106,23.1957,0.267264,74.2477,68.1134,23.1887,0.0718272,44.8529,165.824,0,0,0
800,4,0,522,1,1,1,4324.84,18649.2,1049.19,46.3844,0.482746,957.454,283013,85.7195,23.1957,0.267264,62.2566,112.609,23.1887,0.0718272,89.3484,198.328,0,0,0
800,4,0,523,1,1,1,4327.92,18664.5,1049.26,46.3844,0.517824,957.493,283011,110.433,23.1957,0.302342,86.9354,102.655,23.1887,0.0718272,79.395,213.089,0,0,0
800,4,0,524,1,1,1,4358.67,18714.7,1049.28,46.3844,0.536198,957.493,283011,100.984,23.1957,0.302342,77.4855,76.4808,23.1887,0.0902016,53.2019,177.464,0,0,0
800,4,0,525,1,1,1,4329.29,18644.5,1049.28,46.3844,0.552902,957.472,283011,89.8742,23.1957,0.267264,66.4112,107.996,23.1887,0.141984,84.665,197.87,0,0,0
800,4,0,526,1,1,1,4318.41,18651,1049.21,46.3844,0.482746,957.472,283013,108.28,23.1957,0.267264,84.8166,62.3904,23.1887,0.0718272,39.1299,170.67,0,0,0
800,4,0,527,1,1,1,4313.1,18667.8,1049.25,46.3844,0.482746,957.511,283012,105.617,23.1957,0.267264,82.1545,62.8795,23.1887,0.0718272,39.619,168.497,0,0,0
800,4,0,528,1,1,1,4316.3,18636.5,1049.15,46.3844,0.482746,957.412,283014,62.6488,23.1957,0.267264,39.1858,91.9007,23.1887,0.0718272,68.6402,154.549,0,0,0
800,4,0,529,1,1,1,4317.26,18633,1049.15,46.3844,0.482746,957.414,283014,66.3739,23.1957,0.267264,42.9109,107.371,23.1887,0.0718272,84.1109,173.745,0,0,0
800,4,0,530,1,1,1,4318.22,24670.8,1054.85,52.1883,0.571277,957.394,283012,200.727,28.9996,0.355795,171.054,38.6157,23.1887,0.0718272,15.3552,239.342,0,0,0
800,4,0,531,1,1,1,4318.02,18640.4,1049.16,46.3844,0.517824,957.394,283013,107.721,23.1957,0.302342,84.2228,103.809,23.1887,0.0718272,80.5482,211.53,0,0,0
800,4,0,532,1,1,1,4322.69,18645.9,1049.15,46.3844,0.482746,957.414,283014,62.4448,23.1957,0.267264,38.9819,95.855,23.1887,0.0718272,72.5945,158.3,0,0,0
800,4,0,533,1,1,1,4342.94,18681,1049.4,46.3844,0.770054,957.376,283008,108.507,23.1957,0.267264,85.044,62.0475,23.1887,0.0718272,38.787,170.554,0,0,0
800,4,0,534,1,1,1,4326.53,18654.7,1048.95,46.3844,0.517824,957.183,283017,64.1602,23.1957,0.302342,40.6621,106.054,23.1887,0.0718272,82.7934,170.214,0,0,0
800,4,0,535,1,1,1,4317.58,18632.4,1049.17,46.3844,0.482746,957.432,283013,71.366,23.1957,0.267264,47.903,107.595,23.1887,0.0718272,84.3347,178.961,0,0,0
800,4,0,536,1,1,1,4317.9,18681.5,1049.29,46.3844,0.482746,957.551,283011,91.4462,23.1957,0.267264,67.9832,108.147,23.1887,0.0718272,84.887,199.594,0,0,0
800,4,0,537,1,1,1,4318.6,18652.7,1049.11,46.3844,0.482746,957.374,283014,111.849,23.1957,0.267264,88.3865,62.5293,23.1887,0.0718272,39.2688,174.379,0,0,0
800,4,0,538,1,1,1,4324.23,18648.2,1049.27,46.3844,0.482746,957.531,283012,102.919,23.1957,0.267264,79.4563,101.134,23.1887,0.0718272,77.8735,204.053,0,0,0
800,4,0,539,1,1,1,4329.9,18644.1,1049.19,46.3844,0.482746,957.454,283013,61.8023,23.1957,0.267264,38.3394,101.722,23.1887,0.0718272,78.4619,163.525,0,0,0
800,4,0,540,1,1,1,4318.86,18634.6,1049.13,46.3844,0.482746,957.394,283014,64.1684,23.1957,0.267264,40.7055,90.15,23.1887,0.0718272,66.8895,154.318,0,0,0
800,4,0,541,1,1,1,4319.18,18635.6,1049.21,46.3844,0.482746,957.473,283013,91.5797,23.1957,0.267264,68.1168,47.5351,23.1887,0.0718272,24.2746,139.115,0,0,0
800,4,0,542,1,1,1,4334.52,18679.5,1049.29,46.3844,0.482746,957.551,283011,105.439,23.1957,0.267264,81.9758,106.344,23.1887,0.0718272,83.084,211.783,0,0,0
800,4,0,543,1,1,1,4326.27,24666.7,1054.82,52.1883,0.696557,957.241,283012,233.981,28.9996,0.481075,204.282,106.097,23.1887,0.0718272,82.8367,340.079,0,0,0
800,4,0,544,1,1,1,4315.66,18633.5,1049.15,46.3844,0.482746,957.412,283014,106.912,23.1957,0.267264,83.4485,61.0584,23.1887,0.0718272,37.7979,167.97,0,0,0
800,4,0,545,1,1,1,4319.75,18649.7,1049.22,46.3844,0.517824,957.454,283012,99.353,23.1957,0.267264,75.89,65.6849,23.1887,0.106906,42.3893,165.038,0,0,0
800,4,0,546,1,1,1,4316.62,18636.7,1049.13,46.3844,0.482746,957.392,283014,65.8559,23.1957,0.267264,42.3929,107.824,23.1887,0.0718272,84.5639,173.68,0,0,0
800,4,0,547,1,1,1,4332.61,18689.3,1049.25,46.3844,0.482746,957.511,283012,106.686,23.1957,0.267264,83.2229,105.253,23.1887,0.0718272,81.9921,211.938,0,0,0
800,4,0,548,1,1,1,4320.3,18645.8,1049.25,46.3844,0.482746,957.511,283012,109.007,23.1957,0.267264,85.5439,59.6435,23.1887,0.0718272,36.383,168.65,0,0,0
800,4,0,549,1,1,1,4327.82,18659.2,1049.23,46.3844,0.482746,957.492,283012,108.552,23.1957,0.267264,85.0891,63.217,23.1887,0.0718272,39.9565,171.769,0,0,0
800,4,0,550,1,1,1,4324.77,18649.2,1049.11,46.3844,0.482746,957.374,283014,104.143,23.1957,0.267264,80.68,106.487,23.1887,0.0718272,83.2265,210.63,0,0,0
800,4,0,551,1,1,1,4341.51,18657.3,1049.22,46.3844,0.517824,957.452,283012,95.285,23.1957,0.267264,71.822,104.725,23.1887,0.106906,81.429,200.01,0,0,0
800,4,0,552,1,1,1,4328.44,18643.3,1049.29,46.3844,0.482746,957.551,283011,67.529,23.1957,0.267264,44.066,109.828,23.1887,0.0718272,86.5672,177.357,0,0,0
800,4,0,553,1,1,1,4328.76,18647.9,1049.15,46.3844,0.517824,957.376,283013,90.9958,23.1957,0.302342,67.4977,104.931,23.1887,0.0718272,81.6708,195.927,0,0,0
800,4,0,554,1,1,1,4320.26,18654.4,1049.23,46.3844,0.482746,957.492,283012,108.931,23.1957,0.267264,85.4681,102.975,23.1887,0.0718272,79.7144,211.906,0,0,0
800,4,0,555,1,1,1,4352.05,18668.1,1049.27,46.3844,0.482746,957.531,283012,67.2835,23.1957,0.267264,43.8205,110.304,23.1887,0.0718272,87.0437,177.588,0,0,0
800,4,0,556,1,1,1,4345.13,18660,1049.09,46.3844,0.517824,957.318,283014,66.5046,23.1957,0.302342,43.0066,107.873,23.1887,0.0718272,84.6126,174.378,0,0,0
800,4,0,557,1,1,1,4317.9,18661.1,1049.13,46.3844,0.482746,957.394,283014,110.528,23.1957,0.267264,87.0654,107.675,23.1887,0.0718272,84.4141,218.203,0,0,0
800,4,0,558,1,1,1,4338.56,18662.5,1049.27,46.3844,0.6264,957.396,283011,107.742,23.1957,0.267264,84.2787,107.171,23.1887,0.0718272,83.9106,214.913,0,0,0
800,4,0,559,1,1,1,4316.3,18654.7,1049.17,46.3844,0.482746,957.432,283013,106.875,23.1957,0.267264,83.4124,63.1159,23.1887,0.0718272,39.8554,169.991,0,0,0
800,4,0,560,1,1,1,4315.02,18630.8,1049.23,46.3844,0.482746,957.492,283012,65.3812,23.1957,0.267264,41.9183,89.6194,23.1887,0.0718272,66.3589,155.001,0,0,0
800,4,0,561,1,1,2,10329.8,24649.6,1071.97,69.5741,0.841882,957.392,283006,80.555,23.1957,0.302342,57.0569,246.053,46.3784,0.108576,199.566,326.608,1,0,0
800,4,0,562,1,1,1,4318.73,24702.9,1054.82,52.1883,0.696557,957.241,283012,200.101,28.9996,0.481075,170.296,38.0851,23.1887,0.0718272,14.8246,238.186,0,0,0
800,4,0,563,1,1,1,4315.34,18659,1049.21,46.3844,0.482746,957.473,283013,107.882,23.1957,0.267264,84.4195,63.1773,23.1887,0.0718272,39.9168,171.06,0,0,0
800,4,0,564,1,1,1,4321.51,18659.4,1049.27,46.3844,0.482746,957.531,283012,101.901,23.1957,0.267264,78.4384,103.3,23.1887,0.0718272,80.0393,205.201,0,0,0
800,4,0,565,1,1,1,4320.78,18634,1049.27,46.3844,0.482746,957.531,283012,109.294,23.1957,0.267264,85.8309,107.018,23.1887,0.0718272,83.7572,216.312,0,0,0
800,4,0,566,1,1,1,4315.34,18629.5,1049.21,46.3844,0.482746,957.472,283013,64.3688,23.1957,0.267264,40.9058,103.024,23.1887,0.0718272,79.7631,167.392,0,0,0
800,4,0,567,1,1,1,4324.9,18646.6,1049.17,46.3844,0.517824,957.396,283013,101.678,23.1957,0.302342,78.1803,77.4839,23.1887,0.0718272,54.2234,179.162,0,0,0
800,4,0,568,1,1,1,4328.89,18647.5,1049.15,46.3844,0.482746,957.414,283014,89.9608,23.1957,0.267264,66.4979,104.93,23.1887,0.0718272,81.669,194.89,0,0,0
800,4,0,569,1,1,1,4318.22,18646.3,1049.14,46.3844,0.517824,957.369,283014,92.353,23.1957,0.302342,68.8549,109.725,23.1887,0.0718272,86.4644,202.078,0,0,0
800,4,0,570,1,1,1,4317.19,18644.5,1049.13,46.3844,0.482746,957.392,283014,100.36,23.1957,0.267264,76.8971,53.8302,23.1887,0.0718272,30.5697,154.19,0,0,0
800,4,0,571,1,1,1,4320.42,18635.7,1049.19,46.3844,0.482746,957.454,283013,103.838,23.1957,0.267264,80.375,107.386,23.1887,0.0718272,84.1253,211.224,0,0,0
800,4,0,572,1,1,1,4346.63,18662.7,1049.15,46.3844,0.517824,957.374,283013,61.5551,23.1957,0.267264,38.0921,89.862,23.1887,0.106906,66.5664,151.417,0,0,0
800,4,0,573,1,1,1,4332.94,18651.1,1049.18,46.3844,0.517824,957.408,283013,88.692,23.1957,0.267264,65.2291,109.917,23.1887,0.106906,86.6214,198.609,0,0,0
800,4,0,574,1,1,1,4318.92,18636,1049.13,46.3844,0.482746,957.394,283014,89.2425,23.1957,0.267264,65.7795,107.231,23.1887,0.0718272,83.9701,196.473,0,0,0
800,4,0,575,1,1,1,4316.62,18642,1049.17,46.3844,0.482746,957.434,283013,104.574,23.1957,0.267264,81.1113,55.94,23.1887,0.0718272,32.6795,160.514,0,0,0
800,4,0,576,1,0,0,-1,-1,1026.82,23.1957,0.267264,957.784,283012,-1,-1,-1,-1,-1,-1,-1,-1,-1,0,0,0
800,4,0,577,1,1,1,4317.26,18669,1049.05,46.3844,0.517824,957.28,283015,86.8104,23.1957,0.302342,63.3124,44.059,23.1887,0.0718272,20.7985,130.869,0,0,0
800,4,0,578,1,1,1,4322.15,18635.7,1049.22,46.3952,0.50112,957.452,283012,104.154,23.2065,0.285638,80.6619,107.734,23.1887,0.0718272,84.4737,211.888,0,0,0
800,4,0,579,1,1,2,4340.45,18668,1071.7,69.5741,0.698227,957.261,283011,60.9793,23.1957,0.267264,37.5164,112.642,46.3784,0.287309,65.9763,173.621,1,0,0
800,4,0,580,1,1,1,4324.26,18656.5,1049.08,46.3844,0.517824,957.311,283015,104.923,23.1957,0.267264,81.4596,106.569,23.1887,0.106906,83.2735,211.492,0,0,0
800,4,0,581,1,1,1,4334.48,18670.6,1049.25,46.3844,0.482746,957.511,283012,104.201,23.1957,0.267264,80.7377,110.171,23.1887,0.0718272,86.9101,214.371,0,0,0
800,4,0,582,1,1,1,4317.26,18630.8,1049.29,46.3844,0.482746,957.551,283011,60.1365,23.1957,0.267264,36.6735,89.9966,23.1887,0.0718272,66.7361,150.133,0,0,0
800,4,0,583,1,1,1,4324.49,18656.5,1049.17,46.3844,0.482746,957.434,283013,100.42,23.1957,0.267264,76.9567,53.9475,23.1887,0.0718272,30.687,154.367,0,0,0
800,4,0,584,1,1,1,4318.15,18648.1,1049.25,46.3844,0.482746,957.511,283012,98.3044,23.1957,0.267264,74.8414,66.6822,23.1887,0.0718272,43.4217,164.987,0,0,0
800,4,0,585,1,1,1,4359.83,18683.2,1049.13,46.3844,0.482746,957.394,283014,67.2492,23.1957,0.267264,43.7863,110.68,23.1887,0.0718272,87.4191,177.929,0,0,0
800,4,0,586,1,1,1,4325.51,18646.3,1049.25,46.3844,0.482746,957.511,283012,58.4959,23.1957,0.267264,35.033,97.8132,23.1887,0.0718272,74.5527,156.309,0,0,0
800,4,0,587,1,1,1,4314.7,18636.4,1049.27,46.3844,0.482746,957.531,283012,99.6021,23.1957,0.267264,76.1391,53.3574,23.1887,0.0718272,30.0968,152.959,0,0,0
800,4,0,588,1,1,1,4323.24,18642,1049.13,46.3844,0.482746,957.394,283014,64.1901,23.1957,0.267264,40.7271,90.4604,23.1887,0.0718272,67.1999,154.651,0,0,0
800,4,0,589,1,1,1,4320.64,18653.9,1049.15,46.3844,0.517824,957.374,283013,96.7603,23.1957,0.302342,73.2622,65.6823,23.1887,0.0718272,42.4218,162.443,0,0,0
800,4,0,590,1,1,1,4318.34,24674.8,1054.54,52.1883,0.766714,956.887,283017,199.873,28.9996,0.551232,170.001,38.3793,23.1887,0.0718272,15.1188,238.252,0,0,0
800,4,0,591,1,1,1,4327.58,18662.6,1049.17,46.3844,0.482746,957.434,283013,105.145,23.1957,0.267264,81.6816,87.3977,23.1887,0.0718272,64.1372,192.542,0,0,0
800,4,0,592,1,1,1,4320.46,18653.1,1049.27,46.3844,0.482746,957.531,283012,106.783,23.1957,0.267264,83.3204,97.5569,23.1887,0.0718272,74.2964,204.34,0,0,0
800,4,0,593,1,1,1,4362.28,18706.1,1049.09,46.3844,0.552902,957.282,283014,88.4825,23.1957,0.337421,64.9493,110.997,23.1887,0.0718272,87.7367,199.48,0,0,0
800,4,0,594,1,1,1,4323.91,18641.6,1049.29,46.3844,0.482746,957.551,283011,102.371,23.1957,0.267264,78.9077,109.118,23.1887,0.0718272,85.8579,211.489,0,0,0
800,4,0,595,1,1,1,4327.72,18640.3,1049.33,46.3844,0.6264,957.452,283010,99.4559,23.1957,0.267264,75.9929,102.919,23.1887,0.0718272,79.6585,202.375,0,0,0
800,4,0,596,1,1,1,4325.13,18645.7,1048.97,46.3844,0.517824,957.203,283016,67.1445,23.1957,0.267264,43.6816,104.421,23.1887,0.106906,81.1258,171.566,0,0,0
800,4,0,597,1,1,1,4318.66,18648,1049.25,46.3844,0.482746,957.511,283012,100.12,23.1957,0.267264,76.6571,66.3898,23.1887,0.0718272,43.1293,166.51,0,0,0
800,4,0,598,1,1,1,4324.87,18641.6,1049.15,46.3844,0.482746,957.414,283014,103.432,23.1957,0.267264,79.9689,61.562,23.1887,0.0718272,38.3015,164.994,0,0,0
800,4,0,599,1,1,1,4336.57,18657.9,1049.13,46.3844,0.713261,957.163,283013,102.048,23.1957,0.462701,78.3897,78.5405,23.1887,0.106906,55.2449,180.589,0,0,0
800,4,0,600,1,1,1,4318.02,18636.8,1049.15,46.3844,0.482746,957.412,283014,87.0767,23.1957,0.267264,63.6138,110.938,23.1887,0.0718272,87.6772,198.014,0,0,0
800,4,0,601,1,1,1,4325.51,18654.8,1049.24,46.3952,0.50112,957.472,283012,107.139,23.2065,0.285638,83.6471,62.2207,23.1887,0.0718272,38.9602,169.36,0,0,0
800,4,0,602,1,1,1,4315.98,18632.7,1049.29,46.3844,0.482746,957.551,283011,104.769,23.1957,0.267264,81.3062,56.1764,23.1887,0.0718272,32.9159,160.946,0,0,0
800,4,0,603,1,1,1,4319.21,18640.5,1049.21,46.3844,0.482746,957.472,283013,63.6125,23.1957,0.267264,40.1496,91.6913,23.1887,0.0718272,68.4308,155.304,0,0,0
800,4,0,604,1,1,1,4320.17,18638,1049.29,46.3844,0.482746,957.551,283011,106.44,23.1957,0.267264,82.9775,90.7131,23.1887,0.0718272,67.4526,197.154,0,0,0
800,4,0,605,1,1,1,4316.94,18634.6,1049.13,46.3844,0.482746,957.392,283014,107.408,23.1957,0.267264,83.9449,61.9879,23.1887,0.0718272,38.7274,169.396,0,0,0
800,4,0,606,1,1,1,4352.71,18711.5,1049.22,46.3844,0.517824,957.454,283012,107.192,23.1957,0.302342,83.694,105.204,23.1887,0.0718272,81.9433,212.396,0,0,0
800,4,0,607,1,1,1,4328.17,24646.8,1054.75,52.1883,0.571277,957.298,283013,200.074,28.9996,0.320717,170.44,103.396,23.1887,0.106906,80.1006,303.47,0,0,0
800,4,0,608,1,1,1,4319.05,18652,1049.29,46.3844,0.482746,957.551,283011,108.247,23.1957,0.267264,84.7841,104.662,23.1887,0.0718272,81.4019,212.909,0,0,0
800,4,0,609,1,1,1,4353.72,18696.9,1049.31,46.3844,0.482746,957.571,283011,105.504,23.1957,0.267264,82.0408,107.099,23.1887,0.0718272,83.8384,212.603,0,0,0
800,4,0,610,1,1,1,4343.6,18660,1049.17,46.3844,0.517824,957.396,283013,74.1147,23.1957,0.267264,50.6517,109.316,23.1887,0.106906,86.0204,183.431,0,0,0
800,4,0,611,1,1,1,4320.26,18636.1,1049.21,46.3844,0.482746,957.472,283013,104.461,23.1957,0.267264,80.9976,104.865,23.1887,0.0718272,81.604,209.325,0,0,0
800,4,0,612,1,1,1,4322.86,18651.7,1049.29,46.3844,0.482746,957.551,283011,110.626,23.1957,0.267264,87.1628,63.8577,23.1887,0.0718272,40.5972,174.483,0,0,0
800,4,0,613,1,1,1,4317.18,18633.3,1049.19,46.3844,0.482746,957.454,283013,109.501,23.1957,0.267264,86.0384,107.353,23.1887,0.0718272,84.0929,216.855,0,0,0
800,4,0,614,1,1,1,4331.3,18656.2,1049.21,46.3844,0.482746,957.473,283013,89.7479,23.1957,0.267264,66.2849,109.36,23.1887,0.0718272,86.0998,199.108,0,0,0
800,4,0,615,1,1,1,4329.22,18669.4,1049.23,46.3844,0.482746,957.492,283012,99.0426,23.1957,0.267264,75.5796,66.8645,23.1887,0.0718272,43.604,165.907,0,0,0
800,4,0,616,1,1,1,4332.29,18655.5,1049.21,46.3844,0.482746,957.472,283013,106.426,23.1957,0.267264,82.963,106.435,23.1887,0.0718272,83.1742,212.861,0,0,0
800,4,0,617,1,1,1,4323.11,18654.6,1048.95,46.3844,0.517824,957.183,283017,104.727,23.1957,0.302342,81.2286,106.494,23.1887,0.0718272,83.2338,211.221,0,0,0
800,4,0,618,1,1,1,4319.75,18671.8,1049.23,46.3844,0.482746,957.492,283012,87.7806,23.1957,0.267264,64.3177,45.1798,23.1887,0.0718272,21.9193,132.96,0,0,0
800,4,0,619,1,1,1,4332.86,18661.5,1049.15,46.3844,0.482746,957.412,283014,64.2208,23.1957,0.267264,40.7578,106.189,23.1887,0.0718272,82.9288,170.41,0,0,0
800,4,0,620,1,1,1,4318.34,18662.3,1049.06,46.3844,0.587981,957.221,283014,110.15,23.1957,0.372499,86.5817,107.196,23.1887,0.0718272,83.9358,217.346,0,0,0
800,4,0,621,1,1,1,4321.17,18661.9,1049.25,46.3844,0.482746,957.513,283012,91.2296,23.1957,0.267264,67.7666,47.0622,23.1887,0.0718272,23.8017,138.292,0,0,0
800,4,0,622,1,1,1,4370.02,18714.8,1049.15,46.3844,0.748339,957.147,283013,78.8915,23.1957,0.497779,55.198,110.597,23.1887,0.106906,87.3018,189.489,0,0,0
800,4,0,623,1,1,1,4319.3,18645.9,1049.17,46.3844,0.517824,957.396,283013,104.1,23.1957,0.302342,80.6024,105.457,23.1887,0.0718272,82.196,209.557,0,0,0
800,4,0,624,1,1,1,4317.58,18633,1049.15,46.3844,0.482746,957.414,283014,73.5859,23.1957,0.267264,50.1229,109.562,23.1887,0.0718272,86.3019,183.148,0,0,0
800,4,0,625,1,1,1,4320.87,18671.3,1049.14,46.3844,0.661478,957.223,283013,108.99,23.1957,0.302342,85.4916,106.348,23.1887,0.0718272,83.0876,215.338,0,0,0
800,4,0,626,1,1,1,4333.32,18659.9,1049.25,46.3844,0.482746,957.511,283012,109.389,23.1957,0.267264,85.9265,99.4267,23.1887,0.0718272,76.1662,208.816,0,0,0
800,4,0,627,1,1,1,4318.54,18641.3,1049.17,46.3844,0.482746,957.432,283013,107.415,23.1957,0.267264,83.9521,60.9357,23.1887,0.0718272,37.6752,168.351,0,0,0
800,4,0,628,1,1,1,4317.7,18635.7,1049.27,46.3844,0.482746,957.531,283012,101.69,23.1957,0.267264,78.2273,66.8374,23.1887,0.0718272,43.5769,168.528,0,0,0
800,4,0,629,1,1,1,4317.9,18654.1,1049.29,46.3844,0.482746,957.551,283011,78.0329,23.1957,0.267264,54.5699,40.3646,23.1887,0.0718272,17.1041,118.397,0,0,0
800,4,0,630,1,1,1,4324.23,18654.7,1049.15,46.3844,0.482746,957.412,283014,59.0139,23.1957,0.267264,35.551,97.1021,23.1887,0.0718272,73.8416,156.116,0,0,0
800,4,0,631,1,1,1,4338.04,18650.9,1049.07,46.3844,0.517824,957.298,283015,70.0088,23.1957,0.267264,46.5458,107.609,23.1887,0.106906,84.313,177.617,0,0,0
800,4,0,632,1,1,1,4347.97,24669,1054.76,52.1883,0.696557,957.183,283013,220.917,28.9996,0.481075,191.182,73.9068,23.1887,0.0718272,50.6463,294.824,0,0,0
800,4,0,633,1,1,1,4340.84,18660.7,1049.23,46.3844,0.482746,957.492,283012,98.983,23.1957,0.267264,75.5201,69.8929,23.1887,0.0718272,46.6324,168.876,0,0,0
800,4,0,634,1,1,1,4317.06,18633.2,1049.19,46.3844,0.482746,957.452,283013,82.9293,23.1957,0.267264,59.4664,109.969,23.1887,0.0718272,86.708,192.898,0,0,0
800,4,0,635,1,1,1,4330.87,18644.5,1049.25,46.3844,0.482746,957.511,283012,67.2095,23.1957,0.267264,43.7465,109.844,23.1887,0.0718272,86.5835,177.053,0,0,0
800,4,0,636,1,1,1,4329.08,18655.6,1049.3,46.3844,0.517824,957.531,283011,107.506,23.1957,0.302342,84.008,99.8833,23.1887,0.0718272,76.6228,207.389,0,0,0
800,4,0,637,1,1,1,4318.02,24652.7,1054.77,52.1883,0.801792,957.084,283012,218.886,28.9996,0.58631,189.038,61.8598,23.1887,0.0718272,38.5993,280.746,0,0,0
800,4,0,638,1,1,1,4320.53,18637.4,1049.27,46.3844,0.482746,957.531,283012,60.4686,23.1957,0.267264,37.0056,101.423,23.1887,0.0718272,78.1623,161.891,0,0,0
800,4,0,639,1,1,1,4317.84,18666.9,1049.09,46.3844,0.517824,957.32,283014,87.4529,23.1957,0.302342,63.9549,44.6546,23.1887,0.0718272,21.3941,132.108,0,0,0
800,4,0,640,1,1,1,4323.59,18638.1,1049.27,46.3844,0.482746,957.531,283012,90.4571,23.1957,0.267264,66.9942,105.567,23.1887,0.0718272,82.3061,196.024,0,0,0
800,4,0,641,1,1,1,4337.61,18652.5,1049.23,46.3844,0.482746,957.492,283012,111.622,23.1957,0.267264,88.1591,106.781,23.1887,0.0718272,83.5207,218.403,0,0,0
800,4,0,642,1,1,1,4323.82,18639.6,1049.27,46.3844,0.482746,957.531,283012,65.9119,23.1957,0.267264,42.4489,107.433,23.1887,0.0718272,84.1723,173.345,0,0,0
800,4,0,643,1,1,1,4346.84,24670.8,1054.91,52.1883,0.87529,957.158,283010,235.859,28.9996,0.481075,206.168,108.941,23.1887,0.106906,85.645,344.8,0,0,0
800,4,0,644,1,1,1,4320.74,18655.2,1049.08,46.3844,0.517824,957.311,283015,92.75,23.1957,0.302342,69.252,105.078,23.1887,0.0718272,81.817,197.828,0,0,0
800,4,0,645,1,1,1,4330.66,24681.4,1055.07,52.1883,0.731635,957.454,283008,227.027,28.9996,0.516154,197.27,94.0051,23.1887,0.0718272,70.7446,321.032,0,0,0
800,4,0,646,1,1,1,4343.66,18659.8,1049.29,46.3844,0.482746,957.551,283011,73.3585,23.1957,0.267264,49.8955,107.454,23.1887,0.0718272,84.1939,180.813,0,0,0
800,4,0,647,1,1,1,4323.33,18667.3,1049.27,46.3844,0.482746,957.531,283012,104.486,23.1957,0.267264,81.0229,106.4,23.1887,0.0718272,83.1399,210.886,0,0,0
800,4,0,648,1,1,2,4373.08,18706.7,1071.6,69.5741,0.733306,957.123,283013,101.394,23.1957,0.267264,77.9313,100.439,46.3784,0.322387,53.7379,201.833,1,0,0
800,4,0,649,1,1,1,4324.52,18645.8,1049.19,46.3844,0.482746,957.452,283013,64.2948,23.1957,0.267264,40.8318,107.102,23.1887,0.0718272,83.842,171.397,0,0,0
800,4,0,650,1,1,1,4316.3,18632.1,1049.29,46.3844,0.482746,957.551,283011,106.164,23.1957,0.267264,82.7014,56.4129,23.1887,0.0718272,33.1524,162.577,0,0,0
800,4,0,651,1,1,1,4318.22,18632.4,1049.17,46.3844,0.482746,957.432,283013,64.7929,23.1957,0.267264,41.3299,106.538,23.1887,0.0718272,83.2771,171.33,0,0,0
800,4,0,652,1,1,1,4335.94,18650.4,1049.15,46.3844,0.482746,957.414,283014,80.9079,23.1957,0.267264,57.445,109.496,23.1887,0.0718272,86.2351,190.404,0,0,0
800,4,0,653,1,1,1,4316.3,18638.3,1049.31,46.3844,0.482746,957.571,283011,104.287,23.1957,0.267264,80.8244,85.5081,23.1887,0.0718272,62.2476,189.795,0,0,0
800,4,0,654,1,1,1,4331.91,18659.1,1049.23,46.3844,0.482746,957.492,283012,109.168,23.1957,0.267264,85.7045,108.079,23.1887,0.0718272,84.8184,217.246,0,0,0
800,4,0,655,1,1,1,4318.86,18646.1,1049.21,46.3844,0.482746,957.472,283013,98.2268,23.1957,0.267264,74.7638,51.7727,23.1887,0.0718272,28.5122,150,0,0,0
800,4,0,656,1,1,1,4327.14,18696.5,1049.12,46.3844,0.587981,957.277,283013,91.8095,23.1957,0.372499,68.2413,108.498,23.1887,0.0718272,85.2371,200.307,0,0,0
800,4,0,657,1,1,1,4317.26,18649,1049.26,46.3844,0.517824,957.493,283011,101.498,23.1957,0.302342,77.9998,103.538,23.1887,0.0718272,80.2775,205.036,0,0,0
800,4,0,658,1,1,1,4322.63,18673.5,1049.14,46.3844,0.517824,957.372,283013,106.698,23.1957,0.302342,83.1995,62.9769,23.1887,0.0718272,39.7164,169.674,0,0,0
800,4,0,659,1,1,1,4317.9,18639,1049.29,46.3844,0.482746,957.551,283011,106.679,23.1957,0.267264,83.2157,62.8145,23.1887,0.0718272,39.554,169.493,0,0,0
800,4,0,660,1,1,1,4314.38,18650.6,1049.07,46.3844,0.517824,957.3,283015,104.086,23.1957,0.302342,80.5879,61.7984,23.1887,0.0718272,38.5379,165.884,0,0,0
800,4,0,661,1,1,1,4315.02,18630.1,1049.25,46.3844,0.482746,957.511,283012,66.3504,23.1957,0.267264,42.8875,107.135,23.1887,0.0718272,83.8745,173.485,0,0,0
800,4,0,662,1,1,1,4317.58,18636.1,1049.11,46.3844,0.482746,957.374,283014,106.505,23.1957,0.267264,83.0425,60.822,23.1887,0.0718272,37.5615,167.327,0,0,0
800,4,0,663,1,1,1,4327.82,18675.9,1049.16,46.3844,0.552902,957.354,283013,61.239,23.1957,0.337421,37.7059,89.1664,23.1887,0.0718272,65.9059,150.405,0,0,0
800,4,0,664,1,1,1,4313.42,18660.7,1049.25,46.3844,0.482746,957.511,283012,101.336,23.1957,0.267264,77.8735,66.3303,23.1887,0.0718272,43.0697,167.667,0,0,0
800,4,0,665,1,1,1,4322.39,18646.5,1049.13,46.3844,0.482746,957.394,283014,90.7134,23.1957,0.267264,67.2505,105.79,23.1887,0.0718272,82.5299,196.504,0,0,0
800,4,0,666,1,1,1,4324.4,18655.8,1049.15,46.3844,0.517824,957.374,283013,66.1393,23.1957,0.267264,42.6763,105.589,23.1887,0.106906,82.2935,171.728,0,0,0
800,4,0,667,1,1,1,4356.73,18691.7,1049.12,46.3844,0.587981,957.277,283013,100.774,23.1957,0.372499,77.2057,74.4861,23.1887,0.0718272,51.2256,175.26,0,0,0
800,4,0,668,1,1,1,4341.7,18667.9,1049.15,46.3844,0.482746,957.412,283014,101.239,23.1957,0.267264,77.7761,76.161,23.1887,0.0718272,52.9005,177.4,0,0,0
800,4,0,669,1,1,1,4352.23,18685.2,1049.27,46.3844,0.679853,957.335,283011,81.2472,23.1957,0.267264,57.7843,109.564,23.1887,0.12528,86.2496,190.811,0,0,0
800,4,0,670,1,1,1,4324.64,18672.4,1049.13,46.3844,0.482746,957.392,283014,99.6761,23.1957,0.267264,76.2131,69.4489,23.1887,0.0718272,46.1884,169.125,0,0,0
800,4,0,671,1,1,1,4333.22,18707.9,1049.05,46.3844,0.552902,957.242,283015,108.754,23.1957,0.267264,85.2912,97.8833,23.1887,0.141984,74.5527,206.638,0,0,0
800,4,0,672,1,1,1,4320.9,18636,1049.11,46.3844,0.482746,957.374,283014,102.957,23.1957,0.267264,79.4942,63.9642,23.1887,0.0718272,40.7037,166.921,0,0,0
800,4,0,673,1,1,1,4350.6,18698.2,1049.37,46.3844,0.805133,957.316,283009,104.584,23.1957,0.302342,81.0861,108.534,23.1887,0.0718272,85.2732,213.118,0,0,0
800,4,0,674,1,1,1,4318.86,18639.5,1049.19,46.3844,0.482746,957.454,283013,99.732,23.1957,0.267264,76.269,102.856,23.1887,0.0718272,79.5953,202.588,0,0,0
800,4,0,675,1,1,1,4322.36,18654,1049.23,46.3844,0.482746,957.493,283012,103.99,23.1957,0.267264,80.5266,95.0356,23.1887,0.0718272,71.7751,199.025,0,0,0
800,4,0,676,1,1,1,4320.46,18647.2,1049.29,46.3844,0.482746,957.551,283011,99.9486,23.1957,0.267264,76.4856,102.782,23.1887,0.0718272,79.5213,202.73,0,0,0
800,4,0,677,1,1,1,4321.59,18667.5,1049.24,46.3844,0.517824,957.472,283012,94.5314,23.1957,0.302342,71.0333,49.9517,23.1887,0.0718272,26.6912,144.483,0,0,0
800,4,0,678,1,1,1,4315.66,18640.5,1049.29,46.3844,0.482746,957.551,283011,103.986,23.1957,0.267264,80.523,106.182,23.1887,0.0718272,82.9215,210.168,0,0,0
800,4,0,679,1,1,1,4327.24,18650.4,1049.13,46.3844,0.482746,957.394,283014,96.727,23.1957,0.267264,73.2641,66.388,23.1887,0.0718272,43.1275,163.115,0,0,0
800,4,0,680,1,1,1,4359.29,18676.6,1049.23,46.3844,0.482746,957.492,283012,100.804,23.1957,0.267264,77.3411,74.8742,23.1887,0.0718272,51.6137,175.678,0,0,0
800,4,0,681,1,1,1,4315.02,18644.5,1049.18,46.3844,0.587981,957.338,283012,58.9116,23.1957,0.372499,35.3434,97.3494,23.1887,0.0718272,74.0888,156.261,0,0,0
800,4,0,682,1,1,1,4315.34,18649.6,1049.11,46.3844,0.482746,957.374,283014,105.726,23.1957,0.267264,82.2628,63.5274,23.1887,0.0718272,40.2669,169.253,0,0,0
800,4,0,683,1,1,1,4320.97,18646.9,1049.19,46.3844,0.482746,957.452,283013,102.8,23.1957,0.267264,79.3372,100.901,23.1887,0.0718272,77.6407,203.701,0,0,0
800,4,0,684,1,1,1,4334.88,18655,1049.15,46.3844,0.482746,957.412,283014,110.397,23.1957,0.267264,86.9336,103.805,23.1887,0.0718272,80.5446,214.202,0,0,0
800,4,0,685,1,1,1,4333.61,18653.5,1049.22,46.3844,0.6264,957.336,283012,107.744,23.1957,0.267264,84.2806,98.8094,23.1887,0.0718272,75.5489,206.553,0,0,0
800,4,0,686,1,1,1,4326.09,18652.7,1049.24,46.3844,0.517824,957.472,283012,61.5749,23.1957,0.267264,38.112,89.5805,23.1887,0.106906,66.2849,151.155,0,0,0
800,4,0,687,1,1,1,4317.58,24635.4,1054.87,52.1883,0.731635,957.262,283011,150.563,28.9996,0.516154,120.59,25.4678,23.1887,0.0718272,2.20727,176.031,0,0,0
800,4,0,688,1,1,1,4316.62,18632.1,1049.13,46.3844,0.482746,957.392,283014,64.7478,23.1957,0.267264,41.2848,90.2114,23.1887,0.0718272,66.9509,154.959,0,0,0
800,4,0,689,1,1,1,4315.66,18662.7,1049.2,46.3844,0.517824,957.434,283012,106.192,23.1957,0.302342,82.6941,63.4137,23.1887,0.0718272,40.1532,169.606,0,0,0
800,4,0,690,1,1,1,4315.34,18644,1049.25,46.3844,0.482746,957.511,283012,106.957,23.1957,0.267264,83.4937,62.6828,23.1887,0.0718272,39.4222,169.639,0,0,0
800,4,0,691,1,1,1,4315.98,18638.2,1049.29,46.3844,0.482746,957.551,283011,108.227,23.1957,0.267264,84.7642,63.161,23.1887,0.0718272,39.9005,171.388,0,0,0
800,4,0,692,1,1,1,4322.31,18637.7,1049.15,46.3844,0.482746,957.412,283014,107.725,23.1957,0.267264,84.2625,62.1738,23.1887,0.0718272,38.9133,169.899,0,0,0
800,4,0,693,1,1,1,4358.25,18679.3,1049.07,46.3844,0.552902,957.262,283015,58.9832,23.1957,0.267264,35.5203,92.034,23.1887,0.141984,68.7033,151.017,0,0,0
800,4,0,694,1,1,1,4326.43,24657.2,1054.75,52.1883,0.766714,957.107,283013,216.338,28.9996,0.551232,186.519,49.6575,23.1887,0.0718272,26.397,265.996,0,0,0
800,4,0,695,1,1,1,4321.9,18638.6,1049.27,46.3844,0.482746,957.531,283012,66.41,23.1957,0.267264,42.947,105.44,23.1887,0.0718272,82.1798,171.85,0,0,0
800,4,0,696,1,1,1,4317.78,24637.1,1054.81,52.1883,0.536198,957.396,283013,220.24,28.9996,0.320717,190.664,62.2099,23.1887,0.0718272,38.9494,282.45,0,0,0
800,4,0,697,1,1,1,4342.28,18652.9,1049.42,46.3844,0.788429,957.376,283008,62.7697,23.1957,0.267264,39.3067,95.1442,23.1887,0.0902016,71.8653,157.914,0,0,0
800,4,0,698,1,1,1,4319.79,18641.3,1049.25,46.3844,0.482746,957.511,283012,111.183,23.1957,0.267264,87.7205,63.0961,23.1887,0.0718272,39.8355,174.28,0,0,0
800,4,0,699,1,1,1,4316.3,18628.5,1049.23,46.3844,0.482746,957.492,283012,66.5111,23.1957,0.267264,43.0481,106.613,23.1887,0.0718272,83.3529,173.124,0,0,0
800,4,0,700,1,1,1,4318.88,18642.5,1049.13,46.3844,0.482746,957.392,283014,108.803,23.1957,0.267264,85.34,99.5927,23.1887,0.0718272,76.3322,208.396,0,0,0
800,4,0,701,1,1,1,4335.12,18655.1,1049.13,46.3844,0.482746,957.392,283014,64.5186,23.1957,0.267264,41.0556,91.4134,23.1887,0.0718272,68.1529,155.932,0,0,0
800,4,0,702,1,1,1,4319.94,18633.5,1049.15,46.3844,0.482746,957.414,283014,66.3992,23.1957,0.267264,42.9362,105.561,23.1887,0.0718272,82.3007,171.96,0,0,0
800,4,0,703,1,1,1,4353.18,18684.2,1049.36,46.3844,0.678182,957.434,283009,96.4442,23.1957,0.462701,72.7858,103.495,23.1887,0.0718272,80.2342,199.939,0,0,0
800,4,0,704,1,1,1,4320.44,18641.2,1049.17,46.3844,0.482746,957.432,283013,108.177,23.1957,0.267264,84.7137,106.411,23.1887,0.0718272,83.1507,214.588,0,0,0
800,4,0,705,1,1,1,4331.31,18661.2,1049.14,46.3844,0.6264,957.259,283013,106.774,23.1957,0.267264,83.3114,106.292,23.1887,0.0718272,83.0316,213.066,0,0,0
800,4,0,706,1,1,1,4322.22,24646.8,1054.89,52.1883,0.536198,957.473,283011,226.032,28.9996,0.320717,196.472,90.1265,23.1887,0.0718272,66.866,316.159,0,0,0
800,4,0,707,1,1,1,4316.3,18633.3,1049.21,46.3844,0.482746,957.472,283013,102.241,23.1957,0.267264,78.7777,108.898,23.1887,0.0718272,85.6378,211.139,0,0,0
800,4,0,708,1,1,1,4324.55,18642.4,1049.17,46.3844,0.482746,957.434,283013,93.251,23.1957,0.267264,69.788,110.649,23.1887,0.0718272,87.3884,203.9,0,0,0
800,4,0,709,1,1,1,4318.02,18638.4,1049.21,46.3844,0.482746,957.472,283013,106.484,23.1957,0.267264,83.0208,62.8993,23.1887,0.0718272,39.6388,169.383,0,0,0
800,4,0,710,1,1,1,4314.7,18631.1,1049.25,46.3844,0.50112,957.492,283012,76.941,23.1957,0.267264,53.478,39.9516,23.1887,0.0902016,16.6727,116.893,0,0,0
800,4,0,711,1,1,1,4337.86,18700.7,1049.18,46.3844,0.623059,957.3,283012,107.42,23.1957,0.337421,83.8871,105.314,23.1887,0.141984,81.983,212.734,0,0,0
800,4,0,712,1,1,1,4314.38,18634.5,1049.11,46.3844,0.482746,957.374,283014,106.949,23.1957,0.267264,83.4864,98.9322,23.1887,0.0718272,75.6717,205.882,0,0,0
800,4,0,713,1,1,1,4330.64,18645.4,1049.41,46.3844,0.6264,957.531,283009,103.511,23.1957,0.267264,80.0483,106.807,23.1887,0.0718272,83.546,210.318,0,0,0
800,4,0,714,1,1,1,4316.86,18633.7,1049.25,46.3844,0.482746,957.511,283012,67.3431,23.1957,0.267264,43.8801,108.304,23.1887,0.0718272,85.044,175.648,0,0,0
800,4,0,715,1,1,1,4316.3,24676.5,1055.12,52.1883,1.12251,957.122,283006,211.375,28.9996,0.907027,181.18,46.1779,23.1887,0.0718272,22.9174,257.553,0,0,0
800,4,0,716,1,1,1,4324.58,18637.8,1049.19,46.3844,0.482746,957.452,283013,103.555,23.1957,0.267264,80.0916,100.078,23.1887,0.0718272,76.8177,203.633,0,0,0
800,4,0,717,1,1,1,4336.55,18651,1049.11,46.3844,0.482746,957.374,283014,90.7224,23.1957,0.267264,67.2595,109.149,23.1887,0.0718272,85.8886,199.872,0,0,0
800,4,0,718,1,1,1,4317.9,18638.5,1049.17,46.3844,0.482746,957.432,283013,106.773,23.1957,0.267264,83.3096,98.8112,23.1887,0.0718272,75.5507,205.584,0,0,0
800,4,0,719,1,1,1,4321.38,18637.1,1049.11,46.3844,0.482746,957.374,283014,63.9897,23.1957,0.267264,40.5268,106.229,23.1887,0.0718272,82.9685,170.219,0,0,0
800,4,0,720,1,1,1,4317.81,18635.6,1049.13,46.3844,0.482746,957.392,283014,104.064,23.1957,0.267264,80.6006,88.356,23.1887,0.0718272,65.0955,192.42,0,0,0
800,4,0,721,1,1,1,4326.28,18653.2,1049.13,46.3844,0.482746,957.394,283014,106.018,23.1957,0.267264,82.5552,93.9924,23.1887,0.0718272,70.7319,200.011,0,0,0
800,4,0,722,1,1,1,4316.94,18634.8,1049.17,46.3844,0.482746,957.432,283013,100.156,23.1957,0.267264,76.6932,65.7437,23.1887,0.0718272,42.4832,165.9,0,0,0
800,4,0,723,1,1,1,4318.55,18636,1049.23,46.3844,0.482746,957.492,283012,60.5462,23.1957,0.267264,37.0832,100.376,23.1887,0.0718272,77.1155,160.922,0,0,0
800,4,0,724,1,1,1,4318.49,18636.2,1049.21,46.3844,0.482746,957.472,283013,62.3636,23.1957,0.267264,38.9007,90.2637,23.1887,0.0718272,67.0032,152.627,0,0,0
800,4,0,725,1,1,1,4315.98,18643.3,1049.29,46.3844,0.482746,957.551,283011,107.464,23.1957,0.267264,84.0008,61.4699,23.1887,0.0718272,38.2094,168.934,0,0,0
800,4,0,726,1,1,1,4317.26,18632.7,1049.27,46.3844,0.482746,957.531,283012,66.7782,23.1957,0.267264,43.3152,107.929,23.1887,0.0718272,84.6686,174.707,0,0,0
800,4,0,727,1,1,1,4338.17,18664.8,1049.15,46.3844,0.517824,957.376,283013,102.625,23.1957,0.267264,79.1621,108.464,23.1887,0.106906,85.1685,211.089,0,0,0
800,4,0,728,1,1,1,4320.12,18635.2,1049.11,46.3844,0.482746,957.374,283014,105.626,23.1957,0.267264,82.1635,96.2376,23.1887,0.0718272,72.9771,201.864,0,0,0
800,4,0,729,1,1,1,4314.38,18677.9,1049.27,46.3844,0.482746,957.531,283012,108.35,23.1957,0.267264,84.887,60.8743,23.1887,0.0718272,37.6138,169.224,0,0,0
800,4,0,730,1,1,1,4335.43,18652.8,1049.19,46.3844,0.770054,957.163,283012,65.1629,23.1957,0.267264,41.6999,107.139,23.1887,0.0718272,83.8781,172.301,0,0,0
800,4,0,731,1,1,1,4319.85,18636.9,1049.23,46.3844,0.482746,957.492,283012,106.384,23.1957,0.267264,82.9215,104.944,23.1887,0.0718272,81.6834,211.328,0,0,0
800,4,0,732,1,1,1,4340.95,18658.3,1049.03,46.3844,0.517824,957.261,283015,66.5652,23.1957,0.267264,43.1022,110.161,23.1887,0.106906,86.865,176.726,0,0,0
800,4,0,733,1,1,1,4349.42,18686.6,1049.19,46.3844,0.482746,957.452,283013,67.787,23.1957,0.267264,44.3241,107.714,23.1887,0.0718272,84.4538,175.501,0,0,0
800,4,0,734,1,1,1,4319.61,18653.5,1049.29,46.3844,0.482746,957.551,283011,109.666,23.1957,0.267264,86.2027,100.82,23.1887,0.0718272,77.5595,210.486,0,0,0
800,4,0,735,1,1,1,4315.02,24629.2,1054.78,52.1883,0.696557,957.203,283013,185.038,28.9996,0.481075,155.2,34.4665,23.1887,0.0718272,11.206,219.504,0,0,0
800,4,0,736,1,1,1,4320.71,18667.1,1049.27,46.3844,0.482746,957.531,283012,109.927,23.1957,0.267264,86.4644,107.581,23.1887,0.0718272,84.3203,217.508,0,0,0
800,4,0,737,1,1,1,4325.94,18651.2,1049.27,46.3844,0.482746,957.531,283012,91.827,23.1957,0.267264,68.364,103.35,23.1887,0.0718272,80.0898,195.177,0,0,0
800,4,0,738,1,1,1,4322.95,18657.9,1049.28,46.3844,0.517824,957.513,283011,99.0506,23.1957,0.302342,75.5525,66.2725,23.1887,0.0718272,43.012,165.323,0,0,0
800,4,0,739,1,1,1,4321.86,18647.4,1049.24,46.3844,0.517824,957.472,283012,107.737,23.1957,0.302342,84.239,104.628,23.1887,0.0718272,81.3676,212.365,0,0,0
800,4,0,740,1,1,1,4341.83,18659,1049.15,46.3844,0.482746,957.414,283014,60.2917,23.1957,0.267264,36.8287,90.7672,23.1887,0.0718272,67.5067,151.059,0,0,0
800,4,0,741,1,1,1,4319.62,18633.8,1049.13,46.3844,0.482746,957.394,283014,62.7499,23.1957,0.267264,39.2869,94.2126,23.1887,0.0718272,70.9521,156.962,0,0,0
800,4,0,742,1,1,1,4326.22,18678.6,1049.27,46.3844,0.482746,957.531,283012,108.507,23.1957,0.267264,85.044,99.4195,23.1887,0.0718272,76.159,207.926,0,0,0
800,4,0,743,1,1,1,4327.37,18643.1,1049.27,46.3844,0.482746,957.531,283012,97.3479,23.1957,0.267264,73.8849,104.018,23.1887,0.0718272,80.7576,201.366,0,0,0
800,4,0,744,1,1,1,4315.34,18632.3,1049.21,46.3844,0.482746,957.473,283013,66.5652,23.1957,0.267264,43.1022,107.074,23.1887,0.0718272,83.8131,173.639,0,0,0
800,4,0,745,1,1,1,4316.3,18669,1049.25,46.3844,0.482746,957.511,283012,97.5518,23.1957,0.267264,74.0888,103.13,23.1887,0.0718272,79.8696,200.682,0,0,0
800,4,0,746,1,1,1,4316.62,18635.1,1049.15,46.3844,0.482746,957.414,283014,103.134,23.1957,0.267264,79.6711,61.4447,23.1887,0.0718272,38.1842,164.579,0,0,0
800,4,0,747,1,1,1,4315.98,18639.2,1049.17,46.3844,0.482746,957.432,283013,94.8753,23.1957,0.267264,71.4123,50.1881,23.1887,0.0718272,26.9276,145.063,0,0,0
800,4,0,748,1,1,1,4324.97,18638.8,1049.2,46.3844,0.6264,957.318,283012,67.0742,23.1957,0.267264,43.6112,109.4,23.1887,0.0718272,86.1395,176.474,0,0,0
800,4,0,749,1,1,1,4317.26,18642.9,1049.21,46.3844,0.482746,957.472,283013,106.924,23.1957,0.267264,83.4612,61.4086,23.1887,0.0718272,38.1481,168.333,0,0,0
800,4,0,750,1,1,1,4340.09,18667,1049.16,46.3844,0.517824,957.394,283013,106.246,23.1957,0.302342,82.7483,64.4839,23.1887,0.0718272,41.2234,170.73,0,0,0
800,4,0,751,1,1,1,4346.46,18667,1049.23,46.3844,0.482746,957.492,283012,89.367,23.1957,0.267264,65.9041,104.199,23.1887,0.0718272,80.9381,193.566,0,0,0
800,4,0,752,1,1,1,4319.94,18641,1049.19,46.3844,0.482746,957.454,283013,66.1591,23.1957,0.267264,42.6962,105.9,23.1887,0.0718272,82.64,172.06,0,0,0
800,4,0,753,1,1,1,4344.52,18695.7,1049.21,46.3844,0.482746,957.473,283013,108.731,23.1957,0.267264,85.2678,103.838,23.1887,0.0718272,80.5771,212.568,0,0,0
800,4,0,754,1,1,1,4329.54,18646.9,1049.29,46.3844,0.482746,957.551,283011,103.816,23.1957,0.267264,80.3533,96.6076,23.1887,0.0718272,73.3471,200.424,0,0,0
800,4,0,755,1,1,1,4331.85,18644.7,1049.21,46.3844,0.482746,957.472,283013,65.2694,23.1957,0.267264,41.8064,105.642,23.1887,0.0718272,82.3819,170.912,0,0,0
800,4,0,756,1,1,1,4314.38,18637,1049.23,46.3844,0.482746,957.492,283012,64.699,23.1957,0.267264,41.2361,107.074,23.1887,0.0718272,83.8131,171.773,0,0,0
800,4,0,757,1,1,1,4314.38,18633.9,1049.29,46.3844,0.482746,957.551,283011,99.1725,23.1957,0.267264,75.7096,65.5073,23.1887,0.0718272,42.2468,164.68,0,0,0
800,4,0,758,1,1,1,4315.02,18639.1,1049.19,46.3844,0.482746,957.452,283013,107.751,23.1957,0.267264,84.2878,59.9377,23.1887,0.0718272,36.6771,167.688,0,0,0
800,4,0,759,1,1,1,4317.9,18638.6,1049.21,46.3844,0.482746,957.472,283013,96.3534,23.1957,0.267264,72.8905,66.2833,23.1887,0.0718272,43.0228,162.637,0,0,0
800,4,0,760,0,0,0,-1,-1,1026.65,23.206,0.516154,957.358,283014,-1,-1,-1,-1,-1,-1,-1,-1,-1,0,0,0
800,4,0,761,1,1,1,4316.62,18638.3,1049.15,46.3844,0.482746,957.414,283014,100.192,23.1957,0.267264,76.7293,66.7219,23.1887,0.0718272,43.4614,166.914,0,0,0
800,4,0,762,1,1,1,4322.18,18661.7,1049.34,46.3844,0.678182,957.412,283010,99.7379,23.1957,0.462701,76.0795,68.3354,23.1887,0.0718272,45.0749,168.073,0,0,0
800,4,0,763,1,1,1,4318.86,18635.8,1049.29,46.3844,0.482746,957.551,283011,98.9902,23.1957,0.267264,75.5273,65.6823,23.1887,0.0718272,42.4218,164.673,0,0,0
800,4,0,764,1,1,1,4318.66,24631.3,1054.86,52.1883,0.696557,957.28,283011,227.475,28.9996,0.481075,197.761,106.529,23.1887,0.0718272,83.2681,334.003,0,0,0
800,4,0,765,1,1,1,4316.94,18630.5,1049.19,46.3844,0.482746,957.454,283013,101.656,23.1957,0.267264,78.193,103.379,23.1887,0.0718272,80.1187,205.035,0,0,0
800,4,0,766,1,1,1,4316.3,18655.5,1049.2,46.3844,0.713261,957.239,283012,109.371,23.1957,0.497779,85.6775,107.019,23.1887,0.0718272,83.759,216.39,0,0,0
800,4,0,767,1,1,1,4343.11,18677.6,1049.24,46.3844,0.552902,957.434,283012,105.242,23.1957,0.267264,81.7791,107.091,23.1887,0.141984,83.7608,212.333,0,0,0
800,4,0,768,1,1,1,4320.7,18638.1,1049.29,46.3844,0.482746,957.551,283011,64.3633,23.1957,0.267264,40.9004,90.5416,23.1887,0.0718272,67.2811,154.905,0,0,0
800,4,0,769,1,1,1,4325.64,18650,1049.23,46.3844,0.482746,957.492,283012,99.6634,23.1957,0.267264,76.2005,66.471,23.1887,0.0718272,43.2105,166.134,0,0,0
800,4,0,770,1,1,1,4337.94,18651.1,1049.37,46.3844,0.661478,957.454,283009,98.5787,23.1957,0.267264,75.1158,70.7348,23.1887,0.106906,47.4392,169.313,0,0,0
800,4,0,771,1,1,1,4322.29,18637.7,1049.19,46.3844,0.482746,957.454,283013,92.0905,23.1957,0.267264,68.6275,108.831,23.1887,0.0718272,85.571,200.922,0,0,0
800,4,0,772,1,1,1,4317.58,18635.2,1049.25,46.3844,0.482746,957.511,283012,102.766,23.1957,0.267264,79.3029,101.37,23.1887,0.0718272,78.1099,204.136,0,0,0
800,4,0,773,1,1,2,4363,18684.5,1071.64,69.5741,0.698227,957.199,283013,78.309,23.1957,0.267264,54.8461,132.576,46.3784,0.287309,85.9103,210.885,1,0,0
800,4,0,774,1,1,1,4316.94,18645.8,1049.29,46.3844,0.482746,957.551,283011,92.4117,23.1957,0.267264,68.9488,104.531,23.1887,0.0718272,81.2701,196.942,0,0,0
800,4,0,775,1,1,1,4320.58,18643.6,1049.29,46.3844,0.482746,957.551,283011,85.5914,23.1957,0.267264,62.1284,113.197,23.1887,0.0718272,89.9368,198.789,0,0,0
800,4,0,776,1,1,1,4315.66,24641.6,1054.82,52.1883,0.696557,957.241,283012,139.257,28.9996,0.481075,109.284,24.6448,23.1887,0.0718272,1.38428,163.902,0,0,0
800,4,0,777,1,1,1,4318.86,24643.4,1054.7,52.1883,0.891994,956.93,283014,150.722,28.9996,0.676512,120.588,25.7042,23.1887,0.0718272,2.4437,176.426,0,0,0
800,4,0,778,1,1,1,4327.96,18660.3,1049.38,46.3844,0.678182,957.452,283009,105.353,23.1957,0.462701,81.6943,93.5123,23.1887,0.0718272,70.2518,198.865,0,0,0
800,4,0,779,1,1,1,4316.94,18633.9,1049.27,46.3844,0.482746,957.531,283012,110.003,23.1957,0.267264,86.5402,108.86,23.1887,0.0718272,85.5999,218.863,0,0,0
800,4,0,780,1,1,1,4317.26,18636.1,1049.13,46.3844,0.482746,957.394,283014,99.5569,23.1957,0.267264,76.094,65.7238,23.1887,0.0718272,42.4633,165.281,0,0,0
800,4,0,781,1,1,1,4332.47,18701.3,1049.19,46.3844,0.50112,957.432,283013,108.22,23.1957,0.267264,84.757,103.946,23.1887,0.0902016,80.6673,212.166,0,0,0
800,4,0,782,1,1,2,10329.6,24653.3,1071.66,69.5741,0.663149,957.257,283012,109.547,23.1957,0.267264,86.0835,231.536,46.3784,0.25223,184.905,341.083,1,0,0
800,4,0,783,1,1,1,4317.26,18631,1049.17,46.3844,0.482746,957.432,283013,106.125,23.1957,0.267264,82.6616,95.8369,23.1887,0.0718272,72.5764,201.962,0,0,0
800,4,0,784,1,1,1,4340.75,18678.6,1049.12,46.3844,0.6264,957.239,283014,111.164,23.1957,0.267264,87.7006,108.691,23.1887,0.0718272,85.4302,219.854,0,0,0
800,4,0,785,1,1,1,4316.62,18638.2,1049.17,46.3844,0.713261,957.201,283013,105.792,23.1957,0.497779,82.0985,104.836,23.1887,0.0718272,81.5752,210.628,0,0,0
800,4,0,786,1,1,1,4324.49,18653.6,1049.25,46.3844,0.482746,957.511,283012,112.562,23.1957,0.267264,89.0994,106.543,23.1887,0.0718272,83.2825,219.105,0,0,0
800,4,0,787,1,1,1,4314.38,18700.5,1049.13,46.3844,0.482746,957.392,283014,108.301,23.1957,0.267264,84.8382,104.188,23.1887,0.0718272,80.9272,212.489,0,0,0
800,4,0,788,1,1,1,4314.38,18634.2,1049.23,46.3844,0.482746,957.492,283012,106.856,23.1957,0.267264,83.3926,62.1576,23.1887,0.0718272,38.897,169.013,0,0,0
800,4,0,789,1,1,1,4323.41,24663.2,1054.72,52.1883,0.731635,957.105,283014,189.713,28.9996,0.516154,159.849,104.549,23.1887,0.0718272,81.2882,294.261,0,0,0
800,4,0,790,1,1,1,4338.37,18709.4,1049.24,46.3844,0.678182,957.309,283012,106.955,23.1957,0.462701,83.2969,107.481,23.1887,0.0718272,84.221,214.437,0,0,0
800,4,0,791,1,1,1,4314.38,18627.3,1049.19,46.3844,0.482746,957.454,283013,98.9848,23.1957,0.267264,75.5219,66.0938,23.1887,0.0718272,42.8333,165.079,0,0,0
800,4,0,792,1,1,2,10329.7,24646.5,1071.79,69.5741,0.806803,957.239,283010,61.6525,23.1957,0.267264,38.1896,236.527,46.3784,0.108576,190.04,298.18,1,0,0
800,4,0,793,1,1,1,4318.54,24637.5,1054.76,52.1883,0.731635,957.145,283013,172.935,28.9996,0.516154,143.027,31.3153,23.1887,0.0718272,8.05482,204.251,0,0,0
800,4,0,794,1,1,1,4336.05,18654.3,1049.35,46.3844,0.661478,957.434,283009,66.0624,23.1957,0.302342,42.5644,108.238,23.1887,0.0718272,84.9772,174.3,0,0,0
800,4,0,795,1,1,1,4317.64,18644.2,1049.13,46.3844,0.482746,957.394,283014,111.183,23.1957,0.267264,87.7205,62.9824,23.1887,0.0718272,39.7218,174.166,0,0,0
800,4,0,796,1,1,1,4331.8,18656,1049.25,46.3844,0.482746,957.511,283012,96.0773,23.1957,0.267264,72.6143,103.89,23.1887,0.0718272,80.6294,199.967,0,0,0
800,4,0,797,1,1,1,4342.54,18668.8,1049.13,46.3844,0.713261,957.163,283013,98.3861,23.1957,0.462701,74.7277,67.0963,23.1887,0.106906,43.8007,165.482,0,0,0
800,4,0,798,1,1,1,4318.15,18658.6,1049.15,46.3844,0.482746,957.414,283014,93.13,23.1957,0.267264,69.6671,48.3057,23.1887,0.0718272,25.0452,141.436,0,0,0
800,4,0,799,1,1,1,4318.66,18633.8,1049.13,46.3844,0.482746,957.392,283014,103.641,23.1957,0.267264,80.1782,95.7738,23.1887,0.0718272,72.5133,199.415,0,0,0
800,4,0,800,1,1,1,4317.96,18640.3,1049.25,46.3844,0.482746,957.511,283012,86.9594,23.1957,0.267264,63.4965,111.598,23.1887,0.0718272,88.3377,198.558,0,0,0
