N,seed,dutyCycle,devId,registered,authSuccess,attempts,latencyMs,e2eMs,fullEnergyMJ,fullCpuEnergyMJ,fullTxEnergyMJ,fullRxEnergyMJ,idleListeningMs,regEnergyMJ,regCpuEnergyMJ,regTxEnergyMJ,regRxEnergyMJ,authEnergyMJ,authCpuEnergyMJ,authTxEnergyMJ,authRxEnergyMJ,sessionEnergyMJ,fallbackUsed,replayRejected,desync
800,4,1,1,1,1,1,4317.26,18643,294.596,46.3844,0.482746,200.667,15071.6,99.7067,23.1957,0.267264,76.2438,52.408,23.1887,0.0718272,29.1475,152.115,0,0,0
800,4,1,2,1,1,1,4329.83,18651.3,388.28,46.3844,0.482746,294.623,13414,66.0869,23.1957,0.267264,42.624,105.967,23.1887,0.0718272,82.7068,172.054,0,0,0
800,4,1,3,1,1,1,4321.37,18652.1,413.779,46.3844,0.517824,320.161,12961.2,101.263,23.1957,0.302342,77.7652,66.5432,23.1887,0.0718272,43.2827,167.806,0,0,0
800,4,1,4,1,1,1,4336.06,24654.4,534.467,52.1883,0.571277,435.502,16917,188.738,28.9996,0.355795,159.035,104.085,23.1887,0.0718272,80.8244,292.822,0,0,0
800,4,1,5,1,1,1,4317.26,18632.4,328.759,46.3844,0.482746,234.929,14453.5,58.8388,23.1957,0.267264,35.3759,97.0877,23.1887,0.0718272,73.8271,155.927,0,0,0
800,4,1,6,1,1,1,4319.62,18646.6,378.03,46.3844,0.678182,284.148,13591.1,65.7734,23.1957,0.462701,42.115,103.437,23.1887,0.0718272,80.1764,169.21,0,0,0
800,4,1,7,1,1,1,4349.33,18671.6,442.192,46.3844,0.517824,348.657,12475.4,96.2856,23.1957,0.302342,72.7876,103.829,23.1887,0.0718272,80.5681,200.114,0,0,0
800,4,1,8,1,1,1,4320.62,18672.1,442.703,46.3844,0.517824,349.169,12466.8,106.112,23.1957,0.267264,82.649,99.1387,23.1887,0.106906,75.8431,205.251,0,0,0
800,4,1,9,1,1,1,4319.21,18686.8,446.293,46.3844,0.517824,352.77,12417.8,108.248,23.1957,0.302342,84.7498,105.946,23.1887,0.0718272,82.6851,214.193,0,0,0
800,4,1,10,1,1,1,4318.86,18659.9,371.081,46.3844,0.873619,276.983,13727.5,110.493,23.1957,0.658138,86.6394,62.9733,23.1887,0.0718272,39.7128,173.467,0,0,0
800,4,1,11,1,1,1,4318.66,18647.1,298.63,46.3844,0.517824,204.677,15003.8,60.648,23.1957,0.302342,37.15,88.939,23.1887,0.0718272,65.6785,149.587,0,0,0
800,4,1,12,1,1,2,10360.6,24684.9,543.472,69.5741,0.609696,427.586,17086.5,78.0979,23.1957,0.267264,54.6349,246.616,46.3784,0.198778,200.039,324.714,1,0,0
800,4,1,13,1,1,1,4317.7,18636.6,329.097,46.3844,0.482746,235.268,14451.8,58.3407,23.1957,0.267264,34.8778,96.7484,23.1887,0.0718272,73.4878,155.089,0,0,0
800,4,1,14,1,1,1,4322.49,18653.2,450.364,46.3844,0.517824,356.852,12311.7,107.821,23.1957,0.267264,84.3582,105.614,23.1887,0.106906,82.3187,213.435,0,0,0
800,4,1,15,1,1,1,4318.3,18678,450.266,46.3844,0.482746,356.789,12338.5,103.002,23.1957,0.267264,79.5393,110.218,23.1887,0.0718272,86.9571,213.22,0,0,0
800,4,1,16,1,1,1,4339.81,18659.5,411.532,46.3844,0.482746,317.943,13008.8,80.4243,23.1957,0.267264,56.9613,106.384,23.1887,0.0718272,83.1237,186.808,0,0,0
800,4,1,17,1,1,1,4324.51,18655.3,435.398,46.3844,0.552902,341.807,12579.7,91.1427,23.1957,0.337421,67.6096,105.462,23.1887,0.0718272,82.2014,196.605,0,0,0
800,4,1,18,1,0,0,-1,-1,848.628,23.1957,0.302342,779.042,269061,-1,-1,-1,-1,-1,-1,-1,-1,-1,0,0,0
800,4,1,19,1,1,1,4316.3,18649.8,326.337,46.3844,0.482746,232.5,14514,105.352,23.1957,0.267264,81.8892,63.5599,23.1887,0.0718272,40.2994,168.912,0,0,0
800,4,1,20,1,1,1,4317.26,18649.8,395.701,46.3844,0.482746,302.066,13280.6,100.992,23.1957,0.267264,77.5288,65.6823,23.1887,0.0718272,42.4218,166.674,0,0,0
800,4,1,21,1,1,1,4328.07,24648.1,353.096,52.1883,0.571277,253.603,20135.9,185.025,28.9996,0.355795,155.312,35.1054,23.1887,0.0718272,11.8449,220.131,0,0,0
800,4,1,22,1,1,1,4325.61,18646.8,445.033,46.3844,0.482746,351.541,12400.3,102.154,23.1957,0.267264,78.6911,103.996,23.1887,0.0718272,80.7359,206.15,0,0,0
800,4,1,23,1,1,1,4323.41,18644.4,436.595,46.3844,0.482746,343.078,12548,105.282,23.1957,0.267264,81.8188,93.0593,23.1887,0.0718272,69.7988,198.341,0,0,0
800,4,1,24,1,1,1,4317.9,18652.2,448.871,46.3844,0.482746,355.39,12337.5,110.142,23.1957,0.267264,86.6791,101.17,23.1887,0.0718272,77.9096,211.312,0,0,0
800,4,1,25,1,1,1,4315.02,18631.4,433.553,46.3844,0.482746,340.028,12589.1,107.35,23.1957,0.267264,83.8871,87.2822,23.1887,0.0718272,64.0217,194.632,0,0,0
800,4,1,26,1,1,1,4317.26,24641,278.447,52.1883,0.696557,178.612,21456.2,145.784,28.9996,0.481075,115.83,25.2927,23.1887,0.0718272,2.0322,171.076,0,0,0
800,4,1,27,1,1,1,4315.98,18644.1,322.423,46.3844,0.482746,228.574,14578,110.211,23.1957,0.267264,86.7477,62.6755,23.1887,0.0718272,39.415,172.886,0,0,0
800,4,1,28,1,0,0,-1,-1,908.953,23.1957,0.267264,839.577,271907,-1,-1,-1,-1,-1,-1,-1,-1,-1,0,0,0
800,4,1,29,1,1,1,4320.55,18641,448.336,46.3844,0.6264,354.71,12335.5,109.556,23.1957,0.267264,86.0926,111.667,23.1887,0.0718272,88.4063,221.222,0,0,0
800,4,1,30,1,1,1,4320.01,18639.2,348.252,46.3844,0.482746,254.479,14113.8,64.1594,23.1957,0.267264,40.6964,103.894,23.1887,0.0718272,80.633,168.053,0,0,0
800,4,1,31,1,1,1,4315.98,18629.2,396.175,46.3844,0.482746,302.54,13251.6,100.683,23.1957,0.267264,77.2202,64.9009,23.1887,0.0718272,41.6403,165.584,0,0,0
800,4,1,32,1,1,1,4324.1,18641.8,420.089,46.3844,0.482746,326.524,12838.9,85.2629,23.1957,0.267264,61.8,110.954,23.1887,0.0718272,87.6934,196.217,0,0,0
800,4,1,33,0,0,0,-1,-1,998.83,23.206,0.551232,929.421,279908,-1,-1,-1,-1,-1,-1,-1,-1,-1,0,0,0
800,4,1,34,0,0,0,-1,-1,522.863,23.206,0.516154,452.106,257056,-1,-1,-1,-1,-1,-1,-1,-1,-1,0,0,0
800,4,1,35,1,1,1,4322.35,18649.7,447.512,46.3844,0.517824,353.992,12358.9,104.573,23.1957,0.302342,81.0752,109.855,23.1887,0.0718272,86.5943,214.428,0,0,0
800,4,1,36,1,1,2,10332.8,24647.6,528.158,69.5741,0.519494,412.317,17322.5,69.886,23.1957,0.267264,46.4231,241.436,46.3784,0.108576,194.949,311.322,1,0,0
800,4,1,37,1,1,1,4335.19,18678,449.988,46.3844,0.517824,356.475,12343.3,104.716,23.1957,0.302342,81.2178,108.517,23.1887,0.0718272,85.2569,213.233,0,0,0
800,4,1,38,1,1,1,4319.55,18658.9,443.577,46.3844,0.482746,350.081,12438.4,104.941,23.1957,0.267264,81.4777,100.594,23.1887,0.0718272,77.3339,205.535,0,0,0
800,4,1,39,1,1,1,4325.77,18685.1,364.326,46.3844,0.482746,270.599,13873.8,112.746,23.1957,0.267264,89.2835,63.9299,23.1887,0.0718272,40.6694,176.676,0,0,0
800,4,1,40,1,1,1,4325.13,18655.5,316.259,46.3844,0.482746,222.393,14698.9,61.75,23.1957,0.267264,38.287,89.8017,23.1887,0.0718272,66.5412,151.552,0,0,0
800,4,1,41,1,1,1,4316.94,18709.3,354.106,46.3844,0.748339,260.084,14078.8,111.797,23.1957,0.532858,88.0688,62.2316,23.1887,0.0718272,38.971,174.029,0,0,0
800,4,1,42,1,1,1,4342.02,18659.9,451.209,46.3844,0.482746,357.735,12303.6,108.48,23.1957,0.267264,85.0169,106.05,23.1887,0.0718272,82.7898,214.53,0,0,0
800,4,1,43,1,1,1,4327.45,18693.4,448.543,46.3844,0.6264,354.918,12384.2,109.043,23.1957,0.267264,85.58,100.937,23.1887,0.0718272,77.6768,209.98,0,0,0
800,4,1,44,1,1,1,4317.9,18645.8,413.618,46.3844,0.482746,320.034,12958,101.096,23.1957,0.267264,77.6335,65.4279,23.1887,0.0718272,42.1673,166.524,0,0,0
800,4,1,45,1,1,2,10342.3,24656.1,590.721,69.5741,0.519494,475.063,16218.5,105.904,23.1957,0.267264,82.4415,252.102,46.3784,0.108576,205.615,358.007,1,0,0
800,4,1,46,1,1,1,4317.9,18644.8,309.335,46.3844,0.482746,215.448,14811.3,63.2823,23.1957,0.267264,39.8193,89.8414,23.1887,0.0718272,66.5809,153.124,0,0,0
800,4,1,47,1,0,0,-1,-1,720.585,28.9996,1.17262,644.111,263819,-1,-1,-1,-1,-1,-1,-1,-1,-1,0,0,0
800,4,1,48,1,1,1,4318.54,18638.7,381.537,46.3844,0.482746,287.86,13521.3,65.2712,23.1957,0.267264,41.8082,103.632,23.1887,0.0718272,80.3714,168.903,0,0,0
800,4,1,49,1,1,1,4331.06,18656.3,449.902,46.3844,0.482746,356.425,12323.3,106.639,23.1957,0.267264,83.176,107.698,23.1887,0.0718272,84.4376,214.337,0,0,0
800,4,1,50,1,1,1,4324.17,18656.1,332.401,46.3844,0.482746,238.582,14412.5,108.624,23.1957,0.267264,85.1613,64.3269,23.1887,0.0718272,41.0664,172.951,0,0,0
800,4,1,51,1,1,1,4332.61,18712.5,447.06,46.3844,0.678182,353.378,12429.6,108.04,23.1957,0.462701,84.3816,103.345,23.1887,0.0718272,80.0844,211.385,0,0,0
800,4,1,52,1,1,1,4328.28,18644.3,447.7,46.3844,0.482746,354.215,12350.5,105.488,23.1957,0.267264,82.0246,109.104,23.1887,0.0718272,85.8435,214.592,0,0,0
800,4,1,53,1,1,1,4339.62,18657.4,406.384,46.3844,0.661478,312.6,13097.6,77.8669,23.1957,0.267264,54.4039,108.419,23.1887,0.106906,85.1234,186.286,0,0,0
800,4,1,54,1,1,1,4314.38,24663.4,562.877,52.1883,1.12251,463.444,16419.7,228.01,28.9996,0.907027,197.866,98.4665,23.1887,0.0718272,75.206,326.476,0,0,0
800,4,1,55,1,1,1,4316.62,24648.7,500.077,52.1883,1.15759,400.426,17521.4,224.441,28.9996,0.942106,194.254,65.2257,23.1887,0.0718272,41.9652,289.667,0,0,0
800,4,1,56,1,1,1,4318.22,18632.7,442.634,46.3844,0.482746,349.135,12428.9,105.022,23.1957,0.267264,81.5589,100.551,23.1887,0.0718272,77.2906,205.573,0,0,0
800,4,1,57,0,0,0,-1,-1,606.422,29.0099,0.604685,530.174,259828,-1,-1,-1,-1,-1,-1,-1,-1,-1,0,0,0
800,4,1,58,1,1,1,4318.15,18659.1,297.981,46.3844,0.482746,204.062,15027.6,102.481,23.1957,0.267264,79.0178,54.9384,23.1887,0.0718272,31.6778,157.419,0,0,0
800,4,1,59,1,1,1,4331.46,18656.9,430.19,46.3844,0.482746,336.655,12674.4,90.0077,23.1957,0.267264,66.5448,102.565,23.1887,0.0718272,79.3047,192.573,0,0,0
800,4,1,60,1,1,1,4337.8,18658.8,448.344,46.3844,0.482746,354.862,12353.5,103.425,23.1957,0.267264,79.9617,108.431,23.1887,0.0718272,85.1703,211.855,0,0,0
800,4,1,61,1,1,1,4318.74,18692.3,289.463,46.3844,0.713261,195.288,15211.6,96.5478,23.1957,0.497779,72.8544,50.8234,23.1887,0.0718272,27.5629,147.371,0,0,0
800,4,1,62,1,1,1,4319.07,18673.6,303.868,46.3844,0.517824,209.931,14937.1,108.417,23.1957,0.302342,84.9194,56.9958,23.1887,0.0718272,33.7353,165.413,0,0,0
800,4,1,63,1,1,1,4315.66,18633.6,391.789,46.3844,0.482746,298.142,13334,67.0272,23.1957,0.267264,43.5643,106.382,23.1887,0.0718272,83.1219,173.41,0,0,0
800,4,1,64,1,1,1,4320.97,18653,320.521,46.3844,0.482746,226.667,14620.6,63.6324,23.1957,0.267264,40.1694,91.9241,23.1887,0.0718272,68.6636,155.557,0,0,0
800,4,1,65,1,1,1,4327.17,18688.5,445.218,46.3844,1.06906,351.14,12437.4,107.057,23.1957,0.853574,83.0082,100.587,23.1887,0.0718272,77.3267,207.645,0,0,0
800,4,1,66,1,1,1,4320.62,18658.5,450.009,46.3844,0.517824,356.497,12323.4,111.078,23.1957,0.302342,87.5797,112.618,23.1887,0.0718272,89.3575,223.696,0,0,0
800,4,1,67,1,1,1,4316.94,18631.4,334.014,46.3844,0.482746,240.199,14359.1,59.8622,23.1957,0.267264,36.3992,99.1361,23.1887,0.0718272,75.8756,158.998,0,0,0
800,4,1,68,1,1,1,4315.98,18629.8,345.875,46.3844,0.482746,252.094,14146.6,63.6938,23.1957,0.267264,40.2308,102.616,23.1887,0.0718272,79.3553,166.31,0,0,0
800,4,1,69,1,1,1,4316.34,18651.4,332.054,46.3844,0.482746,238.234,14413.9,108.72,23.1957,0.267264,85.2569,64.1519,23.1887,0.0718272,40.8914,172.872,0,0,0
800,4,1,70,1,1,1,4320.58,18652.9,377.419,46.3844,0.482746,283.731,13608.7,66.5237,23.1957,0.267264,43.0607,102.998,23.1887,0.0718272,79.7379,169.522,0,0,0
800,4,1,71,1,1,1,4315.98,18647.2,450.13,46.3844,0.517824,356.618,12309.9,110.769,23.1957,0.302342,87.2711,111.461,23.1887,0.0718272,88.2006,222.23,0,0,0
800,4,1,72,1,1,1,4318.54,18634.6,386.255,46.3844,0.482746,292.592,13433.4,66.2223,23.1957,0.267264,42.7593,104.46,23.1887,0.0718272,81.1998,170.683,0,0,0
800,4,1,73,1,1,1,4316.62,18634,444.993,46.3844,0.482746,351.501,12388.3,102.042,23.1957,0.267264,78.5792,104.078,23.1887,0.0718272,80.8171,206.12,0,0,0
800,4,1,74,1,1,1,4316.62,18635.4,413.906,46.3844,0.482746,320.323,12942.5,101.522,23.1957,0.267264,78.0594,65.8592,23.1887,0.0718272,42.5987,167.382,0,0,0
800,4,1,75,1,1,1,4321.86,18641.6,442.686,46.3952,0.50112,349.158,12436.9,105.421,23.2065,0.285638,81.9289,99.4465,23.1887,0.0718272,76.186,204.868,0,0,0
800,4,1,76,1,1,1,4321.54,18671.5,359.749,46.3844,0.552902,265.939,13941.1,111.833,23.1957,0.337421,88.2998,61.9933,23.1887,0.0718272,38.7328,173.826,0,0,0
800,4,1,77,1,1,1,4359.29,18695.5,433.626,46.3844,0.587981,339.995,12651.2,108.287,23.1957,0.337421,84.7534,87.052,23.1887,0.106906,63.7564,195.338,0,0,0
800,4,1,78,1,1,1,4319.45,18636.5,309.425,46.3844,0.482746,215.538,14801.4,109.565,23.1957,0.267264,86.1016,58.9919,23.1887,0.0718272,35.7314,168.556,0,0,0
800,4,1,79,1,1,1,4323.27,18654.3,438.481,46.3844,0.482746,344.969,12524.4,92.3919,23.1957,0.267264,68.9289,103.95,23.1887,0.0718272,80.689,196.341,0,0,0
800,4,1,80,1,1,1,4318.24,18669.2,447.698,46.3844,0.482746,354.214,12375.4,106.278,23.1957,0.267264,82.8151,108.021,23.1887,0.0718272,84.7606,214.299,0,0,0
800,4,1,81,1,1,1,4323.85,18642.6,332.112,46.3952,0.50112,238.262,14404.1,58.9691,23.2065,0.285638,35.477,97.2393,23.1887,0.0718272,73.9788,156.208,0,0,0
800,4,1,82,1,1,1,4317.26,18642.3,440.91,46.3844,0.482746,347.406,12469.2,96.1242,23.1957,0.267264,72.6612,102.442,23.1887,0.0718272,79.182,198.567,0,0,0
800,4,1,83,1,1,1,4327.51,18643,310.128,46.3844,0.482746,216.244,14795.4,66.3649,23.1957,0.267264,42.9019,91.1029,23.1887,0.0718272,67.8424,157.468,0,0,0
800,4,1,84,1,1,1,4315.34,24634.2,277.533,52.1883,0.891994,177.5,21465.1,145.511,28.9996,0.676512,115.363,24.8812,23.1887,0.0718272,1.62071,170.393,0,0,0
800,4,1,85,1,1,1,4340.94,18655.4,341.85,46.3844,0.517824,248.023,14243.6,59.7376,23.1957,0.267264,36.2747,102.003,23.1887,0.106906,78.7073,161.741,0,0,0
800,4,1,86,1,1,1,4316.62,18632.7,374.106,46.3844,0.482746,280.408,13647.5,107.978,23.1957,0.267264,84.5152,61.6775,23.1887,0.0718272,38.417,169.656,0,0,0
800,4,1,87,1,1,1,4335.84,18678.6,444.555,46.3844,0.713261,350.831,12440,106.565,23.1957,0.462701,82.9071,100.281,23.1887,0.106906,76.9855,206.847,0,0,0
800,4,1,88,1,1,1,4316.97,18632.1,313.938,46.3844,0.482746,220.065,14716.8,62.7805,23.1957,0.267264,39.3176,91.9476,23.1887,0.0718272,68.6871,154.728,0,0,0
800,4,1,89,1,0,0,-1,-1,426.796,23.1957,0.337421,355.948,253694,-1,-1,-1,-1,-1,-1,-1,-1,-1,0,0,0
800,4,1,90,1,1,1,4321.99,18650.7,422.121,46.3844,0.482746,328.562,12811.7,105.637,23.1957,0.267264,82.1743,78.352,23.1887,0.0718272,55.0915,183.989,0,0,0
800,4,1,91,1,1,1,4316.94,24695.4,457.134,52.1883,0.997229,357.518,18332,227.186,28.9996,0.781747,197.16,60.9303,23.1887,0.0718272,37.6698,288.116,0,0,0
800,4,1,92,1,1,1,4335.29,18649.5,315.586,46.3844,0.482746,221.718,14704.9,62.8545,23.1957,0.267264,39.3916,92.4222,23.1887,0.0718272,69.1617,155.277,0,0,0
800,4,1,93,1,1,1,4322.5,18639.2,266.672,46.3844,0.482746,172.662,15564.4,83.2091,23.1957,0.267264,59.7461,42.4943,23.1887,0.0718272,19.2338,125.703,0,0,0
800,4,1,94,1,1,1,4319.5,18646.5,443.59,46.3844,0.678182,349.898,12425.2,106.197,23.1957,0.462701,82.5389,100.051,23.1887,0.0718272,76.7906,206.248,0,0,0
800,4,1,95,1,1,1,4354.91,18739,428.429,46.3844,0.943776,334.428,12786.4,89.332,23.1957,0.658138,65.4781,110.38,23.1887,0.141984,87.0491,199.712,0,0,0
800,4,1,96,1,1,1,4324.55,18637.8,317.665,46.3844,0.482746,223.802,14656.2,61.75,23.1957,0.267264,38.287,89.401,23.1887,0.0718272,66.1405,151.151,0,0,0
800,4,1,97,1,1,1,4323.66,18644.7,424.161,46.3844,0.482746,330.609,12769.4,86.7844,23.1957,0.267264,63.3214,111.425,23.1887,0.0718272,88.1645,198.209,0,0,0
800,4,1,98,1,1,1,4315.02,18645.9,424.838,46.3844,0.482746,331.287,12758.6,105.677,23.1957,0.267264,82.2141,80.8733,23.1887,0.0718272,57.6128,186.55,0,0,0
800,4,1,99,1,1,1,4340.84,18666.5,447.426,46.3844,0.661478,353.762,12376.9,105.891,23.1957,0.302342,82.3927,108.156,23.1887,0.0718272,84.896,214.047,0,0,0
800,4,1,100,1,1,1,4356.8,18677.1,370.061,46.3844,0.482746,276.351,13763.8,66.549,23.1957,0.267264,43.086,108.545,23.1887,0.0718272,85.284,175.093,0,0,0
800,4,1,101,1,1,1,4317.26,18632.1,393.234,46.3844,0.482746,299.591,13306.7,69.7723,23.1957,0.267264,46.3094,106.126,23.1887,0.0718272,82.8656,175.898,0,0,0
800,4,1,102,1,1,1,4317.58,18651.8,446.506,46.3844,0.517824,352.983,12379,106.882,23.1957,0.302342,83.3836,100.872,23.1887,0.0718272,77.6118,207.754,0,0,0
800,4,1,103,1,1,1,4384.04,18713.1,407.981,46.3844,0.517824,314.346,13125.3,78.2946,23.1957,0.267264,54.8316,109.121,23.1887,0.106906,85.8255,187.416,0,0,0
800,4,1,104,1,1,1,4323.37,18645.2,441.632,46.3844,0.482746,348.13,12459.2,103.372,23.1957,0.267264,79.9093,98.7463,23.1887,0.0718272,75.4858,202.119,0,0,0
800,4,1,105,1,1,1,4318.15,24636.4,498.665,52.1883,0.83687,399.33,17534.7,224.888,28.9996,0.621389,195.025,64.4027,23.1887,0.0718272,41.1422,289.29,0,0,0
800,4,1,106,1,1,1,4358.79,18673,437.905,46.3844,0.840211,344.035,12552,90.0601,23.1957,0.267264,66.5971,104.415,23.1887,0.141984,81.0842,194.475,0,0,0
800,4,1,107,1,1,1,4326.09,18642.4,443.371,46.3844,0.517824,349.839,12425.2,105.522,23.1957,0.267264,82.0588,100.438,23.1887,0.106906,77.1426,205.96,0,0,0
800,4,1,108,1,1,1,4323.76,18654.1,381.256,46.3844,0.482746,287.579,13541.8,104.129,23.1957,0.267264,80.6655,66.3465,23.1887,0.0718272,43.086,170.475,0,0,0
800,4,1,109,1,1,1,4329.35,18648.7,332.601,46.3844,0.482746,238.782,14401.6,108.687,23.1957,0.267264,85.2245,64.2078,23.1887,0.0718272,40.9473,172.895,0,0,0
800,4,1,110,1,1,1,4329.21,18660.7,441.747,46.3844,0.482746,348.245,12472.7,102.963,23.1957,0.267264,79.4996,98.4034,23.1887,0.0718272,75.1428,201.366,0,0,0
800,4,1,111,1,1,1,4316.94,18632.1,307.749,46.3844,0.482746,213.858,14826.8,66.1916,23.1957,0.267264,42.7286,90.7528,23.1887,0.0718272,67.4923,156.944,0,0,0
800,4,1,112,1,1,1,4319.11,18648.9,370.342,46.3844,0.482746,276.633,13730.6,66.641,23.1957,0.267264,43.178,106.953,23.1887,0.0718272,83.6922,173.594,0,0,0
800,4,1,113,1,1,1,4319.02,18635.1,352.182,46.3844,0.482746,258.42,14039.8,63.7154,23.1957,0.267264,40.2525,106.103,23.1887,0.0718272,82.8421,169.818,0,0,0
800,4,1,114,1,1,1,4321.19,18645.7,367.831,46.3844,0.661478,273.936,13771.4,113.077,23.1957,0.302342,89.5794,66.2418,23.1887,0.0718272,42.9813,179.319,0,0,0
800,4,1,115,1,1,1,4325.32,18647.8,440.367,46.3844,0.482746,346.861,12484.4,103.87,23.1957,0.267264,80.4074,100.004,23.1887,0.0718272,76.7437,203.875,0,0,0
800,4,1,116,1,1,1,4321.67,18637.4,402.342,46.3844,0.517824,308.691,13149.9,76.2804,23.1957,0.267264,52.8175,105.022,23.1887,0.106906,81.7268,181.303,0,0,0
800,4,1,117,1,1,1,4318.22,18644.7,354.659,46.3844,0.482746,260.904,14005.3,111.196,23.1957,0.267264,87.7331,62.5239,23.1887,0.0718272,39.2634,173.72,0,0,0
800,4,1,118,1,1,2,10341.6,24654.5,464.215,69.5741,0.663149,348.045,18466.1,63.1541,23.1957,0.267264,39.6912,235.117,46.3784,0.25223,188.486,298.271,1,0,0
800,4,1,119,1,1,1,4331.68,18647.8,374.387,46.3844,0.482746,280.69,13657.6,67.029,23.1957,0.267264,43.5661,105.98,23.1887,0.0718272,82.7194,173.009,0,0,0
800,4,1,120,1,1,1,4319.94,18639.4,367.536,46.3844,0.482746,273.819,13771,110.523,23.1957,0.267264,87.0599,63.6537,23.1887,0.0718272,40.3932,174.177,0,0,0
800,4,1,121,1,1,1,4318.42,24656.9,570.576,52.1883,0.766714,471.52,16276.9,225.101,28.9996,0.516154,195.341,110.496,23.1887,0.106906,87.2007,335.597,0,0,0
800,4,1,122,1,1,1,4315.34,18662,355.943,46.3844,0.482746,262.192,13999.7,112.371,23.1957,0.267264,88.9081,62.7604,23.1887,0.0718272,39.4999,175.131,0,0,0
800,4,1,123,1,1,1,4316.3,18633.6,452.181,46.3844,0.482746,358.709,12260,110.936,23.1957,0.267264,87.4732,105.828,23.1887,0.0718272,82.5678,216.765,0,0,0
800,4,1,124,1,1,1,4327.59,24675.8,480.543,52.1883,1.51338,380.479,17895.2,226.699,28.9996,1.2979,196.16,66.1263,23.1887,0.0718272,42.8658,292.825,0,0,0
800,4,1,125,1,1,1,4326.22,18652.9,443.179,46.3844,0.482746,349.682,12439.5,106.092,23.1957,0.267264,82.6292,99.3888,23.1887,0.0718272,76.1283,205.481,0,0,0
800,4,1,126,1,1,1,4357.48,18719.6,430.058,46.3844,0.6264,336.379,12739,91.4805,23.1957,0.267264,68.0175,104.37,23.1887,0.0718272,81.1095,195.85,0,0,0
800,4,1,127,1,1,1,4336.74,24657.1,572.448,52.1883,0.983866,473.181,16243.6,225.473,28.9996,0.481075,195.752,111.346,23.1887,0.0718272,88.0851,336.819,0,0,0
800,4,1,128,1,1,2,10333.7,24669.9,523.666,69.5741,0.714931,407.618,17424.1,66.4755,23.1957,0.462701,42.8171,241.88,46.3784,0.108576,195.393,308.356,1,0,0
800,4,1,129,1,1,1,4317.26,18640.5,430.32,46.3844,0.482746,336.785,12655.7,89.4284,23.1957,0.267264,65.9654,106.973,23.1887,0.0718272,83.712,196.401,0,0,0
800,4,1,130,1,1,1,4316.62,18662.8,304.537,46.3844,0.482746,210.636,14914.7,108.512,23.1957,0.267264,85.0494,57.4687,23.1887,0.0718272,34.2082,165.981,0,0,0
800,4,1,131,1,1,1,4352.26,24706.5,477.995,52.1883,0.766714,378.671,17972.8,226.46,28.9996,0.516154,196.702,65.0226,23.1887,0.106906,41.727,291.483,0,0,0
800,4,1,132,1,1,1,4317.58,18651.2,278.039,46.3844,0.873619,183.671,15373.3,91.3082,23.1957,0.658138,67.4544,47.4791,23.1887,0.0718272,24.2186,138.787,0,0,0
800,4,1,133,1,1,1,4337.52,18660.5,438.901,46.3844,0.517824,345.356,12522.9,103.179,23.1957,0.267264,79.7162,98.5431,23.1887,0.106906,75.2475,201.722,0,0,0
800,4,1,134,1,1,1,4326.42,18660,444.091,46.3844,0.517824,350.561,12430.1,104.823,23.1957,0.267264,81.3604,103.519,23.1887,0.106906,80.2234,208.342,0,0,0
800,4,1,135,1,1,1,4322.5,18641.3,316.333,46.3844,0.482746,222.467,14683.4,111.461,23.1957,0.267264,87.9984,61.6306,23.1887,0.0718272,38.37,173.092,0,0,0
800,4,1,136,1,1,1,4338.96,18664.2,438.222,46.3844,0.517824,344.675,12538.6,92.3439,23.1957,0.302342,68.8459,105.451,23.1887,0.0718272,82.1906,197.795,0,0,0
800,4,1,137,1,1,1,4319.05,18651.1,444.029,46.3844,0.482746,350.534,12422.5,106.121,23.1957,0.267264,82.658,100.239,23.1887,0.0718272,76.9783,206.36,0,0,0
800,4,1,138,1,1,1,4330.12,18664.7,396.845,46.3844,0.517824,303.178,13274.9,99.8357,23.1957,0.302342,76.3376,65.1589,23.1887,0.0718272,41.8984,164.995,0,0,0
800,4,1,139,1,1,1,4322.95,18634.6,380.515,46.3844,0.482746,286.835,13535.4,65.2495,23.1957,0.267264,41.7865,103.067,23.1887,0.0718272,79.8065,168.316,0,0,0
800,4,1,140,1,1,1,4315.66,18639.6,449.658,46.3952,0.50112,356.15,12310.9,111.626,23.2065,0.285638,88.1338,109.223,23.1887,0.0718272,85.9626,220.849,0,0,0
800,4,1,141,1,1,1,4323.46,18647.7,398.399,46.3844,0.482746,304.771,13230.5,74.3565,23.1957,0.267264,50.8936,106.319,23.1887,0.0718272,83.0587,180.676,0,0,0
800,4,1,142,1,1,1,4334.25,18679.9,448.485,46.3844,0.517824,354.968,12371.8,108.809,23.1957,0.302342,85.3111,101.659,23.1887,0.0718272,78.3987,210.468,0,0,0
800,4,1,143,1,1,1,4327.5,18648.2,277.54,46.3844,0.552902,183.49,15379.7,90.939,23.1957,0.267264,67.4761,47.2894,23.1887,0.141984,23.9587,138.228,0,0,0
800,4,1,144,1,1,1,4321.16,18645.8,396.623,46.3844,0.482746,302.99,13260.2,99.6057,23.1957,0.267264,76.1427,64.7529,23.1887,0.0718272,41.4924,164.359,0,0,0
800,4,1,145,1,1,1,4319.11,18631.7,391.749,46.3844,0.482746,298.102,13332.7,67.6102,23.1957,0.267264,44.1472,105.837,23.1887,0.0718272,82.5768,173.448,0,0,0
800,4,1,146,1,1,1,4338.31,18667.1,397.109,46.3844,0.482746,303.477,13272.9,99.6039,23.1957,0.267264,76.1409,64.9406,23.1887,0.0718272,41.6801,164.544,0,0,0
800,4,1,147,1,1,1,4321.45,18641.2,445.074,46.3844,0.482746,351.582,12394,101.983,23.1957,0.267264,78.5196,103.536,23.1887,0.0718272,80.2757,205.519,0,0,0
800,4,1,148,1,1,1,4318.47,18661.4,331.451,46.3844,0.908698,237.203,14433.5,107.962,23.1957,0.693216,84.073,64.4442,23.1887,0.0718272,41.1837,172.406,0,0,0
800,4,1,149,1,1,1,4319.08,18650.2,449.318,46.3844,0.482746,355.838,12327.6,102.481,23.1957,0.267264,79.0178,108.88,23.1887,0.0718272,85.6197,211.361,0,0,0
800,4,1,150,1,1,1,4317.9,18634.8,389.45,46.3844,0.482746,295.796,13376.8,102.011,23.1957,0.267264,78.5485,65.0344,23.1887,0.0718272,41.7739,167.046,0,0,0
800,4,1,151,1,0,0,-1,-1,910.097,23.1957,0.407578,840.584,271971,-1,-1,-1,-1,-1,-1,-1,-1,-1,0,0,0
800,4,1,152,1,1,1,4334.95,18648.8,438.052,46.3844,0.482746,344.54,12526.5,92.0002,23.1957,0.267264,68.5373,105.258,23.1887,0.0718272,81.9975,197.258,0,0,0
800,4,1,153,1,1,1,4320.81,18652.1,375.834,46.3844,0.482746,282.141,13636.2,68.2401,23.1957,0.267264,44.7771,102.477,23.1887,0.0718272,79.2163,170.717,0,0,0
800,4,1,154,1,1,1,4322.45,18640.5,341.002,46.3844,0.482746,247.207,14244,60.5462,23.1957,0.267264,37.0832,100.676,23.1887,0.0718272,77.4151,161.222,0,0,0
800,4,1,155,1,1,1,4321.22,18636.7,449.228,46.3844,0.482746,355.748,12315.6,108.428,23.1957,0.267264,84.9646,110.627,23.1887,0.0718272,87.3668,219.055,0,0,0
800,4,1,156,1,1,1,4317.73,18642.4,316.701,46.3844,0.517824,222.801,14677.7,62.6568,23.1957,0.302342,39.1587,90.5435,23.1887,0.0718272,67.2829,153.2,0,0,0
800,4,1,157,1,1,1,4328.68,18658.8,447.449,46.3844,0.517824,353.928,12369.2,103.538,23.1957,0.267264,80.0754,106.01,23.1887,0.106906,82.714,209.548,0,0,0
800,4,1,158,1,1,1,4326.03,18655,381.507,46.3844,0.678182,287.635,13537.7,65.6796,23.1957,0.462701,42.0212,103.758,23.1887,0.0718272,80.4977,169.438,0,0,0
800,4,1,159,1,1,1,4323.02,18686,437.725,46.3844,0.678182,344.017,12569.1,106.356,23.1957,0.462701,82.6977,95.4308,23.1887,0.0718272,72.1703,201.787,0,0,0
800,4,1,160,1,1,1,4329.22,18648.5,425.231,46.3844,0.6264,331.538,12753.8,87.8492,23.1957,0.267264,64.3862,109.866,23.1887,0.0718272,86.6051,197.715,0,0,0
800,4,1,161,1,1,1,4315.98,18637.2,449.447,46.3844,0.482746,355.968,12312.2,107.318,23.1957,0.267264,83.8546,102.991,23.1887,0.0718272,79.7306,210.309,0,0,0
800,4,1,162,1,1,1,4326.52,18657.3,442.76,46.3844,0.482746,349.261,12451.3,105.273,23.1957,0.267264,81.8098,100.999,23.1887,0.0718272,77.7382,206.271,0,0,0
800,4,1,163,1,1,1,4328.96,18669.6,438.802,46.3844,1.21271,344.562,12532.2,91.9819,23.1957,0.853574,67.9327,102.901,23.1887,0.0718272,79.6404,194.883,0,0,0
800,4,1,164,1,1,1,4316.62,18649.2,318.545,46.3844,0.482746,224.685,14652,112.497,23.1957,0.267264,89.0344,62.8091,23.1887,0.0718272,39.5486,175.306,0,0,0
800,4,1,165,1,1,1,4348.21,18664,423.007,46.3844,0.805133,329.129,12808.2,87.1327,23.1957,0.267264,63.6697,110.758,23.1887,0.106906,87.4624,197.891,0,0,0
800,4,1,166,1,1,1,4325.13,18676.6,310.795,46.3844,0.678182,216.717,14816.7,66.1163,23.1957,0.462701,42.4579,90.7131,23.1887,0.0718272,67.4526,156.829,0,0,0
800,4,1,167,1,1,1,4318.34,18635.6,277.59,46.3844,0.482746,183.611,15366.7,91.0942,23.1957,0.267264,67.6313,47.2427,23.1887,0.0718272,23.9822,138.337,0,0,0
800,4,1,168,1,1,1,4319.82,18643.5,274.999,46.3844,0.482746,181.012,15420.6,89.3797,23.1957,0.267264,65.9167,46.6706,23.1887,0.0718272,23.4101,136.05,0,0,0
800,4,1,169,1,1,1,4317.96,18661,271.339,46.3844,0.482746,177.341,15503.3,86.9432,23.1957,0.267264,63.4802,45.261,23.1887,0.0718272,22.0005,132.204,0,0,0
800,4,1,170,1,0,0,-1,-1,1000.6,23.1957,0.267264,931.486,280017,-1,-1,-1,-1,-1,-1,-1,-1,-1,0,0,0
800,4,1,171,1,1,1,4336.06,18683.2,317.094,46.3844,0.873619,222.839,14710.9,62.7004,23.1957,0.658138,38.8465,90.0201,23.1887,0.0718272,66.7596,152.72,0,0,0
800,4,1,172,1,1,1,4333.63,18678.7,450.093,46.3844,0.482746,356.616,12342.3,111.337,23.1957,0.267264,87.8739,112.349,23.1887,0.0718272,89.0885,223.686,0,0,0
800,4,1,173,1,1,1,4319.85,18649.3,375.48,46.3844,0.482746,281.785,13639.7,68.0072,23.1957,0.267264,44.5443,102.868,23.1887,0.0718272,79.6079,170.876,0,0,0
800,4,1,174,1,1,1,4326.09,18641.5,443.043,46.3844,0.482746,349.545,12430.5,98.4668,23.1957,0.267264,75.0039,103.085,23.1887,0.0718272,79.8245,201.552,0,0,0
800,4,1,175,1,1,1,4315.02,18632.5,357.75,46.3844,0.482746,264.004,13938.1,110.851,23.1957,0.267264,87.3884,61.876,23.1887,0.0718272,38.6155,172.727,0,0,0
800,4,1,176,1,1,1,4326.06,18641.1,443.762,46.3844,0.482746,350.267,12417.3,105.296,23.1957,0.267264,81.8332,101.23,23.1887,0.0718272,77.9692,206.526,0,0,0
800,4,1,177,1,1,1,4334.54,18650,338.815,46.3844,0.482746,245.014,14292.3,60.317,23.1957,0.267264,36.854,100.185,23.1887,0.0718272,76.9242,160.502,0,0,0
800,4,1,178,1,1,1,4316.87,18631.7,398.831,46.3844,0.482746,305.204,13206.8,97.6565,23.1957,0.267264,74.1935,62.4734,23.1887,0.0718272,39.2129,160.13,0,0,0
800,4,1,179,1,1,1,4319.82,18643.1,317.223,46.3844,0.517824,223.324,14669.1,112.408,23.1957,0.302342,88.9099,62.3362,23.1887,0.0718272,39.0757,174.744,0,0,0
800,4,1,180,1,1,1,4321.54,18640,445.996,46.3844,0.482746,352.506,12376.4,102.593,23.1957,0.267264,79.1297,107.045,23.1887,0.0718272,83.7842,209.637,0,0,0
800,4,1,181,1,1,1,4332.29,18645.8,422.349,46.3844,0.482746,328.791,12802.8,106.101,23.1957,0.267264,82.6382,78.0885,23.1887,0.0718272,54.828,184.19,0,0,0
800,4,1,182,1,1,1,4316.94,18640,321.419,46.3844,0.482746,227.567,14591.7,110.647,23.1957,0.267264,87.1845,63.2621,23.1887,0.0718272,40.0016,173.91,0,0,0
800,4,1,183,1,1,1,4325.93,18672.9,434.615,46.3844,0.482746,341.093,12611.7,108.565,23.1957,0.267264,85.1017,89.0022,23.1887,0.0718272,65.7416,197.567,0,0,0
800,4,1,184,1,1,1,4368.15,18705.3,407.725,46.3844,0.517824,314.089,13122,78.7159,23.1957,0.302342,55.2179,108.23,23.1887,0.0718272,84.97,186.946,0,0,0
800,4,1,185,1,1,1,4327.25,24670.7,571.042,52.1883,0.927072,471.827,16282.2,232.656,28.9996,0.676512,202.757,111.565,23.1887,0.106906,88.2692,344.221,0,0,0
800,4,1,186,1,1,1,4316.94,18672.6,387.699,46.3844,0.482746,294.04,13445.7,103.491,23.1957,0.267264,80.0284,65.0344,23.1887,0.0718272,41.7739,168.526,0,0,0
800,4,1,187,1,1,1,4316.45,18629.7,436.571,46.3844,0.482746,343.055,12533.7,91.7097,23.1957,0.267264,68.2467,105.568,23.1887,0.0718272,82.3079,197.278,0,0,0
800,4,1,188,1,1,1,4324.87,18641.9,441.191,46.3844,0.482746,347.688,12463.8,104.399,23.1957,0.267264,80.9363,98.3203,23.1887,0.0718272,75.0598,202.72,0,0,0
800,4,1,189,1,1,1,4332.01,18658.1,367.3,46.3844,0.6264,273.438,13793.5,110.138,23.1957,0.267264,86.6755,63.0924,23.1887,0.0718272,39.8319,173.231,0,0,0
800,4,1,190,1,1,1,4317.58,18635.4,414.388,46.3844,0.482746,320.807,12933.9,101.232,23.1957,0.267264,77.7688,66.5342,23.1887,0.0718272,43.2737,167.766,0,0,0
800,4,1,191,1,1,1,4315.02,18628.2,299.54,46.3844,0.482746,205.624,14969,103.645,23.1957,0.267264,80.1818,55.7,23.1887,0.0718272,32.4395,159.345,0,0,0
800,4,1,192,1,1,1,4329.01,18647.3,398.956,46.3844,0.517824,305.295,13220,74.3944,23.1957,0.267264,50.9315,106.504,23.1887,0.106906,83.2085,180.899,0,0,0
800,4,1,193,1,1,1,4320.42,18634.6,423.737,46.3844,0.482746,330.183,12766.9,86.7681,23.1957,0.267264,63.3052,110.115,23.1887,0.0718272,86.8542,196.883,0,0,0
800,4,1,194,1,1,1,4315.34,18648.3,348.504,46.3844,0.482746,254.731,14118.4,109.234,23.1957,0.267264,85.7713,61.9374,23.1887,0.0718272,38.6769,171.172,0,0,0
800,4,1,195,1,0,0,-1,-1,901.852,23.1957,0.302342,832.421,271480,-1,-1,-1,-1,-1,-1,-1,-1,-1,0,0,0
800,4,1,196,1,1,2,10333,24671.7,563.873,46.3844,0.679853,470.529,16311.2,110.511,23.1957,0.302342,87.013,219.749,23.1887,0.0902016,196.054,330.26,0,0,0
800,4,1,197,1,1,1,4322.31,18649,427.361,46.3844,0.482746,333.818,12716.8,106.235,23.1957,0.267264,82.7717,82.855,23.1887,0.0718272,59.5945,189.09,0,0,0
800,4,1,198,1,1,1,4375.56,18698.5,386.822,46.3844,0.482746,293.161,13487.2,67.5723,23.1957,0.267264,44.1093,106.16,23.1887,0.0718272,82.8999,173.733,0,0,0
800,4,1,199,1,1,1,4318.86,18636.3,346.24,46.3844,0.482746,252.461,14146.7,108.354,23.1957,0.267264,84.8906,61.7587,23.1887,0.0718272,38.4982,170.112,0,0,0
800,4,1,200,1,1,1,4327.09,18643.9,311.237,46.3844,0.482746,217.356,14776.7,64.7135,23.1957,0.267264,41.2505,91.491,23.1887,0.0718272,68.2305,156.204,0,0,0
800,4,1,201,1,1,1,4331.55,18654.6,331.75,46.3844,0.482746,237.929,14422.6,58.7847,23.1957,0.267264,35.3217,97.4631,23.1887,0.0718272,74.2025,156.248,0,0,0
800,4,1,202,1,1,1,4342.77,18656,426.35,46.3844,0.661478,332.625,12741.1,87.9033,23.1957,0.267264,64.4404,110.594,23.1887,0.106906,87.2982,198.497,0,0,0
800,4,1,203,1,1,1,4320.9,18659.8,452.152,46.3844,0.482746,358.681,12286.8,110.552,23.1957,0.267264,87.0888,104.421,23.1887,0.0718272,81.1601,214.972,0,0,0
800,4,1,204,1,1,1,4315.34,18641.8,392.698,46.3844,0.482746,299.054,13326,99.4793,23.1957,0.267264,76.0164,64.4478,23.1887,0.0718272,41.1873,163.927,0,0,0
800,4,1,205,1,1,1,4314.38,24641.5,532.587,52.1883,0.536198,433.652,16937.8,221.694,28.9996,0.320717,192.121,65.408,23.1887,0.0718272,42.1475,287.102,0,0,0
800,4,1,206,1,1,1,4330.09,18643,376.467,46.3844,0.6264,282.632,13615.4,67.4658,23.1957,0.267264,44.0028,101.836,23.1887,0.0718272,78.5756,169.302,0,0,0
800,4,1,207,1,1,1,4377.08,18709.3,442.255,46.3844,0.517824,348.72,12512,96.1892,23.1957,0.267264,72.7262,103.431,23.1887,0.106906,80.1349,199.62,0,0,0
800,4,1,208,1,1,1,4323.08,18638.5,450.028,46.3844,0.482746,356.551,12303.3,111.416,23.1957,0.267264,87.9533,109.176,23.1887,0.0718272,85.9157,220.592,0,0,0
800,4,1,209,1,1,1,4318.01,18633.5,419.474,46.3844,0.482746,325.907,12841.5,84.7955,23.1957,0.267264,61.3325,111.192,23.1887,0.0718272,87.9317,195.988,0,0,0
800,4,1,210,1,1,1,4317.91,18641.2,297.346,46.3844,0.482746,203.424,15020.9,101.649,23.1957,0.267264,78.1857,54.4655,23.1887,0.0718272,31.205,156.114,0,0,0
800,4,1,211,1,1,1,4347.76,18702.6,445.831,46.3844,0.517824,352.306,12441.8,106.377,23.1957,0.267264,82.9143,100.252,23.1887,0.106906,76.9567,206.63,0,0,0
800,4,1,212,1,1,1,4318.89,18633.1,316.529,46.3844,0.482746,222.664,14671.7,62.8347,23.1957,0.267264,39.3717,91.5956,23.1887,0.0718272,68.3351,154.43,0,0,0
800,4,1,213,1,1,1,4323.28,18644.5,361.855,46.3844,0.482746,268.121,13877.1,66.9911,23.1957,0.267264,43.5282,110.73,23.1887,0.0718272,87.4696,177.721,0,0,0
800,4,1,214,1,1,1,4315.66,18631.1,348.994,46.3844,0.482746,255.222,14092.5,63.9843,23.1957,0.267264,40.5214,104.206,23.1887,0.0718272,80.9453,168.19,0,0,0
800,4,1,215,1,1,2,10323.1,24673.9,565.868,69.5741,0.980525,449.677,16676.7,92.9793,23.1957,0.728294,69.0553,243.889,46.3784,0.108576,197.402,336.868,1,0,0
800,4,1,216,1,1,1,4345.31,18676.1,376.554,46.3844,0.482746,282.863,13647.4,68.0451,23.1957,0.267264,44.5822,103.179,23.1887,0.0718272,79.9183,171.224,0,0,0
800,4,1,217,1,1,1,4318.54,18634.9,442.701,46.3844,0.482746,349.202,12430,103.623,23.1957,0.267264,80.1602,99.1108,23.1887,0.0718272,75.8503,202.734,0,0,0
800,4,1,218,1,1,1,4315.66,18633.7,438.051,46.3844,0.482746,344.538,12511.4,91.8252,23.1957,0.267264,68.3622,103.877,23.1887,0.0718272,80.6168,195.702,0,0,0
800,4,1,219,1,0,0,-1,-1,301.598,23.1957,0.337421,230.386,249418,-1,-1,-1,-1,-1,-1,-1,-1,-1,0,0,0
800,4,1,220,1,1,1,4316.3,18633,315.14,46.3844,0.482746,221.27,14696.4,64.1143,23.1957,0.267264,40.6513,91.7238,23.1887,0.0718272,68.4633,155.838,0,0,0
800,4,1,221,1,1,1,4318.86,18645.7,448.186,46.3844,0.517824,354.668,12342.9,106.286,23.1957,0.302342,82.788,107.927,23.1887,0.0718272,84.6668,214.213,0,0,0
800,4,1,222,1,1,1,4347.64,18706,439.178,46.3844,0.873619,345.278,12562.7,92.1944,23.1957,0.658138,68.3406,103.392,23.1887,0.0718272,80.1313,195.586,0,0,0
800,4,1,223,1,1,1,4316.62,18672.3,374.206,46.3844,0.678182,280.313,13684.8,111.79,23.1957,0.462701,88.132,62.3832,23.1887,0.0718272,39.1226,174.174,0,0,0
800,4,1,224,1,1,1,4339.59,18655,448.597,46.3844,0.6264,354.972,12344.8,102.037,23.1957,0.267264,78.5738,109.109,23.1887,0.0718272,85.8489,211.146,0,0,0
800,4,1,225,1,1,1,4331.85,18651.6,438.711,46.3844,0.482746,345.2,12517.6,103.062,23.1957,0.267264,79.5989,97.8836,23.1887,0.0718272,74.6231,200.945,0,0,0
800,4,1,226,1,1,1,4329.37,18643.9,302.381,46.3844,0.482746,208.474,14934.1,62.3636,23.1957,0.267264,38.9007,90.4388,23.1887,0.0718272,67.1783,152.802,0,0,0
800,4,1,227,1,1,1,4326.16,18641,429.418,46.3844,0.482746,335.88,12672.2,88.8888,23.1957,0.267264,65.4258,106.752,23.1887,0.0718272,83.4919,195.641,0,0,0
800,4,1,228,1,1,1,4322.82,18641.2,328.937,46.3844,0.6264,234.963,14458.8,59.189,23.1957,0.267264,35.726,97.2356,23.1887,0.0718272,73.9751,156.425,0,0,0
800,4,1,229,1,1,1,4319.94,18661.3,362.397,46.3844,0.517824,268.63,13884.1,112.11,23.1957,0.302342,88.6121,63.6375,23.1887,0.0718272,40.377,175.748,0,0,0
800,4,1,230,1,1,1,4325.51,18651,375.523,46.3844,0.482746,281.829,13640.6,107.265,23.1957,0.267264,83.8023,62.0601,23.1887,0.0718272,38.7996,169.325,0,0,0
800,4,1,231,1,1,1,4333.57,18665.2,379.45,46.3844,0.517824,285.732,13584.7,104.77,23.1957,0.302342,81.2719,64.52,23.1887,0.0718272,41.2595,169.29,0,0,0
800,4,1,232,1,1,1,4319.75,18645.3,448.924,46.3844,0.50112,355.425,12329.5,109.992,23.1957,0.267264,86.5293,111.431,23.1887,0.0902016,88.1518,221.423,0,0,0
800,4,1,233,1,1,1,4324.24,18639.7,419.507,46.3844,0.6264,325.797,12846.8,85.8296,23.1957,0.267264,62.3667,110.752,23.1887,0.0718272,87.4913,196.581,0,0,0
800,4,1,234,1,1,1,4334.34,18693.6,450.496,46.3844,0.482746,357.02,12350,103.002,23.1957,0.267264,79.5393,110.624,23.1887,0.0718272,87.3631,213.626,0,0,0
800,4,1,235,1,1,1,4317.9,18631.5,446.473,46.3844,0.482746,352.985,12359.5,106.606,23.1957,0.267264,83.1435,101.376,23.1887,0.0718272,78.1154,207.982,0,0,0
800,4,1,236,1,1,1,4364.11,18689.7,365.577,46.3844,0.482746,271.853,13856.2,67.6048,23.1957,0.267264,44.1418,109.636,23.1887,0.0718272,86.3759,177.241,0,0,0
800,4,1,237,1,1,1,4326.26,18644.9,408.443,46.3844,0.517824,314.809,13048.9,78.4841,23.1957,0.267264,55.0211,106.865,23.1887,0.106906,83.5695,185.349,0,0,0
800,4,1,238,1,1,1,4341.22,18658,449.153,46.3844,0.6264,355.529,12337.9,109.797,23.1957,0.267264,86.3344,111.723,23.1887,0.0718272,88.4623,221.52,0,0,0
800,4,1,239,1,1,1,4318.54,18635.6,409.41,46.3844,0.482746,315.815,13022.6,80.417,23.1957,0.267264,56.9541,105.695,23.1887,0.0718272,82.4342,186.112,0,0,0
800,4,1,240,1,1,1,4323.78,18643.4,447.756,46.3844,0.482746,354.271,12348.6,104.818,23.1957,0.267264,81.355,109.857,23.1887,0.0718272,86.5961,214.675,0,0,0
800,4,1,241,1,1,1,4324.7,18652.8,446.631,46.3844,0.482746,353.143,12377.9,105.959,23.1957,0.267264,82.4956,106.895,23.1887,0.0718272,83.6344,212.854,0,0,0
800,4,1,242,1,1,1,4333.41,18649.8,327.309,46.3844,0.517824,233.44,14496.5,62.0947,23.1957,0.267264,38.6317,95.3179,23.1887,0.106906,72.0223,157.413,0,0,0
800,4,1,243,1,0,0,-1,-1,833.695,23.1957,0.267264,764.1,268306,-1,-1,-1,-1,-1,-1,-1,-1,-1,0,0,0
800,4,1,244,1,1,1,4329.9,18663.1,427.201,46.3844,0.552902,333.587,12733.3,106.077,23.1957,0.302342,82.5786,82.6735,23.1887,0.106906,59.3779,188.75,0,0,0
800,4,1,245,1,1,1,4338.19,18658.8,310.279,46.3844,0.6264,216.251,14808.2,65.4354,23.1957,0.267264,41.9724,90.4207,23.1887,0.0718272,67.1602,155.856,0,0,0
800,4,1,246,1,1,1,4329.82,18641.9,421.997,46.3844,0.482746,328.438,12805.1,105.442,23.1957,0.267264,81.9794,78.4693,23.1887,0.0718272,55.2088,183.912,0,0,0
800,4,1,247,1,1,1,4329.03,18646.7,279.512,46.3844,0.482746,185.539,15343.6,92.0201,23.1957,0.267264,68.5571,48.4772,23.1887,0.0718272,25.2167,140.497,0,0,0
800,4,1,248,1,1,1,4320.07,18662.3,438.088,46.3844,0.482746,344.576,12539.4,105.022,23.1957,0.267264,81.5589,95.9579,23.1887,0.0718272,72.6973,200.98,0,0,0
800,4,1,249,1,1,1,4315.02,24658.8,479.999,52.1883,0.801792,380.645,17889.3,226.109,28.9996,0.58631,196.281,66.009,23.1887,0.0718272,42.7485,292.118,0,0,0
800,4,1,250,1,0,0,-1,-1,795.774,23.1957,0.337421,725.999,266525,-1,-1,-1,-1,-1,-1,-1,-1,-1,0,0,0
800,4,1,251,1,1,1,4319.18,18689.5,311.21,46.3844,0.482746,217.329,14822.7,111.355,23.1957,0.267264,87.892,59.8149,23.1887,0.0718272,36.5544,171.17,0,0,0
800,4,1,252,1,1,1,4325,18658.8,446.161,46.3844,0.482746,352.672,12392.4,106.361,23.1957,0.267264,82.8981,100.759,23.1887,0.0718272,77.4981,207.12,0,0,0
800,4,1,253,1,1,1,4347.14,18685.3,420.687,46.3844,0.517824,327.089,12871.6,105.578,23.1957,0.267264,82.1148,76.4217,23.1887,0.106906,53.1261,181.999,0,0,0
800,4,1,254,1,1,1,4321.22,18634.1,353.503,46.3844,0.482746,259.745,14015.3,63.7353,23.1957,0.267264,40.2723,107.05,23.1887,0.0718272,83.7896,170.785,0,0,0
800,4,1,255,1,1,1,4318.54,18633.3,344.61,46.3844,0.482746,250.826,14172.6,109.626,23.1957,0.267264,86.163,61.4032,23.1887,0.0718272,38.1426,171.029,0,0,0
800,4,1,256,1,1,1,4317.26,18650.6,315.552,46.3844,0.482746,221.684,14706.6,64.0547,23.1957,0.267264,40.5918,92.2454,23.1887,0.0718272,68.9849,156.3,0,0,0
800,4,1,257,1,1,1,4328.52,18668.8,448.958,46.3844,0.482746,355.477,12352.6,103.997,23.1957,0.267264,80.5338,108.676,23.1887,0.0718272,85.4158,212.673,0,0,0
800,4,1,258,1,1,1,4315.34,18632.1,402.619,46.3844,0.482746,309.003,13139.8,97.8352,23.1957,0.267264,74.3722,62.412,23.1887,0.0718272,39.1515,160.247,0,0,0
800,4,1,259,1,1,1,4321.38,18636.8,389.414,46.3844,0.482746,295.76,13379.4,64.6377,23.1957,0.267264,41.1747,105.292,23.1887,0.0718272,82.0318,169.93,0,0,0
800,4,1,260,1,1,1,4327.78,18651.5,316.916,46.3844,0.482746,223.052,14683.2,63.0296,23.1957,0.267264,39.5666,91.731,23.1887,0.0718272,68.4705,154.761,0,0,0
800,4,1,261,1,1,1,4329.19,18660.7,429.585,46.3844,0.6264,335.904,12688.6,90.8001,23.1957,0.267264,67.3371,104.928,23.1887,0.0718272,81.6672,195.728,0,0,0
800,4,1,262,1,1,1,4316.94,18640,447.974,46.3844,0.517824,354.456,12341,107.479,23.1957,0.302342,83.981,108.68,23.1887,0.0718272,85.4194,216.159,0,0,0
800,4,1,263,1,1,1,4334.88,18647.4,381.082,46.3844,0.482746,287.404,13538.2,65.6195,23.1957,0.267264,42.1565,103.928,23.1887,0.0718272,80.6673,169.547,0,0,0
800,4,1,264,1,1,1,4316.04,18646.7,443.104,46.3844,0.517824,349.572,12434.3,105.714,23.1957,0.302342,82.2159,99.5693,23.1887,0.0718272,76.3087,205.283,0,0,0
800,4,1,265,1,1,1,4324.21,18641.9,380.455,46.3844,0.482746,286.776,13543.8,103.78,23.1957,0.267264,80.3172,65.8123,23.1887,0.0718272,42.5518,169.592,0,0,0
800,4,1,266,1,1,1,4317.26,18643.2,309.969,46.3844,0.517824,216.049,14798.3,66.0895,23.1957,0.302342,42.5915,90.6572,23.1887,0.0718272,67.3966,156.747,0,0,0
800,4,1,267,1,1,1,4325.49,18652.2,442.868,46.3844,0.482746,349.37,12444.2,105.98,23.1957,0.267264,82.5173,99.4664,23.1887,0.0718272,76.2059,205.447,0,0,0
800,4,1,268,1,1,1,4350.14,18665,296.909,46.3844,0.482746,202.986,15052.5,60.1961,23.1957,0.267264,36.7331,90.8394,23.1887,0.0718272,67.5789,151.035,0,0,0
800,4,1,269,1,1,2,10319.8,24640.8,485.106,69.5741,0.519494,369.141,18081.2,64.2749,23.1957,0.267264,40.8119,242.059,46.3784,0.108576,195.572,306.334,1,0,0
800,4,1,270,1,1,1,4315.34,18652.2,292.034,46.3844,0.482746,198.097,15126.4,98.539,23.1957,0.267264,75.0761,51.6464,23.1887,0.0718272,28.3859,150.185,0,0,0
800,4,1,271,1,1,1,4332.48,18647,450.217,46.3844,0.482746,356.74,12308.4,106.655,23.1957,0.267264,83.1923,107.368,23.1887,0.0718272,84.1073,214.023,0,0,0
800,4,1,272,1,1,1,4320.58,18646.6,450.042,46.3844,0.713261,356.334,12310.4,111.457,23.1957,0.497779,87.7638,109.541,23.1887,0.0718272,86.2803,220.998,0,0,0
800,4,1,273,1,1,1,4315.02,18636.5,362.021,46.3844,0.482746,268.287,13866.2,112.145,23.1957,0.267264,88.6825,63.1646,23.1887,0.0718272,39.9041,175.31,0,0,0
800,4,1,274,1,1,1,4320.14,18636.7,429.533,46.3844,0.482746,335.996,12665.9,90.6665,23.1957,0.267264,67.2035,105.864,23.1887,0.0718272,82.6039,196.531,0,0,0
800,4,1,275,1,1,1,4326.42,18660.3,436.427,46.3844,0.482746,342.91,12566.9,107.641,23.1957,0.267264,84.1777,91.7653,23.1887,0.0718272,68.5048,199.406,0,0,0
800,4,1,276,1,1,1,4317.97,18631.8,379.942,46.3844,0.482746,286.261,13542.8,104.244,23.1957,0.267264,80.781,64.9893,23.1887,0.0718272,41.7288,169.233,0,0,0
800,4,1,277,1,1,1,4322.82,18648.3,450.988,46.3844,0.482746,357.513,12296,102.957,23.1957,0.267264,79.4942,111.607,23.1887,0.0718272,88.3468,214.564,0,0,0
800,4,1,278,1,1,1,4321.58,18709.9,354.565,46.3844,1.06906,260.223,14070.7,112.017,23.1957,0.853574,87.9678,62.4716,23.1887,0.0718272,39.2111,174.489,0,0,0
800,4,1,279,1,1,1,4339.88,18671.4,449.191,46.3844,0.821837,355.372,12350.1,102.516,23.1957,0.462701,78.8571,110.079,23.1887,0.0718272,86.8181,212.594,0,0,0
800,4,1,280,1,1,1,4315.98,18655.6,332.878,46.3844,0.482746,239.06,14403.5,109.788,23.1957,0.267264,86.3254,63.6212,23.1887,0.0718272,40.3607,173.41,0,0,0
800,4,1,281,1,1,1,4320.62,18650.4,448.724,46.3844,0.482746,355.242,12338.4,109.669,23.1957,0.267264,86.2063,111.882,23.1887,0.0718272,88.6211,221.551,0,0,0
800,4,1,282,1,1,1,4348.39,18677.8,299.897,46.3844,0.6264,205.839,15011.8,60.6834,23.1957,0.267264,37.2204,89.457,23.1887,0.0718272,66.1965,150.14,0,0,0
800,4,1,283,1,1,1,4323.58,18642.2,413.046,46.3844,0.517824,319.426,12964.3,81.0657,23.1957,0.302342,57.5677,106.81,23.1887,0.0718272,83.5496,187.876,0,0,0
800,4,1,284,1,1,1,4315.27,24653.4,378.001,52.1883,0.731635,278.421,19698.1,200.609,28.9996,0.516154,170.777,38.8522,23.1887,0.0718272,15.5917,239.461,0,0,0
800,4,1,285,1,1,1,4316.94,18649.6,449.148,46.3844,0.482746,355.668,12330,104.015,23.1957,0.267264,80.5518,108.687,23.1887,0.0718272,85.4266,212.702,0,0,0
800,4,1,286,1,1,1,4321.67,18637.8,404.665,46.3844,0.482746,311.055,13109.2,77.8091,23.1957,0.267264,54.3461,107.005,23.1887,0.0718272,83.7445,184.814,0,0,0
800,4,1,287,1,1,1,4357.77,18677.4,439.836,46.3844,0.517824,346.294,12523.2,91.2982,23.1957,0.267264,67.8352,103.407,23.1887,0.106906,80.1115,194.705,0,0,0
800,4,1,288,1,1,1,4325.19,18652.1,449.895,46.3844,0.482746,356.417,12319.2,111.055,23.1957,0.267264,87.5924,109.443,23.1887,0.0718272,86.1828,220.499,0,0,0
800,4,1,289,1,1,1,4319.5,18641.4,434.18,46.3844,0.482746,340.656,12588,108.565,23.1957,0.267264,85.1017,87.6865,23.1887,0.0718272,64.4259,196.251,0,0,0
800,4,1,290,1,1,1,4330.38,24648.5,420.195,52.1883,0.696557,320.773,18943.2,226.069,28.9996,0.481075,196.35,53.2924,23.1887,0.0718272,30.0319,279.361,0,0,0
800,4,1,291,1,1,1,4316.62,18646,306.513,46.3844,0.678182,212.423,14862.3,107.719,23.1957,0.462701,84.0604,58.2917,23.1887,0.0718272,35.0312,166.01,0,0,0
800,4,1,292,1,1,1,4337.86,18706,267.16,46.3844,0.587981,173.046,15621.8,83.7052,23.1957,0.337421,60.172,43.7783,23.1887,0.106906,20.4827,127.483,0,0,0
800,4,1,293,1,1,1,4345.42,18671.5,446.98,46.3844,0.770054,353.207,12389.7,103.015,23.1957,0.267264,79.552,107.523,23.1887,0.0718272,84.2625,210.538,0,0,0
800,4,1,294,1,1,1,4321.7,18645.7,436.953,46.3844,0.482746,343.437,12543,104.755,23.1957,0.267264,81.2918,94.1061,23.1887,0.0718272,70.8456,198.861,0,0,0
800,4,1,295,1,1,1,4336.34,18647.4,447.331,46.3844,0.482746,353.845,12360.1,103.481,23.1957,0.267264,80.0176,109.92,23.1887,0.0718272,86.6593,213.4,0,0,0
800,4,1,296,1,1,1,4328.16,18689.1,365.422,46.3844,0.678182,271.503,13857.9,113.323,23.1957,0.462701,89.6643,64.6897,23.1887,0.0718272,41.4292,178.012,0,0,0
800,4,1,297,1,1,1,4315.66,18633,440.095,46.3844,0.482746,346.588,12474.4,95.0991,23.1957,0.267264,71.6361,101.558,23.1887,0.0718272,78.2976,196.657,0,0,0
800,4,1,298,1,1,1,4320.82,18635.6,327.206,46.3844,0.482746,233.371,14484.4,63.562,23.1957,0.267264,40.099,96.0409,23.1887,0.0718272,72.7804,159.603,0,0,0
800,4,1,299,1,1,1,4318.98,18647.4,414.397,46.3844,0.678182,320.621,12945.2,81.4679,23.1957,0.462701,57.8095,107.245,23.1887,0.0718272,83.9846,188.713,0,0,0
800,4,1,300,1,1,1,4319.94,18634.1,321.232,46.3844,0.482746,227.38,14589.1,110.687,23.1957,0.267264,87.2242,64.2601,23.1887,0.0718272,40.9996,174.947,0,0,0
800,4,1,301,1,1,1,4316.15,18645.8,444.41,46.3844,0.482746,350.916,12410.5,103.484,23.1957,0.267264,80.0212,105.123,23.1887,0.0718272,81.8621,208.607,0,0,0
800,4,1,302,1,1,1,4321.86,18637.3,302.824,46.3844,0.482746,208.918,14919.7,62.3636,23.1957,0.267264,38.9007,90.0002,23.1887,0.0718272,66.7397,152.364,0,0,0
800,4,1,303,1,1,1,4318.22,24648.9,570.272,52.1883,0.606355,471.376,16274.6,231.201,28.9996,0.390874,201.585,112.156,23.1887,0.0718272,88.8954,343.357,0,0,0
800,4,1,304,1,1,1,4316.42,18652.7,396.81,46.3844,0.482746,303.178,13263.8,100.133,23.1957,0.267264,76.6697,64.567,23.1887,0.0718272,41.3065,164.7,0,0,0
800,4,1,305,1,1,1,4314.06,18648.7,343.253,46.3844,0.482746,249.465,14212.1,110.649,23.1957,0.267264,87.1863,60.9917,23.1887,0.0718272,37.7311,171.641,0,0,0
800,4,1,306,1,1,1,4320.56,18641.7,448.519,46.3844,0.482746,355.037,12333.3,103.946,23.1957,0.267264,80.4833,109.414,23.1887,0.0718272,86.1539,213.361,0,0,0
800,4,1,307,1,1,1,4334.19,18665.8,417.521,46.3844,0.482746,323.949,12908.6,102.939,23.1957,0.267264,79.4762,69.6926,23.1887,0.0718272,46.4321,172.632,0,0,0
800,4,1,308,1,1,1,4322.48,18640.7,427.816,46.3844,0.482746,334.274,12700.4,88.5404,23.1957,0.267264,65.0775,109.521,23.1887,0.0718272,86.2604,198.061,0,0,0
800,4,1,309,1,1,1,4317.58,18644,374.439,46.3844,0.482746,280.742,13652.9,108.211,23.1957,0.267264,84.748,62.089,23.1887,0.0718272,38.8285,170.3,0,0,0
800,4,1,310,1,1,1,4319.26,18634.4,307.172,46.3844,0.482746,213.279,14839.4,66.1357,23.1957,0.267264,42.6727,90.7005,23.1887,0.0718272,67.44,156.836,0,0,0
800,4,1,311,1,1,1,4347.49,18709.2,435.45,46.3844,0.482746,341.93,12633.2,108.994,23.1957,0.267264,85.5313,89.6212,23.1887,0.0718272,66.3607,198.615,0,0,0
800,4,1,312,1,0,0,-1,-1,911.195,23.1957,0.267264,841.825,272104,-1,-1,-1,-1,-1,-1,-1,-1,-1,0,0,0
800,4,1,313,1,1,1,4326.09,18666.9,443.865,46.3844,0.482746,350.369,12441.2,96.958,23.1957,0.267264,73.4951,104.785,23.1887,0.0718272,81.5246,201.743,0,0,0
800,4,1,314,1,1,1,4318.47,18652.1,449.346,46.3844,0.482746,355.867,12328.9,104.565,23.1957,0.267264,81.1023,107.911,23.1887,0.0718272,84.6505,212.476,0,0,0
800,4,1,315,1,1,1,4317.9,18647,446.323,46.3844,0.482746,352.835,12377.6,104.195,23.1957,0.267264,80.7323,108.061,23.1887,0.0718272,84.8003,212.256,0,0,0
800,4,1,316,1,1,1,4317.35,18647.6,443.169,46.3844,0.678182,349.476,12433.8,105.876,23.1957,0.462701,82.2177,99.4916,23.1887,0.0718272,76.2311,205.368,0,0,0
800,4,1,317,1,1,1,4340.3,18670.3,376.552,46.3844,0.482746,282.861,13641.6,68.0253,23.1957,0.267264,44.5623,103.103,23.1887,0.0718272,79.8425,171.128,0,0,0
800,4,1,318,1,1,1,4321.26,18643.2,429.687,46.3844,0.678182,335.954,12669.2,90.1364,23.1957,0.462701,66.478,103.244,23.1887,0.0718272,79.9833,193.38,0,0,0
800,4,1,319,1,1,1,4317.58,18650.1,323.638,46.3844,0.482746,229.793,14562.4,108.285,23.1957,0.267264,84.822,62.7892,23.1887,0.0718272,39.5287,171.074,0,0,0
800,4,1,320,1,1,1,4328.39,18667.2,429.673,46.3844,0.517824,336.101,12693.6,91.0535,23.1957,0.302342,67.5555,105.179,23.1887,0.0718272,81.9181,196.232,0,0,0
800,4,1,321,1,1,1,4345.86,18673.3,443.656,46.3844,0.482746,350.16,12451.4,104.583,23.1957,0.267264,81.1203,100.401,23.1887,0.0718272,77.1408,204.985,0,0,0
800,4,1,322,1,1,1,4329.49,18661.3,378.022,46.3844,0.552902,284.265,13606,65.2098,23.1957,0.267264,41.7468,103.272,23.1887,0.141984,79.9418,168.482,0,0,0
800,4,1,323,1,0,0,-1,-1,975.363,23.1957,0.462701,905.984,277995,-1,-1,-1,-1,-1,-1,-1,-1,-1,0,0,0
800,4,1,324,1,1,1,4314.38,18628.5,316.124,46.3844,0.482746,222.258,14674.4,61.9251,23.1957,0.267264,38.4621,89.9208,23.1887,0.0718272,66.6603,151.846,0,0,0
800,4,1,325,1,1,1,4342.55,18668.4,450.045,46.3844,0.482746,356.567,12332.9,108.328,23.1957,0.267264,84.8653,102.865,23.1887,0.0718272,79.6043,211.193,0,0,0
800,4,1,326,1,1,1,4341.42,18657.2,443.976,46.3844,0.6264,350.337,12429.2,104.737,23.1957,0.267264,81.2738,100.529,23.1887,0.0718272,77.2689,205.266,0,0,0
800,4,1,327,1,1,1,4349.48,18674.3,340.931,46.3844,0.6264,246.992,14278.6,60.3711,23.1957,0.267264,36.9082,100.376,23.1887,0.0718272,77.1155,160.747,0,0,0
800,4,1,328,1,1,1,4323.46,18642.7,429.299,46.3844,0.482746,335.761,12676.1,90.5402,23.1957,0.267264,67.0772,103.41,23.1887,0.0718272,80.1494,193.95,0,0,0
800,4,1,329,1,1,1,4329.04,18652.6,442.837,46.3844,0.482746,349.339,12445.2,104.923,23.1957,0.267264,81.4596,101.61,23.1887,0.0718272,78.35,206.533,0,0,0
800,4,1,330,1,1,1,4319.18,24652.8,569.125,52.1883,0.571277,470.26,16299.1,224.809,28.9996,0.355795,195.209,108.169,23.1887,0.0718272,84.9086,332.978,0,0,0
800,4,1,331,1,1,1,4315.66,18649.4,335.234,46.3844,0.482746,241.423,14355.4,109.859,23.1957,0.267264,86.3958,62.3868,23.1887,0.0718272,39.1263,172.246,0,0,0
800,4,1,332,1,1,1,4325.9,24691.1,569.523,52.1883,0.766714,470.464,16329.9,227.546,28.9996,0.551232,197.754,104.991,23.1887,0.0718272,81.7304,332.537,0,0,0
800,4,1,333,1,1,2,10325,24639.5,563.864,46.3844,0.50112,470.699,16279.8,106.009,23.1957,0.267264,82.5461,221.17,23.1887,0.0902016,197.479,327.18,0,0,0
800,4,1,334,1,1,1,4316.74,18635.6,399.365,46.3844,0.482746,305.74,13201.2,74.5352,23.1957,0.267264,51.0722,104.431,23.1887,0.0718272,81.1709,178.967,0,0,0
800,4,1,335,1,1,1,4322.76,18662.8,448.426,46.3844,0.517824,354.909,12355.8,105.775,23.1957,0.302342,82.2772,109.164,23.1887,0.0718272,85.9031,214.939,0,0,0
800,4,1,336,1,1,1,4330.63,18660.8,444.836,46.3844,0.517824,351.308,12417.6,101.588,23.1957,0.302342,78.0901,104.171,23.1887,0.0718272,80.911,205.76,0,0,0
800,4,1,337,1,1,1,4324.95,18688.5,432.082,46.3844,0.678182,338.357,12671.9,91.5081,23.1957,0.462701,67.8497,107.485,23.1887,0.0718272,84.2246,198.993,0,0,0
800,4,1,338,1,1,1,4328.61,18649.9,445.178,46.3844,0.6264,351.543,12400.5,105.173,23.1957,0.267264,81.7105,103.608,23.1887,0.0718272,80.3479,208.782,0,0,0
800,4,1,339,1,1,1,4315.85,18629.5,326.873,46.3844,0.482746,233.038,14484.2,62.2698,23.1957,0.267264,38.8068,95.8568,23.1887,0.0718272,72.5963,158.127,0,0,0
800,4,1,340,1,1,1,4322.31,18643.9,385.527,46.3844,0.482746,291.861,13455.6,65.5455,23.1957,0.267264,42.0825,104.706,23.1887,0.0718272,81.4452,170.251,0,0,0
800,4,1,341,1,1,1,4315.34,18662.6,358.114,46.3844,0.517824,264.335,13961.5,112.088,23.1957,0.302342,88.5904,62.1088,23.1887,0.0718272,38.8483,174.197,0,0,0
800,4,1,342,1,1,1,4318.12,18665.7,429.155,46.3844,0.482746,335.617,12701.6,91.2675,23.1957,0.267264,67.8045,103.821,23.1887,0.0718272,80.5609,195.089,0,0,0
800,4,1,343,1,1,1,4324.46,18638.3,450.821,46.3844,0.6264,357.202,12288.6,108.24,23.1957,0.267264,84.7769,105.453,23.1887,0.0718272,82.1924,213.693,0,0,0
800,4,1,344,1,1,1,4316.3,18632.1,377.693,46.3844,0.482746,284.005,13583.1,105.414,23.1957,0.267264,81.9506,63.2296,23.1887,0.0718272,39.9691,168.643,0,0,0
800,4,1,345,1,1,1,4317.26,24640.9,365.289,52.1883,0.536198,265.867,19912.1,194.766,28.9996,0.320717,165.116,35.5692,23.1887,0.0718272,12.3087,230.336,0,0,0
800,4,1,346,1,1,1,4319.82,18640.6,451.963,46.3844,0.482746,358.491,12270.9,102.549,23.1957,0.267264,79.0863,112.067,23.1887,0.0718272,88.807,214.617,0,0,0
800,4,1,347,1,1,1,4316.62,18659.8,404.273,46.3844,0.678182,310.467,13137.7,98.3879,23.1957,0.462701,74.7295,62.6485,23.1887,0.0718272,39.388,161.036,0,0,0
800,4,1,348,1,1,1,4317.58,18628.2,385.78,46.3844,0.482746,292.116,13435.4,101.992,23.1957,0.267264,78.5287,64.7781,23.1887,0.0718272,41.5176,166.77,0,0,0
800,4,1,349,1,1,1,4314.82,18627.7,431.302,46.3844,0.482746,337.77,12625.4,91.901,23.1957,0.267264,68.438,108.786,23.1887,0.0718272,85.5259,200.687,0,0,0
800,4,1,350,1,1,1,4316.3,18648.3,276.176,46.3844,0.482746,182.193,15404.5,89.9121,23.1957,0.267264,66.4491,47.1434,23.1887,0.0718272,23.8829,137.056,0,0,0
800,4,1,351,1,1,1,4314.7,18650.2,345.965,46.3844,0.482746,252.185,14165.4,108.373,23.1957,0.267264,84.9104,61.5638,23.1887,0.0718272,38.3033,169.937,0,0,0
800,4,1,352,1,1,1,4319.16,18636.8,329.367,46.3844,0.482746,235.539,14447.2,61.4233,23.1957,0.267264,37.9604,96.3603,23.1887,0.0718272,73.0998,157.784,0,0,0
800,4,1,353,1,1,1,4319.3,18635.1,374.83,46.3844,0.482746,281.134,13637,66.2963,23.1957,0.267264,42.8333,104.917,23.1887,0.0718272,81.6564,171.213,0,0,0
800,4,1,354,1,1,1,4318.86,18662.4,449.764,46.3952,0.50112,356.257,12331.9,103.818,23.2065,0.285638,80.3262,108.359,23.1887,0.0718272,85.0981,212.177,0,0,0
800,4,1,355,1,1,1,4318.22,18643.1,433.109,46.3844,0.482746,339.582,12608.7,93.1499,23.1957,0.267264,69.6869,108.14,23.1887,0.0718272,84.8797,201.29,0,0,0
800,4,1,356,1,1,1,4319.62,18638,337.402,46.3844,0.482746,243.597,14305.5,61.7626,23.1957,0.267264,38.2997,100.945,23.1887,0.0718272,77.684,162.707,0,0,0
800,4,1,357,1,1,1,4336.83,18661.4,432.949,46.3844,0.482746,339.422,12629.8,90.4896,23.1957,0.267264,67.0267,103.758,23.1887,0.0718272,80.4977,194.248,0,0,0
800,4,1,358,1,1,1,4362.09,18676.9,369.774,46.3844,0.696557,275.849,13767.9,66.7042,23.1957,0.267264,43.2412,108.931,23.1887,0.141984,85.5999,175.635,0,0,0
800,4,1,359,1,1,1,4334.82,18668.3,427.751,46.3844,0.6264,334.065,12728.8,88.1993,23.1957,0.267264,64.7364,110.51,23.1887,0.0718272,87.2494,198.709,0,0,0
800,4,1,360,1,1,1,4338.64,18669.1,419.31,46.3844,0.482746,325.743,12880.1,104.542,23.1957,0.267264,81.0788,75.4192,23.1887,0.0718272,52.1587,179.961,0,0,0
800,4,1,361,1,1,1,4330.28,18646.7,433.799,46.3844,0.517824,340.239,12599.8,90.7008,23.1957,0.267264,67.2378,104.364,23.1887,0.106906,81.068,195.064,0,0,0
800,4,1,362,1,1,1,4340.85,18687.5,450.289,46.3844,0.552902,356.742,12347.1,108.03,23.1957,0.337421,84.4971,103.181,23.1887,0.0718272,79.9202,211.211,0,0,0
800,4,1,363,1,1,1,4319.75,18652.5,432.758,46.3844,0.482746,339.23,12624.4,92.5363,23.1957,0.267264,69.0733,107.64,23.1887,0.0718272,84.3798,200.177,0,0,0
800,4,1,364,1,1,1,4332.66,18665.4,450.643,46.3844,0.713261,356.937,12318.5,107.055,23.1957,0.497779,83.3619,107.31,23.1887,0.0718272,84.0495,214.365,0,0,0
800,4,1,365,1,1,1,4316.65,18630.5,344.216,46.3844,0.482746,250.43,14176.8,61.9612,23.1957,0.267264,38.4982,102.406,23.1887,0.0718272,79.1459,164.368,0,0,0
800,4,1,366,1,1,1,4331.53,18654,450.018,46.3844,0.50112,356.522,12318.7,109.454,23.1957,0.267264,85.9915,111.813,23.1887,0.0902016,88.5345,221.268,0,0,0
800,4,1,367,1,1,1,4330.14,18672,449.764,46.3844,0.482746,356.286,12341.5,104.202,23.1957,0.267264,80.7395,110.38,23.1887,0.0718272,87.1195,214.583,0,0,0
800,4,1,368,1,1,1,4318.02,18644,355.983,46.3844,0.482746,262.232,13981,111.902,23.1957,0.267264,88.4388,62.4066,23.1887,0.0718272,39.1461,174.308,0,0,0
800,4,1,369,1,1,1,4337.44,18655.3,445.468,46.3844,0.482746,351.978,12401.1,104.143,23.1957,0.267264,80.68,98.7968,23.1887,0.0718272,75.5363,202.94,0,0,0
800,4,1,370,1,1,1,4358.02,18675.1,432.796,46.3844,0.482746,339.268,12646.3,92.8738,23.1957,0.267264,69.4108,110.037,23.1887,0.0718272,86.7766,202.911,0,0,0
800,4,1,371,1,1,1,4332.33,18661,450.934,46.3844,0.661478,357.28,12309,103.147,23.1957,0.302342,79.6494,111.939,23.1887,0.0718272,88.6788,215.087,0,0,0
800,4,1,372,1,1,1,4323.11,18636.6,325.757,46.3844,0.482746,231.919,14511.2,105.154,23.1957,0.267264,81.6907,63.3235,23.1887,0.0718272,40.063,168.477,0,0,0
800,4,1,373,1,1,1,4326.27,18638.2,415.687,46.3844,0.482746,322.11,12913.6,81.2617,23.1957,0.267264,57.7987,108.225,23.1887,0.0718272,84.9646,189.487,0,0,0
800,4,1,374,1,1,1,4340.92,18658,400.405,46.3844,0.552902,306.713,13204.6,74.1147,23.1957,0.267264,50.6517,104.496,23.1887,0.141984,81.1655,178.611,0,0,0
800,4,1,375,1,1,1,4318.55,18639.7,338.772,46.3844,0.482746,244.971,14282.8,60.5877,23.1957,0.267264,37.1247,100.441,23.1887,0.0718272,77.1805,161.029,0,0,0
800,4,1,376,1,1,1,4351.44,18685,427.358,46.3844,0.517824,333.78,12752.6,87.5659,23.1957,0.267264,64.1029,111.023,23.1887,0.106906,87.7277,198.589,0,0,0
800,4,1,377,1,1,1,4344.84,18658.4,387.908,46.3844,0.770054,293.962,13427,65.8577,23.1957,0.267264,42.3948,105.511,23.1887,0.0718272,82.2502,171.368,0,0,0
800,4,1,378,1,1,1,4350.23,18665.4,378.461,46.3844,0.6264,284.631,13602.3,65.9841,23.1957,0.267264,42.5211,103.289,23.1887,0.0718272,80.0284,169.273,0,0,0
800,4,1,379,1,1,1,4318.51,18646.5,395.066,46.3844,0.482746,301.429,13288.6,100.398,23.1957,0.267264,76.935,65.4459,23.1887,0.0718272,42.1854,165.844,0,0,0
800,4,1,380,1,1,1,4321.61,18660.1,378.431,46.3844,0.519494,284.709,13597.5,65.8288,23.1957,0.267264,42.3659,103.707,23.1887,0.108576,80.4093,169.535,0,0,0
800,4,1,381,1,1,1,4323.85,18680.2,274.195,46.3844,0.517824,180.171,15471.4,89.1603,23.1957,0.302342,65.6622,46.3764,23.1887,0.0718272,23.1159,135.537,0,0,0
800,4,1,382,1,1,1,4342.69,18676.3,315.755,46.3844,0.552902,221.817,14728.3,63.2018,23.1957,0.302342,39.7038,92.7659,23.1887,0.106906,69.4704,155.968,0,0,0
800,4,1,383,1,1,1,4318.26,24653.7,508.776,52.1883,0.536198,409.771,17373.4,218.989,28.9996,0.320717,189.407,64.973,23.1887,0.0718272,41.7125,283.962,0,0,0
800,4,1,384,1,1,1,4328.39,18661.1,433.523,46.3844,0.482746,339.997,12619.4,93.094,23.1957,0.267264,69.631,108.669,23.1887,0.0718272,85.4086,201.763,0,0,0
800,4,1,385,1,0,0,-1,-1,600.841,23.1957,0.267264,530.57,259828,-1,-1,-1,-1,-1,-1,-1,-1,-1,0,0,0
800,4,1,386,1,1,1,4316.3,18635.5,253.546,46.3844,0.482746,159.497,15794.1,74.7301,23.1957,0.267264,51.2671,39.2637,23.1887,0.0718272,16.0032,113.994,0,0,0
800,4,1,387,1,1,1,4318.02,18639.7,378.307,46.3952,0.50112,284.592,13579.8,66.2262,23.2065,0.285638,42.7341,103.634,23.1887,0.0718272,80.3732,169.86,0,0,0
800,4,1,388,1,1,1,4315.34,18631.4,442.215,46.3844,0.482746,348.714,12435.1,105.41,23.1957,0.267264,81.9469,99.1036,23.1887,0.0718272,75.8431,204.514,0,0,0
800,4,1,389,1,1,1,4348.52,18661.4,370.077,46.3844,0.552902,276.297,13747.4,66.354,23.1957,0.267264,42.8911,108.382,23.1887,0.141984,85.0512,174.736,0,0,0
800,4,1,390,1,1,1,4313.1,18651.1,444.481,46.3844,0.678182,350.792,12414.1,106.533,23.1957,0.462701,82.8746,101.768,23.1887,0.0718272,78.507,208.301,0,0,0
800,4,1,391,1,1,1,4320.93,18636.4,441.799,46.3844,0.482746,348.298,12447.5,103.746,23.1957,0.267264,80.2829,98.0316,23.1887,0.0718272,74.7711,201.777,0,0,0
800,4,1,392,1,1,1,4317.58,18654.2,337.987,46.3844,0.482746,244.184,14311.2,61.7428,23.1957,0.267264,38.2798,101.255,23.1887,0.0718272,77.9944,162.998,0,0,0
800,4,1,393,1,1,1,4314.95,18629.4,440.527,46.3844,0.482746,347.022,12463.1,94.1859,23.1957,0.267264,70.7229,102.497,23.1887,0.0718272,79.2361,196.682,0,0,0
800,4,1,394,1,1,1,4330.39,18658,436.395,46.3844,0.482746,342.878,12565.2,105.128,23.1957,0.267264,81.6654,93.3481,23.1887,0.0718272,70.0876,198.476,0,0,0
800,4,1,395,1,1,1,4324.24,18651.7,442.111,46.3844,0.517824,348.575,12457,103.449,23.1957,0.302342,79.9508,99.5223,23.1887,0.0718272,76.2618,202.971,0,0,0
800,4,1,396,1,1,1,4316.62,18645.8,373.769,46.3844,0.517824,280.035,13666.3,111.17,23.1957,0.302342,87.6718,62.3254,23.1887,0.0718272,39.0649,173.495,0,0,0
800,4,1,397,1,1,1,4316.94,18640.9,351.223,46.3844,0.482746,257.458,14062.6,109.577,23.1957,0.267264,86.1142,62.7604,23.1887,0.0718272,39.4999,172.338,0,0,0
800,4,1,398,1,1,1,4347.52,18663.3,267.116,46.3844,0.517824,173.071,15580.4,83.4174,23.1957,0.302342,59.9194,43.8984,23.1887,0.0718272,20.6379,127.316,0,0,0
800,4,1,399,1,1,1,4318.98,18632.5,445.159,46.3844,0.482746,351.667,12383.8,105.688,23.1957,0.267264,82.2249,105.621,23.1887,0.0718272,82.3602,211.309,0,0,0
800,4,1,400,1,1,1,4334.18,18653.8,413.521,46.3844,0.770054,319.65,12971.2,100.735,23.1957,0.267264,77.2725,66.6154,23.1887,0.0718272,43.3549,167.351,0,0,0
800,4,1,401,1,1,1,4314.06,24639.5,272.205,52.1883,0.731635,172.317,21565.4,142.155,28.9996,0.516154,112.156,24.4697,23.1887,0.0718272,1.20922,166.625,0,0,0
800,4,1,402,1,1,1,4324.55,18640.6,445.068,46.3844,0.587981,351.47,12392.8,105.202,23.1957,0.267264,81.7394,100.429,23.1887,0.177062,77.0632,205.631,0,0,0
800,4,1,403,1,1,1,4315.66,18631.7,440.93,46.3844,0.482746,347.426,12458.3,103.37,23.1957,0.267264,79.9075,100.773,23.1887,0.0718272,77.5126,204.144,0,0,0
800,4,1,404,1,1,1,4345.82,18672.4,444.478,46.3844,0.517824,350.949,12435.6,105.682,23.1957,0.267264,82.2195,101.312,23.1887,0.106906,78.0161,206.994,0,0,0
800,4,1,405,1,1,1,4326.86,18656.6,377.956,46.3844,0.482746,284.269,13602.9,65.0943,23.1957,0.267264,41.6313,103.146,23.1887,0.0718272,79.8859,168.241,0,0,0
800,4,1,406,1,1,1,4317.9,18632.4,308.777,46.3844,0.482746,214.889,14808.9,66.3847,23.1957,0.267264,42.9218,90.7185,23.1887,0.0718272,67.458,157.103,0,0,0
800,4,1,407,1,1,1,4319.3,18641.7,327.85,46.3844,0.482746,234.018,14479,59.8225,23.1957,0.267264,36.3595,95.8929,23.1887,0.0718272,72.6324,155.715,0,0,0
800,4,1,408,1,1,1,4318.22,24637.6,321.367,52.1883,0.536198,221.817,20689.9,169.978,28.9996,0.320717,140.256,30.9038,23.1887,0.0718272,7.64333,200.882,0,0,0
800,4,1,409,1,1,1,4319.96,18640.8,309.806,46.3844,0.482746,215.921,14799,65.4552,23.1957,0.267264,41.9923,90.5236,23.1887,0.0718272,67.2631,155.979,0,0,0
800,4,1,410,1,1,1,4317.51,18657.6,377.84,46.3844,0.517824,284.117,13605.8,106.112,23.1957,0.267264,82.649,62.6041,23.1887,0.106906,39.3085,168.716,0,0,0
800,4,1,411,1,1,1,4334.54,24669.9,376.488,52.1883,0.571277,277.064,19741.7,200.153,28.9996,0.320717,170.516,38.3783,23.1887,0.106906,15.0827,238.531,0,0,0
800,4,1,412,1,1,1,4332.1,18651.8,372.611,46.3844,0.482746,278.908,13693.2,66.1411,23.1957,0.267264,42.6781,105.014,23.1887,0.0718272,81.7538,171.155,0,0,0
800,4,1,413,1,1,1,4315.02,18643.1,446.937,46.3844,0.482746,353.45,12362.9,106.735,23.1957,0.267264,83.2717,101.706,23.1887,0.0718272,78.4456,208.441,0,0,0
800,4,1,414,1,1,1,4321.99,18645.5,449.028,46.3844,0.482746,355.547,12328,103.768,23.1957,0.267264,80.3046,108.49,23.1887,0.0718272,85.2299,212.258,0,0,0
800,4,1,415,1,1,1,4319.24,18669.3,360.051,46.3844,0.517824,266.277,13933.8,112.378,23.1957,0.267264,88.9153,61.9309,23.1887,0.106906,38.6354,174.309,0,0,0
800,4,1,416,1,1,1,4318.22,18634.3,386.714,46.3844,0.482746,293.053,13424.9,66.9929,23.1957,0.267264,43.53,104.561,23.1887,0.0718272,81.3008,171.554,0,0,0
800,4,1,417,1,1,1,4321.04,18633.3,440.942,46.3844,0.482746,347.438,12459.6,95.5539,23.1957,0.267264,72.0909,101.787,23.1887,0.0718272,78.5268,197.341,0,0,0
800,4,1,418,1,1,1,4335.11,18649.6,359.589,46.3844,0.482746,265.849,13922.5,66.1411,23.1957,0.267264,42.6781,108.328,23.1887,0.0718272,85.0674,174.469,0,0,0
800,4,1,419,1,1,1,4334.03,18666.6,443.018,46.3844,0.678182,349.324,12455.5,105.082,23.1957,0.462701,81.4236,101.076,23.1887,0.0718272,77.8158,206.158,0,0,0
800,4,1,420,1,1,1,4329.78,18646.1,443.401,46.3844,0.517824,349.87,12428.4,106.597,23.1957,0.267264,83.1345,100.135,23.1887,0.106906,76.8394,206.732,0,0,0
800,4,1,421,1,1,1,4360.88,18691.6,428.362,46.3844,0.517824,334.787,12741.3,87.9817,23.1957,0.302342,64.4837,111.364,23.1887,0.0718272,88.1031,199.345,0,0,0
800,4,1,422,1,1,1,4316.94,18653.8,436.841,46.3844,0.482746,343.325,12553,105.522,23.1957,0.267264,82.0588,93.5502,23.1887,0.0718272,70.2897,199.072,0,0,0
800,4,1,423,1,1,1,4315.66,18635.5,374.405,46.3844,0.482746,280.708,13645,67.1048,23.1957,0.267264,43.6419,106.014,23.1887,0.0718272,82.7537,173.119,0,0,0
800,4,1,424,1,1,1,4317.7,18699.2,340.784,46.3844,0.678182,246.794,14306.1,110.027,23.1957,0.462701,86.3687,60.9917,23.1887,0.0718272,37.7311,171.019,0,0,0
800,4,1,425,1,1,1,4316.62,18666.1,365.731,46.3844,0.482746,272.009,13829.8,113.273,23.1957,0.267264,89.8105,64.964,23.1887,0.0718272,41.7035,178.237,0,0,0
800,4,1,426,1,1,1,4344.27,18702.6,445.738,46.3844,0.482746,352.248,12443.6,106.074,23.1957,0.267264,82.6111,99.7949,23.1887,0.0718272,76.5343,205.869,0,0,0
800,4,1,427,1,0,0,-1,-1,913.904,23.1957,0.567936,844.242,272398,-1,-1,-1,-1,-1,-1,-1,-1,-1,0,0,0
800,4,1,428,1,1,1,4322.11,18658.7,375.404,46.3844,0.482746,281.709,13650.5,67.7582,23.1957,0.267264,44.2952,102.951,23.1887,0.0718272,79.6909,170.71,0,0,0
800,4,1,429,0,0,0,-1,-1,268.417,23.206,0.516154,196.92,248263,-1,-1,-1,-1,-1,-1,-1,-1,-1,0,0,0
800,4,1,430,1,1,1,4323.06,18644.2,316.519,46.3844,0.482746,222.653,14683.1,111.822,23.1957,0.267264,88.3594,61.6883,23.1887,0.0718272,38.4278,173.511,0,0,0
800,4,1,431,1,1,1,4333.81,18647.3,429.539,46.3844,0.482746,336.001,12676.4,89.9897,23.1957,0.267264,66.5267,102.545,23.1887,0.0718272,79.2849,192.535,0,0,0
800,4,1,432,1,1,1,4317.61,18642.4,443.302,46.3844,0.482746,349.805,12426.8,100.281,23.1957,0.267264,76.8177,102.896,23.1887,0.0718272,79.635,203.176,0,0,0
800,4,1,433,1,1,1,4323.72,18643,315.655,46.3844,0.482746,221.786,14697.2,110.664,23.1957,0.267264,87.2007,61.0404,23.1887,0.0718272,37.7799,171.704,0,0,0
800,4,1,434,1,1,1,4319.44,18644.3,413.416,46.3844,0.482746,319.832,12960,100.759,23.1957,0.267264,77.296,66.7291,23.1887,0.0718272,43.4686,167.488,0,0,0
800,4,1,435,1,1,1,4324.17,18664.3,298.176,46.3844,0.678182,204.062,15028.8,102.481,23.1957,0.462701,78.8228,55.0557,23.1887,0.0718272,31.7952,157.537,0,0,0
800,4,1,436,1,1,1,4328.94,18666.2,451.054,46.3844,0.661478,357.401,12312.1,111.888,23.1957,0.302342,88.3901,109.878,23.1887,0.0718272,86.6178,221.766,0,0,0
800,4,1,437,1,1,1,4318.16,18632.3,398.956,46.3844,0.517824,305.295,13205,74.3349,23.1957,0.267264,50.8719,105.811,23.1887,0.106906,82.5155,180.146,0,0,0
800,4,1,438,1,1,1,4317.58,18633.3,339.035,46.3844,0.482746,245.234,14271.8,60.7213,23.1957,0.267264,37.2583,99.9374,23.1887,0.0718272,76.6769,160.659,0,0,0
800,4,1,439,1,1,1,4314.7,18632.7,444.029,46.3844,0.482746,350.534,12404.1,99.4956,23.1957,0.267264,76.0326,103.895,23.1887,0.0718272,80.6349,203.391,0,0,0
800,4,1,440,1,1,1,4337.95,18667.7,315.66,46.3844,0.748339,221.527,14720.8,63.3576,23.1957,0.497779,39.6641,92.5331,23.1887,0.106906,69.2375,155.891,0,0,0
800,4,1,441,1,1,1,4315.98,18637.1,349.304,46.3844,0.517824,255.498,14092.7,108.806,23.1957,0.302342,85.3075,61.9374,23.1887,0.0718272,38.6769,170.743,0,0,0
800,4,1,442,1,1,1,4329.8,18644.9,390.218,46.3844,0.482746,296.567,13373.2,65.1611,23.1957,0.267264,41.6981,104.504,23.1887,0.0718272,81.2431,169.665,0,0,0
800,4,1,443,1,1,1,4380.96,18719.9,418.124,46.3844,0.482746,324.554,12951.9,102.836,23.1957,0.267264,79.3733,70.1709,23.1887,0.0718272,46.9104,173.007,0,0,0
800,4,1,444,1,1,1,4317.26,18632.7,392.763,46.3844,0.482746,299.119,13315.8,100.219,23.1957,0.267264,76.7563,64.6229,23.1887,0.0718272,41.3624,164.842,0,0,0
800,4,1,445,1,1,1,4325.31,18645.8,449.388,46.3844,0.482746,355.908,12321.9,109.162,23.1957,0.267264,85.6991,112.235,23.1887,0.0718272,88.9748,221.397,0,0,0
800,4,1,446,1,1,1,4315.66,18632,401.888,46.3844,0.482746,308.271,13152.7,76.3129,23.1957,0.267264,52.85,104.596,23.1887,0.0718272,81.3351,180.909,0,0,0
800,4,1,447,1,1,1,4323.17,18706.9,447.09,46.3844,0.678182,353.409,12423.4,108.08,23.1957,0.462701,84.4213,102.874,23.1887,0.0718272,79.6133,210.954,0,0,0
800,4,1,448,1,1,1,4320.97,18675.4,333.276,46.3844,0.748339,239.194,14415.3,109.303,23.1957,0.532858,85.5746,64.2132,23.1887,0.0718272,40.9527,173.516,0,0,0
800,4,1,449,1,1,1,4315.98,18627.6,447.241,46.3844,0.482746,353.755,12341.9,106.161,23.1957,0.267264,82.6977,107.231,23.1887,0.0718272,83.9701,213.391,0,0,0
800,4,1,450,1,1,1,4317.9,18629.5,444.115,46.3844,0.482746,350.62,12399.4,105.211,23.1957,0.267264,81.7484,102.661,23.1887,0.0718272,79.4004,207.872,0,0,0
800,4,1,451,1,1,1,4315.34,18652.2,263.185,46.3844,0.482746,169.164,15639.4,80.917,23.1957,0.267264,57.454,41.4348,23.1887,0.0718272,18.1743,122.352,0,0,0
800,4,1,452,1,1,1,4326.15,18639.7,355.632,46.3844,0.482746,261.88,13983,64.5637,23.1957,0.267264,41.1007,107.05,23.1887,0.0718272,83.7896,171.614,0,0,0
800,4,1,453,1,1,1,4318.54,18655.4,323.617,46.3844,0.713261,229.542,14567.3,109.29,23.1957,0.497779,85.5962,62.264,23.1887,0.0718272,39.0035,171.554,0,0,0
800,4,1,454,1,1,1,4335.94,18701.2,449.583,46.3844,0.943776,355.643,12372.4,102.765,23.1957,0.728294,78.8409,109.914,23.1887,0.0718272,86.6539,212.679,0,0,0
800,4,1,455,1,1,1,4318.22,18647.3,402.758,46.3844,0.517824,309.108,13152.4,99.4675,23.1957,0.302342,75.9694,62.1756,23.1887,0.0718272,38.9151,161.643,0,0,0
800,4,1,456,1,1,1,4319.82,18655.9,305.583,46.3844,0.482746,211.685,14889.2,107.724,23.1957,0.267264,84.2607,58.0552,23.1887,0.0718272,34.7947,165.779,0,0,0
800,4,1,457,1,1,1,4322.73,18652,392.689,46.3844,0.482746,299.045,13336.4,100.568,23.1957,0.267264,77.1047,65.4982,23.1887,0.0718272,42.2377,166.066,0,0,0
800,4,1,458,1,1,1,4317.26,18630.6,298.071,46.3844,0.482746,204.152,14997.5,61.0588,23.1957,0.267264,37.5958,89.336,23.1887,0.0718272,66.0755,150.395,0,0,0
800,4,1,459,1,1,1,4318.22,18633.7,361.868,46.3844,0.482746,268.134,13866.1,111.754,23.1957,0.267264,88.2908,63.3361,23.1887,0.0718272,40.0756,175.09,0,0,0
800,4,1,460,1,1,1,4318.93,18645.5,288.674,46.3844,0.678182,194.532,15179,95.5815,23.1957,0.462701,71.9231,50.4119,23.1887,0.0718272,27.1514,145.993,0,0,0
800,4,1,461,1,1,1,4319.3,18644,448.97,46.3844,0.482746,355.49,12327.6,110.111,23.1957,0.267264,86.6484,101.556,23.1887,0.0718272,78.2958,211.668,0,0,0
800,4,1,462,1,1,1,4323.79,18673.1,449.793,46.3844,0.482746,356.314,12342,104.322,23.1957,0.267264,80.8586,110.851,23.1887,0.0718272,87.5906,215.173,0,0,0
800,4,1,463,1,1,1,4323.85,18639.9,449.757,46.3844,0.482746,356.278,12309.5,104.1,23.1957,0.267264,80.6367,109.656,23.1887,0.0718272,86.3958,213.756,0,0,0
800,4,1,464,1,1,1,4316.62,18642.6,398.726,46.3844,0.482746,305.1,13219.6,99.5894,23.1957,0.267264,76.1265,64.4478,23.1887,0.0718272,41.1873,164.037,0,0,0
800,4,1,465,1,1,1,4318.22,18662.3,342.312,46.3844,0.482746,248.521,14242.5,110.164,23.1957,0.267264,86.7008,61.1667,23.1887,0.0718272,37.9062,171.33,0,0,0
800,4,1,466,1,1,1,4318.86,18634.3,350.095,46.3844,0.482746,256.327,14076.1,108.305,23.1957,0.267264,84.8418,61.1144,23.1887,0.0718272,37.8539,169.419,0,0,0
800,4,1,467,1,1,1,4341.41,18654,419.342,46.3844,0.552902,325.705,12863.9,104.41,23.1957,0.267264,80.9471,75.2151,23.1887,0.141984,51.8844,179.625,0,0,0
800,4,1,468,1,1,1,4338.18,18663.6,329.432,46.3844,0.482746,235.604,14472.8,58.4544,23.1957,0.267264,34.9915,97.2014,23.1887,0.0718272,73.9409,155.656,0,0,0
800,4,1,469,1,1,1,4319.3,18637.9,443.557,46.3844,0.482746,350.061,12417.7,101.178,23.1957,0.267264,77.7147,104.942,23.1887,0.0718272,81.6816,206.12,0,0,0
800,4,1,470,1,1,1,4324.84,18641.2,389.227,46.3844,0.6264,295.43,13386.8,64.8127,23.1957,0.267264,41.3498,105.798,23.1887,0.0718272,82.5371,170.61,0,0,0
800,4,1,471,0,0,0,-1,-1,436.246,23.206,0.516154,365.237,254119,-1,-1,-1,-1,-1,-1,-1,-1,-1,0,0,0
800,4,1,472,1,1,1,4315.98,18642.9,316.929,46.3844,0.482746,223.064,14674.4,112.234,23.1957,0.267264,88.7709,62.0998,23.1887,0.0718272,38.8393,174.334,0,0,0
800,4,1,473,1,1,1,4319.43,18655.3,363.536,46.3844,0.482746,269.807,13858,112.129,23.1957,0.267264,88.6662,63.8126,23.1887,0.0718272,40.5521,175.942,0,0,0
800,4,1,474,1,0,0,-1,-1,681.774,23.1957,0.442656,611.562,262608,-1,-1,-1,-1,-1,-1,-1,-1,-1,0,0,0
800,4,1,475,1,1,1,4319.08,18632.6,449.58,46.3844,0.6264,355.957,12304.9,106.482,23.1957,0.267264,83.019,107.427,23.1887,0.0718272,84.1668,213.909,0,0,0
800,4,1,476,1,1,1,4333.99,18650.8,448.427,46.3844,0.482746,354.945,12344,107.554,23.1957,0.267264,84.091,110.396,23.1887,0.0718272,87.1357,217.95,0,0,0
800,4,1,477,1,1,1,4330,18650.4,443.741,46.3844,0.482746,350.245,12426.9,97.4724,23.1957,0.267264,74.0094,104.209,23.1887,0.0718272,80.9489,201.682,0,0,0
800,4,1,478,1,1,1,4324.14,18642.3,429.983,46.3844,0.482746,336.447,12663.5,89.7858,23.1957,0.267264,66.3228,103.361,23.1887,0.0718272,80.1006,193.147,0,0,0
800,4,1,479,1,1,1,4315.98,18639.4,440.995,46.3844,0.482746,347.491,12464.8,103.953,23.1957,0.267264,80.4905,100.537,23.1887,0.0718272,77.2761,204.49,0,0,0
800,4,1,480,1,1,1,4325.51,18636.5,377.628,46.3844,0.482746,283.94,13588.6,105.374,23.1957,0.267264,81.9108,63.3469,23.1887,0.0718272,40.0864,168.721,0,0,0
800,4,1,481,1,1,1,4320.52,18652.5,271.319,46.3844,0.482746,177.322,15495.1,87.0984,23.1957,0.267264,63.6354,45.3747,23.1887,0.0718272,22.1142,132.473,0,0,0
800,4,1,482,1,1,1,4323.57,18700.8,427.382,46.3844,0.517824,333.803,12768,88.8978,23.1957,0.267264,65.4348,109.552,23.1887,0.106906,86.2568,198.45,0,0,0
800,4,1,483,1,1,1,4327.82,18677.3,449.862,46.3844,0.873619,355.993,12344.1,107.066,23.1957,0.658138,83.2121,107.911,23.1887,0.0718272,84.6505,214.977,0,0,0
800,4,1,484,1,1,1,4321.44,18645.6,444.367,46.3844,0.482746,350.873,12411.1,105.933,23.1957,0.267264,82.4703,101.212,23.1887,0.0718272,77.9511,207.145,0,0,0
800,4,1,485,1,1,1,4316.94,18653.1,449.485,46.3844,0.482746,356.006,12327.5,104.728,23.1957,0.267264,81.2647,107.992,23.1887,0.0718272,84.7318,212.72,0,0,0
800,4,1,486,1,1,1,4317.58,18630.8,328.579,46.3844,0.482746,234.749,14455.1,61.8835,23.1957,0.267264,38.4206,95.7323,23.1887,0.0718272,72.4717,157.616,0,0,0
800,4,1,487,1,1,1,4340.97,18708.5,445.971,46.3844,0.678182,352.286,12444.9,106.482,23.1957,0.462701,82.8241,99.7949,23.1887,0.0718272,76.5343,206.277,0,0,0
800,4,1,488,1,1,1,4331.08,18650.9,449.274,46.3844,0.482746,355.795,12329.1,109.353,23.1957,0.267264,85.8904,111.883,23.1887,0.0718272,88.6229,221.237,0,0,0
800,4,1,489,1,1,1,4324.68,18653.5,418.964,46.3844,0.482746,325.396,12870.7,104.542,23.1957,0.267264,81.0788,74.9482,23.1887,0.0718272,51.6877,179.49,0,0,0
800,4,1,490,1,1,1,4322.55,18639,420.834,46.3844,0.482746,327.272,12822.8,85.6744,23.1957,0.267264,62.2115,111.373,23.1887,0.0718272,88.1121,197.047,0,0,0
800,4,1,491,1,1,1,4320.14,18647.5,448.965,46.3844,0.482746,355.484,12331.2,108.079,23.1957,0.267264,84.6162,110.014,23.1887,0.0718272,86.7531,218.093,0,0,0
800,4,1,492,1,1,1,4319.43,18665.1,410.574,46.3844,0.873619,316.591,13030.5,100.466,23.1957,0.658138,76.612,65.4098,23.1887,0.0718272,42.1493,165.876,0,0,0
800,4,1,493,1,1,1,4352.07,18706.2,451.196,46.3844,0.552902,357.652,12349.7,107.598,23.1957,0.302342,84.1001,106.491,23.1887,0.106906,83.1959,214.09,0,0,0
800,4,1,494,1,1,1,4330.37,18648.5,342.657,46.3844,0.482746,248.867,14222.5,60.6057,23.1957,0.267264,37.1428,100.829,23.1887,0.0718272,77.5685,161.435,0,0,0
800,4,1,495,1,1,1,4325.13,18664.7,448.985,46.3844,0.482746,355.504,12348,104.675,23.1957,0.267264,81.2124,108.115,23.1887,0.0718272,84.8545,212.79,0,0,0
800,4,1,496,1,1,1,4323.98,18642.7,426.657,46.3844,0.482746,333.112,12723,88.2517,23.1957,0.267264,64.7887,110.376,23.1887,0.0718272,87.1159,198.628,0,0,0
800,4,1,497,1,1,1,4317.58,18632.4,362.19,46.3844,0.482746,268.457,13859.1,66.1411,23.1957,0.267264,42.6781,110.006,23.1887,0.0718272,86.7459,176.147,0,0,0
800,4,1,498,1,1,1,4316.94,18680.7,340.608,46.3844,0.482746,246.812,14291.2,109.734,23.1957,0.267264,86.2712,61.1054,23.1887,0.0718272,37.8449,170.84,0,0,0
800,4,1,499,1,1,1,4316.94,18668,447.946,46.3844,0.482746,354.463,12369.7,103.461,23.1957,0.267264,79.9978,109.451,23.1887,0.0718272,86.19,212.911,0,0,0
800,4,1,500,0,0,0,-1,-1,1012.76,23.206,0.516154,943.423,281084,-1,-1,-1,-1,-1,-1,-1,-1,-1,0,0,0
800,4,1,501,1,1,1,4317.58,18632.4,271.319,46.3844,0.482746,177.322,15475,87.2735,23.1957,0.267264,63.8105,45.6112,23.1887,0.0718272,22.3506,132.885,0,0,0
800,4,1,502,1,1,1,4318.22,18635.2,262.762,46.3844,0.482746,168.74,15629.9,80.8718,23.1957,0.267264,57.4089,41.0233,23.1887,0.0718272,17.7628,121.895,0,0,0
800,4,1,503,1,1,1,4316.94,18645.7,347.223,46.3844,0.482746,253.446,14138.6,108.359,23.1957,0.267264,84.896,61.7009,23.1887,0.0718272,38.4404,170.06,0,0,0
800,4,1,504,1,1,1,4317.19,18634,425.893,46.3844,0.482746,332.345,12727.9,105.688,23.1957,0.267264,82.2249,81.514,23.1887,0.0718272,58.2535,187.202,0,0,0
800,4,1,505,1,1,1,4324.97,18651.4,298.766,46.3844,0.482746,204.848,15005.9,60.4939,23.1957,0.267264,37.0309,89.1068,23.1887,0.0718272,65.8463,149.601,0,0,0
800,4,1,506,1,1,1,4340.72,18677.6,449.839,46.3844,0.482746,356.361,12345.7,108.736,23.1957,0.267264,85.2732,112.288,23.1887,0.0718272,89.0272,221.024,0,0,0
800,4,1,507,1,1,1,4319.86,18671.1,429.88,46.3844,0.482746,336.344,12694.2,91.6483,23.1957,0.267264,68.1853,104.772,23.1887,0.0718272,81.512,196.421,0,0,0
800,4,1,508,1,1,1,4324.75,18641.4,409.459,46.3844,0.482746,315.863,13027.5,80.4694,23.1957,0.267264,57.0064,105.812,23.1887,0.0718272,82.5516,186.281,0,0,0
800,4,1,509,1,1,1,4320.58,18643.8,433.476,46.3844,0.482746,339.95,12602.8,91.4624,23.1957,0.267264,67.9994,103.61,23.1887,0.0718272,80.3497,195.073,0,0,0
800,4,1,510,1,1,1,4314.06,18626.3,314.267,46.3844,0.482746,220.395,14705.2,63.9392,23.1957,0.267264,40.4762,91.666,23.1887,0.0718272,68.4055,155.605,0,0,0
800,4,1,511,1,1,1,4355.15,18668,296.486,46.3844,0.482746,202.562,15063.1,59.9668,23.1957,0.267264,36.5039,91.2221,23.1887,0.0718272,67.9615,151.189,0,0,0
800,4,1,512,1,1,1,4340.68,18659.6,298.435,46.3844,0.517824,204.482,15019.8,60.9793,23.1957,0.267264,37.5164,89.8386,23.1887,0.106906,66.543,150.818,0,0,0
800,4,1,513,1,1,1,4323.05,18687.1,450.931,46.3844,0.517824,357.421,12335.5,111.473,23.1957,0.302342,87.975,112.972,23.1887,0.0718272,89.7112,224.445,0,0,0
800,4,1,514,1,1,1,4335.78,18653.4,437.465,46.3844,0.6264,343.807,12541.2,91.6718,23.1957,0.267264,68.2088,105.464,23.1887,0.0718272,82.2032,197.136,0,0,0
800,4,1,515,0,0,0,-1,-1,324.512,23.206,0.691546,253.002,250223,-1,-1,-1,-1,-1,-1,-1,-1,-1,0,0,0
800,4,1,516,1,1,1,4323.53,18647.5,449.766,46.3844,0.482746,356.287,12316.9,109.61,23.1957,0.267264,86.1467,111.028,23.1887,0.0718272,87.7674,220.638,0,0,0
800,4,1,517,1,1,1,4328.95,18687,439.368,46.3844,0.482746,345.859,12541.3,103.78,23.1957,0.267264,80.3172,98.5838,23.1887,0.0718272,75.3233,202.364,0,0,0
800,4,1,518,1,1,1,4332.23,18652.7,450.986,46.3844,0.482746,357.511,12300.4,102.782,23.1957,0.267264,79.3192,112.154,23.1887,0.0718272,88.8936,214.936,0,0,0
800,4,1,519,1,1,1,4322.13,18643.8,429.629,46.3844,0.482746,336.092,12671.3,90.5672,23.1957,0.267264,67.1043,105.494,23.1887,0.0718272,82.2339,196.062,0,0,0
800,4,1,520,1,1,1,4319.82,18644,363.388,46.3844,0.482746,269.659,13849.4,66.5851,23.1957,0.267264,43.1221,110.075,23.1887,0.0718272,86.8145,176.66,0,0,0
800,4,1,521,1,1,1,4316.86,18630.7,410.262,46.3844,0.482746,316.668,13002.6,99.9775,23.1957,0.267264,76.5145,65.0579,23.1887,0.0718272,41.7974,165.035,0,0,0
800,4,1,522,1,1,1,4318.02,18642.4,419.141,46.3844,0.482746,325.573,12856.4,85.7195,23.1957,0.267264,62.2566,111.331,23.1887,0.0718272,88.0706,197.051,0,0,0
800,4,1,523,1,1,1,4362.05,18698.6,451.569,46.3844,0.571277,358.007,12335.3,110.433,23.1957,0.302342,86.9354,105.95,23.1887,0.12528,82.6364,216.384,0,0,0
800,4,1,524,1,1,1,4343.71,18705.1,530.455,46.3844,1.01894,436.675,256613,104.323,23.1957,0.267264,80.8605,73.0826,23.1887,0.177062,49.7168,177.406,0,0,0
800,4,1,525,1,1,1,4317.96,18633.2,430.642,46.3844,0.482746,337.108,12642.7,89.7713,23.1957,0.267264,66.3084,107.225,23.1887,0.0718272,83.9647,196.997,0,0,0
800,4,1,526,1,1,1,4327.96,24643.9,428.397,52.1883,0.731635,328.963,18792.5,233.098,28.9996,0.516154,203.365,56.6421,23.1887,0.0718272,33.3816,289.74,0,0,0
800,4,1,527,1,1,1,4315.02,18647.6,327.504,46.3844,0.678182,233.474,14490.6,106.12,23.1957,0.462701,82.4613,63.5599,23.1887,0.0718272,40.2994,169.68,0,0,0
800,4,1,528,1,1,1,4316.3,18636.5,321.091,46.3844,0.482746,227.239,14594,62.6488,23.1957,0.267264,39.1858,91.9007,23.1887,0.0718272,68.6402,154.549,0,0,0
800,4,1,529,1,1,1,4317.26,18633,364.301,46.3844,0.482746,270.574,13822.2,66.3739,23.1957,0.267264,42.9109,107.371,23.1887,0.0718272,84.1109,173.745,0,0,0
800,4,1,530,0,0,0,-1,-1,358.803,29.0099,0.765043,281.675,251019,-1,-1,-1,-1,-1,-1,-1,-1,-1,0,0,0
800,4,1,531,1,1,1,4319.62,18636.5,446.793,46.3844,0.482746,353.306,12358.8,105.966,23.1957,0.267264,82.5028,107.05,23.1887,0.0718272,83.7896,213.016,0,0,0
800,4,1,532,1,1,1,4322.69,18645.9,326.873,46.3844,0.482746,233.038,14500.6,62.4448,23.1957,0.267264,38.9819,95.855,23.1887,0.0718272,72.5945,158.3,0,0,0
800,4,1,533,1,1,1,4316.94,18641.2,323.567,46.3844,0.482746,229.722,14554.6,108.734,23.1957,0.267264,85.2714,62.5005,23.1887,0.0718272,39.24,171.235,0,0,0
800,4,1,534,1,1,1,4326.53,18654.7,351.568,46.3844,0.517824,257.769,14070,64.0645,23.1957,0.302342,40.5665,106.054,23.1887,0.0718272,82.7934,170.118,0,0,0
800,4,1,535,1,1,1,4337.58,18652.4,394.965,46.3844,0.6264,301.183,13295.9,71.366,23.1957,0.267264,47.903,104.901,23.1887,0.0718272,81.6401,176.267,0,0,0
800,4,1,536,1,1,1,4317.58,18681.2,432.099,46.3844,0.482746,338.57,12664.7,91.4462,23.1957,0.267264,67.9832,107.408,23.1887,0.0718272,84.147,198.854,0,0,0
800,4,1,537,1,1,1,4317.26,18653.8,318.005,46.3844,0.482746,224.144,14666.2,112.783,23.1957,0.267264,89.3196,62.5727,23.1887,0.0718272,39.3122,175.355,0,0,0
800,4,1,538,1,1,1,4329.16,18654.9,442.408,46.3844,0.517824,348.873,12454.9,103.635,23.1957,0.302342,80.1367,101.482,23.1887,0.0718272,78.2218,205.117,0,0,0
800,4,1,539,1,1,1,4329.9,18644.1,339.616,46.3844,0.482746,245.817,14272.2,61.8023,23.1957,0.267264,38.3394,101.722,23.1887,0.0718272,78.4619,163.525,0,0,0
800,4,1,540,1,1,1,4318.86,18634.6,312.748,46.3844,0.482746,218.872,14740.5,64.1684,23.1957,0.267264,40.7055,90.15,23.1887,0.0718272,66.8895,154.318,0,0,0
800,4,1,541,1,1,1,4315.66,18632.4,275.231,46.3844,0.482746,181.245,15405.4,89.136,23.1957,0.267264,65.6731,46.907,23.1887,0.0718272,23.6465,136.043,0,0,0
800,4,1,542,1,1,1,4321.99,24676,538.379,52.1883,0.571277,439.425,16869.1,224.263,28.9996,0.355795,194.659,72.0027,23.1887,0.0718272,48.7422,296.266,0,0,0
800,4,1,543,1,1,1,4336.15,24665.2,569.375,52.1883,0.840211,470.242,16306.7,230.922,28.9996,0.481075,201.215,109.386,23.1887,0.0718272,86.1251,340.308,0,0,0
800,4,1,544,1,1,1,4318.64,18641.3,350.966,46.3844,0.482746,257.2,14067.6,108.942,23.1957,0.267264,85.4789,61.7623,23.1887,0.0718272,38.5018,170.704,0,0,0
800,4,1,545,1,1,1,4319.18,18658,394.591,46.3844,0.482746,300.952,13308.6,99.9666,23.1957,0.267264,76.5037,65.0344,23.1887,0.0718272,41.7739,165.001,0,0,0
800,4,1,546,1,1,1,4316.62,18636.7,388.256,46.3844,0.482746,294.599,13399.9,65.8559,23.1957,0.267264,42.3929,106.045,23.1887,0.0718272,82.7844,171.901,0,0,0
800,4,1,547,1,1,1,4315.66,18672.4,449.618,46.3844,0.482746,356.139,12344.4,106.686,23.1957,0.267264,83.2229,107.85,23.1887,0.0718272,84.5892,214.536,0,0,0
800,4,1,548,1,1,1,4317.98,18642,309.936,46.3844,0.678182,215.856,14797.4,110.078,23.1957,0.462701,86.4192,59.5785,23.1887,0.0718272,36.318,169.656,0,0,0
800,4,1,549,1,1,1,4318.22,18640.7,361.871,46.3844,0.482746,268.137,13873.1,112.111,23.1957,0.267264,88.6482,63.3975,23.1887,0.0718272,40.1369,175.509,0,0,0
800,4,1,550,1,1,1,4332.13,18657.2,448.707,46.3844,0.517824,355.19,12345.2,102.514,23.1957,0.302342,79.0159,108.97,23.1887,0.0718272,85.71,211.484,0,0,0
800,4,1,551,1,1,1,4391.45,18707.2,442.692,46.3844,0.482746,349.193,12502.4,95.285,23.1957,0.267264,71.822,105.375,23.1887,0.0718272,82.1148,200.66,0,0,0
800,4,1,552,1,1,1,4328.44,18643.3,365.348,46.3844,0.482746,271.624,13813.8,67.529,23.1957,0.267264,44.066,109.828,23.1887,0.0718272,86.5672,177.357,0,0,0
800,4,1,553,1,1,1,4319.62,18638.7,429.093,46.3844,0.517824,335.52,12675.5,90.8929,23.1957,0.302342,67.3948,103.32,23.1887,0.0718272,80.0591,194.213,0,0,0
800,4,1,554,1,1,1,4327.11,18653.9,444.329,46.3844,0.482746,350.835,12420,106.181,23.1957,0.267264,82.7176,105.323,23.1887,0.0718272,82.0625,211.504,0,0,0
800,4,1,555,1,1,1,4352.05,18668.1,369.807,46.3844,0.482746,276.096,13759.4,67.2835,23.1957,0.267264,43.8205,109.46,23.1887,0.0718272,86.1991,176.743,0,0,0
800,4,1,556,1,1,1,4345.1,18660,372.561,46.3844,0.661478,278.679,13701.6,66.5046,23.1957,0.302342,43.0066,107.088,23.1887,0.0718272,83.8275,173.593,0,0,0
800,4,1,557,1,1,1,4341.54,18675.8,449.58,46.3844,0.482746,356.101,12348.5,109.317,23.1957,0.267264,85.8543,111.844,23.1887,0.0718272,88.5832,221.161,0,0,0
800,4,1,558,1,1,1,4325.66,18653,447.565,46.3844,0.678182,353.885,12361.1,106.86,23.1957,0.462701,83.2013,108.739,23.1887,0.0718272,85.4789,215.599,0,0,0
800,4,1,559,1,1,1,4316.62,18637.6,330.129,46.3844,0.482746,236.302,14434.4,107.881,23.1957,0.267264,84.4177,63.7963,23.1887,0.0718272,40.5358,171.677,0,0,0
800,4,1,560,1,1,1,4315.02,18630.8,310.526,46.3844,0.482746,216.643,14776.2,65.3812,23.1957,0.267264,41.9183,89.6194,23.1887,0.0718272,66.3589,155.001,0,0,0
800,4,1,561,1,1,1,4337.78,18657.6,411.315,46.3844,0.517824,317.69,13010.5,80.555,23.1957,0.302342,57.0569,106.074,23.1887,0.0718272,82.8132,186.629,0,0,0
800,4,1,562,1,0,0,-1,-1,352.341,23.1957,0.267264,281.347,251004,-1,-1,-1,-1,-1,-1,-1,-1,-1,0,0,0
800,4,1,563,1,1,1,4317.75,18644.4,334.075,46.3844,0.482746,240.26,14371,110.052,23.1957,0.267264,86.5889,64.0327,23.1887,0.0718272,40.7722,174.085,0,0,0
800,4,1,564,1,1,1,4316.9,18654.8,444.266,46.3844,0.482746,350.772,12422,101.901,23.1957,0.267264,78.4384,105.099,23.1887,0.0718272,81.8387,207.001,0,0,0
800,4,1,565,1,1,1,4328.26,18642,449.452,46.3844,0.6264,355.829,12316.6,108.917,23.1957,0.267264,85.4537,110.893,23.1887,0.0718272,87.6321,219.809,0,0,0
800,4,1,566,1,1,1,4315.34,18629.5,346.962,46.3844,0.482746,253.185,14127,64.3688,23.1957,0.267264,40.9058,103.024,23.1887,0.0718272,79.7631,167.392,0,0,0
800,4,1,567,1,1,1,4350.7,18668.7,419.528,46.3844,0.482746,325.961,12875.8,104.462,23.1957,0.267264,80.9994,75.7676,23.1887,0.0718272,52.507,180.23,0,0,0
800,4,1,568,1,1,1,4323.59,18642.2,436.838,46.3844,0.482746,343.322,12541.5,89.8579,23.1957,0.267264,66.395,103.848,23.1887,0.0718272,80.5879,193.706,0,0,0
800,4,1,569,1,1,1,4318.22,18646.3,431.2,46.3844,0.517824,337.633,12645.6,92.353,23.1957,0.302342,68.8549,108.806,23.1887,0.0718272,85.5457,201.159,0,0,0
800,4,1,570,1,1,1,4336.07,18656.6,295.642,46.3844,0.517824,201.681,15066.4,101.107,23.1957,0.267264,77.6443,53.3726,23.1887,0.106906,30.077,154.48,0,0,0
800,4,1,571,1,1,1,4318.39,18641,448.228,46.3844,0.517824,354.71,12337.5,102.186,23.1957,0.302342,78.6875,109.427,23.1887,0.0718272,86.1666,211.613,0,0,0
800,4,1,572,1,1,1,4346.63,18662.7,318.879,46.3844,0.517824,224.985,14659.3,61.5551,23.1957,0.267264,38.0921,89.862,23.1887,0.106906,66.5664,151.417,0,0,0
800,4,1,573,1,1,1,4321.16,18639.3,427.978,46.3844,0.482746,334.437,12696.1,88.692,23.1957,0.267264,65.2291,109.658,23.1887,0.0718272,86.3976,198.35,0,0,0
800,4,1,574,1,1,1,4332.94,18650,429.945,46.3844,0.482746,336.409,12671.8,89.2425,23.1957,0.267264,65.7795,106.368,23.1887,0.0718272,83.1074,195.61,0,0,0
800,4,1,575,1,1,1,4322.27,18665.8,301.183,46.3844,0.482746,207.272,14977.3,105.199,23.1957,0.267264,81.7358,56.1115,23.1887,0.0718272,32.851,161.31,0,0,0
800,4,1,576,1,1,1,4349.76,18674.7,426.087,46.3844,0.482746,332.54,12765.2,87.6741,23.1957,0.267264,64.2112,111.023,23.1887,0.0718272,87.762,198.697,0,0,0
800,4,1,577,1,1,1,4329.41,18662.9,266.983,46.3844,0.713261,172.743,15581.9,83.6345,23.1957,0.497779,59.941,43.606,23.1887,0.0718272,20.3455,127.241,0,0,0
800,4,1,578,1,1,1,4317.61,18633.4,447.138,46.3844,0.482746,353.652,12349.5,103.309,23.1957,0.267264,79.8462,108.27,23.1887,0.0718272,85.0097,211.579,0,0,0
800,4,1,579,1,1,2,4340.64,18668.2,320.736,69.5741,0.698227,204.114,15010.1,60.8241,23.1957,0.267264,37.3612,112.467,46.3784,0.287309,65.8012,173.291,1,0,0
800,4,1,580,1,1,1,4319.75,18639.7,448.38,46.3844,0.482746,354.898,12333.7,104.134,23.1957,0.267264,80.671,107.998,23.1887,0.0718272,84.7372,212.132,0,0,0
800,4,1,581,1,1,1,4330.26,18664.6,449.874,46.3844,0.517824,356.361,12331.8,103.249,23.1957,0.302342,79.7505,110.739,23.1887,0.0718272,87.4787,213.988,0,0,0
800,4,1,582,1,1,1,4317.26,18630.8,297.474,46.3844,0.482746,203.553,15008.3,60.1365,23.1957,0.267264,36.6735,89.9966,23.1887,0.0718272,66.7361,150.133,0,0,0
800,4,1,583,1,1,1,4318.98,18636.8,295.644,46.3844,0.482746,201.717,15046.8,101.087,23.1957,0.267264,77.6244,53.5288,23.1887,0.0718272,30.2683,154.616,0,0,0
800,4,1,584,0,0,0,-1,-1,468.806,23.206,0.516154,397.892,255228,-1,-1,-1,-1,-1,-1,-1,-1,-1,0,0,0
800,4,1,585,1,1,1,4345.81,18669.1,370.023,46.3844,0.482746,276.313,13756.5,67.2492,23.1957,0.267264,43.7863,110.526,23.1887,0.0718272,87.2657,177.775,0,0,0
800,4,1,586,1,1,1,4325.51,18646.3,332.941,46.3844,0.482746,239.123,14393.1,58.4959,23.1957,0.267264,35.033,97.8132,23.1887,0.0718272,74.5527,156.309,0,0,0
800,4,1,587,1,1,1,4316.62,18639.7,294.939,46.3844,0.517824,200.975,15062.1,100.05,23.1957,0.302342,76.5524,52.6445,23.1887,0.0718272,29.3839,152.695,0,0,0
800,4,1,588,1,1,1,4323.24,18642,304.235,46.3844,0.482746,210.333,14899.3,64.1901,23.1957,0.267264,40.7271,90.4604,23.1887,0.0718272,67.1999,154.651,0,0,0
800,4,1,589,1,1,1,4314.7,24636,462.048,52.1883,1.31795,362.126,18184.8,225.512,28.9996,1.10246,195.169,61.876,23.1887,0.0718272,38.6155,287.388,0,0,0
800,4,1,590,1,1,1,4318.02,24678.7,376.877,52.1883,0.731635,277.293,19743.4,200.544,28.9996,0.516154,170.709,38.2043,23.1887,0.0718272,14.9437,238.748,0,0,0
800,4,1,591,1,1,1,4322.83,18666.3,430.507,46.3844,0.482746,336.972,12678.2,107.825,23.1957,0.267264,84.3618,84.0931,23.1887,0.0718272,60.8326,191.918,0,0,0
800,4,1,592,1,1,1,4320.27,18652.9,441.875,46.3844,0.482746,348.373,12462.7,105.28,23.1957,0.267264,81.817,98.8654,23.1887,0.0718272,75.6049,204.145,0,0,0
800,4,1,593,1,1,1,4326.66,18670.5,427.584,46.3844,0.552902,333.971,12733.8,88.2713,23.1957,0.337421,64.7382,110.625,23.1887,0.0718272,87.365,198.897,0,0,0
800,4,1,594,1,1,1,4328.93,18670.4,450.012,46.3844,0.482746,356.535,12335.4,102.075,23.1957,0.267264,78.6117,110.936,23.1887,0.0718272,87.6754,213.011,0,0,0
800,4,1,595,1,1,1,4321.54,18634.1,443.813,46.3844,0.482746,350.317,12409.4,99.4559,23.1957,0.267264,75.9929,103.41,23.1887,0.0718272,80.1494,202.866,0,0,0
800,4,1,596,1,1,1,4325.13,18645.7,375.209,46.3844,0.517824,281.478,13640.6,67.1445,23.1957,0.267264,43.6816,103.292,23.1887,0.106906,79.996,170.436,0,0,0
800,4,1,597,1,1,1,4331.72,18653.4,395.644,46.3844,0.482746,302.008,13285.2,100.463,23.1957,0.267264,77,66.0686,23.1887,0.0718272,42.8081,166.532,0,0,0
800,4,1,598,1,1,1,4318.22,18643.4,373.981,46.3844,0.482746,280.282,13660.4,106.462,23.1957,0.267264,82.9991,61.3797,23.1887,0.0718272,38.1192,167.842,0,0,0
800,4,1,599,1,1,1,4315.49,18643.7,419.85,46.3844,0.517824,326.25,12844.9,105.086,23.1957,0.302342,81.5878,76.096,23.1887,0.0718272,52.8355,181.182,0,0,0
800,4,1,600,1,1,1,4318.54,18637.3,421.471,46.3844,0.482746,327.911,12809.9,87.0767,23.1957,0.267264,63.6138,110.732,23.1887,0.0718272,87.4714,197.809,0,0,0
800,4,1,601,1,1,1,4321.54,18654.6,357.734,46.3844,0.482746,263.988,13960.5,111.544,23.1957,0.267264,88.0815,62.264,23.1887,0.0718272,39.0035,173.808,0,0,0
800,4,1,602,1,1,1,4315.66,18633,301.913,46.3844,0.482746,208.005,14931.6,105.52,23.1957,0.267264,82.057,56.3479,23.1887,0.0718272,33.0874,161.868,0,0,0
800,4,1,603,1,1,1,4319.21,18640.5,320.346,46.3844,0.482746,226.492,14611.2,63.6125,23.1957,0.267264,40.1496,91.6913,23.1887,0.0718272,68.4308,155.304,0,0,0
800,4,1,604,1,1,1,4319.77,18655.7,435.257,46.3844,0.517824,341.701,12582.9,109.399,23.1957,0.302342,85.9013,88.273,23.1887,0.0718272,65.0125,197.672,0,0,0
800,4,1,605,1,1,1,4315.02,18636.5,357.511,46.3844,0.482746,263.764,13946.4,111.665,23.1957,0.267264,88.2024,61.6396,23.1887,0.0718272,38.3791,173.305,0,0,0
800,4,1,606,1,1,1,4321.16,18679.9,450.026,46.3844,0.517824,356.513,12344.5,107.192,23.1957,0.302342,83.694,107.496,23.1887,0.0718272,84.2354,214.688,0,0,0
800,4,1,607,1,1,1,4333.92,24652.6,542.495,52.1883,0.571277,443.553,16772.5,200.074,28.9996,0.320717,170.44,105.405,23.1887,0.106906,82.1094,305.479,0,0,0
800,4,1,608,1,1,1,4337.86,18670.8,448.579,46.3844,0.517824,355.062,12361.1,106.28,23.1957,0.267264,82.8169,107.623,23.1887,0.106906,84.3275,213.903,0,0,0
800,4,1,609,1,1,1,4351.58,18712.9,449.275,46.3844,0.748339,355.529,12390.1,104.271,23.1957,0.497779,80.5771,108.663,23.1887,0.106906,85.367,212.933,0,0,0
800,4,1,610,1,1,1,4335.99,18652.4,398.695,46.3844,0.517824,305.033,13229.7,74.1147,23.1957,0.267264,50.6517,106.735,23.1887,0.106906,83.4395,180.85,0,0,0
800,4,1,611,1,1,1,4322.38,18649,447.423,46.3844,0.482746,353.938,12360.1,103.051,23.1957,0.267264,79.5881,106.115,23.1887,0.0718272,82.8548,209.166,0,0,0
800,4,1,612,1,1,1,4318.22,18647.5,321.021,46.3844,0.482746,227.168,14606.2,111.097,23.1957,0.267264,87.6339,63.8685,23.1887,0.0718272,40.608,174.965,0,0,0
800,4,1,613,1,1,1,4325.95,18653.1,450.412,46.3844,0.678182,356.74,12310.6,108.466,23.1957,0.462701,84.8076,110.754,23.1887,0.0718272,87.4931,219.22,0,0,0
800,4,1,614,1,1,1,4322.73,18647.6,429.18,46.3844,0.482746,335.642,12683.1,89.7479,23.1957,0.267264,66.2849,108.963,23.1887,0.0718272,85.7027,198.711,0,0,0
800,4,1,615,1,1,1,4317.58,18644.9,384.907,46.3844,0.482746,291.241,13467.6,101.593,23.1957,0.267264,78.1298,65.9188,23.1887,0.0718272,42.6583,167.512,0,0,0
800,4,1,616,1,1,1,4319.5,18638.2,449.609,46.3844,0.482746,356.13,12310.4,105.636,23.1957,0.267264,82.1725,107.667,23.1887,0.0718272,84.4069,213.303,0,0,0
800,4,1,617,1,1,1,4322.25,18648.2,448.329,46.3844,0.517824,354.811,12342.9,103.115,23.1957,0.302342,79.6169,108.427,23.1887,0.0718272,85.1667,211.542,0,0,0
800,4,1,618,1,1,1,4315.66,18655.8,267.878,46.3844,0.678182,173.676,15559.1,84.7076,23.1957,0.462701,61.0492,44.0789,23.1887,0.0718272,20.8184,128.786,0,0,0
800,4,1,619,1,1,1,4332.86,18661.5,352.127,46.3844,0.482746,258.364,14067.1,64.2208,23.1957,0.267264,40.7578,106.189,23.1887,0.0718272,82.9288,170.41,0,0,0
800,4,1,620,1,1,1,4330.54,18671.6,450.384,46.3844,0.517824,356.872,12329.8,110.053,23.1957,0.302342,86.5546,111.302,23.1887,0.0718272,88.0418,221.355,0,0,0
800,4,1,621,1,1,1,4317.64,18673.3,274.138,46.3844,0.552902,180.079,15465.2,89.2784,23.1957,0.337421,65.7453,46.2591,23.1887,0.0718272,22.9986,135.537,0,0,0
800,4,1,622,1,1,1,4386.69,18731.5,408.524,46.3844,0.713261,314.696,13133.5,78.7363,23.1957,0.497779,55.0428,108.889,23.1887,0.0718272,85.6287,187.626,0,0,0
800,4,1,623,1,1,1,4316.62,18643.2,446.263,46.3844,0.517824,352.739,12374.7,103.998,23.1957,0.302342,80.4995,108.028,23.1887,0.0718272,84.7678,212.026,0,0,0
800,4,1,624,1,1,1,4321.54,18637,397.665,46.3844,0.482746,304.035,13232.9,73.5859,23.1957,0.267264,50.1229,106.886,23.1887,0.0718272,83.6254,180.472,0,0,0
800,4,1,625,1,1,1,4320.71,18657,447.84,46.3844,0.482746,354.356,12360.7,108.097,23.1957,0.267264,84.6343,108.138,23.1887,0.0718272,84.8779,216.236,0,0,0
800,4,1,626,1,1,2,10329.7,24656.6,586.324,69.5741,0.663149,470.51,16296.8,106.733,23.1957,0.267264,83.2699,244.187,46.3784,0.108576,197.7,350.919,1,0,0
800,4,1,627,1,1,1,4316.94,18646.8,345.949,46.3844,0.482746,252.168,14162.3,109.568,23.1957,0.267264,86.1052,61.6396,23.1887,0.0718272,38.3791,171.208,0,0,0
800,4,1,628,1,1,1,4322.79,18645.6,381.334,46.3844,0.482746,287.656,13531.9,103.775,23.1957,0.267264,80.3118,66.6353,23.1887,0.0718272,43.3748,170.41,0,0,0
800,4,1,629,1,1,1,4324.02,18643.4,256.08,46.3844,0.482746,162.039,15757,75.2752,23.1957,0.267264,51.8122,40.2617,23.1887,0.0718272,17.0012,115.537,0,0,0
800,4,1,630,1,1,1,4324.23,18654.7,329.088,46.3844,0.482746,235.259,14470,59.0139,23.1957,0.267264,35.551,97.1021,23.1887,0.0718272,73.8416,156.116,0,0,0
800,4,1,631,1,1,1,4338.04,18650.9,393.526,46.3844,0.517824,299.849,13320.2,70.0088,23.1957,0.267264,46.5458,105.165,23.1887,0.106906,81.8693,175.174,0,0,0
800,4,1,632,1,1,1,4328.84,18674.2,448.658,46.3844,0.517824,355.141,12363.1,103.29,23.1957,0.302342,79.792,108.314,23.1887,0.0718272,85.053,211.604,0,0,0
800,4,1,633,1,1,1,4346.97,18665.3,416.747,46.3844,0.482746,323.173,12921.9,101.62,23.1957,0.267264,78.1569,67.5359,23.1887,0.0718272,44.2754,169.156,0,0,0
800,4,1,634,1,1,1,4315.98,18632.1,417.044,46.3844,0.482746,323.471,12883.3,82.9293,23.1957,0.267264,59.4664,109.113,23.1887,0.0718272,85.8525,192.042,0,0,0
800,4,1,635,1,1,2,10355.9,24669.5,510.385,69.5741,0.519494,394.493,17660.4,67.2095,23.1957,0.267264,43.7465,251.991,46.3784,0.108576,205.504,319.2,1,0,0
800,4,1,636,1,1,1,4332.92,18659.4,449.569,46.3844,0.552902,356.02,12331.9,107.448,23.1957,0.302342,83.9503,103.041,23.1887,0.106906,79.7451,210.489,0,0,0
800,4,1,637,1,1,1,4330.27,18687.7,434.981,46.3844,0.517824,341.425,12619.7,108.703,23.1957,0.302342,85.2046,89.2711,23.1887,0.0718272,66.0106,197.974,0,0,0
800,4,1,638,1,1,1,4320.53,18637.4,337.449,46.3844,0.482746,243.644,14304,60.4686,23.1957,0.267264,37.0056,101.423,23.1887,0.0718272,78.1623,161.891,0,0,0
800,4,1,639,1,1,1,4317.11,18697.7,267.172,46.3844,0.552902,173.093,15613.5,84.2358,23.1957,0.337421,60.7026,43.431,23.1887,0.0718272,20.1704,127.667,0,0,0
800,4,1,640,1,1,1,4319.3,18633.8,428.853,46.3844,0.482746,335.314,12675.1,90.4571,23.1957,0.267264,66.9942,104.744,23.1887,0.0718272,81.4831,195.201,0,0,0
800,4,1,641,1,1,1,4319.3,18635.1,449.579,46.3844,0.482746,356.1,12307.9,111.063,23.1957,0.267264,87.5996,110.239,23.1887,0.0718272,86.9787,221.302,0,0,0
800,4,1,642,1,1,1,4323.82,18639.6,388.327,46.3844,0.482746,294.67,13401.5,65.9119,23.1957,0.267264,42.4489,105.614,23.1887,0.0718272,82.353,171.525,0,0,0
800,4,1,643,1,1,1,4332.71,24656.5,572.437,52.1883,0.696557,473.457,16243.9,233.979,28.9996,0.481075,204.282,112.858,23.1887,0.0718272,89.5975,346.837,0,0,0
800,4,1,644,1,1,1,4322.66,18657.2,438.355,46.3844,0.517824,344.809,12529.2,92.75,23.1957,0.302342,69.252,103.744,23.1887,0.0718272,80.4833,196.494,0,0,0
800,4,1,645,1,1,1,4336.23,24684.6,555.833,52.1883,0.83687,456.665,16566.3,226.877,28.9996,0.621389,197.016,92.1371,23.1887,0.0718272,68.8766,319.015,0,0,0
800,4,1,646,1,1,1,4351.89,18668,400.381,46.3844,0.6264,306.616,13215.2,73.3585,23.1957,0.267264,49.8955,105.296,23.1887,0.0718272,82.0354,178.654,0,0,0
800,4,1,647,1,1,1,4317.68,18653.4,450.102,46.3844,0.713261,356.394,12316.1,103.906,23.1957,0.497779,80.2125,109.081,23.1887,0.0718272,85.82,212.987,0,0,0
800,4,1,648,1,1,1,4338.77,18677.9,419.552,46.3844,0.517824,325.95,12884.3,104.243,23.1957,0.302342,80.7449,74.4573,23.1887,0.0718272,51.1968,178.7,0,0,0
800,4,1,649,1,1,1,4324.52,18645.8,387.528,46.3844,0.482746,293.868,13422,64.2948,23.1957,0.267264,40.8318,105.303,23.1887,0.0718272,82.0426,169.598,0,0,0
800,4,1,650,1,1,1,4318.54,18643.5,302.894,46.3844,0.482746,208.989,14924.6,106.679,23.1957,0.267264,83.2157,56.5843,23.1887,0.0718272,33.3238,163.263,0,0,0
800,4,1,651,1,1,1,4318.22,18632.4,356.284,46.3844,0.482746,262.533,13964.1,64.7929,23.1957,0.267264,41.3299,106.538,23.1887,0.0718272,83.2771,171.33,0,0,0
800,4,1,652,1,1,1,4331.53,18646,415.41,46.3844,0.482746,321.832,12926.3,80.9079,23.1957,0.267264,57.445,108.315,23.1887,0.0718272,85.0548,189.223,0,0,0
800,4,1,653,1,0,0,-1,-1,522.253,23.1957,0.372499,451.648,257047,-1,-1,-1,-1,-1,-1,-1,-1,-1,0,0,0
800,4,1,654,1,1,1,4319.75,18649.7,449.569,46.3844,0.552902,356.02,12322.1,108.164,23.1957,0.337421,84.6307,111.171,23.1887,0.0718272,87.91,219.334,0,0,0
800,4,1,655,1,1,1,4313.42,18643.8,289.287,46.3844,0.552902,195.272,15166.4,96.3712,23.1957,0.337421,72.8381,51.0598,23.1887,0.0718272,27.7993,147.431,0,0,0
800,4,1,656,1,1,1,4335.88,18705.3,432.482,46.3844,0.731635,338.705,12680.9,91.7716,23.1957,0.372499,68.2034,107.469,23.1887,0.0718272,84.2084,199.24,0,0,0
800,4,1,657,1,1,1,4321.67,18653.4,443.88,46.3844,0.517824,350.35,12427.2,101.46,23.1957,0.302342,77.9619,104.856,23.1887,0.0718272,81.595,206.316,0,0,0
800,4,1,658,1,1,1,4324.14,18652,369.925,46.3844,0.517824,276.18,13740.9,109.159,23.1957,0.302342,85.6612,62.4391,23.1887,0.0718272,39.1786,171.598,0,0,0
800,4,1,659,1,1,1,4316.62,18633.7,335.342,46.3844,0.482746,241.531,14337.8,109.054,23.1957,0.267264,85.5908,62.1503,23.1887,0.0718272,38.8898,171.204,0,0,0
800,4,1,660,1,1,2,4345.16,18661,397.192,69.5741,0.768384,280.722,13659.7,107.059,23.1957,0.267264,83.5965,85.5806,46.3784,0.357466,38.8447,192.64,1,0,0
800,4,1,661,1,1,1,4318.02,18633.2,370.092,46.3844,0.482746,276.382,13719.3,66.3504,23.1957,0.267264,42.8875,106.29,23.1887,0.0718272,83.0298,172.641,0,0,0
800,4,1,662,1,1,1,4315.08,18632.4,350.881,46.3844,0.482746,257.115,14060.2,108.72,23.1957,0.267264,85.2569,61.6486,23.1887,0.0718272,38.3881,170.369,0,0,0
800,4,1,663,1,1,1,4327.82,18675.9,299.633,46.3844,0.552902,205.648,15014.5,61.0838,23.1957,0.337421,37.5507,89.1664,23.1887,0.0718272,65.9059,150.25,0,0,0
800,4,1,664,1,1,1,4315.34,18640.4,389.099,46.3844,0.678182,295.249,13388.2,102.649,23.1957,0.462701,78.9907,64.7781,23.1887,0.0718272,41.5176,167.427,0,0,0
800,4,1,665,1,1,1,4349.91,18674.1,429.491,46.3844,0.587981,335.848,12703.3,90.7134,23.1957,0.267264,67.2505,104.477,23.1887,0.177062,81.1113,195.19,0,0,0
800,4,1,666,1,1,1,4324.4,18655.8,372.155,46.3844,0.517824,278.416,13705,66.1393,23.1957,0.267264,42.6763,104.919,23.1887,0.106906,81.6239,171.059,0,0,0
800,4,1,667,1,1,1,4323.98,18675.4,418.735,46.3844,0.536198,325.113,12896.2,103.714,23.1957,0.302342,80.2161,71.532,23.1887,0.0902016,48.2531,175.246,0,0,0
800,4,1,668,1,1,1,4340.53,18671.8,419.504,46.3844,0.482746,325.938,12879.3,104.388,23.1957,0.267264,80.9254,74.2172,23.1887,0.0718272,50.9567,178.606,0,0,0
800,4,1,669,1,0,0,-1,-1,918.654,23.1957,0.267264,849.306,272775,-1,-1,-1,-1,-1,-1,-1,-1,-1,0,0,0
800,4,1,670,1,1,1,4328.98,18673,414.332,46.3844,0.482746,320.751,12972.5,101.604,23.1957,0.267264,78.1406,66.6605,23.1887,0.0718272,43.4,168.264,0,0,0
800,4,1,671,1,1,1,4334.47,18709.1,443.712,46.3844,0.482746,350.216,12486.2,107.007,23.1957,0.267264,83.5442,99.2408,23.1887,0.0718272,75.9803,206.248,0,0,0
800,4,1,672,1,1,1,4322.89,18638.3,379.066,46.3844,0.482746,285.382,13564.9,104.852,23.1957,0.267264,81.3893,63.8775,23.1887,0.0718272,40.617,168.73,0,0,0
800,4,1,673,1,1,1,4329.88,18698.1,451.695,46.3844,0.482746,358.222,12333.2,104.601,23.1957,0.267264,81.1384,110.707,23.1887,0.0718272,87.4462,215.308,0,0,0
800,4,1,674,1,1,1,4318.22,18638.9,443.527,46.3844,0.482746,350.03,12419.2,99.732,23.1957,0.267264,76.269,103.423,23.1887,0.0718272,80.162,203.155,0,0,0
800,4,1,675,1,1,1,4320.4,18652.1,442.389,46.3844,0.482746,348.889,12452.7,102.237,23.1957,0.267264,78.7741,97.4667,23.1887,0.0718272,74.2062,199.704,0,0,0
800,4,1,676,1,1,1,4318.08,18644.8,443.584,46.3844,0.482746,350.088,12424.1,99.9486,23.1957,0.267264,76.4856,103.309,23.1887,0.0718272,80.0483,203.257,0,0,0
800,4,1,677,1,1,1,4316.3,18638.4,281.837,46.3844,0.482746,187.871,15293.9,92.4731,23.1957,0.267264,69.0101,48.8887,23.1887,0.0718272,25.6282,141.362,0,0,0
800,4,1,678,1,1,1,4317.58,18638.9,446.339,46.3844,0.482746,352.851,12369.3,102.75,23.1957,0.267264,79.2867,106.92,23.1887,0.0718272,83.6597,209.67,0,0,0
800,4,1,679,1,1,1,4322.63,18648.4,399.446,46.3844,0.482746,305.822,13212.6,98.5499,23.1957,0.267264,75.0869,61.7154,23.1887,0.0718272,38.4549,160.265,0,0,0
800,4,1,680,1,1,1,4322.12,18656.2,418.375,46.3844,0.517824,324.77,12883.5,103.582,23.1957,0.267264,80.1187,71.5938,23.1887,0.106906,48.2983,175.175,0,0,0
800,4,1,681,1,1,1,4315.02,18644.5,332.188,46.3844,0.587981,238.262,14403.9,58.9116,23.1957,0.372499,35.3434,97.3494,23.1887,0.0718272,74.0888,156.261,0,0,0
800,4,1,682,1,1,1,4324.17,18668.6,331.164,46.3844,0.517824,237.306,14446.8,107.75,23.1957,0.302342,84.2517,64.5616,23.1887,0.0718272,41.301,172.311,0,0,0
800,4,1,683,1,1,1,4323.59,24650.9,506.367,52.1883,0.696557,407.195,17413.2,219.723,28.9996,0.481075,189.984,65.1517,23.1887,0.0718272,41.8912,284.875,0,0,0
800,4,1,684,1,1,1,4362.3,18682.4,451.191,46.3844,0.482746,357.717,12326.5,110.397,23.1957,0.267264,86.9336,106.917,23.1887,0.0718272,83.6561,217.313,0,0,0
800,4,1,685,1,1,1,4356.97,18676.8,443.936,46.3844,0.6264,350.297,12449.5,105.809,23.1957,0.267264,82.3458,99.8219,23.1887,0.0718272,76.5614,205.631,0,0,0
800,4,1,686,1,1,1,4326.09,18652.7,316.275,46.3844,0.517824,222.373,14695.6,61.5749,23.1957,0.267264,38.112,89.5805,23.1887,0.106906,66.2849,151.155,0,0,0
800,4,1,687,1,1,1,4317.9,24638.8,278.679,52.1883,0.696557,178.845,21449.9,145.779,28.9996,0.481075,115.827,25.5291,23.1887,0.0718272,2.26863,171.309,0,0,0
800,4,1,688,1,1,1,4316.62,18632.1,312.399,46.3844,0.482746,218.522,14744.1,64.7478,23.1957,0.267264,41.2848,90.2114,23.1887,0.0718272,66.9509,154.959,0,0,0
800,4,1,689,1,1,1,4314.7,24635.7,361.463,52.1883,0.536198,262.03,19975,191.926,28.9996,0.320717,162.268,35.6306,23.1887,0.0718272,12.3701,227.557,0,0,0
800,4,1,690,1,1,1,4317.26,18644.2,372.962,46.3844,0.482746,279.26,13679.4,110.42,23.1957,0.267264,86.9571,62.5005,23.1887,0.0718272,39.24,172.921,0,0,0
800,4,1,691,1,1,1,4319.54,18659.5,360.356,46.3844,0.482746,266.618,13918.8,112.618,23.1957,0.267264,89.1553,62.8145,23.1887,0.0718272,39.554,175.433,0,0,0
800,4,1,692,1,1,1,4324.78,18656.4,354.704,46.3844,0.517824,260.915,14015.9,111.471,23.1957,0.302342,87.9732,62.4102,23.1887,0.0718272,39.1497,173.881,0,0,0
800,4,1,693,1,1,1,4358.25,18679.3,295.487,46.3844,0.552902,201.49,15091.6,58.9832,23.1957,0.267264,35.5203,92.034,23.1887,0.141984,68.7033,151.017,0,0,0
800,4,1,694,1,1,1,4331.57,18680.7,360.726,46.3844,0.517824,266.953,13933.2,112.969,23.1957,0.302342,89.4712,62.8163,23.1887,0.0718272,39.5558,175.786,0,0,0
800,4,1,695,1,1,1,4321.9,18638.6,374.81,46.3844,0.482746,281.114,13640.9,66.41,23.1957,0.267264,42.947,104.291,23.1887,0.0718272,81.0301,170.701,0,0,0
800,4,1,696,1,1,1,4337.26,18729.4,434.014,46.3844,0.713261,340.259,12678.2,108.887,23.1957,0.497779,85.1938,86.526,23.1887,0.0718272,63.2655,195.413,0,0,0
800,4,1,697,1,1,1,4342.28,18652.9,324.731,46.3844,0.788429,230.583,14544.7,62.7697,23.1957,0.267264,39.3067,95.1442,23.1887,0.0902016,71.8653,157.914,0,0,0
800,4,1,698,1,1,1,4317.58,18646.3,320.137,46.3844,0.482746,226.282,14620.8,111.875,23.1957,0.267264,88.4117,63.2819,23.1887,0.0718272,40.0214,175.157,0,0,0
800,4,1,699,1,1,1,4316.3,18628.5,374.83,46.3844,0.482746,281.134,13630.5,66.5111,23.1957,0.267264,43.0481,105.464,23.1887,0.0718272,82.2032,171.975,0,0,0
800,4,1,700,1,1,1,4317.9,18641.5,444.257,46.3844,0.482746,350.763,12408.9,106.321,23.1957,0.267264,82.8584,101.374,23.1887,0.0718272,78.1135,207.695,0,0,0
800,4,1,701,1,1,1,4335.12,18655.1,311.237,46.3844,0.482746,217.356,14787.9,64.5186,23.1957,0.267264,41.0556,91.4134,23.1887,0.0718272,68.1529,155.932,0,0,0
800,4,1,702,1,1,1,4319.94,18633.5,385.595,46.3844,0.482746,291.93,13444,66.3992,23.1957,0.267264,42.9362,104.078,23.1887,0.0718272,80.8171,170.477,0,0,0
800,4,1,703,1,0,0,-1,-1,844.19,23.1957,0.462701,774.431,268722,-1,-1,-1,-1,-1,-1,-1,-1,-1,0,0,0
800,4,1,704,1,1,1,4323.43,18637.9,448.259,46.3844,0.482746,354.777,12334.1,107.133,23.1957,0.267264,83.6705,108.88,23.1887,0.0718272,85.6197,216.014,0,0,0
800,4,1,705,1,1,1,4317.9,24635.6,530.404,52.1883,0.606355,431.392,16970.2,221.071,28.9996,0.390874,191.428,64.6464,23.1887,0.0718272,41.3859,285.718,0,0,0
800,4,1,706,1,1,1,4322.99,18652.5,449.089,46.3844,0.482746,355.609,12333.9,109.182,23.1957,0.267264,85.719,111.522,23.1887,0.0718272,88.2619,220.704,0,0,0
800,4,1,707,1,1,1,4320.6,18638.7,448.682,46.3844,0.482746,355.201,12327.3,101.501,23.1957,0.267264,78.0377,109.985,23.1887,0.0718272,86.7242,211.485,0,0,0
800,4,1,708,1,1,1,4318.66,18636.6,432.537,46.3844,0.482746,339.008,12612.3,93.0398,23.1957,0.267264,69.5768,109.534,23.1887,0.0718272,86.273,202.573,0,0,0
800,4,1,709,1,1,1,4316.3,18651.8,329.321,46.3844,0.482746,235.492,14463,107.596,23.1957,0.267264,84.1326,63.5599,23.1887,0.0718272,40.2994,171.155,0,0,0
800,4,1,710,1,1,1,4315.02,18647.9,254.586,46.3844,0.482746,160.541,15788,75.2589,23.1957,0.267264,51.796,39.5001,23.1887,0.0718272,16.2396,114.759,0,0,0
800,4,1,711,1,1,1,4346.72,18709.6,450.977,46.3844,0.552902,357.432,12357,107.42,23.1957,0.337421,83.8871,108.337,23.1887,0.0718272,85.0765,215.757,0,0,0
800,4,1,712,1,1,2,10322.4,24642.5,585.337,69.5741,0.806803,469.376,16299.8,104.995,23.1957,0.267264,81.5318,244.059,46.3784,0.395885,197.284,349.054,1,0,0
800,4,1,713,1,1,1,4335.25,18652,448.229,46.3844,0.482746,354.746,12348.7,102.656,23.1957,0.267264,79.1928,107.92,23.1887,0.0718272,84.6596,210.576,0,0,0
800,4,1,714,1,1,1,4339.23,18656.1,385.267,46.3844,0.6264,291.457,13472,67.1319,23.1957,0.267264,43.6689,106.57,23.1887,0.0718272,83.3096,173.702,0,0,0
800,4,1,715,1,1,1,4314.7,24660.6,395.72,52.1883,0.801792,296.121,19389.7,212.539,28.9996,0.58631,182.671,44.9019,23.1887,0.0718272,21.6414,257.441,0,0,0
800,4,1,716,1,1,1,4320.9,18637.8,440.491,46.3844,0.482746,346.985,12472.1,103.892,23.1957,0.267264,80.4291,100.436,23.1887,0.0718272,77.1751,204.328,0,0,0
800,4,1,717,1,1,1,4365.96,18680.4,431.209,46.3844,0.770054,337.389,12679,90.7224,23.1957,0.267264,67.2595,108.249,23.1887,0.0718272,84.988,198.971,0,0,0
800,4,1,718,1,1,1,4319.11,18639.7,443.152,46.3844,0.482746,349.655,12426.8,104.334,23.1957,0.267264,80.8713,100.457,23.1887,0.0718272,77.1967,204.791,0,0,0
800,4,1,719,1,1,1,4321.38,18637.1,351.311,46.3844,0.482746,257.547,14057.2,63.8941,23.1957,0.267264,40.4311,106.229,23.1887,0.0718272,82.9685,170.123,0,0,0
800,4,1,720,1,1,1,4330.61,18647.1,431.079,46.3844,0.482746,337.546,12648.9,106.388,23.1957,0.267264,82.9251,85.2987,23.1887,0.0718272,62.0382,191.687,0,0,0
800,4,1,721,1,1,1,4318.22,18646,437.019,46.3844,0.482746,343.504,12542,108.146,23.1957,0.267264,84.683,91.8537,23.1887,0.0718272,68.5932,200,0,0,0
800,4,1,722,1,1,1,4316.94,18641.1,391.181,46.3844,0.482746,297.532,13352.3,102.421,23.1957,0.267264,78.9582,64.6229,23.1887,0.0718272,41.3624,167.044,0,0,0
800,4,1,723,1,1,1,4318.55,18636,339.629,46.3844,0.482746,245.83,14263.8,60.5462,23.1957,0.267264,37.0832,100.376,23.1887,0.0718272,77.1155,160.922,0,0,0
800,4,1,724,1,1,1,4318.49,18636.2,301.618,46.3844,0.482746,207.709,14940,62.3636,23.1957,0.267264,38.9007,90.2637,23.1887,0.0718272,67.0032,152.627,0,0,0
800,4,1,725,1,1,1,4315.02,24679.1,395.344,52.1883,0.641434,295.904,19415.2,212.166,28.9996,0.425952,182.454,44.6654,23.1887,0.0718272,21.4049,256.832,0,0,0
800,4,1,726,1,1,1,4317.26,18632.7,370.239,46.3844,0.482746,276.53,13716.3,66.7782,23.1957,0.267264,43.3152,107.124,23.1887,0.0718272,83.8636,173.902,0,0,0
800,4,1,727,1,1,1,4318.25,18646.3,448.407,46.3844,0.482746,354.925,12339.9,102.136,23.1957,0.267264,78.673,109.418,23.1887,0.0718272,86.1575,211.554,0,0,0
800,4,1,728,1,1,1,4366.51,18681.6,445.852,46.3844,0.482746,352.362,12420.6,104.497,23.1957,0.267264,81.0337,99.4628,23.1887,0.0718272,76.2023,203.959,0,0,0
800,4,1,729,1,1,1,4323.53,24644.5,377.374,52.1883,0.696557,277.827,19700.5,199.804,28.9996,0.481075,170.009,38.9695,23.1887,0.0718272,15.709,238.774,0,0,0
800,4,1,730,1,1,2,10327.2,24644.6,522.143,69.5741,0.519494,406.286,17426.4,65.1629,23.1957,0.267264,41.6999,240.508,46.3784,0.108576,194.021,305.671,1,0,0
800,4,1,731,1,1,1,4330.82,18647.9,448.864,46.3844,0.482746,355.383,12333.3,106.347,23.1957,0.267264,82.8836,107.445,23.1887,0.0718272,84.1849,213.792,0,0,0
800,4,1,732,1,1,1,4340.95,18658.3,361.429,46.3844,0.517824,267.659,13898.3,66.5652,23.1957,0.267264,43.1022,110.161,23.1887,0.106906,86.865,176.726,0,0,0
800,4,1,733,1,1,1,4349.42,18686.6,386.608,46.3844,0.482746,292.946,13479.1,67.787,23.1957,0.267264,44.3241,106.159,23.1887,0.0718272,82.8981,173.946,0,0,0
800,4,1,734,1,1,1,4333.29,18667.2,451.407,46.3844,0.482746,357.933,12307.4,109.454,23.1957,0.267264,85.9915,104.005,23.1887,0.0718272,80.7449,213.46,0,0,0
800,4,1,735,1,1,1,4315.66,18651.4,323.67,46.3844,0.482746,229.825,14563.1,108.215,23.1957,0.267264,84.7516,62.7369,23.1887,0.0718272,39.4764,170.951,0,0,0
800,4,1,736,1,1,1,4317.06,18645.1,449.717,46.3844,0.482746,356.239,12315.4,107.554,23.1957,0.267264,84.091,110.03,23.1887,0.0718272,86.7694,217.584,0,0,0
800,4,1,737,1,1,1,4366.09,18691.4,437.669,46.3844,0.770054,343.869,12575.1,91.827,23.1957,0.267264,68.364,102.184,23.1887,0.0718272,78.9239,194.011,0,0,0
800,4,1,738,1,1,1,4331.62,18659,392.831,46.3844,0.482746,299.187,13340.8,100.624,23.1957,0.267264,77.1606,65.7383,23.1887,0.0718272,42.4778,166.362,0,0,0
800,4,1,739,1,1,1,4324.55,18660.1,448.54,46.3844,0.482746,355.058,12351.3,106.543,23.1957,0.267264,83.0804,108.045,23.1887,0.0718272,84.7841,214.588,0,0,0
800,4,1,740,1,1,1,4341.83,18659,297.09,46.3844,0.482746,203.168,15043.3,60.2917,23.1957,0.267264,36.8287,90.7672,23.1887,0.0718272,67.5067,151.059,0,0,0
800,4,1,741,1,1,1,4319.62,18633.8,323.594,46.3844,0.482746,229.749,14546.8,62.7499,23.1957,0.267264,39.2869,94.2126,23.1887,0.0718272,70.9521,156.962,0,0,0
800,4,1,742,1,1,1,4325.26,18677.6,444.524,46.3844,0.482746,351.03,12440.2,106.605,23.1957,0.267264,83.1417,100.053,23.1887,0.0718272,76.7924,206.658,0,0,0
800,4,1,743,1,1,1,4319.3,18635,442.895,46.3844,0.482746,349.397,12426.6,97.3479,23.1957,0.267264,73.8849,103.511,23.1887,0.0718272,80.2504,200.859,0,0,0
800,4,1,744,1,1,1,4315.34,18632.3,371.547,46.3844,0.482746,277.842,13692.6,66.5652,23.1957,0.267264,43.1022,106.269,23.1887,0.0718272,83.0082,172.834,0,0,0
800,4,1,745,1,1,1,4315.98,18668.7,441.851,46.3844,0.482746,348.35,12478.8,97.5518,23.1957,0.267264,74.0888,102.39,23.1887,0.0718272,79.1297,199.942,0,0,0
800,4,1,746,1,1,1,4315.02,18633.4,375.498,46.3844,0.482746,281.803,13623.4,106.146,23.1957,0.267264,82.6833,62.0402,23.1887,0.0718272,38.7797,168.187,0,0,0
800,4,1,747,1,1,1,4317.26,18635.1,282.336,46.3844,0.482746,188.371,15281.7,92.8142,23.1957,0.267264,69.3512,49.3002,23.1887,0.0718272,26.0397,142.114,0,0,0
800,4,1,748,1,1,1,4319.75,18633.6,368.148,46.3844,0.482746,274.432,13754.3,67.0742,23.1957,0.267264,43.6112,109.288,23.1887,0.0718272,86.0276,176.362,0,0,0
800,4,1,749,1,1,1,4313.42,18648.7,350.725,46.3844,0.678182,256.763,14078.7,109.598,23.1957,0.462701,85.9392,62.5239,23.1887,0.0718272,39.2634,172.121,0,0,0
800,4,1,750,1,1,1,4317.9,30630.9,435.496,57.9922,0.945446,330.224,24752.6,290.884,34.8035,0.729965,254.477,28.5666,23.1887,0.0718272,5.30611,319.45,0,0,0
800,4,1,751,1,1,1,4324.25,18644.8,430.667,46.3844,0.482746,337.133,12653.8,89.367,23.1957,0.267264,65.9041,102.235,23.1887,0.0718272,78.9744,191.602,0,0,0
800,4,1,752,1,1,1,4319.94,18641,372.141,46.3844,0.482746,278.437,13690.7,66.1591,23.1957,0.267264,42.6962,105.251,23.1887,0.0718272,81.9903,171.41,0,0,0
800,4,1,753,1,1,1,4316.3,18635.8,446.15,46.3844,0.482746,352.662,12369.5,105.807,23.1957,0.267264,82.344,106.467,23.1887,0.0718272,83.2067,212.274,0,0,0
800,4,1,754,1,1,1,4348.35,18663.1,436.603,46.3844,0.517824,343.051,12566.4,105.616,23.1957,0.267264,82.1527,95.0436,23.1887,0.106906,71.748,200.659,0,0,0
800,4,1,755,1,1,1,4331.85,18644.7,378.643,46.3844,0.482746,284.958,13578.9,65.2694,23.1957,0.267264,41.8064,103.574,23.1887,0.0718272,80.3136,168.843,0,0,0
800,4,1,756,1,1,1,4317.7,18640.3,388.307,46.3844,0.482746,294.65,13402.6,64.6034,23.1957,0.267264,41.1404,105.195,23.1887,0.0718272,81.9343,169.798,0,0,0
800,4,1,757,1,1,1,4324.68,18645.2,390.36,46.3844,0.482746,296.709,13371,100.918,23.1957,0.267264,77.4548,64.3865,23.1887,0.0718272,41.126,165.304,0,0,0
800,4,1,758,1,1,1,4315.02,18646.7,344.022,46.3844,0.517824,250.201,14196.2,110.026,23.1957,0.302342,86.5275,60.8166,23.1887,0.0718272,37.5561,170.842,0,0,0
800,4,1,759,1,1,1,4328.39,18654.7,398.725,46.3844,0.482746,305.098,13231.7,97.9489,23.1957,0.267264,74.4859,62.3056,23.1887,0.0718272,39.045,160.254,0,0,0
800,4,1,760,0,0,0,-1,-1,790.801,23.206,0.516154,720.823,266297,-1,-1,-1,-1,-1,-1,-1,-1,-1,0,0,0
800,4,1,761,1,1,1,4316.54,18643.9,396.9,46.3844,0.482746,303.268,13253.4,101.288,23.1957,0.267264,77.8248,65.5073,23.1887,0.0718272,42.2468,166.795,0,0,0
800,4,1,762,1,1,1,4316.3,18647.7,413.868,46.3844,0.482746,320.285,12955.4,101.721,23.1957,0.267264,78.2579,65.4279,23.1887,0.0718272,42.1673,167.149,0,0,0
800,4,1,763,1,1,1,4323.53,18655.1,391.691,46.3844,0.678182,297.848,13356.7,101.025,23.1957,0.462701,77.3664,65.0705,23.1887,0.0718272,41.81,166.095,0,0,0
800,4,1,764,1,1,1,4320.58,24642.7,568.782,52.1883,0.696557,469.791,16295.2,223.955,28.9996,0.481075,194.229,108.462,23.1887,0.0718272,85.201,332.416,0,0,0
800,4,1,765,1,1,1,4317.26,18630.8,444.495,46.3844,0.482746,351.001,12393.9,101.656,23.1957,0.267264,78.193,105.467,23.1887,0.0718272,82.2068,207.123,0,0,0
800,4,1,766,1,1,1,4319.82,18653.1,448.672,46.3844,0.482746,355.19,12341.9,108.085,23.1957,0.267264,84.6217,110.046,23.1887,0.0718272,86.7856,218.131,0,0,0
800,4,1,767,1,1,1,4351.03,18665.4,447.968,46.3952,0.50112,354.456,12366.7,103.062,23.2065,0.285638,79.57,109.151,23.1887,0.0718272,85.8904,212.213,0,0,0
800,4,1,768,1,1,1,4320.7,18638.1,310.929,46.3844,0.482746,217.047,14776.3,64.3633,23.1957,0.267264,40.9004,90.5416,23.1887,0.0718272,67.2811,154.905,0,0,0
800,4,1,769,1,1,1,4316.94,18632.2,395.721,46.3844,0.482746,302.086,13262.6,100.237,23.1957,0.267264,76.7744,65.5073,23.1887,0.0718272,42.2468,165.745,0,0,0
800,4,1,770,1,1,1,4316.62,24642.3,477.779,52.1883,0.927072,378.293,17912.3,225.297,28.9996,0.71159,195.344,65.2004,23.1887,0.0718272,41.9399,290.498,0,0,0
800,4,1,771,1,1,1,4330.66,18646.1,433.06,46.3844,0.482746,339.533,12612.6,92.0905,23.1957,0.267264,68.6275,107.759,23.1887,0.0718272,84.4989,199.85,0,0,0
800,4,1,772,1,1,1,4320.76,18640.6,442.488,46.3844,0.482746,348.989,12439.4,103.408,23.1957,0.267264,79.9454,101.771,23.1887,0.0718272,78.5106,205.179,0,0,0
800,4,1,773,1,1,1,4329.22,18650.7,408.364,46.3844,0.517824,314.73,13056.1,78.309,23.1957,0.267264,54.8461,106.712,23.1887,0.106906,83.4161,185.021,0,0,0
800,4,1,774,1,1,1,4322.78,18651.6,437.788,46.3844,0.482746,344.275,12534,92.4117,23.1957,0.267264,68.9488,103.229,23.1887,0.0718272,79.9689,195.641,0,0,0
800,4,1,775,1,1,1,4333.17,18656.2,419.957,46.3844,0.6264,326.248,12855.2,85.5914,23.1957,0.267264,62.1284,111.901,23.1887,0.0718272,88.6409,197.493,0,0,0
800,4,1,776,1,1,1,4325.13,18704.3,251.056,46.3844,0.517824,156.965,15906.9,73.704,23.1957,0.302342,50.2059,38.2079,23.1887,0.0718272,14.9474,111.912,0,0,0
800,4,1,777,1,1,1,4323.27,18673.8,268.35,46.3844,0.873619,173.954,15568.2,85.0059,23.1957,0.658138,61.152,44.1962,23.1887,0.0718272,20.9357,129.202,0,0,0
800,4,1,778,1,1,1,4316.62,18643.7,436.148,46.3844,0.482746,342.63,12555.3,107.543,23.1957,0.267264,84.0802,91.648,23.1887,0.0718272,68.3875,199.191,0,0,0
800,4,1,779,1,1,1,4315.98,18639.9,451.018,46.3844,0.482746,357.544,12287.1,110.185,23.1957,0.267264,86.7224,112.631,23.1887,0.0718272,89.3701,222.816,0,0,0
800,4,1,780,1,1,1,4319.92,18632.5,389.439,46.3844,0.482746,295.785,13374.6,101.318,23.1957,0.267264,77.8555,64.798,23.1887,0.0718272,41.5375,166.116,0,0,0
800,4,1,781,1,1,1,4325.92,18694.8,450.989,46.3844,0.482746,357.515,12342.4,108.065,23.1957,0.267264,84.6018,105.913,23.1887,0.0718272,82.6526,213.978,0,0,0
800,4,1,782,1,1,1,4318.86,18650,449.375,46.3844,0.482746,355.896,12326.4,109.108,23.1957,0.267264,85.645,111.622,23.1887,0.0718272,88.3612,220.73,0,0,0
800,4,1,783,1,1,1,4326.15,18639.9,440.545,46.3844,0.482746,347.04,12473.3,103.58,23.1957,0.267264,80.1169,97.5262,23.1887,0.0718272,74.2657,201.106,0,0,0
800,4,1,784,1,1,1,4320.26,18654.8,451.122,46.3844,0.517824,357.612,12299.9,110.894,23.1957,0.302342,87.3956,112.206,23.1887,0.0718272,88.946,223.1,0,0,0
800,4,1,785,1,1,1,4319.39,18641,448.29,46.3844,0.713261,354.576,12335.9,105.792,23.1957,0.497779,82.0985,107.164,23.1887,0.0718272,83.9033,212.956,0,0,0
800,4,1,786,1,1,1,4314.7,18645.1,450.349,46.3844,0.482746,356.872,12304.2,111.073,23.1957,0.267264,87.6104,109.622,23.1887,0.0718272,86.3615,220.695,0,0,0
800,4,1,787,1,1,1,4329.93,18719.7,450.176,46.3844,0.482746,356.699,12381.8,107.556,23.1957,0.267264,84.0929,105.272,23.1887,0.0718272,82.0119,212.828,0,0,0
800,4,1,788,1,1,1,4317.9,18662.6,373.973,46.3844,0.482746,280.275,13679.7,110.566,23.1957,0.267264,87.1033,62.1503,23.1887,0.0718272,38.8898,172.717,0,0,0
800,4,1,789,1,1,1,4318.47,24658.2,535.748,52.1883,0.731635,436.626,16897.9,189.713,28.9996,0.516154,159.849,104.668,23.1887,0.0718272,81.4073,294.38,0,0,0
800,4,1,790,1,1,1,4351.35,24692.3,537.756,52.1883,0.891994,438.48,16896,223.192,28.9996,0.676512,193.265,68.0033,23.1887,0.0718272,44.7428,291.195,0,0,0
800,4,1,791,1,1,1,4337.48,18653.7,391.376,46.3844,0.6264,297.584,13361,100.456,23.1957,0.267264,76.9928,64.6139,23.1887,0.0718272,41.3534,165.07,0,0,0
800,4,1,792,1,1,2,10319.6,24636.4,465.975,69.5741,0.519494,349.954,18417,61.6525,23.1957,0.267264,38.1896,234.825,46.3784,0.108576,188.338,296.478,1,0,0
800,4,1,793,1,1,1,4315.98,18632.3,303.29,46.3844,0.482746,209.386,14906.3,107.549,23.1957,0.267264,84.0856,57.2323,23.1887,0.0718272,33.9718,164.781,0,0,0
800,4,1,794,1,1,1,4336.05,18654.3,359.184,46.3844,0.661478,265.264,13933.8,66.0624,23.1957,0.302342,42.5644,108.238,23.1887,0.0718272,84.9772,174.3,0,0,0
800,4,1,795,1,1,1,4322.63,18656.1,320.033,46.3844,0.482746,226.178,14632.5,112.057,23.1957,0.267264,88.594,63.1881,23.1887,0.0718272,39.9276,175.245,0,0,0
800,4,1,796,1,1,1,4329.93,18654.1,442.11,46.3844,0.482746,348.61,12459.6,96.0773,23.1957,0.267264,72.6143,103.15,23.1887,0.0718272,79.8895,199.227,0,0,0
800,4,1,797,1,1,1,4318.22,18650.3,384.411,46.3844,0.748339,290.477,13480.9,101.198,23.1957,0.532858,77.4692,65.6823,23.1887,0.0718272,42.4218,166.88,0,0,0
800,4,1,798,1,1,1,4316.62,18649.5,278.091,46.3952,0.50112,184.084,15371.6,91.1234,23.2065,0.285638,67.6313,47.7155,23.1887,0.0718272,24.455,138.839,0,0,0
800,4,1,799,1,1,1,4337.55,18652.4,436.734,46.3844,0.517824,343.183,12553.3,105.285,23.1957,0.267264,81.8224,94.6917,23.1887,0.106906,71.3961,199.977,0,0,0
800,4,1,800,1,1,1,4317.64,18640,424.181,46.3844,0.482746,330.629,12764.4,86.9594,23.1957,0.267264,63.4965,111.308,23.1887,0.0718272,88.0472,198.267,0,0,0
