N,seed,dutyCycle,devId,registered,authSuccess,attempts,latencyMs,e2eMs,fullEnergyMJ,fullCpuEnergyMJ,fullTxEnergyMJ,fullRxEnergyMJ,idleListeningMs,regEnergyMJ,regCpuEnergyMJ,regTxEnergyMJ,regRxEnergyMJ,authEnergyMJ,authCpuEnergyMJ,authTxEnergyMJ,authRxEnergyMJ,sessionEnergyMJ,fallbackUsed,replayRejected,desync
800,1,1,1,1,1,1,4329.29,18692.8,377.545,46.3844,0.713261,283.626,13645.7,113.817,23.1957,0.462701,90.1588,70.7961,23.1887,0.106906,47.5005,184.613,0,0,0
800,1,1,2,1,1,1,4326.32,18649,446.049,46.3844,0.517824,352.524,12384.3,96.4878,23.1957,0.302342,72.9897,112.881,23.1887,0.0718272,89.621,209.369,0,0,0
800,1,1,3,1,1,1,4327.64,18684.1,431.849,46.3844,1.06906,337.732,12670.7,100.356,23.1957,0.853574,76.3069,103.191,23.1887,0.0718272,79.931,203.548,0,0,0
800,1,1,4,1,1,1,4328.71,18644.5,304.109,46.3844,0.482746,210.207,14904,62.4394,23.1957,0.267264,38.9765,93.8896,23.1887,0.0718272,70.629,156.329,0,0,0
800,1,1,5,1,1,1,4336.42,18656.8,430.523,46.3844,0.482746,336.989,12668.4,97.18,23.1957,0.267264,73.7171,98.7896,23.1887,0.0718272,75.5291,195.97,0,0,0
800,1,1,6,1,1,1,4318.86,18652.6,330.195,46.3844,0.482746,236.369,14448.2,106.625,23.1957,0.267264,83.1616,64.2457,23.1887,0.0718272,40.9852,170.87,0,0,0
800,1,1,7,1,1,1,4319.09,18643,452.73,46.3844,0.517824,359.226,12259.5,103.443,23.1957,0.302342,79.9454,106.489,23.1887,0.0718272,83.2284,209.932,0,0,0
800,1,1,8,1,1,1,4327.56,18670.2,458.429,46.3844,0.482746,364.976,12185.6,110.296,23.1957,0.267264,86.8325,110.667,23.1887,0.0718272,87.4065,220.962,0,0,0
800,1,1,9,1,1,1,4317.9,18647.7,414.68,46.3844,0.482746,321.099,12941,88.1614,23.1957,0.267264,64.6985,104.92,23.1887,0.0718272,81.66,193.082,0,0,0
800,1,1,10,1,1,1,4325.58,18646.1,353.078,46.3844,0.517824,259.283,14034.6,67.1915,23.1957,0.267264,43.7285,100.783,23.1887,0.106906,77.4873,167.974,0,0,0
800,1,1,11,1,1,1,4319.5,24659.1,445.501,52.1883,0.731635,346.117,18503.5,235.479,28.9996,0.516154,205.749,59.1417,23.1887,0.0718272,35.8812,294.621,0,0,0
800,1,1,12,1,1,1,4354.98,18676.5,457.868,46.3844,0.6264,364.27,12201.5,107.691,23.1957,0.267264,84.2282,110.366,23.1887,0.0718272,87.1051,218.057,0,0,0
800,1,1,13,1,1,1,4320.54,18636.6,367.059,46.3844,0.482746,273.341,13776.7,116.582,23.1957,0.267264,93.1187,69.3262,23.1887,0.0718272,46.0657,185.908,0,0,0
800,1,1,14,1,1,1,4318.34,18630.5,432.85,46.3844,0.482746,339.322,12600.7,98.373,23.1957,0.267264,74.91,99.0025,23.1887,0.0718272,75.742,197.376,0,0,0
800,1,1,15,1,1,1,4332.33,18662.5,435.648,46.3844,0.482746,342.129,12583,105.349,23.1957,0.267264,81.8856,90.2745,23.1887,0.0718272,67.014,195.623,0,0,0
800,1,1,16,1,1,1,4343.49,18676.4,458.577,46.3844,0.517824,365.089,12188.9,114.092,23.1957,0.302342,90.5937,112.818,23.1887,0.0718272,89.5578,226.91,0,0,0
800,1,1,17,1,1,1,4315.66,18631.1,451.535,46.3844,0.482746,358.061,12269.1,106.771,23.1957,0.267264,83.3078,103.433,23.1887,0.0718272,80.1728,210.204,0,0,0
800,1,1,18,1,1,1,4321.94,18637.1,279.534,46.3844,0.482746,185.561,15333.6,84.8442,23.1957,0.267264,61.3812,45.696,23.1887,0.0718272,22.4355,130.54,0,0,0
800,1,1,19,1,1,1,4329.03,18656.4,389.442,46.3844,0.482746,295.789,13398.5,110.624,23.1957,0.267264,87.161,68.2109,23.1887,0.0718272,44.9503,178.835,0,0,0
800,1,1,20,1,1,1,4325.45,18645.9,455.819,46.3844,0.482746,362.359,12207.7,109.779,23.1957,0.267264,86.3164,114.331,23.1887,0.0718272,91.0702,224.11,0,0,0
800,1,1,21,1,1,1,4317.9,18634.6,306.27,46.3844,0.482746,212.374,14855.7,98.5589,23.1957,0.267264,75.0959,56.8442,23.1887,0.0718272,33.5837,155.403,0,0,0
800,1,1,22,1,1,1,4323.59,18640,459.509,46.3844,0.482746,366.059,12136.2,110.761,23.1957,0.267264,87.2982,110.044,23.1887,0.0718272,86.7838,220.805,0,0,0
800,1,1,23,1,1,1,4326.26,18655.8,374.031,46.3844,0.678182,280.137,13671.4,63.4398,23.1957,0.462701,39.7814,98.2969,23.1887,0.0718272,75.0364,161.737,0,0,0
800,1,1,24,1,1,1,4320.84,18642,339.983,46.3844,0.482746,246.186,14263.5,112.041,23.1957,0.267264,88.5778,67.0937,23.1887,0.0718272,43.8332,179.134,0,0,0
800,1,1,25,1,1,1,4324.87,18638.1,309.497,46.3844,0.482746,215.61,14801.8,63.7064,23.1957,0.267264,40.2434,95.6546,23.1887,0.0718272,72.3941,159.361,0,0,0
800,1,1,26,1,1,1,4316.94,24663,543.965,52.1883,0.891994,444.706,16756.3,227.144,28.9996,0.676512,197.229,72.5622,23.1887,0.0718272,49.3017,299.707,0,0,0
800,1,1,27,1,1,1,4332.1,18649.6,1027.91,46.3844,0.840211,935.755,280381,63.3563,23.1957,0.267264,39.8933,98.6414,23.1887,0.141984,75.3107,161.998,0,0,0
800,1,1,28,1,1,1,4326.82,18645.8,430.544,46.3844,0.6264,336.866,12656.6,98.9235,23.1957,0.267264,75.4605,97.3042,23.1887,0.0718272,74.0437,196.228,0,0,0
800,1,1,29,1,1,1,4335.77,18647.4,343.059,46.3844,0.661478,249.091,14213.7,67.5506,23.1957,0.267264,44.0877,102.001,23.1887,0.106906,78.7055,169.552,0,0,0
800,1,1,30,1,1,1,4322.15,18681.1,357.684,46.3844,0.856915,263.564,13986.8,109.911,23.1957,0.497779,86.2171,67.1695,23.1887,0.0718272,43.909,177.08,0,0,0
800,1,1,31,1,1,1,4336.02,18658.3,426.261,46.3844,0.517824,332.679,12745.4,98.6094,23.1957,0.267264,75.1465,111.438,23.1887,0.106906,88.1428,210.048,0,0,0
800,1,1,32,1,1,1,4321.29,18648.7,377.06,46.3844,0.517824,283.336,13610.8,113.718,23.1957,0.302342,90.2201,70.2882,23.1887,0.0718272,47.0277,184.006,0,0,0
800,1,1,33,1,1,1,4331.01,18666.8,456.434,46.3844,0.678182,362.779,12217.2,109.273,23.1957,0.462701,85.6143,114.934,23.1887,0.0718272,91.673,224.206,0,0,0
800,1,1,34,1,1,1,4318.22,18643.6,377.213,46.3844,0.517824,283.489,13602.9,113.251,23.1957,0.302342,89.7527,70.5066,23.1887,0.0718272,47.2461,183.757,0,0,0
800,1,1,35,1,1,1,4319.33,24689.7,497.179,52.1883,0.891994,397.785,17614.9,229.693,28.9996,0.676512,199.781,70.2701,23.1887,0.0718272,47.0096,299.963,0,0,0
800,1,1,36,1,1,1,4319.18,18633.3,398.293,46.3844,0.482746,304.665,13218.1,103.771,23.1957,0.267264,80.3082,67.525,23.1887,0.0718272,44.2645,171.296,0,0,0
800,1,1,37,1,1,1,4314.98,18650,266.032,46.3844,0.482746,172.019,15586.5,73.3982,23.1957,0.267264,49.9352,39.316,23.1887,0.0718272,16.0555,112.714,0,0,0
800,1,1,38,1,1,1,4341.32,18662.5,437.406,46.3844,0.713261,343.661,12551,104.995,23.1957,0.462701,81.3369,92.1036,23.1887,0.106906,68.808,197.099,0,0,0
800,1,1,39,1,1,1,4344.3,18671.5,431.201,46.3844,0.482746,337.669,12671,97.7503,23.1957,0.267264,74.2874,99.1866,23.1887,0.0718272,75.9261,196.937,0,0,0
800,1,1,40,1,1,1,4317.49,18632.9,328.241,46.3844,0.482746,234.409,14463.3,64.6702,23.1957,0.267264,41.2072,99.4032,23.1887,0.0718272,76.1427,164.073,0,0,0
800,1,1,41,1,1,1,4329.2,18646.8,403.477,46.3844,0.482746,309.864,13139.3,81.3664,23.1957,0.267264,57.9034,100.423,23.1887,0.0718272,77.1624,181.789,0,0,0
800,1,1,42,1,1,1,4321.24,18644.2,339.139,46.3844,0.482746,245.339,14280.8,111.245,23.1957,0.267264,87.7819,66.5685,23.1887,0.0718272,43.308,177.813,0,0,0
800,1,1,43,1,1,1,4332.28,18663.1,450.713,46.3844,0.6264,357.094,12315.2,103.813,23.1957,0.267264,80.3497,113.67,23.1887,0.0718272,90.4097,217.483,0,0,0
800,1,1,44,1,1,1,4318.86,18638.9,301.318,46.3844,0.482746,207.408,14948.1,94.0685,23.1957,0.267264,70.6056,53.4584,23.1887,0.0718272,30.1979,147.527,0,0,0
800,1,1,45,1,1,1,4333.95,18672.6,417.627,46.3844,0.713261,323.824,12912.8,99.5709,23.1957,0.497779,75.8774,72.5893,23.1887,0.0718272,49.3288,172.16,0,0,0
800,1,1,46,1,1,1,4322.39,18640.7,450.552,46.3844,0.482746,357.076,12296.2,104.681,23.1957,0.267264,81.2178,112.773,23.1887,0.0718272,89.5127,217.454,0,0,0
800,1,1,47,1,1,1,4327.28,18659.5,427.629,46.3844,0.482746,334.087,12722.6,97.6709,23.1957,0.267264,74.208,113.762,23.1887,0.0718272,90.5017,211.433,0,0,0
800,1,1,48,1,1,1,4322.67,18636.2,268.02,46.3844,0.482746,174.013,15537.4,75.3131,23.1957,0.267264,51.8501,40.7057,23.1887,0.0718272,17.4452,116.019,0,0,0
800,1,1,49,1,1,1,4323.66,18639.8,423.523,46.3844,0.482746,329.968,12775.9,91.549,23.1957,0.267264,68.0861,110.663,23.1887,0.0718272,87.4029,202.212,0,0,0
800,1,1,50,1,1,1,4316.94,18643.1,366.69,46.3844,0.482746,272.971,13789.8,116.369,23.1957,0.267264,92.9057,69.3262,23.1887,0.0718272,46.0657,185.695,0,0,0
800,1,1,51,1,1,1,4324.81,18641.2,455.534,46.3844,0.517824,362.037,12207.8,110.366,23.1957,0.267264,86.9029,110.825,23.1887,0.106906,87.5292,221.191,0,0,0
800,1,1,52,1,1,1,4335.95,18651.1,342.783,46.3844,0.482746,248.994,14222.9,67.2221,23.1957,0.267264,43.7592,102.179,23.1887,0.0718272,78.9185,169.401,0,0,0
800,1,1,53,1,1,1,4340.78,18708.2,429.469,46.3844,0.678182,335.736,12738.1,100.142,23.1957,0.462701,76.4838,103.372,23.1887,0.0718272,80.1115,203.514,0,0,0
800,1,1,54,1,1,1,4315.34,18638.9,368.693,46.3844,0.482746,274.979,13750,112.295,23.1957,0.267264,88.8323,69.9254,23.1887,0.0718272,46.6649,182.221,0,0,0
800,1,1,55,1,1,1,4325.13,18642.6,429.43,46.3844,0.517824,335.857,12673.4,100.227,23.1957,0.302342,76.7293,110.618,23.1887,0.0718272,87.3577,210.846,0,0,0
800,1,1,56,1,1,1,4319.62,18648.2,366.563,46.3844,0.482746,272.842,13797.1,113.27,23.1957,0.267264,89.8068,68.5556,23.1887,0.0718272,45.2951,181.825,0,0,0
800,1,1,57,1,1,1,4340.4,18676.6,458.563,46.3844,0.517824,365.075,12189.3,114.06,23.1957,0.267264,90.5974,112.678,23.1887,0.106906,89.3827,226.739,0,0,0
800,1,1,58,1,1,1,4326.64,18644,298.773,46.3844,0.482746,204.856,14998.4,60.8765,23.1957,0.267264,37.4135,92.0757,23.1887,0.0718272,68.8152,152.952,0,0,0
800,1,1,59,1,1,1,4341.02,18665.6,396.709,46.3952,0.50112,303.048,13278.5,107.105,23.2065,0.285638,83.6128,68.2253,23.1887,0.0718272,44.9648,175.33,0,0,0
800,1,1,60,1,1,1,4340.36,18693.6,431.833,46.3844,0.482746,338.303,12681.9,103.722,23.1957,0.267264,80.2595,82.0428,23.1887,0.0718272,58.7823,185.765,0,0,0
800,1,1,61,1,1,1,4316.3,18648.9,303.569,46.3844,0.482746,209.665,14918,95.377,23.1957,0.267264,71.9141,56.0826,23.1887,0.0718272,32.8221,151.46,0,0,0
800,1,1,62,1,1,1,4317.26,18631.8,459.471,46.3844,0.482746,366.021,12128.7,110.855,23.1957,0.267264,87.392,109.923,23.1887,0.0718272,86.6629,220.778,0,0,0
800,1,1,63,1,1,1,4344.2,18680.2,435.536,46.3844,0.517824,341.981,12602.4,98.6924,23.1957,0.267264,75.2295,100.359,23.1887,0.106906,77.0632,199.051,0,0,0
800,1,1,64,1,1,1,4328.97,18640.9,267.711,46.3844,0.482746,173.703,15547.6,74.6706,23.1957,0.267264,51.2076,40.0253,23.1887,0.0718272,16.7648,114.696,0,0,0
800,1,1,65,1,1,1,4322.82,18639.2,455.184,46.3844,0.482746,361.722,12212.2,110.357,23.1957,0.267264,86.8939,110.497,23.1887,0.0718272,87.2368,220.854,0,0,0
800,1,1,66,1,1,1,4316.34,24638.8,369.231,52.1883,0.696557,269.661,19839.7,191.926,28.9996,0.481075,162.107,35.692,23.1887,0.0718272,12.4315,227.618,0,0,0
800,1,1,67,1,1,1,4317.9,18681.4,385.918,46.3844,1.06906,291.668,13484.8,113.232,23.1957,0.853574,89.1824,68.099,23.1887,0.0718272,44.8385,181.331,0,0,0
800,1,1,68,1,1,1,4321.98,18647.6,454.462,46.3844,0.517824,360.962,12233.3,110.553,23.1957,0.302342,87.0545,108.902,23.1887,0.0718272,85.6414,219.454,0,0,0
800,1,1,69,1,1,1,4317.7,18639.8,284.258,46.3844,0.482746,190.298,15252.3,87.6796,23.1957,0.267264,64.2166,46.8889,23.1887,0.0718272,23.6284,134.569,0,0,0
800,1,1,70,1,1,1,4317.26,18631.4,352.026,46.3844,0.482746,258.263,14038.9,65.975,23.1957,0.267264,42.5121,99.5747,23.1887,0.0718272,76.3142,165.55,0,0,0
800,1,1,71,1,1,1,4325.87,18692.1,436.79,46.3844,0.696557,343.06,12591.5,105.916,23.1957,0.462701,82.2574,90.3741,23.1887,0.0902016,67.0952,196.29,0,0,0
800,1,1,72,1,1,1,4334.65,18648.5,310.205,46.3844,0.517824,216.285,14799.4,63.5313,23.1957,0.267264,40.0684,96.3792,23.1887,0.106906,73.0836,159.91,0,0,0
800,1,1,73,1,1,1,4319.62,18650.2,323.04,46.3844,0.482746,229.193,14573,63.8057,23.1957,0.267264,40.3427,100.91,23.1887,0.0718272,77.6497,164.716,0,0,0
800,1,1,74,1,1,1,4320.88,18637,373.808,46.3844,0.482746,280.109,13657.1,62.2824,23.1957,0.267264,38.8194,97.9341,23.1887,0.0718272,74.6736,160.217,0,0,0
800,1,1,75,1,1,1,4346.31,18713.2,429.081,46.3844,0.873619,335.151,12749.5,98.883,23.1957,0.658138,75.0291,114.157,23.1887,0.0718272,90.8969,213.04,0,0,0
800,1,1,76,1,1,1,4321.27,18635.1,363.557,46.3844,0.482746,269.828,13837.5,61.5605,23.1957,0.267264,38.0975,97.7897,23.1887,0.0718272,74.5292,159.35,0,0,0
800,1,1,77,1,1,1,4323.65,18672.3,417.754,46.3844,0.517824,324.147,12910.7,99.6913,23.1957,0.302342,76.1932,72.5099,23.1887,0.0718272,49.2494,172.201,0,0,0
800,1,1,78,1,1,1,4317.58,18635.4,435.171,46.3844,0.482746,341.65,12564.4,97.5175,23.1957,0.267264,74.0546,101.055,23.1887,0.0718272,77.7941,198.572,0,0,0
800,1,1,79,1,1,1,4318.71,18634.2,417.397,46.3844,0.482746,323.824,12879.2,87.6344,23.1957,0.267264,64.1715,104.928,23.1887,0.0718272,81.6672,192.562,0,0,0
800,1,1,80,1,1,1,4341.61,18663.5,434.794,46.3844,0.6264,341.129,12598.7,101.367,23.1957,0.267264,77.9042,105.962,23.1887,0.0718272,82.7014,207.329,0,0,0
800,1,1,81,1,1,1,4323.18,18647.2,360.207,46.3844,0.482746,266.468,13909.2,62.8527,23.1957,0.267264,39.3898,97.3981,23.1887,0.0718272,74.1376,160.251,0,0,0
800,1,1,82,1,1,1,4315.98,24644.5,388.48,52.1883,0.536198,289.125,19503.4,201.021,28.9996,0.320717,171.387,37.1539,23.1887,0.0718272,13.8934,238.174,0,0,0
800,1,1,83,1,1,1,4321.86,18636.7,352.656,46.3844,0.482746,258.895,14032.9,65.7386,23.1957,0.267264,42.2756,98.3167,23.1887,0.0718272,75.0562,164.055,0,0,0
800,1,1,84,1,1,1,4340.38,18665.7,359.885,46.3844,0.661478,265.966,13932.7,61.9287,23.1957,0.267264,38.4657,99.5791,23.1887,0.106906,76.2835,161.508,0,0,0
800,1,1,85,1,1,1,4321.21,18635.7,315.111,46.3844,0.482746,221.241,14699.5,63.9356,23.1957,0.267264,40.4726,98.3023,23.1887,0.0718272,75.0418,162.238,0,0,0
800,1,1,86,1,1,1,4318.79,18654.5,429.904,46.3844,0.482746,336.368,12677.1,100.779,23.1957,0.267264,77.3158,110.811,23.1887,0.0718272,87.5508,211.59,0,0,0
800,1,1,87,1,1,1,4325.64,18638.5,450.547,46.3844,0.482746,357.071,12294.1,105.392,23.1957,0.267264,81.9289,113.986,23.1887,0.0718272,90.7255,219.378,0,0,0
800,1,1,88,1,1,1,4329.16,18642.4,361.653,46.3844,0.482746,267.919,13878.6,61.2771,23.1957,0.267264,37.8142,97.9233,23.1887,0.0718272,74.6628,159.2,0,0,0
800,1,1,89,1,1,2,10365.7,24684.3,571.033,69.5741,0.841882,454.995,16595.8,100.709,23.1957,0.302342,77.2111,241.913,46.3784,0.108576,195.426,342.622,1,0,0
800,1,1,90,1,1,1,4329.86,18664.1,440.464,46.3844,0.482746,346.958,12498.9,106.26,23.1957,0.267264,82.797,95.2107,23.1887,0.0718272,71.9502,201.471,0,0,0
800,1,1,91,1,1,1,4320.75,18636.3,424.502,46.3844,0.482746,330.95,12755,93.639,23.1957,0.267264,70.176,111.84,23.1887,0.0718272,88.5796,205.479,0,0,0
800,1,1,92,1,1,1,4314.06,18629.2,336.738,46.3844,0.482746,242.931,14308.5,65.2675,23.1957,0.267264,41.8046,101.881,23.1887,0.0718272,78.6207,167.149,0,0,0
800,1,1,93,1,1,1,4323.14,18641.6,296.151,46.3844,0.482746,202.226,15042.6,90.421,23.1957,0.267264,66.9581,50.7332,23.1887,0.0718272,27.4727,141.154,0,0,0
800,1,1,94,1,1,1,4315.98,18640.4,341.7,46.3844,0.482746,247.907,14231.5,109.554,23.1957,0.267264,86.0908,67.9167,23.1887,0.0718272,44.6562,177.47,0,0,0
800,1,1,95,1,1,1,4319.51,18663.9,300.514,46.3844,0.678182,206.406,14986.8,93.5114,23.1957,0.462701,69.853,52.3214,23.1887,0.0718272,29.0609,145.833,0,0,0
800,1,1,96,1,1,1,4318.42,18671.8,388.625,46.3844,0.482746,294.969,13428.4,111.792,23.1957,0.267264,88.3287,69.1512,23.1887,0.0718272,45.8906,180.943,0,0,0
800,1,1,97,1,1,1,4317.9,18632.7,337.356,46.3844,0.482746,243.551,14301,65.208,23.1957,0.267264,41.745,102.338,23.1887,0.0718272,79.0773,167.546,0,0,0
800,1,1,98,1,1,1,4360.39,18697.8,442.683,46.3844,0.770054,348.897,12492.4,93.7924,23.1957,0.267264,70.3294,110.884,23.1887,0.0718272,87.623,204.676,0,0,0
800,1,1,99,1,1,1,4319.11,18637.6,362.089,46.3844,0.482746,268.356,13866.1,61.463,23.1957,0.267264,38.0001,96.7447,23.1887,0.0718272,73.4842,158.208,0,0,0
800,1,1,100,0,0,0,-1,-1,571.56,23.206,0.516154,500.944,258062,-1,-1,-1,-1,-1,-1,-1,-1,-1,0,0,0
800,1,1,101,1,1,1,4317.26,18639.8,334.435,46.3844,0.482746,240.621,14360.1,108.868,23.1957,0.267264,85.4049,64.9135,23.1887,0.0718272,41.653,173.781,0,0,0
800,1,1,102,1,1,1,4324.49,18688.3,441.047,46.3844,0.482746,347.543,12512.8,107.348,23.1957,0.267264,83.8853,95.0157,23.1887,0.0718272,71.7552,202.364,0,0,0
800,1,1,103,1,1,2,10343.7,30691.1,676.756,75.3781,1.03565,555.187,20821.4,217.551,28.9996,0.58631,187.697,228.365,46.3784,0.162029,181.825,445.916,1,0,0
800,1,1,104,1,1,1,4316.62,18633.9,369.406,46.3844,0.482746,275.694,13732.3,111.409,23.1957,0.267264,87.9461,70.3983,23.1887,0.0718272,47.1378,181.807,0,0,0
800,1,1,105,1,1,1,4331.14,18665.7,458.794,46.3844,0.482746,365.342,12174.6,114.201,23.1957,0.267264,90.7381,112.593,23.1887,0.0718272,89.3322,226.794,0,0,0
800,1,1,106,1,1,1,4339.87,18663.8,427.523,46.3844,0.482746,333.98,12728.8,99.7663,23.1957,0.267264,76.3033,109.483,23.1887,0.0718272,86.2225,209.249,0,0,0
800,1,1,107,1,1,1,4332.93,18645.8,428.977,46.3844,0.482746,335.438,12684.9,99.1852,23.1957,0.267264,75.7222,104.226,23.1887,0.0718272,80.9651,203.411,0,0,0
800,1,1,108,1,1,1,4321.8,18648.7,457.835,46.3844,0.482746,364.38,12174.6,112.6,23.1957,0.267264,89.1373,113.093,23.1887,0.0718272,89.8321,225.693,0,0,0
800,1,1,109,1,1,1,4339.25,18659,287.054,46.3844,0.552902,193.032,15221.3,89.7422,23.1957,0.337421,66.2091,48.3039,23.1887,0.0718272,25.0434,138.046,0,0,0
800,1,1,110,1,1,1,4339.24,18654.7,298.331,46.3844,0.6264,204.269,15016.5,61.2266,23.1957,0.267264,37.7636,93.6712,23.1887,0.0718272,70.4107,154.898,0,0,0
800,1,1,111,1,1,1,4356.14,18678.8,435.358,46.3844,0.913709,341.407,12603.2,98.4939,23.1957,0.267264,75.031,99.5819,23.1887,0.0718272,76.3214,198.076,0,0,0
800,1,1,112,1,1,1,4315.98,18628.2,359.859,46.3844,0.482746,266.12,13896.4,61.9287,23.1957,0.267264,38.4657,97.981,23.1887,0.0718272,74.7205,159.91,0,0,0
800,1,1,113,1,1,1,4318.73,18652.5,368.082,46.3844,0.678182,274.171,13773.9,62.5645,23.1957,0.462701,38.9061,96.9324,23.1887,0.0718272,73.6719,159.497,0,0,0
800,1,1,114,1,1,1,4359.17,18706.8,450.342,46.3844,0.482746,356.865,12366,102.12,23.1957,0.267264,78.6568,114.888,23.1887,0.0718272,91.6279,217.008,0,0,0
800,1,1,115,1,1,1,4322.29,18638.7,346.26,46.3844,0.482746,252.481,14148.7,68.3014,23.1957,0.267264,44.8385,102.033,23.1887,0.0718272,78.7723,170.334,0,0,0
800,1,1,116,1,1,1,4317.26,18642.6,398.294,46.3844,0.482746,304.666,13227.2,102.501,23.1957,0.267264,79.0376,67.2272,23.1887,0.0718272,43.9667,169.728,0,0,0
800,1,1,117,1,1,1,4320.78,18651.4,286.787,46.3844,0.517824,192.8,15218.6,89.6937,23.1957,0.267264,66.2307,47.8697,23.1887,0.106906,24.5742,137.563,0,0,0
800,1,1,118,1,1,1,4329.23,18643.1,300.164,46.3844,0.482746,206.251,14972.7,61.4558,23.1957,0.267264,37.9928,91.8971,23.1887,0.0718272,68.6365,153.353,0,0,0
800,1,1,119,1,1,1,4321.54,18636.2,393.193,46.3844,0.482746,299.55,13311.6,75.7191,23.1957,0.267264,52.2562,95.6907,23.1887,0.0718272,72.4302,171.41,0,0,0
800,1,1,120,1,1,1,4357.83,18673.9,456.189,46.3844,0.517824,362.694,12228.9,110.539,23.1957,0.267264,87.0762,112.501,23.1887,0.106906,89.2058,223.041,0,0,0
800,1,1,121,1,1,1,4323.21,18644.7,322.78,46.3844,0.517824,228.897,14571.9,63.5574,23.1957,0.302342,40.0593,101.174,23.1887,0.0718272,77.9132,164.731,0,0,0
800,1,1,122,1,1,2,4374.48,24693,563.244,75.3781,1.00057,441.38,16824.9,209.786,28.9996,0.481075,180.02,123.882,46.3784,0.37584,77.1281,333.669,1,0,0
800,1,1,123,1,1,1,4374.25,18689.4,430.887,46.3844,0.517824,337.319,12694.2,98.1438,23.1957,0.267264,74.6808,100.519,23.1887,0.106906,77.2238,198.663,0,0,0
800,1,1,124,1,1,1,4333.74,18650.6,347.628,46.3844,0.482746,253.852,14136.2,68.4765,23.1957,0.267264,45.0135,102.697,23.1887,0.0718272,79.4365,171.173,0,0,0
800,1,1,125,1,1,1,4321.39,18646.6,434.149,46.3844,0.482746,340.625,12593.8,93.7545,23.1957,0.267264,70.2915,102.565,23.1887,0.0718272,79.3047,196.32,0,0,0
800,1,1,126,1,1,1,4319.62,18634.1,426.526,46.3844,0.482746,332.98,12716.8,98.6708,23.1957,0.267264,75.2078,110.459,23.1887,0.0718272,87.1989,209.13,0,0,0
800,1,1,127,1,1,1,4322.18,24639.9,458.737,52.1883,0.536198,359.587,18249.4,236.695,28.9996,0.320717,207.168,63.8541,23.1887,0.0718272,40.5936,300.549,0,0,0
800,1,1,128,1,1,1,4317.9,18635.6,430.548,46.3844,0.482746,337.014,12646.8,99.9775,23.1957,0.267264,76.5145,102.953,23.1887,0.0718272,79.6927,202.931,0,0,0
800,1,1,129,1,1,1,4315.98,18628.9,398.125,46.3844,0.482746,304.497,13216.6,105.053,23.1957,0.267264,81.5896,66.8735,23.1887,0.0718272,43.613,171.926,0,0,0
800,1,1,130,1,1,1,4326.15,18640.3,434.783,46.3844,0.482746,341.261,12576.2,100.703,23.1957,0.267264,77.24,105.608,23.1887,0.0718272,82.3476,206.311,0,0,0
800,1,1,131,1,1,1,4327.6,18666,457.263,46.3844,0.482746,363.806,12202.1,108.372,23.1957,0.267264,84.9086,110.346,23.1887,0.0718272,87.0852,218.717,0,0,0
800,1,1,132,1,1,1,4316.3,18634.7,398.557,46.3844,0.482746,304.93,13214.7,102.769,23.1957,0.267264,79.3065,67.0522,23.1887,0.0718272,43.7917,169.822,0,0,0
800,1,1,133,1,1,1,4340.52,18653.1,358.049,46.3844,0.482746,264.304,13953.4,64.2388,23.1957,0.267264,40.7758,99.0459,23.1887,0.0718272,75.7854,163.285,0,0,0
800,1,1,134,1,1,1,4317.9,18652.7,357.846,46.3844,0.482746,264.1,13956.6,110.324,23.1957,0.267264,86.8614,67.6839,23.1887,0.0718272,44.4233,178.008,0,0,0
800,1,1,135,1,1,1,4325.51,18655.9,398.534,46.3844,0.482746,304.907,13236.4,102.638,23.1957,0.267264,79.1748,67.4637,23.1887,0.0718272,44.2032,170.101,0,0,0
800,1,1,136,1,1,1,4324.39,18638.2,395.317,46.3844,0.517824,301.645,13275.6,76.8255,23.1957,0.267264,53.3625,95.8413,23.1887,0.106906,72.5457,172.667,0,0,0
800,1,1,137,1,1,1,4317.83,18656.2,391.442,46.3844,0.517824,297.76,13362.5,107.194,23.1957,0.302342,83.6958,68.626,23.1887,0.0718272,45.3655,175.82,0,0,0
800,1,1,138,1,1,1,4319.94,18644.3,379.824,46.3844,0.482746,286.142,13557.4,66.8901,23.1957,0.267264,43.4271,93.2236,23.1887,0.0718272,69.9631,160.114,0,0,0
800,1,1,139,1,1,1,4314.38,18638.6,337.777,46.3844,0.552902,243.902,14298.9,110.081,23.1957,0.337421,86.5474,66.231,23.1887,0.0718272,42.9705,176.311,0,0,0
800,1,1,140,1,1,1,4327.69,18694.8,436.456,46.3844,0.482746,342.939,12600.9,105.52,23.1957,0.267264,82.057,90.4352,23.1887,0.0718272,67.1747,195.955,0,0,0
800,1,1,141,1,1,1,4335.55,18667.5,356.167,46.3844,0.587981,262.311,14000.6,65.5352,23.1957,0.372499,41.967,98.2536,23.1887,0.0718272,74.993,163.789,0,0,0
800,1,1,142,1,1,1,4319.94,18639.6,402.063,46.3952,0.50112,308.417,13157.2,104.028,23.2065,0.285638,80.5356,70.8206,23.1887,0.0718272,47.5601,174.848,0,0,0
800,1,1,143,1,1,1,4315.34,18637.6,439.386,46.3844,0.482746,345.877,12491.6,98.4777,23.1957,0.267264,75.0147,105.018,23.1887,0.0718272,81.7574,203.496,0,0,0
800,1,1,144,1,1,1,4337.67,18670.1,435.679,46.3844,0.770054,341.872,12589.2,98.1149,23.1957,0.267264,74.6519,101.361,23.1887,0.0718272,78.1009,199.476,0,0,0
800,1,1,145,1,1,1,4337.35,18659.7,451.83,46.3844,0.678182,358.163,12292,106.21,23.1957,0.462701,82.5516,102.266,23.1887,0.0718272,79.0051,208.476,0,0,0
800,1,1,146,1,1,1,4313.1,18640.3,388.682,46.3844,0.517824,294.991,13395.7,108.986,23.1957,0.302342,85.488,67.7416,23.1887,0.0718272,44.4811,176.728,0,0,0
800,1,1,147,1,1,1,4328.92,18654.2,399.903,46.3844,0.482746,306.28,13210.3,102.531,23.1957,0.267264,79.0683,68.9274,23.1887,0.0718272,45.6669,171.459,0,0,0
800,1,1,148,1,1,1,4315.34,18633,311.703,46.3844,0.482746,217.823,14757.5,100.6,23.1957,0.267264,77.1372,59.398,23.1887,0.0718272,36.1375,159.998,0,0,0
800,1,1,149,1,1,1,4331.15,18649.6,331.288,46.3844,0.482746,237.465,14425.8,63.8544,23.1957,0.267264,40.3914,101.538,23.1887,0.0718272,78.2778,165.393,0,0,0
800,1,1,150,1,1,1,4319.75,18635.2,367.713,46.3844,0.482746,273.996,13763.7,62.3149,23.1957,0.267264,38.8519,97.3818,23.1887,0.0718272,74.1213,159.697,0,0,0
800,1,1,151,1,1,1,4328.07,18678.2,437.79,46.3844,0.678182,344.082,12560.1,103.672,23.1957,0.462701,80.014,106.269,23.1887,0.0718272,83.0082,209.941,0,0,0
800,1,1,152,1,0,0,-1,-1,681.523,23.1957,0.267264,611.486,262007,-1,-1,-1,-1,-1,-1,-1,-1,-1,0,0,0
800,1,1,153,1,1,1,4318.58,18670.7,435.301,46.3844,0.482746,341.78,12597.4,101.822,23.1957,0.267264,78.359,105.211,23.1887,0.0718272,81.9506,207.033,0,0,0
800,1,1,154,1,1,1,4320.58,18650.4,309.896,46.3844,0.552902,215.941,14806.5,98.9892,23.1957,0.302342,75.4912,58.7852,23.1887,0.106906,35.4896,157.774,0,0,0
800,1,1,155,1,1,1,4320.33,24677.4,560.775,52.1883,0.731635,461.726,16472,217.558,28.9996,0.516154,187.773,111.699,23.1887,0.0718272,88.4388,329.258,0,0,0
800,1,1,156,1,1,1,4316.62,18634.8,436.591,46.3844,0.482746,343.074,12538.4,92.5832,23.1957,0.267264,69.1202,105.204,23.1887,0.0718272,81.9433,197.787,0,0,0
800,1,1,157,1,1,1,4351.57,18666.4,406.462,46.3844,0.6264,312.714,13105.4,82.3897,23.1957,0.267264,58.9267,102.307,23.1887,0.0718272,79.0466,184.697,0,0,0
800,1,1,158,1,1,1,4320.46,18653.4,431.289,46.3844,0.517824,337.721,12651.1,100.935,23.1957,0.302342,77.4367,103.19,23.1887,0.0718272,79.9292,204.124,0,0,0
800,1,1,159,1,1,1,4319.18,18668.4,384.694,46.3844,0.517824,290.992,13494.7,71.8569,23.1957,0.267264,48.3939,90.3656,23.1887,0.106906,67.07,162.222,0,0,0
800,1,1,160,1,1,1,4317.26,18637.4,378.668,46.3844,0.482746,284.983,13571.1,113.098,23.1957,0.267264,89.6354,69.92,23.1887,0.0718272,46.6595,183.018,0,0,0
800,1,1,161,1,1,1,4318.22,18635.8,444.183,46.3844,0.482746,350.689,12404.5,105.32,23.1957,0.267264,81.8567,97.1923,23.1887,0.0718272,73.9318,202.512,0,0,0
800,1,1,162,1,1,1,4332.75,24662,539.728,52.1883,0.536198,440.813,16831.3,208.712,28.9996,0.320717,179.101,97.3638,23.1887,0.0718272,74.1033,306.076,0,0,0
800,1,1,163,1,1,1,4315.66,18631.1,278.145,46.3844,0.482746,184.167,15352.3,83.5123,23.1957,0.267264,60.0493,44.873,23.1887,0.0718272,21.6125,128.385,0,0,0
800,1,1,164,1,1,1,4322.3,18691.1,418.824,46.3844,0.482746,325.256,12910.7,101.167,23.1957,0.267264,77.7039,72.3222,23.1887,0.0718272,49.0617,173.489,0,0,0
800,1,1,165,1,1,1,4324.07,18646.9,430.708,46.3844,0.482746,337.175,12655.1,99.122,23.1957,0.267264,75.659,97.0173,23.1887,0.0718272,73.7568,196.139,0,0,0
800,1,1,166,1,0,0,-1,-1,945.084,23.2065,0.285638,875.785,275066,-1,-1,-1,-1,-1,-1,-1,-1,-1,0,0,0
800,1,1,167,1,1,1,4338.47,18702.3,432.182,46.3844,0.482746,338.653,12684.4,104.363,23.1957,0.267264,80.9002,82.1565,23.1887,0.0718272,58.896,186.52,0,0,0
800,1,1,168,1,1,1,4315.34,18637.7,319.745,46.3844,0.482746,225.889,14619.2,63.5783,23.1957,0.267264,40.1153,100.715,23.1887,0.0718272,77.4548,164.294,0,0,0
800,1,1,169,1,1,1,4344.2,18660.2,414.898,46.3844,0.517824,321.283,12949.4,98.5878,23.1957,0.267264,75.1248,68.8487,23.1887,0.106906,45.5532,167.437,0,0,0
800,1,1,170,1,1,1,4316.94,18685.8,345.79,46.3844,0.482746,252.01,14204.1,112.254,23.1957,0.267264,88.7907,68.2109,23.1887,0.0718272,44.9503,180.465,0,0,0
800,1,1,171,1,1,2,10319.3,24640.4,546.745,69.5741,0.519494,430.959,16984.7,84.4273,23.1957,0.267264,60.9643,240.916,46.3784,0.108576,194.429,325.344,1,0,0
800,1,1,172,1,1,1,4329.23,18642.4,323.032,46.3844,0.6264,229.042,14565,63.6468,23.1957,0.267264,40.1839,99.0964,23.1887,0.0718272,75.8359,162.743,0,0,0
800,1,1,173,1,1,1,4324.1,18639.1,316.322,46.3844,0.482746,222.456,14681.4,63.7064,23.1957,0.267264,40.2434,98.5513,23.1887,0.0718272,75.2908,162.258,0,0,0
800,1,1,174,1,1,1,4322.59,18637.4,397.029,46.3844,0.482746,303.398,13244.6,77.3687,23.1957,0.267264,53.9058,96.8783,23.1887,0.0718272,73.6178,174.247,0,0,0
800,1,1,175,1,1,1,4319.82,18670.7,349.758,46.3844,0.482746,255.989,14118.4,112.34,23.1957,0.267264,88.8774,69.5627,23.1887,0.0718272,46.3021,181.903,0,0,0
800,1,1,176,1,1,1,4321.35,18636.5,300.93,46.3844,0.517824,206.983,14952.3,93.4892,23.1957,0.267264,70.0262,53.2372,23.1887,0.106906,29.9416,146.726,0,0,0
800,1,1,177,1,1,1,4315.66,18640,456.115,46.3844,0.517824,362.62,12196.3,111.672,23.1957,0.302342,88.1735,111.082,23.1887,0.0718272,87.8216,222.754,0,0,0
800,1,1,178,1,1,1,4318.34,18644.4,448.423,46.3844,0.482746,354.941,12337.7,105.321,23.1957,0.267264,81.8585,98.6921,23.1887,0.0718272,75.4316,204.014,0,0,0
800,1,1,179,1,1,1,4319.82,18641,308.609,46.3844,0.482746,214.721,14820.5,98.5192,23.1957,0.267264,75.0562,57.7845,23.1887,0.0718272,34.524,156.304,0,0,0
800,1,1,180,1,1,1,4317.58,18630.8,334.475,46.3844,0.482746,240.661,14350.3,64.7423,23.1957,0.267264,41.2794,99.7028,23.1887,0.0718272,76.4423,164.445,0,0,0
800,1,1,181,1,1,1,4315.98,18632.8,383.221,46.3844,0.482746,289.549,13485.5,111.642,23.1957,0.267264,88.1789,67.7398,23.1887,0.0718272,44.4793,179.382,0,0,0
800,1,1,182,1,1,1,4317.26,18629.5,267.711,46.3844,0.482746,173.703,15536.2,74.7879,23.1957,0.267264,51.3249,40.1588,23.1887,0.0718272,16.8983,114.947,0,0,0
800,1,1,183,1,1,1,4319.87,18642.8,426.684,46.3844,0.482746,333.139,12722.7,96.7884,23.1957,0.267264,73.3254,113.937,23.1887,0.0718272,90.6768,210.726,0,0,0
800,1,1,184,1,1,1,4349.7,18679.9,449.161,46.3844,0.908698,355.255,12358.9,105.434,23.1957,0.658138,81.5806,99.238,23.1887,0.106906,75.9424,204.672,0,0,0
800,1,1,185,1,1,1,4322.22,18667.3,430.324,46.3844,0.696557,336.575,12681.7,103.288,23.1957,0.462701,79.6296,80.76,23.1887,0.0902016,57.4811,184.048,0,0,0
800,1,1,186,1,1,1,4317.58,18634.6,430.118,46.3844,0.482746,336.583,12653.4,99.5461,23.1957,0.267264,76.0831,100.769,23.1887,0.0718272,77.5089,200.316,0,0,0
800,1,1,187,1,1,1,4337.6,18654.5,459.613,46.3844,0.482746,366.163,12148.8,110.503,23.1957,0.267264,87.0401,111.405,23.1887,0.0718272,88.1446,221.908,0,0,0
800,1,1,188,1,1,1,4318.15,18637.4,445.972,46.3844,0.482746,352.483,12374.3,98.992,23.1957,0.267264,75.5291,110.718,23.1887,0.0718272,87.457,209.71,0,0,0
800,1,1,189,1,1,1,4354.54,18670.4,456.284,46.3844,0.587981,362.72,12223.2,110.895,23.1957,0.267264,87.4317,112.104,23.1887,0.177062,88.7384,222.999,0,0,0
800,1,1,190,1,1,1,4332.65,18659.4,316.946,46.3844,0.696557,222.868,14689.7,64.0483,23.1957,0.302342,40.5502,98.877,23.1887,0.106906,75.5814,162.925,0,0,0
800,1,1,191,1,0,0,-1,-1,852.297,23.1957,0.532858,782.491,268803,-1,-1,-1,-1,-1,-1,-1,-1,-1,0,0,0
800,1,1,192,1,1,1,4323.43,18639.7,398.05,46.3844,0.482746,304.421,13228.8,102.273,23.1957,0.267264,78.8102,67.2886,23.1887,0.0718272,44.0281,169.562,0,0,0
800,1,1,193,1,1,1,4324.87,24641.3,446.354,52.1883,0.696557,347.007,18470.8,134.515,28.9996,0.481075,104.53,94.1837,23.1887,0.0718272,70.9232,228.699,0,0,0
800,1,1,194,1,1,1,4343.62,18661.3,332.417,46.3844,0.517824,238.562,14417.2,64.0295,23.1957,0.267264,40.5665,100.146,23.1887,0.106906,76.8502,164.175,0,0,0
800,1,1,195,1,1,1,4331.72,18654.7,451.234,46.3844,0.482746,357.76,12298,105.116,23.1957,0.267264,81.6528,112.84,23.1887,0.0718272,89.5794,217.956,0,0,0
800,1,1,196,1,1,1,4322.38,18637.5,352.803,46.3844,0.482746,259.043,14031.1,66.2981,23.1957,0.267264,42.8351,99.8201,23.1887,0.0718272,76.5596,166.118,0,0,0
800,1,1,197,1,1,1,4325.03,18653.5,402.068,46.3844,0.552902,308.381,13170.6,103.818,23.1957,0.337421,80.2847,70.7069,23.1887,0.0718272,47.4464,174.525,0,0,0
800,1,1,198,1,1,1,4331.86,18672.5,454.491,46.3844,0.482746,361.027,12257.8,106.089,23.1957,0.267264,82.6255,107.584,23.1887,0.0718272,84.3239,213.673,0,0,0
800,1,1,199,1,1,1,4320.78,24655.9,317.814,52.1883,0.696557,218.094,20771.1,166.484,28.9996,0.481075,136.589,26.5705,23.1887,0.0718272,3.31,193.055,0,0,0
800,1,1,200,1,1,1,4320.9,18667.4,384.058,46.3844,0.482746,290.389,13505.3,111.922,23.1957,0.267264,88.4587,67.5611,23.1887,0.0718272,44.3006,179.483,0,0,0
800,1,1,201,1,1,1,4335.05,18657,351.193,46.3844,0.482746,257.428,14079.3,68.4133,23.1957,0.267264,44.9503,102.547,23.1887,0.0718272,79.2867,170.96,0,0,0
800,1,1,202,1,1,1,4318.22,18715.3,461.076,46.3844,1.10413,367.01,12181.9,112.743,23.1957,0.888653,88.659,109.654,23.1887,0.0718272,86.394,222.398,0,0,0
800,1,1,203,1,0,0,-1,-1,852.29,23.1957,0.267264,782.749,268810,-1,-1,-1,-1,-1,-1,-1,-1,-1,0,0,0
800,1,1,204,1,1,1,4315.98,18632.1,352.902,46.3844,0.482746,259.142,14023.9,67.6751,23.1957,0.267264,44.2122,100.475,23.1887,0.0718272,77.2148,168.15,0,0,0
800,1,1,205,1,1,1,4326.32,18672.7,310.199,46.3844,0.6264,216.172,14823.5,99.7789,23.1957,0.267264,76.316,58.1202,23.1887,0.0718272,34.8597,157.899,0,0,0
800,1,1,206,1,1,1,4317.26,18646.9,430.275,46.3844,0.482746,336.74,12662.9,101.544,23.1957,0.267264,78.0811,108.454,23.1887,0.0718272,85.1938,209.998,0,0,0
800,1,1,207,1,1,1,4325.92,18670.3,447.838,46.3844,0.482746,354.354,12373.9,101.32,23.1957,0.267264,77.8573,112.737,23.1887,0.0718272,89.4766,214.057,0,0,0
800,1,1,208,1,1,1,4322.89,18645.9,410.29,46.3844,0.482746,316.697,13017.2,100.828,23.1957,0.267264,77.3646,68.7288,23.1887,0.0718272,45.4683,169.556,0,0,0
800,1,1,209,1,1,1,4317.58,18701.5,386.986,46.3844,0.678182,293.13,13486.7,114.303,23.1957,0.462701,90.6443,68.3354,23.1887,0.0718272,45.0749,182.638,0,0,0
800,1,1,210,1,1,1,4334.95,18655.2,458.467,46.3844,0.482746,365.014,12169.8,113.647,23.1957,0.267264,90.1841,112.912,23.1887,0.0718272,89.6516,226.559,0,0,0
800,1,1,211,1,1,1,4318.66,18638.1,319.558,46.3844,0.482746,225.701,14622.9,64.2875,23.1957,0.267264,40.8246,100.19,23.1887,0.0718272,76.9296,164.478,0,0,0
800,1,1,212,1,1,1,4335.41,18664.8,445.673,46.3844,0.482746,352.183,12407,96.2614,23.1957,0.267264,72.7984,113.943,23.1887,0.0718272,90.6822,210.204,0,0,0
800,1,1,213,1,1,1,4317.9,18632.7,352.998,46.3844,0.482746,259.238,14022.9,67.2637,23.1957,0.267264,43.8007,97.3782,23.1887,0.0718272,74.1177,164.642,0,0,0
800,1,1,214,1,1,1,4315.66,18630.8,413.065,46.3844,0.482746,319.48,12952.8,100.057,23.1957,0.267264,76.5939,69.7215,23.1887,0.0718272,46.461,169.778,0,0,0
800,1,1,215,1,1,1,4328.2,18645.2,436.587,46.3844,0.482746,343.071,12548.9,101.726,23.1957,0.267264,78.2633,104.966,23.1887,0.0718272,81.7051,206.692,0,0,0
800,1,1,216,1,1,1,4321.54,18634.8,430.572,46.3844,0.482746,337.037,12645.5,98.1221,23.1957,0.267264,74.6592,97.0588,23.1887,0.0718272,73.7983,195.181,0,0,0
800,1,1,217,1,1,1,4323.65,18635.3,430.354,46.3844,0.482746,336.819,12649.9,100.947,23.1957,0.267264,77.4837,108.925,23.1887,0.0718272,85.6648,209.872,0,0,0
800,1,1,218,1,1,1,4316.62,18663.5,434.018,46.3844,0.482746,340.494,12612.9,102.311,23.1957,0.267264,78.8481,103.52,23.1887,0.0718272,80.2595,205.831,0,0,0
800,1,1,219,1,1,1,4342.5,18658.6,444.45,46.3844,0.482746,350.956,12422.5,95.3915,23.1957,0.267264,71.9285,110.49,23.1887,0.0718272,87.2296,205.882,0,0,0
800,1,1,220,1,1,1,4320.49,18643.9,319.029,46.3844,0.482746,225.17,14638.1,63.7082,23.1957,0.267264,40.2452,100.573,23.1887,0.0718272,77.3122,164.281,0,0,0
800,1,1,221,1,1,1,4331.21,18659.5,458.966,46.3844,0.678182,365.319,12164.9,114.073,23.1957,0.462701,90.4151,112.641,23.1887,0.0718272,89.3809,226.715,0,0,0
800,1,1,222,1,1,1,4319.77,18646.1,340.84,46.3844,0.482746,247.045,14252.5,110.326,23.1957,0.267264,86.8632,68.0917,23.1887,0.0718272,44.8312,178.418,0,0,0
800,1,1,223,1,1,1,4316.09,24644.1,462.063,52.1883,0.731635,362.727,18194,234.862,28.9996,0.516154,205.132,66.7237,23.1887,0.0718272,43.4632,301.586,0,0,0
800,1,1,224,1,1,1,4316.94,18635.4,290.065,46.3844,0.482746,196.122,15144.6,89.4771,23.1957,0.267264,66.0142,49.2208,23.1887,0.0718272,25.9602,138.698,0,0,0
800,1,1,225,1,1,1,4323.34,18648.4,411.408,46.3844,0.482746,317.818,12999.9,85.2485,23.1957,0.267264,61.7855,104.93,23.1887,0.0718272,81.669,190.178,0,0,0
800,1,1,226,1,1,1,4317.58,18641.3,383.399,46.3844,0.482746,289.728,13490.8,114.031,23.1957,0.267264,90.5685,69.8586,23.1887,0.0718272,46.5981,183.89,0,0,0
800,1,1,227,1,1,1,4324.49,18645.4,398.554,46.3844,0.482746,304.926,13225.4,102.917,23.1957,0.267264,79.4545,67.8174,23.1887,0.0718272,44.5569,170.735,0,0,0
800,1,1,228,1,1,1,4314.06,18635.5,337.55,46.3844,0.482746,243.745,14300.4,65.726,23.1957,0.267264,42.263,102.101,23.1887,0.0718272,78.8409,167.827,0,0,0
800,1,1,229,1,1,1,4316.3,18659.9,386.561,46.3844,0.482746,292.899,13453.3,111.36,23.1957,0.267264,87.8974,68.6242,23.1887,0.0718272,45.3636,179.984,0,0,0
800,1,1,230,1,1,1,4330.31,18651.8,430.217,46.3844,0.482746,336.682,12668.8,101.669,23.1957,0.267264,78.2056,105.924,23.1887,0.0718272,82.6634,207.593,0,0,0
800,1,1,231,1,1,1,4315.66,18629.2,390.925,46.3844,0.482746,297.276,13344.9,75.1326,23.1957,0.267264,51.6696,93.6206,23.1887,0.0718272,70.3601,168.753,0,0,0
800,1,1,232,1,1,1,4318.79,18635.8,343.258,46.3844,0.482746,249.47,14199.1,110.451,23.1957,0.267264,86.9878,68.5646,23.1887,0.0718272,45.3041,179.015,0,0,0
800,1,1,233,1,1,1,4315.98,18655.2,338.419,46.3844,0.482746,244.617,14304.6,111.167,23.1957,0.267264,87.7043,65.8033,23.1887,0.0718272,42.5427,176.97,0,0,0
800,1,1,234,1,1,1,4317.9,18637.3,388.789,46.3844,0.482746,295.134,13391,108.312,23.1957,0.267264,84.8491,67.978,23.1887,0.0718272,44.7175,176.29,0,0,0
800,1,1,235,1,1,1,4318.22,18642.5,394.098,46.3844,0.678182,300.263,13301.3,77.0841,23.1957,0.462701,53.4257,96.5173,23.1887,0.0718272,73.2568,173.601,0,0,0
800,1,1,236,1,1,1,4319.75,18679.8,376.282,46.3844,0.482746,282.59,13655.9,114.398,23.1957,0.267264,90.9348,70.521,23.1887,0.0718272,47.2605,184.919,0,0,0
800,1,1,237,1,1,1,4319.62,18639.1,364.191,46.3844,0.482746,270.464,13830.2,114.669,23.1957,0.267264,91.2056,68.034,23.1887,0.0718272,44.7735,182.703,0,0,0
800,1,1,238,1,1,1,4324.35,18636.6,338.336,46.3844,0.482746,244.534,14287.5,65.3578,23.1957,0.267264,41.8948,103.137,23.1887,0.0718272,79.8768,168.495,0,0,0
800,1,1,239,1,1,1,4319.27,18643.3,433.012,46.3844,0.482746,339.485,12610.6,97.9362,23.1957,0.267264,74.4733,100.291,23.1887,0.0718272,77.0307,198.227,0,0,0
800,1,1,240,1,1,1,4317.9,18633.7,358.058,46.3844,0.482746,264.313,13933.8,111.965,23.1957,0.267264,88.502,67.6423,23.1887,0.0718272,44.3818,179.607,0,0,0
800,1,1,241,1,1,1,4326.88,18691.1,337.943,46.3844,0.517824,244.105,14348.7,111.462,23.1957,0.302342,87.9641,66.2454,23.1887,0.0718272,42.9849,177.708,0,0,0
800,1,1,242,1,1,1,4339.61,18693.9,459.088,46.3844,0.587981,365.532,12196.8,114.089,23.1957,0.337421,90.5558,112.034,23.1887,0.106906,88.7384,226.123,0,0,0
800,1,1,243,1,1,2,10365,24687.1,581.349,69.5741,0.519494,465.664,16416.1,93.5018,23.1957,0.267264,70.0389,250.386,46.3784,0.108576,203.899,343.888,1,0,0
800,1,1,244,1,1,1,4316.3,18706.2,359.66,46.3844,0.482746,265.919,13977.9,112.792,23.1957,0.267264,89.3286,67.0973,23.1887,0.0718272,43.8368,179.889,0,0,0
800,1,1,245,1,1,1,4331.95,18650.1,459.25,46.3844,0.50112,365.781,12150.6,110.176,23.1957,0.267264,86.7134,112.028,23.1887,0.0902016,88.7492,222.205,0,0,0
800,1,1,246,0,0,0,-1,-1,931.745,23.206,0.516154,862.176,273928,-1,-1,-1,-1,-1,-1,-1,-1,-1,0,0,0
800,1,1,247,1,1,1,4328.81,18652.9,421,46.3844,0.696557,327.225,12832.9,91.5723,23.1957,0.337421,68.0392,107.038,23.1887,0.0718272,83.777,198.61,0,0,0
800,1,1,248,1,1,1,4333.5,18651.8,427.96,46.3844,0.482746,334.419,12708.9,98.7863,23.1957,0.267264,75.3233,110.802,23.1887,0.0718272,87.5418,209.589,0,0,0
800,1,1,249,1,1,1,4334.01,18685.4,343.204,46.3844,0.482746,249.416,14249.7,110.599,23.1957,0.267264,87.1357,68.4455,23.1887,0.0718272,45.185,179.044,0,0,0
800,1,1,250,1,1,1,4322.82,18642.2,402.763,46.3844,0.482746,309.148,13147.5,104.594,23.1957,0.267264,81.1312,70.7033,23.1887,0.0718272,47.4428,175.297,0,0,0
800,1,1,251,1,1,1,4339.46,18653.6,346.883,46.3844,0.482746,253.105,14152.5,68.592,23.1957,0.267264,45.129,101.872,23.1887,0.0718272,78.6117,170.464,0,0,0
800,1,1,252,1,1,1,4322.25,18648.9,437.5,46.3844,0.482746,343.986,12536.4,102.703,23.1957,0.267264,79.2397,105.435,23.1887,0.0718272,82.1743,208.138,0,0,0
800,1,1,253,1,1,1,4316.94,18631.3,433.906,46.3844,0.482746,340.382,12582.8,100.447,23.1957,0.267264,76.9837,107.014,23.1887,0.0718272,83.7535,207.461,0,0,0
800,1,1,254,1,0,0,-1,-1,726.999,23.1957,0.302342,657.059,263994,-1,-1,-1,-1,-1,-1,-1,-1,-1,0,0,0
800,1,1,255,1,1,1,4371.72,18687.5,432.727,46.3844,0.482746,339.2,12659.9,99.6291,23.1957,0.267264,76.1662,104.137,23.1887,0.0718272,80.8767,203.766,0,0,0
800,1,1,256,1,1,1,4323.09,18636.1,445.654,46.3844,0.482746,352.163,12378.6,96.5953,23.1957,0.267264,73.1323,113.515,23.1887,0.0718272,90.2544,210.11,0,0,0
800,1,1,257,1,1,1,4326.47,18641.4,439.518,46.3844,0.517824,345.975,12492.8,98.4027,23.1957,0.302342,74.9046,105.31,23.1887,0.0718272,82.0498,203.713,0,0,0
800,1,1,258,1,1,1,4326.41,18640.6,434.547,46.3844,0.482746,341.024,12580.6,95.5792,23.1957,0.267264,72.1162,102.217,23.1887,0.0718272,78.9564,197.796,0,0,0
800,1,1,259,1,1,1,4325.45,18700.4,376.669,46.3844,0.482746,282.978,13669.7,114.65,23.1957,0.267264,91.1875,70.6383,23.1887,0.0718272,47.3778,185.289,0,0,0
800,1,1,260,1,1,1,4318.47,18633.3,446.417,46.3844,0.482746,352.929,12362.3,100.219,23.1957,0.267264,76.7563,111.995,23.1887,0.0718272,88.7348,212.215,0,0,0
800,1,1,261,1,1,1,4315.02,18653.7,387.137,46.3844,0.482746,293.477,13436.8,111.357,23.1957,0.267264,87.8938,68.2127,23.1887,0.0718272,44.9522,179.569,0,0,0
800,1,1,262,1,1,1,4318.22,18634.6,340.732,46.3844,0.482746,246.936,14242.9,67.1084,23.1957,0.267264,43.6455,101.832,23.1887,0.0718272,78.572,168.941,0,0,0
800,1,1,263,1,1,1,4316.94,18647.8,297.93,46.3844,0.517824,203.975,15016.9,91.7231,23.1957,0.302342,68.225,51.1447,23.1887,0.0718272,27.8842,142.868,0,0,0
800,1,1,264,1,1,1,4333.75,18691.6,436.646,46.3844,0.873619,342.739,12593.3,98.5798,23.1957,0.658138,74.7259,101.914,23.1887,0.0718272,78.6532,200.493,0,0,0
800,1,1,265,1,1,1,4317.26,18695.2,270.368,46.3844,0.517824,176.333,15554.5,77.6276,23.1957,0.302342,54.1296,41.3121,23.1887,0.0718272,18.0516,118.94,0,0,0
800,1,1,266,1,1,1,4323.17,18636.5,433.75,46.3844,0.482746,340.225,12590.7,95.507,23.1957,0.267264,72.044,101.863,23.1887,0.0718272,78.6026,197.37,0,0,0
800,1,1,267,1,1,1,4320.58,18642.2,365.764,46.3844,0.482746,272.041,13805.3,62.665,23.1957,0.267264,39.2021,98.4358,23.1887,0.0718272,75.1753,161.101,0,0,0
800,1,1,268,1,1,1,4320.97,18661.8,361.14,46.3844,0.552902,267.334,13906.7,113.751,23.1957,0.337421,90.2183,67.276,23.1887,0.0718272,44.0155,181.027,0,0,0
800,1,1,269,1,1,1,4338.58,18699.5,436.648,46.3844,0.873619,342.741,12601.2,98.6068,23.1957,0.658138,74.753,102.367,23.1887,0.0718272,79.1062,200.974,0,0,0
800,1,1,270,1,1,1,4322,18649.8,415.201,46.3844,0.482746,321.623,12933.8,87.5045,23.1957,0.267264,64.0415,104.852,23.1887,0.0718272,81.5914,192.356,0,0,0
800,1,1,271,1,1,1,4328.45,18651.9,415.407,46.3844,0.517824,321.794,12932,87.1804,23.1957,0.302342,63.6824,104.327,23.1887,0.0718272,81.0662,191.507,0,0,0
800,1,1,272,1,1,1,4324.36,18646.8,312.534,46.3952,0.731635,218.397,14755.7,64.1754,23.2065,0.516154,40.4528,97.0046,23.1887,0.0718272,73.7441,161.18,0,0,0
800,1,1,273,1,1,1,4318.54,18637,274.335,46.3844,0.482746,180.346,15425.9,81.2184,23.1957,0.267264,57.7554,43.3461,23.1887,0.0718272,20.0856,124.564,0,0,0
800,1,1,274,1,1,1,4313.42,18675.1,387.016,46.406,0.589651,293.228,13459.8,114.508,23.2173,0.37417,90.9168,68.5718,23.1887,0.0718272,45.3113,183.08,0,0,0
800,1,1,275,1,1,2,10325.9,24663.7,556.654,69.5741,0.698227,440.718,16831.2,96.2622,23.1957,0.302342,72.7641,245.234,46.3784,0.25223,198.604,341.497,1,0,0
800,1,1,276,1,1,1,4320.14,18634,349.944,46.3844,0.482746,256.175,14078.4,68.9927,23.1957,0.267264,45.5297,102.71,23.1887,0.0718272,79.4491,171.702,0,0,0
800,1,1,277,1,1,1,4319.18,18634.3,398.671,46.3844,0.482746,305.044,13212.3,102.594,23.1957,0.267264,79.1315,68.5772,23.1887,0.0718272,45.3167,171.172,0,0,0
800,1,1,278,1,1,1,4329.24,18665,418.368,46.3844,0.713261,324.568,12892,90.8808,23.1957,0.497779,67.1873,104.931,23.1887,0.0718272,81.6708,195.812,0,0,0
800,1,1,279,1,1,1,4336.55,18650.5,395.07,46.3844,0.517824,301.398,13292.3,76.9428,23.1957,0.267264,53.4798,95.9893,23.1887,0.106906,72.6937,172.932,0,0,0
800,1,1,280,1,1,1,4321.75,18646.2,421.106,46.3844,0.482746,327.544,12825.2,100.526,23.1957,0.267264,77.0632,71.5985,23.1887,0.0718272,48.338,172.125,0,0,0
800,1,1,281,1,1,1,4320.9,18675.6,357.158,46.3844,0.482746,263.411,13991.8,109.64,23.1957,0.267264,86.1774,66.9944,23.1887,0.0718272,43.7339,176.635,0,0,0
800,1,1,282,1,1,1,4330.53,18646.4,367.361,46.3844,0.6264,273.499,13780.8,62.4701,23.1957,0.267264,39.0071,98.0785,23.1887,0.0718272,74.818,160.549,0,0,0
800,1,1,283,1,1,1,4321.76,18637.5,384.463,46.3844,0.482746,290.795,13468.2,72.3009,23.1957,0.267264,48.8379,91.1138,23.1887,0.0718272,67.8533,163.415,0,0,0
800,1,1,284,1,1,1,4317.58,18632.1,340.006,46.3844,0.482746,246.209,14253.2,111.319,23.1957,0.267264,87.8559,67.3103,23.1887,0.0718272,44.0498,178.629,0,0,0
800,1,1,285,1,1,1,4327.08,18648.6,401.328,46.3844,0.552902,307.639,13178.9,103.158,23.1957,0.302342,79.6603,70.067,23.1887,0.106906,46.7714,173.225,0,0,0
800,1,1,286,1,1,1,4326.19,18707.7,389.394,46.3844,1.10413,295.119,13448.9,112.912,23.1957,0.853574,88.8629,68.6809,23.1887,0.106906,45.3853,181.593,0,0,0
800,1,1,287,1,1,1,4337.99,18660.6,394.738,46.3844,0.552902,301.03,13308,77.1774,23.1957,0.267264,53.7145,96.9178,23.1887,0.141984,73.5871,174.095,0,0,0
800,1,1,288,1,1,1,4317.58,18632.9,278.513,46.3844,0.482746,184.537,15347.6,83.6837,23.1957,0.267264,60.2208,45.1293,23.1887,0.0718272,21.8688,128.813,0,0,0
800,1,1,289,1,1,1,4318.34,18634.1,377.112,46.3844,0.482746,283.422,13595.5,63.0873,23.1957,0.267264,39.6244,94.9688,23.1887,0.0718272,71.7083,158.056,0,0,0
800,1,1,290,1,1,1,4318.51,18637.6,410.233,46.3844,0.482746,316.64,13010,100.947,23.1957,0.267264,77.4837,68.6115,23.1887,0.0718272,45.351,169.558,0,0,0
800,1,1,291,1,1,1,4314.06,18631.3,294.933,46.3844,0.482746,201.004,15054,90.8055,23.1957,0.267264,67.3425,50.0852,23.1887,0.0718272,26.8247,140.891,0,0,0
800,1,1,292,1,1,1,4340.44,18692.6,435.303,46.3844,0.482746,341.782,12619.2,103.957,23.1957,0.267264,80.4941,90.3503,23.1887,0.0718272,67.0898,194.307,0,0,0
800,1,1,293,1,1,1,4329.59,18660.1,455.28,46.3844,0.482746,361.817,12231.5,106.415,23.1957,0.267264,82.9522,108.346,23.1887,0.0718272,85.0855,214.761,0,0,0
800,1,1,294,1,1,1,4323.38,18665.1,386.531,46.3844,0.482746,292.869,13459,114.122,23.1957,0.267264,90.6587,68.3318,23.1887,0.0718272,45.0713,182.453,0,0,0
800,1,1,295,1,1,1,4334.12,18650,429.751,46.3844,0.482746,336.214,12675.3,101.181,23.1957,0.267264,77.7183,105.958,23.1887,0.0718272,82.6977,207.14,0,0,0
800,1,1,296,1,1,1,4316.3,18630.1,365.083,46.3844,0.482746,271.359,13805.4,62.49,23.1957,0.267264,39.027,98.5207,23.1887,0.0718272,75.2602,161.011,0,0,0
800,1,1,297,1,1,1,4333.54,18677.5,394.979,46.3844,0.517824,301.306,13320.9,77.5853,23.1957,0.267264,54.1223,96.7852,23.1887,0.106906,73.4897,174.371,0,0,0
800,1,1,298,1,1,1,4322.31,18637.4,318.97,46.3844,0.482746,225.111,14632.7,63.8255,23.1957,0.267264,40.3625,100.3,23.1887,0.0718272,77.0397,164.126,0,0,0
800,1,1,299,1,1,1,4323.4,18650.4,387.39,46.3844,0.713261,293.5,13428.3,111.256,23.1957,0.462701,87.5978,68.1503,23.1887,0.106906,44.8547,179.406,0,0,0
800,1,1,300,1,1,1,4316.3,18633,340.429,46.3844,0.482746,246.633,14246.6,111.086,23.1957,0.267264,87.623,67.8553,23.1887,0.0718272,44.5948,178.941,0,0,0
800,1,1,301,1,0,0,-1,-1,725.303,23.1957,0.267264,655.393,263932,-1,-1,-1,-1,-1,-1,-1,-1,-1,0,0,0
800,1,1,302,1,1,1,4318.75,18633.8,431.097,46.3844,0.482746,337.564,12635.2,101.836,23.1957,0.267264,78.3734,109.543,23.1887,0.0718272,86.2821,211.379,0,0,0
800,1,1,303,1,1,1,4318.54,18643,390.04,46.3844,0.482746,296.388,13374.4,105.767,23.1957,0.267264,82.3043,68.3895,23.1887,0.0718272,45.129,174.157,0,0,0
800,1,1,304,1,1,1,4322.6,18644.6,362.224,46.3844,0.482746,268.491,13870.7,62.4539,23.1957,0.267264,38.9909,98.5856,23.1887,0.0718272,75.3251,161.04,0,0,0
800,1,1,305,1,1,1,4321.22,18638.2,367.74,46.3844,0.482746,274.023,13766.2,117.139,23.1957,0.267264,93.6763,69.384,23.1887,0.0718272,46.1235,186.523,0,0,0
800,1,1,306,1,1,1,4321.51,18644.6,437.966,46.3844,0.661478,344.275,12523.2,103.409,23.1957,0.302342,79.9111,106.016,23.1887,0.0718272,82.7555,209.425,0,0,0
800,1,1,307,1,1,1,4333.94,18647,434.304,46.3844,0.482746,340.781,12591.4,101.051,23.1957,0.267264,77.5884,105.606,23.1887,0.0718272,82.3458,206.658,0,0,0
800,1,1,308,1,1,1,4317.26,18634.8,287.099,46.3844,0.482746,193.148,15196.8,89.9626,23.1957,0.267264,66.4997,48.3978,23.1887,0.0718272,25.1373,138.36,0,0,0
800,1,1,309,1,1,1,4317.26,18641.5,421.601,46.3844,0.482746,328.04,12811.8,100.716,23.1957,0.267264,77.2527,72.5135,23.1887,0.0718272,49.253,173.229,0,0,0
800,1,1,310,1,1,1,4324.19,18666,357.057,46.3844,0.482746,263.309,13983.9,109.245,23.1957,0.267264,85.7821,67.1298,23.1887,0.0718272,43.8693,176.375,0,0,0
800,1,1,311,1,1,1,4318.66,24639.7,482.846,52.1883,0.571277,383.731,17820.2,233.034,28.9996,0.355795,203.461,69.624,23.1887,0.0718272,46.3635,302.658,0,0,0
800,1,1,312,1,1,1,4329.99,18666,339.568,46.3844,0.517824,245.734,14294.7,111.5,23.1957,0.302342,88.002,66.6858,23.1887,0.0718272,43.4253,178.186,0,0,0
800,1,1,313,1,0,0,-1,-1,805.965,23.1957,0.337421,736.219,266945,-1,-1,-1,-1,-1,-1,-1,-1,-1,0,0,0
800,1,1,314,1,1,2,10339.3,24665.1,577.907,69.5741,0.519494,462.211,16455.3,99.0155,23.1957,0.267264,75.5525,249.442,46.3784,0.108576,202.955,348.458,1,0,0
800,1,1,315,1,1,1,4327.64,18654.4,431.063,46.3844,0.482746,337.53,12656.4,101.042,23.1957,0.267264,77.5793,110.131,23.1887,0.0718272,86.8704,211.173,0,0,0
800,1,1,316,1,1,1,4316.94,18673.6,341.286,46.3844,0.678182,247.297,14271.5,111.381,23.1957,0.462701,87.7223,67.6604,23.1887,0.0718272,44.3999,179.041,0,0,0
800,1,1,317,1,1,1,4317.38,18631.9,351.347,46.3844,0.482746,257.583,14051.4,67.6391,23.1957,0.267264,44.1761,100.99,23.1887,0.0718272,77.7291,168.629,0,0,0
800,1,1,318,1,1,1,4316.62,18640.3,443.856,46.3844,0.482746,350.36,12414.8,106.415,23.1957,0.267264,82.9522,96.7808,23.1887,0.0718272,73.5203,203.196,0,0,0
800,1,1,319,1,1,1,4330.44,18645.3,407.1,46.3844,0.482746,313.497,13073.4,83.3083,23.1957,0.267264,59.8454,102.076,23.1887,0.0718272,78.8156,185.384,0,0,0
800,1,1,320,1,1,1,4321.48,18644.4,429.129,46.3844,0.517824,335.556,12680.5,97.9659,23.1957,0.302342,74.4679,100.851,23.1887,0.0718272,77.5902,198.817,0,0,0
800,1,1,321,1,1,1,4317.26,18644.6,398.565,46.3844,0.678182,304.742,13224,104.004,23.1957,0.462701,80.3461,67.6387,23.1887,0.0718272,44.3782,171.643,0,0,0
800,1,1,322,1,1,1,4316.94,18635.7,424.21,46.3844,0.482746,330.657,12759.6,92.0039,23.1957,0.267264,68.5409,110.402,23.1887,0.0718272,87.1412,202.406,0,0,0
800,1,1,323,1,1,1,4318.98,18635.7,413.073,46.3844,0.482746,319.488,12957.6,99.575,23.1957,0.267264,76.112,69.8388,23.1887,0.0718272,46.5783,169.414,0,0,0
800,1,1,324,1,1,1,4315.34,18645.7,415.443,46.3844,0.482746,321.864,12925.4,100.163,23.1957,0.267264,76.7004,70.0139,23.1887,0.0718272,46.7533,170.177,0,0,0
800,1,1,325,1,1,1,4324.47,18644.7,455.954,46.3844,0.482746,362.494,12204.1,106.54,23.1957,0.267264,83.0767,108.682,23.1887,0.0718272,85.4212,215.221,0,0,0
800,1,1,326,1,1,1,4343.69,18668,435.536,46.3844,0.552902,341.946,12589.9,104.417,23.1957,0.267264,80.9543,90.3844,23.1887,0.141984,67.0537,194.802,0,0,0
800,1,1,327,1,1,1,4339.05,18666.6,433.713,46.3844,0.517824,340.152,12621.2,98.5535,23.1957,0.267264,75.0905,100.043,23.1887,0.106906,76.7473,198.596,0,0,0
800,1,1,328,1,1,2,10318.4,24633.6,555.547,69.5741,0.519494,439.786,16821.4,96.7469,23.1957,0.267264,73.2839,243.499,46.3784,0.108576,197.012,340.246,1,0,0
800,1,1,329,1,1,1,4321.96,18649.1,457.649,46.3844,0.6264,364.05,12178,113.779,23.1957,0.267264,90.3158,111.304,23.1887,0.0718272,88.0436,225.083,0,0,0
800,1,1,330,1,1,1,4316.3,18641.5,398.03,46.3844,0.482746,304.401,13230.8,105.08,23.1957,0.267264,81.6167,67.4637,23.1887,0.0718272,44.2032,172.543,0,0,0
800,1,1,331,1,1,1,4316.94,18632.5,459.964,46.3844,0.482746,366.515,12120.6,111.609,23.1957,0.267264,88.1464,110.533,23.1887,0.0718272,87.2729,222.143,0,0,0
800,1,1,332,1,1,1,4316.3,18634.2,353.071,46.3844,0.482746,259.312,14023.1,66.5273,23.1957,0.267264,43.0643,99.2679,23.1887,0.0718272,76.0073,165.795,0,0,0
800,1,1,333,1,1,1,4332.33,18663,441.493,46.3844,0.482746,347.991,12479.5,93.8321,23.1957,0.267264,70.3692,110.884,23.1887,0.0718272,87.623,204.716,0,0,0
800,1,1,334,0,0,0,-1,-1,356.711,23.206,1.10246,284.884,250405,-1,-1,-1,-1,-1,-1,-1,-1,-1,0,0,0
800,1,1,335,1,1,1,4337.51,18655,298.33,46.3844,0.482746,204.412,15017.3,61.0515,23.1957,0.267264,37.5886,93.5918,23.1887,0.0718272,70.3313,154.643,0,0,0
800,1,1,336,1,1,1,4323.45,18642,449.542,46.3844,0.517824,356.027,12315.2,102.94,23.1957,0.302342,79.4419,104.803,23.1887,0.0718272,81.5427,207.743,0,0,0
800,1,1,337,1,1,1,4316.97,18640.2,455.791,46.3844,0.482746,362.33,12202.5,108.577,23.1957,0.267264,85.1144,114.838,23.1887,0.0718272,91.5774,223.415,0,0,0
800,1,1,338,1,1,1,4318.54,18662.9,425.169,46.3844,0.482746,331.619,12769.7,100.097,23.1957,0.267264,76.6336,76.3126,23.1887,0.0718272,53.0521,176.409,0,0,0
800,1,1,339,1,1,1,4315.66,18631.7,428.232,46.3844,0.482746,334.691,12684.1,101.403,23.1957,0.267264,77.9403,78.9494,23.1887,0.0718272,55.6889,180.353,0,0,0
800,1,1,340,1,1,1,4324.81,18640.5,370.704,46.3844,0.517824,276.961,13715.6,63.8779,23.1957,0.267264,40.4149,97.8284,23.1887,0.106906,74.5328,161.706,0,0,0
800,1,1,341,1,1,1,4339.2,18664.1,438.5,46.3844,0.482746,344.989,12533.9,97.8514,23.1957,0.267264,74.3884,105.05,23.1887,0.0718272,81.7899,202.902,0,0,0
800,1,1,342,1,1,1,4315.66,18634.9,302.959,46.3844,0.482746,209.054,14914.9,62.3853,23.1957,0.267264,38.9223,93.1117,23.1887,0.0718272,69.8512,155.497,0,0,0
800,1,1,343,1,1,1,4322.5,18635.1,410.134,46.3844,0.482746,316.54,13009.2,85.456,23.1957,0.267264,61.9931,104.514,23.1887,0.0718272,81.2539,189.97,0,0,0
800,1,1,344,1,1,1,4359.02,18675.1,357.502,46.3844,0.661478,263.577,13984.5,64.7369,23.1957,0.267264,41.274,98.7525,23.1887,0.106906,75.4569,163.489,0,0,0
800,1,1,345,1,1,1,4325.81,18650.7,427.365,46.3844,0.482746,333.821,12718.5,101.396,23.1957,0.267264,77.9331,78.3015,23.1887,0.0718272,55.041,179.698,0,0,0
800,1,1,346,1,1,2,10342.2,24656.4,577.6,69.5741,0.663149,461.76,16451.7,95.599,23.1957,0.267264,72.1361,246.791,46.3784,0.108576,200.304,342.39,1,0,0
800,1,1,347,1,1,1,4327.35,18640.8,423.37,46.3844,0.482746,329.815,12779.5,101.039,23.1957,0.267264,77.5757,73.5585,23.1887,0.0718272,50.298,174.597,0,0,0
800,1,1,348,1,1,1,4323.53,18676.2,431.153,46.3844,0.678182,337.425,12676.1,98.7615,23.1957,0.462701,75.1031,96.3423,23.1887,0.0718272,73.0818,195.104,0,0,0
800,1,1,349,1,1,1,4319.21,18641.9,437.082,46.3844,0.482746,343.567,12536.9,104.711,23.1957,0.267264,81.2485,92.3122,23.1887,0.0718272,69.0516,197.024,0,0,0
800,1,1,350,1,1,1,4321.78,18678,300.913,46.3844,0.517824,206.967,14994.1,93.7571,23.1957,0.302342,70.2591,52.3467,23.1887,0.0718272,29.0862,146.104,0,0,0
800,1,1,351,1,1,1,4320.9,18650.9,438.188,46.3844,0.517824,344.641,12525.9,103.322,23.1957,0.267264,79.8588,106.54,23.1887,0.106906,83.2446,209.862,0,0,0
800,1,1,352,1,1,1,4337.27,18656.8,362.143,46.3844,0.50112,268.392,13884.1,60.927,23.1957,0.267264,37.464,97.9759,23.1887,0.0902016,74.6971,158.903,0,0,0
800,1,1,353,1,1,1,4333.54,18650.6,344.89,46.3844,0.482746,251.107,14184.9,68.2256,23.1957,0.267264,44.7626,102.933,23.1887,0.0718272,79.6729,171.159,0,0,0
800,1,1,354,1,1,1,4323.27,18662.3,414.929,46.3844,0.517824,321.314,12951,88.2182,23.1957,0.302342,64.7201,104.978,23.1887,0.0718272,81.7177,193.196,0,0,0
800,1,1,355,1,1,1,4317.58,18630.5,327.055,46.3844,0.482746,233.22,14481.9,104.513,23.1957,0.267264,81.05,63.1863,23.1887,0.0718272,39.9258,167.699,0,0,0
800,1,1,356,1,1,1,4320.27,18633.2,458.146,46.3844,0.482746,364.692,12153.5,112.777,23.1957,0.267264,89.3141,112.955,23.1887,0.0718272,89.695,225.733,0,0,0
800,1,1,357,1,1,1,4349.17,18678.4,438.105,46.3844,0.517824,344.558,12554.9,105.074,23.1957,0.267264,81.6113,93.4157,23.1887,0.106906,70.1201,198.49,0,0,0
800,1,1,358,1,1,1,4319.07,30654.2,555.804,57.9922,0.855245,450.973,22636.3,346.568,34.8035,0.639763,310.409,58.8638,23.1887,0.0718272,35.6033,405.432,0,0,0
800,1,1,359,1,1,1,4316.3,18638.8,304.103,46.3844,0.482746,210.201,14898.4,96.3047,23.1957,0.267264,72.8417,56.2775,23.1887,0.0718272,33.017,152.582,0,0,0
800,1,1,360,1,1,1,4322.54,18643,450.401,46.3844,0.482746,356.924,12301.1,105.794,23.1957,0.267264,82.3314,100.358,23.1887,0.0718272,77.0974,206.152,0,0,0
800,1,1,361,1,1,1,4338.86,18654,434.018,46.3844,0.517824,340.459,12603.2,102.952,23.1957,0.267264,79.4888,87.8262,23.1887,0.106906,64.5306,190.778,0,0,0
800,1,1,362,1,1,1,4318.22,18637.6,430.397,46.3844,0.678182,336.667,12651,101.27,23.1957,0.462701,77.6118,110.346,23.1887,0.0718272,87.0852,211.616,0,0,0
800,1,1,363,1,1,1,4322.99,18650,424.431,46.3844,0.482746,330.879,12769.9,92.4352,23.1957,0.267264,68.9722,110.624,23.1887,0.0718272,87.3631,203.059,0,0,0
800,1,1,364,1,1,1,4321.65,18670.9,384.54,46.3844,0.482746,290.872,13500.2,71.837,23.1957,0.267264,48.3741,90.4243,23.1887,0.0718272,67.1638,162.261,0,0,0
800,1,1,365,1,1,1,4329.67,18653.2,357.288,46.3844,0.482746,263.541,13967.1,109.59,23.1957,0.267264,86.1269,67.8012,23.1887,0.0718272,44.5407,177.391,0,0,0
800,1,1,366,1,1,1,4317.9,18653.7,429.033,46.3844,0.678182,335.299,12691.3,98.9366,23.1957,0.462701,75.2782,100.232,23.1887,0.0718272,76.9711,199.168,0,0,0
800,1,1,367,1,0,0,-1,-1,1023.72,23.1957,0.267264,954.678,281662,-1,-1,-1,-1,-1,-1,-1,-1,-1,0,0,0
800,1,1,368,1,1,1,4320.55,18644.2,340.767,46.3844,0.517824,246.936,14251.6,67.3781,23.1957,0.302342,43.8801,102.48,23.1887,0.0718272,79.2199,169.859,0,0,0
800,1,1,369,1,1,1,4336.51,18672.8,435.929,46.3844,0.482746,342.41,12588.3,103.179,23.1957,0.267264,79.7162,106.215,23.1887,0.0718272,82.954,209.394,0,0,0
800,1,1,370,1,1,1,4316.3,18631.1,368.076,46.3844,0.482746,274.36,13753.1,62.0658,23.1957,0.267264,38.6029,98.2572,23.1887,0.0718272,74.9967,160.323,0,0,0
800,1,1,371,1,1,1,4319.18,18652.7,362.129,46.3844,0.517824,268.361,13880.2,114.98,23.1957,0.302342,91.4817,67.5702,23.1887,0.0718272,44.3096,182.55,0,0,0
800,1,1,372,1,1,1,4317.64,18634,363.112,46.3844,0.517824,269.347,13844,114.684,23.1957,0.302342,91.1857,68.274,23.1887,0.0718272,45.0135,182.958,0,0,0
800,1,1,373,1,1,1,4324.14,18640.7,435.992,46.3844,0.482746,342.473,12555,92.363,23.1957,0.267264,68.9,104.756,23.1887,0.0718272,81.4957,197.119,0,0,0
800,1,1,374,1,1,1,4330.41,18652.8,434.187,46.3844,0.770054,340.376,12607.3,98.0048,23.1957,0.267264,74.5418,99.8652,23.1887,0.0718272,76.6047,197.87,0,0,0
800,1,1,375,1,1,1,4314.38,24636.4,562.039,52.1883,0.696557,463.029,16408.8,215.65,28.9996,0.481075,185.9,111.196,23.1887,0.0718272,87.9353,326.845,0,0,0
800,1,1,376,1,1,1,4316.62,18637.8,436.383,46.3844,0.517824,342.831,12544.9,91.1203,23.1957,0.302342,67.6222,105.422,23.1887,0.0718272,82.1617,196.543,0,0,0
800,1,1,377,1,1,1,4327.43,18641.9,331.939,46.3844,0.482746,238.118,14406.5,64.2045,23.1957,0.267264,40.7416,99.8959,23.1887,0.0718272,76.6354,164.1,0,0,0
800,1,1,378,1,1,1,4316.94,18636.5,392.714,46.3844,0.482746,299.07,13320.5,106.375,23.1957,0.267264,82.9125,68.8624,23.1887,0.0718272,45.6019,175.238,0,0,0
800,1,1,379,1,1,1,4316.94,18642.9,370.608,46.3844,0.482746,276.9,13719.9,111.828,23.1957,0.267264,88.3648,70.2232,23.1887,0.0718272,46.9627,182.051,0,0,0
800,1,1,380,1,1,1,4317.9,18632.5,352.235,46.3844,0.482746,258.473,14036.2,67.7131,23.1957,0.267264,44.2501,100.827,23.1887,0.0718272,77.5667,168.54,0,0,0
800,1,1,381,1,1,1,4316.36,18644.1,437.018,46.3844,0.678182,343.307,12539.7,105.147,23.1957,0.462701,81.4885,91.0398,23.1887,0.0718272,67.7793,196.187,0,0,0
800,1,1,382,1,1,1,4324.87,18668.1,378.107,46.3844,0.482746,284.42,13611.8,64.0854,23.1957,0.267264,40.6224,93.3409,23.1887,0.0718272,70.0804,157.426,0,0,0
800,1,1,383,1,1,2,10322.8,24637,494.763,69.5741,0.519494,378.826,17905.7,63.1271,23.1957,0.267264,39.6641,232.118,46.3784,0.108576,185.631,295.245,1,0,0
800,1,1,384,1,1,1,4325.51,18641.6,430.105,46.3844,0.482746,336.57,12660.6,99.6003,23.1957,0.267264,76.1373,102.951,23.1887,0.0718272,79.6909,202.552,0,0,0
800,1,1,385,1,1,1,4335.56,18666.5,412.083,46.3844,0.482746,318.495,13006,85.5391,23.1957,0.267264,62.0761,105.586,23.1887,0.0718272,82.326,191.126,0,0,0
800,1,1,386,1,1,1,4341.1,18681.4,430.082,46.3844,0.552902,336.476,12700.4,98.38,23.1957,0.337421,74.8469,100.275,23.1887,0.0718272,77.0144,198.655,0,0,0
800,1,1,387,1,1,1,4324.21,18657.1,435.322,46.3844,0.482746,341.802,12583.3,102.917,23.1957,0.267264,79.4545,105.518,23.1887,0.0718272,82.2574,208.435,0,0,0
800,1,1,388,1,1,1,4340.49,24670.5,542.804,52.1883,0.891994,443.542,16784.4,225.252,28.9996,0.676512,195.334,70.7809,23.1887,0.0718272,47.5204,296.033,0,0,0
800,1,1,389,1,1,1,4318.22,18631.1,312.138,46.3844,0.482746,218.26,14747.8,64.5149,23.1957,0.267264,41.052,96.6617,23.1887,0.0718272,73.4012,161.177,0,0,0
800,1,1,390,1,1,1,4327.83,18659,427.855,46.3844,0.517824,334.278,12717.8,97.7034,23.1957,0.267264,74.2404,113.814,23.1887,0.106906,90.5179,211.517,0,0,0
800,1,1,391,1,1,1,4316.3,18643.6,348.315,46.3844,0.482746,254.542,14117,111.745,23.1957,0.267264,88.2818,69.3443,23.1887,0.0718272,46.0838,181.089,0,0,0
800,1,1,392,1,1,1,4319.5,18633.7,294.639,46.3844,0.482746,200.71,15061.5,59.6636,23.1957,0.267264,36.2007,91.7112,23.1887,0.0718272,68.4506,151.375,0,0,0
800,1,1,393,1,1,1,4350.32,18716.6,362.542,46.3844,0.482746,268.811,13937,115.002,23.1957,0.267264,91.5395,67.5088,23.1887,0.0718272,44.2483,182.511,0,0,0
800,1,1,394,1,1,1,4326.73,18664.7,433.855,46.3844,0.805133,340.008,12616.1,99.0993,23.1957,0.302342,75.6013,99.1866,23.1887,0.0718272,75.9261,198.286,0,0,0
800,1,1,395,1,1,1,4317.95,18646.1,364.448,46.3844,0.482746,270.722,13832.7,115.051,23.1957,0.267264,91.5882,68.5646,23.1887,0.0718272,45.3041,183.616,0,0,0
800,1,1,396,1,1,1,4319.59,18671.8,353.429,46.3844,0.6264,259.527,14053.9,113.313,23.1957,0.267264,89.8502,68.8768,23.1887,0.0718272,45.6163,182.19,0,0,0
800,1,1,397,1,1,1,4316.62,18672.4,449.357,46.3844,0.482746,355.878,12349.1,105.155,23.1957,0.267264,81.6925,103.062,23.1887,0.0718272,79.801,208.217,0,0,0
800,1,1,398,1,1,1,4322.25,24640.2,369.268,52.1883,0.96215,269.431,19839.5,191.767,28.9996,0.746669,161.683,35.8093,23.1887,0.0718272,12.5488,227.576,0,0,0
800,1,1,399,1,1,1,4315.02,18636.7,434.1,46.3844,0.482746,340.577,12584.7,103.12,23.1957,0.267264,79.6567,86.6469,23.1887,0.0718272,63.3864,189.767,0,0,0
800,1,1,400,1,1,1,4325.32,18640.1,415.304,46.3844,0.482746,321.725,12922.3,88.1939,23.1957,0.267264,64.731,104.227,23.1887,0.0718272,80.9669,192.421,0,0,0
800,1,1,401,1,1,1,4344.5,18678.9,377.895,46.3844,0.517824,284.173,13626,63.3282,23.1957,0.302342,39.8301,93.3625,23.1887,0.0718272,70.102,156.691,0,0,0
800,1,1,402,1,1,1,4329.75,18650.6,458.447,46.3844,0.482746,364.994,12165.6,109.518,23.1957,0.267264,86.0547,111.237,23.1887,0.0718272,87.9768,220.755,0,0,0
800,1,1,403,1,1,1,4344.14,18658.9,345.447,46.3844,0.482746,251.665,14183.4,67.8971,23.1957,0.267264,44.4342,102.906,23.1887,0.0718272,79.6458,170.803,0,0,0
800,1,1,404,1,1,1,4316.94,18645.5,429.269,46.3844,0.482746,335.731,12679.4,101.338,23.1957,0.267264,77.8753,105.639,23.1887,0.0718272,82.3783,206.977,0,0,0
800,1,1,405,1,1,1,4347.24,18676.6,458.731,46.3844,0.482746,365.279,12186.6,112.29,23.1957,0.267264,88.8268,111.564,23.1887,0.0718272,88.3034,223.854,0,0,0
800,1,1,406,1,1,1,4325.58,18643.1,436.027,46.3844,0.517824,342.473,12556.6,92.6554,23.1957,0.267264,69.1924,105.618,23.1887,0.106906,82.3223,198.273,0,0,0
800,1,1,407,1,1,1,4319.82,18644.1,412.567,46.3844,0.482746,318.98,12975,100.187,23.1957,0.267264,76.7239,69.0212,23.1887,0.0718272,45.7607,169.208,0,0,0
800,1,1,408,1,1,1,4318.79,18635.3,303.189,46.3844,0.482746,209.285,14911.2,62.0351,23.1957,0.267264,38.5722,93.4239,23.1887,0.0718272,70.1634,155.459,0,0,0
800,1,1,409,1,0,0,-1,-1,678.489,23.1957,0.267264,608.443,261885,-1,-1,-1,-1,-1,-1,-1,-1,-1,0,0,0
800,1,1,410,1,1,1,4318.7,24638.3,454.105,52.1883,0.536198,354.941,18330.2,235.074,28.9996,0.320717,205.541,61.4465,23.1887,0.0718272,38.186,296.521,0,0,0
800,1,1,411,1,1,1,4315.34,24658.9,512.094,52.1883,0.731635,412.904,17319.2,222.532,28.9996,0.516154,192.763,68.4419,23.1887,0.0718272,45.1814,290.974,0,0,0
800,1,1,412,1,1,1,4318.02,18633.5,293.705,46.3844,0.482746,199.773,15078,58.8551,23.1957,0.267264,35.3921,91.5704,23.1887,0.0718272,68.3099,150.425,0,0,0
800,1,1,413,1,1,1,4316.62,18630.8,352.31,46.3844,0.482746,258.548,14033.2,66.3234,23.1957,0.267264,42.8604,99.7515,23.1887,0.0718272,76.491,166.075,0,0,0
800,1,1,414,1,1,1,4324.88,18640.3,451.191,46.3844,0.482746,357.717,12284.4,106.251,23.1957,0.267264,82.788,102.553,23.1887,0.0718272,79.2921,208.804,0,0,0
800,1,1,415,1,1,1,4316.94,18637.8,324.69,46.3844,0.482746,230.848,14531.3,103.28,23.1957,0.267264,79.8173,62.2695,23.1887,0.0718272,39.0089,165.55,0,0,0
800,1,1,416,1,1,1,4317.7,18683.5,385.132,46.3844,0.482746,291.466,13502.2,112.754,23.1957,0.267264,89.2907,68.1603,23.1887,0.0718272,44.8998,180.914,0,0,0
800,1,1,417,1,1,1,4319.66,18632.9,326.936,46.3844,0.482746,233.101,14486.4,63.8219,23.1957,0.267264,40.3589,99.9988,23.1887,0.0718272,76.7383,163.821,0,0,0
800,1,1,418,1,1,1,4336.56,18657.6,349.696,46.3844,0.678182,255.731,14106,69.3632,23.1957,0.462701,45.7048,103.237,23.1887,0.0718272,79.9761,172.6,0,0,0
800,1,1,419,1,1,1,4315.02,18638.7,294.182,46.3952,0.50112,200.223,15074.7,90.7985,23.2065,0.285638,67.3064,49.8687,23.1887,0.0718272,26.6082,140.667,0,0,0
800,1,1,420,1,1,1,4355.72,24677.3,540.626,52.1883,1.07073,441.18,16829.4,207.88,28.9996,0.71159,177.877,103.045,23.1887,0.0718272,79.7848,310.926,0,0,0
800,1,1,421,1,1,1,4316.62,18632.1,319.59,46.3844,0.482746,225.734,14616.3,63.8255,23.1957,0.267264,40.3625,100.479,23.1887,0.0718272,77.2184,164.304,0,0,0
800,1,1,422,1,1,1,4315.66,18646.3,343.246,46.3844,0.482746,249.458,14209.9,110.528,23.1957,0.267264,87.0654,68.3895,23.1887,0.0718272,45.129,178.918,0,0,0
800,1,1,423,1,1,1,4322.09,18646.7,424.394,46.3844,0.482746,330.841,12767.3,92.3576,23.1957,0.267264,68.8946,110.375,23.1887,0.0718272,87.1141,202.732,0,0,0
800,1,1,424,1,1,1,4327.66,18648.6,433.954,46.3844,0.6264,340.286,12598.8,95.4276,23.1957,0.267264,71.9646,101.656,23.1887,0.0718272,78.3951,197.083,0,0,0
800,1,1,425,1,1,1,4318.79,18633.6,422.878,46.3844,0.482746,329.322,12781.1,100.4,23.1957,0.267264,76.9368,73.8743,23.1887,0.0718272,50.6138,174.274,0,0,0
800,1,1,426,1,1,1,4320.92,18637.3,304.922,46.3844,0.482746,211.023,14882.4,62.7282,23.1957,0.267264,39.2652,93.8047,23.1887,0.0718272,70.5442,156.533,0,0,0
800,1,1,427,1,1,1,4317.58,18632.5,353.753,46.3844,0.482746,259.996,14009.2,112.869,23.1957,0.267264,89.4062,69.2685,23.1887,0.0718272,46.008,182.138,0,0,0
800,1,1,428,1,1,1,4321.71,18648.6,358.983,46.3844,0.678182,265.046,13931.9,62.5085,23.1957,0.462701,38.8501,99.562,23.1887,0.0718272,76.3015,162.071,0,0,0
800,1,1,429,1,1,1,4321.33,18635.8,384.483,46.3844,0.482746,290.815,13466.1,71.837,23.1957,0.267264,48.3741,90.816,23.1887,0.0718272,67.5555,162.653,0,0,0
800,1,1,430,1,1,1,4317.58,18649.1,434.321,46.3844,0.517824,340.762,12592.9,94.8887,23.1957,0.302342,71.3907,102.518,23.1887,0.0718272,79.2578,197.407,0,0,0
800,1,1,431,1,1,1,4320.85,18649.2,458.67,46.3844,0.482746,365.218,12160.3,110.604,23.1957,0.267264,87.1412,111.116,23.1887,0.0718272,87.8559,221.72,0,0,0
800,1,1,432,1,1,1,4320.75,18641,435.612,46.3844,0.482746,342.093,12562.1,102.28,23.1957,0.267264,78.8174,105.02,23.1887,0.0718272,81.7592,207.3,0,0,0
800,1,1,433,1,1,1,4334.73,18683.7,314.233,46.3844,1.01727,219.826,14761.8,64.516,23.1957,0.658138,40.6621,97.2068,23.1887,0.0718272,73.9463,161.723,0,0,0
800,1,1,434,1,1,1,4326.5,18654,434.249,46.3844,0.517824,340.69,12599.1,95.8543,23.1957,0.302342,72.3562,102.287,23.1887,0.0718272,79.0268,198.142,0,0,0
800,1,1,435,1,1,1,4327.3,18652.3,311.131,46.3844,0.678182,217.054,14786.4,63.9181,23.1957,0.462701,40.2597,95.9326,23.1887,0.0718272,72.6721,159.851,0,0,0
800,1,1,436,1,1,1,4323.08,18645.2,322.743,46.3844,0.482746,228.896,14573.4,63.7353,23.1957,0.267264,40.2723,100.914,23.1887,0.0718272,77.6533,164.649,0,0,0
800,1,1,437,1,1,1,4360.99,18680.5,411.765,46.3844,0.805133,317.854,13024.6,85.2836,23.1957,0.302342,61.7855,104.688,23.1887,0.0718272,81.4272,189.971,0,0,0
800,1,1,438,1,1,2,10370.9,24734.9,559.671,69.5741,0.928742,443.513,16848.3,98.883,23.1957,0.658138,75.0291,245.176,46.3784,0.12695,198.671,344.059,1,0,0
800,1,1,439,1,1,1,4318.98,18635.9,307.533,46.3844,0.482746,213.641,14834.5,63.3021,23.1957,0.267264,39.8392,93.987,23.1887,0.0718272,70.7265,157.289,0,0,0
800,1,1,440,1,1,1,4315.02,18627.6,436.037,46.3844,0.482746,342.519,12541.1,101.883,23.1957,0.267264,78.4204,104.791,23.1887,0.0718272,81.53,206.674,0,0,0
800,1,1,441,1,1,1,4317.58,18636.4,324.343,46.3844,0.482746,230.5,14536,103.592,23.1957,0.267264,80.1295,62.0132,23.1887,0.0718272,38.7527,165.606,0,0,0
800,1,1,442,1,1,1,4316.3,18652.5,369.219,46.3844,0.678182,275.311,13753.7,111.624,23.1957,0.462701,87.966,70.1618,23.1887,0.0718272,46.9013,181.786,0,0,0
800,1,1,443,1,1,1,4323.59,18702.5,346.483,46.3844,0.908698,252.279,14207.3,112.757,23.1957,0.693216,88.8684,68.3083,23.1887,0.0718272,45.0478,181.066,0,0,0
800,1,1,444,1,1,1,4314.38,18642.8,433.12,46.3844,0.482746,339.593,12608.2,99.5569,23.1957,0.267264,76.094,105.7,23.1887,0.0718272,82.4397,205.257,0,0,0
800,1,1,445,1,0,0,-1,-1,851.588,23.1957,0.267264,782.045,268802,-1,-1,-1,-1,-1,-1,-1,-1,-1,0,0,0
800,1,1,446,1,1,1,4321.77,18636.6,330.688,46.3844,0.482746,236.864,14423.5,65.8902,23.1957,0.267264,42.4272,100.993,23.1887,0.0718272,77.7327,166.883,0,0,0
800,1,1,447,1,1,1,4319.46,18638.3,309.086,46.3844,0.482746,215.199,14809.3,98.844,23.1957,0.267264,75.3811,58.3512,23.1887,0.0718272,35.0907,157.195,0,0,0
800,1,1,448,1,1,1,4321.48,18643.9,361.072,46.3844,0.482746,267.336,13890.5,61.2771,23.1957,0.267264,37.8142,97.907,23.1887,0.0718272,74.6465,159.184,0,0,0
800,1,1,449,1,1,2,10318.3,24640.5,437.621,69.5741,0.519494,321.518,18925.3,63.6523,23.1957,0.267264,40.1893,225.799,46.3784,0.108576,179.312,289.452,1,0,0
800,1,1,450,1,1,1,4319.5,18635.2,434.23,46.3844,0.482746,340.707,12580.9,103.764,23.1957,0.267264,80.301,89.9587,23.1887,0.0718272,66.6982,193.723,0,0,0
800,1,1,451,1,1,1,4323.88,18637.7,447.645,46.3844,0.6264,354.017,12344.5,105.623,23.1957,0.267264,82.1599,98.5387,23.1887,0.0718272,75.2782,204.162,0,0,0
800,1,1,452,1,1,1,4330.89,18653.5,366.406,46.3844,0.770054,272.398,13804.5,62.295,23.1957,0.267264,38.8321,98.656,23.1887,0.0718272,75.3955,160.951,0,0,0
800,1,1,453,1,1,1,4331.14,18674.7,387.852,46.3844,0.482746,294.193,13445.1,111.342,23.1957,0.267264,87.8793,68.801,23.1887,0.0718272,45.5405,180.143,0,0,0
800,1,1,454,1,1,1,4327.28,18646.9,343.838,46.3844,0.482746,250.051,14200,68.2816,23.1957,0.267264,44.8186,101.995,23.1887,0.0718272,78.7344,170.276,0,0,0
800,1,1,455,1,1,1,4316.66,18639.8,375.269,46.3844,0.482746,281.574,13633.9,62.1615,23.1957,0.267264,38.6985,95.9958,23.1887,0.0718272,72.7352,158.157,0,0,0
800,1,1,456,1,1,1,4317.77,18664.2,378.029,46.3844,0.517824,284.307,13609,63.6566,23.1957,0.302342,40.1586,93.4763,23.1887,0.0718272,70.2157,157.133,0,0,0
800,1,1,457,1,1,1,4318.79,24653.3,497.252,52.1883,0.571277,398.179,17577.7,225.207,28.9996,0.355795,195.608,67.6026,23.1887,0.0718272,44.3421,292.809,0,0,0
800,1,1,458,1,0,0,-1,-1,916.052,23.1957,0.267264,846.697,272253,-1,-1,-1,-1,-1,-1,-1,-1,-1,0,0,0
800,1,1,459,1,1,1,4317.9,24632.7,351.931,52.1883,0.731635,252.275,20141,182.217,28.9996,0.516154,152.336,32.234,23.1887,0.0718272,8.97347,214.451,0,0,0
800,1,1,460,1,0,0,-1,-1,995.973,23.1957,0.267264,926.85,279473,-1,-1,-1,-1,-1,-1,-1,-1,-1,0,0,0
800,1,1,461,1,1,1,4315.02,18628.2,404.517,46.3844,0.482746,310.907,13102.2,104.572,23.1957,0.267264,81.1095,70.2395,23.1887,0.0718272,46.9789,174.812,0,0,0
800,1,1,462,1,1,1,4335.53,18649.4,381.153,46.3844,0.6264,287.331,13538.5,67.5434,23.1957,0.267264,44.0804,93.8841,23.1887,0.0718272,70.6236,161.428,0,0,0
800,1,1,463,1,1,1,4317.26,18641.2,431.147,46.3844,0.482746,337.615,12641.7,97.8983,23.1957,0.267264,74.4354,101.935,23.1887,0.0718272,78.6748,199.834,0,0,0
800,1,1,464,1,1,1,4334.23,18652.8,450.959,46.3844,0.482746,357.484,12301,105.486,23.1957,0.267264,82.0227,100.762,23.1887,0.0718272,77.5017,206.248,0,0,0
800,1,1,465,1,1,1,4329.77,18674.1,339.147,46.3844,1.21271,244.617,14308.8,111.517,23.1957,0.853574,87.4678,66.3266,23.1887,0.0718272,43.0661,177.844,0,0,0
800,1,1,466,1,1,1,4318.37,18662.3,336.716,46.3844,0.517824,242.874,14341.7,110.056,23.1957,0.302342,86.5582,66.1516,23.1887,0.0718272,42.8911,176.208,0,0,0
800,1,1,467,1,1,1,4331.78,18672.4,458.296,46.3844,0.482746,364.842,12190.2,114.178,23.1957,0.267264,90.7147,112.01,23.1887,0.0718272,88.7492,226.187,0,0,0
800,1,1,468,1,1,1,4323.84,18639.9,445.789,46.3844,0.482746,352.299,12380.1,96.6512,23.1957,0.267264,73.1882,113.784,23.1887,0.0718272,90.5234,210.435,0,0,0
800,1,1,469,1,1,1,4326.73,18640.9,323.151,46.3844,0.552902,229.235,14561.3,63.6089,23.1957,0.267264,40.146,100.432,23.1887,0.141984,77.1011,164.041,0,0,0
800,1,1,470,1,1,1,4322.18,18714,378.179,46.3844,0.587981,284.388,13655.6,114.646,23.1957,0.372499,91.0774,70.6816,23.1887,0.0718272,47.4211,185.327,0,0,0
800,1,1,471,1,1,1,4321.65,18639.5,454.878,46.3844,0.482746,361.415,12218,104.455,23.1957,0.267264,80.9922,116.612,23.1887,0.0718272,93.3515,221.067,0,0,0
800,1,1,472,1,1,1,4323.16,18658.1,340.866,46.3844,0.517824,247.036,14263.7,67.4179,23.1957,0.302342,43.9198,102.387,23.1887,0.0718272,79.126,169.804,0,0,0
800,1,1,473,1,1,1,4322.44,18643.1,366.057,46.3844,0.482746,272.335,13801.1,62.3149,23.1957,0.267264,38.8519,98.4828,23.1887,0.0718272,75.2223,160.798,0,0,0
800,1,1,474,1,1,1,4318.34,18635.4,353.78,46.3844,0.482746,260.023,14011.6,67.4586,23.1957,0.267264,43.9956,97.3277,23.1887,0.0718272,74.0672,164.786,0,0,0
800,1,1,475,1,1,1,4323.59,18638.7,323.234,46.3844,0.482746,229.388,14558.1,63.6468,23.1957,0.267264,40.1839,100.075,23.1887,0.0718272,76.8141,163.721,0,0,0
800,1,1,476,1,1,1,4332.68,18652.4,353.149,46.3844,0.482746,259.389,14039.8,66.0292,23.1957,0.267264,42.5662,97.6309,23.1887,0.0718272,74.3704,163.66,0,0,0
800,1,1,477,1,1,1,4317.58,18638.3,358.475,46.3844,0.482746,264.732,13931,113.365,23.1957,0.267264,89.9025,67.9925,23.1887,0.0718272,44.732,181.358,0,0,0
800,1,1,478,1,1,1,4316.62,18633.8,397.227,46.3844,0.482746,303.596,13237.5,105.39,23.1957,0.267264,81.9271,67.6387,23.1887,0.0718272,44.3782,173.029,0,0,0
800,1,1,479,1,1,1,4320.58,18650.4,306.347,46.3844,0.482746,212.452,14870.1,98.7538,23.1957,0.267264,75.2908,56.4327,23.1887,0.0718272,33.1722,155.187,0,0,0
800,1,1,480,1,1,1,4316.74,18637.3,390.562,46.3844,0.482746,296.911,13359.5,74.703,23.1957,0.267264,51.2401,93.4726,23.1887,0.0718272,70.2121,168.176,0,0,0
800,1,1,481,1,1,1,4328.78,18645.8,352.272,46.3844,0.482746,258.511,14048.8,68.0975,23.1957,0.267264,44.6345,100.533,23.1887,0.0718272,77.2725,168.63,0,0,0
800,1,1,482,1,1,1,4337.45,18654.6,434.082,46.3844,0.482746,340.559,12602.9,102.708,23.1957,0.267264,79.2452,85.8889,23.1887,0.0718272,62.6284,188.597,0,0,0
800,1,1,483,1,1,1,4333.37,18648.2,437.03,46.3844,0.482746,343.515,12544.1,90.9246,23.1957,0.267264,67.4616,107.068,23.1887,0.0718272,83.8077,197.993,0,0,0
800,1,1,484,1,1,1,4320.62,18642.9,436.226,46.3844,0.482746,342.708,12553.1,105.953,23.1957,0.267264,82.4902,90.4478,23.1887,0.0718272,67.1873,196.401,0,0,0
800,1,1,485,1,0,0,-1,-1,843.181,23.1957,0.302342,773.579,268410,-1,-1,-1,-1,-1,-1,-1,-1,-1,0,0,0
800,1,1,486,1,1,1,4322.22,18642.4,322.993,46.3844,0.482746,229.146,14566.1,63.7696,23.1957,0.267264,40.3066,101.502,23.1887,0.0718272,78.2417,165.272,0,0,0
800,1,1,487,1,1,1,4334.92,18656.5,386.387,46.3844,0.482746,292.724,13453,72.2774,23.1957,0.267264,48.8144,91.7581,23.1887,0.0718272,68.4976,164.035,0,0,0
800,1,1,488,1,1,1,4328.79,18654.3,412.579,46.3844,0.482746,318.993,12984.9,84.4273,23.1957,0.267264,60.9643,105.686,23.1887,0.0718272,82.4252,190.113,0,0,0
800,1,1,489,1,1,1,4316.94,18629.8,362.105,46.3844,0.482746,268.372,13858,61.3674,23.1957,0.267264,37.9044,97.1725,23.1887,0.0718272,73.912,158.54,0,0,0
800,1,1,490,1,1,1,4324.65,30644.5,486.591,57.9922,0.945446,381.468,23857.6,313.585,34.8035,0.729965,277.243,33.9323,23.1887,0.0718272,10.6718,347.517,0,0,0
800,1,1,491,1,1,1,4314.7,18632.6,362.105,46.3844,0.482746,268.372,13860.8,61.1021,23.1957,0.267264,37.6391,98.0514,23.1887,0.0718272,74.7909,159.153,0,0,0
800,1,1,492,1,1,1,4322.25,18640,378.208,46.3844,0.482746,284.521,13581.8,112.739,23.1957,0.267264,89.2762,69.7413,23.1887,0.0718272,46.4808,182.481,0,0,0
800,1,1,493,1,1,1,4335.5,18672.8,455.241,46.3844,0.517824,361.743,12244.6,106.355,23.1957,0.302342,82.8566,108.463,23.1887,0.0718272,85.2028,214.818,0,0,0
800,1,1,494,1,1,1,4335.07,18663.3,445.684,46.3844,0.482746,352.194,12405.3,96.1188,23.1957,0.267264,72.6558,113.97,23.1887,0.0718272,90.7092,210.089,0,0,0
800,1,1,495,1,1,1,4321.27,24649.8,356.071,52.1883,1.35302,255.805,20082.8,184.424,28.9996,1.13754,153.926,32.8205,23.1887,0.0718272,9.56003,217.245,0,0,0
800,1,1,496,1,1,1,4321.93,18644.4,270.618,46.3844,0.517824,176.583,15499.2,77.7034,23.1957,0.302342,54.2054,42.2524,23.1887,0.0718272,18.9919,119.956,0,0,0
800,1,1,497,1,1,1,4346.32,18667.2,445.532,46.3844,0.517824,352.006,12411.6,97.7204,23.1957,0.302342,74.2224,112.829,23.1887,0.0718272,89.5686,210.55,0,0,0
800,1,1,498,1,1,1,4317.26,18628.5,435.308,46.3844,0.482746,341.788,12555,104.901,23.1957,0.267264,81.438,89.7421,23.1887,0.0718272,66.4816,194.643,0,0,0
800,1,1,499,1,1,1,4364.69,18706.8,429.554,46.3844,0.517824,335.982,12735.4,99.1011,23.1957,0.302342,75.6031,104.17,23.1887,0.0718272,80.9092,203.271,0,0,0
800,1,1,500,1,1,1,4317.58,18678.4,373.254,46.3844,0.678182,279.358,13707.9,113.164,23.1957,0.462701,89.5054,70.2232,23.1887,0.0718272,46.9627,183.387,0,0,0
800,1,1,501,1,1,1,4315.66,18635.9,383.336,46.3844,0.482746,289.665,13486.6,112.468,23.1957,0.267264,89.0055,68.9743,23.1887,0.0718272,45.7138,181.443,0,0,0
800,1,1,502,1,1,1,4326.9,18650.4,451.745,46.3844,0.482746,358.273,12284.6,106.614,23.1957,0.267264,83.1507,103.477,23.1887,0.0718272,80.2161,210.09,0,0,0
800,1,1,503,1,1,1,4320.26,18645,456.257,46.3844,0.482746,362.797,12199,111.46,23.1957,0.267264,87.9966,111.082,23.1887,0.0718272,87.8216,222.542,0,0,0
800,1,1,504,1,1,1,4324.87,18641.5,435.875,46.3844,0.50112,342.338,12557.7,92.8503,23.1957,0.267264,69.3873,105.04,23.1887,0.0902016,81.761,197.89,0,0,0
800,1,1,505,1,1,1,4325.75,18639.9,320.262,46.3844,0.482746,226.407,14612.2,64.1341,23.1957,0.267264,40.6712,100.49,23.1887,0.0718272,77.2292,164.624,0,0,0
800,1,1,506,1,1,1,4320.84,18633.1,372.631,46.3844,0.482746,278.928,13674.1,62.7607,23.1957,0.267264,39.2977,98.3131,23.1887,0.0718272,75.0526,161.074,0,0,0
800,1,1,507,1,0,0,-1,-1,589.177,23.1957,0.302342,518.837,258657,-1,-1,-1,-1,-1,-1,-1,-1,-1,0,0,0
800,1,1,508,1,1,1,4319.63,18654.9,357.645,46.3844,0.517824,263.864,13962.2,110.161,23.1957,0.302342,86.6629,67.1785,23.1887,0.0718272,43.918,177.339,0,0,0
800,1,1,509,1,1,1,4319.88,18652.2,423.933,46.3844,0.482746,330.379,12781,92.1356,23.1957,0.267264,68.6726,110.546,23.1887,0.0718272,87.2855,202.682,0,0,0
800,1,1,510,1,1,1,4324.83,18645.9,393.463,46.3844,0.482746,299.821,13316.5,76.4338,23.1957,0.267264,52.9709,95.864,23.1887,0.0718272,72.6035,172.298,0,0,0
800,1,1,511,1,1,1,4315.02,24659.2,429.211,52.1883,0.871949,329.64,18792.3,222.364,28.9996,0.656467,192.455,55.3408,23.1887,0.0718272,32.0803,277.705,0,0,0
800,1,1,512,1,0,0,-1,-1,911.551,23.1957,0.267264,842.183,271940,-1,-1,-1,-1,-1,-1,-1,-1,-1,0,0,0
800,1,1,513,1,1,2,4380.55,18718.8,438.788,69.5741,0.733306,322.474,12933.2,97.872,23.1957,0.302342,74.374,93.7782,46.3784,0.287309,47.1125,191.65,1,0,0
800,1,1,514,1,1,1,4357.96,18672.1,429.068,46.3844,0.6264,335.386,12709.2,97.9597,23.1957,0.267264,74.4967,113.917,23.1887,0.0718272,90.6569,211.877,0,0,0
800,1,1,515,1,1,1,4336.21,18660.5,448.972,46.3844,0.482746,355.491,12344.1,105.016,23.1957,0.267264,81.5535,100.067,23.1887,0.0718272,76.8069,205.084,0,0,0
800,1,1,516,1,1,1,4338.06,18657.4,457.829,46.3844,0.517824,364.339,12183.2,112.385,23.1957,0.267264,88.9225,112.007,23.1887,0.106906,88.7113,224.392,0,0,0
800,1,1,517,1,1,1,4339.18,18657.3,354.806,46.3844,0.482746,261.052,14015.3,65.3163,23.1957,0.267264,41.8533,98.6308,23.1887,0.0718272,75.3703,163.947,0,0,0
800,1,1,518,1,1,1,4323.59,18653.4,430.654,46.3844,0.482746,337.12,12662.7,101.392,23.1957,0.267264,77.9295,110.443,23.1887,0.0718272,87.1827,211.836,0,0,0
800,1,1,519,1,1,1,4318.02,18657,355.011,46.3844,0.908698,260.832,14010.2,113.326,23.1957,0.693216,89.4369,69.6385,23.1887,0.0718272,46.3779,182.964,0,0,0
800,1,1,520,1,1,1,4315.34,18627.6,325.718,46.3844,0.482746,231.879,14502.8,63.571,23.1957,0.267264,40.1081,99.7064,23.1887,0.0718272,76.4459,163.277,0,0,0
800,1,1,521,1,1,1,4319.82,18648.7,452.913,46.3844,0.482746,359.444,12262.1,103.93,23.1957,0.267264,80.467,106.341,23.1887,0.0718272,83.0804,210.271,0,0,0
800,1,1,522,1,1,1,4331.32,18647.1,431.737,46.3844,0.644774,338.044,12636.5,99.9486,23.1957,0.267264,76.4856,103.993,23.1887,0.0902016,80.7143,203.942,0,0,0
800,1,1,523,1,1,1,4321.8,18652.9,456.528,46.3844,0.482746,363.07,12202.1,110.113,23.1957,0.267264,86.6503,114.82,23.1887,0.0718272,91.5593,224.933,0,0,0
800,1,1,524,1,1,1,4318.81,18639.2,321.297,46.3844,0.678182,227.25,14592.6,64.196,23.1957,0.462701,40.5376,100.825,23.1887,0.0718272,77.5649,165.021,0,0,0
800,1,1,525,1,1,1,4358.12,18676.7,429.591,46.3844,0.770054,335.767,12704.1,99.3277,23.1957,0.267264,75.8648,103.74,23.1887,0.0718272,80.4796,203.068,0,0,0
800,1,1,526,1,0,0,-1,-1,829.737,23.1957,0.658138,759.74,267803,-1,-1,-1,-1,-1,-1,-1,-1,-1,0,0,0
800,1,1,527,1,1,1,4347.61,24713.4,500.04,52.1883,1.28287,400.263,17586.8,227.769,28.9996,1.06739,197.461,68.6242,23.1887,0.0718272,45.3636,296.394,0,0,0
800,1,1,528,1,1,1,4314.06,18653.9,300.755,46.3844,0.517824,206.808,14972.8,93.4846,23.1957,0.302342,69.9865,52.4604,23.1887,0.0718272,29.1999,145.945,0,0,0
800,1,1,529,1,1,1,4320.75,18670.9,435.11,46.3844,0.482746,341.589,12600.9,103.997,23.1957,0.267264,80.5338,90.1951,23.1887,0.0718272,66.9346,194.192,0,0,0
800,1,1,530,1,1,1,4330.57,18668.9,366.909,46.3844,0.517824,273.155,13811.4,113.422,23.1957,0.302342,89.9242,68.5556,23.1887,0.0718272,45.2951,181.978,0,0,0
800,1,1,531,1,1,1,4317.26,18641.5,341.583,46.3844,0.482746,247.79,14234.7,67.0868,23.1957,0.267264,43.6238,101.656,23.1887,0.0718272,78.3951,168.742,0,0,0
800,1,1,532,1,1,1,4333.07,24708.7,487.077,52.1883,0.927072,387.619,17813.4,232.572,28.9996,0.71159,202.632,69.2775,23.1887,0.0718272,46.017,301.85,0,0,0
800,1,1,533,1,1,1,4317.95,18632.1,373.102,46.3844,0.482746,279.401,13664.8,112.261,23.1957,0.267264,88.798,70.0481,23.1887,0.0718272,46.7876,182.309,0,0,0
800,1,1,534,1,1,1,4329.35,18645.1,434.581,46.3844,0.482746,341.058,12584.6,102.569,23.1957,0.267264,79.1062,104.621,23.1887,0.0718272,81.3604,207.19,0,0,0
800,1,1,535,1,1,1,4320.14,30643.2,643.352,57.9922,0.785088,538.845,21069.1,336.978,34.8035,0.569606,300.864,68.2199,23.1887,0.0718272,44.9594,405.198,0,0,0
800,1,1,536,1,1,1,4335.43,18689,459.58,46.3844,0.517824,366.095,12183.7,110.714,23.1957,0.267264,87.2513,109.944,23.1887,0.106906,86.6484,220.658,0,0,0
800,1,1,537,1,1,1,4317.7,18640.5,434.948,46.3844,0.770054,341.14,12593,98.059,23.1957,0.267264,74.596,99.7227,23.1887,0.0718272,76.4622,197.782,0,0,0
800,1,1,538,1,1,1,4315.59,18640.9,377.065,46.3844,0.482746,283.375,13603.1,113.8,23.1957,0.267264,90.3375,70.1907,23.1887,0.0718272,46.9302,183.991,0,0,0
800,1,1,539,1,1,1,4324.63,18656.7,435.054,46.3844,0.482746,341.533,12587.7,97.1566,23.1957,0.267264,73.6936,101.452,23.1887,0.0718272,78.1912,198.608,0,0,0
800,1,1,540,1,1,1,4338.97,18699.8,435.16,46.3844,0.482746,341.64,12628.9,104.116,23.1957,0.267264,80.6529,89.8576,23.1887,0.0718272,66.5971,193.973,0,0,0
800,1,1,541,1,1,1,4321.03,18638.5,354.941,46.3844,0.482746,261.187,13994.1,65.6646,23.1957,0.267264,42.2016,98.9394,23.1887,0.0718272,75.6789,164.604,0,0,0
800,1,1,542,1,1,1,4330.82,24652,540.59,52.1883,0.606355,441.607,16805.5,224.337,28.9996,0.355795,194.738,68.5852,23.1887,0.106906,45.2897,292.922,0,0,0
800,1,1,543,1,1,1,4317.9,18646.8,333.024,46.3844,0.482746,239.206,14392.2,107.864,23.1957,0.267264,84.4015,64.6771,23.1887,0.0718272,41.4166,172.541,0,0,0
800,1,1,544,1,1,1,4325.16,18644,450.49,46.3844,0.6264,356.87,12300.1,105.939,23.1957,0.267264,82.4758,102.95,23.1887,0.0718272,79.6891,208.888,0,0,0
800,1,1,545,1,1,1,4318.22,18632.9,421.093,46.3844,0.482746,327.531,12812.2,100.263,23.1957,0.267264,76.7997,72.3998,23.1887,0.0718272,49.1393,172.662,0,0,0
800,1,1,546,1,1,1,4326.73,18643.1,382.547,46.3844,0.770054,288.586,13507,70.256,23.1957,0.267264,46.793,90.8196,23.1887,0.0718272,67.5591,161.076,0,0,0
800,1,1,547,1,1,1,4331.14,18646,435.47,46.3844,0.482746,341.95,12569.6,102.1,23.1957,0.267264,78.6369,105.893,23.1887,0.0718272,82.6328,207.993,0,0,0
800,1,1,548,1,1,1,4337.81,18677.4,459.419,46.3844,0.678182,365.773,12174.6,110.339,23.1957,0.462701,86.6809,111.217,23.1887,0.0718272,87.9569,221.557,0,0,0
800,1,1,549,1,1,1,4340.32,18669,431.86,46.3844,0.482746,338.33,12656.8,98.3225,23.1957,0.267264,74.8595,100.255,23.1887,0.0718272,76.9946,198.578,0,0,0
800,1,1,550,1,1,1,4322.66,24651.5,454.162,52.1883,0.96215,354.573,18341.2,235.739,28.9996,0.71159,205.816,61.1332,23.1887,0.106906,37.8376,296.872,0,0,0
800,1,1,551,1,1,1,4324.85,18640,399.623,46.3844,0.482746,305.998,13201,78.67,23.1957,0.267264,55.207,98.8437,23.1887,0.0718272,75.5832,177.514,0,0,0
800,1,1,552,1,1,1,4317.26,18642.6,398.37,46.3844,0.482746,304.742,13226,103.555,23.1957,0.267264,80.0916,66.9908,23.1887,0.0718272,43.7303,170.545,0,0,0
800,1,1,553,1,1,1,4319.5,24646.1,542.928,52.1883,0.96215,443.596,16757.3,225.422,28.9996,0.746669,195.435,70.7845,23.1887,0.0718272,47.524,296.207,0,0,0
800,1,1,554,1,1,1,4317.58,18658.9,302.676,46.3844,0.482746,208.77,14943.9,94.8933,23.1957,0.267264,71.4304,55.0845,23.1887,0.0718272,31.824,149.978,0,0,0
800,1,1,555,1,1,1,4319.86,18648.7,436.731,46.3844,0.482746,343.215,12549.9,103.389,23.1957,0.267264,79.9256,105.202,23.1887,0.0718272,81.9415,208.591,0,0,0
800,1,1,556,1,1,1,4315.02,18633.7,413.891,46.3844,0.482746,320.309,12941,98.6582,23.1957,0.267264,75.1952,69.8388,23.1887,0.0718272,46.5783,168.497,0,0,0
800,1,1,557,1,1,1,4322.26,18646,289.219,46.3844,0.482746,195.274,15170.3,90.5564,23.1957,0.267264,67.0934,48.8093,23.1887,0.0718272,25.5487,139.366,0,0,0
800,1,1,558,1,1,1,4329.29,18666.5,284.559,46.3844,0.517824,190.565,15273.4,87.9972,23.1957,0.267264,64.5342,46.9385,23.1887,0.106906,23.6429,134.936,0,0,0
800,1,1,559,1,1,1,4357.38,18699.7,446.16,46.3844,0.517824,352.636,12433,98.4171,23.1957,0.302342,74.9191,113.069,23.1887,0.0718272,89.8087,211.486,0,0,0
800,1,1,560,1,1,1,4319.18,18650.3,358.604,46.3844,0.517824,264.826,13940.5,112.841,23.1957,0.302342,89.343,68.2091,23.1887,0.0718272,44.9485,181.05,0,0,0
800,1,1,561,1,1,1,4318.47,18636.3,306.45,46.3844,0.482746,212.555,14854.2,63.6523,23.1957,0.267264,40.1893,93.6477,23.1887,0.0718272,70.3872,157.3,0,0,0
800,1,1,562,1,1,1,4332.34,18663.8,453.331,46.3844,0.482746,359.863,12269.8,104.082,23.1957,0.267264,80.6186,111.526,23.1887,0.0718272,88.2655,215.608,0,0,0
800,1,1,563,1,1,1,4318.57,24633.4,424.318,52.1883,0.766714,324.837,18854.3,127.257,28.9996,0.551232,97.1813,98.5405,23.1887,0.0718272,75.28,225.798,0,0,0
800,1,1,564,1,1,1,4319.95,18631.9,351.812,46.3844,0.482746,258.048,14043.1,67.7528,23.1957,0.267264,44.2898,101.239,23.1887,0.0718272,77.9782,168.991,0,0,0
800,1,1,565,1,1,1,4330.06,24716.8,498.849,52.1883,0.766714,399.585,17612.3,226.479,28.9996,0.551232,196.68,67.951,23.1887,0.0718272,44.6905,294.43,0,0,0
800,1,1,566,1,1,1,4327.75,18656.4,433.616,46.3844,0.482746,340.091,12613,99.27,23.1957,0.267264,75.807,106.083,23.1887,0.0718272,82.8223,205.353,0,0,0
800,1,1,567,1,1,1,4317.9,18634.3,307.495,46.3844,0.482746,213.603,14833.6,63.3021,23.1957,0.267264,39.8392,94.2234,23.1887,0.0718272,70.9629,157.526,0,0,0
800,1,1,568,1,1,1,4361.66,18677.7,429.323,46.3952,0.50112,335.756,12710.6,98.7433,23.2065,0.285638,75.2511,104.318,23.1887,0.0718272,81.0572,203.061,0,0,0
800,1,1,569,1,1,1,4323.62,18644.2,328.336,46.3844,0.482746,234.505,14472.9,64.5763,23.1957,0.267264,41.1133,100.026,23.1887,0.0718272,76.7654,164.602,0,0,0
800,1,1,570,1,1,1,4326.86,18674.8,449.09,46.3844,0.517824,355.574,12356,101.909,23.1957,0.302342,78.4113,113.981,23.1887,0.0718272,90.7201,215.89,0,0,0
800,1,1,571,1,1,1,4315.34,18642.9,320.454,46.3844,0.482746,226.6,14611.7,104.082,23.1957,0.267264,80.6186,60.4484,23.1887,0.0718272,37.1879,164.53,0,0,0
800,1,1,572,1,1,1,4322.1,24637.3,542.67,52.1883,0.606355,443.694,16753.8,225.318,28.9996,0.390874,195.687,70.9578,23.1887,0.0718272,47.6973,296.275,0,0,0
800,1,1,573,1,1,1,4320.71,18641.1,374.938,46.3844,0.482746,281.242,13641.1,62.5315,23.1957,0.267264,39.0685,97.1833,23.1887,0.0718272,73.9228,159.715,0,0,0
800,1,1,574,1,1,1,4325.29,18655.8,361.842,46.3844,0.482746,268.108,13888.6,62.1254,23.1957,0.267264,38.6624,98.1182,23.1887,0.0718272,74.8577,160.244,0,0,0
800,1,1,575,1,1,1,4332.68,18648.8,424.944,46.3844,0.482746,331.394,12759.6,93.9711,23.1957,0.267264,70.5081,111.551,23.1887,0.0718272,88.2908,205.522,0,0,0
800,1,1,576,1,1,1,4317.58,18633.3,436.179,46.3844,0.482746,342.661,12544.4,104.868,23.1957,0.267264,81.4055,91.0109,23.1887,0.0718272,67.7504,195.879,0,0,0
800,1,1,577,1,1,1,4326.39,18649.9,452.559,46.3844,0.517824,359.054,12269.4,107.551,23.1957,0.302342,84.0531,103.863,23.1887,0.0718272,80.6024,211.414,0,0,0
800,1,1,578,1,1,1,4320.8,18648,436.981,46.3844,0.517824,343.43,12544.5,91.3423,23.1957,0.302342,67.8442,106.081,23.1887,0.0718272,82.8205,197.423,0,0,0
800,1,1,579,1,1,1,4317.58,24664.6,462.663,52.1883,0.766714,363.294,18203.6,237.391,28.9996,0.551232,207.63,65.2853,23.1887,0.0718272,42.0248,302.676,0,0,0
800,1,1,580,1,1,1,4318.86,18634.9,323.069,46.3844,0.482746,229.222,14557.3,63.9645,23.1957,0.267264,40.5015,101.564,23.1887,0.0718272,78.3031,165.528,0,0,0
800,1,1,581,1,1,1,4325.15,18648,350.405,46.3844,0.517824,256.603,14084,69.145,23.1957,0.302342,45.647,102.962,23.1887,0.0718272,79.7018,172.107,0,0,0
800,1,1,582,1,1,1,4317.9,18632.4,318.108,46.3844,0.482746,224.246,14643,65.5004,23.1957,0.267264,42.0374,98.8762,23.1887,0.0718272,75.6157,164.377,0,0,0
800,1,1,583,1,1,1,4327.4,18675.8,437.105,46.3844,0.6264,343.446,12570,105.643,23.1957,0.267264,82.1798,90.6337,23.1887,0.0718272,67.3732,196.276,0,0,0
800,1,1,584,1,1,1,4315.98,18637.9,350.179,46.3844,0.482746,256.412,14078.1,68.3935,23.1957,0.267264,44.9305,102.527,23.1887,0.0718272,79.2668,170.921,0,0,0
800,1,1,585,1,1,1,4317.26,18649.5,375.308,46.3844,0.713261,281.383,13642.2,62.7403,23.1957,0.497779,39.0468,96.8512,23.1887,0.0718272,73.5907,159.592,0,0,0
800,1,1,586,1,1,1,4343.93,18674,459.779,46.3844,0.678182,366.134,12164.9,110.939,23.1957,0.462701,87.2801,111.548,23.1887,0.0718272,88.2872,222.486,0,0,0
800,1,1,587,1,1,1,4322.57,18650.4,401.462,46.3844,0.482746,307.843,13178.7,79.8269,23.1957,0.267264,56.3639,99.5386,23.1887,0.0718272,76.2781,179.365,0,0,0
800,1,1,588,1,1,1,4332.72,18644.3,453.102,46.3844,0.482746,359.633,12254.4,104.614,23.1957,0.267264,81.151,112.225,23.1887,0.0718272,88.964,216.839,0,0,0
800,1,1,589,1,1,1,4337.29,18677.7,426.903,46.3844,0.678182,333.162,12753.2,96.7041,23.1957,0.462701,73.0457,113.885,23.1887,0.0718272,90.6244,210.589,0,0,0
800,1,1,590,1,1,1,4317.26,18650.4,458.834,46.3844,0.482746,365.382,12158.5,114.049,23.1957,0.267264,90.5865,113.031,23.1887,0.0718272,89.7708,227.081,0,0,0
800,1,1,591,1,1,1,4323.63,18651.8,433.671,46.3844,0.517824,340.111,12607.1,103.415,23.1957,0.302342,79.9165,85.1976,23.1887,0.0718272,61.9371,188.612,0,0,0
800,1,1,592,1,1,1,4337.43,18705.1,432.051,46.3844,0.482746,338.521,12689.5,103.831,23.1957,0.267264,80.3677,81.6512,23.1887,0.0718272,58.3907,185.482,0,0,0
800,1,1,593,1,1,1,4316.3,18653.3,349.91,46.3844,0.678182,255.946,14097.9,112.263,23.1957,0.462701,88.6049,69.3876,23.1887,0.0718272,46.1271,181.651,0,0,0
800,1,1,594,1,1,1,4322.65,18637.8,454.398,46.3844,0.482746,360.933,12224.8,104.639,23.1957,0.267264,81.1763,116.177,23.1887,0.0718272,92.9165,220.816,0,0,0
800,1,1,595,1,1,1,4315.78,18649.6,298.381,46.3844,0.482746,204.462,15010.9,92.1753,23.1957,0.267264,68.7123,51.4009,23.1887,0.0718272,28.1404,143.576,0,0,0
800,1,1,596,1,1,1,4316.65,18640.8,412.61,46.3844,0.482746,319.024,12970.9,99.4396,23.1957,0.267264,75.9767,69.4273,23.1887,0.0718272,46.1668,168.867,0,0,0
800,1,1,597,1,1,1,4315.02,18668,437.635,46.3844,0.482746,344.121,12553.1,103.672,23.1957,0.267264,80.2089,106.171,23.1887,0.0718272,82.9107,209.843,0,0,0
800,1,1,598,1,1,1,4335.4,18661.5,437.71,46.3844,0.6264,344.053,12544.9,105.035,23.1957,0.267264,81.5715,93.1478,23.1887,0.0718272,69.8873,198.182,0,0,0
800,1,1,599,1,1,1,4338.65,18671.4,434.448,46.3844,0.482746,340.925,12613.2,100.035,23.1957,0.267264,76.5722,107.875,23.1887,0.0718272,84.6144,207.91,0,0,0
800,1,1,600,1,1,1,4348.04,18672.9,415.871,46.3844,0.482746,322.294,12945.1,97.6493,23.1957,0.267264,74.1863,70.4921,23.1887,0.0718272,47.2316,168.141,0,0,0
800,1,1,601,1,1,1,4323.88,18637.4,433.27,46.3844,0.6264,339.6,12599.8,98.53,23.1957,0.267264,75.067,99.1902,23.1887,0.0718272,75.9297,197.72,0,0,0
800,1,1,602,1,1,2,10325.6,24648.9,551.622,69.5741,0.519494,435.85,16906.5,87.2157,23.1957,0.267264,63.7528,241.449,46.3784,0.108576,194.962,328.664,1,0,0
800,1,1,603,1,1,1,4317.9,18638.6,432.985,46.3844,0.482746,339.458,12606.4,100.024,23.1957,0.267264,76.5614,105.094,23.1887,0.0718272,81.8332,205.118,0,0,0
800,1,1,604,1,1,1,4314.7,18628.7,334.102,46.3844,0.482746,240.287,14354.9,64.6286,23.1957,0.267264,41.1657,99.5458,23.1887,0.0718272,76.2853,164.174,0,0,0
800,1,1,605,0,0,0,-1,-1,695.541,23.206,0.71159,625.091,262563,-1,-1,-1,-1,-1,-1,-1,-1,-1,0,0,0
800,1,1,606,1,1,1,4330.48,24653.8,562.31,52.1883,0.731635,463.265,16421.1,215.553,28.9996,0.481075,185.802,111.74,23.1887,0.106906,88.4442,327.293,0,0,0
800,1,1,607,1,1,1,4336.26,18684.2,415.795,46.3844,0.482746,322.218,12957.7,87.5298,23.1957,0.267264,64.0668,103.995,23.1887,0.0718272,80.7341,191.524,0,0,0
800,1,1,608,1,1,1,4320.81,18635.3,375.589,46.3844,0.482746,281.895,13623.7,62.6867,23.1957,0.267264,39.2237,98.0965,23.1887,0.0718272,74.836,160.783,0,0,0
800,1,1,609,1,1,1,4315.66,18635.5,427.557,46.3844,0.482746,334.014,12699.8,101.398,23.1957,0.267264,77.9349,78.713,23.1887,0.0718272,55.4525,180.111,0,0,0
800,1,1,610,1,1,1,4338.82,18662.6,434.394,46.3844,0.482746,340.871,12605.4,102.932,23.1957,0.267264,79.469,87.0385,23.1887,0.0718272,63.778,189.97,0,0,0
800,1,1,611,1,1,1,4318.22,18658.7,342.756,46.3844,0.482746,248.967,14230.9,110.326,23.1957,0.267264,86.8632,68.1332,23.1887,0.0718272,44.8727,178.459,0,0,0
800,1,1,612,1,1,1,4319.18,18632.4,457.813,46.3844,0.482746,364.358,12158.7,112.857,23.1957,0.267264,89.3935,112.625,23.1887,0.0718272,89.3647,225.482,0,0,0
800,1,1,613,1,1,1,4324.12,18677.2,460.056,46.3844,0.482746,366.607,12163.6,110.568,23.1957,0.267264,87.1051,110.496,23.1887,0.0718272,87.235,221.064,0,0,0
800,1,1,614,1,1,1,4349.63,18667,381.836,46.3844,0.482746,288.16,13544.4,69.8084,23.1957,0.267264,46.3455,92.3085,23.1887,0.0718272,69.048,162.117,0,0,0
800,1,1,615,1,1,2,4356.32,18670.8,475.138,69.5741,0.554573,359.108,12288.3,103.851,23.1957,0.267264,80.3876,135.62,46.3784,0.143654,89.0976,239.47,1,0,0
800,1,1,616,0,0,0,-1,-1,955.798,23.206,0.58631,886.229,275929,-1,-1,-1,-1,-1,-1,-1,-1,-1,0,0,0
800,1,1,617,1,1,1,4318.79,18649.8,348.342,46.3844,0.482746,254.569,14122.8,111.904,23.1957,0.267264,88.4406,69.7377,23.1887,0.0718272,46.4772,181.641,0,0,0
800,1,1,618,1,1,1,4321.29,18639.7,391.271,46.3844,0.482746,297.622,13349.2,106.866,23.1957,0.267264,83.4034,68.7433,23.1887,0.0718272,45.4828,175.61,0,0,0
800,1,1,619,1,1,1,4317.96,24694.4,499.177,52.1883,0.731635,399.949,17584.3,227.553,28.9996,0.516154,197.793,68.6278,23.1887,0.0718272,45.3673,296.18,0,0,0
800,1,1,620,1,1,1,4357.79,18675.3,351.478,46.3844,0.517824,257.679,14092.2,68.4087,23.1957,0.302342,44.9106,103.013,23.1887,0.0718272,79.7523,171.421,0,0,0
800,1,1,621,1,1,1,4331.56,18643.2,405.09,46.3844,0.482746,311.481,13107,81.4927,23.1957,0.267264,58.0297,101.661,23.1887,0.0718272,78.4005,183.154,0,0,0
800,1,1,622,1,0,0,-1,-1,752.969,23.2173,0.37417,683.012,264899,-1,-1,-1,-1,-1,-1,-1,-1,-1,0,0,0
800,1,1,623,1,1,1,4318.54,18640.7,315.675,46.3844,0.482746,221.806,14694.5,64.1107,23.1957,0.267264,40.6477,98.3492,23.1887,0.0718272,75.0887,162.46,0,0,0
800,1,1,624,1,1,1,4323.57,18649.9,352.235,46.3844,0.482746,258.473,14053.6,68.0018,23.1957,0.267264,44.5389,100.611,23.1887,0.0718272,77.3501,168.612,0,0,0
800,1,1,625,1,1,1,4320.26,18640.3,360.223,46.3844,0.482746,266.484,13902,112.481,23.1957,0.267264,89.0182,66.8609,23.1887,0.0718272,43.6004,179.342,0,0,0
800,1,1,626,1,1,1,4325.51,18653.5,434.845,46.3844,0.482746,341.324,12588.3,98.2124,23.1957,0.267264,74.7494,100.537,23.1887,0.0718272,77.2761,198.749,0,0,0
800,1,1,627,1,1,1,4337.48,18730,386.717,46.3844,0.873619,292.665,13519.6,113.717,23.1957,0.658138,89.8628,68.4527,23.1887,0.0718272,45.1922,182.169,0,0,0
800,1,1,628,1,1,1,4316.94,24644.5,550.198,52.1883,0.536198,451.314,16627.6,225.198,28.9996,0.320717,195.635,77.5399,23.1887,0.0718272,54.2794,302.737,0,0,0
800,1,1,629,1,1,1,4318.54,18644.1,431.765,46.3844,0.482746,338.234,12633.6,100.972,23.1957,0.267264,77.5089,110.539,23.1887,0.0718272,87.2783,211.511,0,0,0
800,1,1,630,1,1,1,4319.86,18660.3,440.065,46.3844,0.873619,346.168,12501.2,99.1627,23.1957,0.658138,75.3089,104.522,23.1887,0.0718272,81.2611,203.684,0,0,0
800,1,1,631,1,1,1,4320.14,18638.2,387.367,46.3844,0.482746,293.708,13417.2,113.672,23.1957,0.267264,90.2093,68.8606,23.1887,0.0718272,45.6001,182.533,0,0,0
800,1,1,632,1,1,1,4321.87,18637.3,372.651,46.3844,0.482746,278.948,13678,62.1272,23.1957,0.267264,38.6642,98.7788,23.1887,0.0718272,75.5182,160.906,0,0,0
800,1,1,633,1,1,1,4354.11,18668.9,450.743,46.3844,0.482746,357.267,12321,105.007,23.1957,0.267264,81.5445,114.578,23.1887,0.0718272,91.3175,219.585,0,0,0
800,1,1,634,1,1,1,4321.43,18638.8,299.466,46.3844,0.482746,205.55,14980.8,61.1057,23.1957,0.267264,37.6427,91.7599,23.1887,0.0718272,68.4994,152.866,0,0,0
800,1,1,635,1,1,1,4321.1,18683.4,451.272,46.3844,0.678182,357.603,12325.6,104.476,23.1957,0.462701,80.8171,104.347,23.1887,0.0718272,81.0861,208.822,0,0,0
800,1,1,636,1,1,1,4323.34,18637.2,436.165,46.3844,0.482746,342.647,12548.5,92.1194,23.1957,0.267264,68.6564,105.186,23.1887,0.0718272,81.9253,197.305,0,0,0
800,1,1,637,1,1,1,4335.05,18685.2,429.423,46.3844,0.482746,335.886,12716.3,99.8114,23.1957,0.267264,76.3485,103.255,23.1887,0.0718272,79.9942,203.066,0,0,0
800,1,1,638,1,1,1,4314.7,18644.3,277.588,46.3844,0.482746,183.61,15375.4,82.7795,23.1957,0.267264,59.3166,44.4615,23.1887,0.0718272,21.201,127.241,0,0,0
800,1,1,639,1,1,1,4316.1,24634.4,522.044,52.1883,0.536198,423.078,17118.2,225.304,28.9996,0.320717,195.743,70.586,23.1887,0.0718272,47.3255,295.89,0,0,0
800,1,1,640,1,1,1,4320.58,18638.6,352.145,46.3844,0.482746,258.382,14043.9,65.7422,23.1957,0.267264,42.2792,99.4935,23.1887,0.0718272,76.2329,165.236,0,0,0
800,1,1,641,1,1,1,4326.15,18641.9,360.16,46.3844,0.482746,266.421,13904.7,61.5244,23.1957,0.267264,38.0614,98.3095,23.1887,0.0718272,75.049,159.834,0,0,0
800,1,1,642,1,1,1,4320.84,18637.8,436.676,46.3844,0.482746,343.159,12540,91.2531,23.1957,0.267264,67.7901,105.978,23.1887,0.0718272,82.7176,197.231,0,0,0
800,1,1,643,1,1,1,4338.27,18679.8,433.688,46.3844,0.482746,340.163,12635.1,101.611,23.1957,0.267264,78.1478,103.478,23.1887,0.0718272,80.2179,205.089,0,0,0
800,1,1,644,1,1,1,4324.87,18659.6,450.791,46.3844,0.482746,357.316,12310.7,105.803,23.1957,0.267264,82.3404,103.155,23.1887,0.0718272,79.8949,208.959,0,0,0
800,1,1,645,1,1,1,4317.26,18632.1,380.956,46.3844,0.482746,287.277,13525.1,66.9641,23.1957,0.267264,43.5011,94.2794,23.1887,0.0718272,71.0189,161.243,0,0,0
800,1,1,646,1,1,1,4321.86,18647.2,386.279,46.3844,0.552902,292.545,13445,111.136,23.1957,0.302342,87.6375,68.7567,23.1887,0.106906,45.4611,179.892,0,0,0
800,1,1,647,1,1,1,4341.83,18676.4,374.437,46.3844,0.517824,280.704,13685,113.19,23.1957,0.267264,89.7274,70.2781,23.1887,0.106906,46.9826,183.469,0,0,0
800,1,1,648,1,1,1,4371.16,18685,435.893,46.3844,0.552902,342.304,12600.6,101.558,23.1957,0.267264,78.0955,106.75,23.1887,0.141984,83.4197,208.309,0,0,0
800,1,1,649,1,1,1,4315.66,18630.5,388.762,46.3844,0.482746,295.106,13384.6,107.392,23.1957,0.267264,83.9286,67.803,23.1887,0.0718272,44.5425,175.195,0,0,0
800,1,1,650,1,0,0,-1,-1,508.231,23.1957,0.302342,437.655,255891,-1,-1,-1,-1,-1,-1,-1,-1,-1,0,0,0
800,1,1,651,1,1,1,4319.43,18642.8,416.048,46.3844,0.678182,322.276,12911.3,87.8371,23.1957,0.462701,64.1787,103.475,23.1887,0.0718272,80.2143,191.312,0,0,0
800,1,1,652,1,1,1,4332.36,18666.5,311.036,46.3844,0.517824,217.119,14802.6,100.094,23.1957,0.302342,76.5957,58.7068,23.1887,0.0718272,35.4463,158.801,0,0,0
800,1,1,653,1,1,1,4343.29,18694.4,459.84,46.3844,0.517824,366.356,12184.4,114.388,23.1957,0.302342,90.8897,112.625,23.1887,0.0718272,89.3647,227.013,0,0,0
800,1,1,654,1,1,1,4318.54,18644.2,401.381,46.3844,0.482746,307.762,13174,103.358,23.1957,0.267264,79.8949,70.0175,23.1887,0.0718272,46.757,173.375,0,0,0
800,1,1,655,1,1,1,4315.34,18660.4,294.632,46.3844,0.748339,200.437,15087.5,91.0945,23.1957,0.532858,67.366,49.755,23.1887,0.0718272,26.4945,140.849,0,0,0
800,1,1,656,1,1,1,4324.81,18640.8,399.272,46.3844,0.482746,305.646,13208.1,101.627,23.1957,0.267264,78.1641,69.0158,23.1887,0.0718272,45.7553,170.643,0,0,0
800,1,1,657,1,1,1,4316.3,18633.4,435.837,46.3844,0.482746,342.318,12550.5,92.4803,23.1957,0.267264,69.0174,105.013,23.1887,0.0718272,81.752,197.493,0,0,0
800,1,1,658,1,1,1,4319.3,18631.9,304.942,46.3844,0.482746,211.042,14876.6,62.6686,23.1957,0.267264,39.2057,93.3373,23.1887,0.0718272,70.0768,156.006,0,0,0
800,1,1,659,1,1,1,4328.66,18683,431.925,46.3844,0.482746,338.395,12669.6,103.899,23.1957,0.267264,80.4363,81.9743,23.1887,0.0718272,58.7138,185.874,0,0,0
800,1,1,660,1,1,1,4316.3,18631.4,398.633,46.3844,0.482746,305.006,13210.1,102.901,23.1957,0.267264,79.4383,68.3408,23.1887,0.0718272,45.0803,171.242,0,0,0
800,1,1,661,1,1,1,4322.98,18653.6,316.672,46.3844,0.517824,222.772,14689.4,64.2234,23.1957,0.302342,40.7253,98.6037,23.1887,0.0718272,75.3432,162.827,0,0,0
800,1,1,662,1,1,1,4320.39,18635.5,329.821,46.3844,0.482746,235.994,14437.8,65.8469,23.1957,0.267264,42.3839,100.396,23.1887,0.0718272,77.1353,166.243,0,0,0
800,1,1,663,1,1,1,4316.94,18668.5,391.667,46.3844,0.517824,297.985,13370.8,107.197,23.1957,0.302342,83.6994,68.7198,23.1887,0.0718272,45.4593,175.917,0,0,0
800,1,1,664,1,1,1,4327.37,18652,436.629,46.3844,0.482746,343.112,12555,103.093,23.1957,0.267264,79.6296,105.435,23.1887,0.0718272,82.1743,208.527,0,0,0
800,1,1,665,1,1,1,4325.41,18645.4,370.8,46.3844,0.517824,277.057,13718.8,63.8931,23.1957,0.302342,40.395,97.6778,23.1887,0.0718272,74.4173,161.571,0,0,0
800,1,1,666,1,1,1,4327.15,18651.9,375.206,46.3844,0.482746,281.511,13647.1,62.5315,23.1957,0.267264,39.0685,97.223,23.1887,0.0718272,73.9625,159.754,0,0,0
800,1,1,667,1,1,1,4321.96,18642.6,446.122,46.3844,0.482746,352.633,12376.8,99.0462,23.1957,0.267264,75.5832,110.694,23.1887,0.0718272,87.4335,209.74,0,0,0
800,1,1,668,1,1,1,4350.82,18670.4,430.731,46.3844,0.517824,337.162,12678.1,100.523,23.1957,0.267264,77.0595,110.825,23.1887,0.106906,87.5292,211.347,0,0,0
800,1,1,669,1,1,1,4318.86,18642.3,319.236,46.3844,0.482746,225.378,14632.8,103.748,23.1957,0.267264,80.2847,60.0369,23.1887,0.0718272,36.7764,163.785,0,0,0
800,1,1,670,1,1,1,4326.98,18641.1,341.115,46.3844,0.482746,247.321,14242.6,67.3178,23.1957,0.267264,43.8548,101.712,23.1887,0.0718272,78.451,169.029,0,0,0
800,1,1,671,1,1,1,4321.61,24652.7,525.361,52.1883,0.731635,426.209,17077.1,191.984,28.9996,0.516154,162.129,105.527,23.1887,0.0718272,82.2664,297.511,0,0,0
800,1,1,672,1,1,1,4321.22,18660.6,358.756,46.3844,0.482746,265.013,13948.3,111.566,23.1957,0.267264,88.1031,67.525,23.1887,0.0718272,44.2645,179.091,0,0,0
800,1,1,673,1,1,1,4316.62,18634.4,408.355,46.3844,0.6264,314.613,13049,84.1656,23.1957,0.267264,60.7026,103.047,23.1887,0.0718272,79.7866,187.213,0,0,0
800,1,1,674,1,1,1,4326.42,18661.4,364.607,46.3844,0.482746,270.881,13845.1,115.497,23.1957,0.267264,92.034,68.5068,23.1887,0.0718272,45.2463,184.004,0,0,0
800,1,1,675,0,0,0,-1,-1,566.483,23.206,0.71159,495.658,257952,-1,-1,-1,-1,-1,-1,-1,-1,-1,0,0,0
800,1,1,676,1,1,1,4319.34,18645.8,322.866,46.3844,0.482746,229.018,14571.8,63.692,23.1957,0.267264,40.229,101.174,23.1887,0.0718272,77.9132,164.866,0,0,0
800,1,1,677,1,1,1,4320.7,18637.2,325.959,46.3844,0.482746,232.121,14508.1,64.015,23.1957,0.267264,40.5521,99.5115,23.1887,0.0718272,76.251,163.527,0,0,0
800,1,1,678,1,1,1,4315.66,18697.7,369.276,46.3844,0.482746,275.564,13798.4,113.553,23.1957,0.267264,90.0902,69.5139,23.1887,0.0718272,46.2534,183.067,0,0,0
800,1,1,679,1,1,1,4314.06,18629.2,327.528,46.3844,0.482746,233.695,14472.2,105.399,23.1957,0.267264,81.9361,63.1863,23.1887,0.0718272,39.9258,168.585,0,0,0
800,1,1,680,1,1,1,4317.64,18645.8,435.664,46.3844,0.482746,342.145,12566,102.492,23.1957,0.267264,79.0286,105.137,23.1887,0.0718272,81.8766,207.629,0,0,0
800,1,1,681,1,1,1,4319.73,18634.9,301.701,46.3844,0.482746,207.792,14937.2,94.6479,23.1957,0.267264,71.1849,53.8501,23.1887,0.0718272,30.5896,148.498,0,0,0
800,1,1,682,1,1,1,4314.8,18628.3,391.388,46.3844,0.482746,297.74,13335.8,76.0422,23.1957,0.267264,52.5792,93.6134,23.1887,0.0718272,70.3529,169.656,0,0,0
800,1,1,683,1,1,1,4316.62,18634.3,434.068,46.3844,0.482746,340.544,12582.9,101.219,23.1957,0.267264,77.7562,106.065,23.1887,0.0718272,82.8042,207.284,0,0,0
800,1,1,684,1,1,1,4343.43,18666.5,404.126,46.3844,0.517824,310.48,13147.2,81.6678,23.1957,0.267264,58.2048,100.806,23.1887,0.106906,77.5107,182.474,0,0,0
800,1,1,685,1,1,2,10368.8,24722.9,560.794,69.5741,0.554573,445.013,16817.2,111.895,23.1957,0.302342,88.3973,212.711,46.3784,0.108576,166.224,324.606,1,0,0
800,1,1,686,1,1,2,10319.3,24631.8,454.158,69.5741,0.519494,338.102,18622.6,112.99,23.1957,0.267264,89.5271,141.802,46.3784,0.108576,95.3097,254.792,1,0,0
800,1,1,687,1,1,1,4316.94,18633,399.392,46.3844,0.482746,305.767,13198.1,101.862,23.1957,0.267264,78.3987,69.1945,23.1887,0.0718272,45.934,171.056,0,0,0
800,1,1,688,1,1,1,4324.49,18642.7,301.915,46.3844,0.482746,208.007,14941.2,94.6064,23.1957,0.267264,71.1434,54.8102,23.1887,0.0718272,31.5497,149.417,0,0,0
800,1,1,689,1,1,1,4314.7,18630.3,431.612,46.3844,0.482746,338.081,12622.5,97.6818,23.1957,0.267264,74.2188,102.504,23.1887,0.0718272,79.2434,200.186,0,0,0
800,1,1,690,1,1,1,4323.33,18636.4,317.78,46.3844,0.482746,223.918,14652.8,64.6323,23.1957,0.267264,41.1693,99.5422,23.1887,0.0718272,76.2817,164.174,0,0,0
800,1,1,691,1,1,1,4319.88,18658.4,355.468,46.3844,0.713261,261.485,14003.9,65.702,23.1957,0.497779,42.0085,97.732,23.1887,0.0718272,74.4715,163.434,0,0,0
800,1,1,692,1,1,1,4316.62,18648.7,433.905,46.3844,0.517824,340.346,12599.9,102.649,23.1957,0.302342,79.1513,103.325,23.1887,0.0718272,80.0645,205.974,0,0,0
800,1,1,693,1,1,1,4319.11,18650.6,432.411,46.3844,0.482746,338.882,12628.6,98.3477,23.1957,0.267264,74.8848,98.6253,23.1887,0.0718272,75.3648,196.973,0,0,0
800,1,1,694,1,1,1,4316.62,18637.5,437.377,46.3844,0.482746,343.863,12527.2,102.825,23.1957,0.267264,79.3625,105.976,23.1887,0.0718272,82.7158,208.802,0,0,0
800,1,1,695,1,1,1,4315.05,18630.2,360.746,46.3844,0.482746,267.009,13882.5,63.2011,23.1957,0.267264,39.7381,97.5443,23.1887,0.0718272,74.2838,160.745,0,0,0
800,1,1,696,1,1,1,4334.98,18667.3,428.468,46.3844,0.770054,334.641,12714.6,99.2519,23.1957,0.267264,75.789,110.571,23.1887,0.0718272,87.3108,209.823,0,0,0
800,1,1,697,1,1,1,4328.58,18654.7,401.742,46.3844,0.6264,307.98,13177.7,79.9081,23.1957,0.267264,56.4451,99.3779,23.1887,0.0718272,76.1174,179.286,0,0,0
800,1,1,698,1,1,1,4318.25,18661.2,386.085,46.3844,0.587981,292.316,13462.3,111.547,23.1957,0.372499,87.9786,68.1513,23.1887,0.0718272,44.8908,179.698,0,0,0
800,1,1,699,1,1,1,4323.08,18637.9,371.975,46.3844,0.517824,278.235,13690.3,62.8401,23.1957,0.267264,39.3771,98.1424,23.1887,0.106906,74.8469,160.983,0,0,0
800,1,1,700,1,1,1,4321.22,18660.1,401.633,46.3844,0.517824,307.98,13185.2,80.2301,23.1957,0.302342,56.7321,99.4195,23.1887,0.0718272,76.159,179.65,0,0,0
800,1,1,701,1,1,1,4331.24,18648.3,413.897,46.3844,0.482746,320.314,12955.5,87.5803,23.1957,0.267264,64.1173,103.879,23.1887,0.0718272,80.6186,191.459,0,0,0
800,1,1,702,1,1,1,4325.83,18639.7,394.917,46.3844,0.50112,301.261,13284.2,77.1179,23.1957,0.267264,53.6549,96.4022,23.1887,0.0902016,73.1233,173.52,0,0,0
800,1,1,703,1,1,1,4325.19,18641.9,392.181,46.3844,0.482746,298.536,13335.3,77.1558,23.1957,0.267264,53.6928,93.4311,23.1887,0.0718272,70.1706,170.587,0,0,0
800,1,1,704,1,1,1,4324.43,18647.1,396.045,46.3844,0.482746,302.41,13271.8,106.823,23.1957,0.267264,83.3601,68.2253,23.1887,0.0718272,44.9648,175.048,0,0,0
800,1,1,705,1,1,1,4316.84,18678.9,385.574,46.3844,0.678182,291.713,13489.3,113.373,23.1957,0.462701,89.7148,68.5105,23.1887,0.0718272,45.2499,181.884,0,0,0
800,1,1,706,1,1,1,4317.58,18637.5,330.676,46.3844,0.482746,236.851,14424.6,64.219,23.1957,0.267264,40.756,101.047,23.1887,0.0718272,77.7869,165.266,0,0,0
800,1,1,707,1,1,1,4319.75,18634.2,317.793,46.3844,0.482746,223.931,14650.4,64.1125,23.1957,0.267264,40.6495,98.6199,23.1887,0.0718272,75.3594,162.732,0,0,0
800,1,1,708,1,1,1,4320.14,18642.6,307.906,46.3844,0.482746,214.015,14834.6,63.3581,23.1957,0.267264,39.8951,94.1621,23.1887,0.0718272,70.9016,157.52,0,0,0
800,1,1,709,1,1,1,4315.98,18645.6,274.997,46.3844,0.482746,181.011,15422.8,81.6425,23.1957,0.267264,58.1795,43.5447,23.1887,0.0718272,20.2841,125.187,0,0,0
800,1,1,710,1,1,1,4326.86,18658,303.756,46.3844,0.482746,209.853,14923.8,62.4412,23.1957,0.267264,38.9783,93.4943,23.1887,0.0718272,70.2338,155.936,0,0,0
800,1,1,711,1,1,1,4325.83,24657.5,367.166,52.1883,0.731635,267.554,19894.9,191.991,28.9996,0.516154,162.136,34.869,23.1887,0.0718272,11.6085,226.86,0,0,0
800,1,1,712,1,1,1,4317.9,18633.3,295.748,46.3844,0.482746,201.822,15041.5,60.3025,23.1957,0.267264,36.8396,92.1822,23.1887,0.0718272,68.9217,152.485,0,0,0
800,1,1,713,1,1,1,4323.72,18664.7,361.427,46.3952,0.50112,267.663,13905,114.45,23.2065,0.285638,90.9583,67.3337,23.1887,0.0718272,44.0732,181.784,0,0,0
800,1,1,714,1,1,1,4335.61,18652.7,412.66,46.3844,0.482746,319.074,12981.9,86.1509,23.1957,0.267264,62.6879,104.578,23.1887,0.0718272,81.3171,190.728,0,0,0
800,1,1,715,1,1,1,4313.74,18674.1,424.727,46.3844,0.482746,331.175,12788.8,93.5794,23.1957,0.267264,70.1165,111.975,23.1887,0.0718272,88.7149,205.555,0,0,0
800,1,1,716,1,1,1,4316.67,18632.1,448.978,46.3844,0.482746,355.497,12315.6,103.103,23.1957,0.267264,79.6404,104.392,23.1887,0.0718272,81.1312,207.495,0,0,0
800,1,1,717,1,1,1,4317.88,18631.1,381.487,46.3844,0.482746,287.81,13514.6,69.6297,23.1957,0.267264,46.1668,92.545,23.1887,0.0718272,69.2845,162.175,0,0,0
800,1,1,718,1,1,1,4321.99,18641.4,439.028,46.3844,0.482746,345.518,12501.8,98.3152,23.1957,0.267264,74.8523,105.106,23.1887,0.0718272,81.8459,203.422,0,0,0
800,1,1,719,1,1,1,4332.94,18670.1,459.884,46.3844,0.517824,366.4,12159.4,110.094,23.1957,0.302342,86.5961,110.842,23.1887,0.0718272,87.5815,220.936,0,0,0
800,1,1,720,1,1,1,4330.44,18654.5,425.079,46.3844,0.482746,331.529,12762.9,93.4712,23.1957,0.267264,70.0082,111.656,23.1887,0.0718272,88.3955,205.127,0,0,0
800,1,1,721,1,1,1,4318.66,18648,425.268,46.3844,0.482746,331.719,12753,100.291,23.1957,0.267264,76.8285,76.7241,23.1887,0.0718272,53.4636,177.016,0,0,0
800,1,1,722,1,1,1,4335.47,18673.1,434.375,46.3844,0.696557,340.638,12615.4,100.751,23.1957,0.337421,77.2184,106.043,23.1887,0.0718272,82.7826,206.795,0,0,0
800,1,1,723,1,1,1,4315.91,18651,302.07,46.3844,0.482746,208.162,14946.7,94.841,23.1957,0.267264,71.378,54.6731,23.1887,0.0718272,31.4125,149.514,0,0,0
800,1,1,724,1,1,1,4314.06,18626.9,328.412,46.3844,0.482746,234.581,14454.3,106.46,23.1957,0.267264,82.9973,63.4227,23.1887,0.0718272,40.1622,169.883,0,0,0
800,1,1,725,1,1,1,4344.01,18687.9,454.003,46.3844,0.517824,360.502,12281.8,104.621,23.1957,0.267264,81.1582,111.987,23.1887,0.106906,88.6915,216.608,0,0,0
800,1,1,726,1,1,1,4319.5,18637,403.04,46.3844,0.482746,309.426,13137.3,105.332,23.1957,0.267264,81.8693,70.7394,23.1887,0.0718272,47.4789,176.072,0,0,0
800,1,1,727,1,1,1,4320.9,18657.3,425.243,46.3844,0.482746,331.693,12762.8,93.8141,23.1957,0.267264,70.3511,110.611,23.1887,0.0718272,87.3505,204.425,0,0,0
800,1,1,728,1,1,1,4318.54,24638.9,411.309,52.1883,0.696557,311.86,19091.5,215.005,28.9996,0.481075,185.254,47.3004,23.1887,0.0718272,24.0399,262.306,0,0,0
800,1,1,729,1,1,1,4328.05,18643.5,339.56,46.3844,0.50112,245.743,14272.4,66.2457,23.1957,0.267264,42.7828,103.349,23.1887,0.0902016,80.07,169.595,0,0,0
800,1,1,730,1,1,1,4317.06,18674.7,338.839,46.3844,0.482746,245.038,14316.7,111.62,23.1957,0.267264,88.1573,66.0433,23.1887,0.0718272,42.7828,177.664,0,0,0
800,1,1,731,1,1,1,4321.82,18636.3,407.56,46.3844,0.482746,313.959,13056.2,83.718,23.1957,0.267264,60.2551,102.63,23.1887,0.0718272,79.3697,186.348,0,0,0
800,1,1,732,1,1,1,4321.73,18652.3,379.469,46.3844,0.552902,285.716,13571.3,66.2527,23.1957,0.337421,42.7196,93.8065,23.1887,0.0718272,70.546,160.059,0,0,0
800,1,1,733,1,1,1,4369.77,18693.6,400.591,46.3844,0.661478,306.791,13236.8,101.857,23.1957,0.302342,78.359,69.5446,23.1887,0.0718272,46.2841,171.402,0,0,0
800,1,1,734,1,1,1,4323.85,18662,348.517,46.3844,0.482746,254.744,14131.9,111.904,23.1957,0.267264,88.4406,69.855,23.1887,0.0718272,46.5945,181.759,0,0,0
800,1,1,735,1,1,1,4330.44,18645.2,354.479,46.3844,0.482746,260.723,14009.1,67.2835,23.1957,0.267264,43.8205,97.6309,23.1887,0.0718272,74.3704,164.914,0,0,0
800,1,1,736,1,1,1,4323.91,18639.5,322.898,46.3844,0.482746,229.051,14564.9,63.9049,23.1957,0.267264,40.442,101.152,23.1887,0.0718272,77.8916,165.057,0,0,0
800,1,1,737,1,1,1,4320.39,18636.8,367.121,46.3844,0.482746,273.402,13775.8,62.49,23.1957,0.267264,39.027,98.0947,23.1887,0.0718272,74.8342,160.585,0,0,0
800,1,1,738,1,1,1,4332.11,18657.8,779.681,46.3844,0.482746,687.161,265022,98.3351,23.1957,0.267264,74.8721,100.06,23.1887,0.0718272,76.7997,198.395,0,0,0
800,1,1,739,1,1,1,4318.46,24649.3,398.982,52.1883,0.536198,299.658,19321.4,207.246,28.9996,0.320717,177.63,42.7217,23.1887,0.0718272,19.4612,249.967,0,0,0
800,1,1,740,1,1,1,4328.9,18681.3,446.775,46.3844,0.482746,353.288,12403.9,106.363,23.1957,0.267264,82.8999,98.5874,23.1887,0.0718272,75.3269,204.95,0,0,0
800,1,1,741,1,1,1,4314.06,18629.2,393.097,46.3844,0.482746,299.454,13306.3,75.8617,23.1957,0.267264,52.3988,95.6781,23.1887,0.0718272,72.4176,171.54,0,0,0
800,1,1,742,1,1,1,4326.78,18668.3,345.905,46.3844,0.482746,252.125,14184.5,111.476,23.1957,0.267264,88.0129,68.9147,23.1887,0.0718272,45.6542,180.391,0,0,0
800,1,1,743,1,1,1,4318.64,18652.5,363.753,46.3844,0.517824,269.989,13851.1,115.27,23.1957,0.302342,91.7723,68.1567,23.1887,0.0718272,44.8962,183.427,0,0,0
800,1,1,744,1,1,1,4323.14,18643.5,350.433,46.3844,0.482746,256.666,14079.3,111.846,23.1957,0.267264,88.3829,68.9707,23.1887,0.0718272,45.7102,180.817,0,0,0
800,1,1,745,1,1,1,4325.55,18638.8,453.059,46.3844,0.482746,359.59,12249.6,104.027,23.1957,0.267264,80.5645,112.14,23.1887,0.0718272,88.8792,216.167,0,0,0
800,1,1,746,1,1,1,4316.3,18649.6,458.488,46.3844,0.552902,364.965,12163.5,112.999,23.1957,0.337421,89.4657,112.665,23.1887,0.0718272,89.4044,225.664,0,0,0
800,1,1,747,1,1,1,4326.73,18659.1,403.699,46.3844,0.770054,309.799,13146.9,105.589,23.1957,0.267264,82.1256,70.7971,23.1887,0.0718272,47.5366,176.386,0,0,0
800,1,1,748,1,1,1,4321.12,18643.2,429.566,46.3844,0.482746,336.028,12671.8,98.9993,23.1957,0.267264,75.5363,100.968,23.1887,0.0718272,77.7075,199.967,0,0,0
800,1,1,749,1,1,1,4316.23,18657.4,336.753,46.3844,0.482746,242.946,14336.4,110.797,23.1957,0.267264,87.3343,65.8592,23.1887,0.0718272,42.5987,176.656,0,0,0
800,1,1,750,1,1,1,4324.04,18660.9,387.048,46.3844,1.10413,292.766,13443.9,112.274,23.1957,0.888653,88.1897,68.1513,23.1887,0.0718272,44.8908,180.425,0,0,0
800,1,1,751,1,1,1,4318.06,18635.7,434.185,46.3844,0.482746,340.661,12582.1,101.181,23.1957,0.267264,77.7183,105.848,23.1887,0.0718272,82.5876,207.029,0,0,0
800,1,1,752,1,1,1,4332.53,18650.2,355.179,46.3844,0.482746,261.425,14001.6,65.7206,23.1957,0.267264,42.2576,98.6524,23.1887,0.0718272,75.3919,164.373,0,0,0
800,1,1,753,1,1,1,4325.39,18644.1,367.884,46.3844,0.517824,274.133,13769.3,62.5413,23.1957,0.302342,39.0432,97.1653,23.1887,0.0718272,73.9048,159.707,0,0,0
800,1,1,754,1,1,2,10343.8,24658.3,541.385,69.5741,0.554573,425.548,17097.7,79.1681,23.1957,0.267264,55.7052,241.386,46.3784,0.143654,194.864,320.554,1,0,0
800,1,1,755,1,1,1,4319.84,18641,436.422,46.3844,0.482746,342.905,12547.7,98.0824,23.1957,0.267264,74.6195,101.755,23.1887,0.0718272,78.4944,199.837,0,0,0
800,1,1,756,1,1,1,4317.83,18635.6,398.498,46.3844,0.482746,304.87,13216.7,103.074,23.1957,0.267264,79.6115,67.7001,23.1887,0.0718272,44.4396,170.775,0,0,0
800,1,1,757,1,1,1,4315.02,18632.1,371.306,46.3844,0.482746,277.6,13696.6,61.8565,23.1957,0.267264,38.3935,97.7338,23.1887,0.0718272,74.4733,159.59,0,0,0
800,1,1,758,1,1,1,4321.91,18657.5,405.091,46.3844,0.482746,311.483,13121.3,102.122,23.1957,0.267264,78.6586,70.4957,23.1887,0.0718272,47.2352,172.617,0,0,0
800,1,1,759,1,1,1,4352.92,24678.3,542.726,52.1883,1.28287,443.073,16792.7,225.218,28.9996,1.06739,194.909,70.4903,23.1887,0.0718272,47.2298,295.708,0,0,0
800,1,1,760,1,1,1,4342.58,18673.5,426.553,46.3844,0.713261,332.776,12754.9,98.6875,23.1957,0.462701,75.0291,111.381,23.1887,0.106906,88.0851,210.068,0,0,0
800,1,1,761,1,1,1,4327.57,18647.3,450.899,46.3844,0.482746,357.424,12296.6,105.838,23.1957,0.267264,82.3747,100.704,23.1887,0.0718272,77.444,206.542,0,0,0
800,1,1,762,1,1,1,4329.03,18658.8,435.371,46.3844,0.482746,341.851,12584.1,96.9905,23.1957,0.267264,73.5276,102.208,23.1887,0.0718272,78.9474,199.198,0,0,0
800,1,1,763,1,1,1,4324.55,18640,323.1,46.3844,0.482746,229.253,14561.8,63.1686,23.1957,0.267264,39.7056,100.847,23.1887,0.0718272,77.5865,164.016,0,0,0
800,1,1,764,1,1,1,4318.22,18636.5,389.151,46.3844,0.678182,295.301,13383.3,107.701,23.1957,0.462701,84.0423,68.0394,23.1887,0.0718272,44.7789,175.74,0,0,0
800,1,1,765,1,1,1,4323.94,18652.9,373.707,46.3844,0.482746,280.008,13674.8,62.7805,23.1957,0.267264,39.3176,98.4376,23.1887,0.0718272,75.1771,161.218,0,0,0
800,1,1,766,1,1,1,4333.74,18681,341.079,46.3844,0.821837,246.945,14282.2,112.738,23.1957,0.462701,89.0795,67.2489,23.1887,0.0718272,43.9884,179.987,0,0,0
800,1,1,767,0,0,0,-1,-1,676.152,23.206,0.516154,605.841,261812,-1,-1,-1,-1,-1,-1,-1,-1,-1,0,0,0
800,1,1,768,1,1,1,4314.38,18658.4,295.787,46.3844,0.482746,201.861,15065.8,90.6268,23.1957,0.267264,67.1638,50.3217,23.1887,0.0718272,27.0612,140.948,0,0,0
800,1,1,769,1,1,2,10353.3,24688.2,564.163,69.5741,0.589651,448.357,16722.4,98.7556,23.1957,0.267264,75.2926,239.887,46.3784,0.178733,193.33,338.643,1,0,0
800,1,1,770,1,1,1,4317.58,18680.8,418.527,46.3844,0.552902,324.887,12905.3,91.1319,23.1957,0.337421,67.5988,104.774,23.1887,0.0718272,81.5138,195.906,0,0,0
800,1,1,771,1,1,1,4321.93,18648.9,336.298,46.3844,0.482746,242.489,14336,109.693,23.1957,0.267264,86.2297,66.0379,23.1887,0.0718272,42.7774,175.731,0,0,0
800,1,1,772,1,1,1,4318.54,36652.8,679.646,63.7961,1.19434,569.191,26532.2,471.975,40.6075,0.978854,429.214,58.9252,23.1887,0.0718272,35.6647,530.9,0,0,0
800,1,1,773,1,1,1,4317.06,18631.9,421.424,46.3844,0.482746,327.864,12805.3,91.8577,23.1957,0.267264,68.3947,107.826,23.1887,0.0718272,84.5657,199.684,0,0,0
800,1,1,774,1,0,0,-1,-1,590.634,23.1957,0.497779,520.102,258826,-1,-1,-1,-1,-1,-1,-1,-1,-1,0,0,0
800,1,1,775,1,1,1,4336.65,18655.7,434.876,46.3844,0.482746,341.354,12589.9,102.538,23.1957,0.267264,79.0755,104.948,23.1887,0.0718272,81.6871,207.486,0,0,0
800,1,1,776,1,1,1,4334.8,18671.1,431.005,46.3844,0.482746,337.472,12674.1,98.5228,23.1957,0.267264,75.0598,96.4163,23.1887,0.0718272,73.1558,194.939,0,0,0
800,1,1,777,1,1,1,4316.62,18632.4,410.695,46.3844,0.482746,317.103,12996.6,100.183,23.1957,0.267264,76.7202,68.6693,23.1887,0.0718272,45.4088,168.852,0,0,0
800,1,1,778,1,1,1,4320.58,18641,429.862,46.3844,0.482746,336.326,12664.4,101.32,23.1957,0.267264,77.8573,106.29,23.1887,0.0718272,83.0298,207.611,0,0,0
800,1,1,779,1,1,1,4315.66,18634.9,445.857,46.3844,0.482746,352.367,12373.8,98.6636,23.1957,0.267264,75.2006,110.797,23.1887,0.0718272,87.5364,209.46,0,0,0
800,1,1,780,1,1,1,4316.94,18638.7,422.214,46.3844,0.482746,328.656,12798,101.037,23.1957,0.267264,77.5739,72.7499,23.1887,0.0718272,49.4894,173.787,0,0,0
800,1,1,781,1,1,1,4318.86,18645.3,447.878,46.3844,0.482746,354.394,12348.3,105.695,23.1957,0.267264,82.2321,98.4792,23.1887,0.0718272,75.2186,204.174,0,0,0
800,1,1,782,1,1,1,4319.62,18645.2,458.495,46.3844,0.482746,365.042,12159.4,113.14,23.1957,0.267264,89.6769,112.486,23.1887,0.0718272,89.2257,225.626,0,0,0
800,1,1,783,1,1,1,4320.66,18635.8,431.286,46.3844,0.482746,337.754,12633.8,100.822,23.1957,0.267264,77.3591,110.118,23.1887,0.0718272,86.8578,210.94,0,0,0
800,1,1,784,1,1,1,4321.51,18647.1,415.47,46.3844,0.482746,321.891,12926.4,100.169,23.1957,0.267264,76.7058,70.0139,23.1887,0.0718272,46.7533,170.183,0,0,0
800,1,1,785,1,1,2,10357,24669.9,508.546,69.5741,0.519494,392.649,17693.5,61.9323,23.1957,0.267264,38.4693,234.464,46.3784,0.108576,187.977,296.396,1,0,0
800,1,1,786,1,1,1,4317.58,18639.2,380.936,46.3844,0.678182,287.062,13532.1,66.8689,23.1957,0.462701,43.2105,94.0628,23.1887,0.0718272,70.8023,160.932,0,0,0
800,1,1,787,1,1,1,4354.54,18690.7,458.716,46.3844,0.517824,365.228,12200.7,109.63,23.1957,0.302342,86.1323,111.351,23.1887,0.0718272,88.0905,220.981,0,0,0
800,1,1,788,1,1,1,4316.62,18631.1,357.268,46.3844,0.482746,263.521,13945.3,63.9284,23.1957,0.267264,40.4654,98.1687,23.1887,0.0718272,74.9082,162.097,0,0,0
800,1,1,789,1,1,1,4329.8,18644.3,427.516,46.3844,0.482746,333.973,12709.4,98.8459,23.1957,0.267264,75.3829,109.871,23.1887,0.0718272,86.6105,208.717,0,0,0
800,1,1,790,1,1,1,4316.62,24658.9,564.431,52.1991,0.714931,465.398,16388.7,220.537,29.0104,0.49945,190.769,103.298,23.1887,0.0718272,80.0375,323.835,0,0,0
800,1,1,791,1,1,1,4317.9,18647.8,273.5,46.3844,0.482746,179.509,15451.6,80.5939,23.1957,0.267264,57.1309,43.1332,23.1887,0.0718272,19.8727,123.727,0,0,0
800,1,1,792,1,1,1,4317.26,18632.1,328.047,46.3844,0.482746,234.214,14465.9,64.8055,23.1957,0.267264,41.3426,99.683,23.1887,0.0718272,76.4225,164.488,0,0,0
800,1,1,793,1,1,1,4328.01,18692.3,396.908,46.3844,0.805133,302.954,13300.6,107.466,23.1957,0.302342,83.9683,67.6965,23.1887,0.0718272,44.436,175.163,0,0,0
800,1,1,794,1,1,1,4315.66,18646.1,431.514,46.3844,0.482746,337.983,12640.1,97.938,23.1957,0.267264,74.4751,99.7696,23.1887,0.0718272,76.5091,197.708,0,0,0
800,1,1,795,1,1,1,4326.6,18660.5,453.748,46.3844,0.482746,360.281,12259.1,104.08,23.1957,0.267264,80.6168,112.831,23.1887,0.0718272,89.5704,216.911,0,0,0
800,1,1,796,1,1,1,4317.26,18654.1,436.532,46.3844,0.482746,343.015,12558.8,102.286,23.1957,0.267264,78.8228,104.854,23.1887,0.0718272,81.5932,207.14,0,0,0
800,1,1,797,1,1,1,4326.15,18643,360.651,46.3844,0.482746,266.914,13897,63.0837,23.1957,0.267264,39.6208,97.1526,23.1887,0.0718272,73.8921,160.236,0,0,0
800,1,1,798,1,1,1,4316.55,18663.2,271.06,46.3844,0.517824,177.027,15510.2,78.3423,23.1957,0.302342,54.8443,42.1351,23.1887,0.0718272,18.8746,120.477,0,0,0
800,1,1,799,1,1,1,4325.48,18641.2,361.896,46.3844,0.6264,268.018,13872.8,62.9718,23.1957,0.267264,39.5089,97.972,23.1887,0.0718272,74.7115,160.944,0,0,0
800,1,1,800,1,1,1,4326.86,18654.3,310.871,46.3844,0.552902,216.919,14793.1,63.9328,23.1957,0.302342,40.4347,95.5417,23.1887,0.106906,72.2461,159.475,0,0,0
