N,seed,dutyCycle,devId,registered,authSuccess,attempts,latencyMs,e2eMs,fullEnergyMJ,fullCpuEnergyMJ,fullTxEnergyMJ,fullRxEnergyMJ,idleListeningMs,regEnergyMJ,regCpuEnergyMJ,regTxEnergyMJ,regRxEnergyMJ,authEnergyMJ,authCpuEnergyMJ,authTxEnergyMJ,authRxEnergyMJ,sessionEnergyMJ,fallbackUsed,replayRejected,desync
900,2,1,1,1,1,1,4315.91,18683.9,430.844,46.3844,0.678182,337.115,12689.3,112.456,23.1957,0.462701,88.798,76.4444,23.1887,0.0718272,53.1838,188.901,0,0,0
900,2,1,2,1,1,1,4322.76,18668.3,368.125,46.3844,0.482746,274.409,13789.4,117.908,23.1957,0.267264,94.4452,65.5668,23.1887,0.0718272,42.3063,183.475,0,0,0
900,2,1,3,1,1,1,4317.58,18641.6,443.928,46.3844,0.482746,350.433,12414.9,112.436,23.1957,0.267264,88.973,79.462,23.1887,0.0718272,56.2015,191.898,0,0,0
900,2,1,4,1,1,1,4336.23,18663.3,472.336,46.3844,0.482746,378.923,11931.3,116.286,23.1957,0.267264,92.8227,102.365,23.1887,0.0718272,79.1044,218.651,0,0,0
900,2,1,5,1,1,2,4344.58,18687.9,512.089,69.5741,0.698227,396.024,11639.8,113.23,23.1957,0.267264,89.7671,139.38,46.3784,0.287309,92.7144,252.61,1,0,0
900,2,1,6,1,1,1,4334.31,18656.5,487.841,46.3844,0.482746,394.473,11648.8,115.217,23.1957,0.267264,91.7542,117.43,23.1887,0.0718272,94.169,232.647,0,0,0
900,2,1,7,0,0,0,-1,-1,926.094,23.206,0.516154,856.509,266122,-1,-1,-1,-1,-1,-1,-1,-1,-1,0,0,0
900,2,1,8,1,1,1,4341.4,18653.6,471.236,46.3844,0.482746,377.82,11941.3,99.1454,23.1957,0.267264,75.6825,118.989,23.1887,0.0718272,95.7284,218.134,0,0,0
900,2,1,9,1,1,1,4331.27,18669.1,480.362,46.3844,0.482746,386.973,11794.5,116.731,23.1957,0.267264,93.2685,112.972,23.1887,0.0718272,89.7112,229.703,0,0,0
900,2,1,10,1,1,1,4317.58,18642.7,480.776,46.3844,0.482746,387.388,11760.7,108.2,23.1957,0.267264,84.7372,106.992,23.1887,0.0718272,83.7319,215.193,0,0,0
900,2,1,11,1,1,1,4316.62,18659.8,334.237,46.3844,0.482746,240.423,14383.6,116.181,23.1957,0.267264,92.718,59.5947,23.1887,0.0718272,36.3342,175.776,0,0,0
900,2,1,12,1,1,1,4315.98,18647.3,444.306,46.3844,0.678182,350.617,12413.3,114.698,23.1957,0.462701,91.0395,80.377,23.1887,0.0718272,57.1165,195.075,0,0,0
900,2,1,13,1,1,1,4319.5,24647.3,395.672,52.1883,0.696557,296.179,19378,215.967,28.9996,0.481075,186.217,39.4478,23.1887,0.0718272,16.1873,255.415,0,0,0
900,2,1,14,1,1,1,4325.58,24662.3,344.759,52.1883,1.12251,244.691,20297.2,191.016,28.9996,0.907027,160.766,30.0411,23.1887,0.0718272,6.78063,221.057,0,0,0
900,2,1,15,1,1,1,4315.02,30633.4,326.26,57.9922,0.75001,220.866,26698,236.139,34.8035,0.534528,199.768,23.7702,23.1887,0.0718272,0.508954,259.91,0,0,0
900,2,1,16,1,1,1,4319.18,18652.3,290.655,46.3844,0.482746,196.714,15151.1,91.1412,23.1957,0.267264,67.6782,43.1332,23.1887,0.0718272,19.8727,134.274,0,0,0
900,2,1,17,1,1,1,4322.5,18660.3,370.301,46.3844,0.678182,276.396,13742.3,119.576,23.1957,0.462701,95.9179,65.778,23.1887,0.0718272,42.5175,185.354,0,0,0
900,2,1,18,1,1,1,4339.55,18667.9,436.378,46.3844,0.696557,342.647,12574.5,68.2715,23.1957,0.302342,44.7735,108.524,23.1887,0.106906,85.2281,176.795,0,0,0
900,2,1,19,1,1,1,4321.8,18637.6,391.784,46.3844,0.482746,298.137,13338,112.69,23.1957,0.267264,89.2275,66.4079,23.1887,0.0718272,43.1474,179.098,0,0,0
900,2,1,20,1,1,1,4327.24,18647.6,362.001,46.3844,0.482746,268.267,13877.7,64.6792,23.1957,0.267264,41.2162,111.753,23.1887,0.0718272,88.493,176.433,0,0,0
900,2,1,21,1,1,1,4339.82,18668.4,448.017,46.3844,0.517824,354.499,12368.6,80.2031,23.1957,0.302342,56.705,110.295,23.1887,0.0718272,87.0347,190.498,0,0,0
900,2,1,22,1,1,1,4329.57,18645.1,427.746,46.3844,0.482746,334.204,12706.1,68.962,23.1957,0.267264,45.499,110.557,23.1887,0.0718272,87.2964,179.519,0,0,0
900,2,1,23,1,1,1,4319.3,18634.4,390.171,46.3844,0.482746,296.52,13363.6,62.6109,23.1957,0.267264,39.1479,112.988,23.1887,0.0718272,89.7274,175.599,0,0,0
900,2,1,24,1,1,1,4325.38,18678.4,490.602,46.3844,0.482746,397.242,11621.7,117.845,23.1957,0.267264,94.382,118.577,23.1887,0.0718272,95.3169,236.422,0,0,0
900,2,1,25,1,1,1,4336.52,18655.9,290.623,46.3844,0.482746,196.682,15155.2,90.7369,23.1957,0.267264,67.2739,42.8697,23.1887,0.0718272,19.6092,133.607,0,0,0
900,2,1,26,1,1,1,4340.74,18669.8,432.934,46.3844,0.661478,339.228,12637.8,67.2843,23.1957,0.302342,43.7863,108.368,23.1887,0.0718272,85.1071,175.652,0,0,0
900,2,1,27,1,1,1,4347.84,18680.6,482.232,46.3844,0.517824,388.813,11772.4,110.119,23.1957,0.302342,86.6214,108.043,23.1887,0.0718272,84.7823,218.162,0,0,0
900,2,1,28,1,1,1,4351.88,18727.7,476.419,46.3952,1.08743,382.403,11921.7,115.755,23.2065,0.871949,91.6766,108.664,23.1887,0.0718272,85.4031,224.419,0,0,0
900,2,1,29,1,1,1,4315.34,18673.3,390.462,46.3844,0.873619,296.42,13396.3,113.413,23.1957,0.658138,89.5596,65.7076,23.1887,0.0718272,42.4471,179.121,0,0,0
900,2,1,30,1,1,1,4317.26,18628.9,451.536,46.3844,0.482746,358.063,12266.8,84.3028,23.1957,0.267264,60.8398,108.707,23.1887,0.0718272,85.4465,193.01,0,0,0
900,2,1,31,1,0,0,-1,-1,838.765,23.1957,0.302342,769.15,263516,-1,-1,-1,-1,-1,-1,-1,-1,-1,0,0,0
900,2,1,32,1,1,1,4345.01,18660.5,485.939,46.3844,0.482746,392.566,11686.6,113.472,23.1957,0.267264,90.009,116.801,23.1887,0.0718272,93.541,230.273,0,0,0
900,2,1,33,1,1,1,4322.34,18668.5,333.133,46.3844,0.873619,238.925,14411,116,23.1957,0.658138,92.1459,58.9468,23.1887,0.0718272,35.6863,174.947,0,0,0
900,2,1,34,1,1,1,4329.45,18678.1,487.243,46.3844,0.6264,393.73,11680.7,118.486,23.1957,0.267264,95.0227,112.764,23.1887,0.0718272,89.5036,231.25,0,0,0
900,2,1,35,1,1,1,4345.21,18685.8,487.989,46.3844,0.678182,394.426,11675.1,114.216,23.1957,0.462701,90.5576,119.155,23.1887,0.0718272,95.8944,233.371,0,0,0
900,2,1,36,1,1,1,4321.44,24718.3,614.106,52.1883,1.31795,514.626,15563.1,241.914,28.9996,1.10246,211.607,116.72,23.1887,0.0718272,93.4598,358.635,0,0,0
900,2,1,37,1,1,1,4333.5,18646.4,472.492,46.3844,0.482746,379.08,11911.7,100.782,23.1957,0.267264,77.3194,118.067,23.1887,0.0718272,94.8061,218.849,0,0,0
900,2,1,38,1,1,1,4348.51,18701.9,488.7,46.3844,1.21271,394.605,11677.2,115.058,23.1957,0.853574,91.0088,116.134,23.1887,0.0718272,92.8732,231.192,0,0,0
900,2,1,39,1,1,1,4328.17,18647,364.287,46.3844,0.6264,270.417,13836,63.192,23.1957,0.267264,39.7291,111.432,23.1887,0.0718272,88.1717,174.624,0,0,0
900,2,1,40,1,1,1,4324.17,24646.3,618.338,52.1883,0.766714,519.421,15417,241.141,28.9996,0.516154,211.431,112.243,23.1887,0.106906,88.9478,353.385,0,0,0
900,2,1,41,1,0,0,-1,-1,1015.81,23.1957,0.337421,946.675,268924,-1,-1,-1,-1,-1,-1,-1,-1,-1,0,0,0
900,2,1,42,1,1,1,4315.98,18645.8,444.043,46.3844,0.482746,350.548,12417,114.217,23.1957,0.267264,90.7544,79.924,23.1887,0.0718272,56.6635,194.141,0,0,0
900,2,1,43,1,1,1,4327.07,18668.5,484.998,46.3844,0.482746,391.622,11711.5,116.679,23.1957,0.267264,93.2161,107.005,23.1887,0.0718272,83.7445,223.684,0,0,0
900,2,1,44,1,1,1,4316.97,18645.9,482.273,46.3844,0.482746,388.889,11737.2,108.529,23.1957,0.267264,85.0656,110.142,23.1887,0.0718272,86.8813,218.67,0,0,0
900,2,1,45,1,1,1,4325.99,18652,489.689,46.3844,0.482746,396.327,11611.5,116.318,23.1957,0.267264,92.8552,114.392,23.1887,0.0718272,91.1316,230.71,0,0,0
900,2,1,46,1,1,1,4325.74,18670.4,450.483,46.3844,0.517824,356.971,12326.8,116.522,23.1957,0.267264,93.0591,80.6882,23.1887,0.106906,57.3926,197.21,0,0,0
900,2,1,47,1,1,1,4353.7,18668.2,464.609,46.3844,0.482746,371.173,12073.7,115.573,23.1957,0.267264,92.1098,92.6298,23.1887,0.0718272,69.3693,208.203,0,0,0
900,2,1,48,1,1,1,4321.22,18690.4,383.696,46.3844,0.482746,290.026,13534.7,111.207,23.1957,0.267264,87.744,64.3053,23.1887,0.0718272,41.0448,175.512,0,0,0
900,2,1,49,1,1,1,4336.09,18674,486.241,46.3844,0.571277,392.78,11694.1,119.238,23.1957,0.337421,95.7049,112.382,23.1887,0.0902016,89.103,231.62,0,0,0
900,2,1,50,1,1,1,4318.22,18634.8,358.585,46.3844,0.482746,264.842,13925.6,67.9296,23.1957,0.267264,44.4667,114.369,23.1887,0.0718272,91.1081,182.298,0,0,0
900,2,1,51,1,1,1,4318.65,18644,480.837,46.3844,0.482746,387.449,11760.9,110.055,23.1957,0.267264,86.5925,108.176,23.1887,0.0718272,84.9158,218.232,0,0,0
900,2,1,52,1,1,1,4333.7,18679.9,488.435,46.3844,0.482746,395.069,11661.7,116.006,23.1957,0.267264,92.5429,115.146,23.1887,0.0718272,91.886,231.152,0,0,0
900,2,1,53,1,1,1,4335.72,18648.9,489.264,46.3844,0.482746,395.901,11616,118.107,23.1957,0.267264,94.6437,119.879,23.1887,0.0718272,96.6182,237.985,0,0,0
900,2,1,54,1,1,1,4325.13,18645.6,484.668,46.3844,0.6264,391.147,11694,117.325,23.1957,0.267264,93.8622,109.588,23.1887,0.0718272,86.3272,226.913,0,0,0
900,2,1,55,1,1,1,4321.98,18636.6,378.021,46.3844,0.482746,284.334,13581.8,58.6764,23.1957,0.267264,35.2135,114.414,23.1887,0.0718272,91.1532,173.09,0,0,0
900,2,1,56,1,1,1,4345.2,18670.7,485.669,46.3844,0.678182,392.1,11701.2,113.525,23.1957,0.462701,89.8664,116.753,23.1887,0.0718272,93.4922,230.278,0,0,0
900,2,1,57,1,1,1,4315.98,18639.3,449.638,46.3844,0.482746,356.159,12311,116.046,23.1957,0.267264,92.5826,79.8879,23.1887,0.0718272,56.6274,195.934,0,0,0
900,2,1,58,1,1,1,4316.3,18667.7,487.929,46.3844,0.482746,394.562,11658.5,117.276,23.1957,0.267264,93.8135,117.648,23.1887,0.0718272,94.3874,234.924,0,0,0
900,2,1,59,1,1,1,4330.26,18737.8,488.212,46.3844,0.678182,394.65,11723.1,115.747,23.1957,0.462701,92.0881,116.469,23.1887,0.0718272,93.2089,232.216,0,0,0
900,2,1,60,1,1,1,4316.94,18635.8,351.457,46.3844,0.482746,257.693,14053.3,73.8115,23.1957,0.267264,50.3485,115.118,23.1887,0.0718272,91.8571,188.929,0,0,0
900,2,1,61,1,1,1,4317.56,18631.1,428.257,46.3844,0.482746,334.716,12683,68.9818,23.1957,0.267264,45.5189,109.57,23.1887,0.0718272,86.3091,178.551,0,0,0
900,2,1,62,1,1,1,4333.06,18646.3,425.324,46.3844,0.482746,331.775,12750.3,69.2778,23.1957,0.267264,45.8148,111.026,23.1887,0.0718272,87.7656,180.304,0,0,0
900,2,1,63,1,1,1,4344.07,18692.9,491.031,46.3844,0.821837,397.334,11627.7,112.076,23.1957,0.462701,88.4172,113.501,23.1887,0.0718272,90.24,225.576,0,0,0
900,2,1,64,1,1,1,4318.83,18637,486.383,46.3844,0.482746,393.011,11655.3,114.207,23.1957,0.267264,90.7435,115.02,23.1887,0.0718272,91.7596,229.227,0,0,0
900,2,1,65,1,1,1,4359.92,18674.1,488.93,46.3844,0.482746,395.565,11647.1,114.093,23.1957,0.267264,90.6298,114.82,23.1887,0.0718272,91.5593,228.913,0,0,0
900,2,1,66,1,1,1,4346.61,18670.1,448.087,46.3844,0.482746,354.603,12369.4,80.1265,23.1957,0.267264,56.6635,110.366,23.1887,0.0718272,87.1051,190.492,0,0,0
900,2,1,67,1,1,1,4344.83,18660.6,436.323,46.3844,0.50112,342.787,12568.8,67.0687,23.1957,0.267264,43.6058,108.234,23.1887,0.0902016,84.9555,175.303,0,0,0
900,2,1,68,1,1,1,4317.9,18633.3,393.979,46.3844,0.482746,300.339,13294.8,113.701,23.1957,0.267264,90.2382,65.3575,23.1887,0.0718272,42.097,179.059,0,0,0
900,2,1,69,1,1,1,4328.33,18662.9,356.867,46.3844,0.587981,263.014,13983.5,70.8921,23.1957,0.302342,47.394,114.509,23.1887,0.141984,91.1785,185.401,0,0,0
900,2,1,70,1,1,1,4326.14,18663.1,429.393,46.3844,0.482746,335.855,12694.8,110.364,23.1957,0.267264,86.9011,76.7945,23.1887,0.0718272,53.534,187.159,0,0,0
900,2,1,71,1,1,1,4325.26,18650.9,351.342,46.3844,0.482746,257.577,14070.5,73.9035,23.1957,0.267264,50.4406,114.998,23.1887,0.0718272,91.738,188.902,0,0,0
900,2,1,72,1,1,1,4317.7,18650.1,486.903,46.3844,0.482746,393.533,11659.1,117.789,23.1957,0.267264,94.3261,115.5,23.1887,0.0718272,92.2397,233.289,0,0,0
900,2,1,73,1,1,1,4330.82,18732.9,487.857,46.3844,0.713261,394.259,11724.3,118.5,23.1957,0.497779,94.8061,117.92,23.1887,0.0718272,94.66,236.42,0,0,0
900,2,1,74,1,1,1,4324.94,18662.8,359.086,46.3844,0.517824,265.309,13944.4,122.406,23.1957,0.267264,98.9427,66.9104,23.1887,0.106906,43.6148,189.316,0,0,0
900,2,1,75,1,1,1,4318.22,18639.7,287.47,46.3844,0.482746,193.52,15195.1,89.3382,23.1957,0.267264,65.8752,42.5466,23.1887,0.0718272,19.2861,131.885,0,0,0
900,2,1,76,1,1,1,4366.05,18685.6,374.261,46.3844,0.482746,280.563,13697.6,59.9037,23.1957,0.267264,36.4407,115.598,23.1887,0.0718272,92.3372,175.501,0,0,0
900,2,1,77,1,1,1,4315.34,18696.2,491.119,46.3844,0.517824,397.726,11630,116.55,23.1957,0.302342,93.0519,117.899,23.1887,0.0718272,94.6383,234.449,0,0,0
900,2,1,78,1,1,1,4325.54,18640,414.395,46.3844,0.482746,320.814,12938.4,107.794,23.1957,0.267264,84.3311,68.2794,23.1887,0.0718272,45.0189,176.073,0,0,0
900,2,1,79,1,1,1,4329.67,18648.2,489.108,46.3844,0.482746,395.744,11618,117.989,23.1957,0.267264,94.5264,121.398,23.1887,0.0718272,98.1378,239.388,0,0,0
900,2,1,80,1,1,1,4327.85,18646.5,384.616,46.3844,0.482746,290.948,13474.4,60.1708,23.1957,0.267264,36.7078,113.239,23.1887,0.0718272,89.9783,173.41,0,0,0
900,2,1,81,1,1,1,4320.26,18668.5,485.944,46.3844,0.482746,392.571,11694.5,109.7,23.1957,0.267264,86.237,112.306,23.1887,0.0718272,89.0452,222.006,0,0,0
900,2,1,82,1,1,1,4338.2,18654.9,484.035,46.3844,0.482746,390.656,11715,115.34,23.1957,0.267264,91.877,117.872,23.1887,0.0718272,94.6112,233.212,0,0,0
900,2,1,83,1,1,1,4316.62,18644.8,348.153,46.3844,0.482746,254.379,14121.1,120.058,23.1957,0.267264,96.5947,63.4733,23.1887,0.0718272,40.2127,183.531,0,0,0
900,2,1,84,1,1,1,4316.74,18641.8,454.689,46.3844,0.482746,361.225,12223.6,114.835,23.1957,0.267264,91.3716,82.4074,23.1887,0.0718272,59.1469,197.242,0,0,0
900,2,1,85,1,1,1,4345.39,18663.3,478.998,46.3844,0.482746,385.605,11812.9,107.399,23.1957,0.267264,83.9358,117.796,23.1887,0.0718272,94.5354,225.195,0,0,0
900,2,1,86,1,1,1,4318.57,18652.6,487.019,46.3844,0.482746,393.649,11659.6,112.838,23.1957,0.267264,89.3755,116.163,23.1887,0.0718272,92.9021,229.001,0,0,0
900,2,1,87,1,1,1,4319.34,18649.1,472.318,46.3844,0.482746,378.905,11917.5,101.499,23.1957,0.267264,78.0359,117.197,23.1887,0.0718272,93.9362,218.696,0,0,0
900,2,1,88,1,1,1,4347.56,18671.4,363.578,46.3844,0.805133,269.527,13872.4,63.0719,23.1957,0.302342,39.5738,111.936,23.1887,0.0718272,88.6752,175.008,0,0,0
900,2,1,89,1,1,1,4322.56,18662.7,487.139,46.3844,0.482746,393.769,11667.5,114.69,23.1957,0.267264,91.2272,118.361,23.1887,0.0718272,95.1003,233.051,0,0,0
900,2,1,90,1,1,1,4324.71,18706.6,326.92,46.3844,0.821837,232.745,14559.6,114.113,23.1957,0.462701,90.4548,54.5413,23.1887,0.0718272,31.2808,168.654,0,0,0
900,2,1,91,1,1,1,4320.71,18684,316.563,46.3844,0.482746,222.698,14722,107.762,23.1957,0.267264,84.2986,52.1752,23.1887,0.0718272,28.9147,159.937,0,0,0
900,2,1,92,1,1,1,4351.2,18708.2,486.367,46.3844,0.713261,392.764,11726.1,116.101,23.1957,0.497779,92.4076,117.265,23.1887,0.0718272,94.0048,233.366,0,0,0
900,2,1,93,1,1,1,4344.11,18676.8,486.384,46.3844,0.678182,392.817,11694.6,117.185,23.1957,0.462701,93.5265,113.089,23.1887,0.0718272,89.8285,230.274,0,0,0
900,2,1,94,1,1,2,10327.3,24644.9,630.006,69.5741,0.537869,514.444,15508.5,110.42,23.1957,0.267264,86.9571,255.025,46.3784,0.12695,208.519,365.445,1,0,0
900,2,1,95,1,1,1,4321.27,18638.4,486.299,46.3844,0.482746,392.927,11658.2,111.748,23.1957,0.267264,88.2854,116.487,23.1887,0.0718272,93.2269,228.236,0,0,0
900,2,1,96,1,0,0,-1,-1,1088.31,23.1957,0.302342,1019.42,275262,-1,-1,-1,-1,-1,-1,-1,-1,-1,0,0,0
900,2,1,97,1,1,1,4344.58,18683.2,335.35,46.3844,0.696557,241.325,14386.3,74.9681,23.1957,0.337421,51.435,116.2,23.1887,0.0718272,92.94,191.169,0,0,0
900,2,1,98,1,1,1,4314.38,18634.5,427.41,46.3844,0.482746,333.866,12701.4,70.0864,23.1957,0.267264,46.6234,110.977,23.1887,0.0718272,87.7169,181.064,0,0,0
900,2,1,99,1,1,1,4346.42,18667.3,361.726,46.3844,0.770054,267.704,13901.4,65.1484,23.1957,0.267264,41.6855,112.228,23.1887,0.0718272,88.9676,177.377,0,0,0
900,2,1,100,1,1,1,4333.34,18646.9,344.72,46.3844,0.482746,250.936,14184.2,78.0239,23.1957,0.267264,54.5609,114.807,23.1887,0.0718272,91.5467,192.831,0,0,0
900,2,1,101,1,1,1,4320.9,18695.9,482.084,46.3844,0.482746,388.7,11790.7,109.92,23.1957,0.267264,86.4571,107.241,23.1887,0.0718272,83.981,217.162,0,0,0
900,2,1,102,1,1,1,4323.2,18645.9,456.631,46.3844,0.482746,363.173,12193.2,112.552,23.1957,0.267264,89.0885,85.5983,23.1887,0.0718272,62.3378,198.15,0,0,0
900,2,1,103,1,1,1,4316.94,18630.8,338.234,46.3844,0.482746,244.431,14283.5,116.453,23.1957,0.267264,92.9905,60.7679,23.1887,0.0718272,37.5074,177.221,0,0,0
900,2,1,104,1,1,1,4319.84,18654.6,486.924,46.3844,0.678182,393.358,11662.8,116.414,23.1957,0.462701,92.7559,117.718,23.1887,0.0718272,94.4578,234.133,0,0,0
900,2,1,105,1,1,1,4331.09,30694.4,727.353,57.9922,1.3714,622.504,19625,383.473,34.8035,1.12084,346.937,89.7411,23.1887,0.106906,66.4455,473.215,0,0,0
900,2,1,106,1,1,1,4316.94,18632.7,486.418,46.3844,0.482746,393.046,11650.4,117.027,23.1957,0.267264,93.5644,116.255,23.1887,0.0718272,92.9941,233.282,0,0,0
900,2,1,107,1,1,1,4337.11,18648.1,431.896,46.3844,0.482746,338.366,12635.2,68.4657,23.1957,0.267264,45.0027,110.701,23.1887,0.0718272,87.4408,179.167,0,0,0
900,2,1,108,1,1,1,4323.34,18637.5,453.904,46.3844,0.517824,360.402,12233.1,86.5822,23.1957,0.267264,63.1193,109.762,23.1887,0.106906,86.4662,196.344,0,0,0
900,2,1,109,1,1,1,4317.07,18641.6,333.649,46.3844,0.517824,239.798,14375.6,115.539,23.1957,0.302342,92.0412,59.3583,23.1887,0.0718272,36.0978,174.898,0,0,0
900,2,1,110,1,1,1,4323.3,18647.7,460.339,46.3844,0.517824,366.856,12128.8,115.482,23.1957,0.267264,92.0195,88.8315,23.1887,0.106906,65.5359,204.314,0,0,0
900,2,1,111,1,1,1,4336.95,24661.4,615.721,52.1883,0.731635,516.832,15478.9,247.901,28.9996,0.516154,218.209,113.358,23.1887,0.0718272,90.0974,361.259,0,0,0
900,2,1,112,1,1,1,4315.02,18634.7,351.034,46.3844,0.482746,257.269,14059.8,72.8748,23.1957,0.267264,49.4118,113.055,23.1887,0.0718272,89.7942,185.929,0,0,0
900,2,1,113,1,1,1,4327.75,24697.7,597.502,52.1883,0.571277,498.72,15839.4,253.406,28.9996,0.355795,223.884,86.461,23.1887,0.0718272,63.2005,339.867,0,0,0
900,2,1,114,1,1,1,4328.39,18642.9,329.328,46.3844,0.482746,235.499,14453.9,72.373,23.1957,0.267264,48.9101,113.206,23.1887,0.0718272,89.9458,185.579,0,0,0
900,2,1,115,1,1,1,4317.9,18635.8,365.926,46.3952,0.50112,272.175,13796.1,118.706,23.2065,0.285638,95.214,66.8573,23.1887,0.0718272,43.5967,185.563,0,0,0
900,2,1,116,1,1,1,4343.64,18675.7,487.883,46.3952,0.536198,394.452,11667,118.093,23.2065,0.320717,94.5661,115.448,23.1887,0.0718272,92.1874,233.541,0,0,0
900,2,1,117,1,1,1,4316.55,18636.3,295.482,46.3844,0.517824,201.52,15049,92.7871,23.1957,0.267264,69.3242,45.4423,23.1887,0.106906,22.1467,138.229,0,0,0
900,2,1,118,1,1,1,4329.03,18653.3,284.069,46.3844,0.517824,190.074,15268.9,89.597,23.1957,0.302342,66.099,41.5449,23.1887,0.0718272,18.2844,131.142,0,0,0
900,2,1,119,1,1,2,10323,24697.3,611.186,69.5741,0.589651,495.517,15895.3,118.541,23.1957,0.302342,95.0426,239.766,46.3784,0.143654,193.244,358.306,1,0,0
900,2,1,120,1,1,1,4316.3,18645.5,398.542,46.3844,0.517824,304.879,13225.5,106.705,23.1957,0.302342,83.2067,66.1895,23.1887,0.0718272,42.929,172.894,0,0,0
900,2,1,121,1,1,1,4320.33,18634.2,414.132,46.3844,0.482746,320.551,12937.2,107.639,23.1957,0.267264,84.1759,68.8317,23.1887,0.0718272,45.5712,176.471,0,0,0
900,2,1,122,0,0,0,-1,-1,315.781,23.206,0.942106,243.996,247701,-1,-1,-1,-1,-1,-1,-1,-1,-1,0,0,0
900,2,1,123,1,1,1,4322.25,18637.7,336.199,46.3844,0.482746,242.39,14326.6,75.1163,23.1957,0.267264,51.6534,113.88,23.1887,0.0718272,90.619,188.996,0,0,0
900,2,1,124,1,1,1,4316.94,18675.7,478.71,46.3844,0.678182,385.121,11830,114.989,23.1957,0.462701,91.3301,111.019,23.1887,0.0718272,87.7584,226.007,0,0,0
900,2,1,125,1,1,1,4340.33,18658.9,487.212,46.3844,0.696557,393.629,11661.6,113.637,23.1957,0.302342,90.1389,115.492,23.1887,0.106906,92.1964,229.129,0,0,0
900,2,1,126,1,1,1,4316.3,18646.1,283.732,46.3844,0.482746,189.771,15268,88.9826,23.1957,0.267264,65.5197,42.0737,23.1887,0.0718272,18.8132,131.056,0,0,0
900,2,1,127,1,1,2,10343.2,24661.4,633.426,69.5741,0.663149,517.748,15464,116.37,23.1957,0.267264,92.9075,259.581,46.3784,0.25223,212.95,375.951,1,0,0
900,2,1,128,1,1,1,4330.3,18672.4,481.208,46.3844,0.482746,387.821,11782.7,109.074,23.1957,0.267264,85.6107,107.364,23.1887,0.0718272,84.1037,216.438,0,0,0
900,2,1,129,1,1,1,4317.26,18631.1,326.684,46.3844,0.482746,232.848,14489.2,112.669,23.1957,0.267264,89.2058,54.9005,23.1887,0.0718272,31.6399,167.569,0,0,0
900,2,1,130,1,1,1,4318.92,18634,378.121,46.3844,0.482746,284.435,13577.4,58.6187,23.1957,0.267264,35.1557,114.547,23.1887,0.0718272,91.2868,173.166,0,0,0
900,2,1,131,1,1,1,4327.94,18718.5,298.938,46.3844,0.713261,204.791,15069.3,95.1888,23.1957,0.497779,71.4953,47.1904,23.1887,0.0718272,23.9298,142.379,0,0,0
900,2,1,132,1,1,1,4320.46,18637.1,308.887,46.3844,0.482746,214.999,14811.6,102.647,23.1957,0.267264,79.1838,50.1899,23.1887,0.0718272,26.9294,152.837,0,0,0
900,2,1,133,1,1,1,4346.94,18688,487.882,46.3844,0.482746,394.515,11679.6,115.869,23.1957,0.267264,92.4058,117.352,23.1887,0.0718272,94.0914,233.221,0,0,0
900,2,1,134,1,1,1,4320.33,18670.3,449.105,46.3844,0.482746,355.625,12351.5,114.71,23.1957,0.267264,91.2471,80.3355,23.1887,0.0718272,57.075,195.046,0,0,0
900,2,1,135,1,1,2,10335.9,24650.4,633.163,69.5741,0.843552,517.304,15456.9,115.111,23.1957,0.267264,91.6477,259.392,46.3784,0.288979,212.725,374.503,1,0,0
900,2,1,136,1,1,1,4327.88,18668.9,487.004,46.3844,0.482746,393.634,11676.1,118.081,23.1957,0.267264,94.6184,115.589,23.1887,0.0718272,92.3282,233.67,0,0,0
900,2,1,137,1,0,0,-1,-1,796.032,23.1957,0.462701,726.132,262381,-1,-1,-1,-1,-1,-1,-1,-1,-1,0,0,0
900,2,1,138,1,1,1,4315.34,18630.5,460.032,46.3844,0.482746,366.584,12117.4,92.1717,23.1957,0.267264,68.7087,114.643,23.1887,0.0718272,91.3824,206.815,0,0,0
900,2,1,139,1,1,1,4373.83,18716.5,486.653,46.3844,0.661478,393.103,11729.3,112.384,23.1957,0.302342,88.8864,120.472,23.1887,0.0718272,97.2119,232.857,0,0,0
900,2,1,140,1,1,1,4328.9,18667.5,370.002,46.3844,0.482746,276.291,13755.3,119.565,23.1957,0.267264,96.102,66.6046,23.1887,0.0718272,43.3441,186.17,0,0,0
900,2,1,141,0,0,0,-1,-1,385.453,23.206,0.551232,314.261,249853,-1,-1,-1,-1,-1,-1,-1,-1,-1,0,0,0
900,2,1,142,1,1,1,4333.26,18650.7,486.423,46.3844,0.482746,393.051,11668.3,117.206,23.1957,0.267264,93.7431,115.84,23.1887,0.0718272,92.579,233.046,0,0,0
900,2,1,143,1,1,1,4319.82,24635,495.568,52.1883,0.571277,396.489,17589.3,242.884,28.9996,0.355795,213.34,65.7058,23.1887,0.0718272,42.4453,308.59,0,0,0
900,2,1,144,1,1,1,4317.9,18671.8,307.656,46.3844,0.678182,213.569,14867.7,101.182,23.1957,0.462701,77.5234,49.7748,23.1887,0.0718272,26.5143,150.957,0,0,0
900,2,1,145,1,1,1,4315.02,18645.3,486.41,46.3844,0.482746,393.039,11663.1,117.737,23.1957,0.267264,94.2737,115.67,23.1887,0.0718272,92.4094,233.407,0,0,0
900,2,1,146,1,1,1,4329.45,18648.5,458.81,46.3844,0.661478,365.18,12156.4,89.2794,23.1957,0.302342,65.7814,113.111,23.1887,0.0718272,89.8502,202.39,0,0,0
900,2,1,147,1,1,1,4332.78,18674.7,414.848,46.3844,0.713261,321.038,12964.3,108.266,23.1957,0.462701,84.6072,69.244,23.1887,0.106906,45.9484,177.51,0,0,0
900,2,1,148,1,1,1,4319.04,18635.6,351.693,46.3844,0.482746,257.929,14048.9,76.3779,23.1957,0.267264,52.9149,116.922,23.1887,0.0718272,93.6619,193.3,0,0,0
900,2,1,149,1,1,1,4321.82,18645.6,409.094,46.3844,0.517824,315.463,13038,107.571,23.1957,0.302342,84.073,68.2903,23.1887,0.0718272,45.0298,175.861,0,0,0
900,2,1,150,1,1,1,4315.02,18634.4,384.765,46.3844,0.482746,291.098,13459.7,110.904,23.1957,0.267264,87.4408,64.9496,23.1887,0.0718272,41.6891,175.853,0,0,0
900,2,1,151,1,1,1,4325.19,18653.4,459.917,46.3844,0.482746,366.468,12142.4,115.585,23.1957,0.267264,92.1224,88.569,23.1887,0.0718272,65.3085,204.154,0,0,0
900,2,1,152,1,1,1,4326.18,18645.4,365.874,46.3844,0.517824,272.117,13806.3,63.0123,23.1957,0.302342,39.5143,112.8,23.1887,0.0718272,89.5397,175.813,0,0,0
900,2,1,153,1,1,1,4338.23,18676.9,418.621,46.3844,0.678182,324.857,12899.7,67.8814,23.1957,0.462701,44.223,111.075,23.1887,0.0718272,87.8143,178.956,0,0,0
900,2,1,154,1,1,2,10322.9,24636.1,595.344,69.5741,0.663149,479.555,16115.9,72.4452,23.1957,0.267264,48.9823,264.639,46.3784,0.108576,218.152,337.084,1,0,0
900,2,1,155,1,1,1,4329.83,18648,487.249,46.3844,0.482746,393.88,11650.9,115.708,23.1957,0.267264,92.2451,116.045,23.1887,0.0718272,92.7848,231.753,0,0,0
900,2,1,156,1,0,0,-1,-1,1027.41,23.1957,0.302342,958.342,270056,-1,-1,-1,-1,-1,-1,-1,-1,-1,0,0,0
900,2,1,157,1,1,1,4357.47,18670.4,351.844,46.3844,0.50112,258.063,14080.8,76.0476,23.1957,0.267264,52.5847,116.923,23.1887,0.0902016,93.6439,192.97,0,0,0
900,2,1,158,1,1,1,4332.38,18690.3,487.064,46.3844,0.482746,393.694,11696.5,112.274,23.1957,0.267264,88.8106,115.883,23.1887,0.0718272,92.6223,228.156,0,0,0
900,2,1,159,1,1,1,4319.85,18643.2,436.159,46.3844,0.552902,342.571,12554.1,68.099,23.1957,0.337421,44.5659,108.249,23.1887,0.0718272,84.988,176.348,0,0,0
900,2,1,160,1,1,1,4335.24,18678.6,488.242,46.3844,0.482746,394.876,11663.8,118.534,23.1957,0.267264,95.0714,112.004,23.1887,0.0718272,88.7438,230.539,0,0,0
900,2,1,161,1,1,1,4318.38,18634.8,435.078,46.3844,0.482746,341.557,12565.4,68.3231,23.1957,0.267264,44.8601,108.22,23.1887,0.0718272,84.9592,176.543,0,0,0
900,2,1,162,1,1,1,4337.32,18650.7,409.808,46.3844,0.661478,316.035,13030,67.1066,23.1957,0.267264,43.6437,116.113,23.1887,0.106906,92.8173,183.219,0,0,0
900,2,1,163,1,1,1,4352.02,18706.4,489.453,46.3844,0.552902,396.02,11669.6,118.094,23.1957,0.267264,94.6311,121.636,23.1887,0.141984,98.3057,239.73,0,0,0
900,2,1,164,1,1,1,4318.27,24659.3,492.755,52.1883,1.08743,393.152,17662.8,246.695,28.9996,0.871949,216.641,66.9511,23.1887,0.0718272,43.6906,313.646,0,0,0
900,2,1,165,1,1,1,4360.36,18679.7,475.071,46.3844,0.482746,381.666,11899.1,115.037,23.1957,0.267264,91.5737,107.969,23.1887,0.0718272,84.7083,223.006,0,0,0
900,2,1,166,1,1,1,4317.38,24667.7,609.775,52.1883,0.536198,511.063,15591.4,253.053,28.9996,0.320717,223.568,103.991,23.1887,0.0718272,80.7305,357.044,0,0,0
900,2,1,167,1,1,1,4317.26,18673.4,486.386,46.3844,0.678182,392.818,11691.1,110.803,23.1957,0.462701,87.1448,112.273,23.1887,0.0718272,89.0127,223.076,0,0,0
900,2,1,168,1,1,1,4321.14,18640.9,444.333,46.3844,0.482746,350.839,12406.9,114.024,23.1957,0.267264,90.5613,80.8084,23.1887,0.0718272,57.5479,194.833,0,0,0
900,2,1,169,1,1,1,4347.9,18664.9,436.509,46.3844,0.770054,342.704,12569.3,68.0812,23.1957,0.267264,44.6183,108.294,23.1887,0.0718272,85.0332,176.375,0,0,0
900,2,1,170,1,1,1,4321.22,18640.6,351.013,46.3844,0.482746,257.247,14066.1,77.4572,23.1957,0.267264,53.9942,116.524,23.1887,0.0718272,93.263,193.981,0,0,0
900,2,1,171,1,1,1,4345.42,18682.4,470.015,46.3844,0.517824,376.561,11991.5,117.394,23.1957,0.267264,93.9308,100.413,23.1887,0.106906,77.1173,217.807,0,0,0
900,2,1,172,1,1,1,4317.58,24639,567.676,52.1883,0.731635,468.647,16310.9,246.104,28.9996,0.516154,216.408,76.9768,23.1887,0.0718272,53.7163,323.081,0,0,0
900,2,1,173,1,1,1,4331.59,18657.4,486.069,46.3844,0.517824,392.661,11681,114.513,23.1957,0.267264,91.0504,118.732,23.1887,0.106906,95.436,233.245,0,0,0
900,2,1,174,1,0,0,-1,-1,1088.49,23.1957,0.267264,1019.63,275262,-1,-1,-1,-1,-1,-1,-1,-1,-1,0,0,0
900,2,1,175,1,1,1,4335.46,18671,489.357,46.3844,0.678182,395.798,11635.9,116.342,23.1957,0.462701,92.6837,121.315,23.1887,0.0718272,98.0548,237.657,0,0,0
900,2,1,176,1,1,1,4319.18,18636.1,363.032,46.3844,0.482746,269.301,13847.8,119.421,23.1957,0.267264,95.9576,67.146,23.1887,0.0718272,43.8855,186.567,0,0,0
900,2,1,177,1,1,1,4318.93,18644.8,461.693,46.3844,0.482746,368.25,12102.2,115.461,23.1957,0.267264,91.9979,90.4983,23.1887,0.0718272,67.2378,205.959,0,0,0
900,2,1,178,1,1,1,4350.38,18696.7,475.511,46.3844,0.517824,382.073,11908.1,114.532,23.1957,0.302342,91.0341,108.972,23.1887,0.0718272,85.7118,223.504,0,0,0
900,2,1,179,1,1,1,4316.94,18636.3,427.84,46.3844,0.482746,334.298,12695.6,70.3156,23.1957,0.267264,46.8526,110.977,23.1887,0.0718272,87.7169,181.293,0,0,0
900,2,1,180,1,1,1,4320.58,18651.2,372.742,46.3844,0.482746,279.04,13690.2,116.161,23.1957,0.267264,92.6981,65.8393,23.1887,0.0718272,42.5788,182,0,0,0
900,2,1,181,1,1,1,4351.71,18746.7,492.978,46.3844,0.713261,399.395,11647,119.42,23.1957,0.497779,95.7266,119.772,23.1887,0.0718272,96.5117,239.192,0,0,0
900,2,1,182,1,1,1,4314.76,18642.4,426.17,46.3844,0.482746,332.623,12731.4,108.462,23.1957,0.267264,84.9989,76.6302,23.1887,0.0718272,53.3697,185.092,0,0,0
900,2,1,183,0,0,0,-1,-1,898.817,23.206,0.551232,829.118,265435,-1,-1,-1,-1,-1,-1,-1,-1,-1,0,0,0
900,2,1,184,1,1,1,4340.72,30709,732.773,57.9922,0.925402,628.386,19543.8,383.358,34.8035,0.70992,347.231,96.1672,23.1887,0.0718272,72.9067,479.525,0,0,0
900,2,1,185,1,1,1,4316.23,24645,616.662,52.1883,0.731635,517.775,15445.8,247.284,28.9996,0.516154,217.59,117.381,23.1887,0.0718272,94.1203,364.665,0,0,0
900,2,1,186,1,1,1,4315.66,18637.1,485.575,46.3844,0.482746,392.201,11669.7,113.405,23.1957,0.267264,89.9422,117.354,23.1887,0.0718272,94.0932,230.759,0,0,0
900,2,1,187,1,1,1,4316.94,18646.2,383.864,46.3844,0.482746,290.194,13487.5,110.223,23.1957,0.267264,86.7603,64.9117,23.1887,0.0718272,41.6512,175.135,0,0,0
900,2,1,188,1,1,1,4318.7,18646.3,486.472,46.3844,0.482746,393.1,11663.1,116.425,23.1957,0.267264,92.9616,117.332,23.1887,0.0718272,94.0716,233.757,0,0,0
900,2,1,189,1,1,1,4323.66,18689.3,485.87,46.3844,0.783418,392.196,11715.5,115.059,23.1957,0.567936,91.2958,116.639,23.1887,0.0718272,93.3785,231.698,0,0,0
900,2,1,190,1,1,1,4316.94,18652.2,436.607,46.3844,0.482746,343.091,12555.6,112.275,23.1957,0.267264,88.8124,76.6808,23.1887,0.0718272,53.4203,188.956,0,0,0
900,2,1,191,1,1,1,4333.09,18672.3,485.208,46.3844,0.482746,391.833,11711.5,118.987,23.1957,0.267264,95.5245,113.591,23.1887,0.0718272,90.3302,232.578,0,0,0
900,2,1,192,1,1,1,4339.37,18670.5,487.575,46.3844,0.517824,394.172,11667.3,115.863,23.1957,0.267264,92.4003,116.18,23.1887,0.106906,92.884,232.043,0,0,0
900,2,1,193,1,1,1,4327.2,18659,450.271,46.3844,0.482746,356.795,12319.4,116.522,23.1957,0.267264,93.0591,80.5539,23.1887,0.0718272,57.2934,197.076,0,0,0
900,2,1,194,1,1,1,4328.43,18650.3,490.175,46.3844,0.482746,396.814,11601.2,112.073,23.1957,0.267264,88.6103,113.683,23.1887,0.0718272,90.4223,225.756,0,0,0
900,2,1,195,1,1,1,4322.47,18640.8,336.964,46.3844,0.6264,243.015,14315.7,75.5206,23.1957,0.267264,52.0577,113.636,23.1887,0.0718272,90.3754,189.156,0,0,0
900,2,1,196,1,1,1,4316.94,18648.8,364.724,46.3844,0.482746,270.998,13830.4,118.596,23.1957,0.267264,95.1328,66.4981,23.1887,0.0718272,43.2376,185.094,0,0,0
900,2,1,197,1,0,0,-1,-1,1036.95,23.1957,0.267264,967.941,270820,-1,-1,-1,-1,-1,-1,-1,-1,-1,0,0,0
900,2,1,198,1,1,1,4317.06,18636.3,344.878,46.3844,0.482746,251.095,14170.8,77.4445,23.1957,0.267264,53.9816,114.511,23.1887,0.0718272,91.2507,191.956,0,0,0
900,2,1,199,1,1,1,4317.26,18677.4,467.504,46.3844,0.482746,374.077,12031.4,117.484,23.1957,0.267264,94.0211,93.3373,23.1887,0.0718272,70.0768,210.821,0,0,0
900,2,1,200,1,1,1,4324.49,18640.2,484.568,46.3844,0.770054,390.903,11703.1,111.396,23.1957,0.267264,87.9335,111.873,23.1887,0.0718272,88.6121,223.269,0,0,0
900,2,1,201,1,0,0,-1,-1,632.836,23.1957,0.267264,562.657,257424,-1,-1,-1,-1,-1,-1,-1,-1,-1,0,0,0
900,2,1,202,1,1,1,4318.54,18637.3,413.94,46.3844,0.482746,320.357,12943.7,107.271,23.1957,0.267264,83.8077,69.1674,23.1887,0.0718272,45.9069,176.438,0,0,0
900,2,1,203,1,1,1,4326.65,18649.9,487.641,46.3844,0.482746,394.273,11645.8,112.792,23.1957,0.267264,89.3286,116.886,23.1887,0.0718272,93.6258,229.678,0,0,0
900,2,1,204,1,1,1,4317.26,18631.4,489.054,46.3844,0.482746,395.69,11602.2,115.82,23.1957,0.267264,92.357,114.905,23.1887,0.0718272,91.6441,230.725,0,0,0
900,2,1,205,1,1,1,4315.66,18635.2,441.892,46.3844,0.517824,348.355,12444.4,113.09,23.1957,0.302342,89.5921,77.7438,23.1887,0.0718272,54.4833,190.834,0,0,0
900,2,1,206,1,1,1,4323.85,18659.2,489.108,46.3844,0.678182,395.549,11628.6,116.952,23.1957,0.462701,93.2937,113.975,23.1887,0.0718272,90.7147,230.927,0,0,0
900,2,1,207,1,1,1,4344.12,18660.2,348.796,46.3844,0.482746,255.024,14125,76.6685,23.1957,0.267264,53.2055,117.426,23.1887,0.0718272,94.1654,194.094,0,0,0
900,2,1,208,1,1,1,4319.39,18654,369.719,46.3844,0.482746,276.008,13746.8,117.71,23.1957,0.267264,94.2467,65.8809,23.1887,0.0718272,42.6204,183.59,0,0,0
900,2,1,209,1,1,1,4318.27,18651,358.479,46.3844,0.482746,264.735,13943.7,67.2167,23.1957,0.267264,43.7538,114.314,23.1887,0.0718272,91.054,181.531,0,0,0
900,2,1,210,1,1,1,4322.79,18673.4,487.697,46.3844,0.856915,393.955,11667.2,112.995,23.1957,0.497779,89.3015,115.406,23.1887,0.0718272,92.1459,228.401,0,0,0
900,2,1,211,1,1,1,4320.84,18633.9,485.933,46.3844,0.482746,392.56,11660.2,117.618,23.1957,0.267264,94.1546,111.665,23.1887,0.0718272,88.4045,229.283,0,0,0
900,2,1,212,1,1,1,4356.57,18687.7,384.782,46.3844,0.517824,291.08,13512.4,60.113,23.1957,0.267264,36.6501,114.019,23.1887,0.106906,90.7237,174.132,0,0,0
900,2,1,213,1,1,1,4321.2,18660.2,332.299,46.3844,0.482746,238.479,14418.4,115.889,23.1957,0.267264,92.4256,58.3603,23.1887,0.0718272,35.0998,174.249,0,0,0
900,2,1,214,1,1,1,4326.82,18644.7,485.34,46.3844,0.482746,391.965,11681.5,116.168,23.1957,0.267264,92.7054,116.948,23.1887,0.0718272,93.6872,233.116,0,0,0
900,2,1,215,1,1,1,4371.48,18713,488.068,46.3844,0.517824,394.666,11701.1,116.222,23.1957,0.267264,92.7595,114.128,23.1887,0.106906,90.832,230.35,0,0,0
900,2,1,216,1,1,1,4389.77,18705.2,421.588,46.3844,0.913709,327.596,12874.5,67.3521,23.1957,0.267264,43.8891,111.634,23.1887,0.0718272,88.3738,178.986,0,0,0
900,2,1,217,1,1,1,4343.36,18667.9,462.649,46.3844,0.661478,369.029,12107.6,115.566,23.1957,0.267264,92.1026,90.9972,23.1887,0.106906,67.7017,206.563,0,0,0
900,2,1,218,1,1,1,4322.74,18655.8,485.268,46.3844,0.517824,391.858,11693.7,113.637,23.1957,0.302342,90.1389,116.41,23.1887,0.0718272,93.1493,230.047,0,0,0
900,2,1,219,1,1,1,4318.86,18651.2,384.074,46.3844,0.482746,290.405,13488.7,112.55,23.1957,0.267264,89.0867,64.6355,23.1887,0.0718272,41.375,177.185,0,0,0
900,2,1,220,1,1,1,4320.94,18646.2,351.667,46.3844,0.552902,257.834,14059.6,75.4626,23.1957,0.337421,51.9295,115.004,23.1887,0.0718272,91.7434,190.467,0,0,0
900,2,1,221,1,1,1,4314.38,18633.1,418.338,46.3844,0.482746,324.768,12861.3,107.359,23.1957,0.267264,83.8961,72.4467,23.1887,0.0718272,49.1862,179.806,0,0,0
900,2,1,222,1,1,1,4323.14,18643.8,451.169,46.3844,0.482746,357.695,12288.3,115.679,23.1957,0.267264,92.2163,82.1565,23.1887,0.0718272,58.896,197.836,0,0,0
900,2,1,223,1,1,1,4334.5,18652,461.274,46.3844,0.482746,367.829,12116.7,115.152,23.1957,0.267264,91.6893,90.4785,23.1887,0.0718272,67.218,205.631,0,0,0
900,2,1,224,1,1,1,4317.26,18648.1,402.313,46.3844,0.482746,308.697,13161.3,106.922,23.1957,0.267264,83.4594,67.8878,23.1887,0.0718272,44.6273,174.81,0,0,0
900,2,1,225,1,1,1,4324.3,18653.9,363.166,46.3844,0.517824,269.401,13863,121.188,23.1957,0.302342,97.6902,67.0233,23.1887,0.0718272,43.7628,188.212,0,0,0
900,2,1,226,1,1,1,4345.03,18667.9,488.305,46.3844,0.482746,394.939,11652,112.508,23.1957,0.267264,89.0452,116.256,23.1887,0.0718272,92.9959,228.765,0,0,0
900,2,1,227,1,1,1,4318.28,18642.7,441.946,46.3844,0.517824,348.409,12450.9,72.2926,23.1957,0.302342,48.7946,109.853,23.1887,0.0718272,86.5925,182.146,0,0,0
900,2,1,228,0,0,0,-1,-1,918.627,23.206,0.816826,848.72,265952,-1,-1,-1,-1,-1,-1,-1,-1,-1,0,0,0
900,2,1,229,1,1,1,4317.58,18712.6,489.461,46.3844,0.482746,396.098,11676.2,112.636,23.1957,0.267264,89.1734,113.121,23.1887,0.0718272,89.861,225.758,0,0,0
900,2,1,230,1,1,1,4318.02,18633.8,434.772,46.3844,0.482746,341.25,12569.8,68.6155,23.1957,0.267264,45.1525,108.073,23.1887,0.0718272,84.813,176.689,0,0,0
900,2,1,231,1,1,1,4318.22,24690.9,617.173,52.1883,0.75001,518.27,15482.4,243.637,28.9996,0.516154,213.925,111.223,23.1887,0.0902016,87.9443,354.86,0,0,0
900,2,1,232,1,1,1,4330.98,18645.1,473.696,46.406,0.519494,380.23,11889,116.535,23.2173,0.304013,93.014,104.652,23.1887,0.0718272,81.3911,221.187,0,0,0
900,2,1,233,1,1,1,4318.98,24639.8,508.302,52.1883,0.891994,408.941,17367.3,240.225,28.9996,0.676512,210.351,65.5325,23.1887,0.0718272,42.272,305.757,0,0,0
900,2,1,234,1,1,1,4336.87,18695.3,485.303,46.3844,0.913709,391.497,11731.6,111.137,23.1957,0.267264,87.6736,111.822,23.1887,0.0718272,88.5615,222.959,0,0,0
900,2,1,235,1,1,1,4318.54,18682.9,425.449,46.3844,0.713261,331.67,12784,108.636,23.1957,0.497779,84.9429,75.865,23.1887,0.0718272,52.6045,184.501,0,0,0
900,2,1,236,1,1,1,4327.08,18659.4,459.398,46.3844,0.6264,365.804,12157.1,89.2443,23.1957,0.267264,65.7814,113.349,23.1887,0.0718272,90.0884,202.593,0,0,0
900,2,1,237,1,1,1,4317.96,18664.2,456.327,46.3844,0.678182,362.673,12216.5,114.642,23.1957,0.462701,90.9836,82.6998,23.1887,0.0718272,59.4393,197.342,0,0,0
900,2,1,238,1,1,1,4329.87,18678.6,491.608,46.3844,0.517824,398.216,11603.7,115.595,23.1957,0.302342,92.0971,116.036,23.1887,0.0718272,92.7757,231.631,0,0,0
900,2,1,239,1,1,1,4351.17,18686.8,470.17,46.3844,0.6264,376.608,11993,117.21,23.1957,0.267264,93.7467,100.145,23.1887,0.0718272,76.8845,217.355,0,0,0
900,2,1,240,1,1,1,4327.05,18654.4,487.458,46.3844,0.517824,394.055,11653.4,115.898,23.1957,0.267264,92.4346,115.023,23.1887,0.106906,91.7272,230.92,0,0,0
900,2,1,241,1,1,1,4332.41,18672.2,484.54,46.3844,0.517824,391.127,11723,110.262,23.1957,0.302342,86.764,112.369,23.1887,0.0718272,89.1084,222.631,0,0,0
900,2,1,242,1,1,1,4333,24661.7,616.343,52.1883,0.731635,517.456,15468.1,247.497,28.9996,0.516154,217.803,111.517,23.1887,0.0718272,88.2565,359.014,0,0,0
900,2,1,243,1,1,1,4318.89,24639.2,550.227,52.1883,0.731635,451.148,16621.3,243.196,28.9996,0.516154,213.492,69.3425,23.1887,0.0718272,46.082,312.539,0,0,0
900,2,1,244,1,1,1,4327.3,18663.2,489.849,46.3844,0.482746,396.487,11619.8,117.971,23.1957,0.267264,94.5084,117.117,23.1887,0.0718272,93.8568,235.089,0,0,0
900,2,1,245,1,1,1,4325.86,18649.8,357.421,46.3844,0.482746,263.674,13961.3,63.766,23.1957,0.267264,40.303,112.457,23.1887,0.0718272,89.1968,176.223,0,0,0
900,2,1,246,1,1,1,4318.66,18676.9,402.498,46.3844,0.713261,308.651,13186.1,106.485,23.1957,0.497779,82.7916,67.5341,23.1887,0.0718272,44.2735,174.019,0,0,0
900,2,1,247,1,1,1,4351.83,18708.5,479.216,46.3844,0.587981,385.718,11853.5,106.753,23.1957,0.302342,83.2554,118.234,23.1887,0.141984,94.9036,224.988,0,0,0
900,2,1,248,1,1,1,4316.3,18652,449.915,46.3844,0.482746,356.437,12318.8,116.087,23.1957,0.267264,92.6241,80.0431,23.1887,0.0718272,56.7826,196.13,0,0,0
900,2,1,249,1,1,1,4335.5,18662,358.78,46.3844,0.678182,264.842,13948.9,65.0984,23.1957,0.462701,41.44,113.464,23.1887,0.0718272,90.2039,178.563,0,0,0
900,2,1,250,1,1,1,4328.94,18669.3,412.251,46.3844,0.6264,318.52,13005.4,108.588,23.1957,0.267264,85.1252,68.1098,23.1887,0.0718272,44.8493,176.698,0,0,0
900,2,1,251,1,1,1,4364.24,24685.6,495.55,52.1883,0.571277,396.471,17640.3,129.078,28.9996,0.320717,99.2369,109.747,23.1887,0.106906,86.4517,238.825,0,0,0
900,2,1,252,1,1,1,4324.65,24646,360.23,52.1883,0.606355,260.723,20006.7,197.127,28.9996,0.390874,167.413,34.3095,23.1887,0.0718272,11.049,231.436,0,0,0
900,2,1,253,1,1,1,4319.94,18643.4,490.729,46.3844,0.482746,397.37,11584.4,118.365,23.1957,0.267264,94.9018,118.249,23.1887,0.0718272,94.9884,236.614,0,0,0
900,2,1,254,1,1,1,4321.95,18637.7,367.48,46.3844,0.482746,273.763,13770.3,61.3186,23.1957,0.267264,37.8557,113.002,23.1887,0.0718272,89.7419,174.321,0,0,0
900,2,1,255,1,1,1,4352.75,18667.9,486.335,46.3844,0.482746,392.963,11687,114.309,23.1957,0.267264,90.8464,115.197,23.1887,0.0718272,91.9365,229.506,0,0,0
900,2,1,256,1,1,1,4328.2,18643,479.245,46.3844,0.770054,385.565,11787.4,108.117,23.1957,0.267264,84.6541,108.193,23.1887,0.0718272,84.9321,216.31,0,0,0
900,2,1,257,1,1,1,4319.11,18656.3,487.647,46.3844,0.678182,394.083,11651.6,116.64,23.1957,0.462701,92.9815,117.146,23.1887,0.0718272,93.8857,233.786,0,0,0
900,2,1,258,1,1,1,4317.51,18648.1,426.92,46.3844,0.482746,333.375,12723.8,70.0467,23.1957,0.267264,46.5837,111.246,23.1887,0.0718272,87.9858,181.293,0,0,0
900,2,1,259,1,1,1,4318.54,18727.3,324.194,46.3844,0.943776,229.89,14628.2,113.529,23.1957,0.728294,89.6047,53.3682,23.1887,0.0718272,30.1077,166.897,0,0,0
900,2,1,260,1,1,1,4320.49,18664,488.104,46.3844,0.482746,394.737,11651.7,113.698,23.1957,0.267264,90.2346,115.672,23.1887,0.0718272,92.4112,229.369,0,0,0
900,2,1,261,1,1,1,4318.22,18638.5,480.499,46.3844,0.482746,387.11,11761.4,116.836,23.1957,0.267264,93.3731,113.607,23.1887,0.0718272,90.3465,230.443,0,0,0
900,2,1,262,1,1,1,4319.18,18643.8,479.957,46.3844,0.482746,386.567,11776.4,116.625,23.1957,0.267264,93.162,112.481,23.1887,0.0718272,89.2203,229.106,0,0,0
900,2,1,263,1,0,0,-1,-1,751.219,23.1957,0.267264,681.384,260752,-1,-1,-1,-1,-1,-1,-1,-1,-1,0,0,0
900,2,1,264,1,1,1,4349.61,18692.6,352.225,46.3844,0.517824,258.428,14096.2,74.379,23.1957,0.302342,50.8809,114.233,23.1887,0.0718272,90.9727,188.612,0,0,0
900,2,1,265,1,1,1,4322.31,18698.6,486.921,46.3844,0.713261,393.32,11706.6,110.67,23.1957,0.462701,87.0112,112.202,23.1887,0.106906,88.9063,222.871,0,0,0
900,2,1,266,1,1,1,4340.91,18660.6,421.234,46.3844,0.482746,327.672,12837.4,67.9856,23.1957,0.267264,44.5226,110.438,23.1887,0.0718272,87.1773,178.423,0,0,0
900,2,1,267,1,1,1,4346.62,18667.5,488.352,46.3844,0.482746,394.986,11650.8,114.145,23.1957,0.267264,90.6822,115.821,23.1887,0.0718272,92.561,229.967,0,0,0
900,2,1,268,1,1,1,4318.79,18636.2,421.879,46.3844,0.517824,328.284,12801.2,108.101,23.1957,0.267264,84.6379,74.8966,23.1887,0.106906,51.601,182.997,0,0,0
900,2,1,269,1,1,1,4325.97,18649.1,485.829,46.3844,0.482746,392.456,11677.3,115.051,23.1957,0.267264,91.5882,117.565,23.1887,0.0718272,94.3044,232.616,0,0,0
900,2,1,270,1,1,1,4330.06,18672.3,486.689,46.3844,0.482746,393.318,11685.2,110.689,23.1957,0.267264,87.226,112.632,23.1887,0.0718272,89.3719,223.321,0,0,0
900,2,1,271,1,1,1,4317.58,18643.6,484.71,46.3844,0.482746,391.333,11691.6,113.696,23.1957,0.267264,90.2328,118.184,23.1887,0.0718272,94.9235,231.88,0,0,0
900,2,1,272,1,1,1,4342.18,24711.5,600.101,52.1883,0.676512,501.222,15806.3,254.825,28.9996,0.390874,225.272,89.9964,23.1887,0.141984,66.6657,344.821,0,0,0
900,2,1,273,1,1,1,4335.14,18654.7,487.86,46.3844,0.517824,394.457,11646.5,112.205,23.1957,0.267264,88.742,117.057,23.1887,0.106906,93.7612,229.262,0,0,0
900,2,1,274,1,1,1,4329.22,18665.3,486.999,46.3844,0.482746,393.629,11672.6,115.145,23.1957,0.267264,91.682,113.616,23.1887,0.0718272,90.3555,228.761,0,0,0
900,2,1,275,1,1,1,4326.49,18656.5,481.86,46.3844,0.517824,388.44,11754.9,109.516,23.1957,0.267264,86.0529,107.952,23.1887,0.106906,84.6559,217.467,0,0,0
900,2,1,276,1,1,1,4326.27,18652.2,329.124,46.3844,0.661478,235.117,14466.2,72.4099,23.1957,0.302342,48.9119,113.109,23.1887,0.0718272,89.8484,185.519,0,0,0
900,2,1,277,1,1,1,4315.02,18678.4,470.124,46.3844,0.482746,376.705,11985.8,116.834,23.1957,0.267264,93.3713,100.575,23.1887,0.0718272,77.314,217.409,0,0,0
900,2,1,278,1,1,1,4337.58,18653,438.735,46.3844,0.6264,345.081,12518.2,69.406,23.1957,0.267264,45.943,108.615,23.1887,0.0718272,85.3544,178.021,0,0,0
900,2,1,279,1,1,1,4325.97,18666.4,474.445,46.3844,0.821837,380.699,11896.1,117.142,23.1957,0.462701,93.4832,104.264,23.1887,0.0718272,81.003,221.405,0,0,0
900,2,1,280,1,1,1,4327.89,18644.9,338.153,46.3844,0.482746,244.35,14299.1,75.8671,23.1957,0.267264,52.4042,114.484,23.1887,0.0718272,91.2236,190.351,0,0,0
900,2,1,281,1,1,1,4318.25,18633.7,378.19,46.3844,0.482746,284.503,13575.9,58.8713,23.1957,0.267264,35.4084,114.648,23.1887,0.0718272,91.3879,173.52,0,0,0
900,2,1,282,1,1,1,4319.24,18665.2,464.384,46.3844,0.517824,370.913,12074.4,116.645,23.1957,0.267264,93.1818,91.2265,23.1887,0.106906,67.9309,207.871,0,0,0
900,2,1,283,1,1,1,4353.55,18668.7,367.402,46.3844,0.6264,273.541,13802.3,62.1272,23.1957,0.267264,38.6642,112.535,23.1887,0.0718272,89.2744,174.662,0,0,0
900,2,1,284,1,1,1,4318.42,18646.7,362.076,46.3844,0.482746,268.343,13875.4,64.6196,23.1957,0.267264,41.1567,112.017,23.1887,0.0718272,88.7565,176.637,0,0,0
900,2,1,285,1,1,1,4319.31,18630.6,416.672,46.3844,0.482746,323.097,12888.5,68.4368,23.1957,0.267264,44.9738,110.662,23.1887,0.0718272,87.401,179.098,0,0,0
900,2,1,286,1,1,1,4327.5,18649.6,442.386,46.3844,0.517824,348.852,12450,72.1781,23.1957,0.267264,48.7152,109.612,23.1887,0.106906,86.3164,181.79,0,0,0
900,2,1,287,1,1,1,4315.98,18674.2,289.237,46.3844,0.482746,195.292,15198.2,91.2476,23.1957,0.267264,67.7847,42.783,23.1887,0.0718272,19.5225,134.031,0,0,0
900,2,1,288,1,1,1,4324.66,18679.9,487.02,46.3844,0.482746,393.65,11686.8,117.545,23.1957,0.267264,94.0824,118.819,23.1887,0.0718272,95.5587,236.365,0,0,0
900,2,1,289,1,1,1,4351.05,18679.5,335.058,46.3844,0.482746,241.246,14388.6,74.7788,23.1957,0.267264,51.3159,116.441,23.1887,0.0718272,93.18,191.219,0,0,0
900,2,1,290,1,1,1,4315.98,18667.9,337.715,46.3844,0.873619,243.52,14328.9,117.909,23.1957,0.658138,94.0553,60.2427,23.1887,0.0718272,36.9822,178.152,0,0,0
900,2,1,291,1,1,2,10331.6,24656.7,639.689,69.5741,0.519494,524.173,15348.4,115.585,23.1957,0.267264,92.1224,270.479,46.3784,0.108576,223.992,386.064,1,0,0
900,2,1,292,1,1,1,4324.39,18660.1,487.841,46.3844,0.482746,394.473,11652.4,116.333,23.1957,0.267264,92.8696,117.978,23.1887,0.0718272,94.7177,234.311,0,0,0
900,2,1,293,1,1,1,4325.48,18683,487.945,46.3844,0.821837,394.239,11672.6,116.102,23.1957,0.462701,92.4437,118.014,23.1887,0.0718272,94.7538,234.116,0,0,0
900,2,1,294,1,1,1,4350.1,18679.7,434.412,46.3844,0.482746,340.889,12622.2,66.8233,23.1957,0.267264,43.3603,109.44,23.1887,0.0718272,86.1792,176.263,0,0,0
900,2,1,295,1,1,1,4317.58,18631.7,454.297,46.3844,0.482746,360.832,12220.6,114.241,23.1957,0.267264,90.7778,82.2323,23.1887,0.0718272,58.9718,196.473,0,0,0
900,2,1,296,1,1,1,4323.59,18651.8,402.236,46.3844,0.482746,308.619,13166.4,106.251,23.1957,0.267264,82.788,67.4763,23.1887,0.0718272,44.2158,173.727,0,0,0
900,2,1,297,1,1,1,4319.18,18649.9,397.174,46.3844,0.678182,303.347,13254,109.533,23.1957,0.462701,85.8742,66.0379,23.1887,0.0718272,42.7774,175.57,0,0,0
900,2,1,298,1,1,1,4360.42,18686.9,326.697,46.3844,0.948787,232.395,14543.3,70.773,23.1957,0.302342,47.2749,111.235,23.1887,0.0718272,87.975,182.008,0,0,0
900,2,1,299,1,1,1,4316.62,18656.8,367.917,46.3844,0.517824,274.165,13781.4,118.468,23.1957,0.302342,94.9704,65.5091,23.1887,0.0718272,42.2486,183.977,0,0,0
900,2,1,300,1,1,1,4326.28,18647.6,331.979,46.3844,0.482746,238.158,14411.5,73.1275,23.1957,0.267264,49.6645,114.165,23.1887,0.0718272,90.9042,187.292,0,0,0
900,2,1,301,1,1,1,4318.22,18633.6,477.504,46.3844,0.482746,384.107,11809.8,114.719,23.1957,0.267264,91.2561,111.546,23.1887,0.0718272,88.2854,226.265,0,0,0
900,2,1,302,1,1,1,4319.93,18653.9,488.221,46.3844,0.678182,394.659,11639.1,119.311,23.1957,0.462701,95.6526,111.728,23.1887,0.0718272,88.4677,231.039,0,0,0
900,2,1,303,1,1,1,4343.74,18665.5,448.492,46.3844,0.482746,355.01,12357.6,79.5056,23.1957,0.267264,56.0426,110.378,23.1887,0.0718272,87.1177,189.884,0,0,0
900,2,1,304,1,1,1,4316.94,18659.5,382.869,46.3844,0.517824,289.161,13518.2,114.198,23.1957,0.302342,90.7002,65.2961,23.1887,0.0718272,42.0356,179.494,0,0,0
900,2,1,305,1,1,1,4322.98,18640.4,400.216,46.3844,0.482746,306.594,13190.9,61.7319,23.1957,0.267264,38.269,115.139,23.1887,0.0718272,91.8788,176.871,0,0,0
900,2,1,306,1,1,1,4343.74,18672.4,487.728,46.3844,0.482746,394.36,11666.8,113.329,23.1957,0.267264,89.8664,117.913,23.1887,0.0718272,94.6527,231.243,0,0,0
900,2,1,307,1,1,1,4319.2,18670.3,490.999,46.3844,0.482746,397.641,11606.5,119.365,23.1957,0.267264,95.9017,117.798,23.1887,0.0718272,94.5372,237.162,0,0,0
900,2,1,308,1,0,0,-1,-1,929.43,23.1957,0.462701,859.919,266267,-1,-1,-1,-1,-1,-1,-1,-1,-1,0,0,0
900,2,1,309,1,1,1,4319.62,18643.4,487.024,46.3844,0.482746,393.654,11650.3,116.753,23.1957,0.267264,93.2901,112.174,23.1887,0.0718272,88.9135,228.927,0,0,0
900,2,1,310,1,1,1,4357.82,18684.5,341.636,46.3844,0.6264,247.7,14276.3,76.8706,23.1957,0.267264,53.4076,115.464,23.1887,0.0718272,92.2036,192.335,0,0,0
900,2,1,311,1,1,1,4342.62,18663.6,435.114,46.3844,0.482746,341.593,12593.5,68.305,23.1957,0.267264,44.8421,109.138,23.1887,0.0718272,85.8778,177.443,0,0,0
900,2,1,312,1,1,1,4336.34,18652.4,356.381,46.3844,0.482746,262.631,13982.4,71.3786,23.1957,0.267264,47.9156,115.811,23.1887,0.0718272,92.5501,187.189,0,0,0
900,2,1,313,1,1,1,4321.9,18664,487.23,46.3844,0.805133,393.538,11679.1,118.154,23.1957,0.302342,94.6563,115.688,23.1887,0.0718272,92.4274,233.842,0,0,0
900,2,1,314,1,1,1,4323.76,18643.4,356.516,46.3844,0.482746,262.766,13971,120.881,23.1957,0.267264,97.4177,65.4694,23.1887,0.0718272,42.2089,186.35,0,0,0
900,2,1,315,1,1,1,4346.13,18674.1,349.039,46.3844,0.678182,255.072,14134.2,77.6147,23.1957,0.462701,53.9563,116.986,23.1887,0.0718272,93.7251,194.6,0,0,0
900,2,1,316,1,1,1,4321.86,18639.7,373.361,46.3844,0.482746,279.661,13667.7,116.683,23.1957,0.267264,93.2197,65.2907,23.1887,0.0718272,42.0302,181.973,0,0,0
900,2,1,317,1,1,1,4323.96,18654.9,290.725,46.3844,0.482746,196.785,15152.3,90.5997,23.1957,0.267264,67.1368,43.2685,23.1887,0.0718272,20.008,133.868,0,0,0
900,2,1,318,1,1,1,4318.22,18641.4,361.619,46.3844,0.482746,267.885,13878.2,120.489,23.1957,0.267264,97.026,67.3825,23.1887,0.0718272,44.1219,187.871,0,0,0
900,2,1,319,1,1,1,4318.54,18631.9,486.349,46.3844,0.482746,392.977,11650.8,113.58,23.1957,0.267264,90.1173,115.914,23.1887,0.0718272,92.653,229.494,0,0,0
900,2,1,320,1,1,1,4327.79,18645.3,377.865,46.3844,0.517824,284.142,13593,58.7558,23.1957,0.267264,35.2929,115.281,23.1887,0.106906,91.9852,174.037,0,0,0
900,2,1,321,1,0,0,-1,-1,1052.65,23.1957,0.267264,983.69,272104,-1,-1,-1,-1,-1,-1,-1,-1,-1,0,0,0
900,2,1,322,1,1,1,4328.97,18663.5,357.504,46.3844,0.482746,263.757,13973.6,71.8027,23.1957,0.267264,48.3398,115.002,23.1887,0.0718272,91.7416,186.805,0,0,0
900,2,1,323,1,1,1,4322.95,18646.1,356.526,46.3844,0.482746,262.777,13973.5,70.3174,23.1957,0.267264,46.8544,114.511,23.1887,0.0718272,91.2507,184.829,0,0,0
900,2,1,324,1,1,1,4329.63,18701.1,485.785,46.3844,0.873619,392.021,11729.1,114.061,23.1957,0.658138,90.2075,118.846,23.1887,0.0718272,95.5858,232.908,0,0,0
900,2,1,325,1,1,1,4325.99,18648.6,487.444,46.3844,0.517824,394.04,11647.8,115.909,23.1957,0.302342,92.4112,115.085,23.1887,0.0718272,91.8246,230.994,0,0,0
900,2,1,326,1,1,1,4337.8,18707.4,488.095,46.3952,0.696557,394.504,11694.8,120.609,23.2065,0.481075,96.9214,108.431,23.1887,0.0718272,85.1703,229.04,0,0,0
900,2,1,327,1,1,1,4317.26,18636.8,444.224,46.3844,0.517824,350.694,12404.5,76.9743,23.1957,0.302342,53.4762,106.489,23.1887,0.0718272,83.2284,183.463,0,0,0
900,2,1,328,1,1,1,4314.7,18678.3,482.07,46.3844,0.482746,388.685,11773.3,109.59,23.1957,0.267264,86.1269,108.696,23.1887,0.0718272,85.4356,218.286,0,0,0
900,2,1,329,1,1,2,10358.1,24676,507.289,69.5741,0.825178,391.082,17721,65.0889,23.1957,0.267264,41.6259,258.396,46.3784,0.12695,211.891,323.485,1,0,0
900,2,1,330,1,1,1,4327.46,18675.6,473.469,46.3844,0.6264,379.916,11923.1,115.88,23.1957,0.267264,92.4166,103.856,23.1887,0.0718272,80.5951,219.735,0,0,0
900,2,1,331,1,1,1,4359.43,18686.8,486.848,46.3844,0.517824,393.443,11696.6,114.773,23.1957,0.267264,91.3102,119.389,23.1887,0.106906,96.093,234.162,0,0,0
900,2,1,332,1,1,1,4318.22,18656.7,402.493,46.3844,0.482746,308.877,13166.7,106.769,23.1957,0.267264,83.306,67.8878,23.1887,0.0718272,44.6273,174.657,0,0,0
900,2,1,333,1,1,1,4319.62,18636.8,350.215,46.3952,0.50112,256.419,14076.4,78.0296,23.2065,0.285638,54.5374,116.117,23.1887,0.0718272,92.857,194.147,0,0,0
900,2,1,334,1,1,1,4339.3,18658.4,410.443,46.3844,0.6264,316.706,13026.7,107.35,23.1957,0.267264,83.8871,69.4526,23.1887,0.0718272,46.1921,176.803,0,0,0
900,2,1,335,1,1,1,4337.21,18675.7,482.185,46.3844,0.482746,388.801,11768.6,110.048,23.1957,0.267264,86.5853,119.187,23.1887,0.0718272,95.9269,229.236,0,0,0
900,2,1,336,1,0,0,-1,-1,969.348,23.1957,0.337421,900.077,267543,-1,-1,-1,-1,-1,-1,-1,-1,-1,0,0,0
900,2,1,337,1,1,1,4316.3,18637.7,398.627,46.3844,0.482746,305,13216.4,108.539,23.1957,0.267264,85.0765,66.8121,23.1887,0.0718272,43.5516,175.352,0,0,0
900,2,1,338,1,1,1,4327.5,18680.6,479.557,46.3844,0.517824,386.13,11820,108.347,23.1957,0.302342,84.8491,108.373,23.1887,0.0718272,85.1126,216.72,0,0,0
900,2,1,339,1,1,1,4322.57,18671.8,485.861,46.3844,0.552902,392.418,11698.9,109.449,23.1957,0.267264,85.9861,112.315,23.1887,0.141984,88.9839,221.764,0,0,0
900,2,1,340,1,1,1,4317.26,18637.5,485.842,46.3844,0.482746,392.468,11665.4,109.485,23.1957,0.267264,86.0222,112.524,23.1887,0.0718272,89.2636,222.009,0,0,0
900,2,1,341,1,1,1,4334.85,18661.7,340.672,46.3844,0.482746,246.877,14271,76.6414,23.1957,0.267264,53.1784,115.48,23.1887,0.0718272,92.2199,192.122,0,0,0
900,2,1,342,1,1,1,4321.27,18637.4,484.971,46.3844,0.482746,391.595,11680.8,117.224,23.1957,0.267264,93.7612,117.448,23.1887,0.0718272,94.1871,234.672,0,0,0
900,2,1,343,1,1,1,4327.69,18659,291.301,46.3844,0.482746,197.362,15146.3,91.4696,23.1957,0.267264,68.0067,43.2703,23.1887,0.0718272,20.0098,134.74,0,0,0
900,2,1,344,1,1,1,4322.76,24669.3,345.099,52.1883,0.50112,245.653,20299.8,191.532,28.9996,0.285638,161.903,29.9238,23.1887,0.0718272,6.66332,221.456,0,0,0
900,2,1,345,1,1,1,4319.59,18635.8,490.554,46.3844,0.6264,397.051,11579.5,114.849,23.1957,0.267264,91.386,115.533,23.1887,0.0718272,92.2722,230.382,0,0,0
900,2,1,346,1,1,1,4326.18,18664,411.094,46.3844,1.21271,316.773,13019.3,107.498,23.1957,0.853574,83.4485,68.6982,23.1887,0.0718272,45.4376,176.196,0,0,0
900,2,1,347,1,1,1,4320.58,18684.3,342.024,46.3844,0.482746,248.232,14269.6,117.834,23.1957,0.267264,94.3712,62.0023,23.1887,0.0718272,38.7418,179.836,0,0,0
900,2,1,348,1,1,1,4315.98,18682.9,484.18,46.3844,0.713261,390.571,11739.7,116.336,23.1957,0.497779,92.6422,106.469,23.1887,0.0718272,83.2085,222.805,0,0,0
900,2,1,349,1,1,1,4318.13,18643,487.154,46.3844,0.482746,393.784,11647.6,114.968,23.1957,0.267264,91.5052,115.513,23.1887,0.0718272,92.2524,230.481,0,0,0
900,2,1,350,1,1,2,10333.4,24660.7,633.703,69.5741,1.28955,517.4,15456.7,110.774,23.1957,0.462701,87.1159,271.144,46.3784,0.683194,224.082,381.918,1,0,0
900,2,1,351,1,1,1,4328.59,18652.1,484.597,46.3844,0.517824,391.185,11701.9,118.773,23.1957,0.302342,95.2754,113.437,23.1887,0.0718272,90.1768,232.211,0,0,0
900,2,1,352,1,1,1,4323.11,18677.2,487.158,46.3844,0.517824,393.753,11681.5,112.736,23.1957,0.267264,89.2726,115.283,23.1887,0.106906,91.987,228.018,0,0,0
900,2,1,353,1,1,1,4350.42,18702.4,485.805,46.3844,0.517824,392.396,11730.7,114.147,23.1957,0.267264,90.684,117.928,23.1887,0.106906,94.6329,232.075,0,0,0
900,2,1,354,1,1,1,4329.04,18645.4,378.939,46.3844,0.6264,285.111,13573.9,57.9238,23.1957,0.267264,34.4609,113.845,23.1887,0.0718272,90.5847,171.769,0,0,0
900,2,1,355,1,1,1,4325.22,18648,435.857,46.3844,0.482746,342.338,12564.7,68.0145,23.1957,0.267264,44.5515,108.326,23.1887,0.0718272,85.0656,176.341,0,0,0
900,2,1,356,1,1,1,4316.62,18647,483.961,46.3844,0.482746,390.582,11708.4,115.08,23.1957,0.267264,91.6171,106.247,23.1887,0.0718272,82.9865,221.327,0,0,0
900,2,1,357,1,1,1,4317.58,18700.4,335.199,46.3844,0.713261,241.157,14406.3,116.857,23.1957,0.497779,93.1638,59.8312,23.1887,0.0718272,36.5707,176.688,0,0,0
900,2,1,358,1,1,1,4316.94,18650.9,486.022,46.3844,0.482746,392.649,11675.7,111.849,23.1957,0.267264,88.3865,115.56,23.1887,0.0718272,92.2993,227.409,0,0,0
900,2,1,359,1,1,1,4316.62,18642.8,427.892,46.3844,0.482746,334.35,12701.2,109.319,23.1957,0.267264,85.8561,76.688,23.1887,0.0718272,53.4275,186.007,0,0,0
900,2,1,360,1,1,1,4345.1,18663.8,410.999,46.3844,0.482746,317.408,13022.5,67.1048,23.1957,0.267264,43.6419,116.056,23.1887,0.0718272,92.7956,183.161,0,0,0
900,2,1,361,1,1,1,4351.75,18694.4,487.62,46.3844,0.517824,394.217,11690.4,114.633,23.1957,0.302342,91.1352,116.699,23.1887,0.0718272,93.4381,231.332,0,0,0
900,2,1,362,1,1,1,4327.91,18656,484.84,46.3844,0.6264,391.32,11701.3,118.329,23.1957,0.267264,94.8657,113.275,23.1887,0.0718272,90.0144,231.604,0,0,0
900,2,1,363,1,1,1,4323.4,18715,370.962,46.3844,0.873619,276.864,13784.8,119.936,23.1957,0.658138,96.0821,65.547,23.1887,0.0718272,42.2865,185.483,0,0,0
900,2,1,364,1,1,1,4328.71,18654.5,413.951,46.3844,0.482746,320.368,12960.8,68.0794,23.1957,0.267264,44.6165,113.912,23.1887,0.0718272,90.6515,181.991,0,0,0
900,2,1,365,1,1,1,4319.5,18642.6,358.661,46.3844,0.482746,264.918,13932.1,68.6046,23.1957,0.267264,45.1417,114.181,23.1887,0.0718272,90.9204,182.786,0,0,0
900,2,1,366,1,1,1,4323.76,18645.9,486.817,46.3844,0.482746,393.446,11656.4,115.468,23.1957,0.267264,92.0051,114.87,23.1887,0.0718272,91.6098,230.338,0,0,0
900,2,1,367,1,1,1,4318.47,18657.7,327.059,46.3844,0.482746,233.223,14509.1,112.75,23.1957,0.267264,89.2871,55.2524,23.1887,0.0718272,31.9919,168.002,0,0,0
900,2,1,368,1,1,1,4321.22,24659.8,618.422,52.1883,1.26616,519.006,15447.5,245.791,28.9996,0.907027,215.701,118.808,23.1887,0.0718272,95.5479,364.6,0,0,0
900,2,1,369,1,1,1,4319.18,18636,398.856,46.3844,0.482746,305.23,13210.7,108.07,23.1957,0.267264,84.6072,67.0486,23.1887,0.0718272,43.7881,175.119,0,0,0
900,2,1,370,1,1,1,4341.98,18677.5,425.237,46.3844,0.6264,331.544,12782.7,107.749,23.1957,0.267264,84.286,75.9751,23.1887,0.0718272,52.7146,183.724,0,0,0
900,2,1,371,1,1,2,4376.91,18692.9,380.57,69.5741,0.698227,264.122,13991.5,72.3406,23.1957,0.267264,48.8776,139.26,46.3784,0.143654,92.7378,211.6,1,0,0
900,2,1,372,1,1,1,4325.96,18644.1,399.349,46.3844,0.482746,305.724,13210,107.361,23.1957,0.267264,83.8979,67.2164,23.1887,0.0718272,43.9559,174.577,0,0,0
900,2,1,373,1,1,1,4317.9,18651.5,486.777,46.3844,0.482746,393.407,11662.7,115.057,23.1957,0.267264,91.5936,118.606,23.1887,0.0718272,95.3458,233.663,0,0,0
900,2,1,374,1,1,1,4317.58,24641.2,293.443,52.1883,0.696557,193.651,21189.8,160.338,28.9996,0.481075,130.427,26.2817,23.1887,0.0718272,3.02124,186.62,0,0,0
900,2,1,375,1,1,1,4316.87,18653.2,489.302,46.3844,0.482746,395.939,11619.6,119.173,23.1957,0.267264,95.7103,116.287,23.1887,0.0718272,93.0266,235.46,0,0,0
900,2,1,376,1,1,1,4329.11,18645.8,490.284,46.3844,0.6264,396.78,11594.4,116.426,23.1957,0.267264,92.9634,115.755,23.1887,0.0718272,92.4942,232.181,0,0,0
900,2,1,377,1,1,1,4357.03,18673.6,448.421,46.3844,0.482746,354.939,12366.9,80.0308,23.1957,0.267264,56.5678,110.533,23.1887,0.0718272,87.2729,190.564,0,0,0
900,2,1,378,1,1,1,4317.32,18647.5,405.43,46.3844,0.482746,311.823,13105.3,107.076,23.1957,0.267264,83.6128,69.1169,23.1887,0.0718272,45.8564,176.193,0,0,0
900,2,1,379,1,1,1,4317.26,24639.3,564.868,52.1883,0.696557,465.866,16361.4,247.254,28.9996,0.481075,217.596,76.6194,23.1887,0.0718272,53.3589,323.873,0,0,0
900,2,1,380,1,1,1,4334.31,18656.4,488.531,46.3844,0.6264,395.022,11636.1,116.533,23.1957,0.267264,93.0699,120.458,23.1887,0.0718272,97.1975,236.991,0,0,0
900,2,1,381,1,1,1,4315.98,18633.7,427.064,46.3844,0.482746,333.52,12706.8,109.189,23.1957,0.267264,85.7262,76.688,23.1887,0.0718272,53.4275,185.877,0,0,0
900,2,1,382,1,1,1,4324.55,18639.7,421.601,46.3844,0.482746,328.04,12809.9,108.265,23.1957,0.267264,84.8021,74.5277,23.1887,0.0718272,51.2671,182.793,0,0,0
900,2,1,383,1,1,1,4318.79,18679.1,481.589,46.3844,0.552902,388.133,11782.1,110.703,23.1957,0.337421,87.17,107.586,23.1887,0.0718272,84.3257,218.289,0,0,0
900,2,1,384,1,1,1,4322.11,18644.7,489.218,46.3844,0.517824,395.82,11612.3,116.164,23.1957,0.302342,92.6657,113.65,23.1887,0.0718272,90.3898,229.814,0,0,0
900,2,1,385,1,1,1,4339.92,18655,362.395,46.3844,0.482746,268.663,13878.1,63.4609,23.1957,0.267264,39.998,112.49,23.1887,0.0718272,89.2293,175.951,0,0,0
900,2,1,386,1,1,1,4316.62,18634,407.593,46.3844,0.482746,313.992,13053.3,66.9911,23.1957,0.267264,43.5282,116.798,23.1887,0.0718272,93.5374,183.789,0,0,0
900,2,1,387,1,1,1,4323.97,24638.8,593.48,52.1883,0.731635,494.526,15851.9,253.429,28.9996,0.481075,223.79,83.2258,23.1887,0.106906,59.9302,336.654,0,0,0
900,2,1,388,1,1,1,4327.56,18675.1,487.307,46.3844,0.482746,393.937,11676.9,118.758,23.1957,0.267264,95.2952,112.699,23.1887,0.0718272,89.4387,231.457,0,0,0
900,2,1,389,1,1,1,4338.38,18664.4,486.27,46.3844,0.482746,392.898,11684.7,115.908,23.1957,0.267264,92.4455,117.099,23.1887,0.0718272,93.8388,233.008,0,0,0
900,2,1,390,1,1,1,4319.41,18644.3,330.618,46.3844,0.552902,236.723,14432,115.379,23.1957,0.337421,91.8463,57.66,23.1887,0.0718272,34.3995,173.039,0,0,0
900,2,1,391,1,1,1,4321.57,18718,316.97,46.3844,1.06906,222.519,14747.4,108.231,23.1957,0.853574,84.1813,51.7222,23.1887,0.0718272,28.4617,159.953,0,0,0
900,2,1,392,1,1,1,4321.75,18655.2,484.758,46.3844,0.552902,391.311,11701.9,111.286,23.1957,0.267264,87.8234,112.822,23.1887,0.141984,89.491,224.108,0,0,0
900,2,1,393,1,1,1,4316.3,18634,441.079,46.3844,0.482746,347.576,12457.9,112.158,23.1957,0.267264,88.6951,77.5074,23.1887,0.0718272,54.2469,189.665,0,0,0
900,2,1,394,1,1,1,4331.65,18675.2,351.86,46.3844,0.482746,258.097,14085.6,74.324,23.1957,0.267264,50.8611,113.883,23.1887,0.0718272,90.6226,188.207,0,0,0
900,2,1,395,1,1,1,4334.66,18673.4,482.172,46.3844,0.552902,388.718,11766.1,109.587,23.1957,0.302342,86.089,107.722,23.1887,0.106906,84.4267,217.309,0,0,0
900,2,1,396,1,1,1,4320.26,18641.5,411.992,46.3844,0.517824,318.369,12982.4,108.658,23.1957,0.302342,85.1595,68.2271,23.1887,0.0718272,44.9666,176.885,0,0,0
900,2,1,397,1,0,0,-1,-1,1122.98,23.1957,0.337421,1054.16,278117,-1,-1,-1,-1,-1,-1,-1,-1,-1,0,0,0
900,2,1,398,1,1,1,4314.38,18673,482.747,46.3844,0.517824,389.33,11755.7,117.51,23.1957,0.302342,94.012,115.664,23.1887,0.0718272,92.404,233.175,0,0,0
900,2,1,399,1,0,0,-1,-1,966.95,23.1957,0.462701,897.547,267403,-1,-1,-1,-1,-1,-1,-1,-1,-1,0,0,0
900,2,1,400,1,1,2,10319.5,24641.4,629.596,69.5741,0.554573,514.016,15512.3,115.054,23.1957,0.302342,91.5557,258.997,46.3784,0.108576,212.51,374.051,1,0,0
900,2,1,401,1,1,1,4316.62,18642,365.805,46.3844,0.482746,272.083,13804.4,62.6506,23.1957,0.267264,39.1876,112.423,23.1887,0.0718272,89.1625,175.074,0,0,0
900,2,1,402,1,1,1,4345.26,18671,479.525,46.3844,0.770054,385.846,11810.5,115.15,23.1957,0.267264,91.6874,112.174,23.1887,0.0718272,88.9135,227.324,0,0,0
900,2,1,403,1,1,1,4319.21,18646.1,410.519,46.3844,0.678182,316.732,13012.9,67.2786,23.1957,0.462701,43.6202,116.036,23.1887,0.0718272,92.7757,183.315,0,0,0
900,2,1,404,1,1,1,4326.54,18670.4,370.18,46.3844,0.482746,276.47,13755,119.763,23.1957,0.267264,96.3005,66.3645,23.1887,0.0718272,43.104,186.128,0,0,0
900,2,1,405,1,1,1,4315.66,18629.5,383.345,46.3844,0.482746,289.674,13480,111.557,23.1957,0.267264,88.0941,65.2347,23.1887,0.0718272,41.9742,176.792,0,0,0
900,2,1,406,1,1,1,4319.28,18637.9,414.386,46.3844,0.482746,320.805,12936.5,68.8068,23.1957,0.267264,45.3438,112.123,23.1887,0.0718272,88.8629,180.93,0,0,0
900,2,1,407,1,1,2,10320.3,24679,637.445,69.5741,0.75001,521.692,15409.8,113.943,23.1957,0.497779,90.249,269.688,46.3784,0.108576,223.201,383.631,1,0,0
900,2,1,408,1,1,1,4375.79,18694.5,469.074,46.3844,0.517824,375.617,12020.3,117.775,23.1957,0.267264,94.3116,98.1461,23.1887,0.106906,74.8505,215.921,0,0,0
900,2,1,409,1,1,1,4333.94,18665.3,369.895,46.3844,0.482746,276.185,13755,118.995,23.1957,0.267264,95.5317,66.018,23.1887,0.0718272,42.7575,185.013,0,0,0
900,2,1,410,1,1,1,4350.93,18693.4,488.049,46.3844,0.517824,394.647,11681.8,113.926,23.1957,0.302342,90.4277,117.307,23.1887,0.0718272,94.0463,231.233,0,0,0
900,2,1,411,1,1,1,4318.54,18674.1,485.881,46.3844,0.482746,392.508,11701.3,119.11,23.1957,0.267264,95.6472,109.124,23.1887,0.0718272,85.8634,228.234,0,0,0
900,2,1,412,1,1,1,4322.95,18641,444.185,46.3844,0.482746,350.691,12409.6,112.29,23.1957,0.267264,88.8268,79.0559,23.1887,0.0718272,55.7954,191.346,0,0,0
900,2,1,413,1,1,1,4352.75,18688.9,465.51,46.3844,0.713261,371.847,12077.6,116.704,23.1957,0.497779,93.0104,91.8249,23.1887,0.0718272,68.5644,208.529,0,0,0
900,2,1,414,1,1,1,4315.34,18631.9,346.517,46.3844,0.482746,252.739,14137.3,118.646,23.1957,0.267264,95.1833,63.2368,23.1887,0.0718272,39.9763,181.883,0,0,0
900,2,1,415,1,1,1,4324.23,30648.4,746.691,57.9922,0.945446,642.325,19236.4,379.138,34.8035,0.729965,342.986,116.413,23.1887,0.0718272,93.1529,495.552,0,0,0
900,2,1,416,1,1,1,4319.03,18637.3,413.999,46.3844,0.482746,320.417,12942.7,107.893,23.1957,0.267264,84.4303,68.2217,23.1887,0.0718272,44.9612,176.115,0,0,0
900,2,1,417,1,1,1,4333.26,18648.8,369.034,46.3844,0.50112,275.302,13753.6,61.2807,23.1957,0.267264,37.8178,114.549,23.1887,0.0902016,91.2705,175.83,0,0,0
900,2,1,418,1,1,1,4323.14,18639.6,450.619,46.3844,0.482746,357.143,12293.8,115.959,23.1957,0.267264,92.496,81.108,23.1887,0.0718272,57.8474,197.067,0,0,0
900,2,1,419,1,1,1,4330.46,18647.3,435.833,46.3844,0.482746,342.315,12564.5,68.7382,23.1957,0.267264,45.2752,108.158,23.1887,0.0718272,84.8978,176.896,0,0,0
900,2,1,420,1,1,1,4315.66,24642.5,422.794,52.1883,0.696557,323.379,18891,226.642,28.9996,0.481075,196.924,41.8987,23.1887,0.0718272,18.6382,268.541,0,0,0
900,2,1,421,1,1,1,4324.17,18648.2,486.732,46.3844,0.482746,393.362,11660.3,115.621,23.1957,0.267264,92.1585,115.184,23.1887,0.0718272,91.9239,230.806,0,0,0
900,2,1,422,1,1,1,4382.04,18708.7,449.029,46.3844,0.87529,355.156,12389.7,80.0659,23.1957,0.302342,56.5678,110.862,23.1887,0.141984,87.531,190.928,0,0,0
900,2,1,423,1,1,1,4344.08,18705.8,492.281,46.3844,0.517824,398.891,11619,114,23.1957,0.302342,90.5017,116.052,23.1887,0.0718272,92.792,230.052,0,0,0
900,2,1,424,1,1,1,4317.58,18639.8,486.281,46.3844,0.482746,392.909,11659.9,115.798,23.1957,0.267264,92.3354,117.946,23.1887,0.0718272,94.6852,233.744,0,0,0
900,2,1,425,1,1,1,4322.44,18656.2,442.3,46.3844,0.50112,348.781,12458.1,112.967,23.1957,0.267264,89.5036,78.8054,23.1887,0.0902016,55.5265,191.772,0,0,0
900,2,1,426,1,1,1,4329.54,18647.1,491.303,46.3844,0.482746,397.946,11577.9,113.627,23.1957,0.267264,90.1642,116.255,23.1887,0.0718272,92.9941,229.882,0,0,0
900,2,1,427,1,1,1,4332.78,18679.5,488.1,46.3844,0.482746,394.733,11667.3,116.668,23.1957,0.267264,93.2053,118.076,23.1887,0.0718272,94.8152,234.744,0,0,0
900,2,1,428,1,1,1,4314.7,18672.1,486.524,46.3844,0.517824,393.118,11687.6,111.016,23.1957,0.302342,87.5184,112.118,23.1887,0.0718272,88.8575,223.134,0,0,0
900,2,1,429,1,0,0,-1,-1,1017.51,23.1957,0.302342,948.415,269101,-1,-1,-1,-1,-1,-1,-1,-1,-1,0,0,0
900,2,1,430,1,1,1,4334.34,18646.6,434.727,46.3844,0.482746,341.205,12583.4,111.922,23.1957,0.267264,88.4587,77.6175,23.1887,0.0718272,54.357,189.539,0,0,0
900,2,1,431,1,1,1,4316.62,18636.3,346.994,46.3844,0.482746,253.217,14133.2,76.8814,23.1957,0.267264,53.4185,115.881,23.1887,0.0718272,92.6205,192.762,0,0,0
900,2,1,432,0,0,0,-1,-1,833.354,23.206,0.551232,763.465,263393,-1,-1,-1,-1,-1,-1,-1,-1,-1,0,0,0
900,2,1,433,1,1,1,4318.58,18644.6,405.487,46.3844,0.482746,311.88,13101.3,107.251,23.1957,0.267264,83.7878,69.0194,23.1887,0.0718272,45.7589,176.27,0,0,0
900,2,1,434,1,1,1,4317.9,24640.9,335.813,46.3844,0.482746,242.004,20336.6,182.889,23.1957,0.267264,158.902,28.4529,23.1887,0.0718272,5.19241,211.342,0,0,0
900,2,1,435,1,1,1,4315.34,24656.7,454.803,52.1883,0.96215,355.215,18335,240.286,28.9996,0.746669,210.339,56.9507,23.1887,0.0718272,33.6902,297.236,0,0,0
900,2,1,436,1,1,1,4318.47,18649.9,465.778,46.3844,0.482746,372.346,12034.6,116.423,23.1957,0.267264,92.9598,92.6172,23.1887,0.0718272,69.3567,209.04,0,0,0
900,2,1,437,1,1,1,4319.5,18682.1,303.778,46.3844,0.482746,209.875,14947.4,99.9233,23.1957,0.267264,76.4604,48.8941,23.1887,0.0718272,25.6336,148.817,0,0,0
900,2,1,438,1,1,1,4319.92,18636.6,489.405,46.3844,0.482746,396.042,11601.2,110.164,23.1957,0.267264,86.7008,113.32,23.1887,0.0718272,90.0595,223.484,0,0,0
900,2,1,439,1,1,1,4357.5,18713.9,419.756,46.3844,0.713261,325.96,12916.2,68.2514,23.1957,0.462701,44.593,111.554,23.1887,0.106906,88.2583,179.805,0,0,0
900,2,1,440,1,1,1,4317.7,18632.2,415.275,46.3844,0.482746,321.697,12914.9,69.2309,23.1957,0.267264,45.7679,112.47,23.1887,0.0718272,89.2095,181.701,0,0,0
900,2,1,441,1,1,1,4351.18,18664.7,385.051,46.3844,0.552902,291.315,13484.4,60.6707,23.1957,0.267264,37.2078,113.336,23.1887,0.141984,90.0054,174.007,0,0,0
900,2,1,442,1,1,1,4319.62,18652.1,447.919,46.3844,0.482746,354.436,12354.3,113.965,23.1957,0.267264,90.5017,79.9403,23.1887,0.0718272,56.6797,193.905,0,0,0
900,2,1,443,1,1,1,4337.62,18670.9,359.089,46.3844,0.482746,265.347,13952.7,122.231,23.1957,0.267264,98.7677,66.8194,23.1887,0.0718272,43.5588,189.05,0,0,0
900,2,1,444,1,1,1,4314.7,24642.7,528.325,52.1883,1.08743,428.826,17013.6,241.535,28.9996,0.871949,211.468,66.1714,23.1887,0.0718272,42.9109,307.706,0,0,0
900,2,1,445,1,1,1,4317.9,18664.4,482.479,46.3844,0.517824,389.061,11751.8,117.306,23.1957,0.302342,93.8081,115.547,23.1887,0.0718272,92.2866,232.853,0,0,0
900,2,1,446,1,1,1,4356.42,18682.8,346.319,46.3844,0.482746,252.54,14191.8,77.0366,23.1957,0.267264,53.5737,115.358,23.1887,0.0718272,92.0971,192.394,0,0,0
900,2,1,447,1,1,1,4314.7,18628.1,377.509,46.3844,0.482746,283.821,13582.4,115.751,23.1957,0.267264,92.2884,64.6374,23.1887,0.0718272,41.3768,180.389,0,0,0
900,2,1,448,1,1,1,4321.42,18667.1,350.941,46.3844,0.678182,256.98,14093.4,78.1561,23.1957,0.462701,54.4977,116.478,23.1887,0.0718272,93.2179,194.635,0,0,0
900,2,1,449,1,1,1,4319.88,18651.8,489.599,46.3844,0.482746,396.237,11612.9,110.028,23.1957,0.267264,86.5654,113.064,23.1887,0.0718272,89.8032,223.092,0,0,0
900,2,1,450,1,1,1,4342.69,18674.2,457.193,46.3844,0.482746,363.736,12211.5,113.728,23.1957,0.267264,90.2653,84.4829,23.1887,0.0718272,61.2224,198.211,0,0,0
900,2,1,451,1,1,1,4322.82,18653.7,421.427,46.3844,0.517824,327.831,12826.8,107.876,23.1957,0.302342,84.378,74.4699,23.1887,0.0718272,51.2094,182.346,0,0,0
900,2,1,452,1,1,1,4322.09,18641.2,350.267,46.3844,0.6264,256.356,14079.5,78.2711,23.1957,0.267264,54.8082,116.175,23.1887,0.0718272,92.9147,194.446,0,0,0
900,2,1,453,1,1,1,4330.71,18673.9,489.004,46.3844,0.661478,395.461,11645,117.124,23.1957,0.302342,93.6258,121.106,23.1887,0.0718272,97.8454,238.23,0,0,0
900,2,1,454,1,1,1,4318.22,18650.3,367,46.3844,0.482746,273.281,13791.5,117.535,23.1957,0.267264,94.0716,65.7419,23.1887,0.0718272,42.4814,183.276,0,0,0
900,2,1,455,0,0,0,-1,-1,371.431,23.206,0.516154,300.234,249511,-1,-1,-1,-1,-1,-1,-1,-1,-1,0,0,0
900,2,1,456,1,1,1,4322.06,18679.1,487.731,46.3844,0.482746,394.363,11673.4,116.327,23.1957,0.267264,92.8642,116.634,23.1887,0.0718272,93.3731,232.961,0,0,0
900,2,1,457,1,1,1,4319.5,18648.8,284.841,46.3844,0.482746,190.883,15250.9,89.4104,23.1957,0.267264,65.9474,41.8788,23.1887,0.0718272,18.6183,131.289,0,0,0
900,2,1,458,1,1,1,4367.29,18722.8,492.984,46.3844,0.482746,399.631,11623.7,119.038,23.1957,0.267264,95.575,119.787,23.1887,0.0718272,96.5261,238.825,0,0,0
900,2,1,459,1,1,1,4323.44,18636.4,336.179,46.3844,0.482746,242.37,14325.6,75.3113,23.1957,0.267264,51.8483,113.798,23.1887,0.0718272,90.5378,189.11,0,0,0
900,2,1,460,1,1,1,4316.87,18651.9,305.24,46.3844,0.552902,211.272,14890.8,100.209,23.1957,0.302342,76.7112,49.4435,23.1887,0.106906,26.1479,149.653,0,0,0
900,2,1,461,1,1,1,4321.76,18636.9,377.108,46.3844,0.482746,283.419,13598.3,59.2197,23.1957,0.267264,35.7567,115.394,23.1887,0.0718272,92.1332,174.613,0,0,0
900,2,1,462,0,0,0,-1,-1,925.318,23.206,0.977184,855.269,266102,-1,-1,-1,-1,-1,-1,-1,-1,-1,0,0,0
900,2,1,463,1,1,1,4314.7,18635.8,488.741,46.3844,0.482746,395.376,11612.2,117.856,23.1957,0.267264,94.3928,116.424,23.1887,0.0718272,93.1638,234.28,0,0,0
900,2,1,464,1,1,1,4317.58,18671.4,489.789,46.3844,0.873619,396.036,11628.1,119.911,23.1957,0.658138,96.0569,115.942,23.1887,0.0718272,92.6819,235.853,0,0,0
900,2,1,465,1,1,1,4336.42,18668.9,490.22,46.3844,0.679853,396.663,11618,113.56,23.1957,0.267264,90.0974,116.447,23.1887,0.12528,93.1331,230.007,0,0,0
900,2,1,466,1,1,1,4361.69,18692.5,489.857,46.3844,0.517824,396.46,11648.7,116.128,23.1957,0.302342,92.6296,121.748,23.1887,0.0718272,98.4879,237.876,0,0,0
900,2,1,467,1,1,1,4333.5,18669.6,489.249,46.3844,0.517824,395.85,11636.7,117.199,23.1957,0.267264,93.7359,118.04,23.1887,0.106906,94.7448,235.239,0,0,0
900,2,1,468,1,1,1,4322.9,18646.4,489.75,46.3844,0.482746,396.388,11604.9,111.994,23.1957,0.267264,88.5309,113.587,23.1887,0.0718272,90.3266,225.581,0,0,0
900,2,1,469,1,1,1,4365.5,18684.3,487.294,46.3844,0.482746,393.925,11686.4,118.915,23.1957,0.267264,95.4523,114.309,23.1887,0.0718272,91.0486,233.224,0,0,0
900,2,1,470,1,1,1,4317.74,18632.9,430.627,46.3844,0.482746,337.093,12642.6,112.301,23.1957,0.267264,88.8377,76.7945,23.1887,0.0718272,53.534,189.095,0,0,0
900,2,1,471,1,1,1,4322.09,18641.3,351.308,46.3844,0.482746,257.543,14061.5,72.5048,23.1957,0.267264,49.0418,112.835,23.1887,0.0718272,89.574,185.339,0,0,0
900,2,1,472,1,1,1,4336.49,24665.6,360.585,52.1883,1.3881,260.297,20018.1,197.308,28.9996,1.17262,166.812,34.4846,23.1887,0.0718272,11.2241,231.793,0,0,0
900,2,1,473,1,1,1,4359.19,18735.1,487.083,46.3844,0.552902,393.643,11740.5,114.771,23.1957,0.267264,91.3084,117.529,23.1887,0.141984,94.1979,232.3,0,0,0
900,2,1,474,1,1,1,4320.9,18677.5,490.191,46.3844,0.713261,396.599,11627.3,116.581,23.1957,0.497779,92.8876,114.616,23.1887,0.0718272,91.3554,231.197,0,0,0
900,2,1,475,1,1,1,4325.77,18671.1,416.864,46.3844,0.482746,323.29,12925.5,107.455,23.1957,0.267264,83.9918,71.5732,23.1887,0.0718272,48.3127,179.028,0,0,0
900,2,1,476,1,1,1,4313.1,18643.9,342.06,46.3844,0.482746,248.268,14228.5,117.468,23.1957,0.267264,94.0048,62.2388,23.1887,0.0718272,38.9783,179.707,0,0,0
900,2,1,477,1,1,1,4330.34,18642.9,488.371,46.3844,0.6264,394.861,11625.4,113.665,23.1957,0.267264,90.2021,116.02,23.1887,0.0718272,92.7595,229.685,0,0,0
900,2,1,478,1,1,1,4330.2,18646.6,444.583,46.3844,0.482746,351.09,12408.2,76.0404,23.1957,0.267264,52.5774,108.169,23.1887,0.0718272,84.9086,184.21,0,0,0
900,2,1,479,1,1,1,4318.22,18637.6,472.915,46.3844,0.482746,379.504,11895.4,103.195,23.1957,0.267264,79.7325,116.238,23.1887,0.0718272,92.9779,219.434,0,0,0
900,2,1,480,1,1,1,4334.36,18665.6,482.216,46.3844,0.482746,388.832,11758,110.471,23.1957,0.267264,87.0076,107.972,23.1887,0.0718272,84.7119,218.443,0,0,0
900,2,1,481,1,1,1,4316.3,24632.4,512.764,52.1883,0.927072,413.38,17280.3,239.914,28.9996,0.71159,210.005,64.5381,23.1887,0.0718272,41.2776,304.452,0,0,0
900,2,1,482,1,1,1,4336.45,18651.6,344.075,46.3844,0.482746,250.29,14200.4,77.7947,23.1957,0.267264,54.3317,115.612,23.1887,0.0718272,92.3516,193.407,0,0,0
900,2,1,483,1,1,1,4318.43,18642.7,460.286,46.3844,0.482746,366.838,12125.1,115.179,23.1957,0.267264,91.7163,88.8253,23.1887,0.0718272,65.5648,204.005,0,0,0
900,2,1,484,1,1,1,4316.94,18653.1,407.001,46.3844,0.482746,313.398,13083,108.884,23.1957,0.267264,85.4212,68.6963,23.1887,0.0718272,45.4358,177.58,0,0,0
900,2,1,485,1,1,1,4329.24,18677.4,482.19,46.3844,0.482746,388.806,11770.2,111.474,23.1957,0.267264,88.0111,108.445,23.1887,0.0718272,85.1848,219.919,0,0,0
900,2,1,486,1,1,1,4316.94,18631.1,486.551,46.3844,0.482746,393.179,11646.4,117.979,23.1957,0.267264,94.5156,112.97,23.1887,0.0718272,89.7094,230.948,0,0,0
900,2,1,487,1,1,1,4329.1,18648.7,373.391,46.3844,0.770054,279.403,13675.4,60.8891,23.1957,0.267264,37.4261,115.84,23.1887,0.0718272,92.579,176.729,0,0,0
900,2,1,488,0,0,0,-1,-1,589.096,23.206,0.746669,518.301,256067,-1,-1,-1,-1,-1,-1,-1,-1,-1,0,0,0
900,2,1,489,1,1,1,4321.06,18637.2,442.184,46.3844,0.482746,348.684,12441.4,112.965,23.1957,0.267264,89.5018,78.1968,23.1887,0.0718272,54.9363,191.162,0,0,0
900,2,1,490,1,1,1,4314.38,18638.1,425.527,46.3844,0.482746,331.979,12738.5,108.57,23.1957,0.267264,85.1071,76.2151,23.1887,0.0718272,52.9546,184.785,0,0,0
900,2,1,491,1,1,1,4341.73,18672.9,486.934,46.3844,0.482746,393.564,11681.3,114.992,23.1957,0.267264,91.5286,118.63,23.1887,0.0718272,95.3692,233.621,0,0,0
900,2,1,492,0,0,0,-1,-1,658.756,23.206,0.516154,588.394,258150,-1,-1,-1,-1,-1,-1,-1,-1,-1,0,0,0
900,2,1,493,1,1,1,4328.06,18711.9,487.475,46.3844,0.552902,394.037,11710.3,115.97,23.1957,0.337421,92.4364,115.899,23.1887,0.0718272,92.6386,231.869,0,0,0
900,2,1,494,1,1,1,4355.21,18693.5,419.857,46.3844,0.552902,326.221,12894.3,67.7128,23.1957,0.337421,44.1797,111.486,23.1887,0.0718272,88.2258,179.199,0,0,0
900,2,1,495,1,1,1,4319.2,18633.7,393.112,46.3844,0.482746,299.469,13310.5,62.6181,23.1957,0.267264,39.1551,114.592,23.1887,0.0718272,91.3319,177.211,0,0,0
900,2,1,496,1,1,1,4322.38,18645.2,451.972,46.3844,0.482746,358.5,12275.4,115.952,23.1957,0.267264,92.4888,82.5283,23.1887,0.0718272,59.2678,198.48,0,0,0
900,2,1,497,1,1,1,4321.99,18636.2,474.335,46.3844,0.482746,380.928,11868.7,104.715,23.1957,0.267264,81.2521,116.962,23.1887,0.0718272,93.7016,221.677,0,0,0
900,2,1,498,1,1,1,4318.86,18635.6,295.31,46.3844,0.517824,201.347,15051.3,92.7879,23.1957,0.302342,69.2899,45.1906,23.1887,0.0718272,21.9301,137.979,0,0,0
900,2,1,499,1,1,1,4316.3,18630.8,342.569,46.3844,0.482746,248.779,14206.4,77.7748,23.1957,0.267264,54.3118,115.031,23.1887,0.0718272,91.7705,192.806,0,0,0
900,2,1,500,1,1,1,4365.54,18691.1,358.662,46.3844,0.783418,264.618,13979.3,67.2371,23.1957,0.462701,43.5787,114.497,23.1887,0.177062,91.1316,181.734,0,0,0
900,2,1,501,1,1,1,4323.5,18675.7,487.201,46.3844,0.678182,393.636,11679,119.935,23.1957,0.462701,96.2771,108.16,23.1887,0.0718272,84.8996,228.096,0,0,0
900,2,1,502,1,1,1,4321.99,18683.7,476.188,46.3844,0.517824,382.751,11883,114.824,23.1957,0.267264,91.3608,109.244,23.1887,0.106906,85.9482,224.068,0,0,0
900,2,1,503,1,1,1,4315.98,18640,486.7,46.3844,0.482746,393.329,11652.6,112.005,23.1957,0.267264,88.5417,115.515,23.1887,0.0718272,92.2542,227.519,0,0,0
900,2,1,504,1,1,1,4369.43,18721.9,480.269,46.3844,0.805133,386.557,11847.8,108.063,23.1957,0.267264,84.6,107.268,23.1887,0.106906,83.9719,215.33,0,0,0
900,2,1,505,1,1,1,4315.28,18637.3,426.152,46.3844,0.482746,332.605,12726.6,108.231,23.1957,0.267264,84.7678,76.5129,23.1887,0.0718272,53.2524,184.744,0,0,0
900,2,1,506,1,1,1,4315.66,24642.9,336.227,52.1883,0.571277,236.685,20430.7,184.217,28.9996,0.355795,154.5,27.5162,23.1887,0.0718272,4.25572,211.733,0,0,0
900,2,1,507,1,1,1,4325.37,18640.5,336.147,46.3844,0.6264,242.195,14338.7,75.2932,23.1957,0.267264,51.8302,114.134,23.1887,0.0718272,90.8735,189.427,0,0,0
900,2,1,508,1,1,1,4326.98,18643.1,477.423,46.3844,0.482746,384.025,11820.7,106.002,23.1957,0.267264,82.5389,118.79,23.1887,0.0718272,95.5299,224.792,0,0,0
900,2,1,509,1,1,1,4316.3,18635.7,362.897,46.3844,0.482746,269.166,13849.8,119.814,23.1957,0.267264,96.3511,67.146,23.1887,0.0718272,43.8855,186.96,0,0,0
900,2,1,510,1,1,1,4320.43,18633.6,444.621,46.3844,0.482746,351.127,12394.5,112.716,23.1957,0.267264,89.2528,79.231,23.1887,0.0718272,55.9705,191.947,0,0,0
900,2,1,511,1,1,1,4346.14,18678.3,486.483,46.3844,0.517824,393.076,11694.6,116.335,23.1957,0.302342,92.8371,118.987,23.1887,0.0718272,95.7266,235.322,0,0,0
900,2,1,512,1,1,1,4368.17,18687.3,487.681,46.3844,0.482746,394.313,11682.5,112.977,23.1957,0.267264,89.5145,117.569,23.1887,0.0718272,94.308,230.546,0,0,0
900,2,1,513,1,1,1,4322.18,18659.3,313.199,46.3844,0.678182,219.128,14756.7,104.979,23.1957,0.462701,81.3207,50.9407,23.1887,0.0718272,27.6802,155.92,0,0,0
900,2,1,514,1,1,1,4319.43,18640.3,354.304,46.3844,0.482746,260.548,14007.2,71.4941,23.1957,0.267264,48.0311,114.576,23.1887,0.0718272,91.3157,186.07,0,0,0
900,2,1,515,1,0,0,-1,-1,1129.85,23.1957,0.267264,1061.12,278485,-1,-1,-1,-1,-1,-1,-1,-1,-1,0,0,0
900,2,1,516,1,1,1,4332.32,18667.9,486.66,46.3844,0.482746,393.289,11681.3,117.482,23.1957,0.267264,94.0193,113.477,23.1887,0.0718272,90.2165,230.959,0,0,0
900,2,1,517,1,1,1,4320.71,18643.3,387.951,46.3844,0.517824,294.258,13411.6,112.191,23.1957,0.267264,88.7276,65.1146,23.1887,0.106906,41.819,177.305,0,0,0
900,2,1,518,1,1,1,4325.48,18637.4,416.576,46.3844,0.482746,323.001,12897,68.536,23.1957,0.267264,45.0731,111.79,23.1887,0.0718272,88.529,180.326,0,0,0
900,2,1,519,1,1,1,4314.95,18635.9,388.831,46.3844,0.482746,295.175,13388.8,112.239,23.1957,0.267264,88.7763,65.4712,23.1887,0.0718272,42.2107,177.71,0,0,0
900,2,1,520,1,1,1,4324.45,18665.9,446.778,46.3844,0.482746,353.291,12388.4,114.226,23.1957,0.267264,90.7634,79.3122,23.1887,0.0718272,56.0517,193.539,0,0,0
900,2,1,521,1,1,1,4359.27,18671.8,469.5,46.3844,0.482746,376.079,11990.3,117.45,23.1957,0.267264,93.9868,99.1325,23.1887,0.0718272,75.872,216.582,0,0,0
900,2,1,522,1,1,1,4329.35,18650.5,484.386,46.3844,0.482746,391.008,11704.3,111.072,23.1957,0.267264,87.6086,112.295,23.1887,0.0718272,89.0344,223.366,0,0,0
900,2,1,523,1,1,1,4314.7,18630.8,286.523,46.3844,0.482746,192.57,15203,88.8761,23.1957,0.267264,65.4132,42.2903,23.1887,0.0718272,19.0298,131.166,0,0,0
900,2,1,524,1,1,1,4328.69,18647.5,434.453,46.3844,0.482746,340.93,12589.2,68.3375,23.1957,0.267264,44.8745,108.705,23.1887,0.0718272,85.4446,177.043,0,0,0
900,2,1,525,1,1,1,4335.61,18666.1,418.363,46.3844,0.482746,324.794,12893.9,68.0181,23.1957,0.267264,44.5551,110.678,23.1887,0.0718272,87.4173,178.696,0,0,0
900,2,1,526,1,1,1,4332.83,18667.9,446.918,46.3844,0.6264,353.288,12387.5,113.985,23.1957,0.267264,90.5215,79.5288,23.1887,0.0718272,56.2682,193.513,0,0,0
900,2,1,527,1,1,1,4316.3,18641.4,486.457,46.3844,0.482746,393.085,11658.3,112.034,23.1957,0.267264,88.5706,116.114,23.1887,0.0718272,92.8534,228.147,0,0,0
900,2,1,528,1,1,1,4315.98,24652.8,436.951,52.1883,0.801792,337.472,18648.8,231.757,28.9996,0.58631,201.946,49.8921,23.1887,0.0718272,26.6316,281.649,0,0,0
900,2,1,529,1,1,1,4320,18642,488.476,46.3952,0.50112,395.082,11623.1,112.37,23.2065,0.285638,88.8774,115.886,23.1887,0.0718272,92.6259,228.256,0,0,0
900,2,1,530,1,1,1,4317.9,18634.8,444.003,46.3844,0.482746,350.508,12406.7,114.14,23.1957,0.267264,90.6768,80.1604,23.1887,0.0718272,56.8999,194.3,0,0,0
900,2,1,531,1,1,1,4318.02,18662.5,369.928,46.3844,0.482746,276.217,13751.6,119.809,23.1957,0.267264,96.3456,65.8357,23.1887,0.0718272,42.5752,185.644,0,0,0
900,2,1,532,1,1,1,4320.48,18635.9,447.649,46.3844,0.482746,354.165,12343,80.2059,23.1957,0.267264,56.7429,108.256,23.1887,0.0718272,84.9953,188.462,0,0,0
900,2,1,533,1,1,1,4337.56,18675.2,468.325,46.3844,0.482746,374.9,12014.6,96.6025,23.1957,0.267264,73.1395,119.436,23.1887,0.0718272,96.176,216.039,0,0,0
900,2,1,534,1,1,1,4352.93,18693,487.921,46.3844,0.517824,394.518,11683.7,113.348,23.1957,0.302342,89.8502,118.011,23.1887,0.0718272,94.7502,231.359,0,0,0
900,2,1,535,1,1,1,4314.7,18640,410.337,46.3844,0.482746,316.744,13010.5,106.774,23.1957,0.267264,83.3114,68.4022,23.1887,0.0718272,45.1417,175.177,0,0,0
900,2,1,536,1,0,0,-1,-1,974.241,28.9996,0.390874,899.287,267502,-1,-1,-1,-1,-1,-1,-1,-1,-1,0,0,0
900,2,1,537,1,1,1,4330.56,18658.1,479.203,46.3844,0.482746,385.81,11804.1,108.686,23.1957,0.267264,85.2227,107.57,23.1887,0.0718272,84.3094,216.256,0,0,0
900,2,1,538,1,1,1,4339.29,18673.4,468.365,46.3844,0.678182,374.745,12011.6,96.8178,23.1957,0.462701,73.1594,119.415,23.1887,0.0718272,96.1543,216.233,0,0,0
900,2,1,539,1,1,1,4322.15,18637.9,361.723,46.3844,0.6264,267.845,13872.5,63.4627,23.1957,0.267264,39.9998,112.089,23.1887,0.0718272,88.8286,175.552,0,0,0
900,2,1,540,1,0,0,-1,-1,769.045,23.1957,0.267264,699.263,261568,-1,-1,-1,-1,-1,-1,-1,-1,-1,0,0,0
900,2,1,541,1,1,1,4338.27,24661.9,613.283,52.1883,1.05402,514.065,15542.4,242.951,28.9996,0.551232,213.21,107.505,23.1887,0.0718272,84.2445,350.456,0,0,0
900,2,1,542,1,1,1,4321.8,18651.4,486.072,46.3844,0.482746,392.699,11675.2,110.283,23.1957,0.267264,86.8199,112.309,23.1887,0.0718272,89.0488,222.592,0,0,0
900,2,1,543,1,1,1,4318.22,18654.7,451.443,46.3844,0.482746,357.969,12294.2,116.787,23.1957,0.267264,93.3244,81.2217,23.1887,0.0718272,57.9612,198.009,0,0,0
900,2,1,544,1,1,1,4321.45,18655,487.085,46.3844,0.482746,393.715,11660.8,114.723,23.1957,0.267264,91.2597,116.293,23.1887,0.0718272,93.032,231.015,0,0,0
900,2,1,545,1,1,1,4317.37,18702.8,485.059,46.3844,0.678182,391.488,11744.2,116.811,23.1957,0.462701,93.1529,107.01,23.1887,0.0718272,83.7499,223.822,0,0,0
900,2,1,546,1,1,1,4315.98,24630.2,357.822,52.1883,0.696557,258.218,20033.9,195.806,28.9996,0.481075,166,33.3114,23.1887,0.0718272,10.0509,229.118,0,0,0
900,2,1,547,1,1,1,4319.75,18660.9,384.731,46.3844,0.482746,291.064,13486.7,111.391,23.1957,0.267264,87.9281,64.9496,23.1887,0.0718272,41.6891,176.341,0,0,0
900,2,1,548,1,1,1,4350.98,18677,345.666,46.3844,0.482746,251.885,14197.5,77.5005,23.1957,0.267264,54.0375,115.183,23.1887,0.0718272,91.9221,192.683,0,0,0
900,2,1,549,1,1,1,4335.05,18661.6,479.151,46.3844,0.482746,385.758,11808.4,107.662,23.1957,0.267264,84.1993,107.389,23.1887,0.0718272,84.1289,215.052,0,0,0
900,2,1,550,1,1,1,4316.23,24667.6,582.194,52.1883,0.766714,483.172,16081.1,250.532,28.9996,0.551232,220.808,79.3537,23.1887,0.0718272,56.0932,329.885,0,0,0
900,2,1,551,1,1,1,4319.16,18642.2,444.803,46.3844,0.482746,351.31,12399.9,76.645,23.1957,0.267264,53.182,106.938,23.1887,0.0718272,83.6777,183.583,0,0,0
900,2,1,552,1,1,1,4332.81,18654.1,486.205,46.3844,0.482746,392.833,11675.6,116.28,23.1957,0.267264,92.8173,117.191,23.1887,0.0718272,93.9308,233.472,0,0,0
900,2,1,553,1,1,1,4318.86,18636.7,429.375,46.3952,0.50112,335.808,12668.6,110.298,23.2065,0.285638,86.8055,76.8522,23.1887,0.0718272,53.5917,187.15,0,0,0
900,2,1,554,0,0,0,-1,-1,713.084,23.206,0.551232,642.844,259612,-1,-1,-1,-1,-1,-1,-1,-1,-1,0,0,0
900,2,1,555,1,1,1,4322.53,18639.1,441.986,46.3844,0.482746,348.485,12446.9,72.5481,23.1957,0.267264,49.0851,109.795,23.1887,0.0718272,86.5347,182.343,0,0,0
900,2,1,556,1,1,1,4314.31,18664.8,449.023,46.3844,0.517824,355.508,12347.2,114.803,23.1957,0.302342,91.3048,80.2182,23.1887,0.0718272,56.9577,195.021,0,0,0
900,2,1,557,1,1,1,4328.65,24678.6,616.375,52.1883,0.766714,517.452,15484.3,247.508,28.9996,0.551232,217.776,116.957,23.1887,0.0718272,93.6962,364.465,0,0,0
900,2,1,558,1,1,1,4343.78,18673.9,488.303,46.3844,0.6264,394.793,11657.6,114.838,23.1957,0.267264,91.3752,116.316,23.1887,0.0718272,93.0555,231.154,0,0,0
900,2,1,559,1,1,1,4326.26,18649.8,484.89,46.3844,0.517824,391.479,11694.4,109.721,23.1957,0.302342,86.2225,111.963,23.1887,0.0718272,88.7023,221.683,0,0,0
900,2,1,560,1,1,1,4330.91,18649.2,486.067,46.3844,0.482746,392.694,11673.2,114.784,23.1957,0.267264,91.3211,115.233,23.1887,0.0718272,91.9726,230.017,0,0,0
900,2,1,561,1,1,1,4322.58,18655.2,486.052,46.3844,0.482746,392.679,11679.3,109.933,23.1957,0.267264,86.4698,112.423,23.1887,0.0718272,89.1625,222.356,0,0,0
900,2,1,562,1,1,1,4317.29,18665,485.59,46.3844,0.482746,392.216,11697.4,114.244,23.1957,0.267264,90.7814,117.661,23.1887,0.0718272,94.4001,231.905,0,0,0
900,2,1,563,1,1,1,4323.53,18681.3,430.714,46.3844,0.678182,336.985,12689,112.052,23.1957,0.462701,88.3937,76.5617,23.1887,0.0718272,53.3012,188.614,0,0,0
900,2,1,564,1,1,1,4350.62,18669.5,485.158,46.3844,0.482746,391.782,11709.6,111.416,23.1957,0.267264,87.9533,112.596,23.1887,0.0718272,89.3358,224.013,0,0,0
900,2,1,565,1,1,1,4362.44,24708.1,584.921,52.1883,1.40982,485.264,16071.5,210.787,28.9996,0.907027,180.594,118.693,23.1887,0.0718272,95.4324,329.48,0,0,0
900,2,1,566,1,1,1,4338.55,18701.1,474.47,46.3844,0.482746,381.064,11931.2,116.535,23.1957,0.267264,93.0717,104.051,23.1887,0.0718272,80.7901,220.585,0,0,0
900,2,1,567,1,1,1,4323.96,18640.5,487.738,46.3844,0.482746,394.37,11634.7,114.918,23.1957,0.267264,91.4546,114.704,23.1887,0.0718272,91.4438,229.622,0,0,0
900,2,1,568,1,1,1,4314.06,18641.7,485.565,46.3844,0.482746,392.19,11674.6,116.849,23.1957,0.267264,93.3858,118.132,23.1887,0.0718272,94.8711,234.98,0,0,0
900,2,1,569,1,1,1,4327.69,18664.3,456.55,46.3844,0.482746,363.091,12213.1,88.6217,23.1957,0.267264,65.1587,111.347,23.1887,0.0718272,88.0869,199.969,0,0,0
900,2,1,570,1,1,1,4316.94,18643.5,435.947,46.3844,0.482746,342.428,12558.7,112.098,23.1957,0.267264,88.6355,76.8757,23.1887,0.0718272,53.6152,188.974,0,0,0
900,2,1,571,1,1,1,4320.26,18657.3,442.42,46.3844,0.678182,348.725,12456.9,113.223,23.1957,0.462701,89.565,78.8123,23.1887,0.0718272,55.5517,192.036,0,0,0
900,2,1,572,1,1,1,4323.36,18640.9,487.949,46.3844,0.482746,394.582,11631.3,117.316,23.1957,0.267264,93.8532,121.138,23.1887,0.0718272,97.8779,238.455,0,0,0
900,2,1,573,1,1,1,4317.9,24635.2,558.389,52.1883,0.696557,459.369,16472.5,242.059,28.9996,0.481075,212.387,76.0401,23.1887,0.0718272,52.7796,318.099,0,0,0
900,2,1,574,1,1,2,10321.5,24645.9,635.273,69.5741,0.519494,519.744,15416,108.655,23.1957,0.267264,85.192,265.732,46.3784,0.108576,219.245,374.387,1,0,0
900,2,1,575,1,1,2,4394.9,18712.3,405.148,69.5741,0.87696,288.593,13549.5,59.206,23.1957,0.302342,35.708,137.433,46.3784,0.287309,90.767,196.639,1,0,0
900,2,1,576,1,1,1,4314.7,24642.8,615.018,52.1883,0.696557,516.162,15473.1,248.038,28.9996,0.481075,218.381,112.246,23.1887,0.0718272,88.9857,360.284,0,0,0
900,2,1,577,1,1,1,4328.68,18641.9,417.105,46.3844,0.6264,323.388,12891.7,68.4765,23.1957,0.267264,45.0135,109.631,23.1887,0.0718272,86.3705,178.107,0,0,0
900,2,1,578,1,1,1,4318.86,18636.7,365.067,46.3844,0.482746,271.343,13812.2,117.832,23.1957,0.267264,94.3694,66.7959,23.1887,0.0718272,43.5354,184.628,0,0,0
900,2,1,579,1,1,1,4333.27,18647.1,357.575,46.3844,0.517824,263.793,13955.6,63.6486,23.1957,0.267264,40.1857,112.492,23.1887,0.106906,89.1968,176.141,0,0,0
900,2,1,580,1,1,1,4334.58,24681.2,430.924,52.1883,0.536198,331.693,18785.3,228.012,28.9996,0.320717,198.454,47.3077,23.1887,0.0718272,24.0472,275.319,0,0,0
900,2,1,581,1,1,1,4325.45,18697.4,316.922,46.3952,0.536198,222.994,14728.8,107.927,23.2065,0.320717,84.3997,52.3124,23.1887,0.0718272,29.0519,160.239,0,0,0
900,2,1,582,1,1,1,4343.39,18663.4,385.035,46.3844,0.552902,291.298,13483.4,59.972,23.1957,0.337421,36.4389,113.685,23.1887,0.0718272,90.4241,173.657,0,0,0
900,2,1,583,1,1,1,4321.69,18694.2,301.769,46.3844,0.482746,207.861,14995.3,98.0842,23.1957,0.267264,74.6213,48.4826,23.1887,0.0718272,25.2221,146.567,0,0,0
900,2,1,584,1,1,1,4320.71,18657.4,307.089,46.3844,0.482746,213.196,14863.9,101.104,23.1957,0.267264,77.6407,49.6377,23.1887,0.0718272,26.3772,150.741,0,0,0
900,2,1,585,1,1,1,4362.76,18714.1,486.657,46.3844,0.840211,392.928,11726.4,114.431,23.1957,0.462701,90.7724,117.435,23.1887,0.0902016,94.1564,231.866,0,0,0
900,2,1,586,1,1,1,4320.5,18691.7,417.791,46.3844,0.482746,324.22,12929.7,108.307,23.1957,0.267264,84.8436,71.631,23.1887,0.0718272,48.3704,179.938,0,0,0
900,2,1,587,1,1,1,4324.94,24665.1,549.691,52.1883,0.571277,450.77,16657,244.154,28.9996,0.285638,214.679,69.2321,23.1887,0.141984,45.9015,313.386,0,0,0
900,2,1,588,1,1,1,4316.3,18656.3,470.455,46.3844,0.482746,377.037,11957.8,116.688,23.1957,0.267264,93.2251,100.302,23.1887,0.0718272,77.0415,216.99,0,0,0
900,2,1,589,1,1,1,4321.61,18656.5,365.381,46.3844,0.678182,271.462,13825.9,118.557,23.1957,0.462701,94.8982,67.0883,23.1887,0.0718272,43.8278,185.645,0,0,0
900,2,1,590,1,1,1,4316.59,18659.5,411.176,46.3844,0.482746,317.585,13015.1,107.586,23.1957,0.267264,84.1235,68.5808,23.1887,0.0718272,45.3203,176.167,0,0,0
900,2,1,591,1,1,1,4334.15,18697.8,482.201,46.3844,0.482746,388.817,11790.5,110.942,23.1957,0.267264,87.4787,107.801,23.1887,0.0718272,84.5404,218.743,0,0,0
900,2,1,592,1,1,1,4316.94,30641.1,364.038,57.9922,0.75001,258.754,26033.9,261.8,34.8035,0.534528,225.503,24.356,23.1887,0.0718272,1.09551,286.156,0,0,0
900,2,1,593,1,1,1,4317.7,18632.8,332.5,46.3844,0.482746,238.681,14387.5,73.8006,23.1957,0.267264,50.3377,114.668,23.1887,0.0718272,91.4077,188.469,0,0,0
900,2,1,594,1,1,1,4314.38,24637.5,493.008,52.1883,0.536198,393.957,17637.6,246.376,28.9996,0.320717,216.876,66.9096,23.1887,0.0718272,43.6491,313.286,0,0,0
900,2,1,595,1,1,1,4326.23,24642.1,612.214,52.1883,0.571277,513.475,15522.2,242.103,28.9996,0.355795,212.557,107.44,23.1887,0.0718272,84.1795,349.543,0,0,0
900,2,1,596,1,1,1,4316.62,18632.1,460.493,46.3844,0.482746,367.046,12110.7,90.7044,23.1957,0.267264,67.2414,114.159,23.1887,0.0718272,90.8988,204.864,0,0,0
900,2,1,597,1,1,1,4318.98,18634.3,484.841,46.3844,0.482746,391.465,11680,111.164,23.1957,0.267264,87.7006,112.912,23.1887,0.0718272,89.6516,224.076,0,0,0
900,2,1,598,1,1,1,4326.15,18640.7,485.676,46.3844,0.482746,392.302,11671.5,116.425,23.1957,0.267264,92.9616,110.885,23.1887,0.0718272,87.6248,227.31,0,0,0
900,2,1,599,1,1,1,4318.06,18652.9,351.142,46.3844,0.552902,257.307,14075.5,73.8203,23.1957,0.337421,50.2871,114.881,23.1887,0.0718272,91.6207,188.701,0,0,0
900,2,1,600,1,1,1,4318.54,18710.1,325.45,46.3844,0.482746,231.61,14590.1,114.14,23.1957,0.267264,90.6768,54.2525,23.1887,0.0718272,30.992,168.392,0,0,0
900,2,1,601,1,1,1,4325.06,18651.1,484.911,46.3844,0.821837,391.196,11694.6,117.86,23.1957,0.462701,94.2015,113.266,23.1887,0.0718272,90.0054,231.126,0,0,0
900,2,1,602,1,1,1,4317.26,18662.7,299.576,46.3844,0.482746,205.661,15002.8,96.3155,23.1957,0.267264,72.8526,47.8762,23.1887,0.0718272,24.6157,144.192,0,0,0
900,2,1,603,1,0,0,-1,-1,1156.46,23.1957,0.693216,1087.38,280250,-1,-1,-1,-1,-1,-1,-1,-1,-1,0,0,0
900,2,1,604,1,1,1,4322.75,18638.8,325.126,46.3844,0.482746,231.285,14524.6,70.7361,23.1957,0.267264,47.2731,111.992,23.1887,0.0718272,88.7312,182.728,0,0,0
900,2,1,605,1,1,2,10349.2,24668.7,495.501,69.5741,0.806803,379.279,17923.5,77.0565,23.1957,0.267264,53.5935,266.245,46.3784,0.395885,219.471,343.302,1,0,0
900,2,1,606,1,1,2,10323.9,24642.7,523.409,69.5741,0.519494,407.555,17402,58.0393,23.1957,0.267264,34.5764,258.311,46.3784,0.108576,211.824,316.35,1,0,0
900,2,1,607,1,0,0,-1,-1,1110.06,23.1957,0.302342,1041.23,277179,-1,-1,-1,-1,-1,-1,-1,-1,-1,0,0,0
900,2,1,608,1,1,1,4335.02,18670.2,325.92,46.3844,0.517824,232.047,14541.6,71.162,23.1957,0.267264,47.6991,111.511,23.1887,0.106906,88.215,182.673,0,0,0
900,2,1,609,1,1,1,4323.4,18695,461.52,46.3844,0.482746,368.076,12155.4,115.93,23.1957,0.267264,92.4671,89.4461,23.1887,0.0718272,66.1856,205.376,0,0,0
900,2,1,610,1,1,1,4324.67,18664.4,486.321,46.3844,0.6264,392.806,11683.4,115.147,23.1957,0.267264,91.6838,118.032,23.1887,0.0718272,94.7719,233.179,0,0,0
900,2,1,611,1,1,1,4339.43,18655.8,397.693,46.3844,0.6264,303.919,13250.8,61.9233,23.1957,0.267264,38.4603,115.161,23.1887,0.0718272,91.9004,177.084,0,0,0
900,2,1,612,1,1,1,4325.52,18642.5,459.976,46.3844,0.482746,366.528,12130.4,114.123,23.1957,0.267264,90.6605,88.3145,23.1887,0.0718272,65.054,202.438,0,0,0
900,2,1,613,1,1,1,4315.98,18637,384.206,46.3844,0.678182,290.342,13471.7,112.077,23.1957,0.462701,88.419,64.7492,23.1887,0.0718272,41.4887,176.827,0,0,0
900,2,1,614,1,1,1,4317.9,18662.5,427.72,46.3844,0.517824,334.142,12723.6,69.654,23.1957,0.302342,46.156,110.607,23.1887,0.0718272,87.3469,180.261,0,0,0
900,2,1,615,1,1,1,4350.22,18674.4,475.608,46.3844,0.517824,382.17,11884,115.288,23.1957,0.302342,91.7903,108.339,23.1887,0.0718272,85.0783,223.627,0,0,0
900,2,1,616,1,1,1,4321.54,18683.1,384.451,46.3844,0.587981,290.677,13513.2,111.33,23.1957,0.372499,87.762,64.6753,23.1887,0.0718272,41.4147,176.005,0,0,0
900,2,1,617,1,1,1,4316.3,18631.7,382.545,46.3844,0.482746,288.871,13496.5,114.398,23.1957,0.267264,90.9348,65.2961,23.1887,0.0718272,42.0356,179.694,0,0,0
900,2,1,618,1,1,1,4331.18,18649.3,394.802,46.3844,0.482746,301.163,13296.1,62.5026,23.1957,0.267264,39.0396,114.482,23.1887,0.0718272,91.2218,176.985,0,0,0
900,2,1,619,1,1,1,4321.64,24681.1,614.089,52.1991,0.75001,515.166,15527.6,250.937,29.0104,0.534528,221.22,111.43,23.1887,0.0718272,88.1699,362.368,0,0,0
900,2,1,620,1,1,1,4347.18,18692.4,488.052,46.3844,0.661478,394.506,11680.4,114.738,23.1957,0.302342,91.2399,115.977,23.1887,0.0718272,92.7162,230.715,0,0,0
900,2,1,621,1,1,1,4317.19,18644,486.458,46.3844,0.678182,392.891,11660.5,114.99,23.1957,0.462701,91.3319,113.519,23.1887,0.0718272,90.258,228.509,0,0,0
900,2,1,622,1,1,1,4320.17,18639.9,427.633,46.3844,0.482746,334.09,12702.9,68.8266,23.1957,0.267264,45.3636,109.743,23.1887,0.0718272,86.4824,178.57,0,0,0
900,2,1,623,1,1,1,4316.04,24641.6,558.406,52.1883,0.696557,459.385,16478.6,243.477,28.9996,0.481075,213.807,75.3543,23.1887,0.0718272,52.0937,318.831,0,0,0
900,2,1,624,1,1,1,4317.78,18637.3,490.096,46.3844,0.482746,396.735,11589.6,113.929,23.1957,0.267264,90.4656,116.302,23.1887,0.0718272,93.041,230.23,0,0,0
900,2,1,625,1,1,1,4324.79,18657.3,400.123,46.3844,0.482746,306.5,13209.5,107.379,23.1957,0.267264,83.916,66.9511,23.1887,0.0718272,43.6906,174.33,0,0,0
900,2,1,626,1,1,1,4333.77,18657.8,480.508,46.3952,0.50112,387.09,11780.5,108.626,23.2065,0.285638,85.1342,107.166,23.1887,0.0718272,83.9052,215.792,0,0,0
900,2,1,627,1,1,1,4324.4,18671.3,486.411,46.3844,0.517824,393.004,11688.9,117.33,23.1957,0.302342,93.8316,118.359,23.1887,0.0718272,95.0985,235.689,0,0,0
900,2,1,628,1,1,1,4315.66,18631.4,434.455,46.3844,0.482746,340.932,12573.1,67.9639,23.1957,0.267264,44.501,108.884,23.1887,0.0718272,85.6233,176.848,0,0,0
900,2,1,629,1,1,1,4326.99,18646.8,479.405,46.3844,0.482746,386.012,11789.2,108.992,23.1957,0.267264,85.5295,108.597,23.1887,0.0718272,85.3364,217.589,0,0,0
900,2,1,630,1,1,1,4318.54,18631.4,482.53,46.3844,0.482746,389.147,11718.2,115.784,23.1957,0.267264,92.3209,115.258,23.1887,0.0718272,91.9979,231.042,0,0,0
900,2,1,631,1,1,2,10317.7,24635.4,605.589,69.5741,0.519494,489.974,15933.4,84.1476,23.1957,0.267264,60.6846,264.554,46.3784,0.108576,218.067,348.701,1,0,0
900,2,1,632,1,1,1,4325.9,18680.2,295.293,46.3844,0.482746,201.365,15096.4,93.0885,23.1957,0.267264,69.6256,44.4651,23.1887,0.0718272,21.2046,137.554,0,0,0
900,2,1,633,1,1,1,4326.12,18654.8,456.865,46.3844,0.482746,363.407,12197.9,113.611,23.1957,0.267264,90.148,84.0769,23.1887,0.0718272,60.8163,197.688,0,0,0
900,2,1,634,1,1,1,4317.58,18636.9,415.47,46.3844,0.517824,321.857,12915.9,68.8238,23.1957,0.302342,45.3257,112.003,23.1887,0.0718272,88.742,180.826,0,0,0
900,2,1,635,1,1,1,4331.72,24646.8,494.439,52.1883,0.731635,395.197,17621,243.96,28.9996,0.516154,214.259,66.018,23.1887,0.0718272,42.7575,309.978,0,0,0
900,2,1,636,1,1,1,4323.71,18660.3,341.208,46.3844,0.517824,247.379,14259.9,117.099,23.1957,0.302342,93.6005,61.728,23.1887,0.0718272,38.4675,178.827,0,0,0
900,2,1,637,1,1,1,4324.68,18644.4,396.954,46.3844,0.482746,303.322,13252.9,62.5026,23.1957,0.267264,39.0396,114.814,23.1887,0.0718272,91.5539,177.317,0,0,0
900,2,1,638,1,1,1,4332.23,24687.9,551.231,52.1883,0.536198,452.35,16652.7,243.14,28.9996,0.320717,213.625,70.9253,23.1887,0.0718272,47.6648,314.066,0,0,0
900,2,1,639,1,1,1,4327.93,24664.1,614.63,52.1883,0.536198,515.933,15501.5,243.306,28.9996,0.320717,213.795,108.985,23.1887,0.0718272,85.7244,352.291,0,0,0
900,2,1,640,1,1,1,4318.22,18642,310.688,46.3844,0.482746,216.805,14784.5,103.944,23.1957,0.267264,80.4814,50.4065,23.1887,0.0718272,27.146,154.351,0,0,0
900,2,1,641,1,1,1,4318.22,18653.7,481.685,46.3844,0.517824,388.265,11755.2,116.619,23.1957,0.302342,93.1205,115.426,23.1887,0.0718272,92.1657,232.045,0,0,0
900,2,1,642,1,1,1,4321.86,18638.6,356.311,46.3844,0.482746,262.56,13969.8,68.4314,23.1957,0.267264,44.9684,112.892,23.1887,0.0718272,89.6318,181.324,0,0,0
900,2,1,643,1,1,1,4318.28,18669.4,418.335,46.3844,0.587981,324.66,12897,67.8887,23.1957,0.372499,44.3205,110.526,23.1887,0.0718272,87.2657,178.415,0,0,0
900,2,1,644,1,1,1,4334.34,18656,462.988,46.3844,0.6264,369.405,12089.9,94.601,23.1957,0.267264,71.138,115.729,23.1887,0.0718272,92.4689,210.33,0,0,0
900,2,1,645,1,1,1,4320.84,24698.8,614.632,52.1883,0.536198,515.935,15536.2,244.204,28.9996,0.320717,214.688,108.24,23.1887,0.0718272,84.979,352.443,0,0,0
900,2,1,646,1,1,1,4338.21,18657.3,484.33,46.3844,0.661478,390.773,11711.4,115.177,23.1957,0.267264,91.7145,106.452,23.1887,0.106906,83.1562,221.629,0,0,0
900,2,1,647,1,1,1,4328.87,18656.2,414.165,46.3844,0.482746,320.583,12958.7,68.5378,23.1957,0.267264,45.0749,113.614,23.1887,0.0718272,90.3537,182.152,0,0,0
900,2,1,648,1,1,1,4335.72,18656.8,421.383,46.3844,0.552902,327.752,12830.4,67.9601,23.1957,0.337421,44.427,110.284,23.1887,0.0718272,87.0238,178.244,0,0,0
900,2,1,649,1,1,1,4323.91,18641.7,355.909,46.3844,0.482746,262.158,13980.1,69.0847,23.1957,0.267264,45.6217,113.872,23.1887,0.0718272,90.6118,182.957,0,0,0
900,2,1,650,1,1,1,4320.39,18635.5,382.866,46.3844,0.517824,289.158,13494.3,114.345,23.1957,0.267264,90.8825,65.804,23.1887,0.106906,42.5085,180.15,0,0,0
900,2,1,651,1,1,1,4315.34,18653.5,421.248,46.3844,0.482746,327.687,12830,107.967,23.1957,0.267264,84.5043,73.7805,23.1887,0.0718272,50.52,181.748,0,0,0
900,2,1,652,1,1,1,4331.36,18646.5,482.892,46.3844,0.482746,389.51,11726.8,111.857,23.1957,0.267264,88.3937,108.404,23.1887,0.0718272,85.1432,220.26,0,0,0
900,2,1,653,1,1,2,10327.1,36676.4,867.01,81.182,0.997229,740.389,23523.3,380.879,34.8035,0.70992,344.747,234.837,46.3784,0.143654,188.315,615.715,1,0,0
900,2,1,654,1,1,1,4357.03,18673.6,478.916,46.3844,0.517824,385.487,11824.4,107.334,23.1957,0.267264,83.8709,107.816,23.1887,0.106906,84.5206,215.15,0,0,0
900,2,1,655,1,1,1,4322.76,18671.9,485.786,46.3844,0.482746,392.412,11700.8,116.316,23.1957,0.267264,92.8534,116.722,23.1887,0.0718272,93.4616,233.038,0,0,0
900,2,1,656,1,1,1,4318.22,18634.3,362.922,46.3844,0.482746,269.191,13848,62.8816,23.1957,0.267264,39.4186,111.741,23.1887,0.0718272,88.4803,174.622,0,0,0
900,2,1,657,1,1,1,4316.3,18661.4,293.831,46.3844,0.482746,199.9,15103.7,92.4262,23.1957,0.267264,68.9632,43.5447,23.1887,0.0718272,20.2841,135.971,0,0,0
900,2,1,658,1,0,0,-1,-1,768.811,23.1957,0.267264,699.028,261565,-1,-1,-1,-1,-1,-1,-1,-1,-1,0,0,0
900,2,1,659,1,1,1,4335.82,18669.6,485.337,46.3844,0.943776,391.501,11705.1,113.329,23.1957,0.658138,89.4748,117.168,23.1887,0.141984,93.837,230.496,0,0,0
900,2,1,660,1,1,1,4320.82,18666.5,291.739,46.3844,0.517824,197.766,15145.7,91.818,23.1957,0.267264,68.355,43.3235,23.1887,0.106906,20.0279,135.141,0,0,0
900,2,1,661,1,0,0,-1,-1,985.952,23.1957,0.497779,916.569,268009,-1,-1,-1,-1,-1,-1,-1,-1,-1,0,0,0
900,2,1,662,1,1,1,4330.04,18661.9,297.751,46.3844,0.482746,203.831,15034.4,94.0216,23.1957,0.267264,70.5587,46.8204,23.1887,0.0718272,23.5599,140.842,0,0,0
900,2,1,663,1,1,1,4324.53,18668.1,460.893,46.3844,0.517824,367.412,12139.4,116.238,23.1957,0.302342,92.7396,88.7242,23.1887,0.0718272,65.4637,204.962,0,0,0
900,2,1,664,1,1,1,4316.94,18645.8,481.915,46.3844,0.482746,388.53,11743.5,111.294,23.1957,0.267264,87.8306,117.767,23.1887,0.0718272,94.5065,229.061,0,0,0
900,2,1,665,1,1,1,4328.07,18642.2,361.925,46.3844,0.482746,268.191,13873.6,63.4411,23.1957,0.267264,39.9781,112.354,23.1887,0.0718272,89.094,175.796,0,0,0
900,2,1,666,1,1,1,4321.13,18701.8,486.633,46.3844,0.482746,393.262,11715.7,119.421,23.1957,0.267264,95.9576,111.916,23.1887,0.0718272,88.6554,231.336,0,0,0
900,2,1,667,1,1,1,4324.57,18657.4,486.927,46.3844,0.482746,393.556,11666,114.234,23.1957,0.267264,90.7706,118.265,23.1887,0.0718272,95.0047,232.499,0,0,0
900,2,1,668,1,1,1,4319.77,18636.2,487.575,46.3844,0.482746,394.206,11633.3,114.219,23.1957,0.267264,90.7562,118.74,23.1887,0.0718272,95.4793,232.959,0,0,0
900,2,1,669,1,1,1,4317.83,18649.7,487.467,46.3844,0.482746,394.098,11648.7,115.652,23.1957,0.267264,92.1892,114.856,23.1887,0.0718272,91.5954,230.508,0,0,0
900,2,1,670,1,1,1,4332.42,18646,341.955,46.3844,0.482746,248.164,14232.5,77.2749,23.1957,0.267264,53.8119,115.276,23.1887,0.0718272,92.0159,192.551,0,0,0
900,2,1,671,1,1,1,4348.88,18676.5,448.673,46.3844,0.482746,355.192,12365.3,80.2113,23.1957,0.267264,56.7483,110.651,23.1887,0.0718272,87.3902,190.862,0,0,0
900,2,1,672,1,1,1,4324.23,18645.6,356.468,46.3844,0.517824,262.683,13973.8,70.2614,23.1957,0.267264,46.7985,114.718,23.1887,0.106906,91.4221,184.979,0,0,0
900,2,1,673,1,1,1,4323.02,24701.4,597.521,52.1883,0.766714,498.544,15842.4,253.91,28.9996,0.516154,224.227,86.2831,23.1887,0.106906,62.9875,340.193,0,0,0
900,2,1,674,1,1,1,4318.22,18631.4,486.004,46.3844,0.482746,392.631,11656.5,111.566,23.1957,0.267264,88.1031,116.002,23.1887,0.0718272,92.7415,227.568,0,0,0
900,2,1,675,1,1,1,4318.19,18630.8,383.311,46.3844,0.482746,289.64,13481.9,110.507,23.1957,0.267264,87.0437,64.3955,23.1887,0.0718272,41.135,174.902,0,0,0
900,2,1,676,1,1,1,4314.38,18659,313.371,46.3844,0.482746,219.496,14753.8,105.127,23.1957,0.267264,81.6636,51.0743,23.1887,0.0718272,27.8138,156.201,0,0,0
900,2,1,677,1,1,1,4315.02,18631.8,461.441,46.3844,0.482746,367.997,12093.6,114.974,23.1957,0.267264,91.5106,90.4857,23.1887,0.0718272,67.2252,205.459,0,0,0
900,2,1,678,1,1,1,4317.26,18636.5,460.074,46.3844,0.482746,366.625,12122.6,92.9604,23.1957,0.267264,69.4974,114.481,23.1887,0.0718272,91.22,207.441,0,0,0
900,2,1,679,1,1,1,4321.92,18642.6,481.587,46.3844,0.482746,388.202,11746.2,117.675,23.1957,0.267264,94.2124,113.822,23.1887,0.0718272,90.5613,231.497,0,0,0
900,2,1,680,1,1,1,4316.3,24631.8,342.859,52.1883,0.696557,243.211,20301.6,189.348,28.9996,0.481075,159.523,28.8644,23.1887,0.0718272,5.6039,218.212,0,0,0
900,2,1,681,1,1,1,4331.98,18668.1,450.04,46.3844,0.713261,356.332,12331.9,115.945,23.1957,0.462701,92.2866,80.5348,23.1887,0.106906,57.2392,196.48,0,0,0
900,2,1,682,1,1,1,4321.43,18638,434.275,46.3844,0.482746,340.752,12582.9,112.552,23.1957,0.267264,89.0885,76.7403,23.1887,0.0718272,53.4798,189.292,0,0,0
900,2,1,683,1,1,1,4319.94,18646.2,383.777,46.3844,0.482746,290.107,13489,112.225,23.1957,0.267264,88.7619,64.7077,23.1887,0.0718272,41.4472,176.933,0,0,0
900,2,1,684,1,1,1,4328.64,18649.6,435.357,46.3844,0.482746,341.836,12575.2,68.8537,23.1957,0.267264,45.3907,108.129,23.1887,0.0718272,84.8689,176.983,0,0,0
900,2,1,685,1,1,1,4316.3,18644.8,376.417,46.3844,0.482746,282.726,13618.5,116.417,23.1957,0.267264,92.9544,65.8718,23.1887,0.0718272,42.6113,182.289,0,0,0
900,2,1,686,1,1,1,4330.02,18643.5,489.551,46.3844,0.517824,396.154,11605.2,116.145,23.1957,0.267264,92.6819,114.149,23.1887,0.106906,90.8536,230.294,0,0,0
900,2,1,687,1,1,1,4322.95,18637.8,396.243,46.3844,0.482746,302.609,13258.9,62.6777,23.1957,0.267264,39.2147,114.416,23.1887,0.0718272,91.155,177.093,0,0,0
900,2,1,688,1,1,1,4319.11,24650.2,430.403,52.1883,0.731635,330.975,18763.1,227.626,28.9996,0.516154,197.875,47.0532,23.1887,0.0718272,23.7927,274.679,0,0,0
900,2,1,689,1,1,1,4323.08,18691.4,352.023,46.3844,0.678182,258.065,14098.4,73.3969,23.1957,0.462701,49.7385,112.851,23.1887,0.0718272,89.5903,186.248,0,0,0
900,2,1,690,1,0,0,-1,-1,764.305,23.1957,0.267264,694.509,261401,-1,-1,-1,-1,-1,-1,-1,-1,-1,0,0,0
900,2,1,691,1,1,1,4334.49,18650.9,449.735,46.3844,0.482746,356.257,12320.9,83.9905,23.1957,0.267264,60.5276,107.861,23.1887,0.0718272,84.6,191.851,0,0,0
900,2,1,692,1,1,1,4316.62,18649.3,442.508,46.3844,0.482746,349.009,12447.7,113.566,23.1957,0.267264,90.1028,78.9061,23.1887,0.0718272,55.6456,192.472,0,0,0
900,2,1,693,1,1,1,4335.11,18663.4,352.028,46.3844,0.587981,258.16,14070.1,75.3425,23.1957,0.372499,51.7743,115.352,23.1887,0.0718272,92.0917,190.695,0,0,0
900,2,1,694,1,1,1,4336.71,18674.7,485.84,46.3844,0.678182,392.271,11702.2,114.696,23.1957,0.462701,91.0377,116.874,23.1887,0.0718272,93.6132,231.57,0,0,0
900,2,1,695,1,1,2,10331,24658.5,498.767,69.5741,0.519494,382.841,17856,72.6402,23.1957,0.267264,49.1772,261.274,46.3784,0.108576,214.787,333.915,1,0,0
900,2,1,696,1,1,1,4322.89,18652.5,371.937,46.3844,0.517824,278.197,13705.7,61.5378,23.1957,0.302342,38.0398,115.266,23.1887,0.0718272,92.0051,176.803,0,0,0
900,2,1,697,1,1,1,4317.26,18630.1,483.169,46.3844,0.482746,389.788,11705.6,114.152,23.1957,0.267264,90.6894,107.146,23.1887,0.0718272,83.8853,221.298,0,0,0
900,2,1,698,1,1,1,4319.69,18640.4,426.841,46.3844,0.482746,333.296,12717.4,69.8914,23.1957,0.267264,46.4285,111.486,23.1887,0.0718272,88.2258,181.378,0,0,0
900,2,1,699,1,1,1,4317.29,18632.9,366.134,46.3844,0.482746,272.413,13789.5,62.7661,23.1957,0.267264,39.3031,112.854,23.1887,0.0718272,89.5939,175.62,0,0,0
900,2,1,700,1,1,1,4338.47,18667,479.156,46.3844,0.482746,385.763,11813.8,107.706,23.1957,0.267264,84.2426,117.229,23.1887,0.0718272,93.9687,224.935,0,0,0
900,2,1,701,1,1,1,4317.58,18633.8,327.906,46.3844,0.482746,234.074,14470.1,113.189,23.1957,0.267264,89.7256,56.1277,23.1887,0.0718272,32.8672,169.316,0,0,0
900,2,1,702,1,1,1,4317.9,18632.7,442.629,46.3844,0.482746,349.13,12429,113.447,23.1957,0.267264,89.9837,79.3374,23.1887,0.0718272,56.0769,192.784,0,0,0
900,2,1,703,1,1,1,4345.77,18673,355.727,46.3844,0.482746,261.976,14014.7,71.4364,23.1957,0.267264,47.9734,115.82,23.1887,0.0718272,92.5592,187.256,0,0,0
900,2,1,704,1,1,1,4347.37,18665.2,445.264,46.3844,0.517824,351.737,12414.4,76.8967,23.1957,0.302342,53.3986,107.989,23.1887,0.0718272,84.7281,184.885,0,0,0
900,2,1,705,1,1,1,4316.62,18649.5,391.735,46.3844,0.482746,298.088,13350.9,112.918,23.1957,0.267264,89.4549,65.5325,23.1887,0.0718272,42.272,178.45,0,0,0
900,2,1,706,1,1,1,4315.34,18628.5,365.699,46.3844,0.482746,271.976,13792.8,62.1868,23.1957,0.267264,38.7238,112.214,23.1887,0.0718272,88.9532,174.4,0,0,0
900,2,1,707,1,1,1,4318.92,18637.9,487.246,46.3844,0.517824,393.842,11640.6,117.008,23.1957,0.267264,93.5446,116.829,23.1887,0.106906,93.5338,233.837,0,0,0
900,2,1,708,1,1,1,4325.77,18662.8,482.312,46.3844,0.517824,388.893,11753.2,111.72,23.1957,0.302342,88.2222,108.256,23.1887,0.0718272,84.9953,219.976,0,0,0
900,2,1,709,1,1,1,4329.48,18677.6,490.441,46.3844,0.482746,397.081,11623.7,111.377,23.1957,0.267264,87.9136,113.268,23.1887,0.0718272,90.0072,224.644,0,0,0
900,2,1,710,1,1,1,4320.9,18639.1,425.054,46.3952,0.50112,331.475,12747.9,108.051,23.2065,0.285638,84.5585,76.2675,23.1887,0.0718272,53.007,184.318,0,0,0
900,2,1,711,1,1,1,4315.66,18638.2,319.571,46.3844,0.482746,225.714,14622.8,109.51,23.1957,0.267264,86.0474,52.7816,23.1887,0.0718272,29.5211,162.292,0,0,0
900,2,1,712,1,0,0,-1,-1,978.607,23.1957,0.267264,909.433,267830,-1,-1,-1,-1,-1,-1,-1,-1,-1,0,0,0
900,2,1,713,1,1,1,4327.97,18640.2,472.492,46.3844,0.482746,379.08,11905.5,101.439,23.1957,0.267264,77.9764,117.334,23.1887,0.0718272,94.0734,218.773,0,0,0
900,2,1,714,1,1,1,4360.46,18694,485.92,46.3844,0.6264,392.403,11720.1,113.569,23.1957,0.267264,90.1064,117.884,23.1887,0.0718272,94.6239,231.454,0,0,0
900,2,1,715,1,1,1,4334.34,18647.9,335.869,46.3844,0.482746,242.06,14342.6,74.833,23.1957,0.267264,51.37,114.825,23.1887,0.0718272,91.5647,189.658,0,0,0
900,2,1,716,1,1,1,4322.93,18701.5,359.512,46.3844,0.552902,265.701,13975.4,122.6,23.1957,0.337421,99.0673,66.7959,23.1887,0.0718272,43.5354,189.396,0,0,0
900,2,1,717,1,1,1,4331.59,18666.2,477.31,46.3844,0.50112,383.894,11845.6,115.179,23.1957,0.267264,91.7163,110.999,23.1887,0.0902016,87.7205,226.179,0,0,0
900,2,1,718,1,1,1,4318.54,18672.8,350.318,46.3844,0.482746,256.551,14110.6,121.415,23.1957,0.267264,97.9519,63.7097,23.1887,0.0718272,40.4492,185.125,0,0,0
900,2,1,719,1,1,1,4322.18,18639.2,361.548,46.3844,0.6264,267.67,13882.5,64.5655,23.1957,0.267264,41.1025,111.526,23.1887,0.0718272,88.2655,176.092,0,0,0
900,2,1,720,1,1,1,4360.69,18712.6,416.763,46.3844,0.482746,323.189,12968.9,107.424,23.1957,0.267264,83.9611,71.3332,23.1887,0.0718272,48.0727,178.757,0,0,0
900,2,1,721,1,1,1,4340.34,18664.4,373.481,46.3844,0.517824,279.746,13690,60.1347,23.1957,0.267264,36.6717,115.822,23.1887,0.106906,92.5267,175.957,0,0,0
900,2,1,722,1,1,1,4321.16,18644.2,488.845,46.3844,0.482746,395.48,11618.7,117.971,23.1957,0.267264,94.5084,116.076,23.1887,0.0718272,92.8154,234.047,0,0,0
900,2,1,723,1,1,1,4320.26,18637,486.04,46.3844,0.482746,392.667,11661.4,116.426,23.1957,0.267264,92.9634,117.193,23.1887,0.0718272,93.9326,233.62,0,0,0
900,2,1,724,1,1,1,4336.39,18677,479.655,46.3844,0.482746,386.263,11814.9,108.363,23.1957,0.267264,84.8996,107.041,23.1887,0.0718272,83.7806,215.404,0,0,0
900,2,1,725,1,1,1,4352.14,18675.1,484.035,46.3844,0.587981,390.552,11734.4,110.823,23.1957,0.302342,87.3252,119.434,23.1887,0.141984,96.1038,230.258,0,0,0
900,2,1,726,1,1,1,4322.11,18673.8,425.35,46.3844,0.517824,331.766,12777.1,108.289,23.1957,0.302342,84.7913,76.1538,23.1887,0.0718272,52.8933,184.443,0,0,0
900,2,1,727,1,1,1,4328.84,18703.4,487.578,46.3844,0.482746,394.21,11700.5,115.625,23.1957,0.267264,92.1621,116.325,23.1887,0.0718272,93.0645,231.95,0,0,0
900,2,1,728,1,1,1,4364.93,18692.8,448.495,46.3844,0.482746,355.013,12384.8,79.8269,23.1957,0.267264,56.3639,110.348,23.1887,0.0718272,87.087,190.174,0,0,0
900,2,1,729,1,1,1,4336.86,18682.6,475.104,46.3844,1.01727,381.165,11900.1,117.416,23.1957,0.658138,93.5626,104.767,23.1887,0.0718272,81.5066,222.184,0,0,0
900,2,1,730,1,1,1,4323.71,18682.6,486.212,46.3844,0.713261,392.609,11703.2,114.767,23.1957,0.497779,91.0738,117.8,23.1887,0.0718272,94.539,232.567,0,0,0
900,2,1,731,1,1,1,4345.61,18686.9,487.632,46.3844,0.552902,394.194,11682.4,114.784,23.1957,0.267264,91.3211,118.837,23.1887,0.141984,95.5064,233.621,0,0,0
900,2,1,732,1,1,1,4327.14,18683.7,487.346,46.3844,0.482746,393.977,11684.8,115.549,23.1957,0.267264,92.0863,115.939,23.1887,0.0718272,92.6783,231.488,0,0,0
900,2,1,733,1,1,1,4331.11,18643.4,473.099,46.3844,0.482746,379.688,11897.9,102.984,23.1957,0.267264,79.5213,116.136,23.1887,0.0718272,92.875,219.12,0,0,0
900,2,1,734,1,1,1,4335.24,18675.1,487.661,46.3844,0.482746,394.293,11670.7,119.565,23.1957,0.267264,96.102,111.264,23.1887,0.0718272,88.0039,230.829,0,0,0
900,2,1,735,1,1,1,4314.06,18698.7,299.956,46.3844,0.517824,206.007,15031.8,96.5221,23.1957,0.302342,73.024,47.6596,23.1887,0.0718272,24.3991,144.182,0,0,0
900,2,1,736,1,1,2,10320.5,24646.1,605.073,69.5741,0.519494,489.456,15953.2,117.323,23.1957,0.267264,93.8604,234.802,46.3784,0.108576,188.315,352.125,1,0,0
900,2,1,737,1,1,1,4332.99,18690.9,330.409,46.3844,0.552902,236.514,14482.2,114.995,23.1957,0.337421,91.4618,57.068,23.1887,0.0718272,33.8075,172.063,0,0,0
900,2,1,738,1,1,1,4328.07,18639.7,401.271,46.3844,0.482746,307.652,13171.4,63.5783,23.1957,0.267264,40.1153,114.082,23.1887,0.0718272,90.8211,177.66,0,0,0
900,2,1,739,1,1,1,4321.16,18650.5,487.493,46.3844,0.517824,394.089,11648.8,120.365,23.1957,0.302342,96.8672,110.914,23.1887,0.0718272,87.6537,231.279,0,0,0
900,2,1,740,1,1,1,4319.18,18635.6,486.099,46.3844,0.482746,392.726,11658.9,119.052,23.1957,0.267264,95.5894,108.037,23.1887,0.0718272,84.7769,227.09,0,0,0
900,2,1,741,1,1,1,4321.14,18643.5,330.767,46.3952,0.50112,236.914,14428.9,115.351,23.2065,0.285638,91.8589,57.9488,23.1887,0.0718272,34.6883,173.3,0,0,0
900,2,1,742,1,1,1,4353.69,18711.5,488.548,46.3844,0.748339,394.917,11690.3,116.579,23.1957,0.497779,92.8858,114.185,23.1887,0.106906,90.8897,230.765,0,0,0
900,2,1,743,1,1,1,4335.05,18668.8,461.874,46.3844,0.50112,368.412,12122.7,115.47,23.1957,0.267264,92.0069,90.4878,23.1887,0.0902016,67.2089,205.958,0,0,0
900,2,1,744,0,0,0,-1,-1,1035.78,23.206,0.516154,966.514,270733,-1,-1,-1,-1,-1,-1,-1,-1,-1,0,0,0
900,2,1,745,1,1,1,4345.93,18671.8,372.642,46.3844,0.770054,278.652,13711.8,61.5226,23.1957,0.267264,38.0596,114.937,23.1887,0.0718272,91.6766,176.46,0,0,0
900,2,1,746,1,1,1,4317.26,18649.3,305.596,46.3844,0.678182,211.503,14881.9,100.402,23.1957,0.462701,76.7437,49.542,23.1887,0.0718272,26.2815,149.944,0,0,0
900,2,1,747,1,1,1,4325.42,18645.1,400.206,46.3844,0.482746,306.583,13195.8,62.3853,23.1957,0.267264,38.9223,114.322,23.1887,0.0718272,91.0612,176.707,0,0,0
900,2,1,748,1,1,1,4326.99,18662,484.999,46.3844,0.482746,391.624,11704.9,119.217,23.1957,0.267264,95.7537,113.594,23.1887,0.0718272,90.3338,232.811,0,0,0
900,2,1,749,1,1,1,4330.82,18657.1,1174.24,46.3844,1.10915,1082.24,279530,77.6147,23.1957,0.462701,53.9563,116.293,23.1887,0.0718272,93.032,193.907,0,0,0
900,2,1,750,1,1,1,4352.33,18687.6,486.52,46.3844,0.552902,393.078,11703,112.523,23.1957,0.267264,89.0597,120.104,23.1887,0.141984,96.7734,232.627,0,0,0
900,2,1,751,1,1,1,4352.17,18691.4,488.095,46.3844,0.678182,394.533,11678.8,116.281,23.1957,0.462701,92.6223,117.971,23.1887,0.0718272,94.7105,234.252,0,0,0
900,2,1,752,1,1,1,4322.14,18678.1,418.286,46.3844,0.482746,324.716,12907.3,107.79,23.1957,0.267264,84.3275,71.9197,23.1887,0.0718272,48.6592,179.71,0,0,0
900,2,1,753,1,1,1,4327.41,18644.1,440.462,46.3844,0.482746,346.957,12479,71.7847,23.1957,0.267264,48.3217,109.745,23.1887,0.0718272,86.4842,181.529,0,0,0
900,2,1,754,1,1,1,4325.26,18707.7,315.843,46.3844,0.517824,221.94,14758.3,106.905,23.1957,0.302342,83.407,51.8395,23.1887,0.0718272,28.579,158.745,0,0,0
900,2,1,755,1,1,1,4313.74,18627.6,352.274,46.3844,0.482746,258.512,14030.6,120.637,23.1957,0.267264,97.174,64.2962,23.1887,0.0718272,41.0357,184.933,0,0,0
900,2,1,756,1,1,1,4322.82,18653.5,400.455,46.3844,0.517824,306.798,13199.6,62.3807,23.1957,0.302342,38.8826,114.284,23.1887,0.0718272,91.0233,176.664,0,0,0
900,2,1,757,1,1,1,4338.84,18706.4,446.352,46.3844,0.748339,352.598,12435.5,78.0115,23.1957,0.532858,54.283,107.729,23.1887,0.0718272,84.4682,185.74,0,0,0
900,2,1,758,1,1,1,4315.98,18721.9,489.658,46.3844,0.873619,395.905,11681,113.437,23.1957,0.658138,89.5831,113.138,23.1887,0.0718272,89.8772,226.575,0,0,0
900,2,1,759,1,1,1,4329.1,18688.8,486.579,46.3844,0.713261,392.977,11702.9,114.166,23.1957,0.497779,90.4728,116.265,23.1887,0.0718272,93.005,230.432,0,0,0
900,2,1,760,1,1,1,4321.61,18652.5,356.772,46.3844,0.678182,262.828,13975.1,121.423,23.1957,0.462701,97.7642,65.4116,23.1887,0.0718272,42.1511,186.834,0,0,0
900,2,1,761,1,1,1,4348.42,18677.7,488.49,46.3844,0.6264,394.98,11658.2,113.131,23.1957,0.267264,89.6679,116.117,23.1887,0.0718272,92.857,229.248,0,0,0
900,2,1,762,1,1,1,4342.41,18742,492.288,46.3844,0.943776,398.473,11653.9,118.86,23.1957,0.728294,94.9361,119.372,23.1887,0.0718272,96.111,238.232,0,0,0
900,2,1,763,1,1,1,4337.55,18653.6,341.143,46.3844,0.517824,247.314,14254.3,77.1612,23.1957,0.267264,53.6982,115.411,23.1887,0.106906,92.1152,192.572,0,0,0
900,2,1,764,1,1,1,4321.67,18643.7,434.944,46.3844,0.482746,341.423,12576.6,67.8592,23.1957,0.267264,44.3963,108.155,23.1887,0.0718272,84.8942,176.014,0,0,0
900,2,1,765,1,1,1,4315.34,18644.2,378.208,46.3844,0.482746,284.521,13586.1,113.811,23.1957,0.267264,90.3483,64.5958,23.1887,0.0718272,41.3353,178.407,0,0,0
900,2,1,766,1,0,0,-1,-1,902.784,23.1957,0.267264,833.39,265506,-1,-1,-1,-1,-1,-1,-1,-1,-1,0,0,0
900,2,1,767,1,1,1,4316.3,18635.7,375.341,46.3844,0.482746,281.646,13628.5,58.9507,23.1957,0.267264,35.4878,114.36,23.1887,0.0718272,91.0991,173.31,0,0,0
900,2,1,768,1,1,1,4317.38,18640.7,427.417,46.3844,0.482746,333.874,12707.5,69.2164,23.1957,0.267264,45.7535,110.896,23.1887,0.0718272,87.6357,180.113,0,0,0
900,2,1,769,1,1,1,4333.26,18665.8,485.155,46.3844,0.713261,391.55,11705.2,118.928,23.1957,0.462701,95.27,113.214,23.1887,0.106906,89.9187,232.143,0,0,0
900,2,1,770,1,1,1,4328.62,18659.5,489.09,46.3844,0.482746,395.726,11629.7,115.663,23.1957,0.267264,92.2,113.984,23.1887,0.0718272,90.7237,229.647,0,0,0
900,2,1,771,1,1,1,4320.59,18636,488.906,46.3844,0.482746,395.542,11609.4,113.001,23.1957,0.267264,89.5379,117.285,23.1887,0.0718272,94.0247,230.286,0,0,0
900,2,1,772,1,1,1,4339.24,18688.1,489.898,46.3844,0.482746,396.536,11643.9,118.561,23.1957,0.267264,95.0985,121.422,23.1887,0.0718272,98.1613,239.983,0,0,0
900,2,1,773,1,1,1,4336.89,24691.3,345.406,52.1883,0.997229,245.465,20314.7,191.491,28.9996,0.781747,161.365,30.1585,23.1887,0.0718272,6.89795,221.65,0,0,0
900,2,1,774,1,1,2,10328.8,24672.4,636.661,69.5741,0.537869,521.118,15417.6,117.401,23.1957,0.267264,93.938,269.407,46.3784,0.12695,222.902,386.808,1,0,0
900,2,1,775,1,1,1,4317.26,18633,485.908,46.3844,0.482746,392.535,11659.8,109.875,23.1957,0.267264,86.412,113.329,23.1887,0.0718272,90.0685,223.204,0,0,0
900,2,1,776,1,1,1,4322.89,18641.4,388.888,46.3844,0.482746,295.233,13393.4,112.084,23.1957,0.267264,88.6211,65.5885,23.1887,0.0718272,42.328,177.673,0,0,0
900,2,1,777,1,1,1,4318.34,18658.9,368.085,46.3844,0.482746,274.369,13780.8,118.105,23.1957,0.267264,94.6419,65.9206,23.1887,0.0718272,42.6601,184.025,0,0,0
900,2,1,778,1,1,1,4318.22,18650.6,326.289,46.3844,0.517824,232.417,14515.5,113.213,23.1957,0.302342,89.7148,54.489,23.1887,0.0718272,31.2285,167.702,0,0,0
900,2,1,779,1,1,1,4332.41,18657.8,488.767,46.3844,0.6264,395.258,11633.3,116.499,23.1957,0.267264,93.0356,121.184,23.1887,0.0718272,97.923,237.682,0,0,0
900,2,1,780,1,1,1,4315.02,18627.6,413.015,46.3844,0.482746,319.43,12950.5,66.9803,23.1957,0.267264,43.5173,114.453,23.1887,0.0718272,91.1929,181.434,0,0,0
900,2,1,781,1,1,1,4316.3,18648.5,379.878,46.3844,0.482746,286.196,13560.6,113.403,23.1957,0.267264,89.9404,65.0073,23.1887,0.0718272,41.7468,178.411,0,0,0
900,2,1,782,1,1,1,4334.09,18660.7,422.034,46.3844,0.482746,328.475,12823.2,67.8304,23.1957,0.267264,44.3674,110.052,23.1887,0.0718272,86.791,177.882,0,0,0
900,2,1,783,1,1,1,4333,24672.3,612.026,52.1883,0.801792,513.056,15555.1,246.46,28.9996,0.58631,216.692,113.046,23.1887,0.0718272,89.7852,359.506,0,0,0
900,2,1,784,1,1,1,4316.8,18638.4,423.465,46.3844,0.482746,329.91,12775.5,107.639,23.1957,0.267264,84.1759,75.468,23.1887,0.0718272,52.2074,183.107,0,0,0
900,2,1,785,1,1,1,4323.5,18655.9,488.322,46.3844,0.6264,394.813,11639.3,116.946,23.1957,0.267264,93.4832,119.992,23.1887,0.0718272,96.7319,236.939,0,0,0
900,2,1,786,1,1,1,4328.46,18671.9,488.827,46.3844,0.482746,395.462,11646.8,117.677,23.1957,0.267264,94.2142,119.909,23.1887,0.0718272,96.6488,237.586,0,0,0
900,2,1,787,1,1,1,4330.65,18643.5,359.249,46.3844,0.482746,265.508,13922.5,64.6323,23.1957,0.267264,41.1693,112.492,23.1887,0.0718272,89.2311,177.124,0,0,0
900,2,1,788,1,1,1,4343.53,18684.7,478.576,46.3952,0.554573,385.099,11841.4,106.631,23.2065,0.320717,83.1038,118.769,23.1887,0.0902016,95.4902,225.4,0,0,0
900,2,1,789,1,1,1,4346.5,18659.7,432.5,46.3844,0.517824,338.936,12635.9,67.2456,23.1957,0.267264,43.7826,109.491,23.1887,0.106906,86.1954,176.737,0,0,0
900,2,1,790,1,1,1,4316.94,18633.7,344.248,46.3844,0.482746,250.463,14179.4,117.479,23.1957,0.267264,94.0156,62.8452,23.1887,0.0718272,39.5847,180.324,0,0,0
900,2,1,791,1,1,1,4336.52,18665,479.374,46.3844,0.482746,385.982,11808,108.491,23.1957,0.267264,85.0277,107.532,23.1887,0.0718272,84.2715,216.023,0,0,0
900,2,1,792,1,1,1,4346.37,18661.5,394.138,46.3844,0.50112,300.479,13319.9,62.5026,23.1957,0.267264,39.0396,115.17,23.1887,0.0902016,91.8914,177.673,0,0,0
900,2,1,793,1,1,1,4315.66,18652.5,488.599,46.3844,0.482746,395.233,11631.3,110.985,23.1957,0.267264,87.522,112.228,23.1887,0.0718272,88.9676,223.213,0,0,0
900,2,1,794,1,1,1,4332.71,18686.8,490.994,46.3844,0.552902,397.565,11622.6,119.393,23.1957,0.337421,95.8601,117.7,23.1887,0.0718272,94.4398,237.094,0,0,0
900,2,1,795,1,1,1,4324.28,24683,614.874,52.1883,0.606355,516.108,15515.5,248.318,28.9996,0.390874,218.747,109.481,23.1887,0.0718272,86.2207,357.799,0,0,0
900,2,1,796,1,1,1,4316.3,18642.1,397.612,46.3844,0.482746,303.982,13238.9,109.399,23.1957,0.267264,85.9356,65.9964,23.1887,0.0718272,42.7359,175.395,0,0,0
900,2,1,797,1,1,1,4339.08,18688,447.305,46.3844,0.517824,353.784,12400.9,114.371,23.1957,0.267264,90.9078,79.7678,23.1887,0.106906,56.4722,194.139,0,0,0
900,2,1,798,1,1,1,4316.62,24661.2,334.652,52.1883,0.571277,235.106,20477,183.169,28.9996,0.355795,153.446,27.1047,23.1887,0.0718272,3.84422,210.273,0,0,0
900,2,1,799,1,1,1,4316.3,18632.7,295.138,46.3844,0.482746,201.21,15051.7,92.4406,23.1957,0.267264,68.9777,44.7791,23.1887,0.0718272,21.5186,137.22,0,0,0
900,2,1,800,1,1,1,4342.3,18716.8,486.809,46.3844,0.517824,393.403,11727.2,116.333,23.1957,0.267264,92.8696,117.275,23.1887,0.106906,93.9795,233.608,0,0,0
900,2,1,801,1,1,1,4316.62,18650.5,481.192,46.3844,0.678182,387.61,11760.6,117.43,23.1957,0.462701,93.772,113.768,23.1887,0.0718272,90.5071,231.198,0,0,0
900,2,1,802,1,1,1,4344.2,18669,487.116,46.3844,0.50112,393.728,11674.1,118.991,23.1957,0.267264,95.5281,113.842,23.1887,0.0902016,90.5631,232.833,0,0,0
900,2,1,803,1,1,1,4324.04,18638.5,486.507,46.3844,0.482746,393.136,11654.6,114.678,23.1957,0.267264,91.2146,118.316,23.1887,0.0718272,95.0552,232.993,0,0,0
900,2,1,804,1,1,1,4318.54,18656.1,394.694,46.3844,0.678182,300.86,13304.3,113.602,23.1957,0.462701,89.944,65.3575,23.1887,0.0718272,42.097,178.96,0,0,0
900,2,1,805,1,1,1,4323.37,24682.6,615.674,52.1883,0.891994,516.624,15500.8,247.728,28.9996,0.676512,217.87,116.136,23.1887,0.0718272,92.875,363.864,0,0,0
900,2,1,806,1,1,1,4326.09,18668.2,432.832,46.3844,0.482746,339.304,12638.7,112.853,23.1957,0.267264,89.3899,76.4407,23.1887,0.0718272,53.1802,189.294,0,0,0
900,2,1,807,1,1,1,4342.66,18676.9,491.121,46.3844,0.713261,397.532,11610.3,117.59,23.1957,0.497779,93.8965,119.487,23.1887,0.0718272,96.2265,237.077,0,0,0
900,2,1,808,1,1,1,4314.38,18629.5,473.722,46.3844,0.482746,380.313,11872.9,103.224,23.1957,0.267264,79.7613,116.258,23.1887,0.0718272,92.9977,219.483,0,0,0
900,2,1,809,1,1,1,4323.2,18682.4,480.801,46.3844,0.482746,387.413,11799.9,108.915,23.1957,0.267264,85.4519,108.887,23.1887,0.0718272,85.6269,217.802,0,0,0
900,2,1,810,1,1,1,4360.63,18779.4,489.801,46.3844,0.482746,396.439,11736.9,116.231,23.1957,0.267264,92.7685,116.98,23.1887,0.0718272,93.7197,233.212,0,0,0
900,2,1,811,1,1,1,4319.5,18637.4,484.514,46.3844,0.482746,391.136,11688.9,117.172,23.1957,0.267264,93.7088,110.92,23.1887,0.0718272,87.6591,228.091,0,0,0
900,2,1,812,1,1,1,4319.94,18653.3,487.438,46.3844,0.482746,394.069,11652.9,118.773,23.1957,0.267264,95.3097,116.265,23.1887,0.0718272,93.005,235.038,0,0,0
900,2,1,813,1,1,1,4350.94,18689,464.916,46.3844,0.482746,371.482,12089,116.369,23.1957,0.267264,92.9057,92.1136,23.1887,0.0718272,68.8531,208.482,0,0,0
900,2,1,814,1,1,1,4338.48,18659.2,378.272,46.3844,0.552902,284.516,13599.4,58.9309,23.1957,0.267264,35.4679,115.996,23.1887,0.141984,92.6657,174.927,0,0,0
900,2,1,815,1,1,1,4318.22,18634.3,366.305,46.3844,0.482746,272.584,13787.8,119.15,23.1957,0.267264,95.6869,66.2707,23.1887,0.0718272,43.0102,185.421,0,0,0
900,2,1,816,1,1,1,4318.38,18663.1,485.299,46.3844,0.517824,391.889,11700.4,112.029,23.1957,0.302342,88.5309,118.675,23.1887,0.0718272,95.4144,230.704,0,0,0
900,2,1,817,1,1,1,4325.89,18660.6,485.201,46.3844,0.482746,391.826,11699.9,112.366,23.1957,0.267264,88.9026,120.007,23.1887,0.0718272,96.7463,232.372,0,0,0
900,2,1,818,1,1,1,4334.12,18678.1,486.595,46.3844,0.517824,393.188,11692.4,117.414,23.1957,0.267264,93.9507,118.358,23.1887,0.106906,95.0624,235.772,0,0,0
900,2,1,819,1,1,1,4342.08,18654.7,386.776,46.3844,0.6264,292.971,13443.7,59.9434,23.1957,0.267264,36.4804,112.719,23.1887,0.0718272,89.4585,172.662,0,0,0
900,2,1,820,1,1,1,4337.9,18664.9,448.123,46.3844,0.788429,354.335,12362.5,80.2456,23.1957,0.267264,56.7826,109.931,23.1887,0.0902016,86.6521,190.177,0,0,0
900,2,1,821,1,1,1,4317.58,18673.6,436.048,46.3844,0.482746,342.529,12586.9,112.898,23.1957,0.267264,89.4351,77.0309,23.1887,0.0718272,53.7704,189.929,0,0,0
900,2,1,822,1,1,1,4359.51,18687.3,469.666,46.3844,0.770054,375.958,12002.1,96.8552,23.1957,0.267264,73.3922,118.924,23.1887,0.0718272,95.6634,215.779,0,0,0
900,2,1,823,1,1,1,4326.76,18643.2,374.689,46.3844,0.6264,280.849,13647.2,58.4635,23.1957,0.267264,35.0005,114.571,23.1887,0.0718272,91.3102,173.034,0,0,0
900,2,1,824,1,1,1,4334.14,18658.1,482.393,46.3844,0.517824,388.974,11747.1,111.356,23.1957,0.302342,87.8577,108.647,23.1887,0.0718272,85.3869,220.003,0,0,0
900,2,1,825,1,1,1,4322.57,18681.8,323.146,46.3844,0.482746,229.3,14602.8,112.158,23.1957,0.267264,88.6951,53.9584,23.1887,0.0718272,30.6978,166.116,0,0,0
900,2,1,826,1,1,1,4320.26,18661.3,483.834,46.3844,0.678182,390.259,11724.4,115.949,23.1957,0.462701,92.2903,117.016,23.1887,0.0718272,93.7558,232.965,0,0,0
900,2,1,827,1,1,1,4337.43,18651.9,395.622,46.3844,0.482746,301.986,13284.1,62.6777,23.1957,0.267264,39.2147,114.311,23.1887,0.0718272,91.0504,176.989,0,0,0
900,2,1,828,1,1,1,4352.29,18681.7,414.945,46.3844,0.6264,321.222,12969.9,68.5775,23.1957,0.267264,45.1146,113.809,23.1887,0.0718272,90.5486,182.387,0,0,0
900,2,1,829,1,1,1,4342,18658.1,335.232,46.3844,0.482746,241.421,14364.1,74.6236,23.1957,0.267264,51.1607,115.78,23.1887,0.0718272,92.5195,190.404,0,0,0
900,2,1,830,1,1,1,4335.35,18659.3,487.06,46.3844,0.482746,393.69,11665.5,113.846,23.1957,0.267264,90.3826,118.749,23.1887,0.0718272,95.4884,232.594,0,0,0
900,2,1,831,1,1,1,4319.26,18643.2,399.117,46.3844,0.482746,305.491,13213.2,108.321,23.1957,0.267264,84.8581,67.0233,23.1887,0.0718272,43.7628,175.344,0,0,0
900,2,1,832,1,1,1,4323.53,18650.5,372.647,46.3844,0.482746,278.944,13691.2,115.89,23.1957,0.267264,92.4274,66.0794,23.1887,0.0718272,42.8189,181.97,0,0,0
900,2,1,833,1,1,1,4320.87,18676,487.611,46.3844,0.482746,394.242,11672.5,116.704,23.1957,0.267264,93.2414,115.045,23.1887,0.0718272,91.7849,231.75,0,0,0
900,2,1,834,1,1,1,4318.89,18657.6,485.881,46.3844,0.482746,392.508,11684.8,111.757,23.1957,0.267264,88.2944,113.739,23.1887,0.0718272,90.4782,225.496,0,0,0
900,2,1,835,1,1,1,4346.72,18677.6,487.223,46.3844,0.696557,393.64,11680,115.24,23.1957,0.337421,91.7073,114.838,23.1887,0.0718272,91.5774,230.078,0,0,0
900,2,1,836,1,1,1,4326.31,18668.5,352.061,46.3844,1.06906,257.713,14073.9,74.5079,23.1957,0.853574,50.4586,114.078,23.1887,0.0718272,90.8175,188.586,0,0,0
900,2,1,837,1,1,1,4359.69,18696.1,485.995,46.3844,0.517824,392.587,11721.1,112.226,23.1957,0.302342,88.7276,120.777,23.1887,0.0718272,97.517,233.003,0,0,0
900,2,1,838,1,1,1,4323.91,18669.4,487.908,46.3844,0.517824,394.506,11660.3,118.588,23.1957,0.302342,95.0895,112.197,23.1887,0.0718272,88.9369,230.785,0,0,0
900,2,1,839,1,1,1,4319.22,18656.2,367.499,46.3844,0.517824,273.747,13788.2,117.864,23.1957,0.302342,94.3658,66.2707,23.1887,0.0718272,43.0102,184.135,0,0,0
900,2,1,840,1,1,1,4334.36,18743,488.406,46.3844,0.482746,395.04,11725.3,115.764,23.1957,0.267264,92.3011,116.524,23.1887,0.0718272,93.263,232.288,0,0,0
900,2,1,841,1,1,1,4317.51,24697.4,448.815,52.1883,0.571277,349.601,18483.1,238.468,28.9996,0.355795,208.9,53.841,23.1887,0.0718272,30.5805,292.309,0,0,0
900,2,1,842,1,1,1,4318.98,18669.8,489.352,46.3844,0.517824,395.953,11635.1,116.739,23.1957,0.302342,93.2414,120.684,23.1887,0.0718272,97.4231,237.423,0,0,0
900,2,1,843,1,1,1,4340.81,18674.3,372.84,46.3844,0.482746,279.138,13711.6,115.89,23.1957,0.267264,92.4274,66.0216,23.1887,0.0718272,42.7611,181.912,0,0,0
900,2,1,844,1,1,2,4360.27,18705.8,505.532,69.5741,0.803462,389.342,11774.5,110.447,23.1957,0.337421,86.9138,143.072,46.3784,0.322387,96.3709,253.519,1,0,0
900,2,1,845,1,1,1,4322.7,18660.7,424.574,46.3844,0.517824,330.988,12777.8,107.81,23.1957,0.267264,84.3473,76.0932,23.1887,0.106906,52.7976,183.903,0,0,0
900,2,1,846,1,1,1,4338.63,18653.8,399.898,46.3844,0.770054,305.988,13209.1,61.907,23.1957,0.267264,38.444,114.578,23.1887,0.0718272,91.3175,176.485,0,0,0
900,2,1,847,1,1,1,4315.66,18660.3,482.046,46.3844,0.482746,388.662,11755.7,110.582,23.1957,0.267264,87.1195,107.628,23.1887,0.0718272,84.3672,218.21,0,0,0
900,2,1,848,1,1,1,4322.63,18645.6,390.036,46.3844,0.482746,296.384,13377.1,112.436,23.1957,0.267264,88.973,65.7654,23.1887,0.0718272,42.5048,178.201,0,0,0
900,2,1,849,1,1,1,4331.98,18657.2,435.426,46.3844,0.517824,341.871,12581.4,111.878,23.1957,0.267264,88.4153,77.7103,23.1887,0.106906,54.4147,189.589,0,0,0
900,2,1,850,1,1,1,4319.18,24656.7,597.386,52.1883,0.83687,498.338,15799.5,253.288,28.9996,0.621389,223.505,88.4715,23.1887,0.0718272,65.211,341.759,0,0,0
900,2,1,851,1,1,1,4321.09,18636.5,485.613,46.3844,0.482746,392.239,11668.5,115.008,23.1957,0.267264,91.5449,115.836,23.1887,0.0718272,92.5754,230.844,0,0,0
900,2,1,852,1,1,1,4374.27,18710.7,420.108,46.3844,0.623059,326.403,12906.5,67.5243,23.1957,0.302342,44.0263,111.698,23.1887,0.177062,88.3323,179.222,0,0,0
900,2,1,853,1,1,1,4318.47,18647.2,484.938,46.3844,0.482746,391.562,11691.2,113.324,23.1957,0.267264,89.861,118.709,23.1887,0.0718272,95.4487,232.033,0,0,0
900,2,1,854,1,1,1,4351.1,18668.6,487.172,46.3844,0.482746,393.802,11672.9,117.345,23.1957,0.267264,93.8821,116.325,23.1887,0.0718272,93.0645,233.67,0,0,0
900,2,1,855,1,1,1,4367.54,18727.1,475.865,46.3844,0.482746,382.462,11932.4,115.197,23.1957,0.267264,91.7344,108.705,23.1887,0.0718272,85.4446,223.902,0,0,0
900,2,1,856,1,1,1,4319.18,18634.6,483.646,46.3844,0.482746,390.266,11701.6,116.035,23.1957,0.267264,92.5718,115.569,23.1887,0.0718272,92.3083,231.604,0,0,0
900,2,1,857,1,1,1,4325.51,18642.6,481.865,46.3844,0.482746,388.48,11741.2,118.085,23.1957,0.267264,94.6221,114.524,23.1887,0.0718272,91.2633,232.609,0,0,0
900,2,1,858,1,1,1,4331.17,18693.3,487.632,46.3844,1.06906,393.677,11688,116.41,23.1957,0.853574,92.3606,118.207,23.1887,0.0718272,94.9469,234.617,0,0,0
900,2,1,859,1,1,1,4333.74,24684.1,597.831,52.1883,0.893664,498.728,15819.2,253.86,28.9996,0.516154,224.181,88.4701,23.1887,0.0902016,65.1912,342.33,0,0,0
900,2,1,860,1,1,1,4329.99,18664.9,373.423,46.3844,0.517824,279.688,13691.6,60.6733,23.1957,0.302342,37.1753,115.937,23.1887,0.0718272,92.6765,176.61,0,0,0
900,2,1,861,1,1,1,4323.27,18661.5,486.254,46.3844,0.482746,392.881,11682.1,111.907,23.1957,0.267264,88.4442,115.695,23.1887,0.0718272,92.4346,227.602,0,0,0
900,2,1,862,1,1,1,4340.36,18706.6,489.37,46.3844,0.552902,395.937,11671.3,118.656,23.1957,0.302342,95.1581,115.905,23.1887,0.106906,92.6097,234.561,0,0,0
900,2,1,863,1,1,1,4317.58,24653,377.619,52.1883,0.696557,278.073,19704.7,207.313,28.9996,0.481075,177.536,37.1719,23.1887,0.0718272,13.9114,244.485,0,0,0
900,2,1,864,1,1,1,4325.83,18669.7,341.423,46.3844,0.482746,247.629,14265.7,117.334,23.1957,0.267264,93.8713,61.9446,23.1887,0.0718272,38.6841,179.279,0,0,0
900,2,1,865,1,1,1,4314.7,18647.1,479.599,46.3844,0.678182,386.012,11785.5,116.429,23.1957,0.462701,92.7703,112.681,23.1887,0.0718272,89.4206,229.11,0,0,0
900,2,1,866,1,1,1,4337.42,18657.9,430.789,46.3844,0.6264,337.111,12664.4,68.7328,23.1957,0.267264,45.2698,110.708,23.1887,0.0718272,87.448,179.441,0,0,0
900,2,1,867,1,1,1,4316.62,18632.4,461.52,46.3844,0.482746,368.076,12092.8,91.8649,23.1957,0.267264,68.4019,115.105,23.1887,0.0718272,91.8445,206.97,0,0,0
900,2,1,868,1,1,1,4318.22,18648.7,383.52,46.3844,0.482746,289.849,13496.1,112.082,23.1957,0.267264,88.6193,64.419,23.1887,0.0718272,41.1585,176.501,0,0,0
900,2,1,869,1,1,1,4319.59,24652.9,333.91,52.1883,0.731635,234.202,20481.6,182.308,28.9996,0.516154,152.424,26.8683,23.1887,0.0718272,3.6078,209.176,0,0,0
900,2,1,870,1,1,1,4323.34,18651.6,415.597,46.3844,0.482746,322.02,12928.6,106.856,23.1957,0.267264,83.3926,70.8278,23.1887,0.0718272,47.5673,177.683,0,0,0
900,2,1,871,1,1,1,4325.83,18693.6,366.074,46.3844,0.873619,271.962,13850.2,119.198,23.1957,0.658138,95.344,66.5035,23.1887,0.0718272,43.243,185.701,0,0,0
900,2,1,872,1,1,1,4317.58,24635.9,315.702,52.1883,0.536198,216.136,20788.9,173.203,28.9996,0.320717,143.491,26.6932,23.1887,0.0718272,3.43273,199.896,0,0,0
900,2,1,873,1,1,1,4315.02,18630.1,360.707,46.3844,0.482746,266.97,13883.2,65.0293,23.1957,0.267264,41.5663,111.284,23.1887,0.0718272,88.0237,176.314,0,0,0
900,2,1,874,1,1,1,4327.2,18662.2,409.559,46.3844,0.517824,315.928,13046.3,108.073,23.1957,0.302342,84.5747,68.4274,23.1887,0.0718272,45.1669,176.5,0,0,0
900,2,1,875,1,1,1,4321.05,18638.4,408.036,46.3844,0.482746,314.436,13049.9,67.2203,23.1957,0.267264,43.7574,116.85,23.1887,0.0718272,93.5897,184.071,0,0,0
900,2,1,876,1,1,1,4340.68,18686.8,449.349,46.3844,0.587981,355.764,12362.9,114.359,23.1957,0.302342,90.8609,80.7089,23.1887,0.141984,57.3782,195.068,0,0,0
900,2,1,877,1,1,1,4324.17,18655.5,354.826,46.3844,0.482746,261.072,14013.2,71.5519,23.1957,0.267264,48.0889,114.944,23.1887,0.0718272,91.6838,186.496,0,0,0
900,2,1,878,1,1,1,4355.9,18673,400.098,46.3844,0.517824,306.441,13225.3,61.4378,23.1957,0.267264,37.9748,116.31,23.1887,0.106906,93.014,177.747,0,0,0
900,2,1,879,1,1,1,4317.6,18634.9,384.422,46.3844,0.517824,290.719,13466,59.937,23.1957,0.302342,36.4389,112.907,23.1887,0.0718272,89.6462,172.844,0,0,0
900,2,1,880,1,1,2,10322,24658.8,597.317,69.5741,0.519494,481.678,16103.9,118.522,23.1957,0.267264,95.0588,230.12,46.3784,0.108576,183.633,348.642,1,0,0
900,2,1,881,1,1,1,4335.55,18679.2,489.628,46.3844,0.482746,396.265,11639.8,116.324,23.1957,0.267264,92.8606,121.507,23.1887,0.0718272,98.2461,237.83,0,0,0
900,2,1,882,1,1,1,4320.46,18658.9,351.577,46.3844,0.517824,257.778,14074.1,73.2582,23.1957,0.302342,49.7601,113.08,23.1887,0.0718272,89.8195,186.338,0,0,0
900,2,1,883,1,1,1,4341.22,18678.5,488.556,46.3844,0.766714,394.906,11657,116.626,23.1957,0.497779,92.9328,115.55,23.1887,0.12528,92.2361,232.176,0,0,0
900,2,1,884,1,1,2,10354.4,24668.6,552.388,69.5741,0.663149,436.475,16912.2,65.6989,23.1957,0.267264,42.2359,265.297,46.3784,0.25223,218.666,330.996,1,0,0
900,2,1,885,1,1,1,4318.98,18633.8,390.868,46.3844,0.482746,297.218,13350.5,113.084,23.1957,0.267264,89.621,66.2942,23.1887,0.0718272,43.0337,179.378,0,0,0
900,2,1,886,1,1,1,4315.66,18640.5,483.083,46.3844,0.482746,389.701,11717.4,115.12,23.1957,0.267264,91.6568,117.509,23.1887,0.0718272,94.2485,232.629,0,0,0
900,2,1,887,1,1,2,10324.2,24656.1,550.519,69.5741,0.519494,434.744,16933.4,64.3886,23.1957,0.267264,40.9256,264.124,46.3784,0.108576,217.637,328.513,1,0,0
900,2,1,888,1,1,1,4322.41,18656.9,307.262,46.3844,0.482746,213.369,14860.3,101.326,23.1957,0.267264,77.8627,49.9535,23.1887,0.0718272,26.693,151.279,0,0,0
900,2,1,889,1,1,1,4332.5,18660.4,433.359,46.3844,0.552902,339.763,12621.1,66.7418,23.1957,0.337421,43.2087,108.99,23.1887,0.0718272,85.7298,175.732,0,0,0
900,2,1,890,1,1,1,4317.41,18637.3,426.316,46.3844,0.482746,332.769,12723.7,69.8734,23.1957,0.267264,46.4104,111.423,23.1887,0.0718272,88.1627,181.297,0,0,0
900,2,1,891,1,1,1,4320.71,18643.8,358.257,46.3844,0.517824,264.477,13940.2,64.902,23.1957,0.302342,41.4039,112.983,23.1887,0.0718272,89.722,177.884,0,0,0
900,2,1,892,1,0,0,-1,-1,883.215,23.1957,0.267264,813.764,264899,-1,-1,-1,-1,-1,-1,-1,-1,-1,0,0,0
900,2,1,893,1,1,1,4320.84,18659.9,294.943,46.3844,0.482746,201.015,15082.4,92.7709,23.1957,0.267264,69.3079,44.3676,23.1887,0.0718272,21.1071,137.139,0,0,0
900,2,1,894,1,1,1,4315.34,18636.8,408.449,46.3844,0.482746,314.851,13041,107.484,23.1957,0.267264,84.0207,68.3354,23.1887,0.0718272,45.0749,175.819,0,0,0
900,2,1,895,1,1,1,4317.74,18633.2,360.113,46.3844,0.482746,266.374,13896.8,65.5347,23.1957,0.267264,42.0717,111.698,23.1887,0.0718272,88.437,177.232,0,0,0
900,2,1,896,1,1,1,4316.68,18666.4,351.233,46.3844,0.873619,257.078,14087,78.6801,23.1957,0.658138,54.8262,116.285,23.1887,0.0718272,93.0248,194.965,0,0,0
900,2,1,897,1,1,1,4342.28,18666.8,352.266,46.3844,0.517824,258.469,14069.7,77.2821,23.1957,0.267264,53.8191,117.198,23.1887,0.106906,93.9019,194.48,0,0,0
900,2,1,898,1,1,1,4360.37,18696.1,384.973,46.3844,0.517824,291.271,13517.5,60.3459,23.1957,0.267264,36.8829,113.763,23.1887,0.106906,90.4674,174.109,0,0,0
900,2,1,899,1,1,1,4322.31,18637.7,487.335,46.3844,0.482746,393.966,11639.1,112.669,23.1957,0.267264,89.2058,116.208,23.1887,0.0718272,92.9472,228.877,0,0,0
900,2,1,900,1,1,1,4342.42,18658.3,488.37,46.3844,0.50112,394.986,11641,116.103,23.1957,0.267264,92.6404,120.854,23.1887,0.0902016,97.5747,236.957,0,0,0
