N,seed,dutyCycle,devId,registered,authSuccess,attempts,latencyMs,e2eMs,fullEnergyMJ,fullCpuEnergyMJ,fullTxEnergyMJ,fullRxEnergyMJ,idleListeningMs,regEnergyMJ,regCpuEnergyMJ,regTxEnergyMJ,regRxEnergyMJ,authEnergyMJ,authCpuEnergyMJ,authTxEnergyMJ,authRxEnergyMJ,sessionEnergyMJ,fallbackUsed,replayRejected,desync
900,4,0,1,1,1,1,4319.55,18644.5,1178.25,46.3844,0.482746,1086.89,280718,111.62,23.1957,0.267264,88.1573,60.1127,23.1887,0.0718272,36.8522,171.733,0,0,0
900,4,0,2,1,1,1,4337.08,18662.3,1178.44,46.3844,0.517824,1087.04,280714,72.4731,23.1957,0.302342,48.9751,119.018,23.1887,0.0718272,95.7573,191.491,0,0,0
900,4,0,3,1,1,1,4320.97,18645.2,1178.65,46.3844,0.678182,1087.1,280710,112.447,23.1957,0.462701,88.7889,77.215,23.1887,0.0718272,53.9545,189.662,0,0,0
900,4,0,4,1,1,1,4338.43,18674.4,1178.19,46.3844,0.713261,1086.6,280718,88.3143,23.1957,0.497779,64.6209,117.724,23.1887,0.0718272,94.4632,206.038,0,0,0
900,4,0,5,1,1,1,4323.24,18637.4,1178.5,46.3844,0.6264,1087,280713,62.878,23.1957,0.267264,39.415,108.891,23.1887,0.0718272,85.6305,171.769,0,0,0
900,4,0,6,1,1,1,4333.47,18673.7,1178.49,46.3844,0.6264,1086.98,280713,71.5609,23.1957,0.267264,48.0979,116.271,23.1887,0.0718272,93.0104,187.832,0,0,0
900,4,0,7,1,1,1,4328.82,18650.6,1178.4,46.3844,0.517824,1087,280715,107.767,23.1957,0.267264,84.304,110.249,23.1887,0.106906,86.9535,218.016,0,0,0
900,4,0,8,1,1,1,4330.96,18663.8,1178.38,46.3844,0.482746,1087.02,280716,118.051,23.1957,0.267264,94.5878,111.914,23.1887,0.0718272,88.6536,229.965,0,0,0
900,4,0,9,1,1,1,4319.58,18668.5,1178.38,46.3844,0.482746,1087.02,280716,118.349,23.1957,0.267264,94.8856,117.688,23.1887,0.0718272,94.4271,236.036,0,0,0
900,4,0,10,1,1,1,4316.62,18691.4,1178.54,46.3844,0.482746,1087.18,280713,122.247,23.1957,0.267264,98.7839,69.7828,23.1887,0.0718272,46.5223,192.03,0,0,0
900,4,0,11,1,1,1,4317.51,18653.4,1178.07,46.3844,0.517824,1086.68,280721,64.7576,23.1957,0.302342,41.2595,96.3441,23.1887,0.0718272,73.0836,161.102,0,0,0
900,4,0,12,1,1,1,4338.46,18656.6,1178.38,46.3844,0.517824,1086.98,280715,85.4903,23.1957,0.267264,62.0274,119.309,23.1887,0.106906,96.0136,204.799,0,0,0
900,4,0,13,1,1,1,4320.23,18637.7,1178.55,46.3844,0.6264,1087.04,280712,62.4178,23.1957,0.267264,38.9548,109.319,23.1887,0.0718272,86.0583,171.737,0,0,0
900,4,0,14,1,1,1,4321.44,18645.8,1178.4,46.3844,0.482746,1087.04,280715,119.709,23.1957,0.267264,96.2464,116.074,23.1887,0.0718272,92.8136,235.783,0,0,0
900,4,0,15,1,1,1,4323.19,18677,1178.42,46.3844,0.482746,1087.06,280715,110.055,23.1957,0.267264,86.5925,121.364,23.1887,0.0718272,98.1035,231.419,0,0,0
900,4,0,16,1,1,1,4343.97,18669.3,1178.44,46.3844,0.482746,1087.08,280715,87.5117,23.1957,0.267264,64.0487,116.794,23.1887,0.0718272,93.5338,204.306,0,0,0
900,4,0,17,1,1,1,4330.7,18658.7,1178.75,46.3844,0.770054,1087.1,280708,101.627,23.1957,0.267264,78.1641,110.658,23.1887,0.0718272,87.3974,212.285,0,0,0
900,4,0,18,1,1,1,4365.27,18712.4,1178.43,46.3844,0.552902,1087,280714,102.507,23.1957,0.302342,79.0087,111.047,23.1887,0.106906,87.7512,213.554,0,0,0
900,4,0,19,1,1,1,4362.2,18726.6,1178.61,46.3844,0.821837,1086.91,280711,117.901,23.1957,0.462701,94.243,70.0878,23.1887,0.0718272,46.8273,187.989,0,0,0
900,4,0,20,1,1,1,4317.26,18645.6,1178.5,46.3844,0.482746,1087.14,280714,114.226,23.1957,0.267264,90.7634,72.1634,23.1887,0.0718272,48.9029,186.39,0,0,0
900,4,0,21,1,1,1,4319.94,18668.8,1178.52,46.3844,0.482746,1087.16,280713,117.219,23.1957,0.267264,93.7558,69.8604,23.1887,0.0718272,46.5999,187.079,0,0,0
900,4,0,22,1,1,1,4335.9,18652.8,1178.33,46.3844,0.6264,1086.83,280716,114.928,23.1957,0.267264,91.4655,111.842,23.1887,0.0718272,88.5814,226.77,0,0,0
900,4,0,23,1,1,1,4332.47,24685.1,1184.05,52.1883,0.927072,1086.62,280713,248.421,28.9996,0.71159,218.531,70.8585,23.1887,0.0718272,47.598,319.279,0,0,0
900,4,0,24,1,1,1,4322.95,18674.9,1178.64,46.3952,0.696557,1087.06,280710,122.713,23.2065,0.481075,99.0258,112.762,23.1887,0.0718272,89.5018,235.476,0,0,0
900,4,0,25,1,1,1,4316.62,18632.7,1178.46,46.3844,0.482746,1087.1,280714,117.392,23.1957,0.267264,93.929,100.058,23.1887,0.0718272,76.7978,217.45,0,0,0
900,4,0,26,1,1,1,4333.83,18693.3,1178.46,46.3844,0.517824,1087.06,280714,96.2261,23.1957,0.302342,72.728,50.6483,23.1887,0.0718272,27.3878,146.874,0,0,0
900,4,0,27,1,1,1,4317.9,18632.4,1178.21,46.3844,0.482746,1086.85,280719,120.281,23.1957,0.267264,96.8185,70.1853,23.1887,0.0718272,46.9248,190.467,0,0,0
900,4,0,28,1,1,1,4354.19,18681.8,1178.48,46.3844,0.482746,1087.12,280714,94.5865,23.1957,0.267264,71.1236,117.143,23.1887,0.0718272,93.8821,211.729,0,0,0
900,4,0,29,1,1,1,4318.54,18633.5,1178.48,46.3844,0.482746,1087.12,280714,115.475,23.1957,0.267264,92.0123,122.478,23.1887,0.0718272,99.2171,237.953,0,0,0
900,4,0,30,1,1,1,4319.75,18649.5,1178.4,46.3844,0.482746,1087.04,280715,68.6028,23.1957,0.267264,45.1399,116.655,23.1887,0.0718272,93.3948,185.258,0,0,0
900,4,0,31,1,1,1,4314.7,18628.5,1178.19,46.3844,0.482746,1086.83,280719,113.699,23.1957,0.267264,90.2364,72.1561,23.1887,0.0718272,48.8956,185.856,0,0,0
900,4,0,32,1,1,1,4322.18,18640.8,1178.42,46.3844,0.482746,1087.06,280715,92.4244,23.1957,0.267264,68.9614,119.581,23.1887,0.0718272,96.3204,212.005,0,0,0
900,4,0,33,1,1,1,4316.94,18660.7,1178.27,46.3844,0.482746,1086.91,280718,64.9373,23.1957,0.267264,41.4743,106.998,23.1887,0.0718272,83.7373,171.935,0,0,0
900,4,0,34,1,1,1,4317.58,18636.4,1178.5,46.3844,0.482746,1087.14,280714,117.701,23.1957,0.267264,94.2376,93.7488,23.1887,0.0718272,70.4883,211.449,0,0,0
900,4,0,35,1,1,2,10331.3,24647.9,1201.11,69.5741,0.663149,1087.08,280711,110.218,23.1957,0.267264,86.7549,243.953,46.3784,0.25223,197.322,354.171,1,0,0
900,4,0,36,1,0,0,-1,-1,1156.01,23.1957,0.267264,1087.35,280715,-1,-1,-1,-1,-1,-1,-1,-1,-1,0,0,0
900,4,0,37,1,1,1,4342.32,18676.9,1178.53,46.3844,0.517824,1087.14,280713,110.027,23.1957,0.267264,86.5636,119.085,23.1887,0.106906,95.7898,229.112,0,0,0
900,4,0,38,1,1,1,4328.57,18655.1,1178.44,46.3844,0.482746,1087.08,280715,118.081,23.1957,0.267264,94.6184,110.994,23.1887,0.0718272,87.7331,229.075,0,0,0
900,4,0,39,1,1,1,4317.99,18677.5,1178.31,46.3844,1.06906,1086.37,280715,124.044,23.1957,0.853574,99.9949,69.3334,23.1887,0.0718272,46.0729,193.378,0,0,0
900,4,0,40,1,1,1,4323.46,18658.5,1178.5,46.3844,0.482746,1087.14,280714,65.4968,23.1957,0.267264,42.0338,100.52,23.1887,0.0718272,77.2599,166.017,0,0,0
900,4,0,41,1,1,1,4331.4,18687.4,1178.52,46.3844,0.482746,1087.16,280713,123.288,23.1957,0.267264,99.8253,67.4005,23.1887,0.0718272,44.14,190.689,0,0,0
900,4,0,42,1,1,1,4331.73,18649.2,1178.43,46.3844,0.517824,1087.04,280714,120.272,23.1957,0.267264,96.8095,116.319,23.1887,0.106906,93.023,236.591,0,0,0
900,4,0,43,1,1,1,4332.05,18667.7,1178.42,46.3844,0.482746,1087.06,280715,120.265,23.1957,0.267264,96.8023,112.456,23.1887,0.0718272,89.195,232.721,0,0,0
900,4,0,44,1,1,1,4316.3,18661.6,1178.4,46.3844,0.713261,1086.81,280715,113.717,23.1957,0.497779,90.0234,75.7423,23.1887,0.0718272,52.4818,189.459,0,0,0
900,4,0,45,1,1,1,4323.46,18637.9,1178.54,46.3844,0.482746,1087.18,280713,116.222,23.1957,0.267264,92.7595,117.354,23.1887,0.0718272,94.0932,233.576,0,0,0
900,4,0,46,1,1,1,4316.62,18644.1,1178.48,46.3844,0.482746,1087.12,280714,67.2167,23.1957,0.267264,43.7538,97.7554,23.1887,0.0718272,74.4949,164.972,0,0,0
900,4,0,47,1,0,0,-1,-1,1161.3,28.9996,0.816826,1086.47,280718,-1,-1,-1,-1,-1,-1,-1,-1,-1,0,0,0
900,4,0,48,1,1,1,4340.42,18654,1178.34,46.3844,0.770054,1086.7,280715,71.1801,23.1957,0.267264,47.7171,116.879,23.1887,0.0718272,93.6186,188.059,0,0,0
900,4,0,49,1,1,1,4324.52,18643.1,1178.66,46.3844,0.6264,1087.16,280710,119.305,23.1957,0.267264,95.8421,117.426,23.1887,0.0718272,94.1654,236.731,0,0,0
900,4,0,50,1,1,1,4324.81,18672.7,1178.17,46.3844,0.482746,1086.81,280719,119.495,23.1957,0.267264,96.0316,69.0212,23.1887,0.0718272,45.7607,188.516,0,0,0
900,4,0,51,1,1,2,10352.2,24717.9,1201,69.5741,0.519494,1087.12,280713,120.659,23.1957,0.267264,97.1957,270.228,46.3784,0.108576,223.741,390.887,1,0,0
900,4,0,52,1,1,1,4347.66,18667.5,1178.23,46.3844,0.482746,1086.87,280718,110.086,23.1957,0.267264,86.6232,119.922,23.1887,0.0718272,96.6615,230.008,0,0,0
900,4,0,53,1,1,1,4344.37,18667.8,1178.46,46.3844,0.482746,1087.1,280714,85.5914,23.1957,0.267264,62.1284,119.148,23.1887,0.0718272,95.8872,204.739,0,0,0
900,4,0,54,0,0,0,-1,-1,1155.93,23.206,0.746669,1086.79,280714,-1,-1,-1,-1,-1,-1,-1,-1,-1,0,0,0
900,4,0,55,1,1,1,4319.63,18636,1178.17,46.3844,0.517824,1086.77,280719,112.917,23.1957,0.302342,89.4188,105.204,23.1887,0.0718272,81.9433,218.121,0,0,0
900,4,0,56,1,1,1,4319.82,18638.3,1178.44,46.3844,0.482746,1087.08,280715,117.787,23.1957,0.267264,94.3243,113.084,23.1887,0.0718272,89.8231,230.871,0,0,0
900,4,0,57,1,1,1,4366.87,24689.5,1183.8,52.1883,0.696557,1086.6,280719,242.424,28.9996,0.481075,212.752,73.1163,23.1887,0.0718272,49.8558,315.54,0,0,0
900,4,0,58,1,1,1,4316.94,24632.4,1183.79,52.1883,0.536198,1086.75,280719,188.047,28.9996,0.320717,158.378,32.1907,23.1887,0.0718272,8.93015,220.238,0,0,0
900,4,0,59,1,1,1,4314.7,18628.9,1178.38,46.3844,0.482746,1087.02,280716,97.9218,23.1957,0.267264,74.4588,107.983,23.1887,0.0718272,84.7227,205.905,0,0,0
900,4,0,60,1,1,2,10317.7,24636.4,1201.27,69.5741,0.841882,1087.06,280707,110.11,23.1957,0.302342,86.6124,223.785,46.3784,0.395885,177.011,333.896,1,0,0
900,4,0,61,1,1,1,4320.14,18668.2,1178.5,46.3844,0.482746,1087.14,280714,109.559,23.1957,0.267264,86.0962,58.1166,23.1887,0.0718272,34.8561,167.676,0,0,0
900,4,0,62,1,1,1,4315.98,24646.1,1184.17,52.1883,0.696557,1086.97,280712,192.635,28.9996,0.481075,162.816,33.889,23.1887,0.0718272,10.6285,226.524,0,0,0
900,4,0,63,1,1,1,4334.41,18652,1178.27,46.3844,0.482746,1086.91,280718,74.0479,23.1957,0.267264,50.5849,119.041,23.1887,0.0718272,95.7807,193.089,0,0,0
900,4,0,64,1,1,1,4320.94,18656.7,1178.52,46.3844,0.482746,1087.16,280713,67.4568,23.1957,0.267264,43.9938,102.5,23.1887,0.0718272,79.2397,169.957,0,0,0
900,4,0,65,1,1,1,4341.84,18699.1,1178.48,46.3844,0.482746,1087.12,280714,119.733,23.1957,0.267264,96.2698,114.23,23.1887,0.0718272,90.9691,233.962,0,0,0
900,4,0,66,1,1,1,4323.59,18691.9,1178.5,46.3844,0.517824,1087.1,280713,118.416,23.1957,0.302342,94.918,122.82,23.1887,0.0718272,99.56,241.237,0,0,0
900,4,0,67,1,1,1,4316.62,18634.1,1178.42,46.3844,0.482746,1087.06,280715,64.4409,23.1957,0.267264,40.978,111.304,23.1887,0.0718272,88.0436,175.745,0,0,0
900,4,0,68,1,1,1,4323.38,18638.2,1178.52,46.3844,0.482746,1087.16,280713,67.5614,23.1957,0.267264,44.0985,114.894,23.1887,0.0718272,91.6333,182.455,0,0,0
900,4,0,69,1,1,1,4318.22,24639.3,1184.13,52.1883,0.731635,1086.89,280713,217.416,28.9996,0.516154,187.636,39.3774,23.1887,0.0718272,16.1169,256.793,0,0,0
900,4,0,70,1,1,1,4324.84,18656.5,1178.29,46.3844,0.6264,1086.79,280717,72.4109,23.1957,0.267264,48.948,115.37,23.1887,0.0718272,92.1098,187.781,0,0,0
900,4,0,71,1,1,1,4333.7,18685.6,1178.42,46.3844,0.482746,1087.06,280715,117.928,23.1957,0.267264,94.465,121.332,23.1887,0.0718272,98.071,239.26,0,0,0
900,4,0,72,1,1,1,4329.58,18644.1,1178.44,46.3844,0.482746,1087.08,280715,72.189,23.1957,0.267264,48.726,117.247,23.1887,0.0718272,93.9868,189.436,0,0,0
900,4,0,73,1,1,1,4315.34,18631.7,1178.38,46.3844,0.482746,1087.02,280716,114.988,23.1957,0.267264,91.525,111.883,23.1887,0.0718272,88.6229,226.871,0,0,0
900,4,0,74,1,1,1,4335.37,18654.3,1178.44,46.3844,0.482746,1087.08,280715,112.703,23.1957,0.267264,89.2401,76.3974,23.1887,0.0718272,53.1369,189.101,0,0,0
900,4,0,75,1,1,1,4341.42,18661.8,1178.31,46.3844,0.6264,1086.81,280716,118.794,23.1957,0.267264,95.3313,112.986,23.1887,0.0718272,89.7256,231.78,0,0,0
900,4,0,76,1,1,1,4324.1,18703,1178.38,46.3844,0.482746,1087.02,280716,124.506,23.1957,0.267264,101.044,68.265,23.1887,0.0718272,45.0045,192.771,0,0,0
900,4,0,77,1,1,1,4327.34,18662.7,1178.23,46.3844,0.482746,1086.87,280718,118.356,23.1957,0.267264,94.8928,98.9141,23.1887,0.0718272,75.6536,217.27,0,0,0
900,4,0,78,1,1,1,4318.54,18658.1,1178.5,46.3844,0.482746,1087.14,280714,120.96,23.1957,0.267264,97.4971,66.379,23.1887,0.0718272,43.1185,187.339,0,0,0
900,4,0,79,1,1,1,4338.04,18674.3,1178.2,46.3844,0.587981,1086.73,280718,102.26,23.1957,0.302342,78.7615,109.667,23.1887,0.141984,86.3362,211.926,0,0,0
900,4,0,80,1,1,1,4333.5,18687.6,1178.38,46.3844,0.482746,1087.02,280716,110.456,23.1957,0.267264,86.9932,119.395,23.1887,0.0718272,96.1345,229.851,0,0,0
900,4,0,81,1,1,1,4318.97,18636.7,1178.48,46.3844,0.482746,1087.12,280714,62.9989,23.1957,0.267264,39.5359,109.761,23.1887,0.0718272,86.5005,172.76,0,0,0
900,4,0,82,1,1,1,4327.11,18666,1178.55,46.3844,0.517824,1087.16,280712,107.391,23.1957,0.302342,83.8925,110.407,23.1887,0.0718272,87.1466,217.798,0,0,0
900,4,0,83,1,1,1,4330.35,18642.6,1178.17,46.3844,0.482746,1086.81,280719,70.2614,23.1957,0.267264,46.7985,98.6687,23.1887,0.0718272,75.4082,168.93,0,0,0
900,4,0,84,1,1,1,4313.42,18663.5,1178.15,46.3844,0.517824,1086.75,280719,94.7443,23.1957,0.302342,71.2463,48.6288,23.1887,0.0718272,25.3683,143.373,0,0,0
900,4,0,85,1,1,1,4324.94,18638.2,1178.5,46.3844,0.482746,1087.14,280714,63.8345,23.1957,0.267264,40.3716,114.307,23.1887,0.0718272,91.0467,178.142,0,0,0
900,4,0,86,1,1,1,4317.9,18652.6,1178.63,46.3844,0.678182,1087.08,280711,119.574,23.1957,0.462701,95.9161,67.0937,23.1887,0.0718272,43.8332,186.668,0,0,0
900,4,0,87,1,1,1,4324.87,18670.2,1178.48,46.3844,0.482746,1087.12,280714,119.623,23.1957,0.267264,96.1597,113.596,23.1887,0.0718272,90.3357,233.219,0,0,0
900,4,0,88,1,1,1,4374.13,18687.7,1178.41,46.3844,0.6264,1086.9,280715,66.3919,23.1957,0.267264,42.929,102.636,23.1887,0.0718272,79.3751,169.028,0,0,0
900,4,0,89,1,1,1,4316.3,18638.1,1178.27,46.3844,0.482746,1086.91,280718,116.939,23.1957,0.267264,93.476,68.7108,23.1887,0.0718272,45.4503,185.65,0,0,0
900,4,0,90,1,1,1,4331.27,18649.8,1178.27,46.3844,0.482746,1086.91,280718,116.136,23.1957,0.267264,92.6729,88.6195,23.1887,0.0718272,65.359,204.755,0,0,0
900,4,0,91,1,1,1,4317.67,18642.1,1178.44,46.3844,0.517824,1087.04,280714,111.82,23.1957,0.302342,88.3215,71.5696,23.1887,0.0718272,48.3091,183.389,0,0,0
900,4,0,92,1,1,1,4332.76,18648.5,1178.18,46.3844,0.6264,1086.67,280719,66.6013,23.1957,0.267264,43.1383,102.062,23.1887,0.0718272,78.8012,168.663,0,0,0
900,4,0,93,1,1,1,4319.94,18668.5,1178.52,46.3844,0.678182,1086.97,280713,94.6917,23.1957,0.462701,71.0333,48.5151,23.1887,0.0718272,25.2546,143.207,0,0,0
900,4,0,94,1,1,1,4328.99,18641.5,1178.38,46.3844,0.482746,1087.02,280716,118.083,23.1957,0.267264,94.6202,113.544,23.1887,0.0718272,90.2833,231.627,0,0,0
900,4,0,95,0,0,0,-1,-1,1156.03,23.206,0.355795,1087.28,280714,-1,-1,-1,-1,-1,-1,-1,-1,-1,0,0,0
900,4,0,96,1,1,1,4329.74,18643.3,1178.63,46.3844,0.770054,1086.98,280710,65.5166,23.1957,0.267264,42.0536,100.367,23.1887,0.0718272,77.1065,165.884,0,0,0
900,4,0,97,1,0,0,-1,-1,1155.74,23.1957,0.302342,1087.04,280719,-1,-1,-1,-1,-1,-1,-1,-1,-1,0,0,0
900,4,0,98,1,1,1,4323.37,18636.6,1178.42,46.3844,0.482746,1087.06,280715,116.41,23.1957,0.267264,92.9472,91.6841,23.1887,0.0718272,68.4236,208.094,0,0,0
900,4,0,99,1,1,1,4322.69,18667.9,1178.25,46.3844,0.482746,1086.89,280718,110.167,23.1957,0.267264,86.7044,119.278,23.1887,0.0718272,96.0172,229.445,0,0,0
900,4,0,100,1,1,1,4321.86,18642.2,1178.44,46.3844,0.482746,1087.08,280715,71.5699,23.1957,0.267264,48.1069,119.924,23.1887,0.0718272,96.6633,191.494,0,0,0
900,4,0,101,1,1,1,4321.59,18636.1,1178.25,46.3844,0.482746,1086.89,280718,76.6089,23.1957,0.267264,53.1459,118.106,23.1887,0.0718272,94.8458,194.715,0,0,0
900,4,0,102,1,1,1,4319.62,18666.5,1178.31,46.3844,0.482746,1086.95,280717,119.7,23.1957,0.267264,96.2374,113.085,23.1887,0.0718272,89.8249,232.786,0,0,0
900,4,0,103,1,0,0,-1,-1,1156.01,23.1957,0.267264,1087.35,280715,-1,-1,-1,-1,-1,-1,-1,-1,-1,0,0,0
900,4,0,104,1,1,1,4326.86,18660.4,1178.41,46.3844,0.6264,1086.9,280715,116.569,23.1957,0.267264,93.106,112.383,23.1887,0.0718272,89.1228,228.952,0,0,0
900,4,0,105,1,1,1,4390.45,18731,1178.39,46.3844,0.587981,1086.92,280715,116.292,23.1957,0.302342,92.7938,106.086,23.1887,0.141984,82.7555,222.378,0,0,0
900,4,0,106,1,1,1,4347.57,18663.9,1178.33,46.3844,0.661478,1086.79,280716,100.797,23.1957,0.267264,77.3339,111.539,23.1887,0.106906,88.2439,212.336,0,0,0
900,4,0,107,1,1,1,4322.02,18645.6,1178.19,46.3844,0.482746,1086.83,280719,118.323,23.1957,0.267264,94.8603,113.446,23.1887,0.0718272,90.1859,231.77,0,0,0
900,4,0,108,1,1,1,4328.18,18697.6,1178.15,46.3844,0.517824,1086.75,280719,116.672,23.1957,0.267264,93.2089,70.5019,23.1887,0.106906,47.2063,187.174,0,0,0
900,4,0,109,1,1,1,4335.83,18654.1,1178.58,46.3844,0.6264,1087.08,280712,119.823,23.1957,0.267264,96.3601,68.2379,23.1887,0.0718272,44.9774,188.061,0,0,0
900,4,0,110,1,1,1,4341.12,18677.1,1178.44,46.3844,0.517824,1087.04,280714,116.49,23.1957,0.267264,93.0266,112.191,23.1887,0.106906,88.8954,228.681,0,0,0
900,4,0,111,1,1,1,4316.94,18631.7,1178.36,46.3844,0.482746,1087,280716,70.2632,23.1957,0.267264,46.8003,99.3094,23.1887,0.0718272,76.0489,169.573,0,0,0
900,4,0,112,1,1,1,4319.75,18648.2,1178.21,46.3844,0.482746,1086.85,280719,71.9128,23.1957,0.267264,48.4499,119.339,23.1887,0.0718272,96.0785,191.252,0,0,0
900,4,0,113,1,1,1,4318.25,18633.4,1178.21,46.3844,0.482746,1086.85,280719,68.0614,23.1957,0.267264,44.5984,119.911,23.1887,0.0718272,96.6506,187.973,0,0,0
900,4,0,114,1,1,1,4317.9,18637.4,1178.23,46.3844,0.482746,1086.87,280718,123.561,23.1957,0.267264,100.098,70.7701,23.1887,0.0718272,47.5096,194.331,0,0,0
900,4,0,115,1,1,1,4331.94,18647.8,1178.4,46.3844,0.482746,1087.04,280715,112.037,23.1957,0.267264,88.5742,111.782,23.1887,0.0718272,88.5218,223.819,0,0,0
900,4,0,116,1,1,1,4331.05,18646.5,1178.53,46.3844,0.6264,1087.02,280713,83.9671,23.1957,0.267264,60.5041,115.948,23.1887,0.0718272,92.6873,199.915,0,0,0
900,4,0,117,1,1,1,4325.97,18641.9,1178.5,46.3844,0.6264,1087,280713,122.601,23.1957,0.267264,99.1377,67.6135,23.1887,0.0718272,44.353,190.214,0,0,0
900,4,0,118,1,1,1,4323.59,18638.1,1178.42,46.3844,0.482746,1087.06,280715,66.789,23.1957,0.267264,43.326,106.9,23.1887,0.0718272,83.6398,173.689,0,0,0
900,4,0,119,1,1,1,4315.66,18632.1,1178.56,46.3844,0.482746,1087.2,280712,72.2052,23.1957,0.267264,48.7422,117.538,23.1887,0.0718272,94.2773,189.743,0,0,0
900,4,0,120,1,1,1,4320.9,18652.7,1178.4,46.3844,0.678182,1086.85,280715,121.489,23.1957,0.462701,97.831,70.1564,23.1887,0.0718272,46.8959,191.646,0,0,0
900,4,0,121,1,1,1,4320.52,18679.2,1178.16,46.3844,0.587981,1086.69,280719,115.944,23.1957,0.337421,92.4112,115.05,23.1887,0.106906,91.7542,230.994,0,0,0
900,4,0,122,1,1,1,4326.55,18642,1178.21,46.3844,0.482746,1086.85,280719,122.673,23.1957,0.267264,99.2099,68.2127,23.1887,0.0718272,44.9522,190.885,0,0,0
900,4,0,123,1,1,1,4315.98,18633.9,1178.21,46.3844,0.482746,1086.85,280719,123.012,23.1957,0.267264,99.5492,116.274,23.1887,0.0718272,93.014,239.287,0,0,0
900,4,0,124,1,1,1,4330.38,18666.7,1178.21,46.3844,0.748339,1086.58,280718,113.722,23.1957,0.497779,90.0288,83.5434,23.1887,0.106906,60.2478,197.266,0,0,0
900,4,0,125,1,1,2,4350.74,18679.1,1200.91,69.5741,0.698227,1086.85,280714,118.995,23.1957,0.267264,95.5317,137.003,46.3784,0.287309,90.3375,255.998,1,0,0
900,4,0,126,1,1,1,4322.69,18677.1,1178.52,46.3844,0.517824,1087.12,280713,98.5344,23.1957,0.302342,75.0364,108.53,23.1887,0.0718272,85.2696,207.064,0,0,0
900,4,0,127,1,1,1,4318.54,18650.9,1178.5,46.3844,0.482746,1087.14,280714,116.867,23.1957,0.267264,93.4038,115.511,23.1887,0.0718272,92.2505,232.378,0,0,0
900,4,0,128,1,1,1,4322.44,18661.1,1178.33,46.3844,0.821837,1086.63,280716,72.8843,23.1957,0.462701,49.2259,118.379,23.1887,0.0718272,95.1184,191.263,0,0,0
900,4,0,129,1,1,1,4328.17,18659.5,1178.42,46.3844,0.482746,1087.06,280715,97.0284,23.1957,0.267264,73.5655,112.197,23.1887,0.0718272,88.9369,209.226,0,0,0
900,4,0,130,1,1,1,4317.26,18638.4,1178.5,46.3844,0.482746,1087.14,280714,118.287,23.1957,0.267264,94.8242,64.6193,23.1887,0.0718272,41.3588,182.906,0,0,0
900,4,0,131,1,1,1,4317.58,30651,1189.79,57.9922,1.17596,1086.48,280710,379.375,34.8035,0.96048,342.991,57.1186,23.1887,0.0718272,33.858,436.493,0,0,0
900,4,0,132,1,1,1,4315.66,18648.1,1178.54,46.3844,0.482746,1087.18,280713,103.43,23.1957,0.267264,79.9671,54.4745,23.1887,0.0718272,31.214,157.905,0,0,0
900,4,0,133,1,1,1,4324.57,18643.2,1178.27,46.3844,0.482746,1086.91,280718,110.723,23.1957,0.267264,87.2603,111.268,23.1887,0.0718272,88.0075,221.991,0,0,0
900,4,0,134,1,1,1,4328.73,18657,1178.42,46.3844,0.482746,1087.06,280715,115.854,23.1957,0.267264,92.3913,115.146,23.1887,0.0718272,91.886,231.001,0,0,0
900,4,0,135,1,1,1,4320.59,18666.6,1178.27,46.3844,0.482746,1086.91,280718,121.556,23.1957,0.267264,98.0927,69.2594,23.1887,0.0718272,45.9989,190.815,0,0,0
900,4,0,136,1,1,1,4347.54,18666.3,1178.5,46.3844,0.482746,1087.14,280714,103.224,23.1957,0.267264,79.7613,111.394,23.1887,0.0718272,88.1338,214.619,0,0,0
900,4,0,137,1,1,1,4342.78,18665,1178.18,46.3844,0.517824,1086.79,280719,118.858,23.1957,0.302342,95.3602,114.287,23.1887,0.0718272,91.0269,233.146,0,0,0
900,4,0,138,1,1,1,4314.38,24647.7,1184.11,52.1883,0.696557,1086.91,280713,253.174,28.9996,0.481075,223.532,66.8428,23.1887,0.0718272,43.5823,320.017,0,0,0
900,4,0,139,1,1,1,4317.9,18628.9,1178.54,46.3844,0.482746,1087.18,280713,71.3118,23.1957,0.267264,47.8489,116.188,23.1887,0.0718272,92.9273,187.5,0,0,0
900,4,0,140,1,1,1,4346.06,18667.7,1178.26,46.3844,0.552902,1086.83,280717,118.521,23.1957,0.302342,95.0227,121.166,23.1887,0.106906,97.8707,239.687,0,0,0
900,4,0,141,1,1,1,4319.2,18639.3,1178.38,46.3844,0.482746,1087.02,280716,81.1552,23.1957,0.267264,57.6922,119.184,23.1887,0.0718272,95.9233,200.339,0,0,0
900,4,0,142,1,1,1,4320.25,18643.2,1178.21,46.3844,0.482746,1086.85,280719,120.848,23.1957,0.267264,97.3852,112.54,23.1887,0.0718272,89.2798,233.389,0,0,0
900,4,0,143,1,1,1,4334.82,18655.1,1178.4,46.3844,0.517824,1087,280715,102.943,23.1957,0.267264,79.4798,54.1162,23.1887,0.106906,30.8206,157.059,0,0,0
900,4,0,144,1,1,1,4316.94,18667,1178.25,46.3844,0.482746,1086.89,280718,112.557,23.1957,0.267264,89.094,71.196,23.1887,0.0718272,47.9355,183.753,0,0,0
900,4,0,145,1,1,1,4335.24,18649.1,1178.42,46.3844,0.482746,1087.06,280715,74.528,23.1957,0.267264,51.065,119.372,23.1887,0.0718272,96.111,193.899,0,0,0
900,4,0,146,0,0,0,-1,-1,1161.78,29.0099,1.191,1086.56,280709,-1,-1,-1,-1,-1,-1,-1,-1,-1,0,0,0
900,4,0,147,1,1,1,4326.47,18641,1178.19,46.3844,0.517824,1086.79,280719,114.641,23.1957,0.267264,91.1785,111.24,23.1887,0.106906,87.9443,225.881,0,0,0
900,4,0,148,1,1,1,4319.75,18672,1178.61,46.3844,0.678182,1087.06,280711,118.687,23.1957,0.462701,95.0281,69.2739,23.1887,0.0718272,46.0134,187.96,0,0,0
900,4,0,149,1,1,1,4325.03,18653.7,1178.48,46.3844,0.482746,1087.12,280714,108.325,23.1957,0.267264,84.8617,118.121,23.1887,0.0718272,94.8603,226.445,0,0,0
900,4,0,150,1,1,1,4326.47,18647.6,1178.56,46.3844,0.482746,1087.2,280712,113.257,23.1957,0.267264,89.7942,70.6943,23.1887,0.0718272,47.4338,183.951,0,0,0
900,4,0,151,1,1,1,4331.49,18660.7,1178.38,46.3844,0.482746,1087.02,280716,94.9042,23.1957,0.267264,71.4412,116.09,23.1887,0.0718272,92.8299,210.995,0,0,0
900,4,0,152,1,1,1,4335.03,18654.3,1178.49,46.3844,0.552902,1087.06,280713,102.686,23.1957,0.267264,79.2235,111.058,23.1887,0.141984,87.7277,213.745,0,0,0
900,4,0,153,1,1,1,4319.11,18643.9,1178.56,46.3844,0.482746,1087.2,280712,73.5624,23.1957,0.267264,50.0994,113.881,23.1887,0.0718272,90.6208,187.444,0,0,0
900,4,0,154,1,1,1,4326.23,18653.6,1178.73,46.3844,0.678182,1087.18,280709,64.6454,23.1957,0.462701,40.987,113.849,23.1887,0.0718272,90.5883,178.494,0,0,0
900,4,0,155,1,1,1,4315.34,18663.6,1178.54,46.3844,0.482746,1087.18,280713,114.928,23.1957,0.267264,91.4655,122.01,23.1887,0.0718272,98.7496,236.939,0,0,0
900,4,0,156,1,1,1,4327.24,18660.9,1178.45,46.406,0.589651,1086.96,280714,66.4619,23.2173,0.339091,42.9055,100.981,23.1887,0.106906,77.6858,167.443,0,0,0
900,4,0,157,1,1,1,4320.6,18644.6,1178.4,46.3844,0.517824,1087,280715,109.436,23.1957,0.267264,85.9735,116.741,23.1887,0.106906,93.4453,226.177,0,0,0
900,4,0,158,1,1,1,4345.31,18669.6,1178.3,46.3844,0.805133,1086.62,280716,71.6952,23.1957,0.302342,48.1972,116.778,23.1887,0.0718272,93.5175,188.473,0,0,0
900,4,0,159,1,1,1,4317.84,18638.5,1178.44,46.3844,0.482746,1087.08,280715,113.486,23.1957,0.267264,90.0234,108.748,23.1887,0.0718272,85.488,222.235,0,0,0
900,4,0,160,1,1,1,4360.03,18676.1,1178.26,46.3844,0.517824,1086.87,280717,93.9278,23.1957,0.267264,70.4648,116.768,23.1887,0.106906,93.4724,210.696,0,0,0
900,4,0,161,1,1,1,4338.22,18668.5,1178.28,46.3844,0.517824,1086.89,280717,120.323,23.1957,0.267264,96.86,113.862,23.1887,0.106906,90.5667,234.185,0,0,0
900,4,0,162,1,1,1,4321.86,18646.2,1178.46,46.3844,0.482746,1087.1,280714,117.636,23.1957,0.267264,94.1727,113.298,23.1887,0.0718272,90.0379,230.934,0,0,0
900,4,0,163,1,1,1,4323.34,18644.1,1178.3,46.3844,0.517824,1086.91,280717,102.185,23.1957,0.267264,78.7218,108.569,23.1887,0.106906,85.2732,210.754,0,0,0
900,4,0,164,1,1,1,4317.58,18659.6,1178.56,46.3844,0.482746,1087.2,280712,123.146,23.1957,0.267264,99.6827,70.3189,23.1887,0.0718272,47.0584,193.465,0,0,0
900,4,0,165,1,1,1,4349.26,18668.4,1178.35,46.3844,0.965491,1086.5,280715,93.5818,23.1957,0.462701,69.9234,117.572,23.1887,0.0718272,94.3116,211.154,0,0,0
900,4,0,166,1,1,1,4328.34,18665.7,1178.3,46.3844,0.6264,1086.79,280717,69.7976,23.1957,0.267264,46.3346,97.9124,23.1887,0.0718272,74.6519,167.71,0,0,0
900,4,0,167,1,1,1,4326.56,18645.1,1178.21,46.3844,0.482746,1086.85,280719,102.963,23.1957,0.267264,79.4996,54.0017,23.1887,0.0718272,30.7412,156.964,0,0,0
900,4,0,168,1,1,1,4316.3,18633.6,1178.23,46.3844,0.482746,1086.87,280718,102.45,23.1957,0.267264,78.9871,53.4909,23.1887,0.0718272,30.2304,155.941,0,0,0
900,4,0,169,1,1,1,4316.62,24649.6,1184.12,52.1883,0.731635,1086.89,280713,169,28.9996,0.516154,139.078,26.2294,23.1887,0.0718272,2.9689,195.23,0,0,0
900,4,0,170,1,1,1,4351.34,18671.3,1178.39,46.3844,0.644774,1086.87,280715,65.7855,23.1957,0.267264,42.3226,107.101,23.1887,0.0902016,83.8221,172.887,0,0,0
900,4,0,171,1,1,1,4323.3,18686.9,1178.75,46.3844,0.748339,1087.12,280708,66.459,23.1957,0.532858,42.7304,100.654,23.1887,0.0718272,77.3934,167.113,0,0,0
900,4,0,172,1,1,1,4318.02,18648.6,1178.42,46.3844,0.482746,1087.06,280715,116.526,23.1957,0.267264,93.0627,122.588,23.1887,0.0718272,99.3272,239.113,0,0,0
900,4,0,173,1,1,1,4353.8,18696.5,1178.36,46.3844,0.713261,1086.77,280715,74.0881,23.1957,0.462701,50.4297,114.606,23.1887,0.106906,91.3102,188.694,0,0,0
900,4,0,174,1,1,1,4326.33,18641.1,1178.54,46.3844,0.482746,1087.18,280713,110.039,23.1957,0.267264,86.5763,111.013,23.1887,0.0718272,87.753,221.053,0,0,0
900,4,0,175,1,1,1,4318.54,18652.7,1178.42,46.3844,0.517824,1087.02,280715,122.403,23.1957,0.302342,98.9048,67.9762,23.1887,0.0718272,44.7157,190.379,0,0,0
900,4,0,176,1,1,1,4333.06,18656.8,1178.19,46.3844,0.482746,1086.83,280719,117.441,23.1957,0.267264,93.9777,114.396,23.1887,0.0718272,91.1352,231.836,0,0,0
900,4,0,177,1,1,1,4318.79,18635.7,1178.5,46.3844,0.482746,1087.14,280714,64.3363,23.1957,0.267264,40.8733,112.966,23.1887,0.0718272,89.7058,177.303,0,0,0
900,4,0,178,1,1,1,4323.95,18642.8,1178.46,46.3844,0.482746,1087.1,280714,111.871,23.1957,0.267264,88.4081,71.0408,23.1887,0.0718272,47.7803,182.912,0,0,0
900,4,0,179,1,1,1,4318.22,18667.1,1178.42,46.3844,0.482746,1087.06,280715,123.086,23.1957,0.267264,99.6232,69.846,23.1887,0.0718272,46.5855,192.932,0,0,0
900,4,0,180,1,1,1,4328.2,18645,1178.5,46.3844,0.482746,1087.14,280714,114.69,23.1957,0.267264,91.2272,114.311,23.1887,0.0718272,91.0504,229.001,0,0,0
900,4,0,181,1,1,1,4325.51,18646,1178.38,46.3844,0.482746,1087.02,280716,116.612,23.1957,0.267264,93.1493,88.5275,23.1887,0.0718272,65.267,205.14,0,0,0
900,4,0,182,1,1,1,4317.58,18652.9,1178.44,46.3844,0.482746,1087.08,280715,121.646,23.1957,0.267264,98.1829,70.7917,23.1887,0.0718272,47.5312,192.438,0,0,0
900,4,0,183,1,1,1,4316.94,18660.6,1178.4,46.3844,0.678182,1086.85,280715,118.755,23.1957,0.462701,95.0967,102.284,23.1887,0.0718272,79.0232,221.039,0,0,0
900,4,0,184,1,1,1,4355.14,18687.3,1178.25,46.3844,0.482746,1086.89,280718,85.8405,23.1957,0.267264,62.3775,119.233,23.1887,0.0718272,95.972,205.073,0,0,0
900,4,0,185,1,1,1,4330.12,18648.8,1178.46,46.3844,0.482746,1087.1,280714,117.666,23.1957,0.267264,94.2033,113.461,23.1887,0.0718272,90.2003,231.127,0,0,0
900,4,0,186,1,1,1,4330.55,24701,1184.07,52.1883,0.731635,1086.83,280714,253.228,28.9996,0.516154,223.544,69.8604,23.1887,0.0718272,46.5999,323.088,0,0,0
900,4,0,187,1,1,1,4315.98,18628.5,1178.48,46.3844,0.482746,1087.12,280714,102.502,23.1957,0.267264,79.0394,110.838,23.1887,0.0718272,87.5779,213.341,0,0,0
900,4,0,188,1,1,1,4317.83,18643.2,1178.23,46.3844,0.482746,1086.87,280718,117.396,23.1957,0.267264,93.9326,111.423,23.1887,0.0718272,88.1627,228.819,0,0,0
900,4,0,189,1,1,1,4337.19,18684.5,1178.64,46.3844,0.661478,1087.1,280710,121.526,23.1957,0.302342,98.0277,70.0012,23.1887,0.0718272,46.7407,191.527,0,0,0
900,4,0,190,1,1,1,4321.59,18639.9,1178.52,46.3844,0.482746,1087.16,280713,112.467,23.1957,0.267264,89.0037,77.9459,23.1887,0.0718272,54.6854,190.413,0,0,0
900,4,0,191,1,1,1,4317.26,18647.3,1178.4,46.3844,0.678182,1086.85,280715,115.559,23.1957,0.462701,91.9004,62.3254,23.1887,0.0718272,39.0649,177.884,0,0,0
900,4,0,192,1,1,1,4333.17,18652.1,1178.3,46.3844,0.552902,1086.87,280717,80.8664,23.1957,0.267264,57.4035,118.844,23.1887,0.141984,95.5136,199.711,0,0,0
900,4,0,193,1,0,0,-1,-1,1155.91,23.1957,0.267264,1087.25,280716,-1,-1,-1,-1,-1,-1,-1,-1,-1,0,0,0
900,4,0,194,1,1,1,4317.58,18650.3,1178.43,46.3844,0.517824,1087.04,280714,121.062,23.1957,0.302342,97.5639,66.554,23.1887,0.0718272,43.2935,187.616,0,0,0
900,4,0,195,1,0,0,-1,-1,1155.78,23.1957,0.267264,1087.12,280719,-1,-1,-1,-1,-1,-1,-1,-1,-1,0,0,0
900,4,0,196,1,1,1,4327.28,18713.1,1178.51,46.3844,0.748339,1086.89,280712,123.788,23.1957,0.532858,100.06,116.536,23.1887,0.0718272,93.2757,240.325,0,0,0
900,4,0,197,1,1,1,4351.62,18681.9,1178.48,46.3844,0.482746,1087.12,280714,117.183,23.1957,0.267264,93.7197,94.0213,23.1887,0.0718272,70.7608,211.204,0,0,0
900,4,0,198,1,1,1,4359.41,18685.4,1178.22,46.3844,0.517824,1086.83,280718,74.2717,23.1957,0.267264,50.8087,118.192,23.1887,0.106906,94.8964,192.464,0,0,0
900,4,0,199,1,1,1,4317.58,18639.6,1178.44,46.3844,0.482746,1087.08,280715,119.428,23.1957,0.267264,95.9648,67.2958,23.1887,0.0718272,44.0353,186.724,0,0,0
900,4,0,200,1,1,1,4327.11,18644.6,1178.38,46.3844,0.482746,1087.02,280716,68.1877,23.1957,0.267264,44.7247,100.273,23.1887,0.0718272,77.0126,168.461,0,0,0
900,4,0,201,1,1,1,4364.67,18686.8,1178.51,46.3844,0.552902,1087.08,280713,62.8238,23.1957,0.267264,39.3609,110.999,23.1887,0.141984,87.6682,173.823,0,0,0
900,4,0,202,1,1,1,4317.56,18653.1,1178.37,46.3844,0.873619,1086.62,280715,94.593,23.1957,0.658138,70.7391,116.045,23.1887,0.0718272,92.7848,210.638,0,0,0
900,4,0,203,1,1,1,4324.61,18663.5,1178.42,46.3844,0.482746,1087.06,280715,123.128,23.1957,0.267264,99.6647,115.04,23.1887,0.0718272,91.7795,238.168,0,0,0
900,4,0,204,1,1,1,4315.98,18628.2,1178.23,46.3844,0.482746,1086.87,280718,112.413,23.1957,0.267264,88.9496,70.5246,23.1887,0.0718272,47.2641,182.937,0,0,0
900,4,0,205,1,1,1,4332.23,18690.2,1178.19,46.3952,0.536198,1086.77,280719,109.201,23.2065,0.320717,85.6739,119.776,23.1887,0.0718272,96.5153,228.977,0,0,0
900,4,0,206,1,1,1,4334.87,18649.4,1178.37,46.3844,0.6264,1086.86,280715,72.7539,23.1957,0.267264,49.2909,113.883,23.1887,0.0718272,90.6226,186.637,0,0,0
900,4,0,207,1,1,1,4348.28,18667.4,1178.01,46.3844,0.587981,1086.54,280722,107.418,23.1957,0.302342,83.9196,110.179,23.1887,0.141984,86.8488,217.597,0,0,0
900,4,0,208,1,1,1,4323.16,18658.3,1178.19,46.3844,0.482746,1086.83,280719,120.332,23.1957,0.267264,96.869,120.629,23.1887,0.0718272,97.369,240.961,0,0,0
900,4,0,209,1,1,1,4332.36,18645.2,1178.38,46.3844,0.482746,1087.02,280716,92.123,23.1957,0.267264,68.66,119.505,23.1887,0.0718272,96.2446,211.628,0,0,0
900,4,0,210,1,1,1,4315.02,18644.7,1178.32,46.3844,0.517824,1086.93,280716,113.018,23.1957,0.302342,89.5199,61.7388,23.1887,0.0718272,38.4783,174.757,0,0,0
900,4,0,211,1,1,1,4324.97,24651.3,1184.21,52.1883,1.08743,1086.62,280710,252.983,28.9996,0.871949,222.951,122.517,23.1887,0.0718272,99.2568,375.501,0,0,0
900,4,0,212,1,1,1,4322.73,18637.4,1178.48,46.3844,0.482746,1087.12,280714,66.641,23.1957,0.267264,43.178,102.21,23.1887,0.0718272,78.9492,168.851,0,0,0
900,4,0,213,1,1,1,4324.99,18647.2,1178.56,46.3844,0.6264,1087.06,280712,71.9146,23.1957,0.267264,48.4517,122.71,23.1887,0.0718272,99.4499,194.625,0,0,0
900,4,0,214,1,1,1,4316.62,18631.1,1178.44,46.3844,0.482746,1087.08,280715,68.4278,23.1957,0.267264,44.9648,117.236,23.1887,0.0718272,93.9759,185.664,0,0,0
900,4,0,215,1,1,1,4333.56,18657.1,1178.48,46.3844,0.482746,1087.12,280714,100.138,23.1957,0.267264,76.6751,113.638,23.1887,0.0718272,90.3772,213.776,0,0,0
900,4,0,216,1,1,1,4354.99,24685.6,1184.07,52.1883,0.696557,1086.87,280714,178.382,28.9996,0.481075,148.522,112.981,23.1887,0.0718272,89.7202,291.363,0,0,0
900,4,0,217,1,1,1,4335.32,18673.5,1178.17,46.3844,0.482746,1086.81,280719,116.97,23.1957,0.267264,93.5067,113.517,23.1887,0.0718272,90.2562,230.486,0,0,0
900,4,0,218,1,1,1,4332.98,18662.8,1178.38,46.3844,0.482746,1087.02,280716,102.024,23.1957,0.267264,78.5611,109.49,23.1887,0.0718272,86.2297,211.514,0,0,0
900,4,0,219,1,1,1,4317.27,18642.6,1178.21,46.3844,0.482746,1086.85,280719,120.843,23.1957,0.267264,97.3798,66.7905,23.1887,0.0718272,43.53,187.633,0,0,0
900,4,0,220,1,1,1,4326.89,18643.3,1178.45,46.3844,0.6264,1086.94,280714,67.5687,23.1957,0.267264,44.1057,102.748,23.1887,0.0718272,79.487,170.316,0,0,0
900,4,0,221,1,1,1,4327.37,18653.3,1178.56,46.3844,0.482746,1087.2,280712,116.148,23.1957,0.267264,92.6855,119.099,23.1887,0.0718272,95.8385,235.247,0,0,0
900,4,0,222,1,1,1,4354.27,18705.9,1178.19,46.3844,0.517824,1086.79,280719,102.648,23.1957,0.302342,79.1495,110.923,23.1887,0.0718272,87.6627,213.571,0,0,0
900,4,0,223,1,1,1,4318.54,18689,1178.4,46.3844,0.482746,1087.04,280715,123.108,23.1957,0.267264,99.6448,68.4202,23.1887,0.0718272,45.1597,191.528,0,0,0
900,4,0,224,1,1,1,4321.58,18636.1,1178.54,46.3844,0.482746,1087.18,280713,109.617,23.1957,0.267264,86.1539,120.265,23.1887,0.0718272,97.0044,229.882,0,0,0
900,4,0,225,1,1,1,4315.78,18631.9,1178.5,46.3844,0.482746,1087.14,280714,110.808,23.1957,0.267264,87.3451,110.573,23.1887,0.0718272,87.3126,221.381,0,0,0
900,4,0,226,1,1,1,4332.29,18645.5,1178.58,46.3844,0.6264,1087.08,280712,66.5309,23.1957,0.267264,43.0679,97.9251,23.1887,0.0718272,74.6646,164.456,0,0,0
900,4,0,227,1,1,1,4348.83,18666.6,1178.5,46.3844,0.482746,1087.14,280714,96.7541,23.1957,0.267264,73.2911,111.51,23.1887,0.0718272,88.2493,208.264,0,0,0
900,4,0,228,1,1,1,4332.2,18649.4,1178.5,46.3844,0.482746,1087.14,280714,63.2281,23.1957,0.267264,39.7652,108.79,23.1887,0.0718272,85.5295,172.018,0,0,0
900,4,0,229,1,1,1,4317.58,18633.3,1178.31,46.3844,0.517824,1086.91,280717,122.246,23.1957,0.302342,98.7478,68.6855,23.1887,0.0718272,45.425,190.931,0,0,0
900,4,0,230,1,1,1,4327.43,18642.6,1178.5,46.3844,0.482746,1087.14,280714,118.076,23.1957,0.267264,94.613,67.0287,23.1887,0.0718272,43.7682,185.105,0,0,0
900,4,0,231,1,1,1,4315.02,18633.7,1178.36,46.3844,0.482746,1087,280716,116.836,23.1957,0.267264,93.3731,68.9472,23.1887,0.0718272,45.6867,185.783,0,0,0
900,4,0,232,1,1,1,4335.68,18668.7,1178.24,46.3844,0.517824,1086.85,280718,114.02,23.1957,0.302342,90.5215,122.887,23.1887,0.0718272,99.6268,236.907,0,0,0
900,4,0,233,1,1,1,4327.01,18643.4,1178.48,46.3844,0.482746,1087.12,280714,92.8539,23.1957,0.267264,69.391,118.673,23.1887,0.0718272,95.4126,211.527,0,0,0
900,4,0,234,1,1,1,4317.58,18641.3,1178.42,46.3844,0.482746,1087.06,280715,110.003,23.1957,0.267264,86.5402,120.862,23.1887,0.0718272,97.6018,230.865,0,0,0
900,4,0,235,1,1,1,4320.85,18638.2,1178.54,46.3844,0.482746,1087.18,280713,119.226,23.1957,0.267264,95.7627,112.537,23.1887,0.0718272,89.2762,231.762,0,0,0
900,4,0,236,1,0,0,-1,-1,1156.19,23.1957,0.462701,1087.33,280711,-1,-1,-1,-1,-1,-1,-1,-1,-1,0,0,0
900,4,0,237,1,1,1,4330.86,18646.2,1178.52,46.3844,0.482746,1087.16,280713,85.8946,23.1957,0.267264,62.4316,117.327,23.1887,0.0718272,94.0662,203.221,0,0,0
900,4,0,238,1,1,1,4342.23,18725.6,1178.45,46.3844,0.943776,1086.63,280713,116.378,23.1957,0.693216,92.4888,124.095,23.1887,0.106906,100.8,240.473,0,0,0
900,4,0,239,1,1,1,4316.69,18631.2,1178.42,46.3844,0.482746,1087.06,280715,87.786,23.1957,0.267264,64.3231,116.285,23.1887,0.0718272,93.0248,204.071,0,0,0
900,4,0,240,1,1,1,4318.86,18646.8,1178.42,46.3844,0.482746,1087.06,280715,110.211,23.1957,0.267264,86.7477,120.227,23.1887,0.0718272,96.9665,230.438,0,0,0
900,4,0,241,1,1,1,4315.98,24637.4,1184.16,52.1883,0.536198,1087.12,280712,244.657,28.9996,0.320717,215.152,120.741,23.1887,0.0718272,97.4809,365.398,0,0,0
900,4,0,242,1,1,1,4331.39,18646.2,1178.19,46.3844,0.482746,1086.83,280719,65.7855,23.1957,0.267264,42.3226,106.729,23.1887,0.0718272,83.4684,172.514,0,0,0
900,4,0,243,1,1,1,4337.93,18656.4,1178.42,46.3844,0.50112,1087.04,280715,109.388,23.1957,0.267264,85.9247,111.451,23.1887,0.0902016,88.1717,220.838,0,0,0
900,4,0,244,1,1,1,4339.29,18691.5,1178.29,46.3844,0.482746,1086.93,280717,117.524,23.1957,0.267264,94.0608,93.4582,23.1887,0.0718272,70.1977,210.982,0,0,0
900,4,0,245,1,1,1,4327.82,18674.8,1178.58,46.3844,0.678182,1087.02,280712,70.0688,23.1957,0.462701,46.4104,98.1958,23.1887,0.0718272,74.9353,168.265,0,0,0
900,4,0,246,1,1,1,4354.13,18668.7,1178.41,46.3844,0.6264,1086.9,280715,116.056,23.1957,0.267264,92.5935,88.6394,23.1887,0.0718272,65.3789,204.696,0,0,0
900,4,0,247,1,1,1,4316.62,18639.3,1178.52,46.3844,0.482746,1087.16,280713,105.083,23.1957,0.267264,81.6203,55.0611,23.1887,0.0718272,31.8006,160.144,0,0,0
900,4,0,248,1,1,1,4319.53,18648.6,1178.44,46.3844,0.482746,1087.08,280715,113.364,23.1957,0.267264,89.9007,109.295,23.1887,0.0718272,86.0348,222.659,0,0,0
900,4,0,249,1,1,1,4335.43,18681.8,1178.17,46.3844,0.748339,1086.54,280718,113.858,23.1957,0.497779,90.1642,83.6409,23.1887,0.106906,60.3453,197.499,0,0,0
900,4,0,250,1,1,1,4338.93,18690.3,1178.41,46.3844,0.536198,1087,280715,119.719,23.1957,0.302342,96.2211,117.19,23.1887,0.0902016,93.911,236.909,0,0,0
900,4,0,251,1,1,1,4316.62,18632.1,1178.46,46.3844,0.482746,1087.1,280714,120.614,23.1957,0.267264,97.1506,67.7687,23.1887,0.0718272,44.5082,188.382,0,0,0
900,4,0,252,1,1,1,4325.83,18643,1178.5,46.3844,0.482746,1087.14,280714,118.94,23.1957,0.267264,95.4775,113.024,23.1887,0.0718272,89.7635,231.965,0,0,0
900,4,0,253,1,1,1,4318.66,18652.2,1178.5,46.3844,0.482746,1087.14,280714,116.414,23.1957,0.267264,92.9508,87.2569,23.1887,0.0718272,63.9964,203.671,0,0,0
900,4,0,254,1,1,1,4330.55,18645,1178.4,46.3844,0.482746,1087.04,280715,68.0415,23.1957,0.267264,44.5786,120.49,23.1887,0.0718272,97.23,188.532,0,0,0
900,4,0,255,1,1,1,4324.11,18662.1,1178.54,46.3844,0.482746,1087.18,280713,120.164,23.1957,0.267264,96.7012,67.4294,23.1887,0.0718272,44.1689,187.594,0,0,0
900,4,0,256,1,0,0,-1,-1,1156.01,23.1957,0.302342,1087.31,280714,-1,-1,-1,-1,-1,-1,-1,-1,-1,0,0,0
900,4,0,257,1,1,1,4336.9,18665.4,1178.42,46.3844,0.517824,1087.02,280715,108.959,23.1957,0.302342,85.4609,118.419,23.1887,0.0718272,95.1581,227.378,0,0,0
900,4,0,258,1,1,1,4315.34,18630.8,1178.42,46.3844,0.482746,1087.06,280715,110.933,23.1957,0.267264,87.4696,71.3205,23.1887,0.0718272,48.06,182.253,0,0,0
900,4,0,259,1,1,1,4330.98,18645.5,1178.48,46.3844,0.482746,1087.12,280714,71.2613,23.1957,0.267264,47.7983,119.056,23.1887,0.0718272,95.7952,190.317,0,0,0
900,4,0,260,1,1,1,4328.74,18652.9,1178.52,46.3844,0.482746,1087.16,280713,66.7962,23.1957,0.267264,43.3332,102.327,23.1887,0.0718272,79.0665,169.123,0,0,0
900,4,0,261,1,1,1,4333.61,18671.5,1178.47,46.3844,0.821837,1086.77,280713,99.0431,23.1957,0.462701,75.3847,109.719,23.1887,0.0718272,86.4589,208.763,0,0,0
900,4,0,262,1,1,1,4323.54,18704.3,1178.42,46.3844,0.482746,1087.06,280715,113.19,23.1957,0.267264,89.7274,120.77,23.1887,0.0718272,97.5097,233.961,0,0,0
900,4,0,263,1,1,1,4333.13,18645.1,1178.46,46.3844,0.482746,1087.1,280714,71.8731,23.1957,0.267264,48.4102,116.93,23.1887,0.0718272,93.6691,188.803,0,0,0
900,4,0,264,1,1,1,4325.83,18686,1178.56,46.3844,0.873619,1086.81,280711,120.591,23.1957,0.658138,96.7373,112.21,23.1887,0.0718272,88.9496,232.801,0,0,0
900,4,0,265,1,1,1,4315.98,18677.7,1178.25,46.3844,0.517824,1086.85,280718,116.525,23.1957,0.302342,93.0266,70.1131,23.1887,0.0718272,46.8526,186.638,0,0,0
900,4,0,266,1,1,1,4323.85,18640.3,1178.38,46.3844,0.517824,1086.98,280715,69.9662,23.1957,0.302342,46.4682,98.6957,23.1887,0.0718272,75.4352,168.662,0,0,0
900,4,0,267,1,1,1,4318.58,18653.7,1178.7,46.3844,0.678182,1087.14,280710,119.078,23.1957,0.462701,95.4198,112.668,23.1887,0.0718272,89.408,231.747,0,0,0
900,4,0,268,1,1,1,4367.49,18681.7,1178.28,46.3844,0.552902,1086.85,280717,63.266,23.1957,0.267264,39.8031,98.6414,23.1887,0.141984,75.3107,161.907,0,0,0
900,4,0,269,1,1,2,10342.1,24661.6,1200.99,69.5741,0.663149,1086.96,280713,68.6028,23.1957,0.267264,45.1399,270.969,46.3784,0.25223,224.338,339.572,1,0,0
900,4,0,270,1,1,1,4316.94,18653,1178.53,46.3844,0.552902,1087.1,280712,111.465,23.1957,0.337421,87.9317,59.176,23.1887,0.0718272,35.9155,170.641,0,0,0
900,4,0,271,1,1,1,4323.67,18674.6,1178.56,46.3844,0.482746,1087.2,280712,119.666,23.1957,0.267264,96.2031,117.953,23.1887,0.0718272,94.6924,237.619,0,0,0
900,4,0,272,1,1,1,4326.91,18675.1,1178.48,46.3844,0.482746,1087.12,280714,118.152,23.1957,0.267264,94.6888,120.669,23.1887,0.0718272,97.4087,238.821,0,0,0
900,4,0,273,1,1,1,4317.58,18633.4,1178.44,46.3844,0.482746,1087.08,280715,122.115,23.1957,0.267264,98.6522,68.9219,23.1887,0.0718272,45.6614,191.037,0,0,0
900,4,0,274,1,1,1,4323.14,18640,1178.25,46.3844,0.482746,1086.89,280718,98.2106,23.1957,0.267264,74.7476,109.436,23.1887,0.0718272,86.1756,207.647,0,0,0
900,4,0,275,1,1,1,4341.01,18660.7,1178.5,46.3844,0.482746,1087.14,280714,115.49,23.1957,0.267264,92.0268,104.767,23.1887,0.0718272,81.5066,220.257,0,0,0
900,4,0,276,1,1,1,4319.25,18631.5,1178.42,46.3844,0.517824,1087.02,280715,116.035,23.1957,0.267264,92.5718,69.4858,23.1887,0.106906,46.1902,185.521,0,0,0
900,4,0,277,1,1,2,10350.2,24690.5,1200.92,69.5741,0.806803,1086.75,280713,110.095,23.1957,0.267264,86.6322,218.879,46.3784,0.25223,172.248,328.974,1,0,0
900,4,0,278,1,1,1,4315.34,30631.2,1189.54,57.9922,1.17596,1086.23,280715,309.237,34.8035,0.96048,272.653,25.993,23.1887,0.0718272,2.73247,335.23,0,0,0
900,4,0,279,1,1,1,4325.28,18665.6,1178.27,46.3844,0.482746,1086.91,280718,108.756,23.1957,0.267264,85.293,120.593,23.1887,0.0718272,97.3329,229.349,0,0,0
900,4,0,280,1,1,1,4319.24,18648.2,1178.44,46.3844,0.482746,1087.08,280715,120.236,23.1957,0.267264,96.7734,68.1802,23.1887,0.0718272,44.9197,188.417,0,0,0
900,4,0,281,1,1,1,4326.15,18661.7,1178.21,46.3844,0.517824,1086.81,280718,115.626,23.1957,0.302342,92.1278,121.969,23.1887,0.0718272,98.7081,237.594,0,0,0
900,4,0,282,1,1,3,16324.8,30651.9,1223.34,92.7639,0.734976,1086.75,280714,64.5789,23.1957,0.302342,41.0809,401.605,69.5682,0.288979,331.748,466.184,2,0,0
900,4,0,283,1,0,0,-1,-1,1155.72,23.1957,0.302342,1087.02,280720,-1,-1,-1,-1,-1,-1,-1,-1,-1,0,0,0
900,4,0,284,1,1,1,4319.18,24649.9,1184,52.1883,0.536198,1086.96,280715,226.902,28.9996,0.320717,197.344,41.7146,23.1887,0.0718272,18.4541,268.617,0,0,0
900,4,0,285,1,1,1,4324.34,18670.7,1178.61,46.3844,0.783418,1086.95,280710,109.309,23.1957,0.532858,85.58,118.528,23.1887,0.106906,95.2321,227.836,0,0,0
900,4,0,286,1,1,1,4321.51,18636.6,1178.33,46.3844,0.6264,1086.83,280716,85.1998,23.1957,0.267264,61.7368,118.22,23.1887,0.0718272,94.9596,203.42,0,0,0
900,4,0,287,1,1,1,4332.71,18657.5,1178.5,46.3844,0.482746,1087.14,280714,102.376,23.1957,0.267264,78.9131,110.409,23.1887,0.0718272,87.1484,212.785,0,0,0
900,4,0,288,1,1,1,4339.32,18694.9,1178.79,46.3844,0.908698,1087.01,280707,120.023,23.1957,0.693216,96.1345,121.249,23.1887,0.0718272,97.988,241.272,0,0,0
900,4,0,289,1,1,1,4316.62,18654.3,1178.24,46.3844,0.517824,1086.85,280718,118.566,23.1957,0.302342,95.0678,100.663,23.1887,0.0718272,77.4025,219.229,0,0,0
900,4,0,290,1,0,0,-1,-1,1155.95,23.1957,0.302342,1087.25,280715,-1,-1,-1,-1,-1,-1,-1,-1,-1,0,0,0
900,4,0,291,1,1,1,4316.62,18643,1178.21,46.3844,0.482746,1086.85,280719,117.832,23.1957,0.267264,94.3694,65.6174,23.1887,0.0718272,42.3569,183.45,0,0,0
900,4,0,292,1,1,1,4330.12,18666.5,1178.25,46.3844,0.517824,1086.85,280718,95.7001,23.1957,0.267264,72.2371,50.6112,23.1887,0.106906,27.3156,146.311,0,0,0
900,4,0,293,1,1,1,4343.17,18669.1,1178.3,46.3844,0.821837,1086.6,280716,115.391,23.1957,0.462701,91.7326,115.959,23.1887,0.0718272,92.6981,231.35,0,0,0
900,4,0,294,1,1,1,4315.98,18641.5,1178.54,46.3844,0.482746,1087.18,280713,112.357,23.1957,0.267264,88.8936,106.243,23.1887,0.0718272,82.9829,218.6,0,0,0
900,4,0,295,1,1,1,4317.93,18641.9,1178.44,46.3844,0.482746,1087.08,280715,109.476,23.1957,0.267264,86.0132,120.29,23.1887,0.0718272,97.0297,229.766,0,0,0
900,4,0,296,1,1,1,4334.54,18667.6,1178.61,46.3844,0.678182,1087.06,280711,123.536,23.1957,0.462701,99.8776,70.1348,23.1887,0.0718272,46.8743,193.671,0,0,0
900,4,0,297,1,1,1,4333.64,18651.5,1178.52,46.3844,0.482746,1087.16,280713,106.255,23.1957,0.267264,82.7916,109.544,23.1887,0.0718272,86.2839,215.799,0,0,0
900,4,0,298,1,1,1,4321.4,18637.5,1178.21,46.3844,0.482746,1086.85,280719,66.9442,23.1957,0.267264,43.4812,107.465,23.1887,0.0718272,84.2047,174.409,0,0,0
900,4,0,299,1,1,1,4327.62,18671.2,1178.29,46.3844,0.482746,1086.93,280717,89.1487,23.1957,0.267264,65.6857,117.661,23.1887,0.0718272,94.4001,206.809,0,0,0
900,4,0,300,1,1,1,4319.36,18644.2,1178.38,46.3844,0.482746,1087.02,280716,121.458,23.1957,0.267264,97.9952,71.7898,23.1887,0.0718272,48.5293,193.248,0,0,0
900,4,0,301,1,1,1,4320.56,18640.9,1178.46,46.3844,0.482746,1087.1,280714,111.005,23.1957,0.267264,87.5418,115.944,23.1887,0.0718272,92.6837,226.949,0,0,0
900,4,0,302,1,1,1,4318.86,18633,1178.27,46.3844,0.482746,1086.91,280718,66.5309,23.1957,0.267264,43.0679,97.9359,23.1887,0.0718272,74.6754,164.467,0,0,0
900,4,0,303,1,1,1,4321.03,30643.2,1189.62,57.9922,0.910368,1086.58,280714,382.832,34.8035,0.694886,346.726,104.042,23.1887,0.0718272,80.781,486.873,0,0,0
900,4,0,304,1,1,1,4321.99,18665.5,1178.44,46.3844,0.517824,1087.04,280714,113.025,23.1957,0.302342,89.5271,71.6219,23.1887,0.0718272,48.3614,184.647,0,0,0
900,4,0,305,1,1,1,4315.59,24667.3,1184.12,52.1883,0.536198,1087.08,280713,227.617,28.9996,0.320717,198.057,42.5989,23.1887,0.0718272,19.3384,270.216,0,0,0
900,4,0,306,1,1,2,10325.9,24650.5,1200.97,69.5741,0.663149,1086.94,280713,111.005,23.1957,0.267264,87.5418,222.198,46.3784,0.25223,175.567,333.203,1,0,0
900,4,0,307,1,1,1,4347.22,18675.9,1178.21,46.3844,0.50112,1086.83,280718,114.1,23.1957,0.267264,90.6371,81.7201,23.1887,0.0902016,58.4412,195.82,0,0,0
900,4,0,308,1,1,1,4319.55,18635.8,1178.42,46.3844,0.482746,1087.06,280715,94.98,23.1957,0.267264,71.517,115.482,23.1887,0.0718272,92.2217,210.462,0,0,0
900,4,0,309,1,1,1,4319.82,18642.4,1178.5,46.3844,0.482746,1087.14,280714,119.007,23.1957,0.267264,95.5443,67.3825,23.1887,0.0718272,44.1219,186.39,0,0,0
900,4,0,310,1,1,1,4331.21,18647.3,1178.43,46.3844,0.517824,1087.04,280714,70.0322,23.1957,0.267264,46.5693,98.9763,23.1887,0.106906,75.6807,169.008,0,0,0
900,4,0,311,1,1,1,4317.9,18662,1178.53,46.3844,0.678182,1086.98,280712,118.889,23.1957,0.462701,95.2303,102.459,23.1887,0.0718272,79.1982,221.347,0,0,0
900,4,0,312,1,1,2,10330.7,24654,1200.77,69.5741,0.519494,1086.89,280717,93.7184,23.1957,0.267264,70.2554,262.601,46.3784,0.108576,216.114,356.319,1,0,0
900,4,0,313,1,1,1,4345.09,18698.9,1178.46,46.3844,0.482746,1087.1,280714,110.523,23.1957,0.267264,87.0599,112.932,23.1887,0.0718272,89.6715,223.455,0,0,0
900,4,0,314,1,1,1,4321.93,18648.2,1178.25,46.3844,0.50112,1086.87,280718,109.595,23.1957,0.267264,86.1323,118.534,23.1887,0.0902016,95.2555,228.13,0,0,0
900,4,0,315,1,1,1,4335.45,18675.7,1178.38,46.3844,0.482746,1087.02,280716,117.737,23.1957,0.267264,94.2737,117.2,23.1887,0.0718272,93.9398,234.937,0,0,0
900,4,0,316,1,1,1,4318.91,18675.6,1178.54,46.3844,0.482746,1087.18,280713,120.384,23.1957,0.267264,96.9214,112.499,23.1887,0.0718272,89.2383,232.883,0,0,0
900,4,0,317,1,1,2,10318.7,24636.6,1200.98,69.5741,0.537869,1087.08,280713,73.5624,23.1957,0.267264,50.0994,268.054,46.3784,0.12695,221.548,341.616,1,0,0
900,4,0,318,1,1,1,4317.26,18637.8,1178.25,46.3844,0.482746,1086.89,280718,97.6005,23.1957,0.267264,74.1376,108.234,23.1887,0.0718272,84.9736,205.835,0,0,0
900,4,0,319,1,1,1,4320.58,24636,1184.13,52.1883,0.696557,1086.93,280713,206.818,28.9996,0.481075,177.044,37.6267,23.1887,0.0718272,14.3662,244.445,0,0,0
900,4,0,320,1,1,1,4321.22,24678.3,1183.8,52.1883,0.83687,1086.46,280718,235.459,28.9996,0.621389,205.621,117.087,23.1887,0.0718272,93.8261,352.546,0,0,0
900,4,0,321,1,1,1,4374.33,18704.6,1178.22,46.3844,0.552902,1086.79,280718,118.206,23.1957,0.267264,94.743,112.762,23.1887,0.141984,89.4314,230.968,0,0,0
900,4,0,322,1,1,1,4346.45,18670.7,1178.38,46.3844,0.517824,1086.98,280715,71.0971,23.1957,0.267264,47.6341,116.539,23.1887,0.106906,93.2432,187.636,0,0,0
900,4,0,323,1,1,1,4319.62,18655.3,1178.44,46.3844,0.482746,1087.08,280715,68.6407,23.1957,0.267264,45.1778,119.992,23.1887,0.0718272,96.7319,188.633,0,0,0
900,4,0,324,1,1,1,4344.65,18688.7,1178.33,46.3844,0.713261,1086.74,280716,65.7716,23.1957,0.462701,42.1132,100.712,23.1887,0.106906,77.4169,166.484,0,0,0
900,4,0,325,1,0,0,-1,-1,1156.08,23.1957,0.337421,1087.36,280713,-1,-1,-1,-1,-1,-1,-1,-1,-1,0,0,0
900,4,0,326,1,1,1,4322.9,18637.7,1178.21,46.3844,0.482746,1086.85,280719,116.926,23.1957,0.267264,93.4634,113.454,23.1887,0.0718272,90.1931,230.38,0,0,0
900,4,0,327,1,1,1,4323.82,18650.9,1178.4,46.3844,0.482746,1087.04,280715,63.6974,23.1957,0.267264,40.2344,113.746,23.1887,0.0718272,90.4855,177.443,0,0,0
900,4,0,328,1,1,1,4317.58,18636,1178.56,46.3844,0.482746,1087.2,280712,98.4542,23.1957,0.267264,74.9912,108.243,23.1887,0.0718272,84.9826,206.697,0,0,0
900,4,0,329,1,1,1,4328.52,18671.6,1178.56,46.3844,0.517824,1087.16,280712,116.86,23.1957,0.267264,93.3966,113.463,23.1887,0.106906,90.1678,230.323,0,0,0
900,4,0,330,1,1,1,4343.03,18682.3,1178.19,46.3844,0.713261,1086.6,280718,119.131,23.1957,0.497779,95.4378,114.311,23.1887,0.0718272,91.0504,233.442,0,0,0
900,4,0,331,1,1,1,4318.86,18643,1178.21,46.3844,0.482746,1086.85,280719,119.206,23.1957,0.267264,95.7428,68.8245,23.1887,0.0718272,45.564,188.03,0,0,0
900,4,0,332,1,1,1,4366.52,24704.6,1184.05,52.1883,0.927072,1086.62,280713,245.813,28.9996,0.71159,215.917,117.612,23.1887,0.0718272,94.3513,363.424,0,0,0
900,4,0,333,1,1,1,4323.18,18638,1178.4,46.3844,0.482746,1087.04,280715,118.744,23.1957,0.267264,95.2808,109.64,23.1887,0.0718272,86.3795,228.384,0,0,0
900,4,0,334,1,0,0,-1,-1,1155.99,23.1957,0.267264,1087.33,280715,-1,-1,-1,-1,-1,-1,-1,-1,-1,0,0,0
900,4,0,335,1,1,1,4324.87,18661.8,1178.5,46.3844,0.770054,1086.85,280713,110.472,23.1957,0.267264,87.0094,119.556,23.1887,0.0718272,96.2951,230.028,0,0,0
900,4,0,336,1,1,1,4336.87,18653.2,1178.29,46.3844,0.482746,1086.93,280717,114.053,23.1957,0.267264,90.5901,111.05,23.1887,0.0718272,87.7891,225.103,0,0,0
900,4,0,337,1,1,1,4319.94,24672.5,1184.06,52.1883,0.536198,1087.02,280714,232.808,28.9996,0.320717,203.264,117.451,23.1887,0.0718272,94.1907,350.26,0,0,0
900,4,0,338,1,1,1,4321.58,18646.3,1178.46,46.3844,0.482746,1087.1,280714,116.015,23.1957,0.267264,92.5519,115.368,23.1887,0.0718272,92.108,231.383,0,0,0
900,4,0,339,1,1,1,4316.42,18635.3,1178.54,46.3844,0.482746,1087.18,280713,65.9804,23.1957,0.267264,42.5175,107.299,23.1887,0.0718272,84.0387,173.28,0,0,0
900,4,0,340,1,1,1,4319.3,18640.4,1178.4,46.3844,0.482746,1087.04,280715,71.7829,23.1957,0.267264,48.3199,116.955,23.1887,0.0718272,93.6944,188.738,0,0,0
900,4,0,341,1,1,1,4322.32,18639.8,1178.48,46.3844,0.482746,1087.12,280714,122.507,23.1957,0.267264,99.0438,67.9149,23.1887,0.0718272,44.6544,190.422,0,0,0
900,4,0,342,1,1,1,4346.98,18696.8,1178.67,46.3844,0.713261,1087.08,280710,98.8482,23.1957,0.462701,75.1898,108.805,23.1887,0.106906,85.5096,207.653,0,0,0
900,4,0,343,1,1,1,4336.42,18656.9,1178.16,46.3844,0.6264,1086.65,280719,120.574,23.1957,0.267264,97.1109,116.338,23.1887,0.0718272,93.0771,236.911,0,0,0
900,4,0,344,1,1,1,4326.41,18670.5,1178.25,46.3844,0.587981,1086.79,280717,118.084,23.1957,0.302342,94.586,67.5555,23.1887,0.141984,44.2248,185.639,0,0,0
900,4,0,345,1,1,1,4317.9,18656,1178.32,46.3952,0.50112,1086.93,280717,120.865,23.2065,0.285638,97.3726,68.1206,23.1887,0.0718272,44.8601,188.985,0,0,0
900,4,0,346,1,1,1,4342.61,18663.4,1178.42,46.3844,0.482746,1087.06,280715,109.765,23.1957,0.267264,86.3019,122.144,23.1887,0.0718272,98.8832,231.909,0,0,0
900,4,0,347,1,1,1,4315.02,18644.4,1178.48,46.3844,0.482746,1087.12,280714,111.07,23.1957,0.267264,87.6068,71.557,23.1887,0.0718272,48.2964,182.627,0,0,0
900,4,0,348,1,1,1,4317.58,18633.7,1178.23,46.3844,0.482746,1086.87,280718,113.575,23.1957,0.267264,90.1119,71.2231,23.1887,0.0718272,47.9626,184.798,0,0,0
900,4,0,349,1,1,1,4333.58,18646.8,1178.19,46.3844,0.482746,1086.83,280719,99.7735,23.1957,0.267264,76.3106,113.304,23.1887,0.0718272,90.0433,213.077,0,0,0
900,4,0,350,1,1,1,4320.83,18646.8,1178.23,46.3844,0.482746,1086.87,280718,103.567,23.1957,0.267264,80.1042,54.1388,23.1887,0.0718272,30.8783,157.706,0,0,0
900,4,0,351,1,1,1,4315.02,18656.5,1178.51,46.3844,0.517824,1087.12,280713,120.472,23.1957,0.302342,96.9737,67.1406,23.1887,0.0718272,43.8801,187.612,0,0,0
900,4,0,352,1,1,1,4334.28,18648.8,1178.21,46.3844,0.482746,1086.85,280719,65.3812,23.1957,0.267264,41.9183,106.94,23.1887,0.0718272,83.6796,172.321,0,0,0
900,4,0,353,1,1,1,4326.28,18643,1178.01,46.3844,0.517824,1086.62,280722,71.6241,23.1957,0.267264,48.1611,116.153,23.1887,0.106906,92.857,187.777,0,0,0
900,4,0,354,1,1,1,4326.73,18674.1,1178.21,46.3844,0.517824,1086.81,280718,108.824,23.1957,0.302342,85.3255,119.678,23.1887,0.0718272,96.4178,228.502,0,0,0
900,4,0,355,1,1,1,4319.94,18636.2,1178.48,46.3844,0.482746,1087.12,280714,100.847,23.1957,0.267264,77.3844,112.165,23.1887,0.0718272,88.9044,213.012,0,0,0
900,4,0,356,1,1,1,4324.33,18647.8,1178.43,46.3844,0.6264,1086.93,280714,65.8397,23.1957,0.267264,42.3767,113.369,23.1887,0.0718272,90.1082,179.208,0,0,0
900,4,0,357,1,1,1,4329.16,18689.8,1178.42,46.3844,0.770054,1086.77,280714,100.598,23.1957,0.267264,77.1353,107.81,23.1887,0.0718272,84.5495,208.408,0,0,0
900,4,0,358,1,1,1,4322.44,18636.3,1178.56,46.3844,0.482746,1087.2,280712,71.745,23.1957,0.267264,48.282,120.646,23.1887,0.0718272,97.3852,192.391,0,0,0
900,4,0,359,1,1,1,4323.5,18670.6,1178.2,46.3844,0.517824,1086.81,280718,94.535,23.1957,0.302342,71.0369,116.715,23.1887,0.0718272,93.4543,211.25,0,0,0
900,4,0,360,1,1,1,4347.68,18674.3,1178.4,46.3844,0.714931,1086.81,280714,115.932,23.1957,0.462701,92.274,85.7415,23.1887,0.108576,62.4443,201.674,0,0,0
900,4,0,361,1,1,1,4322.09,18636.6,1178.44,46.3844,0.482746,1087.08,280715,100.754,23.1957,0.267264,77.2906,109.488,23.1887,0.0718272,86.2279,210.242,0,0,0
900,4,0,362,1,1,1,4329.03,18661.4,1178.09,46.3844,0.552902,1086.66,280720,120.164,23.1957,0.337421,96.6308,113.567,23.1887,0.0718272,90.3068,233.731,0,0,0
900,4,0,363,1,1,1,4338.17,24650.8,1184.15,52.1883,0.87529,1086.77,280712,233.407,28.9996,0.516154,203.675,117.998,23.1887,0.0718272,94.7376,351.405,0,0,0
900,4,0,364,1,1,1,4318.15,18649,1178.44,46.3844,0.482746,1087.08,280715,119.162,23.1957,0.267264,95.6995,117.72,23.1887,0.0718272,94.4596,236.883,0,0,0
900,4,0,365,1,1,1,4335.11,18650.9,1178.42,46.3844,0.517824,1087.02,280715,65.8649,23.1957,0.267264,42.402,114.559,23.1887,0.106906,91.2633,180.424,0,0,0
900,4,0,366,1,1,1,4376.83,18699.8,1178.56,46.3844,0.517824,1087.16,280712,115.066,23.1957,0.267264,91.6026,124.631,23.1887,0.106906,101.336,239.697,0,0,0
900,4,0,367,1,1,1,4317.9,24695.1,1184.02,52.1883,0.997229,1086.52,280713,241.397,28.9996,0.781747,211.412,72.0803,23.1887,0.0718272,48.8198,313.477,0,0,0
900,4,0,368,1,1,1,4315.98,18632.7,1178.46,46.3844,0.482746,1087.1,280714,122.696,23.1957,0.267264,99.2333,68.4491,23.1887,0.0718272,45.1886,191.145,0,0,0
900,4,0,369,1,1,1,4333.48,18651.9,1178.56,46.3844,0.482746,1087.2,280712,115.154,23.1957,0.267264,91.6911,111.362,23.1887,0.0718272,88.1013,226.516,0,0,0
900,4,0,370,1,1,1,4366.19,18688,1178.63,46.3844,0.805133,1086.94,280710,101.131,23.1957,0.267264,77.6678,114.508,23.1887,0.106906,91.2128,215.639,0,0,0
900,4,0,371,1,1,2,10340.3,24689.4,1200.91,69.5741,0.714931,1086.83,280714,110.953,23.1957,0.462701,87.2946,218.972,46.3784,0.108576,172.485,329.925,1,0,0
900,4,0,372,1,1,1,4345.04,18673.1,1178.22,46.3844,0.552902,1086.79,280718,116.68,23.1957,0.302342,93.1818,70.094,23.1887,0.106906,46.7985,186.774,0,0,0
900,4,0,373,1,1,1,4327.81,18642.6,1178.25,46.3844,0.482746,1086.89,280718,88.6451,23.1957,0.267264,65.1822,117.35,23.1887,0.0718272,94.0896,205.995,0,0,0
900,4,0,374,1,1,1,4323.02,18638.5,1178.54,46.3844,0.482746,1087.18,280713,80.8935,23.1957,0.267264,57.4305,115.61,23.1887,0.0718272,92.3498,196.504,0,0,0
900,4,0,375,1,1,1,4341.34,18655.6,1178.54,46.3844,0.517824,1087.14,280713,64.8579,23.1957,0.267264,41.3949,113.907,23.1887,0.106906,90.6118,178.765,0,0,0
900,4,0,376,1,1,1,4326.15,24690.8,1183.72,52.1883,0.766714,1086.44,280720,223.076,28.9996,0.551232,193.271,112.853,23.1887,0.0718272,89.5921,335.929,0,0,0
900,4,0,377,1,1,1,4337.61,18651.5,1178.36,46.3844,0.482746,1087,280716,72.4218,23.1957,0.267264,48.9588,117.637,23.1887,0.0718272,94.3766,190.059,0,0,0
900,4,0,378,1,1,1,4319.56,18634,1178.2,46.3844,0.517824,1086.81,280718,71.8912,23.1957,0.267264,48.4282,114.938,23.1887,0.106906,91.6423,186.829,0,0,0
900,4,0,379,1,1,1,4316.87,18672.2,1178.31,46.3844,0.482746,1086.95,280717,114.156,23.1957,0.267264,90.693,71.6977,23.1887,0.0718272,48.4372,185.854,0,0,0
900,4,0,380,1,1,1,4333.99,18652.6,1178.43,46.3844,0.6264,1086.93,280714,71.7161,23.1957,0.267264,48.2531,116.242,23.1887,0.0718272,92.9815,187.958,0,0,0
900,4,0,381,1,1,1,4315.66,18680.1,1178.5,46.3844,0.482746,1087.14,280714,102.587,23.1957,0.267264,79.1242,53.018,23.1887,0.0718272,29.7575,155.605,0,0,0
900,4,0,382,1,1,1,4393.26,18717.7,1178.71,46.3844,0.948787,1086.89,280708,66.8359,23.1957,0.267264,43.373,102.658,23.1887,0.106906,79.3625,169.494,0,0,0
900,4,0,383,1,1,1,4318.85,18638.2,1178.38,46.3844,0.517824,1086.98,280715,112.128,23.1957,0.302342,88.6301,117.63,23.1887,0.0718272,94.3694,229.758,0,0,0
900,4,0,384,1,1,1,4347.05,18666.9,1178.39,46.3844,0.661478,1086.85,280715,100.672,23.1957,0.267264,77.2093,112.586,23.1887,0.106906,89.2907,213.259,0,0,0
900,4,0,385,1,1,1,4348.57,18669.2,1178.46,46.3844,0.661478,1086.93,280713,111.364,23.1957,0.267264,87.901,118.282,23.1887,0.106906,94.9866,229.646,0,0,0
900,4,0,386,1,1,1,4313.42,18651.3,1178.42,46.3844,0.482746,1087.06,280715,85.3568,23.1957,0.267264,61.8938,42.1261,23.1887,0.0718272,18.8656,127.483,0,0,0
900,4,0,387,1,1,1,4315.91,18644.1,1178.38,46.3844,0.482746,1087.02,280716,72.0644,23.1957,0.267264,48.6015,115.95,23.1887,0.0718272,92.6891,188.014,0,0,0
900,4,0,388,1,1,1,4337.26,18654.7,1178.37,46.3844,0.6264,1086.87,280715,118.921,23.1957,0.267264,95.4577,112.089,23.1887,0.0718272,88.8286,231.01,0,0,0
900,4,0,389,1,1,1,4327.1,18641.9,1178.5,46.3844,0.482746,1087.14,280714,71.375,23.1957,0.267264,47.912,119.379,23.1887,0.0718272,96.1182,190.754,0,0,0
900,4,0,390,1,1,1,4361.23,18695.5,1178.43,46.3844,0.679853,1086.88,280714,118.989,23.1957,0.267264,95.5263,113.933,23.1887,0.12528,90.619,232.922,0,0,0
900,4,0,391,1,1,1,4330.18,18646.3,1178.44,46.3844,0.482746,1087.08,280715,117.096,23.1957,0.267264,93.633,111.688,23.1887,0.0718272,88.428,228.784,0,0,0
900,4,0,392,1,1,1,4325.45,18649.2,1178.25,46.3844,0.482746,1086.89,280718,65.7819,23.1957,0.267264,42.319,113.755,23.1887,0.0718272,90.4945,179.537,0,0,0
900,4,0,393,1,1,2,10333.6,24647.1,1200.69,69.5741,0.519494,1086.81,280718,106.078,23.1957,0.267264,82.6147,257.232,46.3784,0.108576,210.745,363.309,1,0,0
900,4,0,394,1,1,1,4337.26,18652.5,1178.4,46.3844,0.50112,1087.02,280715,112.241,23.1957,0.267264,88.7781,105.522,23.1887,0.0902016,82.2429,217.763,0,0,0
900,4,0,395,1,1,1,4337.92,18718.2,1178.23,46.3844,0.482746,1086.87,280718,118.314,23.1957,0.267264,94.8513,112.676,23.1887,0.0718272,89.4152,230.99,0,0,0
900,4,0,396,1,1,1,4317.9,18665.8,1178.42,46.3844,0.482746,1087.06,280715,122.747,23.1957,0.267264,99.2839,67.2688,23.1887,0.0718272,44.0082,190.016,0,0,0
900,4,0,397,1,1,1,4322.54,18634.3,1178.38,46.3844,0.482746,1087.02,280716,119.955,23.1957,0.267264,96.4918,67.4348,23.1887,0.0718272,44.1743,187.39,0,0,0
900,4,0,398,1,1,1,4317.58,24646.7,1184.32,52.1883,0.927072,1086.89,280709,166.013,28.9996,0.71159,135.887,25.5815,23.1887,0.0718272,2.32097,191.594,0,0,0
900,4,0,399,1,1,1,4315.02,18629.5,1178.44,46.3844,0.482746,1087.08,280715,116.161,23.1957,0.267264,92.6981,116.991,23.1887,0.0718272,93.7305,233.152,0,0,0
900,4,0,400,1,1,1,4336.52,18670.1,1178.18,46.3844,0.873619,1086.43,280718,112.192,23.1957,0.658138,88.3377,77.4947,23.1887,0.0718272,54.2342,189.686,0,0,0
900,4,0,401,1,1,1,4322.16,18651.2,1178.5,46.3844,0.482746,1087.14,280714,90.9282,23.1957,0.267264,67.4652,45.9234,23.1887,0.0718272,22.6629,136.852,0,0,0
900,4,0,402,1,1,1,4315.98,18634.8,1178.42,46.3844,0.482746,1087.06,280715,117.646,23.1957,0.267264,94.1835,112.726,23.1887,0.0718272,89.4657,230.373,0,0,0
900,4,0,403,1,1,1,4323.82,18639.6,1178.42,46.3844,0.482746,1087.06,280715,110.507,23.1957,0.267264,87.0437,112.441,23.1887,0.0718272,89.1806,222.948,0,0,0
900,4,0,404,1,1,1,4339.4,18669.3,1178.35,46.3844,0.552902,1086.92,280716,117.534,23.1957,0.302342,94.0355,114.51,23.1887,0.106906,91.2146,232.044,0,0,0
900,4,0,405,1,1,1,4362.63,18699.3,1178.75,46.3844,1.19601,1086.68,280707,71.1025,23.1957,0.693216,47.2136,116.325,23.1887,0.0718272,93.0645,187.428,0,0,0
900,4,0,406,1,1,1,4334.6,18649.1,1178.38,46.3844,0.482746,1087.02,280716,70.4563,23.1957,0.267264,46.9934,99.544,23.1887,0.0718272,76.2835,170,0,0,0
900,4,0,407,1,1,1,4316.3,18661.7,1178.52,46.3844,0.678182,1086.97,280713,63.9235,23.1957,0.462701,40.2651,107.377,23.1887,0.0718272,84.1163,171.3,0,0,0
900,4,0,408,1,1,1,4316.94,18640.8,1178.21,46.3844,0.482746,1086.85,280719,118.742,23.1957,0.267264,95.279,64.0129,23.1887,0.0718272,40.7524,182.755,0,0,0
900,4,0,409,1,1,1,4328.66,18645.6,1178.07,46.3844,0.552902,1086.64,280721,69.3291,23.1957,0.302342,45.8311,98.045,23.1887,0.106906,74.7494,167.374,0,0,0
900,4,0,410,1,1,1,4327.87,18664.6,1178.4,46.3844,0.482746,1087.04,280715,118.132,23.1957,0.267264,94.669,67.3626,23.1887,0.0718272,44.1021,185.495,0,0,0
900,4,0,411,1,1,1,4327.44,24682,1184.01,52.1883,0.731635,1086.77,280715,226.543,28.9996,0.516154,196.785,41.184,23.1887,0.0718272,17.9235,267.727,0,0,0
900,4,0,412,1,1,1,4339.02,18658.3,1178.46,46.3844,0.482746,1087.1,280714,71.2198,23.1957,0.267264,47.7568,117.538,23.1887,0.0718272,94.2773,188.758,0,0,0
900,4,0,413,1,1,1,4316.3,18676.2,1178.35,46.3844,0.873619,1086.6,280715,120.149,23.1957,0.658138,96.2951,112.143,23.1887,0.0718272,88.8828,232.292,0,0,0
900,4,0,414,1,1,1,4316.62,18650,1178.44,46.3844,0.482746,1087.08,280715,108.929,23.1957,0.267264,85.4663,118.424,23.1887,0.0718272,95.1635,227.353,0,0,0
900,4,0,415,1,1,1,4317.58,18675.1,1178.52,46.3844,0.482746,1087.16,280713,124.395,23.1957,0.267264,100.932,68.2127,23.1887,0.0718272,44.9522,192.607,0,0,0
900,4,0,416,1,1,1,4317.58,18634,1178.31,46.3844,0.482746,1086.95,280717,72.8838,23.1957,0.267264,49.4208,117.309,23.1887,0.0718272,94.0481,190.192,0,0,0
900,4,0,417,1,1,1,4322.4,18634.6,1178.54,46.3844,0.482746,1087.18,280713,106.601,23.1957,0.267264,83.1381,109.423,23.1887,0.0718272,86.163,216.025,0,0,0
900,4,0,418,1,1,1,4315.66,18631.7,1178.21,46.3844,0.482746,1086.85,280719,70.9292,23.1957,0.267264,47.4662,120.041,23.1887,0.0718272,96.7806,190.97,0,0,0
900,4,0,419,1,1,1,4319.36,18661.2,1178.46,46.3844,0.482746,1087.1,280714,117.876,23.1957,0.267264,94.4127,113.145,23.1887,0.0718272,89.8845,231.021,0,0,0
900,4,0,420,1,1,1,4341.8,18659.2,1178.56,46.3844,0.482746,1087.2,280712,119.493,23.1957,0.267264,96.0298,113.12,23.1887,0.0718272,89.8592,232.612,0,0,0
900,4,0,421,1,1,1,4317.67,18644.1,1178.21,46.3844,0.482746,1086.85,280719,94.3411,23.1957,0.267264,70.8781,116.3,23.1887,0.0718272,93.0392,210.641,0,0,0
900,4,0,422,1,1,1,4328.74,18649,1178.29,46.3844,0.482746,1086.93,280717,113.172,23.1957,0.267264,89.7094,106.094,23.1887,0.0718272,82.8331,219.266,0,0,0
900,4,0,423,1,1,1,4332.64,18652.5,1178.23,46.3844,0.482746,1086.87,280718,72.7629,23.1957,0.267264,49.2999,117.745,23.1887,0.0718272,94.4849,190.508,0,0,0
900,4,0,424,1,1,1,4318.54,18719,1178.46,46.3844,0.482746,1087.1,280714,121.335,23.1957,0.267264,97.8725,67.1929,23.1887,0.0718272,43.9324,188.528,0,0,0
900,4,0,425,1,1,1,4335.59,18658.8,1178.44,46.3844,0.482746,1087.08,280715,123.144,23.1957,0.267264,99.6809,70.4235,23.1887,0.0718272,47.163,193.567,0,0,0
900,4,0,426,1,1,1,4332.9,18680.3,1178.21,46.3844,0.482746,1086.85,280719,117.612,23.1957,0.267264,94.1492,112.955,23.1887,0.0718272,89.695,230.568,0,0,0
900,4,0,427,1,1,1,4318.79,18639.9,1178.56,46.3844,0.482746,1087.2,280712,92.8341,23.1957,0.267264,69.3711,119.377,23.1887,0.0718272,96.1164,212.211,0,0,0
900,4,0,428,1,1,1,4326.66,24665.3,1184.03,52.1883,0.731635,1086.79,280714,178.211,28.9996,0.516154,148.315,112.291,23.1887,0.0718272,89.0308,290.503,0,0,0
900,4,0,429,1,1,1,4315.02,18676.8,1178.45,46.3844,0.552902,1087.02,280714,105.215,23.1957,0.337421,81.6816,55.2975,23.1887,0.0718272,32.037,160.512,0,0,0
900,4,0,430,1,1,1,4318.54,18662.7,1178.4,46.3844,0.482746,1087.04,280715,121.612,23.1957,0.267264,98.1486,69.3533,23.1887,0.0718272,46.0928,190.965,0,0,0
900,4,0,431,1,1,1,4353.96,18690.2,1178.52,46.3844,0.482746,1087.16,280713,98.0969,23.1957,0.267264,74.6339,108.525,23.1887,0.0718272,85.2642,206.622,0,0,0
900,4,0,432,1,1,1,4321.28,18642.5,1178.48,46.3844,0.482746,1087.12,280714,113.456,23.1957,0.267264,89.9927,110.68,23.1887,0.0718272,87.4191,224.135,0,0,0
900,4,0,433,1,1,1,4319.62,18658.4,1178.38,46.3844,0.482746,1087.02,280716,121.243,23.1957,0.267264,97.7805,68.848,23.1887,0.0718272,45.5874,190.091,0,0,0
900,4,0,434,1,1,1,4335.14,18651,1178.21,46.3844,0.482746,1086.85,280719,111.429,23.1957,0.267264,87.966,77.8972,23.1887,0.0718272,54.6367,189.326,0,0,0
900,4,0,435,1,1,1,4317.58,18646.5,1178.56,46.3844,0.482746,1087.2,280712,113.181,23.1957,0.267264,89.7184,61.5602,23.1887,0.0718272,38.2997,174.742,0,0,0
900,4,0,436,1,1,1,4323.48,18641.2,1178.23,46.3844,0.482746,1086.87,280718,120.032,23.1957,0.267264,96.5694,121.481,23.1887,0.0718272,98.2208,241.514,0,0,0
900,4,0,437,1,1,1,4318.92,18631.8,1178.21,46.3844,0.482746,1086.85,280719,80.6914,23.1957,0.267264,57.2284,118.155,23.1887,0.0718272,94.8946,198.846,0,0,0
900,4,0,438,1,1,1,4317.58,18634.8,1178.44,46.3844,0.482746,1087.08,280715,64.1829,23.1957,0.267264,40.7199,112.883,23.1887,0.0718272,89.6228,177.066,0,0,0
900,4,0,439,1,1,1,4317.38,18632.8,1178.5,46.3844,0.482746,1087.14,280714,111.355,23.1957,0.267264,87.892,110.934,23.1887,0.0718272,87.6736,222.289,0,0,0
900,4,0,440,1,1,1,4344.33,18672.6,1178.59,46.3844,0.713261,1087,280711,67.0466,23.1957,0.497779,43.3531,102.123,23.1887,0.0718272,78.8625,169.17,0,0,0
900,4,0,441,1,1,1,4316.3,18632.7,1178.48,46.3844,0.482746,1087.12,280714,120.045,23.1957,0.267264,96.5821,66.7291,23.1887,0.0718272,43.4686,186.774,0,0,0
900,4,0,442,1,1,1,4317.58,18640.4,1178.25,46.3844,0.482746,1086.89,280718,72.1709,23.1957,0.267264,48.7079,117.7,23.1887,0.0718272,94.4398,189.871,0,0,0
900,4,0,443,1,1,1,4371.38,18691.6,1178.19,46.3844,0.517824,1086.79,280719,113.616,23.1957,0.267264,90.1534,81.874,23.1887,0.106906,58.5784,195.49,0,0,0
900,4,0,444,1,1,1,4316.3,18657.7,1178.4,46.3844,0.482746,1087.04,280715,112.69,23.1957,0.267264,89.2275,71.104,23.1887,0.0718272,47.8434,183.794,0,0,0
900,4,0,445,1,1,1,4358.63,18718.8,1178.4,46.3844,0.482746,1087.04,280715,115.396,23.1957,0.267264,91.9329,124.459,23.1887,0.0718272,101.199,239.855,0,0,0
900,4,0,446,1,1,1,4331.3,18663.2,1178.34,46.3844,0.517824,1086.95,280716,84.4263,23.1957,0.302342,60.9282,116.7,23.1887,0.0718272,93.4399,201.127,0,0,0
900,4,0,447,1,1,1,4318.82,18682,1178.31,46.3844,0.678182,1086.76,280716,120.374,23.1957,0.462701,96.7156,113.194,23.1887,0.0718272,89.9332,233.568,0,0,0
900,4,0,448,1,1,1,4318.15,18666.5,1178.43,46.3844,0.517824,1087.04,280714,119.645,23.1957,0.302342,96.1471,68.801,23.1887,0.0718272,45.5405,188.446,0,0,0
900,4,0,449,1,1,1,4315.98,18632.8,1178.23,46.3844,0.482746,1086.87,280718,116.047,23.1957,0.267264,92.5844,119.079,23.1887,0.0718272,95.8186,235.127,0,0,0
900,4,0,450,1,1,1,4321.3,18641,1178.46,46.3844,0.482746,1087.1,280714,118.229,23.1957,0.267264,94.7664,113.899,23.1887,0.0718272,90.6389,232.129,0,0,0
900,4,0,451,1,1,1,4317.26,18656.8,1178.54,46.3844,0.482746,1087.18,280713,91.1863,23.1957,0.267264,67.7233,46.5713,23.1887,0.0718272,23.3108,137.758,0,0,0
900,4,0,452,1,1,1,4326.5,18640,1178.44,46.3844,0.482746,1087.08,280715,68.4458,23.1957,0.267264,44.9828,119.039,23.1887,0.0718272,95.7789,187.485,0,0,0
900,4,0,453,1,1,1,4316.3,24653.6,1184.17,52.1883,0.891994,1086.77,280712,207.24,28.9996,0.676512,177.267,37.2152,23.1887,0.0718272,13.9547,244.455,0,0,0
900,4,0,454,1,1,1,4318.47,18645.5,1178.52,46.3844,0.482746,1087.16,280713,107.274,23.1957,0.267264,83.8113,119.122,23.1887,0.0718272,95.862,226.397,0,0,0
900,4,0,455,1,1,1,4320.39,18670.2,1178.21,46.3844,0.678182,1086.66,280718,113.613,23.1957,0.462701,89.9548,71.0047,23.1887,0.0718272,47.7442,184.618,0,0,0
900,4,0,456,1,1,1,4320.58,18640.9,1178.29,46.3844,0.482746,1086.93,280717,117.789,23.1957,0.267264,94.3261,65.2059,23.1887,0.0718272,41.9454,182.995,0,0,0
900,4,0,457,1,1,1,4323.91,18650.7,1178.21,46.3844,0.482746,1086.85,280719,111.81,23.1957,0.267264,88.3468,70.808,23.1887,0.0718272,47.5475,182.618,0,0,0
900,4,0,458,1,1,1,4323.3,18636.7,1178.38,46.3844,0.482746,1087.02,280716,64.9571,23.1957,0.267264,41.4942,96.5697,23.1887,0.0718272,73.3092,161.527,0,0,0
900,4,0,459,1,1,1,4315.98,18648.7,1178.42,46.3844,0.482746,1087.06,280715,123.243,23.1957,0.267264,99.7802,68.6043,23.1887,0.0718272,45.3438,191.847,0,0,0
900,4,0,460,1,1,1,4321.22,18637.7,1178.46,46.3844,0.482746,1087.1,280714,108.328,23.1957,0.267264,84.8653,57.8802,23.1887,0.0718272,34.6197,166.208,0,0,0
900,4,0,461,1,1,1,4316.3,18653,1178.73,46.3844,0.678182,1087.18,280709,122.264,23.1957,0.462701,98.6052,112.351,23.1887,0.0718272,89.0903,234.614,0,0,0
900,4,0,462,1,1,1,4328.94,18663.7,1178.45,46.3844,0.6264,1086.95,280714,110.877,23.1957,0.267264,87.4137,120.649,23.1887,0.0718272,97.3888,231.526,0,0,0
900,4,0,463,1,1,1,4345.22,18659.1,1178.24,46.3844,0.6264,1086.73,280718,108.872,23.1957,0.267264,85.4086,120.158,23.1887,0.0718272,96.8979,229.03,0,0,0
900,4,0,464,1,1,1,4317.26,18659.9,1178.52,46.3844,0.482746,1087.16,280713,112.99,23.1957,0.267264,89.5271,70.6275,23.1887,0.0718272,47.367,183.618,0,0,0
900,4,0,465,1,1,1,4316.94,18649.5,1178.44,46.3844,0.482746,1087.08,280715,120.81,23.1957,0.267264,97.3473,67.0594,23.1887,0.0718272,43.7989,187.87,0,0,0
900,4,0,466,1,1,1,4336.9,18673.6,1178.75,46.3844,0.873619,1087,280708,120.165,23.1957,0.658138,96.3113,66.9042,23.1887,0.0718272,43.6437,187.069,0,0,0
900,4,0,467,1,1,1,4357.83,18680.8,1178.17,46.3844,0.482746,1086.81,280719,115.149,23.1957,0.267264,91.6856,85.8817,23.1887,0.0718272,62.6211,201.03,0,0,0
900,4,0,468,1,1,1,4329.57,18653.7,1178.44,46.3844,0.552902,1087.01,280714,62.3526,23.1957,0.337421,38.8194,109.734,23.1887,0.0718272,86.4734,172.086,0,0,0
900,4,0,469,1,1,1,4332.58,18667.1,1178.84,46.3844,0.821837,1087.14,280707,113.749,23.1957,0.462701,90.0902,112.132,23.1887,0.0718272,88.872,225.881,0,0,0
900,4,0,470,1,1,1,4343.63,18661,1178.46,46.3844,0.482746,1087.1,280714,71.4364,23.1957,0.267264,47.9734,119.267,23.1887,0.0718272,96.0063,190.703,0,0,0
900,4,0,471,1,1,1,4321.48,18672.6,1178.44,46.3844,0.482746,1087.08,280715,114.16,23.1957,0.267264,90.6966,71.88,23.1887,0.0718272,48.6195,186.04,0,0,0
900,4,0,472,1,1,1,4315.98,18668.2,1178.38,46.3844,0.482746,1087.02,280716,122.969,23.1957,0.267264,99.5058,69.6096,23.1887,0.0718272,46.3491,192.578,0,0,0
900,4,0,473,1,1,1,4322.89,18669,1178.25,46.3844,0.482746,1086.89,280718,123.646,23.1957,0.267264,100.183,69.4508,23.1887,0.0718272,46.1902,193.096,0,0,0
900,4,0,474,1,1,1,4342.48,18664.8,1178.35,46.3844,0.517824,1086.96,280716,117.526,23.1957,0.302342,94.0283,122.58,23.1887,0.0718272,99.3199,240.107,0,0,0
900,4,0,475,1,1,1,4321.28,18652.5,1178.38,46.3844,0.482746,1087.02,280716,119.09,23.1957,0.267264,95.6273,117.754,23.1887,0.0718272,94.4939,236.845,0,0,0
900,4,0,476,1,1,1,4338.24,18677,1178.25,46.3844,0.482746,1086.89,280718,112.754,23.1957,0.267264,89.2907,122.21,23.1887,0.0718272,98.95,234.964,0,0,0
900,4,0,477,1,0,0,-1,-1,1155.84,23.1957,0.462701,1086.99,280717,-1,-1,-1,-1,-1,-1,-1,-1,-1,0,0,0
900,4,0,478,1,1,1,4316.94,18642.2,1178.48,46.3844,0.482746,1087.12,280714,97.6998,23.1957,0.267264,74.2368,108.462,23.1887,0.0718272,85.201,206.161,0,0,0
900,4,0,479,1,1,1,4322.18,18636,1178.36,46.3844,0.482746,1087,280716,110.734,23.1957,0.267264,87.2711,112.172,23.1887,0.0718272,88.9117,222.906,0,0,0
900,4,0,480,1,1,1,4327.88,18657.2,1178.23,46.3844,0.482746,1086.87,280718,117.605,23.1957,0.267264,94.142,67.6514,23.1887,0.0718272,44.3909,185.256,0,0,0
900,4,0,481,1,1,1,4318.54,24632.4,1183.99,52.1883,0.927072,1086.56,280714,168.787,28.9996,0.71159,138.672,26.4658,23.1887,0.0718272,3.20532,195.253,0,0,0
900,4,0,482,1,1,1,4330.82,18706.2,1178.51,46.3844,0.552902,1087.08,280713,95.3219,23.1957,0.302342,71.8238,115.136,23.1887,0.106906,91.8409,210.458,0,0,0
900,4,0,483,1,1,1,4328.71,24696.9,1184.18,52.1883,0.536198,1087.14,280712,255.068,28.9996,0.320717,225.586,118.904,23.1887,0.0718272,95.6436,373.972,0,0,0
900,4,0,484,1,1,1,4321.13,18637.2,1178.25,46.3844,0.482746,1086.89,280718,117.901,23.1957,0.267264,94.438,112.575,23.1887,0.0718272,89.3141,230.476,0,0,0
900,4,0,485,1,1,1,4325.3,18651.2,1178.19,46.3844,0.482746,1086.83,280719,109.886,23.1957,0.267264,86.4228,118.725,23.1887,0.0718272,95.4649,228.611,0,0,0
900,4,0,486,1,1,1,4335.49,18648.8,1178.39,46.3844,0.6264,1086.88,280715,65.6863,23.1957,0.267264,42.2233,107.269,23.1887,0.0718272,84.008,172.955,0,0,0
900,4,0,487,1,1,1,4320.52,18711,1178.4,46.3844,0.713261,1086.81,280715,118.409,23.1957,0.497779,94.7159,112.302,23.1887,0.0718272,89.0416,230.712,0,0,0
900,4,0,488,1,1,1,4361.46,18719.2,1178.58,46.3844,0.661478,1087.04,280711,115.622,23.1957,0.302342,92.1242,124.524,23.1887,0.0718272,101.264,240.146,0,0,0
900,4,0,489,1,1,1,4347.43,18666,1178.54,46.3844,0.482746,1087.18,280713,115.62,23.1957,0.267264,92.1567,85.9755,23.1887,0.0718272,62.715,201.595,0,0,0
900,4,0,490,1,1,1,4321.91,18639.3,1178.38,46.3844,0.482746,1087.02,280716,92.2746,23.1957,0.267264,68.8116,118.262,23.1887,0.0718272,95.0011,210.536,0,0,0
900,4,0,491,1,1,1,4321.55,18637.6,1178.19,46.3844,0.482746,1086.83,280719,112.191,23.1957,0.267264,88.7276,122.441,23.1887,0.0718272,99.181,234.632,0,0,0
900,4,0,492,1,1,1,4330.78,18682.4,1178.42,46.3844,0.482746,1087.06,280715,113.898,23.1957,0.267264,90.4349,75.0366,23.1887,0.0718272,51.7761,188.934,0,0,0
900,4,0,493,1,1,1,4369.82,24689.4,1184.31,52.1883,1.01894,1086.79,280708,255.246,28.9996,0.516154,225.577,122.145,23.1887,0.0718272,98.885,377.391,0,0,0
900,4,0,494,1,1,1,4332.22,18648.4,1178.29,46.3844,0.6264,1086.79,280717,64.5492,23.1957,0.267264,41.0863,112.762,23.1887,0.0718272,89.5018,177.312,0,0,0
900,4,0,495,1,1,1,4315.34,18645.4,1178.24,46.4168,0.537869,1086.79,280718,112.116,23.2281,0.322387,88.5651,117.993,23.1887,0.0718272,94.7321,230.108,0,0,0
900,4,0,496,1,1,1,4343.59,18666,1178.52,46.3844,0.482746,1087.16,280713,94.8211,23.1957,0.267264,71.3582,117.009,23.1887,0.0718272,93.7485,211.83,0,0,0
900,4,0,497,1,1,1,4349.75,18665.2,1178.19,46.3844,0.517824,1086.79,280719,71.1043,23.1957,0.267264,47.6413,123.451,23.1887,0.106906,100.156,194.555,0,0,0
900,4,0,498,1,1,1,4317.26,30631.8,1189.72,57.9922,0.820166,1086.77,280712,296.298,34.8035,0.604685,260.032,24.9949,23.1887,0.0718272,1.73441,321.293,0,0,0
900,4,0,499,1,1,1,4328.46,18658.9,1178.14,46.3844,0.517824,1086.75,280720,109.4,23.1957,0.267264,85.9374,120.576,23.1887,0.106906,97.2805,229.976,0,0,0
900,4,0,500,1,1,1,4331.14,18653.3,1178.42,46.3844,0.482746,1087.06,280715,67.3936,23.1957,0.267264,43.9306,103.078,23.1887,0.0718272,79.8173,170.471,0,0,0
900,4,0,501,1,1,1,4319.18,18637,1178.54,46.3844,0.482746,1087.18,280713,100.245,23.1957,0.267264,76.7816,52.1951,23.1887,0.0718272,28.9346,152.44,0,0,0
900,4,0,502,1,1,1,4318.86,18634.2,1178.29,46.3844,0.482746,1086.93,280717,91.1556,23.1957,0.267264,67.6926,46.3349,23.1887,0.0718272,23.0744,137.49,0,0,0
900,4,0,503,1,1,1,4317.9,18638.7,1178.42,46.3844,0.482746,1087.06,280715,119.754,23.1957,0.267264,96.2915,66.2978,23.1887,0.0718272,43.0373,186.052,0,0,0
900,4,0,504,1,1,1,4333.26,18657.6,1178.52,46.3844,0.517824,1087.12,280713,116.652,23.1957,0.267264,93.189,92.7533,23.1887,0.106906,69.4577,209.405,0,0,0
900,4,0,505,1,1,1,4324.97,18657,1178.19,46.3844,0.482746,1086.83,280719,64.8163,23.1957,0.267264,41.3534,96.8079,23.1887,0.0718272,73.5474,161.624,0,0,0
900,4,0,506,1,1,1,4338.48,18686.7,1178.42,46.3844,0.482746,1087.06,280715,114.022,23.1957,0.267264,90.5594,123.032,23.1887,0.0718272,99.7711,237.054,0,0,0
900,4,0,507,1,1,1,4316.3,30647.6,1189.61,57.9922,1.24612,1086.23,280713,368.132,34.8035,1.03064,331.646,121.077,23.1887,0.0718272,97.8166,489.209,0,0,0
900,4,0,508,1,1,1,4319.26,18633.1,1178.4,46.3844,0.482746,1087.04,280715,87.4323,23.1957,0.267264,63.9693,116.462,23.1887,0.0718272,93.2017,203.894,0,0,0
900,4,0,509,1,1,1,4315.66,18638.2,1178.31,46.3844,0.517824,1086.92,280717,100.197,23.1957,0.302342,76.6986,108.517,23.1887,0.0718272,85.2569,208.714,0,0,0
900,4,0,510,1,1,1,4315.34,18627.6,1178.5,46.3844,0.482746,1087.14,280714,67.7979,23.1957,0.267264,44.3349,101.989,23.1887,0.0718272,78.729,169.787,0,0,0
900,4,0,511,1,1,1,4370.58,18683.8,1178.23,46.3844,0.517824,1086.83,280718,63.0368,23.1957,0.267264,39.5738,98.7597,23.1887,0.106906,75.4641,161.797,0,0,0
900,4,0,512,1,1,1,4329.62,18649.5,1178.52,46.3844,0.517824,1087.12,280713,64.8777,23.1957,0.267264,41.4147,96.6481,23.1887,0.106906,73.3525,161.526,0,0,0
900,4,0,513,1,1,1,4317.26,18671.5,1178.54,46.3844,0.482746,1087.18,280713,117.396,23.1957,0.267264,93.9326,123.145,23.1887,0.0718272,99.8849,240.541,0,0,0
900,4,0,514,1,1,1,4345.29,18668.7,1178.48,46.3844,0.482746,1087.12,280714,102.914,23.1957,0.267264,79.4509,111.411,23.1887,0.0718272,88.15,214.324,0,0,0
900,4,0,515,1,1,1,4323.27,18637.1,1178.42,46.3844,0.482746,1087.06,280715,116.795,23.1957,0.267264,93.3316,69.6601,23.1887,0.0718272,46.3996,186.455,0,0,0
900,4,0,516,1,1,1,4329.35,18675.9,1178.46,46.3844,0.6264,1086.96,280714,115.647,23.1957,0.267264,92.1838,122.075,23.1887,0.0718272,98.8146,237.722,0,0,0
900,4,0,517,1,1,1,4323.4,18648.7,1178.48,46.3844,0.482746,1087.12,280714,111.317,23.1957,0.267264,87.8541,110.746,23.1887,0.0718272,87.4859,222.063,0,0,0
900,4,0,518,1,1,1,4372.3,18722.1,1178.31,46.3844,0.661478,1086.77,280716,109.957,23.1957,0.302342,86.4589,123.441,23.1887,0.0718272,100.181,233.398,0,0,0
900,4,0,519,1,1,1,4317.58,18683.1,1178.4,46.3844,0.482746,1087.04,280715,99.8764,23.1957,0.267264,76.4134,109.761,23.1887,0.0718272,86.5005,209.637,0,0,0
900,4,0,520,1,1,1,4319.53,18641,1178.54,46.3844,0.482746,1087.18,280713,70.8137,23.1957,0.267264,47.3507,122.205,23.1887,0.0718272,98.9446,193.019,0,0,0
900,4,0,521,1,1,1,4324.04,18643.5,1178.29,46.3844,0.517824,1086.9,280717,113.275,23.1957,0.267264,89.8123,74.5068,23.1887,0.106906,51.2112,187.782,0,0,0
900,4,0,522,1,1,1,4332.42,18660.1,1178.46,46.3844,0.482746,1087.1,280714,93.0145,23.1957,0.267264,69.5516,119.494,23.1887,0.0718272,96.2337,212.509,0,0,0
900,4,0,523,1,1,1,4347.46,24672.2,1183.81,52.1883,0.801792,1086.5,280718,255.693,28.9996,0.516154,226.024,121.263,23.1887,0.141984,97.9321,376.956,0,0,0
900,4,0,524,1,1,1,4324.01,18664.1,1178.27,46.3844,0.482746,1086.91,280718,114.179,23.1957,0.267264,90.7165,84.5876,23.1887,0.0718272,61.3271,198.767,0,0,0
900,4,0,525,1,1,1,4325.47,18642.7,1178.25,46.3844,0.482746,1086.89,280718,97.088,23.1957,0.267264,73.625,111.019,23.1887,0.0718272,87.7584,208.107,0,0,0
900,4,0,526,1,1,1,4314.7,24637.5,1183.9,52.1883,0.731635,1086.66,280717,260.631,28.9996,0.516154,230.976,63.7963,23.1887,0.0718272,40.5358,324.427,0,0,0
900,4,0,527,1,1,1,4324.86,18737.2,1178.24,46.3844,0.517824,1086.85,280718,119.476,23.1957,0.302342,95.9775,69.6818,23.1887,0.0718272,46.4213,189.157,0,0,0
900,4,0,528,1,1,1,4334.92,18653.8,1178.38,46.3844,0.482746,1087.02,280716,66.2638,23.1957,0.267264,42.8008,103.016,23.1887,0.0718272,79.7559,169.28,0,0,0
900,4,0,529,1,1,1,4318.22,18636.5,1178.19,46.3844,0.482746,1086.83,280719,71.3948,23.1957,0.267264,47.9319,120.223,23.1887,0.0718272,96.9629,191.618,0,0,0
900,4,0,530,1,1,1,4315.02,18710.3,1178.19,46.3844,0.517824,1086.79,280719,121.075,23.1957,0.302342,97.5765,67.4095,23.1887,0.0718272,44.149,188.484,0,0,0
900,4,0,531,1,1,1,4341.36,18680.7,1178.58,46.3844,0.678182,1087.02,280712,116.514,23.1957,0.462701,92.8552,119.803,23.1887,0.0718272,96.5424,236.316,0,0,0
900,4,0,532,1,1,1,4321.09,18644.6,1178.5,46.3844,0.482746,1087.14,280714,66.1555,23.1957,0.267264,42.6925,107.586,23.1887,0.0718272,84.3257,173.742,0,0,0
900,4,0,533,1,1,1,4320.14,18653.3,1178.62,46.3844,0.678182,1087.06,280711,120.12,23.1957,0.462701,96.4611,69.7937,23.1887,0.0718272,46.5332,189.913,0,0,0
900,4,0,534,1,1,1,4326.15,18647.1,1178.42,46.3844,0.482746,1087.06,280715,68.74,23.1957,0.267264,45.277,120.193,23.1887,0.0718272,96.9322,188.933,0,0,0
900,4,0,535,1,1,1,4329.77,18651.3,1178.41,46.3844,0.6264,1086.9,280715,77.8488,23.1957,0.267264,54.3858,117.619,23.1887,0.0718272,94.3586,195.468,0,0,0
900,4,0,536,1,1,1,4319.18,18663.7,1178.29,46.3844,0.517824,1086.89,280717,98.769,23.1957,0.302342,75.271,110.965,23.1887,0.0718272,87.7043,209.734,0,0,0
900,4,0,537,1,1,1,4315.66,18658.5,1178.38,46.3844,0.482746,1087.02,280716,123.012,23.1957,0.267264,99.5492,70.0626,23.1887,0.0718272,46.8021,193.075,0,0,0
900,4,0,538,1,1,1,4315.66,18676.1,1178.36,46.3844,0.713261,1086.77,280715,111.201,23.1957,0.497779,87.5075,112.499,23.1887,0.0718272,89.2383,223.7,0,0,0
900,4,0,539,1,1,1,4328.31,18640.9,1178.48,46.3844,0.482746,1087.12,280714,65.4372,23.1957,0.267264,41.9742,114.706,23.1887,0.0718272,91.4456,180.143,0,0,0
900,4,0,540,1,1,1,4317.9,18634.6,1178.44,46.3844,0.482746,1087.08,280715,68.0271,23.1957,0.267264,44.5641,100.473,23.1887,0.0718272,77.213,168.501,0,0,0
900,4,0,541,1,1,1,4315.34,18632.1,1178.52,46.3844,0.482746,1087.16,280713,102.645,23.1957,0.267264,79.182,53.7273,23.1887,0.0718272,30.4668,156.372,0,0,0
900,4,0,542,1,1,1,4340.36,18701,1178.54,46.3844,0.482746,1087.18,280713,110.371,23.1957,0.267264,86.9083,119.05,23.1887,0.0718272,95.7898,229.422,0,0,0
900,4,0,543,1,1,1,4324.36,24665.8,1183.84,52.1883,0.731635,1086.6,280718,256.065,28.9996,0.516154,226.394,121.151,23.1887,0.0718272,97.8905,377.216,0,0,0
900,4,0,544,1,1,1,4336.31,18708.1,1178.37,46.3844,0.661478,1086.83,280715,121.25,23.1957,0.302342,97.7516,66.9294,23.1887,0.0718272,43.6689,188.179,0,0,0
900,4,0,545,1,1,1,4326.09,18664,1178.46,46.3844,0.482746,1087.1,280714,113.533,23.1957,0.267264,90.0703,71.815,23.1887,0.0718272,48.5545,185.348,0,0,0
900,4,0,546,1,1,1,4321.03,18640.5,1178.38,46.3844,0.482746,1087.02,280716,72.2449,23.1957,0.267264,48.7819,118.442,23.1887,0.0718272,95.1815,190.687,0,0,0
900,4,0,547,1,1,1,4320.42,24704.9,1183.9,52.1883,0.731635,1086.66,280717,255.498,28.9996,0.516154,225.818,118.673,23.1887,0.0718272,95.4126,374.171,0,0,0
900,4,0,548,1,1,1,4317.26,18645.9,1178.27,46.3844,0.482746,1086.91,280718,120.908,23.1957,0.267264,97.4448,67.202,23.1887,0.0718272,43.9415,188.11,0,0,0
900,4,0,549,1,1,1,4317.26,18659.9,1178.62,46.3844,0.873619,1086.87,280710,123.089,23.1957,0.658138,99.2351,68.8606,23.1887,0.0718272,45.6001,191.95,0,0,0
900,4,0,550,1,1,1,4331.41,18650.7,1178.48,46.3844,0.6264,1086.98,280713,108.13,23.1957,0.267264,84.6668,117.839,23.1887,0.0718272,94.5787,225.969,0,0,0
900,4,0,551,1,1,1,4335.46,18649.3,1178.48,46.3844,0.482746,1087.12,280714,107.491,23.1957,0.267264,84.0279,110.772,23.1887,0.0718272,87.5111,218.262,0,0,0
900,4,0,552,1,1,1,4368.64,18688,1178.25,46.3844,0.50112,1086.87,280718,72.4922,23.1957,0.267264,49.0292,122.205,23.1887,0.0902016,98.9265,194.698,0,0,0
900,4,0,553,1,1,1,4331.71,18663.5,1178.31,46.3844,0.482746,1086.95,280717,99.7501,23.1957,0.267264,76.2871,109.146,23.1887,0.0718272,85.885,208.896,0,0,0
900,4,0,554,1,1,1,4318.66,18652.7,1178.5,46.3844,0.482746,1087.14,280714,117.067,23.1957,0.267264,93.6041,117.457,23.1887,0.0718272,94.1961,234.524,0,0,0
900,4,0,555,1,0,0,-1,-1,1156.05,23.1957,0.267264,1087.39,280714,-1,-1,-1,-1,-1,-1,-1,-1,-1,0,0,0
900,4,0,556,1,1,1,4348.79,18662.5,1178.5,46.3844,0.482746,1087.14,280714,71.6241,23.1957,0.267264,48.1611,119.507,23.1887,0.0718272,96.2464,191.131,0,0,0
900,4,0,557,1,1,1,4325.27,18688.4,1178.4,46.3844,0.482746,1087.04,280715,114.744,23.1957,0.267264,91.2814,122.739,23.1887,0.0718272,99.4788,237.484,0,0,0
900,4,0,558,1,1,1,4336.26,18683.4,1178.48,46.3844,0.482746,1087.12,280714,111.84,23.1957,0.267264,88.3774,120.972,23.1887,0.0718272,97.7119,232.813,0,0,0
900,4,0,559,1,1,1,4321.03,18655.6,1178.42,46.3844,0.482746,1087.06,280715,119.047,23.1957,0.267264,95.584,69.0375,23.1887,0.0718272,45.7769,188.084,0,0,0
900,4,0,560,1,1,1,4316.94,18630.8,1178.48,46.3844,0.482746,1087.12,280714,69.2977,23.1957,0.267264,45.8347,97.5334,23.1887,0.0718272,74.2729,166.831,0,0,0
900,4,0,561,1,1,1,4333.68,18668.1,1178.66,46.3844,0.873619,1086.91,280710,87.8466,23.1957,0.658138,63.9928,116.599,23.1887,0.0718272,93.3388,204.446,0,0,0
900,4,0,562,1,1,1,4331.59,24710.5,1184.45,52.1883,1.3881,1086.56,280705,227.609,28.9996,1.13754,197.229,41.3165,23.1887,0.106906,18.0209,268.926,0,0,0
900,4,0,563,1,1,1,4317.8,18675.8,1178.61,46.3844,0.783418,1086.95,280710,121.057,23.1957,0.567936,97.2932,68.2379,23.1887,0.0718272,44.9774,189.295,0,0,0
900,4,0,564,0,0,0,-1,-1,1155.75,23.206,0.551232,1086.79,280718,-1,-1,-1,-1,-1,-1,-1,-1,-1,0,0,0
900,4,0,565,1,1,1,4329.38,18645.8,1178.5,46.3844,0.517824,1087.1,280713,115.178,23.1957,0.302342,91.6802,122.506,23.1887,0.0718272,99.246,237.685,0,0,0
900,4,0,566,1,1,1,4335.89,18651.3,1178.5,46.3844,0.482746,1087.14,280714,68.8122,23.1957,0.267264,45.3492,116.054,23.1887,0.0718272,92.7938,184.866,0,0,0
900,4,0,567,1,1,1,4367.04,18693.6,1178.18,46.3844,0.6264,1086.67,280719,115.659,23.1957,0.267264,92.1964,86.1307,23.1887,0.0718272,62.8702,201.79,0,0,0
900,4,0,568,1,1,1,4323.27,18642.2,1178.46,46.3844,0.482746,1087.1,280714,100.708,23.1957,0.267264,77.2454,110.259,23.1887,0.0718272,86.9986,210.967,0,0,0
900,4,0,569,1,1,1,4332.15,18675.4,1178.28,46.3844,0.552902,1086.85,280717,100.642,23.1957,0.267264,77.1787,113.594,23.1887,0.141984,90.2635,214.236,0,0,0
900,4,0,570,1,1,1,4335.09,18657.2,1178.38,46.3844,0.482746,1087.02,280716,112.021,23.1957,0.267264,88.5579,61.4447,23.1887,0.0718272,38.1842,173.466,0,0,0
900,4,0,571,1,1,1,4318.63,18638.5,1178.46,46.3844,0.482746,1087.1,280714,108.079,23.1957,0.267264,84.6162,119.348,23.1887,0.0718272,96.0876,227.427,0,0,0
900,4,0,572,1,1,1,4346.89,18663.3,1178.36,46.3844,0.770054,1086.71,280715,65.3415,23.1957,0.267264,41.8786,100.825,23.1887,0.0718272,77.5649,166.167,0,0,0
900,4,0,573,1,1,1,4330.14,18649.7,1178.24,46.3844,0.517824,1086.85,280718,95.2425,23.1957,0.302342,71.7444,115.758,23.1887,0.0718272,92.4978,211.001,0,0,0
900,4,0,574,1,1,1,4360.43,18677.6,1178.42,46.3844,0.50112,1087.04,280715,97.1313,23.1957,0.267264,73.6683,111.126,23.1887,0.0902016,87.8468,208.257,0,0,0
900,4,0,575,1,1,1,4316.3,18640.9,1178.44,46.3844,0.482746,1087.08,280715,115.852,23.1957,0.267264,92.3895,62.912,23.1887,0.0718272,39.6515,178.764,0,0,0
900,4,0,576,1,0,0,-1,-1,1155.66,23.1957,0.337421,1086.93,280720,-1,-1,-1,-1,-1,-1,-1,-1,-1,0,0,0
900,4,0,577,1,1,1,4317.38,18673.3,1178.56,46.3844,0.482746,1087.2,280712,95.525,23.1957,0.267264,72.0621,49.6268,23.1887,0.0718272,26.3663,145.152,0,0,0
900,4,0,578,1,1,1,4317.9,18638.5,1178.51,46.3952,0.50112,1087.12,280713,109.81,23.2065,0.285638,86.3182,119.325,23.1887,0.0718272,96.0641,229.135,0,0,0
900,4,0,579,1,1,1,4331.94,18658.2,1178.54,46.3844,0.482746,1087.18,280713,64.8777,23.1957,0.267264,41.4147,96.7105,23.1887,0.0718272,73.4499,161.588,0,0,0
900,4,0,580,1,1,2,10327.8,24679.8,1201.17,69.5741,0.980525,1086.83,280708,112.971,23.1957,0.728294,89.047,209.639,46.3784,0.108576,163.152,322.61,1,0,0
900,4,0,581,1,1,1,4331.55,18668.7,1178.23,46.3844,0.713261,1086.64,280718,110.258,23.1957,0.462701,86.5997,121.733,23.1887,0.106906,98.4374,231.991,0,0,0
900,4,0,582,1,1,1,4317.9,18630.5,1178.25,46.3844,0.482746,1086.89,280718,63.6107,23.1957,0.267264,40.1478,97.2104,23.1887,0.0718272,73.9499,160.821,0,0,0
900,4,0,583,1,1,1,4322.76,18641.5,1178.56,46.3844,0.482746,1087.2,280712,112.001,23.1957,0.267264,88.5381,61.3273,23.1887,0.0718272,38.0668,173.328,0,0,0
900,4,0,584,1,1,1,4317.58,18667.9,1178.21,46.3844,0.482746,1086.85,280719,113.891,23.1957,0.267264,90.4277,70.8639,23.1887,0.0718272,47.6034,184.755,0,0,0
900,4,0,585,1,1,1,4348.42,18673.8,1178.44,46.3844,0.482746,1087.08,280715,72.0951,23.1957,0.267264,48.6321,122.288,23.1887,0.0718272,99.0276,194.383,0,0,0
900,4,0,586,1,1,2,10327.3,24642.4,1200.94,69.5741,0.519494,1087.06,280714,62.9195,23.1957,0.267264,39.4565,265.593,46.3784,0.108576,219.106,328.513,1,0,0
900,4,0,587,1,1,1,4315.66,18644.1,1178.5,46.3844,0.482746,1087.14,280714,111.969,23.1957,0.267264,88.5056,60.3491,23.1887,0.0718272,37.0886,172.318,0,0,0
900,4,0,588,1,1,1,4326.02,18644.8,1178.44,46.3844,0.482746,1087.08,280715,68.2599,23.1957,0.267264,44.7969,98.2752,23.1887,0.0718272,75.0147,166.535,0,0,0
900,4,0,589,1,1,1,4315.02,24643.4,1184.09,52.1883,0.891994,1086.69,280713,253.271,28.9996,0.676512,223.434,67.0792,23.1887,0.0718272,43.8187,320.35,0,0,0
900,4,0,590,0,0,0,-1,-1,1155.96,23.206,0.551232,1087.01,280715,-1,-1,-1,-1,-1,-1,-1,-1,-1,0,0,0
900,4,0,591,1,1,1,4322.76,18659.1,1178.44,46.3844,0.482746,1087.08,280715,118.141,23.1957,0.267264,94.678,96.4704,23.1887,0.0718272,73.2099,214.611,0,0,0
900,4,0,592,1,1,1,4323.45,18644.8,1178.52,46.3844,0.482746,1087.16,280713,117.551,23.1957,0.267264,94.0878,112.064,23.1887,0.0718272,88.8034,229.615,0,0,0
900,4,0,593,1,1,1,4328.39,24657.8,1183.93,52.1883,0.731635,1086.7,280716,223.698,28.9996,0.516154,193.935,112.714,23.1887,0.0718272,89.4531,336.411,0,0,0
900,4,0,594,1,1,1,4316.3,18641.3,1178.71,46.3844,0.678182,1087.16,280709,109.792,23.1957,0.462701,86.1341,121.14,23.1887,0.0718272,97.8797,230.933,0,0,0
900,4,0,595,1,1,1,4319.5,18633.3,1178.23,46.3844,0.482746,1086.87,280718,111.465,23.1957,0.267264,88.002,110.126,23.1887,0.0718272,86.865,221.591,0,0,0
900,4,0,596,1,1,1,4327.18,18667.1,1178.32,46.3844,0.517824,1086.92,280716,73.4523,23.1957,0.267264,49.9894,113.9,23.1887,0.106906,90.6046,187.352,0,0,0
900,4,0,597,1,1,1,4316.62,18650.5,1178.19,46.3844,0.482746,1086.83,280719,114.086,23.1957,0.267264,90.6226,71.9648,23.1887,0.0718272,48.7043,186.05,0,0,0
900,4,0,598,1,1,1,4320.49,18652.7,1178.67,46.3844,0.678182,1087.12,280710,118.804,23.1957,0.462701,95.1454,66.5595,23.1887,0.0718272,43.299,185.363,0,0,0
900,4,0,599,1,1,1,4326.37,18664.1,1178.44,46.3844,0.482746,1087.08,280715,116.43,23.1957,0.267264,92.9671,86.4989,23.1887,0.0718272,63.2384,202.929,0,0,0
900,4,0,600,1,1,1,4323.38,18651.4,1178.56,46.3844,0.678182,1087,280712,93.8525,23.1957,0.462701,70.1941,117.504,23.1887,0.0718272,94.243,211.356,0,0,0
900,4,0,601,1,1,1,4329.88,18677.4,1178.17,46.3844,0.856915,1086.44,280718,123.533,23.1957,0.497779,99.8397,67.7976,23.1887,0.0718272,44.537,191.331,0,0,0
900,4,0,602,1,1,1,4314.7,18633.8,1178.27,46.3844,0.482746,1086.91,280718,116.13,23.1957,0.267264,92.6675,63.1484,23.1887,0.0718272,39.8879,179.279,0,0,0
900,4,0,603,1,1,1,4316.94,18635.9,1178.17,46.3844,0.482746,1086.81,280719,67.4568,23.1957,0.267264,43.9938,102.307,23.1887,0.0718272,79.0466,169.764,0,0,0
900,4,0,604,1,1,1,4317.66,18657.6,1178.27,46.3844,0.517824,1086.87,280717,119.302,23.1957,0.302342,95.8042,101.717,23.1887,0.0718272,78.4565,221.019,0,0,0
900,4,0,605,1,1,1,4316.3,18636.3,1178.4,46.3844,0.517824,1087,280715,122.246,23.1957,0.302342,98.7478,68.1513,23.1887,0.0718272,44.8908,190.397,0,0,0
900,4,0,606,1,1,1,4359.08,18711.2,1178.5,46.3844,1.21271,1086.41,280712,121.667,23.1957,0.853574,97.618,117.863,23.1887,0.0718272,94.6022,239.53,0,0,0
900,4,0,607,1,1,1,4320.01,18690.2,1178.44,46.3844,0.678182,1086.89,280714,95.2061,23.1957,0.462701,71.5477,114.93,23.1887,0.0718272,91.6694,210.136,0,0,0
900,4,0,608,1,1,1,4318.54,18659.2,1178.05,46.3844,0.517824,1086.66,280721,116.916,23.1957,0.302342,93.4183,118.718,23.1887,0.0718272,95.4577,235.634,0,0,0
900,4,0,609,1,1,1,4364.39,18698,1178.51,46.3844,0.6264,1087,280713,109.64,23.1957,0.267264,86.1774,119.482,23.1887,0.0718272,96.2211,229.122,0,0,0
900,4,0,610,1,1,1,4337.92,18656,1178.54,46.3844,0.482746,1087.18,280713,80.6823,23.1957,0.267264,57.2194,120.25,23.1887,0.0718272,96.99,200.933,0,0,0
900,4,0,611,1,1,1,4319.62,18636,1178.46,46.3844,0.482746,1087.1,280714,108.613,23.1957,0.267264,85.1505,116.744,23.1887,0.0718272,93.4832,225.357,0,0,0
900,4,0,612,1,1,1,4315.98,18648.9,1178.29,46.3844,0.482746,1086.93,280717,121.812,23.1957,0.267264,98.349,71.501,23.1887,0.0718272,48.2405,193.313,0,0,0
900,4,0,613,1,1,1,4345.17,18673.2,1178.42,46.3844,0.482746,1087.06,280715,117.915,23.1957,0.267264,94.4524,122.026,23.1887,0.0718272,98.7659,239.942,0,0,0
900,4,0,614,1,0,0,-1,-1,1155.93,23.1957,0.267264,1087.27,280716,-1,-1,-1,-1,-1,-1,-1,-1,-1,0,0,0
900,4,0,615,1,1,1,4318.54,18655.4,1178.31,46.3844,0.482746,1086.95,280717,114.217,23.1957,0.267264,90.7544,71.64,23.1887,0.0718272,48.3795,185.857,0,0,0
900,4,0,616,1,1,1,4323.97,18643.2,1178.17,46.3844,0.482746,1086.81,280719,111.29,23.1957,0.267264,87.827,118.114,23.1887,0.0718272,94.8531,229.404,0,0,0
900,4,0,617,1,1,1,4330.44,18684.3,1178.52,46.3844,0.482746,1087.16,280713,109.523,23.1957,0.267264,86.0601,118.859,23.1887,0.0718272,95.5985,228.382,0,0,0
900,4,0,618,1,1,1,4325.77,18666,1178.46,46.3844,0.678182,1086.91,280714,97.8176,23.1957,0.462701,74.1592,51.5507,23.1887,0.0718272,28.2902,149.368,0,0,0
900,4,0,619,0,0,0,-1,-1,1155.92,23.206,0.516154,1087,280715,-1,-1,-1,-1,-1,-1,-1,-1,-1,0,0,0
900,4,0,620,1,1,1,4362.91,24687.8,1184.05,52.1883,0.927072,1086.62,280713,245.543,28.9996,0.676512,215.684,105.546,23.1887,0.106906,82.2502,351.089,0,0,0
900,4,0,621,1,1,1,4316.3,18633.5,1178.5,46.3844,0.482746,1087.14,280714,102.214,23.1957,0.267264,78.7506,53.2545,23.1887,0.0718272,29.994,155.468,0,0,0
900,4,0,622,1,1,1,4360.11,18696.8,1178.3,46.3844,0.552902,1086.87,280717,86.1066,23.1957,0.302342,62.6085,119.385,23.1887,0.106906,96.0894,205.491,0,0,0
900,4,0,623,1,1,1,4324.42,18660.6,1178.23,46.3844,0.482746,1086.87,280718,117.11,23.1957,0.267264,93.6475,116.872,23.1887,0.0718272,93.6114,233.982,0,0,0
900,4,0,624,1,1,1,4320.26,18634.4,1178.17,46.3844,0.482746,1086.81,280719,80.0308,23.1957,0.267264,56.5678,119.893,23.1887,0.0718272,96.6326,199.924,0,0,0
900,4,0,625,1,1,1,4337.77,18663.5,1178.52,46.3844,0.482746,1087.16,280713,111.299,23.1957,0.267264,87.836,119.473,23.1887,0.0718272,96.2121,230.772,0,0,0
900,4,0,626,1,1,1,4331.48,18659,1178.49,46.3844,0.6264,1086.98,280713,120.031,23.1957,0.267264,96.5676,114.139,23.1887,0.0718272,90.8789,234.17,0,0,0
900,4,0,627,1,1,1,4317.58,18656.1,1178.42,46.3844,0.482746,1087.06,280715,120.597,23.1957,0.267264,97.1343,67.2543,23.1887,0.0718272,43.9938,187.852,0,0,0
900,4,0,628,1,1,1,4318.26,18676.6,1178.56,46.3844,0.482746,1087.2,280712,116.533,23.1957,0.267264,93.0699,70.7412,23.1887,0.0718272,47.4807,187.274,0,0,0
900,4,0,629,1,1,1,4317.9,18636.3,1178.21,46.3844,0.482746,1086.85,280719,85.9722,23.1957,0.267264,62.5092,43.3606,23.1887,0.0718272,20.1001,129.333,0,0,0
900,4,0,630,1,1,1,4323.65,18653.4,1178.42,46.3844,0.482746,1087.06,280715,63.0531,23.1957,0.267264,39.5901,109.099,23.1887,0.0718272,85.8381,172.152,0,0,0
900,4,0,631,1,1,1,4331.82,18649.6,1178.44,46.3844,0.482746,1087.08,280715,76.8652,23.1957,0.267264,53.4022,117.484,23.1887,0.0718272,94.2232,194.349,0,0,0
900,4,0,632,1,1,1,4320.96,18660.7,1178.43,46.3844,0.517824,1087.04,280714,109.513,23.1957,0.302342,86.015,118.541,23.1887,0.0718272,95.2808,228.054,0,0,0
900,4,0,633,1,1,1,4337.16,18657.4,1178.43,46.3844,0.6264,1086.92,280714,112.754,23.1957,0.267264,89.2907,79.4692,23.1887,0.0718272,56.2087,192.223,0,0,0
900,4,0,634,1,1,1,4318.34,18631.9,1178.44,46.3844,0.482746,1087.08,280715,90.4373,23.1957,0.267264,66.9743,118.105,23.1887,0.0718272,94.844,208.542,0,0,0
900,4,0,635,1,1,1,4350.81,18666.6,1178.23,46.3844,0.6264,1086.73,280718,72.0951,23.1957,0.267264,48.6321,121.559,23.1887,0.0718272,98.2984,193.654,0,0,0
900,4,0,636,1,1,1,4335.33,18697,1178.47,46.3844,0.552902,1087.04,280713,121.274,23.1957,0.337421,97.7407,113.522,23.1887,0.0718272,90.2617,234.796,0,0,0
900,4,0,637,1,1,1,4331.41,18711.3,1178.53,46.3844,0.713261,1086.94,280712,119.866,23.1957,0.497779,96.1724,102.459,23.1887,0.0718272,79.1982,222.325,0,0,0
900,4,0,638,1,1,1,4327.89,18645.5,1177.99,46.3844,0.552902,1086.56,280722,64.3876,23.1957,0.302342,40.8895,114.017,23.1887,0.106906,90.7219,178.405,0,0,0
900,4,0,639,1,1,1,4318.02,18669.4,1178.21,46.3844,0.482746,1086.85,280719,96.579,23.1957,0.267264,73.1161,50.6104,23.1887,0.0718272,27.3499,147.189,0,0,0
900,4,0,640,1,1,1,4328.42,18644.5,1178.25,46.3844,0.482746,1086.89,280718,98.2178,23.1957,0.267264,74.7548,109.21,23.1887,0.0718272,85.95,207.428,0,0,0
900,4,0,641,1,1,1,4323.76,24651.2,1184.14,52.1883,0.536198,1087.1,280713,245.927,28.9996,0.320717,216.424,110.871,23.1887,0.0718272,87.6104,356.798,0,0,0
900,4,0,642,1,1,1,4325.1,18641.5,1178.56,46.3844,0.482746,1087.2,280712,72.3009,23.1957,0.267264,48.8379,118.852,23.1887,0.0718272,95.5912,191.153,0,0,0
900,4,0,643,1,1,1,4315.02,18649.6,1178.16,46.3844,0.517824,1086.77,280719,122.226,23.1957,0.302342,98.728,112.336,23.1887,0.0718272,89.0759,234.562,0,0,0
900,4,0,644,1,1,1,4337.45,18677.2,1178.36,46.3844,0.713261,1086.77,280715,102.611,23.1957,0.462701,78.9528,109.691,23.1887,0.106906,86.3958,212.303,0,0,0
900,4,0,645,1,1,1,4357.89,18718.8,1178.77,46.3844,0.873619,1087.02,280708,115.724,23.1957,0.658138,91.8697,124.634,23.1887,0.0718272,101.374,240.358,0,0,0
900,4,0,646,1,1,1,4315.02,18628.5,1178.21,46.3844,0.482746,1086.85,280719,79.9442,23.1957,0.267264,56.4812,116.253,23.1887,0.0718272,92.9923,196.197,0,0,0
900,4,0,647,1,1,1,4320.07,18678.7,1178.34,46.3844,0.517824,1086.95,280716,108.825,23.1957,0.302342,85.3273,119.541,23.1887,0.0718272,96.2807,228.367,0,0,0
900,4,0,648,1,1,1,4336.36,18678.4,1178.49,46.3844,1.01727,1086.6,280712,115.101,23.1957,0.658138,91.2471,84.7194,23.1887,0.0718272,61.4589,199.82,0,0,0
900,4,0,649,1,1,1,4321.77,18665.1,1178.19,46.3844,0.482746,1086.83,280719,71.4923,23.1957,0.267264,48.0293,118.861,23.1887,0.0718272,95.6003,190.353,0,0,0
900,4,0,650,1,1,1,4319.5,18638.2,1178.27,46.3844,0.482746,1086.91,280718,117.643,23.1957,0.267264,94.1799,63.3848,23.1887,0.0718272,40.1243,181.028,0,0,0
900,4,0,651,1,1,1,4316.62,18631.4,1178.42,46.3844,0.482746,1087.06,280715,68.9638,23.1957,0.267264,45.5008,118.682,23.1887,0.0718272,95.4216,187.646,0,0,0
900,4,0,652,1,1,1,4322.75,18638.3,1178.42,46.3844,0.482746,1087.06,280715,88.6072,23.1957,0.267264,65.1443,117.383,23.1887,0.0718272,94.1221,205.99,0,0,0
900,4,0,653,1,1,1,4331.66,18667.6,1178.52,46.3844,0.482746,1087.16,280713,117.529,23.1957,0.267264,94.0662,93.904,23.1887,0.0718272,70.6435,211.433,0,0,0
900,4,0,654,1,1,1,4316.94,18641,1178.31,46.3844,0.517824,1086.91,280717,112.309,23.1957,0.302342,88.8106,122.57,23.1887,0.0718272,99.3091,234.878,0,0,0
900,4,0,655,1,1,1,4319.75,18641.6,1178.5,46.3844,0.482746,1087.14,280714,109.617,23.1957,0.267264,86.1539,58.5895,23.1887,0.0718272,35.329,168.206,0,0,0
900,4,0,656,1,1,1,4314.38,18674,1178.19,46.3844,0.482746,1086.83,280719,98.7538,23.1957,0.267264,75.2908,110.766,23.1887,0.0718272,87.5057,209.52,0,0,0
900,4,0,657,1,1,1,4322.63,18648.7,1178.52,46.3844,0.482746,1087.16,280713,113.995,23.1957,0.267264,90.5324,113.398,23.1887,0.0718272,90.1371,227.393,0,0,0
900,4,0,658,1,1,1,4320.26,18698.3,1178.44,46.3844,0.482746,1087.08,280715,122.207,23.1957,0.267264,98.7442,69.6655,23.1887,0.0718272,46.405,191.873,0,0,0
900,4,0,659,1,1,1,4319.3,18649.8,1178.54,46.3844,0.517824,1087.14,280713,118.638,23.1957,0.302342,95.14,68.413,23.1887,0.0718272,45.1525,187.051,0,0,0
900,4,0,660,1,1,1,4332.72,18676.7,1178.2,46.3952,0.50112,1086.81,280719,119.083,23.2065,0.285638,95.5912,67.146,23.1887,0.0718272,43.8855,186.229,0,0,0
900,4,0,661,1,1,1,4321.67,18637.8,1178.23,46.3844,0.482746,1086.87,280718,71.449,23.1957,0.267264,47.986,118.87,23.1887,0.0718272,95.6093,190.319,0,0,0
900,4,0,662,1,1,1,4316.68,18666.1,1178.38,46.3844,0.482746,1087.02,280716,120.599,23.1957,0.267264,97.1361,66.6768,23.1887,0.0718272,43.4163,187.276,0,0,0
900,4,0,663,1,1,1,4342.76,18697.2,1178.35,46.3844,0.801792,1086.67,280715,65.1345,23.1957,0.372499,41.5663,97.0369,23.1887,0.141984,73.7062,162.171,0,0,0
900,4,0,664,1,1,1,4314.38,18627.5,1178.17,46.3844,0.482746,1086.81,280719,113.443,23.1957,0.267264,89.9801,70.8116,23.1887,0.0718272,47.5511,184.255,0,0,0
900,4,0,665,1,1,1,4324.23,18641.4,1178.48,46.3844,0.482746,1087.12,280714,98.8368,23.1957,0.267264,75.3739,109.876,23.1887,0.0718272,86.616,208.713,0,0,0
900,4,0,666,1,1,2,10382,24702.4,1201.07,69.5741,0.950458,1086.75,280710,71.0231,23.1957,0.267264,47.5601,270.443,46.3784,0.395885,223.669,341.466,1,0,0
900,4,0,667,1,0,0,-1,-1,1155.91,23.1957,0.267264,1087.25,280716,-1,-1,-1,-1,-1,-1,-1,-1,-1,0,0,0
900,4,0,668,1,1,1,4338.36,18688.1,1178.34,46.3844,0.713261,1086.75,280716,115.5,23.1957,0.497779,91.8066,84.9955,23.1887,0.0718272,61.735,200.496,0,0,0
900,4,0,669,1,0,0,-1,-1,1161.54,28.9996,0.481075,1087.04,280716,-1,-1,-1,-1,-1,-1,-1,-1,-1,0,0,0
900,4,0,670,1,1,1,4339.86,18661.7,1178.5,46.3844,0.6264,1087,280713,112.447,23.1957,0.267264,88.9839,76.8992,23.1887,0.0718272,53.6387,189.346,0,0,0
900,4,0,671,1,1,1,4328.65,18651.9,1178.4,46.3844,0.482746,1087.04,280715,118.419,23.1957,0.267264,94.9559,112.179,23.1887,0.0718272,88.9189,230.598,0,0,0
900,4,0,672,1,1,1,4316.3,18631.1,1178.38,46.3844,0.482746,1087.02,280716,117.578,23.1957,0.267264,94.1149,68.4744,23.1887,0.0718272,45.2138,186.052,0,0,0
900,4,0,673,1,1,2,10320.5,24662.3,1200.77,69.5741,0.519494,1086.89,280717,111.115,23.1957,0.267264,87.6519,214.512,46.3784,0.108576,168.025,325.627,1,0,0
900,4,0,674,1,1,1,4324.25,18646.4,1178.4,46.3844,0.482746,1087.04,280715,111.747,23.1957,0.267264,88.2836,110.254,23.1887,0.0718272,86.9932,222,0,0,0
900,4,0,675,1,1,1,4334.94,18661.3,1178.56,46.3844,0.482746,1087.2,280712,113.992,23.1957,0.267264,90.5288,110.847,23.1887,0.0718272,87.5869,224.839,0,0,0
900,4,0,676,1,1,1,4339.19,18655.7,1178.54,46.3844,0.482746,1087.18,280713,111.609,23.1957,0.267264,88.1464,110.526,23.1887,0.0718272,87.2657,222.136,0,0,0
900,4,0,677,1,1,1,4317.58,18646.1,1178.54,46.3844,0.517824,1087.14,280713,104.263,23.1957,0.302342,80.7648,55.8841,23.1887,0.0718272,32.6236,160.147,0,0,0
900,4,0,678,1,1,1,4327.56,18652.5,1178.29,46.3844,0.482746,1086.93,280717,108.581,23.1957,0.267264,85.118,117.852,23.1887,0.0718272,94.5914,226.433,0,0,0
900,4,0,679,1,1,1,4317.26,18676.4,1178.42,46.3844,0.482746,1087.06,280715,113.12,23.1957,0.267264,89.657,71.8638,23.1887,0.0718272,48.6033,184.984,0,0,0
900,4,0,680,1,1,1,4333.8,18687.8,1178.5,46.3844,0.482746,1087.14,280714,114.744,23.1957,0.267264,91.2814,82.624,23.1887,0.0718272,59.3635,197.368,0,0,0
900,4,0,681,1,1,2,10319.6,24633.3,1200.92,69.5741,0.519494,1087.04,280714,62.8238,23.1957,0.267264,39.3609,265.592,46.3784,0.108576,219.105,328.415,1,0,0
900,4,0,682,1,1,1,4325.13,18678.6,1178.42,46.3844,0.482746,1087.06,280715,118.412,23.1957,0.267264,94.9487,69.3713,23.1887,0.0718272,46.1108,187.783,0,0,0
900,4,0,683,1,1,1,4327.56,24651,1184.07,52.1883,0.731635,1086.83,280714,243.78,28.9996,0.516154,214.076,70.9902,23.1887,0.0718272,47.7297,314.77,0,0,0
900,4,0,684,1,1,1,4342.73,24681.8,1183.99,52.1883,0.696557,1086.79,280715,255.993,28.9996,0.481075,226.358,121.153,23.1887,0.0718272,97.8924,377.146,0,0,0
900,4,0,685,1,1,1,4333.83,18663.1,1178.42,46.3844,0.482746,1087.06,280715,119.529,23.1957,0.267264,96.0659,112.297,23.1887,0.0718272,89.0362,231.826,0,0,0
900,4,0,686,1,1,1,4331.34,18670.5,1178.5,46.3844,0.482746,1087.14,280714,65.3217,23.1957,0.267264,41.8587,100.416,23.1887,0.0718272,77.1552,165.737,0,0,0
900,4,0,687,1,1,1,4329.14,18702,1178.71,46.3844,0.678182,1087.16,280709,97.3376,23.1957,0.462701,73.6792,50.7476,23.1887,0.0718272,27.4871,148.085,0,0,0
900,4,0,688,1,1,1,4319.3,18636,1178.38,46.3844,0.482746,1087.02,280716,68.222,23.1957,0.267264,44.759,100.131,23.1887,0.0718272,76.87,168.353,0,0,0
900,4,0,689,1,1,1,4322.95,18668.9,1178.27,46.3844,0.482746,1086.91,280718,119.706,23.1957,0.267264,96.2428,68.9238,23.1887,0.0718272,45.6632,188.629,0,0,0
900,4,0,690,1,1,1,4315.98,18664.4,1178.19,46.3844,0.482746,1086.83,280719,122.447,23.1957,0.267264,98.9843,68.8913,23.1887,0.0718272,45.6308,191.338,0,0,0
900,4,0,691,1,1,1,4325.32,18672.2,1178.18,46.3844,0.517824,1086.79,280719,124.382,23.1957,0.267264,100.919,68.7675,23.1887,0.106906,45.4719,193.149,0,0,0
900,4,0,692,1,1,1,4330.95,18647.8,1178.22,46.3844,0.517824,1086.83,280718,122.676,23.1957,0.267264,99.2135,67.6883,23.1887,0.106906,44.3927,190.365,0,0,0
900,4,0,693,1,1,1,4326.43,18647.1,1178.03,46.3844,0.517824,1086.64,280722,62.0532,23.1957,0.267264,38.5902,99.3462,23.1887,0.106906,76.0507,161.399,0,0,0
900,4,0,694,1,1,1,4315.03,18659,1178.52,46.3844,0.482746,1087.16,280713,124.516,23.1957,0.267264,101.053,68.6242,23.1887,0.0718272,45.3636,193.14,0,0,0
900,4,0,695,1,1,1,4327.91,18646.2,1178.54,46.3844,0.482746,1087.18,280713,72.142,23.1957,0.267264,48.6791,115.616,23.1887,0.0718272,92.3552,187.758,0,0,0
900,4,0,696,1,1,1,4321.08,18671.1,1178.22,46.3844,0.517824,1086.83,280718,117.602,23.1957,0.302342,94.1041,100.058,23.1887,0.0718272,76.7978,217.66,0,0,0
900,4,0,697,1,1,1,4323.85,18638.3,1178.17,46.3844,0.482746,1086.81,280719,66.3649,23.1957,0.267264,42.9019,106.352,23.1887,0.0718272,83.0912,172.717,0,0,0
900,4,0,698,1,1,1,4318.22,18632.4,1178.23,46.3844,0.482746,1086.87,280718,121.095,23.1957,0.267264,97.6325,70.7917,23.1887,0.0718272,47.5312,191.887,0,0,0
900,4,0,699,1,1,1,4344.97,18668.4,1178.6,46.3844,0.748339,1086.98,280711,71.9747,23.1957,0.462701,48.3163,117.249,23.1887,0.141984,93.9182,189.224,0,0,0
900,4,0,700,1,1,1,4331.61,18651.7,1178.4,46.3844,0.482746,1087.04,280715,118.148,23.1957,0.267264,94.6852,112.562,23.1887,0.0718272,89.3015,230.71,0,0,0
900,4,0,701,1,1,1,4346.36,18668.3,1178.38,46.3844,0.482746,1087.02,280716,67.9928,23.1957,0.267264,44.5298,100.466,23.1887,0.0718272,77.2057,168.459,0,0,0
900,4,0,702,1,1,1,4325.88,18639.2,1178.5,46.3844,0.482746,1087.14,280714,72.2503,23.1957,0.267264,48.7874,117.155,23.1887,0.0718272,93.8947,189.406,0,0,0
900,4,0,703,1,0,0,-1,-1,1155.99,23.1957,0.302342,1087.29,280715,-1,-1,-1,-1,-1,-1,-1,-1,-1,0,0,0
900,4,0,704,1,1,1,4325.86,18654.9,1178.44,46.3844,0.482746,1087.08,280715,111.844,23.1957,0.267264,88.3811,120.025,23.1887,0.0718272,96.7644,231.869,0,0,0
900,4,0,705,1,1,1,4327.97,18648.4,1178.42,46.3844,0.482746,1087.06,280715,111.2,23.1957,0.267264,87.7367,118.48,23.1887,0.0718272,95.2194,229.68,0,0,0
900,4,0,706,1,1,1,4320.37,24648.8,1183.71,52.1991,0.75001,1086.44,280720,245.292,29.0104,0.534528,215.564,101.13,23.1887,0.0718272,77.8699,346.423,0,0,0
900,4,0,707,1,1,1,4319.63,18635.4,1178.27,46.3844,0.482746,1086.91,280718,109.272,23.1957,0.267264,85.8092,120.761,23.1887,0.0718272,97.5007,230.033,0,0,0
900,4,0,708,1,1,1,4366.26,18686.1,1178.6,46.3844,0.6264,1087.1,280711,101.463,23.1957,0.267264,77.9998,113.529,23.1887,0.0718272,90.2689,214.992,0,0,0
900,4,0,709,1,1,1,4313.74,18638.2,1178.46,46.3844,0.482746,1087.1,280714,118.5,23.1957,0.267264,95.0372,68.626,23.1887,0.0718272,45.3655,187.126,0,0,0
900,4,0,710,1,1,1,4324.81,18689.9,1178.17,46.3844,0.482746,1086.81,280719,86.4595,23.1957,0.267264,62.9965,42.7163,23.1887,0.0718272,19.4557,129.176,0,0,0
900,4,0,711,1,1,1,4318.82,18665.7,1178.23,46.3844,0.482746,1086.87,280718,121.081,23.1957,0.267264,97.618,117.624,23.1887,0.0718272,94.364,238.705,0,0,0
900,4,0,712,1,1,1,4345.13,18696.6,1178.17,46.3844,0.927072,1086.37,280718,118.947,23.1957,0.497779,95.2537,111.567,23.1887,0.141984,88.2367,230.515,0,0,0
900,4,0,713,1,1,1,4328.71,18645.1,1178.27,46.3844,0.482746,1086.91,280718,110.223,23.1957,0.267264,86.7603,117.491,23.1887,0.0718272,94.2304,227.714,0,0,0
900,4,0,714,1,1,1,4320.58,18635.5,1178.19,46.3844,0.482746,1086.83,280719,73.927,23.1957,0.267264,50.464,118.825,23.1887,0.0718272,95.5642,192.752,0,0,0
900,4,0,715,1,1,1,4315.34,18663.3,1178.42,46.3844,0.482746,1087.06,280715,123.443,23.1957,0.267264,99.9805,67.2832,23.1887,0.0718272,44.0227,190.727,0,0,0
900,4,0,716,1,1,1,4322.74,18653,1178.44,46.3844,0.482746,1087.08,280715,111.943,23.1957,0.267264,88.4803,111.524,23.1887,0.0718272,88.2637,223.468,0,0,0
900,4,0,717,1,1,1,4360.08,18681.1,1178.24,46.3844,0.517824,1086.85,280718,98.8061,23.1957,0.267264,75.3432,114.952,23.1887,0.106906,91.6568,213.758,0,0,0
900,4,0,718,1,1,1,4350.55,18684.6,1178.12,46.3844,0.587981,1086.65,280720,118.049,23.1957,0.337421,94.5156,111.628,23.1887,0.106906,88.3323,229.677,0,0,0
900,4,0,719,1,1,1,4316.33,18633.6,1178.42,46.3844,0.482746,1087.06,280715,68.4711,23.1957,0.267264,45.0081,120.037,23.1887,0.0718272,96.777,188.509,0,0,0
900,4,0,720,1,1,1,4328.48,18644.3,1178.36,46.3844,0.482746,1087,280716,116.937,23.1957,0.267264,93.4742,98.3276,23.1887,0.0718272,75.067,215.265,0,0,0
900,4,0,721,1,1,1,4351.65,18702.2,1178.56,46.3844,0.679853,1087,280712,116.33,23.1957,0.302342,92.8317,104.897,23.1887,0.0902016,81.6185,221.227,0,0,0
900,4,0,722,1,1,1,4315.66,18632.2,1178.42,46.3844,0.482746,1087.06,280715,112.564,23.1957,0.267264,89.1012,69.5771,23.1887,0.0718272,46.3166,182.141,0,0,0
900,4,0,723,1,1,1,4325.81,18645.8,1178.23,46.3844,0.482746,1086.87,280718,63.8724,23.1957,0.267264,40.4095,113.226,23.1887,0.0718272,89.9657,177.099,0,0,0
900,4,0,724,1,1,1,4319.36,18635.1,1178.46,46.3844,0.482746,1087.1,280714,66.5309,23.1957,0.267264,43.0679,98.1038,23.1887,0.0718272,74.8433,164.635,0,0,0
900,4,0,725,1,1,1,4319.84,24687.3,1184.01,52.1883,0.927072,1086.58,280714,240.141,28.9996,0.71159,210.225,52.1951,23.1887,0.0718272,28.9346,292.337,0,0,0
900,4,0,726,1,1,1,4321.54,18636.7,1178.48,46.3844,0.482746,1087.12,280714,71.7991,23.1957,0.267264,48.3362,119.51,23.1887,0.0718272,96.25,191.31,0,0,0
900,4,0,727,1,1,1,4321.77,18643.1,1178.46,46.3844,0.482746,1087.1,280714,109.657,23.1957,0.267264,86.1936,120.696,23.1887,0.0718272,97.4357,230.353,0,0,0
900,4,0,728,1,1,1,4335.99,18664.7,1178.4,46.3844,0.517824,1087,280715,115.745,23.1957,0.302342,92.2469,111.997,23.1887,0.0718272,88.7366,227.742,0,0,0
900,4,0,729,1,1,1,4317.9,24654,1183.83,52.1991,0.910368,1086.41,280718,226.543,29.0104,0.694886,196.599,41.4782,23.1887,0.0718272,18.2177,268.022,0,0,0
900,4,0,730,1,1,1,4337.5,18655.2,1178.46,46.3844,0.482746,1087.1,280714,71.2667,23.1957,0.267264,47.8037,119.072,23.1887,0.0718272,95.8114,190.339,0,0,0
900,4,0,731,1,1,1,4319.94,18638.9,1178.48,46.3844,0.482746,1087.12,280714,120.038,23.1957,0.267264,96.5748,117.374,23.1887,0.0718272,94.1131,237.411,0,0,0
900,4,0,732,1,1,1,4331.04,18645.2,1178.17,46.3844,0.482746,1086.81,280719,71.5085,23.1957,0.267264,48.0456,123.187,23.1887,0.0718272,99.9264,194.695,0,0,0
900,4,0,733,1,1,1,4339.89,18660.6,1178.42,46.3844,0.482746,1087.06,280715,74.2518,23.1957,0.267264,50.7889,118.29,23.1887,0.0718272,95.0299,192.542,0,0,0
900,4,0,734,1,1,1,4337.03,18666.3,1178.54,46.3844,0.517824,1087.14,280713,121.964,23.1957,0.302342,98.4663,114.825,23.1887,0.0718272,91.5647,236.79,0,0,0
900,4,0,735,1,1,1,4314.06,18647.2,1178.61,46.3844,0.678182,1087.06,280711,119.542,23.1957,0.462701,95.8836,69.855,23.1887,0.0718272,46.5945,189.397,0,0,0
900,4,0,736,1,1,1,4318.02,18658.3,1178.57,46.3844,0.517824,1087.18,280712,118.059,23.1957,0.302342,94.5607,121.249,23.1887,0.0718272,97.988,239.307,0,0,0
900,4,0,737,1,1,1,4329.35,24646.6,1183.84,52.1883,0.927072,1086.41,280717,238.84,28.9996,0.676512,208.963,110.868,23.1887,0.106906,87.5725,349.709,0,0,0
900,4,0,738,1,1,1,4316.62,18664,1178.55,46.3844,0.517824,1087.16,280712,112.296,23.1957,0.302342,88.798,70.9253,23.1887,0.0718272,47.6648,183.221,0,0,0
900,4,0,739,1,1,1,4324.65,18643.2,1178.5,46.3844,0.482746,1087.14,280714,115.95,23.1957,0.267264,92.487,119.193,23.1887,0.0718272,95.9323,235.143,0,0,0
900,4,0,740,1,1,1,4363.91,18678.7,1178.54,46.3844,0.517824,1087.14,280713,63.2065,23.1957,0.267264,39.7435,98.3644,23.1887,0.106906,75.0689,161.571,0,0,0
900,4,0,741,1,1,1,4319.94,18633.5,1178.46,46.3844,0.482746,1087.1,280714,66.3847,23.1957,0.267264,42.9218,106.24,23.1887,0.0718272,82.9793,172.625,0,0,0
900,4,0,742,1,1,1,4328.1,18677.9,1178.46,46.3844,0.517824,1087.06,280714,119.582,23.1957,0.302342,96.0839,113.663,23.1887,0.0718272,90.4024,233.245,0,0,0
900,4,0,743,1,1,1,4331.23,18659.5,1178.03,46.3844,0.517824,1086.64,280722,108.959,23.1957,0.302342,85.4609,111.605,23.1887,0.0718272,88.345,220.564,0,0,0
900,4,0,744,1,1,1,4323.21,18644.9,1178.5,46.3844,0.482746,1087.14,280714,71.7991,23.1957,0.267264,48.3362,118.637,23.1887,0.0718272,95.3765,190.436,0,0,0
900,4,0,745,1,1,1,4321.22,18650.9,1178.23,46.3844,0.482746,1086.87,280718,107.316,23.1957,0.267264,83.8528,109.606,23.1887,0.0718272,86.3452,216.922,0,0,0
900,4,0,746,1,1,1,4324.68,18662.2,1178.56,46.3844,0.482746,1087.2,280712,118.02,23.1957,0.267264,94.5571,67.0287,23.1887,0.0718272,43.7682,185.049,0,0,0
900,4,0,747,1,1,1,4316.62,18630.8,1178.19,46.3844,0.482746,1086.83,280719,104.957,23.1957,0.267264,81.4939,56.1205,23.1887,0.0718272,32.86,161.077,0,0,0
900,4,0,748,1,1,1,4328.49,18643,1178.33,46.3844,0.552902,1086.9,280716,71.92,23.1957,0.267264,48.4571,121.793,23.1887,0.141984,98.4627,193.713,0,0,0
900,4,0,749,1,1,1,4318.96,18651.7,1178.46,46.3844,0.482746,1087.1,280714,120.346,23.1957,0.267264,96.8835,67.377,23.1887,0.0718272,44.1165,187.723,0,0,0
900,4,0,750,1,1,1,4330.97,18661,1178.19,46.3844,0.482746,1086.83,280719,120.996,23.1957,0.267264,97.5332,70.077,23.1887,0.0718272,46.8165,191.073,0,0,0
900,4,0,751,1,1,1,4338.66,24667.4,1184.21,52.1883,0.679853,1087.02,280711,235.455,28.9996,0.320717,205.922,111.49,23.1887,0.0718272,88.2295,346.945,0,0,0
900,4,0,752,1,0,0,-1,-1,1156.01,23.1957,0.267264,1087.35,280715,-1,-1,-1,-1,-1,-1,-1,-1,-1,0,0,0
900,4,0,753,1,1,1,4325.65,18674.8,1178.54,46.3844,0.678182,1086.99,280712,117.311,23.1957,0.462701,93.6529,118.278,23.1887,0.0718272,95.0173,235.589,0,0,0
900,4,0,754,1,1,1,4322.56,18637.3,1178.52,46.3844,0.482746,1087.16,280713,112.9,23.1957,0.267264,89.4369,108.131,23.1887,0.0718272,84.8707,221.031,0,0,0
900,4,0,755,1,1,1,4341.13,18655.9,1178.44,46.3844,0.482746,1087.08,280715,71.1368,23.1957,0.267264,47.6738,116.495,23.1887,0.0718272,93.2342,187.631,0,0,0
900,4,0,756,1,1,1,4318.79,18642,1178.41,46.3844,0.517824,1087.02,280715,71.3227,23.1957,0.267264,47.8597,118.578,23.1887,0.106906,95.2826,189.901,0,0,0
900,4,0,757,1,1,1,4331.7,24659.9,1183.9,52.1883,0.731635,1086.66,280717,251.558,28.9996,0.516154,221.877,68.0593,23.1887,0.0718272,44.7987,319.618,0,0,0
900,4,0,758,1,1,1,4315.98,18647.6,1178.35,46.3844,0.552902,1086.92,280716,120.557,23.1957,0.337421,97.0242,66.6678,23.1887,0.0718272,43.4072,187.225,0,0,0
900,4,0,759,1,1,1,4319.82,18652.6,1178.4,46.3844,0.678182,1086.85,280715,111.774,23.1957,0.462701,88.1158,71.2772,23.1887,0.0718272,48.0167,183.051,0,0,0
900,4,0,760,1,1,1,4320.23,18641.1,1178.47,46.3844,0.6264,1086.96,280714,123.178,23.1957,0.267264,99.7152,116.172,23.1887,0.0718272,92.9111,239.35,0,0,0
900,4,0,761,1,1,1,4322.18,18648.4,1178.52,46.3844,0.482746,1087.16,280713,114.349,23.1957,0.267264,90.8861,72.5676,23.1887,0.0718272,49.3071,186.917,0,0,0
900,4,0,762,1,0,0,-1,-1,1155.93,23.1957,0.267264,1087.27,280716,-1,-1,-1,-1,-1,-1,-1,-1,-1,0,0,0
900,4,0,763,1,1,1,4321.09,18664.2,1178.21,46.3844,0.482746,1086.85,280719,111.721,23.1957,0.267264,88.2583,70.7412,23.1887,0.0718272,47.4807,182.462,0,0,0
900,4,0,764,1,1,1,4315.98,18641.1,1178.25,46.3844,0.482746,1086.89,280718,118.91,23.1957,0.267264,95.4468,112.715,23.1887,0.0718272,89.4549,231.625,0,0,0
900,4,0,765,1,1,1,4320.26,18642.4,1178.48,46.3844,0.482746,1087.12,280714,113.459,23.1957,0.267264,89.9964,113.044,23.1887,0.0718272,89.7834,226.503,0,0,0
900,4,0,766,1,1,1,4317.9,18649.2,1178.48,46.3844,0.517824,1087.08,280714,112.915,23.1957,0.302342,89.417,121.855,23.1887,0.0718272,98.5944,234.77,0,0,0
900,4,0,767,1,1,2,10343.7,24667,1200.98,69.5741,0.519494,1087.1,280713,109.169,23.1957,0.267264,85.7063,242.799,46.3784,0.108576,196.312,351.968,1,0,0
900,4,0,768,1,1,1,4367.88,18684.9,1178.17,46.3844,0.805133,1086.48,280718,67.7979,23.1957,0.267264,44.3349,100.602,23.1887,0.106906,77.3068,168.4,0,0,0
900,4,0,769,1,1,1,4322.3,18636.8,1178.5,46.3844,0.482746,1087.14,280714,113.178,23.1957,0.267264,89.7148,72.6254,23.1887,0.0718272,49.3649,185.803,0,0,0
900,4,0,770,1,1,1,4341.1,18654,1178.56,46.3844,0.50112,1087.18,280712,112.523,23.1957,0.267264,89.0597,80.7888,23.1887,0.0902016,57.51,193.311,0,0,0
900,4,0,771,1,1,1,4352.79,18682.6,1178.51,46.3844,0.552902,1087.08,280713,99.9775,23.1957,0.267264,76.5145,112.993,23.1887,0.141984,89.6625,212.971,0,0,0
900,4,0,772,1,1,1,4324.38,18648.1,1178.5,46.3844,0.482746,1087.14,280714,110.086,23.1957,0.267264,86.6232,113.085,23.1887,0.0718272,89.8249,223.172,0,0,0
900,4,0,773,1,1,1,4329.35,18649.7,1178.44,46.3844,0.517824,1087.04,280714,85.7195,23.1957,0.267264,62.2566,117.152,23.1887,0.106906,93.8568,202.872,0,0,0
900,4,0,774,1,1,1,4329.88,18679.2,1178.23,46.3844,0.482746,1086.87,280718,103.031,23.1957,0.267264,79.5682,108.622,23.1887,0.0718272,85.3616,211.653,0,0,0
900,4,0,775,1,1,1,4319.53,18652.5,1178.25,46.3844,0.482746,1086.89,280718,93.02,23.1957,0.267264,69.557,119.828,23.1887,0.0718272,96.5676,212.848,0,0,0
900,4,0,776,1,1,1,4320.14,18693.5,1178.25,46.3844,0.482746,1086.89,280718,85.1077,23.1957,0.267264,61.6447,41.0865,23.1887,0.0718272,17.826,126.194,0,0,0
900,4,0,777,1,1,1,4318.26,18661.2,1178.38,46.3844,0.482746,1087.02,280716,97.9362,23.1957,0.267264,74.4733,51.4334,23.1887,0.0718272,28.1729,149.37,0,0,0
900,4,0,778,1,1,1,4357.68,18695,1178.09,46.3844,0.517824,1086.69,280721,115.901,23.1957,0.267264,92.4382,104.609,23.1887,0.106906,81.3135,220.51,0,0,0
900,4,0,779,1,1,1,4317.67,18635.3,1178.52,46.3844,0.482746,1087.16,280713,116.114,23.1957,0.267264,92.6512,123.153,23.1887,0.0718272,99.8921,239.267,0,0,0
900,4,0,780,1,1,1,4318.54,18640.6,1178.44,46.3844,0.482746,1087.08,280715,112.819,23.1957,0.267264,89.3556,70.1276,23.1887,0.0718272,46.867,182.946,0,0,0
900,4,0,781,1,1,1,4327.11,18661.2,1178.46,46.3844,0.482746,1087.1,280714,119.401,23.1957,0.267264,95.9378,117.884,23.1887,0.0718272,94.6239,237.285,0,0,0
900,4,0,782,1,1,1,4324.39,18672.9,1178.58,46.3844,0.6264,1087.08,280712,114.955,23.1957,0.267264,91.4925,122.535,23.1887,0.0718272,99.2748,237.491,0,0,0
900,4,0,783,1,1,1,4321.86,18636,1178.42,46.3844,0.482746,1087.06,280715,116.948,23.1957,0.267264,93.485,111.741,23.1887,0.0718272,88.4803,228.689,0,0,0
900,4,0,784,1,1,1,4330.47,18700.1,1178.37,46.3844,0.536198,1086.96,280715,118.524,23.1957,0.267264,95.0606,123.13,23.1887,0.12528,99.8163,241.654,0,0,0
900,4,0,785,1,1,1,4316.94,18637.4,1178.44,46.3844,0.482746,1087.08,280715,119.841,23.1957,0.267264,96.3781,117.226,23.1887,0.0718272,93.9651,237.067,0,0,0
900,4,0,786,1,1,1,4327.13,18678.6,1178.56,46.3952,0.571277,1087.1,280712,120.088,23.2065,0.355795,96.5261,121.445,23.1887,0.0718272,98.1847,241.534,0,0,0
900,4,0,787,1,0,0,-1,-1,1155.9,23.1957,0.337421,1087.17,280716,-1,-1,-1,-1,-1,-1,-1,-1,-1,0,0,0
900,4,0,788,1,1,1,4315.02,18632.8,1178.27,46.3844,0.482746,1086.91,280718,120.762,23.1957,0.267264,97.2986,67.6802,23.1887,0.0718272,44.4197,188.442,0,0,0
900,4,0,789,1,1,1,4332.52,24686.9,1184.09,52.1883,0.891994,1086.7,280713,214.05,28.9996,0.676512,184.095,112.199,23.1887,0.0718272,88.9387,326.249,0,0,0
900,4,0,790,1,1,1,4331.59,18661.6,1178.38,46.3844,0.482746,1087.02,280716,108.525,23.1957,0.267264,85.062,118.521,23.1887,0.0718272,95.261,227.046,0,0,0
900,4,0,791,1,1,1,4319.44,18640.8,1178.56,46.3844,0.482746,1087.2,280712,109.942,23.1957,0.267264,86.4788,70.6888,23.1887,0.0718272,47.4283,180.631,0,0,0
900,4,0,792,1,1,1,4360.99,18680.5,1178.31,46.3844,0.696557,1086.73,280716,65.6303,23.1957,0.267264,42.1673,107.979,23.1887,0.141984,84.6487,173.61,0,0,0
900,4,0,793,1,1,1,4315.98,24656.3,1184.09,52.1883,0.731635,1086.85,280713,192.806,28.9996,0.516154,162.952,33.6525,23.1887,0.0718272,10.392,226.459,0,0,0
900,4,0,794,1,1,1,4325.03,18643.2,1178.64,46.3844,0.6264,1087.14,280711,70.4094,23.1957,0.267264,46.9465,120.243,23.1887,0.0718272,96.9827,190.653,0,0,0
900,4,0,795,1,1,1,4317.58,18641.9,1178.36,46.3844,0.678182,1086.81,280715,121.847,23.1957,0.462701,98.1883,70.5354,23.1887,0.0718272,47.2749,192.382,0,0,0
900,4,0,796,1,1,1,4334.59,18653.1,1178.38,46.3844,0.517824,1086.99,280715,107.426,23.1957,0.267264,83.9629,110.514,23.1887,0.106906,87.2188,217.94,0,0,0
900,4,0,797,1,1,1,4327.5,18661.1,1178.38,46.3844,0.482746,1087.02,280716,113.658,23.1957,0.267264,90.1949,71.8945,23.1887,0.0718272,48.6339,185.552,0,0,0
900,4,0,798,1,1,1,4318.66,18693.9,1178.3,46.3844,0.517824,1086.9,280717,104.64,23.1957,0.302342,81.142,54.3608,23.1887,0.0718272,31.1003,159.001,0,0,0
900,4,0,799,1,1,1,4324.8,18639.6,1178.42,46.3844,0.482746,1087.06,280715,112.802,23.1957,0.267264,89.3394,107.433,23.1887,0.0718272,84.1723,220.235,0,0,0
900,4,0,800,1,1,1,4322.82,18645.5,1178.23,46.3844,0.482746,1086.87,280718,93.7148,23.1957,0.267264,70.2518,118.263,23.1887,0.0718272,95.0029,211.978,0,0,0
900,4,0,801,1,1,1,4322.21,18688.3,1178.52,46.3844,0.482746,1087.16,280713,113.077,23.1957,0.267264,89.6137,71.8638,23.1887,0.0718272,48.6033,184.94,0,0,0
900,4,0,802,1,1,1,4316.94,18635.1,1178.56,46.3844,0.482746,1087.2,280712,91.1285,23.1957,0.267264,67.6656,46.8077,23.1887,0.0718272,23.5472,137.936,0,0,0
900,4,0,803,1,1,1,4326.34,18689.8,1178.5,46.3844,0.748339,1086.87,280713,110.233,23.1957,0.532858,86.5041,118.761,23.1887,0.0718272,95.501,228.994,0,0,0
900,4,0,804,1,1,1,4320.52,18634.7,1178.44,46.3844,0.482746,1087.08,280715,119.958,23.1957,0.267264,96.4954,113.744,23.1887,0.0718272,90.4836,233.703,0,0,0
900,4,0,805,1,1,1,4347.3,18683.7,1178.37,46.3844,0.661478,1086.83,280715,88.8318,23.1957,0.302342,65.3338,117.565,23.1887,0.0718272,94.3044,206.397,0,0,0
900,4,0,806,1,1,1,4318.22,18638.2,1178.54,46.3844,0.482746,1087.18,280713,65.726,23.1957,0.267264,42.263,106.068,23.1887,0.0718272,82.8078,171.794,0,0,0
900,4,0,807,1,1,1,4322.09,18657.3,1178.21,46.3844,0.482746,1086.85,280719,98.3549,23.1957,0.267264,74.892,109.319,23.1887,0.0718272,86.0583,207.674,0,0,0
900,4,0,808,1,1,1,4324.07,18639.5,1178.47,46.3844,0.6264,1086.97,280714,119.054,23.1957,0.267264,95.5912,117.65,23.1887,0.0718272,94.3892,236.704,0,0,0
900,4,0,809,1,1,1,4356.94,18673.5,1178.4,46.3844,0.482746,1087.04,280715,71.3912,23.1957,0.267264,47.9283,123.423,23.1887,0.0718272,100.163,194.815,0,0,0
900,4,0,810,1,1,1,4375.93,18730.8,1178.26,46.3844,0.623059,1086.76,280717,119.148,23.1957,0.337421,95.6147,114.302,23.1887,0.141984,90.9709,233.449,0,0,0
900,4,0,811,1,1,1,4314.76,18637.8,1178.54,46.3844,0.482746,1087.18,280713,120.289,23.1957,0.267264,96.8257,67.2633,23.1887,0.0718272,44.0028,187.552,0,0,0
900,4,0,812,1,1,1,4336.08,18696.8,1178.32,46.3844,0.821837,1086.62,280716,103.36,23.1957,0.462701,79.7018,108.128,23.1887,0.0718272,84.8671,211.488,0,0,0
900,4,0,813,1,1,1,4319.94,18638.2,1178.42,46.3844,0.482746,1087.06,280715,122.851,23.1957,0.267264,99.3885,68.4491,23.1887,0.0718272,45.1886,191.301,0,0,0
900,4,0,814,1,1,1,4321.99,18636.8,1178.38,46.3844,0.482746,1087.02,280716,72.651,23.1957,0.267264,49.188,118.263,23.1887,0.0718272,95.0029,190.914,0,0,0
900,4,0,815,1,1,2,4362.84,18698.2,1200.69,69.5741,0.733306,1086.6,280717,111.786,23.1957,0.267264,88.3233,144.47,46.3784,0.322387,97.7696,256.257,1,0,0
900,4,0,816,1,1,1,4315.66,18635.1,1178.21,46.3844,0.482746,1086.85,280719,111.46,23.1957,0.267264,87.9966,77.9532,23.1887,0.0718272,54.6927,189.413,0,0,0
900,4,0,817,1,1,1,4339.03,18657,1178.19,46.3844,0.482746,1086.83,280719,100.293,23.1957,0.267264,76.8303,113.677,23.1887,0.0718272,90.4169,213.971,0,0,0
900,4,0,818,1,1,1,4333.95,18656,1178.5,46.3844,0.482746,1087.14,280714,113.458,23.1957,0.267264,89.9945,71.5209,23.1887,0.0718272,48.2604,184.978,0,0,0
900,4,0,819,1,1,1,4318.86,18636.6,1178.42,46.3844,0.482746,1087.06,280715,87.8853,23.1957,0.267264,64.4223,43.7721,23.1887,0.0718272,20.5116,131.657,0,0,0
900,4,0,820,1,1,1,4317.26,18652.5,1178.38,46.3844,0.482746,1087.02,280716,92.1843,23.1957,0.267264,68.7214,47.0442,23.1887,0.0718272,23.7837,139.228,0,0,0
900,4,0,821,1,1,1,4325.29,18644.8,1178.42,46.3844,0.482746,1087.06,280715,110.649,23.1957,0.267264,87.1863,120.514,23.1887,0.0718272,97.2535,231.163,0,0,0
900,4,0,822,1,1,1,4335.82,18650.9,1178.01,46.3844,0.517824,1086.62,280722,66.3847,23.1957,0.267264,42.9218,107.464,23.1887,0.106906,84.1687,173.849,0,0,0
900,4,0,823,1,1,1,4316.62,18629.8,1178.38,46.3844,0.482746,1087.02,280716,118.771,23.1957,0.267264,95.3079,67.5377,23.1887,0.0718272,44.2772,186.309,0,0,0
900,4,0,824,1,1,1,4333.74,18677.9,1178.28,46.3844,0.6264,1086.77,280717,116.901,23.1957,0.267264,93.4381,112.865,23.1887,0.0718272,89.6047,229.766,0,0,0
900,4,0,825,1,1,1,4323.27,18644.7,1178.19,46.3844,0.482746,1086.83,280719,118.59,23.1957,0.267264,95.1274,67.5665,23.1887,0.0718272,44.306,186.157,0,0,0
900,4,0,826,1,1,1,4355.91,18670.4,1178.21,46.3844,0.661478,1086.67,280718,71.0447,23.1957,0.267264,47.5817,117.919,23.1887,0.106906,94.6239,188.964,0,0,0
900,4,0,827,1,1,1,4317.26,18635.3,1178.4,46.3844,0.517824,1087,280715,113.022,23.1957,0.302342,89.5235,112.421,23.1887,0.0718272,89.1607,225.443,0,0,0
900,4,0,828,1,1,1,4339.53,18701.3,1178.24,46.3844,0.517824,1086.85,280718,123.087,23.1957,0.302342,99.5889,115.042,23.1887,0.0718272,91.7813,238.129,0,0,0
900,4,0,829,1,1,1,4328.9,18650.2,1178.45,46.3844,0.517824,1087.06,280714,119.24,23.1957,0.267264,95.7771,112.783,23.1887,0.106906,89.4874,232.023,0,0,0
900,4,0,830,1,1,1,4316.94,18638.3,1178.56,46.3844,0.482746,1087.2,280712,88.6957,23.1957,0.267264,65.2327,44.1836,23.1887,0.0718272,20.923,132.879,0,0,0
900,4,0,831,1,1,1,4318.54,24647.3,1183.99,52.1883,0.696557,1086.79,280715,174.173,28.9996,0.481075,144.301,26.7023,23.1887,0.0718272,3.44175,200.875,0,0,0
900,4,0,832,1,1,1,4357.73,18672.9,1178.52,46.3844,0.482746,1087.16,280713,93.1589,23.1957,0.267264,69.696,117.987,23.1887,0.0718272,94.7267,211.146,0,0,0
900,4,0,833,1,1,1,4319.18,18644.6,1178.42,46.3844,0.482746,1087.06,280715,112.454,23.1957,0.267264,88.9911,111.08,23.1887,0.0718272,87.8198,223.534,0,0,0
900,4,0,834,1,1,1,4323.79,18649.1,1178.58,46.3844,0.6264,1087.08,280712,93.3177,23.1957,0.267264,69.8548,118.305,23.1887,0.0718272,95.0444,211.623,0,0,0
900,4,0,835,1,1,1,4325.57,18671.7,1177.88,46.3844,0.552902,1086.45,280724,118.973,23.1957,0.337421,95.4396,66.379,23.1887,0.0718272,43.1185,185.352,0,0,0
900,4,0,836,1,1,1,4324.64,18640.1,1178.46,46.3844,0.482746,1087.1,280714,67.3178,23.1957,0.267264,43.8548,98.2247,23.1887,0.0718272,74.9642,165.542,0,0,0
900,4,0,837,1,1,1,4321.16,18638.5,1178.42,46.3844,0.482746,1087.06,280715,68.4837,23.1957,0.267264,45.0207,117.888,23.1887,0.0718272,94.6275,186.372,0,0,0
900,4,0,838,1,1,1,4337.93,18655.9,1178.41,46.3844,0.552902,1086.98,280715,70.2614,23.1957,0.267264,46.7985,99.6665,23.1887,0.141984,76.3358,169.928,0,0,0
900,4,0,839,1,1,1,4331.9,18655.8,1178.5,46.3844,0.50112,1087.12,280713,110.211,23.1957,0.267264,86.7477,111.952,23.1887,0.0902016,88.6734,222.163,0,0,0
900,4,0,840,1,1,1,4328.33,18644.7,1178.48,46.3844,0.770054,1086.83,280713,118.65,23.1957,0.267264,95.187,67.2543,23.1887,0.0718272,43.9938,185.904,0,0,0
900,4,0,841,1,1,1,4315.98,18654.5,1178.41,46.3844,0.517824,1087.02,280715,122.878,23.1957,0.302342,99.3795,68.1513,23.1887,0.0718272,44.8908,191.029,0,0,0
900,4,0,842,1,1,1,4338.47,18654.9,1178.31,46.3844,0.6264,1086.81,280716,85.4254,23.1957,0.267264,61.9624,117.758,23.1887,0.0718272,94.4975,203.183,0,0,0
900,4,0,843,1,1,1,4333.38,18658.8,1178.5,46.3844,0.482746,1087.14,280714,89.941,23.1957,0.267264,66.478,45.6292,23.1887,0.0718272,22.3687,135.57,0,0,0
900,4,0,844,1,1,1,4321.3,18637.4,1178.5,46.3844,0.482746,1087.14,280714,114.185,23.1957,0.267264,90.7219,62.089,23.1887,0.0718272,38.8285,176.274,0,0,0
900,4,0,845,1,1,1,4321.66,18641.2,1178.42,46.3844,0.482746,1087.06,280715,109.202,23.1957,0.267264,85.7388,119.413,23.1887,0.0718272,96.1525,228.615,0,0,0
900,4,0,846,1,1,2,10328.5,24676.2,1201.08,69.5741,0.75001,1086.96,280711,98.2227,23.1957,0.497779,74.5292,257.23,46.3784,0.108576,210.743,355.453,1,0,0
900,4,0,847,1,1,1,4332.19,18656.3,1178.54,46.3844,0.482746,1087.18,280713,101.304,23.1957,0.267264,77.841,113.809,23.1887,0.0718272,90.5486,215.113,0,0,0
900,4,0,848,1,1,1,4330.83,18661.5,1178.4,46.3844,0.482746,1087.04,280715,116.802,23.1957,0.267264,93.3388,119.081,23.1887,0.0718272,95.8204,235.883,0,0,0
900,4,0,849,1,1,1,4322.76,24683.6,1184.06,52.1883,0.571277,1086.98,280714,214.289,28.9996,0.355795,184.655,112.082,23.1887,0.0718272,88.8214,326.371,0,0,0
900,4,0,850,1,1,1,4350.52,18679.9,1178.29,46.3844,0.482746,1086.93,280717,119.509,23.1957,0.267264,96.046,112.91,23.1887,0.0718272,89.6498,232.419,0,0,0
900,4,0,851,1,1,1,4330.29,18652.7,1178.38,46.3844,0.482746,1087.02,280716,90.347,23.1957,0.267264,66.8841,45.8855,23.1887,0.0718272,22.625,136.233,0,0,0
900,4,0,852,1,1,1,4346.95,18670.5,1178.22,46.3844,0.587981,1086.75,280718,98.1763,23.1957,0.267264,74.7133,108.982,23.1887,0.177062,85.6161,207.158,0,0,0
900,4,0,853,1,1,1,4324.04,18638.2,1178.5,46.3844,0.482746,1087.14,280714,64.8958,23.1957,0.267264,41.4328,113.293,23.1887,0.0718272,90.0324,178.189,0,0,0
900,4,0,854,1,1,1,4321.85,18636.3,1178.48,46.3844,0.482746,1087.12,280714,122.79,23.1957,0.267264,99.3272,115.347,23.1887,0.0718272,92.0863,238.137,0,0,0
900,4,0,855,1,1,1,4338.04,18664,1178.29,46.3844,0.482746,1086.93,280717,111.851,23.1957,0.267264,88.3883,71.0408,23.1887,0.0718272,47.7803,182.892,0,0,0
900,4,0,856,1,1,1,4317.26,18649.4,1178.39,46.3952,0.50112,1087,280715,119.881,23.2065,0.285638,96.389,69.9904,23.1887,0.0718272,46.7299,189.871,0,0,0
900,4,0,857,1,1,1,4335.51,18650.6,1178.44,46.3844,0.482746,1087.08,280715,80.5362,23.1957,0.267264,57.0732,117.527,23.1887,0.0718272,94.2665,198.063,0,0,0
900,4,0,858,1,1,1,4316.55,18647.4,1178.56,46.3844,0.482746,1087.2,280712,72.1492,23.1957,0.267264,48.6863,117.087,23.1887,0.0718272,93.8261,189.236,0,0,0
900,4,0,859,1,1,1,4319.04,18635.5,1178.44,46.3844,0.482746,1087.08,280715,75.683,23.1957,0.267264,52.2201,118.373,23.1887,0.0718272,95.113,194.057,0,0,0
900,4,0,860,1,1,1,4320.26,18657.8,1178.34,46.3844,0.713261,1086.75,280716,118.749,23.1957,0.497779,95.0552,69.1313,23.1887,0.0718272,45.8708,187.88,0,0,0
900,4,0,861,1,1,1,4338.22,18675.2,1178.11,46.3844,0.552902,1086.68,280720,102.355,23.1957,0.302342,78.8571,110.606,23.1887,0.106906,87.3108,212.962,0,0,0
900,4,0,862,1,1,1,4317.26,18679.9,1178.56,46.3844,0.482746,1087.2,280712,101.647,23.1957,0.267264,78.1839,52.6066,23.1887,0.0718272,29.346,154.253,0,0,0
900,4,0,863,1,1,1,4337.17,18662.7,1178.54,46.3844,0.482746,1087.18,280713,71.9742,23.1957,0.267264,48.5112,117.204,23.1887,0.0718272,93.9434,189.178,0,0,0
900,4,0,864,1,1,1,4367.98,18680.9,1178.45,46.3844,0.805133,1086.77,280713,65.4552,23.1957,0.267264,41.9923,108.296,23.1887,0.106906,85.0007,173.751,0,0,0
900,4,0,865,1,1,1,4315.34,18657.6,1178.48,46.3844,0.482746,1087.12,280714,118.033,23.1957,0.267264,94.5697,66.7959,23.1887,0.0718272,43.5354,184.829,0,0,0
900,4,0,866,0,0,0,-1,-1,1155.69,23.206,0.516154,1086.77,280720,-1,-1,-1,-1,-1,-1,-1,-1,-1,0,0,0
900,4,0,867,1,1,1,4334.03,18662.5,1178.2,46.3844,0.6264,1086.69,280718,111.833,23.1957,0.267264,88.3702,110.949,23.1887,0.0718272,87.688,222.782,0,0,0
900,4,0,868,1,1,1,4324.17,18640.5,1178.54,46.3844,0.482746,1087.18,280713,117.147,23.1957,0.267264,93.6836,111.54,23.1887,0.0718272,88.28,228.687,0,0,0
900,4,0,869,1,1,1,4315.98,18648.4,1178.48,46.3844,0.482746,1087.12,280714,93.861,23.1957,0.267264,70.398,47.6307,23.1887,0.0718272,24.3702,141.492,0,0,0
900,4,0,870,1,1,1,4322.44,24676.6,1184,52.1883,0.96215,1086.53,280714,249.287,28.9996,0.71159,219.399,56.762,23.1887,0.106906,33.4664,306.049,0,0,0
900,4,0,871,1,1,1,4322.94,18639.8,1178.4,46.3844,0.482746,1087.04,280715,69.4709,23.1957,0.267264,46.008,98.3077,23.1887,0.0718272,75.0472,167.779,0,0,0
900,4,0,872,1,1,1,4320.86,18655.9,1178.17,46.3844,0.678182,1086.62,280719,118.331,23.1957,0.462701,94.6726,120.593,23.1887,0.0718272,97.3329,238.924,0,0,0
900,4,0,873,1,1,1,4324.43,18649,1178.46,46.3844,0.482746,1087.1,280714,111.194,23.1957,0.267264,87.7313,71.2068,23.1887,0.0718272,47.9463,182.401,0,0,0
900,4,0,874,1,1,1,4320.55,18635,1178.23,46.3844,0.482746,1086.87,280718,72.0951,23.1957,0.267264,48.6321,121.425,23.1887,0.0718272,98.1649,193.52,0,0,0
900,4,0,875,1,1,1,4315.98,18685.2,1178.61,46.3844,0.678182,1087.06,280711,95.5255,23.1957,0.462701,71.8671,48.8652,23.1887,0.0718272,25.6047,144.391,0,0,0
900,4,0,876,1,1,1,4316.3,24642.3,1184.12,52.1883,0.766714,1086.85,280712,243.452,28.9996,0.551232,213.712,70.5246,23.1887,0.0718272,47.2641,313.976,0,0,0
900,4,0,877,1,1,1,4328.97,18670.7,1178.19,46.3844,0.482746,1086.83,280719,119.264,23.1957,0.267264,95.8006,117.691,23.1887,0.0718272,94.4307,236.955,0,0,0
900,4,0,878,1,1,1,4328.52,24658.6,1184.23,52.1883,0.766714,1086.96,280710,241.8,28.9996,0.551232,212.055,75.5835,23.1887,0.0718272,52.323,317.384,0,0,0
900,4,0,879,1,1,1,4343.66,18660.7,1178.25,46.3844,0.482746,1086.89,280718,116.616,23.1957,0.267264,93.1529,112.176,23.1887,0.0718272,88.9153,228.792,0,0,0
900,4,0,880,1,1,1,4366.76,18694.3,1178.17,46.3844,0.517824,1086.77,280719,68.3004,23.1957,0.302342,44.8024,100.701,23.1887,0.0718272,77.4404,169.001,0,0,0
900,4,0,881,1,1,1,4319.28,18652.8,1178.52,46.3844,0.482746,1087.16,280713,120.146,23.1957,0.267264,96.6831,69.5572,23.1887,0.0718272,46.2967,189.703,0,0,0
900,4,0,882,1,1,1,4318.87,18654.6,1178.59,46.3844,0.678182,1087.04,280711,118.398,23.1957,0.462701,94.7394,67.5954,23.1887,0.0718272,44.3349,185.993,0,0,0
900,4,0,883,1,1,1,4315.34,18631,1178.27,46.3844,0.482746,1086.91,280718,119.173,23.1957,0.267264,95.7103,68.6494,23.1887,0.0718272,45.3889,187.823,0,0,0
900,4,0,884,1,1,1,4315.98,18634.1,1178.38,46.3844,0.482746,1087.02,280716,119.464,23.1957,0.267264,96.0009,67.1514,23.1887,0.0718272,43.8909,186.615,0,0,0
900,4,0,885,1,1,1,4317,18640.4,1178.52,46.3844,0.482746,1087.16,280713,119.292,23.1957,0.267264,95.8295,109.757,23.1887,0.0718272,86.4968,229.05,0,0,0
900,4,0,886,1,1,1,4324.81,18682.1,1178.53,46.3844,0.552902,1087.1,280712,110.422,23.1957,0.337421,86.8885,58.7068,23.1887,0.0718272,35.4463,169.128,0,0,0
900,4,0,887,1,1,1,4323.37,18650.7,1178.42,46.3844,0.482746,1087.06,280715,84.6024,23.1957,0.267264,61.1394,116.543,23.1887,0.0718272,93.2829,201.146,0,0,0
900,4,0,888,1,1,1,4325.96,18663.5,1178.17,46.3844,0.482746,1086.81,280719,64.3218,23.1957,0.267264,40.8589,107.048,23.1887,0.0718272,83.7878,171.37,0,0,0
900,4,0,889,1,1,1,4332.61,18707.6,1178.27,46.3844,0.517824,1086.87,280717,122.719,23.1957,0.302342,99.2207,116.013,23.1887,0.0718272,92.7523,238.732,0,0,0
900,4,0,890,1,1,1,4322.74,18685.3,1178.36,46.3844,0.678182,1086.81,280715,115.192,23.1957,0.462701,91.534,110.012,23.1887,0.0718272,86.7513,225.204,0,0,0
900,4,0,891,1,1,1,4314.7,18659.7,1178.42,46.3844,0.482746,1087.06,280715,111.839,23.1957,0.267264,88.3756,70.6888,23.1887,0.0718272,47.4283,182.527,0,0,0
900,4,0,892,1,1,1,4351.92,18676.3,1178.42,46.3844,0.482746,1087.06,280715,110.036,23.1957,0.267264,86.5726,123.218,23.1887,0.0718272,99.957,233.253,0,0,0
900,4,0,893,1,1,1,4321.83,24645,1183.71,52.1883,0.840211,1086.37,280720,243.926,28.9996,0.481075,214.259,120.106,23.1887,0.0718272,96.8456,364.033,0,0,0
900,4,0,894,1,1,1,4317.26,18633.8,1178.5,46.3844,0.482746,1087.14,280714,118.347,23.1957,0.267264,94.8838,67.2038,23.1887,0.0718272,43.9433,185.55,0,0,0
900,4,0,895,1,1,1,4322.18,18637.3,1178.52,46.3844,0.482746,1087.16,280713,111.896,23.1957,0.267264,88.4334,118.556,23.1887,0.0718272,95.2952,230.452,0,0,0
900,4,0,896,1,1,1,4318.54,18674.5,1178.54,46.3844,0.482746,1087.18,280713,116.345,23.1957,0.267264,92.8822,122.869,23.1887,0.0718272,99.6087,239.214,0,0,0
900,4,0,897,1,1,1,4332.36,18706.5,1178.29,46.3844,0.482746,1086.93,280717,116.15,23.1957,0.267264,92.6873,123.037,23.1887,0.0718272,99.7766,239.187,0,0,0
900,4,0,898,1,1,1,4319.1,18636.5,1178.21,46.3844,0.482746,1086.85,280719,85.2359,23.1957,0.267264,61.7729,116.293,23.1887,0.0718272,93.032,201.528,0,0,0
900,4,0,899,1,1,1,4331.27,18657.5,1178.56,46.3844,0.482746,1087.2,280712,72.0698,23.1957,0.267264,48.6069,118.323,23.1887,0.0718272,95.0624,190.393,0,0,0
900,4,0,900,1,1,1,4317.9,18665.6,1178.46,46.3844,0.482746,1087.1,280714,117.843,23.1957,0.267264,94.3802,69.68,23.1887,0.0718272,46.4195,187.523,0,0,0
