N,seed,dutyCycle,devId,registered,authSuccess,attempts,latencyMs,e2eMs,fullEnergyMJ,fullCpuEnergyMJ,fullTxEnergyMJ,fullRxEnergyMJ,idleListeningMs,regEnergyMJ,regCpuEnergyMJ,regTxEnergyMJ,regRxEnergyMJ,authEnergyMJ,authCpuEnergyMJ,authTxEnergyMJ,authRxEnergyMJ,sessionEnergyMJ,fallbackUsed,replayRejected,desync
900,2,0,1,1,1,1,4322.89,18701.1,1176.84,46.3844,0.517824,1085.44,280743,114.312,23.1957,0.302342,90.8139,70.983,23.1887,0.0718272,47.7225,185.295,0,0,0
900,2,0,2,1,1,1,4317.58,24637.2,1182.53,52.1883,0.50112,1085.52,280742,210.705,28.9996,0.285638,181.137,39.7889,23.1887,0.0718272,16.5284,250.494,0,0,0
900,2,0,3,1,1,1,4318.22,18655.7,1176.59,46.3844,0.517824,1085.19,280747,115.483,23.1957,0.302342,91.9852,73.1163,23.1887,0.0718272,49.8558,188.6,0,0,0
900,2,0,4,1,1,2,4340.48,18666.2,1199.27,69.5741,0.733306,1085.17,280743,114.845,23.1957,0.267264,91.3824,123.867,46.3784,0.322387,77.166,238.712,1,0,0
900,2,0,5,1,1,1,4331.27,18676.9,1177.05,46.3844,0.6264,1085.54,280739,114.299,23.1957,0.267264,90.8356,113.078,23.1887,0.0718272,89.8177,227.377,0,0,0
900,2,0,6,1,1,1,4319.66,18641.4,1177.03,46.3844,0.482746,1085.67,280740,114.447,23.1957,0.267264,90.9836,120.705,23.1887,0.0718272,97.4448,235.152,0,0,0
900,2,0,7,1,1,1,4317.9,18648.3,1176.94,46.3844,0.482746,1085.58,280741,116.201,23.1957,0.267264,92.7378,114.905,23.1887,0.0718272,91.6441,231.105,0,0,0
900,2,0,8,1,1,1,4321.72,18636.5,1177.17,46.3844,0.482746,1085.81,280737,96.5917,23.1957,0.267264,73.1287,118.402,23.1887,0.0718272,95.1418,214.994,0,0,0
900,2,0,9,1,1,1,4318.86,18645.7,1176.96,46.3844,0.482746,1085.6,280741,113.344,23.1957,0.267264,89.8808,108.841,23.1887,0.0718272,85.58,222.184,0,0,0
900,2,0,10,1,1,2,10351.7,24676.1,1199.67,69.5741,1.09411,1085.21,280735,106.621,23.1957,0.267264,83.158,269.203,46.3784,0.539539,222.285,375.823,1,0,0
900,2,0,11,1,1,1,4318.86,18665.5,1176.77,46.3844,0.482746,1085.4,280744,112.784,23.1957,0.267264,89.3214,62.2749,23.1887,0.0718272,39.0144,175.059,0,0,0
900,2,0,12,1,1,1,4318.34,18642.7,1176.9,46.3844,0.517824,1085.5,280742,116.552,23.1957,0.302342,93.0537,74.1234,23.1887,0.0718272,50.8629,190.675,0,0,0
900,2,0,13,1,1,1,4319.05,18668.4,1176.59,46.3844,0.517824,1085.19,280747,119.281,23.1957,0.302342,95.7825,70.3261,23.1887,0.0718272,47.0656,189.607,0,0,0
900,2,0,14,1,1,1,4318.22,24645.8,1182.6,52.1883,0.71159,1085.38,280739,181.879,28.9996,0.496109,152.015,28.3916,23.1887,0.0718272,5.13105,210.27,0,0,0
900,2,0,15,1,1,1,4316.94,18637.3,1177.09,46.3844,0.482746,1085.73,280738,96.5285,23.1957,0.267264,73.0655,50.6826,23.1887,0.0718272,27.4221,147.211,0,0,0
900,2,0,16,1,1,1,4326.48,18642.9,1176.9,46.3844,0.482746,1085.54,280742,87.6398,23.1957,0.267264,64.1769,44.4723,23.1887,0.0718272,21.2118,132.112,0,0,0
900,2,0,17,1,1,1,4324.97,18672.9,1177.03,46.3844,0.482746,1085.67,280740,119.352,23.1957,0.267264,95.889,69.9182,23.1887,0.0718272,46.6577,189.27,0,0,0
900,2,0,18,1,1,1,4327.13,18655.5,1176.98,46.3844,0.517824,1085.58,280740,67.7698,23.1957,0.302342,44.2717,107.057,23.1887,0.0718272,83.7969,174.827,0,0,0
900,2,0,19,1,1,1,4319.3,18640,1176.9,46.3844,0.482746,1085.54,280742,116.791,23.1957,0.267264,93.328,66.2905,23.1887,0.0718272,43.03,183.082,0,0,0
900,2,0,20,1,1,1,4316.68,18637.1,1177.07,46.3844,0.482746,1085.71,280739,64.6792,23.1957,0.267264,41.2162,111.93,23.1887,0.0718272,88.6698,176.61,0,0,0
900,2,0,21,1,1,1,4358.18,18686.7,1176.78,46.3844,0.552902,1085.35,280744,79.7825,23.1957,0.302342,56.2845,108.702,23.1887,0.106906,85.4067,188.485,0,0,0
900,2,0,22,1,1,1,4342.01,18657.6,1177.14,46.3844,0.6264,1085.63,280737,68.5775,23.1957,0.267264,45.1146,109.629,23.1887,0.0718272,86.3687,178.207,0,0,0
900,2,0,23,1,1,1,4324.65,18639.8,1176.83,46.3844,0.661478,1085.29,280743,62.6109,23.1957,0.267264,39.1479,114.53,23.1887,0.106906,91.2344,177.141,0,0,0
900,2,0,24,1,1,1,4316.87,18671.8,1176.91,46.3844,0.678182,1085.35,280741,122.628,23.1957,0.462701,98.9698,118.135,23.1887,0.0718272,94.8747,240.763,0,0,0
900,2,0,25,1,1,1,4327.58,18663.8,1177.11,46.3844,0.482746,1085.75,280738,88.1975,23.1957,0.267264,64.7346,45.1202,23.1887,0.0718272,21.8597,133.318,0,0,0
900,2,0,26,1,1,1,4318.54,18647.6,1177.21,46.3844,0.517824,1085.81,280736,66.7447,23.1957,0.302342,43.2466,106.989,23.1887,0.0718272,83.7283,173.733,0,0,0
900,2,0,27,1,1,1,4323.88,18643.5,1176.96,46.3844,0.482746,1085.6,280741,107.606,23.1957,0.267264,84.1434,110.302,23.1887,0.0718272,87.0419,217.909,0,0,0
900,2,0,28,1,1,1,4348.77,18702.2,1177.03,46.3844,0.482746,1085.67,280740,113.039,23.1957,0.267264,89.5758,106.727,23.1887,0.0718272,83.4666,219.766,0,0,0
900,2,0,29,1,1,1,4325.51,18656,1177.07,46.3844,0.482746,1085.71,280739,116.365,23.1957,0.267264,92.9021,66.5631,23.1887,0.0718272,43.3026,182.928,0,0,0
900,2,0,30,1,1,1,4326.79,18638.4,1177.01,46.3844,0.482746,1085.65,280740,83.1477,23.1957,0.267264,59.6847,107.649,23.1887,0.0718272,84.3888,190.797,0,0,0
900,2,0,31,1,1,1,4369.64,18711.6,1176.88,46.3844,0.482746,1085.52,280742,111.355,23.1957,0.267264,87.892,116.825,23.1887,0.0718272,93.5644,228.18,0,0,0
900,2,0,32,1,1,1,4376.37,18698.3,1177.03,46.3844,0.482746,1085.67,280740,113.279,23.1957,0.267264,89.8159,122.176,23.1887,0.0718272,98.9157,235.455,0,0,0
900,2,0,33,1,1,1,4324.68,18658.5,1176.76,46.3844,0.552902,1085.32,280744,111.594,23.1957,0.302342,88.0959,61.0953,23.1887,0.106906,37.7997,172.689,0,0,0
900,2,0,34,1,1,1,4320.58,18657,1176.74,46.3844,0.552902,1085.31,280744,118.39,23.1957,0.337421,94.8567,116.677,23.1887,0.0718272,93.4164,235.067,0,0,0
900,2,0,35,1,1,1,4363.73,18697.4,1176.75,46.3844,0.658138,1085.21,280743,114.686,23.1957,0.337421,91.1532,120.533,23.1887,0.177062,97.1668,235.219,0,0,0
900,2,0,36,1,1,1,4318.98,18662.9,1177,46.3844,0.678182,1085.44,280740,106.858,23.1957,0.462701,83.1995,116.977,23.1887,0.0718272,93.716,223.834,0,0,0
900,2,0,37,1,1,1,4327.1,18640.3,1176.79,46.3844,0.482746,1085.42,280744,98.7376,23.1957,0.267264,75.2746,118.11,23.1887,0.0718272,94.8495,216.848,0,0,0
900,2,0,38,1,1,1,4342.96,18697.5,1177.29,46.3844,0.661478,1085.75,280734,117.131,23.1957,0.302342,93.633,114.869,23.1887,0.0718272,91.608,232,0,0,0
900,2,0,39,1,1,1,4316.62,18635.5,1177.15,46.3844,0.482746,1085.79,280737,63.2299,23.1957,0.267264,39.767,110.943,23.1887,0.0718272,87.6826,174.173,0,0,0
900,2,0,40,1,1,1,4319.18,24642.7,1182.58,52.1883,0.536198,1085.54,280740,243.252,28.9996,0.320717,213.742,114.908,23.1887,0.0718272,91.6477,358.16,0,0,0
900,2,0,41,1,1,1,4358.41,18700.7,1177.12,46.3844,1.05402,1085.18,280736,111.38,23.1957,0.337421,87.8468,121.061,23.1887,0.141984,97.7299,232.441,0,0,0
900,2,0,42,1,1,1,4327.6,18654.6,1177.03,46.3844,0.517824,1085.63,280739,116.046,23.1957,0.302342,92.5483,73.4195,23.1887,0.0718272,50.159,189.466,0,0,0
900,2,0,43,1,1,1,4324.64,18671.4,1177,46.3844,0.482746,1085.64,280740,116.139,23.1957,0.267264,92.6765,111.295,23.1887,0.0718272,88.0345,227.434,0,0,0
900,2,0,44,1,1,1,4318.29,18648.9,1177.03,46.3844,0.517824,1085.64,280739,107.812,23.1957,0.267264,84.3491,112.321,23.1887,0.106906,89.0254,220.133,0,0,0
900,2,0,45,1,1,1,4332.55,18669.2,1177.09,46.3844,0.770054,1085.44,280738,115.881,23.1957,0.267264,92.4184,114.697,23.1887,0.0718272,91.4366,230.578,0,0,0
900,2,0,46,1,1,1,4321.93,18639.7,1176.94,46.3844,0.482746,1085.58,280741,118.906,23.1957,0.267264,95.4432,73.8328,23.1887,0.0718272,50.5723,192.739,0,0,0
900,2,0,47,1,1,1,4316.87,18675.6,1177.09,46.3844,0.552902,1085.65,280738,114.446,23.1957,0.337421,90.9132,89.1501,23.1887,0.0718272,65.8896,203.596,0,0,0
900,2,0,48,1,1,1,4318.22,18639.3,1177.15,46.3844,0.482746,1085.79,280737,113.921,23.1957,0.267264,90.4584,66.1913,23.1887,0.0718272,42.9308,180.113,0,0,0
900,2,0,49,1,1,1,4319.94,18644.7,1176.92,46.3844,0.482746,1085.56,280742,123.057,23.1957,0.267264,99.5943,114.798,23.1887,0.0718272,91.5377,237.855,0,0,0
900,2,0,50,1,1,1,4317.9,18634.5,1176.92,46.3844,0.482746,1085.56,280742,68.1408,23.1957,0.267264,44.6778,114.231,23.1887,0.0718272,90.9709,182.372,0,0,0
900,2,0,51,1,1,1,4335.72,18651.5,1177.15,46.3844,0.517824,1085.75,280737,108.507,23.1957,0.267264,85.044,111.011,23.1887,0.106906,87.7151,219.518,0,0,0
900,2,0,52,1,1,1,4341.36,18684.6,1176.9,46.3844,0.482746,1085.54,280742,116.901,23.1957,0.267264,93.4381,113.356,23.1887,0.0718272,90.0956,230.257,0,0,0
900,2,0,53,1,1,1,4320.9,18636.5,1176.9,46.3844,0.482746,1085.54,280742,120.455,23.1957,0.267264,96.9918,119.662,23.1887,0.0718272,96.4016,240.117,0,0,0
900,2,0,54,1,1,2,10320.5,24648.3,1199.43,69.5741,0.519494,1085.54,280741,117.924,23.1957,0.267264,94.4614,254.808,46.3784,0.108576,208.321,372.732,1,0,0
900,2,0,55,1,0,0,-1,-1,1154.6,23.1957,0.302342,1085.9,280739,-1,-1,-1,-1,-1,-1,-1,-1,-1,0,0,0
900,2,0,56,1,1,1,4365.67,18696.1,1177.15,46.3844,0.482746,1085.79,280737,113.021,23.1957,0.267264,89.5578,121.395,23.1887,0.0718272,98.1342,234.415,0,0,0
900,2,0,57,1,1,1,4314.38,24650.4,1182.51,52.1883,0.696557,1085.31,280742,248.12,28.9996,0.481075,218.462,66.4277,23.1887,0.0718272,43.1672,314.548,0,0,0
900,2,0,58,1,1,1,4319.3,18714.9,1176.98,46.3844,0.482746,1085.62,280741,122.987,23.1957,0.267264,99.5239,118.684,23.1887,0.0718272,95.4234,241.671,0,0,0
900,2,0,59,1,1,1,4323.4,18659.4,1176.96,46.3844,0.482746,1085.6,280741,114.928,23.1957,0.267264,91.4655,114.858,23.1887,0.0718272,91.5972,229.786,0,0,0
900,2,0,60,1,1,1,4315.98,18634.8,1176.79,46.3844,0.482746,1085.42,280744,73.8115,23.1957,0.267264,50.3485,114.161,23.1887,0.0718272,90.9006,187.973,0,0,0
900,2,0,61,1,1,1,4319.51,18633,1177.04,46.3844,0.482746,1085.68,280739,68.5775,23.1957,0.267264,45.1146,109.059,23.1887,0.0718272,85.7984,177.636,0,0,0
900,2,0,62,1,1,2,10318.3,24631.5,1199.4,69.5741,0.663149,1085.36,280741,68.8735,23.1957,0.267264,45.4106,264.669,46.3784,0.25223,218.038,333.542,1,0,0
900,2,0,63,1,1,1,4375.97,18713.9,1177.07,46.3844,0.517824,1085.67,280739,112.069,23.1957,0.302342,88.5706,116.937,23.1887,0.0718272,93.6763,229.005,0,0,0
900,2,0,64,1,1,1,4314.7,18643,1177.03,46.3844,0.482746,1085.67,280740,115.455,23.1957,0.267264,91.9925,112.836,23.1887,0.0718272,89.5758,228.292,0,0,0
900,2,0,65,1,1,1,4335.93,18652,1176.94,46.3844,0.482746,1085.58,280741,115.049,23.1957,0.267264,91.5864,113.686,23.1887,0.0718272,90.4259,228.736,0,0,0
900,2,0,66,1,1,1,4357.36,18680.9,1177.13,46.3844,0.482746,1085.77,280738,79.511,23.1957,0.267264,56.0481,108.591,23.1887,0.0718272,85.3309,188.102,0,0,0
900,2,0,67,1,1,1,4315.66,18632.1,1176.75,46.3844,0.482746,1085.39,280745,66.5869,23.1957,0.267264,43.1239,105.388,23.1887,0.0718272,82.1274,171.975,0,0,0
900,2,0,68,1,1,1,4317.9,18633.4,1177.13,46.3844,0.482746,1085.77,280738,117.139,23.1957,0.267264,93.6763,65.9404,23.1887,0.0718272,42.6799,183.08,0,0,0
900,2,0,69,1,1,1,4327.05,18661.6,1177.05,46.3844,0.517824,1085.65,280739,70.8921,23.1957,0.302342,47.394,115.009,23.1887,0.0718272,91.7488,185.901,0,0,0
900,2,0,70,1,1,1,4317.67,18635.3,1176.98,46.3844,0.482746,1085.62,280741,112.259,23.1957,0.267264,88.7962,71.6652,23.1887,0.0718272,48.4047,183.924,0,0,0
900,2,0,71,1,1,1,4330.15,18655.8,1177.04,46.3844,0.482746,1085.68,280739,73.9035,23.1957,0.267264,50.4406,114.062,23.1887,0.0718272,90.8013,187.965,0,0,0
900,2,0,72,1,1,1,4320.84,18689.2,1176.89,46.3844,0.517824,1085.5,280742,122.141,23.1957,0.302342,98.6431,118.332,23.1887,0.0718272,95.0714,240.473,0,0,0
900,2,0,73,1,1,1,4322.3,24641.7,1182.85,52.1883,0.891994,1085.45,280735,247.155,28.9996,0.676512,217.302,113.939,23.1887,0.0718272,90.6786,361.094,0,0,0
900,2,0,74,1,1,1,4327.05,18674.2,1176.9,46.3844,0.517824,1085.5,280742,121.878,23.1957,0.302342,98.3796,69.6962,23.1887,0.0718272,46.4357,191.574,0,0,0
900,2,0,75,1,1,1,4317.9,18634,1176.79,46.3844,0.482746,1085.42,280744,85.6961,23.1957,0.267264,62.2331,43.1241,23.1887,0.0718272,19.8636,128.82,0,0,0
900,2,0,76,1,1,1,4345.95,18665.5,1177.11,46.3844,0.482746,1085.75,280738,59.9037,23.1957,0.267264,36.4407,116.229,23.1887,0.0718272,92.9689,176.133,0,0,0
900,2,0,77,1,1,1,4317.8,18660.5,1177.03,46.3844,0.482746,1085.67,280740,116.392,23.1957,0.267264,92.9292,115.235,23.1887,0.0718272,91.9744,231.627,0,0,0
900,2,0,78,1,1,1,4314.7,18634.8,1177.02,46.3844,0.482746,1085.66,280740,111.914,23.1957,0.267264,88.4514,65.2023,23.1887,0.0718272,41.9417,177.117,0,0,0
900,2,0,79,1,1,1,4319.35,18649.7,1176.83,46.3844,0.482746,1085.46,280743,119.906,23.1957,0.267264,96.4431,120.402,23.1887,0.0718272,97.1416,240.308,0,0,0
900,2,0,80,1,1,1,4316.94,18635.5,1176.9,46.3844,0.482746,1085.54,280742,60.1708,23.1957,0.267264,36.7078,114.311,23.1887,0.0718272,91.0504,174.482,0,0,0
900,2,0,81,1,1,1,4315.66,18646.8,1177.15,46.3844,0.482746,1085.79,280737,108.686,23.1957,0.267264,85.2227,113.448,23.1887,0.0718272,90.1877,222.134,0,0,0
900,2,0,82,1,1,1,4317.26,18634.3,1177.03,46.3844,0.482746,1085.67,280740,114.555,23.1957,0.267264,91.0919,121.738,23.1887,0.0718272,98.4771,236.292,0,0,0
900,2,0,83,1,1,1,4318.54,18637.8,1177.05,46.3844,0.482746,1085.69,280739,118.894,23.1957,0.267264,95.4306,66.5198,23.1887,0.0718272,43.2593,185.413,0,0,0
900,2,0,84,1,1,1,4317.58,24635.2,1182.61,52.1883,0.536198,1085.56,280740,246.485,28.9996,0.320717,216.986,66.1768,23.1887,0.0718272,42.9163,312.662,0,0,0
900,2,0,85,1,1,1,4315.98,18633.3,1177.15,46.3844,0.482746,1085.79,280737,106.433,23.1957,0.267264,82.9703,117.522,23.1887,0.0718272,94.2611,223.955,0,0,0
900,2,0,86,1,1,1,4319.18,18664.2,1176.88,46.3844,0.713261,1085.29,280742,113.486,23.1957,0.497779,89.7924,116.639,23.1887,0.0718272,93.3785,230.125,0,0,0
900,2,0,87,1,1,1,4338.34,18668.1,1176.81,46.3844,0.6264,1085.31,280743,99.5389,23.1957,0.267264,76.0759,117.78,23.1887,0.0718272,94.5192,217.319,0,0,0
900,2,0,88,1,1,1,4316.04,18639.9,1177.09,46.3844,0.517824,1085.69,280738,63.2271,23.1957,0.302342,39.7291,111.835,23.1887,0.0718272,88.5742,175.062,0,0,0
900,2,0,89,1,1,1,4320.39,18647,1176.77,46.3844,0.482746,1085.4,280744,112.851,23.1957,0.267264,89.3881,122.077,23.1887,0.0718272,98.8164,234.928,0,0,0
900,2,0,90,1,1,1,4315.66,24639.9,1182.66,52.1883,0.536198,1085.61,280739,182.941,28.9996,0.320717,153.256,29.0395,23.1887,0.0718272,5.77897,211.981,0,0,0
900,2,0,91,1,1,1,4320.46,18661.3,1177.07,46.3844,0.482746,1085.71,280739,104.325,23.1957,0.267264,80.8623,54.6315,23.1887,0.0718272,31.371,158.957,0,0,0
900,2,0,92,1,1,1,4318.71,24673.8,1182.65,52.1883,1.12251,1085.02,280738,250.196,28.9996,0.907027,220.115,70.6564,23.1887,0.0718272,47.3959,320.852,0,0,0
900,2,0,93,1,1,1,4338.21,18655.5,1176.55,46.3844,0.517824,1085.15,280748,116.95,23.1957,0.267264,93.4868,117.116,23.1887,0.106906,93.8207,234.066,0,0,0
900,2,0,94,1,1,1,4321.16,18637.4,1176.65,46.3844,0.517824,1085.25,280746,110.523,23.1957,0.267264,87.0599,114.389,23.1887,0.106906,91.0937,224.912,0,0,0
900,2,0,95,1,1,1,4316.94,18638.7,1177.05,46.3844,0.482746,1085.69,280739,112.061,23.1957,0.267264,88.5976,116.556,23.1887,0.0718272,93.2955,228.617,0,0,0
900,2,0,96,1,1,1,4347.85,18671,1177.05,46.3844,0.517824,1085.65,280739,62.2272,23.1957,0.302342,38.7292,117.964,23.1887,0.0718272,94.7033,180.191,0,0,0
900,2,0,97,1,1,1,4332.68,18671.3,1177.02,46.3844,0.696557,1085.44,280739,74.9681,23.1957,0.337421,51.435,114.852,23.1887,0.0718272,91.5918,189.82,0,0,0
900,2,0,98,1,1,1,4313.1,18633.2,1177.08,46.3844,0.6264,1085.57,280738,69.6821,23.1957,0.267264,46.2191,109.25,23.1887,0.0718272,85.9897,178.932,0,0,0
900,2,0,99,1,1,1,4336.33,18657.2,1177.12,46.3844,0.6264,1085.61,280738,65.1484,23.1957,0.267264,41.6855,112.428,23.1887,0.0718272,89.1679,177.577,0,0,0
900,2,0,100,1,1,1,4323.29,18636.8,1176.81,46.3844,0.482746,1085.44,280744,78.0239,23.1957,0.267264,54.5609,113.925,23.1887,0.0718272,90.6641,191.949,0,0,0
900,2,0,101,1,1,1,4352.14,18682.8,1176.78,46.3844,0.552902,1085.35,280744,107.719,23.1957,0.302342,84.221,112.381,23.1887,0.106906,89.0849,220.1,0,0,0
900,2,0,102,1,1,1,4322.8,18646.8,1176.8,46.3844,0.482746,1085.44,280744,113.508,23.1957,0.267264,90.0451,79.5378,23.1887,0.0718272,56.2773,193.046,0,0,0
900,2,0,103,1,1,1,4320.58,18634.1,1176.77,46.3844,0.482746,1085.4,280744,113.663,23.1957,0.267264,90.2003,64.4623,23.1887,0.0718272,41.2018,178.126,0,0,0
900,2,0,104,1,1,1,4354.5,18680,1177.03,46.3844,0.482746,1085.67,280740,114.961,23.1957,0.267264,91.4979,122.221,23.1887,0.0718272,98.9608,237.182,0,0,0
900,2,0,105,1,1,1,4326.15,18674.7,1177.09,46.3844,0.6264,1085.58,280738,109.922,23.1957,0.267264,86.4589,114.089,23.1887,0.0718272,90.8284,224.011,0,0,0
900,2,0,106,1,1,1,4318.86,18650.1,1176.85,46.3844,0.678182,1085.29,280742,121.625,23.1957,0.462701,97.9663,117.388,23.1887,0.0718272,94.1275,239.013,0,0,0
900,2,0,107,1,1,1,4332.91,18643.9,1176.85,46.3844,0.482746,1085.48,280743,68.0812,23.1957,0.267264,44.6183,109.575,23.1887,0.0718272,86.3146,177.656,0,0,0
900,2,0,108,1,1,1,4364.52,18677.4,1177.01,46.3844,0.482746,1085.65,280740,85.4272,23.1957,0.267264,61.9642,109.395,23.1887,0.0718272,86.1341,194.822,0,0,0
900,2,0,109,1,1,1,4323.56,18660.4,1176.66,46.3844,0.552902,1085.23,280746,112.003,23.1957,0.267264,88.5399,61.9335,23.1887,0.141984,38.6029,173.936,0,0,0
900,2,0,110,1,1,1,4321.7,18643.3,1176.94,46.3844,0.482746,1085.58,280741,114.161,23.1957,0.267264,90.6984,82.8893,23.1887,0.0718272,59.6288,197.051,0,0,0
900,2,0,111,1,1,1,4328.71,18677,1176.96,46.3844,0.770054,1085.31,280740,115.76,23.1957,0.267264,92.2975,116.54,23.1887,0.0718272,93.2793,232.3,0,0,0
900,2,0,112,1,1,1,4316.68,18636.4,1176.9,46.3844,0.482746,1085.54,280742,72.8748,23.1957,0.267264,49.4118,112.178,23.1887,0.0718272,88.9171,185.052,0,0,0
900,2,0,113,1,1,1,4345.17,18721.1,1177.01,46.3844,0.731635,1085.4,280739,122.725,23.1957,0.497779,99.0312,119.036,23.1887,0.0902016,95.7573,241.761,0,0,0
900,2,0,114,1,1,1,4326.95,18641.4,1176.9,46.3844,0.517824,1085.5,280742,72.373,23.1957,0.267264,48.9101,111.911,23.1887,0.106906,88.6157,184.284,0,0,0
900,2,0,115,1,1,1,4315.98,18631.4,1177.11,46.3844,0.482746,1085.75,280738,119.123,23.1957,0.267264,95.6598,70.9361,23.1887,0.0718272,47.6756,190.059,0,0,0
900,2,0,116,1,1,1,4323.43,24680.2,1182.44,52.1883,0.840211,1085.09,280742,254.836,28.9996,0.481075,225.194,82.6781,23.1887,0.0718272,59.4176,337.514,0,0,0
900,2,0,117,1,1,1,4314.7,18636.4,1177.09,46.3844,0.482746,1085.73,280738,91.3884,23.1957,0.267264,67.9255,47.3907,23.1887,0.0718272,24.1302,138.779,0,0,0
900,2,0,118,1,1,1,4315.98,18638.2,1176.91,46.3952,0.50112,1085.52,280742,84.184,23.2065,0.285638,60.6918,42.1261,23.1887,0.0718272,18.8656,126.31,0,0,0
900,2,0,119,1,1,1,4329.42,18704.3,1176.75,46.3844,0.482746,1085.39,280745,123.328,23.1957,0.267264,99.865,118.37,23.1887,0.0718272,95.1094,241.698,0,0,0
900,2,0,120,1,1,1,4317.26,18648.8,1176.9,46.3844,0.482746,1085.54,280742,113.149,23.1957,0.267264,89.6859,67.0413,23.1887,0.0718272,43.7808,180.19,0,0,0
900,2,0,121,1,0,0,-1,-1,1154.47,23.1957,0.267264,1085.81,280742,-1,-1,-1,-1,-1,-1,-1,-1,-1,0,0,0
900,2,0,122,1,1,1,4317.51,18651.5,1176.96,46.3844,0.482746,1085.6,280741,108.666,23.1957,0.267264,85.2028,55.9274,23.1887,0.0718272,32.6669,164.593,0,0,0
900,2,0,123,1,1,1,4325.06,18640.5,1177.07,46.3844,0.482746,1085.71,280739,75.1163,23.1957,0.267264,51.6534,112.858,23.1887,0.0718272,89.5975,187.974,0,0,0
900,2,0,124,1,0,0,-1,-1,1154.49,23.1957,0.267264,1085.83,280742,-1,-1,-1,-1,-1,-1,-1,-1,-1,0,0,0
900,2,0,125,1,1,1,4339.03,18658.8,1177.11,46.3844,0.678182,1085.55,280738,115.142,23.1957,0.462701,91.4835,114.721,23.1887,0.0718272,91.46,229.862,0,0,0
900,2,0,126,1,1,1,4317.9,18641.5,1176.85,46.3844,0.713261,1085.25,280742,82.918,23.1957,0.497779,59.2245,41.8897,23.1887,0.0718272,18.6291,124.808,0,0,0
900,2,0,127,1,1,1,4348.65,18670.5,1176.84,46.3844,0.517824,1085.44,280743,116.726,23.1957,0.267264,93.263,114.537,23.1887,0.106906,91.2417,231.263,0,0,0
900,2,0,128,1,1,1,4348.65,18702.5,1176.94,46.3844,0.517824,1085.54,280741,107.757,23.1957,0.302342,84.2589,112.039,23.1887,0.0718272,88.7781,219.796,0,0,0
900,2,0,129,1,1,1,4317.26,18633.7,1177,46.3844,0.482746,1085.64,280740,109.007,23.1957,0.267264,85.5439,57.6961,23.1887,0.0718272,34.4356,166.703,0,0,0
900,2,0,130,1,1,1,4335.41,18650.5,1176.73,46.3844,0.482746,1085.37,280745,58.6187,23.1957,0.267264,35.1557,115.166,23.1887,0.0718272,91.9058,173.785,0,0,0
900,2,0,131,1,1,1,4327.06,18686.3,1177.06,46.3844,0.678182,1085.5,280739,93.1811,23.1957,0.462701,69.5227,48.9175,23.1887,0.0718272,25.657,142.099,0,0,0
900,2,0,132,1,1,1,4319.82,18642.1,1176.73,46.3844,0.482746,1085.37,280745,101.114,23.1957,0.267264,77.6515,52.8628,23.1887,0.0718272,29.6023,153.977,0,0,0
900,2,0,133,1,1,1,4344.1,18679.6,1176.84,46.3844,0.517824,1085.44,280743,115.171,23.1957,0.302342,91.673,120.48,23.1887,0.0718272,97.2192,235.651,0,0,0
900,2,0,134,1,1,1,4317.26,18649.3,1176.91,46.3844,0.678182,1085.35,280741,116.916,23.1957,0.462701,93.2576,73.0026,23.1887,0.0718272,49.7421,189.919,0,0,0
900,2,0,135,0,0,0,-1,-1,1154.59,23.206,0.551232,1085.64,280739,-1,-1,-1,-1,-1,-1,-1,-1,-1,0,0,0
900,2,0,136,1,1,1,4335.28,18660.6,1177.13,46.3844,0.482746,1085.77,280738,121.202,23.1957,0.267264,97.7389,118.161,23.1887,0.0718272,94.9,239.362,0,0,0
900,2,0,137,1,1,1,4316.62,18663.8,1177,46.3844,0.678182,1085.44,280740,106.638,23.1957,0.462701,82.9793,111.71,23.1887,0.0718272,88.4496,218.348,0,0,0
900,2,0,138,1,1,1,4314.38,18628.5,1177.09,46.3844,0.482746,1085.73,280738,89.7659,23.1957,0.267264,66.3029,113.419,23.1887,0.0718272,90.1588,203.185,0,0,0
900,2,0,139,1,1,1,4320.52,18669.3,1176.88,46.3844,0.552902,1085.45,280742,111.446,23.1957,0.302342,87.9479,120.998,23.1887,0.106906,97.7028,232.444,0,0,0
900,2,0,140,1,1,1,4329.06,18664.6,1177.09,46.3844,0.713261,1085.5,280738,119.093,23.1957,0.497779,95.3999,70.5084,23.1887,0.0718272,47.2479,189.602,0,0,0
900,2,0,141,1,1,1,4340.26,18687.3,1177.09,46.3844,0.517824,1085.69,280738,118.865,23.1957,0.302342,95.3674,69.4742,23.1887,0.0718272,46.2137,188.34,0,0,0
900,2,0,142,1,1,1,4317.26,18641.5,1176.98,46.3844,0.517824,1085.58,280740,121.726,23.1957,0.302342,98.228,116.908,23.1887,0.0718272,93.6475,238.634,0,0,0
900,2,0,143,1,1,1,4315.66,18636.9,1176.82,46.3844,0.482746,1085.46,280743,113.394,23.1957,0.267264,89.9314,69.9814,23.1887,0.0718272,46.7209,183.376,0,0,0
900,2,0,144,1,1,1,4315.66,18654.9,1176.81,46.3844,0.482746,1085.44,280744,99.9739,23.1957,0.267264,76.5109,52.0561,23.1887,0.0718272,28.7956,152.03,0,0,0
900,2,0,145,1,1,1,4322.92,18643.3,1177.12,46.3844,0.6264,1085.61,280738,121.787,23.1957,0.267264,98.3237,116.717,23.1887,0.0718272,93.4562,238.503,0,0,0
900,2,0,146,1,1,1,4321.22,18644.4,1176.9,46.3844,0.482746,1085.54,280742,87.7193,23.1957,0.267264,64.2563,110.896,23.1887,0.0718272,87.6357,198.615,0,0,0
900,2,0,147,1,1,1,4359.98,18702.6,1177.13,46.3844,0.517824,1085.73,280738,112.054,23.1957,0.302342,88.5561,66.3411,23.1887,0.0718272,43.0806,178.395,0,0,0
900,2,0,148,1,1,1,4334.28,18650.8,1176.94,46.3844,0.482746,1085.58,280741,76.4735,23.1957,0.267264,53.0106,115.446,23.1887,0.0718272,92.1856,191.92,0,0,0
900,2,0,149,1,1,1,4327.98,18670.6,1177.1,46.3844,0.6264,1085.59,280738,111.9,23.1957,0.267264,88.437,65.5343,23.1887,0.0718272,42.2738,177.434,0,0,0
900,2,0,150,1,1,1,4317.9,18643.7,1176.89,46.3844,0.6264,1085.38,280742,114.669,23.1957,0.267264,91.2056,65.9025,23.1887,0.0718272,42.642,180.571,0,0,0
900,2,0,151,1,1,1,4328.43,18655.3,1176.86,46.3844,0.482746,1085.5,280743,114.336,23.1957,0.267264,90.8735,85.0316,23.1887,0.0718272,61.7711,199.368,0,0,0
900,2,0,152,1,1,1,4328.1,18647.3,1177.15,46.3844,0.517824,1085.75,280737,63.0123,23.1957,0.302342,39.5143,112.405,23.1887,0.0718272,89.1445,175.417,0,0,0
900,2,0,153,1,1,1,4349.82,18688.5,1176.97,46.3844,0.748339,1085.35,280740,67.7858,23.1957,0.462701,44.1274,110.876,23.1887,0.141984,87.5454,178.662,0,0,0
900,2,0,154,1,1,1,4354.57,18669.7,1177.04,46.3844,0.6264,1085.54,280739,71.8478,23.1957,0.267264,48.3849,108.952,23.1887,0.0718272,85.6919,180.8,0,0,0
900,2,0,155,1,1,1,4320.1,18679.9,1176.95,46.3844,0.552902,1085.52,280741,117.824,23.1957,0.302342,94.3261,113.765,23.1887,0.106906,90.4692,231.589,0,0,0
900,2,0,156,1,1,1,4332.94,18650.4,1176.92,46.3844,0.482746,1085.56,280742,94.2779,23.1957,0.267264,70.8149,118.478,23.1887,0.0718272,95.2176,212.756,0,0,0
900,2,0,157,1,1,1,4330.26,18643.2,1176.92,46.3844,0.482746,1085.56,280742,76.0476,23.1957,0.267264,52.5847,114.813,23.1887,0.0718272,91.5521,190.86,0,0,0
900,2,0,158,1,1,1,4349.52,18692.4,1176.9,46.3844,0.482746,1085.54,280742,112.385,23.1957,0.267264,88.9225,116.727,23.1887,0.0718272,93.467,229.113,0,0,0
900,2,0,159,1,1,1,4315.98,18637.7,1176.9,46.3844,0.517824,1085.5,280742,67.5622,23.1957,0.302342,44.0642,106.272,23.1887,0.0718272,83.0118,173.835,0,0,0
900,2,0,160,1,1,1,4349.07,18696.3,1176.71,46.3844,0.482746,1085.35,280745,119.217,23.1957,0.267264,95.7537,116.601,23.1887,0.0718272,93.3406,235.818,0,0,0
900,2,0,161,1,1,1,4326.95,18643.3,1177.01,46.3844,0.482746,1085.65,280740,67.9747,23.1957,0.267264,44.5118,107.352,23.1887,0.0718272,84.091,175.326,0,0,0
900,2,0,162,1,1,1,4324.33,18637.7,1177.03,46.3844,0.482746,1085.67,280740,67.2817,23.1957,0.267264,43.8187,115.625,23.1887,0.0718272,92.3642,182.906,0,0,0
900,2,0,163,1,1,1,4348.49,18686.7,1176.97,46.3844,0.552902,1085.54,280740,117.973,23.1957,0.267264,94.5102,120.938,23.1887,0.141984,97.6072,238.911,0,0,0
900,2,0,164,1,1,1,4321.81,18758.8,1176.99,46.3844,0.517824,1085.59,280740,113.103,23.1957,0.302342,89.6047,69.7901,23.1887,0.0718272,46.5295,182.893,0,0,0
900,2,0,165,1,1,1,4336.66,18678.9,1177.05,46.3844,0.552902,1085.61,280739,113.262,23.1957,0.302342,89.7635,104.234,23.1887,0.106906,80.9381,217.495,0,0,0
900,2,0,166,1,1,1,4321.03,18660.8,1177.19,46.3844,0.482746,1085.83,280737,118.428,23.1957,0.267264,94.965,116.773,23.1887,0.0718272,93.5121,235.201,0,0,0
900,2,0,167,1,1,1,4340.51,24665.9,1182.43,52.1883,0.606355,1085.31,280743,248.152,28.9996,0.390874,218.587,117.117,23.1887,0.0718272,93.8568,365.27,0,0,0
900,2,0,168,1,1,1,4315.34,18658.5,1177.07,46.3844,0.482746,1085.71,280739,116.695,23.1957,0.267264,93.2324,74.2371,23.1887,0.0718272,50.9766,190.932,0,0,0
900,2,0,169,1,1,1,4316.23,18633.3,1177.15,46.3844,0.482746,1085.79,280737,67.5596,23.1957,0.267264,44.0967,106.63,23.1887,0.0718272,83.3691,174.189,0,0,0
900,2,0,170,1,1,1,4319.82,18639.2,1177.04,46.3844,0.6264,1085.53,280739,77.4572,23.1957,0.267264,53.9942,115.61,23.1887,0.0718272,92.3498,193.067,0,0,0
900,2,0,171,1,1,1,4331.16,18680,1176.86,46.3844,0.517824,1085.46,280742,115.16,23.1957,0.302342,91.6622,97.667,23.1887,0.0718272,74.4065,212.827,0,0,0
900,2,0,172,1,1,1,4339.3,18674.2,1177.28,46.3844,0.6264,1085.77,280735,116.111,23.1957,0.267264,92.6476,114.089,23.1887,0.0718272,90.8284,230.199,0,0,0
900,2,0,173,1,1,1,4318.28,18681.9,1176.96,46.3844,0.482746,1085.6,280741,114.234,23.1957,0.267264,90.7706,121.992,23.1887,0.0718272,98.7316,236.226,0,0,0
900,2,0,174,1,1,1,4333.5,18655,1177.03,46.3844,0.517824,1085.63,280739,62.1922,23.1957,0.267264,38.7292,117.513,23.1887,0.106906,94.2178,179.706,0,0,0
900,2,0,175,1,0,0,-1,-1,1154.66,23.1957,0.267264,1086,280739,-1,-1,-1,-1,-1,-1,-1,-1,-1,0,0,0
900,2,0,176,1,1,1,4318.22,18635.9,1176.77,46.3844,0.482746,1085.4,280744,119.756,23.1957,0.267264,96.2933,70.9884,23.1887,0.0718272,47.7279,190.745,0,0,0
900,2,0,177,1,1,1,4322.74,18661.6,1176.82,46.3844,0.482746,1085.46,280743,114.389,23.1957,0.267264,90.9258,86.8725,23.1887,0.0718272,63.612,201.261,0,0,0
900,2,0,178,1,1,1,4355.66,18697.1,1176.9,46.3844,0.482746,1085.54,280742,112.537,23.1957,0.267264,89.0741,106.651,23.1887,0.0718272,83.3908,219.188,0,0,0
900,2,0,179,1,1,1,4316.94,18636.3,1177.17,46.3844,0.482746,1085.81,280737,69.9113,23.1957,0.267264,46.4483,109.445,23.1887,0.0718272,86.1846,179.356,0,0,0
900,2,0,180,1,1,1,4325.32,18640.7,1177.19,46.3844,0.482746,1085.83,280737,116.585,23.1957,0.267264,93.1223,68.339,23.1887,0.0718272,45.0785,184.924,0,0,0
900,2,0,181,1,1,1,4315.66,18659.2,1176.73,46.3844,0.482746,1085.37,280745,122.2,23.1957,0.267264,98.737,118.045,23.1887,0.0718272,94.7845,240.245,0,0,0
900,2,0,182,1,1,1,4326.79,18656.3,1177.05,46.3844,0.482746,1085.69,280739,111.304,23.1957,0.267264,87.8414,70.8531,23.1887,0.0718272,47.5926,182.157,0,0,0
900,2,0,183,1,1,1,4328.8,18670.8,1176.75,46.3844,0.517824,1085.35,280744,114.817,23.1957,0.267264,91.3536,115.292,23.1887,0.106906,91.9961,230.108,0,0,0
900,2,0,184,1,1,1,4318.54,18672.7,1176.7,46.3844,0.552902,1085.26,280745,113.64,23.1957,0.337421,90.1064,116.863,23.1887,0.0718272,93.6023,230.502,0,0,0
900,2,0,185,1,1,1,4316.3,24653,1182.32,52.1883,0.696557,1085.11,280745,249.09,28.9996,0.481075,219.435,115.598,23.1887,0.0718272,92.3372,364.688,0,0,0
900,2,0,186,1,1,1,4316.62,18629.8,1176.79,46.3844,0.482746,1085.42,280744,114.423,23.1957,0.267264,90.9601,115.466,23.1887,0.0718272,92.2054,229.889,0,0,0
900,2,0,187,1,1,1,4316.94,18632.1,1177.03,46.3844,0.482746,1085.67,280740,114.087,23.1957,0.267264,90.6244,66.6641,23.1887,0.0718272,43.4036,180.752,0,0,0
900,2,0,188,1,1,1,4316.74,18651,1177.17,46.3844,0.482746,1085.81,280737,115.307,23.1957,0.267264,91.8445,122.142,23.1887,0.0718272,98.8814,237.449,0,0,0
900,2,0,189,1,1,1,4392.39,18723.6,1176.6,46.3844,0.587981,1085.13,280746,115.06,23.1957,0.267264,91.5972,116.114,23.1887,0.177062,92.7487,231.175,0,0,0
900,2,0,190,1,1,1,4319.3,18652.7,1176.76,46.3844,0.517824,1085.36,280744,113.599,23.1957,0.302342,90.101,70.9144,23.1887,0.0718272,47.6539,184.514,0,0,0
900,2,0,191,1,1,1,4338.22,18671.6,1177.23,46.3844,0.517824,1085.83,280736,122.314,23.1957,0.267264,98.8507,117.1,23.1887,0.106906,93.8045,239.414,0,0,0
900,2,0,192,1,1,1,4327.3,18680.2,1177.08,46.3844,0.873619,1085.33,280738,118.124,23.1957,0.658138,94.2701,113.65,23.1887,0.0718272,90.3898,231.774,0,0,0
900,2,0,193,1,1,1,4331.02,18677.7,1176.92,46.3844,0.482746,1085.56,280742,119.393,23.1957,0.267264,95.9305,73.4177,23.1887,0.0718272,50.1572,192.811,0,0,0
900,2,0,194,0,0,0,-1,-1,1154.48,23.206,0.516154,1085.56,280741,-1,-1,-1,-1,-1,-1,-1,-1,-1,0,0,0
900,2,0,195,1,1,1,4327.75,18646.1,1176.9,46.3844,0.482746,1085.54,280742,75.5206,23.1957,0.267264,52.0577,112.481,23.1887,0.0718272,89.2203,188.001,0,0,0
900,2,0,196,1,1,1,4327.21,18677.3,1176.98,46.3844,0.482746,1085.62,280741,120.133,23.1957,0.267264,96.6705,70.3784,23.1887,0.0718272,47.1179,190.512,0,0,0
900,2,0,197,1,1,1,4333.62,18658.7,1177.04,46.3844,0.482746,1085.68,280739,85.6022,23.1957,0.267264,62.1393,108.528,23.1887,0.0718272,85.2678,194.131,0,0,0
900,2,0,198,1,1,1,4319.3,18638.6,1177.03,46.3844,0.482746,1085.67,280740,77.6557,23.1957,0.267264,54.1927,113.88,23.1887,0.0718272,90.619,191.535,0,0,0
900,2,0,199,1,1,1,4327.36,18680.5,1176.81,46.3844,0.482746,1085.44,280744,115.327,23.1957,0.267264,91.8643,91.3285,23.1887,0.0718272,68.068,206.656,0,0,0
900,2,0,200,1,1,1,4350.15,18665,1176.9,46.3844,0.517824,1085.5,280742,110.891,23.1957,0.267264,87.4281,113.842,23.1887,0.106906,90.5468,224.733,0,0,0
900,2,0,201,1,0,0,-1,-1,1154.74,23.1957,0.302342,1086.04,280737,-1,-1,-1,-1,-1,-1,-1,-1,-1,0,0,0
900,2,0,202,1,1,1,4332.44,18661.9,1176.92,46.3844,0.482746,1085.56,280742,111.649,23.1957,0.267264,88.1861,66.166,23.1887,0.0718272,42.9055,177.815,0,0,0
900,2,0,203,1,1,2,10322.9,24652.1,1199.41,69.5741,0.519494,1085.52,280741,112.552,23.1957,0.267264,89.0885,265.528,46.3784,0.108576,219.041,378.08,1,0,0
900,2,0,204,1,1,1,4319.82,18634.9,1176.69,46.3844,0.482746,1085.33,280746,114.903,23.1957,0.267264,91.4402,115.811,23.1887,0.0718272,92.5501,230.714,0,0,0
900,2,0,205,1,1,1,4320.24,18653.8,1176.79,46.3844,0.482746,1085.42,280744,115.031,23.1957,0.267264,91.5683,71.3711,23.1887,0.0718272,48.1106,186.402,0,0,0
900,2,0,206,1,1,1,4356.74,18697,1176.84,46.3844,0.805133,1085.15,280742,117.132,23.1957,0.267264,93.6691,114.377,23.1887,0.106906,91.081,231.509,0,0,0
900,2,0,207,1,1,1,4325.47,18641.5,1176.96,46.3844,0.482746,1085.6,280741,76.6685,23.1957,0.267264,53.2055,115.136,23.1887,0.0718272,91.8751,191.804,0,0,0
900,2,0,208,1,1,1,4334.54,18672.3,1176.78,46.3844,0.552902,1085.35,280744,118.514,23.1957,0.302342,95.0155,69.5346,23.1887,0.106906,46.239,188.048,0,0,0
900,2,0,209,1,1,1,4337.05,18669.8,1177.15,46.3844,0.482746,1085.79,280737,67.2167,23.1957,0.267264,43.7538,114.486,23.1887,0.0718272,91.2254,181.703,0,0,0
900,2,0,210,1,1,1,4328.54,18654.4,1176.94,46.3844,0.517824,1085.54,280741,112.084,23.1957,0.267264,88.6211,115.862,23.1887,0.106906,92.5664,227.946,0,0,0
900,2,0,211,1,1,1,4316.3,18633.2,1176.9,46.3844,0.482746,1085.54,280742,118.354,23.1957,0.267264,94.891,115.269,23.1887,0.0718272,92.0087,233.623,0,0,0
900,2,0,212,1,1,1,4331.24,18662.3,1177.14,46.3844,0.6264,1085.63,280737,60.1329,23.1957,0.267264,36.6699,114.527,23.1887,0.0718272,91.2669,174.66,0,0,0
900,2,0,213,1,1,1,4316.94,18658.1,1177.11,46.3844,0.482746,1085.75,280738,112.014,23.1957,0.267264,88.5507,60.4538,23.1887,0.0718272,37.1933,172.467,0,0,0
900,2,0,214,1,1,1,4333.83,18657.4,1177.06,46.3844,0.661478,1085.52,280738,114.399,23.1957,0.302342,90.9006,114.36,23.1887,0.0718272,91.0991,228.758,0,0,0
900,2,0,215,1,1,1,4330.34,18673.1,1176.92,46.3844,0.482746,1085.56,280742,117.201,23.1957,0.267264,93.7377,113.297,23.1887,0.0718272,90.0361,230.497,0,0,0
900,2,0,216,1,1,1,4358.73,18674.2,1176.9,46.3844,0.482746,1085.54,280742,67.2564,23.1957,0.267264,43.7935,110.613,23.1887,0.0718272,87.3523,177.869,0,0,0
900,2,0,217,1,1,1,4319.11,18660.9,1176.9,46.3844,0.517824,1085.5,280742,115.132,23.1957,0.267264,91.6694,87.4328,23.1887,0.106906,64.1372,202.565,0,0,0
900,2,0,218,1,1,1,4327.85,18663.7,1176.92,46.3844,0.482746,1085.56,280742,113.093,23.1957,0.267264,89.63,120.806,23.1887,0.0718272,97.5458,233.899,0,0,0
900,2,0,219,1,1,1,4317.64,18670.6,1176.71,46.3844,0.713261,1085.12,280745,115.533,23.1957,0.497779,91.8391,65.2167,23.1887,0.0718272,41.9562,180.749,0,0,0
900,2,0,220,1,1,1,4318.26,18643.6,1177.15,46.3844,0.552902,1085.71,280737,75.4626,23.1957,0.337421,51.9295,113.834,23.1887,0.0718272,90.5739,189.297,0,0,0
900,2,0,221,1,1,1,4315.02,18645.5,1177.19,46.3844,0.517824,1085.79,280737,110.414,23.1957,0.302342,86.9156,67.2218,23.1887,0.0718272,43.9613,177.635,0,0,0
900,2,0,222,1,1,1,4320.9,18639.6,1176.82,46.3844,0.482746,1085.46,280743,117.948,23.1957,0.267264,94.4849,74.2678,23.1887,0.0718272,51.0073,192.216,0,0,0
900,2,0,223,1,1,1,4324.77,18657.3,1176.75,46.3844,0.482746,1085.39,280745,114.266,23.1957,0.267264,90.8031,85.8582,23.1887,0.0718272,62.5977,200.124,0,0,0
900,2,0,224,1,1,1,4322.7,18648.1,1176.9,46.3844,0.482746,1085.54,280742,110.555,23.1957,0.267264,87.0924,67.803,23.1887,0.0718272,44.5425,178.358,0,0,0
900,2,0,225,1,1,1,4315.02,18642,1177.07,46.3844,0.482746,1085.71,280739,120.521,23.1957,0.267264,97.0585,70.0283,23.1887,0.0718272,46.7678,190.55,0,0,0
900,2,0,226,1,1,1,4320.52,18645.2,1176.9,46.3844,0.482746,1085.54,280742,113.56,23.1957,0.267264,90.0974,116.653,23.1887,0.0718272,93.393,230.214,0,0,0
900,2,0,227,1,1,1,4338.66,18663.4,1177.22,46.3844,0.821837,1085.52,280735,72.1425,23.1957,0.462701,48.4841,108.951,23.1887,0.0718272,85.6901,181.093,0,0,0
900,2,0,228,1,1,1,4319.62,18691.4,1176.84,46.3844,0.482746,1085.48,280743,116.627,23.1957,0.267264,93.1638,112.863,23.1887,0.0718272,89.6029,229.49,0,0,0
900,2,0,229,1,1,1,4328.71,18738.4,1176.75,46.3844,0.678182,1085.19,280744,112.018,23.1957,0.462701,88.3594,116.125,23.1887,0.0718272,92.8642,228.142,0,0,0
900,2,0,230,1,1,1,4318.66,18634.4,1176.9,46.3844,0.482746,1085.54,280742,68.1336,23.1957,0.267264,44.6706,106.469,23.1887,0.0718272,83.2085,174.603,0,0,0
900,2,0,231,1,1,1,4344.74,18677.2,1176.93,46.3844,0.661478,1085.38,280741,112.256,23.1957,0.302342,88.7583,115.294,23.1887,0.0718272,92.034,227.551,0,0,0
900,2,0,232,1,1,1,4319.82,18651.8,1176.88,46.3844,0.482746,1085.52,280742,115.338,23.1957,0.267264,91.8751,101.576,23.1887,0.0718272,78.3157,216.914,0,0,0
900,2,0,233,1,1,1,4338.4,18661.2,1176.84,46.3844,0.517824,1085.44,280743,116.398,23.1957,0.302342,92.9003,74.118,23.1887,0.0718272,50.8575,190.516,0,0,0
900,2,0,234,1,0,0,-1,-1,1154.66,23.1957,0.302342,1085.96,280738,-1,-1,-1,-1,-1,-1,-1,-1,-1,0,0,0
900,2,0,235,1,1,1,4316.62,30631.5,1188.19,57.9922,1.53176,1084.52,280738,341.362,34.8035,1.31628,304.515,38.9135,23.1887,0.0718272,15.653,380.275,0,0,0
900,2,0,236,1,1,2,10333.6,24653,1199.27,69.5741,0.519494,1085.39,280744,87.5442,23.1957,0.267264,64.0812,265.826,46.3784,0.108576,219.339,353.37,1,0,0
900,2,0,237,1,1,1,4314.7,18714.1,1177.02,46.3844,0.873619,1085.27,280739,116.119,23.1957,0.658138,92.265,75.8776,23.1887,0.0718272,52.6171,191.996,0,0,0
900,2,0,238,1,1,1,4329.64,24671.8,1182.86,52.1883,1.15926,1085.19,280734,249.006,28.9996,0.907027,218.924,116.059,23.1887,0.108576,92.7613,365.065,0,0,0
900,2,0,239,1,1,1,4317,18644.4,1177.09,46.3844,0.482746,1085.73,280738,114.75,23.1957,0.267264,91.2868,97.0804,23.1887,0.0718272,73.8199,211.83,0,0,0
900,2,0,240,1,1,1,4325.71,18664,1177.04,46.3844,0.678182,1085.48,280739,117.651,23.1957,0.462701,93.9922,114.002,23.1887,0.0718272,90.7417,231.653,0,0,0
900,2,0,241,1,1,1,4349.13,18695.9,1177.07,46.3844,0.482746,1085.71,280739,109.815,23.1957,0.267264,86.3525,114.582,23.1887,0.0718272,91.3211,224.397,0,0,0
900,2,0,242,1,1,1,4338.54,18685.4,1177,46.3844,0.696557,1085.43,280739,117.15,23.1957,0.337421,93.6168,113.578,23.1887,0.0718272,90.3176,230.728,0,0,0
900,2,0,243,1,1,1,4359.59,18677.4,1176.85,46.3844,0.6264,1085.34,280742,113.665,23.1957,0.267264,90.2021,102.905,23.1887,0.0718272,79.644,216.57,0,0,0
900,2,0,244,1,1,1,4337.22,18654.3,1176.94,46.3844,0.482746,1085.58,280741,121.947,23.1957,0.267264,98.4843,118.303,23.1887,0.0718272,95.0426,240.25,0,0,0
900,2,0,245,1,1,1,4331.72,18655.7,1176.9,46.3844,0.482746,1085.54,280742,63.8616,23.1957,0.267264,40.3986,113.392,23.1887,0.0718272,90.1317,177.254,0,0,0
900,2,0,246,1,1,1,4324.65,18639.9,1177.17,46.3844,0.482746,1085.81,280737,110.734,23.1957,0.267264,87.2711,67.5142,23.1887,0.0718272,44.2537,178.248,0,0,0
900,2,0,247,1,1,1,4329.83,18686.7,1177.02,46.3844,0.713261,1085.43,280739,105.985,23.1957,0.497779,82.2917,117.632,23.1887,0.0718272,94.3712,223.617,0,0,0
900,2,0,248,1,1,1,4328.52,18646.3,1176.9,46.3844,0.482746,1085.54,280742,117.578,23.1957,0.267264,94.1149,72.6687,23.1887,0.0718272,49.4082,190.247,0,0,0
900,2,0,249,1,1,1,4330.58,18657.1,1177.05,46.3844,0.696557,1085.48,280738,65.2536,23.1957,0.462701,41.5952,114.14,23.1887,0.0902016,90.8609,179.393,0,0,0
900,2,0,250,1,1,1,4318.57,18646.7,1176.69,46.3844,0.482746,1085.33,280746,113.091,23.1957,0.267264,89.6282,65.3936,23.1887,0.0718272,42.1331,178.485,0,0,0
900,2,0,251,1,1,1,4350.76,24672.1,1182.53,52.1883,0.679853,1085.34,280741,128.695,28.9996,0.320717,98.8525,108.323,23.1887,0.0718272,85.062,237.017,0,0,0
900,2,0,252,1,1,1,4325.83,18672,1177.09,46.3844,0.50112,1085.71,280738,115.528,23.1957,0.267264,92.0647,63.544,23.1887,0.0902016,40.2651,179.072,0,0,0
900,2,0,253,1,1,1,4331.56,18699.1,1177.25,46.3844,0.678182,1085.69,280735,123.827,23.1957,0.462701,100.168,118.269,23.1887,0.0718272,95.0083,242.095,0,0,0
900,2,0,254,1,1,1,4322.72,18638.5,1177.02,46.3844,0.482746,1085.66,280740,61.3186,23.1957,0.267264,37.8557,113.771,23.1887,0.0718272,90.5107,175.09,0,0,0
900,2,0,255,1,1,1,4336.3,18653,1176.69,46.3844,0.482746,1085.33,280746,115.984,23.1957,0.267264,92.5213,112.847,23.1887,0.0718272,89.5867,228.831,0,0,0
900,2,0,256,1,1,1,4334.82,18650.3,1177.02,46.3844,0.6264,1085.52,280739,106.63,23.1957,0.267264,83.167,111.871,23.1887,0.0718272,88.6103,218.501,0,0,0
900,2,0,257,1,1,1,4334.58,18661.2,1176.8,46.3844,0.517824,1085.4,280743,117.096,23.1957,0.267264,93.633,116.308,23.1887,0.106906,93.0122,233.404,0,0,0
900,2,0,258,1,1,1,4322.63,18653.3,1176.92,46.3844,0.482746,1085.56,280742,69.6821,23.1957,0.267264,46.2191,109.714,23.1887,0.0718272,86.4535,179.396,0,0,0
900,2,0,259,1,1,1,4315.66,18675.8,1177.13,46.3844,0.482746,1085.77,280738,109.438,23.1957,0.267264,85.9753,56.9868,23.1887,0.0718272,33.7263,166.425,0,0,0
900,2,0,260,1,1,1,4335.46,18669.8,1176.91,46.3844,0.661478,1085.37,280741,113.496,23.1957,0.302342,89.9982,116.274,23.1887,0.0718272,93.014,229.771,0,0,0
900,2,0,261,1,1,1,4336.82,18689.3,1177.23,46.3844,0.678182,1085.67,280736,114.119,23.1957,0.462701,90.4602,109.656,23.1887,0.0718272,86.3958,223.775,0,0,0
900,2,0,262,1,1,1,4318.86,18634.6,1177.05,46.3844,0.482746,1085.69,280739,113.472,23.1957,0.267264,90.009,108.471,23.1887,0.0718272,85.21,221.942,0,0,0
900,2,0,263,1,1,1,4316.62,18647,1176.9,46.3844,0.517824,1085.5,280742,117.929,23.1957,0.302342,94.4307,112.638,23.1887,0.0718272,89.3773,230.567,0,0,0
900,2,0,264,1,1,1,4350.25,18693.2,1177.06,46.3844,0.517824,1085.66,280739,74.379,23.1957,0.302342,50.8809,113.297,23.1887,0.0718272,90.0361,187.676,0,0,0
900,2,0,265,1,1,1,4322.45,24693.8,1182.69,52.1883,1.12251,1085.06,280737,248.295,28.9996,0.907027,218.206,117.713,23.1887,0.0718272,94.4524,366.008,0,0,0
900,2,0,266,1,1,1,4368.94,18688.6,1177.21,46.3844,0.948787,1085.38,280735,67.8899,23.1957,0.267264,44.427,110.106,23.1887,0.106906,86.8109,177.996,0,0,0
900,2,0,267,1,1,1,4321.18,18640.4,1176.9,46.3844,0.482746,1085.54,280742,115.493,23.1957,0.267264,92.0304,113.955,23.1887,0.0718272,90.6948,229.449,0,0,0
900,2,0,268,1,1,1,4315.98,18667.3,1176.92,46.3844,0.482746,1085.56,280742,111.582,23.1957,0.267264,88.1194,68.2127,23.1887,0.0718272,44.9522,179.795,0,0,0
900,2,0,269,1,1,1,4319.85,18645.4,1176.9,46.3844,0.482746,1085.54,280742,114.569,23.1957,0.267264,91.1063,120.86,23.1887,0.0718272,97.6,235.43,0,0,0
900,2,0,270,1,1,1,4337.54,18678.5,1176.94,46.3844,0.482746,1085.58,280741,109.644,23.1957,0.267264,86.181,113.946,23.1887,0.0718272,90.6858,223.59,0,0,0
900,2,0,271,1,1,1,4325.13,18641.9,1177.03,46.3844,0.482746,1085.67,280740,112.58,23.1957,0.267264,89.1174,122.191,23.1887,0.0718272,98.9301,234.771,0,0,0
900,2,0,272,1,1,1,4319.8,18662.5,1176.9,46.3844,0.482746,1085.54,280742,121.882,23.1957,0.267264,98.4194,118.552,23.1887,0.0718272,95.2916,240.434,0,0,0
900,2,0,273,1,1,1,4338.18,18673.3,1176.73,46.3844,0.517824,1085.33,280745,112.264,23.1957,0.302342,88.7655,115.213,23.1887,0.0718272,91.9528,227.477,0,0,0
900,2,0,274,1,1,1,4337.58,18681.5,1177.03,46.3844,0.6264,1085.52,280739,116.973,23.1957,0.267264,93.5103,111.647,23.1887,0.0718272,88.3865,228.62,0,0,0
900,2,0,275,1,1,1,4322.78,18675.8,1177.35,46.3844,0.678182,1085.79,280734,108.982,23.1957,0.462701,85.3237,111.492,23.1887,0.0718272,88.2313,220.474,0,0,0
900,2,0,276,1,1,1,4353.25,18679.1,1177.11,46.3844,0.805133,1085.42,280737,72.4099,23.1957,0.302342,48.9119,111.947,23.1887,0.0718272,88.6861,184.357,0,0,0
900,2,0,277,1,1,1,4319.11,18646.8,1176.94,46.3844,0.482746,1085.58,280741,113.93,23.1957,0.267264,90.4674,98.9935,23.1887,0.0718272,75.733,212.924,0,0,0
900,2,0,278,1,1,1,4314.38,18631.7,1177.11,46.3844,0.482746,1085.75,280738,69.0576,23.1957,0.267264,45.5947,106.408,23.1887,0.0718272,83.1471,175.465,0,0,0
900,2,0,279,1,1,1,4323.09,18659.7,1177.01,46.3844,0.482746,1085.65,280740,115.356,23.1957,0.267264,91.8932,101.614,23.1887,0.0718272,78.3536,216.97,0,0,0
900,2,0,280,1,1,1,4331.16,18648.2,1177.07,46.3844,0.482746,1085.71,280739,75.8671,23.1957,0.267264,52.4042,113.54,23.1887,0.0718272,90.2797,189.407,0,0,0
900,2,0,281,1,1,2,4345.93,18661.4,1199.39,69.5741,0.698227,1085.32,280741,58.8713,23.1957,0.267264,35.4084,138.68,46.3784,0.287309,92.0141,197.551,1,0,0
900,2,0,282,1,1,1,4323.72,18664.3,1176.75,46.3844,0.517824,1085.35,280744,114.51,23.1957,0.302342,91.0125,88.9209,23.1887,0.0718272,65.6604,203.431,0,0,0
900,2,0,283,1,1,1,4356.87,18672,1176.9,46.3844,0.482746,1085.54,280742,62.1272,23.1957,0.267264,38.6642,113.593,23.1887,0.0718272,90.332,175.72,0,0,0
900,2,0,284,1,1,1,4318.1,18646.4,1176.77,46.3844,0.482746,1085.4,280744,64.6196,23.1957,0.267264,41.1567,111.86,23.1887,0.0718272,88.5994,176.48,0,0,0
900,2,0,285,1,1,1,4327.09,18638.4,1177,46.3844,0.482746,1085.64,280740,68.361,23.1957,0.267264,44.898,110.257,23.1887,0.0718272,86.9968,178.618,0,0,0
900,2,0,286,1,1,1,4334.69,18658.5,1176.92,46.3844,0.517824,1085.52,280741,71.8071,23.1957,0.302342,48.3091,108.853,23.1887,0.0718272,85.5926,180.66,0,0,0
900,2,0,287,1,1,1,4322.41,18655.5,1176.69,46.3844,0.482746,1085.33,280746,86.6292,23.1957,0.267264,63.1662,43.5356,23.1887,0.0718272,20.2751,130.165,0,0,0
900,2,0,288,1,1,1,4323.91,18661.7,1176.79,46.3844,0.517824,1085.39,280744,115.175,23.1957,0.302342,91.6766,122.348,23.1887,0.0718272,99.0871,237.522,0,0,0
900,2,0,289,1,0,0,-1,-1,1154.62,23.1957,0.337421,1085.88,280739,-1,-1,-1,-1,-1,-1,-1,-1,-1,0,0,0
900,2,0,290,1,1,1,4316.55,24631.7,1182.76,52.1883,0.536198,1085.71,280737,188.018,28.9996,0.320717,158.35,33.0136,23.1887,0.0718272,9.75314,221.032,0,0,0
900,2,0,291,1,1,1,4347.75,18665.2,1177.25,46.3844,0.6264,1085.75,280735,114.692,23.1957,0.267264,91.229,121.043,23.1887,0.0718272,97.7823,235.735,0,0,0
900,2,0,292,1,1,1,4332.64,18683.1,1177.03,46.3844,0.517824,1085.63,280739,117.677,23.1957,0.267264,94.2142,116.615,23.1887,0.106906,93.319,234.292,0,0,0
900,2,0,293,1,1,1,4342.38,18695.6,1176.82,46.3844,0.517824,1085.42,280743,114.769,23.1957,0.302342,91.2705,123.116,23.1887,0.0718272,99.856,237.885,0,0,0
900,2,0,294,1,0,0,-1,-1,1154.66,23.1957,0.302342,1085.96,280738,-1,-1,-1,-1,-1,-1,-1,-1,-1,0,0,0
900,2,0,295,1,1,1,4327.43,18649.6,1176.9,46.3844,0.482746,1085.54,280742,115.096,23.1957,0.267264,91.6333,75.93,23.1887,0.0718272,52.6695,191.026,0,0,0
900,2,0,296,1,1,1,4317.58,18643.1,1176.8,46.3844,0.517824,1085.4,280743,110.219,23.1957,0.302342,86.7206,67.6279,23.1887,0.0718272,44.3674,177.847,0,0,0
900,2,0,297,1,1,1,4320.2,18640.8,1176.75,46.3844,0.482746,1085.39,280745,113.808,23.1957,0.267264,90.3447,67.8625,23.1887,0.0718272,44.602,181.67,0,0,0
900,2,0,298,1,1,1,4325.99,18652.5,1176.79,46.3844,0.661478,1085.25,280743,70.9282,23.1957,0.302342,47.4301,110.041,23.1887,0.0718272,86.7802,180.969,0,0,0
900,2,0,299,1,1,1,4319.65,18676.4,1176.96,46.3844,0.482746,1085.6,280741,118.664,23.1957,0.267264,95.2014,70.0319,23.1887,0.0718272,46.7714,188.696,0,0,0
900,2,0,300,1,1,1,4342.54,18663.8,1177.15,46.3844,0.770054,1085.5,280737,73.1275,23.1957,0.267264,49.6645,113.436,23.1887,0.0718272,90.175,186.563,0,0,0
900,2,0,301,1,1,1,4320.82,18639.8,1177.02,46.3844,0.482746,1085.66,280740,113.102,23.1957,0.267264,89.639,108.557,23.1887,0.0718272,85.2967,221.659,0,0,0
900,2,0,302,1,1,1,4330.21,24658.5,1182.78,52.1883,0.536198,1085.73,280737,253.519,28.9996,0.320717,224.039,98.6416,23.1887,0.0718272,75.3811,352.161,0,0,0
900,2,0,303,1,1,1,4341.01,18667.5,1177.02,46.3844,0.482746,1085.66,280740,78.54,23.1957,0.267264,55.0771,107.882,23.1887,0.0718272,84.6217,186.422,0,0,0
900,2,0,304,1,1,1,4324.08,24649.1,1182.78,52.1883,0.731635,1085.54,280737,228.908,28.9996,0.516154,199.161,45.5317,23.1887,0.0718272,22.2712,274.44,0,0,0
900,2,0,305,1,1,1,4323.68,18641.1,1177.03,46.3844,0.482746,1085.67,280740,61.7319,23.1957,0.267264,38.269,117.901,23.1887,0.0718272,94.6401,179.633,0,0,0
900,2,0,306,1,1,1,4341.17,18664.7,1177.04,46.3844,0.482746,1085.68,280739,114.037,23.1957,0.267264,90.5739,118.48,23.1887,0.0718272,95.2194,232.517,0,0,0
900,2,0,307,0,0,0,-1,-1,1154.42,23.206,0.516154,1085.5,280742,-1,-1,-1,-1,-1,-1,-1,-1,-1,0,0,0
900,2,0,308,1,1,1,4334.85,18663.2,1176.92,46.3844,0.482746,1085.56,280742,113.624,23.1957,0.267264,90.1606,113.616,23.1887,0.0718272,90.3555,227.24,0,0,0
900,2,0,309,1,1,1,4327.43,18651.2,1176.9,46.3844,0.482746,1085.54,280742,117.361,23.1957,0.267264,93.8983,112.862,23.1887,0.0718272,89.6011,230.223,0,0,0
900,2,0,310,1,1,1,4317.58,18644.3,1176.9,46.3844,0.482746,1085.54,280742,76.8706,23.1957,0.267264,53.4076,113.775,23.1887,0.0718272,90.5143,190.645,0,0,0
900,2,0,311,1,1,1,4346.9,18667.8,1176.84,46.3844,0.482746,1085.48,280743,67.7455,23.1957,0.267264,44.2826,107.824,23.1887,0.0718272,84.5639,175.57,0,0,0
900,2,0,312,1,1,1,4358.64,18674.7,1176.75,46.3844,0.482746,1085.39,280745,71.3786,23.1957,0.267264,47.9156,115.313,23.1887,0.0718272,92.052,186.691,0,0,0
900,2,0,313,1,1,1,4323.4,18652.3,1176.94,46.3844,0.482746,1085.58,280741,121.242,23.1957,0.267264,97.7786,117.948,23.1887,0.0718272,94.687,239.189,0,0,0
900,2,0,314,1,1,1,4326.02,18645.4,1176.71,46.3844,0.482746,1085.35,280745,119.249,23.1957,0.267264,95.7862,68.6945,23.1887,0.0718272,45.434,187.944,0,0,0
900,2,0,315,1,1,1,4332.36,18660.4,1177.25,46.3844,0.678182,1085.69,280735,77.6346,23.1957,0.462701,53.9762,115.347,23.1887,0.0718272,92.0863,192.981,0,0,0
900,2,0,316,1,1,1,4318.54,18679,1176.9,46.3844,0.482746,1085.54,280742,119.045,23.1957,0.267264,95.5822,68.1026,23.1887,0.0718272,44.8421,187.148,0,0,0
900,2,0,317,1,1,1,4320.71,18638.8,1177.03,46.3844,0.482746,1085.67,280740,87.5893,23.1957,0.267264,64.1263,45.243,23.1887,0.0718272,21.9825,132.832,0,0,0
900,2,0,318,1,1,1,4317.9,18633.4,1176.96,46.3844,0.482746,1085.6,280741,120.494,23.1957,0.267264,97.0315,70.5769,23.1887,0.0718272,47.3164,191.071,0,0,0
900,2,0,319,1,1,1,4358.31,18674.4,1177.01,46.3844,0.913709,1085.21,280739,114.755,23.1957,0.267264,91.2922,114.748,23.1887,0.0718272,91.4871,229.503,0,0,0
900,2,0,320,1,1,1,4349.51,18667,1176.79,46.3844,0.517824,1085.39,280744,58.7558,23.1957,0.267264,35.2929,116.885,23.1887,0.106906,93.5897,175.641,0,0,0
900,2,0,321,1,1,1,4336.79,18657.4,1177.11,46.3844,0.517824,1085.71,280738,66.798,23.1957,0.267264,43.3351,105.849,23.1887,0.106906,82.5534,172.647,0,0,0
900,2,0,322,1,1,1,4315.98,18650.5,1176.82,46.3844,0.482746,1085.46,280743,71.8984,23.1957,0.267264,48.4354,114.291,23.1887,0.0718272,91.0305,186.189,0,0,0
900,2,0,323,1,1,1,4320.71,18643.9,1176.94,46.3844,0.482746,1085.58,280741,70.4726,23.1957,0.267264,47.0096,114.721,23.1887,0.0718272,91.46,185.193,0,0,0
900,2,0,324,1,1,1,4316.94,18660.1,1177.07,46.3844,0.482746,1085.71,280739,112.584,23.1957,0.267264,89.121,122.501,23.1887,0.0718272,99.2405,235.085,0,0,0
900,2,0,325,1,1,1,4317.58,24639.5,1182.61,52.1883,0.891994,1085.21,280739,243.626,28.9996,0.676512,213.762,110.568,23.1887,0.0718272,87.3072,354.194,0,0,0
900,2,0,326,1,1,1,4354.48,18692.8,1176.9,46.3844,0.482746,1085.54,280742,118.969,23.1957,0.267264,95.5064,113.825,23.1887,0.0718272,90.5649,232.795,0,0,0
900,2,0,327,1,1,2,10327.6,24650.8,1199.54,69.5741,0.519494,1085.65,280739,76.7804,23.1957,0.267264,53.3174,263.276,46.3784,0.108576,216.789,340.056,1,0,0
900,2,0,328,1,1,1,4316.94,18678.1,1176.75,46.3844,0.482746,1085.39,280745,107.79,23.1957,0.267264,84.3275,111.441,23.1887,0.0718272,88.1807,219.232,0,0,0
900,2,0,329,1,1,1,4347.55,18665.5,1176.97,46.3844,0.552902,1085.54,280740,65.0889,23.1957,0.267264,41.6259,112.986,23.1887,0.141984,89.6552,178.075,0,0,0
900,2,0,330,1,1,1,4330.79,18673.5,1176.8,46.3844,0.748339,1085.17,280743,114.941,23.1957,0.532858,91.2128,100.757,23.1887,0.0718272,77.4963,215.698,0,0,0
900,2,0,331,1,0,0,-1,-1,1154.72,23.1957,0.302342,1086.02,280737,-1,-1,-1,-1,-1,-1,-1,-1,-1,0,0,0
900,2,0,332,1,1,1,4333.38,18645.3,1177.15,46.3844,0.482746,1085.79,280737,110.714,23.1957,0.267264,87.2513,67.978,23.1887,0.0718272,44.7175,178.692,0,0,0
900,2,0,333,1,1,1,4320.71,18637.9,1176.76,46.3952,0.50112,1085.37,280744,78.2407,23.2065,0.285638,54.7486,114.666,23.1887,0.0718272,91.4059,192.907,0,0,0
900,2,0,334,1,0,0,-1,-1,1154.16,23.1957,0.407578,1085.35,280747,-1,-1,-1,-1,-1,-1,-1,-1,-1,0,0,0
900,2,0,335,1,1,1,4322.84,18653.8,1176.81,46.3844,0.482746,1085.44,280744,108.758,23.1957,0.267264,85.2948,119.581,23.1887,0.0718272,96.3204,228.339,0,0,0
900,2,0,336,1,1,1,4337.93,18670.4,1176.89,46.3844,0.678182,1085.33,280742,112.61,23.1957,0.462701,88.9514,121.532,23.1887,0.0718272,98.2714,234.142,0,0,0
900,2,0,337,1,1,1,4318.22,18664.7,1176.99,46.3844,0.678182,1085.43,280740,113.987,23.1957,0.462701,90.3284,67.4528,23.1887,0.0718272,44.1923,181.44,0,0,0
900,2,0,338,1,1,1,4324.14,18670.4,1176.9,46.3844,0.482746,1085.54,280742,106.449,23.1957,0.267264,82.9865,110.813,23.1887,0.0718272,87.5527,217.263,0,0,0
900,2,0,339,1,1,1,4316.62,18658.1,1177.13,46.3844,0.482746,1085.77,280738,107.857,23.1957,0.267264,84.3943,113.621,23.1887,0.0718272,90.3609,221.479,0,0,0
900,2,0,340,1,1,1,4315.34,24647.3,1182.39,52.1883,0.766714,1085.11,280743,248.664,28.9996,0.551232,218.938,116.821,23.1887,0.0718272,93.5608,365.485,0,0,0
900,2,0,341,1,1,1,4327.78,18654.6,1176.95,46.3844,0.6264,1085.44,280741,76.6414,23.1957,0.267264,53.1784,113.993,23.1887,0.0718272,90.7327,190.635,0,0,0
900,2,0,342,1,1,1,4318.57,18636.2,1177.21,46.3844,0.482746,1085.85,280736,115.67,23.1957,0.267264,92.2072,122.081,23.1887,0.0718272,98.82,237.751,0,0,0
900,2,0,343,1,1,1,4327.75,18674.2,1176.82,46.3844,0.482746,1085.46,280743,88.3347,23.1957,0.267264,64.8717,44.9416,23.1887,0.0718272,21.6811,133.276,0,0,0
900,2,0,344,1,1,1,4315.98,24640.5,1182.76,52.1883,0.641434,1085.61,280737,182.485,28.9996,0.425952,152.693,28.628,23.1887,0.0718272,5.36748,211.113,0,0,0
900,2,0,345,1,1,1,4319.66,18643.8,1176.92,46.3844,0.517824,1085.52,280741,114.225,23.1957,0.267264,90.7616,118.131,23.1887,0.106906,94.835,232.355,0,0,0
900,2,0,346,0,0,0,-1,-1,1154.33,23.206,0.816826,1085.11,280742,-1,-1,-1,-1,-1,-1,-1,-1,-1,0,0,0
900,2,0,347,1,1,1,4314.7,24647.2,1182.72,52.1883,0.536198,1085.67,280738,190.668,28.9996,0.320717,161.004,33.9503,23.1887,0.0718272,10.6898,224.619,0,0,0
900,2,0,348,1,1,1,4317.26,18635.1,1177.15,46.3844,0.482746,1085.79,280737,113.887,23.1957,0.267264,90.4241,110.331,23.1887,0.0718272,87.0708,224.218,0,0,0
900,2,0,349,1,1,1,4318.02,18643.7,1177.03,46.3844,0.482746,1085.67,280740,117.275,23.1957,0.267264,93.8117,114.538,23.1887,0.0718272,91.2778,231.813,0,0,0
900,2,0,350,1,1,1,4326.55,18651,1176.94,46.3844,0.482746,1085.58,280741,109.191,23.1957,0.267264,85.728,119.492,23.1887,0.0718272,96.2319,228.683,0,0,0
900,2,0,351,1,1,1,4328.49,18668.4,1176.9,46.3844,0.482746,1085.54,280742,122.433,23.1957,0.267264,98.9698,115.977,23.1887,0.0718272,92.7162,238.409,0,0,0
900,2,0,352,1,1,1,4362.54,24678.6,1182.79,52.1883,0.87529,1085.4,280736,243.71,28.9996,0.516154,214.008,113.874,23.1887,0.0718272,90.6136,357.584,0,0,0
900,2,0,353,1,1,1,4319.88,18655.9,1177,46.3844,0.482746,1085.64,280740,112.997,23.1957,0.267264,89.5343,122.149,23.1887,0.0718272,98.8886,235.146,0,0,0
900,2,0,354,1,1,1,4324.43,18640.8,1176.94,46.3844,0.482746,1085.58,280741,57.9238,23.1957,0.267264,34.4609,115.053,23.1887,0.0718272,91.7921,172.976,0,0,0
900,2,0,355,1,1,1,4332.14,18652.3,1177.15,46.3844,0.482746,1085.79,280737,67.39,23.1957,0.267264,43.927,106.409,23.1887,0.0718272,83.1489,173.799,0,0,0
900,2,0,356,0,0,0,-1,-1,1154.57,23.206,0.551232,1085.62,280739,-1,-1,-1,-1,-1,-1,-1,-1,-1,0,0,0
900,2,0,357,1,1,1,4318.22,18671.3,1176.79,46.3844,0.482746,1085.42,280744,113.748,23.1957,0.267264,90.2851,62.5113,23.1887,0.0718272,39.2508,176.259,0,0,0
900,2,0,358,1,1,1,4329.27,18657.1,1176.88,46.3844,0.482746,1085.52,280742,112.292,23.1957,0.267264,88.8286,117.128,23.1887,0.0718272,93.8676,229.42,0,0,0
900,2,0,359,1,1,1,4317.9,18638.3,1177.19,46.3844,0.678182,1085.63,280736,112.343,23.1957,0.462701,88.6843,70.9307,23.1887,0.0718272,47.6702,183.273,0,0,0
900,2,0,360,1,1,1,4321.54,18640.2,1177.05,46.3844,0.482746,1085.69,280739,67.26,23.1957,0.267264,43.7971,115.793,23.1887,0.0718272,92.5321,183.053,0,0,0
900,2,0,361,1,1,1,4326.82,24643.6,1182.4,52.1883,0.696557,1085.19,280744,240.177,28.9996,0.481075,210.499,111.051,23.1887,0.0718272,87.7909,351.228,0,0,0
900,2,0,362,1,1,2,10321,24647.6,1199.28,69.5741,0.663149,1085.25,280743,122.821,23.1957,0.267264,99.3578,246.27,46.3784,0.25223,199.64,369.091,1,0,0
900,2,0,363,1,1,1,4317.58,18658.7,1177.1,46.3844,0.678182,1085.54,280738,118.659,23.1957,0.462701,95.0011,69.2793,23.1887,0.0718272,46.0188,187.939,0,0,0
900,2,0,364,1,1,1,4321.67,18647.5,1176.9,46.3844,0.517824,1085.5,280742,67.9639,23.1957,0.267264,44.501,114.097,23.1887,0.106906,90.8013,182.061,0,0,0
900,2,0,365,1,1,1,4317.9,18641,1176.94,46.3844,0.482746,1085.58,280741,68.6046,23.1957,0.267264,45.1417,114.314,23.1887,0.0718272,91.054,182.919,0,0,0
900,2,0,366,1,1,1,4318.96,18643,1177.31,46.3844,0.678182,1085.75,280734,117.699,23.1957,0.462701,94.0409,114.051,23.1887,0.0718272,90.7905,231.75,0,0,0
900,2,0,367,1,1,1,4317.58,18632.4,1176.96,46.3844,0.482746,1085.6,280741,108.245,23.1957,0.267264,84.7823,57.9325,23.1887,0.0718272,34.672,166.178,0,0,0
900,2,0,368,1,1,1,4335.53,24656.9,1182.76,52.1883,0.696557,1085.56,280737,246.03,28.9996,0.481075,216.368,119.976,23.1887,0.0718272,96.7156,366.006,0,0,0
900,2,0,369,1,1,1,4323.46,18649.5,1176.85,46.3844,0.482746,1085.48,280743,113.47,23.1957,0.267264,90.0072,67.8643,23.1887,0.0718272,44.6038,181.334,0,0,0
900,2,0,370,1,1,1,4315.66,24644.8,1182.3,52.1883,0.731635,1085.06,280745,252.316,28.9996,0.516154,222.637,70.5769,23.1887,0.0718272,47.3164,322.893,0,0,0
900,2,0,371,1,1,1,4332.78,18648.8,1176.97,46.3844,0.517824,1085.57,280740,72.3604,23.1957,0.267264,48.8974,114.304,23.1887,0.106906,91.0088,186.665,0,0,0
900,2,0,372,1,1,1,4323.89,18668.1,1176.9,46.3844,0.482746,1085.54,280742,113.689,23.1957,0.267264,90.2256,67.8643,23.1887,0.0718272,44.6038,181.553,0,0,0
900,2,0,373,1,1,1,4320.87,18646.2,1176.95,46.3844,0.6264,1085.44,280741,114.01,23.1957,0.267264,90.5468,121.568,23.1887,0.0718272,98.3075,235.578,0,0,0
900,2,0,374,1,1,1,4315.66,24641.2,1182.55,52.1883,0.731635,1085.31,280741,151.777,28.9996,0.516154,121.806,25.3451,23.1887,0.0718272,2.08454,177.122,0,0,0
900,2,0,375,1,1,1,4347.41,24670,1182.35,52.1883,0.766714,1085.07,280744,254.651,28.9996,0.516154,224.979,79.5873,23.1887,0.106906,56.2917,334.238,0,0,0
900,2,0,376,1,1,1,4335.78,18652.2,1176.86,46.3844,0.6264,1085.35,280742,115.381,23.1957,0.267264,91.9185,116.74,23.1887,0.0718272,93.4796,232.122,0,0,0
900,2,0,377,1,1,1,4357.03,18673.6,1176.9,46.3844,0.482746,1085.54,280742,79.3233,23.1957,0.267264,55.8604,108.373,23.1887,0.0718272,85.1126,187.696,0,0,0
900,2,0,378,1,1,1,4317.51,18630.1,1176.77,46.3844,0.482746,1085.4,280744,110.092,23.1957,0.267264,86.6286,68.7324,23.1887,0.0718272,45.4719,178.824,0,0,0
900,2,0,379,1,0,0,-1,-1,1154.43,23.1957,0.267264,1085.77,280743,-1,-1,-1,-1,-1,-1,-1,-1,-1,0,0,0
900,2,0,380,1,1,1,4345.42,18669,1177.07,46.3844,0.805133,1085.38,280738,119.383,23.1957,0.302342,95.8854,120.555,23.1887,0.0718272,97.295,239.939,0,0,0
900,2,0,381,1,1,1,4327.83,18657.4,1176.9,46.3844,0.482746,1085.54,280742,112.187,23.1957,0.267264,88.724,71.9089,23.1887,0.0718272,48.6484,184.096,0,0,0
900,2,0,382,1,1,1,4318.34,18637.4,1176.79,46.3844,0.482746,1085.42,280744,110.754,23.1957,0.267264,87.291,68.0141,23.1887,0.0718272,44.7536,178.768,0,0,0
900,2,0,383,1,1,1,4320.9,18696.4,1177.17,46.3844,0.678182,1085.61,280737,109.832,23.1957,0.462701,86.1738,111.115,23.1887,0.0718272,87.8541,220.947,0,0,0
900,2,0,384,1,1,1,4319.66,18637.5,1176.79,46.3844,0.482746,1085.42,280744,115.618,23.1957,0.267264,92.1549,113.768,23.1887,0.0718272,90.5071,229.385,0,0,0
900,2,0,385,1,1,1,4330.49,18645.6,1177.02,46.3844,0.482746,1085.66,280740,63.4609,23.1957,0.267264,39.998,112.627,23.1887,0.0718272,89.3665,176.088,0,0,0
900,2,0,386,1,1,1,4317.58,18634.9,1176.82,46.3844,0.482746,1085.46,280743,67.1463,23.1957,0.267264,43.6834,117.328,23.1887,0.0718272,94.068,184.475,0,0,0
900,2,0,387,1,1,1,4331.93,18673.6,1176.8,46.3844,0.587981,1085.33,280743,122.188,23.1957,0.372499,98.6197,117.955,23.1887,0.0718272,94.6942,240.143,0,0,0
900,2,0,388,1,1,1,4329.03,18664.3,1176.69,46.3844,0.482746,1085.33,280746,118.376,23.1957,0.267264,94.9126,116.54,23.1887,0.0718272,93.2793,234.915,0,0,0
900,2,0,389,1,1,1,4317.19,18635.3,1177.06,46.3844,0.482746,1085.7,280739,114.472,23.1957,0.267264,91.0088,114.311,23.1887,0.0718272,91.0504,228.783,0,0,0
900,2,0,390,1,1,1,4322.71,18652.6,1176.85,46.3844,0.678182,1085.29,280742,111.491,23.1957,0.462701,87.8324,59.4558,23.1887,0.0718272,36.1953,170.947,0,0,0
900,2,0,391,1,1,1,4325.45,18686.3,1176.73,46.3844,0.517824,1085.33,280745,104.618,23.1957,0.302342,81.1203,54.3374,23.1887,0.0718272,31.0769,158.956,0,0,0
900,2,0,392,1,1,1,4324.68,18651,1177.19,46.3844,0.482746,1085.83,280737,109.985,23.1957,0.267264,86.5221,114.962,23.1887,0.0718272,91.7019,224.947,0,0,0
900,2,0,393,1,1,1,4320.65,18637.1,1177.07,46.3844,0.482746,1085.71,280739,114.176,23.1957,0.267264,90.7129,71.4884,23.1887,0.0718272,48.2279,185.664,0,0,0
900,2,0,394,1,1,1,4331.97,18675.6,1177.01,46.3844,0.482746,1085.65,280740,74.4792,23.1957,0.267264,51.0163,113.118,23.1887,0.0718272,89.8574,187.597,0,0,0
900,2,0,395,1,0,0,-1,-1,1154.41,23.1957,0.267264,1085.75,280743,-1,-1,-1,-1,-1,-1,-1,-1,-1,0,0,0
900,2,0,396,1,1,1,4330.09,18643,1176.64,46.3844,0.6264,1085.13,280746,112.445,23.1957,0.267264,88.9821,64.511,23.1887,0.0718272,41.2505,176.956,0,0,0
900,2,0,397,1,1,1,4354.47,18679.4,1176.78,46.3844,0.587981,1085.31,280743,63.7631,23.1957,0.302342,40.2651,113.587,23.1887,0.141984,90.2562,177.35,0,0,0
900,2,0,398,1,1,1,4316.62,18648.7,1177.05,46.3844,0.678182,1085.49,280739,115.082,23.1957,0.462701,91.4239,111.672,23.1887,0.0718272,88.4117,226.755,0,0,0
900,2,0,399,1,1,1,4335.72,18669.6,1177.06,46.3844,0.482746,1085.7,280739,115.354,23.1957,0.267264,91.8914,120.202,23.1887,0.0718272,96.9412,235.556,0,0,0
900,2,0,400,1,1,1,4337.03,18662.3,1176.79,46.3844,0.6264,1085.28,280743,117.251,23.1957,0.267264,93.7882,114.638,23.1887,0.0718272,91.377,231.889,0,0,0
900,2,0,401,1,1,1,4316.62,18642,1176.92,46.3844,0.482746,1085.56,280742,62.6506,23.1957,0.267264,39.1876,112.421,23.1887,0.0718272,89.1607,175.072,0,0,0
900,2,0,402,1,1,1,4334.66,18672.7,1177.05,46.3844,0.517824,1085.65,280739,113.085,23.1957,0.302342,89.5867,109.248,23.1887,0.0718272,85.9879,222.333,0,0,0
900,2,0,403,1,1,1,4319.53,18646.4,1176.96,46.3844,0.678182,1085.4,280740,67.3761,23.1957,0.462701,43.7177,115.35,23.1887,0.0718272,92.0899,182.726,0,0,0
900,2,0,404,1,1,1,4316.23,18658.3,1176.9,46.3844,0.482746,1085.54,280742,119.114,23.1957,0.267264,95.6508,70.3911,23.1887,0.0718272,47.1305,189.505,0,0,0
900,2,0,405,1,1,1,4316.3,18630.5,1176.73,46.3844,0.482746,1085.37,280745,114.544,23.1957,0.267264,91.081,65.4441,23.1887,0.0718272,42.1836,179.988,0,0,0
900,2,0,406,1,1,1,4319.56,18638.2,1177.21,46.3844,0.482746,1085.85,280736,68.7111,23.1957,0.267264,45.2481,112.898,23.1887,0.0718272,89.6372,181.609,0,0,0
900,2,0,407,1,1,1,4331.31,18663.5,1176.82,46.3844,0.482746,1085.46,280743,112.494,23.1957,0.267264,89.0308,121.896,23.1887,0.0718272,98.6359,234.39,0,0,0
900,2,0,408,1,1,1,4350.01,18697.3,1177.04,46.3844,0.587981,1085.57,280739,115.57,23.1957,0.302342,92.0719,95.4433,23.1887,0.141984,72.1126,211.013,0,0,0
900,2,0,409,1,1,1,4322.63,18676.8,1177.35,46.3844,0.873619,1085.6,280733,119.627,23.1957,0.658138,95.7735,70.0409,23.1887,0.0718272,46.7804,189.668,0,0,0
900,2,0,410,1,1,2,10326.6,24655.2,1199.11,69.5741,0.554573,1085.18,280746,113.846,23.1957,0.267264,90.3826,268.294,46.3784,0.143654,221.772,382.14,1,0,0
900,2,0,411,1,1,1,4319.82,18659.8,1177.04,46.3844,0.482746,1085.68,280739,118.484,23.1957,0.267264,95.0209,113.528,23.1887,0.0718272,90.2671,232.011,0,0,0
900,2,0,412,1,1,1,4324.77,18641,1176.9,46.3844,0.482746,1085.54,280742,114.752,23.1957,0.267264,91.2886,72.8835,23.1887,0.0718272,49.623,187.635,0,0,0
900,2,0,413,1,1,1,4347.11,18674.6,1176.74,46.3844,0.552902,1085.31,280744,113.909,23.1957,0.267264,90.4457,87.6339,23.1887,0.141984,64.3032,201.543,0,0,0
900,2,0,414,1,1,1,4317.58,18632.2,1176.9,46.3844,0.482746,1085.54,280742,117.424,23.1957,0.267264,93.9615,66.2833,23.1887,0.0718272,43.0228,183.708,0,0,0
900,2,0,415,1,1,1,4352.14,18681.6,1177.21,46.3844,0.840211,1085.49,280735,112.021,23.1957,0.267264,88.5579,114.975,23.1887,0.141984,91.6441,226.996,0,0,0
900,2,0,416,1,1,2,10325.8,24641.6,1199.51,69.5741,0.589651,1085.55,280739,111.662,23.1957,0.267264,88.1988,152.252,46.3784,0.178733,105.695,263.913,1,0,0
900,2,0,417,1,1,1,4325,18640.6,1176.66,46.3844,0.6264,1085.15,280746,61.3006,23.1957,0.267264,37.8376,115.435,23.1887,0.0718272,92.1747,176.736,0,0,0
900,2,0,418,1,1,1,4322.8,18640.7,1177.07,46.3844,0.482746,1085.71,280739,118.617,23.1957,0.267264,95.1545,73.8581,23.1887,0.0718272,50.5976,192.476,0,0,0
900,2,0,419,1,1,1,4318.54,18635.4,1176.92,46.3844,0.482746,1085.56,280742,68.2563,23.1957,0.267264,44.7933,106.418,23.1887,0.0718272,83.158,174.675,0,0,0
900,2,0,420,1,1,1,4321.64,18672.7,1176.88,46.3844,0.482746,1085.52,280742,117.347,23.1957,0.267264,93.8839,66.101,23.1887,0.0718272,42.8405,183.448,0,0,0
900,2,0,421,1,1,1,4320.81,18649.8,1176.93,46.3844,0.6264,1085.42,280741,117.896,23.1957,0.267264,94.4326,113.721,23.1887,0.0718272,90.4602,231.616,0,0,0
900,2,0,422,1,1,1,4329.58,18656.3,1176.88,46.3844,0.517824,1085.48,280742,79.741,23.1957,0.302342,56.243,108.164,23.1887,0.0718272,84.9032,187.905,0,0,0
900,2,0,423,1,1,1,4335.63,18703,1176.92,46.3844,0.678182,1085.37,280741,114.851,23.1957,0.462701,91.1929,118.068,23.1887,0.0718272,94.8079,232.92,0,0,0
900,2,0,424,1,1,1,4316.3,18630.5,1176.9,46.3844,0.482746,1085.54,280742,115.999,23.1957,0.267264,92.5357,116.123,23.1887,0.0718272,92.8624,232.122,0,0,0
900,2,0,425,1,1,1,4324.35,18653.5,1176.86,46.3844,0.552902,1085.42,280742,114.747,23.1957,0.302342,91.2489,72.0216,23.1887,0.106906,48.726,186.769,0,0,0
900,2,0,426,1,1,1,4322.54,18637.7,1176.73,46.3844,0.519494,1085.33,280745,113.645,23.1957,0.267264,90.1822,118.737,23.1887,0.108576,95.4396,232.382,0,0,0
900,2,0,427,1,1,1,4316.23,18648.4,1177.04,46.3844,0.482746,1085.68,280739,117.242,23.1957,0.267264,93.7792,117.009,23.1887,0.0718272,93.7485,234.251,0,0,0
900,2,0,428,1,1,1,4322.89,18654.9,1176.75,46.3844,0.482746,1085.39,280745,109.565,23.1957,0.267264,86.1016,113.598,23.1887,0.0718272,90.3375,223.163,0,0,0
900,2,0,429,1,1,1,4342.84,18662.5,1177.01,46.3844,0.482746,1085.65,280740,108.696,23.1957,0.267264,85.2335,120.16,23.1887,0.0718272,96.8997,228.857,0,0,0
900,2,0,430,1,1,1,4316.83,18628.8,1176.82,46.3844,0.482746,1085.46,280743,112.616,23.1957,0.267264,89.1535,71.2754,23.1887,0.0718272,48.0149,183.892,0,0,0
900,2,0,431,1,1,1,4326.25,18645.9,1176.76,46.3844,0.6264,1085.25,280744,76.8814,23.1957,0.267264,53.4185,114.713,23.1887,0.0718272,91.4528,191.595,0,0,0
900,2,0,432,1,1,1,4325.28,18673,1177.13,46.3844,0.482746,1085.77,280738,111.234,23.1957,0.267264,87.771,115.932,23.1887,0.0718272,92.6711,227.166,0,0,0
900,2,0,433,1,1,1,4324.49,18649.7,1177.21,46.3844,0.482746,1085.85,280736,110.267,23.1957,0.267264,86.8037,68.9075,23.1887,0.0718272,45.647,179.174,0,0,0
900,2,0,434,1,1,1,4324.17,18659,1177.01,46.3844,0.482746,1085.65,280740,108.471,23.1957,0.267264,85.0079,56.0447,23.1887,0.0718272,32.7842,164.516,0,0,0
900,2,0,435,1,1,1,4316.3,18650.5,1176.81,46.3844,0.482746,1085.44,280744,111.227,23.1957,0.267264,87.7638,68.0394,23.1887,0.0718272,44.7789,179.266,0,0,0
900,2,0,436,1,1,1,4330.7,18663.1,1177.17,46.3844,0.517824,1085.77,280737,114.364,23.1957,0.267264,90.9006,90.999,23.1887,0.106906,67.7035,205.363,0,0,0
900,2,0,437,1,1,1,4316.94,18633.5,1177.11,46.3844,0.482746,1085.75,280738,96.8985,23.1957,0.267264,73.4355,50.9191,23.1887,0.0718272,27.6586,147.818,0,0,0
900,2,0,438,1,1,2,10347.7,24679.9,1199.34,69.5741,0.663149,1085.31,280742,110.306,23.1957,0.267264,86.8434,261.875,46.3784,0.108576,215.388,372.182,1,0,0
900,2,0,439,1,1,1,4325.32,18681.7,1177,46.3844,0.713261,1085.41,280739,68.2911,23.1957,0.462701,44.6327,110.296,23.1887,0.106906,87.0004,178.587,0,0,0
900,2,0,440,1,1,1,4323.24,18637.7,1176.79,46.3844,0.6264,1085.28,280743,69.1154,23.1957,0.267264,45.6524,113.356,23.1887,0.0718272,90.0956,182.472,0,0,0
900,2,0,441,1,1,1,4337.32,18650.9,1176.86,46.3844,0.482746,1085.5,280743,60.6707,23.1957,0.267264,37.2078,114.524,23.1887,0.0718272,91.2633,175.195,0,0,0
900,2,0,442,0,0,0,-1,-1,1154.83,23.206,0.746669,1085.68,280734,-1,-1,-1,-1,-1,-1,-1,-1,-1,0,0,0
900,2,0,443,1,1,1,4333.38,18674.7,1177.15,46.3844,0.517824,1085.75,280737,121.762,23.1957,0.302342,98.2641,69.8135,23.1887,0.0718272,46.553,191.576,0,0,0
900,2,0,444,1,1,1,4329.64,18660.8,1177,46.3844,0.482746,1085.64,280740,113.656,23.1957,0.267264,90.1931,80.4203,23.1887,0.0718272,57.1598,194.076,0,0,0
900,2,0,445,1,1,1,4315.34,18678.9,1177.11,46.3844,0.482746,1085.75,280738,116.028,23.1957,0.267264,92.5646,111.436,23.1887,0.0718272,88.1753,227.463,0,0,0
900,2,0,446,1,1,1,4342.6,18669,1177.11,46.3844,0.482746,1085.75,280738,77.0366,23.1957,0.267264,53.5737,113.907,23.1887,0.0718272,90.6461,190.943,0,0,0
900,2,0,447,1,1,1,4316.62,18636.4,1176.75,46.3844,0.482746,1085.39,280745,118.244,23.1957,0.267264,94.7809,67.3355,23.1887,0.0718272,44.075,185.579,0,0,0
900,2,0,448,1,1,1,4330.82,18676.5,1176.92,46.3844,0.678182,1085.37,280741,78.1561,23.1957,0.462701,54.4977,115.394,23.1887,0.0718272,92.1332,193.55,0,0,0
900,2,0,449,1,1,1,4350.28,18685.9,1177.17,46.3844,0.805133,1085.48,280736,110.304,23.1957,0.302342,86.8055,115.612,23.1887,0.0718272,92.3516,225.916,0,0,0
900,2,0,450,1,1,1,4341.45,18681.4,1176.75,46.3844,0.482746,1085.39,280745,114.356,23.1957,0.267264,90.8933,77.973,23.1887,0.0718272,54.7125,192.329,0,0,0
900,2,0,451,1,1,1,4316.62,18676,1177.08,46.3952,0.50112,1085.69,280739,110.415,23.2065,0.285638,86.9228,68.3877,23.1887,0.0718272,45.1272,178.803,0,0,0
900,2,0,452,1,1,1,4321.83,18640.9,1176.96,46.3844,0.6264,1085.46,280740,78.2711,23.1957,0.267264,54.8082,114.471,23.1887,0.0718272,91.211,192.743,0,0,0
900,2,0,453,1,1,1,4340.52,18681.2,1176.92,46.3844,0.482746,1085.56,280742,117.244,23.1957,0.267264,93.781,119.491,23.1887,0.0718272,96.2301,236.735,0,0,0
900,2,0,454,1,1,1,4338.57,18692.1,1177.1,46.3844,1.14422,1085.07,280736,118.904,23.1957,0.497779,95.2104,70.0572,23.1887,0.0718272,46.7967,188.961,0,0,0
900,2,0,455,1,1,1,4324.74,18671,1176.92,46.3844,0.517824,1085.52,280741,119.264,23.1957,0.267264,95.8006,70.2872,23.1887,0.106906,46.9916,189.551,0,0,0
900,2,0,456,1,1,1,4324.25,18642.9,1176.97,46.3844,0.6264,1085.46,280740,116.278,23.1957,0.267264,92.8154,113.307,23.1887,0.0718272,90.0469,229.586,0,0,0
900,2,0,457,1,1,1,4318.81,18653.2,1177.03,46.3844,0.482746,1085.67,280740,85.2629,23.1957,0.267264,61.8,42.7126,23.1887,0.0718272,19.4521,127.976,0,0,0
900,2,0,458,1,1,1,4333.63,18683.8,1177.1,46.3844,0.678182,1085.54,280738,123.11,23.1957,0.462701,99.4517,118.065,23.1887,0.0718272,94.8043,241.175,0,0,0
900,2,0,459,1,1,1,4324.34,18637.3,1176.96,46.3844,0.482746,1085.6,280741,75.3113,23.1957,0.267264,51.8483,112.683,23.1887,0.0718272,89.4224,187.994,0,0,0
900,2,0,460,1,1,1,4316.68,18648.7,1176.79,46.3844,0.482746,1085.42,280744,97.9633,23.1957,0.267264,74.5003,51.5092,23.1887,0.0718272,28.2487,149.473,0,0,0
900,2,0,461,1,1,2,10357.6,24672.7,1199.18,69.5741,0.806803,1085,280744,59.2197,23.1957,0.267264,35.7567,260.405,46.3784,0.108576,213.918,319.624,1,0,0
900,2,0,462,1,1,1,4362.69,30693.4,1188.41,57.9922,1.0724,1085.2,280735,382.257,34.8035,0.534528,346.309,120.092,23.1887,0.106906,96.7968,502.35,0,0,0
900,2,0,463,1,1,1,4371.55,18705.1,1176.81,46.3844,0.482746,1085.44,280744,122.14,23.1957,0.267264,98.6774,119.505,23.1887,0.0718272,96.2446,241.645,0,0,0
900,2,0,464,1,1,1,4344.68,18691.3,1176.94,46.3844,0.482746,1085.58,280741,123.27,23.1957,0.267264,99.8072,117.684,23.1887,0.0718272,94.4235,240.954,0,0,0
900,2,0,465,1,1,1,4332.04,18666.2,1177.03,46.3844,0.482746,1085.67,280740,114.553,23.1957,0.267264,91.0901,114.138,23.1887,0.0718272,90.8771,228.691,0,0,0
900,2,0,466,1,1,1,4375.32,18705.9,1177.14,46.3844,0.891994,1085.37,280736,116.336,23.1957,0.497779,92.6422,121.121,23.1887,0.106906,97.8256,237.457,0,0,0
900,2,0,467,1,1,2,10332.6,24663,1199.69,69.5741,0.554573,1085.77,280736,121.659,23.1957,0.267264,98.1956,224.262,46.3784,0.143654,177.74,345.921,1,0,0
900,2,0,468,1,1,1,4346.66,18679.5,1177.03,46.3844,0.536198,1085.61,280739,112.205,23.1957,0.267264,88.742,116.431,23.1887,0.12528,93.1169,228.636,0,0,0
900,2,0,469,1,1,1,4333.32,18678.3,1176.94,46.3844,0.482746,1085.58,280741,118.931,23.1957,0.267264,95.4685,116.897,23.1887,0.0718272,93.6366,235.829,0,0,0
900,2,0,470,1,1,1,4321.73,18638.7,1176.77,46.3844,0.482746,1085.4,280744,114.165,23.1957,0.267264,90.702,70.8044,23.1887,0.0718272,47.5438,184.969,0,0,0
900,2,0,471,1,1,1,4345.67,18664.9,1176.75,46.3844,0.696557,1085.17,280744,72.5048,23.1957,0.267264,49.0418,112.237,23.1887,0.141984,88.9063,184.742,0,0,0
900,2,0,472,1,1,1,4328.14,18691.7,1177.06,46.3844,0.678182,1085.5,280739,116.252,23.1957,0.462701,92.5935,63.4317,23.1887,0.0718272,40.1712,179.684,0,0,0
900,2,0,473,1,1,1,4324.49,18684.7,1176.96,46.3844,0.552902,1085.53,280740,113.087,23.1957,0.337421,89.5542,121.304,23.1887,0.0718272,98.044,234.392,0,0,0
900,2,0,474,1,1,1,4333.96,18692.4,1176.67,46.3844,0.552902,1085.23,280746,115.542,23.1957,0.337421,92.0087,115.029,23.1887,0.0718272,91.7687,230.571,0,0,0
900,2,0,475,1,1,1,4319.66,18694.9,1177.17,46.3844,0.482746,1085.81,280737,111.29,23.1957,0.267264,87.827,66.7526,23.1887,0.0718272,43.4921,178.043,0,0,0
900,2,0,476,1,1,1,4314.7,18665.9,1177.17,46.3844,0.873619,1085.41,280736,115.817,23.1957,0.658138,91.9636,65.6968,23.1887,0.0718272,42.4363,181.514,0,0,0
900,2,0,477,1,1,1,4326.06,18654.1,1176.85,46.3844,0.6264,1085.35,280742,114.053,23.1957,0.267264,90.5901,115.71,23.1887,0.0718272,92.4491,229.763,0,0,0
900,2,0,478,1,1,1,4317.97,18633.1,1176.73,46.3844,0.482746,1085.37,280745,75.4412,23.1957,0.267264,51.9782,106.668,23.1887,0.0718272,83.407,182.109,0,0,0
900,2,0,479,1,1,1,4319.85,18631.5,1177.09,46.3844,0.482746,1085.73,280738,101.409,23.1957,0.267264,77.9457,116.572,23.1887,0.0718272,93.3118,217.981,0,0,0
900,2,0,480,1,1,1,4359.01,18675,1176.69,46.3844,0.517824,1085.29,280745,108.047,23.1957,0.267264,84.5838,111.478,23.1887,0.106906,88.1825,219.525,0,0,0
900,2,0,481,1,1,1,4321.67,30703,1187.79,57.9922,0.980525,1084.67,280747,362.22,34.8035,0.765043,325.974,49.098,23.1887,0.0718272,25.8375,411.318,0,0,0
900,2,0,482,1,1,1,4320.79,18635.9,1176.94,46.3844,0.482746,1085.58,280741,77.7947,23.1957,0.267264,54.3317,114.69,23.1887,0.0718272,91.4294,192.485,0,0,0
900,2,0,483,1,1,1,4321.35,18656,1176.95,46.3844,0.517824,1085.55,280741,114.78,23.1957,0.267264,91.3175,84.9115,23.1887,0.106906,61.6159,199.692,0,0,0
900,2,0,484,1,1,1,4315.02,18662.3,1176.75,46.3844,0.517824,1085.35,280744,111.879,23.1957,0.302342,88.3811,67.5232,23.1887,0.0718272,44.2627,179.402,0,0,0
900,2,0,485,1,1,1,4332.62,18661.6,1176.91,46.3844,0.678182,1085.35,280741,109.02,23.1957,0.462701,85.3616,111.88,23.1887,0.0718272,88.6193,220.9,0,0,0
900,2,0,486,1,1,1,4318.54,18629.8,1177.21,46.3844,0.482746,1085.85,280736,117.872,23.1957,0.267264,94.4091,116.563,23.1887,0.0718272,93.3027,234.435,0,0,0
900,2,0,487,1,1,1,4319.18,18638.8,1177.04,46.3844,0.482746,1085.68,280739,60.8891,23.1957,0.267264,37.4261,116.377,23.1887,0.0718272,93.1169,177.266,0,0,0
900,2,0,488,1,1,1,4325.16,18678.3,1176.95,46.3844,0.6264,1085.44,280741,115.383,23.1957,0.267264,91.9203,90.9802,23.1887,0.0718272,67.7197,206.363,0,0,0
900,2,0,489,1,1,1,4333.77,18648.3,1176.75,46.3844,0.482746,1085.39,280745,114.804,23.1957,0.267264,91.3409,71.7248,23.1887,0.0718272,48.4643,186.529,0,0,0
900,2,0,490,1,1,1,4316.3,18682.9,1177.03,46.3844,0.517824,1085.63,280739,111.995,23.1957,0.302342,88.4966,70.2016,23.1887,0.0718272,46.941,182.196,0,0,0
900,2,0,491,1,1,1,4358.17,18686.9,1177.17,46.3844,0.482746,1085.81,280737,115.526,23.1957,0.267264,92.0628,121.267,23.1887,0.0718272,98.0061,236.792,0,0,0
900,2,0,492,1,1,1,4344.46,18695.3,1176.84,46.3844,0.482746,1085.48,280743,119.388,23.1957,0.267264,95.9251,121.68,23.1887,0.0718272,98.4194,241.068,0,0,0
900,2,0,493,1,1,1,4320.26,24634.5,1182.87,52.1883,0.731635,1085.63,280735,241.345,28.9996,0.516154,211.636,110.08,23.1887,0.0718272,86.8199,351.426,0,0,0
900,2,0,494,1,1,1,4357.55,18695.8,1176.93,46.3844,0.552902,1085.5,280741,67.637,23.1957,0.337421,44.1039,111.245,23.1887,0.0718272,87.984,178.882,0,0,0
900,2,0,495,1,1,1,4326.21,18640.7,1176.92,46.3844,0.482746,1085.56,280742,62.6181,23.1957,0.267264,39.1551,116.579,23.1887,0.0718272,93.319,179.198,0,0,0
900,2,0,496,1,1,1,4324.06,18658.5,1177.09,46.3844,0.482746,1085.73,280738,118.33,23.1957,0.267264,94.8675,74.9085,23.1887,0.0718272,51.648,193.239,0,0,0
900,2,0,497,1,1,1,4345.28,18657.9,1177.41,46.3844,0.805133,1085.73,280732,103.112,23.1957,0.267264,79.6494,116.938,23.1887,0.106906,93.642,220.05,0,0,0
900,2,0,498,1,1,1,4315.66,18659.6,1176.88,46.3844,0.713261,1085.29,280742,91.5648,23.1957,0.497779,67.8713,46.8041,23.1887,0.0718272,23.5436,138.369,0,0,0
900,2,0,499,1,1,1,4316.3,18630.8,1176.79,46.3844,0.482746,1085.42,280744,77.7748,23.1957,0.267264,54.3118,114.166,23.1887,0.0718272,90.906,191.941,0,0,0
900,2,0,500,1,1,1,4316.55,18642.1,1176.92,46.3844,0.678182,1085.37,280741,67.3923,23.1957,0.462701,43.7339,114.177,23.1887,0.0718272,90.9168,181.57,0,0,0
900,2,0,501,1,1,1,4334.12,18690.6,1177.01,46.3844,0.482746,1085.65,280740,119.336,23.1957,0.267264,95.8728,113.47,23.1887,0.0718272,90.2093,232.806,0,0,0
900,2,0,502,1,1,1,4316.94,24636,1182.51,52.1883,0.927072,1085.08,280741,242.111,28.9996,0.71159,212.208,67.4583,23.1887,0.0718272,44.1977,309.57,0,0,0
900,2,0,503,1,1,1,4318.86,18646,1177.16,46.3844,0.678182,1085.6,280737,112.039,23.1957,0.462701,88.3811,114.753,23.1887,0.0718272,91.4925,226.792,0,0,0
900,2,0,504,1,1,1,4344.67,18684,1177.03,46.3844,0.482746,1085.67,280740,105.583,23.1957,0.267264,82.1202,110.019,23.1887,0.0718272,86.7585,215.602,0,0,0
900,2,0,505,1,1,1,4326.47,18642.2,1176.98,46.3844,0.482746,1085.62,280741,110.96,23.1957,0.267264,87.4967,70.9307,23.1887,0.0718272,47.6702,181.89,0,0,0
900,2,0,506,1,1,1,4315.02,24631.5,1182.53,52.1883,0.696557,1085.33,280741,175.927,28.9996,0.481075,146.062,26.9297,23.1887,0.0718272,3.66916,202.857,0,0,0
900,2,0,507,1,1,1,4327.29,18642.4,1177.05,46.3844,0.482746,1085.69,280739,75.2932,23.1957,0.267264,51.8302,113.031,23.1887,0.0718272,89.7708,188.324,0,0,0
900,2,0,508,1,1,1,4343.8,18660.8,1176.78,46.3844,0.6264,1085.27,280744,105.018,23.1957,0.267264,81.5553,118.087,23.1887,0.0718272,94.826,223.105,0,0,0
900,2,0,509,1,1,1,4320.07,18636.5,1177.05,46.3844,0.482746,1085.69,280739,119.52,23.1957,0.267264,96.0569,70.5968,23.1887,0.0718272,47.3363,190.117,0,0,0
900,2,0,510,1,1,1,4315.98,18670.9,1176.81,46.3844,0.482746,1085.44,280744,115.887,23.1957,0.267264,92.4238,72.7662,23.1887,0.0718272,49.5057,188.653,0,0,0
900,2,0,511,1,1,2,10319.6,30658.2,1205,75.3889,1.62697,1084.36,280738,247.391,29.0104,0.800122,217.401,264.408,46.3784,0.683194,217.347,511.799,1,0,0
900,2,0,512,1,1,1,4335.3,18658.5,1176.9,46.3844,0.482746,1085.54,280742,113.936,23.1957,0.267264,90.4728,117.033,23.1887,0.0718272,93.772,230.968,0,0,0
900,2,0,513,1,1,1,4314.38,24641.3,1182.8,52.1883,0.536198,1085.75,280737,172.074,28.9996,0.320717,142.357,26.168,23.1887,0.0718272,2.90753,198.242,0,0,0
900,2,0,514,1,1,2,10321.6,24642.4,1199.26,69.5741,0.663149,1085.23,280743,71.4941,23.1957,0.267264,48.0311,260.838,46.3784,0.108576,214.351,332.332,1,0,0
900,2,0,515,1,1,1,4336.59,18656.8,1176.96,46.3844,0.517824,1085.56,280741,69.0847,23.1957,0.267264,45.6217,114.523,23.1887,0.106906,91.2272,183.608,0,0,0
900,2,0,516,1,1,1,4327.16,18658.8,1177.15,46.3844,0.482746,1085.79,280737,117.432,23.1957,0.267264,93.9687,117.081,23.1887,0.0718272,93.8207,234.513,0,0,0
900,2,0,517,1,1,1,4317.58,18670.8,1177.15,46.3844,0.482746,1085.79,280737,117.094,23.1957,0.267264,93.6312,66.2418,23.1887,0.0718272,42.9813,183.336,0,0,0
900,2,0,518,1,1,1,4332,18643.9,1176.98,46.3844,0.482746,1085.62,280740,68.4205,23.1957,0.267264,44.9576,111.772,23.1887,0.0718272,88.511,180.192,0,0,0
900,2,0,519,1,1,1,4316.3,18633,1176.75,46.406,0.519494,1085.33,280745,115.559,23.2173,0.304013,92.0376,65.7978,23.1887,0.0718272,42.5373,181.357,0,0,0
900,2,0,520,1,1,1,4318.22,18687.9,1177.03,46.3844,0.482746,1085.67,280740,117.397,23.1957,0.267264,93.9344,72.9412,23.1887,0.0718272,49.6807,190.339,0,0,0
900,2,0,521,1,1,1,4346.84,18662.3,1177.06,46.3844,0.482746,1085.7,280739,115.39,23.1957,0.267264,91.9275,96.9812,23.1887,0.0718272,73.7207,212.372,0,0,0
900,2,0,522,1,1,1,4349.65,18677.4,1176.9,46.3844,0.552902,1085.46,280742,111.01,23.1957,0.267264,87.5472,113.995,23.1887,0.141984,90.6641,225.005,0,0,0
900,2,0,523,1,1,1,4317.58,18633.3,1177.05,46.3844,0.482746,1085.69,280739,85.198,23.1957,0.267264,61.735,42.8877,23.1887,0.0718272,19.6272,128.086,0,0,0
900,2,0,524,1,1,1,4335.27,18654.1,1176.92,46.3844,0.482746,1085.56,280742,67.7979,23.1957,0.267264,44.3349,108.092,23.1887,0.0718272,84.831,175.889,0,0,0
900,2,0,525,1,1,1,4333.63,18664.1,1176.87,46.3844,0.6264,1085.36,280742,67.9224,23.1957,0.267264,44.4594,110.548,23.1887,0.0718272,87.2873,178.47,0,0,0
900,2,0,526,1,1,1,4323.59,18666.2,1176.92,46.3844,0.678182,1085.37,280741,116.737,23.1957,0.462701,93.079,73.4664,23.1887,0.0718272,50.2059,190.204,0,0,0
900,2,0,527,1,1,1,4317.26,18644.5,1176.92,46.3844,0.482746,1085.56,280742,111.6,23.1957,0.267264,88.1374,114.459,23.1887,0.0718272,91.1983,226.059,0,0,0
900,2,0,528,1,1,1,4317.9,24643.3,1182.29,52.1883,0.766714,1085.01,280745,232.343,28.9996,0.551232,202.571,52.1536,23.1887,0.0718272,28.893,284.496,0,0,0
900,2,0,529,1,1,1,4343.61,18687.2,1177.03,46.3844,0.482746,1085.67,280740,114.208,23.1957,0.267264,90.7453,113.578,23.1887,0.0718272,90.3176,227.786,0,0,0
900,2,0,530,1,1,1,4323.85,18668.1,1177.27,46.3844,0.873619,1085.52,280734,116.539,23.1957,0.658138,92.6855,73.0658,23.1887,0.0718272,49.8053,189.605,0,0,0
900,2,0,531,1,1,1,4316.3,18661.7,1176.53,46.3844,0.517824,1085.13,280748,118.93,23.1957,0.302342,95.4324,70.2737,23.1887,0.0718272,47.0132,189.204,0,0,0
900,2,0,532,1,1,1,4334.38,18649.8,1177.01,46.3844,0.6264,1085.5,280740,79.1645,23.1957,0.267264,55.7015,106.113,23.1887,0.0718272,82.853,185.278,0,0,0
900,2,0,533,1,1,1,4325.07,18646.6,1177.13,46.3844,0.482746,1085.77,280738,94.3952,23.1957,0.267264,70.9322,118.511,23.1887,0.0718272,95.2501,212.906,0,0,0
900,2,0,534,1,1,1,4354.1,18687.1,1176.91,46.3844,0.552902,1085.48,280741,114.278,23.1957,0.337421,90.7453,118.52,23.1887,0.0718272,95.2591,232.798,0,0,0
900,2,0,535,1,1,1,4332.68,18717.7,1177.14,46.3844,0.678182,1085.58,280737,113.624,23.1957,0.462701,89.9657,65.9476,23.1887,0.0718272,42.6871,179.572,0,0,0
900,2,0,536,1,1,1,4351.65,18680.6,1176.77,46.3844,0.517824,1085.37,280744,112.742,23.1957,0.302342,89.2438,120.962,23.1887,0.0718272,97.701,233.703,0,0,0
900,2,0,537,1,1,1,4327.49,18663.6,1176.57,46.3844,0.552902,1085.14,280747,107.257,23.1957,0.302342,83.759,109.357,23.1887,0.106906,86.0619,216.614,0,0,0
900,2,0,538,1,1,1,4345.17,18667.6,1176.92,46.3844,0.482746,1085.56,280742,94.5703,23.1957,0.267264,71.1073,118.839,23.1887,0.0718272,95.5786,213.409,0,0,0
900,2,0,539,1,1,1,4334.38,18650.1,1177.08,46.3844,0.6264,1085.58,280738,63.4627,23.1957,0.267264,39.9998,112.048,23.1887,0.0718272,88.7871,175.51,0,0,0
900,2,0,540,1,0,0,-1,-1,1154.34,23.1957,0.302342,1085.64,280744,-1,-1,-1,-1,-1,-1,-1,-1,-1,0,0,0
900,2,0,541,1,1,1,4334.71,18681.6,1176.95,46.3844,0.587981,1085.48,280740,116.467,23.1957,0.372499,92.8985,113.508,23.1887,0.0718272,90.2472,229.974,0,0,0
900,2,0,542,1,1,1,4325.61,18652.6,1177.07,46.3844,0.6264,1085.56,280739,109.334,23.1957,0.267264,85.8706,113.365,23.1887,0.0718272,90.1046,222.699,0,0,0
900,2,0,543,1,1,1,4316.94,18658.8,1177.05,46.3844,0.517824,1085.65,280739,118.847,23.1957,0.302342,95.3494,73.9519,23.1887,0.0718272,50.6914,192.799,0,0,0
900,2,0,544,1,1,1,4335.88,18683,1176.94,46.3844,0.482746,1085.58,280741,116.277,23.1957,0.267264,92.8136,114.717,23.1887,0.0718272,91.4564,230.994,0,0,0
900,2,0,545,1,1,1,4331.08,18647.3,1177.15,46.3844,0.482746,1085.79,280737,113.963,23.1957,0.267264,90.4999,110.429,23.1887,0.0718272,87.1682,224.392,0,0,0
900,2,0,546,1,1,1,4321.32,18636.1,1177.19,46.3844,0.482746,1085.83,280737,113.47,23.1957,0.267264,90.0072,62.9228,23.1887,0.0718272,39.6623,176.393,0,0,0
900,2,0,547,1,1,1,4321.22,18636,1177.01,46.3844,0.482746,1085.65,280740,114.688,23.1957,0.267264,91.2254,66.6641,23.1887,0.0718272,43.4036,181.353,0,0,0
900,2,0,548,1,1,1,4317.29,18643.3,1177.13,46.3844,0.482746,1085.77,280738,77.7116,23.1957,0.267264,54.2487,113.746,23.1887,0.0718272,90.4855,191.458,0,0,0
900,2,0,549,1,1,1,4322.25,24652.4,1182.41,52.1883,0.536198,1085.37,280744,246.278,28.9996,0.320717,216.776,120.525,23.1887,0.0718272,97.2643,366.803,0,0,0
900,2,0,550,1,1,1,4344.9,18685.8,1176.85,46.3844,0.552902,1085.41,280742,120.851,23.1957,0.302342,97.3527,120.123,23.1887,0.106906,96.8275,240.974,0,0,0
900,2,0,551,1,1,1,4328.34,18650.7,1177.17,46.3844,0.482746,1085.81,280737,76.2191,23.1957,0.267264,52.7561,105.953,23.1887,0.0718272,82.6923,182.172,0,0,0
900,2,0,552,1,0,0,-1,-1,1154.62,23.1957,0.267264,1085.96,280739,-1,-1,-1,-1,-1,-1,-1,-1,-1,0,0,0
900,2,0,553,1,1,1,4322.55,18661.4,1177.13,46.3844,0.482746,1085.77,280738,112.55,23.1957,0.267264,89.0867,71.3963,23.1887,0.0718272,48.1358,183.946,0,0,0
900,2,0,554,1,1,1,4320.14,18673.3,1176.53,46.3844,0.552902,1085.1,280748,122.283,23.1957,0.337421,98.7496,114.607,23.1887,0.0718272,91.3463,236.89,0,0,0
900,2,0,555,1,1,1,4316.3,24646.1,1182.98,52.1883,1.08743,1085.38,280732,206.435,28.9996,0.871949,176.266,119.933,23.1887,0.0718272,96.6723,326.367,0,0,0
900,2,0,556,1,1,1,4318.22,24641.9,1182.35,52.1883,0.731635,1085.11,280744,246.826,28.9996,0.516154,217.132,66.4277,23.1887,0.0718272,43.1672,313.254,0,0,0
900,2,0,557,1,1,1,4317.26,18671.6,1176.92,46.3844,0.482746,1085.56,280742,108.888,23.1957,0.267264,85.4248,110.851,23.1887,0.0718272,87.5906,219.739,0,0,0
900,2,0,558,1,1,1,4328.84,18670,1177.04,46.3844,0.482746,1085.68,280739,116.861,23.1957,0.267264,93.3984,113.163,23.1887,0.0718272,89.9025,230.024,0,0,0
900,2,0,559,1,1,1,4329.61,18656.6,1177.15,46.3844,0.482746,1085.79,280737,109.065,23.1957,0.267264,85.6017,112.71,23.1887,0.0718272,89.4495,221.775,0,0,0
900,2,0,560,1,1,1,4328,18643.5,1177.15,46.3844,0.482746,1085.79,280737,117.399,23.1957,0.267264,93.9362,113.593,23.1887,0.0718272,90.332,230.992,0,0,0
900,2,0,561,1,1,1,4316.94,18643.7,1176.9,46.3844,0.482746,1085.54,280742,109.328,23.1957,0.267264,85.8652,113.351,23.1887,0.0718272,90.0902,222.679,0,0,0
900,2,0,562,1,1,1,4358.64,30719.1,1188.17,57.9922,0.820166,1085.21,280740,380.195,34.8035,0.534528,344.235,116.958,23.1887,0.141984,93.6276,497.153,0,0,0
900,2,0,563,1,1,1,4319.3,24667.4,1182.64,52.1883,0.536198,1085.59,280740,249.524,28.9996,0.320717,220.029,69.5121,23.1887,0.0718272,46.2516,319.036,0,0,0
900,2,0,564,1,1,1,4351.82,18681.2,1177.17,46.3844,0.482746,1085.81,280737,111.124,23.1957,0.267264,87.6609,113.894,23.1887,0.0718272,90.6334,225.018,0,0,0
900,2,0,565,1,1,1,4319.43,18658.5,1177.14,46.3844,0.678182,1085.58,280737,77.0173,23.1957,0.462701,53.3589,105.446,23.1887,0.0718272,82.1852,182.463,0,0,0
900,2,0,566,1,1,1,4315.02,18653,1176.96,46.3844,0.482746,1085.6,280741,114.656,23.1957,0.267264,91.1929,100.935,23.1887,0.0718272,77.675,215.591,0,0,0
900,2,0,567,1,1,1,4329.35,18645.1,1176.94,46.3844,0.482746,1085.58,280741,116.342,23.1957,0.267264,92.8786,112.798,23.1887,0.0718272,89.5379,229.14,0,0,0
900,2,0,568,1,1,1,4319.5,18649.8,1176.92,46.3844,0.482746,1085.56,280742,115.676,23.1957,0.267264,92.2126,122.097,23.1887,0.0718272,98.8363,237.772,0,0,0
900,2,0,569,1,1,1,4331.14,18657.7,1177,46.3844,0.770054,1085.35,280739,86.6364,23.1957,0.267264,63.1734,109.169,23.1887,0.0718272,85.9085,195.805,0,0,0
900,2,0,570,1,1,1,4318.54,18651.3,1176.71,46.3844,0.482746,1085.35,280745,113.826,23.1957,0.267264,90.3627,70.9144,23.1887,0.0718272,47.6539,184.74,0,0,0
900,2,0,571,1,1,1,4352.07,18675.6,1176.99,46.3844,0.552902,1085.56,280740,114.887,23.1957,0.267264,91.4239,72.4068,23.1887,0.141984,49.0761,187.294,0,0,0
900,2,0,572,1,1,1,4326.64,18662.4,1176.79,46.3844,0.482746,1085.42,280744,117.643,23.1957,0.267264,94.1799,119.83,23.1887,0.0718272,96.5694,237.473,0,0,0
900,2,0,573,1,1,1,4314.7,18661.9,1176.79,46.3844,0.482746,1085.42,280744,114.445,23.1957,0.267264,90.9818,109.873,23.1887,0.0718272,86.6124,224.318,0,0,0
900,2,0,574,1,1,1,4320.9,18645.9,1177.13,46.3844,0.482746,1085.77,280738,106.356,23.1957,0.267264,82.8927,112.356,23.1887,0.0718272,89.0958,218.712,0,0,0
900,2,0,575,1,1,1,4352.51,18669.9,1176.84,46.3844,0.517824,1085.44,280743,59.206,23.1957,0.302342,35.708,115.695,23.1887,0.0718272,92.4346,174.901,0,0,0
900,2,0,576,1,1,1,4321.39,18693.2,1177.45,46.3844,1.06906,1085.5,280731,117.247,23.1957,0.853574,93.1981,115.771,23.1887,0.0718272,92.5104,233.018,0,0,0
900,2,0,577,1,1,1,4318.54,18631.7,1177.19,46.3844,0.482746,1085.83,280737,68.361,23.1957,0.267264,44.898,109.611,23.1887,0.0718272,86.3507,177.972,0,0,0
900,2,0,578,1,1,1,4320.71,18647.5,1176.71,46.3844,0.517824,1085.31,280745,118.943,23.1957,0.302342,95.445,71.1076,23.1887,0.0718272,47.8471,190.051,0,0,0
900,2,0,579,1,1,1,4342.76,18656.6,1176.9,46.3844,0.482746,1085.54,280742,63.6486,23.1957,0.267264,40.1857,113.692,23.1887,0.0718272,90.4313,177.34,0,0,0
900,2,0,580,1,1,1,4328.92,18655.2,1177.11,46.3844,0.552902,1085.67,280738,114.325,23.1957,0.337421,90.7923,65.6625,23.1887,0.0718272,42.402,179.988,0,0,0
900,2,0,581,1,1,1,4320.84,18641.6,1177.15,46.3844,0.482746,1085.79,280737,104.345,23.1957,0.267264,80.8821,55.043,23.1887,0.0718272,31.7825,159.388,0,0,0
900,2,0,582,1,1,1,4329.1,18649.1,1176.91,46.3844,0.731635,1085.3,280741,60.0677,23.1957,0.337421,36.5346,114.629,23.1887,0.106906,91.3337,174.697,0,0,0
900,2,0,583,1,1,1,4316.62,18651.4,1176.98,46.3844,0.482746,1085.62,280740,96.2199,23.1957,0.267264,72.7569,50.2711,23.1887,0.0718272,27.0106,146.491,0,0,0
900,2,0,584,1,1,1,4318.17,18640.6,1177.03,46.3844,0.482746,1085.67,280740,99.7789,23.1957,0.267264,76.316,52.39,23.1887,0.0718272,29.1295,152.169,0,0,0
900,2,0,585,1,1,1,4331.14,18700.6,1176.88,46.3844,0.713261,1085.29,280742,113.204,23.1957,0.462701,89.5452,121.399,23.1887,0.106906,98.1035,234.603,0,0,0
900,2,0,586,1,1,1,4317.58,18654.6,1176.97,46.3844,0.517824,1085.57,280740,110.219,23.1957,0.302342,86.7206,67.2417,23.1887,0.0718272,43.9812,177.46,0,0,0
900,2,0,587,1,1,1,4321.35,24657.7,1182.43,52.1883,0.696557,1085.23,280743,244.823,28.9996,0.481075,215.156,66.0487,23.1887,0.0718272,42.7882,310.872,0,0,0
900,2,0,588,1,1,1,4330.75,18659.2,1177.11,46.3844,0.482746,1085.75,280738,114.123,23.1957,0.267264,90.6605,99.0711,23.1887,0.0718272,75.8106,213.195,0,0,0
900,2,0,589,1,1,1,4317.9,18643.3,1177.02,46.3844,0.678182,1085.46,280739,119.01,23.1957,0.462701,95.3512,71.0083,23.1887,0.0718272,47.7478,190.018,0,0,0
900,2,0,590,1,1,1,4316.62,18689.2,1176.79,46.3844,0.482746,1085.42,280744,113.443,23.1957,0.267264,89.9801,65.4513,23.1887,0.0718272,42.1908,178.894,0,0,0
900,2,0,591,1,1,1,4329.69,30684.3,1188.36,57.9922,1.17596,1085.05,280736,382.81,34.8035,0.96048,346.433,70.7538,23.1887,0.0718272,47.4933,453.564,0,0,0
900,2,0,592,1,1,1,4327.98,18669.2,1176.73,46.3844,0.482746,1085.37,280745,112.023,23.1957,0.267264,88.5597,62.0583,23.1887,0.0718272,38.7978,174.081,0,0,0
900,2,0,593,1,1,1,4315.02,18630.1,1176.98,46.3844,0.482746,1085.62,280740,73.8006,23.1957,0.267264,50.3377,113.905,23.1887,0.0718272,90.6443,187.705,0,0,0
900,2,0,594,1,1,1,4313.1,18634.4,1176.73,46.3844,0.482746,1085.37,280745,111.71,23.1957,0.267264,88.2475,70.0265,23.1887,0.0718272,46.766,181.737,0,0,0
900,2,0,595,1,0,0,-1,-1,1154.22,23.1957,0.267264,1085.56,280746,-1,-1,-1,-1,-1,-1,-1,-1,-1,0,0,0
900,2,0,596,1,1,1,4316.3,18632.1,1177.15,46.3844,0.482746,1085.79,280737,89.062,23.1957,0.267264,65.5991,112.692,23.1887,0.0718272,89.4314,201.754,0,0,0
900,2,0,597,1,1,1,4318.98,18633.8,1177.11,46.3844,0.482746,1085.75,280738,109.552,23.1957,0.267264,86.089,114.908,23.1887,0.0718272,91.6477,224.46,0,0,0
900,2,0,598,1,1,1,4324.68,18645,1176.8,46.3844,0.517824,1085.4,280743,116.739,23.1957,0.267264,93.2757,114.821,23.1887,0.106906,91.525,231.559,0,0,0
900,2,0,599,1,1,1,4315.34,18650.1,1176.86,46.3844,0.552902,1085.42,280742,73.8203,23.1957,0.337421,50.2871,114.136,23.1887,0.0718272,90.8753,187.956,0,0,0
900,2,0,600,1,1,1,4319.5,18692.3,1176.9,46.3844,0.482746,1085.54,280742,110.59,23.1957,0.267264,87.1267,57.4597,23.1887,0.0718272,34.1992,168.049,0,0,0
900,2,0,601,1,1,1,4337.46,18671,1176.96,46.3844,0.517824,1085.56,280741,121.295,23.1957,0.302342,97.7967,116.278,23.1887,0.0718272,93.0176,237.573,0,0,0
900,2,0,602,1,1,1,4322.76,18670.9,1177.07,46.3844,0.482746,1085.71,280739,94.2707,23.1957,0.267264,70.8077,49.8019,23.1887,0.0718272,26.5414,144.073,0,0,0
900,2,0,603,1,1,1,4347.73,18691.7,1177.35,46.3844,0.908698,1085.56,280733,75.3041,23.1957,0.693216,51.4151,114.919,23.1887,0.0718272,91.6586,190.223,0,0,0
900,2,0,604,1,1,1,4324.16,18640.2,1176.9,46.3844,0.482746,1085.54,280742,70.7361,23.1957,0.267264,47.2731,110.739,23.1887,0.0718272,87.4787,181.475,0,0,0
900,2,0,605,1,1,1,4320.77,18640.2,1176.9,46.3844,0.482746,1085.54,280742,77.0565,23.1957,0.267264,53.5935,113.616,23.1887,0.0718272,90.3555,190.673,0,0,0
900,2,0,606,1,1,1,4335.9,18654.7,1176.92,46.3844,0.661478,1085.38,280741,58.0393,23.1957,0.267264,34.5764,115.232,23.1887,0.106906,91.9365,173.271,0,0,0
900,2,0,607,1,1,1,4336.85,18665,1176.92,46.3844,0.482746,1085.56,280742,61.8059,23.1957,0.267264,38.343,116.19,23.1887,0.0718272,92.9292,177.996,0,0,0
900,2,0,608,1,1,1,4331.88,18667,1176.51,46.3844,0.517824,1085.11,280749,71.162,23.1957,0.267264,47.6991,110.435,23.1887,0.106906,87.1394,181.597,0,0,0
900,2,0,609,1,1,1,4331.59,18671.5,1176.96,46.3844,0.482746,1085.6,280741,114.634,23.1957,0.267264,91.1713,82.3623,23.1887,0.0718272,59.1018,196.997,0,0,0
900,2,0,610,1,1,1,4347.66,18682.1,1177.2,46.3844,0.6264,1085.69,280736,114.9,23.1957,0.267264,91.4366,121.678,23.1887,0.0718272,98.4175,236.578,0,0,0
900,2,0,611,1,1,1,4341.67,18658.1,1177.08,46.3844,0.6264,1085.57,280738,61.9233,23.1957,0.267264,38.4603,116.767,23.1887,0.0718272,93.5067,178.69,0,0,0
900,2,0,612,1,1,1,4336.92,18650.5,1177.03,46.3844,0.482746,1085.67,280740,113.752,23.1957,0.267264,90.2887,81.4184,23.1887,0.0718272,58.1579,195.17,0,0,0
900,2,0,613,1,1,1,4320.2,18700.2,1177.23,46.3844,0.678182,1085.67,280736,115.604,23.1957,0.462701,91.9455,65.3304,23.1887,0.0718272,42.0699,180.934,0,0,0
900,2,0,614,1,1,1,4319.18,18663.7,1176.59,46.3844,0.517824,1085.19,280747,69.2696,23.1957,0.302342,45.7715,109.115,23.1887,0.0718272,85.8543,178.384,0,0,0
900,2,0,615,1,1,1,4341.6,18657.7,1177.15,46.3844,0.482746,1085.79,280737,112.723,23.1957,0.267264,89.26,106.247,23.1887,0.0718272,82.9865,218.97,0,0,0
900,2,0,616,1,1,1,4322.12,24672.5,1182.63,52.1883,0.927072,1085.19,280739,228.186,28.9996,0.71159,198.237,47.9772,23.1887,0.0718272,24.7167,276.163,0,0,0
900,2,0,617,1,1,1,4321.8,18644.4,1177.01,46.3844,0.482746,1085.65,280740,116.901,23.1957,0.267264,93.4381,65.4495,23.1887,0.0718272,42.189,182.351,0,0,0
900,2,0,618,1,1,1,4334.34,18652.5,1176.93,46.3844,0.6264,1085.42,280741,62.5026,23.1957,0.267264,39.0396,116.17,23.1887,0.0718272,92.9093,178.672,0,0,0
900,2,0,619,1,1,1,4318.54,18673.5,1177.03,46.3844,0.482746,1085.67,280740,119.067,23.1957,0.267264,95.6039,113.602,23.1887,0.0718272,90.3411,232.668,0,0,0
900,2,0,620,1,1,1,4326.03,18679.5,1176.78,46.3844,0.517824,1085.38,280744,116.803,23.1957,0.302342,93.3046,114.675,23.1887,0.0718272,91.4149,231.478,0,0,0
900,2,0,621,0,0,0,-1,-1,1154.42,23.206,0.516154,1085.5,280742,-1,-1,-1,-1,-1,-1,-1,-1,-1,0,0,0
900,2,0,622,1,1,1,4322.47,18642.2,1177.05,46.3844,0.517824,1085.65,280739,68.4602,23.1957,0.267264,44.9973,108.903,23.1887,0.106906,85.6071,177.363,0,0,0
900,2,0,623,1,1,1,4340.1,18668.9,1176.75,46.3844,0.482746,1085.39,280745,113.145,23.1957,0.267264,89.6823,109.914,23.1887,0.0718272,86.6539,223.06,0,0,0
900,2,0,624,1,1,1,4324.65,18643.9,1177.14,46.3844,0.6264,1085.63,280737,114.909,23.1957,0.267264,91.4456,114.549,23.1887,0.0718272,91.2886,229.458,0,0,0
900,2,0,625,1,1,1,4317.9,18649.4,1177.09,46.3844,0.713261,1085.5,280738,112.239,23.1957,0.497779,88.5453,67.803,23.1887,0.0718272,44.5425,180.042,0,0,0
900,2,0,626,1,1,1,4340.03,18671.4,1176.88,46.3844,0.482746,1085.52,280742,107.96,23.1957,0.267264,84.4971,112.248,23.1887,0.0718272,88.9875,220.208,0,0,0
900,2,0,627,1,0,0,-1,-1,1154.18,23.1957,0.337421,1085.44,280747,-1,-1,-1,-1,-1,-1,-1,-1,-1,0,0,0
900,2,0,628,1,1,1,4329.15,18644.9,1176.9,46.3844,0.482746,1085.54,280742,67.4441,23.1957,0.267264,43.9812,108.014,23.1887,0.0718272,84.7534,175.458,0,0,0
900,2,0,629,1,1,1,4318.89,18636.1,1176.9,46.3844,0.482746,1085.54,280742,106.612,23.1957,0.267264,83.1489,111.562,23.1887,0.0718272,88.3016,218.174,0,0,0
900,2,0,630,1,1,1,4321.54,18656.3,1177.01,46.3844,0.482746,1085.65,280740,113.479,23.1957,0.267264,90.0162,111.102,23.1887,0.0718272,87.8414,224.581,0,0,0
900,2,0,631,1,1,1,4319.56,18636.4,1177.07,46.3844,0.482746,1085.71,280739,82.8373,23.1957,0.267264,59.3743,106.841,23.1887,0.0718272,83.5803,189.678,0,0,0
900,2,0,632,1,1,1,4321.35,18684,1177.04,46.3844,0.713261,1085.44,280739,91.0089,23.1957,0.497779,67.3154,46.5677,23.1887,0.0718272,23.3072,137.577,0,0,0
900,2,0,633,1,0,0,-1,-1,1154.84,23.1957,0.497779,1085.94,280735,-1,-1,-1,-1,-1,-1,-1,-1,-1,0,0,0
900,2,0,634,1,1,1,4317.9,18637.2,1176.94,46.3844,0.517824,1085.54,280741,68.7083,23.1957,0.302342,45.2102,112.811,23.1887,0.0718272,89.5506,181.519,0,0,0
900,2,0,635,1,1,1,4315.91,18701.9,1176.8,46.3844,0.517824,1085.4,280743,114.705,23.1957,0.302342,91.2074,70.8657,23.1887,0.0718272,47.6052,185.571,0,0,0
900,2,0,636,1,1,1,4330.44,18679.2,1176.9,46.3844,0.482746,1085.54,280742,115.304,23.1957,0.267264,91.8409,65.4026,23.1887,0.0718272,42.1421,180.706,0,0,0
900,2,0,637,1,1,1,4316.65,18636.3,1177,46.3844,0.482746,1085.64,280740,62.5026,23.1957,0.267264,39.0396,116.776,23.1887,0.0718272,93.5157,179.279,0,0,0
900,2,0,638,1,1,1,4358.45,18684.7,1176.82,46.3844,0.552902,1085.38,280743,112.82,23.1957,0.267264,89.3575,104.539,23.1887,0.141984,81.2088,217.36,0,0,0
900,2,0,639,1,1,1,4325.32,18659.4,1177.13,46.3844,0.50112,1085.75,280738,116.659,23.1957,0.267264,93.1963,115.371,23.1887,0.0902016,92.0917,232.03,0,0,0
900,2,0,640,1,1,1,4317.26,18644.8,1177.05,46.3844,0.482746,1085.69,280739,101.295,23.1957,0.267264,77.832,53.0993,23.1887,0.0718272,29.8388,154.394,0,0,0
900,2,0,641,1,1,1,4316.62,18680,1176.98,46.3844,0.482746,1085.62,280740,116.181,23.1957,0.267264,92.718,111.638,23.1887,0.0718272,88.3774,227.819,0,0,0
900,2,0,642,1,1,1,4333.65,18650.4,1176.93,46.3844,0.6264,1085.42,280741,68.4314,23.1957,0.267264,44.9684,113.6,23.1887,0.0718272,90.3393,182.031,0,0,0
900,2,0,643,1,1,1,4359.44,18710.6,1176.62,46.3844,0.623059,1085.12,280746,67.793,23.1957,0.372499,44.2248,111.361,23.1887,0.106906,88.0652,179.154,0,0,0
900,2,0,644,1,1,1,4321.06,18641.8,1177.09,46.3844,0.482746,1085.73,280738,91.54,23.1957,0.267264,68.0771,115.179,23.1887,0.0718272,91.9185,206.719,0,0,0
900,2,0,645,1,1,1,4335.59,18668.2,1176.9,46.3844,0.552902,1085.47,280741,116.601,23.1957,0.267264,93.1385,115.386,23.1887,0.141984,92.0556,231.988,0,0,0
900,2,0,646,1,1,1,4334.7,18648.2,1176.96,46.3844,0.661478,1085.42,280740,113.636,23.1957,0.267264,90.1732,110.186,23.1887,0.106906,86.8903,223.822,0,0,0
900,2,0,647,1,1,1,4359.19,18686.5,1176.93,46.3844,0.770054,1085.28,280741,68.462,23.1957,0.267264,44.9991,113.941,23.1887,0.0718272,90.6804,182.403,0,0,0
900,2,0,648,1,1,1,4351.14,18672.2,1176.66,46.3844,0.552902,1085.23,280746,67.8446,23.1957,0.337421,44.3114,110.355,23.1887,0.0718272,87.0942,178.199,0,0,0
900,2,0,649,1,1,1,4319.66,18637.5,1176.81,46.3844,0.482746,1085.44,280744,69.0847,23.1957,0.267264,45.6217,114.235,23.1887,0.0718272,90.9746,183.32,0,0,0
900,2,0,650,1,1,1,4316.94,18641.1,1176.8,46.3844,0.517824,1085.4,280743,116.631,23.1957,0.302342,93.1331,66.0397,23.1887,0.0718272,42.7792,182.671,0,0,0
900,2,0,651,1,1,1,4319.18,24656.2,1182.4,52.1883,0.731635,1085.16,280743,251.367,28.9996,0.516154,221.684,70.1655,23.1887,0.0718272,46.9049,321.533,0,0,0
900,2,0,652,1,1,1,4316.94,18651.3,1177.05,46.3844,0.748339,1085.42,280738,110.202,23.1957,0.532858,86.4734,110.739,23.1887,0.0718272,87.4787,220.941,0,0,0
900,2,0,653,1,1,1,4320.48,18643,1177.21,46.3844,0.482746,1085.85,280736,115.784,23.1957,0.267264,92.3209,115.215,23.1887,0.0718272,91.9546,230.999,0,0,0
900,2,0,654,1,1,1,4343.94,18684.5,1177.05,46.3844,0.50112,1085.67,280739,105.863,23.1957,0.267264,82.3999,110.135,23.1887,0.0902016,86.856,215.998,0,0,0
900,2,0,655,1,1,1,4317.26,24658.7,1182.55,52.1883,0.696557,1085.35,280741,249.492,28.9996,0.481075,219.837,70.8729,23.1887,0.0718272,47.6124,320.365,0,0,0
900,2,0,656,1,1,1,4322.42,18638.5,1176.71,46.3844,0.482746,1085.35,280745,62.8816,23.1957,0.267264,39.4186,111.582,23.1887,0.0718272,88.3215,174.464,0,0,0
900,2,0,657,1,1,1,4342.76,18666.1,1176.69,46.3844,0.517824,1085.29,280745,89.3544,23.1957,0.267264,65.8914,46.4458,23.1887,0.106906,23.1502,135.8,0,0,0
900,2,0,658,1,1,1,4412.62,18731.5,1176.88,46.3844,0.517824,1085.48,280742,106.066,23.1957,0.302342,82.5678,114.699,23.1887,0.0718272,91.4384,220.765,0,0,0
900,2,0,659,1,1,1,4372.18,18693.6,1177.07,46.3844,0.482746,1085.71,280739,112.331,23.1957,0.267264,88.8684,122.494,23.1887,0.0718272,99.2333,234.825,0,0,0
900,2,0,660,1,1,1,4315.66,18636.3,1176.94,46.3844,0.482746,1085.58,280741,87.7878,23.1957,0.267264,64.3249,45.2953,23.1887,0.0718272,22.0348,133.083,0,0,0
900,2,0,661,1,1,1,4324.53,18646.3,1176.71,46.3844,0.482746,1085.35,280745,114.909,23.1957,0.267264,91.4456,122.42,23.1887,0.0718272,99.1593,237.328,0,0,0
900,2,0,662,1,1,1,4322.92,18651.2,1177.03,46.3844,0.482746,1085.67,280740,91.4732,23.1957,0.267264,68.0103,47.8635,23.1887,0.0718272,24.603,139.337,0,0,0
900,2,0,663,1,1,1,4320.17,18638,1176.92,46.3844,0.482746,1085.56,280742,114.937,23.1957,0.267264,91.4745,85.0695,23.1887,0.0718272,61.809,200.007,0,0,0
900,2,0,664,1,1,1,4317.26,18648.4,1176.75,46.3844,0.517824,1085.35,280744,110.036,23.1957,0.302342,86.5384,118.525,23.1887,0.0718272,95.2646,228.561,0,0,0
900,2,0,665,1,1,1,4317.9,18632.1,1176.79,46.3844,0.482746,1085.42,280744,63.4411,23.1957,0.267264,39.9781,112.45,23.1887,0.0718272,89.1896,175.891,0,0,0
900,2,0,666,1,1,1,4335.51,18674.4,1176.87,46.3844,0.6264,1085.36,280742,123.057,23.1957,0.267264,99.5943,114.405,23.1887,0.0718272,91.1442,237.462,0,0,0
900,2,0,667,1,1,1,4322.36,18640.9,1177.19,46.3844,0.482746,1085.83,280737,114.593,23.1957,0.267264,91.1298,119.429,23.1887,0.0718272,96.1688,234.022,0,0,0
900,2,0,668,1,1,1,4344.09,18659.9,1176.94,46.3844,0.482746,1085.58,280741,113.124,23.1957,0.267264,89.6607,122.241,23.1887,0.0718272,98.9806,235.365,0,0,0
900,2,0,669,1,1,1,4319.3,18647.2,1177.02,46.3844,0.50112,1085.64,280740,116.509,23.1957,0.267264,93.0465,112.829,23.1887,0.0902016,89.5506,229.339,0,0,0
900,2,0,670,1,1,1,4331.78,18645.3,1176.73,46.3844,0.517824,1085.33,280745,77.2749,23.1957,0.267264,53.8119,114.005,23.1887,0.106906,90.7092,191.28,0,0,0
900,2,0,671,1,1,1,4351.78,18679.4,1177.18,46.3844,0.6264,1085.67,280737,79.2854,23.1957,0.267264,55.8225,108.2,23.1887,0.0718272,84.9393,187.485,0,0,0
900,2,0,672,1,1,1,4346.63,18668,1176.88,46.3844,0.770054,1085.23,280742,70.4726,23.1957,0.267264,47.0096,114.87,23.1887,0.0718272,91.6098,185.343,0,0,0
900,2,0,673,1,1,1,4320.71,18682.6,1177.01,46.3844,0.517824,1085.61,280740,122.249,23.1957,0.302342,98.7514,118.803,23.1887,0.0718272,95.5425,241.052,0,0,0
900,2,0,674,1,1,1,4316.3,18630.1,1176.75,46.3844,0.482746,1085.39,280745,111.979,23.1957,0.267264,88.5164,116.453,23.1887,0.0718272,93.1927,228.433,0,0,0
900,2,0,675,1,1,1,4329.22,18644.9,1176.69,46.3844,0.517824,1085.29,280745,114.384,23.1957,0.302342,90.8861,66.0198,23.1887,0.0718272,42.7593,180.404,0,0,0
900,2,0,676,1,1,1,4317.58,18642.5,1177.21,46.3844,0.482746,1085.85,280736,101.743,23.1957,0.267264,78.2796,53.0993,23.1887,0.0718272,29.8388,154.842,0,0,0
900,2,0,677,1,1,1,4319.54,18640.5,1176.9,46.3844,0.482746,1085.54,280742,114.308,23.1957,0.267264,90.8446,87.533,23.1887,0.0718272,64.2725,201.841,0,0,0
900,2,0,678,1,1,1,4317.26,18636.5,1176.9,46.3844,0.482746,1085.54,280742,90.0366,23.1957,0.267264,66.5737,113.291,23.1887,0.0718272,90.0306,203.328,0,0,0
900,2,0,679,1,1,1,4317.9,18646.1,1176.84,46.3844,0.517824,1085.44,280743,114.557,23.1957,0.302342,91.0594,110.284,23.1887,0.0718272,87.0238,224.842,0,0,0
900,2,0,680,1,1,1,4317.58,18691,1177.03,46.3844,0.517824,1085.63,280739,109.316,23.1957,0.302342,85.8182,56.3389,23.1887,0.0718272,33.0784,165.655,0,0,0
900,2,0,681,1,1,2,4348.18,18684.5,1199.37,69.5741,0.698227,1085.3,280741,118.865,23.1957,0.267264,95.4017,96.998,46.3784,0.287309,50.3323,215.863,1,0,0
900,2,0,682,1,1,1,4327.11,18670.3,1177.06,46.3844,0.678182,1085.5,280739,114.122,23.1957,0.462701,90.4638,70.3423,23.1887,0.0718272,47.0818,184.465,0,0,0
900,2,0,683,1,1,1,4317.19,18664.6,1177.03,46.3844,0.482746,1085.67,280740,115.533,23.1957,0.267264,92.0701,64.7402,23.1887,0.0718272,41.4797,180.273,0,0,0
900,2,0,684,1,1,1,4323.97,18644.9,1176.9,46.3844,0.482746,1085.54,280742,68.3718,23.1957,0.267264,44.9088,106.648,23.1887,0.0718272,83.3872,175.019,0,0,0
900,2,0,685,1,1,1,4317.9,18640.3,1176.69,46.3844,0.482746,1085.33,280746,118.525,23.1957,0.267264,95.0624,67.572,23.1887,0.0718272,44.3114,186.097,0,0,0
900,2,0,686,1,1,1,4321.58,18635.7,1177.21,46.3844,0.482746,1085.85,280736,115.806,23.1957,0.267264,92.3426,114.892,23.1887,0.0718272,91.6315,230.698,0,0,0
900,2,0,687,1,1,1,4317.9,18632.7,1177.21,46.3844,0.482746,1085.85,280736,62.6777,23.1957,0.267264,39.2147,116.569,23.1887,0.0718272,93.3082,179.246,0,0,0
900,2,0,688,1,1,1,4328.11,18660,1177.44,46.3844,0.908698,1085.65,280731,114.664,23.1957,0.658138,90.8103,66.008,23.1887,0.106906,42.7124,180.672,0,0,0
900,2,0,689,1,1,1,4317.9,18686.2,1176.91,46.3844,0.678182,1085.35,280741,73.5521,23.1957,0.462701,49.8937,111.818,23.1887,0.0718272,88.5579,185.371,0,0,0
900,2,0,690,1,1,1,4321.71,18645.8,1177.19,46.3844,0.482746,1085.83,280737,108.079,23.1957,0.267264,84.6162,111.18,23.1887,0.0718272,87.919,219.259,0,0,0
900,2,0,691,1,1,1,4316.3,18633.3,1176.69,46.3844,0.482746,1085.33,280746,82.8535,23.1957,0.267264,59.3906,105.942,23.1887,0.0718272,82.6815,188.796,0,0,0
900,2,0,692,1,1,1,4321.22,18649.8,1176.86,46.3844,0.482746,1085.5,280743,114.983,23.1957,0.267264,91.5196,72.2933,23.1887,0.0718272,49.0328,187.276,0,0,0
900,2,0,693,1,1,1,4349.64,18677.9,1176.97,46.3844,0.87529,1085.21,280739,75.4977,23.1957,0.372499,51.9295,114.011,23.1887,0.0718272,90.7508,189.509,0,0,0
900,2,0,694,1,1,1,4324.65,18662,1177.14,46.3844,0.661478,1085.6,280737,115.851,23.1957,0.302342,92.3534,114.403,23.1887,0.0718272,91.1424,230.254,0,0,0
900,2,0,695,1,0,0,-1,-1,1154.68,23.1957,0.267264,1086.02,280738,-1,-1,-1,-1,-1,-1,-1,-1,-1,0,0,0
900,2,0,696,1,1,1,4362.06,18691.7,1176.8,46.3844,0.517824,1085.4,280743,61.5378,23.1957,0.302342,38.0398,117.052,23.1887,0.0718272,93.7918,178.59,0,0,0
900,2,0,697,1,1,1,4316.94,18632.1,1177.03,46.3844,0.482746,1085.67,280740,111.927,23.1957,0.267264,88.4641,109.885,23.1887,0.0718272,86.625,221.813,0,0,0
900,2,0,698,1,1,1,4323.08,18643.8,1177,46.3844,0.482746,1085.64,280740,69.507,23.1957,0.267264,46.0441,110.088,23.1887,0.0718272,86.8271,179.595,0,0,0
900,2,0,699,1,1,1,4317.29,18632.9,1177.07,46.3844,0.482746,1085.71,280739,62.7661,23.1957,0.267264,39.3031,112.813,23.1887,0.0718272,89.5524,175.579,0,0,0
900,2,0,700,1,1,1,4328.61,18644.3,1177.11,46.3844,0.482746,1085.75,280738,106.545,23.1957,0.267264,83.0822,117.421,23.1887,0.0718272,94.16,223.966,0,0,0
900,2,0,701,1,1,1,4326.52,18672.7,1177.07,46.3844,0.482746,1085.71,280739,109.823,23.1957,0.267264,86.3597,58.5191,23.1887,0.0718272,35.2586,168.342,0,0,0
900,2,0,702,1,1,1,4315.34,18630.5,1177.11,46.3844,0.482746,1085.75,280738,115.237,23.1957,0.267264,91.7741,72.7048,23.1887,0.0718272,49.4443,187.942,0,0,0
900,2,0,703,1,0,0,-1,-1,1154.56,23.1957,0.267264,1085.9,280740,-1,-1,-1,-1,-1,-1,-1,-1,-1,0,0,0
900,2,0,704,1,1,1,4331.2,18645.7,1177.13,46.3844,0.482746,1085.77,280738,76.4411,23.1957,0.267264,52.9781,105.592,23.1887,0.0718272,82.3314,182.033,0,0,0
900,2,0,705,1,1,1,4327.56,18648.7,1177.19,46.3844,0.482746,1085.83,280737,116.959,23.1957,0.267264,93.4959,65.7617,23.1887,0.0718272,42.5012,182.721,0,0,0
900,2,0,706,1,1,2,10322.6,24635.8,1199.5,69.5741,0.519494,1085.61,280740,62.1868,23.1957,0.267264,38.7238,260.085,46.3784,0.108576,213.598,322.272,1,0,0
900,2,0,707,1,1,2,4350.44,18695.4,1199.64,69.5741,0.698227,1085.58,280736,121.891,23.1957,0.267264,98.4284,141.8,46.3784,0.287309,95.1346,263.692,1,0,0
900,2,0,708,1,1,1,4353.34,18747.6,1177.3,46.3844,0.873619,1085.55,280734,111.295,23.1957,0.658138,87.4408,111.106,23.1887,0.0718272,87.845,222.4,0,0,0
900,2,0,709,1,1,1,4353.61,18704.5,1177.26,46.3844,0.6264,1085.75,280735,111.357,23.1957,0.267264,87.8938,116.182,23.1887,0.0718272,92.9219,227.539,0,0,0
900,2,0,710,1,1,1,4320.83,18676.7,1176.69,46.3844,0.482746,1085.33,280746,111.257,23.1957,0.267264,87.7945,69.9651,23.1887,0.0718272,46.7046,181.223,0,0,0
900,2,0,711,1,1,1,4317.58,18636.6,1176.74,46.3952,0.50112,1085.35,280745,106.982,23.2065,0.285638,83.49,55.4545,23.1887,0.0718272,32.194,162.437,0,0,0
900,2,0,712,1,1,1,4333.32,18660.5,1176.75,46.3844,0.678182,1085.19,280744,113.781,23.1957,0.462701,90.1227,122.082,23.1887,0.0718272,98.8218,235.863,0,0,0
900,2,0,713,1,1,1,4350.27,18662.5,1177.05,46.3844,0.482746,1085.69,280739,99.5551,23.1957,0.267264,76.0922,118.186,23.1887,0.0718272,94.9253,217.741,0,0,0
900,2,0,714,1,1,1,4322.19,18641.3,1177.03,46.3844,0.482746,1085.67,280740,112.494,23.1957,0.267264,89.0308,121.694,23.1887,0.0718272,98.4338,234.188,0,0,0
900,2,0,715,1,1,1,4329.37,18642.9,1177.17,46.3844,0.482746,1085.81,280737,74.833,23.1957,0.267264,51.37,113.381,23.1887,0.0718272,90.1209,188.214,0,0,0
900,2,0,716,0,0,0,-1,-1,1154.57,23.206,0.516154,1085.65,280739,-1,-1,-1,-1,-1,-1,-1,-1,-1,0,0,0
900,2,0,717,1,1,1,4334.3,18661.5,1176.9,46.3844,0.482746,1085.54,280742,113.156,23.1957,0.267264,89.6931,108.106,23.1887,0.0718272,84.8455,221.262,0,0,0
900,2,0,718,1,1,1,4316.3,18635.3,1177.03,46.3844,0.482746,1085.67,280740,119.305,23.1957,0.267264,95.8421,66.7562,23.1887,0.0718272,43.4957,186.061,0,0,0
900,2,0,719,1,1,1,4328.06,18645.1,1177.13,46.3844,0.482746,1085.77,280738,64.5655,23.1957,0.267264,41.1025,112.313,23.1887,0.0718272,89.0524,176.878,0,0,0
900,2,0,720,1,1,1,4320.69,18661.9,1177.01,46.3844,0.482746,1085.65,280740,110.202,23.1957,0.267264,86.7387,66.8103,23.1887,0.0718272,43.5498,177.012,0,0,0
900,2,0,721,1,1,1,4339.35,18663.4,1176.97,46.3844,0.552902,1085.54,280740,60.1347,23.1957,0.267264,36.6717,116.646,23.1887,0.141984,93.3154,176.781,0,0,0
900,2,0,722,1,1,1,4334.93,18680.7,1176.79,46.3844,0.482746,1085.42,280744,122.122,23.1957,0.267264,98.6594,118.94,23.1887,0.0718272,95.6797,241.063,0,0,0
900,2,0,723,1,1,1,4318.28,18645.5,1177.09,46.3844,0.482746,1085.73,280738,115.309,23.1957,0.267264,91.8463,122.371,23.1887,0.0718272,99.1106,237.68,0,0,0
900,2,0,724,1,1,1,4340.81,18693,1176.9,46.3844,0.517824,1085.5,280742,107.109,23.1957,0.302342,83.611,110.333,23.1887,0.0718272,87.0726,217.442,0,0,0
900,2,0,725,1,1,1,4321.48,18640.5,1176.75,46.3844,0.517824,1085.35,280744,109.199,23.1957,0.302342,85.7009,119.296,23.1887,0.0718272,96.0352,228.495,0,0,0
900,2,0,726,1,1,1,4322.57,24651.5,1182.82,52.1883,0.891994,1085.42,280736,252.447,28.9996,0.676512,222.608,71.2249,23.1887,0.0718272,47.9644,323.672,0,0,0
900,2,0,727,1,1,1,4337.77,18709.1,1177.17,46.3844,0.943776,1085.34,280736,116.795,23.1957,0.728294,92.8714,112.798,23.1887,0.0718272,89.5379,229.594,0,0,0
900,2,0,728,1,1,1,4351.69,18676.7,1177.15,46.3844,0.482746,1085.79,280737,78.6429,23.1957,0.267264,55.18,107.646,23.1887,0.0718272,84.3852,186.289,0,0,0
900,2,0,729,1,1,1,4324.28,18682.6,1177.21,46.3844,0.713261,1085.61,280736,115.859,23.1957,0.497779,92.1657,101.603,23.1887,0.0718272,78.3428,217.462,0,0,0
900,2,0,730,1,1,1,4326.92,24648.4,1182.76,52.1883,0.731635,1085.52,280737,245.449,28.9996,0.516154,215.751,117.61,23.1887,0.0718272,94.3495,363.059,0,0,0
900,2,0,731,1,1,1,4328.97,18664.6,1176.91,46.3844,0.552902,1085.48,280741,113.217,23.1957,0.337421,89.6841,122.156,23.1887,0.0718272,98.8958,235.374,0,0,0
900,2,0,732,1,1,1,4327.36,18656.7,1176.81,46.3844,0.517824,1085.41,280743,116.005,23.1957,0.302342,92.5068,113.351,23.1887,0.0718272,90.0902,229.356,0,0,0
900,2,0,733,1,1,1,4328.07,18643.9,1176.94,46.3844,0.482746,1085.58,280741,101.044,23.1957,0.267264,77.5811,116.219,23.1887,0.0718272,92.958,217.263,0,0,0
900,2,0,734,1,1,1,4343.64,18665.8,1176.79,46.3844,0.482746,1085.42,280744,119.601,23.1957,0.267264,96.1381,115.562,23.1887,0.0718272,92.3011,235.163,0,0,0
900,2,0,735,1,1,1,4321.42,18670.1,1176.8,46.3844,0.482746,1085.44,280744,94.4638,23.1957,0.267264,71.0008,49.6846,23.1887,0.0718272,26.4241,144.148,0,0,0
900,2,0,736,1,1,1,4332.79,18646,1177.21,46.3844,0.482746,1085.85,280736,121.554,23.1957,0.267264,98.0909,119.622,23.1887,0.0718272,96.3619,241.176,0,0,0
900,2,0,737,1,1,1,4315.98,24643.6,1182.56,52.1883,0.891994,1085.15,280740,185.49,28.9996,0.676512,155.456,30.3263,23.1887,0.0718272,7.06579,215.817,0,0,0
900,2,0,738,1,1,1,4324.65,18636.3,1177.05,46.3844,0.482746,1085.69,280739,63.5783,23.1957,0.267264,40.1153,115.211,23.1887,0.0718272,91.951,178.79,0,0,0
900,2,0,739,1,1,1,4317.61,18632.7,1177.06,46.3844,0.482746,1085.7,280739,121.162,23.1957,0.267264,97.6992,114.56,23.1887,0.0718272,91.2994,235.722,0,0,0
900,2,0,740,1,1,1,4323.94,18641.3,1176.94,46.3844,0.482746,1085.58,280741,118.141,23.1957,0.267264,94.678,112.943,23.1887,0.0718272,89.6823,231.084,0,0,0
900,2,0,741,1,1,1,4322.1,18642,1176.92,46.3844,0.482746,1085.56,280742,111.393,23.1957,0.267264,87.9299,59.8673,23.1887,0.0718272,36.6068,171.26,0,0,0
900,2,0,742,1,1,1,4334.04,18691.6,1177.25,46.3844,0.678182,1085.69,280735,117.932,23.1957,0.462701,94.2737,113.605,23.1887,0.0718272,90.3447,231.537,0,0,0
900,2,0,743,1,1,1,4333.31,18678.2,1177.33,46.3844,0.713261,1085.73,280734,114.562,23.1957,0.497779,90.8681,86.9898,23.1887,0.0718272,63.7293,201.551,0,0,0
900,2,0,744,1,1,1,4322.5,18653.1,1177.02,46.3844,0.517824,1085.62,280740,87.018,23.1957,0.302342,63.5199,108.678,23.1887,0.0718272,85.4176,195.696,0,0,0
900,2,0,745,1,1,1,4323.08,18648.9,1176.9,46.3844,0.482746,1085.54,280742,61.5226,23.1957,0.267264,38.0596,116.471,23.1887,0.0718272,93.2107,177.994,0,0,0
900,2,0,746,1,1,1,4319.18,18650.1,1176.83,46.3844,0.482746,1085.46,280743,97.9055,23.1957,0.267264,74.4426,51.3919,23.1887,0.0718272,28.1314,149.297,0,0,0
900,2,0,747,1,1,1,4328.18,18647.9,1176.9,46.3844,0.517824,1085.5,280742,62.4809,23.1957,0.267264,39.018,116.246,23.1887,0.106906,92.9508,178.727,0,0,0
900,2,0,748,1,1,1,4341.42,18666.6,1176.94,46.3844,0.482746,1085.58,280741,122.059,23.1957,0.267264,98.5962,117.22,23.1887,0.0718272,93.9597,239.279,0,0,0
900,2,0,749,1,1,1,4315.02,18641.3,1177.35,46.3844,0.678182,1085.79,280734,77.6147,23.1957,0.462701,53.9563,115.114,23.1887,0.0718272,91.8535,192.729,0,0,0
900,2,0,750,1,1,1,4317.9,24637.7,1182.41,52.1883,0.696557,1085.21,280743,245.729,28.9996,0.481075,216.067,114.834,23.1887,0.0718272,91.5737,360.563,0,0,0
900,2,0,751,1,1,1,4331.96,18675.4,1176.81,46.3844,0.6264,1085.31,280743,114.97,23.1957,0.267264,91.507,122.476,23.1887,0.0718272,99.2153,237.446,0,0,0
900,2,0,752,1,1,1,4317.9,24633.7,1182.02,52.1883,0.83687,1084.67,280749,251.024,28.9996,0.621389,221.238,70.3405,23.1887,0.0718272,47.08,321.365,0,0,0
900,2,0,753,1,1,1,4325.1,18639.3,1176.9,46.3844,0.482746,1085.54,280742,71.1097,23.1957,0.267264,47.6467,107.254,23.1887,0.0718272,83.9936,178.364,0,0,0
900,2,0,754,1,1,1,4318.79,18655.7,1177.09,46.3844,0.482746,1085.73,280738,103.984,23.1957,0.267264,80.5212,54.22,23.1887,0.0718272,30.9595,158.204,0,0,0
900,2,0,755,1,1,1,4317.58,24630.5,1182.55,52.1883,0.536198,1085.5,280741,195.256,28.9996,0.320717,165.608,36.8128,23.1887,0.0718272,13.5522,232.069,0,0,0
900,2,0,756,1,1,1,4326.22,18656.9,1176.92,46.3844,0.517824,1085.52,280741,62.3807,23.1957,0.302342,38.8826,116.367,23.1887,0.0718272,93.106,178.747,0,0,0
900,2,0,757,1,1,1,4353.8,18682.7,1177.32,46.3844,0.6264,1085.81,280734,76.3761,23.1957,0.267264,52.9131,105.583,23.1887,0.0718272,82.3223,181.959,0,0,0
900,2,0,758,1,1,1,4315.66,18696.6,1176.94,46.3844,0.482746,1085.58,280741,111.539,23.1957,0.267264,88.076,115.892,23.1887,0.0718272,92.6314,227.431,0,0,0
900,2,0,759,1,1,1,4332.89,18658.2,1177.13,46.3844,0.482746,1085.77,280738,115.044,23.1957,0.267264,91.581,114.639,23.1887,0.0718272,91.3788,229.683,0,0,0
900,2,0,760,1,1,1,4332.04,18654.9,1176.79,46.3844,0.482746,1085.42,280744,119.325,23.1957,0.267264,95.862,68.8119,23.1887,0.0718272,45.5513,188.137,0,0,0
900,2,0,761,1,1,1,4319.21,18650.5,1176.9,46.3844,0.482746,1085.54,280742,113.477,23.1957,0.267264,90.0144,116.137,23.1887,0.0718272,92.8768,229.615,0,0,0
900,2,0,762,1,1,1,4336.94,18663.8,1177.1,46.3844,0.6264,1085.59,280738,122.126,23.1957,0.267264,98.663,118.027,23.1887,0.0718272,94.7664,240.153,0,0,0
900,2,0,763,1,1,1,4333.26,18649.3,1176.57,46.3844,0.517824,1085.17,280747,77.1612,23.1957,0.267264,53.6982,114.09,23.1887,0.106906,90.7941,191.251,0,0,0
900,2,0,764,1,1,1,4316.94,18638.9,1177.01,46.3844,0.482746,1085.65,280740,67.5109,23.1957,0.267264,44.0479,106.666,23.1887,0.0718272,83.4052,174.177,0,0,0
900,2,0,765,1,1,1,4329.03,18685.4,1176.87,46.3844,0.552902,1085.44,280742,117.258,23.1957,0.337421,93.7251,66.3321,23.1887,0.0718272,43.0716,183.59,0,0,0
900,2,0,766,1,1,1,4386.06,18700.9,1176.75,46.3844,0.482746,1085.39,280745,115.378,23.1957,0.267264,91.9149,115.377,23.1887,0.0718272,92.117,230.755,0,0,0
900,2,0,767,1,1,1,4317.58,18637,1176.96,46.3844,0.482746,1085.6,280741,59.1619,23.1957,0.267264,35.6989,115.821,23.1887,0.0718272,92.561,174.983,0,0,0
900,2,0,768,1,1,1,4318.34,18641.6,1176.96,46.3844,0.482746,1085.6,280741,69.0432,23.1957,0.267264,45.5802,109.423,23.1887,0.0718272,86.163,178.467,0,0,0
900,2,0,769,1,1,1,4321.31,18679.4,1177.07,46.3844,0.482746,1085.71,280739,122.375,23.1957,0.267264,98.9121,115.892,23.1887,0.0718272,92.6314,238.267,0,0,0
900,2,0,770,1,1,1,4324.84,18647.9,1177.26,46.3844,0.6264,1085.75,280735,115.575,23.1957,0.267264,92.1116,113.654,23.1887,0.0718272,90.3934,229.228,0,0,0
900,2,0,771,1,0,0,-1,-1,1154.51,23.1957,0.267264,1085.85,280741,-1,-1,-1,-1,-1,-1,-1,-1,-1,0,0,0
900,2,0,772,1,1,1,4348.3,18681.2,1177.11,46.3844,0.482746,1085.75,280738,119.034,23.1957,0.267264,95.5714,121.458,23.1887,0.0718272,98.1974,240.492,0,0,0
900,2,0,773,1,1,1,4319.62,18703.5,1177.11,46.3844,0.482746,1085.75,280738,110.945,23.1957,0.267264,87.4823,57.346,23.1887,0.0718272,34.0855,168.291,0,0,0
900,2,0,774,1,1,1,4332.54,18659.4,1176.87,46.3844,0.661478,1085.33,280742,115.322,23.1957,0.267264,91.8589,122.379,23.1887,0.106906,99.0835,237.701,0,0,0
900,2,0,775,1,1,1,4319.78,18688,1177.21,46.3844,0.678182,1085.65,280736,110.917,23.1957,0.462701,87.2585,116.549,23.1887,0.0718272,93.2883,227.466,0,0,0
900,2,0,776,1,1,1,4355.41,18689,1177.27,46.3844,0.910368,1085.48,280734,116.277,23.1957,0.372499,92.709,65.6344,23.1887,0.106906,42.3388,181.912,0,0,0
900,2,0,777,1,1,1,4322.76,18658.5,1177.19,46.3844,0.517824,1085.79,280737,118.473,23.1957,0.267264,95.0101,69.8811,23.1887,0.106906,46.5855,188.354,0,0,0
900,2,0,778,1,1,1,4315.66,18635.9,1176.8,46.3844,0.517824,1085.4,280743,109.825,23.1957,0.302342,86.3272,57.2846,23.1887,0.0718272,34.0241,167.11,0,0,0
900,2,0,779,1,1,1,4367.56,18689,1176.74,46.3952,0.519494,1085.33,280745,116.288,23.2065,0.285638,92.7956,119.801,23.1887,0.0902016,96.5225,236.089,0,0,0
900,2,0,780,1,1,1,4317.26,18629.8,1177.07,46.3844,0.482746,1085.71,280739,66.8648,23.1957,0.267264,43.4018,113.963,23.1887,0.0718272,90.702,180.827,0,0,0
900,2,0,781,1,1,1,4315.66,18653.9,1176.79,46.3844,0.482746,1085.42,280744,116.997,23.1957,0.267264,93.5338,66.5125,23.1887,0.0718272,43.252,183.509,0,0,0
900,2,0,782,1,1,1,4346.28,18672.9,1177.17,46.3844,0.482746,1085.81,280737,67.7149,23.1957,0.267264,44.2519,110.205,23.1887,0.0718272,86.9444,177.92,0,0,0
900,2,0,783,1,1,1,4336.47,18673.3,1177.03,46.3844,0.482746,1085.67,280740,110.954,23.1957,0.267264,87.4913,115.939,23.1887,0.0718272,92.6783,226.893,0,0,0
900,2,0,784,1,1,1,4329.93,18684.6,1176.96,46.3844,0.713261,1085.37,280740,111.806,23.1957,0.497779,88.1121,69.3208,23.1887,0.0718272,46.0603,181.126,0,0,0
900,2,0,785,1,1,1,4322.08,18646.3,1176.92,46.3844,0.482746,1085.56,280742,119.735,23.1957,0.267264,96.2716,120.315,23.1887,0.0718272,97.0549,240.05,0,0,0
900,2,0,786,1,1,1,4329.9,18679.4,1176.78,46.3844,0.696557,1085.21,280743,120.645,23.1957,0.462701,96.9863,119.948,23.1887,0.0902016,96.6687,240.592,0,0,0
900,2,0,787,1,1,1,4314.7,18627.6,1176.75,46.3844,0.482746,1085.39,280745,64.6323,23.1957,0.267264,41.1693,113.038,23.1887,0.0718272,89.778,177.671,0,0,0
900,2,0,788,1,1,1,4332.47,18695.9,1177.06,46.3844,0.587981,1085.59,280738,105.649,23.1957,0.372499,82.0805,117.652,23.1887,0.0718272,94.391,223.3,0,0,0
900,2,0,789,1,1,1,4331.54,18644.7,1177.07,46.3844,0.482746,1085.71,280739,66.6861,23.1957,0.267264,43.2232,108.404,23.1887,0.0718272,85.1432,175.09,0,0,0
900,2,0,790,1,1,1,4316.94,18647.1,1177.04,46.3844,0.482746,1085.68,280739,116.176,23.1957,0.267264,92.7126,65.8718,23.1887,0.0718272,42.6113,182.047,0,0,0
900,2,0,791,1,0,0,-1,-1,1154.25,23.1957,0.337421,1085.52,280745,-1,-1,-1,-1,-1,-1,-1,-1,-1,0,0,0
900,2,0,792,1,1,1,4333.09,18648.2,1176.9,46.3844,0.482746,1085.54,280742,62.5026,23.1957,0.267264,39.0396,116.816,23.1887,0.0718272,93.5554,179.319,0,0,0
900,2,0,793,1,1,1,4321.19,18646.7,1177.16,46.3844,0.6264,1085.65,280737,110.604,23.1957,0.267264,87.1412,115.235,23.1887,0.0718272,91.9744,225.839,0,0,0
900,2,0,794,1,1,1,4323.94,18673.8,1176.9,46.3844,0.482746,1085.54,280742,123.223,23.1957,0.267264,99.7603,117.976,23.1887,0.0718272,94.7159,241.2,0,0,0
900,2,0,795,1,1,1,4361.86,18715.4,1176.8,46.3844,0.517824,1085.4,280743,117.544,23.1957,0.267264,94.0806,114.22,23.1887,0.106906,90.924,231.763,0,0,0
900,2,0,796,1,1,1,4314.06,18636.2,1176.77,46.3844,0.482746,1085.4,280744,114.232,23.1957,0.267264,90.7688,67.5702,23.1887,0.0718272,44.3096,181.802,0,0,0
900,2,0,797,1,1,1,4326.57,18679.4,1177.07,46.406,0.519494,1085.65,280739,116.795,23.2173,0.304013,93.2739,73.5892,23.1887,0.0718272,50.3287,190.384,0,0,0
900,2,0,798,1,1,1,4316.3,18657.4,1176.73,46.3844,0.482746,1085.37,280745,103.544,23.1957,0.267264,80.0808,53.8699,23.1887,0.0718272,30.6094,157.414,0,0,0
900,2,0,799,1,1,1,4318.86,24643.9,1182.39,52.1883,1.31795,1084.56,280742,160.478,28.9996,1.10246,129.946,25.7565,23.1887,0.0718272,2.49604,186.234,0,0,0
900,2,0,800,1,1,1,4327.43,18679,1176.92,46.3844,0.482746,1085.56,280742,115.948,23.1957,0.267264,92.4852,114.318,23.1887,0.0718272,91.0576,230.266,0,0,0
900,2,0,801,1,1,1,4326.11,24654.9,1182.31,52.1883,0.571277,1085.23,280745,242.374,28.9996,0.355795,212.826,70.6744,23.1887,0.0718272,47.4139,313.048,0,0,0
900,2,0,802,1,1,1,4329.03,18655.1,1177.11,46.3844,0.482746,1085.75,280738,118.558,23.1957,0.267264,95.0949,117.242,23.1887,0.0718272,93.9814,235.8,0,0,0
900,2,0,803,1,1,1,4318.98,18635.7,1177.05,46.3844,0.482746,1085.69,280739,114.026,23.1957,0.267264,90.5631,121.279,23.1887,0.0718272,98.0187,235.305,0,0,0
900,2,0,804,1,1,1,4316.3,18641.1,1177.13,46.3844,0.482746,1085.77,280738,116.925,23.1957,0.267264,93.4616,66.3519,23.1887,0.0718272,43.0914,183.276,0,0,0
900,2,0,805,1,1,1,4355.78,18697.5,1176.85,46.3844,0.623059,1085.34,280742,109.605,23.1957,0.302342,86.107,114.566,23.1887,0.177062,91.2002,224.171,0,0,0
900,2,0,806,1,1,1,4316.94,18647.3,1177.03,46.3844,0.482746,1085.67,280740,113.797,23.1957,0.267264,90.3338,69.8063,23.1887,0.0718272,46.5458,183.603,0,0,0
900,2,0,807,1,1,1,4318.25,18677,1176.81,46.3844,0.482746,1085.44,280744,122.716,23.1957,0.267264,99.2532,119.523,23.1887,0.0718272,96.2626,242.239,0,0,0
900,2,0,808,1,1,1,4316.3,18631.7,1177.02,46.3844,0.482746,1085.66,280740,101.515,23.1957,0.267264,78.0522,116.457,23.1887,0.0718272,93.1963,217.972,0,0,0
900,2,0,809,1,1,1,4332.98,24673.1,1182.68,52.1883,0.696557,1085.48,280738,246.531,28.9996,0.481075,216.868,120.03,23.1887,0.0718272,96.7698,366.562,0,0,0
900,2,0,810,1,1,1,4320.03,18670.3,1176.69,46.3844,0.482746,1085.33,280746,115.302,23.1957,0.267264,91.8391,115.542,23.1887,0.0718272,92.2812,230.844,0,0,0
900,2,0,811,1,1,1,4315.34,18634.8,1176.81,46.3844,0.482746,1085.44,280744,120.823,23.1957,0.267264,97.3599,114.394,23.1887,0.0718272,91.1334,235.217,0,0,0
900,2,0,812,1,1,1,4320.66,18649.7,1176.94,46.3844,0.482746,1085.58,280741,121.857,23.1957,0.267264,98.3941,118.509,23.1887,0.0718272,95.2483,240.366,0,0,0
900,2,0,813,1,1,1,4316.3,24632.7,1182.35,52.1883,0.536198,1085.31,280745,246.562,28.9996,0.320717,217.063,68.5574,23.1887,0.0718272,45.2969,315.119,0,0,0
900,2,0,814,1,1,1,4324.17,18644.9,1176.9,46.3844,0.517824,1085.5,280742,58.9309,23.1957,0.267264,35.4679,116.588,23.1887,0.106906,93.2919,175.518,0,0,0
900,2,0,815,1,1,1,4317.26,18651.3,1177.19,46.3844,0.482746,1085.83,280737,120.341,23.1957,0.267264,96.8781,70.761,23.1887,0.0718272,47.5005,191.102,0,0,0
900,2,0,816,1,1,1,4324.68,18674,1177.07,46.3844,0.517824,1085.67,280739,111.688,23.1957,0.302342,88.1897,120.81,23.1887,0.0718272,97.5494,232.498,0,0,0
900,2,0,817,1,1,1,4330.33,18692.7,1176.78,46.3844,0.587981,1085.31,280743,111.266,23.1957,0.337421,87.7331,121.056,23.1887,0.106906,97.7606,232.322,0,0,0
900,2,0,818,1,1,1,4328.39,18711.1,1176.9,46.3844,0.482746,1085.54,280742,116.694,23.1957,0.267264,93.2306,122.313,23.1887,0.0718272,99.0528,239.007,0,0,0
900,2,0,819,1,0,0,-1,-1,1154.28,23.1957,0.267264,1085.62,280745,-1,-1,-1,-1,-1,-1,-1,-1,-1,0,0,0
900,2,0,820,1,1,1,4320.08,18647.1,1176.75,46.3844,0.482746,1085.39,280745,79.6103,23.1957,0.267264,56.1473,107.85,23.1887,0.0718272,84.5892,187.46,0,0,0
900,2,0,821,1,1,1,4337.14,18687.8,1176.9,46.3844,0.482746,1085.54,280742,114.409,23.1957,0.267264,90.9457,71.1473,23.1887,0.0718272,47.8868,185.556,0,0,0
900,2,0,822,1,1,1,4351.78,18683.4,1176.82,46.3844,0.517824,1085.42,280743,94.8382,23.1957,0.302342,71.3401,118.475,23.1887,0.0718272,95.214,213.313,0,0,0
900,2,0,823,1,1,1,4330.13,18646.5,1177.11,46.3844,0.482746,1085.75,280738,58.4635,23.1957,0.267264,35.0005,116.381,23.1887,0.0718272,93.1205,174.844,0,0,0
900,2,0,824,1,1,1,4322.39,18658.8,1176.81,46.3844,0.482746,1085.44,280744,109.664,23.1957,0.267264,86.2009,111.445,23.1887,0.0718272,88.1843,221.109,0,0,0
900,2,0,825,1,1,1,4316.94,18677.4,1176.9,46.3844,0.482746,1085.54,280742,108.834,23.1957,0.267264,85.3706,56.5753,23.1887,0.0718272,33.3148,165.409,0,0,0
900,2,0,826,0,0,0,-1,-1,1154.42,23.206,0.551232,1085.46,280742,-1,-1,-1,-1,-1,-1,-1,-1,-1,0,0,0
900,2,0,827,1,1,1,4321.9,18636.4,1177.14,46.3844,0.6264,1085.63,280737,62.6777,23.1957,0.267264,39.2147,115.98,23.1887,0.0718272,92.7198,178.658,0,0,0
900,2,0,828,1,1,1,4360.21,18689.7,1176.71,46.3844,0.482746,1085.35,280745,68.4819,23.1957,0.267264,45.0189,114.412,23.1887,0.0718272,91.1514,182.894,0,0,0
900,2,0,829,1,1,1,4342.84,18658.9,1176.9,46.3844,0.482746,1085.54,280742,74.6236,23.1957,0.267264,51.1607,114.758,23.1887,0.0718272,91.4979,189.382,0,0,0
900,2,0,830,1,1,1,4324.3,18668.7,1177.09,46.3844,1.01727,1085.19,280737,114.87,23.1957,0.658138,91.0161,119.142,23.1887,0.0718272,95.8818,234.012,0,0,0
900,2,0,831,1,1,1,4330.98,18655.4,1176.83,46.3844,0.661478,1085.29,280743,113.384,23.1957,0.302342,89.8863,67.8643,23.1887,0.0718272,44.6038,181.249,0,0,0
900,2,0,832,1,1,1,4334.47,18668.8,1176.91,46.3844,0.552902,1085.48,280741,116.937,23.1957,0.267264,93.4742,68.2377,23.1887,0.141984,44.907,185.175,0,0,0
900,2,0,833,1,1,1,4345.83,18672,1176.63,46.3844,0.552902,1085.19,280746,116.838,23.1957,0.267264,93.3749,114.17,23.1887,0.141984,90.8392,231.008,0,0,0
900,2,0,834,1,1,1,4319.43,18672.8,1176.87,46.3844,0.678182,1085.31,280742,111.289,23.1957,0.462701,87.6303,115.493,23.1887,0.0718272,92.2325,226.782,0,0,0
900,2,0,835,1,1,1,4325.84,18650.2,1176.94,46.3844,0.482746,1085.58,280741,118.229,23.1957,0.267264,94.7664,114.073,23.1887,0.0718272,90.8121,232.302,0,0,0
900,2,0,836,1,1,1,4325.35,18667.5,1177.05,46.3844,1.06906,1085.1,280738,74.719,23.1957,0.853574,50.6698,113.082,23.1887,0.0718272,89.8213,187.801,0,0,0
900,2,0,837,1,1,1,4348.18,18707.6,1176.86,46.3844,0.748339,1085.23,280742,111.27,23.1957,0.532858,87.5418,121.375,23.1887,0.0718272,98.1143,232.645,0,0,0
900,2,0,838,1,1,1,4346.19,18703.9,1177.09,46.3952,0.96215,1085.24,280737,119.711,23.2065,0.71159,95.7934,116.385,23.1887,0.106906,93.0898,236.097,0,0,0
900,2,0,839,1,1,1,4358.57,18700,1177.03,46.3844,0.856915,1085.29,280739,118.898,23.1957,0.462701,95.2393,69.8811,23.1887,0.106906,46.5855,188.779,0,0,0
900,2,0,840,1,1,1,4343.65,18724.5,1176.92,46.3844,0.482746,1085.56,280742,116.37,23.1957,0.267264,92.9075,114.917,23.1887,0.0718272,91.6568,231.288,0,0,0
900,2,0,841,1,1,1,4318.12,18646.2,1176.9,46.3844,0.482746,1085.54,280742,113.983,23.1957,0.267264,90.5197,67.7452,23.1887,0.0718272,44.4847,181.728,0,0,0
900,2,0,842,1,1,1,4330.25,18664.9,1176.97,46.3844,0.587981,1085.5,280740,117.034,23.1957,0.302342,93.5356,119.418,23.1887,0.141984,96.0876,236.452,0,0,0
900,2,0,843,1,1,1,4318.66,18645.2,1176.92,46.3844,0.482746,1085.56,280742,116.706,23.1957,0.267264,93.2432,68.4563,23.1887,0.0718272,45.1958,185.162,0,0,0
900,2,0,844,1,1,1,4315.98,24647.4,1182.55,52.1883,0.696557,1085.35,280741,243.813,28.9996,0.481075,214.143,113.665,23.1887,0.0718272,90.4042,357.477,0,0,0
900,2,0,845,1,1,1,4331.59,18725,1177.55,46.3844,1.10413,1085.56,280729,112.162,23.1957,0.888653,88.0778,69.5211,23.1887,0.0718272,46.2606,181.683,0,0,0
900,2,0,846,1,1,1,4318.54,18633.7,1176.79,46.3844,0.482746,1085.42,280744,61.907,23.1957,0.267264,38.444,117.276,23.1887,0.0718272,94.0156,179.183,0,0,0
900,2,0,847,1,1,1,4316.3,18662,1177.11,46.3844,0.482746,1085.75,280738,108.601,23.1957,0.267264,85.1378,111.748,23.1887,0.0718272,88.4875,220.349,0,0,0
900,2,0,848,1,1,1,4323.88,18646.8,1177.14,46.3844,0.6264,1085.63,280737,116.488,23.1957,0.267264,93.0248,65.9368,23.1887,0.0718272,42.6763,182.425,0,0,0
900,2,0,849,1,1,1,4316.37,18645.6,1177.05,46.3844,0.482746,1085.69,280739,113.396,23.1957,0.267264,89.9332,71.3981,23.1887,0.0718272,48.1376,184.794,0,0,0
900,2,0,850,1,1,1,4322.95,18659.7,1177.01,46.3844,0.482746,1085.65,280740,121.326,23.1957,0.267264,97.8635,115.814,23.1887,0.0718272,92.5538,237.141,0,0,0
900,2,0,851,1,1,1,4346.76,18662.8,1176.9,46.3844,0.482746,1085.54,280742,116.264,23.1957,0.267264,92.801,114.43,23.1887,0.0718272,91.1695,230.694,0,0,0
900,2,0,852,1,0,0,-1,-1,1154.33,23.1957,0.372499,1085.56,280744,-1,-1,-1,-1,-1,-1,-1,-1,-1,0,0,0
900,2,0,853,1,1,1,4324.81,18658.5,1176.63,46.3844,0.517824,1085.23,280746,112.291,23.1957,0.302342,88.7926,122.304,23.1887,0.0718272,99.0438,234.595,0,0,0
900,2,0,854,1,1,1,4326.82,18658.9,1177.03,46.406,0.589651,1085.53,280739,122.26,23.2173,0.37417,98.6684,117.509,23.1887,0.0718272,94.2485,239.769,0,0,0
900,2,0,855,0,0,0,-1,-1,1160.06,29.0099,1.12084,1084.9,280740,-1,-1,-1,-1,-1,-1,-1,-1,-1,0,0,0
900,2,0,856,1,1,1,4322.95,18640.5,1176.98,46.3844,0.482746,1085.62,280740,114.208,23.1957,0.267264,90.7453,112.443,23.1887,0.0718272,89.1824,226.651,0,0,0
900,2,0,857,1,1,1,4316.62,24642.4,1182.76,52.1883,0.696557,1085.56,280737,243.126,28.9996,0.481075,213.456,71.1473,23.1887,0.0718272,47.8868,314.273,0,0,0
900,2,0,858,1,1,1,4324.68,18664,1176.98,46.3844,0.50112,1085.6,280740,114.84,23.1957,0.267264,91.377,121.343,23.1887,0.0902016,98.0638,236.183,0,0,0
900,2,0,859,1,1,1,4323.21,18644.6,1177.03,46.3844,0.482746,1085.67,280740,121.007,23.1957,0.267264,97.544,116.244,23.1887,0.0718272,92.9833,237.251,0,0,0
900,2,0,860,1,1,1,4321.86,18656.8,1176.84,46.3844,0.517824,1085.44,280743,60.8285,23.1957,0.302342,37.3305,116.54,23.1887,0.0718272,93.2793,177.368,0,0,0
900,2,0,861,1,1,1,4333.43,18668.3,1176.73,46.3844,0.482746,1085.37,280745,112.6,23.1957,0.267264,89.1373,117.014,23.1887,0.0718272,93.7539,229.615,0,0,0
900,2,0,862,1,1,1,4316.3,18695.9,1176.86,46.3844,0.482746,1085.5,280743,121.967,23.1957,0.267264,98.5042,117.848,23.1887,0.0718272,94.5878,239.815,0,0,0
900,2,0,863,1,1,1,4315.66,18651.1,1176.79,46.3844,0.482746,1085.42,280744,119.984,23.1957,0.267264,96.5207,67.3427,23.1887,0.0718272,44.0822,187.326,0,0,0
900,2,0,864,1,1,1,4313.74,18676.3,1176.91,46.3844,0.908698,1085.12,280741,115.809,23.1957,0.693216,91.9203,65.2853,23.1887,0.0718272,42.0248,181.094,0,0,0
900,2,0,865,1,1,1,4350.62,18682.5,1176.88,46.3844,0.517824,1085.48,280742,113.359,23.1957,0.302342,89.861,109.779,23.1887,0.0718272,86.5185,223.138,0,0,0
900,2,0,866,1,1,1,4330.49,18651,1177.15,46.3844,0.482746,1085.79,280737,68.5794,23.1957,0.267264,45.1164,110.436,23.1887,0.0718272,87.1754,179.015,0,0,0
900,2,0,867,1,1,1,4316.62,18632.4,1177.11,46.3844,0.482746,1085.75,280738,89.6757,23.1957,0.267264,66.2127,113.609,23.1887,0.0718272,90.3483,203.284,0,0,0
900,2,0,868,1,1,1,4323.53,18652,1177.05,46.3844,0.482746,1085.69,280739,114.786,23.1957,0.267264,91.3229,65.0886,23.1887,0.0718272,41.828,179.874,0,0,0
900,2,0,869,1,1,1,4316.94,18676.7,1176.79,46.3844,0.482746,1085.42,280744,103.352,23.1957,0.267264,79.8895,53.3357,23.1887,0.0718272,30.0752,156.688,0,0,0
900,2,0,870,1,1,1,4318.15,24671.1,1182.78,52.1883,0.731635,1085.54,280737,252.84,28.9996,0.516154,223.158,69.5789,23.1887,0.0718272,46.3184,322.419,0,0,0
900,2,0,871,1,1,1,4321.7,18651.2,1177.04,46.3844,0.482746,1085.68,280739,118.659,23.1957,0.267264,95.196,70.6997,23.1887,0.0718272,47.4392,189.359,0,0,0
900,2,0,872,1,1,1,4333.42,18666.5,1176.84,46.3844,0.482746,1085.48,280743,93.5885,23.1957,0.267264,70.1255,49.7459,23.1887,0.0718272,26.4854,143.334,0,0,0
900,2,0,873,1,1,1,4315.98,18631.1,1176.92,46.3844,0.482746,1085.56,280742,65.0293,23.1957,0.267264,41.5663,112.401,23.1887,0.0718272,89.1409,177.431,0,0,0
900,2,0,874,1,1,1,4319.5,18643.8,1177.07,46.3844,0.482746,1085.71,280739,111.22,23.1957,0.267264,87.7566,65.3394,23.1887,0.0718272,42.0789,176.559,0,0,0
900,2,0,875,1,1,1,4327.27,18644.6,1176.94,46.3844,0.482746,1085.58,280741,67.3756,23.1957,0.267264,43.9126,117.301,23.1887,0.0718272,94.0409,184.677,0,0,0
900,2,0,876,1,1,1,4319.94,18680.2,1176.96,46.3844,0.482746,1085.6,280741,117.621,23.1957,0.267264,94.1582,73.0549,23.1887,0.0718272,49.7944,190.676,0,0,0
900,2,0,877,1,1,1,4325.45,18656.8,1176.75,46.3844,0.482746,1085.39,280745,71.763,23.1957,0.267264,48.3001,114.453,23.1887,0.0718272,91.1929,186.216,0,0,0
900,2,0,878,1,1,1,4329.06,18646.1,1176.91,46.3844,0.6264,1085.4,280741,61.4378,23.1957,0.267264,37.9748,116.531,23.1887,0.0718272,93.2703,177.969,0,0,0
900,2,0,879,1,1,1,4333.83,18651.1,1177.07,46.3844,0.517824,1085.67,280739,59.937,23.1957,0.302342,36.4389,114.634,23.1887,0.0718272,91.3734,174.571,0,0,0
900,2,0,880,1,1,1,4314.06,18641.3,1177.06,46.3952,0.50112,1085.67,280739,119.044,23.2065,0.285638,95.5515,120.743,23.1887,0.0718272,97.4827,239.787,0,0,0
900,2,0,881,1,1,1,4332.3,18652.8,1177.09,46.3844,0.482746,1085.73,280738,116.074,23.1957,0.267264,92.6115,119.334,23.1887,0.0718272,96.0731,235.408,0,0,0
900,2,0,882,1,1,1,4323.78,18662.3,1176.92,46.3844,0.517824,1085.52,280741,73.2582,23.1957,0.302342,49.7601,112.084,23.1887,0.0718272,88.8232,185.342,0,0,0
900,2,0,883,1,1,1,4318.2,18645.2,1177.09,46.3844,0.482746,1085.73,280738,117.737,23.1957,0.267264,94.2737,113.928,23.1887,0.0718272,90.6677,231.665,0,0,0
900,2,0,884,1,1,1,4384.92,18699.1,1176.96,46.3844,0.770054,1085.31,280740,65.8541,23.1957,0.267264,42.3911,117.146,23.1887,0.0718272,93.8857,183,0,0,0
900,2,0,885,1,1,1,4319.94,18634.7,1177.13,46.3844,0.482746,1085.77,280738,116.937,23.1957,0.267264,93.4742,66.4656,23.1887,0.0718272,43.2051,183.403,0,0,0
900,2,0,886,1,1,1,4319.23,18646.3,1176.9,46.3844,0.482746,1085.54,280742,114.335,23.1957,0.267264,90.8717,121.94,23.1887,0.0718272,98.6792,236.274,0,0,0
900,2,0,887,1,1,1,4317.58,18649.5,1176.79,46.3844,0.482746,1085.42,280744,64.3886,23.1957,0.267264,40.9256,115.038,23.1887,0.0718272,91.7777,179.427,0,0,0
900,2,0,888,1,1,1,4317.58,18650.6,1176.75,46.3844,0.482746,1085.39,280745,100.21,23.1957,0.267264,76.7473,52.6264,23.1887,0.0718272,29.3659,152.837,0,0,0
900,2,0,889,1,1,1,4348.9,18676.8,1176.88,46.3844,0.552902,1085.44,280742,66.2022,23.1957,0.337421,42.6691,108.247,23.1887,0.0718272,84.9862,174.449,0,0,0
900,2,0,890,1,1,1,4321.56,18641.4,1176.73,46.3844,0.482746,1085.37,280745,69.4511,23.1957,0.267264,45.9881,109.911,23.1887,0.0718272,86.6503,179.362,0,0,0
900,2,0,891,1,1,1,4321.99,18645.1,1176.86,46.3844,0.517824,1085.46,280742,64.902,23.1957,0.302342,41.4039,113.966,23.1887,0.0718272,90.7056,178.868,0,0,0
900,2,0,892,1,0,0,-1,-1,1154.43,23.1957,0.267264,1085.77,280743,-1,-1,-1,-1,-1,-1,-1,-1,-1,0,0,0
900,2,0,893,1,1,1,4349.48,18706.9,1177.02,46.3844,0.517824,1085.62,280740,90.467,23.1957,0.302342,66.9689,46.685,23.1887,0.0718272,23.4245,137.152,0,0,0
900,2,0,894,1,1,1,4323.56,18649.1,1176.95,46.3844,0.6264,1085.44,280741,110.904,23.1957,0.267264,87.4408,66.1335,23.1887,0.0718272,42.873,177.037,0,0,0
900,2,0,895,1,1,1,4326.18,18641.6,1176.92,46.3844,0.517824,1085.52,280741,65.5347,23.1957,0.267264,42.0717,112.047,23.1887,0.106906,88.751,177.581,0,0,0
900,2,0,896,1,1,1,4318.79,18668.5,1177.43,46.3844,0.873619,1085.67,280732,78.8912,23.1957,0.658138,55.0374,115.275,23.1887,0.0718272,92.0141,194.166,0,0,0
900,2,0,897,1,1,1,4336.83,18661.3,1176.97,46.3844,0.6264,1085.46,280740,77.2821,23.1957,0.267264,53.8191,116.069,23.1887,0.0718272,92.8082,193.351,0,0,0
900,2,0,898,1,1,1,4329.42,18665.2,1176.97,46.3844,0.6264,1085.46,280740,60.3657,23.1957,0.267264,36.9027,114.549,23.1887,0.0718272,91.2886,174.915,0,0,0
900,2,0,899,1,1,1,4330.61,18649.7,1176.9,46.3844,0.482746,1085.54,280742,112.766,23.1957,0.267264,89.3033,116.348,23.1887,0.0718272,93.088,229.115,0,0,0
900,2,0,900,1,1,1,4338.91,18661.4,1177.32,46.3844,0.713261,1085.73,280734,117.042,23.1957,0.462701,93.384,119.329,23.1887,0.106906,96.0334,236.371,0,0,0
