N,seed,dutyCycle,devId,registered,authSuccess,attempts,latencyMs,e2eMs,fullEnergyMJ,fullCpuEnergyMJ,fullTxEnergyMJ,fullRxEnergyMJ,idleListeningMs,regEnergyMJ,regCpuEnergyMJ,regTxEnergyMJ,regRxEnergyMJ,authEnergyMJ,authCpuEnergyMJ,authTxEnergyMJ,authRxEnergyMJ,sessionEnergyMJ,fallbackUsed,replayRejected,desync
900,1,1,1,1,1,1,4319.18,24645.4,464.953,52.1883,0.536198,365.82,18144.4,243.087,28.9996,0.320717,213.576,55.922,23.1887,0.0718272,32.6615,299.009,0,0,0
900,1,1,2,1,1,1,4321.8,18646.6,489.671,46.3844,0.482746,396.309,11606.4,108.202,23.1957,0.267264,84.739,120.568,23.1887,0.0718272,97.3076,228.77,0,0,0
900,1,1,3,1,1,1,4326.73,18650.3,482.808,46.3844,0.678182,389.23,11731.7,110.449,23.1957,0.462701,86.791,116.04,23.1887,0.0718272,92.7794,226.489,0,0,0
900,1,1,4,1,1,1,4321.22,18638.1,324.993,46.3844,0.482746,231.152,14526.2,66.3252,23.1957,0.267264,42.8622,98.9358,23.1887,0.0718272,75.6753,165.261,0,0,0
900,1,1,5,1,1,1,4327.49,18649.7,481.429,46.3844,0.482746,388.043,11756,112.635,23.1957,0.267264,89.1716,111.642,23.1887,0.0718272,88.3811,224.276,0,0,0
900,1,1,6,1,1,1,4318.54,18656.5,363.923,46.3844,0.482746,270.195,13852.4,119.511,23.1957,0.267264,96.0478,67.4059,23.1887,0.0718272,44.1454,186.917,0,0,0
900,1,1,7,1,0,0,-1,-1,662.478,23.1957,0.337421,592.316,257860,-1,-1,-1,-1,-1,-1,-1,-1,-1,0,0,0
900,1,1,8,1,1,1,4318.66,24637,590.83,52.1883,0.696557,491.904,15897.4,249.62,28.9996,0.481075,219.969,77.6518,23.1887,0.0718272,54.3913,327.271,0,0,0
900,1,1,9,1,1,1,4328.46,18672.4,456.188,46.3844,0.482746,362.729,12227.6,94.4836,23.1957,0.267264,71.0207,114.887,23.1887,0.0718272,91.6261,209.37,0,0,0
900,1,1,10,1,1,1,4320.71,18640,379.654,46.3844,0.517824,285.936,13555.9,72.8856,23.1957,0.267264,49.4226,110.023,23.1887,0.106906,86.7279,182.909,0,0,0
900,1,1,11,1,1,1,4322.92,18644.8,422.901,46.3844,0.6264,329.201,12791.5,121.713,23.1957,0.267264,98.2497,76.1393,23.1887,0.0718272,52.8788,197.852,0,0,0
900,1,1,12,1,1,2,10328.8,24648.1,605.384,69.5741,0.519494,489.769,15949.7,118.731,23.1957,0.267264,95.2682,227.48,46.3784,0.108576,180.993,346.211,1,0,0
900,1,1,13,1,1,1,4326.25,18646.6,401.994,46.3844,0.6264,308.233,13165.1,122.851,23.1957,0.267264,99.3885,74.0891,23.1887,0.0718272,50.8286,196.941,0,0,0
900,1,1,14,1,1,2,10325.8,30648.3,754.27,75.3781,0.998899,632.963,19400.9,246.844,28.9996,0.746669,216.919,251.539,46.3784,0.108576,205.052,498.383,1,0,0
900,1,1,15,1,1,1,4323.15,18647,477.283,46.3844,0.482746,383.885,11827.1,115.221,23.1957,0.267264,91.7578,98.6253,23.1887,0.0718272,75.3648,213.846,0,0,0
900,1,1,16,1,1,1,4326.71,18710.6,502.54,46.3844,0.482746,409.215,11441.6,126.006,23.1957,0.267264,102.543,121.397,23.1887,0.0718272,98.136,247.403,0,0,0
900,1,1,17,1,1,1,4324.83,18642.2,496.013,46.3844,0.482746,402.669,11489.2,116.248,23.1957,0.267264,92.7848,116.8,23.1887,0.0718272,93.5392,233.047,0,0,0
900,1,1,18,1,1,1,4315.66,18686,301.299,46.3844,0.517824,207.353,14995.3,92.0137,23.1957,0.302342,68.5156,45.243,23.1887,0.0718272,21.9825,137.257,0,0,0
900,1,1,19,1,1,1,4316.94,18650.9,423.814,46.3844,0.482746,330.26,12781.8,118.762,23.1957,0.267264,95.2989,75.9679,23.1887,0.0718272,52.7074,194.73,0,0,0
900,1,1,20,1,1,1,4378.08,18724.7,499.81,46.3844,0.770054,406.19,11503.4,119.708,23.1957,0.267264,96.2446,122.014,23.1887,0.0718272,98.7532,241.721,0,0,0
900,1,1,21,1,1,1,4315.34,18630.4,333.494,46.3844,0.482746,239.677,14367.4,109.178,23.1957,0.267264,85.7154,58.4108,23.1887,0.0718272,35.1503,167.589,0,0,0
900,1,1,22,1,1,1,4340.69,18666.2,502.872,46.3844,0.6264,409.404,11390.9,120.742,23.1957,0.267264,97.2787,121.256,23.1887,0.0718272,97.9952,241.997,0,0,0
900,1,1,23,1,0,0,-1,-1,1051.46,23.1957,0.267264,982.499,273161,-1,-1,-1,-1,-1,-1,-1,-1,-1,0,0,0
900,1,1,24,1,1,1,4320.33,18636.4,372.849,46.3844,0.482746,279.147,13673.6,122.897,23.1957,0.267264,99.4337,71.3584,23.1887,0.0718272,48.0979,194.255,0,0,0
900,1,1,25,1,1,1,4318.34,18631.6,331.201,46.3844,0.482746,237.378,14409.3,68.1516,23.1957,0.267264,44.6887,101.428,23.1887,0.0718272,78.1677,169.58,0,0,0
900,1,1,26,1,1,1,4344.27,18674.3,500.364,46.3844,0.482746,407.033,11444,123.774,23.1957,0.267264,100.311,120.732,23.1887,0.0718272,97.4718,244.506,0,0,0
900,1,1,27,1,1,1,4327.56,18654.4,347.484,46.3844,0.517824,253.674,14142.4,69.9023,23.1957,0.267264,46.4393,105.562,23.1887,0.106906,82.2664,175.464,0,0,0
900,1,1,28,1,1,1,4320.39,18641.2,481.307,46.3844,0.482746,387.92,11749.8,113.943,23.1957,0.267264,90.48,110.882,23.1887,0.0718272,87.6212,224.825,0,0,0
900,1,1,29,1,1,2,10358,24672.3,508.856,69.5741,0.663149,392.817,17690,73.2087,23.1957,0.267264,49.7457,251.595,46.3784,0.25223,204.964,324.803,1,0,0
900,1,1,30,1,1,1,4317.19,18674.1,387.209,46.3844,0.482746,293.549,13455.9,117.174,23.1957,0.267264,93.7106,71.9883,23.1887,0.0718272,48.7278,189.162,0,0,0
900,1,1,31,1,1,1,4362.25,18698.4,471.031,46.3844,0.482746,377.615,11989.6,104.141,23.1957,0.267264,80.6782,122.308,23.1887,0.0718272,99.0474,226.449,0,0,0
900,1,1,32,1,1,1,4329.48,18654.8,412.229,46.3844,0.517824,318.607,12991.4,119.345,23.1957,0.267264,95.8818,77.0642,23.1887,0.106906,53.7686,196.409,0,0,0
900,1,1,33,1,1,1,4345.7,18692,499.343,46.3844,0.783418,405.708,11478.7,120.16,23.1957,0.497779,96.4666,121.454,23.1887,0.141984,98.1234,241.614,0,0,0
900,1,1,34,1,1,1,4336.21,18675.6,413.548,46.3844,0.517824,319.93,12988.8,119.969,23.1957,0.267264,96.5063,77.5226,23.1887,0.106906,54.227,197.492,0,0,0
900,1,1,35,1,1,1,4329.02,18669.9,464.146,46.3844,0.482746,370.71,12083.6,112.792,23.1957,0.267264,89.3286,82.5139,23.1887,0.0718272,59.2534,195.305,0,0,0
900,1,1,36,1,1,1,4317.31,18641.7,434.525,46.3844,0.482746,341.003,12582.2,113.024,23.1957,0.267264,89.5614,76.5905,23.1887,0.0718272,53.33,189.615,0,0,0
900,1,1,37,1,1,1,4315.34,18637.1,286.644,46.3844,0.482746,192.691,15207.2,80.1553,23.1957,0.267264,56.6924,38.4317,23.1887,0.0718272,15.1711,118.587,0,0,0
900,1,1,38,1,1,1,4331.37,18657.8,480.326,46.3844,0.482746,386.936,11783.8,115.533,23.1957,0.267264,92.0701,101.056,23.1887,0.0718272,77.7959,216.589,0,0,0
900,1,1,39,1,1,1,4322.2,18662.4,481.945,46.3844,0.517824,388.525,11759.4,113.372,23.1957,0.302342,89.8736,111.75,23.1887,0.0718272,88.4893,225.122,0,0,0
900,1,1,40,1,1,1,4321.71,18640.8,351.157,46.3844,0.482746,257.392,14063.7,70.0773,23.1957,0.267264,46.6144,105.265,23.1887,0.0718272,82.0047,175.343,0,0,0
900,1,1,41,1,1,1,4319.66,18635,441.741,46.3844,0.482746,348.24,12447.1,86.631,23.1957,0.267264,63.168,109.797,23.1887,0.0718272,86.5366,196.428,0,0,0
900,1,1,42,1,1,1,4315.02,18664.3,371.909,46.3844,0.552902,278.134,13717.7,122.705,23.1957,0.337421,99.172,70.7267,23.1887,0.0718272,47.4662,193.432,0,0,0
900,1,1,43,1,1,1,4327.71,18677.5,490.645,46.3844,0.482746,397.285,11620,112.689,23.1957,0.267264,89.2257,119.832,23.1887,0.0718272,96.5712,232.52,0,0,0
900,1,1,44,1,1,1,4331.02,18703.6,324.989,46.3844,0.482746,231.148,14591.8,103.369,23.1957,0.267264,79.9057,53.5757,23.1887,0.0718272,30.3152,156.944,0,0,0
900,1,1,45,1,1,1,4319.75,24700.5,538.008,52.1883,0.536198,439.088,16900.4,254.878,28.9996,0.320717,225.392,75.5401,23.1887,0.0718272,52.2796,330.418,0,0,0
900,1,1,46,1,1,1,4344.45,18661.7,491.18,46.3844,0.517824,397.787,11594.5,113.162,23.1957,0.267264,89.6986,119.814,23.1887,0.106906,96.5189,232.976,0,0,0
900,1,1,47,1,1,1,4333.13,18687.8,472.86,46.3844,0.517824,379.414,11946.3,104.242,23.1957,0.267264,80.7792,124.437,23.1887,0.106906,101.141,228.679,0,0,0
900,1,1,48,1,1,1,4323.35,18648,289.084,46.3844,0.482746,195.139,15174.7,82.35,23.1957,0.267264,58.887,39.7798,23.1887,0.0718272,16.5193,122.13,0,0,0
900,1,1,49,1,1,1,4332.61,18666.2,465.564,46.3844,0.482746,372.132,12054.7,98.2791,23.1957,0.267264,74.8162,120.983,23.1887,0.0718272,97.7227,219.262,0,0,0
900,1,1,50,1,1,1,4318.22,18649.1,400.076,46.3844,0.482746,306.453,13202.1,122.27,23.1957,0.267264,98.8074,74.0873,23.1887,0.0718272,50.8268,196.358,0,0,0
900,1,1,51,1,1,1,4358.69,18672.9,499.275,46.3844,0.482746,405.941,11461.9,120.908,23.1957,0.267264,97.4448,119.043,23.1887,0.0718272,95.7825,239.951,0,0,0
900,1,1,52,1,1,2,10319.9,24635.3,507.653,69.5741,0.519494,391.753,17674.8,72.9795,23.1957,0.267264,49.5165,250.794,46.3784,0.108576,204.307,323.773,1,0,0
900,1,1,53,1,1,1,4326.36,24658,607.119,52.1883,1.15759,507.779,15627.3,236.782,28.9996,0.942106,206.632,113.784,23.1887,0.0718272,90.5234,350.566,0,0,0
900,1,1,54,1,1,1,4331.53,18745.7,405.284,46.3844,0.748339,311.411,13205.2,122.57,23.1957,0.462701,98.9121,74.5328,23.1887,0.141984,51.2022,197.103,0,0,0
900,1,1,55,1,1,1,4324.38,18639.2,473.274,46.3844,0.517824,379.829,11890.3,105.668,23.1957,0.267264,82.205,120.379,23.1887,0.106906,97.0838,226.047,0,0,0
900,1,1,56,1,1,1,4321.03,18674.1,401.928,46.3844,0.482746,308.31,13194.2,120.166,23.1957,0.267264,96.703,73.6722,23.1887,0.0718272,50.4117,193.838,0,0,0
900,1,1,57,1,1,1,4327.19,18660.2,501.1,46.3844,0.482746,407.771,11416.7,124.992,23.1957,0.267264,101.529,120.496,23.1887,0.0718272,97.2354,245.488,0,0,0
900,1,1,58,1,1,1,4320.39,18636.8,319.67,46.3844,0.482746,225.813,14619.6,63.9537,23.1957,0.267264,40.4907,98.8167,23.1887,0.0718272,75.5561,162.77,0,0,0
900,1,1,59,1,1,2,10325,24682.5,523.86,69.5741,0.589651,407.937,17433.3,117.612,23.1957,0.337421,94.0788,169.773,46.3784,0.108576,123.286,287.385,1,0,0
900,1,1,60,1,1,1,4320.7,18651,469.356,46.3844,0.482746,375.934,11972.1,114.921,23.1957,0.267264,91.4582,87.441,23.1887,0.0718272,64.1805,202.362,0,0,0
900,1,1,61,1,1,1,4329.64,18669.9,328.221,46.3844,0.552902,234.319,14500.2,104.769,23.1957,0.337421,81.2359,56.8821,23.1887,0.0718272,33.6216,161.651,0,0,0
900,1,1,62,1,1,2,10329.6,24650.4,610.046,69.5741,0.554573,494.409,15868.9,120.544,23.1957,0.302342,97.0459,229.831,46.3784,0.108576,183.344,350.375,1,0,0
900,1,1,63,1,1,1,4317.9,18644.5,484.987,46.3844,0.482746,391.611,11687.6,114.21,23.1957,0.267264,90.7471,113.199,23.1887,0.0718272,89.9386,227.409,0,0,0
900,1,1,64,1,1,1,4325.13,18646.3,288.18,46.3844,0.517824,194.196,15188.8,81.6794,23.1957,0.302342,58.1813,39.1355,23.1887,0.0718272,15.875,120.815,0,0,0
900,1,1,65,1,1,1,4356.06,18670.9,498.905,46.3844,0.517824,405.535,11466.2,120.688,23.1957,0.267264,97.2246,118.455,23.1887,0.106906,95.1599,239.143,0,0,0
900,1,1,66,1,1,1,4320.84,18646.7,373.9,46.3844,0.482746,280.201,13665.2,121.15,23.1957,0.267264,97.6866,72.315,23.1887,0.0718272,49.0545,193.465,0,0,0
900,1,1,67,1,1,1,4316.3,18638.6,422.382,46.3844,0.517824,328.789,12794.7,121.141,23.1957,0.302342,97.6433,76.0256,23.1887,0.0718272,52.7651,197.167,0,0,0
900,1,1,68,1,1,1,4334.29,18656.1,498.477,46.3844,0.517824,405.105,11459.1,120.861,23.1957,0.267264,97.3978,116.391,23.1887,0.106906,93.0952,237.252,0,0,0
900,1,1,69,1,1,1,4322.95,18658.9,306.907,46.3844,0.678182,212.818,14868.2,95.2819,23.1957,0.462701,71.6235,46.7662,23.1887,0.0718272,23.5057,142.048,0,0,0
900,1,1,70,1,1,1,4316.94,18630.1,378.661,46.3844,0.482746,284.976,13563.9,71.4562,23.1957,0.267264,47.9932,109.476,23.1887,0.0718272,86.2153,180.932,0,0,0
900,1,1,71,1,1,1,4324.28,18680.2,478.066,46.3844,0.517824,384.635,11846.2,115.869,23.1957,0.267264,92.4058,98.8878,23.1887,0.106906,75.5922,214.757,0,0,0
900,1,1,72,1,1,1,4330.52,18651.8,332.186,46.3844,0.661478,238.187,14411.4,67.8745,23.1957,0.302342,44.3764,101.598,23.1887,0.0718272,78.3373,169.472,0,0,0
900,1,1,73,1,1,1,4326.54,18648.5,346.316,46.3844,0.482746,252.537,14157.5,69.4818,23.1957,0.267264,46.0188,108.317,23.1887,0.0718272,85.0566,177.799,0,0,0
900,1,1,74,1,1,1,4327.88,18643.3,409.06,46.3844,0.517824,315.429,13036.3,66.4298,23.1957,0.267264,42.9669,112.989,23.1887,0.106906,89.6931,179.419,0,0,0
900,1,1,75,1,0,0,-1,-1,978.439,23.1957,0.267264,909.265,268111,-1,-1,-1,-1,-1,-1,-1,-1,-1,0,0,0
900,1,1,76,1,1,1,4326.26,18640.4,396.425,46.3844,0.482746,302.791,13258.4,65.3271,23.1957,0.267264,41.8641,112.979,23.1887,0.0718272,89.7184,178.306,0,0,0
900,1,1,77,1,1,1,4316.94,24698.2,537.899,52.1883,0.83687,438.678,16898.8,254.638,28.9996,0.621389,224.851,75.6539,23.1887,0.0718272,52.3933,330.291,0,0,0
900,1,1,78,1,1,1,4317.32,18644.1,485.292,46.3844,0.517824,391.882,11681.6,112.958,23.1957,0.302342,89.4603,113.829,23.1887,0.0718272,90.5685,226.787,0,0,0
900,1,1,79,1,1,1,4315.02,18634.6,457.713,46.3844,0.482746,364.257,12162.7,93.3647,23.1957,0.267264,69.9017,114.583,23.1887,0.0718272,91.3229,207.948,0,0,0
900,1,1,80,1,1,1,4326.69,18651.4,477.168,46.3844,0.482746,383.769,11833.6,107.522,23.1957,0.267264,84.0586,114.228,23.1887,0.0718272,90.9673,221.749,0,0,0
900,1,1,81,1,1,1,4331.85,18654.3,392.261,46.3844,0.770054,298.328,13345.4,67.1048,23.1957,0.267264,43.6419,112.394,23.1887,0.0718272,89.1337,179.499,0,0,0
900,1,1,82,1,1,1,4315.02,18670.3,384.476,46.3844,0.908698,290.381,13499.5,121.926,23.1957,0.693216,98.0367,74.1486,23.1887,0.0718272,50.8881,196.074,0,0,0
900,1,1,83,1,1,1,4322.12,18636.6,380.13,46.3844,0.482746,286.449,13544.3,70.7198,23.1957,0.267264,47.2569,109.349,23.1887,0.0718272,86.089,180.069,0,0,0
900,1,1,84,1,1,1,4330.18,18650.2,390.303,46.3844,0.517824,296.617,13376.7,66.1808,23.1957,0.267264,42.7178,112.713,23.1887,0.106906,89.417,178.893,0,0,0
900,1,1,85,1,1,1,4323.38,18639.8,336.515,46.3844,0.6264,242.563,14322.6,68.4007,23.1957,0.267264,44.9377,103.59,23.1887,0.0718272,80.3298,171.991,0,0,0
900,1,1,86,1,1,1,4324.28,18643.7,473.727,46.3844,0.482746,380.318,11887.1,106.139,23.1957,0.267264,82.6761,120.536,23.1887,0.0718272,97.2751,226.675,0,0,0
900,1,1,87,1,1,1,4319.61,18633.8,769.037,46.3844,0.6264,676.343,260459,113.559,23.1957,0.267264,90.0956,119.141,23.1887,0.0718272,95.88,232.699,0,0,0
900,1,1,88,1,1,1,4343.67,18659.8,394.74,46.3844,0.482746,301.102,13307.6,65.818,23.1957,0.267264,42.355,112.638,23.1887,0.0718272,89.3773,178.456,0,0,0
900,1,1,89,1,1,1,4359.92,18684.4,482.379,46.3844,0.6264,388.851,11773.5,110.743,23.1957,0.267264,87.2801,113.396,23.1887,0.0718272,90.1353,224.139,0,0,0
900,1,1,90,1,1,1,4321.64,24654.9,563.92,52.1883,0.536198,465.075,16394.1,249.723,28.9996,0.320717,220.231,77.307,23.1887,0.0718272,54.0465,327.03,0,0,0
900,1,1,91,1,1,1,4335.89,18655,465.848,46.3844,0.840211,372.06,12037.3,99.3607,23.1957,0.462701,75.7023,121.734,23.1887,0.0902016,98.4554,221.095,0,0,0
900,1,1,92,1,1,1,4332.32,18647.1,362.015,46.3844,0.482746,268.282,13876.9,71.1404,23.1957,0.267264,47.6774,110.039,23.1887,0.0718272,86.7784,181.179,0,0,0
900,1,1,93,1,1,1,4315.02,24631.5,333.444,52.1883,0.536198,233.929,20469,178.225,28.9996,0.320717,148.528,25.2927,23.1887,0.0718272,2.0322,203.518,0,0,0
900,1,1,94,1,1,1,4320.58,18659.3,373.619,46.3844,0.678182,279.724,13682.3,121.228,23.1957,0.462701,97.5693,71.4721,23.1887,0.0718272,48.2116,192.7,0,0,0
900,1,1,95,1,1,1,4315.34,24643.7,338.531,52.1883,0.696557,238.871,20390.5,183.314,28.9996,0.481075,153.469,26.0543,23.1887,0.0718272,2.79383,209.369,0,0,0
900,1,1,96,1,1,1,4320.14,18680.8,424.219,46.3844,0.482746,330.666,12804.5,120.561,23.1957,0.267264,97.0982,76.2567,23.1887,0.0718272,52.9961,196.818,0,0,0
900,1,1,97,1,1,1,4317.26,18629.8,362.694,46.3844,0.482746,268.962,13847.6,71.0989,23.1957,0.267264,47.6359,110.348,23.1887,0.0718272,87.087,181.446,0,0,0
900,1,1,98,1,1,1,4360.65,18690.8,487.611,46.3844,0.517824,394.208,11687,105.392,23.1957,0.267264,81.9289,120.354,23.1887,0.106906,97.0585,225.746,0,0,0
900,1,1,99,1,1,1,4317.87,18639.1,394.726,46.3844,0.482746,301.088,13287.2,65.3831,23.1957,0.267264,41.9201,111.882,23.1887,0.0718272,88.6211,177.265,0,0,0
900,1,1,100,1,1,1,4340.42,18733.7,489.699,46.3844,0.517824,396.302,11692.8,116.869,23.1957,0.302342,93.3713,108.783,23.1887,0.0718272,85.5223,225.652,0,0,0
900,1,1,101,1,1,1,4316.3,18639.8,367.554,46.3844,0.482746,273.837,13771.1,120.92,23.1957,0.267264,97.4574,68.7631,23.1887,0.0718272,45.5026,189.683,0,0,0
900,1,1,102,1,1,1,4322.83,18690.8,483.512,46.3844,0.696557,389.918,11759.3,116.233,23.1957,0.337421,92.6999,103.749,23.1887,0.0718272,80.4887,219.982,0,0,0
900,1,1,103,1,1,1,4359.91,18704.3,486.195,46.3844,0.517824,392.788,11725.7,114.075,23.1957,0.267264,90.6118,115.182,23.1887,0.106906,91.886,229.256,0,0,0
900,1,1,104,1,1,1,4316.94,18667.6,406.092,46.3844,0.482746,312.487,13113.6,120.512,23.1957,0.267264,97.0495,76.4768,23.1887,0.0718272,53.2163,196.989,0,0,0
900,1,1,105,1,1,1,4323.11,18664.7,501.539,46.3844,0.6264,408.067,11413.1,123.754,23.1957,0.267264,100.291,120.025,23.1887,0.0718272,96.7644,243.779,0,0,0
900,1,1,106,1,1,1,4326.59,18660.4,472.11,46.3844,0.678182,378.501,11932,105.593,23.1957,0.462701,81.9343,120.13,23.1887,0.0718272,96.869,225.722,0,0,0
900,1,1,107,1,1,1,4320.06,18634.9,473.785,46.3844,0.482746,380.376,11877.2,106.09,23.1957,0.267264,82.6274,115.563,23.1887,0.0718272,92.3029,221.654,0,0,0
900,1,1,108,1,1,1,4324.12,18649.2,501.075,46.3844,0.482746,407.746,11406.2,122.184,23.1957,0.267264,98.7208,119.987,23.1887,0.0718272,96.7265,242.171,0,0,0
900,1,1,109,1,1,1,4318.32,18644.8,309.047,46.3844,0.678182,214.964,14816.1,96.9351,23.1957,0.462701,73.2767,48.0007,23.1887,0.0718272,24.7402,144.936,0,0,0
900,1,1,110,1,1,1,4321.61,18636.4,318.971,46.3844,0.482746,225.113,14631.6,64.3038,23.1957,0.267264,40.8408,100.208,23.1887,0.0718272,76.9476,164.512,0,0,0
900,1,1,111,1,1,1,4330.66,18649.4,483.32,46.3844,0.6264,389.795,11721.8,114.358,23.1957,0.267264,90.8951,111.959,23.1887,0.0718272,88.6987,226.317,0,0,0
900,1,1,112,1,1,1,4318.02,18640.1,391.512,46.3844,0.482746,297.864,13345.4,66.0653,23.1957,0.267264,42.6023,112.753,23.1887,0.0718272,89.4928,178.819,0,0,0
900,1,1,113,1,1,1,4347.76,18673.8,404.256,46.3844,0.482746,310.646,13152.5,67.1193,23.1957,0.267264,43.6563,113.943,23.1887,0.0718272,90.6822,181.062,0,0,0
900,1,1,114,1,1,2,10337.1,24672.6,636.837,69.5741,0.537869,521.295,15414.8,110.803,23.1957,0.267264,87.3397,268.617,46.3784,0.12695,222.111,379.419,1,0,0
900,1,1,115,1,1,1,4321.03,18641.1,371.778,46.3844,0.482746,278.073,13697.3,74.0948,23.1957,0.267264,50.6319,110.595,23.1887,0.0718272,87.3343,184.69,0,0,0
900,1,1,116,0,0,0,-1,-1,509.681,23.206,0.516154,438.886,253416,-1,-1,-1,-1,-1,-1,-1,-1,-1,0,0,0
900,1,1,117,1,1,1,4318.09,18635.9,308.833,46.3844,0.482746,214.944,14811.4,96.5447,23.1957,0.267264,73.0818,48.118,23.1887,0.0718272,24.8575,144.663,0,0,0
900,1,1,118,1,1,1,4342.22,18655.8,321.316,46.3844,0.482746,227.464,14609.3,64.5691,23.1957,0.267264,41.1061,98.3745,23.1887,0.0718272,75.114,162.944,0,0,0
900,1,1,119,1,1,1,4340.83,18654,432.981,46.3844,0.482746,339.454,12621.9,81.009,23.1957,0.267264,57.546,107.999,23.1887,0.0718272,84.739,189.008,0,0,0
900,1,1,120,1,1,1,4373.64,18694,499.975,46.3844,0.482746,406.643,11470.6,121.159,23.1957,0.267264,97.6956,120.084,23.1887,0.0718272,96.8239,241.243,0,0,0
900,1,1,121,1,1,1,4318.86,18641.4,345.967,46.3844,0.678182,251.992,14156.1,69.0293,23.1957,0.462701,45.3709,107.684,23.1887,0.0718272,84.4231,176.713,0,0,0
900,1,1,122,1,1,1,4356.81,18705.9,473.51,46.3844,0.587981,379.995,11952.3,104.282,23.1957,0.267264,80.8189,125.068,23.1887,0.177062,101.702,229.35,0,0,0
900,1,1,123,1,1,1,4377.8,18693.2,482.259,46.3844,0.482746,388.875,11784.9,113.221,23.1957,0.267264,89.7581,113.463,23.1887,0.0718272,90.2021,226.684,0,0,0
900,1,1,124,1,1,2,10324.2,24642.1,511.611,69.5741,0.554573,395.688,17611,73.9974,23.1957,0.267264,50.5344,250.825,46.3784,0.143654,204.303,324.823,1,0,0
900,1,1,125,1,1,1,4348.46,18691.6,484.956,46.3844,0.482746,391.58,11735.2,108.106,23.1957,0.267264,84.6433,113.594,23.1887,0.0718272,90.3338,221.701,0,0,0
900,1,1,126,1,1,1,4351.35,18665.5,471.233,46.3844,0.482746,377.817,11953.2,104.305,23.1957,0.267264,80.8424,121.835,23.1887,0.0718272,98.5746,226.14,0,0,0
900,1,1,127,1,1,1,4321.01,18653.2,426.239,46.3844,0.678182,332.496,12740.5,116.533,23.1957,0.462701,92.875,75.9065,23.1887,0.0718272,52.646,192.44,0,0,0
900,1,1,128,1,1,1,4318.86,18636.3,480.342,46.3844,0.482746,386.953,11762,109.704,23.1957,0.267264,86.2406,113.861,23.1887,0.0718272,90.601,223.565,0,0,0
900,1,1,129,1,1,1,4324.1,18652.7,433.407,46.3844,0.517824,339.846,12612.7,114.106,23.1957,0.302342,90.6082,75.4246,23.1887,0.0718272,52.1641,189.531,0,0,0
900,1,1,130,1,1,1,4342.52,18656.4,478.579,46.3844,0.482746,385.184,11813.4,106.976,23.1957,0.267264,83.5135,114.971,23.1887,0.0718272,91.7109,221.948,0,0,0
900,1,1,131,1,1,1,4328.19,18653.1,501.14,46.3844,0.482746,407.811,11409,119.475,23.1957,0.267264,96.0118,121.788,23.1887,0.0718272,98.5276,241.263,0,0,0
900,1,1,132,1,1,1,4338.12,18660.9,436.811,46.3844,0.482746,343.295,12560.7,113.091,23.1957,0.267264,89.6282,76.004,23.1887,0.0718272,52.7435,189.095,0,0,0
900,1,1,133,1,1,1,4319.11,18643.5,387.323,46.3844,0.517824,293.628,13423,68.138,23.1957,0.302342,44.6399,110.737,23.1887,0.0718272,87.4769,178.875,0,0,0
900,1,1,134,1,1,1,4316.3,18652.9,387.942,46.3844,0.482746,294.283,13421.7,117.944,23.1957,0.267264,94.4813,72.2861,23.1887,0.0718272,49.0256,190.23,0,0,0
900,1,1,135,1,1,1,4325.51,18655.3,437.573,46.3844,0.552902,343.989,12541,113.997,23.1957,0.337421,90.4638,76.5544,23.1887,0.0718272,53.2939,190.551,0,0,0
900,1,1,136,1,1,1,4323.08,18636.3,435.513,46.3844,0.482746,341.993,12559.1,82.5395,23.1957,0.267264,59.0765,107.406,23.1887,0.0718272,84.1452,189.945,0,0,0
900,1,1,137,1,1,1,4315.66,24652.2,500.829,52.1883,0.571277,401.767,17513,257.797,28.9996,0.355795,228.293,66.9944,23.1887,0.0718272,43.7339,324.792,0,0,0
900,1,1,138,1,1,1,4324.66,18647.7,416.048,46.3844,0.6264,322.328,12916.3,71.9724,23.1957,0.267264,48.5094,106.132,23.1887,0.0718272,82.871,178.104,0,0,0
900,1,1,139,1,1,1,4317.9,18649.7,370.856,46.3844,0.482746,277.149,13722.2,122.288,23.1957,0.267264,98.8254,70.4091,23.1887,0.0718272,47.1486,192.697,0,0,0
900,1,1,140,1,1,1,4357.99,18736,478.434,46.3844,0.6264,384.895,11895.3,116.242,23.1957,0.267264,92.7794,98.3456,23.1887,0.0718272,75.0851,214.588,0,0,0
900,1,1,141,1,1,1,4321.35,18637.1,383.641,46.3844,0.482746,289.97,13482.4,69.7741,23.1957,0.267264,46.3112,108.283,23.1887,0.0718272,85.0223,178.057,0,0,0
900,1,1,142,1,1,1,4328.26,18653.2,441.946,46.3844,0.552902,348.375,12461.2,114.283,23.1957,0.302342,90.785,79.1722,23.1887,0.106906,55.8766,193.455,0,0,0
900,1,1,143,1,1,1,4329.91,18647.2,487.333,46.3844,0.482746,393.964,11648.6,112.931,23.1957,0.267264,89.4675,115.177,23.1887,0.0718272,91.9167,228.108,0,0,0
900,1,1,144,1,1,1,4351.26,24706.8,625.842,52.1883,0.927072,526.787,15343.9,246.775,28.9996,0.71159,216.879,122.03,23.1887,0.0718272,98.7695,368.805,0,0,0
900,1,1,145,1,1,1,4316.55,18645.8,493.711,46.3844,0.482746,400.361,11533.8,114.676,23.1957,0.267264,91.2128,113.495,23.1887,0.0718272,90.2346,228.171,0,0,0
900,1,1,146,1,1,1,4318.22,18646,423.124,46.3844,0.678182,329.372,12788.7,116.714,23.1957,0.462701,93.0555,75.1449,23.1887,0.0718272,51.8844,191.859,0,0,0
900,1,1,147,1,1,1,4315.34,18649.7,439.254,46.3844,0.482746,345.746,12506.1,113.701,23.1957,0.267264,90.2382,77.2385,23.1887,0.0718272,53.978,190.94,0,0,0
900,1,1,148,1,1,1,4314.7,18642.3,342.634,46.3844,0.482746,248.844,14216.7,113.176,23.1957,0.267264,89.713,61.1108,23.1887,0.0718272,37.8503,174.287,0,0,0
900,1,1,149,1,1,1,4331.67,18652.7,354.883,46.3844,0.482746,261.129,14009.3,69.572,23.1957,0.267264,46.109,107.752,23.1887,0.0718272,84.4917,177.324,0,0,0
900,1,1,150,1,1,1,4322.76,18634,403.221,46.3844,0.517824,309.572,13130.9,66.7746,23.1957,0.267264,43.3116,113.922,23.1887,0.106906,90.6262,180.696,0,0,0
900,1,1,151,1,1,1,4324.34,18666.8,481.584,46.3844,0.482746,388.198,11770.4,110.59,23.1957,0.267264,87.1267,114.948,23.1887,0.0718272,91.6874,225.538,0,0,0
900,1,1,152,1,0,0,-1,-1,755.165,23.1957,0.267264,685.342,260698,-1,-1,-1,-1,-1,-1,-1,-1,-1,0,0,0
900,1,1,153,1,1,1,4318.86,18660.4,479.711,46.3844,0.482746,386.319,11797.3,108.408,23.1957,0.267264,84.9447,114.423,23.1887,0.0718272,91.1623,222.83,0,0,0
900,1,1,154,1,1,1,4316.94,18657.3,339.981,46.3844,0.482746,246.184,14278.9,111.613,23.1957,0.267264,88.15,60.2264,23.1887,0.0718272,36.9659,171.839,0,0,0
900,1,1,155,1,1,1,4330.17,18657.3,483.085,46.3844,0.517824,389.669,11734,110.548,23.1957,0.267264,87.0852,112.942,23.1887,0.106906,89.6462,223.49,0,0,0
900,1,1,156,1,1,1,4346.29,18664.2,487.378,46.3844,0.6264,393.865,11664.4,106.648,23.1957,0.267264,83.185,115.121,23.1887,0.0718272,91.8607,221.769,0,0,0
900,1,1,157,1,0,0,-1,-1,1018.78,23.1957,0.267264,949.727,270349,-1,-1,-1,-1,-1,-1,-1,-1,-1,0,0,0
900,1,1,158,1,1,1,4317.58,18643.3,481.055,46.3844,0.482746,387.667,11756.3,110.434,23.1957,0.267264,86.9715,114.181,23.1887,0.0718272,90.9204,224.615,0,0,0
900,1,1,159,1,1,1,4332.26,18668.7,423.455,46.3844,0.6264,329.757,12805.6,77.0547,23.1957,0.267264,53.5917,103.713,23.1887,0.0718272,80.4526,180.768,0,0,0
900,1,1,160,1,1,1,4318.22,18642.7,415.403,46.3844,0.482746,321.825,12923.2,119.906,23.1957,0.267264,96.4431,76.6988,23.1887,0.0718272,53.4383,196.605,0,0,0
900,1,1,161,1,1,1,4317.58,18653.7,486.803,46.3844,0.678182,393.237,11664,115.124,23.1957,0.462701,91.4655,107.471,23.1887,0.0718272,84.2102,222.595,0,0,0
900,1,1,162,1,1,1,4377.13,18700.2,471.003,46.3844,0.517824,377.552,11991.7,103.934,23.1957,0.267264,80.4706,122.069,23.1887,0.106906,98.7731,226.002,0,0,0
900,1,1,163,1,1,1,4319.7,18680.5,299.159,46.3844,0.517824,205.208,15027.8,89.8912,23.1957,0.302342,66.3932,44.7701,23.1887,0.0718272,21.5096,134.661,0,0,0
900,1,1,164,0,0,0,-1,-1,566.487,23.206,0.551232,495.822,255059,-1,-1,-1,-1,-1,-1,-1,-1,-1,0,0,0
900,1,1,165,1,0,0,-1,-1,859.517,23.1957,0.267264,789.997,263853,-1,-1,-1,-1,-1,-1,-1,-1,-1,0,0,0
900,1,1,166,1,1,2,4359.85,18679.6,431.013,69.5741,0.75168,314.658,13055.5,67.0074,23.1957,0.267264,43.5444,137.064,46.3784,0.340762,90.3447,204.071,1,0,0
900,1,1,167,1,1,1,4315.98,18645.8,470.029,46.3952,0.50112,376.581,11954.8,115.634,23.2065,0.285638,92.1423,88.0276,23.1887,0.0718272,64.7671,203.662,0,0,0
900,1,1,168,1,1,1,4322.2,18636.7,342.6,46.3844,0.482746,248.81,14211.7,68.2924,23.1957,0.267264,44.8294,107.498,23.1887,0.0718272,84.2372,175.79,0,0,0
900,1,1,169,1,1,1,4318.98,18629.3,456.579,46.3844,0.482746,363.12,12177.6,111.698,23.1957,0.267264,88.2349,77.0165,23.1887,0.0718272,53.756,188.714,0,0,0
900,1,1,170,1,1,1,4349.74,18696.3,376.658,46.3844,0.571277,282.879,13665,120.372,23.1957,0.302342,96.8744,72.6157,23.1887,0.12528,49.3017,192.988,0,0,0
900,1,1,171,1,1,1,4321.93,18652.8,451.946,46.3844,0.713261,358.244,12282.8,89.9278,23.1957,0.497779,66.2344,113.679,23.1887,0.0718272,90.4187,203.607,0,0,0
900,1,1,172,1,1,1,4325.22,18639.4,347.082,46.3844,0.482746,253.305,14134.7,70.0358,23.1957,0.267264,46.5729,106.213,23.1887,0.0718272,82.9522,176.249,0,0,0
900,1,1,173,1,1,1,4329.35,18646.8,337.885,46.3844,0.482746,244.081,14305.7,68.0776,23.1957,0.267264,44.6147,104.231,23.1887,0.0718272,80.9705,172.309,0,0,0
900,1,1,174,1,1,1,4321.78,18638.8,437.01,46.3844,0.482746,343.495,12535,83.0881,23.1957,0.267264,59.6252,108.438,23.1887,0.0718272,85.1775,191.526,0,0,0
900,1,1,175,1,1,1,4319.18,18676.1,381.262,46.3844,0.482746,287.584,13563.7,121.292,23.1957,0.267264,97.8292,73.9122,23.1887,0.0718272,50.6517,195.204,0,0,0
900,1,1,176,1,1,1,4326.9,18715.2,324.851,46.3844,0.517824,230.975,14605.6,103.373,23.1957,0.302342,79.875,53.0451,23.1887,0.0718272,29.7846,156.418,0,0,0
900,1,1,177,1,1,1,4326.6,18649.7,500.721,46.3844,0.678182,407.195,11412.6,121.554,23.1957,0.462701,97.896,118.269,23.1887,0.0718272,95.0083,239.823,0,0,0
900,1,1,178,1,1,1,4323.94,18656.3,490.76,46.3844,0.482746,397.401,11596.8,114.389,23.1957,0.267264,90.9258,110.907,23.1887,0.0718272,87.6465,225.296,0,0,0
900,1,1,179,1,1,1,4317.58,18653.7,337.917,46.3844,0.482746,244.114,14312,111.346,23.1957,0.267264,87.8829,59.1526,23.1887,0.0718272,35.8921,170.498,0,0,0
900,1,1,180,1,1,1,4318.34,18631.9,358.774,46.3844,0.482746,265.031,13919.3,70.0539,23.1957,0.267264,46.5909,107.404,23.1887,0.0718272,84.1434,177.458,0,0,0
900,1,1,181,1,1,1,4316.74,18636.2,419.338,46.3844,0.552902,325.701,12846.2,119.442,23.1957,0.337421,95.9089,75.0384,23.1887,0.0718272,51.7779,194.48,0,0,0
900,1,1,182,1,1,1,4320.07,18652,288.163,46.3844,0.482746,194.215,15195,81.8573,23.1957,0.267264,58.3943,39.0182,23.1887,0.0718272,15.7577,120.875,0,0,0
900,1,1,183,1,1,1,4328.03,18647.2,470.723,46.3844,0.482746,377.306,11943.9,102.834,23.1957,0.267264,79.3715,124.475,23.1887,0.0718272,101.215,227.31,0,0,0
900,1,1,184,0,0,0,-1,-1,638.122,23.206,0.516154,567.7,257185,-1,-1,-1,-1,-1,-1,-1,-1,-1,0,0,0
900,1,1,185,1,1,1,4381.46,18728.2,469.59,46.3844,0.818496,375.833,12043.7,115.456,23.1957,0.532858,91.7272,87.1592,23.1887,0.141984,63.8286,202.615,0,0,0
900,1,1,186,1,1,1,4322.21,18649.1,480.624,46.3844,0.517824,387.2,11769.5,112.809,23.1957,0.302342,89.3105,113.416,23.1887,0.0718272,90.1552,226.224,0,0,0
900,1,1,187,1,0,0,-1,-1,691.591,23.1957,0.302342,621.548,258486,-1,-1,-1,-1,-1,-1,-1,-1,-1,0,0,0
900,1,1,188,1,1,2,10349.8,24666.1,640.03,69.5741,0.519494,524.515,15351.6,109.323,23.1957,0.267264,85.8598,270.883,46.3784,0.108576,224.396,380.206,1,0,0
900,1,1,189,1,1,1,4369.38,18695.4,499.788,46.3844,0.482746,406.455,11475.3,121.359,23.1957,0.267264,97.896,119.565,23.1887,0.0718272,96.3041,240.924,0,0,0
900,1,1,190,1,0,0,-1,-1,1136.42,23.1957,0.267264,1067.71,279372,-1,-1,-1,-1,-1,-1,-1,-1,-1,0,0,0
900,1,1,191,1,1,1,4320.36,18667.9,473.693,46.3844,0.587981,380.179,11911.1,106.495,23.1957,0.372499,82.927,113.899,23.1887,0.0718272,90.6389,220.395,0,0,0
900,1,1,192,1,1,1,4324.84,18647.6,437.434,46.3844,0.6264,343.776,12535.9,113.694,23.1957,0.267264,90.231,76.2982,23.1887,0.0718272,53.0377,189.992,0,0,0
900,1,1,193,1,1,1,4336.41,18678,367.293,46.3844,0.805133,273.252,13832.1,74.0415,23.1957,0.302342,50.5434,110.335,23.1887,0.0718272,87.0744,184.376,0,0,0
900,1,1,194,1,1,1,4358.04,18672.5,356.988,46.3844,0.517824,263.205,13991.5,69.3969,23.1957,0.267264,45.934,107.166,23.1887,0.106906,83.8709,176.563,0,0,0
900,1,1,195,1,1,1,4329.03,18653.9,490.726,46.3844,0.482746,397.366,11595,113.643,23.1957,0.267264,90.1804,119.436,23.1887,0.0718272,96.176,233.08,0,0,0
900,1,1,196,1,1,1,4328.07,18651.8,379.757,46.3844,0.482746,286.075,13566.1,71.319,23.1957,0.267264,47.8561,110.304,23.1887,0.0718272,87.0437,181.623,0,0,0
900,1,1,197,1,1,1,4321.93,18637.8,441.702,46.3844,0.482746,348.2,12450.6,114.093,23.1957,0.267264,90.6298,79.175,23.1887,0.0718272,55.9145,193.268,0,0,0
900,1,1,198,1,1,1,4358.06,18717,499.012,46.3844,0.891994,405.268,11509.4,117.587,23.1957,0.462701,93.929,119.465,23.1887,0.141984,96.1345,237.053,0,0,0
900,1,1,199,1,1,1,4319.43,18648.1,328.052,46.3844,0.482746,234.22,14481.8,104.794,23.1957,0.267264,81.3315,56.745,23.1887,0.0718272,33.4845,161.539,0,0,0
900,1,1,200,1,1,1,4321.44,18653.7,420.267,46.3844,0.482746,326.703,12847.7,119.264,23.1957,0.267264,95.8006,75.8524,23.1887,0.0718272,52.5919,195.116,0,0,0
900,1,1,201,1,0,0,-1,-1,1094.06,23.1957,0.267264,1025.23,276085,-1,-1,-1,-1,-1,-1,-1,-1,-1,0,0,0
900,1,1,202,1,0,0,-1,-1,688.705,23.1957,0.267264,618.689,258424,-1,-1,-1,-1,-1,-1,-1,-1,-1,0,0,0
900,1,1,203,1,1,1,4344.26,18704.1,473.988,46.3844,0.587981,380.475,11942,106.926,23.1957,0.372499,83.3583,114.037,23.1887,0.0718272,90.776,220.963,0,0,0
900,1,1,204,1,1,1,4314.7,18628.5,380.178,46.3844,0.482746,286.498,13535.4,73.5606,23.1957,0.267264,50.0976,110.441,23.1887,0.0718272,87.1809,184.002,0,0,0
900,1,1,205,1,1,1,4330.6,18656.3,339.364,46.3844,0.50112,245.547,14288.7,111.369,23.1957,0.267264,87.9064,59.9885,23.1887,0.0902016,36.7096,171.358,0,0,0
900,1,1,206,1,0,0,-1,-1,959.152,23.1957,0.267264,889.922,267329,-1,-1,-1,-1,-1,-1,-1,-1,-1,0,0,0
900,1,1,207,1,1,1,4341.78,18682,490.052,46.3844,0.517824,396.655,11634.8,110.669,23.1957,0.267264,87.2061,120.737,23.1887,0.106906,97.4412,231.406,0,0,0
900,1,1,208,1,1,1,4323.3,18660.3,452.379,46.3844,0.517824,358.874,12283,113.603,23.1957,0.302342,90.1046,77.2331,23.1887,0.0718272,53.9725,190.836,0,0,0
900,1,1,209,1,1,1,4315.02,24636.4,485.98,52.1883,0.96215,386.483,17760.2,256.934,28.9996,0.746669,227.038,61.3273,23.1887,0.0718272,38.0668,318.261,0,0,0
900,1,1,210,1,1,1,4335.14,24694.5,602.171,52.1883,0.696557,503.278,15753.2,254.987,28.9996,0.481075,225.346,80.1063,23.1887,0.0718272,56.8458,335.093,0,0,0
900,1,1,211,1,1,1,4317.58,18638.9,341.106,46.3844,0.482746,247.312,14240.5,69.2742,23.1957,0.267264,45.8112,106.038,23.1887,0.0718272,82.7772,175.312,0,0,0
900,1,1,212,1,0,0,-1,-1,769.945,23.1957,0.267264,700.165,261163,-1,-1,-1,-1,-1,-1,-1,-1,-1,0,0,0
900,1,1,213,1,1,1,4323.78,18638.3,381.202,46.3844,0.482746,287.524,13526.9,71.6872,23.1957,0.267264,48.2243,109.339,23.1887,0.0718272,86.0781,181.026,0,0,0
900,1,1,214,1,1,1,4315.66,18643.8,454.873,46.3844,0.482746,361.409,12222.4,112.174,23.1957,0.267264,88.7113,78.2149,23.1887,0.0718272,54.9544,190.389,0,0,0
900,1,1,215,1,1,1,4318.66,18636.9,482.106,46.3844,0.482746,388.721,11731.2,109.844,23.1957,0.267264,86.3813,115.074,23.1887,0.0718272,91.8138,224.919,0,0,0
900,1,1,216,1,1,1,4330.06,18643.6,480.808,46.3844,0.482746,387.42,11761,113.064,23.1957,0.267264,89.6011,110.246,23.1887,0.0718272,86.9859,223.311,0,0,0
900,1,1,217,1,1,1,4321.82,18649.4,474.245,46.3844,0.482746,380.838,11883.5,108.076,23.1957,0.267264,84.6126,119.325,23.1887,0.0718272,96.0641,227.4,0,0,0
900,1,1,218,1,1,1,4325.62,18653.2,481.251,46.3844,0.482746,387.864,11762.7,110.649,23.1957,0.267264,87.1863,112.809,23.1887,0.0718272,89.5488,223.459,0,0,0
900,1,1,219,1,1,1,4322.54,18656.3,489.005,46.3844,0.482746,395.641,11628,107.469,23.1957,0.267264,84.0062,118.861,23.1887,0.0718272,95.6003,226.33,0,0,0
900,1,1,220,1,1,1,4318.38,18640.2,340.617,46.3844,0.482746,246.821,14250.5,68.5396,23.1957,0.267264,45.0767,106.011,23.1887,0.0718272,82.7501,174.55,0,0,0
900,1,1,221,1,1,1,4341.06,18665.3,501.354,46.3844,0.678182,407.831,11416.9,123.421,23.1957,0.462701,99.7621,120.72,23.1887,0.0718272,97.4592,244.14,0,0,0
900,1,1,222,1,1,1,4318.22,18673.1,373.764,46.3844,0.873619,279.674,13693,122.259,23.1957,0.658138,98.4049,71.4306,23.1887,0.0718272,48.1701,193.689,0,0,0
900,1,1,223,1,1,1,4325.28,18656.1,431.317,46.3844,0.482746,337.785,12653.6,116.912,23.1957,0.267264,93.4489,77.4171,23.1887,0.0718272,54.1566,194.329,0,0,0
900,1,1,224,1,1,1,4315.66,18637.4,313.069,46.3844,0.482746,219.193,14737.5,97.7377,23.1957,0.267264,74.2747,49.1738,23.1887,0.0718272,25.9133,146.912,0,0,0
900,1,1,225,1,1,1,4320.54,18647.7,450.991,46.3844,0.482746,357.516,12295.3,90.5564,23.1957,0.267264,67.0934,113.621,23.1887,0.0718272,90.3609,204.178,0,0,0
900,1,1,226,1,1,1,4316.94,18641.5,419.155,46.3844,0.482746,325.588,12855.2,120.509,23.1957,0.267264,97.0459,76.3325,23.1887,0.0718272,53.0719,196.841,0,0,0
900,1,1,227,1,1,1,4324.3,18642.9,437.07,46.3844,0.482746,343.555,12538.1,112.568,23.1957,0.267264,89.1048,76.827,23.1887,0.0718272,53.5665,189.395,0,0,0
900,1,1,228,1,1,1,4320.36,18641.2,363.242,46.3844,0.482746,269.513,13849.2,71.7739,23.1957,0.267264,48.3109,110.16,23.1887,0.0718272,86.8993,181.934,0,0,0
900,1,1,229,1,1,1,4326.24,18647.9,422.427,46.3844,0.482746,328.869,12803.4,119.256,23.1957,0.267264,95.7934,76.5815,23.1887,0.0718272,53.321,195.838,0,0,0
900,1,1,230,1,1,1,4336.52,18660.6,474.733,46.3844,0.482746,381.327,11886,108.399,23.1957,0.267264,84.9357,116.818,23.1887,0.0718272,93.5572,225.216,0,0,0
900,1,1,231,1,1,1,4330.98,18649.1,430.085,46.3844,0.6264,336.406,12668.1,80.5253,23.1957,0.267264,57.0624,105.724,23.1887,0.0718272,82.4631,186.249,0,0,0
900,1,1,232,1,1,1,4323.83,18653.9,374.144,46.3844,0.482746,280.446,13668,121.26,23.1957,0.267264,97.7967,71.6111,23.1887,0.0718272,48.3506,192.871,0,0,0
900,1,1,233,1,1,1,4335.73,18668.9,371.297,46.3844,0.482746,277.591,13733.7,122.019,23.1957,0.267264,98.5565,70.5318,23.1887,0.0718272,47.2713,192.551,0,0,0
900,1,1,234,1,1,1,4327.14,24667.7,496.292,52.1883,1.15759,396.63,17607.7,257.39,28.9996,0.907027,227.333,64.9016,23.1887,0.106906,41.6061,322.292,0,0,0
900,1,1,235,1,1,1,4323.08,18638.2,433.843,46.3844,0.482746,340.319,12590.8,82.5178,23.1957,0.267264,59.0549,107.685,23.1887,0.0718272,84.4249,190.203,0,0,0
900,1,1,236,1,1,1,4316.62,18662.3,412.011,46.3844,0.678182,318.228,13002.6,120.91,23.1957,0.462701,97.2516,77.0634,23.1887,0.0718272,53.8029,197.973,0,0,0
900,1,1,237,1,1,1,4315.98,18633.4,396.486,46.3844,0.482746,302.853,13250.2,121.456,23.1957,0.267264,97.9934,72.9142,23.1887,0.0718272,49.6537,194.371,0,0,0
900,1,1,238,1,1,1,4333.47,18646.7,363.395,46.3844,0.482746,269.666,13851.9,71.0212,23.1957,0.267264,47.5583,110.443,23.1887,0.0718272,87.1827,181.464,0,0,0
900,1,1,239,1,1,1,4331.35,18659.2,483.038,46.3844,0.678182,389.461,11736.5,113.11,23.1957,0.462701,89.4513,113.495,23.1887,0.0718272,90.2346,226.605,0,0,0
900,1,1,240,1,1,1,4321.83,18651.3,388.233,46.3844,0.661478,294.397,13414.3,118.797,23.1957,0.302342,95.2989,73.5116,23.1887,0.0718272,50.251,192.308,0,0,0
900,1,1,241,1,1,1,4318.41,18636.9,370.063,46.3844,0.482746,276.353,13723.6,121.953,23.1957,0.267264,98.4897,70.1925,23.1887,0.0718272,46.932,192.145,0,0,0
900,1,1,242,1,1,1,4370.74,18708.5,500.98,46.3844,0.517824,407.616,11467,124.814,23.1957,0.302342,101.316,122.173,23.1887,0.0718272,98.9121,246.987,0,0,0
900,1,1,243,1,1,1,4347.44,18699.3,485.327,46.3844,0.482746,391.952,11736.4,108.043,23.1957,0.267264,84.5801,113.732,23.1887,0.0718272,90.471,221.775,0,0,0
900,1,1,244,1,1,1,4315.98,24691.8,434.318,52.1883,0.606355,335.027,18735,228.468,28.9996,0.390874,198.837,41.3645,23.1887,0.0718272,18.1039,269.832,0,0,0
900,1,1,245,1,1,1,4318.9,18633.4,502.293,46.3844,0.482746,408.968,11368.8,120.119,23.1957,0.267264,96.6561,122.828,23.1887,0.0718272,99.5672,242.947,0,0,0
900,1,1,246,1,1,1,4322.73,18641.9,416.072,46.3844,0.482746,322.496,12910.5,71.2144,23.1957,0.267264,47.7514,106.841,23.1887,0.0718272,83.5803,178.055,0,0,0
900,1,1,247,1,1,1,4325.64,18646.6,462.453,46.3844,0.517824,368.977,12090.2,96.8343,23.1957,0.302342,73.3362,117.406,23.1887,0.0718272,94.1456,214.24,0,0,0
900,1,1,248,1,1,1,4317.64,18639.2,471.935,46.3844,0.482746,378.521,11914.4,104.414,23.1957,0.267264,80.9507,120.514,23.1887,0.0718272,97.2535,224.928,0,0,0
900,1,1,249,1,1,1,4316.55,18659.3,374.096,46.3844,0.517824,280.363,13674.1,121.455,23.1957,0.302342,97.9573,71.5335,23.1887,0.0718272,48.273,192.989,0,0,0
900,1,1,250,1,1,1,4320.46,18639.9,442.639,46.3844,0.482746,349.14,12436,115.091,23.1957,0.267264,91.6279,79,23.1887,0.0718272,55.7394,194.091,0,0,0
900,1,1,251,1,1,1,4314.69,18629.6,371.682,46.3844,0.482746,277.977,13687.5,74.1327,23.1957,0.267264,50.6698,110.589,23.1887,0.0718272,87.3289,184.722,0,0,0
900,1,1,252,1,1,1,4324.59,18653,482.574,46.3844,0.517824,389.156,11738.8,110.597,23.1957,0.267264,87.1339,114.516,23.1887,0.106906,91.22,225.112,0,0,0
900,1,1,253,1,1,1,4316.94,18647.4,476.495,46.3844,0.482746,383.094,11841.5,106.238,23.1957,0.267264,82.7753,115.002,23.1887,0.0718272,91.7416,221.24,0,0,0
900,1,1,254,1,1,1,4316.87,24653.1,624.17,52.1883,0.731635,525.305,15320.4,246.596,28.9996,0.516154,216.899,119.88,23.1887,0.0718272,96.62,366.477,0,0,0
900,1,1,255,1,1,1,4352.57,18670.9,483.094,46.3844,0.482746,389.712,11747.7,110.131,23.1957,0.267264,86.6683,115.065,23.1887,0.0718272,91.8048,225.197,0,0,0
900,1,1,256,1,1,1,4318.57,18636.8,489.461,46.3844,0.482746,396.098,11600.4,108.707,23.1957,0.267264,85.2443,121.508,23.1887,0.0718272,98.2479,230.216,0,0,0
900,1,1,257,1,1,1,4355.51,18676.3,488.344,46.3844,0.6264,394.834,11659.3,113.32,23.1957,0.267264,89.8574,115.645,23.1887,0.0718272,92.3841,228.965,0,0,0
900,1,1,258,1,1,1,4347.36,18675.2,484.831,46.3844,0.678182,391.259,11720.6,110.384,23.1957,0.462701,86.7261,113.741,23.1887,0.0718272,90.48,224.125,0,0,0
900,1,1,259,1,1,1,4327.43,18642.8,411.521,46.3844,0.482746,317.932,12992.3,120.33,23.1957,0.267264,96.8672,76.4967,23.1887,0.0718272,53.2362,196.827,0,0,0
900,1,1,260,1,1,1,4330.41,18663.8,489.616,46.3844,0.6264,396.11,11624.2,110.409,23.1957,0.267264,86.9462,120.344,23.1887,0.0718272,97.0838,230.754,0,0,0
900,1,1,261,1,1,1,4340.42,18678.2,423.081,46.3844,0.552902,329.455,12821.6,119.812,23.1957,0.267264,96.3492,76.3629,23.1887,0.141984,53.0322,196.175,0,0,0
900,1,1,262,1,1,1,4344.81,18668.3,366.557,46.3844,0.6264,272.693,13816.9,72.9813,23.1957,0.267264,49.5183,109.687,23.1887,0.0718272,86.4265,182.668,0,0,0
900,1,1,263,1,1,1,4325.54,18667.5,321.717,46.3844,0.482746,227.867,14613.9,100.683,23.1957,0.267264,77.2202,51.41,23.1887,0.0718272,28.1495,152.093,0,0,0
900,1,1,264,1,1,1,4331.58,18676,485.644,46.3844,0.482746,392.27,11707.4,114.077,23.1957,0.267264,90.6136,114.531,23.1887,0.0718272,91.2705,228.608,0,0,0
900,1,1,265,1,1,1,4319.11,18641.4,290.943,46.3844,0.482746,197.003,15135,83.6891,23.1957,0.267264,60.2262,40.13,23.1887,0.0718272,16.8695,123.819,0,0,0
900,1,1,266,1,1,1,4338.95,18658.9,483.727,46.3844,0.482746,390.348,11724.4,110.633,23.1957,0.267264,87.17,113.728,23.1887,0.0718272,90.4674,224.361,0,0,0
900,1,1,267,1,1,1,4318.34,18645.8,399.519,46.3844,0.536198,305.841,13208.2,66.8331,23.1957,0.302342,43.3351,114.567,23.1887,0.0902016,91.2886,181.401,0,0,0
900,1,1,268,1,1,1,4331.4,18690.7,393.528,46.3844,0.678182,299.691,13359.7,121.95,23.1957,0.462701,98.2912,73.2679,23.1887,0.0718272,50.0074,195.218,0,0,0
900,1,1,269,1,1,1,4346.36,18699.6,486.144,46.3844,0.552902,392.701,11721.6,114.219,23.1957,0.337421,90.6858,115.072,23.1887,0.0718272,91.812,229.291,0,0,0
900,1,1,270,1,1,1,4316.3,18649.2,455.572,46.3844,0.517824,362.075,12215.1,93.2662,23.1957,0.302342,69.7682,114.1,23.1887,0.0718272,90.8392,207.366,0,0,0
900,1,1,271,1,1,1,4332.91,18674,456.59,46.3844,0.482746,363.131,12222.1,93.4874,23.1957,0.267264,70.0244,113.926,23.1887,0.0718272,90.6659,207.414,0,0,0
900,1,1,272,1,0,0,-1,-1,1140.05,23.1957,0.267264,1071.35,279597,-1,-1,-1,-1,-1,-1,-1,-1,-1,0,0,0
900,1,1,273,1,1,1,4317.58,18633.7,295.62,46.3844,0.482746,201.694,15044.2,87.2265,23.1957,0.267264,63.7636,42.7126,23.1887,0.0718272,19.4521,129.939,0,0,0
900,1,1,274,1,1,1,4315.66,18644.7,423.069,46.3844,0.482746,329.513,12788.9,122.261,23.1957,0.267264,98.7984,76.087,23.1887,0.0718272,52.8265,198.348,0,0,0
900,1,1,275,1,1,2,10326.3,24668.4,616.196,69.5741,0.519494,500.612,15777.8,102.58,23.1957,0.267264,79.117,271.789,46.3784,0.108576,225.302,374.369,1,0,0
900,1,1,276,1,1,1,4322.15,18636,375.628,46.3844,0.6264,281.791,13623.3,74.842,23.1957,0.267264,51.379,110.672,23.1887,0.0718272,87.4119,185.514,0,0,0
900,1,1,277,1,1,1,4321.35,18641.4,437.653,46.3844,0.482746,344.139,12526.2,113.044,23.1957,0.267264,89.5812,76.771,23.1887,0.0718272,53.5105,189.815,0,0,0
900,1,1,278,1,1,1,4342.51,18676.1,460.464,46.3844,0.482746,367.017,12155.3,96.3336,23.1957,0.267264,72.8706,116.119,23.1887,0.0718272,92.8588,212.453,0,0,0
900,1,1,279,1,1,1,4327.26,18643.5,434.801,46.3844,0.482746,341.279,12579,82.6568,23.1957,0.267264,59.1938,107.408,23.1887,0.0718272,84.147,190.064,0,0,0
900,1,1,280,1,1,1,4318.73,18666.9,460.928,46.3844,0.552902,367.412,12137.3,113.381,23.1957,0.302342,89.8826,77.6832,23.1887,0.106906,54.3876,191.064,0,0,0
900,1,1,281,1,1,1,4325.45,18659.3,387.189,46.3844,0.482746,293.529,13441.4,116.513,23.1957,0.267264,93.0501,72.5586,23.1887,0.0718272,49.2981,189.072,0,0,0
900,1,1,282,1,1,1,4375.76,18700.7,404.28,46.3844,0.948787,310.204,13177.5,67.4694,23.1957,0.267264,44.0064,115.052,23.1887,0.106906,91.756,182.521,0,0,0
900,1,1,283,1,1,1,4344.93,18659.7,423.217,46.3844,0.482746,329.661,12801.3,77.7874,23.1957,0.267264,54.3245,103.63,23.1887,0.0718272,80.3695,181.417,0,0,0
900,1,1,284,1,1,1,4325.32,18654.8,372.39,46.3844,0.517824,278.652,13699.8,121.971,23.1957,0.267264,98.5078,70.8394,23.1887,0.106906,47.5438,192.81,0,0,0
900,1,1,285,1,1,1,4321.29,18644.4,441.045,46.3844,0.482746,347.541,12468.9,113.097,23.1957,0.267264,89.6336,78.6823,23.1887,0.0718272,55.4218,191.779,0,0,0
900,1,1,286,1,1,1,4316.94,18717.8,425.055,46.3952,1.15759,330.82,12824.7,122.274,23.2065,0.942106,98.1252,75.8452,23.1887,0.0718272,52.5847,198.119,0,0,0
900,1,1,287,1,1,1,4334.92,18654.5,434.842,46.3844,0.482746,341.32,12589.3,83.0069,23.1957,0.267264,59.544,108.353,23.1887,0.0718272,85.0927,191.36,0,0,0
900,1,1,288,1,1,1,4316.94,18661.4,299.932,46.3844,0.482746,206.018,14995.2,90.8416,23.1957,0.267264,67.3786,45.0065,23.1887,0.0718272,21.746,135.848,0,0,0
900,1,1,289,1,1,1,4317.26,18629.8,411.316,46.3844,0.482746,317.726,12983,66.3919,23.1957,0.267264,42.929,109.483,23.1887,0.0718272,86.2225,175.875,0,0,0
900,1,1,290,1,1,1,4318.77,18652.4,452.361,46.3844,0.482746,358.89,12275.7,113.566,23.1957,0.267264,90.1028,77.2385,23.1887,0.0718272,53.978,190.804,0,0,0
900,1,1,291,1,1,1,4315.34,18653.4,318.496,46.3844,0.482746,224.636,14657.1,99.6851,23.1957,0.267264,76.2221,50.2332,23.1887,0.0718272,26.9727,149.918,0,0,0
900,1,1,292,1,1,1,4321.62,24663.2,551.136,52.1883,0.536198,452.254,16629.7,247.255,28.9996,0.320717,217.755,76.7295,23.1887,0.0718272,53.469,323.985,0,0,0
900,1,1,293,1,1,1,4364.9,18731.6,499.485,46.3844,0.587981,406.046,11516.2,118.239,23.1957,0.302342,94.7412,119.736,23.1887,0.141984,96.4052,237.975,0,0,0
900,1,1,294,1,1,1,4318.47,18637.6,422.098,46.3844,0.517824,328.504,12798.8,121.083,23.1957,0.267264,97.6198,76.086,23.1887,0.106906,52.7904,197.169,0,0,0
900,1,1,295,1,1,1,4322.09,18640.2,473.893,46.3844,0.482746,380.484,11880.6,108.021,23.1957,0.267264,84.5585,116.735,23.1887,0.0718272,93.4742,224.756,0,0,0
900,1,1,296,1,1,1,4322.31,18636.2,398.584,46.3844,0.482746,304.957,13215.7,66.6609,23.1957,0.267264,43.1979,113.917,23.1887,0.0718272,90.6569,180.578,0,0,0
900,1,1,297,1,1,1,4330.7,18654.6,434.424,46.3844,0.482746,340.901,12596.8,82.8084,23.1957,0.267264,59.3454,108.055,23.1887,0.0718272,84.7949,190.864,0,0,0
900,1,1,298,1,1,1,4315.34,18650.4,340.615,46.3844,0.482746,246.819,14260.7,68.9078,23.1957,0.267264,45.4449,106.092,23.1887,0.0718272,82.8313,175,0,0,0
900,1,1,299,1,1,1,4345.13,18679.1,423.467,46.3844,0.661478,329.733,12815.5,119.813,23.1957,0.302342,96.315,76.5274,23.1887,0.0718272,53.2669,196.34,0,0,0
900,1,1,300,1,1,1,4317.26,18631.7,372.161,46.3844,0.482746,278.457,13681.1,121.702,23.1957,0.267264,98.2389,71.0191,23.1887,0.0718272,47.7586,192.721,0,0,0
900,1,1,301,1,1,1,4352.6,18713.5,485.71,46.3844,0.482746,392.336,11743.7,108.415,23.1957,0.267264,84.9519,113.869,23.1887,0.0718272,90.6082,222.284,0,0,0
900,1,1,302,1,1,1,4322,18637.9,474.979,46.3844,0.482746,381.574,11858.9,108.482,23.1957,0.267264,85.0187,120.315,23.1887,0.0718272,97.0549,228.797,0,0,0
900,1,1,303,1,1,1,4315.98,18643.3,424.737,46.3844,0.482746,331.186,12757.7,115.223,23.1957,0.267264,91.7596,75.6701,23.1887,0.0718272,52.4096,190.893,0,0,0
900,1,1,304,1,1,1,4332.78,18662.1,394.494,46.3844,0.482746,300.855,13314.3,66.3017,23.1957,0.267264,42.8387,113.143,23.1887,0.0718272,89.8826,179.445,0,0,0
900,1,1,305,1,1,1,4318.22,18643.5,401.262,46.3844,0.482746,307.643,13175.4,122.368,23.1957,0.267264,98.9048,74.0873,23.1887,0.0718272,50.8268,196.455,0,0,0
900,1,1,306,1,1,1,4315.98,18636.8,482.588,46.3844,0.482746,389.205,11722.6,110.765,23.1957,0.267264,87.3018,114.652,23.1887,0.0718272,91.3915,225.417,0,0,0
900,1,1,307,1,1,1,4334.63,24684.4,611.07,52.1883,0.536198,512.363,15585.1,238.272,28.9996,0.320717,208.743,113.555,23.1887,0.0718272,90.2941,351.826,0,0,0
900,1,1,308,1,1,1,4315.34,24629.9,322.087,52.1883,0.891994,222.184,20668.6,174.354,28.9996,0.676512,144.29,24.6448,23.1887,0.0718272,1.38428,198.999,0,0,0
900,1,1,309,1,1,1,4324.49,18666.8,462.068,46.3844,0.517824,368.591,12117.3,113.898,23.1957,0.267264,90.4349,80.1017,23.1887,0.106906,56.8061,194,0,0,0
900,1,1,310,1,1,1,4318.15,18675.5,387.889,46.3844,0.482746,294.231,13445.2,117.195,23.1957,0.267264,93.7323,72.4612,23.1887,0.0718272,49.2007,189.656,0,0,0
900,1,1,311,1,1,1,4316.55,18633.8,456.51,46.3844,0.482746,363.052,12183.3,112.82,23.1957,0.267264,89.3575,77.7817,23.1887,0.0718272,54.5212,190.602,0,0,0
900,1,1,312,1,1,1,4342.26,18703.2,372.356,46.3844,0.587981,278.547,13748.3,122.823,23.1957,0.372499,99.255,71.0191,23.1887,0.0718272,47.7586,193.842,0,0,0
900,1,1,313,1,1,1,4320.51,18643.4,482.046,46.3844,0.482746,388.662,11738.8,111.023,23.1957,0.267264,87.5599,114.259,23.1887,0.0718272,90.998,225.281,0,0,0
900,1,1,314,1,1,1,4355.82,18693.2,480.985,46.3844,0.661478,387.418,11806.8,113.015,23.1957,0.267264,89.5524,113.025,23.1887,0.106906,89.7292,226.04,0,0,0
900,1,1,315,1,1,1,4324.05,18678.1,475.275,46.3844,0.678182,381.675,11893.4,108.396,23.1957,0.462701,84.7372,120.673,23.1887,0.0718272,97.4123,229.068,0,0,0
900,1,1,316,1,1,1,4317.26,18664,373.489,46.3844,0.482746,279.789,13689.8,121.733,23.1957,0.267264,98.2696,71.667,23.1887,0.0718272,48.4065,193.4,0,0,0
900,1,1,317,1,1,1,4338.57,18652.7,378.175,46.3844,0.482746,284.489,13595.2,73.5263,23.1957,0.267264,50.0633,110.42,23.1887,0.0718272,87.1592,183.946,0,0,0
900,1,1,318,1,1,1,4326.5,18664.5,486.357,46.3844,0.678182,392.789,11682.8,115.902,23.1957,0.462701,92.2433,106.783,23.1887,0.0718272,83.5225,222.685,0,0,0
900,1,1,319,1,1,1,4316.94,18629.8,445.058,46.3844,0.482746,351.566,12383,88.1488,23.1957,0.267264,64.6858,110.486,23.1887,0.0718272,87.226,198.635,0,0,0
900,1,1,320,1,1,1,4324.85,18648.4,479.734,46.3844,0.482746,386.343,11784.9,110.131,23.1957,0.267264,86.6683,113.977,23.1887,0.0718272,90.7165,224.108,0,0,0
900,1,1,321,1,1,1,4317.58,18654.2,434.72,46.3844,0.678182,341.003,12590.7,113.375,23.1957,0.462701,89.7166,76.827,23.1887,0.0718272,53.5665,190.202,0,0,0
900,1,1,322,0,0,0,-1,-1,993.126,23.206,0.516154,923.736,268712,-1,-1,-1,-1,-1,-1,-1,-1,-1,0,0,0
900,1,1,323,1,1,1,4319.43,18657.9,455.136,46.3844,0.482746,361.673,12231.8,112.375,23.1957,0.267264,88.9117,78.2798,23.1887,0.0718272,55.0193,190.654,0,0,0
900,1,1,324,1,1,1,4344.35,18670.5,457.578,46.3844,0.482746,364.122,12201,113.187,23.1957,0.267264,89.7238,78.4278,23.1887,0.0718272,55.1673,191.615,0,0,0
900,1,1,325,1,1,1,4333.19,18671.9,499.667,46.3844,0.552902,406.264,11453.5,117.531,23.1957,0.267264,94.068,120.07,23.1887,0.141984,96.7391,237.601,0,0,0
900,1,1,326,1,1,1,4320.07,18694.3,476.858,46.3844,0.482746,383.459,11882,115.843,23.1957,0.267264,92.3805,97.6724,23.1887,0.0718272,74.4119,213.516,0,0,0
900,1,1,327,1,1,1,4317.48,18667.6,483.56,46.3844,0.678182,389.985,11735.6,114.66,23.1957,0.462701,91.0016,111.64,23.1887,0.0718272,88.3793,226.3,0,0,0
900,1,1,328,1,1,1,4340.28,18667.7,471.738,46.3844,0.6264,378.18,11946,102.773,23.1957,0.267264,79.3101,124.82,23.1887,0.0718272,101.56,227.593,0,0,0
900,1,1,329,1,1,1,4340.68,18672.7,500.064,46.3844,0.517824,406.697,11447.4,124.599,23.1957,0.302342,101.101,121.225,23.1887,0.0718272,97.9645,245.824,0,0,0
900,1,1,330,1,1,1,4329.45,18653.5,433.22,46.3844,0.6264,339.55,12616.7,114.517,23.1957,0.267264,91.054,75.3272,23.1887,0.0718272,52.0667,189.844,0,0,0
900,1,1,331,1,1,1,4318.57,18647.3,502.401,46.3844,0.482746,409.076,11380.7,121.648,23.1957,0.267264,98.1847,121.003,23.1887,0.0718272,97.7426,242.651,0,0,0
900,1,1,332,1,1,1,4322.2,18636.4,380.101,46.3844,0.482746,286.42,13544.6,71.4129,23.1957,0.267264,47.9499,109.927,23.1887,0.0718272,86.6665,181.34,0,0,0
900,1,1,333,1,1,1,4343.91,18684.1,487.185,46.3844,0.517824,393.78,11687.9,105.427,23.1957,0.302342,81.9289,119.678,23.1887,0.0718272,96.4178,225.105,0,0,0
900,1,1,334,1,1,1,4315.66,18663.2,381.47,46.3844,0.482746,287.793,13547,121.529,23.1957,0.267264,98.0656,74.0512,23.1887,0.0718272,50.7907,195.58,0,0,0
900,1,1,335,1,1,1,4325.77,18644.2,319.266,46.3844,0.482746,225.409,14634.2,64.1287,23.1957,0.267264,40.6658,100.288,23.1887,0.0718272,77.0271,164.416,0,0,0
900,1,1,336,1,1,1,4322.37,18638.8,495.199,46.3844,0.482746,401.853,11500.3,114.095,23.1957,0.267264,90.6316,118.128,23.1887,0.0718272,94.8675,232.223,0,0,0
900,1,1,337,1,0,0,-1,-1,725.049,23.1957,0.267264,655.139,259563,-1,-1,-1,-1,-1,-1,-1,-1,-1,0,0,0
900,1,1,338,1,1,1,4327.48,18646.3,464.378,46.3844,0.482746,370.942,12055.8,112.432,23.1957,0.267264,88.9694,83.3531,23.1887,0.0718272,60.0926,195.786,0,0,0
900,1,1,339,1,1,1,4330.54,18647.1,468.303,46.3844,0.482746,374.879,11986.9,114.84,23.1957,0.267264,91.377,85.1417,23.1887,0.0718272,61.8812,199.982,0,0,0
900,1,1,340,1,1,1,4318.28,18639.8,405.876,46.3844,0.482746,312.27,13089.7,68.1029,23.1957,0.267264,44.6399,113.672,23.1887,0.0718272,90.4115,181.775,0,0,0
900,1,1,341,1,1,1,4326.63,18649.3,487.638,46.3844,0.482746,394.269,11645.3,112.979,23.1957,0.267264,89.5163,115.488,23.1887,0.0718272,92.2271,228.467,0,0,0
900,1,1,342,1,1,1,4318.6,18634.2,324.035,46.3844,0.482746,230.191,14539.4,66.114,23.1957,0.267264,42.651,98.6019,23.1887,0.0718272,75.3414,164.716,0,0,0
900,1,1,343,1,1,1,4342.22,18655.4,450.172,46.3844,0.6264,356.551,12317.2,90.5528,23.1957,0.267264,67.0898,112.708,23.1887,0.0718272,89.4477,203.261,0,0,0
900,1,1,344,1,1,2,10322,24639.1,530.909,69.5741,0.519494,415.077,17265.1,69.1406,23.1957,0.267264,45.6777,255.18,46.3784,0.108576,208.693,324.32,1,0,0
900,1,1,345,1,1,1,4321.39,24661.7,548.543,52.1883,0.891994,449.298,16673.5,249.67,28.9996,0.676512,219.821,76.0347,23.1887,0.0718272,52.7742,325.705,0,0,0
900,1,1,346,1,1,1,4331.44,18659.3,483.783,46.3844,0.482746,390.404,11723.8,110.579,23.1957,0.267264,87.1159,113.188,23.1887,0.0718272,89.9278,223.767,0,0,0
900,1,1,347,1,1,1,4336.97,18653.8,463.783,46.3844,0.482746,370.345,12074,113.986,23.1957,0.267264,90.5234,80.5936,23.1887,0.0718272,57.3331,194.58,0,0,0
900,1,1,348,1,1,1,4319.11,18643.6,480.648,46.3844,0.482746,387.26,11763.9,113.095,23.1957,0.267264,89.6318,109.777,23.1887,0.0718272,86.5167,222.872,0,0,0
900,1,1,349,1,1,1,4336.34,18664.2,480.639,46.3844,0.482746,387.251,11784.7,115.733,23.1957,0.267264,92.2704,101.011,23.1887,0.0718272,77.7508,216.745,0,0,0
900,1,1,350,1,1,1,4336.25,18691.5,324.52,46.3844,0.517824,230.643,14587.8,103.001,23.1957,0.302342,79.5032,53.3014,23.1887,0.0718272,30.0409,156.303,0,0,0
900,1,1,351,1,1,1,4319.91,18659.6,482.52,46.3844,0.482746,389.137,11746.6,111.001,23.1957,0.267264,87.5382,114.814,23.1887,0.0718272,91.5539,225.816,0,0,0
900,1,1,352,1,1,1,4318.15,18649.3,395.034,46.3844,0.482746,301.396,13292,65.217,23.1957,0.267264,41.754,113.075,23.1887,0.0718272,89.8141,178.292,0,0,0
900,1,1,353,1,1,2,10321.3,24634.8,508.652,69.5741,0.519494,392.755,17656.6,73.0571,23.1957,0.267264,49.5941,250.993,46.3784,0.108576,204.505,324.05,1,0,0
900,1,1,354,1,1,1,4317.3,18661.1,455.803,46.3844,0.482746,362.342,12223.2,94.5811,23.1957,0.267264,71.1181,114.73,23.1887,0.0718272,91.4691,209.311,0,0,0
900,1,1,355,1,1,1,4321.59,18647.4,359.532,46.3844,0.482746,265.791,13921.3,118.361,23.1957,0.267264,94.8982,65.7798,23.1887,0.0718272,42.5193,184.141,0,0,0
900,1,1,356,1,1,1,4317.7,18655.5,501.366,46.3844,0.517824,408.002,11407.1,122.751,23.1957,0.302342,99.2532,119.231,23.1887,0.0718272,95.9702,241.982,0,0,0
900,1,1,357,1,1,1,4341.53,18679.7,481.282,46.3844,0.482746,387.895,11788.7,115.363,23.1957,0.267264,91.9004,102.587,23.1887,0.0718272,79.3264,217.95,0,0,0
900,1,1,358,1,1,1,4321.29,24666.3,548.898,52.1883,0.927072,449.619,16671.6,248.324,28.9996,0.71159,218.435,76.0311,23.1887,0.0718272,52.7705,324.355,0,0,0
900,1,1,359,1,1,1,4316.62,18648.6,329.932,46.3844,0.482746,236.106,14448.9,106.7,23.1957,0.267264,83.2374,57.1565,23.1887,0.0718272,33.8959,163.857,0,0,0
900,1,1,360,1,1,1,4323.85,18648.1,492.957,46.3844,0.552902,399.534,11549,114.371,23.1957,0.267264,90.9078,112.598,23.1887,0.141984,89.2672,226.969,0,0,0
900,1,1,361,1,1,1,4327.62,18643.5,471.619,46.3844,0.536198,378.151,11923.9,114.078,23.1957,0.267264,90.6154,94.5602,23.1887,0.12528,71.2463,208.639,0,0,0
900,1,1,362,1,1,1,4316.94,18654.5,474.57,46.3844,0.517824,381.129,11882.6,107.232,23.1957,0.302342,83.7337,120.146,23.1887,0.0718272,96.8853,227.378,0,0,0
900,1,1,363,1,1,1,4327.56,18651.9,467.382,46.3844,0.482746,373.955,12008.1,99.2339,23.1957,0.267264,75.7709,120.817,23.1887,0.0718272,97.5567,220.051,0,0,0
900,1,1,364,1,1,1,4317.9,18656.3,423.487,46.3844,0.678182,329.737,12792.6,77.4793,23.1957,0.462701,53.8209,103.538,23.1887,0.0718272,80.2775,181.017,0,0,0
900,1,1,365,1,1,1,4319.16,18660.5,387.632,46.3844,0.482746,293.973,13434.8,117.107,23.1957,0.267264,93.6439,72.4413,23.1887,0.0718272,49.1808,189.548,0,0,0
900,1,1,366,1,1,1,4317.38,18630.6,479.086,46.3844,0.482746,385.693,11778.7,110.167,23.1957,0.267264,86.7044,112.979,23.1887,0.0718272,89.7184,223.146,0,0,0
900,1,1,367,1,1,1,4378.76,18723.7,336.643,46.3844,0.713261,242.605,14404,69.3621,23.1957,0.497779,45.6687,104.329,23.1887,0.0718272,81.068,173.691,0,0,0
900,1,1,368,1,1,1,4320.76,18653.1,366.489,46.3844,0.482746,272.768,13803.3,74.1995,23.1957,0.267264,50.7365,110.2,23.1887,0.0718272,86.939,184.399,0,0,0
900,1,1,369,1,1,1,4337.36,18671.2,481.915,46.3844,0.661478,388.351,11768.3,111.019,23.1957,0.267264,87.5563,115.279,23.1887,0.106906,91.9834,226.298,0,0,0
900,1,1,370,1,1,1,4332.01,18647.8,403.809,46.3844,0.6264,310.054,13134,66.8919,23.1957,0.267264,43.4289,114.336,23.1887,0.0718272,91.0756,181.228,0,0,0
900,1,1,371,1,1,1,4319.72,24647.5,439.338,52.1883,0.571277,340.097,18601.7,230.863,28.9996,0.355795,201.282,43.7721,23.1887,0.0718272,20.5116,274.636,0,0,0
900,1,1,372,1,1,1,4319.18,18647.4,395.244,46.3844,0.482746,301.607,13286.3,121.595,23.1957,0.267264,98.1324,73.0892,23.1887,0.0718272,49.8287,194.685,0,0,0
900,1,1,373,1,1,1,4337.68,18658,486.393,46.3844,0.6264,392.878,11681.4,106.538,23.1957,0.267264,83.0749,114.641,23.1887,0.0718272,91.3806,221.179,0,0,0
900,1,1,374,1,1,2,10343.9,24679.2,642.645,69.5741,1.09411,526.563,15316.6,114.387,23.1957,0.267264,90.924,271.889,46.3784,0.683194,224.828,386.276,1,0,0
900,1,1,375,1,1,1,4349.58,18713.5,486.125,46.3844,0.623059,392.613,11735.4,110.371,23.1957,0.337421,86.838,114.197,23.1887,0.141984,90.8663,224.568,0,0,0
900,1,1,376,1,1,1,4316.3,18639,483.91,46.3844,0.517824,390.496,11701,104.138,23.1957,0.302342,80.6403,114.573,23.1887,0.0718272,91.3121,218.711,0,0,0
900,1,1,377,1,1,1,4340.59,18653.2,356.176,46.3844,0.517824,262.391,13986.5,69.59,23.1957,0.267264,46.1271,107.114,23.1887,0.106906,83.8185,176.704,0,0,0
900,1,1,378,1,1,1,4314.38,18632.8,427.368,46.3844,0.482746,333.825,12700.5,116.414,23.1957,0.267264,92.9508,76.318,23.1887,0.0718272,53.0575,192.732,0,0,0
900,1,1,379,1,1,1,4330.44,18646.6,406.868,46.3844,0.482746,313.265,13078.8,118.798,23.1957,0.267264,95.335,76.5292,23.1887,0.0718272,53.2687,195.327,0,0,0
900,1,1,380,1,1,1,4326.98,18642.6,378.886,46.3844,0.50112,285.184,13572.1,73.4054,23.1957,0.267264,49.9424,110.857,23.1887,0.0902016,87.5779,184.262,0,0,0
900,1,1,381,1,1,1,4321.16,18671,479.884,46.3844,0.517824,386.458,11804.6,116.604,23.1957,0.302342,93.106,99.5584,23.1887,0.0718272,76.2979,216.162,0,0,0
900,1,1,382,1,1,1,4320.7,18646.6,412.968,46.3844,0.482746,319.383,12970.3,67.3701,23.1957,0.267264,43.9072,107.44,23.1887,0.0718272,84.1795,174.81,0,0,0
900,1,1,383,1,1,1,4322.5,18636,394.571,46.3844,0.482746,300.932,13286.9,66.9947,23.1957,0.267264,43.5318,113.311,23.1887,0.0718272,90.0505,180.306,0,0,0
900,1,1,384,1,1,1,4329.13,18648.2,475.06,46.3844,0.482746,381.656,11867.8,105.524,23.1957,0.267264,82.0606,114.103,23.1887,0.0718272,90.8428,219.627,0,0,0
900,1,1,385,1,1,1,4320.52,18638.6,450.599,46.3844,0.482746,357.123,12293.2,90.847,23.1957,0.267264,67.384,113.407,23.1887,0.0718272,90.1462,204.254,0,0,0
900,1,1,386,1,0,0,-1,-1,877.117,23.1957,0.302342,807.614,264575,-1,-1,-1,-1,-1,-1,-1,-1,-1,0,0,0
900,1,1,387,1,1,1,4318.54,18643.4,481.713,46.3844,0.482746,388.328,11744.7,110.877,23.1957,0.267264,87.4137,115.504,23.1887,0.0718272,92.2433,226.38,0,0,0
900,1,1,388,1,1,1,4323.72,18688.6,502.566,46.3844,0.517824,409.206,11418.9,122.258,23.1957,0.267264,98.7948,119.56,23.1887,0.106906,96.2644,241.818,0,0,0
900,1,1,389,1,1,1,4316.62,18632.4,334.169,46.3844,0.482746,240.354,14357.4,68.9782,23.1957,0.267264,45.5153,102.648,23.1887,0.0718272,79.3877,171.626,0,0,0
900,1,1,390,1,0,0,-1,-1,978.801,23.1957,0.267264,909.628,268119,-1,-1,-1,-1,-1,-1,-1,-1,-1,0,0,0
900,1,1,391,1,1,1,4317.58,18666.7,380.107,46.3844,0.517824,286.391,13574.5,121.058,23.1957,0.302342,97.5603,73.8472,23.1887,0.0718272,50.5867,194.906,0,0,0
900,1,1,392,1,1,1,4316.94,18631.1,314.618,46.3844,0.482746,220.747,14703.7,62.3366,23.1957,0.267264,38.8736,97.3548,23.1887,0.0718272,74.0943,159.691,0,0,0
900,1,1,393,1,1,1,4316.3,18641.7,393.706,46.3844,0.517824,300.03,13307.7,122.446,23.1957,0.302342,98.9482,72.7391,23.1887,0.0718272,49.4786,195.185,0,0,0
900,1,1,394,1,1,1,4351.08,18673.3,483.695,46.3844,0.661478,390.136,11738.8,114.611,23.1957,0.267264,91.1478,111.15,23.1887,0.106906,87.8541,225.76,0,0,0
900,1,1,395,1,1,1,4325.89,18639.4,397.681,46.3844,0.482746,304.051,13235,121.189,23.1957,0.267264,97.7263,73.2643,23.1887,0.0718272,50.0038,194.454,0,0,0
900,1,1,396,1,1,1,4316.62,18647.9,383.948,46.3844,0.482746,290.279,13487.7,120.973,23.1957,0.267264,97.5097,73.9736,23.1887,0.0718272,50.7131,194.946,0,0,0
900,1,1,397,1,1,1,4323.36,24677.3,577.242,52.1883,1.31795,477.655,16177.6,249.122,28.9996,1.10246,218.843,78.0199,23.1887,0.0718272,54.7594,327.142,0,0,0
900,1,1,398,1,1,1,4314.06,18655,373.802,46.3844,0.482746,280.103,13675.2,121.341,23.1957,0.267264,97.8779,71.8836,23.1887,0.0718272,48.6231,193.225,0,0,0
900,1,1,399,1,1,1,4323.03,18675.1,472.541,46.3844,0.748339,378.864,11938.6,114.761,23.1957,0.532858,91.0323,93.4275,23.1887,0.0718272,70.167,208.188,0,0,0
900,1,1,400,1,1,1,4327.85,18641.4,455.488,46.3844,0.6264,361.882,12208.6,94.323,23.1957,0.267264,70.8601,113.334,23.1887,0.0718272,90.074,207.657,0,0,0
900,1,1,401,1,1,1,4321.16,18649.2,412.99,46.3844,0.482746,319.404,12972.5,66.6356,23.1957,0.267264,43.1726,107.355,23.1887,0.0718272,84.0947,173.991,0,0,0
900,1,1,402,1,1,1,4327.3,18692.4,503.129,46.3844,0.873619,409.415,11411.9,121.84,23.1957,0.658138,97.9862,121.734,23.1887,0.0718272,98.4735,243.574,0,0,0
900,1,1,403,1,1,1,4322.21,18636.1,370.407,46.3844,0.482746,276.697,13716.6,73.1329,23.1957,0.267264,49.6699,110.851,23.1887,0.0718272,87.5906,183.984,0,0,0
900,1,1,404,1,1,1,4319.94,18647.9,473.648,46.3844,0.482746,380.239,11892.7,108.139,23.1957,0.267264,84.6758,116.527,23.1887,0.0718272,93.2666,224.666,0,0,0
900,1,1,405,1,1,1,4333.23,24647.4,597.504,52.1883,0.801792,498.491,15788.4,251.87,28.9996,0.551232,222.156,78.9827,23.1887,0.106906,55.6871,330.853,0,0,0
900,1,1,406,1,1,1,4329.86,18664.2,486.228,46.3844,0.552902,392.786,11684.8,107.587,23.1957,0.302342,84.0892,114.429,23.1887,0.106906,91.1334,222.016,0,0,0
900,1,1,407,1,1,1,4318.86,18638.1,454.536,46.3844,0.482746,361.072,12222.7,112.225,23.1957,0.267264,88.7619,77.8882,23.1887,0.0718272,54.6277,190.113,0,0,0
900,1,1,408,1,1,1,4317.58,18633.7,324.248,46.3844,0.482746,230.404,14535,65.7458,23.1957,0.267264,42.2829,98.4828,23.1887,0.0718272,75.2223,164.229,0,0,0
900,1,1,409,1,1,1,4333.33,18647.8,489.871,46.3844,0.482746,396.509,11604.1,112.113,23.1957,0.267264,88.65,119.547,23.1887,0.0718272,96.2861,231.66,0,0,0
900,1,1,410,1,1,1,4315.34,18644.2,424.07,46.3844,0.482746,330.517,12770.6,119.534,23.1957,0.267264,96.0713,76.2007,23.1887,0.0718272,52.9402,195.735,0,0,0
900,1,1,411,1,1,1,4327.05,18688.4,483.733,46.3844,0.678182,390.158,11753.3,116.07,23.1957,0.462701,92.4112,104.22,23.1887,0.0718272,80.9597,220.29,0,0,0
900,1,1,412,1,1,1,4315.02,18631.7,313.319,46.3844,0.482746,219.444,14727.5,61.528,23.1957,0.267264,38.065,96.8494,23.1887,0.0718272,73.5889,158.377,0,0,0
900,1,1,413,1,1,1,4318.22,18631.4,379.044,46.3844,0.482746,285.361,13558.4,71.8244,23.1957,0.267264,48.3614,109.712,23.1887,0.0718272,86.4517,181.537,0,0,0
900,1,1,414,1,1,1,4323.73,18640.3,493.7,46.3844,0.482746,400.35,11528.4,114.472,23.1957,0.267264,91.0088,114.417,23.1887,0.0718272,91.1568,228.889,0,0,0
900,1,1,415,1,1,1,4324.62,18665.1,356.865,46.3844,0.482746,263.116,13986.5,117.026,23.1957,0.267264,93.5626,65.0182,23.1887,0.0718272,41.7577,182.044,0,0,0
900,1,1,416,1,1,1,4318.15,18697.3,422.989,46.3844,0.873619,329.042,12841.9,121.907,23.1957,0.658138,98.053,75.9137,23.1887,0.0718272,52.6532,197.821,0,0,0
900,1,1,417,1,1,1,4328.75,18643.9,350.026,46.3844,0.482746,256.258,14086.9,69.7886,23.1957,0.267264,46.3256,106.431,23.1887,0.0718272,83.1706,176.22,0,0,0
900,1,1,418,1,1,1,4321.89,18650.1,374.983,46.3844,0.482746,281.287,13649.3,75.2102,23.1957,0.267264,51.7472,110.58,23.1887,0.0718272,87.3198,185.791,0,0,0
900,1,1,419,1,1,1,4320.84,18687.5,317.951,46.3844,0.678182,223.894,14700.3,99.9383,23.1957,0.462701,76.2799,50.1141,23.1887,0.0718272,26.8536,150.052,0,0,0
900,1,1,420,1,1,1,4319.82,18681.2,466.556,46.3844,0.517824,373.092,12051.8,100.467,23.1957,0.302342,76.9693,119.366,23.1887,0.0718272,96.1056,219.833,0,0,0
900,1,1,421,1,1,1,4320.92,18641,342.888,46.3844,0.482746,249.098,14210.9,68.9259,23.1957,0.267264,45.4629,107.086,23.1887,0.0718272,83.8257,176.012,0,0,0
900,1,1,422,1,1,1,4317.26,18650.8,373.862,46.3844,0.482746,280.163,13670,121.007,23.1957,0.267264,97.544,71.4162,23.1887,0.0718272,48.1557,192.423,0,0,0
900,1,1,423,1,1,1,4321.47,18642.9,467.346,46.3844,0.482746,373.918,11999.7,99.0029,23.1957,0.267264,75.5399,120.819,23.1887,0.0718272,97.5585,219.822,0,0,0
900,1,1,424,1,1,1,4326.73,18661.5,483.731,46.3844,0.482746,390.351,11727,111.023,23.1957,0.267264,87.5599,112.86,23.1887,0.0718272,89.5993,223.883,0,0,0
900,1,1,425,1,1,1,4321.33,18637.7,462.88,46.3844,0.517824,369.405,12073.7,113.066,23.1957,0.267264,89.6029,80.5438,23.1887,0.106906,57.2483,193.61,0,0,0
900,1,1,426,1,1,1,4322.2,18636.4,326.177,46.3844,0.482746,232.339,14503.4,66.5562,23.1957,0.267264,43.0932,99.5711,23.1887,0.0718272,76.3106,166.127,0,0,0
900,1,1,427,1,1,1,4317.9,18634.9,384.418,46.3844,0.482746,290.75,13466.3,121.02,23.1957,0.267264,97.5567,74.4049,23.1887,0.0718272,51.1444,195.425,0,0,0
900,1,1,428,1,1,1,4317.58,18638,389.475,46.3844,0.482746,295.821,13379.5,66.2945,23.1957,0.267264,42.8315,112.797,23.1887,0.0718272,89.5361,179.091,0,0,0
900,1,1,429,1,1,1,4332.56,18647.7,423.185,46.3844,0.6264,329.486,12789.4,77.3236,23.1957,0.267264,53.8606,103.738,23.1887,0.0718272,80.4778,181.062,0,0,0
900,1,1,430,1,1,1,4327.72,18681.7,485.271,46.3844,0.713261,391.665,11719,109.989,23.1957,0.462701,86.3308,113.563,23.1887,0.106906,90.2671,223.552,0,0,0
900,1,1,431,1,1,1,4333.64,18653.8,502.31,46.3844,0.482746,408.984,11388.9,121.399,23.1957,0.267264,97.9357,122.292,23.1887,0.0718272,99.0312,243.69,0,0,0
900,1,1,432,1,1,1,4330.95,18662.3,483.06,46.3844,0.517824,389.644,11739.4,111.133,23.1957,0.267264,87.67,116.414,23.1887,0.106906,93.1187,227.547,0,0,0
900,1,1,433,1,1,1,4330.47,18655.8,334.983,46.3844,0.517824,241.136,14366.1,69.0494,23.1957,0.302342,45.5513,103.484,23.1887,0.0718272,80.2234,172.533,0,0,0
900,1,1,434,1,1,1,4352.2,18676.4,484.242,46.3844,0.770054,390.577,11731.9,110.557,23.1957,0.267264,87.0942,113.167,23.1887,0.0718272,89.9061,223.724,0,0,0
900,1,1,435,1,1,1,4326.14,18642.8,332.842,46.3844,0.552902,238.954,14390.9,68.2256,23.1957,0.267264,44.7626,101.695,23.1887,0.141984,78.3644,169.921,0,0,0
900,1,1,436,1,1,1,4323.11,18654.1,346.137,46.3844,0.517824,252.322,14166,69.044,23.1957,0.302342,45.5459,107.821,23.1887,0.0718272,84.5603,176.865,0,0,0
900,1,1,437,1,1,1,4344.69,18665.7,450.977,46.3844,0.482746,357.502,12313.6,90.7315,23.1957,0.267264,67.2685,113.188,23.1887,0.0718272,89.9278,203.92,0,0,0
900,1,1,438,1,1,1,4327.82,18682.8,472.791,46.3844,0.552902,379.309,11942.3,104.417,23.1957,0.267264,80.9543,124.076,23.1887,0.141984,100.746,228.494,0,0,0
900,1,1,439,1,1,1,4315.66,18634.2,328.583,46.3844,0.678182,234.557,14458,67.6721,23.1957,0.462701,44.0137,98.9646,23.1887,0.0718272,75.7041,166.637,0,0,0
900,1,1,440,1,1,1,4347.77,18660,482.802,46.3844,0.482746,389.42,11742,109.886,23.1957,0.267264,86.4228,114.943,23.1887,0.0718272,91.682,224.828,0,0,0
900,1,1,441,1,1,1,4317.9,24632.4,375.309,52.1883,0.536198,275.916,19725.5,199.386,28.9996,0.320717,169.75,32.6545,23.1887,0.0718272,9.39398,232.041,0,0,0
900,1,1,442,1,1,1,4315.34,18724.2,405.808,46.3844,0.678182,312.007,13174.8,121.331,23.1957,0.462701,97.6722,75.8903,23.1887,0.0718272,52.6298,197.221,0,0,0
900,1,1,443,1,1,1,4320.33,18652.9,376.665,46.3844,0.482746,282.975,13622.2,120.146,23.1957,0.267264,96.6831,72.934,23.1887,0.0718272,49.6735,193.08,0,0,0
900,1,1,444,1,1,1,4325.45,18664.9,478.445,46.3844,0.482746,385.05,11824.3,107.379,23.1957,0.267264,83.916,114.316,23.1887,0.0718272,91.0558,221.695,0,0,0
900,1,1,445,1,1,1,4323.92,24669.4,607.573,52.1883,1.12251,508.27,15630.8,236.026,28.9996,0.907027,205.906,113.887,23.1887,0.0718272,90.6262,349.913,0,0,0
900,1,1,446,1,1,1,4323.29,18637.2,354.036,46.3844,0.482746,260.279,14008.9,71.9002,23.1957,0.267264,48.4372,107.077,23.1887,0.0718272,83.8167,178.977,0,0,0
900,1,1,447,1,0,0,-1,-1,329.305,23.1957,0.302342,258.209,248342,-1,-1,-1,-1,-1,-1,-1,-1,-1,0,0,0
900,1,1,448,1,1,1,4344.9,18662,394.368,46.3844,0.482746,300.728,13316.5,65.6068,23.1957,0.267264,42.1439,112.809,23.1887,0.0718272,89.5488,178.416,0,0,0
900,1,1,449,1,1,1,4326.02,18645.1,328.135,46.3844,0.482746,234.303,14477.4,67.9224,23.1957,0.267264,44.4594,99.2462,23.1887,0.0718272,75.9857,167.169,0,0,0
900,1,1,450,1,1,1,4338.7,18670.2,474.62,46.3844,0.482746,381.213,11897.7,113.943,23.1957,0.267264,90.48,97.7699,23.1887,0.0718272,74.5094,211.713,0,0,0
900,1,1,451,1,1,1,4333.48,18650.5,489.809,46.3844,0.517824,396.412,11607.7,114.656,23.1957,0.267264,91.1929,110.419,23.1887,0.106906,87.1231,225.075,0,0,0
900,1,1,452,1,1,1,4328.94,18656.6,400.221,46.3844,0.6264,306.455,13206.6,66.9135,23.1957,0.267264,43.4506,113.964,23.1887,0.0718272,90.7038,180.878,0,0,0
900,1,1,453,1,1,1,4334.38,18717.5,424.705,46.3844,0.821837,330.814,12831.7,121.594,23.1957,0.462701,97.9357,76.1339,23.1887,0.0718272,52.8734,197.728,0,0,0
900,1,1,454,1,1,1,4374.89,18688.7,370.345,46.3844,0.6264,276.492,13770,73.5552,23.1957,0.267264,50.0922,110.219,23.1887,0.0718272,86.9589,183.775,0,0,0
900,1,1,455,1,1,1,4342.79,18664.8,410.254,46.3844,0.482746,316.661,13036.8,65.8306,23.1957,0.267264,42.3677,111.512,23.1887,0.0718272,88.2511,177.342,0,0,0
900,1,1,456,1,1,1,4326.45,18653.6,413.023,46.3844,0.517824,319.403,12976.1,66.9612,23.1957,0.302342,43.4632,107.537,23.1887,0.0718272,84.2769,174.499,0,0,0
900,1,1,457,1,1,1,4355.7,18715.5,469.403,46.3844,0.50112,375.963,12035.5,115.423,23.1957,0.267264,91.96,87.528,23.1887,0.0902016,64.2491,202.951,0,0,0
900,1,1,458,1,1,1,4332.67,18657.8,444.074,46.3844,0.482746,350.579,12428.4,86.7266,23.1957,0.267264,63.2637,110.941,23.1887,0.0718272,87.6808,197.668,0,0,0
900,1,1,459,1,1,1,4316.62,18645.3,364.508,46.3844,0.482746,270.781,13830.8,119.02,23.1957,0.267264,95.5569,67.6622,23.1887,0.0718272,44.4017,186.682,0,0,0
900,1,1,460,1,0,0,-1,-1,1109.79,23.1957,0.267264,1041,277449,-1,-1,-1,-1,-1,-1,-1,-1,-1,0,0,0
900,1,1,461,1,1,1,4316.62,18630.5,444.88,46.3844,0.482746,351.387,12386.8,114.961,23.1957,0.267264,91.4979,78.0813,23.1887,0.0718272,54.8208,193.042,0,0,0
900,1,1,462,1,1,1,4317.58,18631.8,416.038,46.3844,0.482746,322.462,12900.9,71.9327,23.1957,0.267264,48.4697,107.169,23.1887,0.0718272,83.9088,179.102,0,0,0
900,1,1,463,1,1,1,4327.75,18651.7,482.23,46.3844,0.482746,388.846,11743.8,109.554,23.1957,0.267264,86.0908,114.266,23.1887,0.0718272,91.0052,223.819,0,0,0
900,1,1,464,1,1,1,4330.38,18649.4,493.187,46.3844,0.482746,399.835,11546.7,113.966,23.1957,0.267264,90.5035,113.15,23.1887,0.0718272,89.8899,227.117,0,0,0
900,1,1,465,1,1,1,4334.15,18659,371.028,46.3844,0.517824,277.286,13728.3,121.762,23.1957,0.302342,98.2641,70.6852,23.1887,0.0718272,47.4247,192.447,0,0,0
900,1,1,466,1,1,1,4328.68,18678.7,369.638,46.3844,0.713261,275.696,13772.2,121.949,23.1957,0.497779,98.2551,69.7612,23.1887,0.0718272,46.5007,191.71,0,0,0
900,1,1,467,1,1,1,4327.37,18693,500.942,46.3844,0.482746,407.612,11452.4,125.766,23.1957,0.267264,102.303,120.897,23.1887,0.0718272,97.6361,246.663,0,0,0
900,1,1,468,1,1,1,4322.73,18635.6,489.686,46.3844,0.482746,396.323,11595.2,108.426,23.1957,0.267264,84.9628,122.095,23.1887,0.0718272,98.8345,230.521,0,0,0
900,1,1,469,1,1,1,4343.75,18656.9,346.704,46.3844,0.482746,252.926,14159,69.3843,23.1957,0.267264,45.9213,107.546,23.1887,0.0718272,84.286,176.931,0,0,0
900,1,1,470,1,1,1,4327.47,18663.4,413.198,46.3844,0.482746,319.614,12983,119.933,23.1957,0.267264,96.4702,77.1681,23.1887,0.0718272,53.9076,197.101,0,0,0
900,1,1,471,1,1,1,4336.09,18679.2,495.591,46.3844,0.517824,402.211,11533.5,116.305,23.1957,0.267264,92.8425,122.312,23.1887,0.106906,99.0167,238.618,0,0,0
900,1,1,472,1,1,1,4318.54,18663.9,366.925,46.3844,0.748339,272.94,13805.5,74.4236,23.1957,0.532858,50.695,109.949,23.1887,0.0718272,86.6882,184.372,0,0,0
900,1,1,473,1,1,1,4323.11,18650.1,400.084,46.3844,0.6264,306.318,13202.6,67.1247,23.1957,0.267264,43.6617,113.744,23.1887,0.0718272,90.4836,180.869,0,0,0
900,1,1,474,1,1,1,4335.45,18652.2,382.17,46.3844,0.482746,288.495,13523.6,71.6872,23.1957,0.267264,48.2243,109.077,23.1887,0.0718272,85.8164,180.764,0,0,0
900,1,1,475,1,1,1,4331.53,18647.3,346.704,46.3844,0.482746,252.926,14149.4,69.8445,23.1957,0.267264,46.3816,106.971,23.1887,0.0718272,83.7102,176.815,0,0,0
900,1,1,476,1,1,1,4322.43,18635.3,380.461,46.3844,0.482746,286.781,13537.1,71.0104,23.1957,0.267264,47.5475,108.712,23.1887,0.0718272,85.4519,179.723,0,0,0
900,1,1,477,1,1,1,4319.18,18666.9,388.943,46.3844,0.517824,295.253,13417.6,120.082,23.1957,0.302342,96.5839,74.0873,23.1887,0.0718272,50.8268,194.169,0,0,0
900,1,1,478,1,1,1,4316.62,18643.2,431.417,46.3844,0.482746,337.886,12638.9,114.977,23.1957,0.267264,91.5142,75.4246,23.1887,0.0718272,52.1641,190.402,0,0,0
900,1,1,479,1,1,1,4317.26,18640.1,333.244,46.3844,0.482746,239.427,14381.5,109.281,23.1957,0.267264,85.8182,57.9993,23.1887,0.0718272,34.7388,167.281,0,0,0
900,1,1,480,1,1,1,4327.75,18665.3,429.764,46.3844,0.517824,336.193,12690.2,80.5839,23.1957,0.302342,57.0858,106.021,23.1887,0.0718272,82.7609,186.605,0,0,0
900,1,1,481,1,1,1,4332.64,18645.5,379.358,46.3844,0.482746,285.675,13566.9,73.6761,23.1957,0.267264,50.2131,110.737,23.1887,0.0718272,87.4769,184.413,0,0,0
900,1,1,482,1,1,1,4338.04,18671.3,472.848,46.3844,0.821837,379.098,11929.4,114.822,23.1957,0.462701,91.1641,92.6713,23.1887,0.0718272,69.4108,207.494,0,0,0
900,1,1,483,1,1,1,4343.23,18659,484.75,46.3844,0.517824,391.338,11706.1,103.883,23.1957,0.267264,80.4201,116.366,23.1887,0.106906,93.0699,220.249,0,0,0
900,1,1,484,1,1,1,4316.94,18653.5,477.922,46.3844,0.482746,384.525,11822.3,116,23.1957,0.267264,92.5375,98.8618,23.1887,0.0718272,75.6013,214.862,0,0,0
900,1,1,485,1,1,1,4335.65,18672,476.883,46.3844,0.482746,383.484,11859.2,105.897,23.1957,0.267264,82.4342,115.829,23.1887,0.0718272,92.5682,221.726,0,0,0
900,1,1,486,1,1,1,4336.74,18653.6,346.53,46.3844,0.482746,252.751,14158.8,69.6803,23.1957,0.267264,46.2173,108.323,23.1887,0.0718272,85.062,178.003,0,0,0
900,1,1,487,1,1,1,4329.99,18653.8,425.501,46.3844,0.50112,331.933,12754.5,77.8019,23.1957,0.267264,54.3389,105.39,23.1887,0.0902016,82.1112,183.192,0,0,0
900,1,1,488,1,1,1,4321.33,18641.2,451.312,46.3844,0.482746,357.838,12283.2,89.8128,23.1957,0.267264,66.3499,113.506,23.1887,0.0718272,90.2454,203.319,0,0,0
900,1,1,489,1,1,1,4324.79,18637.7,394.744,46.3844,0.482746,301.106,13285.5,65.4805,23.1957,0.267264,42.0175,112.291,23.1887,0.0718272,89.0308,177.772,0,0,0
900,1,1,490,1,1,1,4320.78,18669.6,431.456,46.3844,0.517824,337.889,12664.4,116.503,23.1957,0.302342,93.005,77.4244,23.1887,0.0718272,54.1639,193.927,0,0,0
900,1,1,491,1,1,1,4323.53,18671.3,395.496,46.3844,0.482746,301.86,13305.7,65.7169,23.1957,0.267264,42.254,113.212,23.1887,0.0718272,89.9512,178.929,0,0,0
900,1,1,492,0,0,0,-1,-1,451.06,23.206,0.746669,379.863,251604,-1,-1,-1,-1,-1,-1,-1,-1,-1,0,0,0
900,1,1,493,1,1,1,4323.27,36680.8,702.762,63.7961,1.15926,592.409,26149.3,498.655,40.6075,0.943776,456.003,41.1858,23.1887,0.0718272,17.9253,539.841,0,0,0
900,1,1,494,1,1,1,4317.9,18640,488.869,46.3844,0.482746,395.504,11614.1,107.419,23.1957,0.267264,83.9557,121.167,23.1887,0.0718272,97.9068,228.586,0,0,0
900,1,1,495,1,1,1,4317.9,18659.6,367.686,46.3844,0.517824,273.934,13788.3,120.878,23.1957,0.302342,97.3798,68.5465,23.1887,0.0718272,45.286,189.424,0,0,0
900,1,1,496,1,1,1,4320.24,18635.7,291.231,46.3844,0.482746,197.292,15124.2,83.9978,23.1957,0.267264,60.5348,40.5415,23.1887,0.0718272,17.281,124.539,0,0,0
900,1,1,497,1,1,1,4343.6,18668.5,489.087,46.3844,0.517824,395.688,11638.5,108.855,23.1957,0.267264,85.3923,121.289,23.1887,0.106906,97.9934,230.144,0,0,0
900,1,1,498,1,1,1,4318.57,18653.7,475.496,46.3844,0.678182,381.897,11865.1,114.828,23.1957,0.462701,91.1695,97.5713,23.1887,0.0718272,74.3108,212.399,0,0,0
900,1,1,499,1,0,0,-1,-1,949.527,23.1957,0.337421,880.199,267049,-1,-1,-1,-1,-1,-1,-1,-1,-1,0,0,0
900,1,1,500,1,1,1,4314.76,24678,460.46,52.1883,0.75001,361.101,18256.2,240.349,28.9996,0.516154,210.629,51.9481,23.1887,0.0902016,28.6692,292.297,0,0,0
900,1,1,501,1,1,1,4317.26,18657.8,420.694,46.3844,0.678182,326.936,12843.7,121.294,23.1957,0.462701,97.6361,76.2151,23.1887,0.0718272,52.9546,197.51,0,0,0
900,1,1,502,1,1,1,4316.3,18656.6,494.804,46.3844,0.482746,401.456,11525.2,115.262,23.1957,0.267264,91.7993,115.424,23.1887,0.0718272,92.1639,230.687,0,0,0
900,1,1,503,1,1,2,10326.9,24672,621.217,69.5741,0.519494,505.647,15692.1,121.628,23.1957,0.267264,98.1649,239.783,46.3784,0.108576,193.296,361.411,1,0,0
900,1,1,504,1,1,2,10345.7,24707.5,645.209,69.5741,0.785088,529.443,15300,107.817,23.1957,0.497779,84.1235,273.496,46.3784,0.143654,226.973,381.313,1,0,0
900,1,1,505,1,1,1,4322.1,18636.6,343.291,46.3844,0.482746,249.503,14199.4,69.2146,23.1957,0.267264,45.7517,107.137,23.1887,0.0718272,83.8763,176.351,0,0,0
900,1,1,506,1,1,1,4328.4,18643.2,407.242,46.3844,0.482746,313.64,13068.8,66.3306,23.1957,0.267264,42.8676,113.331,23.1887,0.0718272,90.0703,179.661,0,0,0
900,1,1,507,1,1,1,4321.58,18639.8,495.793,46.3844,0.482746,402.449,11490.8,116.067,23.1957,0.267264,92.6043,116.646,23.1887,0.0718272,93.3858,232.714,0,0,0
900,1,1,508,1,1,1,4327.99,18649,386.396,46.3844,0.482746,292.733,13445.3,116.163,23.1957,0.267264,92.6999,72.1056,23.1887,0.0718272,48.8451,188.269,0,0,0
900,1,1,509,1,1,1,4328.21,18671.8,465.828,46.3844,0.517824,372.361,12055.3,98.5651,23.1957,0.302342,75.067,120.637,23.1887,0.0718272,97.3762,219.202,0,0,0
900,1,1,510,1,1,1,4334.39,18652.7,432.846,46.3844,0.482746,339.319,12622.9,81.6858,23.1957,0.267264,58.2228,107.851,23.1887,0.0718272,84.591,189.537,0,0,0
900,1,1,511,1,1,1,4339.19,18674.2,413.589,46.3844,0.482746,320.005,12986.9,119.796,23.1957,0.267264,96.333,77.5164,23.1887,0.0718272,54.2559,197.312,0,0,0
900,1,1,512,1,0,0,-1,-1,1014.94,23.1957,0.267264,945.876,270101,-1,-1,-1,-1,-1,-1,-1,-1,-1,0,0,0
900,1,1,513,1,1,1,4355.24,18707,458.479,46.3844,0.731635,364.777,12220.4,111.812,23.1957,0.372499,88.2439,76.8216,23.1887,0.0718272,53.561,188.634,0,0,0
900,1,1,514,1,1,1,4342.54,18656.5,472.414,46.3844,0.6264,378.858,11922.8,102.954,23.1957,0.267264,79.4906,124.217,23.1887,0.0718272,100.957,227.171,0,0,0
900,1,1,515,1,1,1,4320.3,18679.4,491.831,46.3844,0.748339,398.209,11599.9,115.276,23.1957,0.497779,91.5828,111.971,23.1887,0.106906,88.6752,227.247,0,0,0
900,1,1,516,1,1,1,4361.22,18690.6,500.79,46.3844,0.517824,407.425,11452.4,123.383,23.1957,0.302342,99.8849,121.16,23.1887,0.0718272,97.8996,244.543,0,0,0
900,1,1,517,1,1,1,4320.01,18634.2,383.131,46.3844,0.482746,289.459,13488.5,69.5449,23.1957,0.267264,46.082,108.965,23.1887,0.0718272,85.7045,178.51,0,0,0
900,1,1,518,1,1,1,4320.26,18643,474.224,46.3844,0.517824,380.782,11877.2,106.846,23.1957,0.302342,83.3475,120.018,23.1887,0.0718272,96.7571,226.863,0,0,0
900,1,1,519,1,1,1,4315.34,18638.4,385.419,46.3844,0.482746,291.753,13452.1,120.364,23.1957,0.267264,96.9015,75.1666,23.1887,0.0718272,51.906,195.531,0,0,0
900,1,1,520,1,1,1,4319.12,18634.1,349.058,46.3844,0.482746,255.287,14094.3,69.5774,23.1957,0.267264,46.1144,106.312,23.1887,0.0718272,83.0515,175.889,0,0,0
900,1,1,521,1,1,1,4334.28,18660.2,497.191,46.3844,0.6264,403.707,11485.9,115.01,23.1957,0.267264,91.5467,118.868,23.1887,0.0718272,95.6075,233.878,0,0,0
900,1,1,522,1,1,1,4336.33,18668.2,482.741,46.3844,0.552902,389.288,11750.8,110.27,23.1957,0.337421,86.7369,116.074,23.1887,0.0718272,92.8136,226.344,0,0,0
900,1,1,523,1,1,1,4328.43,18692.1,499.848,46.3844,0.482746,406.515,11471,120.772,23.1957,0.267264,97.3094,122.283,23.1887,0.0718272,99.0222,243.055,0,0,0
900,1,1,524,1,1,1,4317.58,18633.8,343.993,46.3844,0.482746,250.207,14184.1,69.1172,23.1957,0.267264,45.6542,107.433,23.1887,0.0718272,84.1723,176.55,0,0,0
900,1,1,525,1,1,1,4367.21,18678.8,474.424,46.3844,0.770054,380.73,11909,105.17,23.1957,0.267264,81.7069,113.304,23.1887,0.0718272,90.0433,218.474,0,0,0
900,1,1,526,1,1,1,4353.65,18690,480.921,46.3844,0.713261,387.303,11804.7,109.633,23.1957,0.497779,85.9392,114.845,23.1887,0.0718272,91.5846,224.478,0,0,0
900,1,1,527,1,1,1,4367.85,18829.2,477.487,52.1883,1.15759,377.77,12103.6,123.629,28.9996,0.942106,93.6872,87.2407,23.1887,0.0718272,63.9802,210.87,0,0,0
900,1,1,528,1,1,1,4345.49,18727.7,324.694,46.3844,0.552902,230.782,14620.6,103.201,23.1957,0.267264,79.7379,52.7706,23.1887,0.141984,29.4399,155.971,0,0,0
900,1,1,529,1,1,1,4322.11,18658.3,474.263,46.3844,0.482746,380.856,11892.1,113.781,23.1957,0.267264,90.3176,97.6959,23.1887,0.0718272,74.4354,211.476,0,0,0
900,1,1,530,1,1,1,4316.62,18654.1,401.987,46.3844,0.482746,308.37,13173.1,119.744,23.1957,0.267264,96.2807,73.9086,23.1887,0.0718272,50.6481,193.652,0,0,0
900,1,1,531,1,1,1,4332.01,18650.5,367.059,46.3844,0.661478,273.162,13790,72.8792,23.1957,0.302342,49.3811,109.331,23.1887,0.0718272,86.0709,182.211,0,0,0
900,1,1,532,1,1,1,4316.62,18683.9,458.248,46.3844,0.678182,364.598,12202,112.081,23.1957,0.462701,88.4226,77.7601,23.1887,0.0718272,54.4995,189.841,0,0,0
900,1,1,533,1,1,1,4319.94,18686.6,409.757,46.3844,0.713261,315.932,13066.7,120.113,23.1957,0.497779,96.4196,76.6519,23.1887,0.0718272,53.3914,196.765,0,0,0
900,1,1,534,1,1,1,4334.98,18676.4,482.279,46.3844,0.517824,388.86,11767.4,111.042,23.1957,0.302342,87.5436,114.396,23.1887,0.0718272,91.1352,225.437,0,0,0
900,1,1,535,1,1,2,10330.1,30678.1,732.315,75.3781,0.643104,611.3,19821.8,246.338,28.9996,0.390874,216.764,225.695,46.3784,0.108576,179.208,472.033,1,0,0
900,1,1,536,1,1,1,4328.21,18684.1,502.741,46.3844,0.482746,409.417,11411.5,121.245,23.1957,0.267264,97.7823,120.691,23.1887,0.0718272,97.4303,241.936,0,0,0
900,1,1,537,1,1,1,4335.73,18674.3,485.052,46.3952,0.536198,391.613,11715.9,113.632,23.2065,0.320717,90.1046,114.246,23.1887,0.0718272,90.9854,227.878,0,0,0
900,1,1,538,1,1,1,4325.7,18647.6,412.155,46.3844,0.482746,318.567,12985.8,119.404,23.1957,0.267264,95.9414,76.9497,23.1887,0.0718272,53.6892,196.354,0,0,0
900,1,1,539,1,1,1,4342.23,18682.5,485.574,46.3844,0.517824,392.165,11714.9,113.698,23.1957,0.267264,90.2346,114.146,23.1887,0.106906,90.85,227.843,0,0,0
900,1,1,540,1,1,1,4318.57,18648.7,473.157,46.3844,0.482746,379.746,11902.2,112.907,23.1957,0.267264,89.4441,96.7863,23.1887,0.0718272,73.5257,209.693,0,0,0
900,1,1,541,1,1,1,4333.55,18647.4,383.304,46.3844,0.482746,289.632,13498.6,69.8932,23.1957,0.267264,46.4303,109.236,23.1887,0.0718272,85.9753,179.129,0,0,0
900,1,1,542,1,1,1,4331.23,18659.3,502.684,46.3844,0.482746,409.359,11387.7,120.899,23.1957,0.267264,97.4357,120.772,23.1887,0.0718272,97.5115,241.671,0,0,0
900,1,1,543,1,1,1,4316.62,18653,366.322,46.3844,0.517824,272.566,13806,119.921,23.1957,0.302342,96.4232,68.2903,23.1887,0.0718272,45.0298,188.212,0,0,0
900,1,1,544,1,1,1,4321.55,18649.7,495.247,46.3844,0.587981,401.795,11509.7,115.799,23.1957,0.372499,92.2307,116.567,23.1887,0.0718272,93.3064,232.366,0,0,0
900,1,1,545,0,0,0,-1,-1,574.155,23.206,0.907027,503.157,255262,-1,-1,-1,-1,-1,-1,-1,-1,-1,0,0,0
900,1,1,546,1,1,1,4329.54,18644,420.624,46.3844,0.482746,327.06,12831.7,75.5314,23.1957,0.267264,52.0685,104.442,23.1887,0.0718272,81.1817,179.974,0,0,0
900,1,1,547,1,1,1,4316.62,18646.6,480.706,46.3844,0.517824,387.283,11765.6,110.396,23.1957,0.302342,86.8975,114.056,23.1887,0.0718272,90.7959,224.452,0,0,0
900,1,1,548,1,1,1,4349.67,18691,502.805,46.3844,0.6264,409.338,11416.8,121.014,23.1957,0.267264,97.5512,122.081,23.1887,0.0718272,98.82,243.095,0,0,0
900,1,1,549,1,0,0,-1,-1,864.968,23.1957,0.267264,795.464,264056,-1,-1,-1,-1,-1,-1,-1,-1,-1,0,0,0
900,1,1,550,1,1,1,4319.24,18680.6,425.144,46.3844,0.678182,331.399,12787.4,120.737,23.1957,0.462701,97.0784,76.8468,23.1887,0.0718272,53.5863,197.584,0,0,0
900,1,1,551,1,1,1,4316.01,18630.8,438.68,46.3844,0.482746,345.17,12497.4,84.6078,23.1957,0.267264,61.1448,109.357,23.1887,0.0718272,86.0962,193.964,0,0,0
900,1,1,552,1,1,1,4322.02,18649.9,434.484,46.3844,0.482746,340.961,12591.1,113.079,23.1957,0.267264,89.6155,76.1592,23.1887,0.0718272,52.8987,189.238,0,0,0
900,1,1,553,1,0,0,-1,-1,694.567,23.1957,0.267264,624.567,258527,-1,-1,-1,-1,-1,-1,-1,-1,-1,0,0,0
900,1,1,554,1,1,1,4328.67,18672.6,326.629,46.3844,0.517824,232.758,14531.4,104.171,23.1957,0.302342,80.6728,56.0591,23.1887,0.0718272,32.7986,160.23,0,0,0
900,1,1,555,1,1,1,4320.1,18645.3,482.62,46.3844,0.482746,389.238,11730.5,111.232,23.1957,0.267264,87.7692,115.417,23.1887,0.0718272,92.1567,226.649,0,0,0
900,1,1,556,1,1,1,4315.34,18642.7,455.886,46.3844,0.482746,362.425,12203.3,112.017,23.1957,0.267264,88.5543,77.3016,23.1887,0.0718272,54.0411,189.319,0,0,0
900,1,1,557,1,1,1,4319.18,18635.9,311.978,46.3844,0.482746,218.099,14755.5,97.7612,23.1957,0.267264,74.2982,48.5873,23.1887,0.0718272,25.3268,146.348,0,0,0
900,1,1,558,1,1,1,4329.57,18680,307.622,46.3844,0.678182,213.535,14876.5,95.8233,23.1957,0.462701,72.1649,46.8835,23.1887,0.0718272,23.623,142.707,0,0,0
900,1,1,559,1,1,1,4325.54,18651,488.541,46.3844,0.482746,395.175,11630.9,108.855,23.1957,0.267264,85.3923,120.555,23.1887,0.0718272,97.295,229.411,0,0,0
900,1,1,560,1,1,1,4320.9,18641.3,388.49,46.3844,0.482746,294.834,13400.3,119.135,23.1957,0.267264,95.6724,73.6812,23.1887,0.0718272,50.4207,192.817,0,0,0
900,1,1,561,1,1,1,4328.71,18653,328.305,46.3844,0.517824,234.438,14482,67.9224,23.1957,0.267264,44.4594,99.4563,23.1887,0.106906,76.1608,167.379,0,0,0
900,1,1,562,1,1,1,4329.86,18661.3,492.937,46.3844,0.482746,399.585,11563,113.347,23.1957,0.267264,89.8845,118.872,23.1887,0.0718272,95.6111,232.219,0,0,0
900,1,1,563,1,1,1,4318.38,18649.3,334.502,46.3844,0.482746,240.688,14368.4,69.1894,23.1957,0.267264,45.7264,102.991,23.1887,0.0718272,79.7306,172.181,0,0,0
900,1,1,564,1,1,1,4317.07,18631.6,378.465,46.3844,0.482746,284.779,13568.8,73.64,23.1957,0.267264,50.177,111.133,23.1887,0.0718272,87.8721,184.773,0,0,0
900,1,1,565,1,1,1,4334.55,18717.7,469.156,46.3844,0.552902,375.664,12041.8,115.48,23.1957,0.337421,91.9473,87.0205,23.1887,0.0718272,63.76,202.501,0,0,0
900,1,1,566,1,1,1,4339.85,18669.1,478.393,46.3844,0.482746,384.998,11829.5,106.969,23.1957,0.267264,83.5063,114.085,23.1887,0.0718272,90.8248,221.055,0,0,0
900,1,1,567,1,1,1,4318.86,18635.1,328.5,46.3844,0.482746,234.669,14460.8,67.5903,23.1957,0.267264,44.1274,99.1812,23.1887,0.0718272,75.9207,166.772,0,0,0
900,1,1,568,1,1,1,4334.09,18665.3,473.246,46.3844,0.482746,379.836,11917.2,105.98,23.1957,0.267264,82.5173,112.919,23.1887,0.0718272,89.6589,218.9,0,0,0
900,1,1,569,1,1,1,4327.62,18648.6,351.29,46.3844,0.482746,257.525,14069.1,69.9817,23.1957,0.267264,46.5187,105.888,23.1887,0.0718272,82.6274,175.87,0,0,0
900,1,1,570,1,1,1,4331.21,18654.1,490.012,46.3844,0.517824,396.616,11607.6,110.997,23.1957,0.302342,87.4985,120.362,23.1887,0.0718272,97.1018,231.359,0,0,0
900,1,1,571,1,1,1,4316.62,18657.4,352.394,46.3844,0.517824,258.597,14058,117.452,23.1957,0.302342,93.9543,63.5509,23.1887,0.0718272,40.2904,181.003,0,0,0
900,1,1,572,1,1,1,4357.55,18695.1,502.714,46.3844,0.482746,409.39,11423,122.26,23.1957,0.267264,98.7966,120.541,23.1887,0.0718272,97.2805,242.801,0,0,0
900,1,1,573,1,1,1,4324.49,18643.2,409.627,46.3844,0.517824,315.997,13026.1,66.5074,23.1957,0.267264,43.0445,112.002,23.1887,0.106906,88.7059,178.509,0,0,0
900,1,1,574,1,1,1,4336.52,18655.7,394.068,46.3844,0.517824,300.393,13315.3,65.8379,23.1957,0.267264,42.3749,113.198,23.1887,0.106906,89.9025,179.036,0,0,0
900,1,1,575,1,1,1,4356.36,18675.1,466.862,46.3844,0.517824,373.399,12040.3,99.5822,23.1957,0.267264,76.1192,122.561,23.1887,0.106906,99.2658,222.144,0,0,0
900,1,1,576,1,1,1,4313.74,18627.6,477.796,46.3844,0.482746,384.399,11798.6,115.571,23.1957,0.267264,92.108,99.1884,23.1887,0.0718272,75.9279,214.759,0,0,0
900,1,1,577,1,1,2,10329.9,24651.8,593.852,69.5741,0.554573,478.167,16158.3,116.13,23.1957,0.267264,92.6675,215.524,46.3784,0.143654,169.001,331.654,1,0,0
900,1,1,578,1,1,1,4319.3,18644.3,484.899,46.3844,0.678182,391.328,11688.5,104.865,23.1957,0.462701,81.207,115.013,23.1887,0.0718272,91.7524,219.878,0,0,0
900,1,1,579,1,1,1,4318.86,18651.3,429.575,46.3844,0.482746,336.038,12679.8,116.051,23.1957,0.267264,92.588,77.4298,23.1887,0.0718272,54.1693,193.481,0,0,0
900,1,1,580,1,1,1,4317.26,18632.7,346.289,46.3844,0.482746,252.51,14142.1,69.8553,23.1957,0.267264,46.3924,108.209,23.1887,0.0718272,84.9483,178.064,0,0,0
900,1,1,581,1,1,1,4321.99,18646.4,375.984,46.3844,0.517824,282.256,13627.5,75.0503,23.1957,0.302342,51.5523,110.927,23.1887,0.0718272,87.6664,185.977,0,0,0
900,1,1,582,1,1,1,4321.54,18635.7,339.267,46.3844,0.482746,245.467,14270,70.0846,23.1957,0.267264,46.6216,103.825,23.1887,0.0718272,80.5645,173.91,0,0,0
900,1,1,583,1,1,1,4315.66,18658.6,478.464,46.3844,0.517824,385.034,11817.4,116.212,23.1957,0.302342,92.7144,98.8708,23.1887,0.0718272,75.6103,215.083,0,0,0
900,1,1,584,1,1,1,4318.66,18642.2,376.278,46.3844,0.517824,282.55,13618.2,74.6822,23.1957,0.302342,51.1841,110.802,23.1887,0.0718272,87.5418,185.485,0,0,0
900,1,1,585,1,1,1,4353.84,18693.7,410.303,46.3844,0.552902,316.64,13064.4,66.6183,23.1957,0.302342,43.1203,112.37,23.1887,0.106906,89.0741,178.988,0,0,0
900,1,1,586,1,1,1,4334.63,24662.5,595.959,52.1883,0.87529,496.869,15831,250.703,28.9996,0.481075,221.054,76.9992,23.1887,0.106906,53.7036,327.702,0,0,0
900,1,1,587,1,1,1,4354.81,18712.5,442.468,46.3844,0.552902,348.899,12511.2,86.7274,23.1957,0.302342,63.2294,110.171,23.1887,0.106906,86.8759,196.899,0,0,0
900,1,1,588,1,0,0,-1,-1,738.021,23.1957,0.302342,668.113,260122,-1,-1,-1,-1,-1,-1,-1,-1,-1,0,0,0
900,1,1,589,1,1,1,4353.33,18699.1,469.56,46.3844,0.6264,375.996,12016.2,102.712,23.1957,0.267264,79.2488,123.741,23.1887,0.0718272,100.48,226.453,0,0,0
900,1,1,590,1,1,1,4316.3,18637.2,501.158,46.3844,0.482746,407.829,11392.8,124.602,23.1957,0.267264,101.139,120.814,23.1887,0.0718272,97.553,245.416,0,0,0
900,1,1,591,1,1,1,4345.23,18674.5,473.309,46.3844,0.482746,379.9,11925.2,115.668,23.1957,0.267264,92.2054,92.9511,23.1887,0.0718272,69.6905,208.619,0,0,0
900,1,1,592,1,1,1,4317.24,24687.1,550.078,52.1991,0.75001,450.969,16671.9,249.703,29.0104,0.534528,219.98,76.3252,23.1887,0.0718272,53.0647,326.028,0,0,0
900,1,1,593,1,1,1,4322.76,18675.1,381.868,46.3844,0.552902,288.122,13551.4,121.582,23.1957,0.302342,98.0837,74.2234,23.1887,0.106906,50.9278,195.805,0,0,0
900,1,1,594,1,0,0,-1,-1,727.445,23.1957,0.267264,657.541,259789,-1,-1,-1,-1,-1,-1,-1,-1,-1,0,0,0
900,1,1,595,1,1,1,4331.02,18678.8,322.39,46.3844,0.713261,228.311,14612.5,101.498,23.1957,0.462701,77.8392,51.6057,23.1887,0.106906,28.3101,153.103,0,0,0
900,1,1,596,1,1,1,4324.17,18648.7,454.849,46.3844,0.482746,361.386,12227.8,112.104,23.1957,0.267264,88.6409,78.417,23.1887,0.0718272,55.1565,190.521,0,0,0
900,1,1,597,1,1,1,4355.16,18698.9,482.271,46.3844,0.482746,388.887,11790.3,110.61,23.1957,0.267264,87.1466,115.849,23.1887,0.0718272,92.588,226.458,0,0,0
900,1,1,598,1,1,1,4322.31,18657.1,480.94,46.3844,0.482746,387.552,11772.2,115.28,23.1957,0.267264,91.8174,102.347,23.1887,0.0718272,79.0863,217.627,0,0,0
900,1,1,599,1,1,1,4324.88,18668.1,477.245,46.3844,0.554573,383.774,11848.2,105.994,23.1957,0.302342,82.4956,116.326,23.1887,0.108576,93.0284,222.319,0,0,0
900,1,1,600,1,1,1,4335.75,18681.3,457.999,46.3844,0.678182,364.349,12203.8,111.669,23.1957,0.462701,88.0111,77.4532,23.1887,0.0718272,54.1927,189.123,0,0,0
900,1,1,601,1,1,1,4314.38,18648.6,483.079,46.3844,0.552902,389.627,11725.2,114.197,23.1957,0.337421,90.6641,111.892,23.1887,0.0718272,88.6319,226.09,0,0,0
900,1,1,602,1,1,1,4322.85,18649.1,456.057,46.3844,0.678182,362.402,12206.1,93.0981,23.1957,0.462701,69.4397,114.092,23.1887,0.0718272,90.832,207.191,0,0,0
900,1,1,603,1,1,1,4328.17,18656.9,479.179,46.3844,0.6264,385.642,11802.8,108.049,23.1957,0.267264,84.5856,114.168,23.1887,0.0718272,90.9078,222.217,0,0,0
900,1,1,604,1,1,1,4327.02,18642.1,358.802,46.3844,0.6264,264.916,13928.7,69.9221,23.1957,0.267264,46.4592,107.198,23.1887,0.0718272,83.9376,177.12,0,0,0
900,1,1,605,1,1,1,4324.39,18656.6,490.201,46.3844,0.6264,396.697,11606.5,108.576,23.1957,0.267264,85.1126,121.173,23.1887,0.0718272,97.9122,229.748,0,0,0
900,1,1,606,1,0,0,-1,-1,812.572,23.1957,0.302342,742.881,262463,-1,-1,-1,-1,-1,-1,-1,-1,-1,0,0,0
900,1,1,607,1,1,1,4332.07,18689.7,456.83,46.3844,0.587981,363.267,12232.8,93.729,23.1957,0.337421,70.1959,113.752,23.1887,0.106906,90.4566,207.481,0,0,0
900,1,1,608,1,1,1,4319.29,18633.5,410.236,46.3844,0.482746,316.643,13005.8,67.0092,23.1957,0.267264,43.5462,112.275,23.1887,0.0718272,89.0145,179.284,0,0,0
900,1,1,609,1,1,1,4317.58,24642.3,547.969,52.1883,0.801792,448.812,16664.1,248.576,28.9996,0.58631,218.816,75.9823,23.1887,0.0718272,52.7218,324.558,0,0,0
900,1,1,610,1,1,1,4339.65,18655.2,472.448,46.3844,0.50112,379.017,11921.1,114.055,23.1957,0.267264,90.5919,94.684,23.1887,0.0902016,71.4051,208.739,0,0,0
900,1,1,611,1,1,1,4325.26,18671.2,374.317,46.3844,0.678182,280.424,13681.8,121.405,23.1957,0.462701,97.7462,71.6707,23.1887,0.0718272,48.4102,193.075,0,0,0
900,1,1,612,1,1,1,4317,18642.5,501.212,46.3844,0.482746,407.883,11397.1,122.687,23.1957,0.267264,99.2243,119.388,23.1887,0.0718272,96.1273,242.075,0,0,0
900,1,1,613,1,1,1,4327.05,18645.9,501.836,46.3844,0.482746,408.509,11389.4,120.238,23.1957,0.267264,96.7752,120.209,23.1887,0.0718272,96.9484,240.447,0,0,0
900,1,1,614,1,1,1,4321.16,18636.3,419.211,46.3844,0.482746,325.644,12849,75.4701,23.1957,0.267264,52.0071,105.482,23.1887,0.0718272,82.2213,180.952,0,0,0
900,1,1,615,1,1,1,4336.78,18648.4,491.8,46.3844,0.482746,398.444,11570.3,112.16,23.1957,0.267264,88.6969,118.816,23.1887,0.0718272,95.5551,230.976,0,0,0
900,1,1,616,1,1,1,4339.12,18664.3,399.891,46.3844,0.517824,306.233,13220.3,66.6609,23.1957,0.267264,43.1979,114.842,23.1887,0.106906,91.5467,181.503,0,0,0
900,1,1,617,1,1,1,4315.66,18662.7,379.695,46.3844,0.678182,285.817,13577.7,121.168,23.1957,0.462701,97.5097,73.6758,23.1887,0.0718272,50.4153,194.844,0,0,0
900,1,1,618,1,1,1,4320.78,18659.1,426.242,46.3844,0.482746,332.695,12746.8,116.497,23.1957,0.267264,93.0338,76.0238,23.1887,0.0718272,52.7633,192.521,0,0,0
900,1,1,619,1,1,1,4329.05,18768,471.118,46.3844,1.21271,376.972,12055.9,117.751,23.1957,0.853574,93.7016,86.8454,23.1887,0.0718272,63.5849,204.596,0,0,0
900,1,1,620,1,1,1,4326.54,18640.3,376.16,46.3844,0.482746,282.467,13618.5,74.2627,23.1957,0.267264,50.7997,110.627,23.1887,0.0718272,87.3668,184.89,0,0,0
900,1,1,621,1,1,1,4328.71,18643.4,443.836,46.3844,0.482746,350.341,12418.3,86.8999,23.1957,0.267264,63.4369,110.544,23.1887,0.0718272,87.2837,197.444,0,0,0
900,1,1,622,1,1,1,4323.72,18694.3,486.157,46.3844,0.678182,392.589,11716.1,114.985,23.1957,0.462701,91.3265,114.116,23.1887,0.0718272,90.8554,229.101,0,0,0
900,1,1,623,1,1,1,4317.38,18637.9,337.185,46.3844,0.482746,243.379,14309.3,68.731,23.1957,0.267264,45.268,103.612,23.1887,0.0718272,80.3515,172.343,0,0,0
900,1,1,624,1,1,1,4324.62,18653.5,379.171,46.3844,0.517824,285.453,13577.9,73.8313,23.1957,0.267264,50.3684,110.267,23.1887,0.106906,86.9715,184.098,0,0,0
900,1,1,625,1,1,1,4330.09,18723.8,391.99,46.3844,0.821837,298.005,13419.7,121.592,23.1957,0.462701,97.9339,72.2301,23.1887,0.0718272,48.9696,193.822,0,0,0
900,1,1,626,1,1,1,4318.46,18647.4,483.718,46.3844,0.482746,390.339,11713.1,114.463,23.1957,0.267264,90.9998,112.234,23.1887,0.0718272,88.973,226.696,0,0,0
900,1,1,627,1,1,1,4313.74,24667.7,483.884,52.1883,0.731635,384.612,17829.6,256.232,28.9996,0.516154,226.56,60.443,23.1887,0.0718272,37.1825,316.675,0,0,0
900,1,1,628,1,1,1,4316.62,24642.2,604.318,52.1883,0.96215,505.165,15661.8,253.247,28.9996,0.746669,223.34,83.8115,23.1887,0.0718272,60.551,337.059,0,0,0
900,1,1,629,1,1,1,4345.38,18669.6,476.154,46.3844,0.6264,382.609,11869.4,107.599,23.1957,0.267264,84.1362,120.853,23.1887,0.0718272,97.5928,228.452,0,0,0
900,1,1,630,1,1,1,4316.62,18634.4,487.166,46.3844,0.482746,393.797,11638.7,113.786,23.1957,0.267264,90.323,115.011,23.1887,0.0718272,91.7506,228.797,0,0,0
900,1,1,631,1,1,1,4319.82,18649.4,422.342,46.3844,0.482746,328.784,12806.5,121.298,23.1957,0.267264,97.8346,75.9986,23.1887,0.0718272,52.7381,197.296,0,0,0
900,1,1,632,1,1,1,4320.26,18635.1,407.264,46.3844,0.482746,313.662,13060.3,65.6213,23.1957,0.267264,42.1583,113.896,23.1887,0.0718272,90.6353,179.517,0,0,0
900,1,1,633,1,0,0,-1,-1,744.962,23.1957,0.302342,675.075,260434,-1,-1,-1,-1,-1,-1,-1,-1,-1,0,0,0
900,1,1,634,1,1,1,4341.87,18657.6,320.497,46.3844,0.482746,226.643,14625.7,64.0078,23.1957,0.267264,40.5448,98.2355,23.1887,0.0718272,74.975,162.243,0,0,0
900,1,1,635,1,1,1,4316.62,24666.3,579.101,52.1883,0.696557,480.14,16135.3,248.169,28.9996,0.481075,218.509,78.1427,23.1887,0.0718272,54.8822,326.311,0,0,0
900,1,1,636,1,1,1,4328.38,18648.4,486.542,46.3844,0.482746,393.17,11663.9,106.312,23.1957,0.267264,82.8493,114.567,23.1887,0.0718272,91.3066,220.879,0,0,0
900,1,1,637,1,1,1,4335.05,18676.9,473.638,46.3844,0.623059,380.089,11920.8,106.686,23.1957,0.372499,83.1183,114.185,23.1887,0.106906,90.8897,220.872,0,0,0
900,1,1,638,1,1,1,4322.27,18671,298.309,46.3844,0.517824,204.356,15033.3,88.8643,23.1957,0.302342,65.3662,44.3586,23.1887,0.0718272,21.0981,133.223,0,0,0
900,1,1,639,1,1,1,4338.85,18659.1,496.285,46.3844,0.482746,402.941,11501.3,116.316,23.1957,0.267264,92.8534,116.96,23.1887,0.0718272,93.6998,233.277,0,0,0
900,1,1,640,1,1,1,4325.51,18653,379.232,46.3844,0.678182,285.353,13576.1,71.7076,23.1957,0.462701,48.0492,109.669,23.1887,0.0718272,86.4084,181.377,0,0,0
900,1,1,641,1,1,1,4333.1,18650.1,391.9,46.3844,0.6264,298.11,13348.1,65.8361,23.1957,0.267264,42.3731,112.309,23.1887,0.0718272,89.0488,178.145,0,0,0
900,1,1,642,1,1,1,4320.85,18642.5,485.061,46.3844,0.482746,391.685,11684.3,104.215,23.1957,0.267264,80.7522,116.074,23.1887,0.0718272,92.8136,220.289,0,0,0
900,1,1,643,1,1,1,4320.95,18641.6,481.085,46.3844,0.482746,387.698,11754.1,110.398,23.1957,0.267264,86.9354,113.067,23.1887,0.0718272,89.8068,223.466,0,0,0
900,1,1,644,1,1,1,4339.56,18671.1,495.681,46.3844,0.552902,402.266,11523.6,115.765,23.1957,0.302342,92.2668,117.055,23.1887,0.106906,93.7594,232.82,0,0,0
900,1,1,645,1,1,1,4316.3,18632.4,416.747,46.3844,0.482746,323.173,12888.9,71.8731,23.1957,0.267264,48.4102,107.509,23.1887,0.0718272,84.2481,179.382,0,0,0
900,1,1,646,1,1,1,4323.72,18649.3,421.761,46.3844,0.552902,328.131,12816.2,118.767,23.1957,0.337421,95.2339,75.9336,23.1887,0.0718272,52.6731,194.701,0,0,0
900,1,1,647,1,1,1,4318.5,24698,461.125,52.1991,1.17596,361.332,18263.4,240.465,29.0104,0.96048,210.288,52.2997,23.1887,0.0718272,29.0392,292.765,0,0,0
900,1,1,648,1,1,1,4336.71,18667.3,480.808,46.3844,0.482746,387.42,11784.7,110.101,23.1957,0.267264,86.6376,114.515,23.1887,0.0718272,91.2543,224.615,0,0,0
900,1,1,649,1,1,1,4317.26,18632.4,423.247,46.3844,0.482746,329.692,12773.4,115.482,23.1957,0.267264,92.0195,75.32,23.1887,0.0718272,52.0595,190.802,0,0,0
900,1,1,650,1,1,1,4326.15,24720.4,537.509,52.1883,1.3881,437.736,16926.8,255.366,28.9996,1.17262,225.028,74.5944,23.1887,0.0718272,51.3339,329.96,0,0,0
900,1,1,651,1,1,1,4319.18,18656.7,456.363,46.3844,0.678182,362.709,12208.3,93.5709,23.1957,0.462701,69.9125,113.241,23.1887,0.0718272,89.9801,206.812,0,0,0
900,1,1,652,1,1,1,4316.62,18647.5,341.098,46.3844,0.517824,247.268,14249,112.516,23.1957,0.302342,89.0182,60.6993,23.1887,0.0718272,37.4388,173.215,0,0,0
900,1,1,653,1,1,1,4341.53,18717,502.442,46.3844,0.943776,408.655,11448.3,126.175,23.1957,0.658138,102.321,121.429,23.1887,0.141984,98.0981,247.604,0,0,0
900,1,1,654,1,1,1,4316.3,18636.7,441.085,46.3844,0.482746,347.581,12460.5,113.216,23.1957,0.267264,89.7527,78.9386,23.1887,0.0718272,55.6781,192.154,0,0,0
900,1,1,655,1,1,1,4316.62,24643.4,331.075,52.1883,0.766714,231.323,20522.3,178.198,28.9996,0.551232,148.268,24.8812,23.1887,0.0718272,1.62071,203.079,0,0,0
900,1,1,656,1,1,1,4323.59,18655.4,439.987,46.3844,0.482746,346.48,12498.7,113.129,23.1957,0.267264,89.6661,77.2385,23.1887,0.0718272,53.978,190.368,0,0,0
900,1,1,657,1,1,1,4349.16,18696.1,487.569,46.3844,0.891994,393.791,11692,107.374,23.1957,0.532858,83.6453,115.137,23.1887,0.0718272,91.877,222.511,0,0,0
900,1,1,658,1,1,1,4316.79,18631,326.159,46.3844,0.482746,232.321,14498.4,66.8431,23.1957,0.267264,43.3802,98.9286,23.1887,0.0718272,75.668,165.772,0,0,0
900,1,1,659,1,1,1,4324.81,18743.1,471.462,46.3952,0.891994,377.627,12025.7,117.736,23.2065,0.676512,93.8532,87.0584,23.1887,0.0718272,63.7979,204.795,0,0,0
900,1,1,660,1,1,1,4317.26,18640.5,437.291,46.3844,0.482746,343.776,12531.7,113.156,23.1957,0.267264,89.6931,76.8883,23.1887,0.0718272,53.6278,190.044,0,0,0
900,1,1,661,1,1,1,4335.45,18655.8,338.182,46.3844,0.482746,244.379,14309.4,67.9044,23.1957,0.267264,44.4414,104.774,23.1887,0.0718272,81.5138,172.679,0,0,0
900,1,1,662,1,1,1,4324.48,18640.9,352.916,46.3844,0.6264,259.012,14032.1,70.9653,23.1957,0.267264,47.5023,106.065,23.1887,0.0718272,82.8042,177.03,0,0,0
900,1,1,663,1,1,1,4316.62,18691.3,427.05,46.3844,0.678182,333.31,12764.2,117.387,23.1957,0.462701,93.7287,76.143,23.1887,0.0718272,52.8824,193.53,0,0,0
900,1,1,664,1,1,1,4329.26,18656.9,482.961,46.3844,0.517824,389.544,11735.8,111.246,23.1957,0.302342,87.7476,115.65,23.1887,0.0718272,92.3895,226.896,0,0,0
900,1,1,665,1,1,1,4327.18,18645,405.889,46.3844,0.517824,312.248,13094.4,68.1181,23.1957,0.302342,44.6201,113.827,23.1887,0.0718272,90.5667,181.945,0,0,0
900,1,1,666,1,1,1,4331.78,18684.8,409.98,46.3844,0.519494,316.349,13061.3,66.9117,23.1957,0.267264,43.4488,111.868,23.1887,0.108576,88.5706,178.78,0,0,0
900,1,1,667,1,1,2,10325.5,24647.7,640.01,69.5741,0.519494,524.495,15333.6,109.561,23.1957,0.267264,86.098,270.802,46.3784,0.108576,224.315,380.363,1,0,0
900,1,1,668,1,1,1,4329.5,18659.1,474.29,46.3844,0.482746,380.883,11892.5,106.848,23.1957,0.267264,83.3854,120.472,23.1887,0.0718272,97.2119,227.321,0,0,0
900,1,1,669,1,1,1,4317.58,18650.8,351.346,46.3844,0.482746,257.581,14070.3,116.971,23.1957,0.267264,93.5085,63.1592,23.1887,0.0718272,39.8987,180.131,0,0,0
900,1,1,670,1,1,1,4329.54,18643.4,366.413,46.3844,0.482746,272.693,13795,73.113,23.1957,0.267264,49.65,109.618,23.1887,0.0718272,86.3579,182.731,0,0,0
900,1,1,671,1,1,1,4320.26,18644.8,440.593,46.3844,0.482746,347.088,12477.3,85.6528,23.1957,0.267264,62.1898,109.239,23.1887,0.0718272,85.9789,194.892,0,0,0
900,1,1,672,1,1,1,4318.66,18661.9,387.757,46.3844,0.678182,293.903,13433.5,117.974,23.1957,0.462701,94.3152,71.9287,23.1887,0.0718272,48.6682,189.902,0,0,0
900,1,1,673,1,1,1,4342.35,18661.1,447.833,46.3844,0.482746,354.349,12364.9,89.4302,23.1957,0.267264,65.9672,111.687,23.1887,0.0718272,88.4262,201.117,0,0,0
900,1,1,674,1,1,1,4318.54,18644.4,396.848,46.3844,0.482746,303.215,13254.8,121.949,23.1957,0.267264,98.4861,72.9665,23.1887,0.0718272,49.706,194.916,0,0,0
900,1,1,675,1,1,1,4323.15,18665.3,485.03,46.3844,0.552902,391.584,11707.2,115.34,23.1957,0.337421,91.8066,105.543,23.1887,0.0718272,82.2826,220.883,0,0,0
900,1,1,676,1,1,1,4320.43,18652.1,346.568,46.3844,0.482746,252.789,14156.6,69.7164,23.1957,0.267264,46.2534,107.911,23.1887,0.0718272,84.6505,177.627,0,0,0
900,1,1,677,1,1,1,4326.09,18646.4,348.919,46.3844,0.552902,255.078,14108.6,70.2109,23.1957,0.267264,46.7479,105.409,23.1887,0.141984,82.0787,175.62,0,0,0
900,1,1,678,1,1,1,4331.73,18717.6,405.533,46.3844,0.517824,311.891,13173.4,121.654,23.1957,0.302342,98.1559,75.5546,23.1887,0.0718272,52.2941,197.208,0,0,0
900,1,1,679,1,1,1,4319.2,18663,360.606,46.3844,0.482746,266.869,13917.8,119.152,23.1957,0.267264,95.6887,66.5216,23.1887,0.0718272,43.2611,185.673,0,0,0
900,1,1,680,1,1,1,4322.18,18641.1,482.521,46.3844,0.482746,389.138,11728.1,111.008,23.1957,0.267264,87.5454,115.868,23.1887,0.0718272,92.6079,226.877,0,0,0
900,1,1,681,1,1,1,4328.33,18641.9,325.353,46.3844,0.482746,231.513,14523.6,103.029,23.1957,0.267264,79.5664,54.0035,23.1887,0.0718272,30.743,157.033,0,0,0
900,1,1,682,1,1,1,4315.34,18627.9,430.017,46.3844,0.482746,336.481,12648.5,81.5324,23.1957,0.267264,58.0694,105.269,23.1887,0.0718272,82.0083,186.801,0,0,0
900,1,1,683,1,1,1,4327.75,18650.2,477.137,46.3844,0.482746,383.738,11832.9,107.069,23.1957,0.267264,83.6056,114.535,23.1887,0.0718272,91.2742,221.603,0,0,0
900,1,1,684,1,1,1,4356.43,18670.7,443.193,46.3844,0.6264,349.552,12456.6,86.8096,23.1957,0.267264,63.3467,110.447,23.1887,0.0718272,87.1863,197.256,0,0,0
900,1,1,685,1,1,1,4315.32,24648.2,596.527,52.1883,0.571277,497.742,15807.3,250.974,28.9996,0.355795,221.451,77.5236,23.1887,0.0718272,54.2631,328.498,0,0,0
900,1,1,686,1,1,1,4327.82,18653.5,419.396,46.3844,0.482746,325.83,12863,120.509,23.1957,0.267264,97.0459,76.5075,23.1887,0.0718272,53.247,197.016,0,0,0
900,1,1,687,1,1,1,4316.94,18650.5,439.834,46.3844,0.482746,346.327,12496.6,112.754,23.1957,0.267264,89.2907,77.455,23.1887,0.0718272,54.1945,190.209,0,0,0
900,1,1,688,1,1,1,4316.94,18677.1,325.769,46.3844,0.517824,231.895,14551.2,103.996,23.1957,0.302342,80.4977,54.7489,23.1887,0.0718272,31.4883,158.745,0,0,0
900,1,1,689,1,1,1,4315.02,18632.8,482.246,46.3844,0.482746,388.862,11724.6,109.036,23.1957,0.267264,85.5728,114.813,23.1887,0.0718272,91.5521,223.848,0,0,0
900,1,1,690,1,1,1,4322.24,18636.4,339.389,46.3844,0.482746,245.59,14268.5,69.6207,23.1957,0.267264,46.1578,105.392,23.1887,0.0718272,82.131,175.012,0,0,0
900,1,1,691,1,1,1,4327.41,18656.9,384.199,46.3844,0.517824,290.495,13492,69.9265,23.1957,0.302342,46.4285,108.794,23.1887,0.0718272,85.5331,178.72,0,0,0
900,1,1,692,1,1,1,4315.98,18645.2,481.846,46.3844,0.517824,388.425,11743.9,111.11,23.1957,0.302342,87.6122,112.954,23.1887,0.0718272,89.6931,224.064,0,0,0
900,1,1,693,1,1,1,4349.43,18690,483.224,46.3844,0.678182,389.647,11764,113.676,23.1957,0.462701,90.018,112.353,23.1887,0.0718272,89.0921,226.029,0,0,0
900,1,1,694,1,1,1,4324.36,24659.8,616.323,52.1883,0.696557,517.47,15466.9,234.776,28.9996,0.481075,205.079,116.426,23.1887,0.0718272,93.1656,351.202,0,0,0
900,1,1,695,1,1,1,4317.61,18631.8,393.157,46.3844,0.482746,299.514,13307.8,67.4532,23.1957,0.267264,43.9902,112.898,23.1887,0.0718272,89.6372,180.351,0,0,0
900,1,1,696,1,1,1,4324.39,18647.5,472.206,46.3844,0.482746,378.793,11917.9,104.484,23.1957,0.267264,81.0211,120.765,23.1887,0.0718272,97.5043,225.249,0,0,0
900,1,1,697,1,1,1,4338.89,18677.9,441.501,46.3844,0.517824,347.964,12494.1,86.2275,23.1957,0.302342,62.7294,109.46,23.1887,0.0718272,86.1991,195.687,0,0,0
900,1,1,698,1,1,1,4315.72,18680.5,421.996,46.3844,0.517824,328.401,12843.5,120.326,23.1957,0.302342,96.8275,74.9373,23.1887,0.0718272,51.6768,195.263,0,0,0
900,1,1,699,1,1,1,4332.62,18647.7,406.852,46.3844,0.517824,313.214,13080,67.0651,23.1957,0.267264,43.6022,113.568,23.1887,0.106906,90.2725,180.633,0,0,0
900,1,1,700,1,1,1,4349.06,18698.3,442.456,46.3844,0.678182,348.761,12497.2,86.673,23.1957,0.462701,63.0146,109.936,23.1887,0.0718272,86.6755,196.609,0,0,0
900,1,1,701,1,1,1,4326.19,18642,453.84,46.3844,0.482746,360.373,12238.9,93.5181,23.1957,0.267264,70.0551,112.934,23.1887,0.0718272,89.6733,206.452,0,0,0
900,1,1,702,1,1,1,4317.69,18633.1,434.801,46.3844,0.482746,341.279,12568.7,82.8319,23.1957,0.267264,59.3689,107.839,23.1887,0.0718272,84.5783,190.671,0,0,0
900,1,1,703,1,1,1,4325.16,18639.9,430.857,46.3844,0.6264,337.18,12645.1,82.4655,23.1957,0.267264,59.0025,104.796,23.1887,0.0718272,81.5354,187.261,0,0,0
900,1,1,704,1,1,1,4322.25,18668,431.381,46.3844,0.482746,337.85,12664.3,117.298,23.1957,0.267264,93.8352,77.0129,23.1887,0.0718272,53.7524,194.311,0,0,0
900,1,1,705,1,1,1,4331.08,18668,422.907,46.3844,0.482746,329.351,12815,121.37,23.1957,0.267264,97.9068,75.7315,23.1887,0.0718272,52.471,197.101,0,0,0
900,1,1,706,1,1,1,4318.54,18641.3,354.25,46.3844,0.482746,260.494,14009.2,69.9348,23.1957,0.267264,46.4718,107.222,23.1887,0.0718272,83.9611,177.156,0,0,0
900,1,1,707,1,1,1,4330.66,18644.2,339.634,46.3844,0.482746,245.835,14272,69.1009,23.1957,0.267264,45.638,104.587,23.1887,0.0718272,81.3261,173.688,0,0,0
900,1,1,708,1,1,1,4317.26,18647.2,328.972,46.3844,0.482746,235.142,14464.6,67.8809,23.1957,0.267264,44.4179,99.1397,23.1887,0.0718272,75.8792,167.021,0,0,0
900,1,1,709,1,1,1,4316.94,18630.9,296.011,46.3844,0.482746,202.085,15034.4,86.7104,23.1957,0.267264,63.2474,43.0718,23.1887,0.0718272,19.8113,129.782,0,0,0
900,1,1,710,1,1,3,16330.2,30652.9,614.032,92.7639,0.556243,475.852,22200.2,65.9209,23.1957,0.267264,42.4579,390.562,69.5682,0.145325,320.848,456.483,2,0,0
900,1,1,711,1,1,1,4320.78,18640,373.023,46.3844,0.482746,279.322,13674,123.149,23.1957,0.267264,99.6863,71.4721,23.1887,0.0718272,48.2116,194.621,0,0,0
900,1,1,712,1,1,1,4319.62,18635.4,316.533,46.3844,0.482746,222.667,14674,63.3797,23.1957,0.267264,39.9168,98.4232,23.1887,0.0718272,75.1627,161.803,0,0,0
900,1,1,713,1,1,1,4317.58,18691.3,393.889,46.3844,0.482746,300.248,13354.3,122.861,23.1957,0.267264,99.3976,72.694,23.1887,0.0718272,49.4335,195.554,0,0,0
900,1,1,714,1,1,1,4319.5,18635.6,451.509,46.3844,0.482746,358.036,12274,90.9589,23.1957,0.267264,67.4959,112.919,23.1887,0.0718272,89.6589,203.878,0,0,0
900,1,1,715,1,1,1,4328.91,18656.7,465.877,46.3844,0.482746,372.446,12039.7,98.5932,23.1957,0.267264,75.1302,121.88,23.1887,0.0718272,98.6197,220.473,0,0,0
900,1,1,716,1,1,1,4332.98,18656.2,495.011,46.3844,0.517824,401.629,11520.9,114.49,23.1957,0.267264,91.0269,117.625,23.1887,0.106906,94.3297,232.115,0,0,0
900,1,1,717,1,1,1,4316.3,18632.1,418.768,46.3844,0.482746,325.2,12852.7,75.2716,23.1957,0.267264,51.8086,105.505,23.1887,0.0718272,82.2447,180.777,0,0,0
900,1,1,718,1,1,1,4328.89,18662.7,488.185,46.3844,0.517824,394.784,11648.7,113.699,23.1957,0.267264,90.2364,115.624,23.1887,0.106906,92.3282,229.323,0,0,0
900,1,1,719,1,1,1,4347.88,18688.9,503.043,46.3844,0.6264,409.576,11410.5,121.115,23.1957,0.267264,97.6523,119.982,23.1887,0.0718272,96.721,241.097,0,0,0
900,1,1,720,1,1,1,4346.38,18669.8,466.379,46.3844,0.552902,372.879,12043.4,99.0624,23.1957,0.267264,75.5995,122.199,23.1887,0.141984,98.8687,221.262,0,0,0
900,1,1,721,1,1,1,4316.62,18629.2,464.186,46.3844,0.482746,370.749,12042.2,112.319,23.1957,0.267264,88.8557,83.4271,23.1887,0.0718272,60.1666,195.746,0,0,0
900,1,1,722,1,1,1,4339.38,18703.4,480.541,46.3844,0.678182,386.956,11825.1,109.659,23.1957,0.462701,86.0005,114.665,23.1887,0.0718272,91.4041,224.324,0,0,0
900,1,1,723,1,1,1,4315.34,24632.1,341.562,52.1883,0.731635,241.876,20324.8,185.19,28.9996,0.516154,155.317,26.991,23.1887,0.0718272,3.73052,212.181,0,0,0
900,1,1,724,1,1,1,4314.38,18628.4,361.454,46.3844,0.482746,267.719,13868.2,118.592,23.1957,0.267264,95.1292,66.7778,23.1887,0.0718272,43.5173,185.37,0,0,0
900,1,1,725,1,1,1,4326.61,18648.1,492.477,46.3844,0.517824,399.088,11557.8,113.059,23.1957,0.267264,89.5957,118.84,23.1887,0.106906,95.5443,231.899,0,0,0
900,1,1,726,1,1,1,4339.36,18683.6,444.101,46.3844,0.482746,350.606,12453.8,115.641,23.1957,0.267264,92.1784,78.5506,23.1887,0.0718272,55.29,194.192,0,0,0
900,1,1,727,1,1,1,4355.98,18692.4,468.537,46.3844,0.770054,374.826,12027.2,100.788,23.1957,0.267264,77.3249,120.279,23.1887,0.0718272,97.0188,221.067,0,0,0
900,1,1,728,1,1,1,4320.78,18660.8,399.173,46.3844,0.482746,305.547,13229.8,121.749,23.1957,0.267264,98.2858,73.8509,23.1887,0.0718272,50.5903,195.6,0,0,0
900,1,1,729,1,1,1,4324.86,18638.4,364.76,46.3844,0.482746,271.034,13819.4,71.7323,23.1957,0.267264,48.2694,110.56,23.1887,0.0718272,87.3,182.293,0,0,0
900,1,1,730,1,1,1,4323.73,18643.2,370.846,46.3844,0.517824,277.104,13715.7,121.628,23.1957,0.267264,98.1649,70.7763,23.1887,0.106906,47.4807,192.404,0,0,0
900,1,1,731,1,1,1,4324.49,18640.9,446.332,46.3844,0.482746,352.844,12371.4,88.84,23.1957,0.267264,65.3771,111.468,23.1887,0.0718272,88.2078,200.308,0,0,0
900,1,1,732,1,1,1,4316.42,18644.6,415.961,46.3844,0.482746,322.384,12915.1,71.514,23.1957,0.267264,48.051,106.628,23.1887,0.0718272,83.3673,178.142,0,0,0
900,1,1,733,1,1,1,4314.99,18637.2,439.539,46.3844,0.482746,346.031,12488.5,112.727,23.1957,0.267264,89.2636,77.2583,23.1887,0.0718272,53.9978,189.985,0,0,0
900,1,1,734,1,1,1,4321.69,18649.7,379.421,46.3844,0.482746,285.738,13570,120.303,23.1957,0.267264,96.8402,74.1071,23.1887,0.0718272,50.8466,194.41,0,0,0
900,1,1,735,1,1,1,4326.54,18649.5,382.456,46.3844,0.482746,288.782,13515.8,71.5122,23.1957,0.267264,48.0492,108.555,23.1887,0.0718272,85.2948,180.068,0,0,0
900,1,1,736,1,1,1,4317.9,18640.1,346.215,46.3844,0.482746,252.436,14150.8,69.9709,23.1957,0.267264,46.5079,107.972,23.1887,0.0718272,84.7119,177.943,0,0,0
900,1,1,737,1,1,1,4355.09,18681.5,403.21,46.3844,0.536198,309.543,13178.3,67.4666,23.1957,0.302342,43.9685,115.389,23.1887,0.0902016,92.1098,182.855,0,0,0
900,1,1,738,1,1,1,4337.03,18665,483.576,46.3844,0.678182,390.001,11732.7,114.055,23.1957,0.462701,90.397,112.08,23.1887,0.0718272,88.8196,226.136,0,0,0
900,1,1,739,1,1,1,4325.9,18672.8,387.884,46.3844,0.482746,294.226,13442.6,117.107,23.1957,0.267264,93.6439,72.5785,23.1887,0.0718272,49.318,189.685,0,0,0
900,1,1,740,1,1,1,4331.53,18709.2,489.059,46.3844,0.552902,395.625,11679.4,116.504,23.1957,0.267264,93.041,108.718,23.1887,0.141984,85.3869,225.222,0,0,0
900,1,1,741,1,1,1,4329.54,18647,432.803,46.3844,0.552902,339.205,12617.5,81.1516,23.1957,0.267264,57.6886,107.756,23.1887,0.141984,84.4249,188.907,0,0,0
900,1,1,742,1,1,1,4325.55,18673,376.935,46.3844,0.482746,283.245,13637.5,120.531,23.1957,0.267264,97.0676,72.8564,23.1887,0.0718272,49.5959,193.387,0,0,0
900,1,1,743,1,1,1,4316.62,18634.4,395.681,46.3844,0.482746,302.046,13265.6,121.622,23.1957,0.267264,98.1595,72.9142,23.1887,0.0718272,49.6537,194.537,0,0,0
900,1,1,744,1,1,1,4317.58,18636,381.148,46.3844,0.482746,287.47,13525.6,120.713,23.1957,0.267264,97.2498,73.5819,23.1887,0.0718272,50.3214,194.295,0,0,0
900,1,1,745,1,1,1,4327.75,18640.3,493.687,46.3844,0.517824,400.301,11528.5,113.701,23.1957,0.267264,90.2382,119.975,23.1887,0.106906,96.6795,233.676,0,0,0
900,1,1,746,1,1,1,4318.22,24670.6,602.519,52.1883,0.641434,503.682,15722.6,254.96,28.9996,0.425952,225.374,79.989,23.1887,0.0718272,56.7285,334.949,0,0,0
900,1,1,747,1,1,1,4333.74,18648.5,443.463,46.3844,0.6264,349.823,12429.6,114.925,23.1957,0.267264,91.4618,78.1968,23.1887,0.0718272,54.9363,193.122,0,0,0
900,1,1,748,1,1,1,4330.76,18661,480.318,46.3844,0.517824,386.893,11786.8,111.327,23.1957,0.302342,87.8288,114.094,23.1887,0.0718272,90.8338,225.421,0,0,0
900,1,1,749,1,1,1,4318.76,18637.7,369.62,46.3844,0.482746,275.909,13732.3,121.918,23.1957,0.267264,98.4554,69.7612,23.1887,0.0718272,46.5007,191.68,0,0,0
900,1,1,750,1,1,1,4323.66,18668.5,422.036,46.3844,0.482746,328.477,12831,119.998,23.1957,0.267264,96.5351,75.2857,23.1887,0.0718272,52.0252,195.284,0,0,0
900,1,1,751,1,1,1,4322.42,18649.6,477.435,46.3844,0.517824,384.002,11826.8,107.394,23.1957,0.302342,83.8961,114.271,23.1887,0.0718272,91.0106,221.665,0,0,0
900,1,1,752,1,0,0,-1,-1,1081.82,23.1957,0.267264,1012.95,275273,-1,-1,-1,-1,-1,-1,-1,-1,-1,0,0,0
900,1,1,753,1,1,1,4334.29,18652.4,403.517,46.3844,0.482746,309.904,13144.2,67.0038,23.1957,0.267264,43.5408,113.787,23.1887,0.0718272,90.527,180.791,0,0,0
900,1,1,754,1,1,2,10339.1,24654.5,593.542,69.5741,0.806803,477.604,16165.9,85.0103,23.1957,0.267264,61.5473,264.345,46.3784,0.25223,217.715,349.356,1,0,0
900,1,1,755,1,1,1,4323.46,18648.1,485.586,46.3844,0.482746,392.212,11680.6,113.645,23.1957,0.267264,90.1822,113.463,23.1887,0.0718272,90.2021,227.108,0,0,0
900,1,1,756,1,1,1,4317.83,18634.4,436.839,46.3844,0.482746,343.323,12533.6,112.723,23.1957,0.267264,89.26,76.7097,23.1887,0.0718272,53.4492,189.433,0,0,0
900,1,1,757,1,1,1,4313.74,18630.9,405.899,46.3844,0.482746,312.294,13080.3,65.3885,23.1957,0.267264,41.9255,113.76,23.1887,0.0718272,90.4999,179.149,0,0,0
900,1,1,758,1,1,1,4319.59,18650.5,446.044,46.3844,0.482746,352.555,12386.1,113.948,23.1957,0.267264,90.4855,78.3177,23.1887,0.0718272,55.0572,192.266,0,0,0
900,1,1,759,1,1,1,4334.24,18679.4,502.339,46.3844,0.517824,408.979,11413.7,121.611,23.1957,0.302342,98.1125,119.7,23.1887,0.0718272,96.4395,241.311,0,0,0
900,1,1,760,1,1,1,4346.31,18686.9,470.508,46.3844,0.482746,377.089,11987.5,104.217,23.1957,0.267264,80.754,121.783,23.1887,0.0718272,98.5222,226,0,0,0
900,1,1,761,1,1,1,4336.53,18651.7,493.348,46.3844,0.517824,399.962,11545.8,113.829,23.1957,0.267264,90.3663,113.294,23.1887,0.106906,89.9982,227.123,0,0,0
900,1,1,762,1,1,1,4315.66,18674,484.154,46.3844,0.482746,390.775,11731.9,112.29,23.1957,0.267264,88.8268,112.235,23.1887,0.0718272,88.9748,224.525,0,0,0
900,1,1,763,1,1,1,4319.62,18633.5,346.355,46.3844,0.482746,252.576,14141.7,69.1731,23.1957,0.267264,45.7102,107.667,23.1887,0.0718272,84.4069,176.841,0,0,0
900,1,1,764,1,1,1,4315.34,18632.8,423.74,46.3844,0.482746,330.186,12765,115.123,23.1957,0.267264,91.6604,75.5564,23.1887,0.0718272,52.2959,190.68,0,0,0
900,1,1,765,1,1,1,4360.01,18687.6,408.885,46.3844,0.661478,315.109,13083.3,66.5435,23.1957,0.267264,43.0806,114.07,23.1887,0.106906,90.7742,180.613,0,0,0
900,1,1,766,1,1,1,4339.4,18672.7,373.957,46.3844,0.482746,280.258,13690.1,123.46,23.1957,0.267264,99.9967,71.8421,23.1887,0.0718272,48.5816,195.302,0,0,0
900,1,1,767,1,1,1,4335.66,18661.1,490.91,46.3844,0.696557,397.338,11598,113.646,23.1957,0.302342,90.148,119.443,23.1887,0.106906,96.1471,233.089,0,0,0
900,1,1,768,1,1,1,4314.06,18630.6,319.679,46.3844,0.482746,225.822,14613.2,99.261,23.1957,0.267264,75.798,50.4697,23.1887,0.0718272,27.2092,149.731,0,0,0
900,1,1,769,1,1,1,4323.18,24683.3,607.28,52.1883,0.96215,508.136,15650.3,235.682,28.9996,0.746669,205.718,113.768,23.1887,0.0718272,90.5071,349.449,0,0,0
900,1,1,770,1,1,1,4320.58,18676.1,460.4,46.3844,0.517824,366.918,12156.1,96.4029,23.1957,0.302342,72.9049,115.71,23.1887,0.0718272,92.4491,212.113,0,0,0
900,1,1,771,1,1,1,4334.79,18668.3,369.06,46.3844,0.482746,275.348,13772.8,121.155,23.1957,0.267264,97.692,69.8983,23.1887,0.0718272,46.6378,191.053,0,0,0
900,1,1,772,1,1,1,4325.29,18648.2,498.862,46.3844,0.482746,405.526,11444.6,119.937,23.1957,0.267264,96.4738,122.169,23.1887,0.0718272,98.9085,242.106,0,0,0
900,1,1,773,1,1,1,4327.11,18663.3,464.268,46.3844,0.552902,370.762,12074.3,97.5534,23.1957,0.337421,74.0203,119.272,23.1887,0.0718272,96.0118,216.826,0,0,0
900,1,1,774,1,1,1,4327.75,18644.1,495.032,46.3844,0.482746,401.685,11508.6,114.753,23.1957,0.267264,91.2904,116.2,23.1887,0.0718272,92.94,230.954,0,0,0
900,1,1,775,1,1,1,4359.49,18674.6,482.398,46.3844,0.788429,388.709,11762.8,110.812,23.1957,0.267264,87.3487,114.322,23.1887,0.0902016,91.0431,225.134,0,0,0
900,1,1,776,1,1,1,4341.76,18676.3,481.751,46.3844,0.482746,388.366,11777,113.328,23.1957,0.267264,89.8646,110.283,23.1887,0.0718272,87.022,223.61,0,0,0
900,1,1,777,1,1,1,4317.26,18633,452.818,46.3844,0.482746,359.348,12248.2,112.302,23.1957,0.267264,88.8395,77.2403,23.1887,0.0718272,53.9798,189.543,0,0,0
900,1,1,778,1,1,1,4338.47,18676.3,474.533,46.3844,0.482746,381.127,11905.3,108.684,23.1957,0.267264,85.2209,117.182,23.1887,0.0718272,93.9218,225.866,0,0,0
900,1,1,779,1,1,1,4317.26,18636,489.066,46.3844,0.482746,395.702,11606.6,109.429,23.1957,0.267264,85.9662,118.962,23.1887,0.0718272,95.7013,228.391,0,0,0
900,1,1,780,1,1,1,4313.74,18652.8,462.76,46.3844,0.482746,369.32,12091.1,114.613,23.1957,0.267264,91.1496,80.2254,23.1887,0.0718272,56.9649,194.838,0,0,0
900,1,1,781,1,1,1,4316.94,18654.3,489.934,46.3844,0.678182,396.377,11609,114.66,23.1957,0.462701,91.0016,110.575,23.1887,0.0718272,87.3144,225.235,0,0,0
900,1,1,782,1,1,1,4316.26,18635.8,500.837,46.3844,0.482746,407.508,11397.1,122.234,23.1957,0.267264,98.7713,119.402,23.1887,0.0718272,96.1417,241.636,0,0,0
900,1,1,783,1,1,1,4341.1,18655.9,475.371,46.3844,0.6264,381.823,11869.6,107.431,23.1957,0.267264,83.9683,119.933,23.1887,0.0718272,96.6723,227.364,0,0,0
900,1,1,784,1,1,1,4319.69,18634.5,457.175,46.3844,0.482746,363.718,12172.2,113.275,23.1957,0.267264,89.8123,77.8936,23.1887,0.0718272,54.6331,191.169,0,0,0
900,1,1,785,1,1,1,4368.25,18681.1,409.222,46.3844,0.6264,315.483,13071.1,66.0599,23.1957,0.267264,42.5969,113.986,23.1887,0.0718272,90.7255,180.046,0,0,0
900,1,1,786,1,1,1,4317.35,18637.7,416.706,46.3844,0.482746,323.131,12895,71.6782,23.1957,0.267264,48.2152,107.252,23.1887,0.0718272,83.9918,178.93,0,0,0
900,1,1,787,1,1,1,4330.98,18692.3,502.803,46.3844,0.517824,409.444,11418.4,121.32,23.1957,0.302342,97.822,121.812,23.1887,0.0718272,98.5511,243.132,0,0,0
900,1,1,788,1,1,1,4333.42,18650.8,387.286,46.3844,0.6264,293.482,13430.8,67.8683,23.1957,0.267264,44.4053,109.938,23.1887,0.0718272,86.6773,177.806,0,0,0
900,1,1,789,1,1,1,4317.26,18633,471.758,46.3844,0.482746,378.344,11911.4,104.52,23.1957,0.267264,81.0572,120.355,23.1887,0.0718272,97.0946,224.875,0,0,0
900,1,1,790,1,1,1,4316.94,30641.3,706.123,57.9922,0.75001,601.834,19951.2,378.731,34.8035,0.534528,342.773,78.2365,23.1887,0.0718272,54.976,456.968,0,0,0
900,1,1,791,1,1,1,4316.3,18681.9,293.852,46.3844,0.517824,199.885,15123.5,87.2129,23.1957,0.302342,63.7149,41.6009,23.1887,0.0718272,18.3404,128.814,0,0,0
900,1,1,792,1,1,1,4317.26,18629.5,351.004,46.3844,0.482746,257.238,14055.1,70.2524,23.1957,0.267264,46.7894,106.173,23.1887,0.0718272,82.9125,176.425,0,0,0
900,1,1,793,1,1,1,4323.37,18675.8,431.788,46.3844,0.482746,338.257,12664.9,117.666,23.1957,0.267264,94.2033,77.2493,23.1887,0.0718272,53.9888,194.916,0,0,0
900,1,1,794,1,1,1,4315.98,18668.8,482.856,46.3844,0.713261,389.243,11749.1,113.603,23.1957,0.497779,89.9097,112.566,23.1887,0.0718272,89.3051,226.169,0,0,0
900,1,1,795,1,1,1,4325.16,18660.2,493.907,46.3844,0.6264,400.413,11544.3,113.979,23.1957,0.267264,90.5161,119.305,23.1887,0.0718272,96.0442,233.284,0,0,0
900,1,1,796,1,1,1,4323.34,18655,482.613,46.3844,0.482746,389.23,11740.3,110.099,23.1957,0.267264,86.6358,115.48,23.1887,0.0718272,92.2199,225.579,0,0,0
900,1,1,797,1,1,1,4320.99,18636.8,393.121,46.3844,0.482746,299.478,13313.5,67.0471,23.1957,0.267264,43.5841,112.486,23.1887,0.0718272,89.2257,179.533,0,0,0
900,1,1,798,1,1,1,4317.13,18630.7,291.251,46.3844,0.482746,197.312,15118.8,84.1728,23.1957,0.267264,60.7099,41.128,23.1887,0.0718272,17.8675,125.301,0,0,0
900,1,1,799,1,1,1,4317.9,18638.9,393.968,46.3844,0.482746,300.328,13300.5,66.9947,23.1957,0.267264,43.5318,113.118,23.1887,0.0718272,89.8574,180.113,0,0,0
900,1,1,800,1,1,2,10319.6,24638.5,477.917,69.5741,0.519494,361.931,18206.7,68.4007,23.1957,0.267264,44.9377,248.173,46.3784,0.108576,201.686,316.574,1,0,0
900,1,1,801,1,1,1,4320.58,18653,332.583,46.3844,0.482746,238.764,14406.2,108.794,23.1957,0.267264,85.3309,57.7629,23.1887,0.0718272,34.5024,166.557,0,0,0
900,1,1,802,1,1,2,4375.21,18724.1,504.633,69.5741,0.733306,388.51,11787.5,111.698,23.1957,0.267264,88.2349,138.715,46.3784,0.322387,92.0141,250.413,1,0,0
900,1,1,803,1,1,1,4325.51,18639.7,443.926,46.3844,0.482746,350.431,12412.9,86.8872,23.1957,0.267264,63.4243,110.283,23.1887,0.0718272,87.022,197.17,0,0,0
900,1,1,804,1,1,1,4337.58,18658.1,459.885,46.3844,0.482746,366.436,12147.5,95.8048,23.1957,0.267264,72.3418,115.923,23.1887,0.0718272,92.662,211.727,0,0,0
900,1,1,805,1,1,1,4324.68,18683.4,499.446,46.3844,0.482746,406.112,11469.3,121.534,23.1957,0.267264,98.071,116.251,23.1887,0.0718272,92.9905,237.785,0,0,0
900,1,1,806,1,1,1,4325.16,18639.3,456.381,46.3844,0.482746,362.922,12191.1,93.6065,23.1957,0.267264,70.1436,113.237,23.1887,0.0718272,89.9765,206.844,0,0,0
900,1,1,807,1,1,1,4317.26,18669.3,467.135,46.3844,0.482746,373.707,12029.9,98.7285,23.1957,0.267264,75.2656,121.028,23.1887,0.0718272,97.7678,219.757,0,0,0
900,1,1,808,1,1,1,4325.07,18640.7,341.664,46.3844,0.482746,247.871,14232.3,68.7147,23.1957,0.267264,45.2518,106.72,23.1887,0.0718272,83.4594,175.435,0,0,0
900,1,1,809,1,1,1,4336.71,24651.6,625.383,52.1883,0.927072,526.327,15296.8,246.397,28.9996,0.71159,216.507,121.658,23.1887,0.0718272,98.3977,368.055,0,0,0
900,1,1,810,1,1,1,4316.94,18690,456.336,46.3844,0.482746,362.877,12242.6,112.754,23.1957,0.267264,89.2907,77.5146,23.1887,0.0718272,54.2541,190.268,0,0,0
900,1,1,811,1,1,1,4321.22,18642.1,475.676,46.3844,0.482746,382.273,11850.8,105.803,23.1957,0.267264,82.3404,114.971,23.1887,0.0718272,91.7109,220.775,0,0,0
900,1,1,812,1,1,1,4325.9,18669.7,479.651,46.3844,0.821837,385.92,11806.8,108.471,23.1957,0.462701,84.813,114.623,23.1887,0.0718272,91.3626,223.094,0,0,0
900,1,1,813,1,1,1,4351.1,18695.4,499.486,46.3844,0.482746,406.152,11480.7,119.843,23.1957,0.267264,96.3799,122.247,23.1887,0.0718272,98.9861,242.089,0,0,0
900,1,1,814,1,1,1,4319.54,18647.6,378.908,46.3844,0.482746,285.223,13577,73.5624,23.1957,0.267264,50.0994,110.875,23.1887,0.0718272,87.614,184.437,0,0,0
900,1,1,815,1,1,1,4316.94,18682.8,446.276,46.3844,0.482746,352.788,12414.3,114.907,23.1957,0.267264,91.4438,77.9261,23.1887,0.0718272,54.6656,192.833,0,0,0
900,1,1,816,1,1,1,4322.18,18645.5,334.502,46.3844,0.482746,240.688,14364.6,110.364,23.1957,0.267264,86.9011,58.8223,23.1887,0.0718272,35.5618,169.186,0,0,0
900,1,1,817,1,1,1,4325.25,18666.7,501.151,46.3844,0.517824,407.787,11422.1,122.295,23.1957,0.302342,98.7966,119.604,23.1887,0.0718272,96.3438,241.899,0,0,0
900,1,1,818,1,1,1,4325.81,18683.9,420.402,46.3844,0.748339,326.573,12874.5,121.691,23.1957,0.532858,97.9627,76.3325,23.1887,0.0718272,53.0719,198.024,0,0,0
900,1,1,819,0,0,0,-1,-1,1067.09,23.206,0.516154,997.914,274282,-1,-1,-1,-1,-1,-1,-1,-1,-1,0,0,0
900,1,1,820,1,1,1,4319.4,24683.5,454.524,52.1883,0.536198,355.362,18368,237.475,28.9996,0.320717,207.942,49.9968,23.1887,0.0718272,26.7363,287.472,0,0,0
900,1,1,821,1,1,1,4330.89,18648.4,351.401,46.3844,0.482746,257.637,14066.9,69.9257,23.1957,0.267264,46.4628,105.825,23.1887,0.0718272,82.5642,175.75,0,0,0
900,1,1,822,1,1,1,4347.14,18668.2,356.314,46.3844,0.482746,262.564,13999.3,69.7651,23.1957,0.267264,46.3021,107.283,23.1887,0.0718272,84.0225,177.048,0,0,0
900,1,1,823,1,1,1,4345,18680.3,481.049,46.3844,0.482746,387.662,11793.4,115.811,23.1957,0.267264,92.348,102.195,23.1887,0.0718272,78.9347,218.006,0,0,0
900,1,1,824,1,1,1,4319.3,18661.4,486.464,46.3844,0.482746,393.093,11678.2,115.502,23.1957,0.267264,92.0394,107.214,23.1887,0.0718272,83.9539,222.717,0,0,0
900,1,1,825,1,1,1,4344.34,18658.2,320.44,46.3844,0.482746,226.585,14627.3,64.163,23.1957,0.267264,40.7,98.656,23.1887,0.0718272,75.3955,162.819,0,0,0
900,1,1,826,1,1,1,4321.03,18640.2,385.359,46.3844,0.482746,291.694,13454.9,120.17,23.1957,0.267264,96.7066,75.264,23.1887,0.0718272,52.0035,195.434,0,0,0
900,1,1,827,1,1,1,4324.17,18697.3,324.889,46.3844,0.517824,231.013,14587,103.313,23.1957,0.267264,79.8498,53.4755,23.1887,0.106906,30.1799,156.788,0,0,0
900,1,1,828,1,1,1,4317.9,18642.2,402.511,46.3844,0.482746,308.895,13151.9,67.6445,23.1957,0.267264,44.1815,114.405,23.1887,0.0718272,91.1442,182.049,0,0,0
900,1,1,829,1,1,1,4317.58,18638.1,494.464,46.3844,0.517824,401.081,11512.5,115.543,23.1957,0.302342,92.0448,122.624,23.1887,0.0718272,99.3633,238.167,0,0,0
900,1,1,830,1,1,1,4324.55,18696.7,460.196,46.3844,0.482746,366.748,12180.7,114.134,23.1957,0.267264,90.6713,77.0814,23.1887,0.0718272,53.8209,191.216,0,0,0
900,1,1,831,1,1,1,4331.66,18684.3,413.629,46.3844,0.482746,320.045,12996.3,120.007,23.1957,0.267264,96.5442,77.3089,23.1887,0.0718272,54.0483,197.316,0,0,0
900,1,1,832,1,1,1,4323.14,18686,495.395,46.3844,0.552902,401.979,11543.5,115.591,23.1957,0.337421,92.0574,115.525,23.1887,0.0718272,92.265,231.116,0,0,0
900,1,1,833,1,1,1,4325.13,18661.5,476.73,46.3844,0.482746,383.33,11851.4,106.52,23.1957,0.267264,83.0569,116.222,23.1887,0.0718272,92.9616,222.742,0,0,0
900,1,1,834,1,1,1,4327.18,18672.9,423.028,46.3844,0.678182,329.277,12817.3,119.982,23.1957,0.462701,96.324,76.2928,23.1887,0.0718272,53.0322,196.275,0,0,0
900,1,1,835,1,1,1,4324.72,18657,496.88,46.3844,0.482746,403.539,11488.6,118.345,23.1957,0.267264,94.8819,121.31,23.1887,0.0718272,98.0494,239.655,0,0,0
900,1,1,836,1,1,1,4330.77,18670.8,325.615,46.3844,0.713261,231.545,14547.2,103.626,23.1957,0.497779,79.9328,54.655,23.1887,0.0718272,31.3945,158.281,0,0,0
900,1,1,837,1,1,1,4360,18701.3,488.048,46.3844,0.587981,394.576,11689.2,105.383,23.1957,0.337421,81.8495,120.352,23.1887,0.106906,97.0567,225.735,0,0,0
900,1,1,838,1,1,1,4325.05,18648.8,484.532,46.3844,0.482746,391.154,11700,105.3,23.1957,0.267264,81.8369,115.186,23.1887,0.0718272,91.9257,220.486,0,0,0
900,1,1,839,1,1,1,4315.98,18668.7,499.182,46.3844,0.678182,405.652,11458.9,117.974,23.1957,0.462701,94.3152,119.989,23.1887,0.0718272,96.7283,237.962,0,0,0
900,1,1,840,1,1,1,4319.94,18664.3,496.834,46.3844,0.678182,403.297,11496.2,114.81,23.1957,0.462701,91.1514,118.953,23.1887,0.0718272,95.6923,233.763,0,0,0
900,1,1,841,1,1,1,4315.34,24668.6,597.837,52.1883,0.571277,499.056,15804.4,253.051,28.9996,0.355795,223.53,78.1355,23.1887,0.0718272,54.8749,331.186,0,0,0
900,1,1,842,1,1,1,4329.8,18644.6,484.258,46.3844,0.482746,390.88,11700.7,107.511,23.1957,0.267264,84.0477,113.327,23.1887,0.0718272,90.0667,220.838,0,0,0
900,1,1,843,1,1,1,4315.66,18713.9,390.515,46.3844,0.482746,296.864,13436.9,120.195,23.1957,0.267264,96.7319,72.5225,23.1887,0.0718272,49.262,192.717,0,0,0
900,1,1,844,1,1,1,4347.79,18662.9,489.386,46.3844,0.517824,395.988,11627.6,109.42,23.1957,0.267264,85.9572,121.016,23.1887,0.106906,97.7209,230.437,0,0,0
900,1,1,845,1,1,1,4321.54,18639.5,440.298,46.3844,0.482746,346.792,12477.3,112.364,23.1957,0.267264,88.9008,78.0019,23.1887,0.0718272,54.7414,190.366,0,0,0
900,1,1,846,1,1,1,4344.97,18661.1,372.557,46.3844,0.770054,278.567,13702.6,73.7501,23.1957,0.267264,50.2871,110.472,23.1887,0.0718272,87.2115,184.222,0,0,0
900,1,1,847,1,1,1,4315.98,18633.7,417.185,46.3844,0.482746,323.611,12882.4,119.973,23.1957,0.267264,96.5099,76.6302,23.1887,0.0718272,53.3697,196.603,0,0,0
900,1,1,848,1,1,1,4342.21,18670.8,491.442,46.3844,0.482746,398.085,11599.1,112.681,23.1957,0.267264,89.2185,118.906,23.1887,0.0718272,95.6454,231.587,0,0,0
900,1,1,849,1,1,2,10356.9,24679.2,508.949,69.5741,0.519494,393.053,17695.6,73.4992,23.1957,0.267264,50.0363,251.31,46.3784,0.108576,204.823,324.809,1,0,0
900,1,1,850,1,1,1,4374.98,18734.6,483.126,46.3844,0.927072,389.301,11809.4,111.601,23.1957,0.658138,87.7476,115.16,23.1887,0.12528,91.8463,226.762,0,0,0
900,1,1,851,1,1,1,4319.3,18634.8,478.912,46.3844,0.482746,385.518,11785.9,110.629,23.1957,0.267264,87.1664,113.454,23.1887,0.0718272,90.1931,224.083,0,0,0
900,1,1,852,1,1,1,4315.98,18652.5,489.232,46.3844,0.482746,395.868,11620.1,114.176,23.1957,0.267264,90.7129,110.338,23.1887,0.0718272,87.078,224.514,0,0,0
900,1,1,853,1,1,1,4329.45,18646.5,429.384,46.3844,0.482746,335.846,12678.3,80.0272,23.1957,0.267264,56.5642,105.52,23.1887,0.0718272,82.2592,185.547,0,0,0
900,1,1,854,1,1,1,4318.54,18633,355.216,46.3844,0.482746,261.463,13983.7,116.829,23.1957,0.267264,93.3659,64.1573,23.1887,0.0718272,40.8968,180.986,0,0,0
900,1,1,855,1,1,1,4325.81,18643,482.09,46.3844,0.482746,388.705,11737.6,112.727,23.1957,0.267264,89.2636,112.04,23.1887,0.0718272,88.7799,224.767,0,0,0
900,1,1,856,1,1,1,4350.71,18674.2,483.148,46.3844,0.517824,389.732,11749.8,110.036,23.1957,0.267264,86.5726,115.236,23.1887,0.106906,91.9401,225.271,0,0,0
900,1,1,857,1,1,1,4322.18,18667.8,457.162,46.3844,0.482746,363.705,12205.7,112.853,23.1957,0.267264,89.3899,77.7131,23.1887,0.0718272,54.4526,190.566,0,0,0
900,1,1,858,1,1,1,4318.54,18645.3,415.859,46.3844,0.517824,322.247,12917.5,71.2974,23.1957,0.267264,47.8344,106.724,23.1887,0.106906,83.4287,178.022,0,0,0
900,1,1,859,1,1,1,4316.3,18634.5,340.474,46.3844,0.482746,246.678,14247.4,68.6606,23.1957,0.267264,45.1976,106.186,23.1887,0.0718272,82.9251,174.846,0,0,0
900,1,1,860,1,1,1,4325.13,18663.8,487.833,46.3844,0.517824,394.43,11656.1,114.129,23.1957,0.267264,90.6659,114.813,23.1887,0.106906,91.5178,228.942,0,0,0
900,1,1,861,1,1,1,4341.05,18666.8,426.76,46.3844,0.482746,333.215,12745.3,78.6213,23.1957,0.267264,55.1583,105.467,23.1887,0.0718272,82.2068,184.089,0,0,0
900,1,1,862,1,1,1,4313.42,24629.7,391.158,52.1883,0.891994,291.455,19440.2,209.538,28.9996,0.676512,179.576,34.8166,23.1887,0.0718272,11.5561,244.355,0,0,0
900,1,1,863,1,1,1,4355.92,18674.5,404.308,46.3844,0.517824,310.662,13152,66.7086,23.1957,0.302342,43.2105,114.181,23.1887,0.0718272,90.9204,180.889,0,0,0
900,1,1,864,1,1,1,4327.08,18695.1,427.621,46.3844,0.6264,333.935,12757.9,117.233,23.1957,0.267264,93.7702,76.0256,23.1887,0.0718272,52.7651,193.259,0,0,0
900,1,1,865,1,1,1,4317.9,18632.5,401.78,46.3844,0.482746,308.162,13155.2,120.866,23.1957,0.267264,97.4033,73.7335,23.1887,0.0718272,50.473,194.6,0,0,0
900,1,1,866,1,1,1,4317.9,18637.9,476.056,46.3844,0.482746,382.654,11839.8,106.011,23.1957,0.267264,82.5479,116.007,23.1887,0.0718272,92.7469,222.018,0,0,0
900,1,1,867,1,1,1,4322.5,18673.3,409.954,46.3844,0.482746,316.36,13050.6,119.733,23.1957,0.267264,96.2698,77.2385,23.1887,0.0718272,53.978,196.971,0,0,0
900,1,1,868,1,1,1,4339.47,18660.9,420.604,46.3844,0.482746,327.041,12848.9,75.295,23.1957,0.267264,51.8321,104.917,23.1887,0.0718272,81.6564,180.212,0,0,0
900,1,1,869,1,1,1,4325.96,18642.6,463.155,46.3844,0.482746,369.715,12074,112.503,23.1957,0.267264,89.0398,81.5158,23.1887,0.0718272,58.2553,194.019,0,0,0
900,1,1,870,1,1,1,4321.62,18677.4,461.59,46.3844,0.713261,367.916,12135.8,113.874,23.1957,0.497779,90.1804,80.164,23.1887,0.0718272,56.9035,194.038,0,0,0
900,1,1,871,1,1,1,4319.02,18649.5,495.172,46.3844,0.482746,401.826,11511.5,113.739,23.1957,0.267264,90.2761,118.077,23.1887,0.0718272,94.817,231.817,0,0,0
900,1,1,872,1,1,1,4326.15,18652.2,488.824,46.3844,0.517824,395.424,11626.9,106.237,23.1957,0.302342,82.7393,116.159,23.1887,0.0718272,92.8985,222.396,0,0,0
900,1,1,873,1,1,1,4318.54,18741.5,392.365,46.3844,0.482746,298.72,13431.7,121.7,23.1957,0.267264,98.2371,72.759,23.1887,0.0718272,49.4984,194.459,0,0,0
900,1,1,874,1,1,1,4319.21,18652.9,387.586,46.3844,0.678182,293.731,13427.5,68.7369,23.1957,0.462701,45.0785,110.252,23.1887,0.0718272,86.9914,178.989,0,0,0
900,1,1,875,1,1,1,4317.58,18636.3,444.216,46.3844,0.482746,350.721,12404.4,115.091,23.1957,0.267264,91.6279,78.0813,23.1887,0.0718272,54.8208,193.172,0,0,0
900,1,1,876,1,1,1,4336.33,18693.4,477.265,46.3844,0.482746,383.867,11873.8,115.649,23.1957,0.267264,92.1856,98.4106,23.1887,0.0718272,75.1501,214.059,0,0,0
900,1,1,877,1,1,1,4330.7,18671,379.785,46.3844,0.517824,286.068,13584.6,71.9381,23.1957,0.267264,48.4751,110.153,23.1887,0.106906,86.8578,182.091,0,0,0
900,1,1,878,1,1,1,4330.93,18646.1,354.354,46.3844,0.482746,260.599,14012.2,71.2053,23.1957,0.267264,47.7424,107.604,23.1887,0.0718272,84.3437,178.81,0,0,0
900,1,1,879,1,1,1,4321.22,18636.4,414.676,46.3844,0.482746,321.096,12929.7,67.5091,23.1957,0.267264,44.0461,107.406,23.1887,0.0718272,84.1452,174.915,0,0,0
900,1,1,880,1,1,1,4329.59,18668.2,297.239,46.3844,1.06906,202.731,15048.5,87.7713,23.1957,0.853574,63.7221,43.4833,23.1887,0.0718272,20.2228,131.255,0,0,0
900,1,1,881,1,1,1,4322.07,18636.6,400.726,46.3844,0.482746,307.105,13178,67.0651,23.1957,0.267264,43.6022,113.885,23.1887,0.0718272,90.6244,180.95,0,0,0
900,1,1,882,1,1,1,4325.18,18640.6,488.95,46.3844,0.482746,395.585,11613.3,114.369,23.1957,0.267264,90.906,110.102,23.1887,0.0718272,86.8416,224.471,0,0,0
900,1,1,883,1,1,1,4318.02,18638.5,391.704,46.3844,0.482746,298.057,13340.4,66.3179,23.1957,0.267264,42.855,113.042,23.1887,0.0718272,89.7816,179.36,0,0,0
900,1,1,884,1,1,1,4317.26,18700.2,489.557,46.3844,0.517824,396.159,11661.8,116.415,23.1957,0.302342,92.9165,108.94,23.1887,0.0718272,85.6793,225.354,0,0,0
900,1,1,885,1,1,1,4357.73,18705,457.833,46.3844,0.482746,364.378,12231,110.783,23.1957,0.267264,87.3198,77.5056,23.1887,0.0718272,54.2451,188.288,0,0,0
900,1,1,886,1,1,1,4319.21,18650.3,485.878,46.3844,0.482746,392.504,11677.6,112.866,23.1957,0.267264,89.4026,114.102,23.1887,0.0718272,90.841,226.967,0,0,0
900,1,1,887,1,1,1,4314.7,18637.6,365.256,46.3844,0.482746,271.532,13809.8,119.655,23.1957,0.267264,96.1922,67.8986,23.1887,0.0718272,44.6381,187.554,0,0,0
900,1,1,888,1,1,1,4339.25,18657,364.119,46.3844,0.482746,270.392,13849.4,70.8877,23.1957,0.267264,47.4247,110.689,23.1887,0.0718272,87.4281,181.576,0,0,0
900,1,1,889,1,0,0,-1,-1,1145.42,23.1957,0.267264,1076.73,280497,-1,-1,-1,-1,-1,-1,-1,-1,-1,0,0,0
900,1,1,890,1,1,1,4318.54,18635.9,394.51,46.3844,0.482746,300.871,13287.8,66.0292,23.1957,0.267264,42.5662,112.632,23.1887,0.0718272,89.3719,178.662,0,0,0
900,1,1,891,1,0,0,-1,-1,1113.2,23.1957,0.372499,1044.31,277648,-1,-1,-1,-1,-1,-1,-1,-1,-1,0,0,0
900,1,1,892,1,1,1,4326.88,18672.4,483.767,46.3844,0.482746,390.387,11737.3,115.925,23.1957,0.267264,92.4617,104.258,23.1887,0.0718272,80.9976,220.183,0,0,0
900,1,1,893,1,1,1,4321.92,18654.1,308.638,46.3844,0.482746,214.75,14833.1,96.1747,23.1957,0.267264,72.7118,47.5278,23.1887,0.0718272,24.2673,143.703,0,0,0
900,1,1,894,1,1,1,4320.39,24684.2,626.359,52.1883,0.927072,527.305,15312.1,246.832,28.9996,0.71159,216.935,118.718,23.1887,0.0718272,95.4577,365.55,0,0,0
900,1,1,895,1,1,1,4324.23,18647.3,422.33,46.3844,0.482746,328.771,12804.6,120.933,23.1957,0.267264,97.47,76.2007,23.1887,0.0718272,52.9402,197.134,0,0,0
900,1,1,896,1,1,1,4321.63,18636.4,473.405,46.3844,0.482746,379.995,11885.5,112.882,23.1957,0.267264,89.4188,97.0498,23.1887,0.0718272,73.7892,209.932,0,0,0
900,1,1,897,1,1,1,4316.3,18630.8,405,46.3844,0.482746,311.391,13096.2,67.8737,23.1957,0.267264,44.4107,113.67,23.1887,0.0718272,90.4097,181.544,0,0,0
900,1,1,898,1,1,1,4326.28,18640.8,436.483,46.3844,0.482746,342.966,12546.4,83.3192,23.1957,0.267264,59.8562,108.673,23.1887,0.0718272,85.4122,191.992,0,0,0
900,1,1,899,1,1,1,4325.88,18641,490.49,46.3844,0.482746,397.13,11586.3,113.992,23.1957,0.267264,90.5288,111.248,23.1887,0.0718272,87.9876,225.24,0,0,0
900,1,1,900,1,1,1,4326.59,18675.2,482.206,46.3844,0.517824,388.786,11767.5,109.356,23.1957,0.302342,85.8579,114.199,23.1887,0.0718272,90.9385,223.555,0,0,0
